ano,jogador,time,posicao,grupo,idade,jogos,minutos,fatia_pct,time_hoje,faixa_do_time,id_tm,lesao_dias,lesao_n,lesao_jogos_perdidos,alta,temporadas_alta_ult3,temporadas_com_dado_ult3,regular
2026,Muriel,Náutico,GK,Goleiro,39,27,2749,102.3,Náutico,Meio,27349,,,,1,1,1,0
2026,Thiago Couto,Sport,GK,Goleiro,27,27,2741,102.4,Sport Recife,Meio,546217,,,,1,1,2,0
2026,Raul,Cuiabá,RCMF,Meia,30,26,2614,96.7,Cuiabá,Meio,479587,,,,1,1,2,0
2026,Vilar,Botafogo-SP,LCB,Zaga,26,26,2612,95.6,Botafogo SP,Meio,978269,,,,1,2,3,1
2026,Marcelo Hermes,Criciúma,LWB,Lateral,31,26,2610,100.2,Criciúma,Meio,348769,,,,1,1,2,0
2026,Luan Polli,Athletic,GK,Goleiro,33,26,2603,95.0,Athletic Club,Meio,273250,,,,1,1,2,0
2026,João Basso,Cuiabá,RCB,Zaga,29,26,2542,94.0,Cuiabá,Meio,410183,,,,1,1,2,0
2026,Helton Leite,Vila Nova,GK,Goleiro,35,25,2539,95.8,Vila Nova,Sobe,175383,,,,1,1,1,0
2026,Maurício Kozlinski,Londrina,GK,Goleiro,35,25,2495,89.2,Londrina,Cai,438431,,,,1,1,2,0
2026,Perotti,Sport,CF,Atacante,28,26,2493,93.2,Sport Recife,Meio,432959,,,,1,1,3,0
2026,Rodrigo Ferreira,São Bernardo,RB,Lateral,31,25,2469,94.1,São Bernardo FC,Meio,555374,,,,1,1,2,0
2026,Alex Alves,São Bernardo,GK,Goleiro,39,25,2467,94.0,São Bernardo FC,Meio,157117,,,,1,1,1,0
2026,Everton Morelli,Botafogo-SP,RCMF,Meia,28,26,2420,88.5,Botafogo SP,Meio,525256,,,,1,1,3,0
2026,Paulo Vítor,Atlético-GO,GK,Goleiro,37,24,2402,90.2,Atlético GO,Meio,,,,,1,2,2,1
2026,Boschilia,Operário-PR,AMF,Meia,30,24,2396,88.0,Operário PR,Meio,,,,,1,2,3,1
2026,Jandrei,Juventude,GK,Goleiro,33,24,2395,89.2,Juventude,Sobe,512344,,,,1,1,1,0
2026,Igor Fernandes,Náutico,LB,Lateral,34,26,2392,89.0,Náutico,Meio,250841,,,,1,1,1,0
2026,Wenderson,Náutico,LDMF,Volante,28,25,2388,88.9,Náutico,Meio,,,,,1,0,1,0
2026,Patrick,Novorizontino,LCB,Zaga,27,25,2357,84.0,Grêmio Novorizontino,Sobe,,,,,1,0,3,0
2026,Vinicius Diniz,Operário-PR,LCMF,Meia,27,25,2353,86.4,Operário PR,Meio,731531,,,,1,1,2,0
2026,Vágner,Operário-PR,GK,Goleiro,40,24,2333,85.7,Operário PR,Meio,68442,,,,1,1,2,0
2026,Lucas Gazal,Fortaleza,LCB,Zaga,27,24,2331,85.0,Fortaleza,Sobe,863073,,,,1,1,2,0
2026,Calebe Costa,Cuiabá,CB,Zaga,23,25,2318,85.8,Cuiabá,Meio,1033501,,,,1,1,2,0
2026,Patrick Brey,Botafogo-SP,LB,Lateral,29,23,2301,84.2,Botafogo SP,Meio,435170,,,,1,1,3,0
2026,Lucas Belezi,Athletic,LCB,Zaga,23,24,2297,83.9,Athletic Club,Meio,668230,,,,1,1,2,0
2026,Marcos Paulo,Juventude,LCB,Zaga,23,24,2295,85.5,Juventude,Sobe,,,,,1,1,2,0
2026,Rômulo,Novorizontino,AMF,Meia,24,27,2289,81.6,Grêmio Novorizontino,Sobe,,,,,1,1,3,0
2026,Dadá Belmonte,CRB,LW,Extremo,29,25,2285,84.3,CRB,Meio,546253,,,,1,1,2,0
2026,Janderson,Vila Nova,LAMF,Extremo,27,25,2279,86.0,Vila Nova,Sobe,670940,,,,1,1,3,0
2026,Kauan,Athletic,LCMF,Meia,21,25,2275,83.1,Athletic Club,Meio,,,,,1,1,2,0
2026,Guilherme,Atlético-GO,LB,Lateral,24,24,2274,85.4,Atlético GO,Meio,139607,,,,1,1,2,0
2026,Robson,Novorizontino,CF,Atacante,35,26,2272,81.0,Grêmio Novorizontino,Sobe,161188,,,,1,1,3,0
2026,Rodrigo Sam,Juventude,RCB,Zaga,31,23,2267,84.4,Juventude,Sobe,363174,,,,1,1,1,0
2026,João Miguel,Athletic,DMF,Volante,22,26,2249,82.1,Athletic Club,Meio,1227001,,,,1,1,2,0
2026,Pará,São Bernardo,LB,Lateral,31,24,2238,85.3,São Bernardo FC,Meio,323618,,,,1,1,2,0
2026,Victor Souza,Botafogo-SP,GK,Goleiro,34,22,2238,81.9,Botafogo SP,Meio,628522,,,,1,2,3,1
2026,Mikael,CRB,CF,Atacante,27,26,2236,82.4,CRB,Meio,642689,,,,1,1,2,0
2026,Raí,Juventude,RCMF,Meia,24,26,2186,81.4,Juventude,Sobe,,,,,1,1,3,0
2026,Pedro Castro,CRB,RCMF,Meia,33,26,2179,80.3,CRB,Meio,214312,,,,1,1,3,0
2026,Felipinho,Sport,LB,Lateral,29,22,2169,81.1,Sport Recife,Meio,798167,,,,1,1,3,0
2026,Luiz Henrique,Avaí,LCMF,Meia,27,26,2167,78.2,Avaí,Cai,689521,,,,1,1,3,0
2026,Crystopher,CRB,RCMF,Meia,28,23,2138,78.8,CRB,Meio,730982,,,,1,1,3,0
2026,Jhonatan Silva,Athletic,RCB,Zaga,27,22,2120,77.4,Athletic Club,Meio,,,,,1,1,2,0
2026,Marcelo Carné,Cuiabá,GK,Goleiro,36,22,2110,78.1,Cuiabá,Meio,14881,,,,1,1,1,0
2026,Gustavo,América-MG,GK,Goleiro,33,21,2107,78.6,América Mineiro,Cai,667411,,,,1,0,2,0
2026,Miraíma,São Bernardo,LDMF,Volante,26,25,2106,80.2,São Bernardo FC,Meio,,,,,1,1,1,0
2026,João Vieira,Vila Nova,RDMF,Volante,28,22,2081,78.5,Vila Nova,Sobe,699824,,,,1,3,3,1
2026,Matheus Trindade,Operário-PR,DMF,Volante,30,26,2067,75.9,Operário PR,Meio,395060,,,,1,2,3,1
2026,Marquinhos Gabriel,Vila Nova,AMF,Meia,36,23,2055,77.5,Vila Nova,Sobe,100091,,,,1,2,2,1
2026,Yago Lincoln,Londrina,RCB,Zaga,23,21,2039,72.9,Londrina,Cai,,,,,1,1,2,0
2026,César Martins,Criciúma,RCB,Zaga,33,21,2035,78.1,Criciúma,Meio,269467,33.0,1,4.0,1,2,3,1
2026,Éder,Ceará,RCB,Zaga,31,20,2021,82.9,Ceará,Meio,375690,,,,1,2,2,1
2026,Ewerthon,Atlético-GO,RB,Lateral,25,22,2014,75.6,Atlético GO,Meio,676034,,,,1,1,1,0
2026,Lucas Cunha,Ponte Preta,CB,Zaga,29,20,2014,80.4,Ponte Preta,Cai,355496,,,,1,1,1,0
2026,Chrystian Barletta,Sport,RAMF,Extremo,25,21,1991,74.4,Sport Recife,Meio,695232,,,,1,2,2,1
2026,Luiz Otávio,Ceará,LCB,Zaga,33,20,1988,81.5,Ceará,Meio,,,,,1,0,2,0
2026,Rafael Gava,Botafogo-SP,LCMF,Meia,33,25,1987,72.7,Botafogo SP,Meio,411563,,,,1,1,3,0
2026,Maykon,Novorizontino,LB,Lateral,20,21,1984,70.7,Grêmio Novorizontino,Sobe,,,,,1,1,1,0
2026,Allyson,Avaí,RCB,Zaga,35,21,1980,71.5,Avaí,Cai,390695,,,,1,1,2,0
2026,Richard,Ceará,GK,Goleiro,35,20,1972,80.9,Ceará,Meio,,,,,1,1,2,0
2026,Jean Lucas,Avaí,AMF,Meia,31,26,1972,71.2,Avaí,Cai,532828,,,,1,1,3,0
2026,Marrony,Atlético-GO,AMF,Meia,27,23,1956,73.5,Atlético GO,Meio,599879,,,,1,1,2,0
2026,Zé Hugo,Botafogo-SP,RAMF,Extremo,26,26,1951,71.4,Botafogo SP,Meio,940479,,,,1,1,2,0
2026,Miranda,Operário-PR,LCB,Zaga,26,20,1945,71.5,Operário PR,Meio,412376,,,,1,3,3,1
2026,Lucas Lovat,CRB,LB,Lateral,29,23,1941,71.6,CRB,Meio,391497,,,,1,1,2,0
2026,Vitor Caetano,CRB,GK,Goleiro,27,20,1937,71.4,CRB,Meio,593071,,,,1,1,3,0
2026,Soares,Atlético-GO,LAMF,Extremo,26,25,1935,72.7,Atlético GO,Meio,,,,,1,1,1,0
2026,Romisson,São Bernardo,LDMF,Volante,29,22,1924,73.3,São Bernardo FC,Meio,539467,,,,1,1,1,0
2026,Higor,Vila Nova,LB,Lateral,21,22,1921,72.5,Vila Nova,Sobe,1090843,,,,1,1,3,0
2026,Thayllon Roberth,Avaí,RAMF,Extremo,20,24,1917,69.2,Avaí,Cai,,,,,1,1,2,0
2026,Foguinho,São Bernardo,RDMF,Volante,34,23,1914,72.9,São Bernardo FC,Meio,268572,,,,1,2,2,1
2026,Guilherme Lobo,Criciúma,LCMF,Meia,26,23,1914,73.4,Criciúma,Meio,1151724,,,,1,1,2,0
2026,Augusto,São Bernardo,LCB,Zaga,29,19,1912,72.8,São Bernardo FC,Meio,,,,,1,1,1,0
2026,Pablo,Operário-PR,CF,Atacante,34,23,1912,70.2,Operário PR,Meio,,,,,1,1,1,0
2026,Fellipe Mateus,Criciúma,AMF,Meia,35,24,1906,73.1,Criciúma,Meio,520470,,,,1,1,2,0
2026,Luís Oyama,Novorizontino,RDMF,Volante,29,23,1906,67.9,Grêmio Novorizontino,Sobe,555277,,,,1,2,2,1
2026,Lucas Sasha,Fortaleza,RCMF,Meia,36,25,1894,69.0,Fortaleza,Sobe,121986,,,,1,1,1,0
2026,DG,Avaí,LB,Lateral,25,23,1886,68.1,Avaí,Cai,,,,,1,1,3,0
2026,Waguininho,Criciúma,CF,Atacante,36,25,1881,72.2,Criciúma,Meio,346923,,,,1,2,3,1
2026,Júlio César,Ceará,RCB,Zaga,22,23,1877,77.0,Ceará,Meio,985345,,,,1,2,3,1
2026,Mikael Doka,Operário-PR,RB,Lateral,26,22,1877,69.0,Operário PR,Meio,816150,,,,1,1,1,0
2026,Moraes,Operário-PR,LB,Lateral,28,23,1876,68.9,Operário PR,Meio,596586,,,,1,1,2,0
2026,Danielzinho,CRB,LCMF,Meia,30,25,1875,69.1,CRB,Meio,,,,,1,2,3,1
2026,J. Barreto,Atlético-GO,RCB,Zaga,28,19,1870,70.2,Atlético GO,Meio,,,,,1,1,1,0
2026,Filipe Machado,Goiás,LDMF,Volante,30,21,1855,68.7,Goiás,Meio,520629,,,,1,1,2,0
2026,Jordi,Novorizontino,GK,Goleiro,33,19,1845,65.8,Grêmio Novorizontino,Sobe,255928,,,,1,2,3,1
2026,Luciano Castán,Criciúma,LCB,Zaga,36,19,1841,70.6,Criciúma,Meio,140541,,,,1,2,3,1
2026,Maílton,Fortaleza,RB,Lateral,28,22,1838,67.0,Fortaleza,Sobe,607210,,,,1,1,3,0
2026,João Ricardo,Fortaleza,GK,Goleiro,38,18,1816,66.2,Fortaleza,Sobe,270420,,,,1,1,1,0
2026,Gabriel Lacerda,Londrina,LCB,Zaga,27,19,1811,64.7,Londrina,Cai,742855,,,,1,1,1,0
2026,Lucas Lima,Goiás,AMF,Meia,36,24,1804,66.8,Goiás,Meio,,,,,1,1,2,0
2026,Luiz Fernando,Fortaleza,AMF,Meia,29,23,1803,65.7,Fortaleza,Sobe,372013,,,,1,0,2,0
2026,J. Miritello,Fortaleza,CF,Atacante,27,23,1800,65.6,Fortaleza,Sobe,,,,,1,1,1,0
2026,Airton,Criciúma,GK,Goleiro,32,18,1797,69.0,Criciúma,Meio,377799,,,,1,1,3,0
2026,Léo Naldi,Novorizontino,LDMF,Volante,25,23,1795,64.0,Grêmio Novorizontino,Sobe,859135,,,,1,1,2,0
2026,Luiz Felipe,Goiás,RCB,Zaga,33,20,1778,65.8,Goiás,Meio,,,,,1,0,3,0
2026,J. Cuenú,Operário-PR,RCB,Zaga,31,18,1775,65.2,Operário PR,Meio,,,,,1,1,1,0
2026,Tiago Pagnussat,Vila Nova,RCB,Zaga,36,21,1770,66.8,Vila Nova,Sobe,346729,,,,1,3,3,1
2026,Rodrigo,Criciúma,CB,Zaga,39,18,1767,67.8,Criciúma,Meio,349420,47.0,1,7.0,1,2,3,1
2026,Melk,Ceará,RAMF,Extremo,20,23,1761,72.2,Ceará,Meio,1096082,,,,1,1,1,0
2026,Vinícius,Náutico,RAMF,Extremo,33,19,1750,65.1,Náutico,Meio,,,,,1,0,2,0
2026,Maurício,Fortaleza,LB,Lateral,25,23,1739,63.4,Fortaleza,Sobe,,,,,1,1,2,0
2026,Biel,Sport,RDMF,Volante,24,24,1737,64.9,Sport Recife,Meio,,,,,1,1,2,0
2026,Benevenuto,Sport,RCB,Zaga,30,19,1733,64.8,Sport Recife,Meio,,,,,1,1,3,0
2026,Gustavo Coutinho,Atlético-GO,CF,Atacante,27,22,1728,64.9,Atlético GO,Meio,612340,,,,1,2,3,1
2026,Joao Gabriel,Ceará,LCMF,Meia,20,20,1727,70.8,Ceará,Meio,,,,,1,1,1,0
2026,Nicolas,Goiás,LB,Lateral,29,21,1720,63.7,Goiás,Meio,,,,,1,1,3,0
2026,Tito,Atlético-GO,RCB,Zaga,26,20,1717,64.5,Atlético GO,Meio,867798,,,,1,1,2,0
2026,Willean Lepo,Criciúma,RWB,Lateral,29,22,1710,65.6,Criciúma,Meio,544464,,,,1,2,2,1
2026,Jemerson,São Bernardo,RCB,Zaga,34,20,1706,65.0,São Bernardo FC,Meio,258254,,,,1,1,1,0
2026,Diogo Batista,Athletic,RB,Lateral,23,21,1705,62.2,Athletic Club,Meio,994588,,,,1,1,1,0
2026,Zé Ricardo,Avaí,RDMF,Volante,30,20,1697,61.2,Avaí,Cai,476336,,,,1,2,3,1
2026,André Lima,Ponte Preta,RCMF,Meia,26,19,1691,67.5,Ponte Preta,Cai,740299,,,,1,1,2,0
2026,Dudu,Vila Nova,RDMF,Volante,24,23,1685,63.6,Vila Nova,Sobe,922247,,,,1,1,3,0
2026,Gabriel Inocêncio,Botafogo-SP,RB,Lateral,32,19,1676,61.3,Botafogo SP,Meio,788402,,,,1,1,2,0
2026,Adriano Martins,Atlético-GO,LCB,Zaga,29,19,1669,62.7,Atlético GO,Meio,739272,,,,1,1,2,0
2026,Lucas Marques,Londrina,RCMF,Meia,31,21,1667,59.6,Londrina,Cai,375025,,,,0,0,1,0
2026,Cristiano,Atlético-GO,LDMF,Volante,26,23,1661,62.4,Atlético GO,Meio,902135,,,,1,0,3,0
2026,Messias,Juventude,CB,Zaga,31,19,1645,61.3,Juventude,Sobe,401539,,,,1,2,3,1
2026,Marcos Paulo,Juventude,AMF,Meia,25,23,1643,61.2,Juventude,Sobe,,,,,1,1,2,0
2026,David,Cuiabá,LCMF,Meia,19,23,1616,59.8,Cuiabá,Meio,,,,,0,0,3,0
2026,Matheus Sales,Botafogo-SP,DMF,Volante,31,22,1613,59.0,Botafogo SP,Meio,407654,,,,0,0,1,0
2026,Fabio Alemão,CRB,LCB,Zaga,29,18,1608,59.3,CRB,Meio,544254,,,,0,0,3,0
2026,Diogo Barbosa,Juventude,LWB,Lateral,34,20,1586,59.1,Juventude,Sobe,167724,,,,0,0,1,0
2026,Felipe Amaral,América-MG,DMF,Volante,23,24,1586,59.2,América Mineiro,Cai,875994,,,,0,0,3,0
2026,Zé Gabriel,Sport,RDMF,Volante,27,22,1586,59.3,Sport Recife,Meio,670968,,,,0,0,3,0
2026,Alisson Safira,Juventude,CF,Atacante,31,26,1585,59.0,Juventude,Sobe,443338,,,,0,0,2,0
2026,Hygor,Botafogo-SP,CF,Atacante,34,20,1584,58.0,Botafogo SP,Meio,419474,,,,0,0,3,0
2026,Hildeberto Pereira,Operário-PR,RW,Extremo,30,24,1576,57.9,Operário PR,Meio,,,,,0,0,1,0
2026,Pepê,Cuiabá,LCMF,Meia,28,21,1571,58.1,Cuiabá,Meio,606716,,,,0,0,1,0
2026,Lucas Mineiro,Juventude,LCMF,Meia,30,21,1570,58.5,Juventude,Sobe,432958,,,,0,0,2,0
2026,Zeca,Athletic,LB,Lateral,32,20,1569,57.3,Athletic Club,Meio,325196,,,,0,1,3,0
2026,Marlon,Cuiabá,LWB,Lateral,32,18,1544,57.1,Cuiabá,Meio,,,,,0,0,3,0
2026,Gabriel Feliciano,Operário-PR,LB,Lateral,25,21,1543,56.7,Operário PR,Meio,1100029,,,,0,0,3,0
2026,Bruno Santos,Londrina,CF,Atacante,29,16,1539,55.0,Mirassol,Cai,,,,,0,0,2,0
2026,Railan,Cuiabá,RWB,Lateral,26,19,1538,56.9,Cuiabá,Meio,752558,,,,0,0,2,0
2026,Felipe Garcia,São Bernardo,CF,Atacante,35,20,1526,58.1,São Bernardo FC,Meio,98511,,,,0,0,2,0
2026,Derek,Náutico,CF,Atacante,28,22,1526,56.8,Náutico,Meio,719251,,,,0,0,1,0
2026,Rafael Barcelos,América-MG,LCB,Zaga,22,16,1519,56.7,América Mineiro,Cai,,,,,0,0,2,0
2026,Dodô,Náutico,AMF,Meia,25,16,1516,56.4,Náutico,Meio,281837,,,,0,0,3,0
2026,Paulo Vitor,Avaí,RCMF,Meia,22,22,1515,54.7,Avaí,Cai,,,,,0,0,2,0
2026,Thiago Rodrigues,Goiás,GK,Goleiro,37,15,1512,56.0,Goiás,Meio,76139,,,,0,0,2,0
2026,Élvis,Ponte Preta,AMF,Meia,35,19,1505,60.1,Ponte Preta,Cai,76135,1.0,1,4.0,1,2,2,1
2026,Thiaguinho,CRB,RW,Extremo,25,19,1505,55.5,CRB,Meio,,,,,0,1,2,0
2026,Heron,Londrina,LB,Lateral,26,23,1499,53.6,Londrina,Cai,697401,,,,0,0,3,0
2026,Bressan,CRB,RCB,Zaga,33,19,1499,55.3,CRB,Meio,256453,,,,0,0,2,0
2026,Lucas Ribeiro,Goiás,LCB,Zaga,27,19,1499,55.5,Goiás,Meio,605893,,,,0,1,3,0
2026,Ramon Menezes,Goiás,LCB,Zaga,31,16,1484,54.9,Goiás,Meio,371025,,,,0,0,2,0
2026,Rómulo Otero,Criciúma,RWF,Extremo,33,23,1477,56.7,Criciúma,Meio,177680,,,,0,1,2,0
2026,Ryan Lima,Vila Nova,RAMF,Extremo,25,19,1467,55.3,Vila Nova,Sobe,,,,,0,0,1,0
2026,Mádson,Novorizontino,RB,Lateral,34,18,1458,52.0,Grêmio Novorizontino,Sobe,177845,,,,0,0,2,0
2026,André Luiz,Londrina,DMF,Volante,31,16,1438,51.4,Londrina,Cai,,,,,0,0,2,0
2026,Wallison,Avaí,RB,Lateral,25,18,1436,51.8,Avaí,Cai,682134,,,,0,0,3,0
2026,Lourenço,Goiás,AMF,Meia,29,20,1435,53.1,Goiás,Meio,515068,,,,0,1,2,0
2026,Ian Luccas,Athletic,CF,Atacante,23,17,1433,52.3,Alverca,Meio,,,,,0,0,3,0
2026,Aylon,Operário-PR,LWF,Extremo,34,23,1431,52.6,Operário PR,Meio,329845,,,,0,1,2,0
2026,Vitor Mendes,Cuiabá,LCB,Zaga,27,17,1430,52.9,Cuiabá,Meio,686333,,,,0,0,2,0
2026,Marcelo Ajul,Sport,RCB,Zaga,24,15,1426,53.3,Sport Recife,Meio,910216,,,,0,0,2,0
2026,William Pottker,Londrina,CF,Atacante,32,19,1425,50.9,Londrina,Cai,199472,,,,0,0,3,0
2026,Dalbert,América-MG,LB,Lateral,32,17,1423,53.1,América Mineiro,Cai,,,,,0,0,3,0
2026,Diogo Silva,Ponte Preta,GK,Goleiro,40,14,1421,56.7,Ponte Preta,Cai,,,,,0,0,2,0
2026,Rodrigo Rodrigues,Cuiabá,CF,Atacante,26,24,1418,52.5,Cuiabá,Meio,537928,,,,0,0,3,0
2026,Betão,Náutico,LCB,Zaga,27,18,1416,52.7,Náutico,Meio,1216411,,,,0,0,1,0
2026,Rodrigo Soares,Goiás,RB,Lateral,33,21,1415,52.4,Goiás,Meio,388236,,,,0,1,3,0
2026,G. Mastriani,América-MG,CF,Atacante,33,21,1408,52.5,América Mineiro,Cai,,,,,0,0,1,0
2026,Rodrigo Santos,Fortaleza,LCMF,Meia,25,25,1406,51.3,Fortaleza,Sobe,869477,,,,0,0,2,0
2026,Hereda,CRB,RB,Lateral,27,20,1404,51.8,CRB,Meio,634139,,,,0,1,2,0
2026,Kelvin,Botafogo-SP,LW,Extremo,29,22,1400,51.2,Botafogo SP,Meio,638722,,,,0,0,2,0
2026,Reginaldo,Náutico,RB,Lateral,33,21,1377,51.2,Náutico,Meio,329738,,,,0,0,1,0
2026,Max,Athletic,RWF,Extremo,24,19,1376,50.2,Athletic Club,Meio,1226150,,,,0,0,2,0
2026,Ericson,Botafogo-SP,RCB,Zaga,27,14,1369,50.1,Botafogo SP,Meio,555017,,,,0,1,3,0
2026,Danilo Barcelos,Ponte Preta,LCB,Zaga,35,17,1365,54.5,Ponte Preta,Cai,271666,,,,0,0,2,0
2026,Jean Carlos,Goiás,RAMF,Extremo,21,21,1364,50.5,Goiás,Meio,,,,,0,0,3,0
2026,Fábio Lima,Juventude,AMF,Meia,29,23,1360,50.7,Juventude,Sobe,691861,,,,0,0,1,0
2026,Jota,Athletic,RCMF,Meia,22,22,1354,49.4,Athletic Club,Meio,,,,,0,0,1,0
2026,Rodriguinho,Fortaleza,LCMF,Meia,23,19,1351,49.3,Fortaleza,Sobe,,,,,0,0,3,0
2026,Vitinho,Fortaleza,AMF,Meia,25,21,1348,49.1,Fortaleza,Sobe,813048,,,,0,0,2,0
2026,Kadu,Goiás,LAMF,Extremo,24,17,1348,49.9,Goiás,Meio,1115017,,,,0,0,1,0
2026,Kevyson,Ponte Preta,LB,Lateral,22,18,1345,53.7,Ponte Preta,Cai,1032891,1.0,1,6.0,0,0,1,0
2026,Vinícius Paiva,Novorizontino,LAMF,Extremo,25,20,1342,47.8,Grêmio Novorizontino,Sobe,689561,,,,0,1,3,0
2026,Victor Hugo,Londrina,RW,Extremo,23,20,1336,47.8,Londrina,Cai,,,,,0,0,2,0
2026,Anselmo Ramon,Goiás,CF,Atacante,38,22,1331,49.3,Goiás,Meio,118007,,,,0,2,3,1
2026,Bryan,Ceará,RB,Lateral,30,14,1329,54.5,Ceará,Meio,,,,,0,0,3,0
2026,André Luis,Vila Nova,CF,Atacante,29,18,1319,49.8,Vila Nova,Sobe,519851,,,,0,0,2,0
2026,Daniel Penha,Avaí,CF,Atacante,27,16,1313,47.4,Avaí,Cai,468256,,,,0,0,1,0
2026,M. Segovia,América-MG,RW,Extremo,23,19,1303,48.6,América Mineiro,Cai,,,,,0,0,1,0
2026,Henri,CRB,RCB,Zaga,24,14,1300,47.9,CRB,Meio,627214,,,,0,1,3,0
2026,Matheus Bianqui,Novorizontino,RCMF,Meia,28,21,1299,46.3,Grêmio Novorizontino,Sobe,634737,,,,0,0,2,0
2026,Leandro Vilela,Atlético-GO,LDMF,Volante,31,18,1293,48.6,Atlético GO,Meio,347090,,,,0,0,3,0
2026,Léo Aragão,Avaí,GK,Goleiro,24,13,1285,46.4,Avaí,Cai,,,,,0,0,1,0
2026,Kauan Cristtyan,Cuiabá,CF,Atacante,20,23,1285,47.5,Cuiabá,Meio,1223701,,,,0,0,2,0
2026,Kauê Leonardo,Londrina,RB,Lateral,21,16,1281,45.8,Londrina,Cai,1124214,,,,0,0,1,0
2026,Hayner,Vila Nova,RB,Lateral,30,25,1276,48.1,Vila Nova,Sobe,389942,,,,0,0,3,0
2026,João Vitor,Londrina,RCMF,Meia,22,21,1269,45.4,Londrina,Cai,,,,,0,0,3,0
2026,Márcio,Ponte Preta,LCB,Zaga,25,14,1261,50.3,Hapoel Ramat Gan,Cai,,,,,0,0,1,0
2026,Luan Gonçalves,Juventude,LCMF,Meia,26,22,1258,46.9,Juventude,Sobe,,,,,0,0,2,0
2026,Ricardo Silva,América-MG,RCB,Zaga,34,13,1252,46.7,América Mineiro,Cai,206097,,,,0,2,3,1
2026,Gabriel Bahia,Novorizontino,RCB,Zaga,27,13,1246,44.4,Grêmio Novorizontino,Sobe,1128780,,,,0,0,2,0
2026,Hélder Maciel,São Bernardo,RCB,Zaga,36,13,1240,47.2,São Bernardo FC,Meio,133118,,,,0,0,1,0
2026,Eduardo,Criciúma,RCMF,Meia,29,17,1239,47.5,Criciúma,Meio,540541,,,,0,1,2,0
2026,Gabriel Pinheiro,Juventude,RCB,Zaga,29,16,1236,46.0,Juventude,Sobe,806150,,,,0,0,3,0
2026,Cadu,Goiás,CF,Atacante,22,20,1235,45.7,Goiás,Meio,1083073,,,,0,0,1,0
2026,Willian,América-MG,CF,Atacante,39,22,1234,46.0,América Mineiro,Cai,,,,,0,1,3,0
2026,Luisão,Goiás,LCB,Zaga,23,14,1220,45.2,Goiás,Meio,1093922,,,,0,0,3,0
2026,Echaporã,São Bernardo,LAMF,Extremo,26,19,1215,46.3,São Bernardo FC,Meio,688896,,,,0,0,1,0
2026,E. Brítez,Fortaleza,RCB,Zaga,34,12,1208,44.0,Vitória,Sobe,,,,,0,0,1,0
2026,Tadeu,Goiás,GK,Goleiro,34,12,1207,44.7,Goiás,Meio,258367,,,,0,2,3,1
2026,Enzo,Athletic,LB,Lateral,24,14,1206,44.0,Athletic Club,Meio,,,,,0,0,3,0
2026,A. De Freitas,Sport,RB,Lateral,18,22,1202,44.9,Sport Recife,Meio,,,,,0,0,1,0
2026,Lucca,Ceará,CF,Atacante,23,16,1200,49.2,Ceará,Meio,982549,,,,0,0,3,0
2026,Luan Freitas,Fortaleza,CB,Zaga,25,14,1195,43.6,Fortaleza,Sobe,678376,,,,0,0,3,0
2026,Bruno Ferreira,Avaí,GK,Goleiro,32,12,1195,43.1,Avaí,Cai,214701,,,,0,0,2,0
2026,Sánchez,Ceará,LB,Lateral,30,18,1194,49.0,Ceará,Meio,375241,,,,0,1,2,0
2026,Zé Marcos,Sport,LCB,Zaga,28,13,1173,43.8,Sport Recife,Meio,,,,,0,0,1,0
2026,Pedro Vitor,São Bernardo,RAMF,Extremo,28,19,1164,44.3,São Bernardo FC,Meio,605326,,,,0,0,1,0
2026,Gabriel Fuentes,Fortaleza,LB,Lateral,29,14,1162,42.4,Fortaleza,Sobe,480686,112.0,1,6.0,0,0,1,0
2026,Kevin,CRB,RB,Lateral,29,16,1150,42.4,CRB,Meio,520430,,,,0,0,3,0
2026,Nathan Camargo,Vila Nova,RB,Lateral,21,19,1147,43.3,Vila Nova,Sobe,1015962,,,,0,0,2,0
2026,Bruno Alves,Criciúma,RCB,Zaga,35,15,1146,44.0,Criciúma,Meio,177534,,,,0,0,3,0
2026,David,Ponte Preta,CF,Atacante,26,19,1134,45.3,Ponte Preta,Cai,,,,,0,0,3,0
2026,Clayson,Sport,LAMF,Extremo,31,20,1133,42.3,Sport Recife,Meio,392809,,,,0,0,2,0
2026,Alan Kardec,Juventude,CF,Atacante,37,21,1130,42.1,Juventude,Sobe,53922,,,,0,0,2,0
2026,Juninho,Novorizontino,CF,Atacante,25,26,1128,40.2,Grêmio Novorizontino,Sobe,,,,,0,0,3,0
2026,Paulinho Moccelin,Londrina,LW,Extremo,32,21,1117,39.9,Londrina,Cai,282502,,,,0,0,2,0
2026,Pierre,Fortaleza,DMF,Volante,24,16,1114,40.6,Fortaleza,Sobe,802646,,,,0,0,3,0
2026,Paulo Victor,América-MG,CF,Atacante,25,18,1104,41.2,América Mineiro,Cai,659705,,,,0,0,2,0
2026,Iago Teles,Londrina,LW,Extremo,26,13,1103,39.4,Júbilo Iwata,Cai,,,,,0,0,1,0
2026,Luiz Felipe,Náutico,RDMF,Volante,28,14,1101,41.0,Náutico,Meio,,,,,0,0,3,0
2026,Zé Lucas,Sport,LDMF,Volante,18,14,1087,40.6,Cruzeiro,Meio,,,,,0,0,1,0
2026,Alex Silva,América-MG,RB,Lateral,32,14,1084,40.4,América Mineiro,Cai,277713,,,,0,0,3,0
2026,Reidiney,Novorizontino,RAMF,Extremo,19,14,1076,38.3,Grêmio Novorizontino U20,Sobe,,,,,0,0,1,0
2026,Lucas Rodrigues,Goiás,RCMF,Meia,18,13,1069,39.6,Goiás U20,Meio,1257109,,,,0,0,2,0
2026,Djalma Silva,Goiás,LB,Lateral,31,20,1060,39.2,Goiás,Meio,555672,,,,0,0,1,0
2026,Júlio,Ponte Preta,RWB,Lateral,19,13,1059,42.3,Ponte Preta,Cai,,,,,0,0,1,0
2026,Victor Andrade,Náutico,LAMF,Extremo,30,19,1054,39.2,Náutico,Meio,203323,,,,0,0,2,0
2026,Sergio Palacios,Ponte Preta,RCB,Zaga,21,12,1053,42.0,Ponte Preta,Cai,1174214,,,,0,0,1,0
2026,Klaus,Operário-PR,RCB,Zaga,32,12,1046,38.4,Operário PR,Meio,,,,,0,1,2,0
2026,Wallace,Botafogo-SP,LCB,Zaga,31,14,1046,38.3,Botafogo SP,Meio,,,,,0,1,3,0
2026,N. Castrillón,Novorizontino,RB,Lateral,30,12,1030,36.7,Grêmio Novorizontino,Sobe,,,,,0,0,2,0
2026,Matheus Araújo,Ceará,AMF,Meia,24,18,1023,41.9,Ceará,Meio,678853,,,,0,0,1,0
2026,Brandão,Ponte Preta,CF,Atacante,22,16,1020,40.7,Ponte Preta,Cai,,,,,0,0,2,0
2026,Gegé,Goiás,LAMF,Extremo,32,17,1015,37.6,Goiás,Meio,299596,,,,0,1,3,0
2026,D. Vera,Athletic,LWF,Extremo,23,21,1011,36.9,Athletic Club,Meio,,,,,0,0,1,0
2026,Yago,América-MG,LCMF,Meia,20,18,1010,37.7,América Mineiro,Cai,,,,,0,0,2,0
2026,Aderlan,Juventude,RWB,Lateral,36,14,1009,37.6,Juventude,Sobe,101506,,,,0,0,2,0
2026,Léo Índio,Náutico,RCB,Zaga,30,13,1009,37.6,Náutico,Meio,,,,,0,0,1,0
2026,Thalys,Ponte Preta,RB,Lateral,26,12,1006,40.2,Ponte Preta,Cai,,,,,0,0,2,0
2026,Juninho,Goiás,RDMF,Volante,38,20,1005,37.2,Goiás,Meio,,,,,0,0,3,0
2026,G. Cabezas,Athletic,RCMF,Meia,23,19,996,36.4,Athletic Club,Meio,,,,,0,0,1,0
2026,G. Barros,América-MG,LW,Extremo,24,15,991,37.0,América Mineiro,Cai,,,,,0,0,3,0
2026,L. Maciel,Botafogo-SP,DMF,Volante,30,20,979,35.8,Botafogo SP,Meio,,,,,0,1,2,0
2026,Willian Maranhão,Vila Nova,LDMF,Volante,30,15,973,36.7,Vila Nova,Sobe,538107,,,,0,1,3,0
2026,Patrick De Lucca,CRB,DMF,Volante,26,21,968,35.7,CRB,Meio,689737,,,,0,1,3,0
2026,Lucas Lima,São Bernardo,RDMF,Volante,26,17,965,36.8,São Bernardo FC,Meio,,,,,0,1,2,0
2026,Bruno José,Atlético-GO,RAMF,Extremo,28,21,960,36.0,Atlético GO,Meio,644210,,,,0,0,2,0
2026,Pablo Dyego,Londrina,LW,Extremo,32,18,960,34.3,Londrina,Cai,264343,,,,0,0,3,0
2026,Jean Carlos,Náutico,AMF,Meia,34,10,960,35.7,Náutico,Meio,,,,,0,0,3,0
2026,Samuel,Náutico,LDMF,Volante,22,16,957,35.6,Náutico,Meio,1222898,,,,0,0,1,0
2026,Guilherme Marques,Atlético-GO,AMF,Meia,35,16,956,35.9,Atlético GO,Meio,,,,,0,0,1,0
2026,Anderson,Vila Nova,LCB,Zaga,31,11,946,35.7,Vila Nova,Sobe,539183,,,,0,0,2,0
2026,B. Baldini,Avaí,LCB,Zaga,19,9,938,33.9,Athletico Paranaense U20,Cai,,,,,0,0,1,0
2026,Dellatorre,Vila Nova,CF,Atacante,34,15,920,34.7,Vila Nova,Sobe,184604,,,,0,1,3,0
2026,Diego Porfírio,Ponte Preta,LB,Lateral,27,13,917,36.6,Ponte Preta,Cai,896860,,,,0,0,1,0
2026,Lyncon,CRB,LCB,Zaga,21,11,916,33.8,CRB,Meio,1083889,,,,0,0,2,0
2026,Maguinho,Operário-PR,RB,Lateral,34,16,914,33.6,Operário PR,Meio,350766,,,,0,0,2,0
2026,Diego Leão,Ponte Preta,CB,Zaga,21,11,913,36.4,Ponte Preta,Cai,1096542,,,,0,0,1,0
2026,Matheus Ribeiro,Náutico,RB,Lateral,33,14,912,33.9,Náutico,Meio,373299,,,,0,1,3,0
2026,Léo Gomes,Ponte Preta,LCMF,Meia,29,12,908,36.2,Ponte Preta,Cai,,,,,0,0,1,0
2026,Vinicius Ferrari,Ponte Preta,GK,Goleiro,23,9,906,36.2,Ponte Preta,Cai,986954,,,,0,0,1,0
2026,Wesley Pinheiro,Botafogo-SP,LAMF,Extremo,26,17,903,33.0,Botafogo SP,Meio,,,,,0,0,1,0
2026,Rafael Ramos,Ceará,RB,Lateral,31,13,902,37.0,Ceará,Meio,290388,,,,0,1,2,0
2026,Lorenzo,Cuiabá,LWB,Lateral,19,11,900,33.3,Cuiabá,Meio,1268054,,,,0,0,1,0
2026,Nathan,América-MG,RCB,Zaga,31,10,898,33.5,Buriram United,Cai,740273,,,,0,0,2,0
2026,Pedro Henrique,Botafogo-SP,RB,Lateral,19,14,898,32.9,Botafogo SP,Meio,,,,,0,0,3,0
2026,Pedro Henrique,Fortaleza,LAMF,Extremo,36,13,897,32.7,Fortaleza,Sobe,,,,,0,0,3,0
2026,Willian Formiga,Vila Nova,LB,Lateral,31,17,897,33.8,Vila Nova,Sobe,477621,,,,0,1,3,0
2026,Pedrinho,São Bernardo,LAMF,Extremo,26,15,890,33.9,São Bernardo FC,Meio,,,,,0,0,3,0
2026,César Augusto,Novorizontino,GK,Goleiro,31,9,888,31.6,Grêmio Novorizontino,Sobe,,,,,0,1,3,0
2026,Tárik,Londrina,DMF,Volante,33,12,885,31.6,Londrina,Cai,458115,,,,0,0,3,0
2026,T. Pochettino,Fortaleza,AMF,Meia,30,12,882,32.2,Vitória,Sobe,,,,,0,0,1,0
2026,João Vitor,Londrina,LCMF,Meia,28,9,882,31.5,Londrina,Cai,,,,,0,0,3,0
2026,Wallace,Londrina,LCB,Zaga,38,12,882,31.5,Londrina,Cai,,,,,0,1,3,0
2026,Hyoran,São Bernardo,AMF,Meia,33,19,880,33.5,São Bernardo FC,Meio,338861,,,,0,0,1,0
2026,Jean Dias,Cuiabá,AMF,Meia,35,12,877,32.4,Cuiabá,Meio,788362,,,,0,0,3,0
2026,Neto Paraíba,Operário-PR,RCMF,Meia,34,23,870,32.0,Operário PR,Meio,594650,,,,0,1,3,0
2026,Guilherme Parede,América-MG,LW,Extremo,30,11,870,32.5,América Mineiro,Cai,393830,,,,0,0,2,0
2026,Mateus Silva,Náutico,RCB,Zaga,31,10,865,32.2,Náutico,Meio,552237,,,,0,0,2,0
2026,Richardson,Ceará,RDMF,Volante,35,15,865,35.5,Ceará,Meio,145573,,,,0,0,2,0
2026,Kevyn,Londrina,LB,Lateral,28,16,861,30.8,Londrina,Cai,530286,,,,0,1,3,0
2026,Arnaldo,Náutico,RB,Lateral,34,15,861,32.0,Náutico,Meio,268522,,,,0,0,1,0
2026,Fernando,Ceará,LB,Lateral,26,12,853,35.0,Chapecoense,Meio,,,,,0,0,2,0
2026,Vinicius Peixoto,Cuiabá,CF,Atacante,22,22,852,31.5,Cuiabá,Meio,1273512,,,,0,0,1,0
2026,Douglas Baggio,CRB,RW,Extremo,31,20,851,31.4,CRB,Meio,191872,,,,0,1,3,0
2026,Diego Gonçalves,Criciúma,AMF,Meia,31,19,848,32.5,Criciúma,Meio,405720,,,,0,1,3,0
2026,Daniel Amorim,São Bernardo,CF,Atacante,36,19,846,32.2,São Bernardo FC,Meio,490613,,,,0,0,2,0
2026,Sorriso,Avaí,LAMF,Extremo,21,18,844,30.5,Avaí,Cai,,,,,0,0,1,0
2026,Mandaca,Juventude,LCMF,Meia,24,13,836,31.1,Juventude,Sobe,892091,,,,0,0,1,0
2026,Thalis,Londrina,LCMF,Meia,30,14,835,29.9,Londrina,Cai,476353,,,,0,0,1,0
2026,Jhonny,América-MG,RB,Lateral,24,11,834,31.1,América Mineiro,Cai,,,,,0,0,3,0
2026,Manoel,América-MG,LCB,Zaga,36,9,833,31.1,América Mineiro,Cai,113586,68.0,1,22.0,0,0,1,0
2026,Juan Alano,Sport,AMF,Meia,30,18,828,30.9,Sport Recife,Meio,520467,,,,0,0,1,0
2026,Yago Felipe,Sport,AMF,Meia,31,16,821,30.7,Chapecoense,Meio,,,,,0,0,1,0
2026,Ryan,Fortaleza,LCMF,Meia,23,18,812,29.6,Fortaleza,Sobe,,,,,0,0,3,0
2026,Yuri,Atlético-GO,LB,Lateral,30,11,806,30.3,Atlético GO,Meio,476337,,,,0,0,2,0
2026,M. Castro,Juventude,LW,Extremo,30,16,796,29.6,Juventude,Sobe,,,,,0,0,1,0
2026,Diego Tavares,Ponte Preta,AMF,Meia,35,12,789,31.5,Botafogo PB,Cai,,,,,0,0,2,0
2026,Murilo,Ponte Preta,RCMF,Meia,27,10,789,31.5,Ponte Preta,Cai,689975,,,,0,0,1,0
2026,Matheus Albino,CRB,GK,Goleiro,31,8,785,28.9,CRB,Meio,363811,,,,0,2,3,1
2026,C. de Pena,Sport,AMF,Meia,34,16,776,29.0,Sport Recife,Meio,,,,,0,0,2,0
2026,Carlinhos,Novorizontino,RCB,Zaga,31,10,770,27.4,Grêmio Novorizontino,Sobe,,,,,0,0,1,0
2026,Jefferson Maciel,Avaí,LCB,Zaga,23,8,766,27.6,Avaí,Cai,,,,,0,0,1,0
2026,Kauan Maranhão,Náutico,CF,Atacante,22,11,766,28.5,Náutico,Meio,,,,,0,0,1,0
2026,Nathan,Juventude,RB,Lateral,25,14,762,28.4,Juventude,Sobe,740273,,,,0,0,2,0
2026,Igor Bohn,Avaí,GK,Goleiro,30,8,754,27.2,Avaí,Cai,530385,,,,0,0,3,0
2026,Iury,Sport,LAMF,Extremo,30,13,743,27.8,Sport Recife,Meio,,,,,0,0,3,0
2026,Marcinho,Criciúma,RWB,Lateral,30,13,743,28.5,Criciúma,Meio,432967,,,,0,0,3,0
2026,Caio Marcelo,Vila Nova,LCB,Zaga,28,10,738,27.8,Vila Nova,Sobe,,,,,0,0,1,0
2026,Baianinho,Ponte Preta,RCMF,Meia,27,15,737,29.4,Floresta EC,Cai,,,,,0,0,1,0
2026,Raí Ramos,Juventude,RWB,Lateral,32,11,737,27.4,Juventude,Sobe,439460,,,,0,0,3,0
2026,Alexis Alvariño,Novorizontino,RB,Lateral,25,11,729,26.0,Grêmio Novorizontino,Sobe,911994,,,,0,1,3,0
2026,Diego Hernández,Sport,AMF,Meia,26,10,728,27.2,Sport Recife,Meio,800732,1.0,1,6.0,0,0,2,0
2026,Tavinho,Novorizontino,RW,Extremo,22,15,727,25.9,Grêmio Novorizontino,Sobe,1093927,,,,0,0,2,0
2026,Eduardo Person,América-MG,RCMF,Meia,29,11,725,27.0,América Mineiro,Cai,554298,,,,0,0,3,0
2026,Reynaldo,Avaí,LCB,Zaga,29,8,725,26.2,Avaí,Cai,514297,,,,0,1,3,0
2026,Alan Empereur,Cuiabá,LCB,Zaga,32,8,717,26.5,Cuiabá,Meio,169179,,,,0,0,2,0
2026,Kayky Almeida,Sport,LCB,Zaga,21,8,717,26.8,Sport Recife,Meio,1089609,97.0,1,11.0,0,0,2,0
2026,Igor Henrique,Atlético-GO,RDMF,Volante,34,13,715,26.8,Atlético GO,Meio,,,,,0,0,3,0
2026,Nicolas,Criciúma,CF,Atacante,36,15,715,27.4,Criciúma,Meio,,,,,0,1,3,0
2026,Redney,Athletic,AMF,Meia,24,16,711,26.0,Athletic Club,Meio,,,,,0,0,1,0
2026,Jhonata Robert,Criciúma,AMF,Meia,26,17,710,27.2,Criciúma,Meio,711338,,,,0,0,2,0
2026,Júnior Todinho,Náutico,RAMF,Extremo,32,14,710,26.4,Náutico,Meio,518080,26.0,1,5.0,0,0,3,0
2026,Éverton Brito,América-MG,RW,Extremo,31,10,709,26.4,Guarani,Cai,,,,,0,0,2,0
2026,Welliton Matheus,Fortaleza,RW,Extremo,26,19,703,25.6,Fortaleza,Sobe,,,,,0,1,3,0
2026,Guilherme Vargas,Avaí,RCB,Zaga,22,9,703,25.4,Avaí,Cai,,,,,0,0,2,0
2026,Wesley Gasolina,Avaí,RB,Lateral,26,12,697,25.2,Nacional,Cai,,,,,0,0,2,0
2026,Wanderson,Náutico,RCB,Zaga,31,13,697,25.9,Náutico,Meio,550891,,,,0,0,3,0
2026,Fernandinho,Ceará,LAMF,Extremo,28,11,689,28.2,Mirassol,Meio,,,,,0,1,2,0
2026,João Vitor,Novorizontino,RCB,Zaga,21,7,689,24.6,Athletico Paranaense,Sobe,,,,,0,0,3,0
2026,Alê,América-MG,DMF,Volante,36,11,684,25.5,América Mineiro,Cai,543614,,,,0,1,2,0
2026,Igor Inocêncio,Cuiabá,RWB,Lateral,28,8,684,25.3,Cuiabá,Meio,733578,,,,0,1,3,0
2026,Diego Caito,Goiás,RB,Lateral,22,12,682,25.2,Grêmio,Meio,,,,,0,0,3,0
2026,Lucas Rian,São Bernardo,RWF,Extremo,26,14,677,25.8,São Bernardo FC,Meio,975509,,,,0,0,2,0
2026,Marlon,Sport,RAMF,Extremo,28,19,670,25.0,Sport Recife,Meio,,,,,0,0,3,0
2026,W. Silva,Ceará,CF,Atacante,26,13,664,27.2,Ceará,Meio,,,,,0,0,2,0
2026,Douglas Pelé,Athletic,RB,Lateral,27,12,664,24.2,Athletic Club,Meio,868085,,,,0,1,2,0
2026,Giulio,Ceará,LAMF,Extremo,21,13,662,27.1,Ceará,Meio,,,,,0,0,1,0
2026,Titi,Juventude,CB,Zaga,38,9,661,24.6,Juventude,Sobe,55250,,,,0,0,2,0
2026,Léo Alaba,América-MG,RB,Lateral,27,9,660,24.6,Chaves,Cai,,,,,0,0,2,0
2026,Weverson,Cuiabá,LB,Lateral,23,20,659,24.4,Cuiabá,Meio,868810,,,,0,0,1,0
2026,Edson Lucas,Sport,LB,Lateral,26,11,656,24.5,Sport Recife,Meio,886688,,,,0,0,2,0
2026,Marcelo,Athletic,LB,Lateral,21,13,655,23.9,Athletic Club,Meio,,,,,0,0,3,0
2026,B. Borasi,Náutico,LAMF,Extremo,28,8,653,24.3,Náutico,Meio,,,,,0,0,3,0
2026,Eric,Cuiabá,LWB,Lateral,26,13,651,24.1,Cuiabá,Meio,1100070,,,,0,0,3,0
2026,Baldória,Goiás,DMF,Volante,21,13,645,23.9,Goiás,Meio,1097843,,,,0,0,2,0
2026,Arthur Caíke,Botafogo-SP,CF,Atacante,34,15,644,23.6,Botafogo SP,Meio,224481,,,,0,0,2,0
2026,Breno,Vila Nova,LCB,Zaga,24,7,640,24.1,Vila Nova,Sobe,,,,,0,0,2,0
2026,T. Cardona,Fortaleza,LCB,Zaga,30,8,638,23.3,Fortaleza,Sobe,,,,,0,0,1,0
2026,Vina,Ceará,AMF,Meia,35,12,636,26.1,Ceará,Meio,106281,,,,0,0,1,0
2026,Matheusinho,Atlético-GO,AMF,Meia,28,12,627,23.5,Atlético GO,Meio,401533,,,,0,0,2,0
2026,Miguel,Ponte Preta,LW,Extremo,21,14,625,25.0,Ponte Preta,Cai,,,,,0,0,1,0
2026,Bruninho,Athletic,RWF,Extremo,23,16,624,22.8,Athletic Club,Meio,977125,,,,0,0,2,0
2026,E. Garcia,Goiás,LAMF,Extremo,26,15,619,22.9,Goiás,Meio,,,,,0,0,3,0
2026,Ruan Carvalho,Criciúma,RCB,Zaga,19,8,618,23.7,Criciúma,Meio,1349600,,,,0,0,1,0
2026,Wenderson,Avaí,LAMF,Extremo,27,18,618,22.3,Avaí,Cai,,,,,0,0,1,0
2026,Sander,Novorizontino,LB,Lateral,35,7,615,21.9,Grêmio Novorizontino,Sobe,353722,,,,0,0,3,0
2026,Carlão,Novorizontino,CF,Atacante,34,25,615,21.9,Grêmio Novorizontino,Sobe,,,,,0,0,3,0
2026,Vinícius,Fortaleza,GK,Goleiro,32,6,613,22.3,Fortaleza,Sobe,,,,,0,0,2,0
2026,Walace,Avaí,CF,Atacante,21,12,609,22.0,Gil Vicente,Cai,,,,,0,0,1,0
2026,Nicolás Ferreira,Ceará,RAMF,Extremo,24,8,609,25.0,Ceará,Meio,995638,,,,0,0,2,0
2026,Thauan,América-MG,LW,Extremo,22,10,606,22.6,América Mineiro,Cai,,,,,0,0,3,0
2026,Pedro Santos,Criciúma,GK,Goleiro,21,6,605,23.2,Criciúma,Meio,1222017,,,,0,0,1,0
2026,João Carlos,Cuiabá,GK,Goleiro,38,6,603,22.3,Cuiabá,Meio,,,,,0,0,3,0
2026,Joseph,Operário-PR,LCB,Zaga,31,6,602,22.1,Operário PR,Meio,663523,,,,0,0,3,0
2026,Weverton,Londrina,RB,Lateral,27,8,596,21.3,Londrina,Cai,580572,,,,0,0,2,0
2026,Caio Dantas,Operário-PR,CF,Atacante,33,21,596,21.9,Operário PR,Meio,628647,,,,0,1,3,0
2026,Sávio,Ceará,LB,Lateral,31,7,594,24.4,Ceará,Meio,607093,107.0,1,4.0,0,0,3,0
2026,Jefferson Nem,Botafogo-SP,LAMF,Extremo,30,17,592,21.7,Botafogo SP,Meio,402734,,,,0,1,2,0
2026,F. Elizari,América-MG,LCMF,Meia,35,12,590,22.0,América Mineiro,Cai,,,,,0,0,3,0
2026,Eliel,Cuiabá,AMF,Meia,23,11,587,21.7,Cuiabá,Meio,1035650,,,,0,0,2,0
2026,Habraão,Sport,LCB,Zaga,25,7,587,21.9,Sport Recife,Meio,965630,,,,0,0,3,0
2026,Felipe Vizeu,Avaí,CF,Atacante,29,7,585,21.1,Avaí,Cai,425462,80.0,1,12.0,0,0,2,0
2026,Willian Oliveira,Sport,LDMF,Volante,33,7,584,21.8,Sport Recife,Meio,252900,,,,0,0,1,0
2026,Diego Galo,Novorizontino,LW,Extremo,21,12,581,20.7,Grêmio Novorizontino,Sobe,1093928,,,,0,0,1,0
2026,Dodô,Vila Nova,AMF,Meia,32,15,581,21.9,Vila Nova,Sobe,281837,,,,0,0,3,0
2026,Gustavo Almeida,Ponte Preta,LCB,Zaga,20,7,577,23.0,Ponte Preta,Cai,,,,,0,0,1,0
2026,Enzo Lodovico,Ceará,RAMF,Extremo,20,14,568,23.3,Ceará,Meio,,,,,0,0,1,0
2026,João Vitor,Avaí,RWB,Lateral,24,6,568,20.5,Avaí,Cai,,,,,0,0,3,0
2026,Gabriel Rocha,Ceará,LCB,Zaga,20,6,567,23.2,Ceará,Meio,,,,,0,0,1,0
2026,William,Avaí,LB,Lateral,20,11,567,20.5,Avaí,Cai,638060,,,,0,0,2,0
2026,Reverson,CRB,LB,Lateral,29,10,566,20.9,CRB,Meio,642570,,,,0,2,3,1
2026,Leo Jacó,Atlético-GO,CF,Atacante,21,17,564,21.2,Santa Clara,Meio,,,,,0,0,1,0
2026,Gilberto,Londrina,CF,Atacante,37,14,564,20.2,Londrina,Cai,164013,,,,0,0,1,0
2026,Pedro Martins,Sport,LCMF,Meia,26,15,555,20.7,Sport Recife,Meio,866884,,,,0,0,3,0
2026,T. Ostchega,América-MG,LB,Lateral,28,7,550,20.5,América Mineiro,Cai,,,,,0,0,1,0
2026,Rafael Monteiro,Londrina,LB,Lateral,22,9,549,19.6,Londrina,Cai,1083669,,,,0,0,2,0
2026,Wadson,Juventude,LB,Lateral,26,15,548,20.4,Juventude,Sobe,979677,,,,0,0,1,0
2026,Dieguinho,Ceará,RDMF,Volante,31,8,546,22.4,Shimizu S-Pulse,Meio,,,,,0,0,2,0
2026,Romarinho,Criciúma,AMF,Meia,32,15,537,20.6,Criciúma,Meio,267849,,,,0,0,2,0
2026,Jhan Torres,Athletic,LCB,Zaga,25,10,531,19.4,Athletic Club,Meio,837444,,,,0,0,2,0
2026,L. Sosa,América-MG,LCB,Zaga,32,6,526,19.6,América Mineiro,Cai,,,,,0,0,1,0
2026,Felipe,Botafogo-SP,LB,Lateral,27,10,522,19.1,Botafogo SP,Meio,,,,,0,0,2,0
2026,Índio,Operário-PR,DMF,Volante,33,12,519,19.1,Operário PR,Meio,,,,,0,1,3,0
2026,Thiaguinho,Criciúma,LCMF,Meia,20,15,517,19.8,Criciúma,Meio,,,,,0,1,2,0
2026,Gustavo Henrique,Náutico,LCB,Zaga,20,7,513,19.1,Náutico,Meio,1082701,,,,0,0,2,0
2026,Ronald,Fortaleza,CB,Zaga,23,8,513,18.7,Fortaleza,Sobe,,,,,0,0,3,0
2026,Kauã Rocha,Fortaleza,CB,Zaga,19,7,503,18.3,Fortaleza,Sobe,1386991,,,,0,0,1,0
2026,Daniel Peixoto,Atlético-GO,RDMF,Volante,29,6,503,18.9,Atlético GO,Meio,675047,,,,0,0,1,0
2026,Ronaldo Tavares,Athletic,CF,Atacante,28,6,501,18.3,Athletic Club,Meio,340531,1.0,1,22.0,0,0,2,0
2026,Bruno Brígido,América-MG,GK,Goleiro,35,5,500,18.6,América Mineiro,Cai,178942,,,,0,0,1,0
2026,Barreto,América-MG,RDMF,Volante,30,6,500,18.6,,Cai,,,,,0,0,2,0
2026,Patryck,Juventude,LWB,Lateral,23,7,497,18.5,Juventude,Sobe,662326,,,,0,0,1,0
2026,Jordan,Botafogo-SP,GK,Goleiro,28,5,497,18.2,Botafogo SP,Meio,823508,,,,0,0,1,0
2026,Emerson Santos,América-MG,LCB,Zaga,31,7,496,18.5,América Mineiro,Cai,,,,,0,0,3,0
2026,Nino Paraíba,Londrina,RB,Lateral,40,11,495,17.7,Londrina,Cai,72451,,,,0,0,2,0
2026,Leonai,Náutico,LDMF,Volante,31,10,493,18.3,Millonarios,Meio,,,,,0,0,1,0
2026,J. Jiménez,América-MG,DMF,Volante,33,13,491,18.3,América Mineiro,Cai,,,,,0,0,3,0
2026,Léo Gamalho,Avaí,CF,Atacante,40,10,480,17.3,Avaí,Cai,143817,,,,0,0,3,0
2026,João Maistro,Avaí,LCB,Zaga,26,7,476,17.2,Brusque,Cai,,,,,0,0,1,0
2026,Elias,Vila Nova,RB,Lateral,27,9,475,17.9,Mirassol,Sobe,,,,,0,1,3,0
2026,Eduardo Brock,Novorizontino,LCB,Zaga,35,5,474,16.9,Grêmio Novorizontino,Sobe,435232,,,,0,1,2,0
2026,Marcão,São Bernardo,RDMF,Volante,35,15,473,18.0,São Bernardo FC,Meio,346072,,,,0,1,3,0
2026,Yago Santos,Athletic,LCMF,Meia,23,8,473,17.3,Athletic Club,Meio,900203,,,,0,0,3,0
2026,Pedro Henrique,Cuiabá,CF,Atacante,29,8,472,17.5,Cuiabá,Meio,,,,,0,0,3,0
2026,Peter Roman,Vila Nova,RCB,Zaga,25,7,466,17.6,Kawasaki Frontale,Sobe,,,,,0,0,2,0
2026,Everton Galdino,Vila Nova,RAMF,Extremo,29,8,461,17.4,Mirassol,Sobe,458251,,,,0,0,1,0
2026,Juan Rodrigues,Ponte Preta,RWB,Lateral,20,11,460,18.4,Ponte Preta,Cai,,,,,0,0,1,0
2026,Carlinhos,Athletic,CF,Atacante,29,7,459,16.8,Athletic Club,Meio,,,,,0,0,1,0
2026,Paulinho,América-MG,LB,Lateral,22,7,458,17.1,Vasco da Gama,Cai,1083888,,,,0,0,3,0
2026,Paulo Baya,Fortaleza,LWF,Extremo,27,16,452,16.5,Fortaleza,Sobe,853529,,,,0,0,2,0
2026,Lucas Crispim,Fortaleza,LCMF,Meia,32,14,449,16.4,Fortaleza,Sobe,344626,,,,0,0,1,0
2026,Fábio Gomes,Cuiabá,CF,Atacante,29,7,448,16.6,Cuiabá,Meio,548298,,,,0,0,1,0
2026,Warley,Atlético-GO,RB,Lateral,26,5,443,16.6,Atlético GO,Meio,681627,35.0,1,4.0,0,0,2,0
2026,Otávio,América-MG,LDMF,Volante,20,7,438,16.3,América Mineiro,Cai,65937,,,,0,0,1,0
2026,Artur,Londrina,LB,Lateral,32,8,437,15.6,Londrina,Cai,296903,,,,0,0,2,0
2026,L. Phellype,CRB,CF,Atacante,32,14,433,16.0,CRB,Meio,,,,,0,0,1,0
2026,Rafa Silva,Vila Nova,CF,Atacante,34,5,432,16.3,Vila Nova,Sobe,213619,1.0,1,21.0,0,0,2,0
2026,Wallace,CRB,LCB,Zaga,21,6,426,15.7,Grêmio,Meio,,,,,0,1,3,0
2026,Lucas Mugni,Ceará,AMF,Meia,34,8,425,17.4,Ceará,Meio,148231,,,,0,0,2,0
2026,Fábio Matheus,Sport,LCMF,Meia,23,7,422,15.8,Sport Recife,Meio,1087725,,,,0,1,3,0
2026,Nícolas Careca,Novorizontino,LAMF,Extremo,29,11,419,14.9,Grêmio Novorizontino,Sobe,345401,,,,0,0,2,0
2026,Ronald,Criciúma,RCMF,Meia,29,8,415,15.9,Criciúma,Meio,,,,,0,0,3,0
2026,André Dhominique,Londrina,RB,Lateral,22,7,414,14.8,Londrina,Cai,959171,,,,0,0,1,0
2026,Jean Irmer,Criciúma,RCMF,Meia,31,12,410,15.7,Criciúma,Meio,349826,,,,0,0,3,0
2026,Guilherme Viana,Ponte Preta,GK,Goleiro,23,4,409,16.3,Ponte Preta,Cai,1463940,,,,0,0,1,0
2026,A. Torres,Operário-PR,RW,Extremo,26,6,406,14.9,Operário PR,Meio,,,,,0,0,1,0
2026,Felipe Vieira,Athletic,LCB,Zaga,21,8,405,14.8,Athletic Club,Meio,,,,,0,0,1,0
2026,Yuri Felipe,Botafogo-SP,RCMF,Meia,20,8,404,14.8,Botafogo SP,Meio,1097183,,,,0,0,1,0
2026,Léo Tocantins,Atlético-GO,RAMF,Extremo,27,11,401,15.1,Atlético GO,Meio,739249,,,,0,0,3,0
2026,David Braz,Ponte Preta,RCB,Zaga,39,5,399,15.9,Brasiliense,Cai,,,,,0,0,2,0
2026,Caio Rodrigues,Londrina,RCB,Zaga,22,5,398,14.2,Londrina,Cai,,,,,0,0,1,0
2026,Neris,Fortaleza,RCB,Zaga,34,6,394,14.4,Fortaleza,Sobe,349513,31.0,1,9.0,0,0,1,0
2026,Luis Phelipe,Ponte Preta,CF,Atacante,25,8,393,15.7,Sheriff,Cai,,,,,0,0,1,0
2026,Hernandes,Cuiabá,CF,Atacante,26,5,390,14.4,Cuiabá,Meio,,,,,0,0,1,0
2026,Elias,Operário-PR,GK,Goleiro,31,4,388,14.3,Operário PR,Meio,,,,,0,1,3,0
2026,Matheus Índio,Atlético-GO,RDMF,Volante,26,8,387,14.5,JEF United,Meio,,,,,0,0,1,0
2026,Vinícius Zanocelo,Ceará,LDMF,Volante,25,5,387,15.9,Ceará,Meio,,,,,0,0,1,0
2026,Douglas Mendes,Vila Nova,RCB,Zaga,22,4,385,14.5,Vila Nova,Sobe,921863,,,,0,0,1,0
2026,Paulo Sérgio,Náutico,CF,Atacante,37,6,383,14.3,Náutico,Meio,53019,,,,0,0,1,0
2026,Daniel Davi,São Bernardo,LAMF,Extremo,21,13,382,14.6,São Bernardo FC,Meio,1362527,,,,0,0,1,0
2026,Léo Chú,Avaí,LWF,Extremo,26,9,382,13.8,Avaí,Cai,468320,,,,0,0,1,0
2026,F. Avenatti,Avaí,CF,Atacante,33,8,381,13.7,Boston River,Cai,,,,,0,0,1,0
2026,C. Ortiz,Novorizontino,LWF,Extremo,34,14,379,13.5,Grêmio Novorizontino,Sobe,,,,,0,0,3,0
2026,W. Aponzá,Athletic,CF,Atacante,26,7,379,13.8,Athletic Club,Meio,,,,,0,0,1,0
2026,Luizao,Botafogo-SP,CF,Atacante,23,7,378,13.8,Botafogo SP,Meio,,,,,0,0,1,0
2026,Carlão,Botafogo-SP,LCB,Zaga,25,4,378,13.8,Botafogo SP,Meio,,,,,0,0,3,0
2026,Ryan,Náutico,LB,Lateral,24,6,376,14.0,Náutico,Meio,,,,,0,0,3,0
2026,Cauê,Criciúma,CF,Atacante,23,12,374,14.4,Criciúma,Meio,814268,1.0,1,13.0,0,0,2,0
2026,Felipe Negrucci,Athletic,RCMF,Meia,22,6,370,13.5,Athletic Club,Meio,980837,,,,0,0,1,0
2026,R. López,Ceará,CF,Atacante,32,7,369,15.1,Ceará,Meio,,,,,0,0,1,0
2026,Natã,Atlético-GO,RB,Lateral,25,9,362,13.6,Atlético GO,Meio,978004,,,,0,0,1,0
2026,Luisão,Cuiabá,LCB,Zaga,21,10,362,13.4,Cuiabá,Meio,1093922,,,,0,0,3,0
2026,Felipe Augusto,Operário-PR,RW,Extremo,34,14,360,13.2,Juventus,Meio,,,,,0,0,2,0
2026,Val Soares,América-MG,RCMF,Meia,29,6,358,13.4,América Mineiro,Cai,520665,,,,0,0,2,0
2026,Gustavo Maia,Atlético-GO,LWF,Extremo,25,8,358,13.4,Atlético GO,Meio,752560,,,,0,0,2,0
2026,Kauan Alemão,Novorizontino,RB,Lateral,19,6,357,12.7,Grêmio Novorizontino U20,Sobe,1365257,,,,0,0,1,0
2026,E. Rodríguez,Londrina,RWF,Extremo,23,7,356,12.7,Cerro,Cai,,,,,0,0,1,0
2026,Ruan Assis,Athletic,LW,Extremo,22,7,352,12.9,AVS ,Meio,,,,,0,0,2,0
2026,Guilherme Queiróz,Botafogo-SP,CF,Atacante,36,10,347,12.7,Botafogo SP,Meio,411707,,,,0,0,3,0
2026,Pedro,Athletic,RCMF,Meia,28,11,341,12.4,Athletic Club,Meio,,,,,0,0,1,0
2026,Henrique Freitas,Atlético-GO,RAMF,Extremo,27,6,340,12.8,Atlético GO,Meio,735650,,,,0,0,1,0
2026,Juninho,Náutico,LAMF,Extremo,30,6,337,12.5,Náutico,Meio,,,,,0,0,3,0
2026,Mário Sérgio,São Bernardo,LB,Lateral,32,6,336,12.8,São Bernardo FC,Meio,184109,,,,0,0,3,0
2026,Julio Cesar,América-MG,RAMF,Extremo,20,5,335,12.5,América Mineiro U20,Cai,985345,,,,0,0,1,0
2026,Luiz Otávio,Cuiabá,LCMF,Meia,29,9,334,12.4,Cuiabá,Meio,,,,,0,0,2,0
2026,Luizão,CRB,DMF,Volante,28,8,334,12.3,CRB,Meio,,,,,0,0,2,0
2026,Guilherme Pato,CRB,RW,Extremo,25,15,333,12.3,CRB,Meio,742025,,,,0,0,2,0
2026,Marco Antônio,Botafogo-SP,RDMF,Volante,26,10,332,12.1,Botafogo SP,Meio,894776,,,,0,0,2,0
2026,Gustavo Telles,Ponte Preta,LDMF,Volante,21,10,331,13.2,Ponte Preta,Cai,,,,,0,0,1,0
2026,Giovanni Pavani,Ceará,RDMF,Volante,29,6,326,13.4,Ceará,Meio,976522,,,,0,0,2,0
2026,Gabriel Simples,Avaí,RCB,Zaga,21,4,325,11.7,Avaí,Cai,1095742,,,,0,0,1,0
2026,Luiz Claudio,Náutico,CF,Atacante,21,10,324,12.1,Nautico U20,Meio,,,,,0,0,1,0
2026,Lucas Emanoel,Fortaleza,CF,Atacante,20,7,322,11.7,Fortaleza,Sobe,1279322,,,,0,0,1,0
2026,Guilherme Portuga,Londrina,LCMF,Meia,28,6,318,11.4,Londrina,Cai,752562,,,,0,0,2,0
2026,Hiago Alves,Criciúma,LWB,Lateral,21,9,315,12.1,Criciúma,Meio,978189,,,,0,0,2,0
2026,Thiago Moraes,Botafogo-SP,RW,Extremo,28,13,313,11.5,Botafogo SP,Meio,,,,,0,0,1,0
2026,Marcos Vinicius,Goiás,RB,Lateral,29,7,310,11.5,Goiás,Meio,594006,,,,0,2,3,1
2026,Fabrício Daniel,São Bernardo,CF,Atacante,29,11,309,11.8,São Bernardo FC,Meio,787269,,,,0,0,3,0
2026,Geovane,CRB,AMF,Meia,27,12,309,11.4,CRB,Meio,,,,,0,0,3,0
2026,Claudinho,Sport,RB,Lateral,25,6,307,11.5,Sport Recife,Meio,697845,46.0,1,44.0,0,1,2,0
2026,Brenno,Fortaleza,GK,Goleiro,27,3,307,11.2,Sport Recife,Sobe,555016,,,,0,0,1,0
2026,Gabriel Moysés,Athletic,CF,Atacante,24,9,306,11.2,Athletic Club,Meio,,,,,0,0,1,0
2026,Jonathan Cafú,Ponte Preta,RAMF,Extremo,35,10,304,12.1,Ponte Preta,Cai,347100,,,,0,0,2,0
2026,Allanzinho,Juventude,LW,Extremo,26,9,303,11.3,Juventude,Sobe,685768,,,,0,0,1,0
2026,E. Torres,Operário-PR,RW,Extremo,28,7,303,11.1,Once Caldas,Meio,,,,,0,0,1,0
2026,Pedro Vilhena,Operário-PR,LW,Extremo,24,12,301,11.1,Operário PR,Meio,729263,,,,0,0,3,0
2026,Matheus Souza,Ponte Preta,LB,Lateral,17,5,301,12.0,Ponte Preta U20,Cai,,,,,0,0,2,0
2026,Mateus Quaresma,Avaí,LB,Lateral,30,5,297,10.7,Avaí,Cai,,,,,0,0,2,0
2026,Pedro Rocha,Juventude,GK,Goleiro,28,3,297,11.1,Juventude,Sobe,740287,,,,0,2,3,1
2026,Vinícius Barata,CRB,RW,Extremo,27,10,292,10.8,CRB,Meio,548258,,,,0,0,3,0
2026,Lucas Justen,Ponte Preta,RB,Lateral,23,5,281,11.2,Juventus,Cai,,,,,0,0,1,0
2026,Rodriguinho,Ponte Preta,CF,Atacante,25,9,278,11.1,Ponte Preta,Cai,,,,,0,0,3,0
2026,Gabriel,Cuiabá,RCB,Zaga,22,4,277,10.2,Cuiabá,Meio,,,,,0,1,2,0
2026,Vinicius Mingotti,Operário-PR,CF,Atacante,26,9,273,10.0,Operário PR,Meio,658664,,,,0,0,3,0
2026,Gabriel Cipriano,Avaí,RAMF,Extremo,26,7,273,9.9,Avaí,Cai,1082235,,,,0,0,1,0
2026,Rodrigo Souza,Ponte Preta,RCMF,Meia,38,7,272,10.9,Ponte Preta,Cai,271329,,,,0,0,1,0
2026,Bruno Xavier,Vila Nova,RAMF,Extremo,29,7,265,10.0,Vila Nova,Sobe,537386,,,,0,0,3,0
2026,Weverton,Ponte Preta,RCB,Zaga,23,3,263,10.5,Ponte Preta,Cai,580572,,,,0,0,2,0
2026,Matheus Salustiano,São Bernardo,RCB,Zaga,33,3,262,10.0,São Bernardo FC,Meio,286474,,,,0,1,2,0
2026,L. Amarilla,Juventude,CF,Atacante,31,4,259,9.6,Juventude,Sobe,,,,,0,0,1,0
2026,Higor Meritão,Vila Nova,LDMF,Volante,32,6,259,9.8,Vila Nova,Sobe,646432,,,,0,1,2,0
2026,Gabriel Pires,Juventude,LCMF,Meia,32,7,257,9.6,Juventude,Sobe,167291,,,,0,0,1,0
2026,Fábio,América-MG,RB,Lateral,25,4,252,9.4,América Mineiro,Cai,980832,,,,0,0,3,0
2026,Hugo Sanches,São Bernardo,RB,Lateral,32,6,250,9.5,São Bernardo FC,Meio,612328,,,,0,0,1,0
2026,Felipe Saraiva,Náutico,RAMF,Extremo,28,8,249,9.3,Náutico,Meio,,,,,0,0,1,0
2026,Lucca Prior,Fortaleza,AMF,Meia,22,10,249,9.1,Fortaleza,Sobe,1082523,,,,0,0,1,0
2026,Klebert,Atlético-GO,RCMF,Meia,18,6,247,9.3,Atlético GO,Meio,,,,,0,0,2,0
2026,Rafael Bilu,Avaí,CF,Atacante,27,5,246,8.9,Avaí,Cai,,,,,0,0,2,0
2026,O. Otusanya,Athletic,CF,Atacante,22,6,244,8.9,Athletic Club,Meio,,,,,0,0,2,0
2026,Igor Cariús,Vila Nova,RB,Lateral,33,4,242,9.1,Vila Nova,Sobe,520480,42.0,1,16.0,0,0,2,0
2026,Maxwell,Operário-PR,LW,Extremo,31,9,241,8.9,Operário PR,Meio,357091,,,,0,0,3,0
2026,Gustavo Puskas,Vila Nova,CF,Atacante,18,9,241,9.1,Vila Nova,Sobe,1367320,,,,0,0,1,0
2026,Bruno Sávio,Goiás,RAMF,Extremo,31,8,236,8.7,Goiás,Meio,352042,,,,0,0,1,0
2026,Gabriel Queiroz,Athletic,LCB,Zaga,18,4,234,8.5,Benfica,Meio,,,,,0,0,2,0
2026,Guilherme Mariano,Botafogo-SP,RCB,Zaga,26,4,234,8.6,Botafogo SP,Meio,1007070,,,,0,0,3,0
2026,R. Piñeiro,América-MG,LAMF,Extremo,27,6,223,8.3,América Mineiro,Cai,,,,,0,0,1,0
2026,Brayann,Goiás,AMF,Meia,28,7,219,8.1,Goiás,Meio,940124,,,,0,0,2,0
2026,R. Saravia,Ponte Preta,DMF,Volante,26,3,218,8.7,Boston River,Cai,,,,,0,0,1,0
2026,Dudu Teodora,Sport,LAMF,Extremo,27,8,218,8.1,Sport Recife,Meio,594561,,,,0,0,1,0
2026,Vitinho,Náutico,AMF,Meia,22,5,212,7.9,Santa Clara,Meio,813048,,,,0,0,2,0
2026,Guilherme Estrella,CRB,RCMF,Meia,21,6,212,7.8,CRB,Meio,,,,,0,0,1,0
2026,Léo Jance,Náutico,LB,Lateral,21,5,212,7.9,Náutico,Meio,,,,,0,0,1,0
2026,Wellington Rato,Goiás,RAMF,Extremo,34,6,212,7.8,Goiás,Meio,542483,136.0,1,43.0,0,0,2,0
2026,Del Piage,Avaí,RDMF,Volante,26,7,211,7.6,Avaí,Cai,,,,,0,0,2,0
2026,João Damião,Ponte Preta,CF,Atacante,17,7,210,8.4,Ponte Preta,Cai,,,,,0,0,1,0
2026,Alisson,Criciúma,GK,Goleiro,31,2,208,8.0,Criciúma,Meio,375532,53.0,1,8.0,0,1,2,0
2026,Raí,Londrina,RW,Extremo,28,6,203,7.3,Londrina,Cai,,,,,0,1,3,0
2026,Mateus Criciúma,Cuiabá,CF,Atacante,27,6,200,7.4,Cuiabá,Meio,,,,,0,0,1,0
2026,Filipe Dahora,América-MG,RB,Lateral,20,3,198,7.4,América Mineiro U20,Cai,,,,,0,0,1,0
2026,Luiz Otávio,Ceará,RCB,Zaga,37,6,194,8.0,Ceará,Meio,,,,,0,0,2,0
2026,Kauan Lindes,Athletic,LW,Extremo,22,4,193,7.0,Athletic Club,Meio,1222625,,,,0,0,2,0
2026,Ramon,Náutico,LCMF,Meia,29,6,191,7.1,,Meio,980022,,,,0,0,3,0
2026,Emerson Urso,Vila Nova,RAMF,Extremo,25,11,189,7.1,Vila Nova,Sobe,868885,,,,0,0,3,0
2026,Isaías,Avaí,CF,Atacante,21,9,188,6.8,Avaí,Cai,1214549,,,,0,0,1,0
2026,Enzo,Vila Nova,LDMF,Volante,23,5,185,7.0,Vila Nova,Sobe,,,,,0,0,3,0
2026,João Carlos,Criciúma,RWF,Extremo,25,7,181,6.9,Criciúma,Meio,,,,,0,0,3,0
2026,Hélio Borges,Novorizontino,RW,Extremo,26,7,181,6.5,Grêmio Novorizontino,Sobe,730938,,,,0,0,1,0
2026,André Cardoso,Londrina,DMF,Volante,23,6,178,6.4,Londrina,Cai,1082603,,,,0,0,1,0
2026,Wesley Dias,Cuiabá,LCMF,Meia,31,4,177,6.5,Cuiabá,Meio,520456,,,,0,0,2,0
2026,Auremir,Náutico,RDMF,Volante,35,6,176,6.6,Náutico,Meio,151505,,,,0,0,2,0
2026,Luizão,São Bernardo,LCB,Zaga,24,4,174,6.6,São Bernardo FC,Meio,,,,,0,0,2,0
2026,Gustavinho,Athletic,AMF,Meia,24,5,174,6.4,Athletic Club,Meio,800649,,,,0,0,3,0
2026,Pablo Roberto,Juventude,LW,Extremo,26,4,171,6.4,Juventude,Sobe,592375,,,,0,0,1,0
2026,Zé Roberto,Sport,CF,Atacante,32,7,169,6.3,Sport Recife,Meio,,,,,0,0,2,0
2026,Jhonatan Lima,América-MG,LCMF,Meia,21,5,168,6.3,Uberlândia,Cai,,,,,0,0,1,0
2026,Felipe Clemente,Goiás,CF,Atacante,27,3,168,6.2,Goiás,Meio,688662,,,,0,0,1,0
2026,Diego Mathias,Novorizontino,LAMF,Extremo,27,4,163,5.8,Grêmio Novorizontino,Sobe,695238,,,,0,0,2,0
2026,Gustavo,Atlético-GO,LB,Lateral,21,3,162,6.1,Atlético GO,Meio,667411,,,,0,0,2,0
2026,Jonathan Costa,Vila Nova,RCB,Zaga,31,2,157,5.9,Vila Nova,Sobe,355471,,,,0,1,3,0
2026,Léo Campos,CRB,LB,Lateral,34,5,156,5.8,CRB,Meio,203643,,,,0,0,2,0
2026,João Pedro,Atlético-GO,CF,Atacante,29,5,156,5.9,Atlético GO,Meio,298410,,,,0,0,3,0
2026,Yamil Asad,Cuiabá,LCMF,Meia,31,4,152,5.6,Cuiabá,Meio,,,,,0,0,2,0
2026,Kaio Henrique,Fortaleza,LB,Lateral,20,3,152,5.5,Fortaleza,Sobe,1221826,,,,0,0,1,0
2026,Júnior Oliveira,São Bernardo,GK,Goleiro,36,2,150,5.7,São Bernardo FC,Meio,373432,,,,0,0,1,0
2026,Matheus Nogueira,Ceará,GK,Goleiro,28,2,149,6.1,Ceará,Meio,636741,,,,0,0,3,0
2026,Pedrinho,Goiás,RW,Extremo,22,4,149,5.5,Goiás,Meio,,,,,0,0,3,0
2026,Nathan Fogaça,Fortaleza,CF,Atacante,27,3,143,5.2,Fortaleza,Sobe,592363,58.0,1,3.0,0,0,3,0
2026,Italo Gabriel,América-MG,RW,Extremo,16,7,143,5.3,América Mineiro U17,Cai,,,,,0,0,1,0
2026,Nicolas Silva,Ponte Preta,AMF,Meia,20,5,142,5.7,Ponte Preta,Cai,,,,,0,0,1,0
2026,Marcelo,América-MG,CF,Atacante,23,3,141,5.3,América Mineiro,Cai,,,,,0,0,3,0
2026,Gustavo Prado,Ceará,LAMF,Extremo,21,3,140,5.7,Ceará,Meio,,,,,0,0,1,0
2026,Lucas Fernandes,São Bernardo,AMF,Meia,28,5,138,5.3,São Bernardo FC,Meio,430761,4.0,1,8.0,0,0,1,0
2026,Felipe Guimarães,Atlético-GO,RB,Lateral,22,7,137,5.1,Atlético GO,Meio,1090821,,,,0,0,3,0
2026,Marcos Júnior,Cuiabá,LWF,Extremo,33,6,137,5.1,Cuiabá,Meio,218115,,,,0,0,1,0
2026,Chumbinho,Londrina,RCMF,Meia,22,4,134,4.8,Londrina,Cai,1084070,,,,0,0,1,0
2026,Caio Rafael,Londrina,CF,Atacante,22,5,133,4.8,Paços de Ferreira,Cai,,,,,0,0,2,0
2026,Ariel,Atlético-GO,RCMF,Meia,28,5,128,4.8,Brusque,Meio,,,,,0,0,2,0
2026,Juninho,Londrina,LWF,Extremo,20,5,128,4.6,Londrina,Cai,,,,,0,0,3,0
2026,Netinho,Atlético-GO,LDMF,Volante,28,4,125,4.7,Atlético GO,Meio,978036,,,,0,1,3,0
2026,Fabiano,Londrina,RCMF,Meia,21,5,121,4.3,Londrina,Cai,1222735,,,,0,2,3,1
2026,Dalberson,Vila Nova,GK,Goleiro,29,2,121,4.6,Vila Nova,Sobe,554297,,,,0,0,3,0
2026,Luiz Fernando,Athletic,CF,Atacante,18,4,117,4.3,Athletic Club,Meio,372013,,,,0,0,2,0
2026,João Andrade,Londrina,RW,Extremo,20,2,116,4.1,Londrina,Cai,,,,,0,0,1,0
2026,Pedro,Ceará,LCMF,Meia,19,4,114,4.7,Ceará,Meio,,,,,0,0,1,0
2026,Marcio Maranhão,Botafogo-SP,RW,Extremo,27,5,108,4.0,Botafogo SP,Meio,744895,,,,0,0,1,0
2026,Cristiano,Avaí,CF,Atacante,39,3,107,3.9,Avaí,Cai,902135,,,,0,0,3,0
2026,Glauco,Athletic,GK,Goleiro,31,1,105,3.8,Athletic Club,Meio,265768,,,,0,0,2,0
2026,Felipe Cardoso,Náutico,LW,Extremo,23,4,104,3.9,,Meio,,,,,0,0,1,0
2026,L. Jabá,São Bernardo,LAMF,Extremo,28,5,104,4.0,,Meio,,,,,0,0,1,0
2026,Badaró,Botafogo-SP,RCB,Zaga,21,4,103,3.8,Botafogo SP U20,Meio,1174129,,,,0,0,1,0
2026,Thalisson,Ceará,RCB,Zaga,24,2,102,4.2,Ceará,Meio,874307,,,,0,0,3,0
2026,Gabriel Amaral,Ceará,CF,Atacante,20,2,102,4.2,Ceará,Meio,,,,,0,0,1,0
2026,Paulo Henrique,Atlético-GO,GK,Goleiro,32,1,100,3.8,Atlético GO,Meio,,,,,0,0,2,0
2026,Victor Barbara,Cuiabá,RWF,Extremo,22,4,99,3.7,Cuiabá,Meio,,,,,0,0,2,0
2026,Vladimir,Atlético-GO,GK,Goleiro,37,1,98,3.7,Atlético GO,Meio,98930,,,,0,0,3,0
2026,William,América-MG,GK,Goleiro,28,1,98,3.7,América Mineiro,Cai,638060,,,,0,0,2,0
2026,Iba Ly,Juventude,RCMF,Meia,23,6,97,3.6,Juventude,Sobe,1127817,,,,0,0,1,0
2026,João Neto,CRB,CF,Atacante,23,4,96,3.5,CRB,Meio,875339,,,,0,0,2,0
2026,Murilo Sousa,Londrina,LDMF,Volante,21,3,96,3.4,Londrina,Cai,,,,,0,0,1,0
2026,Luan Ribeiro,Londrina,GK,Goleiro,29,1,96,3.4,Londrina,Cai,643832,,,,0,0,2,0
2026,Luidy,América-MG,LB,Lateral,17,3,96,3.6,América Mineiro U20,Cai,,,,,0,0,1,0
2026,Kayke,Fortaleza,CF,Atacante,20,3,93,3.4,Botafogo,Sobe,,,,,0,0,2,0
2026,Caio,Ceará,LCMF,Meia,18,3,93,3.8,Ceará U20,Meio,1222362,,,,0,0,1,0
2026,Yuri Jonathan,Criciúma,CF,Atacante,28,4,93,3.6,Criciúma,Meio,,,,,0,0,1,0
2026,Ronald Barcellos,Novorizontino,RAMF,Extremo,24,5,93,3.3,Grêmio Novorizontino,Sobe,1082968,,,,0,0,1,0
2026,P. Núñez,Náutico,RDMF,Volante,27,3,89,3.3,Náutico,Meio,,,,,0,0,1,0
2026,Jonathan,Botafogo-SP,LB,Lateral,34,4,88,3.2,Botafogo SP,Meio,147366,,,,0,0,3,0
2026,Hyan,Avaí,RWF,Extremo,22,5,81,2.9,Avaí,Cai,1082852,,,,0,0,2,0
2026,Gilmar,Ceará,RCB,Zaga,20,1,79,3.2,Ceará,Meio,,,,,0,0,1,0
2026,Lucas Alves,Juventude,LWF,Extremo,24,4,78,2.9,Juventude,Sobe,870487,,,,0,0,1,0
2026,Jamerson,Avaí,RAMF,Extremo,19,4,75,2.7,Leixões U23,Cai,,,,,0,0,3,0
2026,Índio,Náutico,RCB,Zaga,22,1,74,2.8,Náutico,Meio,,,,,0,1,3,0
2026,Yarlen,Athletic,RW,Extremo,20,3,74,2.7,Athletic Club,Meio,1241278,,,,0,0,1,0
2026,Marlon,Novorizontino,RDMF,Volante,36,5,74,2.6,Grêmio Novorizontino,Sobe,,,,,0,0,3,0
2026,Ryan Andrade,Ponte Preta,RAMF,Extremo,18,1,73,2.9,Ponte Preta U20,Cai,,,,,0,0,1,0
2026,Juanzin,Avaí,LW,Extremo,21,2,72,2.6,Avaí,Cai,,,,,0,0,1,0
2026,Kevin Ramírez,Atlético-GO,CF,Atacante,32,1,64,2.4,Chapecoense,Meio,,,,,0,1,2,0
2026,J. Lora,Novorizontino,RAMF,Extremo,25,2,64,2.3,Grêmio Novorizontino,Sobe,,,,,0,0,1,0
2026,D. de Souza Archangel,Cuiabá,LCMF,Meia,19,1,63,2.3,Cuiabá U23,Meio,,,,,0,0,1,0
2026,Júnior Urso,São Bernardo,RCMF,Meia,37,2,62,2.4,,Meio,,,,,0,0,1,0
2026,Ramon,Cuiabá,LWF,Extremo,26,2,60,2.2,Cuiabá,Meio,980022,,,,0,0,3,0
2026,Bruno Lopes,Ponte Preta,RWF,Extremo,31,2,59,2.4,Noroeste,Cai,,,,,0,0,2,0
2026,Kauã Gabriel,Avaí,LAMF,Extremo,19,2,56,2.0,Avaí U20,Cai,,,,,0,0,1,0
2026,Gabriel Pae,Atlético-GO,RAMF,Extremo,19,3,53,2.0,Atlético GO U20,Meio,,,,,0,0,1,0
2026,Kauã,Ceará,LWF,Extremo,20,3,53,2.2,Ceará,Meio,1220334,,,,0,0,2,0
2026,Luiz Paulo,Náutico,LB,Lateral,33,2,52,1.9,Náutico,Meio,448994,88.0,1,47.0,0,0,1,0
2026,Murilo Camara,Goiás,LCB,Zaga,19,1,52,1.9,Goiás U20,Meio,,,,,0,0,2,0
2026,Hebert,Londrina,LW,Extremo,26,1,50,1.8,Guarani,Cai,,,,,0,0,1,0
2026,Matheus Rossetto,Fortaleza,RCMF,Meia,30,1,48,1.7,Fortaleza,Sobe,,,,,0,0,1,0
2026,Caio Maia,Londrina,LW,Extremo,21,3,46,1.6,Londrina,Cai,1083072,,,,0,0,1,0
2026,Carlos Júnior,Juventude,RCMF,Meia,18,3,45,1.7,Juventude U20,Sobe,,,,,0,0,1,0
2026,Léo Mana,Criciúma,RCB,Zaga,22,2,45,1.7,Criciúma,Meio,,,,,0,0,2,0
2026,Halerrandrio,Goiás,LWB,Lateral,20,2,44,1.6,Goiás U20,Meio,1092628,,,,0,0,2,0
2026,Rodrigo Andrade,São Bernardo,DMF,Volante,29,1,42,1.6,São Bernardo FC,Meio,435239,,,,0,0,3,0
2026,Thevyn,Ponte Preta,RAMF,Extremo,20,2,42,1.7,,Cai,,,,,0,0,1,0
2026,Estevão,CRB,LCMF,Meia,24,3,41,1.5,CRB,Meio,982552,,,,0,0,2,0
2026,Marcos Rosa,Náutico,CF,Atacante,18,2,40,1.5,Náutico,Meio,,,,,0,0,1,0
2026,Marcio Vitor,Avaí,CF,Atacante,20,2,40,1.4,Avaí U20,Cai,,,,,0,0,1,0
2026,David Braw,CRB,AMF,Meia,23,1,39,1.4,CRB,Meio,,,,,0,0,2,0
2026,Thalles,Botafogo-SP,CF,Atacante,21,1,37,1.4,Botafogo SP,Meio,,,,,0,0,2,0
2026,Jader,Atlético-GO,LDMF,Volante,22,2,37,1.4,Atlético GO,Meio,,,,,0,0,1,0
2026,Patrick,Sport,LCB,Zaga,21,1,34,1.3,Sport Recife,Meio,,,,,0,0,3,0
2026,Felipe Penha,Botafogo-SP,LB,Lateral,20,1,33,1.2,Botafogo SP U20,Meio,,,,,0,0,1,0
2026,Cauã,Ponte Preta,LAMF,Extremo,20,1,31,1.2,Ponte Preta U20,Cai,,,,,0,0,1,0
2026,Kaique Zizero,América-MG,LW,Extremo,19,1,30,1.1,América Mineiro,Cai,,,,,0,0,1,0
2026,Patrick de Paula,Sport,LDMF,Volante,27,1,30,1.1,Remo,Meio,737821,10.0,1,5.0,0,0,1,0
2026,Caio Vinícius,Ponte Preta,AMF,Meia,18,1,29,1.2,Ponte Preta U20,Cai,,,,,0,1,2,0
2026,Gabriel Domingos,América-MG,LCMF,Meia,25,2,28,1.0,América Mineiro,Cai,869094,,,,0,0,2,0
2026,Gabriel Mineiro,Cuiabá,LWB,Lateral,21,1,28,1.0,Cuiabá,Meio,,,,,0,0,2,0
2026,Dedezinho,Sport,DMF,Volante,20,1,27,1.0,Sport Recife,Meio,,,,,0,0,1,0
2026,Micael,Sport,RWF,Extremo,20,1,27,1.0,Sport Recife,Meio,,,,,0,0,1,0
2026,Ray Breno,Juventude,AMF,Meia,21,2,26,1.0,Juventude,Sobe,1083974,,,,0,0,1,0
2026,Halanzinho,Náutico,RDMF,Volante,20,1,26,1.0,Nautico U20,Meio,,,,,0,0,1,0
2026,GH,Atlético-GO,AMF,Meia,19,1,25,0.9,Atlético GO,Meio,,,,,0,0,1,0
2026,Caio Soares,Náutico,LCMF,Meia,21,1,25,0.9,,Meio,,,,,0,0,1,0
2026,Jadson,Botafogo-SP,RCMF,Meia,21,2,25,0.9,Botafogo SP,Meio,1094414,,,,0,0,2,0
2026,Marquinho,Botafogo-SP,RDMF,Volante,24,2,24,0.9,Botafogo SP,Meio,,,,,0,0,2,0
2026,Joao Vittor,Avaí,RB,Lateral,19,1,24,0.9,Avaí U20,Cai,,,,,0,0,1,0
2026,Lenny Lobato,Ceará,RAMF,Extremo,25,1,23,0.9,,Meio,865028,,,,0,0,2,0
2026,Alemao Imming,Avaí,LB,Lateral,20,1,23,0.8,Avaí U20,Cai,,,,,0,0,1,0
2026,Wellington Manzoli,São Bernardo,LCB,Zaga,25,1,22,0.8,São Bernardo FC,Meio,,,,,0,0,2,0
2026,Aloisio,Ceará,RB,Lateral,18,2,22,0.9,Ceará,Meio,,,,,0,0,1,0
2026,R. Esmeraldo,Vila Nova,LCB,Zaga,18,1,22,0.8,Vila Nova U20,Sobe,,,,,0,0,1,0
2026,Guilherme,CRB,CF,Atacante,20,1,21,0.8,CRB U20,Meio,139607,,,,0,1,2,0
2026,Fernando Sobral,Sport,AMF,Meia,31,1,20,0.7,Coritiba,Meio,350342,,,,0,0,1,0
2026,Vitinho,Atlético-GO,RAMF,Extremo,25,1,19,0.7,Atlético GO,Meio,813048,,,,0,0,2,0
2026,Breninho,São Bernardo,RAMF,Extremo,21,1,19,0.7,São Bernardo FC,Meio,,,,,0,0,1,0
2026,Juan Zuluaga,Operário-PR,DMF,Volante,33,1,19,0.7,Operário PR,Meio,262553,,,,0,1,2,0
2026,Lipão,Sport,CF,Atacante,19,1,18,0.7,Sport Recife,Meio,,,,,0,0,1,0
2026,Gabriel Cicala,Ponte Preta,RDMF,Volante,18,1,18,0.7,Ponte Preta U20,Cai,,,,,0,0,1,0
2026,Erik Rebello,Botafogo-SP,LCMF,Meia,21,1,17,0.6,Botafogo SP U20,Meio,1222356,,,,0,0,1,0
2026,Max,Sport,RW,Extremo,25,2,17,0.6,Chapecoense,Meio,1226150,,,,0,0,2,0
2026,Samuel Lucas,Vila Nova,RCB,Zaga,18,1,16,0.6,Vila Nova,Sobe,,,,,0,0,1,0
2026,Aiyran,Cuiabá,CF,Atacante,17,1,16,0.6,Cuiabá,Meio,,,,,0,0,1,0
2026,Ruan Ribeiro,Vila Nova,LAMF,Extremo,22,1,16,0.6,Vila Nova,Sobe,,,,,0,0,3,0
2026,Jardiel,Novorizontino,CF,Atacante,21,1,16,0.6,Grêmio Novorizontino,Sobe,976951,,,,0,0,1,0
2026,Danilo Cunha,Goiás,LWF,Extremo,19,1,16,0.6,Goiás U20,Meio,1257107,,,,0,0,2,0
2026,Biel Silva,América-MG,LCMF,Meia,18,1,15,0.6,América Mineiro U20,Cai,,,,,0,0,1,0
2026,Léo Gaúcho,Operário-PR,CF,Atacante,24,1,14,0.5,Fagiano Okayama,Meio,,,,,0,0,2,0
2026,Bidu,Criciúma,LW,Extremo,18,1,14,0.5,Criciúma,Meio,,,,,0,0,1,0
2026,Alexandre Pena,Athletic,RCMF,Meia,21,2,14,0.5,Athletic Club,Meio,1096507,,,,0,0,1,0
2026,Fellipe Resende,Londrina,RW,Extremo,22,1,13,0.5,Volta Redonda,Cai,,,,,0,0,1,0
2026,Murilo Rodrigues,América-MG,RAMF,Extremo,19,1,11,0.4,América Mineiro U20,Cai,,,,,0,0,1,0
2026,Heitor,América-MG,LDMF,Volante,22,1,11,0.4,América Mineiro,Cai,902123,,,,0,0,2,0
2026,Caio Brazil,Avaí,LWF,Extremo,18,1,10,0.4,Avaí U20,Cai,,,,,0,0,1,0
2026,Rikelme,Náutico,RAMF,Extremo,20,1,9,0.3,Náutico,Meio,,,,,0,0,1,0
2026,João Magalhães,Goiás,RCMF,Meia,17,1,9,0.3,Goiás U17,Meio,,,,,0,0,1,0
2026,Charles,Operário-PR,LCB,Zaga,31,1,8,0.3,Operário PR,Meio,,,,,0,0,2,0
2026,Wendell,Náutico,RAMF,Extremo,18,1,8,0.3,Nautico U20,Meio,,,,,0,0,3,0
2026,Adriel,Sport,RCMF,Meia,20,1,6,0.2,Sport Recife,Meio,,,,,0,1,2,0
2026,Darlan,Botafogo-SP,LCB,Zaga,22,1,6,0.2,Botafogo SP,Meio,997862,,,,0,0,1,0
2026,Lucas Reis,São Bernardo,CF,Atacante,25,1,5,0.2,São Bernardo FC,Meio,980681,,,,0,0,1,0
2026,P. Sampaio,Athletic,DMF,Volante,31,1,5,0.2,Athletic Club,Meio,,,,,0,0,1,0
2026,João Victor,São Bernardo,LCMF,Meia,21,1,3,0.1,São Bernardo FC,Meio,,,,,0,0,2,0
2026,Vitor Ribeiro,Ponte Preta,CF,Atacante,27,1,2,0.1,Ponte Preta,Cai,975774,,,,0,0,1,0
2025,Dênis Júnior,Ferroviária,GK,Goleiro,28,38,3824,100.2,Ferroviária,Cai,650517,,,,1,3,3,1
2025,W. Clar,Chapecoense,LWB,Lateral,31,38,3795,97.9,Atlante,Sobe,,,,,1,1,2,0
2025,Tadeu,Goiás,GK,Goleiro,34,37,3753,98.4,Goiás,Meio,258367,,,,1,2,2,1
2025,Lucão,América-MG,LCB,Zaga,30,37,3750,95.8,Chongqing Tongliang Long,Meio,,,,,1,2,3,1
2025,Eduardo Brock,Avaí,LCB,Zaga,35,37,3698,96.6,Grêmio Novorizontino,Meio,435232,,,,1,1,1,0
2025,Marcelo Rangel,Remo,GK,Goleiro,38,37,3670,95.6,Remo,Sobe,412610,,,,1,1,1,0
2025,Marquinhos Gabriel,Avaí,LW,Extremo,35,37,3629,94.8,Vila Nova,Meio,100091,,,,1,1,2,0
2025,Rodrigo,Criciúma,CB,Zaga,39,36,3611,93.4,Criciúma,Meio,,,,,1,1,3,0
2025,Matheus Albino,CRB,GK,Goleiro,31,36,3593,94.3,CRB,Meio,363811,,,,1,3,3,1
2025,Rafael Carvalheira,Chapecoense,RCMF,Meia,27,38,3540,91.4,Chapecoense,Sobe,,,,,1,2,3,1
2025,Luciano Castán,Criciúma,LCB,Zaga,36,35,3532,91.4,Criciúma,Meio,140541,,,,1,1,2,0
2025,Matheus Ribeiro,CRB,LB,Lateral,33,37,3468,91.0,Náutico,Meio,373299,,,,1,2,3,1
2025,Henri,CRB,RCB,Zaga,24,35,3450,90.5,CRB,Meio,627214,,,,1,1,2,0
2025,Victor Souza,Botafogo-SP,GK,Goleiro,34,34,3425,89.6,Botafogo SP,Meio,628522,,,,1,1,3,0
2025,Sidimar,Athletic,LCB,Zaga,34,35,3401,89.2,Athletic Club,Meio,129119,,,,1,1,1,0
2025,Carlão,Ferroviária,CF,Atacante,34,36,3375,88.4,Grêmio Novorizontino,Cai,,,,,1,0,3,0
2025,Elias,Vila Nova,RB,Lateral,27,34,3331,87.4,Mirassol,Meio,525510,,,,1,1,2,0
2025,Elias,Operário-PR,GK,Goleiro,31,33,3330,88.0,Operário PR,Meio,525510,,,,1,1,2,0
2025,Lucas Rodrigues,Ferroviária,RB,Lateral,27,35,3319,87.0,Ferroviária,Cai,,,,,1,0,1,0
2025,Airton,Novorizontino,GK,Goleiro,32,33,3310,84.9,Criciúma,Meio,377799,,,,1,0,3,0
2025,Higor Meritão,CRB,DMF,Volante,32,35,3283,86.1,Vila Nova,Meio,646432,,,,1,1,1,0
2025,Juninho,Goiás,RCMF,Meia,38,36,3274,85.8,Goiás,Meio,,,,,1,0,3,0
2025,Halls,Vila Nova,GK,Goleiro,27,32,3252,85.3,Kyoto Sanga,Meio,734169,,,,1,1,2,0
2025,João Vieira,Vila Nova,RDMF,Volante,28,36,3244,85.1,Vila Nova,Meio,699824,,,,1,2,2,1
2025,Boschilia,Operário-PR,CF,Atacante,30,34,3228,85.4,Operário PR,Meio,,,,,1,1,2,0
2025,Diego Gonçalves,Criciúma,LW,Extremo,31,37,3198,82.7,Criciúma,Meio,405720,,,,1,1,2,0
2025,Cléber,Avaí,CF,Atacante,29,37,3179,83.0,Yunnan Yukun,Meio,645600,,,,1,1,2,0
2025,Anselmo Ramon,Goiás,CF,Atacante,38,35,3153,82.7,Goiás,Meio,118007,,,,1,3,3,1
2025,S. Gómez,Coritiba,LCMF,Meia,30,34,3149,81.4,Coritiba,Sobe,,,,,1,2,2,1
2025,Fabiano,Amazonas,LB,Lateral,36,32,3118,80.7,Amazonas,Cai,461924,,,,1,2,3,1
2025,Denilson,Cuiabá,LCMF,Meia,25,35,3056,79.7,Mirassol,Meio,,,,,1,0,1,0
2025,Tiago Pagnussat,Vila Nova,RCB,Zaga,36,33,3022,79.3,Vila Nova,Meio,346729,,,,1,2,3,1
2025,Maicon,Coritiba,RCB,Zaga,37,31,3021,78.1,Coritiba,Sobe,84695,,,,1,1,1,0
2025,Jacy,Coritiba,LCB,Zaga,29,32,3017,78.0,Coritiba,Sobe,593382,,,,1,1,2,0
2025,G. Risso,Botafogo-SP,LB,Lateral,30,35,3013,78.9,Colón,Meio,,,,,1,1,2,0
2025,Pedro Morisco,Coritiba,GK,Goleiro,22,30,2993,77.4,Coritiba,Sobe,974488,,,,1,2,2,1
2025,Marcos Vinicius,Avaí,RB,Lateral,29,34,2980,77.8,Chapecoense,Meio,,,,,1,2,2,1
2025,Ricardinho,Ferroviária,DMF,Volante,37,33,2976,78.0,Ferroviária,Cai,72438,,,,1,1,2,0
2025,Pedro Rocha,Remo,LW,Extremo,31,32,2972,77.4,Coritiba,Sobe,362844,,,,1,2,3,1
2025,Zeca,Coritiba,LB,Lateral,32,33,2964,76.6,Athletic Club,Sobe,325196,,,,1,1,3,0
2025,Willean Lepo,Goiás,LB,Lateral,29,31,2962,77.7,Criciúma,Meio,544464,,,,1,2,2,1
2025,Josué,Coritiba,AMF,Meia,35,34,2952,76.3,Coritiba,Sobe,72772,,,,1,1,2,0
2025,Eduardo Doma,Chapecoense,CB,Zaga,28,32,2950,76.1,Chapecoense,Sobe,,,,,1,2,3,1
2025,Adriel,Athletic,GK,Goleiro,25,30,2937,77.1,Torreense,Meio,,,,,1,1,1,0
2025,Larry Vásquez,Amazonas,RCMF,Meia,33,32,2908,75.3,Inter Bogotá,Cai,260925,,,,1,1,1,0
2025,João Paulo,Chapecoense,LCB,Zaga,29,31,2874,74.2,Chapecoense,Sobe,,,,,1,1,3,0
2025,João Vitor,Avaí,RW,Extremo,28,35,2869,74.9,Londrina,Meio,935978,,,,1,0,2,0
2025,Ronaldo Alves,Ferroviária,LCB,Zaga,37,29,2865,75.1,Noroeste,Cai,124543,,,,1,1,1,0
2025,Mateusinho,Cuiabá,RB,Lateral,27,31,2859,74.6,Vitória,Meio,,,,,1,1,1,0
2025,Ricardo Silva,América-MG,RCB,Zaga,34,29,2859,73.0,América Mineiro,Meio,206097,,,,1,2,2,1
2025,Messias,Goiás,RCB,Zaga,31,29,2843,74.5,Juventude,Meio,401539,,,,1,1,2,0
2025,Danielzinho,CRB,LCMF,Meia,30,34,2834,74.4,CRB,Meio,,,,,1,2,3,1
2025,B. Zapelli,Athletico Paranaense,RCMF,Meia,24,35,2829,72.6,Athletico Paranaense,,,,,,1,1,1,0
2025,Guilherme Romão,Atlético-GO,LB,Lateral,28,30,2764,74.7,Santa Clara,Meio,519879,,,,1,1,2,0
2025,Reverson,Paysandu,LB,Lateral,29,32,2761,74.3,CRB,Cai,642570,,,,1,3,3,1
2025,Jonathan Costa,Avaí,RCB,Zaga,31,30,2758,72.0,Guarani,Meio,355471,,,,1,1,3,0
2025,Patrick,Novorizontino,LCB,Zaga,27,30,2758,70.7,Grêmio Novorizontino,Meio,,,,,1,0,3,0
2025,Alisson,Criciúma,GK,Goleiro,31,28,2756,71.3,Criciúma,Meio,375532,,,,1,1,2,0
2025,Willian Formiga,Vila Nova,LB,Lateral,31,29,2750,72.1,Vila Nova,Meio,477621,,,,1,1,3,0
2025,Rodrigo Soares,Novorizontino,RB,Lateral,33,30,2741,70.3,Goiás,Meio,388236,,,,1,1,3,0
2025,Thiaguinho,CRB,RAMF,Extremo,25,37,2730,71.6,CRB,Meio,,,,,1,1,2,0
2025,Sánchez,Volta Redonda,LB,Lateral,30,31,2714,71.4,Ceará,Cai,375241,,,,1,1,1,0
2025,Sandry,Athletic,RDMF,Volante,24,30,2710,71.1,Criciúma,Meio,574768,,,,1,1,2,0
2025,Douglas Pelé,Athletic,RB,Lateral,27,32,2688,70.5,Athletic Club,Meio,868085,,,,1,1,1,0
2025,Max,Cuiabá,LB,Lateral,25,32,2680,69.9,Chapecoense,Meio,,,,,1,0,1,0
2025,Marcinho,Criciúma,RB,Lateral,30,30,2655,68.7,Criciúma,Meio,,,,,1,0,3,0
2025,Klaus,Remo,RCB,Zaga,32,27,2644,68.9,Operário PR,Sobe,,,,,1,1,1,0
2025,César Martins,Novorizontino,RCB,Zaga,33,27,2616,67.1,Criciúma,Meio,269467,,,,1,2,3,1
2025,Lucas Ronier,Coritiba,RW,Extremo,21,29,2612,67.5,Coritiba,Sobe,1090819,,,,1,2,2,1
2025,Willian,América-MG,CF,Atacante,39,33,2604,66.5,América Mineiro,Meio,,,,,1,1,2,0
2025,Zé Ricardo,Avaí,DMF,Volante,30,28,2580,67.4,Avaí,Meio,476336,,,,1,1,3,0
2025,L. Maciel,Botafogo-SP,LDMF,Volante,30,35,2570,67.3,Botafogo SP,Meio,,,,,1,1,1,0
2025,Gustavo Medina,Ferroviária,RCB,Zaga,25,27,2556,67.0,Ferroviária,Cai,799148,,,,1,1,1,0
2025,Giovanni Augusto,Chapecoense,AMF,Meia,36,31,2556,66.0,Chapecoense,Sobe,125513,,,,1,1,3,0
2025,Caio Vinícius,Remo,DMF,Volante,27,28,2549,66.4,Yunnan Yukun,Sobe,565443,,,,1,1,1,0
2025,Marcinho,Chapecoense,CF,Atacante,31,34,2540,65.5,Chapecoense,Sobe,,,,,1,0,3,0
2025,Luís Oyama,Novorizontino,RCMF,Meia,29,35,2530,64.9,Grêmio Novorizontino,Meio,555277,,,,1,1,1,0
2025,Victor Caetano,Chapecoense,RCB,Zaga,28,28,2514,64.9,Chapecoense,Sobe,636507,,,,1,1,2,0
2025,Jefferson Nem,Botafogo-SP,LAMF,Extremo,30,31,2512,65.7,Botafogo SP,Meio,402734,,,,1,1,1,0
2025,Juan Zuluaga,Operário-PR,RCMF,Meia,33,32,2511,66.4,Operário PR,Meio,262553,,,,1,1,1,0
2025,Raí,Volta Redonda,RW,Extremo,24,31,2480,65.2,Juventude,Cai,,,,,1,1,2,0
2025,Júlio César,América-MG,RB,Lateral,22,31,2474,63.2,Ceará,Meio,985345,,,,1,1,3,0
2025,Netinho,Ferroviária,RCMF,Meia,28,31,2462,64.5,Atlético GO,Cai,978036,,,,1,1,2,0
2025,Nicolas,Criciúma,CF,Atacante,36,33,2459,63.6,Criciúma,Meio,186408,,,,1,1,3,0
2025,Matheus Trindade,Criciúma,LCMF,Meia,30,35,2459,63.6,Operário PR,Meio,395060,,,,1,1,3,0
2025,Alencar,Ferroviária,RCMF,Meia,24,36,2457,64.4,Ferroviária,Cai,981213,,,,1,1,1,0
2025,Reynaldo,Remo,LCB,Zaga,29,28,2448,63.8,,Sobe,514297,,,,1,1,2,0
2025,Kevin Ramírez,Amazonas,CF,Atacante,32,29,2447,63.3,Chapecoense,Cai,311182,,,,1,1,1,0
2025,João Vitor,Novorizontino,LCB,Zaga,21,26,2445,62.7,Athletico Paranaense,Meio,935978,,,,1,0,2,0
2025,Léo Vieira,Chapecoense,GK,Goleiro,35,24,2432,62.8,Bahia,Sobe,67144,,,,1,1,3,0
2025,Paulo Vítor,Atlético-GO,GK,Goleiro,37,24,2419,65.4,Atlético GO,Meio,,,,,1,1,1,0
2025,Léo,Athletico Paranaense,LCB,Zaga,30,27,2411,61.9,Athletico Paranaense,,,,,,1,0,2,0
2025,Fábio Matheus,Novorizontino,LCMF,Meia,23,29,2405,61.7,Sport Recife,Meio,1087725,,,,1,1,3,0
2025,Matheus Frizzo,Novorizontino,AMF,Meia,28,34,2403,61.6,Suwon,Meio,688878,,,,1,3,3,1
2025,Bruno Matias,Chapecoense,LCMF,Meia,27,25,2389,61.7,Chapecoense,Sobe,671292,75.0,1,12.0,1,1,3,0
2025,Rodrigo Gelado,Athletic,LB,Lateral,22,27,2386,62.6,Athletic Club,Meio,1014555,,,,1,2,3,1
2025,Miranda,Operário-PR,RCB,Zaga,26,24,2379,62.9,Operário PR,Meio,412376,,,,1,2,2,1
2025,Welinton Torrão,Athletic,RAMF,Extremo,27,31,2366,62.1,Santa Clara,Meio,687361,,,,1,1,2,0
2025,Bruno Melo,Coritiba,LB,Lateral,33,28,2350,60.8,Coritiba,Sobe,538230,,,,1,2,2,1
2025,Filipinho,Athletico Paranaense,RCMF,Meia,24,31,2340,60.0,Athletico Paranaense,,,,,,1,2,2,1
2025,Neto Paraíba,Operário-PR,LCMF,Meia,34,31,2340,61.9,Operário PR,Meio,594650,,,,1,2,3,1
2025,Bruno Leonardo,Chapecoense,CB,Zaga,30,28,2314,59.7,Hatta,Sobe,729587,,,,0,1,3,0
2025,Nathan,Cuiabá,RCB,Zaga,31,26,2309,60.2,Buriram United,Meio,,,,,1,0,2,0
2025,David Braga,Athletic,AMF,Meia,24,33,2303,60.4,Remo,Meio,1091022,,,,1,1,2,0
2025,Ericson,Botafogo-SP,RCB,Zaga,27,26,2296,60.1,Botafogo SP,Meio,555017,,,,1,1,3,0
2025,Índio,Operário-PR,DMF,Volante,33,30,2291,60.6,Operário PR,Meio,538257,,,,1,1,2,0
2025,Jeferson,Botafogo-SP,RB,Lateral,30,28,2285,59.8,Brusque,Meio,294789,,,,0,0,1,0
2025,Henrique Almeida,Amazonas,CF,Atacante,35,29,2283,59.1,Gama,Cai,103743,,,,0,0,3,0
2025,Juninho,Ferroviária,LW,Extremo,31,34,2277,59.7,Ferroviária,Cai,,,,,0,0,3,0
2025,Rafael Gava,Goiás,LCMF,Meia,33,30,2276,59.7,Botafogo SP,Meio,411563,,,,0,1,3,0
2025,Gabriel Bispo,Botafogo-SP,RDMF,Volante,29,27,2244,58.7,,Meio,671048,,,,0,0,2,0
2025,Gabriel Pinheiro,Volta Redonda,RCB,Zaga,29,25,2232,58.7,Juventude,Cai,806150,,,,0,0,2,0
2025,N. Pessôa,Chapecoense,CF,Atacante,32,31,2203,56.9,Chapecoense,Sobe,,,,,0,1,3,0
2025,Alex Silva,Coritiba,RB,Lateral,32,25,2200,56.9,América Mineiro,Sobe,277713,,,,0,0,3,0
2025,Jean Drosny,Volta Redonda,GK,Goleiro,32,22,2194,57.7,Paysandu,Cai,639135,,,,0,0,1,0
2025,César Augusto,Avaí,GK,Goleiro,31,22,2193,57.3,Grêmio Novorizontino,Meio,,,,,0,1,2,0
2025,Robert,Atlético-GO,AMF,Meia,23,33,2192,59.2,Chapecoense,Meio,,,,,0,0,2,0
2025,Marlon,Paysandu,RW,Extremo,28,31,2176,58.5,Sport Recife,Cai,,,,,0,1,3,0
2025,Lucas Ribeiro,Goiás,LCB,Zaga,27,25,2165,56.8,Goiás,Meio,605893,,,,0,1,3,0
2025,Luizão,Atlético-GO,LDMF,Volante,28,28,2159,58.3,CRB,Meio,,,,,0,0,1,0
2025,Jhonata Robert,Criciúma,RW,Extremo,26,31,2156,55.8,Criciúma,Meio,711338,,,,0,0,1,0
2025,Diego Caito,Goiás,RB,Lateral,22,27,2154,56.5,Goiás,Meio,1092620,,,,0,0,2,0
2025,Bruno Alves,Cuiabá,RCB,Zaga,35,24,2151,56.1,Criciúma,Meio,177534,,,,0,0,2,0
2025,Rodrigo Rodrigues,Operário-PR,LW,Extremo,26,32,2149,56.8,Cuiabá,Meio,,,,,0,0,3,0
2025,Guilherme Lobo,Criciúma,RCMF,Meia,26,29,2140,55.4,Criciúma,Meio,1151724,,,,0,0,1,0
2025,Santos,Athletico Paranaense,GK,Goleiro,36,21,2124,54.5,Athletico Paranaense,,140811,,,,0,0,1,0
2025,Welliton Matheus,Goiás,RW,Extremo,26,36,2111,55.3,Fortaleza,Meio,,,,,0,1,3,0
2025,Jhonny,Volta Redonda,RB,Lateral,24,28,2105,55.4,América Mineiro,Cai,992534,,,,0,0,2,0
2025,Dodô,Vila Nova,AMF,Meia,25,33,2092,54.9,Náutico,Meio,,,,,0,0,3,0
2025,Patrick,Athletico Paranaense,LCMF,Meia,34,31,2082,53.4,Remo,,,,,,0,0,3,0
2025,Sander,Cuiabá,LB,Lateral,35,24,2077,54.2,Grêmio Novorizontino,Meio,353722,,,,0,0,2,0
2025,Emerson Negueba,Avaí,LW,Extremo,25,29,2076,54.2,Jeju SK,Meio,858495,,,,0,1,2,0
2025,Sávio,Remo,LB,Lateral,31,23,2066,53.8,Ceará,Sobe,607093,,,,0,0,2,0
2025,Filipe Machado,Coritiba,DMF,Volante,30,35,2056,53.2,Goiás,Sobe,520629,,,,0,0,1,0
2025,Gabriel Poveda,Vila Nova,CF,Atacante,28,32,2049,53.8,Remo,Meio,592346,,,,0,0,3,0
2025,L. Segovia,CRB,LCB,Zaga,28,24,2047,53.7,LDU Quito,Meio,,,,,0,0,2,0
2025,Maurício Garcez,Paysandu,LAMF,Extremo,29,22,2046,55.0,Chapecoense,Cai,802809,,,,0,1,2,0
2025,Gustavo Coutinho,Coritiba,CF,Atacante,27,37,2042,52.8,Atlético GO,Sobe,612340,,,,0,2,3,1
2025,L. Esquivel,Athletico Paranaense,LB,Lateral,24,23,2042,52.4,Athletico Paranaense,,,,,,0,0,1,0
2025,Edílson,Paysandu,RB,Lateral,31,27,2041,54.9,Paysandu,Cai,684376,,,,0,1,2,0
2025,Luiz Fernando,Athletico Paranaense,LWF,Extremo,29,33,2040,52.3,Fortaleza,,,,,,0,0,2,0
2025,Thalisson,Paysandu,RCB,Zaga,24,21,2039,54.9,Remo,Cai,874307,,,,0,1,3,0
2025,Ronaldo Tavares,Athletic,CF,Atacante,28,25,2037,53.5,Athletic Club,Meio,340531,,,,0,0,1,0
2025,Jonathan Cafú,Botafogo-SP,RAMF,Extremo,35,33,2026,53.0,Ponte Preta,Meio,347100,,,,0,0,1,0
2025,Marcelo Ajul,Athletic,RCB,Zaga,23,24,2021,53.0,Sport Recife,Meio,910216,,,,0,0,1,0
2025,Paulinho,América-MG,LB,Lateral,22,22,2020,51.6,Vasco da Gama,Meio,,,,,0,0,3,0
2025,Gegé,CRB,RCMF,Meia,32,30,2007,52.7,Goiás,Meio,299596,,,,0,1,3,0
2025,Alexis Alvariño,Amazonas,RCB,Zaga,25,21,2003,51.8,Grêmio Novorizontino,Cai,911994,,,,0,1,3,0
2025,Miguelito,América-MG,RW,Extremo,22,25,1987,50.8,Santos,Meio,1063811,,,,0,0,2,0
2025,Alan Empereur,Cuiabá,LCB,Zaga,32,21,1978,51.6,Cuiabá,Meio,169179,,,,0,0,1,0
2025,Felipinho,Criciúma,LB,Lateral,29,24,1977,51.2,Sport Recife,Meio,,,,,0,0,3,0
2025,Calebe Costa,Cuiabá,CB,Zaga,23,28,1965,51.3,Cuiabá,Meio,1033501,,,,0,0,1,0
2025,Matheus Nogueira,Paysandu,GK,Goleiro,28,21,1958,52.7,São Bernardo FC,Cai,636741,,,,0,0,2,0
2025,Adriano Martins,Atlético-GO,LCB,Zaga,29,20,1955,52.8,Atlético GO,Meio,739272,,,,0,1,2,0
2025,Cristiano,Operário-PR,LB,Lateral,32,22,1935,51.2,Sporting Cristal,Meio,,,,,0,0,3,0
2025,Kauã Diniz,América-MG,RCMF,Meia,22,27,1927,49.2,RB Omiya Ardija,Meio,1086631,,,,0,0,2,0
2025,Marcelinho,Remo,RB,Lateral,28,25,1923,50.1,Remo,Sobe,,,,,0,0,3,0
2025,Mário Sérgio,Avaí,LB,Lateral,32,24,1913,50.0,São Bernardo FC,Meio,,,,,0,1,3,0
2025,F. Martínez,Atlético-GO,RAMF,Extremo,30,33,1911,51.6,Liverpool,Meio,,,,,0,0,1,0
2025,André Luiz,Volta Redonda,DMF,Volante,31,29,1910,50.2,Londrina,Cai,792343,,,,0,0,2,0
2025,Léo Naldi,Criciúma,LCMF,Meia,24,29,1904,49.3,Grêmio Novorizontino,Meio,859135,,,,0,0,2,0
2025,Joseph,Operário-PR,RCB,Zaga,31,19,1899,50.2,Operário PR,Meio,663523,,,,0,0,2,0
2025,Mikael,CRB,CF,Atacante,27,32,1895,49.7,CRB,Meio,642689,,,,0,0,2,0
2025,Max,Athletic,LAMF,Extremo,24,27,1892,49.6,Athletic Club,Meio,,,,,0,0,1,0
2025,Gabriel Mesquita,Paysandu,GK,Goleiro,27,19,1877,50.5,Paysandu,Cai,645897,,,,0,0,2,0
2025,Igor Henrique,Vila Nova,AMF,Meia,34,26,1856,48.7,Atlético GO,Meio,521074,,,,0,0,3,0
2025,JP,Avaí,LCMF,Meia,21,28,1856,48.5,Vasco da Gama,Meio,1083970,,,,0,0,1,0
2025,K. Viveros,Athletico Paranaense,CF,Atacante,26,21,1855,47.6,Athletico Paranaense,,,,,,0,0,1,0
2025,Figueiredo,América-MG,LW,Extremo,24,21,1841,47.0,Alverca,Meio,703324,17.0,1,3.0,0,0,2,0
2025,Marcão,Goiás,DMF,Volante,35,24,1839,48.2,São Bernardo FC,Meio,,,,,0,1,2,0
2025,Alix,Atlético-GO,RCB,Zaga,26,19,1838,49.7,Red Bull Bragantino,Meio,880217,,,,0,0,2,0
2025,Mateus Pasinato,Cuiabá,GK,Goleiro,34,18,1826,47.6,Felgueiras 1932,Meio,349418,,,,0,0,1,0
2025,Thiago Lopes,Ferroviária,RW,Extremo,29,34,1820,47.7,Noroeste,Cai,393835,,,,0,0,2,0
2025,Matheus Mendes,América-MG,GK,Goleiro,27,18,1813,46.3,Alverca,Meio,629077,,,,0,0,1,0
2025,Jean Irmer,Novorizontino,LCMF,Meia,31,27,1813,46.5,Criciúma,Meio,349826,,,,0,0,3,0
2025,Pierre,Volta Redonda,RCMF,Meia,24,19,1809,47.6,Fortaleza,Cai,802646,,,,0,0,3,0
2025,Miquéias,América-MG,RCMF,Meia,25,28,1787,45.7,Kaisar,Meio,973707,,,,0,1,3,0
2025,Kauan,Atlético-GO,AMF,Meia,21,32,1782,48.1,Athletic Club,Meio,,,,,0,0,2,0
2025,Weverton,Vila Nova,LCB,Zaga,23,19,1761,46.2,Kyoto Sanga,Meio,,,,,0,0,2,0
2025,Maílton,Chapecoense,RWB,Lateral,28,20,1759,45.4,Fortaleza,Sobe,607210,,,,0,0,3,0
2025,MV,Volta Redonda,LW,Extremo,28,22,1757,46.2,Arema,Cai,873874,,,,0,0,1,0
2025,Yuri,Athletic,LB,Lateral,30,25,1751,45.9,Náutico,Meio,,,,,0,0,1,0
2025,Renan,Amazonas,GK,Goleiro,37,18,1746,45.2,Amazonas,Cai,,,,,0,1,2,0
2025,Alisson Safira,Cuiabá,CF,Atacante,31,22,1742,45.4,Juventude,Meio,443338,,,,0,0,1,0
2025,Mayk,Novorizontino,LB,Lateral,26,21,1739,44.6,Remo,Meio,603423,83.0,1,32.0,0,1,2,0
2025,G. Benavídez,Athletico Paranaense,RB,Lateral,30,19,1735,44.5,Athletico Paranaense,,,,,,0,0,1,0
2025,Bryan,Paysandu,RB,Lateral,29,23,1707,45.9,Ceará,Cai,,,,,0,0,3,0
2025,Léo Campos,CRB,LB,Lateral,34,21,1705,44.7,CRB,Meio,203643,,,,0,0,1,0
2025,Crystopher,CRB,RCMF,Meia,28,22,1704,44.7,CRB,Meio,730982,,,,0,0,3,0
2025,Mycael,Athletico Paranaense,GK,Goleiro,22,17,1700,43.6,Athletico Paranaense,,743586,,,,0,0,1,0
2025,N. Castrillón,Amazonas,RB,Lateral,30,22,1698,43.9,Atlético Bucaramanga,Cai,,,,,0,0,1,0
2025,Juan Christian,Cuiabá,LW,Extremo,25,32,1693,44.2,Riga FC,Meio,1010016,,,,0,0,3,0
2025,Pedro Castro,Remo,LCMF,Meia,33,28,1692,44.1,CRB,Sobe,214312,,,,0,0,2,0
2025,Marlon,América-MG,LB,Lateral,32,18,1689,43.2,Cuiabá,Meio,,,,,0,1,3,0
2025,Jáderson,Remo,RCMF,Meia,26,26,1679,43.7,Remo,Sobe,653349,,,,0,0,2,0
2025,Rafael Tavares,Amazonas,CF,Atacante,35,32,1673,43.3,Amazonas,Cai,307289,,,,0,0,2,0
2025,A. Dramisino,Botafogo-SP,AMF,Meia,26,28,1668,43.7,Atlanta,Meio,,,,,0,0,1,0
2025,Albano,Ferroviária,AMF,Meia,29,29,1667,43.7,Ferroviária,Cai,530413,,,,0,0,1,0
2025,David,Cuiabá,RCMF,Meia,19,25,1664,43.4,Cuiabá,Meio,,,,,0,0,3,0
2025,Fabio Alemão,CRB,LCB,Zaga,29,19,1662,43.6,CRB,Meio,544254,47.0,1,49.0,0,0,3,0
2025,Moraes,Goiás,LB,Lateral,28,21,1661,43.6,Operário PR,Meio,596586,,,,0,0,2,0
2025,Leandro Vilela,Paysandu,LDMF,Volante,31,19,1637,44.0,Atlético GO,Cai,347090,,,,0,0,3,0
2025,Pedrinho,Goiás,LW,Extremo,22,26,1624,42.6,Goiás,Meio,,,,,0,0,3,0
2025,Mariano,América-MG,RB,Lateral,40,21,1623,41.5,,Meio,54155,,,,0,0,1,0
2025,Wesley Dias,Botafogo-SP,LDMF,Volante,31,20,1622,42.4,Cuiabá,Meio,520456,,,,0,0,1,0
2025,Iury,Coritiba,LW,Extremo,30,27,1613,41.7,Albirex Niigata,Sobe,,,,,0,0,3,0
2025,S. Mendoza,Athletico Paranaense,RW,Extremo,34,21,1612,41.4,Athletico Paranaense,,,,,,0,0,1,0
2025,Gabriel Feliciano,Operário-PR,LB,Lateral,25,22,1608,42.5,Operário PR,Meio,1100029,,,,0,0,2,0
2025,Weverton,CRB,RB,Lateral,27,22,1605,42.1,Londrina,Meio,,,,,0,0,2,0
2025,Wallisson,Coritiba,DMF,Volante,28,30,1604,41.5,Mirassol,Sobe,742073,,,,0,0,2,0
2025,Gabriel Bahia,Volta Redonda,LCB,Zaga,27,17,1593,41.9,Grêmio Novorizontino,Cai,1128780,,,,0,0,1,0
2025,Robson,Novorizontino,CF,Atacante,35,24,1592,40.8,Grêmio Novorizontino,Meio,161188,,,,0,0,2,0
2025,André Lima,Paysandu,RCMF,Meia,26,23,1581,42.5,Ponte Preta,Cai,740299,,,,0,0,1,0
2025,Júnior Todinho,Vila Nova,RAMF,Extremo,32,25,1580,41.4,Náutico,Meio,518080,,,,0,0,3,0
2025,Bruno José,Novorizontino,RW,Extremo,28,32,1572,40.3,Atlético GO,Meio,644210,,,,0,1,2,0
2025,Lelê,Atlético-GO,CF,Atacante,28,17,1559,42.1,Fluminense,Meio,972864,,,,0,0,1,0
2025,Patrick De Lucca,Cuiabá,RCMF,Meia,26,25,1556,40.6,CRB,Meio,689737,,,,0,1,2,0
2025,Luan Freitas,Paysandu,RCB,Zaga,25,17,1552,41.8,Fortaleza,Cai,678376,25.0,1,4.0,0,0,3,0
2025,Cauan Barros,América-MG,LCMF,Meia,22,17,1551,39.6,Vasco da Gama,Meio,1083966,,,,0,0,2,0
2025,Carlão,Botafogo-SP,LCB,Zaga,25,18,1550,40.6,Botafogo SP,Meio,,,,,0,0,3,0
2025,Diogo Mateus,Operário-PR,RB,Lateral,33,22,1539,40.7,Botafogo PB,Meio,231009,,,,0,1,3,0
2025,Felipe Amaral,América-MG,LCMF,Meia,23,21,1533,39.2,América Mineiro,Meio,875994,,,,0,0,3,0
2025,Arthur Dias,Athletico Paranaense,LCB,Zaga,19,17,1529,39.2,Athletico Paranaense,,1233473,,,,0,0,1,0
2025,Lucas Mineiro,Cuiabá,RCMF,Meia,30,25,1512,39.4,Juventude,Meio,432958,,,,0,0,1,0
2025,Guilherme Parede,Vila Nova,LAMF,Extremo,30,21,1511,39.6,América Mineiro,Meio,393830,46.0,1,35.0,0,1,2,0
2025,Fabrício Isidoro,Athletic,RDMF,Volante,34,20,1508,39.6,Athletic Club,Meio,512127,,,,0,0,1,0
2025,Waguininho,Novorizontino,RWF,Extremo,36,22,1505,38.6,Criciúma,Meio,346923,,,,0,1,3,0
2025,Marquinho,Botafogo-SP,AMF,Meia,24,26,1504,39.4,Barra,Meio,942096,,,,0,0,1,0
2025,Douglas Baggio,CRB,RW,Extremo,31,32,1502,39.4,CRB,Meio,191872,,,,0,2,3,1
2025,Stênio,América-MG,RW,Extremo,23,29,1502,38.4,Modena,Meio,796574,,,,0,0,1,0
2025,Neto Costa,Athletic,CF,Atacante,29,33,1502,39.4,Guarani,Meio,594549,,,,0,0,1,0
2025,Maycon,Ferroviária,LCB,Zaga,28,18,1497,39.2,Noroeste,Cai,,,,,0,0,1,0
2025,Italo,Chapecoense,CF,Atacante,23,37,1494,38.6,Jeonbuk Motors,Sobe,,,,,0,0,2,0
2025,Carlos Alberto,Cuiabá,CF,Atacante,24,23,1492,38.9,Al Ittihad Kalba,Meio,727747,9.0,1,1.0,0,0,1,0
2025,Jája Silva,Goiás,RW,Extremo,27,31,1486,39.0,Remo,Meio,,,,,0,0,1,0
2025,Lucas Adell,Volta Redonda,LCB,Zaga,26,17,1458,38.3,Volta Redonda,Cai,979440,,,,0,0,2,0
2025,Vitinho,Volta Redonda,RAMF,Extremo,25,22,1448,38.1,Atlético GO,Cai,,,,,0,0,2,0
2025,A. Martínez,Cuiabá,RW,Extremo,29,17,1432,37.4,Huracán,Meio,,,,,0,0,1,0
2025,Rafael Santos,Chapecoense,GK,Goleiro,37,15,1428,36.9,Chapecoense,Sobe,93243,,,,0,1,2,0
2025,Wallison,Botafogo-SP,RB,Lateral,25,22,1425,37.3,Avaí,Meio,682134,,,,0,0,2,0
2025,Alexandre Jesus,Botafogo-SP,CF,Atacante,24,17,1420,37.2,Orenburg,Meio,739439,,,,0,0,3,0
2025,Gustavo,América-MG,GK,Goleiro,33,14,1416,36.2,América Mineiro,Meio,,,,,0,0,2,0
2025,Titi,Goiás,LCB,Zaga,38,15,1414,37.1,Juventude,Meio,55250,,,,0,0,1,0
2025,J. Torres,Amazonas,RW,Extremo,29,24,1413,36.6,Vardar,Cai,,,,,0,0,1,0
2025,William Pottker,CRB,CF,Atacante,32,29,1411,37.0,Londrina,Meio,199472,,,,0,0,3,0
2025,Zé Mário,Ferroviária,LB,Lateral,34,21,1406,36.8,Santa Cruz,Cai,193513,,,,0,0,2,0
2025,Luan Polli,Cuiabá,GK,Goleiro,33,14,1404,36.6,Athletic Club,Meio,273250,,,,0,0,1,0
2025,Tito,Atlético-GO,RCB,Zaga,25,14,1399,37.8,Atlético GO,Meio,867798,,,,0,0,1,0
2025,Wellington Rato,Goiás,AMF,Meia,34,19,1398,36.7,Goiás,Meio,542483,47.0,2,47.0,0,0,1,0
2025,Jefferson Paulino,Volta Redonda,GK,Goleiro,34,14,1394,36.7,Retrô,Cai,437791,,,,0,2,3,1
2025,Diogo de Oliveira,Paysandu,CF,Atacante,29,17,1391,37.4,Daejeon Citizen,Cai,,,,,0,0,1,0
2025,Dellatorre,Coritiba,CF,Atacante,34,25,1390,35.9,Vila Nova,Sobe,184604,,,,0,1,2,0
2025,Luan Silva,Amazonas,CF,Atacante,34,25,1388,35.9,Itabaiana,Cai,680539,,,,0,0,2,0
2025,Vinicius Mingotti,Operário-PR,CF,Atacante,26,27,1386,36.6,Operário PR,Meio,658664,,,,0,0,2,0
2025,Janderson,Remo,RW,Extremo,27,27,1383,36.0,Vila Nova,Sobe,670940,,,,0,0,3,0
2025,Derik Lacerda,Cuiabá,CF,Atacante,26,15,1369,35.7,Kawasaki Frontale,Meio,700933,,,,0,0,1,0
2025,J. Novillo,Paysandu,LCB,Zaga,28,16,1361,36.6,Aldosivi,Cai,,,,,0,0,1,0
2025,Ronald,Atlético-GO,RDMF,Volante,23,14,1350,36.5,Fortaleza,Meio,,,,,0,0,3,0
2025,Bruno Barra,Volta Redonda,RDMF,Volante,40,17,1346,35.4,Volta Redonda,Cai,439796,,,,0,0,1,0
2025,Igor Bohn,Avaí,GK,Goleiro,30,14,1344,35.1,Avaí,Meio,530385,,,,0,0,3,0
2025,Maurício Antônio,Paysandu,LCB,Zaga,34,15,1342,36.1,Guarani,Cai,340557,,,,0,0,2,0
2025,Giovanni Pavani,Remo,RCMF,Meia,29,24,1329,34.6,Ceará,Sobe,976522,,,,0,1,2,0
2025,Dadá Belmonte,CRB,LWF,Extremo,29,23,1322,34.7,CRB,Meio,546253,,,,0,0,1,0
2025,Léo Coelho,Amazonas,LCB,Zaga,33,14,1315,34.0,Amazonas,Cai,375688,,,,0,0,1,0
2025,J. Aguirre,Athletico Paranaense,CB,Zaga,30,16,1310,33.6,Athletico Paranaense,,,,,,0,0,1,0
2025,Kayky Almeida,Remo,LCB,Zaga,21,15,1286,33.5,Sport Recife,Sobe,1089609,,,,0,0,1,0
2025,Wellington Silva,Volta Redonda,RB,Lateral,38,20,1282,33.7,Volta Redonda,Cai,99500,,,,0,0,2,0
2025,Ítalo,Volta Redonda,CF,Atacante,29,18,1274,33.5,Paysandu,Cai,,,,,0,0,2,0
2025,André Luis,Vila Nova,CF,Atacante,29,23,1267,33.2,Vila Nova,Meio,519851,,,,0,0,1,0
2025,Igor Morais,Volta Redonda,RCB,Zaga,28,13,1263,33.2,Botafogo PB,Cai,546214,,,,0,0,1,0
2025,Rafael Milhorim,Botafogo-SP,LCB,Zaga,27,17,1261,33.0,Brusque,Meio,1091616,,,,0,0,1,0
2025,DG,Avaí,LB,Lateral,25,18,1258,32.9,Avaí,Meio,,,,,0,0,2,0
2025,Gonzalo Freitas,Goiás,DMF,Volante,34,22,1255,32.9,Wanderers,Meio,196520,,,,0,0,1,0
2025,Rossi,Paysandu,RW,Extremo,33,17,1251,33.7,,Cai,212114,,,,0,0,1,0
2025,Pablo Dyego,Novorizontino,LW,Extremo,32,21,1248,32.0,Londrina,Meio,264343,,,,0,0,3,0
2025,Nicolás Ferreira,Remo,LAMF,Extremo,24,16,1244,32.4,Remo,Sobe,995638,,,,0,0,1,0
2025,Wesley Gasolina,Athletic,RB,Lateral,26,21,1241,32.6,Avaí,Meio,371967,,,,0,0,1,0
2025,Alan Kardec,Athletico Paranaense,CF,Atacante,37,26,1238,31.8,Juventude,,53922,,,,0,0,1,0
2025,Clayson,Coritiba,LW,Extremo,31,22,1234,31.9,Sport Recife,Sobe,392809,,,,0,0,1,0
2025,Gabriel Souza,Operário-PR,RB,Lateral,23,20,1230,32.5,Maringá,Meio,979931,,,,0,0,1,0
2025,Edson Lucas,Ferroviária,LB,Lateral,26,15,1228,32.2,Sport Recife,Cai,886688,,,,0,0,2,0
2025,Breno Herculano,CRB,CF,Atacante,27,26,1226,32.2,Anyang,Meio,978480,,,,0,0,2,0
2025,F. Elizari,América-MG,AMF,Meia,35,23,1220,31.2,América Mineiro,Meio,,,,,0,0,2,0
2025,Kauã Moraes,Athletico Paranaense,RB,Lateral,19,14,1217,31.2,Cruzeiro,,1388409,,,,0,0,1,0
2025,Jean Mota,Vila Nova,LCMF,Meia,32,22,1211,31.8,Sporting Jax,Meio,215212,,,,0,0,1,0
2025,Marcelo Hermes,Criciúma,LB,Lateral,31,12,1210,31.3,Criciúma,Meio,348769,,,,0,1,2,0
2025,Bernardo Schappo,Vila Nova,LCB,Zaga,27,12,1210,31.7,Estrela Amadora,Meio,699679,14.0,1,2.0,0,1,2,0
2025,Habraão,Athletico Paranaense,RCB,Zaga,25,14,1204,30.9,Sport Recife,,965630,,,,0,0,3,0
2025,Sandro Lima,Atlético-GO,CF,Atacante,35,17,1203,32.5,Ararat-Armenia,Meio,284739,,,,0,0,1,0
2025,Anderson Leite,Paysandu,RDMF,Volante,33,16,1199,32.3,Muharraq,Cai,376640,,,,0,0,3,0
2025,Rhaldney,Atlético-GO,RDMF,Volante,27,13,1193,32.2,Göztepe,Meio,638269,,,,0,1,2,0
2025,Andrey,Avaí,LB,Lateral,24,14,1189,31.1,Santa Clara,Meio,,,,,0,0,3,0
2025,Gabriel Domingos,Amazonas,LCMF,Meia,25,19,1180,30.5,América Mineiro,Cai,869094,,,,0,0,1,0
2025,Walisson Maia,Vila Nova,LCB,Zaga,35,16,1179,30.9,Arema,Meio,188715,,,,0,1,2,0
2025,Edson Felipe,Botafogo-SP,RCB,Zaga,35,16,1170,30.6,ABC,Meio,,,,,0,0,2,0
2025,Alan Rodríguez,Remo,LB,Lateral,26,14,1168,30.4,Olimpia,Sobe,491592,,,,0,0,1,0
2025,Vini Paulista,Coritiba,RCMF,Meia,25,25,1167,30.2,Coritiba,Sobe,876874,,,,0,0,3,0
2025,Robinho,Volta Redonda,LCMF,Meia,23,15,1163,30.6,Estrela Amadora,Cai,,,,,0,0,3,0
2025,Daniel Amorim,Operário-PR,CF,Atacante,36,23,1160,30.7,São Bernardo FC,Meio,490613,,,,0,0,2,0
2025,Erick Varão,Amazonas,LCMF,Meia,30,18,1160,30.0,Nacional AM,Cai,399013,,,,0,0,2,0
2025,Amorim,Athletic,RDMF,Volante,21,14,1159,30.4,Genoa,Meio,1082774,,,,0,0,1,0
2025,Matheus Felipe,Atlético-GO,LCB,Zaga,27,13,1155,31.2,Remo,Meio,882916,,,,0,0,2,0
2025,Marcelinho,Atlético-GO,LAMF,Extremo,23,14,1150,31.1,Al Dhafra,Meio,,,,,0,0,3,0
2025,D. Torres,Amazonas,AMF,Meia,23,16,1148,29.7,,Cai,,,,,0,0,3,0
2025,Denner,Paysandu,AMF,Meia,26,18,1126,30.3,Noroeste,Cai,593653,,,,0,0,2,0
2025,Vladimir,Atlético-GO,GK,Goleiro,37,12,1124,30.4,Atlético GO,Meio,98930,,,,0,0,2,0
2025,Lucas Belezi,Athletico Paranaense,RCB,Zaga,23,15,1120,28.7,Athletic Club,,668230,,,,0,0,1,0
2025,Vilar,Botafogo-SP,LCB,Zaga,26,11,1114,29.2,Botafogo SP,Meio,978269,,,,0,1,2,0
2025,Fabrício Daniel,Ferroviária,RW,Extremo,28,17,1105,28.9,São Bernardo FC,Cai,787269,,,,0,0,3,0
2025,Eric,Ferroviária,LB,Lateral,25,17,1104,28.9,Cuiabá,Cai,1100070,,,,0,0,2,0
2025,Everton,Chapecoense,RWB,Lateral,31,24,1102,28.4,Chapecoense,Sobe,856990,,,,0,0,2,0
2025,Alef Manga,Avaí,CF,Atacante,31,23,1096,28.6,Remo,Meio,612479,,,,0,0,2,0
2025,Camutanga,Remo,RCB,Zaga,32,14,1086,28.3,Vitória,Sobe,607817,,,,0,1,2,0
2025,Willian Maranhão,Atlético-GO,LDMF,Volante,30,14,1084,29.3,Vila Nova,Meio,538107,,,,0,1,3,0
2025,Luiz Henrique,Criciúma,LB,Lateral,27,21,1078,27.9,Avaí,Meio,689521,,,,0,0,3,0
2025,Jaime Giraldo,Operário-PR,LCB,Zaga,28,12,1066,28.2,Uthai Thani,Meio,524933,,,,0,0,1,0
2025,Léo Derik,Athletico Paranaense,LWB,Lateral,21,15,1066,27.3,Athletico Paranaense,,1052819,,,,0,0,1,0
2025,Carlos Akapo,Amazonas,RB,Lateral,33,16,1062,27.5,Johor Darul Ta'zim,Cai,225015,,,,0,0,1,0
2025,Kauã Moroso,Criciúma,GK,Goleiro,22,11,1057,27.3,Criciúma,Meio,1033571,,,,0,0,1,0
2025,Rômulo,Novorizontino,AMF,Meia,24,16,1055,27.1,Grêmio Novorizontino,Meio,867461,,,,0,0,3,0
2025,Fabrício,Volta Redonda,LCB,Zaga,36,13,1054,27.7,Volta Redonda,Cai,,,,,0,0,2,0
2025,Vinícius Paiva,Vila Nova,RAMF,Extremo,25,24,1044,27.4,Grêmio Novorizontino,Meio,689561,,,,0,1,2,0
2025,Yago,América-MG,LCMF,Meia,20,18,1044,26.7,América Mineiro,Meio,,,,,0,0,1,0
2025,Ruan,Atlético-GO,RB,Lateral,31,16,1040,28.1,,Meio,520491,,,,0,0,2,0
2025,Nathan,Remo,RB,Lateral,24,11,1029,26.8,Juventude,Sobe,,,,,0,0,2,0
2025,Benevenuto,Criciúma,RCB,Zaga,30,15,1029,26.6,Sport Recife,Meio,,,,,0,0,2,0
2025,Rafael Donato,Novorizontino,CB,Zaga,37,14,1020,26.2,Guarani,Meio,212199,,,,0,2,3,1
2025,Nathan Fogaça,Novorizontino,CF,Atacante,27,17,1016,26.1,Fortaleza,Meio,592363,,,,0,0,2,0
2025,Luan Gonçalves,Remo,DMF,Volante,26,14,1015,26.4,Juventude,Sobe,,,,,0,0,1,0
2025,Yuri Alves,Atlético-GO,LAMF,Extremo,19,18,1011,27.3,Red Bull Bragantino U20,Meio,1117803,,,,0,0,1,0
2025,Kelvin,Atlético-GO,RAMF,Extremo,29,19,1010,27.3,Botafogo SP,Meio,638722,,,,0,0,2,0
2025,Allan Godói,Operário-PR,RCB,Zaga,33,10,1008,26.7,Göztepe,Meio,681814,55.0,2,6.0,0,0,2,0
2025,Raí Ramos,Novorizontino,RB,Lateral,32,14,1005,25.8,Juventude,Meio,439460,,,,0,0,2,0
2025,G. Barros,Botafogo-SP,RAMF,Extremo,24,16,1005,26.3,América Mineiro,Meio,,,,,0,0,2,0
2025,J. Jiménez,Chapecoense,LCMF,Meia,33,26,1000,25.8,América Mineiro,Sobe,,,,,0,0,2,0
2025,Ademilson,Operário-PR,CF,Atacante,32,22,998,26.4,,Meio,187208,,,,0,0,2,0
2025,Raul,Athletico Paranaense,DMF,Volante,30,15,995,25.5,Cuiabá,,479587,,,,0,0,1,0
2025,J. Benítez,Paysandu,CF,Atacante,33,19,994,26.7,Deportivo Capiatá,Cai,,,,,0,0,1,0
2025,B. Borasi,Criciúma,LW,Extremo,28,23,993,25.7,Náutico,Meio,,,,,0,0,2,0
2025,R. Carrillo,Botafogo-SP,CF,Atacante,29,23,987,25.8,Emelec,Meio,,,,,0,0,1,0
2025,Peter Roman,Vila Nova,RCB,Zaga,25,12,985,25.8,Vila Nova,Meio,,,,,0,0,1,0
2025,Arthur Sousa,América-MG,CF,Atacante,23,19,984,25.1,Houston Dynamo II,Meio,1005640,,,,0,0,1,0
2025,Matheus Vargas,Paysandu,LCMF,Meia,30,14,983,26.4,Paysandu,Cai,379198,,,,0,0,2,0
2025,Ronaldo Henrique,Paysandu,DMF,Volante,32,15,981,26.4,Inter de Limeira,Cai,328758,,,,0,0,3,0
2025,J. Mendoza Valencia,Athletico Paranaense,RWF,Extremo,33,12,978,25.1,Athletico Paranaense,,,,,,0,0,1,0
2025,Marlon,Novorizontino,RCMF,Meia,36,18,973,25.0,Grêmio Novorizontino,Meio,,,,,0,1,3,0
2025,Dudu Kogitzki,Athletico Paranaense,LCMF,Meia,20,19,967,24.8,Athletico Paranaense,,,,,,0,0,1,0
2025,Jean Dias,Atlético-GO,RB,Lateral,35,14,962,26.0,Cuiabá,Meio,788362,,,,0,0,2,0
2025,Patrick Brey,Novorizontino,LB,Lateral,29,14,959,24.6,Botafogo SP,Meio,435170,,,,0,1,3,0
2025,Thiago Heleno,Paysandu,LCB,Zaga,37,11,958,25.8,,Cai,45431,,,,0,0,1,0
2025,Marrony,Remo,RAMF,Extremo,27,17,947,24.7,Atlético GO,Sobe,599879,,,,0,0,1,0
2025,Hygor,Avaí,CF,Atacante,33,26,946,24.7,Botafogo SP,Meio,419474,,,,0,0,3,0
2025,João Pedro,Remo,CF,Atacante,29,13,946,24.6,Atlético GO,Sobe,,,,,0,1,3,0
2025,Jackson,Amazonas,CB,Zaga,36,10,945,24.5,Mixto,Cai,193135,,,,0,0,1,0
2025,Leozinho,Athletico Paranaense,RWF,Extremo,27,20,944,24.2,Athletico Paranaense,,1110658,,,,0,0,2,0
2025,Fernando Martínez,Athletic,LDMF,Volante,32,18,943,24.7,Concepción,Meio,415845,,,,0,0,1,0
2025,Caio Dantas,Novorizontino,CF,Atacante,33,16,936,24.0,Operário PR,Meio,628647,,,,0,2,3,1
2025,Pedro Martins,Chapecoense,LCMF,Meia,26,21,928,23.9,Sport Recife,Sobe,866884,,,,0,0,3,0
2025,C. de Pena,Coritiba,LCMF,Meia,34,29,919,23.8,Sport Recife,Sobe,,,,,0,0,1,0
2025,S. Abdulai,Botafogo-SP,LDMF,Volante,27,16,915,23.9,Alverca,Meio,,,,,0,0,2,0
2025,Léo Gamalho,Botafogo-SP,CF,Atacante,40,11,912,23.9,Avaí,Meio,143817,123.0,1,15.0,0,0,3,0
2025,Rodrigo Andrade,Goiás,DMF,Volante,29,14,911,23.9,São Bernardo FC,Meio,435239,,,,0,0,3,0
2025,Diego Zabala,Amazonas,LW,Extremo,34,17,906,23.4,Liverpool,Cai,177562,,,,0,0,1,0
2025,Diego Hernández,Remo,RAMF,Extremo,26,14,904,23.5,Sport Recife,Sobe,800732,,,,0,0,1,0
2025,Rafael Vitor,Amazonas,LCB,Zaga,33,12,899,23.3,Imigresen,Cai,573108,,,,0,0,1,0
2025,Arthur Caíke,Goiás,CF,Atacante,34,23,892,23.4,Botafogo SP,Meio,224481,,,,0,0,1,0
2025,Bruno Xavier,Vila Nova,RW,Extremo,29,17,890,23.3,Vila Nova,Meio,537386,,,,0,0,3,0
2025,Luiz Felipe,Goiás,CB,Zaga,32,11,889,23.3,Goiás,Meio,,,,,0,0,3,0
2025,Léo Alaba,Criciúma,RB,Lateral,27,17,884,22.9,Chaves,Meio,864733,,,,0,0,1,0
2025,Higor,Vila Nova,LB,Lateral,21,16,884,23.2,Vila Nova,Meio,1090843,,,,0,0,2,0
2025,Marcelinho,Paysandu,RW,Extremo,27,21,882,23.7,Barra,Cai,,,,,0,0,3,0
2025,Zé Carlos,Amazonas,GK,Goleiro,31,9,878,22.7,Sampaio Corrêa RJ,Cai,723546,,,,0,0,2,0
2025,Allano,Operário-PR,RW,Extremo,31,12,876,23.2,,Meio,376441,,,,0,0,1,0
2025,Guilherme Vargas,Coritiba,RCB,Zaga,22,10,872,22.5,Avaí,Sobe,,,,,0,0,1,0
2025,Everton Morelli,Criciúma,RCMF,Meia,28,12,861,22.3,Botafogo SP,Meio,525256,,,,0,0,2,0
2025,Alisson Cassiano,Botafogo-SP,RCB,Zaga,32,13,861,22.5,Brusque,Meio,542615,,,,0,0,3,0
2025,Matheus Davó,Remo,CF,Atacante,27,12,857,22.3,Maccabi Netanya,Sobe,670522,,,,0,0,2,0
2025,Adailton,Remo,CF,Atacante,35,16,856,22.3,Yokohama,Sobe,101253,,,,0,0,1,0
2025,Pedro Rangel,Coritiba,GK,Goleiro,26,9,853,22.1,Coritiba,Sobe,841263,,,,0,0,1,0
2025,Matheus Lucas,Volta Redonda,CF,Atacante,28,23,850,22.4,,Cai,642989,,,,0,0,2,0
2025,Diego Fumaça,Athletic,LDMF,Volante,31,11,850,22.3,Uberlândia,Meio,640201,,,,0,0,2,0
2025,João Pedro,Volta Redonda,RW,Extremo,23,15,848,22.3,Confiança,Cai,,,,,0,1,3,0
2025,Fabinho,América-MG,RW,Extremo,26,12,845,21.6,Coritiba,Meio,704558,,,,0,0,3,0
2025,C. Terán,Athletico Paranaense,RCB,Zaga,25,10,837,21.5,Athletico Paranaense,,,,,,0,0,1,0
2025,Railan,Avaí,RB,Lateral,26,21,837,21.9,Cuiabá,Meio,752558,,,,0,0,2,0
2025,Lucas Lovat,Goiás,LB,Lateral,29,12,836,21.9,CRB,Meio,391497,,,,0,0,1,0
2025,Ralf,Vila Nova,LDMF,Volante,42,16,836,21.9,Guarani,Meio,99903,,,,0,2,3,1
2025,Julimar,Athletico Paranaense,CF,Atacante,25,13,823,21.1,Al Sharjah,,593205,151.0,1,50.0,0,0,2,0
2025,Marcelo,Cuiabá,LB,Lateral,21,12,817,21.3,Athletic Club,Meio,,,,,0,0,3,0
2025,Ian Luccas,Ferroviária,RAMF,Extremo,23,18,805,21.1,Alverca,Cai,796796,,,,0,0,2,0
2025,Patrick,Volta Redonda,RCMF,Meia,27,20,804,21.1,Confiança,Cai,,,,,0,0,3,0
2025,Renan,Athletico Paranaense,CF,Atacante,26,22,804,20.6,Athletico Paranaense,,,,,,0,1,2,0
2025,Guilherme Mariano,Cuiabá,RCB,Zaga,26,16,801,20.9,Botafogo SP,Meio,1007070,,,,0,0,2,0
2025,Thayllon Roberth,Avaí,RW,Extremo,20,22,799,20.9,Avaí,Meio,,,,,0,0,1,0
2025,Giovanni,CRB,LCMF,Meia,32,22,798,20.9,Botafogo PB,Meio,202919,,,,0,1,3,0
2025,Ygor Catatau,Volta Redonda,CF,Atacante,31,12,794,20.9,Volta Redonda,Cai,591650,,,,0,0,1,0
2025,Jean Carlos,Criciúma,RW,Extremo,34,22,794,20.5,Náutico,Meio,,,,,0,0,3,0
2025,Jean Victor,Botafogo-SP,LB,Lateral,32,16,788,20.6,Volta Redonda,Meio,380066,,,,0,0,3,0
2025,João Vitor,Coritiba,LB,Lateral,20,13,787,20.4,Coritiba,Sobe,935978,,,,0,0,2,0
2025,Hayner,CRB,RB,Lateral,30,17,787,20.7,Vila Nova,Meio,389942,,,,0,0,2,0
2025,Jefferson,Athletic,GK,Goleiro,32,8,781,20.5,Uberlândia,Meio,435211,,,,0,1,3,0
2025,Robinho,Botafogo-SP,RAMF,Extremo,31,17,767,20.1,Santa Cruz,Meio,,,,,0,0,3,0
2025,Fransérgio,Operário-PR,RCMF,Meia,35,11,762,20.1,,Meio,111828,,,,0,0,2,0
2025,Bruno Ramires,Amazonas,RCB,Zaga,32,9,758,19.6,,Cai,348267,,,,0,0,1,0
2025,Y. Quintana,Paysandu,LCB,Zaga,30,10,755,20.3,Paysandu,Cai,,,,,0,0,2,0
2025,Guilherme Xavier,Amazonas,LCMF,Meia,31,16,755,19.5,Ituano,Cai,383373,,,,0,0,2,0
2025,Felipe Vizeu,Remo,CF,Atacante,29,13,754,19.6,Avaí,Sobe,425462,,,,0,0,2,0
2025,Juninho,Criciúma,LCMF,Meia,25,17,754,19.5,Grêmio Novorizontino,Meio,,,,,0,0,3,0
2025,Giuliano,Athletico Paranaense,RCMF,Meia,36,16,751,19.3,,,54375,,,,0,1,2,0
2025,Tárik,Ferroviária,DMF,Volante,33,22,744,19.5,Londrina,Cai,458115,,,,0,1,3,0
2025,Zé Gabriel,Criciúma,RCB,Zaga,27,10,735,19.0,Sport Recife,Meio,,,,,0,0,2,0
2025,Ruan Ribeiro,Vila Nova,CF,Atacante,23,18,733,19.2,Port FC,Meio,1082630,,,,0,0,2,0
2025,Wallace,Atlético-GO,LCB,Zaga,31,9,728,19.7,Botafogo SP,Meio,,,,,0,1,3,0
2025,Thomás Luciano,Amazonas,RB,Lateral,24,10,724,18.7,Ferroviário,Cai,869063,,,,0,0,2,0
2025,Arilson,Vila Nova,RCMF,Meia,32,13,721,18.9,Santa Cruz,Meio,552255,,,,0,1,3,0
2025,Perotti,Chapecoense,CF,Atacante,28,21,721,18.6,Sport Recife,Sobe,432959,,,,0,0,2,0
2025,Willian Farias,Novorizontino,RDMF,Volante,37,15,719,18.4,Guarani,Meio,71080,,,,0,0,2,0
2025,Dudu,Atlético-GO,RB,Lateral,29,11,718,19.4,,Meio,,,,,0,0,3,0
2025,Alex Nascimento,Athletic,LCB,Zaga,27,9,712,18.7,,Meio,,,,,0,0,2,0
2025,Yan Souto,Criciúma,RCB,Zaga,24,18,712,18.4,Botafogo PB,Meio,979629,,,,0,0,3,0
2025,Conrado,Atlético-GO,LB,Lateral,29,11,706,19.1,Radomiak Radom,Meio,514674,,,,0,0,1,0
2025,Thallyson,Volta Redonda,RDMF,Volante,30,10,705,18.5,Botafogo PB,Cai,,,,,0,0,2,0
2025,P. Caracoci,Amazonas,GK,Goleiro,26,7,701,18.1,Amazonas,Cai,,,,,0,0,1,0
2025,J. da Silva Gentil,Cuiabá,RW,Extremo,23,14,700,18.3,Portimonense,Meio,,,,,0,0,1,0
2025,Patric,Paysandu,LB,Lateral,32,11,697,18.8,Botafogo PB,Cai,,,,,0,0,2,0
2025,Jhonatan Silva,Athletic,RCB,Zaga,27,10,694,18.2,Athletic Club,Meio,,,,,0,0,1,0
2025,Mário Sérgio,Chapecoense,CF,Atacante,31,7,694,17.9,Consadole Sapporo,Sobe,,,,,0,1,3,0
2025,Nathan Camargo,Remo,RDMF,Volante,21,13,689,17.9,Vila Nova,Sobe,1015962,,,,0,0,1,0
2025,Talisson,Atlético-GO,RW,Extremo,24,15,685,18.5,Rapid Bucureşti,Meio,1084074,,,,0,0,2,0
2025,Rafael Monteiro,Amazonas,LB,Lateral,22,12,684,17.7,Londrina,Cai,1083669,,,,0,0,1,0
2025,Pedro Costa,Remo,RB,Lateral,33,13,681,17.7,Volta Redonda,Sobe,539175,,,,0,1,3,0
2025,Thales Oleques,Operário-PR,RB,Lateral,32,10,680,18.0,XV de Piracicaba,Meio,290250,,,,0,0,3,0
2025,Pedro Henrique,Atlético-GO,LCB,Zaga,33,10,680,18.4,,Meio,,,,,0,0,2,0
2025,Emerson Santos,América-MG,CB,Zaga,31,12,678,17.3,América Mineiro,Meio,,,,,0,0,3,0
2025,Caio Roque,Volta Redonda,LB,Lateral,24,9,674,17.7,Botafogo,Cai,789856,,,,0,0,1,0
2025,F. Labandeira,América-MG,LW,Extremo,30,12,674,17.2,Wanderers,Meio,,,,,0,0,3,0
2025,Guilherme Queiróz,Botafogo-SP,CF,Atacante,36,14,672,17.6,Botafogo SP,Meio,411707,,,,0,0,2,0
2025,Igor Formiga,Novorizontino,RB,Lateral,27,12,667,17.1,Mirassol,Meio,688690,,,,0,0,2,0
2025,Barreto,Avaí,RCMF,Meia,30,10,663,17.3,,Meio,,,,,0,0,2,0
2025,Léo Gaúcho,Operário-PR,CF,Atacante,24,10,659,17.4,Fagiano Okayama,Meio,745349,,,,0,0,1,0
2025,Kevin,Ferroviária,RB,Lateral,28,17,659,17.3,CRB,Cai,,,,,0,0,3,0
2025,Robertinho,Amazonas,LCMF,Meia,30,12,658,17.0,,Cai,729251,,,,0,0,2,0
2025,Pedro Vilhena,Operário-PR,LW,Extremo,24,11,653,17.3,Operário PR,Meio,729263,,,,0,0,2,0
2025,Marcinho,Chapecoense,CF,Atacante,31,22,650,16.8,Paysandu,Sobe,,,,,0,0,3,0
2025,Airton,Novorizontino,RW,Extremo,27,16,647,16.6,Anyang,Meio,377799,,,,0,0,3,0
2025,Wendel,Paysandu,CF,Atacante,29,12,646,17.4,Confiança,Cai,874291,,,,0,0,1,0
2025,João Cruz,Athletico Paranaense,RCMF,Meia,20,16,643,16.5,Athletico Paranaense,,1004738,,,,0,0,1,0
2025,Wellington,Amazonas,RCB,Zaga,31,10,643,16.6,Ankara Keçiörengücü,Cai,,,,,0,0,3,0
2025,Léo Ataíde,Cuiabá,LB,Lateral,22,12,642,16.7,Brusque,Meio,743830,,,,0,0,1,0
2025,Alason Carioca,Athletic,LAMF,Extremo,27,18,640,16.8,Ituano,Meio,870416,,,,0,0,1,0
2025,Valdir Júnior,Atlético-GO,RB,Lateral,26,13,637,17.2,Confiança,Meio,,,,,0,0,1,0
2025,Tavinho,Novorizontino,LW,Extremo,22,12,637,16.3,Grêmio Novorizontino,Meio,1093927,,,,0,0,1,0
2025,R. Martínez,Paysandu,DMF,Volante,30,13,635,17.1,Deportes Limache,Cai,,,,,0,0,1,0
2025,Marcos Paulo,Operário-PR,LAMF,Extremo,25,11,630,16.7,Juventude,Meio,612496,,,,0,0,1,0
2025,Edu,Cuiabá,CF,Atacante,33,12,622,16.2,,Meio,548591,,,,0,0,2,0
2025,Pana Tachtsidis,Remo,AMF,Meia,35,9,615,16.0,Karmiotissa,Sobe,,,,,0,0,1,0
2025,Nícolas Careca,Coritiba,LW,Extremo,29,15,615,15.9,Grêmio Novorizontino,Sobe,345401,,,,0,0,1,0
2025,João Carlos,Criciúma,RW,Extremo,25,16,614,15.9,Criciúma,Meio,,,,,0,0,3,0
2025,Guilherme Nogueira,Cuiabá,GK,Goleiro,26,6,612,16.0,Uberlândia,Meio,,,,,0,0,1,0
2025,Kleiton,Operário-PR,LW,Extremo,27,15,609,16.1,Paysandu,Meio,,,,,0,0,3,0
2025,Tevis,Athletico Paranaense,LAMF,Extremo,20,14,608,15.6,Yokohama F. Marinos,,1220061,,,,0,0,1,0
2025,Ezequiel,Athletic,LAMF,Extremo,28,19,601,15.8,Nam Dinh,Meio,525828,12.0,1,19.0,0,1,3,0
2025,Alessio Da Cruz,Athletic,AMF,Meia,29,12,599,15.7,Anorthosis,Meio,337670,,,,0,0,1,0
2025,Jorge,Remo,LB,Lateral,30,9,599,15.6,Remo,Sobe,345084,,,,0,0,2,0
2025,Falcão,Athletico Paranaense,LCMF,Meia,28,9,596,15.3,,,643195,,,,0,2,3,1
2025,Ezequiel Ham,Atlético-GO,RDMF,Volante,32,12,596,16.1,Atlético Tucumán,Meio,321612,,,,0,0,1,0
2025,Thayllon,Ferroviária,LW,Extremo,24,12,595,15.6,Paysandu,Cai,,,,,0,0,2,0
2025,Jadson,Cuiabá,RAMF,Extremo,21,18,594,15.5,Botafogo SP,Meio,1094414,,,,0,0,1,0
2025,Tiago Cóser,Coritiba,RB,Lateral,22,10,592,15.3,Coritiba,Sobe,834443,,,,0,0,1,0
2025,Bruno Santos,Volta Redonda,CF,Atacante,29,8,590,15.5,Mirassol,Cai,871427,,,,0,0,1,0
2025,Vinícius Faria,Paysandu,RAMF,Extremo,26,18,587,15.8,Ferroviária,Cai,,,,,0,0,2,0
2025,Pedrinho,Cuiabá,LAMF,Extremo,26,8,587,15.3,São Bernardo FC,Meio,,,,,0,0,3,0
2025,Chay,Volta Redonda,LCMF,Meia,35,12,586,15.4,,Cai,766381,,,,0,0,3,0
2025,Lucca,Novorizontino,CF,Atacante,36,18,577,14.8,Guarani,Meio,178940,,,,0,0,2,0
2025,André,Operário-PR,RCB,Zaga,27,11,575,15.2,Operário PR,Meio,982663,,,,0,0,1,0
2025,Alyson,Amazonas,LB,Lateral,30,6,567,14.7,Amazonas,Cai,592364,,,,0,0,2,0
2025,Gabriel Inocêncio,Chapecoense,RWB,Lateral,32,14,566,14.6,Botafogo SP,Sobe,788402,,,,0,0,1,0
2025,Ariel,Atlético-GO,AMF,Meia,28,13,562,15.2,Brusque,Meio,980864,,,,0,0,2,0
2025,Pedrão,Avaí,RCB,Zaga,22,7,561,14.7,Avaí,Meio,1019701,66.0,1,51.0,0,0,1,0
2025,Régis,Remo,CF,Atacante,33,17,561,14.6,Santa Cruz,Sobe,272554,,,,0,0,3,0
2025,Ronaldo,Ferroviária,CF,Atacante,35,20,559,14.6,Amazonas,Cai,,,,,0,1,3,0
2025,Gustavo Pajé,Vila Nova,RAMF,Extremo,21,17,553,14.5,Aris,Meio,1095514,,,,0,0,2,0
2025,Daniel Lima,Atlético-GO,CF,Atacante,21,12,549,14.8,Atlético GO,Meio,965614,,,,0,0,3,0
2025,Brayann,Goiás,RWF,Extremo,28,11,548,14.4,Goiás,Meio,940124,,,,0,0,1,0
2025,Léo Tocantins,Novorizontino,LB,Lateral,27,14,536,13.7,Atlético GO,Meio,739249,,,,0,0,3,0
2025,Matheus Régis,Botafogo-SP,LAMF,Extremo,26,18,524,13.7,América RN,Meio,812482,,,,0,0,3,0
2025,João Lopes,Amazonas,GK,Goleiro,30,5,521,13.5,Amazonas,Cai,547553,,,,0,0,1,0
2025,Chico Geraldes,Athletic,AMF,Meia,31,10,519,13.6,Seoul E-Land,Meio,257456,91.0,1,6.0,0,0,1,0
2025,C. Ortiz,América-MG,LCMF,Meia,33,12,516,13.2,Grêmio Novorizontino,Meio,,,,,0,0,2,0
2025,Vitor Barreto,Ferroviária,LWF,Extremo,26,14,516,13.5,Ferroviária,Cai,1101952,,,,0,0,1,0
2025,Dudu Vieira,Paysandu,RCMF,Meia,32,10,516,13.9,XV de Piracicaba,Cai,519877,,,,0,0,3,0
2025,Jamerson,Avaí,LCMF,Meia,19,12,516,13.5,Leixões U23,Meio,,,,,0,0,2,0
2025,Víctor Cantillo,Remo,LDMF,Volante,32,8,514,13.4,Atlético Bucaramanga,Sobe,263032,,,,0,0,1,0
2025,Bruno Mendes,Vila Nova,CF,Atacante,32,11,513,13.5,Ratchaburi,Meio,216131,,,,0,0,3,0
2025,Fernando,Athletico Paranaense,LB,Lateral,26,8,510,13.1,Chapecoense,,731057,,,,0,0,1,0
2025,Jordi,Novorizontino,GK,Goleiro,33,5,509,13.1,Grêmio Novorizontino,Meio,255928,,,,0,2,3,1
2025,Thiago Conti,Operário-PR,RCMF,Meia,29,14,508,13.4,Portuguesa,Meio,,,,,0,0,2,0
2025,Diego Miticov,Vila Nova,RDMF,Volante,24,10,508,13.3,Betim,Meio,,,,,0,0,1,0
2025,Fellipe Mateus,Criciúma,CF,Atacante,35,16,505,13.1,Criciúma,Meio,520470,107.0,2,21.0,0,1,2,0
2025,Shaylon,Atlético-GO,AMF,Meia,29,12,497,13.4,Mirassol,Meio,480274,56.0,2,8.0,0,1,2,0
2025,Anderson,Avaí,RCB,Zaga,31,6,493,12.9,Vila Nova,Meio,,,,,0,0,2,0
2025,N. Linares,Amazonas,LCMF,Meia,30,7,486,12.6,Aldosivi,Cai,,,,,0,0,1,0
2025,A. Cruz,Atlético-GO,RW,Extremo,25,9,483,13.1,Juventud,Meio,,,,,0,0,1,0
2025,H. Palacios,Athletico Paranaense,RB,Lateral,26,5,483,12.4,Medellín,,,,,,0,0,1,0
2025,Pedro Henrique,Paysandu,DMF,Volante,19,6,478,12.9,Paysandu,Cai,,,,,0,0,2,0
2025,Gabriel Silva,Vila Nova,LAMF,Extremo,27,10,474,12.4,Barra,Meio,692777,,,,0,0,3,0
2025,Nathan,Remo,AMF,Meia,30,10,470,12.2,,Sobe,,,,,0,0,2,0
2025,Edson Miranda,Athletic,RCB,Zaga,27,5,467,12.3,Santa Cruz,Meio,978179,,,,0,0,1,0
2025,Geovane,Coritiba,RDMF,Volante,37,16,463,12.0,Atlético GO,Sobe,100124,,,,0,0,3,0
2025,K. Velasco,Athletico Paranaense,RAMF,Extremo,29,13,461,11.8,Puebla,,,,,,0,0,1,0
2025,Lucas Kallyel,CRB,RCMF,Meia,22,11,460,12.1,Anápolis,Meio,1082769,,,,0,0,2,0
2025,Jonathan,Criciúma,RCB,Zaga,33,6,455,11.8,Botafogo SP,Meio,147366,,,,0,0,3,0
2025,Zé Hugo,Ferroviária,RW,Extremo,26,15,454,11.9,Botafogo SP,Cai,940479,,,,0,0,2,0
2025,Lucas Dias,Criciúma,RCB,Zaga,30,6,452,11.7,Figueirense,Meio,642014,,,,0,0,3,0
2025,Ó. Ruiz,Novorizontino,LAMF,Extremo,35,16,452,11.6,Sportivo Luqueño,Meio,,,,,0,0,2,0
2025,Maguinho,América-MG,RB,Lateral,34,6,450,11.5,Operário PR,Meio,350766,,,,0,0,1,0
2025,Vinícius Barata,CRB,RW,Extremo,27,13,450,11.8,CRB,Meio,548258,,,,0,0,3,0
2025,Diego Borges,Amazonas,LCB,Zaga,21,5,444,11.5,Sporting KC,Cai,1095789,,,,0,0,1,0
2025,David,América-MG,LW,Extremo,26,11,442,11.3,Ponte Preta,Meio,,,,,0,0,3,0
2025,Marquinhos,Volta Redonda,LAMF,Extremo,28,9,440,11.6,Volta Redonda,Cai,871802,,,,0,0,2,0
2025,Lucas Tocantins,Volta Redonda,RW,Extremo,31,10,440,11.6,Port FC,Cai,665602,38.0,2,5.0,0,0,2,0
2025,Mailson,Chapecoense,RWF,Extremo,23,15,436,11.3,Figueirense,Sobe,1082825,,,,0,0,2,0
2025,Iverton,Amazonas,RCB,Zaga,25,6,435,11.3,Amazonas,Cai,985073,,,,0,0,1,0
2025,M. Benítez,Goiás,AMF,Meia,32,12,431,11.3,Atlético Tucumán,Meio,,,,,0,0,2,0
2025,Petterson,Paysandu,LW,Extremo,22,10,431,11.6,Brusque,Cai,,,,,0,0,1,0
2025,Wanderson,Avaí,RCB,Zaga,35,6,426,11.1,,Meio,,,,,0,0,3,0
2025,Gabriel Ferreira,Athletic,RCB,Zaga,29,6,425,11.2,Uberlândia,Meio,978617,,,,0,0,1,0
2025,Victor Barbara,Cuiabá,LW,Extremo,21,13,423,11.0,Cuiabá,Meio,1091037,,,,0,0,1,0
2025,Gaspar,Avaí,LW,Extremo,23,18,421,11.0,Caxias,Meio,767623,,,,0,0,3,0
2025,Werik Popó,Criciúma,CF,Atacante,24,7,419,10.8,Avispa Fukuoka,Meio,902507,,,,0,0,1,0
2025,Thauan,América-MG,CF,Atacante,22,7,417,10.7,América Mineiro,Meio,1082638,,,,0,0,2,0
2025,Matheus Barbosa,Botafogo-SP,RCMF,Meia,31,11,410,10.7,Barra,Meio,181784,,,,0,1,3,0
2025,Rafa Silva,América-MG,CF,Atacante,34,10,408,10.4,Vila Nova,Meio,213619,154.0,1,33.0,0,0,1,0
2025,Mirandinha,Volta Redonda,LW,Extremo,26,8,407,10.7,Jeonnam Dragons,Cai,622435,,,,0,0,1,0
2025,Juninho Monteiro,Volta Redonda,LB,Lateral,27,9,405,10.6,Volta Redonda,Cai,793778,,,,0,0,1,0
2025,Maurício Kozlinski,Vila Nova,GK,Goleiro,35,4,403,10.6,Londrina,Meio,438431,,,,0,0,1,0
2025,Vitinho,Goiás,LCMF,Meia,22,9,402,10.5,Santa Clara,Meio,,,,,0,0,2,0
2025,Fernando Neto,Amazonas,LCMF,Meia,33,7,401,10.4,Joinville,Cai,225477,,,,0,0,1,0
2025,João Carlos,Botafogo-SP,GK,Goleiro,38,4,400,10.5,Cuiabá,Meio,,,,,0,0,3,0
2025,Guilherme Cachoeira,Athletic,LAMF,Extremo,24,10,399,10.5,Guarani,Meio,662337,,,,0,0,1,0
2025,João Ramos,Ferroviária,RCB,Zaga,23,6,399,10.5,São José EC,Cai,997469,,,,0,0,1,0
2025,Nino Paraíba,Cuiabá,RB,Lateral,40,9,397,10.4,Londrina,Meio,72451,,,,0,0,1,0
2025,Vágner,Operário-PR,GK,Goleiro,40,4,396,10.5,Operário PR,Meio,68442,,,,0,0,1,0
2025,Jhosefer,América-MG,RCMF,Meia,22,12,393,10.0,ABC,Meio,637809,,,,0,0,1,0
2025,Alex Sandro,Amazonas,LAMF,Extremo,30,7,389,10.1,Bình Phước,Cai,552892,,,,0,0,3,0
2025,A. Rodríguez,Amazonas,CF,Atacante,31,9,387,10.0,ADT,Cai,,,,,0,0,2,0
2025,Kayke,Volta Redonda,CF,Atacante,38,12,384,10.1,Uberlândia,Cai,55378,,,,0,0,2,0
2025,Daniel Cabral,Volta Redonda,LCMF,Meia,24,10,383,10.1,Paide,Cai,662328,,,,0,0,1,0
2025,Hyuri,Volta Redonda,CF,Atacante,34,7,382,10.0,Figueirense,Cai,285319,,,,0,0,2,0
2025,Jean Carlos,Goiás,RWF,Extremo,21,10,382,10.0,Goiás,Meio,,,,,0,0,3,0
2025,Isaac,Athletico Paranaense,LW,Extremo,22,10,378,9.7,Athletico Paranaense,,1084667,169.0,2,45.0,0,0,1,0
2025,Fernando Henrique,CRB,DMF,Volante,25,9,377,9.9,Oleksandria,Meio,815673,,,,0,0,1,0
2025,Léo Natel,Novorizontino,CF,Atacante,29,7,375,9.6,Ordabasy,Meio,351750,,,,0,0,1,0
2025,Gabriel Novaes,Amazonas,CF,Atacante,27,8,374,9.7,Red Bull Bragantino,Cai,649055,,,,0,0,2,0
2025,F. Barceló,CRB,CF,Atacante,33,14,371,9.7,Liverpool,Meio,,,,,0,0,2,0
2025,William Barbio,Amazonas,RB,Lateral,33,10,367,9.5,Capital Brasilia,Cai,188959,,,,0,0,3,0
2025,Pedro Lucas,Operário-PR,RW,Extremo,24,9,356,9.4,Nova Iguaçu,Meio,718208,,,,0,0,3,0
2025,Lincoln,Athletic,CF,Atacante,25,6,343,9.0,Spartak Subotica,Meio,372046,,,,0,0,1,0
2025,E. Garcia,Goiás,LWF,Extremo,26,11,338,8.9,Goiás,Meio,,,,,0,0,2,0
2025,Lucas Cardoso,Cuiabá,RW,Extremo,26,9,335,8.7,Paysandu,Meio,931076,,,,0,0,3,0
2025,Ramon,Paysandu,RCMF,Meia,26,7,329,8.9,Ypiranga Erechim,Cai,,,,,0,0,3,0
2025,Kauan Lindes,Athletic,RCMF,Meia,22,8,328,8.6,Athletic Club,Meio,1222625,,,,0,0,1,0
2025,Tobias Figueiredo,Athletico Paranaense,RCB,Zaga,32,4,321,8.2,Jeju SK,,122077,,,,0,0,1,0
2025,Nilson Júnior,Operário-PR,LCB,Zaga,34,4,320,8.5,Java United,Meio,211305,,,,0,0,2,0
2025,Thalys,Vila Nova,LB,Lateral,26,5,318,8.3,Ponte Preta,Meio,705489,,,,0,0,1,0
2025,Ynaiã,Volta Redonda,RB,Lateral,27,6,316,8.3,Guarani,Cai,688661,,,,0,0,1,0
2025,Dalberson,América-MG,GK,Goleiro,29,3,315,8.0,Vila Nova,Meio,554297,,,,0,0,2,0
2025,Darlisson,CRB,LCB,Zaga,22,5,315,8.3,Anápolis,Meio,898441,,,,0,0,2,0
2025,Mendes,Avaí,AMF,Meia,31,9,310,8.1,Santa Catarina,Meio,977536,,,,0,0,1,0
2025,Baldória,Goiás,RCB,Zaga,21,9,307,8.0,Goiás,Meio,1097843,,,,0,0,1,0
2025,Carlos Eduardo,Paysandu,LCMF,Meia,25,7,306,8.2,Guarani,Cai,,,,,0,0,1,0
2025,Yago Santos,América-MG,LCMF,Meia,23,12,303,7.7,Athletic Club,Meio,900203,,,,0,0,2,0
2025,Cássio Meneses,América-MG,GK,Goleiro,24,3,299,7.6,América Mineiro,Meio,,,,,0,0,1,0
2025,Dentinho,Chapecoense,CF,Atacante,29,9,294,7.6,Caxias,Sobe,980005,,,,0,0,3,0
2025,Cocote,Amazonas,LW,Extremo,22,7,294,7.6,Nacional AM,Cai,982013,,,,0,0,2,0
2025,Brenno Pereira,Operário-PR,RAMF,Extremo,21,8,293,7.7,Operário PR,Meio,1091710,,,,0,0,1,0
2025,Leo Reis,Avaí,RAMF,Extremo,25,12,292,7.6,Uberlândia,Meio,874502,,,,0,0,1,0
2025,Luiz Filipe,Athletic,LAMF,Extremo,25,5,290,7.6,Mirassol,Meio,837534,,,,0,0,1,0
2025,João Miguel,Athletic,LDMF,Volante,22,5,288,7.6,Athletic Club,Meio,1227001,,,,0,0,1,0
2025,Jefferson,Operário-PR,LB,Lateral,29,8,286,7.6,Persebaya Surabaya,Meio,435211,,,,0,1,3,0
2025,Léo Ceará,Volta Redonda,RW,Extremo,27,10,285,7.5,Noroeste,Cai,595526,,,,0,0,2,0
2025,Rafinha,CRB,LAMF,Extremo,26,9,283,7.4,Maringá,Meio,,,,,0,0,3,0
2025,Erik Nascimento,Ferroviária,RCB,Zaga,21,3,277,7.3,Ferroviária,Cai,1028587,,,,0,0,2,0
2025,Anthony,Goiás,LCB,Zaga,21,7,275,7.2,Botafogo,Meio,1092623,,,,0,0,1,0
2025,Otávio Passos,Avaí,GK,Goleiro,33,3,274,7.2,Avaí,Meio,,,,,0,0,1,0
2025,Eliel,Paysandu,LW,Extremo,23,6,272,7.3,Cuiabá,Cai,1035650,,,,0,0,2,0
2025,Rodrigo Varanda,Amazonas,LWF,Extremo,23,4,269,7.0,Al Ahli,Cai,668237,,,,0,0,1,0
2025,Samuel Alves,América-MG,RB,Lateral,22,5,269,6.9,Uberlândia,Meio,997863,,,,0,0,1,0
2025,D. Torres,Vila Nova,AMF,Meia,35,6,267,7.0,Guarani,Meio,,,,,0,0,3,0
2025,Kadu Santos,Remo,RB,Lateral,20,7,265,6.9,Botafogo,Sobe,1095624,,,,0,0,1,0
2025,Gustavo Nicola,Paysandu,LCMF,Meia,27,4,264,7.1,Confiança,Cai,1026159,,,,0,0,1,0
2025,Rafael Barcelos,América-MG,RWB,Lateral,22,5,264,6.7,América Mineiro,Meio,,,,,0,0,1,0
2025,Ruan Assis,Coritiba,RW,Extremo,22,6,262,6.8,AVS ,Sobe,1090823,,,,0,0,1,0
2025,Matheus Guilherme,Athletic,RW,Extremo,26,9,261,6.8,Guarani,Meio,1261165,,,,0,0,1,0
2025,Wesley Pomba,Ferroviária,LAMF,Extremo,24,9,260,6.8,Veres,Cai,574774,,,,0,0,3,0
2025,David Antunes,Chapecoense,RCMF,Meia,21,5,260,6.7,Chapecoense,Sobe,1084629,,,,0,0,2,0
2025,Pernambuco,Operário-PR,RW,Extremo,28,6,252,6.7,Selangor,Meio,,,,,0,0,1,0
2025,Henrique Silva,Volta Redonda,RCMF,Meia,32,7,251,6.6,Volta Redonda,Cai,788194,,,,0,0,1,0
2025,Heron,Atlético-GO,LB,Lateral,25,6,249,6.7,Londrina,Meio,697401,39.0,1,51.0,0,1,3,0
2025,Radsley,Atlético-GO,LCMF,Meia,31,6,247,6.7,Retrô,Meio,723208,,,,0,0,1,0
2025,Aloísio,América-MG,LCMF,Meia,30,7,244,6.2,,Meio,477161,,,,0,0,2,0
2025,Thales,Criciúma,CF,Atacante,19,8,242,6.3,Criciúma,Meio,1360738,,,,0,0,1,0
2025,Denilson,Paysandu,CF,Atacante,28,7,240,6.5,Ferroviária,Cai,,,,,0,0,1,0
2025,Bressan,Chapecoense,CB,Zaga,33,5,239,6.2,CRB,Sobe,256453,15.0,1,2.0,0,0,1,0
2025,Everaldo,Coritiba,LW,Extremo,32,11,238,6.2,Santa Cruz,Sobe,388397,,,,0,0,1,0
2025,Lucas Ramires,Volta Redonda,RCB,Zaga,24,3,234,6.2,XV de Piracicaba,Cai,1003436,,,,0,0,1,0
2025,Sassá,Criciúma,CF,Atacante,32,11,234,6.1,Nacional AM,Meio,218353,,,,0,0,2,0
2025,Igor Inocêncio,Vila Nova,RB,Lateral,28,6,234,6.1,Cuiabá,Meio,733578,,,,0,1,3,0
2025,Matheus Blade,Amazonas,RCB,Zaga,31,3,230,6.0,Arema,Cai,1130043,,,,0,0,1,0
2025,Kauã Gomes,Operário-PR,LW,Extremo,22,4,227,6.0,Operário PR,Meio,1099233,,,,0,0,1,0
2025,Gustavo Silva,Athletic,CF,Atacante,21,5,227,6.0,,Meio,,,,,0,0,1,0
2025,Eduardo Melo,Remo,CF,Atacante,25,6,226,5.9,Remo,Sobe,738503,,,,0,0,1,0
2025,Maranhão,Atlético-GO,CF,Atacante,30,7,225,6.1,Guarani,Meio,1206598,,,,0,0,1,0
2025,Phillipe Guimarães,Amazonas,DMF,Volante,35,5,223,5.8,Nacional AM,Cai,,,,,0,0,1,0
2025,Victor Hugo,Amazonas,LCMF,Meia,22,5,223,5.8,Ajman,Cai,,,,,0,0,2,0
2025,Luquinhas,Amazonas,LW,Extremo,26,4,220,5.7,Monte Roraima ,Cai,715744,,,,0,0,1,0
2025,Léo Mana,Criciúma,RB,Lateral,22,6,215,5.6,Criciúma,Meio,838387,,,,0,0,1,0
2025,Heliardo,Volta Redonda,CF,Atacante,34,3,212,5.6,América RN,Cai,271340,,,,0,0,1,0
2025,Dener,Volta Redonda,LDMF,Volante,34,3,211,5.5,Volta Redonda,Cai,,,,,0,0,1,0
2025,Lucas Eduardo,Avaí,DMF,Volante,22,7,207,5.4,,Meio,1083971,,,,0,0,1,0
2025,Nathan,Cuiabá,CF,Atacante,19,8,206,5.4,Cuiabá,Meio,,,,,0,0,2,0
2025,Avelino,Volta Redonda,GK,Goleiro,27,2,204,5.4,Volta Redonda,Cai,,,,,0,0,1,0
2025,Eliton Júnior,Amazonas,AMF,Meia,28,5,203,5.3,Tirana,Cai,568467,,,,0,0,1,0
2025,Vitor Caetano,CRB,GK,Goleiro,27,2,203,5.3,CRB,Meio,593071,,,,0,0,3,0
2025,Kiko,Amazonas,LW,Extremo,29,7,202,5.2,Altos,Cai,722439,,,,0,0,1,0
2025,Cristian Tassano,Remo,RCB,Zaga,29,3,201,5.2,Remo,Sobe,358738,,,,0,0,1,0
2025,Victor Hugo,Vila Nova,GK,Goleiro,25,2,201,5.3,Anápolis,Meio,,,,,0,0,2,0
2025,Diogo Riquelme,Athletico Paranaense,RCMF,Meia,21,4,200,5.1,Athletico Paranaense,,1221388,,,,0,0,1,0
2025,Dodô,Remo,AMF,Meia,31,8,199,5.2,Vila Nova,Sobe,,,,,0,0,3,0
2025,Pablo Thomaz,Botafogo-SP,CF,Atacante,26,6,197,5.2,Uberlândia,Meio,593070,,,,0,0,2,0
2025,Enzo,Vila Nova,RDMF,Volante,23,4,196,5.1,Vila Nova,Meio,1083674,,,,0,0,2,0
2025,R. Durmisi,Amazonas,LB,Lateral,32,4,190,4.9,,Cai,,,,,0,0,1,0
2025,Digão,Amazonas,LB,Lateral,29,3,189,4.9,Maracanã,Cai,742130,,,,0,0,1,0
2025,Jhony Douglas,Botafogo-SP,LCMF,Meia,29,4,186,4.9,Floresta EC,Meio,468167,,,,0,0,2,0
2025,Nathan Melo,Vila Nova,LDMF,Volante,25,6,185,4.9,Guarani,Meio,880248,,,,0,0,3,0
2025,Júnior Brumado,Coritiba,CF,Atacante,27,6,185,4.8,Midtjylland,Sobe,524590,72.0,1,9.0,0,0,2,0
2025,Léo Silva,Operário-PR,RW,Extremo,23,6,184,4.9,Sioni,Meio,980815,,,,0,0,2,0
2025,Getúlio,Chapecoense,CF,Atacante,29,5,181,4.7,Inter de Limeira,Sobe,592345,,,,0,0,2,0
2025,Dener,Amazonas,RAMF,Extremo,28,5,179,4.6,Clube Andraus Brasil,Cai,,,,,0,0,1,0
2025,Luisão,Cuiabá,LCB,Zaga,20,4,177,4.6,Cuiabá,Meio,,,,,0,0,3,0
2025,Lucca Carvalho,Paysandu,RCB,Zaga,23,4,177,4.8,Paysandu,Cai,,,,,0,0,1,0
2025,Gabriel Queiroz,Athletic,LCB,Zaga,18,6,176,4.6,Benfica,Meio,,,,,0,0,1,0
2025,Jhemerson,Operário-PR,AMF,Meia,29,6,175,4.6,Betim,Meio,524567,,,,0,0,2,0
2025,Eduardo Person,Chapecoense,LCMF,Meia,29,4,174,4.5,América Mineiro,Sobe,554298,,,,0,0,3,0
2025,Igor Bolt,Ferroviária,LAMF,Extremo,25,8,173,4.5,Figueirense,Cai,942580,,,,0,0,2,0
2025,Héber,América-MG,CF,Atacante,34,5,171,4.4,Brusque,Meio,150601,,,,0,0,1,0
2025,Emerson Urso,Vila Nova,LAMF,Extremo,25,4,171,4.5,Vila Nova,Meio,868885,,,,0,0,3,0
2025,P. Delvalle,Paysandu,LW,Extremo,32,4,171,4.6,2 de Mayo,Cai,,,,,0,0,1,0
2025,Danielzinho,Atlético-GO,LDMF,Volante,24,4,169,4.6,Maringá,Meio,,,,,0,2,3,1
2025,Luciano Naninho,Volta Redonda,LCMF,Meia,34,5,164,4.3,Volta Redonda,Cai,681813,,,,0,0,3,0
2025,Fábio Soares,Ferroviária,RW,Extremo,21,4,163,4.3,Ferroviária,Cai,1094958,,,,0,0,1,0
2025,Jhonnathan,Chapecoense,LCB,Zaga,25,3,163,4.2,Figueirense,Sobe,816145,,,,0,0,3,0
2025,J. Silva Miranda,Avaí,RW,Extremo,17,3,157,4.1,Flamengo U20,Meio,,,,,0,0,1,0
2025,Maxwell,Remo,LWF,Extremo,31,5,154,4.0,Operário PR,Sobe,357091,,,,0,0,3,0
2025,Freitas,Remo,RB,Lateral,23,4,153,4.0,Juventus,Sobe,1064930,,,,0,0,1,0
2025,Gabriel Silva,Vila Nova,LAMF,Extremo,26,4,152,4.0,Vila Nova,Meio,692777,,,,0,0,3,0
2025,Guilherme Santos,Avaí,CF,Atacante,25,6,152,4.0,Portuguesa,Meio,795518,,,,0,0,2,0
2025,Vitor Mendes,Ferroviária,LCB,Zaga,27,3,151,4.0,Cuiabá,Cai,686333,,,,0,0,1,0
2025,Willian Bahia,CRB,LB,Lateral,24,2,147,3.9,Água Santa,Meio,1228659,,,,0,0,1,0
2025,Rodrigo Rodrigues,Coritiba,CF,Atacante,30,4,146,3.8,Coritiba,Sobe,,,,,0,0,3,0
2025,Ronald,Operário-PR,RW,Extremo,29,6,146,3.9,Santa Cruz,Meio,,,,,0,0,3,0
2025,David José,América-MG,CF,Atacante,24,6,144,3.7,Rio Branco ES,Meio,,,,,0,0,1,0
2025,Edinho,Paysandu,RAMF,Extremo,31,4,144,3.9,,Cai,353279,151.0,1,53.0,0,0,3,0
2025,C. Ortíz López,América-MG,AMF,Meia,,4,143,3.7,América Mineiro,Meio,,,,,0,0,1,0
2025,L. Chávez,Volta Redonda,LW,Extremo,23,4,142,3.7,Bolívar,Cai,,,,,0,0,1,0
2025,Hernâni,Ferroviária,RWF,Extremo,34,5,142,3.7,,Cai,172142,,,,0,0,1,0
2025,Luan Andrey,Vila Nova,CF,Atacante,19,3,141,3.7,,Meio,1255010,,,,0,0,1,0
2025,Gabriel Mineiro,Cuiabá,LWF,Extremo,21,6,136,3.5,Cuiabá,Meio,1362092,,,,0,0,1,0
2025,Igor Maduro,Volta Redonda,AMF,Meia,25,5,136,3.6,Botafogo PB,Cai,676510,,,,0,0,1,0
2025,O. Otusanya,Criciúma,CF,Atacante,22,7,136,3.5,Athletic Club,Meio,,,,,0,0,1,0
2025,Paulinho,Vila Nova,LDMF,Volante,27,3,130,3.4,Maringá,Meio,,,,,0,0,3,0
2025,Hudson,Criciúma,RCMF,Meia,25,4,130,3.4,Portuguesa,Meio,993566,,,,0,0,2,0
2025,Ryan,Operário-PR,RCB,Zaga,21,2,124,3.3,Brusque,Meio,,,,,0,0,2,0
2025,Vitão,Amazonas,CF,Atacante,26,6,124,3.2,Água Santa,Cai,,,,,0,0,2,0
2025,Léo Lang,Remo,GK,Goleiro,28,2,123,3.2,São Bernardo FC,Sobe,570584,,,,0,0,2,0
2025,Charles,Operário-PR,RCB,Zaga,31,2,120,3.2,Operário PR,Meio,,,,,0,0,1,0
2025,Mádson,Athletico Paranaense,RCB,Zaga,34,2,120,3.1,Grêmio Novorizontino,,177845,74.0,1,38.0,0,0,1,0
2025,Matheus Souza,Operário-PR,LAMF,Extremo,25,4,115,3.0,CSA,Meio,797734,,,,0,0,2,0
2025,Thomás Bedinelli,Chapecoense,CF,Atacante,33,4,115,3.0,,Sobe,,,,,0,0,2,0
2025,Carlos Eduardo,Botafogo-SP,LCB,Zaga,21,1,112,2.9,Hrvatski Dragovoljac,Meio,,,,,0,0,1,0
2025,Ytalo,Remo,CF,Atacante,38,4,112,2.9,Joinville,Sobe,70784,,,,0,1,2,0
2025,Rai Natalino,Atlético-GO,CF,Atacante,21,6,111,3.0,Maringá,Meio,,,,,0,0,1,0
2025,William Gabriel,Botafogo-SP,LAMF,Extremo,22,5,111,2.9,Paide,Meio,1091752,,,,0,0,3,0
2025,Andrey,Athletic,LCMF,Meia,28,5,111,2.9,Santa Cruz,Meio,,,,,0,0,3,0
2025,S. Viera,Amazonas,RB,Lateral,28,3,110,2.8,Progreso,Cai,,,,,0,0,1,0
2025,Lucas Rodrigues,Goiás,LCMF,Meia,18,3,108,2.8,Goiás,Meio,,,,,0,0,1,0
2025,Ruan Oliveira,Cuiabá,RCMF,Meia,26,4,108,2.8,Santa Catarina,Meio,798106,,,,0,0,1,0
2025,Thiago Rodrigues,Goiás,GK,Goleiro,37,1,107,2.8,Goiás,Meio,76139,,,,0,0,2,0
2025,Lucas Barreto,Atlético-GO,GK,Goleiro,24,1,103,2.8,,Meio,1080984,,,,0,0,1,0
2025,Anderson,Atlético-GO,GK,Goleiro,28,1,102,2.8,Chapecoense,Meio,,,,,0,0,2,0
2025,Bernardo,Operário-PR,LCB,Zaga,21,1,102,2.7,Operário PR,Meio,,,,,0,0,3,0
2025,Léo,Atlético-GO,GK,Goleiro,24,1,101,2.7,Atlético GO,Meio,,,,,0,0,2,0
2025,Talles,Operário-PR,GK,Goleiro,29,1,100,2.6,Operário PR,Meio,726096,,,,0,0,1,0
2025,Marquinho,Volta Redonda,LAMF,Extremo,21,1,99,2.6,Volta Redonda U20,Cai,942096,,,,0,0,1,0
2025,Glauco,Athletic,GK,Goleiro,31,1,99,2.6,Athletic Club,Meio,265768,,,,0,0,1,0
2025,Wendeson,Paysandu,RCB,Zaga,27,1,99,2.7,,Cai,,,,,0,0,1,0
2025,Judson,Avaí,RCMF,Meia,33,2,97,2.5,América RN,Meio,349744,,,,0,0,2,0
2025,Rodrigo Moledo,Coritiba,RCB,Zaga,38,1,96,2.5,Coritiba,Sobe,119434,144.0,1,22.0,0,0,2,0
2025,Quirino,Ferroviária,CF,Atacante,32,6,94,2.5,Santa Cruz,Cai,538258,,,,0,0,3,0
2025,Caick,Athletic,CF,Atacante,20,4,94,2.5,Athletic Club,Meio,1118185,,,,0,0,1,0
2025,Castro,Atlético-GO,RDMF,Volante,31,4,93,2.5,Paysandu,Meio,974381,,,,0,1,3,0
2025,João Marcos,Paysandu,RW,Extremo,29,4,89,2.4,Figueirense,Cai,550475,,,,0,0,1,0
2025,Marlon,Chapecoense,LDMF,Volante,29,3,88,2.3,,Sobe,,,,,0,1,3,0
2025,Arthur Rezende,Cuiabá,LCMF,Meia,32,3,86,2.2,Muharraq,Meio,363781,,,,0,0,2,0
2025,Eduardo Vinícius,Cuiabá,RCMF,Meia,21,3,85,2.2,CRAC,Meio,1111733,,,,0,0,1,0
2025,Felipe Guimarães,Coritiba,RB,Lateral,22,3,85,2.2,Atlético GO,Sobe,1090821,,,,0,0,2,0
2025,Ygor Vinhas,Remo,GK,Goleiro,32,2,84,2.2,Remo,Sobe,555201,,,,0,0,2,0
2025,Adsson,Volta Redonda,LCMF,Meia,26,3,83,2.2,Piauí,Cai,742027,,,,0,0,1,0
2025,Mateus Quaresma,Avaí,LW,Extremo,29,3,80,2.1,Avaí,Meio,,,,,0,0,1,0
2025,Rubens,Chapecoense,CF,Atacante,23,5,80,2.1,Chapecoense,Sobe,997465,,,,0,0,2,0
2025,João Botão,Operário-PR,RB,Lateral,20,1,79,2.1,Operário PR,Meio,,,,,0,0,2,0
2025,Renato Marques,América-MG,RCMF,Meia,22,4,75,1.9,Coritiba,Meio,985351,,,,0,0,2,0
2025,Tiago Cametá,Amazonas,RB,Lateral,34,2,75,1.9,Maguary PE,Cai,261452,,,,0,0,2,0
2025,F. Pasadore,Cuiabá,CF,Atacante,25,5,74,1.9,Always Ready,Meio,,,,,0,0,1,0
2025,Guilherme Nogueira,América-MG,LDMF,Volante,19,1,73,1.9,América Mineiro,Meio,,,,,0,0,1,0
2025,L. Cosentino,Atlético-GO,RAMF,Extremo,25,3,73,2.0,Wanderers,Meio,,,,,0,0,1,0
2025,Vágner Love,Avaí,CF,Atacante,42,4,71,1.9,Retrô,Meio,18829,,,,0,1,3,0
2025,Raimar,Amazonas,LB,Lateral,24,2,70,1.8,Brusque,Cai,739445,,,,0,0,1,0
2025,Gustavo,Atlético-GO,LB,Lateral,21,2,68,1.8,Atlético GO,Meio,,,,,0,0,2,0
2025,Breno,América-MG,CF,Atacante,24,4,67,1.7,,Meio,,,,,0,0,2,0
2025,Juninho,Avaí,LW,Extremo,22,5,66,1.7,Paysandu,Meio,,,,,0,0,3,0
2025,Vitinho,Volta Redonda,RAMF,Extremo,22,1,65,1.7,,Cai,,,,,0,0,2,0
2025,Renato Palm,Novorizontino,RCB,Zaga,34,3,65,1.7,Grêmio Novorizontino,Meio,347285,221.0,1,52.0,0,0,3,0
2025,Dalbert,América-MG,LB,Lateral,32,3,65,1.7,América Mineiro,Meio,312862,32.0,1,8.0,0,0,2,0
2025,David Braw,CRB,LWF,Extremo,23,2,64,1.7,CRB,Meio,992136,,,,0,0,2,0
2025,Mancha,Chapecoense,LWB,Lateral,25,4,64,1.7,Chapecoense,Sobe,871650,140.0,1,0.0,0,1,3,0
2025,Geovane Meurer,Coritiba,RCMF,Meia,24,1,63,1.6,Londrina,Sobe,1056021,,,,0,0,2,0
2025,Gazão,CRB,RDMF,Volante,24,3,61,1.6,Brusque,Meio,869061,,,,0,0,2,0
2025,Felipe Pará,Amazonas,RB,Lateral,24,1,56,1.4,Joinville,Cai,986895,,,,0,0,2,0
2025,Matheus Costa,Volta Redonda,RW,Extremo,27,3,56,1.5,BG Pathum United,Cai,,,,,0,0,2,0
2025,Alan Stence,Goiás,AMF,Meia,24,2,55,1.4,São José EC,Meio,1074474,,,,0,0,1,0
2025,Matheus Galdino,Operário-PR,LCMF,Meia,21,1,53,1.4,Operário PR,Meio,1223068,,,,0,0,1,0
2025,F. Barrios,Atlético-GO,RCMF,Meia,24,1,53,1.4,CFR Cluj,Meio,,,,,0,0,1,0
2025,Hiago Alves,Criciúma,LWB,Lateral,20,1,53,1.4,Criciúma,Meio,978189,,,,0,0,1,0
2025,Wallace,CRB,RCB,Zaga,21,2,53,1.4,Grêmio,Meio,,,,,0,1,3,0
2025,Rodriguinho,CRB,CF,Atacante,21,3,53,1.4,Anápolis,Meio,1088848,,,,0,0,2,0
2025,C. Dotto Breve,Volta Redonda,LCMF,Meia,21,2,52,1.4,Volta Redonda,Cai,,,,,0,0,1,0
2025,M. Júnior,Botafogo-SP,AMF,Meia,,1,51,1.3,Botafogo SP,Meio,,,,,0,0,1,0
2025,Thiago Medeiros,Operário-PR,RCMF,Meia,22,1,51,1.3,,Meio,980981,,,,0,0,1,0
2025,Kevyn,Paysandu,LCB,Zaga,28,1,51,1.4,Londrina,Cai,,,,,0,1,2,0
2025,M. Generoso da Silva,Athletic,LAMF,Extremo,18,1,50,1.3,Athletic Club U20,Meio,,,,,0,0,1,0
2025,Rigley,Avaí,CF,Atacante,21,3,50,1.3,Capivariano,Meio,1093187,,,,0,0,1,0
2025,Nathan,Athletic,LW,Extremo,28,2,49,1.3,Uberlândia,Meio,,,,,0,0,2,0
2025,J. Espinoza,Paysandu,LCMF,Meia,26,2,49,1.3,Atletico FC,Cai,,,,,0,0,1,0
2025,Guilherme Pato,América-MG,LW,Extremo,25,2,49,1.3,CRB,Meio,742025,194.0,1,33.0,0,0,1,0
2025,H. Rojas Santos,Amazonas,LCMF,Meia,21,2,48,1.2,,Cai,,,,,0,0,1,0
2025,Vagner,Amazonas,LW,Extremo,31,2,47,1.2,,Cai,68442,,,,0,0,1,0
2025,Del Piage,Avaí,LCMF,Meia,26,2,47,1.2,Avaí,Meio,,,,,0,0,1,0
2025,Kaique Maciel,Chapecoense,RWF,Extremo,25,2,47,1.2,Aparecidense,Sobe,795828,,,,0,0,1,0
2025,Gustavinho,América-MG,RW,Extremo,24,2,46,1.2,Athletic Club,Meio,800649,,,,0,0,2,0
2025,Iarley,Paysandu,RCB,Zaga,21,1,44,1.2,Paysandu,Cai,,,,,0,0,1,0
2025,Dudu,Operário-PR,RCMF,Meia,20,1,43,1.1,Operário PR,Meio,,,,,0,0,3,0
2025,Jean Lucas,Operário-PR,LCMF,Meia,31,2,43,1.1,Avaí,Meio,532828,,,,0,0,3,0
2025,Madison,Remo,LDMF,Volante,28,2,43,1.1,Confiança,Sobe,592310,,,,0,0,2,0
2025,Rafael Castro,Remo,DMF,Volante,30,2,42,1.1,Volta Redonda,Sobe,,,,,0,0,2,0
2025,Adrianinho,Criciúma,RW,Extremo,22,1,39,1.0,Brusque,Meio,,,,,0,0,1,0
2025,Cássio,Ferroviária,CF,Atacante,33,2,38,1.0,Anápolis,Cai,983979,,,,0,0,3,0
2025,Lyncon,Volta Redonda,DMF,Volante,21,2,38,1.0,CRB,Cai,1083889,,,,0,0,1,0
2025,Danilo Cunha,Goiás,LB,Lateral,19,2,38,1.0,Goiás,Meio,1257107,,,,0,0,1,0
2025,Diogo Carlos,Amazonas,RCMF,Meia,32,1,37,1.0,Águia de Marabá,Cai,681841,,,,0,0,1,0
2025,Victor Hugo,Amazonas,RCMF,Meia,17,1,36,0.9,Amazonas U17,Cai,,,,,0,0,2,0
2025,Murilo Camara,Goiás,LCB,Zaga,19,1,35,0.9,Goiás,Meio,1355425,,,,0,0,1,0
2025,M. Cardoso de Souza,Paysandu,RB,Lateral,20,1,34,0.9,Paysandu,Cai,,,,,0,0,1,0
2025,João Henrique,Volta Redonda,CF,Atacante,21,1,34,0.9,Felgueiras 1932,Cai,,,,,0,0,1,0
2025,Fábio,Goiás,RWB,Lateral,25,2,34,0.9,Barra,Meio,980832,,,,0,0,2,0
2025,Léo Cittadini,Operário-PR,RCMF,Meia,32,1,32,0.8,Ningbo Professional,Meio,187210,34.0,1,6.0,0,0,1,0
2025,Pedro Balotelli,Novorizontino,CF,Atacante,20,1,30,0.8,Grêmio Novorizontino,Meio,1219705,,,,0,0,1,0
2025,Kauan Cristtyan,América-MG,RAMF,Extremo,20,2,30,0.8,Cuiabá,Meio,1223701,,,,0,0,1,0
2025,Tortello,Botafogo-SP,RDMF,Volante,22,2,30,0.8,Botafogo SP,Meio,867811,,,,0,0,2,0
2025,L. Belleggia,Volta Redonda,LCMF,Meia,29,1,30,0.8,Bhayangkara F.C.,Cai,,,,,0,0,1,0
2025,Pedro Henrique,Novorizontino,CF,Atacante,21,1,30,0.8,Pouso Alegre,Meio,,,,,0,0,2,0
2025,Rômulo Souza,Chapecoense,LW,Extremo,31,2,30,0.8,,Sobe,349515,,,,0,0,3,0
2025,Pedro Barcelos,América-MG,LB,Lateral,30,1,29,0.7,Académico de Viseu F.C.,Meio,752592,,,,0,0,2,0
2025,Luiz Fernando,CRB,LCMF,Meia,37,3,28,0.7,CRB,Meio,,,,,0,0,2,0
2025,Gabriel Cardozo,Operário-PR,RW,Extremo,19,1,28,0.7,Operário PR U20,Meio,1357860,,,,0,0,1,0
2025,Georgemy,Criciúma,GK,Goleiro,30,1,28,0.7,Mirassol,Meio,258369,,,,0,0,3,0
2025,PH Gama,Remo,LAMF,Extremo,27,2,28,0.7,Tuna Luso,Sobe,1007308,,,,0,0,1,0
2025,Matheus Mega,Athletic,RAMF,Extremo,26,1,27,0.7,Rio Branco ES,Meio,863110,,,,0,0,2,0
2025,R. Sant'anna Rodrigues,Operário-PR,RW,Extremo,,1,26,0.7,Operário PR,Meio,,,,,0,0,1,0
2025,Lucas Soares,Vila Nova,RB,Lateral,20,1,24,0.6,Vila Nova,Meio,1092910,,,,0,0,1,0
2025,Cássio Gabriel,Ferroviária,CF,Atacante,33,1,23,0.6,Ferroviária,Cai,256362,,,,0,0,1,0
2025,G. Queiroz,Athletic,LB,Lateral,17,1,23,0.6,Athletic Club,Meio,,,,,0,0,1,0
2025,Dioran,CRB,CF,Atacante,23,1,23,0.6,Treze,Meio,867813,,,,0,0,1,0
2025,Gabriel Souza,Operário-PR,RB,Lateral,23,1,22,0.6,Betim,Meio,979931,,,,0,0,1,0
2025,Breno,Vila Nova,LDMF,Volante,20,1,22,0.6,Vila Nova U20,Meio,,,,,0,0,2,0
2025,Caixeta,Vila Nova,LAMF,Extremo,19,1,22,0.6,,Meio,,,,,0,0,1,0
2025,Du Fernandes,Volta Redonda,RCMF,Meia,25,1,21,0.6,Volta Redonda,Cai,796783,,,,0,0,2,0
2025,Gabryel Martins,Remo,RAMF,Extremo,24,1,21,0.5,Brasiliense,Sobe,994618,,,,0,0,1,0
2025,Filipe Claudino,Operário-PR,LAMF,Extremo,22,2,21,0.6,São Bernardo,Meio,1095566,,,,0,0,2,0
2025,Weverton,Avaí,LCB,Zaga,27,1,20,0.5,Jacuipense,Meio,,,,,0,0,2,0
2025,G. Queiroz,Athletic,LCB,Zaga,17,1,19,0.5,Athletic Club,Meio,,,,,0,0,1,0
2025,Jhonnatan,América-MG,RW,Extremo,21,2,19,0.5,Oleksandria,Meio,,,,,0,0,1,0
2025,Klebert,Atlético-GO,RDMF,Volante,18,1,19,0.5,Atlético GO,Meio,1406112,,,,0,0,1,0
2025,Kauã Ubá,Volta Redonda,LAMF,Extremo,20,2,19,0.5,Volta Redonda,Cai,,,,,0,0,1,0
2025,Kerlinho,Volta Redonda,RCMF,Meia,20,2,17,0.4,Volta Redonda U20,Cai,1160689,,,,0,0,1,0
2025,R. Ykaro Santos Silva,Vila Nova,RDMF,Volante,17,1,15,0.4,Flamengo U17,Meio,,,,,0,0,1,0
2025,Kaua,Paysandu,RCMF,Meia,19,2,13,0.3,Paysandu,Cai,,,,,0,0,1,0
2025,Heitor Roca,Criciúma,LWB,Lateral,28,1,12,0.3,Criciúma,Meio,688686,188.0,1,44.0,0,0,2,0
2025,Fabricio,Criciúma,RW,Extremo,20,1,12,0.3,,Meio,,,,,0,0,1,0
2025,Wendell,Amazonas,RW,Extremo,23,1,11,0.3,Desportivo Brasil,Cai,1012158,,,,0,0,2,0
2025,Yamil Asad,Cuiabá,CF,Atacante,31,1,10,0.3,Cuiabá,Meio,266600,229.0,1,40.0,0,0,1,0
2025,Carlito,Athletic,RDMF,Volante,21,1,9,0.2,Cianorte,Meio,,,,,0,0,1,0
2025,Monteiro,Paysandu,RW,Extremo,20,1,8,0.2,,Cai,,,,,0,0,1,0
2025,S. Monteiro,Paysandu,RW,Extremo,21,1,8,0.2,Paysandu,Cai,,,,,0,0,1,0
2025,Cauê,Criciúma,CF,Atacante,23,1,7,0.2,Criciúma,Meio,814268,85.0,1,13.0,0,0,1,0
2025,S. Nufour,Criciúma,RCMF,Meia,21,1,6,0.2,Criciúma,Meio,,,,,0,0,1,0
2025,N. Tedesco Borba,Avaí,LCMF,Meia,18,1,5,0.1,Avaí,Meio,,,,,0,0,1,0
2025,Gustavo Talles,Chapecoense,RCMF,Meia,23,1,4,0.1,Chapecoense,Sobe,1093749,,,,0,0,2,0
2025,Gustavo Maia,Criciúma,DMF,Volante,25,1,3,0.1,Atlético GO,Meio,752560,,,,0,0,2,0
2024,Tadeu,Goiás,GK,Goleiro,34,38,3863,100.0,Goiás,Meio,258367,,,,1,1,1,0
2024,Matheus Nogueira,Brusque,GK,Goleiro,39,37,3704,98.5,Brusque,Cai,,,,,1,1,2,0
2024,César Augusto,Avaí,GK,Goleiro,31,37,3686,97.0,Grêmio Novorizontino,Meio,,,,,1,1,1,0
2024,Caíque França,Sport,GK,Goleiro,31,37,3678,96.0,Guarani,Sobe,408850,,,,1,3,3,1
2024,Dênis Júnior,Vila Nova,GK,Goleiro,27,36,3662,96.1,Ferroviária,Meio,650517,,,,1,2,2,1
2024,Matheus Albino,CRB,GK,Goleiro,31,36,3649,94.5,CRB,Meio,363811,,,,1,2,3,1
2024,Alex Muralha,Mirassol,GK,Goleiro,36,36,3645,94.6,Mirassol,Sobe,277743,,,,1,2,2,1
2024,Danielzinho,Mirassol,RCMF,Meia,31,37,3642,94.5,São Paulo,Sobe,292731,,,,1,2,3,1
2024,Pedro Morisco,Coritiba,GK,Goleiro,22,36,3621,95.2,Coritiba,Meio,974488,,,,1,1,1,0
2024,João Victor,Mirassol,RCB,Zaga,28,36,3525,91.5,Mirassol,Sobe,,,,,1,0,3,0
2024,Jordi,Novorizontino,GK,Goleiro,32,35,3501,91.0,Grêmio Novorizontino,Meio,255928,,,,1,2,2,1
2024,Bruno Melo,Coritiba,LCB,Zaga,33,35,3472,91.2,Coritiba,Meio,538230,,,,1,1,1,0
2024,Juninho,América-MG,RCMF,Meia,38,37,3466,90.6,Goiás,Meio,,,,,1,0,3,0
2024,E. Pulga,Ceará,LW,Extremo,25,35,3465,88.2,Bahia,Sobe,,,,,1,1,2,0
2024,Marcos Vinicius,Avaí,RB,Lateral,29,35,3463,91.1,Chapecoense,Meio,594006,,,,1,1,1,0
2024,Lucas Ramon,Mirassol,RB,Lateral,32,37,3460,89.8,São Paulo,Sobe,378189,,,,1,2,3,1
2024,Natanael,Coritiba,RB,Lateral,24,36,3443,90.5,Atlético Mineiro,Meio,,,,,1,1,2,0
2024,Alesson,Vila Nova,LW,Extremo,27,35,3437,90.2,Mirassol,Meio,480225,,,,1,1,1,0
2024,Marcão,Amazonas,GK,Goleiro,34,34,3436,89.7,Gol Gohar Sirjan,Meio,,,,,1,1,1,0
2024,Willian Machado,Operário-PR,LCB,Zaga,29,34,3431,92.1,Mirassol,Meio,592340,,,,1,1,2,0
2024,Gil,Santos,LCB,Zaga,39,34,3417,89.2,,Sobe,101469,,,,1,1,1,0
2024,Diego Pituca,Santos,RCMF,Meia,33,36,3416,89.2,V-Varen Nagasaki,Sobe,546000,,,,1,1,1,0
2024,João Vieira,Paysandu,RDMF,Volante,28,35,3364,87.2,Vila Nova,Meio,699824,,,,1,1,1,0
2024,Matheus Bueno,Guarani,LCMF,Meia,27,36,3348,86.0,Kashima Antlers,Cai,631112,,,,1,2,2,1
2024,Jemmes,Vila Nova,LCB,Zaga,26,35,3345,87.8,Fluminense,Meio,1141364,,,,1,1,1,0
2024,Wallace,Brusque,LCB,Zaga,38,34,3333,88.6,Londrina,Cai,,,,,1,1,3,0
2024,Tiago Pagnussat,Avaí,RCB,Zaga,36,35,3296,86.7,Vila Nova,Meio,346729,,,,1,1,2,0
2024,Pedro Rocha,Ponte Preta,GK,Goleiro,28,32,3257,85.9,Juventude,Cai,740287,,,,1,1,3,0
2024,Lucas Lima,Sport,RW,Extremo,36,35,3249,84.8,Goiás,Sobe,232847,,,,1,2,2,1
2024,Fabiano,Amazonas,LB,Lateral,36,35,3235,84.4,Amazonas,Meio,461924,,,,1,2,3,1
2024,David Ricardo,Ceará,LCB,Zaga,23,33,3218,81.9,Dinamo Moskva,Sobe,985172,,,,1,1,2,0
2024,Jefferson Paulino,Ituano,GK,Goleiro,34,32,3203,84.0,Retrô,Cai,437791,,,,1,2,3,1
2024,Anselmo Ramon,CRB,CF,Atacante,38,36,3188,82.6,Goiás,Meio,118007,,,,1,3,3,1
2024,Lucas Ronier,Coritiba,RAMF,Extremo,21,35,3182,83.6,Coritiba,Meio,1090819,,,,1,1,1,0
2024,Gonzalo Escobar,Santos,LB,Lateral,29,33,3172,82.8,Santos,Sobe,440377,,,,1,1,1,0
2024,João Schmidt,Santos,LDMF,Volante,33,33,3154,82.3,Santos,Sobe,198859,17.0,1,2.0,1,1,1,0
2024,Cristiano,Vila Nova,LCMF,Meia,26,33,3140,82.4,Atlético GO,Meio,,,,,1,0,2,0
2024,Rafael Santos,Operário-PR,GK,Goleiro,37,31,3128,83.9,Chapecoense,Meio,93243,,,,1,1,2,0
2024,Léo Pereira,CRB,LW,Extremo,26,34,3128,81.0,CSKA Sofia,Meio,,,,,1,0,2,0
2024,Gabriel Brazão,Santos,GK,Goleiro,25,31,3126,81.6,Santos,Sobe,371247,,,,1,1,1,0
2024,Alê,América-MG,DMF,Volante,36,34,3124,81.7,América Mineiro,Meio,543614,,,,1,1,1,0
2024,Caio Dantas,Guarani,CF,Atacante,33,35,3111,79.9,Operário PR,Cai,628647,,,,1,2,3,1
2024,Ricardo Silva,América-MG,RCB,Zaga,33,32,3087,80.7,América Mineiro,Meio,206097,,,,1,1,1,0
2024,Hereda,CRB,RB,Lateral,27,33,3078,79.7,CRB,Meio,634139,,,,1,1,3,0
2024,Marcão,Goiás,RCMF,Meia,35,34,3060,79.2,São Bernardo FC,Meio,,,,,1,1,1,0
2024,Matheus Bahia,Ceará,LB,Lateral,26,33,3056,77.8,Internacional,Sobe,741021,,,,1,1,2,0
2024,Luiz Otávio,Mirassol,LCB,Zaga,33,32,3047,79.1,Ceará,Sobe,265693,228.0,2,121.0,1,1,3,0
2024,Claudinho,Ituano,LCB,Zaga,36,31,3015,79.1,Marcílio Dias,Cai,494841,,,,1,1,3,0
2024,Felipe,Sport,DMF,Volante,32,32,2975,77.6,Liaoning Tieren,Sobe,508930,,,,1,0,3,0
2024,Rodolfo Potiguar,Brusque,DMF,Volante,38,35,2961,78.8,Altos,Cai,538228,,,,1,2,2,1
2024,Luisão,Novorizontino,RCB,Zaga,22,32,2956,76.8,Goiás,Meio,1093922,,,,1,0,2,0
2024,F. Domínguez,Sport,RCMF,Meia,28,33,2949,77.0,Cerro Porteño,Sobe,,,,,1,1,1,0
2024,Elias,Vila Nova,RB,Lateral,27,31,2943,77.2,Mirassol,Meio,525510,,,,1,0,1,0
2024,Matheus Serafim,Amazonas,LW,Extremo,28,33,2934,76.6,Daegu,Meio,525875,,,,1,1,1,0
2024,Douglas Baggio,Botafogo-SP,RW,Extremo,31,35,2934,76.9,CRB,Meio,191872,,,,1,3,3,1
2024,Rafael Carvalheira,Chapecoense,LCMF,Meia,27,33,2909,77.5,Chapecoense,Meio,,,,,1,1,2,0
2024,Aylon,Ceará,CF,Atacante,34,36,2892,73.6,Operário PR,Sobe,329845,,,,1,2,3,1
2024,Dieguinho,Goiás,RB,Lateral,31,32,2886,74.7,Shimizu S-Pulse,Meio,,,,,1,0,1,0
2024,Lucas Ribeiro,Goiás,LCB,Zaga,27,30,2850,73.8,Goiás,Meio,605893,,,,1,1,2,0
2024,Enio,Amazonas,RW,Extremo,25,36,2843,74.2,Chapecoense,Meio,740085,,,,1,1,1,0
2024,Mário Sérgio,Avaí,LB,Lateral,32,29,2843,74.8,São Bernardo FC,Meio,,,,,1,1,3,0
2024,Bruno Leonardo,Chapecoense,RCB,Zaga,30,29,2843,75.7,Chapecoense,Meio,729587,,,,1,1,2,0
2024,Dellatorre,Mirassol,CF,Atacante,34,34,2828,73.4,Vila Nova,Sobe,184604,,,,1,1,1,0
2024,Guilherme,Santos,LAMF,Extremo,31,31,2824,73.7,Houston Dynamo,Sobe,444920,46.0,2,6.0,1,1,2,0
2024,Miquéias,Ituano,RCMF,Meia,24,34,2820,74.0,Kaisar,Cai,973707,,,,1,1,3,0
2024,Gegé,CRB,AMF,Meia,32,33,2801,72.6,Goiás,Meio,299596,,,,1,2,3,1
2024,Marlon,América-MG,LB,Lateral,32,29,2798,73.2,Cuiabá,Meio,,,,,1,1,2,0
2024,Alexis Alvariño,Amazonas,RCB,Zaga,25,29,2789,72.8,Grêmio Novorizontino,Meio,911994,,,,1,1,3,0
2024,Lucas Maia,Paysandu,LCB,Zaga,33,29,2775,71.9,Henan,Meio,451209,,,,1,1,1,0
2024,Falcão,CRB,LDMF,Volante,28,35,2768,71.7,,Meio,,,,,1,2,3,1
2024,João Pedro,CRB,RDMF,Volante,26,32,2732,70.8,Kyoto Sanga,Meio,,,,,1,1,2,0
2024,Gabriel,Mirassol,LCMF,Meia,36,34,2708,70.3,Sporting Cristal,Sobe,,,,,1,2,3,1
2024,Marcinho,Chapecoense,LAMF,Extremo,31,33,2702,72.0,Chapecoense,Meio,,,,,1,0,3,0
2024,Miranda,Amazonas,RCB,Zaga,26,27,2685,70.1,Operário PR,Meio,412376,,,,1,1,2,0
2024,Rafael Ramos,Ceará,RB,Lateral,31,28,2678,68.2,Ceará,Sobe,290388,,,,1,1,1,0
2024,Igor Inocêncio,Ponte Preta,RB,Lateral,28,31,2674,70.6,Cuiabá,Cai,733578,,,,1,1,3,0
2024,N. Pessôa,Novorizontino,LW,Extremo,32,37,2665,69.2,Chapecoense,Meio,,,,,1,1,3,0
2024,Vinícius Paiva,Ituano,LAMF,Extremo,25,34,2660,69.8,Grêmio Novorizontino,Cai,689561,,,,1,1,2,0
2024,Fernandinho,Mirassol,LW,Extremo,28,34,2638,68.4,Mirassol,Sobe,442818,,,,1,1,3,0
2024,Marlon,Novorizontino,LCMF,Meia,36,35,2620,68.1,Grêmio Novorizontino,Meio,,,,,1,1,2,0
2024,Emerson Negueba,Botafogo-SP,RB,Lateral,25,35,2618,68.6,Jeju SK,Meio,858495,,,,1,1,2,0
2024,Patrick De Lucca,Ceará,RCMF,Meia,26,33,2617,66.6,CRB,Sobe,689737,,,,1,2,2,1
2024,Rodrigo,Ituano,DMF,Volante,32,32,2610,68.5,Maranhão,Cai,,,,,1,0,3,0
2024,Edílson,Paysandu,RB,Lateral,31,31,2601,67.4,Paysandu,Meio,684376,,,,1,1,2,0
2024,Welliton Matheus,Goiás,RW,Extremo,26,35,2595,67.2,Fortaleza,Meio,,,,,1,1,2,0
2024,Matheus Salustiano,Guarani,LCB,Zaga,33,26,2588,66.4,São Bernardo FC,Cai,286474,,,,1,1,1,0
2024,Mateus Henrique,América-MG,RB,Lateral,23,29,2585,67.6,Shabab Al Ahli Dubai,Meio,977471,,,,1,1,1,0
2024,Rafael Donato,Novorizontino,CB,Zaga,37,30,2579,67.0,Guarani,Meio,212199,,,,1,3,3,1
2024,Maurício Garcez,Avaí,LW,Extremo,29,33,2570,67.6,Chapecoense,Meio,802809,,,,1,1,1,0
2024,Bernardo Schappo,Botafogo-SP,LCB,Zaga,27,31,2563,67.2,Estrela Amadora,Meio,699679,,,,1,2,2,1
2024,Jefferson,Guarani,LB,Lateral,29,30,2559,65.7,Persebaya Surabaya,Cai,435211,,,,1,1,3,0
2024,Lourenço,Ceará,RDMF,Volante,28,30,2552,65.0,Goiás,Sobe,515068,,,,1,2,3,1
2024,Vilar,Avaí,LCB,Zaga,26,27,2541,66.9,Botafogo SP,Meio,978269,,,,1,2,2,1
2024,Élvis,Ponte Preta,CF,Atacante,35,32,2537,66.9,Ponte Preta,Cai,76135,,,,1,1,3,0
2024,Richard,Ceará,GK,Goleiro,35,26,2533,64.5,Ceará,Sobe,1096607,,,,1,0,2,0
2024,Giovanni,Avaí,CF,Atacante,32,33,2528,66.5,Botafogo PB,Meio,,,,,1,1,3,0
2024,Castro,Ponte Preta,RDMF,Volante,31,27,2522,66.5,Paysandu,Cai,974381,,,,1,1,2,0
2024,Waguininho,Novorizontino,RW,Extremo,36,31,2508,65.2,Criciúma,Meio,346923,,,,1,1,3,0
2024,Éder,América-MG,LCB,Zaga,31,26,2507,65.5,Ceará,Meio,375690,,,,1,1,2,0
2024,Marcos Serrato,Brusque,LCMF,Meia,32,31,2488,66.2,FC Tulsa,Cai,346067,,,,1,1,3,0
2024,Mancha,Chapecoense,LB,Lateral,25,25,2483,66.1,Chapecoense,Meio,871650,,,,1,1,2,0
2024,Saulo Mineiro,Ceará,CF,Atacante,29,30,2471,62.9,Shanghai Shenhua,Sobe,553727,,,,1,1,2,0
2024,Willian Maranhão,Avaí,LCMF,Meia,30,31,2458,64.7,Vila Nova,Meio,538107,,,,1,1,2,0
2024,S. Gómez,Coritiba,LCMF,Meia,30,29,2445,64.3,Coritiba,Meio,,,,,1,1,1,0
2024,J. Victor,Guarani,RW,Extremo,27,31,2445,62.8,Daejeon Citizen,Cai,,,,,1,1,3,0
2024,Neto Moura,Mirassol,DMF,Volante,29,33,2445,63.4,Mirassol,Sobe,329843,,,,1,2,3,1
2024,Chrystian Barletta,Sport,LW,Extremo,25,32,2443,63.8,Sport Recife,Sobe,695232,,,,1,1,3,0
2024,Ralf,Vila Nova,RCB,Zaga,42,28,2442,64.1,Guarani,Meio,99903,,,,1,2,3,1
2024,Douglas Bacelar,Guarani,RCB,Zaga,36,26,2438,62.6,Figueirense,Cai,,,,,1,1,2,0
2024,Chico,Sport,LCB,Zaga,27,28,2435,63.5,Hapoel Tel Aviv,Sobe,612342,,,,1,1,3,0
2024,Foguinho,Chapecoense,RCMF,Meia,34,30,2423,64.5,São Bernardo FC,Meio,,,,,1,1,1,0
2024,Gustavo Bochecha,Botafogo-SP,LCMF,Meia,30,36,2417,63.3,Inter de Limeira,Meio,439455,,,,1,2,2,1
2024,Kevyn,Paysandu,LB,Lateral,28,31,2407,62.4,Londrina,Meio,530286,,,,1,1,1,0
2024,Giuliano,Santos,AMF,Meia,36,29,2404,62.8,,Sobe,54375,147.0,2,12.0,1,1,1,0
2024,Reverson,Novorizontino,LB,Lateral,29,32,2404,62.5,CRB,Meio,642570,,,,1,2,3,1
2024,José Aldo,Ituano,LCMF,Meia,27,29,2395,62.8,Mirassol,Cai,,,,,1,2,2,1
2024,Ezequiel,Amazonas,RB,Lateral,33,27,2387,62.3,Figueirense,Meio,224047,,,,1,1,3,0
2024,Matheus Frizzo,Coritiba,AMF,Meia,27,32,2382,62.6,Suwon,Meio,688878,,,,1,2,3,1
2024,Rómulo Otero,Santos,RW,Extremo,33,37,2374,62.0,Criciúma,Sobe,177680,,,,1,1,1,0
2024,Eduardo,Novorizontino,RCMF,Meia,29,30,2371,61.6,Criciúma,Meio,540541,,,,1,1,3,0
2024,Thonny Anderson,Ituano,CF,Atacante,28,27,2369,62.2,Tokushima Vortis,Cai,561214,,,,1,1,2,0
2024,Nicolas,Paysandu,CF,Atacante,36,29,2363,61.3,Criciúma,Meio,,,,,1,0,3,0
2024,Emerson Santos,Ponte Preta,DMF,Volante,34,33,2349,62.0,Inter de Limeira,Cai,131028,,,,1,0,3,0
2024,Rhuan,Vila Nova,LB,Lateral,25,31,2348,61.6,Ferroviária,Meio,371992,,,,1,1,1,0
2024,Patrick,Novorizontino,LCB,Zaga,27,26,2339,60.8,Grêmio Novorizontino,Meio,,,,,1,0,2,0
2024,Gustavo Coutinho,Sport,CF,Atacante,27,34,2327,60.7,Atlético GO,Sobe,612340,,,,1,2,3,1
2024,Ianson,Brusque,RCB,Zaga,31,24,2302,61.2,Caxias,Cai,403540,,,,1,1,2,0
2024,Rafael Thyere,Sport,RCB,Zaga,33,23,2292,59.8,Chapecoense,Sobe,292152,,,,0,2,3,1
2024,Mateus Pivô,Brusque,RB,Lateral,28,26,2291,60.9,Brusque,Cai,978615,,,,1,1,2,0
2024,Rafael Gava,Goiás,RCMF,Meia,33,31,2286,59.2,Botafogo SP,Meio,411563,,,,0,1,2,0
2024,Luan Dias,Guarani,CF,Atacante,28,28,2280,58.5,Gimpo Citizen,Cai,739218,,,,0,0,1,0
2024,Saimon,CRB,RCB,Zaga,35,23,2271,58.8,Botafogo PB,Meio,104544,11.0,1,1.0,0,1,3,0
2024,Vladimir,Guarani,GK,Goleiro,37,23,2258,58.0,Atlético GO,Cai,98930,,,,0,0,1,0
2024,Messias,Goiás,RCB,Zaga,31,23,2255,58.4,Juventude,Meio,401539,,,,0,0,1,0
2024,João Carlos,Botafogo-SP,GK,Goleiro,38,22,2222,58.2,Cuiabá,Meio,,,,,0,0,2,0
2024,Fabinho,América-MG,LAMF,Extremo,26,34,2221,58.1,Coritiba,Meio,,,,,0,0,3,0
2024,Mário Sérgio,Chapecoense,CF,Atacante,30,29,2212,58.9,Consadole Sapporo,Meio,,,,,0,1,3,0
2024,Elias,América-MG,GK,Goleiro,31,22,2211,57.8,Operário PR,Meio,525510,,,,0,0,1,0
2024,G. Risso,Ponte Preta,LB,Lateral,30,26,2205,58.2,Newell's Old Boys,Cai,,,,,0,0,1,0
2024,Patrick Brey,Botafogo-SP,LB,Lateral,29,32,2198,57.6,Botafogo SP,Meio,435170,,,,0,1,2,0
2024,João Costa,Botafogo-SP,DMF,Volante,21,32,2186,57.3,Botafogo SP,Meio,1089706,,,,0,0,1,0
2024,Jean Victor,Botafogo-SP,LB,Lateral,32,32,2182,57.2,Volta Redonda,Meio,380066,,,,0,0,2,0
2024,Gabriel Novaes,Ponte Preta,CF,Atacante,27,26,2175,57.4,Red Bull Bragantino,Cai,649055,,,,0,0,1,0
2024,Paulo Baya,Goiás,LW,Extremo,26,33,2169,56.2,Fortaleza,Meio,853529,,,,0,0,3,0
2024,Zeca,Mirassol,LB,Lateral,32,23,2167,56.2,Athletic Club,Sobe,325196,,,,0,0,2,0
2024,Benevenuto,Coritiba,LCB,Zaga,30,24,2157,56.7,Sport Recife,Meio,,,,,0,0,1,0
2024,Rodrigo Rodrigues,Operário-PR,CF,Atacante,26,27,2154,57.8,Cuiabá,Meio,537928,,,,0,0,3,0
2024,Rodrigo Soares,Novorizontino,RB,Lateral,33,33,2145,55.7,Goiás,Meio,388236,,,,0,0,2,0
2024,Y. Quintana,Paysandu,RCB,Zaga,30,23,2143,55.6,Paysandu,Meio,,,,,0,0,1,0
2024,Pedro Castro,Avaí,RW,Extremo,33,28,2137,56.2,CRB,Meio,214312,,,,0,0,2,0
2024,Wanderson,Paysandu,RCB,Zaga,31,23,2135,55.4,Náutico,Meio,,,,,0,0,3,0
2024,Maurício Antônio,Coritiba,RCB,Zaga,34,25,2110,55.5,Guarani,Meio,340557,3.0,1,1.0,0,0,1,0
2024,Pará,Operário-PR,LB,Lateral,30,26,2109,56.6,São Bernardo FC,Meio,323618,,,,0,0,3,0
2024,João Pedro Chermont,Santos,RB,Lateral,20,31,2107,55.0,Coritiba,Sobe,,,,,0,0,1,0
2024,D. Torres,Amazonas,CF,Atacante,35,32,2103,54.9,Guarani,Meio,,,,,0,0,3,0
2024,Sérgio Raphael,Ponte Preta,LCB,Zaga,33,23,2087,55.1,Velo Clube,Cai,307747,,,,0,0,1,0
2024,Marcinho,Ituano,RB,Lateral,30,22,2080,54.6,Criciúma,Cai,,,,,0,0,3,0
2024,Sander,Goiás,LB,Lateral,35,24,2070,53.6,Grêmio Novorizontino,Meio,353722,,,,0,1,2,0
2024,Diego Mathias,Brusque,RW,Extremo,27,29,2067,55.0,Grêmio Novorizontino,Cai,695238,,,,0,0,1,0
2024,C. Ortiz,Sport,CF,Atacante,33,30,2064,53.9,Grêmio Novorizontino,Sobe,,,,,0,0,1,0
2024,Eduardo Doma,Chapecoense,LCB,Zaga,27,22,2048,54.6,Chapecoense,Meio,,,,,0,1,3,0
2024,Dodô,Ponte Preta,LW,Extremo,25,33,2029,53.5,Náutico,Cai,,,,,0,0,3,0
2024,Henrique Almeida,Vila Nova,CF,Atacante,35,32,2027,53.2,Gama,Meio,103743,,,,0,0,2,0
2024,Alexandre Jesus,Botafogo-SP,CF,Atacante,24,24,2015,52.8,Orenburg,Meio,739439,,,,0,0,2,0
2024,Joseph,Operário-PR,RCB,Zaga,31,21,2011,54.0,Operário PR,Meio,663523,,,,0,0,2,0
2024,Jacy,Operário-PR,RDMF,Volante,29,29,2000,53.7,Coritiba,Meio,593382,,,,0,0,1,0
2024,Zé Ricardo,Avaí,RCMF,Meia,30,25,1993,52.4,Avaí,Meio,476336,,,,0,1,3,0
2024,Marcelinho,Chapecoense,RB,Lateral,27,26,1988,53.0,Remo,Meio,,,,,0,0,3,0
2024,Matheus Felipe,Ceará,RCB,Zaga,27,22,1983,50.5,Remo,Sobe,882916,,,,0,0,1,0
2024,Pacheco,Guarani,RB,Lateral,35,24,1969,50.6,Noroeste,Cai,271608,,,,0,0,3,0
2024,Mateus Silva,Ponte Preta,RCB,Zaga,31,21,1966,51.9,Náutico,Cai,552237,,,,0,1,3,0
2024,Cauan Barros,Amazonas,RCMF,Meia,22,24,1963,51.2,Vasco da Gama,Meio,1083966,,,,0,0,1,0
2024,Diogo Silva,Paysandu,GK,Goleiro,40,19,1956,50.7,Ponte Preta,Meio,,,,,0,2,3,1
2024,Matheus Cavichioli,Chapecoense,GK,Goleiro,39,20,1945,51.8,Marcílio Dias,Meio,54274,,,,0,0,1,0
2024,Geovane,Novorizontino,RCMF,Meia,37,28,1940,50.4,Atlético GO,Meio,,,,,0,1,3,0
2024,Luciano Castán,Sport,LCB,Zaga,36,23,1936,50.5,Criciúma,Sobe,140541,,,,0,0,1,0
2024,Edson Felipe,Goiás,LCB,Zaga,35,28,1934,50.1,ABC,Meio,,,,,0,0,1,0
2024,Matheus Nogueira,Paysandu,GK,Goleiro,28,19,1931,50.1,São Bernardo FC,Meio,,,,,0,1,2,0
2024,Lucas Mugni,Ceará,LCMF,Meia,34,32,1931,49.2,Ceará,Sobe,148231,,,,0,0,2,0
2024,Guilherme Mariano,Ituano,RCB,Zaga,26,19,1924,50.5,Botafogo SP,Cai,1007070,,,,0,0,1,0
2024,Igor Henrique,Vila Nova,RCMF,Meia,34,24,1916,50.3,Atlético GO,Meio,521074,,,,0,0,3,0
2024,Maxwell,Operário-PR,LW,Extremo,31,27,1915,51.4,Operário PR,Meio,357091,,,,0,0,3,0
2024,Jair Cunha,Santos,RCB,Zaga,21,20,1909,49.8,Nottingham Forest,Sobe,984096,,,,0,0,1,0
2024,Chico Kim,Mirassol,RWF,Extremo,35,36,1897,49.2,Mirassol,Sobe,349166,,,,0,1,2,0
2024,Vinicius Diniz,Operário-PR,RDMF,Volante,26,29,1894,50.8,Operário PR,Meio,731531,,,,0,0,1,0
2024,Vini Paulista,Coritiba,LDMF,Volante,25,29,1885,49.5,Coritiba,Meio,876874,26.0,1,4.0,0,0,2,0
2024,Juninho,Goiás,LCMF,Meia,25,28,1876,48.6,Grêmio Novorizontino,Meio,,,,,0,0,3,0
2024,Fábio Sanches,Botafogo-SP,CB,Zaga,35,22,1871,49.0,Brasiliense,Meio,267464,,,,0,2,3,1
2024,Paulinho Moccelin,Brusque,LW,Extremo,32,29,1859,49.4,Londrina,Cai,282502,,,,0,1,3,0
2024,Júnior Todinho,Vila Nova,CF,Atacante,32,26,1856,48.7,Náutico,Meio,518080,,,,0,0,3,0
2024,Bryan,Paysandu,LB,Lateral,29,22,1852,48.0,Ceará,Meio,,,,,0,0,3,0
2024,Renato Palm,Novorizontino,CB,Zaga,34,22,1843,47.9,Grêmio Novorizontino,Meio,347285,,,,0,0,3,0
2024,Rodolfo,Novorizontino,CF,Atacante,34,30,1826,47.4,Botafogo PB,Meio,374097,,,,0,0,3,0
2024,Tárik,Chapecoense,LDMF,Volante,33,27,1821,48.5,Londrina,Meio,458115,,,,0,1,2,0
2024,Thiago Galhardo,Goiás,CF,Atacante,36,23,1818,47.1,,Meio,186399,,,,0,0,1,0
2024,Iago Dias,Ponte Preta,LW,Extremo,33,31,1818,48.0,Joinville,Cai,443239,,,,0,0,2,0
2024,Bruno Xavier,Ituano,RWF,Extremo,29,27,1806,47.4,Vila Nova,Cai,537386,,,,0,0,2,0
2024,Dentinho,Brusque,RW,Extremo,29,24,1800,47.9,Guarani,Cai,,,,,0,0,3,0
2024,Negueba,Mirassol,RW,Extremo,26,24,1798,46.7,Mirassol,Sobe,680681,,,,0,1,3,0
2024,Adyson,América-MG,RW,Extremo,20,30,1780,46.5,Al Ittihad Kalba,Meio,,,,,0,0,1,0
2024,Everton Morelli,Coritiba,RCMF,Meia,28,26,1776,46.7,Botafogo SP,Meio,525256,,,,0,0,1,0
2024,Matheus Costa,Botafogo-SP,RCB,Zaga,31,21,1775,46.5,Leixões,Meio,513346,,,,0,0,1,0
2024,E. Garcia,Paysandu,LAMF,Extremo,26,31,1763,45.7,Goiás,Meio,,,,,0,0,1,0
2024,David Braz,Goiás,CB,Zaga,39,21,1744,45.2,Brasiliense,Meio,53226,,,,0,0,1,0
2024,Rodrigo Gelado,Coritiba,LB,Lateral,22,23,1697,44.6,Athletic Club,Meio,1014555,,,,0,1,2,0
2024,Matheus Régis,Ponte Preta,RAMF,Extremo,26,30,1692,44.6,América RN,Cai,812482,,,,0,0,2,0
2024,Emerson Santos,Ponte Preta,LDMF,Volante,31,26,1683,44.4,América Mineiro,Cai,131028,,,,0,0,3,0
2024,Richardson,Ceará,LDMF,Volante,34,25,1683,42.8,Ceará,Sobe,145573,,,,0,0,2,0
2024,Éverton Alemão,Brusque,RCB,Zaga,33,21,1675,44.5,Barra,Cai,555421,,,,0,1,2,0
2024,Erick Varão,Amazonas,RCMF,Meia,30,21,1665,43.4,Nacional AM,Meio,399013,,,,0,0,1,0
2024,Vágner Love,Avaí,CF,Atacante,42,24,1649,43.4,Retrô,Meio,18829,,,,0,1,3,0
2024,Jeh,Ponte Preta,CF,Atacante,26,18,1638,43.2,Partizan,Cai,1108966,,,,0,0,2,0
2024,Ronald,Operário-PR,RW,Extremo,29,29,1637,43.9,Santa Cruz,Meio,,,,,0,0,3,0
2024,Thomás Bedinelli,Chapecoense,AMF,Meia,33,27,1618,43.1,,Meio,,,,,0,0,2,0
2024,Felipinho,Sport,LB,Lateral,29,22,1613,42.1,Sport Recife,Sobe,,,,,0,0,2,0
2024,Sassá,Amazonas,CF,Atacante,32,26,1612,42.1,Confiança,Meio,218353,,,,0,0,2,0
2024,Gabriel Bispo,Guarani,RCMF,Meia,29,21,1612,41.4,Foshan Nanshi,Cai,671048,,,,0,0,1,0
2024,Thales Oleques,Operário-PR,RB,Lateral,32,17,1588,42.6,XV de Piracicaba,Meio,290250,,,,0,0,2,0
2024,Fabio Alemão,CRB,LCB,Zaga,29,16,1588,41.1,CRB,Meio,544254,125.0,1,49.0,0,0,3,0
2024,Dalbert,Sport,LB,Lateral,32,23,1585,41.4,América Mineiro,Sobe,312862,,,,0,0,1,0
2024,Figueiredo,Coritiba,LAMF,Extremo,24,31,1558,40.9,Alverca,Meio,703324,,,,0,1,2,0
2024,Daniel Lima,Operário-PR,CF,Atacante,21,29,1543,41.4,Atlético GO,Meio,965614,,,,0,0,2,0
2024,Igor Cariús,Sport,RB,Lateral,33,20,1541,40.2,Vila Nova,Sobe,520480,,,,0,0,2,0
2024,Gustavo Henrique,CRB,RCB,Zaga,26,20,1532,39.7,Portuguesa,Meio,745163,,,,0,1,2,0
2024,Rafael Tavares,Amazonas,AMF,Meia,35,28,1528,39.9,Amazonas,Meio,307289,,,,0,0,1,0
2024,Léo Vieira,Chapecoense,GK,Goleiro,35,15,1524,40.6,Bahia,Meio,67144,,,,0,0,2,0
2024,Dalberson,América-MG,GK,Goleiro,29,15,1520,39.7,Vila Nova,Meio,554297,,,,0,0,1,0
2024,Jean Dias,Paysandu,RAMF,Extremo,35,28,1516,39.3,Cuiabá,Meio,788362,,,,0,0,1,0
2024,Lucão,América-MG,LCB,Zaga,30,16,1514,39.6,Chongqing Tongliang Long,Meio,270191,,,,0,1,3,0
2024,Índio,Operário-PR,LDMF,Volante,33,24,1513,40.6,Operário PR,Meio,538257,,,,0,0,2,0
2024,Hygor,Avaí,CF,Atacante,33,23,1510,39.7,Botafogo SP,Meio,419474,,,,0,0,3,0
2024,Giovanni Augusto,Chapecoense,AMF,Meia,36,27,1508,40.2,Chapecoense,Meio,125513,,,,0,1,3,0
2024,Airton,Guarani,LW,Extremo,27,20,1498,38.5,Anyang,Cai,377799,,,,0,1,3,0
2024,Leandro Vilela,Paysandu,RCMF,Meia,31,24,1488,38.6,Atlético GO,Meio,347090,,,,0,1,3,0
2024,J. Quintero,Vila Nova,RCB,Zaga,31,18,1482,38.9,Santa Fe,Meio,,,,,0,1,2,0
2024,Willian Formiga,CRB,LB,Lateral,31,23,1469,38.1,Vila Nova,Meio,477621,,,,0,1,3,0
2024,J. Jiménez,Amazonas,LCMF,Meia,33,23,1461,38.1,América Mineiro,Meio,,,,,0,0,2,0
2024,Wallison,Botafogo-SP,RB,Lateral,24,20,1460,38.3,Avaí,Meio,682134,,,,0,0,1,0
2024,Moisés,América-MG,LDMF,Volante,38,30,1450,37.9,,Meio,128822,,,,0,0,1,0
2024,Robson,Coritiba,CF,Atacante,35,22,1445,38.0,Grêmio Novorizontino,Meio,,,,,0,0,1,0
2024,Renato Marques,América-MG,CF,Atacante,22,27,1423,37.2,Coritiba,Meio,985351,,,,0,0,1,0
2024,Joílson,Ponte Preta,RCB,Zaga,35,15,1417,37.4,Caxias,Cai,178941,,,,0,0,2,0
2024,Guilherme Queiróz,Brusque,CF,Atacante,36,25,1410,37.5,Botafogo SP,Cai,411707,,,,0,0,1,0
2024,Leozinho,Ituano,RW,Extremo,27,30,1409,37.0,Athletico Paranaense,Cai,1110658,,,,0,0,1,0
2024,Luiz Henrique,Goiás,LB,Lateral,27,23,1407,36.4,Avaí,Meio,,,,,0,0,3,0
2024,Lucas Adell,Guarani,LCB,Zaga,26,15,1407,36.1,Volta Redonda,Cai,979440,,,,0,0,1,0
2024,Felipe Augusto,Operário-PR,RAMF,Extremo,34,21,1399,37.5,Operário PR,Meio,410443,,,,0,0,2,0
2024,Maílton,Chapecoense,RB,Lateral,28,23,1386,36.9,Fortaleza,Meio,607210,,,,0,0,3,0
2024,Lucas Dias,Botafogo-SP,CB,Zaga,30,15,1386,36.3,Figueirense,Meio,,,,,0,0,3,0
2024,Alex Sandro,Botafogo-SP,CF,Atacante,30,23,1382,36.2,Bình Phước,Meio,552892,,,,0,0,3,0
2024,Diogo Silva,Amazonas,LCB,Zaga,31,14,1364,35.6,,Meio,,,,,0,2,3,1
2024,Heitor,Guarani,RB,Lateral,25,24,1360,34.9,,Cai,670969,,,,0,0,2,0
2024,W. Silva,Santos,CF,Atacante,25,16,1359,35.5,Ceará,Sobe,,,,,0,0,1,0
2024,Willian Farias,Novorizontino,LCMF,Meia,37,25,1340,34.8,Guarani,Meio,71080,,,,0,0,1,0
2024,Bruno Ferreira,Ceará,GK,Goleiro,32,14,1339,34.1,Ceará,Sobe,214701,,,,0,0,3,0
2024,B. Borasi,Paysandu,LAMF,Extremo,28,16,1335,34.6,Náutico,Meio,,,,,0,0,1,0
2024,Richard,Ituano,LB,Lateral,21,16,1328,34.8,Ituano,Cai,1096607,,,,0,0,2,0
2024,Zé Roberto,Sport,CF,Atacante,32,28,1323,34.5,Sport Recife,Sobe,305428,27.0,1,67.0,0,0,2,0
2024,Lucas Gazal,Mirassol,RCB,Zaga,26,22,1315,34.1,Fortaleza,Sobe,863073,,,,0,0,2,0
2024,Julio Furch,Santos,CF,Atacante,36,28,1314,34.3,,Sobe,149393,38.0,1,6.0,0,0,1,0
2024,Brenner,América-MG,CF,Atacante,32,24,1307,34.2,Bac Ninh FC,Meio,435046,,,,0,0,2,0
2024,Ericson,Botafogo-SP,RB,Lateral,27,16,1300,34.1,Botafogo SP,Meio,555017,,,,0,0,2,0
2024,F. Elizari,América-MG,LCMF,Meia,35,19,1299,34.0,América Mineiro,Meio,,,,,0,0,1,0
2024,Raí Ramos,Ceará,RB,Lateral,32,24,1298,33.0,Juventude,Sobe,439460,,,,0,0,2,0
2024,João Vitor,Vila Nova,RB,Lateral,28,23,1294,34.0,Londrina,Meio,935978,,,,0,0,1,0
2024,Zé Gabriel,Coritiba,RDMF,Volante,27,17,1293,34.0,Sport Recife,Meio,670968,,,,0,0,2,0
2024,J. Recalde,Ceará,AMF,Meia,34,29,1282,32.6,,Sobe,,,,,0,0,1,0
2024,Matheus Ribeiro,CRB,RB,Lateral,33,23,1278,33.1,Náutico,Meio,373299,,,,0,1,3,0
2024,Ryan,CRB,LB,Lateral,24,21,1278,33.1,Náutico,Meio,,,,,0,0,1,0
2024,Breno Herculano,Goiás,CF,Atacante,27,22,1276,33.0,Anyang,Meio,978480,,,,0,0,1,0
2024,S. Abdulai,Botafogo-SP,LCMF,Meia,27,16,1275,33.4,Alverca,Meio,,,,,0,0,1,0
2024,Juan Christian,Vila Nova,RW,Extremo,25,18,1273,33.4,Riga FC,Meio,1010016,,,,0,0,3,0
2024,Victor Andrade,Botafogo-SP,LW,Extremo,30,15,1263,33.1,Náutico,Meio,203323,,,,0,0,3,0
2024,Júnior Brumado,Coritiba,CF,Atacante,27,19,1253,32.9,Midtjylland,Meio,524590,,,,0,0,1,0
2024,Dionísio,Brusque,RCMF,Meia,32,21,1250,33.2,Ypiranga Erechim,Cai,867006,,,,0,0,2,0
2024,Ruan Ribeiro,Paysandu,CF,Atacante,22,22,1235,32.0,Vila Nova,Meio,1082630,,,,0,0,1,0
2024,Fabrício Daniel,Novorizontino,RW,Extremo,28,23,1235,32.1,São Bernardo FC,Meio,787269,,,,0,0,2,0
2024,L. Segovia,CRB,LCB,Zaga,28,13,1229,31.8,LDU Quito,Meio,,,,,0,0,1,0
2024,Yann Rolim,Ituano,AMF,Meia,31,20,1215,31.9,Capital Brasilia,Cai,336724,,,,0,0,3,0
2024,German Fagner,Operário-PR,RCB,Zaga,35,14,1215,32.6,Náutico,Meio,,,,,0,0,2,0
2024,Anderson Leite,Guarani,RCMF,Meia,33,25,1211,31.1,Muharraq,Cai,376640,,,,0,0,2,0
2024,Marlone,Chapecoense,AMF,Meia,34,25,1208,32.2,Brasiliense,Meio,231039,,,,0,0,3,0
2024,F. Labandeira,CRB,RW,Extremo,30,23,1205,31.2,Wanderers,Meio,,,,,0,0,3,0
2024,Alex Ruan,Brusque,LB,Lateral,33,15,1205,32.0,Santa Cruz,Cai,419146,,,,0,0,2,0
2024,Jamerson,Coritiba,LB,Lateral,27,18,1204,31.6,Vitória,Meio,613641,28.0,1,5.0,0,0,2,0
2024,Paulinho Bóia,Paysandu,RAMF,Extremo,28,18,1198,31.1,,Meio,544895,,,,0,0,1,0
2024,Joaquim,Santos,LCB,Zaga,27,12,1189,31.0,Tigres UANL,Sobe,860857,,,,0,0,1,0
2024,Matheus Barbosa,Botafogo-SP,RCMF,Meia,31,16,1184,31.0,Barra,Meio,181784,,,,0,1,3,0
2024,Robinho,Paysandu,AMF,Meia,38,22,1183,30.7,,Meio,,,,,0,0,3,0
2024,Rodriguinho,América-MG,LW,Extremo,23,16,1183,30.9,Fortaleza,Meio,,,,,0,0,2,0
2024,Boschilia,Operário-PR,RCMF,Meia,30,16,1183,31.7,Operário PR,Meio,,,,,0,0,1,0
2024,Guilherme Lazaroni,Ituano,LB,Lateral,33,15,1177,30.9,Barra,Cai,214699,,,,0,0,1,0
2024,Ramon Menezes,Ceará,RCB,Zaga,31,16,1176,29.9,Goiás,Sobe,371025,,,,0,0,2,0
2024,Arilson,Vila Nova,LDMF,Volante,32,17,1160,30.4,Betim,Meio,552255,45.0,1,4.0,0,2,3,1
2024,Ramon,Ponte Preta,LCMF,Meia,29,22,1156,30.5,,Cai,312684,,,,0,0,3,0
2024,Wálber,Ituano,RCB,Zaga,29,13,1156,30.3,Persebaya Surabaya,Cai,540950,,,,0,0,3,0
2024,João Paulo,Chapecoense,LCB,Zaga,29,15,1153,30.7,Chapecoense,Meio,,,,,0,0,3,0
2024,Willian,Santos,CF,Atacante,39,29,1150,30.0,América Mineiro,Sobe,,,,,0,0,1,0
2024,Daniel Borges,América-MG,RB,Lateral,33,17,1138,29.8,Mirassol,Meio,276877,,,,0,0,1,0
2024,João Paulo,Avaí,RW,Extremo,36,21,1137,29.9,Guarani,Meio,,,,,0,0,3,0
2024,Kleiton,CRB,RAMF,Extremo,27,20,1123,29.1,Paysandu,Meio,,,,,0,0,3,0
2024,Renan Castro,Amazonas,LB,Lateral,30,16,1120,29.2,Guarani,Meio,874148,,,,0,0,1,0
2024,Lucca,Novorizontino,CF,Atacante,36,24,1114,28.9,Guarani,Meio,178940,,,,0,1,2,0
2024,Paulo Vitor,Novorizontino,RW,Extremo,27,14,1110,28.8,Dinamo Batumi,Meio,524572,,,,0,0,1,0
2024,A. González,Brusque,CF,Atacante,29,14,1104,29.4,Deportivo Garcilaso,Cai,,,,,0,0,1,0
2024,Diego Tavares,Brusque,RW,Extremo,35,30,1101,29.3,Ponte Preta,Cai,435234,,,,0,0,2,0
2024,R. Lindoso,Operário-PR,DMF,Volante,37,18,1095,29.4,Madureira,Meio,,,,,0,0,1,0
2024,Léo Santos,Guarani,LCB,Zaga,27,12,1092,28.0,Nacional,Cai,351894,,,,0,0,3,0
2024,Jonathan Costa,Avaí,RCB,Zaga,31,13,1090,28.7,Guarani,Meio,355471,,,,0,0,2,0
2024,Ronaldo,Operário-PR,CF,Atacante,35,19,1088,29.2,Amazonas,Meio,125004,,,,0,1,3,0
2024,Dudu Vieira,Ponte Preta,RDMF,Volante,32,14,1084,28.6,XV de Piracicaba,Cai,519877,,,,0,0,3,0
2024,Val Soares,Paysandu,LDMF,Volante,29,19,1073,27.8,América Mineiro,Meio,520665,,,,0,0,1,0
2024,Mike,CRB,RAMF,Extremo,33,27,1069,27.7,Capivariano,Meio,227462,,,,0,0,2,0
2024,Warley,Mirassol,LB,Lateral,26,12,1067,27.7,Atlético GO,Sobe,681627,,,,0,0,3,0
2024,Éverton Brito,Ponte Preta,RAMF,Extremo,31,18,1063,28.0,Guarani,Cai,553563,,,,0,0,3,0
2024,Rômulo,CRB,RDMF,Volante,30,26,1056,27.4,Nam Dinh,Meio,,,,,0,0,3,0
2024,Rodrigo Santos,Avaí,LCMF,Meia,25,13,1048,27.6,Fortaleza,Meio,869477,,,,0,0,1,0
2024,William Pottker,Avaí,RW,Extremo,32,23,1046,27.5,Ponte Preta,Meio,199472,,,,0,0,2,0
2024,Wellington Silva,Sport,LW,Extremo,33,21,1041,27.2,Chengdu Rongcheng,Sobe,121990,,,,0,0,1,0
2024,Habraão,Chapecoense,LCB,Zaga,25,11,1041,27.7,Sport Recife,Meio,965630,,,,0,0,2,0
2024,Juninho,Paysandu,AMF,Meia,27,19,1039,26.9,Anápolis,Meio,,,,,0,0,3,0
2024,Jhan Torres,Brusque,LB,Lateral,25,14,1035,27.5,Athletic Club,Cai,837444,,,,0,0,1,0
2024,Thalisson,Coritiba,RCB,Zaga,24,13,1033,27.1,Remo,Meio,874307,61.0,2,14.0,0,1,2,0
2024,Josué,Coritiba,AMF,Meia,35,14,1030,27.1,Coritiba,Meio,72772,,,,0,0,1,0
2024,Iury,Mirassol,LWF,Extremo,30,18,1030,26.7,Sport Recife,Sobe,,,,,0,0,2,0
2024,Carlos Manuel,Botafogo-SP,RCMF,Meia,25,19,1024,26.8,XV de Piracicaba,Meio,1090243,,,,0,0,2,0
2024,Netinho,Paysandu,RDMF,Volante,28,27,1021,26.5,Atlético GO,Meio,978036,,,,0,0,1,0
2024,Felipe Amaral,América-MG,DMF,Volante,23,22,1017,26.6,América Mineiro,Meio,875994,,,,0,1,3,0
2024,Serginho,Santos,AMF,Meia,35,19,1015,26.5,Brasiliense,Sobe,140547,,,,0,0,1,0
2024,Hayner,Santos,RB,Lateral,30,24,1015,26.5,Vila Nova,Sobe,389942,,,,0,0,1,0
2024,F. Barceló,Ceará,CF,Atacante,33,25,1011,25.7,Liverpool,Sobe,,,,,0,0,1,0
2024,Pablo Dyego,Novorizontino,RW,Extremo,32,19,1011,26.3,Londrina,Meio,264343,,,,0,0,3,0
2024,Emerson Urso,Vila Nova,LW,Extremo,25,23,1003,26.3,Vila Nova,Meio,868885,,,,0,0,2,0
2024,Salatiel,Ituano,CF,Atacante,33,20,981,25.7,Caxias,Cai,369240,,,,0,0,3,0
2024,Luiz Felipe,Ponte Preta,RB,Lateral,28,13,980,25.9,Náutico,Cai,,,,,0,0,3,0
2024,Luciano Naninho,Vila Nova,CF,Atacante,34,21,977,25.6,Volta Redonda,Meio,681813,,,,0,0,2,0
2024,Nicolas,América-MG,LB,Lateral,29,16,974,25.5,Goiás,Meio,,,,,0,0,3,0
2024,João Gabriel,Ponte Preta,RB,Lateral,21,14,971,25.6,Ponte Preta,Cai,,,,,0,0,1,0
2024,Pedro Lucas,Operário-PR,RW,Extremo,23,17,966,25.9,Nova Iguaçu,Meio,718208,,,,0,0,3,0
2024,Marlon,Guarani,LW,Extremo,28,23,963,24.7,Sport Recife,Cai,,,,,0,1,2,0
2024,Pegorari,Guarani,GK,Goleiro,35,10,963,24.7,Grêmio Prudente,Cai,213591,,,,0,1,3,0
2024,Léo Oliveira,Ituano,RB,Lateral,24,16,963,25.3,São Bernardo,Cai,837879,,,,0,0,1,0
2024,Luan Silva,Amazonas,CF,Atacante,33,14,962,25.1,Itabaiana,Meio,680539,,,,0,0,1,0
2024,Raphael,Botafogo-SP,RCB,Zaga,27,11,959,25.1,Guarani,Meio,871645,,,,0,0,1,0
2024,Auremir,Chapecoense,DMF,Volante,34,18,951,25.3,Náutico,Meio,151505,,,,0,0,2,0
2024,Paulinho,Brusque,LCMF,Meia,27,12,946,25.2,Maringá,Cai,,,,,0,0,3,0
2024,Guilherme Xavier,Amazonas,DMF,Volante,31,14,922,24.1,Ituano,Meio,383373,,,,0,0,1,0
2024,Tchoca,Ceará,RCB,Zaga,22,10,904,23.0,Corinthians,Sobe,,,,,0,0,1,0
2024,Igor Formiga,Novorizontino,RWB,Lateral,27,19,904,23.5,Mirassol,Meio,688690,,,,0,0,2,0
2024,J. Cazares,Paysandu,AMF,Meia,34,15,902,23.4,Independiente del Valle,Meio,,,,,0,0,1,0
2024,Alisson Cassiano,Sport,RCB,Zaga,32,10,888,23.2,Brusque,Sobe,542615,,,,0,0,3,0
2024,Lucas Hipólito,Operário-PR,LB,Lateral,31,11,888,23.8,Portuguesa,Meio,548827,,,,0,0,2,0
2024,Rodrigo Pollero,Brusque,CF,Atacante,29,11,887,23.6,Deportivo Táchira,Cai,431784,,,,0,0,1,0
2024,Judson,Avaí,RCMF,Meia,33,16,886,23.3,América RN,Meio,349744,,,,0,0,1,0
2024,Sávio,Operário-PR,RB,Lateral,29,12,879,23.6,Ceilândia,Meio,554996,,,,0,0,1,0
2024,Matheus Davó,América-MG,CF,Atacante,27,16,879,23.0,Maccabi Netanya,Meio,670522,130.0,1,38.0,0,0,2,0
2024,João Lucas,Vila Nova,RCMF,Meia,25,24,871,22.9,Caxias,Meio,903050,,,,0,0,3,0
2024,Reinaldo,Guarani,LW,Extremo,25,23,865,22.2,Levski Sofia,Cai,646256,,,,0,0,1,0
2024,Rodrigo Ferreira,Santos,RB,Lateral,31,21,861,22.5,São Bernardo FC,Sobe,555374,,,,0,0,3,0
2024,Allan Godói,Operário-PR,RCB,Zaga,33,10,855,22.9,Göztepe,Meio,681814,,,,0,1,2,0
2024,Isaque,Mirassol,AMF,Meia,29,17,854,22.2,Guarani,Sobe,627099,,,,0,0,3,0
2024,Neto Paraíba,Operário-PR,RDMF,Volante,34,16,842,22.6,Operário PR,Meio,594650,,,,0,1,2,0
2024,Matheus Trindade,Paysandu,LCMF,Meia,30,12,840,21.8,Operário PR,Meio,395060,,,,0,0,3,0
2024,JP Galvão,Chapecoense,RB,Lateral,25,14,836,22.3,Paysandu,Meio,982164,,,,0,0,1,0
2024,Rildo,Goiás,LWF,Extremo,26,16,833,21.6,,Meio,800177,,,,0,0,2,0
2024,Leandro Damião,Coritiba,CF,Atacante,36,12,826,21.7,,Meio,139449,,,,0,0,1,0
2024,Diogo Mateus,Guarani,RB,Lateral,33,11,826,21.2,Botafogo PB,Cai,231009,,,,0,1,3,0
2024,Eric,Ceará,LB,Lateral,25,11,826,21.0,Cuiabá,Sobe,1100070,,,,0,0,1,0
2024,Geovane,Vila Nova,LCMF,Meia,27,12,818,21.5,CRB,Meio,,,,,0,1,3,0
2024,Nilson Júnior,Ponte Preta,LCB,Zaga,34,9,812,21.4,Malut United FC,Cai,211305,,,,0,0,2,0
2024,Michael,Botafogo-SP,GK,Goleiro,31,8,809,21.2,Betim,Meio,579207,,,,0,0,2,0
2024,Patric,Amazonas,RB,Lateral,37,8,806,21.0,,Meio,95087,,,,0,0,1,0
2024,Chay,CRB,LCMF,Meia,35,18,806,20.9,,Meio,766381,,,,0,0,3,0
2024,Victor Souza,Botafogo-SP,GK,Goleiro,33,8,798,20.9,Botafogo SP,Meio,628522,,,,0,0,3,0
2024,S. Ocampos,Operário-PR,RB,Lateral,24,11,797,21.4,Sportivo Luqueño,Meio,,,,,0,0,1,0
2024,Jhemerson,Brusque,CF,Atacante,29,15,794,21.1,Betim,Cai,524567,,,,0,0,1,0
2024,J. Fernández,Sport,LCMF,Meia,31,12,792,20.7,Palestino,Sobe,,,,,0,0,1,0
2024,Camacho,Guarani,LCMF,Meia,36,10,790,20.3,CSA,Cai,97507,,,,0,0,1,0
2024,Dankler,Vila Nova,RCB,Zaga,34,8,784,20.6,Retrô,Meio,226896,,,,0,0,1,0
2024,Italo,Chapecoense,LW,Extremo,23,13,784,20.9,Chapecoense,Meio,795305,,,,0,0,1,0
2024,Jonas Toró,Botafogo-SP,CF,Atacante,27,18,767,20.1,Portuguesa,Meio,575375,,,,0,0,2,0
2024,Eduardo Person,Ituano,CF,Atacante,29,13,763,20.0,América Mineiro,Cai,554298,,,,0,0,3,0
2024,Diego Caito,Goiás,RB,Lateral,22,11,751,19.4,Goiás,Meio,1092620,,,,0,0,1,0
2024,Luiz Henrique,Brusque,LB,Lateral,28,15,751,20.0,Retrô,Cai,,,,,0,0,3,0
2024,Léo Gamalho,Mirassol,CF,Atacante,40,19,747,19.4,Avaí,Sobe,143817,,,,0,0,2,0
2024,W. Clar,Chapecoense,LB,Lateral,31,8,746,19.9,Atlante,Meio,,,,,0,0,1,0
2024,Carlão,Paysandu,RCB,Zaga,25,9,744,19.3,Botafogo SP,Meio,638301,,,,0,0,3,0
2024,Léo Duarte,Ituano,RB,Lateral,27,15,741,19.4,Barra,Cai,724670,,,,0,0,2,0
2024,Filipe Soutto,Botafogo-SP,LCMF,Meia,35,20,739,19.4,,Meio,161891,,,,0,0,2,0
2024,César Martins,Novorizontino,CB,Zaga,33,10,735,19.1,Criciúma,Meio,269467,,,,0,1,2,0
2024,Felipe Pará,Amazonas,RCMF,Meia,24,17,733,19.1,Joinville,Meio,986895,,,,0,0,1,0
2024,Osman,Brusque,CF,Atacante,33,18,733,19.5,Ituano,Cai,373194,,,,0,1,2,0
2024,Jhon Vásquez,Goiás,RW,Extremo,31,15,728,18.9,Llaneros,Meio,389010,,,,0,0,1,0
2024,Ronaldo Henrique,Avaí,LCMF,Meia,32,21,725,19.1,Inter de Limeira,Meio,328758,,,,0,0,3,0
2024,Jean Irmer,Ceará,CB,Zaga,31,16,723,18.4,Criciúma,Sobe,349826,,,,0,0,2,0
2024,Wanderson,CRB,LCB,Zaga,35,11,723,18.7,,Meio,,,,,0,0,3,0
2024,Eduardo Diniz,Ituano,LB,Lateral,37,9,722,18.9,Taubaté,Cai,115387,,,,0,0,1,0
2024,Perotti,Chapecoense,CF,Atacante,28,16,719,19.2,Sport Recife,Meio,432959,,,,0,0,2,0
2024,Alex Silva,Mirassol,RB,Lateral,32,26,716,18.6,América Mineiro,Sobe,,,,,0,1,3,0
2024,Natanael,Avaí,LB,Lateral,35,16,716,18.8,Joinville,Meio,,,,,0,1,2,0
2024,Edinho,Paysandu,RAMF,Extremo,31,14,714,18.5,,Meio,353279,64.0,1,53.0,0,0,2,0
2024,Gabriel Feliciano,Operário-PR,LB,Lateral,24,10,713,19.1,Operário PR,Meio,1100029,,,,0,0,1,0
2024,Wesley Pomba,Coritiba,LW,Extremo,24,20,710,18.7,Veres,Meio,574774,,,,0,0,3,0
2024,Lenny Lobato,Sport,CF,Atacante,25,17,708,18.5,Panetolikos FC,Sobe,865028,,,,0,0,1,0
2024,Olávio,Brusque,CF,Atacante,32,12,707,18.8,Bylis Ballsh,Cai,179055,,,,0,0,1,0
2024,Pedro Lima,Sport,RB,Lateral,20,8,703,18.3,Wolverhampton Wanderers,Sobe,1193867,,,,0,0,1,0
2024,Pedrinho,Avaí,RW,Extremo,24,23,693,18.2,Ulsan Hyundai,Meio,,,,,0,0,2,0
2024,Luccas Paraizo,Guarani,CF,Atacante,24,15,692,17.8,Leixões,Cai,1075186,,,,0,0,1,0
2024,Emerson,Guarani,LB,Lateral,27,10,691,17.7,Guarani,Cai,382171,,,,0,0,3,0
2024,João Basso,Santos,RCB,Zaga,29,8,687,17.9,Cuiabá,Sobe,410183,,,,0,0,1,0
2024,Luan Freitas,Paysandu,LDMF,Volante,25,12,686,17.8,Fortaleza,Meio,678376,,,,0,0,2,0
2024,Renato,Ponte Preta,CF,Atacante,36,17,678,17.9,Santa Cruz,Cai,150511,,,,0,0,2,0
2024,Vitor Jacaré,América-MG,RWF,Extremo,26,15,676,17.7,Londrina,Meio,691843,,,,0,0,2,0
2024,Léo Tocantins,Novorizontino,LB,Lateral,27,16,673,17.5,Atlético GO,Meio,739249,,,,0,0,3,0
2024,Pedrinho,Santos,RW,Extremo,26,16,670,17.5,São Bernardo FC,Sobe,,,,,0,0,2,0
2024,Lucas Rian,Ceará,RAMF,Extremo,26,18,667,17.0,São Bernardo FC,Sobe,975509,,,,0,0,1,0
2024,Gaspar,Avaí,LW,Extremo,23,10,650,17.1,Caxias,Meio,767623,,,,0,0,2,0
2024,Wallisson,América-MG,DMF,Volante,28,20,647,16.9,Mirassol,Meio,742073,,,,0,0,2,0
2024,Jhonnathan,Chapecoense,LCB,Zaga,25,9,640,17.0,Figueirense,Meio,816145,,,,0,0,2,0
2024,Marcelo,Brusque,LB,Lateral,27,9,639,17.0,Confiança,Cai,731004,,,,0,0,3,0
2024,Bruno Lopes,Amazonas,CF,Atacante,31,17,637,16.6,Noroeste,Meio,283167,,,,0,0,2,0
2024,Edu,Goiás,CF,Atacante,33,13,623,16.1,,Meio,548591,,,,0,1,2,0
2024,Luiz Gustavo,Ituano,LCB,Zaga,32,7,622,16.3,,Cai,225640,,,,0,0,2,0
2024,Gabriel Mesquita,Operário-PR,GK,Goleiro,27,6,619,16.6,Paysandu,Meio,645897,,,,0,0,2,0
2024,João Paulo,Santos,GK,Goleiro,31,7,617,16.1,Santos B,Sobe,,,,,0,0,3,0
2024,Sandry,Santos,RDMF,Volante,23,12,612,16.0,Criciúma,Sobe,574768,48.0,1,41.0,0,0,1,0
2024,Brandão,Coritiba,CF,Atacante,22,19,609,16.0,Ponte Preta,Meio,1090830,,,,0,0,2,0
2024,Leandro Pereira,Botafogo-SP,CF,Atacante,35,11,608,15.9,Paraná,Meio,270414,,,,0,0,1,0
2024,L. Haquín,Ponte Preta,RCB,Zaga,28,7,603,15.9,,Cai,,,,,0,0,1,0
2024,Romarinho,Sport,LW,Extremo,32,9,602,15.7,Criciúma,Sobe,267849,,,,0,0,2,0
2024,Marcel Scalese,Ituano,LCB,Zaga,30,9,601,15.8,Amazonas,Cai,,,,,0,1,2,0
2024,Fabinho,Sport,RCMF,Meia,39,14,600,15.7,Santa Cruz,Sobe,,,,,0,0,3,0
2024,Felipe Azevedo,América-MG,LWF,Extremo,39,16,598,15.6,Botafogo PB,Meio,75111,,,,0,0,1,0
2024,Pedro Vilhena,Sport,LAMF,Extremo,24,18,596,15.6,Operário PR,Sobe,729263,,,,0,0,1,0
2024,M. Benítez,América-MG,AMF,Meia,32,10,596,15.6,Atlético Tucumán,Meio,,,,,0,0,2,0
2024,Neto Berola,Ituano,LAMF,Extremo,38,18,583,15.3,Ituano,Cai,109652,97.0,1,55.0,0,0,3,0
2024,Paulo Victor,Ceará,LB,Lateral,25,12,581,14.8,Querétaro,Sobe,875511,,,,0,0,3,0
2024,Danilo Barcelos,Novorizontino,LB,Lateral,34,16,581,15.1,Ponte Preta,Meio,271666,,,,0,0,2,0
2024,Jô,Amazonas,CF,Atacante,39,12,574,15.0,,Meio,34156,,,,0,0,2,0
2024,Gabriel Poveda,Avaí,CF,Atacante,28,10,567,14.9,Remo,Meio,592346,,,,0,1,3,0
2024,Weslley Patati,Santos,RW,Extremo,22,13,566,14.8,AZ,Sobe,959106,,,,0,0,1,0
2024,João Neto,CRB,CF,Atacante,23,18,561,14.5,CRB,Meio,875339,,,,0,0,1,0
2024,Rafael Bilu,CRB,CF,Atacante,27,15,557,14.4,Avaí,Meio,625333,80.0,1,63.0,0,0,2,0
2024,Zé Eduardo,Ituano,CF,Atacante,27,11,551,14.5,Inter de Limeira,Cai,738984,,,,0,0,1,0
2024,Gabriel Silva,Vila Nova,LW,Extremo,27,13,549,14.4,Barra,Meio,692777,,,,0,0,3,0
2024,Júlio César,América-MG,RCB,Zaga,22,7,547,14.3,Ceará,Meio,,,,,0,0,3,0
2024,Marlon Maranhão,Guarani,RW,Extremo,23,13,547,14.0,Ansan Greeners,Cai,,,,,0,0,1,0
2024,Vinicius Mingotti,Operário-PR,CF,Atacante,26,10,545,14.6,Operário PR,Meio,658664,,,,0,0,2,0
2024,DG,Goiás,LB,Lateral,25,8,541,14.0,Avaí,Meio,524591,,,,0,0,2,0
2024,Cristovam,Brusque,RB,Lateral,35,12,541,14.4,Cianorte,Cai,278402,,,,0,0,3,0
2024,Jonathan,Ceará,RCB,Zaga,22,6,538,13.7,Cruzeiro,Sobe,813119,,,,0,0,3,0
2024,Maurício,Brusque,LCB,Zaga,35,7,538,14.3,Caxias,Cai,373065,,,,0,0,2,0
2024,Saulo,Ituano,GK,Goleiro,31,6,534,14.0,Ituano,Cai,346769,,,,0,0,3,0
2024,Fábio Matheus,Sport,LDMF,Volante,23,14,533,13.9,Sport Recife,Sobe,1087725,,,,0,0,2,0
2024,Éric Davis,Vila Nova,LB,Lateral,35,7,522,13.7,Plaza Amador,Meio,121791,71.0,3,50.0,0,0,1,0
2024,Hudson,Ponte Preta,RCMF,Meia,25,10,522,13.8,Portuguesa,Cai,993566,,,,0,0,1,0
2024,Keké,Brusque,CF,Atacante,30,12,515,13.7,Joinville,Cai,404199,,,,0,0,3,0
2024,Nathan Melo,Goiás,RCMF,Meia,25,12,512,13.3,Guarani,Meio,880248,,,,0,0,2,0
2024,Régis,Goiás,CF,Atacante,33,16,508,13.2,Santa Cruz,Meio,,,,,0,0,2,0
2024,Marco Antônio,CRB,RCMF,Meia,26,10,508,13.2,Botafogo SP,Meio,,,,,0,0,3,0
2024,Quirino,Mirassol,CF,Atacante,32,17,507,13.2,Santa Cruz,Sobe,538258,,,,0,0,3,0
2024,Bruno Marques,Botafogo-SP,CF,Atacante,27,13,502,13.2,Retrô,Meio,813109,,,,0,0,1,0
2024,Luan Ribeiro,Ponte Preta,GK,Goleiro,29,5,493,13.0,Londrina,Cai,643832,,,,0,0,2,0
2024,Pierre,Guarani,RCMF,Meia,24,12,490,12.6,Fortaleza,Cai,802646,,,,0,0,2,0
2024,Allyson,Sport,RCB,Zaga,35,7,486,12.7,Avaí,Sobe,390695,,,,0,0,1,0
2024,William Barbio,Amazonas,CF,Atacante,33,16,483,12.6,Capital Brasilia,Meio,188959,,,,0,0,2,0
2024,Getúlio,CRB,CF,Atacante,29,12,483,12.5,Inter de Limeira,Meio,592345,,,,0,0,2,0
2024,Igor Bolt,Amazonas,LAMF,Extremo,25,15,482,12.6,Figueirense,Meio,942580,,,,0,0,1,0
2024,Caio César,CRB,AMF,Meia,30,13,481,12.5,Nam Dinh,Meio,347823,,,,0,0,1,0
2024,R. Rosales,Sport,RB,Lateral,37,7,480,12.5,Academia Puerto Cabello,Sobe,,,,,0,0,2,0
2024,Lorran,Brusque,RB,Lateral,30,7,478,12.7,Confiança,Cai,671647,,,,0,0,1,0
2024,T. Rincón,Santos,LDMF,Volante,38,14,474,12.4,,Sobe,,,,,0,0,1,0
2024,Rodrigo Andrade,Mirassol,RCMF,Meia,29,12,474,12.3,São Bernardo FC,Sobe,435239,37.0,2,7.0,0,0,3,0
2024,Y. González,Paysandu,CF,Atacante,32,7,473,12.3,Medellín,Meio,,,,,0,0,1,0
2024,Nathan Fogaça,Operário-PR,CF,Atacante,27,12,472,12.7,Fortaleza,Meio,592363,,,,0,0,1,0
2024,Xavier,Ituano,DMF,Volante,26,11,471,12.4,Portimonense,Cai,,,,,0,0,2,0
2024,Lucas Cardoso,Novorizontino,CF,Atacante,25,11,470,12.2,Paysandu,Meio,931076,,,,0,0,2,0
2024,Aloísio,Goiás,DMF,Volante,30,7,456,11.8,,Meio,477161,31.0,1,3.0,0,0,1,0
2024,Mateus Gonçalves,Goiás,LW,Extremo,31,8,455,11.8,,Meio,352890,,,,0,0,2,0
2024,Wellington,Goiás,LCMF,Meia,35,10,453,11.7,Maricá,Meio,,,,,0,0,3,0
2024,Daniel Júnior,América-MG,RW,Extremo,24,9,448,11.7,Nacional,Meio,,,,,0,0,2,0
2024,Guilherme Castilho,Ceará,LCMF,Meia,26,12,447,11.4,Juárez,Sobe,726005,7.0,1,2.0,0,0,2,0
2024,Apodi,Vila Nova,RW,Extremo,39,19,426,11.2,,Meio,59930,,,,0,0,1,0
2024,G. Falcão,Ituano,LCMF,Meia,25,15,426,11.2,Portuguesa Santista,Cai,,,,,0,0,1,0
2024,Cocote,Amazonas,LW,Extremo,21,14,425,11.1,Nacional AM,Meio,982013,,,,0,0,1,0
2024,Douglas Borges,Guarani,GK,Goleiro,36,4,424,10.9,Portuguesa RJ,Cai,101667,,,,0,0,2,0
2024,L. Di Plácido,Sport,RB,Lateral,32,10,424,11.1,Atlético Tucumán,Sobe,,,,,0,0,1,0
2024,Matheus Bianqui,Coritiba,CF,Atacante,28,20,421,11.1,Grêmio Novorizontino,Meio,634737,,,,0,0,2,0
2024,Geovane Meurer,Coritiba,LDMF,Volante,24,12,419,11.0,Coritiba,Meio,1056021,,,,0,0,1,0
2024,Heitor Roca,Ponte Preta,LB,Lateral,28,6,419,11.1,Criciúma,Cai,688686,,,,0,0,1,0
2024,Ronei,Brusque,RB,Lateral,28,11,411,10.9,Caxias,Cai,626138,,,,0,1,3,0
2024,Á. Rodríguez,Goiás,CF,Atacante,37,13,409,10.6,Envigado,Meio,,,,,0,0,1,0
2024,Ignacio Laquintana,Santos,RAMF,Extremo,27,11,406,10.6,Red Bull Bragantino,Sobe,577407,,,,0,0,1,0
2024,Alan Costa,Avaí,LCB,Zaga,35,7,406,10.7,,Meio,271860,,,,0,0,2,0
2024,Denílson,Vila Nova,CF,Atacante,30,10,404,10.6,Ratchaburi,Meio,981494,,,,0,0,3,0
2024,Ruan Santos,Vila Nova,RCB,Zaga,22,4,403,10.6,Al Bataeh,Meio,991801,,,,0,0,2,0
2024,Madison,Brusque,RCMF,Meia,28,15,401,10.7,Confiança,Cai,592310,,,,0,0,2,0
2024,Reynaldo,Goiás,LCB,Zaga,29,6,400,10.4,,Meio,514297,,,,0,0,1,0
2024,Anderson Conceição,Vila Nova,LCB,Zaga,36,5,398,10.4,Figueirense,Meio,187759,,,,0,1,3,0
2024,Jean Lucas,Avaí,CF,Atacante,31,13,392,10.3,Avaí,Meio,532828,,,,0,1,3,0
2024,Thassio,Botafogo-SP,RWB,Lateral,25,7,389,10.2,Ituano,Meio,740404,,,,0,1,3,0
2024,Cristiano,Goiás,LB,Lateral,32,10,386,10.0,Sporting Cristal,Meio,,,,,0,0,2,0
2024,Bruno Oliveira,Guarani,AMF,Meia,28,8,385,9.9,Pouso Alegre,Cai,795578,,,,0,0,1,0
2024,Michel Macedo,Paysandu,RB,Lateral,36,9,382,9.9,,Meio,77262,,,,0,0,2,0
2024,Yan,Guarani,RB,Lateral,20,7,381,9.8,Guarani,Cai,1093267,,,,0,0,2,0
2024,Tiago Cametá,Amazonas,RB,Lateral,34,7,381,9.9,Maguary PE,Meio,261452,,,,0,0,1,0
2024,Darlisson,CRB,LCB,Zaga,22,5,379,9.8,Anápolis,Meio,898441,,,,0,0,1,0
2024,Raul Prata,Novorizontino,RB,Lateral,39,6,376,9.8,Luverdense,Meio,347283,,,,0,1,3,0
2024,Álvaro,Ituano,CF,Atacante,28,11,376,9.9,Brusque,Cai,,,,,0,0,3,0
2024,Thayllon,Chapecoense,RWF,Extremo,24,9,376,10.0,Paysandu,Meio,742120,,,,0,0,1,0
2024,Raí,CRB,AMF,Meia,24,7,375,9.7,Juventude,Meio,978146,,,,0,0,2,0
2024,Ian Luccas,Goiás,RW,Extremo,23,12,374,9.7,Alverca,Meio,796796,,,,0,0,1,0
2024,A. Morelos,Santos,CF,Atacante,30,6,369,9.6,Atlético Nacional,Sobe,,,,,0,0,1,0
2024,Lucas Araújo,Guarani,RCMF,Meia,27,12,368,9.4,Botev Plovdiv,Cai,555018,,,,0,0,3,0
2024,Guilherme Pira,Operário-PR,RAMF,Extremo,26,10,367,9.8,Maringá,Meio,868952,,,,0,0,2,0
2024,Airton,Novorizontino,GK,Goleiro,32,4,354,9.2,Criciúma,Meio,377799,,,,0,1,3,0
2024,Jorge,CRB,LB,Lateral,30,9,353,9.1,Remo,Meio,345084,44.0,1,24.0,0,0,1,0
2024,Vinicius Yuji,Guarani,LB,Lateral,22,5,352,9.0,Mixto,Cai,1095550,,,,0,0,1,0
2024,Zé Mário,Mirassol,LB,Lateral,34,8,352,9.1,Santa Cruz,Sobe,193513,,,,0,0,1,0
2024,Souza,Santos,LB,Lateral,20,8,351,9.2,Tottenham Hotspur,Sobe,1086258,91.0,1,24.0,0,0,3,0
2024,F. Castro,Ceará,RW,Extremo,31,8,350,8.9,Defensor Sporting,Sobe,,,,,0,0,1,0
2024,Patrick,Santos,LW,Extremo,33,10,349,9.1,Remo,Sobe,,,,,0,0,2,0
2024,Marcelinho,Chapecoense,RW,Extremo,27,9,344,9.2,Barra,Meio,,,,,0,0,3,0
2024,Sidcley,Amazonas,LB,Lateral,33,11,340,8.9,Ratchaburi,Meio,330060,,,,0,0,1,0
2024,Filipe Claudino,Operário-PR,LAMF,Extremo,22,9,338,9.1,São Bernardo,Meio,1095566,,,,0,0,1,0
2024,Anderson Rosa,Brusque,LW,Extremo,33,6,334,8.9,Portuguesa RJ,Cai,216681,,,,0,0,1,0
2024,Andrey,Avaí,RW,Extremo,24,10,328,8.6,Santa Clara,Meio,,,,,0,0,3,0
2024,Luan Peres,Santos,LCB,Zaga,31,5,328,8.6,Santos,Sobe,347913,43.0,1,42.0,0,0,1,0
2024,A. Silva,Vila Nova,RB,Lateral,33,6,328,8.6,Fénix,Meio,,,,,0,0,1,0
2024,Jhonny,Coritiba,RB,Lateral,24,8,318,8.4,América Mineiro,Meio,992534,,,,0,0,1,0
2024,Lohan,Guarani,CF,Atacante,30,9,318,8.2,Portuguesa RJ,Cai,547688,,,,0,0,3,0
2024,Vanderley,Vila Nova,RCB,Zaga,26,5,315,8.3,Pouso Alegre,Meio,698745,,,,0,0,1,0
2024,Rômulo Souza,Chapecoense,CF,Atacante,31,7,315,8.4,,Meio,349515,,,,0,0,2,0
2024,Edson Mardden,Amazonas,GK,Goleiro,34,3,312,8.1,,Meio,348260,,,,0,0,1,0
2024,João Carlos,Ituano,LWF,Extremo,25,11,312,8.2,Criciúma,Cai,,,,,0,0,2,0
2024,A. Ruiz,Sport,LCMF,Meia,32,6,311,8.1,Nueva Chicago,Sobe,,,,,0,0,2,0
2024,Cássio,Operário-PR,LCMF,Meia,33,6,311,8.3,Anápolis,Meio,983979,,,,0,0,3,0
2024,M. Antônio,Operário-PR,AMF,Meia,26,11,307,8.2,PVF-CAND,Meio,,,,,0,0,3,0
2024,Bruno Alves,Ituano,RAMF,Extremo,33,6,307,8.1,Ituano,Cai,349318,,,,0,0,2,0
2024,Wendell,Amazonas,LCMF,Meia,23,5,306,8.0,Desportivo Brasil,Meio,1012158,,,,0,0,1,0
2024,Vinícius,América-MG,LW,Extremo,32,13,301,7.9,Náutico,Meio,146020,,,,0,0,1,0
2024,Roberto,Avaí,LCB,Zaga,28,8,300,7.9,,Meio,,,,,0,0,3,0
2024,Riquelme,Sport,LB,Lateral,23,7,296,7.7,Vasco da Gama,Sobe,643119,,,,0,0,3,0
2024,Jenison,Chapecoense,CF,Atacante,35,8,296,7.9,Mixto,Meio,177381,,,,0,0,3,0
2024,Gabriel Pinheiro,Brusque,RB,Lateral,29,4,295,7.8,Juventude,Cai,806150,,,,0,0,1,0
2024,Vinicius Poz,Ituano,LB,Lateral,23,6,287,7.5,São Bento,Cai,1096610,,,,0,0,1,0
2024,Neílton,Chapecoense,CF,Atacante,32,5,286,7.6,,Meio,264284,,,,0,0,2,0
2024,Bruno Matias,Mirassol,RCMF,Meia,27,13,285,7.4,Chapecoense,Sobe,671292,,,,0,0,3,0
2024,Gabriel Gasparotto,Chapecoense,GK,Goleiro,32,3,284,7.6,Santo André,Meio,193160,,,,0,0,1,0
2024,Rayan,Guarani,RCB,Zaga,36,3,283,7.3,CSA,Cai,75378,,,,0,0,3,0
2024,Vitão,Ituano,LCB,Zaga,25,4,283,7.4,,Cai,982039,,,,0,0,1,0
2024,Ademilson,Avaí,CF,Atacante,32,10,283,7.4,,Meio,187208,,,,0,0,1,0
2024,Lucas Buchecha,Chapecoense,LCMF,Meia,25,10,280,7.5,Inter de Limeira,Meio,1011996,,,,0,0,1,0
2024,Lucas Kallyel,CRB,RDMF,Volante,22,7,276,7.2,Anápolis,Meio,1082769,,,,0,0,1,0
2024,Éberth,Coritiba,CF,Atacante,23,5,272,7.1,Coritiba,Meio,1090820,,,,0,0,1,0
2024,Matheusinho,Amazonas,CF,Atacante,27,6,264,6.9,Floresta EC,Meio,,,,,0,0,2,0
2024,Wellissol,Brusque,CF,Atacante,28,10,262,7.0,Samgurali,Cai,688309,6.0,1,1.0,0,0,1,0
2024,Pedro Costa,Botafogo-SP,RWB,Lateral,32,4,262,6.9,Volta Redonda,Meio,539175,,,,0,1,2,0
2024,Yan Souto,Goiás,RCB,Zaga,24,4,261,6.8,Botafogo PB,Meio,979629,,,,0,0,2,0
2024,Robinho,Botafogo-SP,RW,Extremo,31,7,260,6.8,Santa Cruz,Meio,,,,,0,0,3,0
2024,Dudu,Novorizontino,LCMF,Meia,27,8,259,6.7,Vitória,Meio,691811,47.0,2,8.0,0,0,3,0
2024,Léo Pereira,Paysandu,RB,Lateral,28,6,259,6.7,Água Santa,Meio,,,,,0,0,2,0
2024,Vinícius Faria,Sport,RAMF,Extremo,26,8,257,6.7,Ferroviária,Sobe,,,,,0,0,1,0
2024,Aderlan,Santos,RB,Lateral,35,4,251,6.6,Juventude,Sobe,101506,180.0,2,48.0,0,0,1,0
2024,Luciano,Sport,RDMF,Volante,23,6,248,6.5,Cianorte,Sobe,,,,,0,0,1,0
2024,Rubens,Chapecoense,RW,Extremo,23,7,248,6.6,Chapecoense,Meio,,,,,0,0,2,0
2024,G. Barros,Avaí,LW,Extremo,24,5,247,6.5,América Mineiro,Meio,,,,,0,0,2,0
2024,Vitor Graziani,Vila Nova,RCMF,Meia,22,3,238,6.2,Juventus,Meio,977723,,,,0,0,1,0
2024,Marquinhos,Mirassol,LW,Extremo,28,10,238,6.2,Volta Redonda,Sobe,871802,,,,0,0,1,0
2024,Igor Torres,Vila Nova,CF,Atacante,26,5,237,6.2,Portuguesa,Meio,823291,,,,0,0,3,0
2024,Rian,Vila Nova,RB,Lateral,22,3,234,6.1,Guarani,Meio,1097028,,,,0,0,2,0
2024,Du Fernandes,Vila Nova,LCMF,Meia,25,5,234,6.1,Volta Redonda,Meio,796783,,,,0,0,1,0
2024,Daniel Cruz,Chapecoense,RAMF,Extremo,25,4,233,6.2,Juventus,Meio,880349,,,,0,0,2,0
2024,Pedro Henrique,Guarani,RCB,Zaga,25,3,231,5.9,Al Hussein,Cai,681693,,,,0,0,1,0
2024,Dudu Scheit,Operário-PR,AMF,Meia,25,5,229,6.1,,Meio,885232,,,,0,0,1,0
2024,Gustavo Talles,Avaí,RB,Lateral,23,3,229,6.0,Chapecoense,Meio,1093749,,,,0,0,1,0
2024,Halls,Vila Nova,GK,Goleiro,27,2,216,5.7,Kyoto Sanga,Meio,734169,,,,0,0,2,0
2024,Gabriel Santos,Paysandu,CF,Atacante,27,8,215,5.6,Seoul E-Land,Meio,662033,,,,0,0,3,0
2024,Artur,Mirassol,LB,Lateral,31,6,207,5.4,Londrina,Sobe,296903,,,,0,2,3,1
2024,Edson,Ponte Preta,RB,Lateral,23,4,203,5.4,Guarani,Cai,,,,,0,0,2,0
2024,Felipe Garcia,Operário-PR,CF,Atacante,35,5,201,5.4,São Bernardo FC,Meio,98511,,,,0,0,3,0
2024,Pedrinho,Goiás,LW,Extremo,22,7,201,5.2,Goiás,Meio,,,,,0,0,2,0
2024,Marcelo Cirino,Operário-PR,LCMF,Meia,34,3,201,5.4,Brasiliense,Meio,114514,,,,0,0,1,0
2024,Marlinho,Ituano,LB,Lateral,21,7,199,5.2,Ituano,Cai,1116543,,,,0,0,1,0
2024,Vanderlei,Mirassol,GK,Goleiro,42,2,199,5.2,Água Santa,Sobe,68727,,,,0,1,3,0
2024,Bruno Mendes,Guarani,CF,Atacante,32,6,199,5.1,Ratchaburi,Cai,216131,,,,0,0,2,0
2024,Fred,Guarani,GK,Goleiro,23,2,198,5.1,Guarani,Cai,,,,,0,0,1,0
2024,Talisson,Ceará,RAMF,Extremo,24,10,196,5.0,Rapid Bucureşti,Sobe,1084074,34.0,2,7.0,0,0,1,0
2024,Matheus Mancini,Guarani,LCB,Zaga,31,2,195,5.0,Ituano,Cai,371522,,,,0,0,3,0
2024,Thauan,América-MG,RAMF,Extremo,22,6,195,5.1,América Mineiro,Meio,1082638,,,,0,0,1,0
2024,Vitor Caetano,CRB,GK,Goleiro,27,2,190,4.9,CRB,Meio,593071,,,,0,0,3,0
2024,Thiago Couto,Sport,GK,Goleiro,27,2,184,4.8,Sport Recife,Sobe,546217,,,,0,1,2,0
2024,Erik Bessa,Operário-PR,RB,Lateral,30,4,183,4.9,XV de Piracicaba,Meio,794080,,,,0,0,1,0
2024,Rafael,Guarani,LAMF,Extremo,19,6,182,4.7,Santos U23,Cai,,,,,0,0,2,0
2024,Rafael Freitas,Guarani,LAMF,Extremo,20,6,182,4.7,Guarani,Cai,1077154,,,,0,0,2,0
2024,M. Ocampo,Brusque,CF,Atacante,24,4,181,4.8,Cerro,Cai,,,,,0,0,1,0
2024,Judá,Amazonas,RCMF,Meia,27,3,180,4.7,Sitra,Meio,978741,,,,0,0,1,0
2024,Fransérgio,Coritiba,LDMF,Volante,35,4,180,4.7,,Meio,111828,57.0,2,13.0,0,0,1,0
2024,Gustavo Ermel,Amazonas,LAMF,Extremo,31,5,179,4.7,Uberlândia,Meio,432976,154.0,1,27.0,0,0,1,0
2024,Yago Ferreira,Coritiba,AMF,Meia,24,5,177,4.7,Majd,Meio,984365,,,,0,0,1,0
2024,Borech,Operário-PR,CB,Zaga,24,3,175,4.7,Cascavel,Meio,,,,,0,0,1,0
2024,Fraga,Paysandu,LDMF,Volante,29,7,174,4.5,Taubaté,Meio,,,,,0,0,3,0
2024,Pedro Martins,Sport,LCMF,Meia,26,5,174,4.5,Sport Recife,Sobe,866884,,,,0,0,2,0
2024,Felipinho,Botafogo-SP,RWF,Extremo,23,5,173,4.5,Tombense,Meio,,,,,0,0,2,0
2024,Estevão,Guarani,CF,Atacante,24,5,171,4.4,CRB,Cai,982552,,,,0,0,1,0
2024,Janderson,Ceará,RWF,Extremo,27,4,170,4.3,Vila Nova,Sobe,670940,,,,0,0,3,0
2024,Bernardo,Coritiba,RDMF,Volante,24,6,169,4.4,Brusque,Meio,740294,,,,0,0,3,0
2024,Bruno Vinicius,Chapecoense,CB,Zaga,23,6,165,4.4,Maguary PE,Meio,929154,,,,0,0,2,0
2024,Douglas Borel,Goiás,RB,Lateral,24,5,164,4.2,Santa Clara,Meio,647540,,,,0,0,3,0
2024,Dentinho,Amazonas,CF,Atacante,37,5,164,4.3,,Meio,,,,,0,0,3,0
2024,Cassiano,Avaí,CF,Atacante,37,8,163,4.3,Casa Pia AC,Meio,238367,,,,0,0,1,0
2024,Sousa,Amazonas,LDMF,Volante,31,4,160,4.2,Persija,Meio,592343,,,,0,0,3,0
2024,Jonathas,América-MG,CF,Atacante,37,5,160,4.2,,Meio,58345,,,,0,0,2,0
2024,João Vitor,Novorizontino,RB,Lateral,21,6,159,4.1,Athletico Paranaense,Meio,935978,,,,0,0,1,0
2024,Walterson,Chapecoense,LW,Extremo,31,7,156,4.2,Paju Citizen,Meio,,,,,0,0,1,0
2024,Alex Nascimento,Santos,LCB,Zaga,27,5,155,4.0,,Sobe,,,,,0,0,1,0
2024,E. Castillo,Coritiba,LW,Extremo,31,6,154,4.0,Alianza Lima,Meio,,,,,0,0,1,0
2024,Biel,Paysandu,CF,Atacante,24,3,152,3.9,Sport Recife,Meio,,,,,0,1,3,0
2024,Andrey,Ceará,RCMF,Meia,28,11,146,3.7,Santa Cruz,Sobe,,,,,0,0,3,0
2024,Robson Duarte,Amazonas,RAMF,Extremo,33,3,146,3.8,Kanchanaburi Power,Meio,593206,11.0,1,2.0,0,0,1,0
2024,Jonny Uchuari,Amazonas,LWB,Lateral,32,4,145,3.8,Cuenca Juniors,Meio,189490,,,,0,0,1,0
2024,Jhow,Ituano,CF,Atacante,21,5,144,3.8,,Cai,1225128,,,,0,0,1,0
2024,Lucas André,Sport,RB,Lateral,23,3,142,3.7,,Sobe,918663,,,,0,0,2,0
2024,Gustavo França,Guarani,RW,Extremo,28,4,141,3.6,Arema,Cai,455188,,,,0,0,2,0
2024,Matheus Aluísio,Ituano,LCMF,Meia,23,7,136,3.6,,Cai,889865,,,,0,0,2,0
2024,Kaique Rodrigues,Ceará,CF,Atacante,22,6,135,3.4,Academico Viseu U23,Sobe,,,,,0,0,1,0
2024,Lucas Dias,Ituano,RB,Lateral,21,3,134,3.5,Ituano,Cai,,,,,0,0,3,0
2024,Diego Gonçalves,Mirassol,LWF,Extremo,31,5,134,3.5,Criciúma,Sobe,405720,51.0,2,6.0,0,0,1,0
2024,Miguelito,Santos,RAMF,Extremo,22,5,133,3.5,Santos,Sobe,1063811,,,,0,0,1,0
2024,David,Coritiba,LW,Extremo,26,4,132,3.5,Ponte Preta,Meio,,,,,0,1,3,0
2024,Dieguinho,Sport,CF,Atacante,21,6,128,3.3,Sport Recife U23,Sobe,,,,,0,0,1,0
2024,Marquinhos,Mirassol,LW,Extremo,26,6,127,3.3,Mirassol,Sobe,871802,,,,0,0,1,0
2024,Jonathan Vieira,Ituano,LB,Lateral,28,3,127,3.3,,Cai,579346,,,,0,0,2,0
2024,Halerrandrio,Goiás,RWF,Extremo,20,6,126,3.3,Goiás,Meio,1092628,,,,0,0,1,0
2024,Jean Carlos,Ponte Preta,LAMF,Extremo,23,5,125,3.3,Ponte Preta,Cai,676511,,,,0,0,3,0
2024,Igor Bohn,Avaí,GK,Goleiro,30,2,125,3.3,Avaí,Meio,530385,,,,0,0,2,0
2024,Ronald Camarão,Botafogo-SP,RB,Lateral,26,7,125,3.3,Maringá,Meio,870653,,,,0,0,1,0
2024,Enzo,Novorizontino,LB,Lateral,21,2,122,3.2,Confiança,Meio,1139255,,,,0,0,1,0
2024,Crystopher,Paysandu,AMF,Meia,28,4,122,3.2,CRB,Meio,730982,,,,0,0,2,0
2024,Kayque,Guarani,RCMF,Meia,26,5,122,3.1,,Cai,813037,,,,0,0,1,0
2024,Thomás Luciano,Ponte Preta,RB,Lateral,24,3,119,3.1,Ferroviário,Cai,869063,,,,0,0,1,0
2024,João Pedro,Mirassol,RW,Extremo,23,5,118,3.1,Confiança,Sobe,,,,,0,1,2,0
2024,Cristian Renato,Mirassol,RWF,Extremo,26,7,118,3.1,Busan I'Park,Sobe,1004065,,,,0,0,2,0
2024,Victor Caetano,Chapecoense,RCMF,Meia,28,3,118,3.1,Chapecoense,Meio,636507,,,,0,0,1,0
2024,Rodrigo Moledo,Chapecoense,CB,Zaga,38,3,117,3.1,Coritiba,Meio,119434,,,,0,0,1,0
2024,Alef Manga,Coritiba,LAMF,Extremo,31,4,113,3.0,Remo,Meio,612479,,,,0,0,1,0
2024,R Giacomin,Chapecoense,LB,Lateral,28,6,110,2.9,Al Hamriyah,Meio,,,,,0,0,1,0
2024,J. Tagueu,Paysandu,CF,Atacante,32,5,109,2.8,Hai Phong,Meio,,,,,0,0,1,0
2024,Kelvyn,Chapecoense,RCB,Zaga,27,2,109,2.9,Confiança,Meio,716388,,,,0,0,2,0
2024,Venícius,Ponte Preta,CF,Atacante,27,3,107,2.8,Sergipe,Cai,,,,,0,0,2,0
2024,Renê Santos,Guarani,CB,Zaga,34,1,105,2.7,,Cai,154990,,,,0,0,1,0
2024,Georgemy,Brusque,GK,Goleiro,30,1,104,2.8,Mirassol,Cai,258369,,,,0,0,3,0
2024,William Gabriel,Botafogo-SP,RW,Extremo,22,7,104,2.7,Paide,Meio,1091752,,,,0,0,2,0
2024,Luis Henrique,Goiás,LB,Lateral,17,1,101,2.6,Goiás U20,Meio,,,,,0,0,1,0
2024,Benassi,Coritiba,GK,Goleiro,22,1,101,2.7,Coritiba,Meio,1095547,,,,0,0,1,0
2024,Diógenes,Santos,GK,Goleiro,25,1,101,2.6,Santos,Sobe,907359,,,,0,0,1,0
2024,Flávio,América-MG,RB,Lateral,26,2,101,2.6,Figueirense,Meio,672618,,,,0,0,2,0
2024,Neto,Brusque,RCB,Zaga,22,1,101,2.7,Primavera SP,Cai,1073549,,,,0,0,3,0
2024,Luisão,Novorizontino,RCB,Zaga,20,1,99,2.6,Grêmio Novorizontino U20,Meio,1093922,,,,0,0,2,0
2024,Higor,Vila Nova,LB,Lateral,21,1,99,2.6,Vila Nova,Meio,1090843,,,,0,0,1,0
2024,Gabriel Leite,Coritiba,GK,Goleiro,38,1,99,2.6,Coritiba,Meio,54336,,,,0,0,1,0
2024,Guilherme Azevedo,Operário-PR,RAMF,Extremo,25,3,98,2.6,,Meio,675242,,,,0,0,2,0
2024,William,Ponte Preta,GK,Goleiro,28,1,98,2.6,América Mineiro,Cai,638060,,,,0,0,2,0
2024,Matheus Melo,Amazonas,AMF,Meia,27,4,97,2.5,CSA,Meio,1144483,,,,0,0,1,0
2024,Pedro Manoel,Guarani,RB,Lateral,20,2,97,2.5,Tartu Tammeka,Cai,1221845,,,,0,0,1,0
2024,Jori,América-MG,GK,Goleiro,30,1,97,2.5,Capital Brasilia,Meio,429799,,,,0,0,1,0
2024,Brendon,Paysandu,AMF,Meia,24,4,96,2.5,Nação,Meio,,,,,0,0,1,0
2024,Fabian Volpi,Amazonas,GK,Goleiro,29,1,96,2.5,Barra,Meio,540645,,,,0,0,1,0
2024,Felipe,Chapecoense,LB,Lateral,27,2,96,2.6,Botafogo SP,Meio,508930,,,,0,0,3,0
2024,Ó. Ruiz,Novorizontino,CF,Atacante,35,4,95,2.5,Sportivo Luqueño,Meio,,,,,0,0,1,0
2024,Mateus Pureza,CRB,RB,Lateral,22,1,95,2.5,EC São José,Meio,1149377,,,,0,0,1,0
2024,Marcelinho,Guarani,RW,Extremo,29,3,94,2.4,Ypiranga Erechim,Cai,,,,,0,0,3,0
2024,Helibelton Palacios,Sport,RB,Lateral,33,2,94,2.5,Santa Fe,Sobe,211389,126.0,1,18.0,0,0,1,0
2024,Roberto,Vila Nova,LB,Lateral,35,2,94,2.5,Caxias,Meio,,,,,0,0,3,0
2024,Guilherme Portuga,Ponte Preta,AMF,Meia,28,4,94,2.5,Portuguesa,Cai,752562,,,,0,0,1,0
2024,Daniel dos Anjos,Guarani,CF,Atacante,30,4,92,2.4,Ninh Binh,Cai,523364,,,,0,0,1,0
2024,Wellington,Amazonas,RCB,Zaga,31,1,92,2.4,Ankara Keçiörengücü,Meio,,,,,0,0,3,0
2024,Kevin,Avaí,RB,Lateral,28,3,92,2.4,CRB,Meio,520430,,,,0,0,3,0
2024,Wesley Borges,Ituano,GK,Goleiro,24,1,92,2.4,Ituano,Cai,823543,,,,0,0,1,0
2024,Erik Nascimento,Ituano,RCB,Zaga,21,1,92,2.4,Ferroviária,Cai,1028587,,,,0,0,1,0
2024,Renyer,Guarani,LAMF,Extremo,23,3,89,2.3,,Cai,668236,,,,0,0,1,0
2024,Rafael Castro,Botafogo-SP,LB,Lateral,21,3,88,2.3,Goiatuba EC,Meio,1082595,,,,0,0,1,0
2024,Mailson,Chapecoense,LW,Extremo,23,1,88,2.3,Figueirense,Meio,1082825,,,,0,0,2,0
2024,Vinícius Barata,CRB,RW,Extremo,27,3,88,2.3,CRB,Meio,548258,,,,0,0,2,0
2024,Heron,CRB,LB,Lateral,25,3,86,2.2,Londrina,Meio,697401,143.0,1,51.0,0,1,2,0
2024,Robinho,Brusque,CF,Atacante,22,5,86,2.3,Cianorte,Cai,,,,,0,0,3,0
2024,Henrique Melo,Coritiba,RDMF,Volante,21,2,81,2.1,Porto Vitoria,Meio,1090824,,,,0,0,1,0
2024,Gustavo Walisson,Botafogo-SP,RCB,Zaga,21,1,81,2.1,EC São José,Meio,,,,,0,0,1,0
2024,Leonardo,Vila Nova,LCB,Zaga,21,1,80,2.1,Concórdia,Meio,,,,,0,0,1,0
2024,João Victor,Ceará,LW,Extremo,22,2,78,2.0,Hapoel Be'er Sheva,Sobe,,,,,0,0,3,0
2024,Guilherme Lacerda,Vila Nova,LCB,Zaga,25,5,76,2.0,Boavista,Meio,738525,,,,0,0,2,0
2024,Fábio,Vila Nova,RB,Lateral,25,3,75,2.0,Barra,Meio,980832,,,,0,0,1,0
2024,Vinícius Leite,Paysandu,LW,Extremo,32,3,74,1.9,Amazonas,Meio,530499,,,,0,0,2,0
2024,Jean Pyerre,Ituano,AMF,Meia,28,3,73,1.9,Brasiliense,Cai,351903,,,,0,0,1,0
2024,João Villela,Guarani,RW,Extremo,22,1,72,1.8,,Cai,1223078,,,,0,0,1,0
2024,Gustavinho,América-MG,LCMF,Meia,24,5,70,1.8,Athletic Club,Meio,,,,,0,0,1,0
2024,Vinicius Kauê,Guarani,LB,Lateral,23,2,68,1.7,,Cai,658676,,,,0,0,1,0
2024,Victor Reis,Ituano,LCMF,Meia,22,1,68,1.8,Ituano,Cai,,,,,0,0,1,0
2024,Guilherme Beléa,Ponte Preta,LAMF,Extremo,25,4,67,1.8,Piauí,Cai,874669,,,,0,0,1,0
2024,Lipe Gadol,Ituano,LCMF,Meia,22,2,67,1.8,Ituano,Cai,,,,,0,0,1,0
2024,Caíque,Vila Nova,RWF,Extremo,26,2,66,1.7,Maringá,Meio,,,,,0,0,3,0
2024,Enzo Monteiro,Santos,CF,Atacante,22,1,64,1.7,Chungbuk Cheongju,Sobe,1084192,,,,0,0,1,0
2024,Nassom,Sport,LB,Lateral,23,1,57,1.5,Inter de Limeira,Sobe,1087716,,,,0,0,1,0
2024,Marcelo Mineiro,Ituano,LW,Extremo,23,2,57,1.5,,Cai,854716,,,,0,0,1,0
2024,Carlos Maia,Paysandu,AMF,Meia,25,1,56,1.5,Águia de Marabá,Meio,977534,,,,0,0,1,0
2024,Paulo Henrique,Mirassol,RW,Extremo,29,4,56,1.5,Noroeste,Sobe,1082705,,,,0,0,1,0
2024,Paulinho,América-MG,LB,Lateral,22,2,56,1.5,Vasco da Gama,Meio,,,,,0,0,3,0
2024,Keffel,Paysandu,LB,Lateral,26,1,55,1.4,Sumqayıt,Meio,752701,,,,0,0,1,0
2024,Kauã Lucas,Ceará,LW,Extremo,22,1,53,1.3,Grêmio Sãocarlense,Sobe,,,,,0,0,1,0
2024,Bruninho,Ceará,LW,Extremo,26,1,53,1.3,Maccabi Haifa,Sobe,584083,,,,0,1,3,0
2024,Marcondes,Vila Nova,LCB,Zaga,33,3,52,1.4,Amazonas,Meio,437777,194.0,2,123.0,0,0,3,0
2024,Felipe Guimarães,Coritiba,RB,Lateral,22,2,51,1.3,Atlético GO,Meio,1090821,,,,0,0,1,0
2024,Jonathan,América-MG,CF,Atacante,23,1,51,1.3,Maringá,Meio,813119,,,,0,0,3,0
2024,B. Arce,Santos,AMF,Meia,28,2,50,1.3,Bolívar,Sobe,,,,,0,0,1,0
2024,Léo Porfírio,Guarani,LW,Extremo,21,2,49,1.3,ASA,Cai,1133455,,,,0,0,1,0
2024,Rodriguinho,CRB,RAMF,Extremo,21,1,49,1.3,Anápolis,Meio,,,,,0,0,2,0
2024,Rodrigo,Chapecoense,CF,Atacante,19,2,48,1.3,Red Bull Bragantino U20,Meio,,,,,0,0,3,0
2024,Caio Rafael,Ceará,RAMF,Extremo,22,3,46,1.2,Londrina,Sobe,1012166,,,,0,0,1,0
2024,Ruan Carlos,Ituano,RB,Lateral,24,2,45,1.2,,Cai,1047531,,,,0,0,1,0
2024,Rafinha,Ceará,LCMF,Meia,26,2,45,1.1,Maringá,Sobe,,,,,0,0,3,0
2024,Kauã,Ponte Preta,CF,Atacante,19,2,44,1.2,Nautico U20,Cai,,,,,0,0,1,0
2024,Yago Lincoln,Ceará,LCB,Zaga,23,3,44,1.1,Londrina,Sobe,1095336,,,,0,0,1,0
2024,DG,Amazonas,RAMF,Extremo,27,2,42,1.1,Brasil de Pelotas,Meio,524591,,,,0,0,2,0
2024,Jean Pedroso,Coritiba,RCB,Zaga,22,2,40,1.1,Karpaty,Meio,1090422,,,,0,0,1,0
2024,Ronaldo Mendes,Chapecoense,RAMF,Extremo,33,2,40,1.1,CSA,Meio,236952,,,,0,0,1,0
2024,Wellington Manzoli,Amazonas,LCB,Zaga,25,2,39,1.0,São Bernardo FC,Meio,,,,,0,0,2,0
2024,Cauari,Brusque,LW,Extremo,23,3,39,1.0,Portuguesa,Cai,1082528,,,,0,0,1,0
2024,Tallyson Carlos,Goiás,LW,Extremo,19,2,35,0.9,Goiás U20,Meio,1278331,,,,0,0,1,0
2024,Everton,Vila Nova,RW,Extremo,24,1,33,0.9,Madureira,Meio,839034,,,,0,0,1,0
2024,Rubens,Amazonas,CF,Atacante,32,1,33,0.9,Tombense,Meio,,,,,0,0,2,0
2024,Hyan,Santos,RCMF,Meia,22,1,32,0.8,Avaí,Sobe,1082852,,,,0,0,1,0
2024,Jhonny Lucas,Goiás,RCMF,Meia,26,1,32,0.8,Amazonas,Meio,540990,,,,0,0,3,0
2024,I. Torres,Goiás,LW,Extremo,35,1,30,0.8,Sportivo San Lorenzo,Meio,,,,,0,0,1,0
2024,Rafael Oller,Operário-PR,RWF,Extremo,31,1,28,0.8,Inter de Limeira,Meio,844237,,,,0,0,2,0
2024,João Botão,Operário-PR,RWB,Lateral,20,1,28,0.8,Operário PR,Meio,,,,,0,0,1,0
2024,Rafhael Lucas,Operário-PR,AMF,Meia,33,1,27,0.7,CRAC,Meio,225414,,,,0,0,1,0
2024,Cacá,Chapecoense,CF,Atacante,20,1,27,0.7,Concórdia,Meio,1084628,,,,0,0,1,0
2024,Paulo Henrique,Chapecoense,RCMF,Meia,21,1,27,0.7,Confiança,Meio,1082705,,,,0,0,1,0
2024,Alison,Santos,RDMF,Volante,33,1,26,0.7,,Sobe,,,,,0,0,1,0
2024,Jonny,Amazonas,RW,Extremo,28,1,26,0.7,,Meio,,,,,0,0,1,0
2024,Michael,Guarani,RW,Extremo,20,1,24,0.6,Guarani U20,Cai,579207,,,,0,0,2,0
2024,Mateus Xavier,Santos,RAMF,Extremo,19,1,23,0.6,Santos,Sobe,1220141,,,,0,0,1,0
2024,Luca Meirelles,Santos,AMF,Meia,19,2,22,0.6,Shakhtar Donetsk,Sobe,1220143,,,,0,0,1,0
2024,A. Villarreal,Santos,CF,Atacante,21,1,22,0.6,Caracas,Sobe,,,,,0,0,1,0
2024,Gustavo Pajé,Vila Nova,RW,Extremo,21,1,20,0.5,Aris,Meio,1095514,,,,0,0,1,0
2024,Carlos Miguel,Vila Nova,LCMF,Meia,20,1,20,0.5,Operário MS,Meio,1097025,,,,0,0,1,0
2024,Sarjani,Vila Nova,LW,Extremo,22,1,20,0.5,Cheonan City,Meio,,,,,0,0,1,0
2024,João Marcelo,Guarani,CF,Atacante,21,1,20,0.5,Shabab Al Ahli Dubai,Cai,1344099,,,,0,0,1,0
2024,Thalles,Botafogo-SP,CF,Atacante,21,2,20,0.5,Botafogo SP,Meio,1222359,,,,0,0,1,0
2024,Henri,Mirassol,RCB,Zaga,24,1,20,0.5,CRB,Sobe,627214,,,,0,0,1,0
2024,Dudu,Operário-PR,LWF,Extremo,20,1,18,0.5,Operário PR,Meio,691811,47.0,2,8.0,0,0,3,0
2024,Lucas Teixeira,Ceará,RW,Extremo,19,1,18,0.5,Água Santa U20,Sobe,,,,,0,0,1,0
2024,Miguel Silva,Mirassol,LAMF,Extremo,22,1,18,0.5,,Sobe,,,,,0,0,1,0
2024,Luquinha,Botafogo-SP,RW,Extremo,25,1,17,0.4,,Meio,651205,,,,0,0,1,0
2024,Pedro Barcelos,América-MG,LCB,Zaga,30,1,15,0.4,Académico de Viseu F.C.,Meio,752592,,,,0,0,1,0
2024,Kauã Diniz,América-MG,LCMF,Meia,22,1,15,0.4,RB Omiya Ardija,Meio,1086631,,,,0,0,1,0
2024,Yago Santos,América-MG,DMF,Volante,23,1,15,0.4,Athletico Paranaense,Meio,900203,,,,0,0,1,0
2024,Nonato,Santos,LCMF,Meia,28,1,14,0.4,Fluminense,Sobe,546172,58.0,2,10.0,0,0,1,0
2024,Pedro Severino,Botafogo-SP,CF,Atacante,20,1,14,0.4,,Meio,1083855,,,,0,0,2,0
2024,Gabriel Lima,Brusque,RB,Lateral,23,1,14,0.4,Gama,Cai,1124161,,,,0,0,2,0
2024,Diego Coser,Chapecoense,LW,Extremo,20,1,13,0.3,Chapecoense,Meio,1108007,,,,0,0,2,0
2024,David Antunes,Chapecoense,LCMF,Meia,20,1,13,0.3,Chapecoense,Meio,1084629,,,,0,0,1,0
2024,Vini Peixoto,Mirassol,AMF,Meia,25,1,12,0.3,Shimizu S-Pulse,Sobe,,,,,0,0,1,0
2024,Denzel,Goiás,CF,Atacante,23,1,10,0.3,Yangpyeong,Meio,1022927,,,,0,0,2,0
2024,João Maranini,Botafogo-SP,CB,Zaga,23,1,10,0.3,CEOV Operário MT,Meio,999797,,,,0,0,2,0
2024,Rafinha,Chapecoense,LDMF,Volante,23,1,9,0.2,,Meio,,,,,0,0,3,0
2024,L. Reis,Brusque,RCB,Zaga,,1,8,0.2,Brusque,Cai,,,,,0,0,1,0
2024,Zé Pagliarini,Operário-PR,LCMF,Meia,22,1,8,0.2,Taubaté,Meio,1224419,,,,0,0,1,0
2024,Thiago Henrique,Chapecoense,RB,Lateral,24,1,8,0.2,,Meio,1033500,,,,0,0,1,0
2024,Lucas Silva,Brusque,RCB,Zaga,20,1,8,0.2,Blumenau,Cai,1346174,,,,0,0,3,0
2024,Thiago Spice,Amazonas,CF,Atacante,41,1,6,0.2,,Meio,684569,,,,0,0,1,0
2024,Luiz Otávio,Ceará,RCB,Zaga,37,1,5,0.1,Ceará,Sobe,265693,228.0,2,121.0,0,1,3,0
2024,Erik Filipe,CRB,LB,Lateral,20,1,4,0.1,Portuguesa U20,Meio,,,,,0,0,1,0
2023,Alex Muralha,Mirassol,GK,Goleiro,36,38,3892,100.3,Mirassol,Meio,277743,,,,1,1,1,0
2023,Danilo Boza,Juventude,RCB,Zaga,28,38,3888,98.3,Urawa Reds,Sobe,606136,,,,1,1,2,0
2023,Rafael Donato,Vila Nova,RCB,Zaga,37,37,3808,97.5,Guarani,Meio,212199,,,,1,2,2,1
2023,Dênis Júnior,Vila Nova,GK,Goleiro,28,37,3808,97.5,Ferroviária,Meio,650517,,,,1,1,1,0
2023,Felipe Garcia,Tombense,GK,Goleiro,38,37,3799,97.8,Cianorte,Cai,,,,,1,0,2,0
2023,Caíque França,Ponte Preta,GK,Goleiro,31,36,3690,95.2,Guarani,Meio,408850,,,,1,2,2,1
2023,Ronaldo,Atlético-GO,GK,Goleiro,30,36,3659,95.9,Bahia,Sobe,,,,,1,1,2,0
2023,Jefferson Paulino,Ituano,GK,Goleiro,34,36,3648,95.0,Retrô,Meio,437791,,,,1,1,2,0
2023,Luiz Otávio,Mirassol,LCB,Zaga,33,36,3637,93.7,Ceará,Meio,,,,,1,1,2,0
2023,Lucas Arcanjo,Vitória,GK,Goleiro,28,36,3619,93.5,Vitória,Sobe,645602,,,,1,1,1,0
2023,Fellipe Mateus,Criciúma,LCMF,Meia,35,36,3613,91.7,Criciúma,Sobe,520470,,,,1,2,2,1
2023,Lucão,Guarani,LCB,Zaga,30,36,3596,94.1,Chongqing Tongliang Long,Meio,270191,,,,1,1,2,0
2023,Rodrigo,Criciúma,RCB,Zaga,39,35,3587,91.0,Criciúma,Sobe,,,,,1,0,2,0
2023,Wagner Leonardo,Vitória,LCB,Zaga,27,35,3546,91.6,Grêmio,Sobe,671572,,,,1,1,2,0
2023,Marcelo Hermes,Criciúma,LB,Lateral,31,37,3535,89.7,Criciúma,Sobe,348769,,,,1,2,2,1
2023,Gustavo,Criciúma,GK,Goleiro,33,34,3501,88.9,América Mineiro,Sobe,667411,,,,1,0,2,0
2023,Eduardo Doma,Vila Nova,LCB,Zaga,28,35,3487,89.3,Chapecoense,Meio,,,,,1,1,2,0
2023,Diogo Silva,CRB,GK,Goleiro,40,34,3478,88.5,Noroeste,Meio,,,,,1,2,2,1
2023,Diogo Mateus,Guarani,RB,Lateral,33,35,3446,90.2,Botafogo PB,Meio,231009,,,,1,1,2,0
2023,Artur,Ponte Preta,LB,Lateral,32,34,3442,88.8,Londrina,Meio,296903,,,,1,2,2,1
2023,Thiago Couto,Juventude,GK,Goleiro,27,34,3436,86.8,Sport Recife,Sobe,546217,,,,1,1,1,0
2023,Adriano Martins,Novorizontino,RCB,Zaga,29,35,3420,88.1,Atlético GO,Meio,739272,,,,1,1,1,0
2023,Rodrigo Gelado,Vila Nova,LB,Lateral,22,35,3416,87.4,Athletic Club,Meio,1014555,,,,1,1,1,0
2023,Jordi,Novorizontino,GK,Goleiro,33,33,3314,85.4,Grêmio Novorizontino,Meio,255928,,,,1,1,1,0
2023,Shaylon,Atlético-GO,AMF,Meia,29,36,3304,86.6,Mirassol,Sobe,480274,,,,1,1,1,0
2023,Luiz Daniel,Sampaio Corrêa,GK,Goleiro,33,33,3303,84.5,Botafogo PB,Cai,555564,,,,1,2,2,1
2023,Mayk,Guarani,LB,Lateral,27,36,3303,86.5,Remo,Meio,603423,,,,1,1,2,0
2023,Lucas Ramon,Mirassol,RB,Lateral,32,35,3252,83.8,São Paulo,Meio,378189,,,,1,1,2,0
2023,Geovane,Novorizontino,RCMF,Meia,37,35,3232,83.3,Atlético GO,Meio,,,,,1,1,2,0
2023,João Paulo,Londrina,LDMF,Volante,41,33,3221,83.2,Rio Branco ES,Cai,,,,,1,0,2,0
2023,Guilherme Parede,Vila Nova,LW,Extremo,30,34,3202,82.0,América Mineiro,Meio,393830,,,,1,1,1,0
2023,Arilson,Criciúma,DMF,Volante,32,33,3194,81.1,Betim,Sobe,552255,,,,1,2,2,1
2023,Airton,Chapecoense,GK,Goleiro,32,31,3154,79.7,Criciúma,Meio,377799,42.0,1,7.0,1,1,2,0
2023,Gabriel,Londrina,RCB,Zaga,22,32,3149,81.3,Cuiabá,Cai,,,,,1,1,2,0
2023,Guilherme Madruga,Botafogo-SP,RCMF,Meia,25,33,3120,80.6,Shandong Taishan,Meio,1081036,,,,1,1,1,0
2023,Rafael Thyere,Sport,RCB,Zaga,33,31,3114,82.2,Chapecoense,Meio,292152,17.0,1,2.0,1,2,2,1
2023,Jádson,Juventude,RW,Extremo,33,34,3112,78.6,Athletico Paranaense,Sobe,205179,,,,1,1,1,0
2023,Matheus Frizzo,Tombense,AMF,Meia,28,34,3106,79.9,Suwon,Cai,688878,,,,1,1,2,0
2023,Matheus Albino,Botafogo-SP,GK,Goleiro,31,31,3098,80.0,CRB,Meio,363811,,,,1,1,2,0
2023,Walisson Maia,Criciúma,LCB,Zaga,34,32,3090,78.4,Arema,Sobe,188715,,,,1,1,1,0
2023,Danielzinho,Mirassol,LCMF,Meia,31,33,3084,79.5,São Paulo,Meio,292731,,,,1,1,2,0
2023,Camutanga,Vitória,RCB,Zaga,32,33,3069,79.3,Vitória,Sobe,607817,,,,1,1,2,0
2023,Negueba,Mirassol,RW,Extremo,26,35,3064,78.9,Mirassol,Meio,680681,,,,1,1,2,0
2023,Márcio,Botafogo-SP,LCB,Zaga,25,32,3062,79.1,Hapoel Ramat Gan,Meio,,,,,1,1,1,0
2023,João Paulo,CRB,AMF,Meia,36,35,3058,77.8,Guarani,Meio,,,,,1,0,2,0
2023,Willean Lepo,Novorizontino,RWB,Lateral,29,33,3055,78.7,Criciúma,Meio,544464,,,,1,1,2,0
2023,Reginaldo,Juventude,RB,Lateral,33,33,3040,76.8,Náutico,Sobe,329738,,,,1,1,2,0
2023,Gabriel,Mirassol,CF,Atacante,36,36,3014,77.7,Sporting Cristal,Meio,,,,,1,1,2,0
2023,Chico Kim,Mirassol,LW,Extremo,35,37,2964,76.4,Mirassol,Meio,349166,,,,1,1,1,0
2023,Sabino,Sport,LCB,Zaga,29,30,2952,78.0,São Paulo,Meio,546033,,,,1,2,2,1
2023,Vágner Love,Sport,CF,Atacante,42,33,2871,75.8,Retrô,Meio,18829,14.0,1,3.0,1,1,2,0
2023,Pedro Costa,Tombense,RB,Lateral,33,34,2853,73.4,Volta Redonda,Cai,539175,,,,1,1,1,0
2023,Luiz Fernando,Atlético-GO,LAMF,Extremo,29,35,2849,74.7,Fortaleza,Sobe,,,,,1,0,2,0
2023,Erick,Ceará,RAMF,Extremo,28,31,2848,72.7,Vitória,Meio,515638,,,,1,1,1,0
2023,Alan Ruschel,Juventude,LB,Lateral,36,32,2845,71.9,Juventude,Sobe,75080,,,,1,1,2,0
2023,Gustavo Henrique,Sampaio Corrêa,RCB,Zaga,26,29,2836,72.5,Portuguesa,Cai,745163,,,,1,1,1,0
2023,Lourenço,Vila Nova,LCMF,Meia,28,34,2817,72.1,Goiás,Meio,515068,,,,1,1,2,0
2023,Mário Sérgio,Ituano,LB,Lateral,32,31,2815,73.3,São Bernardo FC,Meio,184109,,,,1,1,2,0
2023,Lucas Lima,CRB,RCMF,Meia,26,35,2802,71.3,São Bernardo FC,Meio,688310,,,,1,1,1,0
2023,Marlon,Novorizontino,LCMF,Meia,36,36,2799,72.1,Grêmio Novorizontino,Meio,538234,,,,1,1,1,0
2023,Ralf,Vila Nova,RCMF,Meia,42,31,2798,71.6,Guarani,Meio,99903,,,,1,1,2,0
2023,Natanael,Avaí,LB,Lateral,35,31,2767,71.9,Joinville,Meio,322588,,,,1,1,1,0
2023,Bruno Tubarão,Atlético-GO,RB,Lateral,31,34,2767,72.5,Chapecoense,Sobe,550178,,,,1,1,2,0
2023,Anselmo Ramon,CRB,CF,Atacante,38,31,2764,70.3,Goiás,Meio,118007,,,,1,2,2,1
2023,Egídio,Tombense,LB,Lateral,40,33,2743,70.6,,Cai,54419,,,,1,1,1,0
2023,Neto Paraíba,Sampaio Corrêa,RCMF,Meia,34,33,2733,69.9,Operário PR,Cai,594650,,,,1,1,1,0
2023,Claudinho,Ituano,RCB,Zaga,36,29,2733,71.2,Marcílio Dias,Meio,,,,,1,0,2,0
2023,Paulinho Moccelin,Londrina,LAMF,Extremo,32,31,2726,70.4,Londrina,Cai,282502,,,,1,1,2,0
2023,Zé Marcos,Juventude,LCB,Zaga,28,29,2704,68.3,Sport Recife,Sobe,323850,,,,1,1,2,0
2023,Tárik,Botafogo-SP,LDMF,Volante,33,31,2702,69.8,Londrina,Meio,458115,,,,1,1,1,0
2023,Patrick Brey,Botafogo-SP,LB,Lateral,29,30,2687,69.4,Botafogo SP,Meio,435170,,,,1,1,1,0
2023,Bruno Nazário,Chapecoense,CF,Atacante,31,31,2668,67.4,Henan,Meio,250010,,,,1,1,2,0
2023,Ytalo,Sampaio Corrêa,CF,Atacante,38,31,2665,68.2,Joinville,Cai,70784,,,,1,1,2,0
2023,Heron,Atlético-GO,LCB,Zaga,26,30,2652,69.5,Londrina,Sobe,697401,,,,1,1,1,0
2023,Rafael Gava,Avaí,RCMF,Meia,33,30,2645,68.8,Botafogo SP,Meio,411563,,,,1,1,1,0
2023,Bruno José,Guarani,RAMF,Extremo,28,32,2645,69.2,Atlético GO,Meio,644210,,,,1,2,2,1
2023,Falcão,CRB,DMF,Volante,28,33,2643,67.2,Hapoel Tel Aviv,Meio,643195,,,,1,1,2,0
2023,Jean Carlos,Ceará,AMF,Meia,34,36,2641,67.4,Náutico,Meio,,,,,1,0,2,0
2023,Reverson,Novorizontino,LWB,Lateral,29,30,2605,67.1,CRB,Meio,642570,,,,1,1,2,0
2023,Filipinho,Ponte Preta,LDMF,Volante,24,30,2603,67.1,Athletico Paranaense,Meio,,,,,1,1,1,0
2023,César Martins,Novorizontino,CB,Zaga,33,27,2586,66.6,Criciúma,Meio,269467,,,,1,1,1,0
2023,Osvaldo,Vitória,RAMF,Extremo,39,31,2584,66.8,Vitória,Sobe,76191,,,,1,1,2,0
2023,Giovanni Pavani,Chapecoense,LCMF,Meia,29,32,2578,65.2,Ceará,Meio,976522,,,,1,1,2,0
2023,Rhaldney,Atlético-GO,RDMF,Volante,27,36,2576,67.5,Göztepe,Sobe,638269,,,,1,1,2,0
2023,Gustavo Coutinho,Atlético-GO,CF,Atacante,27,31,2565,67.2,Atlético GO,Sobe,612340,18.0,1,3.0,1,1,2,0
2023,Osman,Botafogo-SP,CF,Atacante,33,32,2554,66.0,Paulista,Meio,373194,,,,1,1,1,0
2023,Matheus Ribeiro,CRB,RB,Lateral,33,30,2522,64.1,Náutico,Meio,373299,,,,1,1,2,0
2023,Guilherme Biro,Mirassol,LB,Lateral,26,29,2519,64.9,Austin FC,Meio,740293,,,,1,1,1,0
2023,Douglas Baggio,Novorizontino,RWF,Extremo,31,36,2510,64.7,CRB,Meio,191872,,,,1,2,2,1
2023,Thalisson,Mirassol,RCB,Zaga,28,27,2506,64.6,Gençlerbirliği,Meio,323876,,,,1,1,1,0
2023,Aylon,Novorizontino,LWF,Extremo,34,35,2491,64.2,Operário PR,Meio,329845,,,,1,1,2,0
2023,Pegorari,Guarani,GK,Goleiro,35,26,2488,65.1,,Meio,213591,,,,1,1,2,0
2023,Fábio Sanches,Ponte Preta,LCB,Zaga,35,27,2486,64.1,Brasiliense,Meio,267464,,,,1,2,2,1
2023,Felipinho,Sport,LB,Lateral,29,33,2485,65.6,Sport Recife,Meio,,,,,1,0,1,0
2023,Matheus Barbosa,Guarani,RDMF,Volante,32,30,2464,64.5,Barra,Meio,181784,,,,1,1,2,0
2023,Gustavo Cazonatti,Chapecoense,RCMF,Meia,30,29,2458,62.1,Mirassol,Meio,520457,,,,1,1,2,0
2023,Caio Dantas,Vila Nova,CF,Atacante,33,32,2457,62.9,Operário PR,Meio,628647,,,,1,1,2,0
2023,Matheus Bueno,Guarani,LDMF,Volante,28,29,2450,64.1,Kashima Antlers,Meio,631112,,,,1,1,1,0
2023,Nenê,Juventude,AMF,Meia,44,28,2415,61.0,Botafogo PB,Sobe,29091,31.0,1,14.0,1,2,2,1
2023,Mateus Silva,Ponte Preta,RCB,Zaga,31,25,2412,62.2,Náutico,Meio,552237,,,,1,1,2,0
2023,Fabinho,Criciúma,RWF,Extremo,26,32,2408,61.1,Coritiba,Sobe,,,,,1,0,2,0
2023,Thassio,Botafogo-SP,RB,Lateral,25,30,2404,62.1,Ituano,Meio,740404,,,,1,1,2,0
2023,Ramon,ABC,RCMF,Meia,26,30,2404,61.7,Ypiranga Erechim,Cai,312684,,,,1,0,2,0
2023,Renan,Sport,GK,Goleiro,37,24,2376,62.7,Amazonas,Meio,68102,,,,1,1,2,0
2023,Diogo Silva,Botafogo-SP,RCB,Zaga,31,25,2366,61.1,,Meio,,,,,1,2,2,1
2023,Alan Santos,Guarani,RCB,Zaga,35,24,2361,61.8,Betim,Meio,113336,,,,1,1,1,0
2023,Luiz Otávio,Ceará,LCB,Zaga,37,23,2353,60.0,Ceará,Meio,,,,,1,1,2,0
2023,Roger Carvalho,Tombense,LCB,Zaga,39,24,2351,60.5,Tombense,Cai,112962,,,,1,2,2,1
2023,Marcel Scalese,Ituano,LCB,Zaga,30,27,2351,61.2,Port FC,Meio,,,,,1,1,1,0
2023,Lucas Freitas,Chapecoense,LCB,Zaga,25,23,2347,59.3,Vasco da Gama,Meio,809716,,,,0,0,1,0
2023,Ronaldo,Novorizontino,CF,Atacante,35,36,2346,60.4,Amazonas,Meio,,,,,1,1,2,0
2023,João Pedro,Tombense,RCMF,Meia,27,28,2331,60.0,Kyoto Sanga,Cai,,,,,1,1,1,0
2023,José Aldo,Ituano,LDMF,Volante,28,27,2327,60.6,Mirassol,Meio,,,,,1,1,1,0
2023,Jorginho,Sport,CF,Atacante,35,27,2325,61.4,Figueirense,Meio,155470,34.0,2,7.0,1,1,1,0
2023,David Ricardo,Ceará,LCB,Zaga,23,30,2319,59.2,Dinamo Moskva,Meio,985172,,,,0,0,1,0
2023,Léo Duarte,Vila Nova,RB,Lateral,27,29,2313,59.2,Barra,Meio,724670,,,,0,0,1,0
2023,Bruno Silva,Tombense,LDMF,Volante,39,25,2310,59.4,,Cai,,,,,0,0,2,0
2023,Bruninho,Guarani,AMF,Meia,26,33,2310,60.5,Maccabi Haifa,Meio,584083,,,,1,1,2,0
2023,Augusto,Tombense,RCB,Zaga,29,23,2308,59.4,São Bernardo FC,Cai,411663,,,,0,0,2,0
2023,Renato,CRB,LAMF,Extremo,36,30,2306,58.6,Santa Cruz,Meio,150511,,,,0,0,1,0
2023,Wellington,Avaí,DMF,Volante,35,25,2302,59.8,Maricá,Meio,74789,,,,0,0,2,0
2023,Warley,Ceará,RB,Lateral,26,28,2302,58.7,Atlético GO,Meio,,,,,0,0,2,0
2023,Ronaldo Henrique,Sport,LCMF,Meia,32,28,2254,59.5,Inter de Limeira,Meio,328758,,,,0,0,2,0
2023,Derek,Guarani,CF,Atacante,28,34,2252,59.0,Náutico,Meio,719251,,,,0,0,2,0
2023,Fernandão,Tombense,CF,Atacante,39,31,2245,57.8,,Cai,83886,,,,0,0,1,0
2023,David,Juventude,LW,Extremo,26,30,2243,56.7,Ponte Preta,Sobe,834462,,,,0,1,2,0
2023,Igor Bohn,Avaí,GK,Goleiro,30,22,2240,58.2,Avaí,Meio,530385,,,,0,0,1,0
2023,Iago Dias,Londrina,CF,Atacante,33,30,2234,57.7,Joinville,Cai,443239,,,,0,0,1,0
2023,Mateus Pivô,Sampaio Corrêa,RB,Lateral,28,28,2232,57.1,AVS ,Cai,978615,,,,0,0,1,0
2023,Roberto,Avaí,RCB,Zaga,28,24,2229,57.9,,Meio,,,,,0,0,2,0
2023,Pacheco,Ituano,RB,Lateral,35,28,2216,57.7,Noroeste,Meio,271608,92.0,1,40.0,0,0,2,0
2023,Felipe Amaral,Ponte Preta,RDMF,Volante,23,30,2215,57.1,América Mineiro,Meio,875994,,,,0,1,2,0
2023,Zeca,Vitória,RB,Lateral,32,26,2214,57.2,Athletic Club,Sobe,325196,,,,0,0,1,0
2023,Rodrigo Andrade,Vitória,LDMF,Volante,29,25,2208,57.1,São Bernardo FC,Sobe,435239,,,,0,0,2,0
2023,Luciano Juba,Sport,LW,Extremo,27,23,2203,58.2,Bahia,Meio,676035,6.0,1,1.0,0,1,2,0
2023,Bruno Leonardo,Chapecoense,RCB,Zaga,30,24,2199,55.6,Chapecoense,Meio,729587,,,,0,0,1,0
2023,Hélio Borges,Ituano,RAMF,Extremo,26,33,2186,56.9,Grêmio Novorizontino,Meio,730938,,,,0,0,2,0
2023,Ramon Menezes,CRB,LCB,Zaga,31,22,2186,55.6,Goiás,Meio,371025,,,,0,0,1,0
2023,Eliel,Ponte Preta,CF,Atacante,23,31,2185,56.3,Cuiabá,Meio,,,,,0,0,2,0
2023,Fabio Alemão,CRB,RCB,Zaga,29,24,2184,55.5,CRB,Meio,544254,,,,0,0,2,0
2023,Vini Paulista,Juventude,LCMF,Meia,25,28,2163,54.7,Coritiba,Sobe,876874,,,,0,0,1,0
2023,Neneca,Londrina,GK,Goleiro,22,21,2161,55.8,Santa Clara,Cai,983843,,,,0,0,1,0
2023,Hereda,CRB,RB,Lateral,27,28,2154,54.8,CRB,Meio,634139,,,,0,0,2,0
2023,N. Pessôa,Vila Nova,CF,Atacante,32,31,2139,54.7,Chapecoense,Meio,,,,,0,0,2,0
2023,Luiz Felipe,Ponte Preta,RB,Lateral,28,26,2105,54.3,Náutico,Meio,,,,,0,0,2,0
2023,Matheus Sales,Atlético-GO,LDMF,Volante,31,28,2102,55.1,Botafogo SP,Sobe,407654,,,,0,0,1,0
2023,Éder,Criciúma,CF,Atacante,39,26,2101,53.3,Criciuma U23,Sobe,37418,,,,0,0,1,0
2023,Léo Naldi,Ponte Preta,RW,Extremo,25,28,2097,54.1,Grêmio Novorizontino,Meio,859135,,,,0,1,2,0
2023,J. Victor,Guarani,LAMF,Extremo,27,33,2084,54.6,Daejeon Citizen,Meio,,,,,0,0,2,0
2023,Cristiano,Chapecoense,LB,Lateral,33,27,2083,52.6,Sporting Cristal,Meio,,,,,0,0,1,0
2023,Claudinho,Criciúma,RB,Lateral,25,32,2074,52.6,Vitória,Sobe,,,,,0,0,2,0
2023,Thales Oleques,Avaí,RB,Lateral,32,26,2069,53.8,XV de Piracicaba,Meio,290250,,,,0,0,1,0
2023,Fabinho,Sport,RCMF,Meia,39,27,2066,54.6,Santa Cruz,Meio,,,,,0,0,2,0
2023,Guilherme Romão,CRB,LB,Lateral,28,24,2058,52.3,Santa Clara,Meio,519879,,,,0,0,2,0
2023,Vitinho,Sampaio Corrêa,LB,Lateral,24,28,2057,52.6,Caxias,Cai,,,,,0,0,2,0
2023,Alan Costa,Avaí,RCB,Zaga,35,22,2050,53.3,,Meio,271860,,,,0,0,1,0
2023,Igor Inocêncio,Avaí,RB,Lateral,28,25,2044,53.1,Cuiabá,Meio,733578,,,,0,0,2,0
2023,Gedeílson,ABC,RB,Lateral,34,26,2029,52.0,,Cai,227319,,,,0,0,2,0
2023,Matheuzinho,Vitória,AMF,Meia,28,27,2009,51.9,Vitória,Sobe,365368,,,,0,0,2,0
2023,Felipe Saraiva,Ituano,LAMF,Extremo,28,28,1999,52.0,Inter de Limeira,Meio,523792,,,,0,0,2,0
2023,Bruno Ferreira,Ceará,GK,Goleiro,32,20,1999,51.0,Avaí,Meio,214701,,,,0,0,2,0
2023,Rafael Carvalheira,Ituano,RDMF,Volante,27,29,1985,51.7,Chapecoense,Meio,,,,,0,0,1,0
2023,Simão,ABC,GK,Goleiro,33,19,1961,50.3,Leixões,Cai,538253,,,,0,0,2,0
2023,Salatiel,Botafogo-SP,CF,Atacante,33,23,1956,50.5,Caxias,Meio,369240,,,,0,0,2,0
2023,Kelvin,Atlético-GO,RAMF,Extremo,29,30,1954,51.2,Botafogo SP,Sobe,638722,,,,0,0,1,0
2023,Habraão,ABC,LCB,Zaga,25,22,1953,50.1,Sport Recife,Cai,965630,,,,0,0,1,0
2023,Rodrigo Rodrigues,Juventude,CF,Atacante,30,20,1937,49.0,Coritiba,Sobe,638262,,,,0,0,2,0
2023,Fábio Matheus,Sport,RCMF,Meia,23,27,1923,50.8,Sport Recife,Meio,1087725,,,,0,0,1,0
2023,Matheus Anjos,ABC,CF,Atacante,27,26,1919,49.2,Caxias,Cai,520623,54.0,1,11.0,0,0,2,0
2023,Rodrigo Freitas,Chapecoense,RCB,Zaga,28,19,1906,48.2,,Meio,631785,,,,0,0,1,0
2023,Tiago Pagnussat,Ceará,RCB,Zaga,36,20,1905,48.6,Vila Nova,Meio,346729,,,,0,0,1,0
2023,Marcelinho,Tombense,LAMF,Extremo,23,35,1901,48.9,,Cai,,,,,0,0,2,0
2023,Ewerthon,Sport,RB,Lateral,25,27,1894,50.0,Atlético GO,Meio,676034,,,,0,0,2,0
2023,Rômulo,Criciúma,RCMF,Meia,30,31,1873,47.5,Nam Dinh,Sobe,,,,,0,0,2,0
2023,Jean Irmer,Juventude,RCMF,Meia,31,26,1871,47.3,Criciúma,Sobe,349826,,,,0,0,1,0
2023,Pimentinha,Sampaio Corrêa,RAMF,Extremo,38,23,1863,47.6,Maranhão,Cai,291342,,,,0,1,2,0
2023,Ligger,Novorizontino,LCB,Zaga,38,22,1857,47.8,Itabaiana,Meio,265837,16.0,1,3.0,0,1,2,0
2023,Dudu,Vitória,LCMF,Meia,27,20,1854,47.9,Vitória,Sobe,,,,,0,0,2,0
2023,Gustavo Salomão,Londrina,LB,Lateral,28,20,1846,47.7,Portuguesa,Cai,519885,86.0,1,13.0,0,0,1,0
2023,Fábio Lima,ABC,RW,Extremo,29,24,1834,47.0,Juventude,Cai,691861,,,,0,0,1,0
2023,Edinho,Sport,RW,Extremo,32,34,1825,48.2,,Meio,,,,,0,0,1,0
2023,Felipe Vizeu,Criciúma,CF,Atacante,29,27,1813,46.0,Avaí,Sobe,425462,,,,0,0,1,0
2023,Élvis,Ponte Preta,AMF,Meia,35,23,1798,46.4,Ponte Preta,Meio,76135,,,,0,0,2,0
2023,Renato Palm,Novorizontino,LCB,Zaga,34,20,1790,46.1,Grêmio Novorizontino,Meio,347285,,,,0,0,2,0
2023,Richardson,Ceará,RDMF,Volante,35,25,1786,45.6,Ceará,Meio,,,,,0,0,1,0
2023,Léo Gamalho,Vitória,CF,Atacante,40,23,1769,45.7,Avaí,Sobe,143817,,,,0,0,1,0
2023,Alyson,Sampaio Corrêa,LB,Lateral,30,25,1764,45.1,Amazonas,Cai,592364,,,,0,0,1,0
2023,Anderson Conceição,CRB,LCB,Zaga,36,20,1760,44.8,Figueirense,Meio,187759,,,,0,1,2,0
2023,Michael,ABC,GK,Goleiro,31,17,1756,45.0,Betim,Cai,579207,,,,0,0,1,0
2023,Alisson Farias,Chapecoense,LW,Extremo,30,24,1753,44.3,Rio Branco ES,Meio,366645,,,,0,0,2,0
2023,Juninho Valoura,CRB,LCMF,Meia,40,31,1736,44.2,,Meio,101542,,,,0,0,2,0
2023,Rafael Vaz,Londrina,LCB,Zaga,37,17,1734,44.8,,Cai,255805,,,,0,0,1,0
2023,Robinho,Sampaio Corrêa,LCMF,Meia,32,21,1730,44.2,Cascavel,Cai,,,,,0,0,2,0
2023,Romário,ABC,LB,Lateral,34,20,1725,44.2,Ceilândia,Cai,241354,,,,0,0,2,0
2023,Mancha,Chapecoense,LB,Lateral,25,19,1710,43.2,Chapecoense,Meio,871650,,,,0,0,1,0
2023,Thonny Anderson,ABC,CF,Atacante,28,23,1693,43.4,Tokushima Vortis,Cai,561214,,,,0,0,1,0
2023,Igor Henrique,Vila Nova,CF,Atacante,34,28,1688,43.2,Atlético GO,Meio,521074,,,,0,0,2,0
2023,Lucas Frigeri,Londrina,GK,Goleiro,37,17,1686,43.5,Arema,Cai,532752,,,,0,0,2,0
2023,Marcinho,Sampaio Corrêa,AMF,Meia,31,19,1681,43.0,Paysandu,Cai,,,,,0,0,2,0
2023,Luiz Felipe,Atlético-GO,RCB,Zaga,32,16,1675,43.9,Goiás,Sobe,,,,,0,0,2,0
2023,Lucas Gazal,Atlético-GO,RCB,Zaga,27,18,1673,43.8,Fortaleza,Sobe,863073,,,,0,0,1,0
2023,Ezequiel,Londrina,RB,Lateral,33,22,1670,43.1,Figueirense,Cai,,,,,0,0,2,0
2023,Rodrigo Soares,Atlético-GO,RB,Lateral,33,21,1656,43.4,Goiás,Sobe,388236,,,,0,0,1,0
2023,Rômulo,Novorizontino,LWF,Extremo,24,32,1654,42.6,Grêmio Novorizontino,Meio,,,,,0,0,2,0
2023,Janderson,Ceará,LAMF,Extremo,27,33,1654,42.2,Vila Nova,Meio,670940,,,,0,0,2,0
2023,Quirino,Ituano,CF,Atacante,32,30,1634,42.5,Caxias,Meio,538258,,,,0,0,2,0
2023,Rodrigo Sam,Mirassol,RCB,Zaga,31,23,1630,42.0,Juventude,Meio,363174,,,,0,0,1,0
2023,Luiz Henrique,Botafogo-SP,LAMF,Extremo,27,27,1614,41.7,Avaí,Meio,,,,,0,0,2,0
2023,Patrick,Londrina,LCB,Zaga,32,16,1610,41.6,Kanchanaburi Power,Cai,,,,,0,0,1,0
2023,Lucas Cardoso,Botafogo-SP,LW,Extremo,26,29,1586,41.0,Paysandu,Meio,931076,,,,0,0,1,0
2023,Moisés Gaúcho,Londrina,RDMF,Volante,31,24,1575,40.7,Bhayangkara F.C.,Cai,376867,,,,0,0,1,0
2023,Willian Maranhão,Ceará,LDMF,Volante,30,18,1575,40.2,Vila Nova,Meio,538107,,,,0,0,1,0
2023,Yann Rolim,Ituano,AMF,Meia,31,26,1568,40.8,Capital Brasilia,Meio,336724,,,,0,0,2,0
2023,Léo Pereira,CRB,LAMF,Extremo,26,22,1568,39.9,CSKA Sofia,Meio,726472,,,,0,0,1,0
2023,Bruno Mendes,Guarani,CF,Atacante,32,33,1561,40.9,Ratchaburi,Meio,216131,,,,0,0,1,0
2023,Jeh,Ponte Preta,CF,Atacante,26,18,1553,40.0,Partizan,Meio,1108966,,,,0,0,1,0
2023,Afonso,ABC,RCB,Zaga,32,16,1550,39.8,Floresta EC,Cai,215839,,,,0,0,1,0
2023,Eduardo,Avaí,LCMF,Meia,29,19,1546,40.2,Criciúma,Meio,,,,,0,0,2,0
2023,Railan,Vitória,RB,Lateral,26,24,1532,39.6,Cuiabá,Sobe,752558,,,,0,0,2,0
2023,Eduardo Person,Ituano,AMF,Meia,29,21,1523,39.7,América Mineiro,Meio,554298,,,,0,0,2,0
2023,Isaque,Guarani,AMF,Meia,29,30,1522,39.8,Guarani,Meio,627099,,,,0,0,2,0
2023,Kevin,Tombense,RB,Lateral,28,26,1521,39.1,CRB,Cai,520430,23.0,1,3.0,0,0,2,0
2023,Guilherme Santos,Tombense,LB,Lateral,38,23,1519,39.1,Portuguesa RJ,Cai,,,,,0,0,2,0
2023,Baralhas,Atlético-GO,RDMF,Volante,27,16,1514,39.7,Vitória,Sobe,552242,,,,0,0,1,0
2023,Zé Hugo,Vitória,LAMF,Extremo,26,34,1513,39.1,Botafogo SP,Sobe,940479,,,,0,0,1,0
2023,Ronei,Chapecoense,RB,Lateral,28,19,1512,38.2,Caxias,Meio,626138,,,,0,1,2,0
2023,Lucas Esteves,Atlético-GO,LB,Lateral,26,16,1507,39.5,Atlético de San Luis,Sobe,688668,13.0,1,14.0,0,0,1,0
2023,Caíque,Ceará,RB,Lateral,30,20,1500,38.3,Vitória,Meio,,,,,0,0,2,0
2023,Waguininho,Avaí,RWF,Extremo,36,22,1500,39.0,Criciúma,Meio,346923,,,,0,0,2,0
2023,Nicolas,Ceará,CF,Atacante,36,31,1500,38.3,Criciúma,Meio,186408,,,,0,0,2,0
2023,Chay,Ceará,AMF,Meia,35,22,1492,38.1,,Meio,766381,,,,0,0,2,0
2023,Marcelo,Vitória,LB,Lateral,27,19,1490,38.5,Confiança,Sobe,,,,,0,0,2,0
2023,Yuri Lima,Mirassol,LDMF,Volante,31,22,1488,38.3,Primavera SP,Meio,446408,,,,0,0,1,0
2023,Bruno Vinicius,Chapecoense,LCMF,Meia,23,26,1488,37.6,Maguary PE,Meio,929154,,,,0,0,1,0
2023,Zé Roberto,Mirassol,CF,Atacante,32,19,1484,38.2,Sport Recife,Meio,305428,,,,0,0,1,0
2023,Marcinho,Chapecoense,LW,Extremo,31,21,1483,37.5,Chapecoense,Meio,,,,,0,0,2,0
2023,Wellington Nem,Vitória,AMF,Meia,34,25,1477,38.2,,Sobe,121988,,,,0,0,1,0
2023,Fernandinho,Mirassol,LW,Extremo,29,31,1476,38.0,Mirassol,Meio,442818,,,,0,0,2,0
2023,Éverton Brito,Vila Nova,RW,Extremo,31,26,1466,37.5,América Mineiro,Meio,553563,,,,0,0,2,0
2023,Rafael Pereira,Ituano,LCB,Zaga,41,19,1465,38.1,,Meio,58362,,,,0,1,2,0
2023,Alex Sandro,Tombense,CF,Atacante,31,27,1453,37.4,Santa Cruz,Cai,552892,,,,0,0,2,0
2023,Ramon,Ponte Preta,RDMF,Volante,29,25,1449,37.4,,Meio,312684,,,,0,0,2,0
2023,Felipe Albuquerque,Chapecoense,RB,Lateral,26,22,1443,36.5,Caxias,Meio,555012,,,,0,0,2,0
2023,Kayke,Chapecoense,CF,Atacante,38,24,1441,36.4,Figueirense,Meio,55378,,,,0,0,2,0
2023,Alix,Atlético-GO,LCB,Zaga,26,18,1439,37.7,Red Bull Bragantino,Sobe,880217,,,,0,0,1,0
2023,Bruno Cortez,Avaí,LB,Lateral,39,19,1436,37.3,,Meio,182216,,,,0,0,1,0
2023,Matheus Jesus,Ponte Preta,AMF,Meia,29,16,1432,36.9,V-Varen Nagasaki,Meio,435331,,,,0,0,1,0
2023,Felipe Silva,Avaí,LCB,Zaga,24,15,1431,37.2,Porto II,Meio,908236,,,,0,0,1,0
2023,Fabrício,ABC,LCB,Zaga,36,16,1430,36.7,Volta Redonda,Cai,86917,,,,0,0,2,0
2023,Iury,Ituano,RB,Lateral,34,19,1428,37.2,Amazonas,Meio,612161,,,,0,0,1,0
2023,Weverton,Ponte Preta,RB,Lateral,27,21,1427,36.8,Londrina,Meio,580572,,,,0,0,2,0
2023,Sousa,Vila Nova,LCMF,Meia,31,28,1419,36.3,Persija,Meio,592343,,,,0,0,2,0
2023,Marcos Pedro,Londrina,LB,Lateral,24,17,1417,36.6,,Cai,884071,,,,0,0,1,0
2023,Lucas Dias,Botafogo-SP,RCB,Zaga,31,17,1400,36.2,Figueirense,Meio,642014,,,,0,0,2,0
2023,Guilherme Castilho,Ceará,AMF,Meia,26,26,1400,35.7,Juárez,Meio,726005,,,,0,0,1,0
2023,Carlos Manuel,Botafogo-SP,LCMF,Meia,26,26,1383,35.7,XV de Piracicaba,Meio,1090243,,,,0,0,1,0
2023,Cristovam,Criciúma,RB,Lateral,35,26,1380,35.0,Cianorte,Sobe,278402,,,,0,0,2,0
2023,Gabriel Furtado,Sampaio Corrêa,LCB,Zaga,26,16,1372,35.1,Anorthosis,Cai,520626,,,,0,0,2,0
2023,Mateus Gonçalves,Vitória,LAMF,Extremo,31,19,1370,35.4,,Sobe,352890,,,,0,0,1,0
2023,Higor Leite,Londrina,AMF,Meia,33,21,1362,35.2,ASA,Cai,211094,,,,0,0,1,0
2023,Maílton,Ponte Preta,RB,Lateral,28,28,1358,35.0,Fortaleza,Meio,607210,,,,0,0,2,0
2023,Edson,Ponte Preta,RCB,Zaga,24,16,1356,35.0,Guarani,Meio,1115490,,,,0,0,1,0
2023,Léo Santos,Ceará,DMF,Volante,27,19,1353,34.5,Nacional,Meio,351894,,,,0,0,2,0
2023,Régis,Guarani,AMF,Meia,33,28,1352,35.4,Santa Cruz,Meio,272554,,,,0,0,1,0
2023,Richard,Ceará,GK,Goleiro,35,13,1349,34.4,Ceará,Meio,1096607,,,,0,0,1,0
2023,Marquinhos Gabriel,Criciúma,AMF,Meia,35,23,1347,34.2,Vila Nova,Sobe,100091,,,,0,0,2,0
2023,Maurício Maranhão,Sampaio Corrêa,RDMF,Volante,27,23,1347,34.5,Maranhão,Cai,865095,,,,0,0,2,0
2023,Ferreira,Sampaio Corrêa,RCMF,Meia,40,17,1339,34.2,North Esporte Clube,Cai,358575,,,,0,0,2,0
2023,Vinícius Alves,Sampaio Corrêa,CF,Atacante,26,23,1336,34.2,ASA,Cai,698821,,,,0,0,1,0
2023,Mandaca,Juventude,LCMF,Meia,24,23,1320,33.4,Juventude,Sobe,892091,,,,0,0,2,0
2023,Gabriel Poveda,Avaí,CF,Atacante,27,19,1313,34.1,Remo,Meio,592346,,,,0,1,2,0
2023,Renato Alves,Atlético-GO,LDMF,Volante,34,16,1310,34.3,Aparecidense,Sobe,138446,,,,0,0,1,0
2023,Wallace,ABC,LCMF,Meia,25,19,1304,33.4,Piauí,Cai,740167,,,,0,0,2,0
2023,Paulo Victor,Ceará,LB,Lateral,25,15,1293,33.0,Querétaro,Meio,,,,,0,0,2,0
2023,Paulo Victor,Ituano,CF,Atacante,25,15,1289,33.6,América Mineiro,Meio,,,,,0,0,2,0
2023,Kleiton,Tombense,LW,Extremo,27,20,1273,32.8,Paysandu,Cai,,,,,0,0,2,0
2023,Jhonnathan,ABC,LB,Lateral,25,15,1272,32.6,Figueirense,Cai,816145,,,,0,0,1,0
2023,Gegé,Vitória,LDMF,Volante,32,28,1267,32.7,Goiás,Sobe,299596,,,,0,1,2,0
2023,Wesley Pomba,Ituano,LAMF,Extremo,24,18,1265,32.9,Veres,Meio,574774,,,,0,0,2,0
2023,Paulo Sérgio,ABC,CF,Atacante,37,18,1257,32.2,Náutico,Cai,53019,,,,0,0,2,0
2023,Cristian Renato,Mirassol,CF,Atacante,26,32,1246,32.1,Busan I'Park,Meio,1004065,,,,0,0,1,0
2023,Airton,Atlético-GO,RAMF,Extremo,27,29,1236,32.4,Anyang,Sobe,377799,42.0,1,7.0,0,1,2,0
2023,Hygor,Criciúma,CF,Atacante,33,19,1232,31.3,Botafogo SP,Sobe,419474,,,,0,0,2,0
2023,Pablo Dyego,Ponte Preta,LAMF,Extremo,32,16,1220,31.5,Londrina,Meio,264343,,,,0,0,2,0
2023,Richardson,ABC,LCB,Zaga,34,14,1219,31.3,Capital Brasilia,Cai,,,,,0,0,1,0
2023,Pará,Sampaio Corrêa,LB,Lateral,38,15,1211,31.0,Monsoon FC,Cai,92898,,,,0,0,2,0
2023,Felipe Ferreira,Chapecoense,RW,Extremo,32,26,1211,30.6,Ypiranga Erechim,Meio,420159,,,,0,0,2,0
2023,Bruno Matias,Tombense,RCMF,Meia,27,12,1207,31.1,Chapecoense,Cai,671292,,,,0,0,2,0
2023,Léo Tocantins,Novorizontino,LWB,Lateral,27,21,1203,31.0,Atlético GO,Meio,739249,,,,0,0,2,0
2023,Manoel,Mirassol,LB,Lateral,30,18,1196,30.8,Itabaiana,Meio,519870,,,,0,1,2,0
2023,Saimon,CRB,RCB,Zaga,35,18,1189,30.2,Botafogo PB,Meio,104544,,,,0,1,2,0
2023,Nathan Melo,ABC,LCMF,Meia,25,16,1188,30.5,Guarani,Cai,880248,,,,0,0,1,0
2023,Marthã,Ituano,LCMF,Meia,29,17,1184,30.8,Ituano,Meio,598972,,,,0,0,2,0
2023,William Pottker,Avaí,RW,Extremo,32,12,1179,30.6,Londrina,Meio,199472,,,,0,0,1,0
2023,Neto Moura,Mirassol,RCMF,Meia,29,14,1177,30.3,Mirassol,Meio,329843,,,,0,1,2,0
2023,Keké,Tombense,RW,Extremo,30,22,1165,30.0,Joinville,Cai,404199,,,,0,0,2,0
2023,Wálber,Guarani,RCB,Zaga,29,13,1162,30.4,Persebaya Surabaya,Meio,540950,,,,0,0,2,0
2023,Iury,Vitória,CF,Atacante,30,15,1160,30.0,Sport Recife,Sobe,612161,,,,0,0,1,0
2023,Welliton Matheus,ABC,RW,Extremo,26,21,1154,29.6,Fortaleza,Cai,,,,,0,0,1,0
2023,Edimar,CRB,LB,Lateral,40,17,1153,29.3,,Meio,74314,,,,0,1,2,0
2023,Luiz Gustavo,Juventude,RCB,Zaga,32,14,1146,29.0,,Sobe,225640,,,,0,0,1,0
2023,Felipe Garcia,ABC,CF,Atacante,35,13,1142,29.3,São Bernardo FC,Cai,,,,,0,0,2,0
2023,Ruan,Juventude,LW,Extremo,21,33,1140,28.8,Alanyaspor,Sobe,1053933,,,,0,0,2,0
2023,Rômulo Souza,CRB,CF,Atacante,31,25,1140,29.0,,Meio,349515,,,,0,0,1,0
2023,Juan Christian,Vila Nova,RAMF,Extremo,25,16,1139,29.2,Riga FC,Meio,1010016,,,,0,0,2,0
2023,Jáderson,Tombense,RAMF,Extremo,26,26,1139,29.3,Remo,Cai,653349,,,,0,0,2,0
2023,Wenderson,Guarani,RCMF,Meia,28,22,1138,29.8,Náutico,Meio,524404,,,,0,0,1,0
2023,Thiago Conti,Ituano,RDMF,Volante,29,18,1132,29.5,Portuguesa,Meio,,,,,0,0,1,0
2023,Igor Cariús,Sport,LB,Lateral,33,15,1131,29.9,Mirassol,Meio,520480,,,,0,0,1,0
2023,Ygor Vinhas,Avaí,GK,Goleiro,32,11,1131,29.4,Remo,Meio,555201,,,,0,0,1,0
2023,Jean Victor,Botafogo-SP,LB,Lateral,32,17,1130,29.2,Volta Redonda,Meio,380066,,,,0,0,1,0
2023,Wellington Reis,ABC,LCMF,Meia,34,19,1130,29.0,ABC,Cai,349366,,,,0,0,1,0
2023,Ariel,Londrina,AMF,Meia,27,17,1128,29.1,Atlético GO,Cai,980864,,,,0,0,1,0
2023,Eduardo,Sport,RB,Lateral,39,17,1124,29.7,,Meio,,,,,0,0,2,0
2023,João Victor,Vitória,RCB,Zaga,29,16,1116,28.8,Mirassol,Sobe,,,,,0,0,2,0
2023,Gabriel Taliari,Juventude,CF,Atacante,29,11,1113,28.1,Remo,Sobe,585876,,,,0,0,2,0
2023,F. Labandeira,Sport,RW,Extremo,30,20,1112,29.4,Wanderers,Meio,,,,,0,0,2,0
2023,Wesley Marth,Tombense,RCB,Zaga,26,13,1111,28.6,América Mineiro,Cai,,,,,0,0,1,0
2023,Danilo Barcelos,Ceará,LB,Lateral,34,15,1110,28.3,Ponte Preta,Meio,271666,,,,0,0,1,0
2023,Paulo Baya,Ponte Preta,LAMF,Extremo,27,24,1110,28.6,Fortaleza,Meio,853529,,,,0,0,2,0
2023,Marcelinho,Vila Nova,RB,Lateral,27,21,1104,28.3,Remo,Meio,,,,,0,0,2,0
2023,Matheus Cadorini,Ituano,CF,Atacante,23,18,1096,28.5,Portuguesa,Meio,868060,,,,0,0,1,0
2023,Fabrício Daniel,Sport,CF,Atacante,28,23,1092,28.8,São Bernardo FC,Meio,787269,,,,0,0,1,0
2023,Lucas Araújo,Guarani,RDMF,Volante,27,25,1090,28.5,Botev Plovdiv,Meio,555018,,,,0,0,2,0
2023,Alexis Alvariño,Guarani,RCB,Zaga,25,13,1083,28.4,Grêmio Novorizontino,Meio,911994,,,,0,0,2,0
2023,Edson Cariús,Botafogo-SP,CF,Atacante,37,19,1070,27.6,Linense,Meio,639285,,,,0,0,1,0
2023,Matheus Vargas,Juventude,AMF,Meia,30,22,1059,26.8,Paysandu,Sobe,379198,,,,0,0,1,0
2023,Cristiano,Vila Nova,RCMF,Meia,26,18,1056,27.0,Atlético GO,Meio,,,,,0,0,1,0
2023,Jefferson,Atlético-GO,LB,Lateral,29,13,1052,27.6,Persebaya Surabaya,Sobe,,,,,0,0,2,0
2023,Rodrigo,Londrina,RCMF,Meia,24,16,1050,27.1,Nacional AM,Cai,,,,,0,0,2,0
2023,Felipinho,Avaí,LW,Extremo,24,24,1049,27.3,Tombense,Meio,,,,,0,0,1,0
2023,Dênis,Sport,GK,Goleiro,39,10,1043,27.5,Sport Recife,Meio,75102,125.0,2,180.0,0,0,2,0
2023,Edson Carioca,Botafogo-SP,RW,Extremo,29,29,1043,26.9,Mirassol,Meio,794925,,,,0,0,2,0
2023,Zé Ricardo,Ceará,RDMF,Volante,30,17,1040,26.5,Avaí,Meio,,,,,0,1,2,0
2023,Wallyson,ABC,CF,Atacante,37,15,1034,26.5,ABC,Cai,68465,,,,0,0,1,0
2023,William Barbio,Londrina,RAMF,Extremo,33,12,1024,26.4,Amazonas,Cai,188959,,,,0,0,1,0
2023,E. Pulga,Ceará,LW,Extremo,25,18,1021,26.1,Bahia,Meio,,,,,0,0,1,0
2023,Kelvyn,Juventude,LB,Lateral,27,16,1019,25.8,Confiança,Sobe,716388,,,,0,0,1,0
2023,Chico,Sport,LCB,Zaga,27,11,1018,26.9,Hapoel Tel Aviv,Meio,612342,,,,0,0,2,0
2023,Yan Souto,Vitória,RCB,Zaga,24,14,1017,26.3,Botafogo PB,Sobe,979629,,,,0,0,1,0
2023,Vidal,Botafogo-SP,RB,Lateral,30,16,1015,26.2,Inter de Limeira,Meio,527047,,,,0,0,1,0
2023,Miquéias,Criciúma,DMF,Volante,24,18,1011,25.7,Kaisar,Sobe,973707,,,,0,0,2,0
2023,Jenison,Novorizontino,CF,Atacante,35,31,1011,26.0,Mixto,Meio,177381,,,,0,0,2,0
2023,Camilo,Mirassol,CF,Atacante,40,32,1011,26.0,Paulista,Meio,74286,,,,0,0,1,0
2023,Bissoli,Ceará,CF,Atacante,28,17,1008,25.7,Buriram United,Meio,553458,31.0,1,26.0,0,0,1,0
2023,Ícaro,Sampaio Corrêa,RCB,Zaga,33,10,998,25.5,Confiança,Cai,373256,,,,0,0,1,0
2023,Jean Cléber,Avaí,RCMF,Meia,36,19,997,25.9,CSE,Meio,187697,,,,0,0,1,0
2023,Dudu Vieira,Chapecoense,RCMF,Meia,32,16,991,25.0,XV de Piracicaba,Meio,519877,,,,0,0,2,0
2023,Giovanni Augusto,Vitória,AMF,Meia,36,20,986,25.5,Chapecoense,Sobe,125513,,,,0,1,2,0
2023,Roberto,Novorizontino,LWB,Lateral,35,13,977,25.2,Caxias,Meio,,,,,0,0,2,0
2023,Ericson,Botafogo-SP,RB,Lateral,27,12,972,25.1,Botafogo SP,Meio,555017,,,,0,0,1,0
2023,Felipe,Sport,LCMF,Meia,32,15,963,25.4,Liaoning Tieren,Meio,508930,,,,0,0,2,0
2023,Felipe,Vitória,LB,Lateral,27,14,960,24.8,Botafogo SP,Sobe,508930,,,,0,0,2,0
2023,Gabriel Lacerda,Ceará,LCB,Zaga,27,10,952,24.3,Londrina,Meio,742855,,,,0,0,1,0
2023,Rafael Longuine,CRB,LCMF,Meia,36,26,949,24.1,Primavera SP,Meio,214527,,,,0,0,2,0
2023,M. Antônio,Chapecoense,LW,Extremo,28,26,942,23.8,Inter de Limeira,Meio,,,,,0,0,2,0
2023,Joécio,Sampaio Corrêa,LCB,Zaga,40,11,942,24.1,Sampaio Corrêa,Cai,541230,,,,0,0,2,0
2023,Gum,CRB,RCB,Zaga,40,15,940,23.9,,Meio,45591,,,,0,1,2,0
2023,Richard,Ituano,LB,Lateral,21,12,939,24.4,Ituano,Meio,1096607,,,,0,0,1,0
2023,Rafael Jansen,Sampaio Corrêa,LCB,Zaga,37,10,933,23.9,América RN,Cai,553684,,,,0,0,1,0
2023,Victor Ramos,Chapecoense,LCB,Zaga,37,9,930,23.5,Juazeirense,Meio,93178,,,,0,1,2,0
2023,Ronald,Vila Nova,RW,Extremo,29,22,930,23.8,Santa Cruz,Meio,612706,,,,0,0,2,0
2023,A. Ruiz,Sport,LWF,Extremo,33,17,929,24.5,Nueva Chicago,Meio,,,,,0,0,1,0
2023,Alex Silva,ABC,RB,Lateral,32,10,918,23.5,América Mineiro,Cai,277713,,,,0,1,2,0
2023,Saulo Mineiro,Ceará,CF,Atacante,29,14,915,23.3,Shanghai Shenhua,Meio,553727,16.0,1,14.0,0,0,1,0
2023,Felipe Marques,Novorizontino,RWF,Extremo,36,24,915,23.6,North Esporte Clube,Meio,538236,,,,0,0,1,0
2023,Dani Bolt,Juventude,RB,Lateral,27,15,915,23.1,Johor Darul Ta'zim,Sobe,735790,,,,0,0,1,0
2023,Jhony Douglas,Sampaio Corrêa,LDMF,Volante,29,15,908,23.2,Floresta EC,Cai,468167,,,,0,0,2,0
2023,Rayan,Criciúma,LCB,Zaga,36,12,902,22.9,CSA,Sobe,75378,,,,0,0,2,0
2023,Rodolfo,Novorizontino,CF,Atacante,34,20,894,23.0,Botafogo PB,Meio,374097,,,,0,0,2,0
2023,Romércio,Juventude,RCB,Zaga,29,10,891,22.5,Mixto,Sobe,524602,81.0,1,43.0,0,0,1,0
2023,Kauan,Mirassol,CF,Atacante,24,16,886,22.8,,Meio,796784,,,,0,0,1,0
2023,Alemão,ABC,RB,Lateral,36,12,886,22.7,,Cai,374096,,,,0,0,1,0
2023,Carlinhos,Botafogo-SP,RCB,Zaga,31,9,874,22.6,Grêmio Novorizontino,Meio,683337,,,,0,0,1,0
2023,Willian Formiga,Ceará,LB,Lateral,31,14,863,22.0,Vila Nova,Meio,477621,,,,0,1,2,0
2023,Welder,Vitória,CF,Atacante,31,20,863,22.3,Confiança,Sobe,551584,,,,0,0,1,0
2023,Jonathan Costa,Avaí,LCB,Zaga,31,11,862,22.4,Guarani,Meio,355471,,,,0,0,1,0
2023,Léo Morais,Londrina,RB,Lateral,34,10,845,21.8,,Cai,150085,,,,0,0,1,0
2023,Léo Costa,Criciúma,RCMF,Meia,30,19,845,21.4,Santa Cruz,Sobe,792344,,,,0,0,2,0
2023,Maycon Douglas,ABC,LW,Extremo,30,22,842,21.6,Juventus,Cai,554061,,,,0,0,2,0
2023,Denílson,Avaí,CF,Atacante,31,10,839,21.8,,Meio,981494,,,,0,0,2,0
2023,Barreto,Criciúma,DMF,Volante,30,11,839,21.3,,Sobe,,,,,0,0,1,0
2023,Douglas Bacelar,Avaí,RCB,Zaga,36,13,833,21.7,Figueirense,Meio,,,,,0,0,1,0
2023,Tales,Ponte Preta,RAMF,Extremo,27,15,833,21.5,,Meio,867905,,,,0,0,1,0
2023,Victor Ferraz,Chapecoense,RW,Extremo,38,11,829,21.0,Serra Branca EC,Meio,153905,,,,0,1,2,0
2023,Diego Jardel,Londrina,AMF,Meia,36,15,826,21.3,Betim,Cai,269441,,,,0,0,2,0
2023,Robinho,Botafogo-SP,RAMF,Extremo,31,11,821,21.2,Santa Cruz,Meio,,,,,0,0,2,0
2023,Dodô,Atlético-GO,AMF,Meia,31,14,803,21.0,Vila Nova,Sobe,281837,,,,0,0,2,0
2023,Jean Lucas,Avaí,LWF,Extremo,31,9,797,20.7,Avaí,Meio,532828,,,,0,1,2,0
2023,Tony,Guarani,GK,Goleiro,33,8,794,20.8,Athletic Club,Meio,,,,,0,0,2,0
2023,Victor Souza,Botafogo-SP,GK,Goleiro,33,8,793,20.5,Botafogo SP,Meio,628522,28.0,1,38.0,0,0,2,0
2023,Jonathan,Criciúma,RB,Lateral,33,18,792,20.1,Botafogo SP,Sobe,147366,,,,0,0,2,0
2023,U. Clinton,Londrina,LAMF,Extremo,24,18,789,20.4,Brusque,Cai,,,,,0,0,1,0
2023,Jonas Toró,Botafogo-SP,LW,Extremo,27,16,786,20.3,Botafogo PB,Meio,575375,,,,0,0,1,0
2023,Guilherme Mantuan,Botafogo-SP,RCMF,Meia,28,12,777,20.1,Novo Hamburgo,Meio,477461,,,,0,0,1,0
2023,Geovane,ABC,RCB,Zaga,29,10,767,19.7,Cascavel,Cai,,,,,0,1,2,0
2023,Mikael,Sampaio Corrêa,LDMF,Volante,33,12,765,19.6,,Cai,804900,,,,0,0,1,0
2023,Igor Torres,Ponte Preta,CF,Atacante,26,20,765,19.7,Portuguesa,Meio,823291,,,,0,0,2,0
2023,Ricardinho,Novorizontino,RCMF,Meia,37,19,763,19.7,Ferroviária,Meio,72438,,,,0,0,2,0
2023,Jatobá,Londrina,RCMF,Meia,30,11,761,19.7,Port FC,Cai,,,,,0,0,1,0
2023,Ivonei,Botafogo-SP,CF,Atacante,24,17,759,19.6,Al Bataeh,Meio,627232,,,,0,0,1,0
2023,Zé Vitor,Tombense,LCB,Zaga,25,13,752,19.4,Nacional,Cai,,,,,0,0,2,0
2023,Eloir,Sampaio Corrêa,LCMF,Meia,38,18,749,19.2,Iape,Cai,346868,,,,0,0,2,0
2023,Leandro Vilela,Mirassol,DMF,Volante,31,13,745,19.2,Atlético GO,Meio,347090,,,,0,1,2,0
2023,Peu,Londrina,RAMF,Extremo,23,17,743,19.2,Paysandu,Cai,1042361,,,,0,0,2,0
2023,Ednei,Tombense,RCB,Zaga,35,8,742,19.1,,Cai,178841,,,,0,0,2,0
2023,Henrique Dourado,Chapecoense,CF,Atacante,36,13,742,18.8,Botafogo PB,Meio,270959,,,,0,0,1,0
2023,Erick Farias,Juventude,CF,Atacante,29,13,738,18.7,Ulsan Hyundai,Sobe,535037,,,,0,0,2,0
2023,Luciano Naninho,Vila Nova,AMF,Meia,34,23,735,18.8,Volta Redonda,Meio,681813,,,,0,0,1,0
2023,Daniel Amorim,Tombense,CF,Atacante,36,19,733,18.9,São Bernardo FC,Cai,490613,,,,0,0,2,0
2023,Dentinho,Avaí,RAMF,Extremo,29,14,731,19.0,Guarani,Meio,980005,,,,0,0,2,0
2023,Chrystian Barletta,Ceará,RWF,Extremo,25,11,731,18.7,Sport Recife,Meio,695232,,,,0,0,2,0
2023,Anderson,ABC,LW,Extremo,27,14,728,18.7,Manaus,Cai,980731,,,,0,0,1,0
2023,Ribamar,Chapecoense,CF,Atacante,29,11,725,18.3,Da Nang,Meio,423839,,,,0,0,2,0
2023,Alexandre Jesus,Tombense,RW,Extremo,24,12,723,18.6,Orenburg,Cai,739439,,,,0,0,1,0
2023,Raul Prata,Novorizontino,RWB,Lateral,39,10,721,18.6,Luverdense,Meio,347283,,,,0,1,2,0
2023,Marco Antônio,Vitória,RCMF,Meia,25,12,718,18.6,Floresta EC,Sobe,,,,,0,0,2,0
2023,Thomás Kayck,Ponte Preta,LCB,Zaga,30,12,716,18.5,Juventus,Meio,726088,,,,0,0,1,0
2023,Genílson,ABC,RCB,Zaga,35,8,714,18.3,Brasiliense,Cai,175395,,,,0,0,1,0
2023,Zé Mateus,Novorizontino,RWB,Lateral,31,14,704,18.1,Capital Brasilia,Meio,684378,,,,0,0,2,0
2023,Matheus Trindade,Vitória,RDMF,Volante,30,12,701,18.1,Operário PR,Sobe,395060,,,,0,0,2,0
2023,S. Tréllez,Vitória,CF,Atacante,36,12,701,18.1,Deportivo Pasto,Sobe,,,,,0,0,1,0
2023,Pierre,Tombense,LCMF,Meia,24,15,699,18.0,Fortaleza,Cai,802646,,,,0,0,1,0
2023,Daniel,ABC,RCMF,Meia,30,11,698,17.9,Votuporanguense,Cai,,,,,0,0,1,0
2023,Luiz Otávio,Sampaio Corrêa,RCMF,Meia,29,14,697,17.8,Cuiabá,Cai,,,,,0,1,2,0
2023,Vitor Gabriel,Ceará,CF,Atacante,26,10,696,17.8,Bucheon 1995,Meio,575373,,,,0,0,1,0
2023,Rafael Ribeiro,Chapecoense,RCB,Zaga,30,9,686,17.3,SC Delhi,Meio,519867,,,,0,0,1,0
2023,Alisson Cassiano,Sport,RCB,Zaga,32,10,685,18.1,Brusque,Meio,542615,,,,0,0,2,0
2023,Anderson Leite,CRB,RCMF,Meia,33,16,683,17.4,Muharraq,Meio,376640,,,,0,0,1,0
2023,Zé Vitor,Londrina,CF,Atacante,27,12,680,17.6,Nanjing City,Cai,,,,,0,0,2,0
2023,Xavier,Avaí,DMF,Volante,26,17,678,17.6,Portimonense,Meio,596426,,,,0,0,1,0
2023,João Paulo,Chapecoense,GK,Goleiro,25,7,676,17.1,Bregenz,Meio,,,,,0,0,2,0
2023,Douglas Borel,Chapecoense,RB,Lateral,24,12,673,17.0,UD Oliveirense,Meio,647540,,,,0,0,2,0
2023,Hélder Santos,Criciúma,LB,Lateral,37,15,671,17.0,,Sobe,73964,,,,0,0,2,0
2023,Julimar,Mirassol,RW,Extremo,25,19,671,17.3,Athletico Paranaense,Meio,593205,,,,0,0,1,0
2023,Lucas Siqueira,Ituano,LDMF,Volante,37,18,671,17.5,,Meio,350279,,,,0,1,2,0
2023,Robinho,Sampaio Corrêa,AMF,Meia,37,7,669,17.1,Sampaio Corrêa,Cai,,,,,0,0,2,0
2023,Bruno Silva,CRB,RW,Extremo,26,18,659,16.8,Suwon Bluewings,Meio,,,,,0,0,2,0
2023,André Felipe,Ponte Preta,CF,Atacante,35,10,657,16.9,,Meio,104509,,,,0,0,1,0
2023,Mike,CRB,RAMF,Extremo,33,10,655,16.7,Capivariano,Meio,,,,,0,0,1,0
2023,Emerson Santos,Atlético-GO,LCB,Zaga,31,14,652,17.1,América Mineiro,Sobe,131028,,,,0,0,2,0
2023,Tite,Juventude,CF,Atacante,24,13,651,16.5,,Sobe,688076,,,,0,0,1,0
2023,Henrique Almeida,Vila Nova,CF,Atacante,35,15,645,16.5,Gama,Meio,103743,,,,0,0,1,0
2023,Kaio Mendes,Chapecoense,RB,Lateral,31,12,642,16.2,,Meio,405727,,,,0,1,2,0
2023,Henrique,Sampaio Corrêa,LAMF,Extremo,33,12,638,16.3,Ypiranga Erechim,Cai,226141,,,,0,0,1,0
2023,S. Patiño,Avaí,CF,Atacante,29,12,637,16.6,San Antonio,Meio,,,,,0,0,1,0
2023,Richard Rodrigues,Chapecoense,LAMF,Extremo,26,12,637,16.1,Água Santa,Meio,,,,,0,0,2,0
2023,Frazan,Ituano,RCB,Zaga,30,9,633,16.5,Birkirkara,Meio,522979,,,,0,0,2,0
2023,Peglow,Sport,LW,Extremo,24,12,628,16.6,DC United,Meio,627227,11.0,1,1.0,0,0,1,0
2023,Auremir,CRB,LDMF,Volante,34,18,621,15.8,Náutico,Meio,151505,,,,0,0,1,0
2023,Edson Lucas,Vitória,LB,Lateral,25,8,620,16.0,Sport Recife,Sobe,886688,,,,0,0,2,0
2023,Fellipe Bastos,Avaí,RCMF,Meia,36,15,619,16.1,,Meio,31127,,,,0,0,1,0
2023,Júnior Todinho,ABC,CF,Atacante,32,10,619,15.9,Náutico,Cai,518080,,,,0,0,2,0
2023,Victor Andrade,Juventude,LW,Extremo,30,15,619,15.6,Náutico,Sobe,203323,,,,0,0,2,0
2023,Caio Mancha,Londrina,CF,Atacante,33,14,617,15.9,Votuporanguense,Cai,231177,,,,0,0,1,0
2023,Giovanni,Avaí,LCMF,Meia,32,13,607,15.8,Botafogo PB,Meio,202919,,,,0,0,2,0
2023,Lucas Mendes,Londrina,RB,Lateral,35,7,606,15.7,,Cai,175070,,,,0,0,2,0
2023,R. Rosales,Sport,RB,Lateral,37,9,606,16.0,Academia Puerto Cabello,Meio,,,,,0,0,1,0
2023,Fábio Aguiar,Sampaio Corrêa,LCB,Zaga,37,8,600,15.3,ASA,Cai,256053,,,,0,0,1,0
2023,P. Siles,Chapecoense,RCMF,Meia,29,12,600,15.2,Torque,Meio,,,,,0,0,2,0
2023,Matheus Peixoto,Atlético-GO,CF,Atacante,30,16,593,15.5,Júbilo Iwata,Sobe,518361,1.0,1,24.0,0,0,1,0
2023,Georgemy,Novorizontino,GK,Goleiro,31,6,588,15.1,Mirassol,Meio,258369,,,,0,0,2,0
2023,Evandro,ABC,RW,Extremo,29,12,588,15.1,Radnički Kragujevac,Cai,383637,,,,0,0,1,0
2023,Léo Gomes,Vitória,RDMF,Volante,29,13,581,15.0,Ponte Preta,Sobe,,,,,0,0,2,0
2023,André Luiz,Ceará,GK,Goleiro,26,6,576,14.7,,Meio,,,,,0,1,2,0
2023,Crystopher,Criciúma,LCMF,Meia,28,15,566,14.4,CRB,Sobe,730982,,,,0,0,1,0
2023,Carlão,Ituano,LCB,Zaga,40,6,562,14.6,,Meio,52893,,,,0,0,2,0
2023,Thiago Braga,Sampaio Corrêa,GK,Goleiro,42,6,558,14.3,Pouso Alegre,Cai,20400,,,,0,0,2,0
2023,Danrlei,Chapecoense,CF,Atacante,30,14,552,13.9,Daegu,Meio,896879,,,,0,0,1,0
2023,Maxwell,Chapecoense,RW,Extremo,31,12,552,13.9,Operário PR,Meio,357091,,,,0,0,2,0
2023,Emerson,Tombense,LB,Lateral,28,8,548,14.1,Guarani,Cai,382171,,,,0,0,2,0
2023,Giva,Avaí,LCMF,Meia,27,10,544,14.1,Anápolis,Meio,,,,,0,0,2,0
2023,Da Silva,Londrina,RCB,Zaga,25,7,538,13.9,,Cai,863104,,,,0,0,2,0
2023,Gustavo Xuxa,Botafogo-SP,AMF,Meia,33,17,532,13.7,Mixto,Meio,547662,,,,0,0,1,0
2023,Samuel Santos,Sampaio Corrêa,RB,Lateral,36,12,528,13.5,,Cai,131890,,,,0,0,2,0
2023,Breno,Ceará,RDMF,Volante,25,9,527,13.4,Figueirense,Meio,697400,60.0,1,56.0,0,0,2,0
2023,Daniel Lima,Atlético-GO,CF,Atacante,21,14,522,13.7,Zalaegerszegi TE,Sobe,965614,,,,0,0,1,0
2023,Pedro Rodrigues,Botafogo-SP,LCMF,Meia,27,14,515,13.3,Itabirito,Meio,978120,,,,0,0,1,0
2023,Thiago Lopes,Vitória,AMF,Meia,29,13,510,13.2,Noroeste,Sobe,,,,,0,0,2,0
2023,Douglas Borges,Guarani,GK,Goleiro,36,5,508,13.3,Portuguesa RJ,Meio,101667,,,,0,0,1,0
2023,Victor Hugo,Londrina,LCMF,Meia,22,10,503,13.0,Al Taawon,Cai,1045599,,,,0,0,2,0
2023,Lucas Mota,Sampaio Corrêa,RB,Lateral,30,7,502,12.8,Ituano,Cai,639729,,,,0,0,1,0
2023,Pedro Martins,Sport,LCMF,Meia,26,11,490,12.9,Sport Recife,Meio,866884,,,,0,0,1,0
2023,Léo Vieira,Juventude,GK,Goleiro,35,5,490,12.4,Bahia,Sobe,67144,,,,0,0,1,0
2023,Ítalo,Criciúma,LWF,Extremo,33,12,488,12.4,Juazeirense,Sobe,,,,,0,0,2,0
2023,Didi,Avaí,LCB,Zaga,35,6,487,12.7,,Meio,379687,,,,0,0,2,0
2023,Claudinei,Sampaio Corrêa,LCMF,Meia,37,9,486,12.4,Jequié,Cai,186579,,,,0,0,2,0
2023,Andrey,Avaí,RCMF,Meia,24,11,474,12.3,Santa Clara,Meio,997076,,,,0,0,2,0
2023,Guilherme Gehring,Juventude,RCMF,Meia,21,12,471,11.9,Marcílio Dias,Sobe,1079284,,,,0,0,1,0
2023,Cássio,Ponte Preta,RW,Extremo,34,10,470,12.1,Anápolis,Meio,1092012,,,,0,0,2,0
2023,Wellington,Avaí,DMF,Volante,31,5,466,12.1,Ankara Keçiörengücü,Meio,74789,,,,0,0,2,0
2023,Dudu Hatamoto,Ponte Preta,LAMF,Extremo,23,11,466,12.0,Botafogo PB,Meio,838221,,,,0,0,1,0
2023,Matheus Lucas,Londrina,CF,Atacante,27,9,462,11.9,Zakho,Cai,642989,,,,0,0,2,0
2023,Luan Freitas,Londrina,RCB,Zaga,25,7,462,11.9,Fortaleza,Cai,678376,,,,0,0,1,0
2023,Pablo Oliveira,Chapecoense,LDMF,Volante,31,8,462,11.7,,Meio,535417,,,,0,0,2,0
2023,Emerson Urso,Ituano,RW,Extremo,25,12,461,12.0,Vila Nova,Meio,868885,,,,0,0,1,0
2023,Léo Ceará,ABC,CF,Atacante,27,7,461,11.8,Noroeste,Cai,595526,,,,0,0,2,0
2023,Guilherme Lacerda,Londrina,LB,Lateral,25,6,460,11.9,Boavista,Cai,738525,,,,0,0,1,0
2023,Castro,Ponte Preta,RCB,Zaga,31,6,459,11.8,Paysandu,Meio,974381,,,,0,0,1,0
2023,Pablo Thomaz,Guarani,RAMF,Extremo,26,13,458,12.0,Uberlândia,Meio,593070,,,,0,0,1,0
2023,Gustavo Modesto,Avaí,CF,Atacante,24,14,453,11.8,,Meio,913286,,,,0,0,1,0
2023,Lucas Ribeiro,Ceará,LCB,Zaga,27,6,450,11.5,Goiás,Meio,605893,92.0,1,45.0,0,0,1,0
2023,Jordan,Sport,GK,Goleiro,28,5,450,11.9,Botafogo SP,Meio,,,,,0,0,2,0
2023,Matheus Martins,Sampaio Corrêa,LAMF,Extremo,28,12,448,11.5,Floresta EC,Cai,894215,,,,0,0,1,0
2023,Jean Patrick,ABC,RCMF,Meia,34,8,444,11.4,,Cai,347288,,,,0,0,1,0
2023,Wanderson,Sport,RW,Extremo,38,13,438,11.6,,Meio,,,,,0,0,2,0
2023,Tiago Marques,Criciúma,CF,Atacante,38,12,433,11.0,Santa Cruz,Sobe,520088,,,,0,0,2,0
2023,Igor França,Londrina,RB,Lateral,23,10,432,11.2,Boavista,Cai,1083608,,,,0,0,1,0
2023,Felipe Fonseca,Ituano,RAMF,Extremo,23,14,430,11.2,Gyeongnam,Meio,889856,,,,0,0,1,0
2023,J. Copete,CRB,LW,Extremo,38,9,423,10.8,,Meio,,,,,0,0,2,0
2023,Thiaguinho,Sampaio Corrêa,RW,Extremo,25,7,423,10.8,CRB,Cai,,,,,0,0,1,0
2023,Garraty,Londrina,CF,Atacante,28,13,419,10.8,Floresta EC,Cai,980000,,,,0,0,1,0
2023,Alisson,Criciúma,GK,Goleiro,31,5,418,10.6,Criciúma,Sobe,375532,,,,0,0,2,0
2023,Alexander,Avaí,GK,Goleiro,27,5,414,10.8,,Meio,668799,,,,0,0,2,0
2023,Samuel Andrade,Ponte Preta,CF,Atacante,26,17,411,10.6,,Meio,896864,,,,0,0,1,0
2023,Alejandro Viniegra,Ituano,AMF,Meia,24,9,407,10.6,Maguary PE,Meio,,,,,0,0,1,0
2023,Fabricio Baiano,Londrina,RB,Lateral,34,10,407,10.5,,Cai,282513,,,,0,0,1,0
2023,Andrey,ABC,RAMF,Extremo,20,6,405,10.4,Santa Clara U23,Cai,997076,,,,0,0,2,0
2023,João Carlos,Criciúma,CF,Atacante,24,16,401,10.2,Criciúma,Sobe,738502,,,,0,0,1,0
2023,Vinícius Barata,Londrina,LAMF,Extremo,27,8,396,10.2,CRB,Cai,548258,,,,0,0,1,0
2023,Gustavo Simões,Avaí,LW,Extremo,24,10,394,10.2,Ypiranga Erechim,Meio,886754,,,,0,0,1,0
2023,Léo,Sampaio Corrêa,RCB,Zaga,26,6,389,9.9,,Cai,688685,,,,0,0,2,0
2023,Matheus Souza,Vila Nova,RW,Extremo,25,9,385,9.9,CSA,Meio,797734,,,,0,0,2,0
2023,Márcio Azevedo,ABC,LB,Lateral,40,4,384,9.8,,Cai,55484,,,,0,0,1,0
2023,Bruno Xavier,Ituano,RAMF,Extremo,29,7,384,10.0,Vila Nova,Meio,537386,,,,0,0,1,0
2023,Júlio César,Avaí,LW,Extremo,31,8,382,9.9,XV de Jaú,Meio,,,,,0,0,2,0
2023,Hyuri,CRB,CF,Atacante,34,16,381,9.7,Figueirense,Meio,285319,,,,0,0,1,0
2023,T. Andrade,Botafogo-SP,RAMF,Extremo,29,9,376,9.7,FC Cajamarca,Meio,,,,,0,0,1,0
2023,Gustavo França,Guarani,AMF,Meia,28,7,370,9.7,Arema,Meio,455188,,,,0,0,1,0
2023,Daniel Cruz,Juventude,CF,Atacante,25,10,370,9.4,,Sobe,880349,,,,0,0,1,0
2023,Pedrinho,Ceará,RWF,Extremo,24,12,367,9.4,Ulsan Hyundai,Meio,843472,,,,0,0,1,0
2023,Zé Ricardo,Tombense,DMF,Volante,27,5,362,9.3,Remo,Cai,,,,,0,1,2,0
2023,Flávio,Mirassol,RCMF,Meia,26,11,362,9.3,Figueirense,Meio,672618,,,,0,0,1,0
2023,Lucas Tocantins,ABC,LW,Extremo,31,7,361,9.3,Port FC,Cai,665602,,,,0,0,2,0
2023,Luis Felipe,Botafogo-SP,LCB,Zaga,30,7,359,9.3,Paulista,Meio,,,,,0,0,1,0
2023,Rian,Vila Nova,RB,Lateral,22,7,356,9.1,Guarani,Meio,1097028,,,,0,0,1,0
2023,Randerson,ABC,RB,Lateral,22,5,350,9.0,ABC,Cai,1191943,,,,0,0,1,0
2023,Luís Felipe,Tombense,RCB,Zaga,25,5,347,8.9,Ararat-Armenia,Cai,,,,,0,0,2,0
2023,Matheus Buiate,Tombense,RCB,Zaga,25,4,344,8.9,,Cai,,,,,0,0,1,0
2023,Matheus Régis,Atlético-GO,LAMF,Extremo,27,12,343,9.0,Volta Redonda,Sobe,812482,,,,0,0,1,0
2023,Marquinhos Cipriano,Avaí,LAMF,Extremo,27,6,338,8.8,Sion,Meio,569805,,,,0,0,2,0
2023,Lucas Silva,Guarani,LAMF,Extremo,28,14,338,8.8,CSA,Meio,644158,,,,0,0,2,0
2023,Lohan,Criciúma,CF,Atacante,30,10,337,8.6,Portuguesa RJ,Sobe,547688,,,,0,0,2,0
2023,Lucas Coelho,Londrina,CF,Atacante,31,8,337,8.7,,Cai,265251,,,,0,0,1,0
2023,Ricardo Bueno,Avaí,CF,Atacante,38,6,335,8.7,Pouso Alegre,Meio,110650,,,,0,0,1,0
2023,Natham,Londrina,RDMF,Volante,27,7,333,8.6,,Cai,981359,,,,0,0,1,0
2023,Heitor,Mirassol,RB,Lateral,25,8,331,8.5,,Meio,670969,,,,0,0,1,0
2023,Xandão,Londrina,LCB,Zaga,36,4,330,8.5,Pouso Alegre,Cai,439389,,,,0,0,2,0
2023,Bruno Lima,ABC,RCMF,Meia,33,4,330,8.5,Primavera SP,Cai,206988,,,,0,0,1,0
2023,Nicolas Schulz,Londrina,LB,Lateral,25,6,329,8.5,Ypiranga Erechim,Cai,972378,,,,0,0,1,0
2023,Thallyson,ABC,RB,Lateral,30,5,322,8.3,Botafogo PB,Cai,485705,,,,0,0,1,0
2023,Robertinho,Juventude,RW,Extremo,26,10,321,8.1,Noroeste,Sobe,678490,,,,0,0,1,0
2023,Gabriel Santos,Sport,CF,Atacante,27,13,317,8.4,Seoul E-Land,Meio,662033,,,,0,0,2,0
2023,Everton Moraes,Londrina,CF,Atacante,24,8,315,8.1,Ordabasy,Cai,987776,,,,0,0,2,0
2023,Diego Renan,Vila Nova,LB,Lateral,36,9,315,8.1,,Meio,75059,,,,0,1,2,0
2023,Marcondes,Vila Nova,LCB,Zaga,33,7,313,8.0,Amazonas,Meio,437777,100.0,1,45.0,0,0,2,0
2023,Vitor Caetano,CRB,GK,Goleiro,27,3,312,7.9,CRB,Meio,593071,,,,0,0,2,0
2023,Bill,Sampaio Corrêa,LAMF,Extremo,27,7,310,7.9,Nova Iguaçu,Cai,659886,,,,0,0,2,0
2023,Arthur Rezende,Ceará,LDMF,Volante,32,6,310,7.9,Muharraq,Meio,363781,,,,0,1,2,0
2023,Robinho,Avaí,AMF,Meia,38,6,309,8.0,,Meio,,,,,0,0,2,0
2023,Rafinha,Tombense,RW,Extremo,26,9,307,7.9,Maringá,Cai,,,,,0,0,2,0
2023,Júnior Tavares,Ponte Preta,LB,Lateral,30,5,306,7.9,,Meio,362835,,,,0,0,2,0
2023,Marlone,Vila Nova,RCMF,Meia,34,15,299,7.7,Brasiliense,Meio,231039,,,,0,0,2,0
2023,Emerson Santos,Juventude,RCMF,Meia,34,8,298,7.5,Inter de Limeira,Sobe,131028,,,,0,0,2,0
2023,Pedro Lucas,Ceará,LCMF,Meia,23,6,295,7.5,Nova Iguaçu,Meio,,,,,0,0,2,0
2023,Renan Bressan,ABC,CF,Atacante,37,8,295,7.6,,Cai,66008,,,,0,0,2,0
2023,Jean Martim,ABC,RCMF,Meia,27,7,294,7.5,Guarany de Bagé,Cai,653629,,,,0,0,2,0
2023,Diego Loureiro,Atlético-GO,GK,Goleiro,28,3,290,7.6,Boavista,Sobe,503218,,,,0,0,1,0
2023,Bernardo,Guarani,RCMF,Meia,24,12,285,7.5,Brusque,Meio,740294,,,,0,0,2,0
2023,Caique,Guarani,LB,Lateral,28,10,285,7.5,Floresta EC,Meio,,,,,0,0,1,0
2023,Luiz Fernando,Tombense,LAMF,Extremo,27,9,283,7.3,ABC,Cai,,,,,0,0,2,0
2023,David Braga,Atlético-GO,AMF,Meia,24,12,280,7.3,Remo,Sobe,1091022,,,,0,0,1,0
2023,Ítalo,Sport,RDMF,Volante,24,7,280,7.4,Maguary PE,Meio,,,,,0,0,2,0
2023,Hugo Cabral,Londrina,CF,Atacante,37,5,278,7.2,,Cai,211270,,,,0,0,2,0
2023,Neto,Chapecoense,CF,Atacante,23,8,276,7.0,Al Bataeh,Meio,627231,,,,0,0,2,0
2023,Vinicius Balieiro,Ituano,RDMF,Volante,27,7,275,7.2,Chapecoense,Meio,813108,,,,0,0,1,0
2023,Raphael Luz,ABC,CF,Atacante,36,5,273,7.0,Aparecidense,Cai,88649,,,,0,0,1,0
2023,Rafinha,Vitória,LAMF,Extremo,33,7,272,7.0,Floresta EC,Sobe,,,,,0,0,2,0
2023,Kadi Silva,Juventude,RCMF,Meia,30,7,271,6.8,Retrô,Sobe,,,,,0,0,1,0
2023,Gabriel Xavier,Chapecoense,AMF,Meia,33,9,269,6.8,,Meio,285020,,,,0,0,2,0
2023,Matheus Mancini,Criciúma,LCB,Zaga,31,5,268,6.8,Ituano,Sobe,371522,,,,0,0,2,0
2023,Iago Teles,Guarani,LW,Extremo,26,8,267,7.0,Londrina,Meio,900196,,,,0,0,2,0
2023,Cléber,Ceará,CF,Atacante,29,6,267,6.8,Yunnan Yukun,Meio,645600,,,,0,0,1,0
2023,Vitor Feijão,Londrina,RAMF,Extremo,29,6,266,6.9,Caxias,Cai,402976,,,,0,0,1,0
2023,Biel,Novorizontino,LCMF,Meia,24,13,263,6.8,Sport Recife,Meio,,,,,0,1,2,0
2023,Marcelo Freitas,Ituano,RCMF,Meia,32,3,262,6.8,Caxias,Meio,340113,,,,0,1,2,0
2023,P. Villero,Ponte Preta,LW,Extremo,27,8,262,6.8,Seongnam,Meio,,,,,0,0,1,0
2023,Neílton,Criciúma,CF,Atacante,32,11,259,6.6,,Sobe,264284,,,,0,0,1,0
2023,Fabiano,Chapecoense,LB,Lateral,36,5,257,6.5,Amazonas,Meio,461924,,,,0,1,2,0
2023,Vinícius Jaú,Londrina,RAMF,Extremo,28,10,257,6.6,Blumenau,Cai,323879,,,,0,0,2,0
2023,Lucas Nathan,Ponte Preta,AMF,Meia,27,6,255,6.6,São Bento,Meio,743770,,,,0,0,2,0
2023,Vitinho,Avaí,CF,Atacante,25,7,252,6.6,Hercílio Luz,Meio,,,,,0,0,2,0
2023,Edison Negueba,Sport,RWF,Extremo,25,4,250,6.6,Maringá,Meio,976103,,,,0,0,1,0
2023,Filipe Soutto,Botafogo-SP,LCMF,Meia,35,3,250,6.5,,Meio,161891,215.0,1,35.0,0,0,1,0
2023,Marquinhos Pedroso,Vila Nova,LB,Lateral,32,4,239,6.1,Blumenau,Meio,218352,,,,0,0,1,0
2023,Marcos Ytalo,Sampaio Corrêa,RWB,Lateral,30,5,238,6.1,CSA,Cai,375242,,,,0,0,1,0
2023,Murilo,Chapecoense,LW,Extremo,30,6,237,6.0,Primavera SP,Meio,442424,,,,0,0,1,0
2023,Riquelmo,Sampaio Corrêa,RW,Extremo,24,6,233,6.0,,Cai,800648,,,,0,0,1,0
2023,Paulo Eduardo,Novorizontino,LCB,Zaga,24,5,232,6.0,Riga FC,Meio,627229,,,,0,0,1,0
2023,Daniel Vançan,ABC,LB,Lateral,29,3,229,5.9,Brasiliense,Cai,312686,,,,0,0,1,0
2023,Matheus Mega,CRB,LCB,Zaga,26,3,224,5.7,Rio Branco ES,Meio,863110,,,,0,0,2,0
2023,Denner,Novorizontino,LW,Extremo,26,4,222,5.7,Noroeste,Meio,593653,,,,0,0,2,0
2023,Brandão,Londrina,CF,Atacante,21,8,222,5.7,Ponte Preta,Cai,1090830,,,,0,0,1,0
2023,Thiago Lopes,Ponte Preta,RCB,Zaga,24,2,219,5.6,Nacional AM,Meio,,,,,0,0,2,0
2023,Reniê,Mirassol,LCB,Zaga,37,3,219,5.6,Porto Vitoria,Meio,120237,,,,0,1,2,0
2023,Davi Araújo,Ituano,AMF,Meia,27,5,216,5.6,Ceilândia,Meio,803432,,,,0,0,1,0
2023,Neto Berola,Ituano,LW,Extremo,38,6,215,5.6,Ituano,Meio,109652,200.0,2,90.0,0,0,2,0
2023,Rafael Vila,Sampaio Corrêa,AMF,Meia,38,8,214,5.5,Dorense,Cai,539184,,,,0,1,2,0
2023,Welinton Torrão,Criciúma,RW,Extremo,26,11,206,5.2,Santa Clara,Sobe,687361,,,,0,0,1,0
2023,Diego Fumaça,Vitória,RDMF,Volante,31,5,206,5.3,Uberlândia,Sobe,640201,,,,0,0,1,0
2023,Renzo,Sport,RCB,Zaga,24,2,205,5.4,América RN,Meio,866842,,,,0,0,1,0
2023,Deivity,Ituano,GK,Goleiro,35,2,205,5.3,Volta Redonda,Meio,680600,,,,0,0,1,0
2023,Luccas Romário,ABC,CF,Atacante,23,6,203,5.2,América RN,Cai,,,,,0,0,1,0
2023,Renan Silva,Atlético-GO,RB,Lateral,22,3,202,5.3,Goiatuba EC,Sobe,980968,,,,0,0,1,0
2023,Pedro Rocha,Ponte Preta,GK,Goleiro,28,2,201,5.2,Juventude,Meio,740287,,,,0,0,2,0
2023,Venícius,Sampaio Corrêa,CF,Atacante,28,4,198,5.1,Sergipe,Cai,,,,,0,0,1,0
2023,Thiago Rodrigues,Vitória,GK,Goleiro,37,2,196,5.1,Goiás,Sobe,76139,,,,0,1,2,0
2023,Matheus Aluísio,Ituano,RB,Lateral,23,8,191,5.0,,Meio,889865,,,,0,0,1,0
2023,Gustavo Hebling,ABC,RCMF,Meia,30,5,184,4.7,XV de Piracicaba,Cai,288502,,,,0,0,1,0
2023,Fernando Boldrin,Juventude,RCMF,Meia,37,5,179,4.5,,Sobe,144752,,,,0,0,1,0
2023,Guilherme Matos,Novorizontino,CB,Zaga,24,4,178,4.6,Dibba Al Hisn,Meio,871755,,,,0,0,1,0
2023,Rodrigo Ferreira,Mirassol,RB,Lateral,31,5,177,4.6,São Bernardo FC,Meio,555374,,,,0,0,2,0
2023,Fábio Gomes,Juventude,CF,Atacante,29,4,177,4.5,Cuiabá,Sobe,548298,,,,0,0,2,0
2023,Edinho,Avaí,RCMF,Meia,25,4,176,4.6,Juventus,Meio,,,,,0,0,1,0
2023,Cedric,Mirassol,RB,Lateral,28,5,175,4.5,Floresta EC,Meio,578629,,,,0,0,2,0
2023,Diego Porfírio,Guarani,LB,Lateral,26,5,175,4.6,Ponte Preta,Meio,896860,,,,0,0,1,0
2023,Souza,Ponte Preta,LCMF,Meia,38,3,175,4.5,América RN,Meio,107259,,,,0,0,2,0
2023,Michel Macedo,Ceará,RB,Lateral,36,5,174,4.4,,Meio,77262,,,,0,0,1,0
2023,Welligton,ABC,GK,Goleiro,36,2,171,4.4,Imperatriz,Cai,103147,,,,0,0,1,0
2023,Michel,Sport,LAMF,Extremo,29,7,170,4.5,,Meio,711455,,,,0,0,2,0
2023,Vico,Mirassol,RW,Extremo,29,8,168,4.3,Java United,Meio,,,,,0,0,2,0
2023,Luvannor,Ceará,AMF,Meia,36,5,167,4.3,Al Jabalain,Meio,192701,18.0,1,3.0,0,0,2,0
2023,Igor Dutra,Avaí,RW,Extremo,25,4,160,4.2,São José EC,Meio,886753,,,,0,0,1,0
2023,Cláudio Cebolinha,Sampaio Corrêa,CF,Atacante,24,5,159,4.1,Samgurali,Cai,1083861,,,,0,0,1,0
2023,Patrick Allan,Sampaio Corrêa,CF,Atacante,31,4,157,4.0,Santa Cruz,Cai,349501,,,,0,0,1,0
2023,Fernando Canesin,Criciúma,AMF,Meia,34,7,156,4.0,Ituano,Sobe,153065,,,,0,0,2,0
2023,Silvinho,Mirassol,LAMF,Extremo,36,6,155,4.0,Figueirense,Meio,149748,,,,0,0,2,0
2023,Juan Xavier,Sport,CF,Atacante,24,5,153,4.0,Clube Laguna,Meio,1029322,,,,0,0,1,0
2023,Tomás Bastos,Chapecoense,LCMF,Meia,34,4,145,3.7,Uberlândia,Meio,349161,,,,0,0,2,0
2023,Patrick Carvalho,Sampaio Corrêa,CF,Atacante,29,5,144,3.7,Maranhão,Cai,598251,,,,0,0,2,0
2023,Sillas,Atlético-GO,RAMF,Extremo,31,2,142,3.7,Velo Clube,Sobe,613904,,,,0,0,1,0
2023,Gaspar,Avaí,LWF,Extremo,23,5,139,3.6,Caxias,Meio,767623,,,,0,0,1,0
2023,Brayan,Ituano,CF,Atacante,24,3,139,3.6,Lajeadense,Meio,,,,,0,0,1,0
2023,Gabriel Santiago,Ponte Preta,CF,Atacante,26,2,137,3.5,Juventus,Meio,739413,,,,0,0,1,0
2023,Rafael Furtado,Juventude,CF,Atacante,26,4,135,3.4,Volta Redonda,Sobe,547943,,,,0,0,1,0
2023,Matheus Guedes,Atlético-GO,LCB,Zaga,26,2,134,3.5,Porto Vitoria,Sobe,552885,,,,0,0,1,0
2023,Éverton,Ponte Preta,LAMF,Extremo,37,4,133,3.4,,Meio,76120,,,,0,0,2,0
2023,Jean Pierre,Vila Nova,LCB,Zaga,32,2,132,3.4,Barra,Meio,549941,,,,0,0,1,0
2023,Jhonny Lucas,Vitória,RCMF,Meia,26,5,131,3.4,Amazonas,Sobe,540990,,,,0,0,2,0
2023,Jael,Avaí,CF,Atacante,37,6,131,3.4,,Meio,80815,,,,0,0,1,0
2023,Djalma,Tombense,DMF,Volante,25,4,130,3.3,Gimpo Citizen,Cai,898338,,,,0,0,1,0
2023,Pablo Diogo,Vitória,RB,Lateral,33,6,128,3.3,Figueirense,Sobe,,,,,0,0,2,0
2023,João Lucas,Vila Nova,AMF,Meia,25,3,126,3.2,Caxias,Meio,,,,,0,0,2,0
2023,Joãozinho,Novorizontino,LWB,Lateral,37,5,126,3.2,,Meio,73783,,,,0,0,1,0
2023,Jailson Cauã,CRB,CF,Atacante,23,3,126,3.2,Rio Claro,Meio,1088850,,,,0,0,1,0
2023,Jonas,Londrina,CF,Atacante,22,3,123,3.2,Bataguassu,Cai,,,,,0,0,1,0
2023,William Gabriel,Botafogo-SP,LW,Extremo,22,3,122,3.2,Paide,Meio,1091752,,,,0,0,1,0
2023,Guilherme Pira,Ponte Preta,LAMF,Extremo,26,5,122,3.1,Maringá,Meio,868952,,,,0,0,1,0
2023,João Afonso,Novorizontino,LCMF,Meia,31,5,121,3.1,Rayong,Meio,224878,,,,0,0,1,0
2023,Jonathan,Ceará,RCB,Zaga,22,2,120,3.1,Cruzeiro,Meio,147366,,,,0,0,2,0
2023,Guilherme Bastos,Atlético-GO,LB,Lateral,23,2,113,3.0,Bahia de Feira,Sobe,939295,,,,0,0,1,0
2023,Gustavo Maia,Vila Nova,LAMF,Extremo,25,5,111,2.8,Atlético GO,Meio,752560,246.0,2,13.0,0,0,1,0
2023,Sidnei,Ceará,RCB,Zaga,36,2,108,2.8,,Meio,27374,,,,0,0,1,0
2023,Igor Ribeiro,Atlético-GO,LB,Lateral,25,2,108,2.8,Grêmio Prudente,Sobe,1007084,,,,0,0,1,0
2023,Vanderlei,Vila Nova,GK,Goleiro,42,1,107,2.7,Água Santa,Meio,68727,,,,0,1,2,0
2023,Getterson,Sampaio Corrêa,CF,Atacante,35,5,107,2.7,,Cai,,,,,0,0,2,0
2023,Tiepo,Chapecoense,GK,Goleiro,28,1,106,2.7,Floresta EC,Meio,432964,92.0,1,1.0,0,0,1,0
2023,G. Gordillo,Juventude,LCB,Zaga,31,1,105,2.7,Xelajú,Sobe,,,,,0,0,1,0
2023,Douglas Friedrich,Avaí,GK,Goleiro,37,1,104,2.7,Portimonense,Meio,374094,,,,0,0,1,0
2023,Cardoso,Sampaio Corrêa,RB,Lateral,21,1,103,2.6,Aquidauanense U20,Cai,,,,,0,0,1,0
2023,Rhuan Rodrigues,Ituano,RB,Lateral,26,2,103,2.7,União Rondonópolis,Meio,793775,,,,0,0,1,0
2023,Léo Lang,Tombense,GK,Goleiro,28,1,103,2.7,São Bernardo FC,Cai,570584,,,,0,0,1,0
2023,Élton,Juventude,CF,Atacante,41,3,102,2.6,,Sobe,,,,,0,0,2,0
2023,Gilvan,CRB,LCB,Zaga,36,1,101,2.6,,Meio,347079,,,,0,0,2,0
2023,Júlio César,CRB,GK,Goleiro,39,1,100,2.5,Camboriú,Meio,,,,,0,0,2,0
2023,D. Torres,Vitória,AMF,Meia,35,5,100,2.6,Guarani,Sobe,,,,,0,0,2,0
2023,De Paula,ABC,RAMF,Extremo,27,3,97,2.5,Gama,Cai,739260,,,,0,0,1,0
2023,Hiago Cena,Vila Nova,RCB,Zaga,28,1,96,2.5,Monsoon FC,Meio,436747,,,,0,0,1,0
2023,P. Martínez,Botafogo-SP,RB,Lateral,27,1,95,2.5,Correcaminos UAT,Meio,,,,,0,0,1,0
2023,David Braw,CRB,LW,Extremo,23,4,94,2.4,Tombense,Meio,992136,,,,0,0,2,0
2023,Jean Carlos,Ponte Preta,LB,Lateral,23,3,92,2.4,Ponte Preta,Meio,,,,,0,0,2,0
2023,Rodrigo Souza,Sampaio Corrêa,LAMF,Extremo,24,6,90,2.3,,Cai,1044157,,,,0,0,1,0
2023,Zé Lúcio,Botafogo-SP,RB,Lateral,21,1,89,2.3,Jacareí,Meio,,,,,0,0,1,0
2023,João Veras,Botafogo-SP,CF,Atacante,25,5,87,2.2,,Meio,740230,,,,0,0,1,0
2023,Rafael Silva,Ituano,CF,Atacante,35,3,87,2.3,,Meio,,,,,0,0,1,0
2023,Yan,Guarani,RB,Lateral,20,1,87,2.3,Guarani,Meio,1093267,,,,0,0,1,0
2023,Nathan,Sport,LB,Lateral,28,3,86,2.3,Uberlândia,Meio,870405,,,,0,0,1,0
2023,Moraes,Atlético-GO,LB,Lateral,28,1,85,2.2,Operário PR,Sobe,596586,,,,0,0,1,0
2023,Robert,Tombense,RW,Extremo,34,3,85,2.2,Ceilândia,Cai,184567,,,,0,0,1,0
2023,Felipe Cruz,Tombense,LWF,Extremo,26,5,83,2.1,Maranhão,Cai,614326,,,,0,0,1,0
2023,Elton,Tombense,RCMF,Meia,36,2,82,2.1,,Cai,,,,,0,0,1,0
2023,Rafael Silva,ABC,CF,Atacante,31,1,82,2.1,Noroeste,Cai,,,,,0,0,1,0
2023,Echaporã,Juventude,LWF,Extremo,26,3,81,2.0,São Bernardo FC,Sobe,688896,,,,0,0,2,0
2023,Júnior Dutra,Londrina,CF,Atacante,38,3,81,2.1,,Cai,99615,,,,0,0,1,0
2023,Emerson Carioca,Sampaio Corrêa,CF,Atacante,30,5,80,2.0,América RJ,Cai,681508,,,,0,0,1,0
2023,Zé Carlos,Ituano,RW,Extremo,22,4,80,2.1,Cascavel,Meio,981271,,,,0,0,1,0
2023,Rafinha,Juventude,CF,Atacante,23,2,79,2.0,,Sobe,,,,,0,0,2,0
2023,Christhian Eto’o,CRB,LW,Extremo,23,4,79,2.0,,Meio,,,,,0,0,1,0
2023,Everson,CRB,CF,Atacante,25,3,77,2.0,Penedense,Meio,989162,,,,0,0,1,0
2023,Jô,Sampaio Corrêa,CF,Atacante,27,4,77,2.0,Sagan Tosu,Cai,665989,,,,0,0,1,0
2023,Victor Gabriel,Sport,LB,Lateral,22,4,75,2.0,Internacional,Meio,834444,,,,0,0,1,0
2023,Álvaro,Guarani,GK,Goleiro,22,1,74,1.9,CEOV Operário MT,Meio,,,,,0,0,2,0
2023,Matheusinho,Mirassol,RW,Extremo,27,3,74,1.9,Floresta EC,Meio,688773,,,,0,0,1,0
2023,João Maistro,Atlético-GO,RCB,Zaga,26,2,74,1.9,Brusque,Sobe,694495,,,,0,0,1,0
2023,João Victor,Ceará,RB,Lateral,22,1,72,1.8,Hapoel Be'er Sheva,Meio,,,,,0,0,2,0
2023,Jonathan Vieira,Ituano,LB,Lateral,28,2,70,1.8,,Meio,579346,,,,0,0,1,0
2023,Tortello,Botafogo-SP,CF,Atacante,22,1,69,1.8,Botafogo SP,Meio,867811,,,,0,0,1,0
2023,Caíque,ABC,LCMF,Meia,25,3,68,1.7,USAC,Cai,,,,,0,0,2,0
2023,Marcos Serrato,Atlético-GO,LCMF,Meia,32,6,67,1.8,FC Tulsa,Sobe,346067,,,,0,0,2,0
2023,Luisão,Novorizontino,RCB,Zaga,22,2,65,1.7,Goiás,Meio,1093922,,,,0,0,1,0
2023,Felipe Camargo,Avaí,LCB,Zaga,27,2,62,1.6,Manauara,Meio,688876,,,,0,0,1,0
2023,A. Rodríguez,ABC,RCMF,Meia,26,1,62,1.6,Comerciantes Unidos,Cai,,,,,0,0,1,0
2023,Leandro Carvalho,Avaí,RW,Extremo,31,2,61,1.6,,Meio,437773,,,,0,0,2,0
2023,Nadson,Sampaio Corrêa,LCMF,Meia,26,2,61,1.6,Maranhão,Cai,700932,,,,0,0,2,0
2023,Dalton,Vitória,GK,Goleiro,39,2,60,1.6,,Sobe,54299,,,,0,0,1,0
2023,Lucas Alves,Chapecoense,AMF,Meia,24,2,60,1.5,Figueirense,Meio,870487,,,,0,0,1,0
2023,Geuvânio,Juventude,RW,Extremo,34,2,59,1.5,,Sobe,177009,,,,0,0,2,0
2023,Pedro Cacho,Londrina,RCMF,Meia,26,2,58,1.5,Mosta,Cai,634738,,,,0,0,2,0
2023,Léo Silva,CRB,LCMF,Meia,23,3,56,1.4,Sioni,Meio,980815,,,,0,0,1,0
2023,Luan Sales,Atlético-GO,RB,Lateral,25,1,55,1.4,CRAC,Sobe,692671,,,,0,0,1,0
2023,Jefinho,ABC,LWF,Extremo,24,3,53,1.4,,Cai,992533,,,,0,0,1,0
2023,Lucas André,Sport,AMF,Meia,23,1,52,1.4,Sport Recife,Meio,918663,,,,0,0,1,0
2023,Denilson Goulart,Avaí,CF,Atacante,22,2,51,1.3,Ferroviária,Meio,,,,,0,0,1,0
2023,Álvaro,Ceará,CF,Atacante,28,1,51,1.3,Brusque,Meio,,,,,0,0,2,0
2023,João Igor,Chapecoense,RCMF,Meia,30,2,51,1.3,Catanduva,Meio,643937,,,,0,0,1,0
2023,Kaique Clemente,Ituano,LW,Extremo,21,2,51,1.3,União São João,Meio,977849,,,,0,0,1,0
2023,Eliel,Guarani,LB,Lateral,24,1,51,1.3,Centro Oeste,Meio,,,,,0,0,2,0
2023,Mauro Bravo,Londrina,LCMF,Meia,27,2,50,1.3,Colonia Moscardó,Cai,998196,,,,0,0,1,0
2023,Emerson Souza,Sampaio Corrêa,LDMF,Volante,28,1,50,1.3,,Cai,595634,,,,0,0,2,0
2023,Allan Dias,ABC,CF,Atacante,37,1,49,1.3,,Cai,54134,,,,0,0,1,0
2023,Vitor Gonçalves,Juventude,CF,Atacante,23,3,46,1.2,,Sobe,1144937,,,,0,0,1,0
2023,Paulinho,Sport,LW,Extremo,23,1,45,1.2,Juventus,Meio,,,,,0,0,2,0
2023,Romarinho,Vila Nova,LW,Extremo,29,2,43,1.1,Volta Redonda,Meio,950821,,,,0,0,1,0
2023,Alexandre Tam,Sampaio Corrêa,RAMF,Extremo,27,3,43,1.1,Batalhao U17,Cai,677273,,,,0,0,2,0
2023,Fraga,Ponte Preta,RW,Extremo,29,2,41,1.1,Taubaté,Meio,,,,,0,0,2,0
2023,Pablo Ruan,Londrina,RW,Extremo,23,2,39,1.0,Nacional,Cai,1083068,,,,0,0,1,0
2023,Juninho,Mirassol,RAMF,Extremo,23,2,39,1.0,İmişli,Meio,,,,,0,0,2,0
2023,Kelvi,Juventude,RB,Lateral,23,1,37,0.9,Maringá,Sobe,,,,,0,0,1,0
2023,Bruno Silva,Novorizontino,AMF,Meia,38,1,36,0.9,Capivariano,Meio,,,,,0,0,2,0
2023,Vitinho,Juventude,LCMF,Meia,28,1,36,0.9,Red Bull Bragantino,Sobe,,,,,0,0,2,0
2023,Pedro Severino,Botafogo-SP,CF,Atacante,20,1,35,0.9,,Meio,1083855,,,,0,0,1,0
2023,Matheus Refundini,ABC,GK,Goleiro,27,1,34,0.9,USAC,Cai,799200,,,,0,0,1,0
2023,Gazão,Avaí,LAMF,Extremo,24,2,33,0.9,Brusque,Meio,869061,,,,0,0,1,0
2023,Ruan Levine,Tombense,RW,Extremo,27,1,33,0.8,Primavera AC,Cai,645601,31.0,1,5.0,0,0,1,0
2023,Saulo,Londrina,GK,Goleiro,31,1,33,0.9,Ituano,Cai,346769,,,,0,0,2,0
2023,Riquelme,CRB,CF,Atacante,22,1,32,0.8,,Meio,,,,,0,0,2,0
2023,Cleylton,Chapecoense,LCB,Zaga,33,1,31,0.8,Borneo FC,Meio,523606,,,,0,0,2,0
2023,Breno Roma,Mirassol,RB,Lateral,26,1,29,0.7,Tombense,Meio,869471,,,,0,0,1,0
2023,Gustavo,ABC,LB,Lateral,21,1,28,0.7,Atlético GO,Cai,667411,,,,0,0,2,0
2023,Lucas Oliveira,Botafogo-SP,CF,Atacante,25,2,28,0.7,Chuncheon,Meio,939250,,,,0,0,2,0
2023,Tatá Baiano,CRB,RW,Extremo,30,1,27,0.7,Dorense,Meio,785064,,,,0,0,1,0
2023,João Diogo,Sampaio Corrêa,LCMF,Meia,27,1,26,0.7,Portuguesa,Cai,670000,,,,0,0,1,0
2023,João Celeri,Vila Nova,CF,Atacante,27,2,26,0.7,Floresta EC,Meio,1098398,,,,0,0,1,0
2023,Robinho,Guarani,LDMF,Volante,27,2,25,0.7,Marcílio Dias,Meio,,,,,0,0,2,0
2023,Stevanato,Ituano,AMF,Meia,22,2,25,0.7,Ituano U19,Meio,599262,,,,0,0,1,0
2023,Bryan,Novorizontino,RWB,Lateral,29,1,25,0.6,Ceará,Meio,,,,,0,0,2,0
2023,Rhayner,Tombense,RDMF,Volante,35,1,24,0.6,,Cai,99900,,,,0,0,1,0
2023,João Maranini,Botafogo-SP,LCB,Zaga,23,1,24,0.6,CEOV Operário MT,Meio,999797,,,,0,0,1,0
2023,Renan Cosenza,Atlético-GO,LB,Lateral,21,2,24,0.6,Cascavel,Sobe,1082529,,,,0,0,1,0
2023,Paulinho,Mirassol,LCMF,Meia,37,1,24,0.6,Tuna Luso,Meio,,,,,0,0,2,0
2023,Rafael Forster,Avaí,LDMF,Volante,35,1,23,0.6,Maricá,Meio,104590,,,,0,0,1,0
2023,Deyvson,Sport,RAMF,Extremo,23,1,22,0.6,Maguary PE,Meio,866887,,,,0,0,1,0
2023,Diego Coser,Chapecoense,LW,Extremo,20,1,22,0.6,Chapecoense,Meio,1108007,,,,0,0,1,0
2023,Dionísio,Vitória,LCMF,Meia,32,1,20,0.5,Ypiranga Erechim,Sobe,867006,,,,0,0,1,0
2023,Ezequiel,Ceará,LWF,Extremo,23,1,17,0.4,Amazonas,Meio,,,,,0,0,2,0
2023,Octávio,CRB,LCB,Zaga,24,1,16,0.4,Botafogo PB,Meio,727052,,,,0,0,1,0
2023,Wisney,Tombense,RB,Lateral,27,1,14,0.4,Naga World,Cai,547177,,,,0,0,1,0
2023,Ruan Ozório,Botafogo-SP,LB,Lateral,23,1,14,0.4,Barretos,Meio,1096210,,,,0,0,1,0
2023,Lucas Marques,Tombense,RCMF,Meia,28,1,13,0.3,ABC,Cai,863066,,,,0,0,2,0
2023,Marcos Júnior,Botafogo-SP,RCMF,Meia,26,1,13,0.3,Galvez,Meio,631787,,,,0,0,1,0
2023,Leonan Santos,Sampaio Corrêa,LCB,Zaga,26,1,12,0.3,Figueirense,Cai,1152256,,,,0,0,1,0
2023,F. Mederos,Tombense,LCMF,Meia,25,1,8,0.2,Huracán FC,Cai,,,,,0,0,1,0
2023,Gabriel Silva,Sampaio Corrêa,LW,Extremo,27,1,6,0.2,Barra,Cai,,,,,0,0,2,0
2023,Felipe Fonseca,Ituano,LAMF,Extremo,20,1,3,0.1,Ituano,Meio,889856,,,,0,0,1,0
2023,Vini Oliveira,Ituano,LAMF,Extremo,19,1,2,0.1,Red Bull Bragantino U20,Meio,1101114,,,,0,0,1,0
2023,Gean Carlos,Sport,LW,Extremo,23,1,2,0.1,Samgurali,Meio,,,,,0,0,1,0
2022,Gustavo,Criciúma,GK,Goleiro,33,37,3696,96.8,América Mineiro,Meio,,,,,1,0,1,0
2022,Rafael Cabral,Cruzeiro,GK,Goleiro,36,37,3663,97.7,Real Salt Lake,Sobe,103916,,,,1,1,1,0
2022,Sabino,Sport,LCB,Zaga,29,37,3621,96.6,São Paulo,Meio,546033,,,,1,1,1,0
2022,Thiago Rodrigues,Vasco,GK,Goleiro,37,36,3595,95.1,Goiás,Sobe,76139,,,,1,1,1,0
2022,Felipe Garcia,Tombense,GK,Goleiro,38,36,3595,96.3,Cianorte,Meio,,,,,1,0,1,0
2022,Diogo Silva,CRB,GK,Goleiro,40,36,3564,95.2,Ponte Preta,Meio,186398,,,,1,1,1,0
2022,Fernando,Chapecoense,LB,Lateral,26,36,3509,94.2,Chapecoense,Meio,731057,,,,1,1,1,0
2022,Caíque França,Ponte Preta,GK,Goleiro,31,35,3500,92.5,Guarani,Meio,408850,,,,1,1,1,0
2022,Rodrigo,Criciúma,RCB,Zaga,39,35,3497,91.6,Criciúma,Meio,,,,,1,0,1,0
2022,Anderson Conceição,Vasco,LCB,Zaga,36,36,3493,92.4,Figueirense,Sobe,187759,,,,1,1,1,0
2022,Lucão,CSA,RCB,Zaga,30,35,3435,91.9,Chongqing Tongliang Long,Cai,,,,,1,0,1,0
2022,Luciano Juba,Sport,LW,Extremo,27,37,3405,90.8,Bahia,Meio,676035,,,,1,1,1,0
2022,Fabiano,Operário-PR,LB,Lateral,36,35,3403,92.2,Amazonas,Cai,461924,,,,1,1,1,0
2022,Maurício Kozlinski,Guarani,GK,Goleiro,35,34,3380,91.2,Londrina,Meio,438431,,,,1,1,1,0
2022,Lucas Oliveira,Cruzeiro,CB,Zaga,30,35,3374,90.0,Mirassol,Sobe,,,,,1,0,1,0
2022,Ignácio,Bahia,RCB,Zaga,29,35,3355,90.4,Fluminense,Sobe,624291,,,,1,1,1,0
2022,Rafael Donato,Vila Nova,RCB,Zaga,37,35,3339,86.7,Guarani,Meio,212199,,,,1,1,1,0
2022,João Paulo,Londrina,DMF,Volante,41,34,3336,88.9,Rio Branco ES,Meio,,,,,1,0,1,0
2022,Caprini,Londrina,RAMF,Extremo,28,37,3325,88.6,RB Omiya Ardija,Meio,520090,,,,1,1,1,0
2022,Marcelo Carné,CSA,GK,Goleiro,36,34,3268,87.4,Cuiabá,Cai,14881,,,,1,1,1,0
2022,Manoel,Tombense,LB,Lateral,30,36,3246,87.0,Itabaiana,Meio,519870,,,,1,1,1,0
2022,Vanderlei,Operário-PR,GK,Goleiro,42,33,3240,87.8,Água Santa,Cai,68727,38.0,1,3.0,1,1,1,0
2022,Pedro Geromel,Grêmio,RCB,Zaga,40,34,3234,95.4,,Sobe,32568,,,,1,1,1,0
2022,Reniê,Operário-PR,LCB,Zaga,37,33,3222,87.3,Porto Vitoria,Cai,120237,11.0,1,1.0,1,1,1,0
2022,Bruno Alves,Grêmio,LCB,Zaga,35,34,3205,94.6,Criciúma,Sobe,,,,,1,0,1,0
2022,Edimar,Vasco,LB,Lateral,40,36,3188,84.3,,Sobe,74314,,,,1,1,1,0
2022,Vilar,Londrina,LCB,Zaga,26,32,3166,84.4,Botafogo SP,Meio,978269,,,,1,1,1,0
2022,Mateusinho,Sampaio Corrêa,RB,Lateral,27,34,3143,83.6,Vitória,Meio,633960,,,,1,1,1,0
2022,Saimon,Londrina,RCB,Zaga,35,32,3137,83.6,Botafogo PB,Meio,104544,,,,1,1,1,0
2022,André Luiz,Sampaio Corrêa,RDMF,Volante,31,35,3136,83.4,Londrina,Meio,792343,,,,1,1,1,0
2022,Gabriel Poveda,Sampaio Corrêa,CF,Atacante,28,37,3122,83.1,Remo,Meio,592346,,,,1,1,1,0
2022,Andrey Santos,Vasco,LDMF,Volante,22,33,3109,82.2,Manchester United,Sobe,743600,,,,1,1,1,0
2022,Léo Naldi,Ponte Preta,RCMF,Meia,25,33,3102,82.0,Grêmio Novorizontino,Meio,859135,,,,1,1,1,0
2022,João Victor,Guarani,RCB,Zaga,29,31,3058,82.5,Mirassol,Meio,,,,,1,0,1,0
2022,Rodolfo Potiguar,Brusque,RDMF,Volante,38,32,3034,80.5,Altos,Cai,538228,,,,1,1,1,0
2022,Eduardo Brock,Cruzeiro,LCB,Zaga,35,33,3000,80.0,Grêmio Novorizontino,Sobe,435232,,,,1,1,1,0
2022,Yuri Lara,Vasco,RDMF,Volante,32,34,2966,78.4,Mirassol,Sobe,373193,,,,1,1,1,0
2022,Lucas Siqueira,Ituano,LDMF,Volante,37,33,2964,78.6,,Meio,350279,,,,1,1,1,0
2022,Anselmo Ramon,CRB,CF,Atacante,38,32,2960,79.1,Goiás,Meio,118007,,,,1,1,1,0
2022,M. Villasanti,Grêmio,RDMF,Volante,29,32,2959,87.3,Grêmio,Sobe,,,,,1,1,1,0
2022,Arilson,Criciúma,RCMF,Meia,32,33,2931,76.8,Santa Cruz,Meio,552255,,,,1,1,1,0
2022,Arnaldo,Operário-PR,RB,Lateral,34,35,2929,79.4,Náutico,Cai,268522,,,,1,1,1,0
2022,Wallace,Brusque,LCB,Zaga,38,30,2921,77.5,Londrina,Cai,,,,,1,0,1,0
2022,Fellipe Mateus,Criciúma,LCMF,Meia,35,36,2895,75.8,Criciúma,Meio,520470,,,,1,1,1,0
2022,Fábio Sanches,Ponte Preta,LCB,Zaga,35,30,2883,76.2,Brasiliense,Meio,267464,,,,1,1,1,0
2022,Tony,Vila Nova,GK,Goleiro,33,29,2875,74.6,Athletic Club,Meio,112060,72.0,1,8.0,1,0,1,0
2022,Allan Godói,Sampaio Corrêa,RCB,Zaga,33,29,2871,76.4,Göztepe,Meio,681814,,,,1,1,1,0
2022,Victor Ramos,Chapecoense,LCB,Zaga,37,29,2848,76.5,Juazeirense,Meio,93178,,,,1,1,1,0
2022,Diego Renan,CSA,LB,Lateral,36,30,2844,76.1,,Cai,75059,,,,1,1,1,0
2022,Artur,Ponte Preta,LB,Lateral,31,32,2840,75.1,América Mineiro,Meio,296903,,,,1,1,1,0
2022,Patrick De Lucca,Bahia,RDMF,Volante,26,32,2836,76.4,CRB,Sobe,689737,,,,1,1,1,0
2022,Bitello,Grêmio,LDMF,Volante,26,36,2835,83.7,Dinamo Moskva,Sobe,703497,,,,1,1,1,0
2022,Danielzinho,Bahia,AMF,Meia,30,33,2828,76.2,CRB,Sobe,,,,,1,0,1,0
2022,Matheus Nogueira,Londrina,GK,Goleiro,39,29,2826,75.3,Brusque,Meio,733338,60.0,1,6.0,1,1,1,0
2022,Willian Formiga,Vila Nova,LB,Lateral,31,32,2787,72.4,Vila Nova,Meio,477621,,,,1,1,1,0
2022,Everton Galdino,Tombense,RAMF,Extremo,29,35,2779,74.4,Mirassol,Meio,458251,,,,1,1,1,0
2022,Geovane,CSA,LDMF,Volante,37,33,2749,73.5,Atlético GO,Cai,100124,,,,1,1,1,0
2022,Gabriel,CSA,AMF,Meia,36,31,2743,73.4,Sporting Cristal,Cai,,,,,1,0,1,0
2022,Sander,Sport,LB,Lateral,35,30,2723,72.6,Grêmio Novorizontino,Meio,353722,,,,1,1,1,0
2022,Fabinho,Sport,RCMF,Meia,39,29,2715,72.4,Santa Cruz,Meio,,,,,1,0,1,0
2022,Ygor Catatau,Sampaio Corrêa,LAMF,Extremo,31,33,2706,72.0,Volta Redonda,Meio,591650,,,,1,1,1,0
2022,Zé Ivaldo,Cruzeiro,RCB,Zaga,29,30,2702,72.1,Santos,Sobe,484848,,,,1,1,1,0
2022,Jean Carlos,Náutico,AMF,Meia,34,29,2702,71.6,Náutico,Cai,,,,,1,0,1,0
2022,Zé Ricardo,Tombense,RDMF,Volante,27,33,2696,72.2,Remo,Meio,600549,,,,1,1,1,0
2022,Luiz Otávio,Bahia,LCB,Zaga,33,28,2685,72.4,Ceará,Sobe,,,,,1,1,1,0
2022,Gegé,Londrina,LCMF,Meia,32,30,2677,71.3,Goiás,Meio,299596,,,,1,1,1,0
2022,Bernardo Schappo,Ituano,LCB,Zaga,27,29,2675,71.0,Estrela Amadora,Meio,699679,,,,1,1,1,0
2022,Douglas Baggio,Novorizontino,RW,Extremo,31,34,2670,71.4,CRB,Meio,191872,,,,1,1,1,0
2022,J. Quintero,Vasco,RCB,Zaga,31,28,2662,70.4,Santa Fe,Sobe,,,,,1,1,1,0
2022,Arthur Rezende,Vila Nova,LDMF,Volante,32,32,2653,68.9,Muharraq,Meio,363781,,,,1,1,1,0
2022,Biel,Grêmio,RAMF,Extremo,25,33,2646,78.1,Pafos,Sobe,875328,45.0,1,3.0,1,1,1,0
2022,Lucca,Ponte Preta,CF,Atacante,36,28,2617,69.2,Guarani,Meio,178940,16.0,1,2.0,1,1,1,0
2022,Alex Silva,Vila Nova,RB,Lateral,32,29,2599,67.5,América Mineiro,Meio,277713,,,,1,1,1,0
2022,Ligger,Novorizontino,LCB,Zaga,38,28,2595,69.4,Itabaiana,Meio,265837,,,,1,1,1,0
2022,Douglas Coutinho,Londrina,CF,Atacante,32,34,2587,68.9,,Meio,269116,,,,1,1,1,0
2022,David,Tombense,RB,Lateral,32,33,2582,69.2,Retrô,Meio,,,,,1,1,1,0
2022,Nenê,Vasco,AMF,Meia,44,33,2570,68.0,Botafogo PB,Sobe,29091,,,,1,1,1,0
2022,Rafael Pereira,Ituano,LCB,Zaga,41,33,2569,68.1,,Meio,58362,,,,1,1,1,0
2022,Jean Lucas,Tombense,LAMF,Extremo,31,33,2527,67.7,Avaí,Meio,532828,,,,1,1,1,0
2022,Gustavo Bochecha,Novorizontino,LCMF,Meia,30,31,2498,66.8,Inter de Limeira,Meio,439455,,,,1,1,1,0
2022,Figueiredo,Vasco,RW,Extremo,24,36,2495,66.0,Alverca,Sobe,703324,,,,1,1,1,0
2022,Jordan,Brusque,GK,Goleiro,28,25,2492,66.2,Botafogo SP,Cai,,,,,1,0,1,0
2022,Raul Prata,CRB,RB,Lateral,38,31,2482,66.3,Luverdense,Meio,347283,21.0,1,4.0,1,1,1,0
2022,Airton,Brusque,LB,Lateral,37,27,2482,65.9,Altos,Cai,155115,,,,1,1,1,0
2022,Léo,Chapecoense,RCB,Zaga,38,26,2480,66.6,,Meio,55245,1.0,1,3.0,1,0,1,0
2022,Bruno José,Guarani,RAMF,Extremo,28,35,2469,66.6,Atlético GO,Meio,644210,,,,1,1,1,0
2022,Neto Moura,Cruzeiro,LCMF,Meia,29,28,2465,65.8,Mirassol,Sobe,329843,67.0,1,7.0,1,1,1,0
2022,Marcelo Hermes,Criciúma,LB,Lateral,31,31,2464,64.6,Criciúma,Meio,348769,,,,1,1,1,0
2022,Gum,CRB,RCB,Zaga,40,28,2461,65.7,,Meio,45591,,,,1,1,1,0
2022,Ricardinho,Operário-PR,RCMF,Meia,37,30,2453,66.5,Ferroviária,Cai,,,,,1,0,1,0
2022,Ferreira,Sampaio Corrêa,LDMF,Volante,40,32,2398,63.8,North Esporte Clube,Meio,,,,,1,0,1,0
2022,Pimentinha,Sampaio Corrêa,RAMF,Extremo,38,28,2388,63.5,Maranhão,Meio,291342,,,,1,1,1,0
2022,Rafael Vila,Sampaio Corrêa,AMF,Meia,38,32,2383,63.4,Dorense,Meio,539184,,,,1,1,1,0
2022,Rafael Thyere,Sport,RCB,Zaga,33,26,2375,63.3,Chapecoense,Meio,292152,52.0,1,10.0,1,1,1,0
2022,Brenno,Grêmio,GK,Goleiro,27,24,2375,70.1,Sport Recife,Sobe,555016,9.0,1,1.0,1,1,1,0
2022,Danilo Fernandes,Bahia,GK,Goleiro,38,24,2369,63.9,,Sobe,99439,90.0,1,43.0,1,1,1,0
2022,Felipe Amaral,Ponte Preta,DMF,Volante,23,32,2358,62.3,América Mineiro,Meio,875994,,,,1,1,1,0
2022,Roger Carvalho,Tombense,LCB,Zaga,39,24,2351,63.0,Tombense,Meio,112962,29.0,1,0.0,1,1,1,0
2022,Ronei,Chapecoense,RB,Lateral,28,29,2347,63.0,Caxias,Meio,626138,,,,1,1,1,0
2022,Victor Ferraz,Náutico,RB,Lateral,38,31,2347,62.2,Serra Branca EC,Cai,153905,,,,1,1,1,0
2022,Kaio Mendes,Ituano,RW,Extremo,31,33,2336,62.0,,Meio,405727,,,,1,1,1,0
2022,Caíque,Ituano,RCMF,Meia,30,27,2310,61.3,Vitória,Meio,,,,,1,0,1,0
2022,Marcelo Freitas,Chapecoense,LCMF,Meia,32,29,2299,61.7,Caxias,Meio,340113,,,,1,1,1,0
2022,Giovanni Augusto,Guarani,AMF,Meia,36,27,2294,61.9,Chapecoense,Meio,125513,,,,1,1,1,0
2022,Edu,Cruzeiro,CF,Atacante,33,33,2278,60.8,,Sobe,548591,,,,1,1,1,0
2022,Matheus Bidu,Cruzeiro,LWB,Lateral,27,28,2276,60.7,Corinthians,Sobe,670021,,,,1,1,1,0
2022,Leandro Vilela,Guarani,LDMF,Volante,31,29,2276,61.4,Atlético GO,Meio,347090,6.0,1,1.0,1,1,1,0
2022,Luiz Daniel,Sampaio Corrêa,GK,Goleiro,33,23,2274,60.5,Botafogo PB,Meio,555564,12.0,1,1.0,1,1,1,0
2022,Éverton Alemão,Brusque,RCB,Zaga,33,23,2265,60.1,Barra,Cai,555421,,,,1,1,1,0
2022,Guilherme Romão,CRB,LB,Lateral,28,27,2241,59.9,Atlético GO,Meio,519879,44.0,1,8.0,0,0,1,0
2022,Willian Oliveira,Cruzeiro,RCMF,Meia,33,27,2237,59.7,Sport Recife,Sobe,252900,,,,0,0,1,0
2022,Bruno Bispo,Náutico,LCB,Zaga,30,23,2235,59.2,Paysandu,Cai,485554,,,,0,0,1,0
2022,Romário,Novorizontino,LB,Lateral,34,27,2215,59.3,Ceilândia,Meio,,,,,0,0,1,0
2022,Matheus Davó,Bahia,CF,Atacante,27,36,2214,59.7,Maccabi Netanya,Sobe,670522,,,,0,0,1,0
2022,Ednei,Tombense,RCB,Zaga,36,23,2213,59.3,,Meio,178841,,,,0,0,1,0
2022,Lucas Mugni,Bahia,LDMF,Volante,34,29,2201,59.3,Ceará,Sobe,148231,,,,0,0,1,0
2022,Raniel,Vasco,CF,Atacante,30,31,2189,57.9,BG Pathum United,Sobe,349583,,,,0,0,1,0
2022,Danielzinho,Novorizontino,RDMF,Volante,31,29,2176,58.2,São Paulo,Meio,,,,,0,0,1,0
2022,Fabinho,CRB,RAMF,Extremo,26,31,2166,57.9,Coritiba,Meio,,,,,0,0,1,0
2022,Gabriel Pec,Vasco,LW,Extremo,25,33,2156,57.0,Cruzeiro,Sobe,703321,,,,0,0,1,0
2022,Lucas Perri,Náutico,GK,Goleiro,28,22,2154,57.0,Torino,Cai,352041,,,,0,0,1,0
2022,Fernandinho,Brusque,LAMF,Extremo,29,28,2150,57.1,Mirassol,Cai,442818,,,,0,0,1,0
2022,Jhony Douglas,Novorizontino,RDMF,Volante,29,29,2149,57.5,Floresta EC,Meio,468167,,,,0,0,1,0
2022,Osvaldo,CSA,LAMF,Extremo,39,33,2144,57.3,Vitória,Cai,76191,,,,0,0,1,0
2022,Nicolas,Grêmio,LB,Lateral,29,26,2141,63.2,Goiás,Sobe,,,,,1,0,1,0
2022,Derlan,Guarani,LCB,Zaga,30,26,2139,57.7,Suwon,Meio,555634,,,,0,0,1,0
2022,Ciel,Tombense,CF,Atacante,44,29,2117,56.7,Ferroviário,Meio,76474,,,,0,0,1,0
2022,Lucas Dias,Ituano,RCB,Zaga,30,25,2107,55.9,Figueirense,Meio,642014,,,,0,0,1,0
2022,Vitor Jacaré,Bahia,LAMF,Extremo,26,36,2098,56.5,Londrina,Sobe,691843,,,,0,0,1,0
2022,Fessin,Ponte Preta,LAMF,Extremo,27,28,2094,55.4,Suwon Bluewings,Meio,520401,26.0,1,4.0,0,0,1,0
2022,Filipe Machado,Cruzeiro,RCMF,Meia,30,25,2077,55.4,Goiás,Sobe,520629,,,,0,0,1,0
2022,Rodrigo,Tombense,LDMF,Volante,32,27,2055,55.0,Maranhão,Meio,,,,,0,0,1,0
2022,Joseph,Tombense,LCB,Zaga,31,23,2043,54.7,Operário PR,Meio,663523,,,,0,0,1,0
2022,Alex Sandro,Brusque,CF,Atacante,31,27,2035,54.0,Santa Cruz,Cai,552892,,,,0,0,1,0
2022,Pablo Dyego,Vila Nova,LAMF,Extremo,32,24,2028,52.6,Londrina,Meio,264343,,,,0,0,1,0
2022,Matheus Bianqui,Chapecoense,RCMF,Meia,28,31,2013,54.0,Grêmio Novorizontino,Meio,634737,,,,0,0,1,0
2022,Willean Lepo,Novorizontino,RB,Lateral,29,28,2008,53.7,Criciúma,Meio,544464,,,,0,0,1,0
2022,Perotti,Chapecoense,CF,Atacante,28,26,2003,53.8,Sport Recife,Meio,432959,,,,0,0,1,0
2022,Wallisson,Ponte Preta,RAMF,Extremo,28,30,2001,52.9,Mirassol,Meio,742073,,,,0,0,1,0
2022,Saulo,Chapecoense,GK,Goleiro,41,20,2000,53.7,Inter de Limeira,Meio,,,,,0,0,1,0
2022,Aylon,Ituano,CF,Atacante,34,31,1995,52.9,Operário PR,Meio,329845,,,,0,0,1,0
2022,Yago Henrique,CRB,RDMF,Volante,31,27,1995,53.3,Lagarto,Meio,281438,,,,0,0,1,0
2022,Keké,Tombense,LAMF,Extremo,30,28,1993,53.4,Joinville,Meio,404199,,,,0,0,1,0
2022,Rezende,Bahia,LDMF,Volante,31,28,1982,53.4,Qingdao West Coast,Sobe,793815,,,,0,0,1,0
2022,Cristovam,Criciúma,RB,Lateral,36,33,1981,51.9,Cianorte,Meio,278402,,,,0,0,1,0
2022,Igor Formiga,Ponte Preta,RB,Lateral,27,31,1980,52.4,Mirassol,Meio,688690,,,,0,0,1,0
2022,Alisson Cassiano,Vila Nova,LCB,Zaga,32,22,1968,51.1,Brusque,Meio,542615,,,,0,0,1,0
2022,Rafael Longuine,CRB,AMF,Meia,36,26,1962,52.4,,Meio,214527,,,,0,0,1,0
2022,Alan Ruschel,Londrina,LB,Lateral,36,27,1959,52.2,Juventude,Meio,75080,,,,0,0,1,0
2022,Rodolfo Filemon,Novorizontino,RCB,Zaga,32,21,1959,52.4,Pattani,Meio,546037,,,,0,0,1,0
2022,Pedro Vitor,Náutico,LWB,Lateral,28,33,1950,51.6,São Bernardo FC,Cai,605326,,,,0,0,1,0
2022,Reginaldo,CRB,RB,Lateral,33,33,1947,52.0,Náutico,Meio,,,,,0,0,1,0
2022,Emerson Negueba,CRB,LAMF,Extremo,25,28,1928,51.5,Jeju SK,Meio,858495,,,,0,0,1,0
2022,Chrystian Barletta,Chapecoense,RW,Extremo,25,30,1922,51.6,Sport Recife,Meio,695232,,,,0,0,1,0
2022,Matheuzinho,Vila Nova,RAMF,Extremo,33,31,1911,49.6,Capital Brasilia,Meio,213539,,,,0,0,1,0
2022,Lourenço,CSA,RAMF,Extremo,28,31,1908,51.0,Goiás,Cai,515068,,,,0,0,1,0
2022,Rodrigo Andrade,Guarani,RCMF,Meia,29,25,1906,51.4,São Bernardo FC,Meio,435239,24.0,1,4.0,0,0,1,0
2022,Richard Franco,Náutico,RCMF,Meia,34,28,1888,50.0,ASA,Cai,511925,,,,0,0,1,0
2022,Wagner Balotelli,Brusque,LDMF,Volante,34,29,1883,50.0,América RN,Cai,862595,,,,0,0,1,0
2022,Roberto,Ituano,LB,Lateral,35,24,1882,49.9,Caxias,Meio,114144,,,,0,0,1,0
2022,Mandaca,Londrina,RCMF,Meia,24,31,1877,50.0,Juventude,Meio,892091,,,,0,0,1,0
2022,João Lucas,Náutico,LB,Lateral,35,21,1874,49.6,Sergipe,Cai,,,,,0,0,1,0
2022,Nilson Júnior,Sampaio Corrêa,LCB,Zaga,34,19,1873,49.8,Java United,Meio,211305,,,,0,0,1,0
2022,Mário Sérgio,Ituano,LB,Lateral,32,25,1870,49.6,São Bernardo FC,Meio,184109,,,,0,0,1,0
2022,Mailson,Sport,GK,Goleiro,30,19,1868,49.8,Al Taawon,Meio,515496,,,,0,0,1,0
2022,Wálber,Novorizontino,RCB,Zaga,29,21,1863,49.8,Persebaya Surabaya,Meio,540950,,,,0,0,1,0
2022,Rafael Elias,Ituano,CF,Atacante,27,22,1850,49.1,Kyoto Sanga,Meio,587328,,,,0,0,1,0
2022,Giovanni Pavani,Operário-PR,LAMF,Extremo,29,28,1840,49.9,Ceará,Cai,976522,,,,0,0,1,0
2022,Wellington Carvalho,CRB,LCB,Zaga,33,23,1829,48.9,ABC,Meio,225639,,,,0,0,1,0
2022,Rodrigo Ferreira,Grêmio,RB,Lateral,31,23,1829,54.0,São Bernardo FC,Sobe,555374,,,,0,0,1,0
2022,Daniel Amorim,Vila Nova,CF,Atacante,36,31,1827,47.4,São Bernardo FC,Meio,490613,,,,0,0,1,0
2022,Fernando Neto,Operário-PR,LDMF,Volante,33,23,1823,49.4,Joinville,Cai,,,,,0,0,1,0
2022,Alex Ruan,Brusque,LB,Lateral,33,27,1821,48.3,Santa Cruz,Cai,419146,13.0,1,3.0,0,0,1,0
2022,Luvannor,Cruzeiro,CF,Atacante,36,29,1800,48.0,Al Faisaly,Sobe,192701,,,,0,0,1,0
2022,Lucas Frigeri,Novorizontino,GK,Goleiro,37,18,1796,48.0,,Meio,532752,,,,0,0,1,0
2022,Zé Mateus,Brusque,RCMF,Meia,31,23,1793,47.6,Capital Brasilia,Cai,684378,,,,0,0,1,0
2022,Pegorari,Ituano,GK,Goleiro,34,18,1792,47.5,Grêmio Prudente,Meio,213591,,,,0,0,1,0
2022,D. Torres,Novorizontino,AMF,Meia,35,27,1790,47.9,Guarani,Meio,,,,,0,0,1,0
2022,Hygor,Criciúma,RWF,Extremo,34,31,1790,46.9,Botafogo SP,Meio,419474,,,,0,0,1,0
2022,J. Reina,Operário-PR,AMF,Meia,37,27,1789,48.5,Deportes Quindío,Cai,,,,,0,0,1,0
2022,Vagner,Chapecoense,GK,Goleiro,36,18,1782,47.8,São Bento,Meio,200455,,,,0,0,1,0
2022,Diogo Mateus,Guarani,RB,Lateral,33,24,1782,48.1,Botafogo PB,Meio,231009,,,,0,0,1,0
2022,Lucas Barcelos,CSA,CF,Atacante,27,26,1779,47.6,Tokushima Vortis,Cai,710606,29.0,1,5.0,0,0,1,0
2022,Ralf,Vila Nova,LCMF,Meia,42,27,1776,46.1,Guarani,Meio,99903,,,,0,0,1,0
2022,Pará,Brusque,RB,Lateral,40,24,1763,46.8,,Cai,,,,,0,0,1,0
2022,Lucas Hipólito,Sampaio Corrêa,LB,Lateral,31,27,1760,46.8,Portuguesa,Meio,548827,,,,0,0,1,0
2022,Marquinhos Gabriel,Criciúma,CF,Atacante,36,19,1731,45.3,Vila Nova,Meio,100091,,,,0,0,1,0
2022,Samuel Santos,Londrina,RB,Lateral,36,25,1725,46.0,,Meio,131890,,,,0,0,1,0
2022,Jamerson,Guarani,LB,Lateral,27,19,1716,46.3,Vitória,Meio,613641,,,,0,0,1,0
2022,Raí Ramos,Ituano,RB,Lateral,32,18,1715,45.5,Juventude,Meio,439460,,,,0,0,1,0
2022,Luiz Henrique,Bahia,LB,Lateral,28,24,1692,45.6,Noroeste,Sobe,,,,,0,0,1,0
2022,Rayan,Criciúma,LCB,Zaga,36,20,1683,44.1,CSA,Meio,75378,,,,0,0,1,0
2022,Thiago Alagoano,Criciúma,LWF,Extremo,37,32,1671,43.8,Treze,Meio,147407,,,,0,0,1,0
2022,Pará,Sampaio Corrêa,LB,Lateral,38,21,1663,44.3,Monsoon FC,Meio,,,,,0,0,1,0
2022,Ewerthon,Sport,RB,Lateral,25,21,1663,44.3,Atlético GO,Meio,676034,99.0,2,12.0,0,0,1,0
2022,Ronaldo,Novorizontino,CF,Atacante,35,22,1651,44.2,Amazonas,Meio,,,,,0,0,1,0
2022,Rodrigo Rodrigues,CSA,CF,Atacante,30,29,1645,44.0,Coritiba,Cai,638262,,,,0,0,1,0
2022,Thiago Lopes,Ponte Preta,RCB,Zaga,24,18,1638,43.3,Nacional AM,Meio,,,,,0,0,1,0
2022,Diogo Barbosa,Grêmio,LB,Lateral,34,21,1635,48.2,Juventude,Sobe,167724,,,,0,0,1,0
2022,Werley,CSA,LCB,Zaga,37,18,1621,43.4,,Cai,75437,1.0,1,8.0,0,0,1,0
2022,Geovane Jesus,Cruzeiro,RWB,Lateral,24,27,1611,43.0,Dallas,Sobe,867483,,,,0,0,1,0
2022,Giva,CSA,RDMF,Volante,27,24,1609,43.0,Anápolis,Cai,,,,,0,0,1,0
2022,Marcos Serrato,Criciúma,DMF,Volante,32,26,1604,42.0,FC Tulsa,Meio,346067,,,,0,0,1,0
2022,Igor Inocêncio,CSA,RB,Lateral,28,23,1597,42.7,Cuiabá,Cai,733578,,,,0,0,1,0
2022,Renato Palm,Vila Nova,LCB,Zaga,34,16,1591,41.3,Grêmio Novorizontino,Meio,347285,,,,0,0,1,0
2022,João Paulo,Náutico,LCB,Zaga,28,18,1584,41.9,Chapecoense,Cai,,,,,0,0,1,0
2022,Thales,Operário-PR,RCB,Zaga,33,17,1578,42.8,,Cai,,,,,0,0,1,0
2022,Gabriel Santos,Londrina,CF,Atacante,27,28,1566,41.7,Seoul E-Land,Meio,662033,,,,0,0,1,0
2022,Wagner,Vila Nova,AMF,Meia,41,25,1559,40.5,,Meio,45720,,,,0,0,1,0
2022,Paulo Sérgio,Operário-PR,CF,Atacante,37,22,1546,41.9,Náutico,Cai,,,,,0,0,1,0
2022,Léo Costa,Criciúma,DMF,Volante,30,23,1544,40.5,Santa Cruz,Meio,792344,,,,0,0,1,0
2022,Rômulo,Criciúma,RCMF,Meia,30,26,1536,40.2,Nam Dinh,Meio,,,,,0,0,1,0
2022,J. Campaz,Grêmio,AMF,Meia,26,29,1525,45.0,Rosario Central,Sobe,,,,,0,0,1,0
2022,Bruno Rodrigues,Cruzeiro,LWF,Extremo,29,18,1524,40.7,Cruzeiro,Sobe,406766,,,,0,0,1,0
2022,Paulo Victor,Operário-PR,RAMF,Extremo,25,18,1491,40.4,América Mineiro,Cai,,,,,0,0,1,0
2022,Ronaldo Henrique,Sport,DMF,Volante,32,21,1488,39.7,Inter de Limeira,Meio,328758,,,,0,0,1,0
2022,Léo Santos,Ituano,RCB,Zaga,32,19,1482,39.3,Santo André,Meio,,,,,0,0,1,0
2022,Daniel Júnior,Cruzeiro,LWF,Extremo,24,25,1474,39.3,Nacional,Sobe,,,,,0,0,1,0
2022,Giovanni,Sport,AMF,Meia,32,28,1469,39.2,Botafogo PB,Meio,,,,,0,0,1,0
2022,Vágner Love,Sport,CF,Atacante,42,17,1468,39.1,Retrô,Meio,18829,,,,0,0,1,0
2022,Joílson,Novorizontino,RCB,Zaga,35,16,1460,39.1,Amazonas,Meio,178941,,,,0,0,1,0
2022,Matheus Pereira,Guarani,LB,Lateral,25,15,1455,39.3,Toronto,Meio,739438,,,,0,0,1,0
2022,Caio Dantas,Criciúma,CF,Atacante,33,25,1448,37.9,Operário PR,Meio,628647,,,,0,0,1,0
2022,Quirino,Novorizontino,CF,Atacante,32,27,1448,38.7,Caxias,Meio,538258,,,,0,0,1,0
2022,Mateus Silva,Ponte Preta,RCB,Zaga,30,15,1441,38.1,Náutico,Meio,,,,,0,0,1,0
2022,Kayke,Sport,CF,Atacante,38,24,1433,38.2,Uberlândia,Meio,55378,62.0,1,6.0,0,0,1,0
2022,Élvis,Ponte Preta,AMF,Meia,35,15,1412,37.3,Ponte Preta,Meio,76135,,,,0,0,1,0
2022,Souza,Náutico,LCMF,Meia,38,17,1412,37.4,,Cai,107259,,,,0,0,1,0
2022,Gerson Magrão,Ituano,AMF,Meia,41,28,1409,37.4,Ipatinga,Meio,27303,,,,0,0,1,0
2022,Joécio,Sampaio Corrêa,LCB,Zaga,40,17,1405,37.4,Sampaio Corrêa,Meio,541230,,,,0,0,1,0
2022,Hélder Santos,Criciúma,LB,Lateral,37,20,1404,36.8,,Meio,73964,,,,0,0,1,0
2022,Léo Matos,Vasco,RB,Lateral,40,18,1400,37.0,,Sobe,22378,,,,0,0,1,0
2022,Claudinei,CRB,DMF,Volante,37,21,1400,37.4,Jequié,Meio,,,,,0,0,1,0
2022,Álvaro,Brusque,AMF,Meia,33,22,1394,37.0,Blumenau,Cai,,,,,0,0,1,0
2022,Saulo,Sport,GK,Goleiro,31,14,1392,37.1,Ituano,Meio,,,,,0,0,1,0
2022,Richard Rodrigues,CRB,LAMF,Extremo,26,26,1388,37.1,Água Santa,Meio,,,,,0,0,1,0
2022,Mateus Claus,Bahia,GK,Goleiro,31,14,1387,37.4,Guarani,Sobe,733453,,,,0,0,1,0
2022,Danilo Boza,Vasco,RCB,Zaga,28,17,1387,36.7,Urawa Reds,Sobe,606136,,,,0,0,1,0
2022,Lucas Marques,CSA,RB,Lateral,28,22,1381,36.9,ABC,Cai,863066,,,,0,0,1,0
2022,Jefferson Paulino,Ituano,GK,Goleiro,34,14,1379,36.6,Retrô,Meio,437791,,,,0,0,1,0
2022,Isaque,Guarani,LAMF,Extremo,29,20,1369,36.9,Guarani,Meio,627099,,,,0,0,1,0
2022,Madison,Guarani,RDMF,Volante,28,26,1366,36.9,Confiança,Meio,592310,,,,0,0,1,0
2022,Diego Ivo,CRB,LCB,Zaga,37,18,1361,36.4,Amazonas,Meio,99667,,,,0,0,1,0
2022,Wellington,CSA,RCB,Zaga,31,15,1358,36.3,Ankara Keçiörengücü,Cai,,,,,0,0,1,0
2022,Jeferson,Londrina,RB,Lateral,30,16,1356,36.1,Brusque,Meio,294789,,,,0,0,1,0
2022,Felipe Garcia,Operário-PR,CF,Atacante,35,26,1346,36.5,São Bernardo FC,Cai,,,,,0,0,1,0
2022,Matheus Trindade,Brusque,RDMF,Volante,30,24,1334,35.4,Operário PR,Cai,395060,,,,0,0,1,0
2022,Frazan,Chapecoense,RCB,Zaga,30,16,1327,35.6,Birkirkara,Meio,522979,,,,0,0,1,0
2022,Tomás Bastos,Operário-PR,LCMF,Meia,34,26,1326,35.9,Uberlândia,Cai,349161,,,,0,0,1,0
2022,Jajá,Cruzeiro,LWF,Extremo,25,19,1323,35.3,Pafos,Sobe,739477,,,,0,0,1,0
2022,Ralph,Náutico,LDMF,Volante,28,22,1302,34.5,Lamphun Warrior,Cai,484847,,,,0,0,1,0
2022,Jhonny Lucas,Londrina,RCMF,Meia,26,15,1297,34.6,Amazonas,Meio,540990,,,,0,0,1,0
2022,Rafael Bilu,Criciúma,RWF,Extremo,27,19,1297,34.0,Ratchaburi,Meio,625333,29.0,1,5.0,0,0,1,0
2022,Ronaldo Alves,Guarani,LCB,Zaga,37,14,1293,34.9,Noroeste,Meio,124543,,,,0,0,1,0
2022,G. Barros,Ituano,LW,Extremo,24,24,1290,34.2,América Mineiro,Meio,,,,,0,0,1,0
2022,André Dhominique,Bahia,RB,Lateral,22,20,1283,34.6,Londrina,Sobe,959171,,,,0,0,1,0
2022,Claudinho,Criciúma,RB,Lateral,25,20,1280,33.5,Sport Recife,Meio,,,,,0,0,1,0
2022,Paulinho,Novorizontino,LB,Lateral,41,15,1277,34.2,,Meio,,,,,0,0,1,0
2022,Gabriel Grando,Grêmio,GK,Goleiro,26,13,1276,37.7,Grêmio,Sobe,878037,,,,0,0,1,0
2022,Yago César,Guarani,RAMF,Extremo,29,30,1269,34.2,Johor Darul Ta'zim,Meio,448308,,,,0,0,1,0
2022,Lucas Ramon,Guarani,RB,Lateral,32,19,1267,34.2,São Paulo,Meio,378189,,,,0,0,1,0
2022,Ronald,Novorizontino,LW,Extremo,29,23,1262,33.8,Santa Cruz,Meio,,,,,0,0,1,0
2022,Hugo Rodallega,Bahia,CF,Atacante,41,23,1262,34.0,Santa Fe,Sobe,37934,,,,0,0,1,0
2022,Júnior Brandao,Operário-PR,CF,Atacante,31,29,1261,34.2,,Cai,592351,,,,0,0,1,0
2022,Sousa,Vila Nova,RCMF,Meia,31,14,1252,32.5,Persija,Meio,592343,,,,0,0,1,0
2022,Bruno Matias,Sport,RCMF,Meia,27,18,1247,33.3,Chapecoense,Meio,671292,,,,0,0,1,0
2022,Norberto,Ponte Preta,RB,Lateral,36,19,1247,33.0,Villa Nova,Meio,152538,,,,0,0,1,0
2022,Wellington,Náutico,RCB,Zaga,34,15,1241,32.9,Gama,Cai,,,,,0,0,1,0
2022,Pacheco,Ituano,RB,Lateral,35,13,1236,32.8,Ponte Preta,Meio,271608,154.0,1,40.0,0,0,1,0
2022,Eduardo,Sport,RB,Lateral,39,15,1235,32.9,,Meio,,,,,0,0,1,0
2022,Kleiton,Tombense,RAMF,Extremo,27,27,1228,32.9,Paysandu,Meio,,,,,0,0,1,0
2022,Júlio César,Guarani,LAMF,Extremo,32,22,1223,33.0,XV de Jaú,Meio,249062,,,,0,0,1,0
2022,Matheus Bahia,Bahia,LB,Lateral,26,14,1212,32.7,Internacional,Sobe,741021,57.0,1,10.0,0,0,1,0
2022,Guilherme,Grêmio,LAMF,Extremo,31,18,1202,35.5,Houston Dynamo,Sobe,,,,,0,0,1,0
2022,Felipe,Londrina,LB,Lateral,27,17,1195,31.8,Botafogo SP,Meio,,,,,0,0,1,0
2022,Lohan,Criciúma,CF,Atacante,30,17,1194,31.3,Portuguesa RJ,Meio,547688,32.0,1,5.0,0,0,1,0
2022,Jobson,Náutico,RCMF,Meia,30,17,1191,31.5,Al Dhafra,Cai,519875,,,,0,0,1,0
2022,Maílton,Chapecoense,RB,Lateral,28,14,1186,31.8,Fortaleza,Meio,607210,,,,0,0,1,0
2022,Renatinho,Tombense,RAMF,Extremo,37,25,1184,31.7,Primavera AC,Meio,,,,,0,0,1,0
2022,Zé Marcos,Criciúma,LCB,Zaga,28,16,1181,30.9,Sport Recife,Meio,323850,45.0,1,7.0,0,0,1,0
2022,Marcondes,Tombense,RCB,Zaga,33,14,1178,31.6,Amazonas,Meio,437777,,,,0,0,1,0
2022,Alisson Farias,Chapecoense,LW,Extremo,30,19,1167,31.3,Rio Branco ES,Meio,366645,,,,0,0,1,0
2022,Silvinho,Operário-PR,LW,Extremo,36,15,1161,31.5,Figueirense,Cai,149748,,,,0,0,1,0
2022,Lucas Araújo,Sampaio Corrêa,LDMF,Volante,27,28,1156,30.8,Botev Plovdiv,Meio,555018,,,,0,0,1,0
2022,Fabio Alemão,Sport,RCB,Zaga,29,14,1144,30.5,CRB,Meio,544254,,,,0,0,1,0
2022,Bruno Aguiar,Brusque,RCB,Zaga,40,13,1144,30.4,,Cai,75333,,,,0,0,1,0
2022,Kieza,Náutico,CF,Atacante,39,19,1141,30.2,Desportiva Ferroviária,Cai,112335,,,,0,0,1,0
2022,Yuri Jonathan,Guarani,CF,Atacante,28,17,1141,30.8,Criciúma,Meio,,,,,0,0,1,0
2022,Toty,Brusque,RB,Lateral,35,21,1141,30.3,Joinville,Cai,200617,,,,0,0,1,0
2022,N. Pessôa,Vila Nova,CF,Atacante,32,14,1138,29.5,Chapecoense,Meio,,,,,0,0,1,0
2022,Lima,Chapecoense,LCMF,Meia,27,20,1137,30.5,ABC,Meio,432957,,,,0,0,1,0
2022,Djavan,Náutico,LDMF,Volante,30,17,1137,30.1,XV de Piracicaba,Cai,537691,,,,0,0,1,0
2022,Crislan,Brusque,CF,Atacante,34,21,1125,29.9,Trat,Cai,271861,,,,0,0,1,0
2022,Eloir,Sampaio Corrêa,LDMF,Volante,38,25,1125,29.9,Iape,Meio,346868,,,,0,0,1,0
2022,Lucão,Guarani,CF,Atacante,34,16,1123,30.3,Ninh Binh,Meio,,,,,0,0,1,0
2022,Rafael Chorão,Operário-PR,RDMF,Volante,38,24,1122,30.4,,Cai,163710,11.0,1,2.0,0,0,1,0
2022,Jaílson,Brusque,RAMF,Extremo,33,27,1122,29.8,ASA,Cai,552689,,,,0,0,1,0
2022,Douglas Borel,Bahia,RB,Lateral,24,15,1110,29.9,Penafiel,Sobe,647540,,,,0,0,1,0
2022,Marcinho,Bahia,RB,Lateral,30,14,1107,29.8,Criciúma,Sobe,,,,,0,0,1,0
2022,Pablo Oliveira,Chapecoense,LCMF,Meia,31,15,1104,29.6,,Meio,535417,,,,0,0,1,0
2022,Echaporã,Ponte Preta,LW,Extremo,26,21,1104,29.2,São Bernardo FC,Meio,688896,,,,0,0,1,0
2022,Lucas Mendes,Operário-PR,RB,Lateral,35,21,1095,29.7,,Cai,,,,,0,0,1,0
2022,Thassio,Náutico,RB,Lateral,25,14,1090,28.9,Ituano,Cai,740404,,,,0,0,1,0
2022,Júnior Tavares,Náutico,LB,Lateral,30,21,1086,28.8,,Cai,362835,,,,0,0,1,0
2022,Gilvan,CRB,LCB,Zaga,36,14,1083,28.9,,Meio,347079,107.0,2,14.0,0,0,1,0
2022,Giovanni,Novorizontino,GK,Goleiro,39,11,1080,28.9,,Meio,,,,,0,0,1,0
2022,Gabriel Conceição,CRB,CF,Atacante,25,26,1078,28.8,Boavista,Meio,931302,,,,0,0,1,0
2022,Juninho Valoura,CRB,LDMF,Volante,40,12,1072,28.6,,Meio,101542,,,,0,0,1,0
2022,Yann Rolim,CSA,AMF,Meia,31,23,1071,28.6,Capital Brasilia,Cai,336724,,,,0,0,1,0
2022,Betinho,Chapecoense,RCMF,Meia,34,20,1068,28.7,Arema,Meio,237851,,,,0,0,1,0
2022,Marthã,CRB,LDMF,Volante,29,18,1058,28.3,Ituano,Meio,598972,,,,0,0,1,0
2022,Eltinho,Londrina,LB,Lateral,39,20,1057,28.2,,Meio,80927,,,,0,0,1,0
2022,Uillian Correia,CRB,LDMF,Volante,36,20,1054,28.2,,Meio,257057,,,,0,0,1,0
2022,Gabriel Xavier,Bahia,LCB,Zaga,25,14,1046,28.2,Shenzhen Peng City,Sobe,740501,,,,0,0,1,0
2022,Gabriel Dias,Vasco,RB,Lateral,32,14,1043,27.6,Inter de Limeira,Sobe,336474,122.0,1,43.0,0,0,1,0
2022,Eguinaldo,Vasco,CF,Atacante,21,18,1039,27.5,Shakhtar Donetsk,Sobe,1033963,,,,0,0,1,0
2022,Marlon Gomes,Vasco,RAMF,Extremo,22,18,1038,27.4,Shakhtar Donetsk,Sobe,668235,,,,0,0,1,0
2022,Danilo Gomes,Ponte Preta,RWF,Extremo,27,14,1027,27.2,Albirex Niigata,Meio,546218,,,,0,0,1,0
2022,Eduardo Person,Guarani,LDMF,Volante,29,19,1024,27.6,América Mineiro,Meio,554298,,,,0,0,1,0
2022,Ricardo Goulart,Bahia,CF,Atacante,35,16,1019,27.5,,Sobe,106076,,,,0,0,1,0
2022,Luiz Antônio,Brusque,LDMF,Volante,35,20,1016,27.0,,Cai,127528,,,,0,0,1,0
2022,J. Victor,Ituano,LW,Extremo,27,22,1011,26.8,Daejeon Citizen,Meio,,,,,0,0,1,0
2022,Felipe Saraiva,Operário-PR,LW,Extremo,28,24,1010,27.4,Inter de Limeira,Cai,523792,,,,0,0,1,0
2022,Nicolas,Ponte Preta,CF,Atacante,25,21,1008,26.7,Barra,Meio,,,,,0,0,1,0
2022,William Oliveira,Sport,LDMF,Volante,34,18,1007,26.9,,Meio,436570,,,,0,0,1,0
2022,Diego Ferreira,Tombense,RB,Lateral,30,22,1006,26.9,Portuguesa RJ,Meio,,,,,0,0,1,0
2022,Fraga,Ponte Preta,DMF,Volante,29,21,1002,26.5,Taubaté,Meio,,,,,0,0,1,0
2022,Felipe Albuquerque,Novorizontino,RB,Lateral,26,17,996,26.6,Caxias,Meio,555012,,,,0,0,1,0
2022,Léo Ceará,Ituano,RAMF,Extremo,27,16,989,26.2,Noroeste,Meio,595526,,,,0,0,1,0
2022,Rildo,Bahia,LAMF,Extremo,26,15,976,26.3,Santa Clara,Sobe,800177,,,,0,0,1,0
2022,Pedro Naressi,Sport,RCMF,Meia,28,18,975,26.0,Servette,Meio,646679,,,,0,0,1,0
2022,Diego Tavares,Vila Nova,RW,Extremo,35,22,973,25.3,Ponte Preta,Meio,435234,,,,0,0,1,0
2022,Júnior Todinho,Brusque,CF,Atacante,32,18,973,25.8,Náutico,Cai,518080,,,,0,0,1,0
2022,Willian Popp,Chapecoense,LW,Extremo,32,13,972,26.1,Bangkok United,Meio,363842,11.0,1,2.0,0,0,1,0
2022,Nenê Bonilha,Tombense,AMF,Meia,34,17,967,25.9,Água Santa,Meio,180271,64.0,1,7.0,0,0,1,0
2022,Thomás Bedinelli,Chapecoense,CF,Atacante,33,15,967,26.0,,Meio,,,,,0,0,1,0
2022,Thiago Santos,Grêmio,RCMF,Meia,36,19,967,28.5,Coritiba,Sobe,346922,,,,0,0,1,0
2022,Emerson Santos,Bahia,RDMF,Volante,34,22,966,26.0,Inter de Limeira,Sobe,131028,,,,0,0,1,0
2022,Edílson,Grêmio,RB,Lateral,40,14,966,28.5,,Sobe,,,,,0,0,1,0
2022,Diego Jardel,Brusque,AMF,Meia,36,17,960,25.5,Betim,Cai,269441,,,,0,0,1,0
2022,Maurício Maranhão,Sampaio Corrêa,RB,Lateral,27,23,956,25.4,Maranhão,Meio,865095,,,,0,0,1,0
2022,Carlão,Náutico,RCB,Zaga,25,11,956,25.3,Botafogo SP,Cai,,,,,0,0,1,0
2022,Janderson,Grêmio,RAMF,Extremo,27,25,954,28.1,Vila Nova,Sobe,670940,49.0,1,8.0,0,0,1,0
2022,J. Jiménez,Ituano,DMF,Volante,33,22,950,25.2,América Mineiro,Meio,,,,,0,0,1,0
2022,Nícolas Careca,Guarani,CF,Atacante,29,15,948,25.6,Grêmio Novorizontino,Meio,345401,101.0,1,13.0,0,0,1,0
2022,Dudu Vieira,Ituano,RCMF,Meia,32,20,941,25.0,XV de Piracicaba,Meio,519877,,,,0,0,1,0
2022,Jean Carlos,Ponte Preta,LB,Lateral,23,19,939,24.8,Paulista,Meio,,,,,0,0,1,0
2022,J. Parraguez,Sport,CF,Atacante,36,21,932,24.9,Santiago Wanderers,Meio,,,,,0,0,1,0
2022,Guilherme Rend,Tombense,LDMF,Volante,27,17,920,24.6,Jacuipense,Meio,684234,,,,0,0,1,0
2022,Dentinho,Vila Nova,RAMF,Extremo,29,13,920,23.9,Guarani,Meio,980005,,,,0,0,1,0
2022,Kaio Nunes,Vila Nova,LAMF,Extremo,30,17,908,23.6,,Meio,592342,,,,0,0,1,0
2022,Élton,CSA,CF,Atacante,40,14,907,24.3,,Cai,41052,,,,0,0,1,0
2022,L. País,Cruzeiro,RWB,Lateral,32,17,905,24.1,Albion,Sobe,,,,,0,0,1,0
2022,Jeferson,Brusque,LCB,Zaga,34,9,902,23.9,Foolad,Cai,294789,,,,0,0,1,0
2022,Thiago Lopes,Sport,RAMF,Extremo,29,21,900,24.0,Noroeste,Meio,,,,,0,0,1,0
2022,Gustavo Coutinho,Sport,CF,Atacante,27,16,894,23.8,Atlético GO,Meio,612340,,,,0,0,1,0
2022,Raí,Bahia,RW,Extremo,28,19,892,24.0,Londrina,Sobe,,,,,0,0,1,0
2022,Anilson,Náutico,RWB,Lateral,24,10,890,23.6,Austria Lustenau,Cai,813047,,,,0,0,1,0
2022,Gabriel Batista,Sampaio Corrêa,GK,Goleiro,28,9,887,23.6,Botafogo,Meio,401535,,,,0,0,1,0
2022,Alex Teixeira,Vasco,LAMF,Extremo,36,15,886,23.4,Panserraikos,Sobe,66515,,,,0,0,1,0
2022,Lucas Silva,Grêmio,RCMF,Meia,33,22,883,26.1,Cruzeiro,Sobe,,,,,0,0,1,0
2022,Willian Machado,Operário-PR,LCB,Zaga,29,10,883,23.9,Mirassol,Cai,592340,,,,0,0,1,0
2022,M. Antônio,Bahia,RAMF,Extremo,28,15,881,23.7,Inter de Limeira,Sobe,,,,,0,0,1,0
2022,Bernardo,Ponte Preta,RB,Lateral,29,20,876,23.2,,Meio,861167,,,,0,0,1,0
2022,Geuvânio,Náutico,CF,Atacante,34,14,874,23.1,,Cai,177009,21.0,1,3.0,0,0,1,0
2022,Ai Kesen,Grêmio,CF,Atacante,37,23,874,25.8,,Sobe,,,,,0,0,1,0
2022,Éverton Brito,Náutico,RW,Extremo,31,12,873,23.1,América Mineiro,Cai,553563,,,,0,0,1,0
2022,Cléo Silva,Novorizontino,RW,Extremo,36,22,867,23.2,Barra,Meio,374091,,,,0,0,1,0
2022,Rafinha Silva,Vila Nova,RDMF,Volante,29,13,867,22.5,Uberlândia,Meio,,,,,0,0,1,0
2022,C. Orejuela,Chapecoense,LW,Extremo,33,14,861,23.1,Libertad,Meio,,,,,0,0,1,0
2022,F. Labandeira,Sport,RW,Extremo,30,14,860,22.9,Wanderers,Meio,,,,,0,0,1,0
2022,Xandão,Chapecoense,LCB,Zaga,36,10,854,22.9,Pouso Alegre,Meio,439389,,,,0,0,1,0
2022,Augusto,Londrina,LCB,Zaga,29,12,846,22.5,São Bernardo FC,Meio,411663,,,,0,0,1,0
2022,Rômulo,Novorizontino,AMF,Meia,24,20,846,22.6,Grêmio Novorizontino,Meio,,,,,0,0,1,0
2022,C. Palacios,Vasco,AMF,Meia,25,24,844,22.3,Boca Juniors,Sobe,,,,,0,0,1,0
2022,Gustavo Cazonatti,Criciúma,RDMF,Volante,30,13,826,21.6,Mirassol,Meio,520457,,,,0,0,1,0
2022,Lucas Tocantins,Novorizontino,LAMF,Extremo,32,14,821,22.0,Port FC,Meio,665602,,,,0,0,1,0
2022,André Lima,Operário-PR,DMF,Volante,26,14,816,22.1,Ponte Preta,Cai,740299,,,,0,0,1,0
2022,Paulinho Moccelin,CRB,LAMF,Extremo,32,13,811,21.7,Londrina,Meio,282502,,,,0,0,1,0
2022,Ramon,Ponte Preta,LCMF,Meia,29,11,811,21.4,,Meio,312684,,,,0,0,1,0
2022,Felipe Ferreira,Chapecoense,RWF,Extremo,32,16,808,21.7,Ypiranga Erechim,Meio,420159,,,,0,0,1,0
2022,Rafael Santos,Cruzeiro,LWB,Lateral,28,13,807,21.5,St. Louis City ,Sobe,,,,,0,0,1,0
2022,Iago Mendonça,CRB,LCB,Zaga,26,13,800,21.4,Floriana,Meio,678992,,,,0,0,1,0
2022,Matheus Lucas,Londrina,CF,Atacante,27,25,797,21.2,,Meio,642989,,,,0,0,1,0
2022,Tiago Real,Chapecoense,AMF,Meia,37,10,794,21.3,,Meio,99516,,,,0,0,1,0
2022,Moacir,Vila Nova,RB,Lateral,40,10,794,20.6,Centro Oeste,Meio,77624,,,,0,0,1,0
2022,Jean,Náutico,GK,Goleiro,34,8,793,21.0,Maranhão,Cai,,,,,0,0,1,0
2022,Mirandinha,Londrina,LW,Extremo,26,20,787,21.0,Jeonnam Dragons,Meio,622435,,,,0,0,1,0
2022,Léo Baiano,Novorizontino,RCMF,Meia,34,18,779,20.8,Porto Vitoria,Meio,370109,,,,0,0,1,0
2022,Luizinho,Chapecoense,RW,Extremo,29,18,775,20.8,Joinville,Meio,797813,,,,0,0,1,0
2022,W. Kannemann,Grêmio,LCB,Zaga,35,8,771,22.8,Grêmio,Sobe,,,,,0,0,1,0
2022,Rhaldney,Náutico,RDMF,Volante,27,10,756,20.0,Göztepe,Cai,638269,,,,0,0,1,0
2022,Pablo Roberto,Vila Nova,LDMF,Volante,26,14,754,19.6,Juventude,Meio,592375,,,,0,0,1,0
2022,L. Hernández,Sport,LB,Lateral,34,9,743,19.8,Peñarol,Meio,,,,,0,0,1,0
2022,Derek,Chapecoense,CF,Atacante,28,22,742,19.9,Náutico,Meio,719251,,,,0,0,1,0
2022,Paulo Baya,Brusque,LAMF,Extremo,27,18,733,19.5,Fortaleza,Cai,853529,,,,0,0,1,0
2022,Igor Henrique,Tombense,AMF,Meia,34,15,732,19.6,Atlético GO,Meio,521074,,,,0,0,1,0
2022,Georgemy,Vila Nova,GK,Goleiro,30,8,731,19.0,Mirassol,Meio,258369,,,,0,0,1,0
2022,Didi,Bahia,LCB,Zaga,35,9,726,19.6,,Sobe,379687,,,,0,0,1,0
2022,Elias Manoel,Grêmio,RW,Extremo,24,18,724,21.4,Club Tijuana,Sobe,813044,,,,0,0,1,0
2022,Jean Martim,Vila Nova,RDMF,Volante,27,13,722,18.7,Guarany de Bagé,Meio,653629,,,,0,0,1,0
2022,Douglas Mendes,Ponte Preta,RCB,Zaga,22,8,717,19.0,Vila Nova,Meio,921863,,,,0,0,1,0
2022,Mossoró,Londrina,AMF,Meia,30,16,713,19.0,XV de Piracicaba,Meio,520466,,,,0,0,1,0
2022,Wallace,CRB,LDMF,Volante,25,14,712,19.0,Piauí,Meio,,,,,0,0,1,0
2022,Bruno Mezenga,CSA,CF,Atacante,37,13,710,19.0,Ituano,Cai,54044,,,,0,0,1,0
2022,Léo Tocantins,Sampaio Corrêa,LAMF,Extremo,27,16,708,18.8,Atlético GO,Meio,739249,,,,0,0,1,0
2022,Fabrício,Ponte Preta,LCB,Zaga,36,8,705,18.6,Volta Redonda,Meio,,,,,0,0,1,0
2022,Fernando Canesin,Cruzeiro,RWF,Extremo,34,11,692,18.5,Ituano,Sobe,153065,,,,0,0,1,0
2022,Ruan Carneiro,Brusque,GK,Goleiro,36,7,691,18.3,Juventude,Cai,203822,,,,0,0,1,0
2022,Ezequiel,Sport,RB,Lateral,33,11,690,18.4,Figueirense,Meio,224047,,,,0,0,1,0
2022,Claudinho,Chapecoense,AMF,Meia,25,20,688,18.5,Inter de Limeira,Meio,,,,,0,0,1,0
2022,O. Henríquez,Criciúma,LCB,Zaga,37,9,685,17.9,,Meio,,,,,0,0,1,0
2022,Silas,Guarani,LDMF,Volante,30,13,673,18.2,Guarany de Bagé,Meio,373302,,,,0,0,1,0
2022,Jordan,Vila Nova,RCB,Zaga,27,8,667,17.3,Zorya,Meio,,,,,0,0,1,0
2022,Guilherme Paraíba,CSA,LCB,Zaga,32,7,662,17.7,América RN,Cai,725079,,,,0,0,1,0
2022,Matheus Albino,Londrina,GK,Goleiro,31,7,660,17.6,CRB,Meio,363811,,,,0,0,1,0
2022,Júlio Rodrigues,Náutico,CF,Atacante,25,15,659,17.5,Uberlândia,Cai,638304,15.0,1,1.0,0,0,1,0
2022,Amarildo,Náutico,CF,Atacante,27,16,659,17.5,Birkirkara,Cai,662950,,,,0,0,1,0
2022,Ferreira,Grêmio,LAMF,Extremo,28,9,658,19.4,São Paulo,Sobe,,,,,0,0,1,0
2022,Denílson,Londrina,RB,Lateral,31,15,655,17.5,Retrô,Meio,476366,,,,0,0,1,0
2022,Gabriel Furtado,Sampaio Corrêa,RCB,Zaga,26,8,653,17.4,Anorthosis,Meio,520626,,,,0,0,1,0
2022,Arthur,Náutico,RCB,Zaga,27,9,648,17.2,Tuna Luso,Cai,,,,,0,0,1,0
2022,Nadson,Sampaio Corrêa,RAMF,Extremo,26,14,648,17.2,Maranhão,Meio,,,,,0,0,1,0
2022,Camutanga,Náutico,RCB,Zaga,32,7,647,17.1,Vitória,Cai,607817,,,,0,0,1,0
2022,Bruno Silva,Novorizontino,LAMF,Extremo,26,10,645,17.3,Suwon Bluewings,Meio,74790,,,,0,0,1,0
2022,Renatinho,Sampaio Corrêa,AMF,Meia,34,19,643,17.1,Itabaiana,Meio,,,,,0,0,1,0
2022,Rômulo,Cruzeiro,RB,Lateral,39,11,636,17.0,,Sobe,,,,,0,0,1,0
2022,Felipe Augusto,CSA,LB,Lateral,34,12,635,17.0,Operário PR,Cai,410443,,,,0,0,1,0
2022,Bruno Mota,Tombense,CF,Atacante,31,20,631,16.9,Portuguesa RJ,Meio,369283,,,,0,0,1,0
2022,Léo Passos,Náutico,CF,Atacante,27,10,625,16.6,Ituano,Cai,528004,172.0,1,26.0,0,0,1,0
2022,Rafa Silva,Cruzeiro,CF,Atacante,34,16,622,16.6,Vila Nova,Sobe,213619,51.0,1,6.0,0,0,1,0
2022,Victor Andrade,Vila Nova,LAMF,Extremo,30,8,621,16.1,Náutico,Meio,203323,,,,0,0,1,0
2022,Jonathan Junior,Chapecoense,CF,Atacante,27,20,620,16.6,Stal Rzeszów,Meio,599259,,,,0,0,1,0
2022,Brenner,Ituano,CF,Atacante,32,9,618,16.4,Bac Ninh FC,Meio,,,,,0,0,1,0
2022,J. Copete,Bahia,LW,Extremo,38,14,617,16.6,,Sobe,,,,,0,0,1,0
2022,Thomaz,Náutico,LAMF,Extremo,25,12,614,16.3,São José EC,Cai,,,,,0,0,1,0
2022,R. Vanegas,Sport,LAMF,Extremo,33,19,609,16.2,Bogotá,Meio,,,,,0,0,1,0
2022,Denner,Sport,LCMF,Meia,26,18,608,16.2,Noroeste,Meio,593653,,,,0,0,1,0
2022,Adriano Firmino,Cruzeiro,RCMF,Meia,26,15,603,16.1,Wuhan Three Towns,Sobe,687743,,,,0,0,1,0
2022,R. Ríos,Guarani,RDMF,Volante,26,9,602,16.2,Benfica,Meio,,,,,0,0,1,0
2022,Erick Farias,Vasco,LAMF,Extremo,29,14,601,15.9,Ulsan Hyundai,Sobe,535037,,,,0,0,1,0
2022,Júnior Beliato,Brusque,GK,Goleiro,38,6,601,16.0,,Cai,,,,,0,0,1,0
2022,Douglas,CSA,RCB,Zaga,31,8,600,16.0,Água Santa,Cai,643374,,,,0,0,1,0
2022,Hélio Borges,Novorizontino,LW,Extremo,26,18,599,16.0,Grêmio Novorizontino,Meio,730938,,,,0,0,1,0
2022,Zé Gabriel,Vasco,LDMF,Volante,27,10,597,15.8,Sport Recife,Sobe,670968,,,,0,0,1,0
2022,Ítalo,Criciúma,LWF,Extremo,33,11,597,15.6,Juazeirense,Meio,795305,,,,0,0,1,0
2022,Rickson,CSA,LDMF,Volante,28,7,591,15.8,Joinville,Cai,529609,,,,0,0,1,0
2022,Lucas Xavier,Criciúma,LWF,Extremo,32,15,590,15.5,Portuguesa Santista,Meio,532218,,,,0,0,1,0
2022,Gabriel Taliari,Brusque,AMF,Meia,29,16,587,15.6,Remo,Cai,585876,,,,0,0,1,0
2022,Mascote,Brusque,CF,Atacante,29,9,577,15.3,Botev Plovdiv,Cai,650069,,,,0,0,1,0
2022,Patrick Carvalho,Brusque,CF,Atacante,29,10,575,15.3,Maranhão,Cai,598251,,,,0,0,1,0
2022,Rodolfo,Cruzeiro,CF,Atacante,34,18,565,15.1,Botafogo PB,Sobe,374097,,,,0,0,1,0
2022,Matheus Frizzo,Tombense,RDMF,Volante,27,12,558,14.9,Suwon,Meio,688878,,,,0,0,1,0
2022,Kadu,Criciúma,LCB,Zaga,29,6,557,14.6,América RJ,Meio,606729,144.0,1,28.0,0,0,1,0
2022,Jonathan,CSA,RB,Lateral,33,11,555,14.8,Botafogo SP,Cai,147366,,,,0,0,1,0
2022,Pablo Diogo,Operário-PR,RB,Lateral,33,9,554,15.0,Figueirense,Cai,,,,,0,0,1,0
2022,Ernando,Guarani,RCB,Zaga,38,8,554,14.9,,Meio,53755,,,,0,0,1,0
2022,Rodrigues,Grêmio,RCB,Zaga,28,7,550,16.2,Kalamata,Sobe,445101,,,,0,0,1,0
2022,Marcinho,Londrina,RDMF,Volante,27,10,549,14.6,Široki Brijeg,Meio,,,,,0,0,1,0
2022,Jenison,Guarani,CF,Atacante,35,10,549,14.8,Mixto,Meio,177381,,,,0,0,1,0
2022,Getúlio,Vasco,CF,Atacante,29,14,547,14.5,Inter de Limeira,Sobe,592345,,,,0,0,1,0
2022,Railan,Vila Nova,RB,Lateral,26,14,545,14.1,Cuiabá,Meio,752558,,,,0,0,1,0
2022,Marco Túlio,CSA,RWF,Extremo,28,10,542,14.5,Kyoto Sanga,Cai,551275,,,,0,0,1,0
2022,Gabriel Silva,Grêmio,LCMF,Meia,24,15,542,16.0,East Riffa,Sobe,983109,,,,0,0,1,0
2022,Pedro Castro,Cruzeiro,RCMF,Meia,33,13,541,14.4,CRB,Sobe,214312,,,,0,0,1,0
2022,Bruninho,CRB,AMF,Meia,26,14,541,14.5,Maccabi Haifa,Meio,584083,5.0,1,1.0,0,0,1,0
2022,Maranhão,Chapecoense,LAMF,Extremo,36,11,540,14.5,Vitória ES,Meio,172454,,,,0,0,1,0
2022,Darlan,Chapecoense,LCMF,Meia,28,13,531,14.3,Buriram United,Meio,570582,,,,0,0,1,0
2022,Edílson,Brusque,RB,Lateral,31,11,531,14.1,Paysandu,Cai,,,,,0,0,1,0
2022,Jalysson,CRB,RCMF,Meia,24,10,527,14.1,Maguary PE,Meio,1012478,,,,0,0,1,0
2022,Bryan,CRB,LB,Lateral,24,12,527,14.1,Democrata GV,Meio,,,,,0,0,1,0
2022,R. Martínez,Novorizontino,RDMF,Volante,30,11,523,14.0,Deportes Limache,Meio,,,,,0,0,1,0
2022,Weverton,Vasco,RB,Lateral,27,11,522,13.8,Londrina,Sobe,,,,,0,0,1,0
2022,Wanderson,Sport,LW,Extremo,38,16,521,13.9,,Meio,265822,,,,0,0,1,0
2022,Alexis Alvariño,Guarani,RB,Lateral,25,6,519,14.0,Grêmio Novorizontino,Meio,911994,30.0,1,5.0,0,0,1,0
2022,Paulo Sérgio,Sampaio Corrêa,LCB,Zaga,37,7,518,13.8,,Meio,,,,,0,0,1,0
2022,Leandrinho,Londrina,CF,Atacante,27,8,517,13.8,Capivariano,Meio,,,,,0,0,1,0
2022,Thaciano,Grêmio,RAMF,Extremo,31,13,517,15.3,Santos,Sobe,392487,,,,0,0,1,0
2022,Edson Lucas,CSA,LB,Lateral,25,11,516,13.8,Sport Recife,Cai,886688,,,,0,0,1,0
2022,Filipe Costa,Ituano,GK,Goleiro,30,6,513,13.6,XV de Piracicaba,Meio,906101,,,,0,0,1,0
2022,Vinícius Paiva,Ituano,LAMF,Extremo,25,13,510,13.5,Grêmio Novorizontino,Meio,689561,,,,0,0,1,0
2022,Chrigor,Ituano,CF,Atacante,25,17,510,13.5,Selangor,Meio,,,,,0,0,1,0
2022,Thiago Ennes,Náutico,RB,Lateral,30,10,506,13.4,Santa Cruz,Cai,451933,,,,0,0,1,0
2022,Leonardo Kalil,Operário-PR,CF,Atacante,30,11,506,13.7,Irtysh,Cai,,,,,0,0,1,0
2022,B. Cáceres,Sport,LCMF,Meia,37,12,504,13.4,,Meio,,,,,0,0,1,0
2022,Barba,Novorizontino,RCMF,Meia,27,10,503,13.5,Barra,Meio,739250,,,,0,0,1,0
2022,Guilherme,CRB,LB,Lateral,24,7,502,13.4,Atlético GO,Meio,,,,,0,0,1,0
2022,Vinicius Almeida,Novorizontino,GK,Goleiro,26,5,493,13.2,CRAC,Meio,726126,,,,0,0,1,0
2022,Carlão,Ituano,LCB,Zaga,40,8,490,13.0,,Meio,,,,,0,0,1,0
2022,Matheus Inácio,Sampaio Corrêa,GK,Goleiro,34,5,487,13.0,Altos,Meio,225132,,,,0,0,1,0
2022,Marcelo,Operário-PR,RCMF,Meia,38,7,481,13.0,Maricá,Cai,554457,,,,0,0,1,0
2022,Everton Felipe,Sport,RAMF,Extremo,29,8,481,12.8,,Meio,419420,46.0,1,9.0,0,0,1,0
2022,Djalma Silva,Bahia,LB,Lateral,31,9,480,12.9,Goiás,Sobe,555672,,,,0,0,1,0
2022,Rubens,Vila Nova,CF,Atacante,32,14,464,12.0,Tombense,Meio,348871,,,,0,0,1,0
2022,Maurício,Náutico,CB,Zaga,37,6,461,12.2,,Cai,67864,48.0,1,8.0,0,0,1,0
2022,Edson Carioca,Guarani,LW,Extremo,29,12,455,12.3,Mirassol,Meio,794925,,,,0,0,1,0
2022,Eron,Sampaio Corrêa,CF,Atacante,28,12,454,12.1,Santa Cruz,Meio,323891,,,,0,0,1,0
2022,Hugo Cabral,Vila Nova,LAMF,Extremo,37,11,451,11.7,,Meio,211270,,,,0,0,1,0
2022,Jáderson,Sport,RW,Extremo,25,9,451,12.0,Remo,Meio,653349,,,,0,0,1,0
2022,Caio Vidal,Bahia,RAMF,Extremo,25,8,442,11.9,Ludogorets,Sobe,815686,,,,0,0,1,0
2022,Niltinho,Náutico,RAMF,Extremo,32,10,441,11.7,Independente FSJ,Cai,271353,,,,0,0,1,0
2022,Luis Phelipe,Náutico,LW,Extremo,25,10,438,11.6,Lee Man,Cai,673830,,,,0,0,1,0
2022,Vinicius Mingotti,Tombense,CF,Atacante,26,7,432,11.6,Operário PR,Meio,658664,,,,0,0,1,0
2022,Emerson,Tombense,LB,Lateral,27,6,431,11.5,Guarani,Meio,798448,,,,0,0,1,0
2022,Neto Berola,Ituano,CF,Atacante,38,8,426,11.3,Ituano,Meio,109652,202.0,2,52.0,0,0,1,0
2022,Chico,Sport,LCB,Zaga,27,12,422,11.3,Hapoel Tel Aviv,Meio,612342,,,,0,0,1,0
2022,Nascimento,Náutico,LDMF,Volante,26,8,421,11.1,América RJ,Cai,519600,,,,0,0,1,0
2022,Rafael Costa,Sampaio Corrêa,CF,Atacante,38,26,419,11.1,,Meio,,,,,0,0,1,0
2022,Matheus Ribeiro,Vasco,RB,Lateral,33,5,419,11.1,Náutico,Sobe,373299,,,,0,0,1,0
2022,Ianson,Brusque,RCB,Zaga,31,5,415,11.0,Caxias,Cai,403540,,,,0,0,1,0
2022,Kevin,Chapecoense,LB,Lateral,26,10,408,11.0,Osasco Audax,Meio,520430,,,,0,0,1,0
2022,Lucas Nathan,Ituano,AMF,Meia,27,14,404,10.7,São Bento,Meio,743770,,,,0,0,1,0
2022,H. Canteros,CSA,AMF,Meia,37,8,402,10.8,Sacachispas,Cai,,,,,0,0,1,0
2022,Juninho,Vasco,RDMF,Volante,25,13,399,10.5,Grêmio Novorizontino,Sobe,740271,,,,0,0,1,0
2022,Carlos Eduardo,Sport,GK,Goleiro,34,4,397,10.6,,Meio,,,,,0,0,1,0
2022,Lincoln,Cruzeiro,CF,Atacante,25,9,395,10.5,Spartak Subotica,Sobe,372046,,,,0,0,1,0
2022,Welliton,Novorizontino,CF,Atacante,39,13,393,10.5,,Meio,45593,,,,0,0,1,0
2022,Léo Gomes,Grêmio,RB,Lateral,30,7,387,11.4,,Sobe,347016,,,,0,0,1,0
2022,Bruno Lopes,Náutico,GK,Goleiro,23,4,385,10.2,Maguary PE,Cai,,,,,0,0,1,0
2022,Bill,Sport,RW,Extremo,27,9,385,10.3,Nova Iguaçu,Meio,659886,,,,0,0,1,0
2022,Rogério,CSA,LW,Extremo,35,11,383,10.2,Tocantinópolis,Cai,175256,,,,0,0,1,0
2022,Didira,CSA,RAMF,Extremo,38,9,383,10.2,Penedense,Cai,147440,,,,0,0,1,0
2022,Lucas Pereira,Novorizontino,GK,Goleiro,28,4,383,10.2,Grêmio Novorizontino,Meio,,,,,0,0,1,0
2022,Pedro Carrerette,Sampaio Corrêa,RCB,Zaga,27,5,381,10.1,Paysandu,Meio,,,,,0,0,1,0
2022,Aílton,Náutico,LB,Lateral,31,4,378,10.0,ASA,Cai,283863,,,,0,0,1,0
2022,Romario,Vila Nova,RDMF,Volante,24,7,375,9.7,Botafogo PB,Meio,,,,,0,0,1,0
2022,Emerson Souza,Londrina,LDMF,Volante,28,8,372,9.9,,Meio,595634,,,,0,0,1,0
2022,Matheus Souza,Vila Nova,LW,Extremo,25,7,371,9.6,CSA,Meio,797734,,,,0,0,1,0
2022,Renan Areias,Criciúma,RB,Lateral,28,10,370,9.7,Figueirense,Meio,351897,,,,0,0,1,0
2022,João Victor,Sampaio Corrêa,LB,Lateral,31,4,370,9.8,Porto Velho,Meio,,,,,0,0,1,0
2022,Natã,Grêmio,RCB,Zaga,25,5,363,10.7,Atlético GO,Sobe,978004,,,,0,0,1,0
2022,E. Córdoba,Ituano,RB,Lateral,32,5,360,9.5,,Meio,,,,,0,0,1,0
2022,Marcos,Vila Nova,RDMF,Volante,20,6,358,9.3,Vila Nova U23,Meio,,,,,0,0,1,0
2022,Chay,Cruzeiro,LAMF,Extremo,35,6,355,9.5,,Sobe,766381,72.0,1,8.0,0,0,1,0
2022,Bruno Collaço,Vila Nova,LB,Lateral,36,5,353,9.2,Santa Cruz RS,Meio,4270,,,,0,0,1,0
2022,Luís Felipe,Náutico,RCMF,Meia,25,9,352,9.3,Barra SE,Cai,,,,,0,0,1,0
2022,Maxwell,Guarani,LWF,Extremo,31,11,350,9.4,Operário PR,Meio,357091,,,,0,0,1,0
2022,Vinícius Jaú,Ituano,RAMF,Extremo,28,11,349,9.3,Blumenau,Meio,323879,,,,0,0,1,0
2022,Felipe Rodrigues,Novorizontino,RB,Lateral,30,9,348,9.3,Ferroviária,Meio,436833,,,,0,0,1,0
2022,Índio,Guarani,LDMF,Volante,33,10,344,9.3,Operário PR,Meio,,,,,0,0,1,0
2022,German Fagner,Operário-PR,RCB,Zaga,35,4,343,9.3,Inter de Limeira,Cai,,,,,0,0,1,0
2022,Vinícius Leite,Novorizontino,LW,Extremo,32,8,342,9.1,Amazonas,Meio,530499,,,,0,0,1,0
2022,Danilo Jordan,Londrina,LAMF,Extremo,26,9,341,9.1,,Meio,689940,,,,0,0,1,0
2022,Éverton Silva,CSA,RB,Lateral,37,5,341,9.1,Goianésia,Cai,100011,,,,0,0,1,0
2022,Marcelo Santos,Chapecoense,LDMF,Volante,32,5,339,9.1,,Meio,292160,,,,0,0,1,0
2022,Marlone,Vila Nova,AMF,Meia,34,12,337,8.7,Brasiliense,Meio,231039,,,,0,0,1,0
2022,Wesley Gasolina,Cruzeiro,RWB,Lateral,26,9,337,9.0,Avaí,Sobe,371967,159.0,2,10.0,0,0,1,0
2022,Bruno Tubarão,Vasco,RAMF,Extremo,31,10,337,8.9,Chapecoense,Sobe,550178,,,,0,0,1,0
2022,Ribamar,Ponte Preta,CF,Atacante,29,9,336,8.9,Da Nang,Meio,423839,,,,0,0,1,0
2022,Bruno Silva,Novorizontino,CF,Atacante,38,6,333,8.9,Capivariano,Meio,74790,,,,0,0,1,0
2022,Júlio Vitor,Náutico,LW,Extremo,25,8,333,8.8,Uthai Thani,Cai,722613,,,,0,0,1,0
2022,Dalberto,CSA,RAMF,Extremo,31,6,333,8.9,DPMM FC,Cai,519891,,,,0,0,1,0
2022,Matheus Anjos,Ponte Preta,CF,Atacante,27,6,331,8.8,Caxias,Meio,520623,,,,0,0,1,0
2022,Gustavo,Operário-PR,LCB,Zaga,28,5,328,8.9,Sliema Wanderers,Cai,,,,,0,0,1,0
2022,Robinho,Náutico,LAMF,Extremo,27,10,328,8.7,Inter de Limeira,Cai,555629,,,,0,0,1,0
2022,Ernandes,CSA,LB,Lateral,38,6,324,8.7,,Cai,108611,187.0,2,29.0,0,0,1,0
2022,Matheus Mega,CRB,RCB,Zaga,26,5,322,8.6,Rio Branco ES,Meio,863110,,,,0,0,1,0
2022,Maicon,CRB,AMF,Meia,40,5,320,8.5,,Meio,,,,,0,0,1,0
2022,Matheus Mancini,Vila Nova,LCB,Zaga,31,5,320,8.3,Ituano,Meio,371522,67.0,1,13.0,0,0,1,0
2022,Mateus Ludke,Guarani,RB,Lateral,25,5,320,8.6,Confiança,Meio,843500,,,,0,0,1,0
2022,Matheus Barbosa,Vasco,RCMF,Meia,31,11,317,8.4,Barra,Sobe,181784,,,,0,0,1,0
2022,Thomaz Santos,Operário-PR,LW,Extremo,40,6,316,8.6,Independiente Petrolero,Cai,,,,,0,0,1,0
2022,Felipe Manoel,Brusque,LDMF,Volante,36,10,308,8.2,América RJ,Cai,71078,,,,0,0,1,0
2022,Hereda,Náutico,RB,Lateral,27,3,304,8.1,CRB,Cai,634139,,,,0,0,1,0
2022,Jefferson,Vila Nova,LB,Lateral,23,9,304,7.9,,Meio,1010290,,,,0,0,1,0
2022,Marquinhos Cipriano,Cruzeiro,LWB,Lateral,27,7,303,8.1,Sion,Sobe,569805,,,,0,0,1,0
2022,Jean,CSA,GK,Goleiro,25,3,300,8.0,Cuiabá,Cai,,,,,0,0,1,0
2022,Ewandro Costa,Náutico,RAMF,Extremo,30,6,299,7.9,Omonia Nicosia,Cai,288499,31.0,1,2.0,0,0,1,0
2022,Bruno Ferreira,Náutico,GK,Goleiro,32,3,297,7.9,Avaí,Cai,214701,,,,0,0,1,0
2022,Fábio Gomes,Vasco,CF,Atacante,29,9,297,7.9,Cuiabá,Sobe,548298,,,,0,0,1,0
2022,Alan,Sport,AMF,Meia,26,9,296,7.9,,Meio,428786,,,,0,0,1,0
2022,Getterson,Operário-PR,CF,Atacante,35,9,295,8.0,,Cai,,,,,0,0,1,0
2022,Victor Souza,Londrina,GK,Goleiro,33,3,294,7.8,Botafogo SP,Meio,628522,222.0,1,38.0,0,0,1,0
2022,Gabriel Henrique,Tombense,LAMF,Extremo,30,9,294,7.9,Piauí,Meio,896610,,,,0,0,1,0
2022,Ângelo,Brusque,LB,Lateral,25,5,293,7.8,Marcílio Dias,Cai,432154,,,,0,0,1,0
2022,Mayk,Guarani,LB,Lateral,27,7,292,7.9,Remo,Meio,603423,,,,0,0,1,0
2022,Ítalo Henrique,Tombense,RDMF,Volante,28,13,290,7.8,Pouso Alegre,Meio,681500,,,,0,0,1,0
2022,Jean Silva,Vila Nova,RAMF,Extremo,37,8,290,7.5,Goiatuba EC,Meio,347181,,,,0,0,1,0
2022,Cássio,Ponte Preta,AMF,Meia,33,7,287,7.6,Anápolis,Meio,,,,,0,0,1,0
2022,Éderson,Chapecoense,CF,Atacante,37,7,286,7.7,,Meio,76470,,,,0,0,1,0
2022,Igor Torres,Bahia,RW,Extremo,26,8,286,7.7,Portuguesa,Sobe,823291,,,,0,0,1,0
2022,Mateus Sarará,Grêmio,RB,Lateral,24,10,286,8.4,Tondela,Sobe,874853,,,,0,0,1,0
2022,Paulo Victor,Vasco,LB,Lateral,25,6,282,7.5,Querétaro,Sobe,,,,,0,0,1,0
2022,Riquelme,Vasco,LB,Lateral,23,6,281,7.4,Panserraikos,Sobe,,,,,0,0,1,0
2022,Moisés Ribeiro,Ponte Preta,LDMF,Volante,35,10,280,7.4,Gama,Meio,227986,,,,0,0,1,0
2022,Léo Santos,Ponte Preta,RCB,Zaga,27,5,279,7.4,Nacional,Meio,,,,,0,0,1,0
2022,Ferreira,CSA,RDMF,Volante,33,8,276,7.4,Juventus,Cai,,,,,0,0,1,0
2022,L. Barcía,Ponte Preta,RAMF,Extremo,33,8,276,7.3,Oriental,Meio,,,,,0,0,1,0
2022,Kaiki,Cruzeiro,LB,Lateral,23,6,273,7.3,Cruzeiro,Sobe,879217,,,,0,0,1,0
2022,Wagner Leonardo,Cruzeiro,LCB,Zaga,26,5,272,7.3,Grêmio,Sobe,671572,,,,0,0,1,0
2022,J. Mercado,CSA,RAMF,Extremo,24,9,272,7.3,Sparta Praha,Cai,,,,,0,0,1,0
2022,Ronald,Guarani,LAMF,Extremo,25,9,270,7.3,Swansea City,Meio,,,,,0,0,1,0
2022,Breno,Cruzeiro,CF,Atacante,24,6,265,7.1,,Sobe,,,,,0,0,1,0
2022,Vico,CRB,AMF,Meia,29,8,263,7.0,Malut United FC,Meio,,,,,0,0,1,0
2022,Gedeílson,Criciúma,RB,Lateral,33,5,261,6.8,Grêmio Prudente,Meio,227319,,,,0,0,1,0
2022,Bruno Lopes,Ituano,CF,Atacante,31,8,254,6.7,Noroeste,Meio,,,,,0,0,1,0
2022,Jean Carlo,Operário-PR,LAMF,Extremo,33,9,251,6.8,Treze,Cai,538259,,,,0,0,1,0
2022,Da Silva,Ponte Preta,CF,Atacante,27,6,250,6.6,Uberlândia,Meio,680673,,,,0,0,1,0
2022,Wesley Pionteck,Sampaio Corrêa,LW,Extremo,30,8,250,6.7,Avenida,Meio,374413,,,,0,0,1,0
2022,Lucas Lourenço,CSA,RW,Extremo,25,6,248,6.6,Gama,Cai,432169,,,,0,0,1,0
2022,Luís Felipe,Cruzeiro,CB,Zaga,25,3,247,6.6,Ethnikos Achnas,Sobe,,,,,0,0,1,0
2022,Thiago Braga,Operário-PR,GK,Goleiro,42,3,245,6.6,Pouso Alegre,Cai,20400,,,,0,0,1,0
2022,Jonathas,Náutico,CF,Atacante,37,7,244,6.5,,Cai,58345,,,,0,0,1,0
2022,Lucas Souza,Operário-PR,RCB,Zaga,28,5,244,6.6,ABC,Cai,860788,,,,0,0,1,0
2022,Reverson,Novorizontino,LB,Lateral,29,7,241,6.4,CRB,Meio,642570,,,,0,0,1,0
2022,Cleylton,Chapecoense,LCB,Zaga,33,3,241,6.5,Persis Solo,Meio,523606,,,,0,0,1,0
2022,Lucas Venuto,Guarani,RAMF,Extremo,31,10,239,6.4,Naga World,Meio,327912,,,,0,0,1,0
2022,Stênio,Cruzeiro,RW,Extremo,23,5,238,6.4,Modena,Sobe,796574,61.0,1,6.0,0,0,1,0
2022,Fernando Viana,Criciúma,CF,Atacante,34,10,236,6.2,Anápolis,Meio,245778,,,,0,0,1,0
2022,Marcinho,Guarani,AMF,Meia,31,10,235,6.3,Paysandu,Meio,,,,,0,0,1,0
2022,Raphinha,Operário-PR,LB,Lateral,27,4,231,6.3,Madureira,Cai,796604,,,,0,0,1,0
2022,Leandrinho,Operário-PR,AMF,Meia,29,7,230,6.2,Boavista,Cai,,,,,0,0,1,0
2022,Waguininho,Cruzeiro,RWB,Lateral,36,6,224,6.0,Criciúma,Sobe,346923,,,,0,0,1,0
2022,Luiz Henrique,CSA,RCMF,Meia,29,8,218,5.8,Retrô,Cai,,,,,0,0,1,0
2022,Warley,Sampaio Corrêa,AMF,Meia,26,5,217,5.8,Barra,Meio,637995,,,,0,0,1,0
2022,Eliel,Guarani,LB,Lateral,24,4,217,5.9,União São João,Meio,,,,,0,0,1,0
2022,Lucas Vital,Operário-PR,LDMF,Volante,25,5,215,5.8,Linense,Cai,796787,,,,0,0,1,0
2022,Jhonata Varela,Grêmio,RWB,Lateral,26,5,215,6.3,Botafogo PB,Sobe,530388,,,,0,0,1,0
2022,Vitor Leque,Cruzeiro,LWF,Extremo,25,6,204,5.4,Inter de Limeira,Sobe,752552,,,,0,0,1,0
2022,Guilherme Santos,Ponte Preta,LCB,Zaga,38,2,204,5.4,Portuguesa RJ,Meio,53965,,,,0,0,1,0
2022,Diego Miticov,Cruzeiro,RCMF,Meia,24,4,203,5.4,Betim,Sobe,,,,,0,0,1,0
2022,Gabriel,Londrina,RCB,Zaga,22,2,202,5.4,Cuiabá,Meio,,,,,0,0,1,0
2022,Simão,Operário-PR,GK,Goleiro,33,2,201,5.4,Leixões,Cai,538253,,,,0,0,1,0
2022,Negueba,Criciúma,LWF,Extremo,34,6,198,5.2,Chonburi,Meio,164997,,,,0,0,1,0
2022,Eduardo Doma,Vila Nova,RCB,Zaga,28,2,198,5.1,Chapecoense,Meio,,,,,0,0,1,0
2022,Rafael Santos,Tombense,GK,Goleiro,37,2,197,5.3,Chapecoense,Meio,,,,,0,0,1,0
2022,Eduardo Teixeira,Náutico,AMF,Meia,33,5,196,5.2,,Cai,,,,,0,0,1,0
2022,Luan Ribeiro,Ponte Preta,GK,Goleiro,29,2,195,5.2,Londrina,Meio,643832,,,,0,0,1,0
2022,Riquelme,Vila Nova,CF,Atacante,25,4,194,5.0,Madura United,Meio,,,,,0,0,1,0
2022,Rafael Martins,Guarani,GK,Goleiro,34,2,194,5.2,Marcílio Dias,Meio,175172,,,,0,0,1,0
2022,Vitor Caetano,CRB,GK,Goleiro,27,2,192,5.1,CRB,Meio,593071,,,,0,0,1,0
2022,Guilherme Souza,Ponte Preta,RCB,Zaga,29,4,189,5.0,Rio Claro,Meio,1053290,,,,0,0,1,0
2022,David Braw,CRB,AMF,Meia,23,7,187,5.0,CRB,Meio,992136,,,,0,0,1,0
2022,Pedro Bambú,Vila Nova,RCB,Zaga,39,6,187,4.9,Central,Meio,283865,,,,0,0,1,0
2022,Maycon Douglas,CRB,RAMF,Extremo,29,6,186,5.0,Juventus,Meio,554061,112.0,1,33.0,0,0,1,0
2022,Luiz Felipe,Ponte Preta,LDMF,Volante,28,5,186,4.9,Náutico,Meio,,,,,0,0,1,0
2022,Luan,Londrina,RB,Lateral,26,6,185,4.9,PSTC,Meio,,,,,0,0,1,0
2022,Lucas Poletto,Criciúma,LAMF,Extremo,31,7,184,4.8,Anagennisi Karditsas,Meio,552547,,,,0,0,1,0
2022,Leandro Carvalho,Náutico,LAMF,Extremo,31,3,179,4.7,,Cai,437773,,,,0,0,1,0
2022,Emerson Brito,Grêmio,CF,Atacante,24,7,176,5.2,Joinville,Sobe,,,,,0,0,1,0
2022,Ronald Carvalho,Operário-PR,RCB,Zaga,26,3,175,4.7,Ceará,Cai,812937,,,,0,0,1,0
2022,Pedro Lucas,Grêmio,AMF,Meia,24,9,172,5.1,Nova Iguaçu,Sobe,718208,,,,0,0,1,0
2022,Genilson,Tombense,RB,Lateral,29,4,170,4.6,Capital Brasilia,Meio,726100,,,,0,0,1,0
2022,Bruno Alves,Ponte Preta,RAMF,Extremo,33,6,168,4.4,Ituano,Meio,,,,,0,0,1,0
2022,Pedro Campanelli,Vila Nova,GK,Goleiro,31,2,167,4.3,Juazeirense,Meio,554310,,,,0,0,1,0
2022,P. Siles,Cruzeiro,RCMF,Meia,28,5,167,4.5,Torque,Sobe,,,,,0,0,1,0
2022,Everton Moraes,Bahia,RW,Extremo,24,7,161,4.3,Ordabasy,Sobe,987776,,,,0,0,1,0
2022,Mateus Carvalho,Náutico,LCMF,Meia,24,6,161,4.3,,Cai,862574,,,,0,0,1,0
2022,Bryan,Náutico,RB,Lateral,30,2,160,4.2,Ceará,Cai,,,,,0,0,1,0
2022,Paulo Ricardo,CSA,GK,Goleiro,29,2,159,4.3,Retrô,Cai,374151,,,,0,0,1,0
2022,Peu,Londrina,LAMF,Extremo,23,5,159,4.2,Paysandu,Meio,1042361,,,,0,0,1,0
2022,Wesley,Ponte Preta,RCMF,Meia,38,4,159,4.2,,Meio,52929,,,,0,0,1,0
2022,Tiago Marques,Criciúma,CF,Atacante,38,3,158,4.1,Santa Cruz,Meio,520088,200.0,1,31.0,0,0,1,0
2022,Miquéias,Bahia,RCMF,Meia,25,7,158,4.3,Kaisar,Sobe,973707,,,,0,0,1,0
2022,Rithely,Ponte Preta,LDMF,Volante,35,5,157,4.2,,Meio,128932,,,,0,0,1,0
2022,Bruno Nazário,Vasco,RAMF,Extremo,31,5,154,4.1,Henan,Sobe,250010,33.0,1,4.0,0,0,1,0
2022,Éverton,Ponte Preta,LAMF,Extremo,37,3,153,4.0,,Meio,76120,,,,0,0,1,0
2022,Falcão,Bahia,LDMF,Volante,28,7,150,4.0,Hapoel Tel Aviv,Sobe,643195,,,,0,0,1,0
2022,Giovani,Operário-PR,RW,Extremo,25,5,148,4.0,Betim,Cai,,,,,0,0,1,0
2022,Renan,Náutico,GK,Goleiro,28,2,146,3.9,América PE,Cai,680554,,,,0,0,1,0
2022,Luiz Henrique,Vasco,LB,Lateral,27,6,146,3.9,Avaí,Sobe,,,,,0,0,1,0
2022,R. Ramires,Ponte Preta,CF,Atacante,25,5,146,3.9,Riga FC,Meio,,,,,0,0,1,0
2022,Ricardinho,Grêmio,CF,Atacante,25,7,145,4.3,Asteras Tripolis,Sobe,,,,,0,0,1,0
2022,Pedro Cacho,Londrina,RDMF,Volante,26,3,133,3.5,Mosta,Meio,634738,,,,0,0,1,0
2022,Eliel,Ponte Preta,CF,Atacante,23,4,132,3.5,Cuiabá,Meio,,,,,0,0,1,0
2022,João Lucas,Vila Nova,AMF,Meia,25,8,131,3.4,Caxias,Meio,,,,,0,0,1,0
2022,Sassá,CSA,CF,Atacante,32,6,130,3.5,Confiança,Cai,218353,,,,0,0,1,0
2022,Nádson,Londrina,AMF,Meia,36,7,126,3.4,Camboriú,Meio,,,,,0,0,1,0
2022,Rodrigo Varanda,Chapecoense,CF,Atacante,23,3,125,3.4,Al Ahli,Meio,668237,,,,0,0,1,0
2022,Salatiel,Londrina,CF,Atacante,33,6,124,3.3,Caxias,Meio,369240,,,,0,0,1,0
2022,Gabriel Venâncio,Ponte Preta,LWF,Extremo,25,5,123,3.3,Morrinhos,Meio,752723,,,,0,0,1,0
2022,Gregory,Bahia,AMF,Meia,25,7,121,3.3,Anapolina,Sobe,869093,,,,0,0,1,0
2022,Gustavo Lopes,Londrina,LCMF,Meia,26,3,121,3.2,AmaZulu,Meio,922359,,,,0,0,1,0
2022,Lucas Paraíba,Náutico,CF,Atacante,27,2,119,3.2,,Cai,638268,,,,0,0,1,0
2022,Calyson,Ituano,LAMF,Extremo,33,7,117,3.1,Caxias,Meio,285605,,,,0,0,1,0
2022,Matheus Poletine,Sampaio Corrêa,GK,Goleiro,30,2,114,3.0,Canaã Futebol Clube,Meio,979610,,,,0,0,1,0
2022,Vitinho,Guarani,AMF,Meia,28,3,114,3.1,Red Bull Bragantino,Meio,,,,,0,0,1,0
2022,Renan Bressan,Criciúma,RW,Extremo,37,6,113,3.0,,Meio,66008,,,,0,0,1,0
2022,Watson,Londrina,RB,Lateral,32,5,112,3.0,Votuporanguense,Meio,439470,,,,0,0,1,0
2022,Marcelinho,Tombense,RW,Extremo,27,3,110,2.9,Barra,Meio,,,,,0,0,1,0
2022,Ryan Santos,Chapecoense,RB,Lateral,23,2,110,3.0,Nacional AM,Meio,,,,,0,0,1,0
2022,Juan Christian,Cruzeiro,CF,Atacante,25,4,109,2.9,Riga FC,Sobe,1010016,,,,0,0,1,0
2022,Luiz Henrique,Novorizontino,AMF,Meia,27,5,107,2.9,Cascavel,Meio,,,,,0,0,1,0
2022,M. Benítez,Grêmio,RWF,Extremo,32,4,107,3.2,Atlético Tucumán,Sobe,,,,,0,0,1,0
2022,Allanzinho,Tombense,LAMF,Extremo,26,3,105,2.8,Juventude,Meio,685768,,,,0,0,1,0
2022,Cedric,CSA,RB,Lateral,28,2,105,2.8,Floresta EC,Cai,578629,218.0,1,37.0,0,0,1,0
2022,Soares,Sampaio Corrêa,RCMF,Meia,28,5,104,2.8,Lagarto,Meio,816637,,,,0,0,1,0
2022,Jean Henrique,Londrina,RCMF,Meia,32,4,104,2.8,São Luiz,Meio,539874,,,,0,0,1,0
2022,Halls,Vasco,GK,Goleiro,27,1,102,2.7,Kyoto Sanga,Sobe,734169,,,,0,0,1,0
2022,Dênis,Sport,GK,Goleiro,39,1,101,2.7,Sport Recife,Meio,75102,98.0,1,48.0,0,0,1,0
2022,Gabriel Mesquita,Cruzeiro,GK,Goleiro,27,1,101,2.7,Paysandu,Sobe,645897,,,,0,0,1,0
2022,Paraiba,CSA,LCB,Zaga,21,1,100,2.7,CSA U20,Cai,,,,,0,0,1,0
2022,Caíque,Tombense,LW,Extremo,25,3,99,2.7,Maringá,Meio,,,,,0,0,1,0
2022,Gustavo Siqueira,Operário-PR,LCB,Zaga,21,1,99,2.7,Santo André,Cai,983938,,,,0,0,1,0
2022,Alexander,Vasco,GK,Goleiro,27,1,99,2.6,,Sobe,668799,,,,0,0,1,0
2022,Gustavo Apis,CRB,LW,Extremo,27,3,99,2.6,Pattaya Dolphins,Meio,901014,,,,0,0,1,0
2022,Pedro Rocha,Ponte Preta,GK,Goleiro,28,1,98,2.6,Juventude,Meio,740287,,,,0,0,1,0
2022,Alisson,Criciúma,GK,Goleiro,31,1,97,2.5,Criciúma,Meio,375532,,,,0,0,1,0
2022,João Lopes,Guarani,GK,Goleiro,30,1,97,2.6,Amazonas,Meio,547553,,,,0,0,1,0
2022,Arthur Gazze,Guarani,GK,Goleiro,26,1,97,2.6,Fluminense PI,Meio,371966,,,,0,0,1,0
2022,Anderson Martins,CSA,LCB,Zaga,38,2,95,2.5,,Cai,68832,,,,0,0,1,0
2022,Matheus Paquetá,Tombense,RAMF,Extremo,31,6,95,2.5,,Meio,647252,,,,0,0,1,0
2022,Rodrigão,Sport,CF,Atacante,32,2,94,2.5,,Meio,374093,,,,0,0,1,0
2022,Sandro Silva,Brusque,LCB,Zaga,38,1,94,2.5,Maricá,Cai,,,,,0,0,1,0
2022,Lucas Barboza,Brusque,RCB,Zaga,30,1,94,2.5,Concórdia,Cai,447659,,,,0,0,1,0
2022,Adriel,Grêmio,GK,Goleiro,25,1,94,2.8,Torreense,Sobe,808445,,,,0,0,1,0
2022,Glauco,Ituano,GK,Goleiro,31,1,93,2.5,Athletic Club,Meio,265768,,,,0,0,1,0
2022,Zé Vitor,Vasco,LCB,Zaga,24,4,92,2.4,Ferroviária,Sobe,,,,,0,0,1,0
2022,Guilherme Christino,Operário-PR,GK,Goleiro,23,1,92,2.5,,Cai,976494,,,,0,0,1,0
2022,Ronaldo,Bahia,RAMF,Extremo,25,4,91,2.5,Rostov,Sobe,,,,,0,0,1,0
2022,Ytalo,Bahia,CF,Atacante,38,4,90,2.4,Joinville,Sobe,70784,,,,0,0,1,0
2022,Wesley Pomba,CRB,RAMF,Extremo,24,5,90,2.4,Veres,Meio,574774,,,,0,0,1,0
2022,Paulinho,Sport,LAMF,Extremo,23,2,88,2.3,Juventus,Meio,,,,,0,0,1,0
2022,B. Miranda,Guarani,CF,Atacante,28,4,88,2.4,,Meio,,,,,0,0,1,0
2022,Pedro Júnior,Ponte Preta,RAMF,Extremo,39,2,88,2.3,,Meio,54161,,,,0,0,1,0
2022,Rafinha,Operário-PR,LB,Lateral,26,2,87,2.4,Serra Branca EC,Cai,,,,,0,0,1,0
2022,Zé Vitor,Vasco,CF,Atacante,27,3,84,2.2,Nanjing City,Sobe,,,,,0,0,1,0
2022,Rodriguinho,Chapecoense,LAMF,Extremo,25,4,82,2.2,Ponte Preta,Meio,942396,,,,0,0,1,0
2022,Dudu,Londrina,LB,Lateral,23,5,81,2.2,Pouso Alegre,Meio,,,,,0,0,1,0
2022,Lucas Oliveira,Vasco,LWB,Lateral,25,3,79,2.1,Chuncheon,Sobe,,,,,0,0,1,0
2022,Matheus Xavier,Cruzeiro,LCMF,Meia,22,3,79,2.1,,Sobe,1069905,,,,0,0,1,0
2022,Wellington Manzoli,Criciúma,LB,Lateral,25,1,77,2.0,São Bernardo FC,Meio,,,,,0,0,1,0
2022,Thiago Ribeiro,Londrina,LAMF,Extremo,40,2,75,2.0,Oratório,Meio,22948,,,,0,0,1,0
2022,Lucas Silva,Brusque,CF,Atacante,36,2,74,2.0,Tai Po,Cai,,,,,0,0,1,0
2022,Reginaldo,Tombense,LB,Lateral,25,4,74,2.0,Ferroviário,Meio,,,,,0,0,1,0
2022,Andrey,Sampaio Corrêa,LAMF,Extremo,26,6,73,1.9,EC São José,Meio,,,,,0,0,1,0
2022,Eduardo Melo,Criciúma,CF,Atacante,25,5,72,1.9,Remo,Meio,738503,,,,0,0,1,0
2022,João Paulo,Cruzeiro,RCMF,Meia,36,1,70,1.9,Guarani,Sobe,,,,,0,0,1,0
2022,Marcelinho,Cruzeiro,RWB,Lateral,23,2,69,1.8,Al Dhafra,Sobe,,,,,0,0,1,0
2022,Vitinho,Ponte Preta,AMF,Meia,22,2,69,1.8,Santa Clara,Meio,,,,,0,0,1,0
2022,Jackson Henrique,Criciúma,RCB,Zaga,23,1,65,1.7,Grêmio Sãocarlense,Meio,1058450,,,,0,0,1,0
2022,Jonathan,CSA,RB,Lateral,19,1,64,1.7,CSA U23,Cai,147366,,,,0,0,1,0
2022,Iago Teles,Ituano,CF,Atacante,26,4,61,1.6,Londrina,Meio,900196,,,,0,0,1,0
2022,Gabriel Tonini,CSA,RDMF,Volante,30,3,57,1.5,Gloria Bistriţa,Cai,638310,,,,0,0,1,0
2022,Juliano,Brusque,CF,Atacante,31,3,57,1.5,ABECAT Ouvidorense,Cai,356684,,,,0,0,1,0
2022,Marcelo Ryan,Bahia,CF,Atacante,24,3,54,1.5,Tokyo,Sobe,724702,,,,0,0,1,0
2022,Willie,CRB,LWF,Extremo,33,2,54,1.4,Independiente Petrolero,Meio,212954,,,,0,0,1,0
2022,Luiz Fernando,Ponte Preta,RAMF,Extremo,26,2,50,1.3,ABC,Meio,490410,,,,0,0,1,0
2022,Michel,Operário-PR,LCMF,Meia,36,1,49,1.3,,Cai,435186,,,,0,0,1,0
2022,Cirilo,Londrina,CF,Atacante,24,1,49,1.3,Marília,Meio,825614,,,,0,0,1,0
2022,Marcelinho,Londrina,LW,Extremo,29,1,49,1.3,Ypiranga Erechim,Meio,,,,,0,0,1,0
2022,S. Oti,Londrina,LCB,Zaga,24,1,49,1.3,,Meio,,,,,0,0,1,0
2022,DG,Ponte Preta,LWF,Extremo,27,1,49,1.3,Brasil de Pelotas,Meio,524591,,,,0,0,1,0
2022,Miranda,Vasco,RB,Lateral,26,1,47,1.2,Operário PR,Sobe,412376,,,,0,0,1,0
2022,Matheus Alemão,Operário-PR,CF,Atacante,24,1,45,1.2,AA Batel,Cai,740379,,,,0,0,1,0
2022,Juninho Carpina,Náutico,LW,Extremo,26,2,44,1.2,Acadêmica Vitória,Cai,723511,,,,0,0,1,0
2022,MT,Vasco,RAMF,Extremo,25,2,43,1.1,Santa Clara,Sobe,808475,22.0,1,2.0,0,0,1,0
2022,Jhosefer,Cruzeiro,RWF,Extremo,22,1,43,1.1,ABC,Sobe,637809,,,,0,0,1,0
2022,Dodô,Ponte Preta,LAMF,Extremo,28,2,43,1.1,Bahia de Feira,Meio,980033,,,,0,0,1,0
2022,Vitor Roque,Cruzeiro,RWF,Extremo,21,1,42,1.1,Palmeiras,Sobe,943837,,,,0,0,1,0
2022,Rafael Oller,Operário-PR,RAMF,Extremo,31,2,42,1.1,Inter de Limeira,Cai,844237,,,,0,0,1,0
2022,Danilo Belão,Tombense,RB,Lateral,29,1,41,1.1,Betim,Meio,631808,,,,0,0,1,0
2022,Flávio Souza,Sport,CF,Atacante,25,1,41,1.1,Velo Clube,Meio,744904,,,,0,0,1,0
2022,Vitinho,Vasco,RW,Extremo,26,1,40,1.1,Al Ahli,Sobe,,,,,0,0,1,0
2022,Moisés Lucas,Tombense,RCB,Zaga,33,2,39,1.0,,Meio,644711,,,,0,0,1,0
2022,Alexandre Tam,Criciúma,RAMF,Extremo,27,2,36,0.9,Batalhao U17,Meio,677273,,,,0,0,1,0
2022,Lucas Santos,Tombense,AMF,Meia,27,2,35,0.9,Bahia de Feira,Meio,588627,,,,0,0,1,0
2022,Victor Hugo,Londrina,RDMF,Volante,22,1,33,0.9,Al Taawon,Meio,1045599,,,,0,0,1,0
2022,William,CSA,LCMF,Meia,39,3,33,0.9,,Cai,,,,,0,0,1,0
2022,Victor Daniel,Londrina,LAMF,Extremo,26,1,33,0.9,Água Santa,Meio,,,,,0,0,1,0
2022,Patrick Verhon,Bahia,AMF,Meia,21,3,33,0.9,Oita Trinita,Sobe,1038907,,,,0,0,1,0
2022,Arthur Neves,Operário-PR,LB,Lateral,24,1,32,0.9,Nova Iguaçu,Cai,1054087,,,,0,0,1,0
2022,Wesley Dias,Sampaio Corrêa,RDMF,Volante,31,2,32,0.9,Cuiabá,Meio,520456,,,,0,0,1,0
2022,Rafael,Guarani,RAMF,Extremo,19,1,29,0.8,Santos U23,Meio,,,,,0,0,1,0
2022,Jhonata Robert,Grêmio,LWF,Extremo,26,2,29,0.9,Criciúma,Sobe,711338,230.0,2,93.0,0,0,1,0
2022,Rafael Freitas,Guarani,RAMF,Extremo,21,1,29,0.8,Guarani,Meio,1077154,,,,0,0,1,0
2022,Rafinha,Vila Nova,RCMF,Meia,26,1,28,0.7,Pouso Alegre,Meio,,,,,0,0,1,0
2022,Victor Luiz,Ponte Preta,LB,Lateral,29,1,28,0.7,Santo André,Meio,570598,,,,0,0,1,0
2022,Tony,Criciúma,RCMF,Meia,40,1,27,0.7,,Meio,112060,72.0,1,8.0,0,0,1,0
2022,Tom Jesus,Vasco,RB,Lateral,26,1,27,0.7,,Sobe,,,,,0,0,1,0
2022,Leandrinho,Ponte Preta,CF,Atacante,40,1,27,0.7,,Meio,,,,,0,0,1,0
2022,Diogo,Vila Nova,RCB,Zaga,28,1,26,0.7,,Meio,549632,,,,0,0,1,0
2022,Gabriel Lima,Tombense,LAMF,Extremo,29,1,26,0.7,EC São José,Meio,553870,,,,0,0,1,0
2022,Gabriel Honório,Londrina,CF,Atacante,29,1,23,0.6,Busan I'Park,Meio,604929,,,,0,0,1,0
2022,Neto,Brusque,RW,Extremo,22,2,22,0.6,Primavera SP,Cai,1073549,,,,0,0,1,0
2022,Alison Silva,Tombense,RCMF,Meia,29,1,21,0.6,Água Santa,Meio,659145,,,,0,0,1,0
2022,Caio Rangel,Chapecoense,CF,Atacante,30,1,21,0.6,América RJ,Meio,288506,,,,0,0,1,0
2022,Eduardo Ageu,Cruzeiro,LCMF,Meia,24,1,20,0.5,Hearts,Sobe,,,,,0,0,1,0
2022,Ruan Santos,Cruzeiro,RCB,Zaga,22,1,20,0.5,Al Bataeh,Sobe,991801,,,,0,0,1,0
2022,Ruan Casagrande,Operário-PR,LCMF,Meia,23,2,18,0.5,Itapirense,Cai,,,,,0,0,1,0
2022,Léo,CSA,LCMF,Meia,27,1,17,0.5,Monte Roraima ,Cai,55245,1.0,1,3.0,0,0,1,0
2022,Fernando Henrique,Grêmio,RCMF,Meia,25,1,17,0.5,Oleksandria,Sobe,815673,,,,0,0,1,0
2022,M. Sarrafiore,Vasco,CF,Atacante,29,1,17,0.4,Atlante,Sobe,,,,,0,0,1,0
2022,William Fernandes,Sampaio Corrêa,CF,Atacante,27,2,17,0.5,,Meio,675217,,,,0,0,1,0
2022,Diego Leandro,Náutico,LCB,Zaga,23,1,16,0.4,Tombense,Cai,1010291,,,,0,0,1,0
2022,Tito,CSA,LCMF,Meia,25,1,16,0.4,Atlético GO,Cai,867798,,,,0,0,1,0
2022,K. Quejada,Grêmio,CF,Atacante,23,1,16,0.5,,Sobe,,,,,0,0,1,0
2022,C. Ebere,Vila Nova,RW,Extremo,28,1,14,0.4,Cruz Azul,Meio,,,,,0,0,1,0
2022,Guilherme Azevedo,Criciúma,LCMF,Meia,25,2,14,0.4,,Meio,675242,,,,0,0,1,0
2022,J. Sánchez,Vasco,RAMF,Extremo,26,1,14,0.4,Guaraní,Sobe,,,,,0,0,1,0
2022,Marco Antônio,Brusque,LAMF,Extremo,35,1,14,0.4,,Cai,,,,,0,0,1,0
2022,Riquelme,CRB,RAMF,Extremo,22,1,12,0.3,,Meio,,,,,0,0,1,0
2022,Pedrão,Cruzeiro,RCB,Zaga,22,1,12,0.3,Avaí,Sobe,1019701,,,,0,0,1,0
2022,Cleberson,Ituano,RCB,Zaga,33,1,12,0.3,PSS Sleman,Meio,209163,,,,0,0,1,0
2022,Bruno Santos,Brusque,CF,Atacante,29,1,12,0.3,Mirassol,Cai,871427,,,,0,0,1,0
2022,Marcos Vinícius,Operário-PR,LCMF,Meia,19,1,9,0.2,Operário PR,Cai,1074463,,,,0,0,1,0
2022,Vitor Becker,Chapecoense,RCB,Zaga,25,1,9,0.2,,Meio,976224,,,,0,0,1,0
2022,Ruan,Operário-PR,RB,Lateral,22,1,9,0.2,,Cai,1074464,,,,0,0,1,0
2022,Calebe Costa,Chapecoense,LCMF,Meia,23,1,9,0.2,Cuiabá,Meio,1033501,,,,0,0,1,0
2022,Pedoca,Brusque,RW,Extremo,23,1,7,0.2,Cianorte,Cai,979999,,,,0,0,1,0
2022,Denzel,Ituano,CF,Atacante,23,1,6,0.2,Yangpyeong,Meio,1022927,,,,0,0,1,0
2022,Pedro Pio,Operário-PR,CF,Atacante,21,1,2,0.1,,Cai,976523,,,,0,0,1,0
