temporada,rodada,data,clube,pos,J,V,E,D,GP,GC,SG,pontos,dist_g4,faixa,base_incompleta
2022,1,2022-04-17,Bahia,1,1,1,0,0,2,0,2,3,0,Sobe,0
2022,1,2022-04-17,Londrina,2,1,1,0,0,2,0,2,3,0,Sobe,1
2022,1,2022-04-17,Brusque,3,1,1,0,0,1,0,1,3,0,Sobe,0
2022,1,2022-04-17,Criciúma,4,1,1,0,0,1,0,1,3,0,Sobe,0
2022,1,2022-04-17,Sport,5,1,1,0,0,1,0,1,3,0,Meio,0
2022,1,2022-04-17,CRB,6,1,0,1,0,1,1,0,1,-2,Meio,0
2022,1,2022-04-17,Chapecoense,7,1,0,1,0,1,1,0,1,-2,Meio,0
2022,1,2022-04-17,Ituano,8,1,0,1,0,1,1,0,1,-2,Meio,0
2022,1,2022-04-17,Operário-PR,9,1,0,1,0,1,1,0,1,-2,Meio,0
2022,1,2022-04-17,Tombense,10,1,0,1,0,1,1,0,1,-2,Meio,1
2022,1,2022-04-17,Vasco,11,1,0,1,0,1,1,0,1,-2,Meio,0
2022,1,2022-04-17,Vila Nova,12,1,0,1,0,1,1,0,1,-2,Meio,0
2022,1,2022-04-17,CSA,13,1,0,1,0,0,0,0,1,-2,Meio,0
2022,1,2022-04-17,Grêmio,14,1,0,1,0,0,0,0,1,-2,Meio,0
2022,1,2022-04-17,Novorizontino,15,1,0,1,0,0,0,0,1,-2,Meio,0
2022,1,2022-04-17,Ponte Preta,16,1,0,1,0,0,0,0,1,-2,Meio,0
2022,1,2022-04-17,Guarani,17,1,0,0,1,0,1,-1,0,-3,Cai,0
2022,1,2022-04-17,Sampaio Corrêa,18,1,0,0,1,0,1,-1,0,-3,Cai,0
2022,1,2022-04-17,Cruzeiro,19,1,0,0,1,0,2,-2,0,-3,Cai,0
2022,1,2022-04-17,Náutico,20,1,0,0,1,0,2,-2,0,-3,Cai,0
2022,2,2022-04-23,Bahia,1,2,2,0,0,3,0,3,6,2,Sobe,0
2022,2,2022-04-23,Operário-PR,2,2,1,1,0,3,1,2,4,0,Sobe,0
2022,2,2022-04-23,Chapecoense,3,2,1,1,0,2,1,1,4,0,Sobe,0
2022,2,2022-04-23,Criciúma,4,2,1,1,0,2,1,1,4,0,Sobe,0
2022,2,2022-04-23,Sport,5,2,1,1,0,1,0,1,4,0,Meio,0
2022,2,2022-04-23,Londrina,6,2,1,0,1,2,1,1,3,-1,Meio,1
2022,2,2022-04-23,Brusque,7,2,1,0,1,1,1,0,3,-1,Meio,0
2022,2,2022-04-23,Cruzeiro,8,2,1,0,1,1,2,-1,3,-1,Meio,0
2022,2,2022-04-23,Tombense,9,2,0,2,0,2,2,0,2,-2,Meio,1
2022,2,2022-04-23,Vasco,10,2,0,2,0,2,2,0,2,-2,Meio,0
2022,2,2022-04-23,CSA,11,2,0,2,0,1,1,0,2,-2,Meio,0
2022,2,2022-04-23,Ituano,12,2,0,2,0,1,1,0,2,-2,Meio,0
2022,2,2022-04-23,Novorizontino,13,2,0,2,0,1,1,0,2,-2,Meio,0
2022,2,2022-04-23,Vila Nova,14,2,0,2,0,1,1,0,2,-2,Meio,0
2022,2,2022-04-23,CRB,15,2,0,1,1,1,2,-1,1,-3,Meio,0
2022,2,2022-04-23,Sampaio Corrêa,16,2,0,1,1,1,2,-1,1,-3,Meio,0
2022,2,2022-04-23,Grêmio,17,2,0,1,1,0,1,-1,1,-3,Cai,0
2022,2,2022-04-23,Guarani,18,2,0,1,1,0,1,-1,1,-3,Cai,0
2022,2,2022-04-23,Ponte Preta,19,2,0,1,1,0,2,-2,1,-3,Cai,0
2022,2,2022-04-23,Náutico,20,2,0,0,2,0,3,-3,0,-4,Cai,0
2022,3,2022-04-28,Bahia,1,3,2,1,0,4,1,3,7,2,Sobe,0
2022,3,2022-04-28,Ituano,2,3,1,2,0,4,2,2,5,0,Sobe,0
2022,3,2022-04-28,Chapecoense,3,3,1,2,0,2,1,1,5,0,Sobe,0
2022,3,2022-04-28,Sport,4,3,1,2,0,2,1,1,5,0,Sobe,0
2022,3,2022-04-28,Sampaio Corrêa,5,3,1,1,1,4,3,1,4,-1,Meio,0
2022,3,2022-04-28,Grêmio,6,3,1,1,1,3,2,1,4,-1,Meio,0
2022,3,2022-04-28,Londrina,7,3,1,1,1,3,2,1,4,-1,Meio,1
2022,3,2022-04-28,Operário-PR,8,3,1,1,1,3,3,0,4,-1,Meio,0
2022,3,2022-04-28,Criciúma,9,3,1,1,1,2,2,0,4,-1,Meio,0
2022,3,2022-04-28,Cruzeiro,10,3,1,1,1,2,3,-1,4,-1,Meio,0
2022,3,2022-04-28,Ponte Preta,11,3,1,1,1,1,2,-1,4,-1,Meio,0
2022,3,2022-04-28,Náutico,12,3,1,0,2,2,3,-1,3,-2,Meio,0
2022,3,2022-04-28,Brusque,13,3,1,0,2,2,4,-2,3,-2,Meio,0
2022,3,2022-04-28,Tombense,14,3,0,3,0,3,3,0,3,-2,Meio,1
2022,3,2022-04-28,Vasco,15,3,0,3,0,2,2,0,3,-2,Meio,0
2022,3,2022-04-28,Vila Nova,16,3,0,2,1,2,4,-2,2,-3,Meio,0
2022,3,2022-04-28,CSA,17,3,0,2,1,1,3,-2,2,-3,Cai,0
2022,3,2022-04-28,Novorizontino,18,3,0,2,1,1,4,-3,2,-3,Cai,0
2022,3,2022-04-28,CRB,19,3,0,1,2,2,4,-2,1,-4,Cai,0
2022,3,2022-04-28,Guarani,20,3,0,1,2,1,4,-3,1,-4,Cai,0
2022,4,2022-05-01,Bahia,1,4,3,1,0,5,1,4,10,3,Sobe,0
2022,4,2022-05-01,Chapecoense,2,4,2,2,0,5,1,4,8,1,Sobe,0
2022,4,2022-05-01,Sport,3,4,2,2,0,3,1,2,8,1,Sobe,0
2022,4,2022-05-01,Grêmio,4,4,2,1,1,4,2,2,7,0,Sobe,0
2022,4,2022-05-01,Cruzeiro,5,4,2,1,1,3,3,0,7,0,Meio,0
2022,4,2022-05-01,Brusque,6,4,2,0,2,4,4,0,6,-1,Meio,0
2022,4,2022-05-01,Náutico,7,4,2,0,2,4,4,0,6,-1,Meio,0
2022,4,2022-05-01,Vasco,8,4,1,3,0,3,2,1,6,-1,Meio,0
2022,4,2022-05-01,Ituano,9,4,1,2,1,4,3,1,5,-2,Meio,0
2022,4,2022-05-01,Criciúma,10,4,1,2,1,3,3,0,5,-2,Meio,0
2022,4,2022-05-01,CSA,11,4,1,2,1,2,3,-1,5,-2,Meio,0
2022,4,2022-05-01,Sampaio Corrêa,12,4,1,1,2,4,4,0,4,-3,Meio,0
2022,4,2022-05-01,Londrina,13,4,1,1,2,3,3,0,4,-3,Meio,1
2022,4,2022-05-01,Operário-PR,14,4,1,1,2,3,4,-1,4,-3,Meio,0
2022,4,2022-05-01,Guarani,15,4,1,1,2,2,4,-2,4,-3,Meio,0
2022,4,2022-05-01,Ponte Preta,16,4,1,1,2,1,3,-2,4,-3,Meio,0
2022,4,2022-05-01,Tombense,17,4,0,4,0,4,4,0,4,-3,Cai,1
2022,4,2022-05-01,Vila Nova,18,4,0,3,1,3,5,-2,3,-4,Cai,0
2022,4,2022-05-01,Novorizontino,19,4,0,3,1,2,5,-3,3,-4,Cai,0
2022,4,2022-05-01,CRB,20,4,0,1,3,2,6,-4,1,-6,Cai,0
2022,5,2022-05-05,Grêmio,1,5,3,1,1,6,2,4,10,2,Sobe,0
2022,5,2022-05-05,Bahia,2,5,3,1,1,5,2,3,10,2,Sobe,0
2022,5,2022-05-05,Cruzeiro,3,5,3,1,1,5,3,2,10,2,Sobe,0
2022,5,2022-05-05,Chapecoense,4,5,2,2,1,5,3,2,8,0,Sobe,0
2022,5,2022-05-05,Ituano,5,5,2,2,1,5,3,2,8,0,Meio,0
2022,5,2022-05-05,Sport,6,5,2,2,1,3,2,1,8,0,Meio,0
2022,5,2022-05-05,Náutico,7,5,2,1,2,5,5,0,7,-1,Meio,0
2022,5,2022-05-05,Ponte Preta,8,5,2,1,2,3,3,0,7,-1,Meio,0
2022,5,2022-05-05,Vasco,9,5,1,4,0,4,3,1,7,-1,Meio,0
2022,5,2022-05-05,Brusque,10,5,2,0,3,4,6,-2,6,-2,Meio,0
2022,5,2022-05-05,Criciúma,11,5,1,3,1,4,4,0,6,-2,Meio,0
2022,5,2022-05-05,Novorizontino,12,5,1,3,1,5,6,-1,6,-2,Meio,0
2022,5,2022-05-05,CSA,13,5,1,3,1,3,4,-1,6,-2,Meio,0
2022,5,2022-05-05,Londrina,14,5,1,2,2,5,5,0,5,-3,Meio,1
2022,5,2022-05-05,Sampaio Corrêa,15,5,1,2,2,5,5,0,5,-3,Meio,0
2022,5,2022-05-05,Operário-PR,16,5,1,2,2,4,5,-1,5,-3,Meio,0
2022,5,2022-05-05,Guarani,17,5,1,2,2,3,5,-2,5,-3,Cai,0
2022,5,2022-05-05,Tombense,18,5,0,5,0,5,5,0,5,-3,Cai,1
2022,5,2022-05-05,Vila Nova,19,5,0,4,1,5,7,-2,4,-4,Cai,0
2022,5,2022-05-05,CRB,20,5,0,1,4,3,9,-6,1,-7,Cai,0
2022,6,2022-05-10,Bahia,1,6,4,1,1,9,2,7,13,3,Sobe,0
2022,6,2022-05-10,Cruzeiro,2,6,4,1,1,6,3,3,13,3,Sobe,0
2022,6,2022-05-10,Sport,3,6,3,2,1,5,2,3,11,1,Sobe,0
2022,6,2022-05-10,Grêmio,4,6,3,1,2,6,3,3,10,0,Sobe,0
2022,6,2022-05-10,Vasco,5,6,2,4,0,5,3,2,10,0,Meio,0
2022,6,2022-05-10,Chapecoense,6,6,2,3,1,5,3,2,9,-1,Meio,0
2022,6,2022-05-10,Novorizontino,7,6,2,3,1,7,7,0,9,-1,Meio,0
2022,6,2022-05-10,Ituano,8,6,2,2,2,6,5,1,8,-2,Meio,0
2022,6,2022-05-10,Operário-PR,9,6,2,2,2,6,5,1,8,-2,Meio,0
2022,6,2022-05-10,Ponte Preta,10,6,2,2,2,3,3,0,8,-2,Meio,0
2022,6,2022-05-10,Náutico,11,6,2,1,3,5,7,-2,7,-3,Meio,0
2022,6,2022-05-10,Brusque,12,6,2,1,3,4,6,-2,7,-3,Meio,0
2022,6,2022-05-10,Vila Nova,13,6,1,4,1,7,7,0,7,-3,Meio,0
2022,6,2022-05-10,Criciúma,14,6,1,3,2,4,6,-2,6,-4,Meio,0
2022,6,2022-05-10,CSA,15,6,1,3,2,3,5,-2,6,-4,Meio,0
2022,6,2022-05-10,Guarani,16,6,1,3,2,3,5,-2,6,-4,Meio,0
2022,6,2022-05-10,Sampaio Corrêa,17,6,1,2,3,6,7,-1,5,-5,Cai,0
2022,6,2022-05-10,Londrina,18,6,1,2,3,5,9,-4,5,-5,Cai,1
2022,6,2022-05-10,Tombense,19,6,0,5,1,5,7,-2,5,-5,Cai,1
2022,6,2022-05-10,CRB,20,6,1,1,4,5,10,-5,4,-6,Cai,0
2022,7,2022-05-17,Cruzeiro,1,7,5,1,1,7,3,4,16,3,Sobe,0
2022,7,2022-05-17,Sport,2,7,4,2,1,6,2,4,14,1,Sobe,0
2022,7,2022-05-17,Bahia,3,7,4,1,2,9,3,6,13,0,Sobe,0
2022,7,2022-05-17,Vasco,4,7,3,4,0,6,3,3,13,0,Sobe,0
2022,7,2022-05-17,Novorizontino,5,7,3,3,1,8,7,1,12,-1,Meio,0
2022,7,2022-05-17,Grêmio,6,7,3,2,2,7,4,3,11,-2,Meio,0
2022,7,2022-05-17,Criciúma,7,7,2,3,2,7,6,1,9,-4,Meio,0
2022,7,2022-05-17,Ituano,8,7,2,3,2,7,6,1,9,-4,Meio,0
2022,7,2022-05-17,Operário-PR,9,7,2,3,2,6,5,1,9,-4,Meio,0
2022,7,2022-05-17,Chapecoense,10,7,2,3,2,5,4,1,9,-4,Meio,0
2022,7,2022-05-17,Sampaio Corrêa,11,7,2,2,3,8,7,1,8,-5,Meio,0
2022,7,2022-05-17,Ponte Preta,12,7,2,2,3,3,4,-1,8,-5,Meio,0
2022,7,2022-05-17,Londrina,13,7,2,2,3,7,10,-3,8,-5,Meio,1
2022,7,2022-05-17,Brusque,14,7,2,1,4,5,8,-3,7,-6,Meio,0
2022,7,2022-05-17,Náutico,15,7,2,1,4,5,8,-3,7,-6,Meio,0
2022,7,2022-05-17,Vila Nova,16,7,1,4,2,7,9,-2,7,-6,Meio,0
2022,7,2022-05-17,Guarani,17,7,1,4,2,4,6,-2,7,-6,Cai,0
2022,7,2022-05-17,CSA,18,7,1,4,2,3,5,-2,7,-6,Cai,0
2022,7,2022-05-17,Tombense,19,7,0,6,1,6,8,-2,6,-7,Cai,1
2022,7,2022-05-17,CRB,20,7,1,1,5,5,13,-8,4,-9,Cai,0
2022,8,2022-05-22,Cruzeiro,1,8,6,1,1,9,3,6,19,5,Sobe,0
2022,8,2022-05-22,Bahia,2,8,5,1,2,11,4,7,16,2,Sobe,0
2022,8,2022-05-22,Sport,3,8,4,3,1,6,2,4,15,1,Sobe,0
2022,8,2022-05-22,Vasco,4,8,3,5,0,6,3,3,14,0,Sobe,0
2022,8,2022-05-22,Novorizontino,5,8,3,4,1,8,7,1,13,-1,Meio,0
2022,8,2022-05-22,Grêmio,6,8,3,3,2,7,4,3,12,-2,Meio,0
2022,8,2022-05-22,Operário-PR,7,8,3,3,2,9,7,2,12,-2,Meio,0
2022,8,2022-05-22,Brusque,8,8,3,1,4,6,8,-2,10,-4,Meio,0
2022,8,2022-05-22,Criciúma,9,8,2,4,2,7,6,1,10,-4,Meio,0
2022,8,2022-05-22,Chapecoense,10,8,2,4,2,5,4,1,10,-4,Meio,0
2022,8,2022-05-22,Ituano,11,8,2,3,3,9,9,0,9,-5,Meio,0
2022,8,2022-05-22,Sampaio Corrêa,12,8,2,2,4,8,9,-1,8,-6,Meio,0
2022,8,2022-05-22,Ponte Preta,13,8,2,2,4,4,6,-2,8,-6,Meio,0
2022,8,2022-05-22,Náutico,14,8,2,2,4,6,9,-3,8,-6,Meio,0
2022,8,2022-05-22,Londrina,15,8,2,2,4,7,11,-4,8,-6,Meio,1
2022,8,2022-05-22,Vila Nova,16,8,1,5,2,7,9,-2,8,-6,Meio,0
2022,8,2022-05-22,CSA,17,8,1,5,2,4,6,-2,8,-6,Cai,0
2022,8,2022-05-22,Guarani,18,8,1,5,2,4,6,-2,8,-6,Cai,0
2022,8,2022-05-22,CRB,19,8,2,1,5,6,13,-7,7,-7,Cai,0
2022,8,2022-05-22,Tombense,20,8,0,6,2,6,9,-3,6,-8,Cai,1
2022,9,2022-05-29,Cruzeiro,1,9,7,1,1,10,3,7,22,7,Sobe,0
2022,9,2022-05-29,Vasco,2,9,4,5,0,8,3,5,17,2,Sobe,0
2022,9,2022-05-29,Bahia,3,9,5,1,3,11,5,6,16,1,Sobe,0
2022,9,2022-05-29,Sport,4,9,4,3,2,6,3,3,15,0,Sobe,0
2022,9,2022-05-29,Grêmio,5,9,3,4,2,7,4,3,13,-2,Meio,0
2022,9,2022-05-29,Novorizontino,6,9,3,4,2,9,9,0,13,-2,Meio,0
2022,9,2022-05-29,Operário-PR,7,9,3,3,3,10,9,1,12,-3,Meio,0
2022,9,2022-05-29,Sampaio Corrêa,8,9,3,2,4,10,10,0,11,-4,Meio,0
2022,9,2022-05-29,Londrina,9,9,3,2,4,9,12,-3,11,-4,Meio,1
2022,9,2022-05-29,Chapecoense,10,9,2,5,2,5,4,1,11,-4,Meio,0
2022,9,2022-05-29,CSA,11,9,2,5,2,6,7,-1,11,-4,Meio,0
2022,9,2022-05-29,Brusque,12,9,3,1,5,6,10,-4,10,-5,Meio,0
2022,9,2022-05-29,CRB,13,9,3,1,5,7,13,-6,10,-5,Meio,0
2022,9,2022-05-29,Ituano,14,9,2,4,3,9,9,0,10,-5,Meio,0
2022,9,2022-05-29,Criciúma,15,9,2,4,3,7,7,0,10,-5,Meio,0
2022,9,2022-05-29,Ponte Preta,16,9,2,3,4,4,6,-2,9,-6,Meio,0
2022,9,2022-05-29,Náutico,17,9,2,3,4,6,9,-3,9,-6,Cai,0
2022,9,2022-05-29,Tombense,18,9,1,6,2,7,9,-2,9,-6,Cai,1
2022,9,2022-05-29,Vila Nova,19,9,1,6,2,7,9,-2,9,-6,Cai,0
2022,9,2022-05-29,Guarani,20,9,1,5,3,5,8,-3,8,-7,Cai,0
2022,10,2022-06-11,Cruzeiro,1,10,8,1,1,12,4,8,25,7,Sobe,0
2022,10,2022-06-11,Bahia,2,10,6,1,3,13,6,7,19,1,Sobe,0
2022,10,2022-06-11,Sport,3,10,5,3,2,8,4,4,18,0,Sobe,0
2022,10,2022-06-11,Vasco,4,10,4,6,0,8,3,5,18,0,Sobe,0
2022,10,2022-06-11,Londrina,5,10,4,2,4,11,13,-2,14,-4,Meio,1
2022,10,2022-06-11,Grêmio,6,10,3,5,2,7,4,3,14,-4,Meio,0
2022,10,2022-06-11,Novorizontino,7,10,3,5,2,9,9,0,14,-4,Meio,0
2022,10,2022-06-11,Operário-PR,8,10,3,3,4,11,11,0,12,-6,Meio,0
2022,10,2022-06-11,Sampaio Corrêa,9,10,3,3,4,10,10,0,12,-6,Meio,0
2022,10,2022-06-11,Náutico,10,10,3,3,4,8,10,-2,12,-6,Meio,0
2022,10,2022-06-11,Chapecoense,11,10,2,6,2,6,5,1,12,-6,Meio,0
2022,10,2022-06-11,Tombense,12,10,2,6,2,9,10,-1,12,-6,Meio,1
2022,10,2022-06-11,CSA,13,10,2,6,2,6,7,-1,12,-6,Meio,0
2022,10,2022-06-11,CRB,14,10,3,2,5,7,13,-6,11,-7,Meio,0
2022,10,2022-06-11,Brusque,15,10,3,1,6,7,12,-5,10,-8,Meio,0
2022,10,2022-06-11,Ituano,16,10,2,4,4,10,11,-1,10,-8,Meio,0
2022,10,2022-06-11,Criciúma,17,10,2,4,4,8,9,-1,10,-8,Cai,0
2022,10,2022-06-11,Vila Nova,18,10,1,7,2,8,10,-2,10,-8,Cai,0
2022,10,2022-06-11,Ponte Preta,19,10,2,3,5,5,8,-3,9,-9,Cai,0
2022,10,2022-06-11,Guarani,20,10,1,6,3,6,9,-3,9,-9,Cai,0
2022,11,2022-06-18,Cruzeiro,1,11,9,1,1,14,4,10,28,10,Sobe,0
2022,11,2022-06-18,Bahia,2,11,7,1,3,14,6,8,22,4,Sobe,0
2022,11,2022-06-18,Vasco,3,11,5,6,0,11,5,6,21,3,Sobe,0
2022,11,2022-06-18,Sport,4,11,5,3,3,8,5,3,18,0,Sobe,0
2022,11,2022-06-18,Grêmio,5,11,4,5,2,9,4,5,17,-1,Meio,0
2022,11,2022-06-18,Operário-PR,6,11,4,3,4,14,11,3,15,-3,Meio,0
2022,11,2022-06-18,Tombense,7,11,3,6,2,11,11,0,15,-3,Meio,1
2022,11,2022-06-18,Londrina,8,11,4,2,5,11,14,-3,14,-4,Meio,1
2022,11,2022-06-18,Novorizontino,9,11,3,5,3,9,11,-2,14,-4,Meio,0
2022,11,2022-06-18,Brusque,10,11,4,1,6,9,12,-3,13,-5,Meio,0
2022,11,2022-06-18,Criciúma,11,11,3,4,4,11,10,1,13,-5,Meio,0
2022,11,2022-06-18,CSA,12,11,2,7,2,7,8,-1,13,-5,Meio,0
2022,11,2022-06-18,Sampaio Corrêa,13,11,3,3,5,11,13,-2,12,-6,Meio,0
2022,11,2022-06-18,Ponte Preta,14,11,3,3,5,7,9,-2,12,-6,Meio,0
2022,11,2022-06-18,Náutico,15,11,3,3,5,10,13,-3,12,-6,Meio,0
2022,11,2022-06-18,Chapecoense,16,11,2,6,3,8,8,0,12,-6,Meio,0
2022,11,2022-06-18,CRB,17,11,3,2,6,7,15,-8,11,-7,Cai,0
2022,11,2022-06-18,Ituano,18,11,2,4,5,11,13,-2,10,-8,Cai,0
2022,11,2022-06-18,Vila Nova,19,11,1,7,3,8,12,-4,10,-8,Cai,0
2022,11,2022-06-18,Guarani,20,11,1,6,4,6,12,-6,9,-9,Cai,0
2022,12,2022-06-25,Cruzeiro,1,12,9,1,2,14,5,9,28,9,Sobe,0
2022,12,2022-06-25,Bahia,2,12,8,1,3,15,6,9,25,6,Sobe,0
2022,12,2022-06-25,Vasco,3,12,6,6,0,12,5,7,24,5,Sobe,0
2022,12,2022-06-25,Sport,4,12,5,4,3,8,5,3,19,0,Sobe,0
2022,12,2022-06-25,Grêmio,5,12,4,6,2,9,4,5,18,-1,Meio,0
2022,12,2022-06-25,Tombense,6,12,4,6,2,14,12,2,18,-1,Meio,1
2022,12,2022-06-25,Londrina,7,12,5,2,5,14,15,-1,17,-2,Meio,1
2022,12,2022-06-25,Criciúma,8,12,4,4,4,14,12,2,16,-3,Meio,0
2022,12,2022-06-25,Operário-PR,9,12,4,3,5,14,12,2,15,-4,Meio,0
2022,12,2022-06-25,Sampaio Corrêa,10,12,4,3,5,13,13,0,15,-4,Meio,0
2022,12,2022-06-25,Chapecoense,11,12,3,6,3,9,8,1,15,-4,Meio,0
2022,12,2022-06-25,CRB,12,12,4,2,6,8,15,-7,14,-5,Meio,0
2022,12,2022-06-25,Novorizontino,13,12,3,5,4,10,13,-3,14,-5,Meio,0
2022,12,2022-06-25,Brusque,14,12,4,1,7,9,13,-4,13,-6,Meio,0
2022,12,2022-06-25,Ituano,15,12,3,4,5,12,13,-1,13,-6,Meio,0
2022,12,2022-06-25,CSA,16,12,2,7,3,8,10,-2,13,-6,Meio,0
2022,12,2022-06-25,Ponte Preta,17,12,3,3,6,8,11,-3,12,-7,Cai,0
2022,12,2022-06-25,Náutico,18,12,3,3,6,10,15,-5,12,-7,Cai,0
2022,12,2022-06-25,Guarani,19,12,2,6,4,8,13,-5,12,-7,Cai,0
2022,12,2022-06-25,Vila Nova,20,12,1,7,4,8,13,-5,10,-9,Cai,0
2022,13,2022-06-29,Cruzeiro,1,13,10,1,2,16,5,11,31,10,Sobe,0
2022,13,2022-06-29,Vasco,2,13,7,6,0,13,5,8,27,6,Sobe,0
2022,13,2022-06-29,Bahia,3,13,8,1,4,15,7,8,25,4,Sobe,0
2022,13,2022-06-29,Grêmio,4,13,5,6,2,11,4,7,21,0,Sobe,0
2022,13,2022-06-29,Sport,5,13,5,5,3,9,6,3,20,-1,Meio,0
2022,13,2022-06-29,Tombense,6,13,4,7,2,15,13,2,19,-2,Meio,1
2022,13,2022-06-29,Londrina,7,13,5,2,6,14,16,-2,17,-4,Meio,1
2022,13,2022-06-29,Brusque,8,13,5,1,7,10,13,-3,16,-5,Meio,0
2022,13,2022-06-29,Operário-PR,9,13,4,4,5,14,12,2,16,-5,Meio,0
2022,13,2022-06-29,Criciúma,10,13,4,4,5,14,13,1,16,-5,Meio,0
2022,13,2022-06-29,Sampaio Corrêa,11,13,4,3,6,13,15,-2,15,-6,Meio,0
2022,13,2022-06-29,CRB,12,13,4,3,6,9,16,-7,15,-6,Meio,0
2022,13,2022-06-29,Chapecoense,13,13,3,6,4,10,10,0,15,-6,Meio,0
2022,13,2022-06-29,Ituano,14,13,3,5,5,13,14,-1,14,-7,Meio,0
2022,13,2022-06-29,Novorizontino,15,13,3,5,5,11,16,-5,14,-7,Meio,0
2022,13,2022-06-29,CSA,16,13,2,8,3,8,10,-2,14,-7,Meio,0
2022,13,2022-06-29,Náutico,17,13,3,4,6,11,16,-5,13,-8,Cai,0
2022,13,2022-06-29,Guarani,18,13,2,7,4,8,13,-5,13,-8,Cai,0
2022,13,2022-06-29,Ponte Preta,19,13,3,3,7,8,13,-5,12,-9,Cai,0
2022,13,2022-06-29,Vila Nova,20,13,1,8,4,8,13,-5,11,-10,Cai,0
2022,14,2022-07-02,Cruzeiro,1,14,11,1,2,18,6,12,34,12,Sobe,0
2022,14,2022-07-02,Vasco,2,14,8,6,0,16,5,11,30,8,Sobe,0
2022,14,2022-07-02,Bahia,3,14,8,1,5,15,8,7,25,3,Sobe,0
2022,14,2022-07-02,Grêmio,4,14,5,7,2,12,5,7,22,0,Sobe,0
2022,14,2022-07-02,Sport,5,14,5,6,3,9,6,3,21,-1,Meio,0
2022,14,2022-07-02,Tombense,6,14,4,8,2,15,13,2,20,-2,Meio,1
2022,14,2022-07-02,Criciúma,7,14,5,4,5,15,13,2,19,-3,Meio,0
2022,14,2022-07-02,Londrina,8,14,5,3,6,14,16,-2,18,-4,Meio,1
2022,14,2022-07-02,CRB,9,14,5,3,6,11,17,-6,18,-4,Meio,0
2022,14,2022-07-02,Brusque,10,14,5,2,7,10,13,-3,17,-5,Meio,0
2022,14,2022-07-02,Ituano,11,14,4,5,5,15,14,1,17,-5,Meio,0
2022,14,2022-07-02,Novorizontino,12,14,4,5,5,12,16,-4,17,-5,Meio,0
2022,14,2022-07-02,Operário-PR,13,14,4,4,6,14,15,-1,16,-6,Meio,0
2022,14,2022-07-02,Sampaio Corrêa,14,14,4,4,6,13,15,-2,16,-6,Meio,0
2022,14,2022-07-02,Chapecoense,15,14,3,6,5,11,12,-1,15,-7,Meio,0
2022,14,2022-07-02,CSA,16,14,2,9,3,9,11,-2,15,-7,Meio,0
2022,14,2022-07-02,Náutico,17,14,3,5,6,12,17,-5,14,-8,Cai,0
2022,14,2022-07-02,Ponte Preta,18,14,3,4,7,8,13,-5,13,-9,Cai,0
2022,14,2022-07-02,Guarani,19,14,2,7,5,9,16,-7,13,-9,Cai,0
2022,14,2022-07-02,Vila Nova,20,14,1,8,5,8,14,-6,11,-11,Cai,0
2022,15,2022-07-06,Cruzeiro,1,15,12,1,2,20,6,14,37,12,Sobe,0
2022,15,2022-07-06,Vasco,2,15,8,6,1,16,7,9,30,5,Sobe,0
2022,15,2022-07-06,Bahia,3,15,9,1,5,17,8,9,28,3,Sobe,0
2022,15,2022-07-06,Grêmio,4,15,6,7,2,13,5,8,25,0,Sobe,0
2022,15,2022-07-06,Londrina,5,15,6,3,6,17,16,1,21,-4,Meio,1
2022,15,2022-07-06,Sport,6,15,5,6,4,10,8,2,21,-4,Meio,0
2022,15,2022-07-06,Tombense,7,15,4,9,2,15,13,2,21,-4,Meio,1
2022,15,2022-07-06,Criciúma,8,15,5,5,5,16,14,2,20,-5,Meio,0
2022,15,2022-07-06,Novorizontino,9,15,5,5,5,14,16,-2,20,-5,Meio,0
2022,15,2022-07-06,Operário-PR,10,15,5,4,6,16,16,0,19,-6,Meio,0
2022,15,2022-07-06,Sampaio Corrêa,11,15,5,4,6,15,15,0,19,-6,Meio,0
2022,15,2022-07-06,CRB,12,15,5,4,6,11,17,-6,19,-6,Meio,0
2022,15,2022-07-06,Chapecoense,13,15,4,6,5,14,13,1,18,-7,Meio,0
2022,15,2022-07-06,Brusque,14,15,5,2,8,10,15,-5,17,-8,Meio,0
2022,15,2022-07-06,Ituano,15,15,4,5,6,16,16,0,17,-8,Meio,0
2022,15,2022-07-06,Náutico,16,15,3,6,6,13,18,-5,15,-10,Meio,0
2022,15,2022-07-06,CSA,17,15,2,9,4,9,13,-4,15,-10,Cai,0
2022,15,2022-07-06,Ponte Preta,18,15,3,5,7,9,14,-5,14,-11,Cai,0
2022,15,2022-07-06,Guarani,19,15,2,7,6,9,18,-9,13,-12,Cai,0
2022,15,2022-07-06,Vila Nova,20,15,1,9,5,9,15,-6,12,-13,Cai,0
2022,16,2022-07-09,Cruzeiro,1,16,12,2,2,21,7,14,38,12,Sobe,0
2022,16,2022-07-09,Vasco,2,16,8,7,1,16,7,9,31,5,Sobe,0
2022,16,2022-07-09,Bahia,3,16,9,2,5,17,8,9,29,3,Sobe,0
2022,16,2022-07-09,Grêmio,4,16,6,8,2,13,5,8,26,0,Sobe,0
2022,16,2022-07-09,Tombense,5,16,5,9,2,17,14,3,24,-2,Meio,1
2022,16,2022-07-09,Criciúma,6,16,6,5,5,18,15,3,23,-3,Meio,0
2022,16,2022-07-09,Sport,7,16,5,7,4,10,8,2,22,-4,Meio,0
2022,16,2022-07-09,Londrina,8,16,6,3,7,17,18,-1,21,-5,Meio,1
2022,16,2022-07-09,Brusque,9,16,6,2,8,12,15,-3,20,-6,Meio,0
2022,16,2022-07-09,Novorizontino,10,16,5,5,6,15,19,-4,20,-6,Meio,0
2022,16,2022-07-09,CRB,11,16,5,5,6,12,18,-6,20,-6,Meio,0
2022,16,2022-07-09,Operário-PR,12,16,5,4,7,16,18,-2,19,-7,Meio,0
2022,16,2022-07-09,Sampaio Corrêa,13,16,5,4,7,16,18,-2,19,-7,Meio,0
2022,16,2022-07-09,Ituano,14,16,4,6,6,17,17,0,18,-8,Meio,0
2022,16,2022-07-09,Chapecoense,15,16,4,6,6,14,16,-2,18,-8,Meio,0
2022,16,2022-07-09,Náutico,16,16,4,6,6,16,19,-3,18,-8,Meio,0
2022,16,2022-07-09,CSA,17,16,2,10,4,9,13,-4,16,-10,Cai,0
2022,16,2022-07-09,Ponte Preta,18,16,3,6,7,9,14,-5,15,-11,Cai,0
2022,16,2022-07-09,Guarani,19,16,2,8,6,10,19,-9,14,-12,Cai,0
2022,16,2022-07-09,Vila Nova,20,16,1,9,6,9,17,-8,12,-14,Cai,0
2022,17,2022-07-16,Cruzeiro,1,17,12,2,3,21,8,13,38,9,Sobe,0
2022,17,2022-07-16,Vasco,2,17,9,7,1,17,7,10,34,5,Sobe,0
2022,17,2022-07-16,Bahia,3,17,9,3,5,18,9,9,30,1,Sobe,0
2022,17,2022-07-16,Grêmio,4,17,7,8,2,15,5,10,29,0,Sobe,0
2022,17,2022-07-16,Sport,5,17,6,7,4,12,8,4,25,-4,Meio,0
2022,17,2022-07-16,Tombense,6,17,5,9,3,17,17,0,24,-5,Meio,1
2022,17,2022-07-16,Criciúma,7,17,6,5,6,18,16,2,23,-6,Meio,0
2022,17,2022-07-16,Novorizontino,8,17,6,5,6,16,19,-3,23,-6,Meio,0
2022,17,2022-07-16,CRB,9,17,6,5,6,15,20,-5,23,-6,Meio,0
2022,17,2022-07-16,Sampaio Corrêa,10,17,6,4,7,18,18,0,22,-7,Meio,0
2022,17,2022-07-16,Londrina,11,17,6,4,7,17,18,-1,22,-7,Meio,1
2022,17,2022-07-16,Brusque,12,17,6,2,9,12,16,-4,20,-9,Meio,0
2022,17,2022-07-16,Operário-PR,13,17,5,4,8,18,21,-3,19,-10,Meio,0
2022,17,2022-07-16,Ituano,14,17,4,6,7,17,19,-2,18,-11,Meio,0
2022,17,2022-07-16,Chapecoense,15,17,4,6,7,15,18,-3,18,-11,Meio,0
2022,17,2022-07-16,Ponte Preta,16,17,4,6,7,10,14,-4,18,-11,Meio,0
2022,17,2022-07-16,Náutico,17,17,4,6,7,16,21,-5,18,-11,Cai,0
2022,17,2022-07-16,Guarani,18,17,3,8,6,11,19,-8,17,-12,Cai,0
2022,17,2022-07-16,CSA,19,17,2,10,5,9,14,-5,16,-13,Cai,0
2022,17,2022-07-16,Vila Nova,20,17,1,10,6,10,18,-8,13,-16,Cai,0
2022,18,2022-07-20,Cruzeiro,1,18,13,2,3,23,9,14,41,9,Sobe,0
2022,18,2022-07-20,Vasco,2,18,9,7,2,18,10,8,34,2,Sobe,0
2022,18,2022-07-20,Bahia,3,18,10,3,5,20,9,11,33,1,Sobe,0
2022,18,2022-07-20,Grêmio,4,18,8,8,2,18,5,13,32,0,Sobe,0
2022,18,2022-07-20,Tombense,5,18,6,9,3,18,17,1,27,-5,Meio,1
2022,18,2022-07-20,Sport,6,18,6,8,4,12,8,4,26,-6,Meio,0
2022,18,2022-07-20,Sampaio Corrêa,7,18,7,4,7,21,19,2,25,-7,Meio,0
2022,18,2022-07-20,Londrina,8,18,7,4,7,18,18,0,25,-7,Meio,1
2022,18,2022-07-20,Criciúma,9,18,6,6,6,19,17,2,24,-8,Meio,0
2022,18,2022-07-20,CRB,10,18,6,6,6,16,21,-5,24,-8,Meio,0
2022,18,2022-07-20,Novorizontino,11,18,6,5,7,17,21,-4,23,-9,Meio,0
2022,18,2022-07-20,Brusque,12,18,6,3,9,13,17,-4,21,-11,Meio,0
2022,18,2022-07-20,Chapecoense,13,18,5,6,7,17,19,-2,21,-11,Meio,0
2022,18,2022-07-20,Operário-PR,14,18,5,5,8,18,21,-3,20,-12,Meio,0
2022,18,2022-07-20,Ituano,15,18,4,7,7,17,19,-2,19,-13,Meio,0
2022,18,2022-07-20,Ponte Preta,16,18,4,7,7,11,15,-4,19,-13,Meio,0
2022,18,2022-07-20,CSA,17,18,3,10,5,11,15,-4,19,-13,Cai,0
2022,18,2022-07-20,Náutico,18,18,4,6,8,17,23,-6,18,-14,Cai,0
2022,18,2022-07-20,Guarani,19,18,3,8,7,11,21,-10,17,-15,Cai,0
2022,18,2022-07-20,Vila Nova,20,18,1,10,7,11,20,-9,13,-19,Cai,0
2022,19,2022-07-26,Cruzeiro,1,19,13,3,3,24,10,14,42,9,Sobe,0
2022,19,2022-07-26,Vasco,2,19,9,8,2,19,11,8,35,2,Sobe,0
2022,19,2022-07-26,Bahia,3,19,10,4,5,21,10,11,34,1,Sobe,0
2022,19,2022-07-26,Grêmio,4,19,8,9,2,19,6,13,33,0,Sobe,0
2022,19,2022-07-26,Londrina,5,19,8,4,7,20,19,1,28,-5,Meio,1
2022,19,2022-07-26,Tombense,6,19,6,10,3,18,17,1,28,-5,Meio,1
2022,19,2022-07-26,Sport,7,19,6,9,4,12,8,4,27,-6,Meio,0
2022,19,2022-07-26,Novorizontino,8,19,7,5,7,19,22,-3,26,-7,Meio,0
2022,19,2022-07-26,Sampaio Corrêa,9,19,7,4,8,21,20,1,25,-8,Meio,0
2022,19,2022-07-26,CRB,10,19,6,7,6,17,22,-5,25,-8,Meio,0
2022,19,2022-07-26,Criciúma,11,19,6,6,7,19,18,1,24,-9,Meio,0
2022,19,2022-07-26,Brusque,12,19,6,4,9,14,18,-4,22,-11,Meio,0
2022,19,2022-07-26,Chapecoense,13,19,5,7,7,17,19,-2,22,-11,Meio,0
2022,19,2022-07-26,Ponte Preta,14,19,5,7,7,12,15,-3,22,-11,Meio,0
2022,19,2022-07-26,Operário-PR,15,19,5,5,9,19,23,-4,20,-13,Meio,0
2022,19,2022-07-26,Ituano,16,19,4,8,7,18,20,-2,20,-13,Meio,0
2022,19,2022-07-26,CSA,17,19,3,11,5,12,16,-4,20,-13,Cai,0
2022,19,2022-07-26,Náutico,18,19,4,6,9,17,24,-7,18,-15,Cai,0
2022,19,2022-07-26,Guarani,19,19,3,9,7,11,21,-10,18,-15,Cai,0
2022,19,2022-07-26,Vila Nova,20,19,1,11,7,11,20,-9,14,-19,Cai,0
2022,20,2022-07-30,Cruzeiro,1,20,14,3,3,25,10,15,45,11,Sobe,0
2022,20,2022-07-30,Grêmio,2,20,9,9,2,21,7,14,36,2,Sobe,0
2022,20,2022-07-30,Vasco,3,20,9,8,3,19,12,7,35,1,Sobe,0
2022,20,2022-07-30,Bahia,4,20,10,4,6,21,11,10,34,0,Sobe,0
2022,20,2022-07-30,Tombense,5,20,7,10,3,21,17,4,31,-3,Meio,1
2022,20,2022-07-30,Londrina,6,20,8,5,7,21,20,1,29,-5,Meio,1
2022,20,2022-07-30,Sampaio Corrêa,7,20,8,4,8,25,21,4,28,-6,Meio,0
2022,20,2022-07-30,CRB,8,20,7,7,6,19,23,-4,28,-6,Meio,0
2022,20,2022-07-30,Criciúma,9,20,7,6,7,21,19,2,27,-7,Meio,0
2022,20,2022-07-30,Sport,10,20,6,9,5,13,12,1,27,-7,Meio,0
2022,20,2022-07-30,Novorizontino,11,20,7,5,8,20,24,-4,26,-8,Meio,0
2022,20,2022-07-30,Brusque,12,20,6,5,9,15,19,-4,23,-11,Meio,0
2022,20,2022-07-30,Ituano,13,20,5,8,7,19,20,-1,23,-11,Meio,0
2022,20,2022-07-30,Chapecoense,14,20,5,7,8,17,20,-3,22,-12,Meio,0
2022,20,2022-07-30,Ponte Preta,15,20,5,7,8,13,17,-4,22,-12,Meio,0
2022,20,2022-07-30,Operário-PR,16,20,5,6,9,19,23,-4,21,-13,Meio,0
2022,20,2022-07-30,CSA,17,20,3,11,6,13,18,-5,20,-14,Cai,0
2022,20,2022-07-30,Guarani,18,20,3,10,7,12,22,-10,19,-15,Cai,0
2022,20,2022-07-30,Náutico,19,20,4,6,10,18,26,-8,18,-16,Cai,0
2022,20,2022-07-30,Vila Nova,20,20,2,11,7,12,20,-8,17,-17,Cai,0
2022,21,2022-08-07,Cruzeiro,1,21,14,4,3,25,10,15,46,9,Sobe,0
2022,21,2022-08-07,Vasco,2,21,10,8,3,23,12,11,38,1,Sobe,0
2022,21,2022-08-07,Bahia,3,21,11,4,6,24,11,13,37,0,Sobe,0
2022,21,2022-08-07,Grêmio,4,21,9,10,2,21,7,14,37,0,Sobe,0
2022,21,2022-08-07,Londrina,5,21,9,5,7,22,20,2,32,-5,Meio,1
2022,21,2022-08-07,Tombense,6,21,7,10,4,21,19,2,31,-6,Meio,1
2022,21,2022-08-07,Sport,7,21,7,9,5,15,13,2,30,-7,Meio,0
2022,21,2022-08-07,Sampaio Corrêa,8,21,8,4,9,25,24,1,28,-9,Meio,0
2022,21,2022-08-07,Criciúma,9,21,7,7,7,22,20,2,28,-9,Meio,0
2022,21,2022-08-07,CRB,10,21,7,7,7,19,27,-8,28,-9,Meio,0
2022,21,2022-08-07,Novorizontino,11,21,7,6,8,21,25,-4,27,-10,Meio,0
2022,21,2022-08-07,Ituano,12,21,6,8,7,22,21,1,26,-11,Meio,0
2022,21,2022-08-07,Ponte Preta,13,21,6,7,8,16,17,-1,25,-12,Meio,0
2022,21,2022-08-07,Brusque,14,21,6,6,9,15,19,-4,24,-13,Meio,0
2022,21,2022-08-07,Chapecoense,15,21,5,8,8,17,20,-3,23,-14,Meio,0
2022,21,2022-08-07,Operário-PR,16,21,5,6,10,19,26,-7,21,-16,Meio,0
2022,21,2022-08-07,CSA,17,21,3,11,7,14,21,-7,20,-17,Cai,0
2022,21,2022-08-07,Guarani,18,21,3,10,8,13,24,-11,19,-18,Cai,0
2022,21,2022-08-07,Náutico,19,21,4,6,11,18,29,-11,18,-19,Cai,0
2022,21,2022-08-07,Vila Nova,20,21,2,12,7,13,21,-8,18,-19,Cai,0
2022,22,2022-08-10,Cruzeiro,1,22,15,4,3,27,10,17,49,10,Sobe,0
2022,22,2022-08-10,Bahia,2,22,12,4,6,25,11,14,40,1,Sobe,0
2022,22,2022-08-10,Grêmio,3,22,10,10,2,23,8,15,40,1,Sobe,0
2022,22,2022-08-10,Vasco,4,22,10,9,3,23,12,11,39,0,Sobe,0
2022,22,2022-08-10,Londrina,5,22,9,5,8,23,22,1,32,-7,Meio,1
2022,22,2022-08-10,Tombense,6,22,7,11,4,21,19,2,32,-7,Meio,1
2022,22,2022-08-10,Sport,7,22,7,10,5,16,14,2,31,-8,Meio,0
2022,22,2022-08-10,Sampaio Corrêa,8,22,8,5,9,26,25,1,29,-10,Meio,0
2022,22,2022-08-10,Criciúma,9,22,7,8,7,23,21,2,29,-10,Meio,0
2022,22,2022-08-10,CRB,10,22,7,8,7,20,28,-8,29,-10,Meio,0
2022,22,2022-08-10,Novorizontino,11,22,7,6,9,21,26,-5,27,-12,Meio,0
2022,22,2022-08-10,Ituano,12,22,6,9,7,23,22,1,27,-12,Meio,0
2022,22,2022-08-10,Ponte Preta,13,22,6,8,8,17,18,-1,26,-13,Meio,0
2022,22,2022-08-10,Brusque,14,22,6,7,9,16,20,-4,25,-14,Meio,0
2022,22,2022-08-10,Operário-PR,15,22,6,6,10,20,26,-6,24,-15,Meio,0
2022,22,2022-08-10,Chapecoense,16,22,5,9,8,17,20,-3,24,-15,Meio,0
2022,22,2022-08-10,CSA,17,22,3,11,8,14,22,-8,20,-19,Cai,0
2022,22,2022-08-10,Guarani,18,22,3,10,9,14,26,-12,19,-20,Cai,0
2022,22,2022-08-10,Vila Nova,19,22,2,13,7,14,22,-8,19,-20,Cai,0
2022,22,2022-08-10,Náutico,20,22,4,6,12,18,30,-12,18,-21,Cai,0
2022,23,2022-08-13,Cruzeiro,1,23,16,4,3,29,11,18,52,13,Sobe,0
2022,23,2022-08-13,Grêmio,2,23,11,10,2,28,9,19,43,4,Sobe,0
2022,23,2022-08-13,Bahia,3,23,12,4,7,25,13,12,40,1,Sobe,0
2022,23,2022-08-13,Vasco,4,23,10,9,4,24,15,9,39,0,Sobe,0
2022,23,2022-08-13,Londrina,5,23,9,6,8,23,22,1,33,-6,Meio,1
2022,23,2022-08-13,Sampaio Corrêa,6,23,9,5,9,28,25,3,32,-7,Meio,0
2022,23,2022-08-13,Tombense,7,23,7,11,5,22,22,0,32,-7,Meio,1
2022,23,2022-08-13,Sport,8,23,7,10,6,17,18,-1,31,-8,Meio,0
2022,23,2022-08-13,Ituano,9,23,7,9,7,27,23,4,30,-9,Meio,0
2022,23,2022-08-13,Criciúma,10,23,7,9,7,23,21,2,30,-9,Meio,0
2022,23,2022-08-13,Ponte Preta,11,23,7,8,8,20,19,1,29,-10,Meio,0
2022,23,2022-08-13,CRB,12,23,7,8,8,21,30,-9,29,-10,Meio,0
2022,23,2022-08-13,Novorizontino,13,23,7,7,9,23,28,-5,28,-11,Meio,0
2022,23,2022-08-13,Brusque,14,23,6,7,10,16,21,-5,25,-14,Meio,0
2022,23,2022-08-13,Chapecoense,15,23,5,10,8,19,22,-3,25,-14,Meio,0
2022,23,2022-08-13,Operário-PR,16,23,6,6,11,21,31,-10,24,-15,Meio,0
2022,23,2022-08-13,CSA,17,23,4,11,8,15,22,-7,23,-16,Cai,0
2022,23,2022-08-13,Náutico,18,23,5,6,12,20,31,-11,21,-18,Cai,0
2022,23,2022-08-13,Guarani,19,23,3,11,9,14,26,-12,20,-19,Cai,0
2022,23,2022-08-13,Vila Nova,20,23,2,14,7,14,22,-8,20,-19,Cai,0
2022,24,2022-08-19,Cruzeiro,1,24,16,5,3,30,12,18,53,11,Sobe,0
2022,24,2022-08-19,Bahia,2,24,13,4,7,27,13,14,43,1,Sobe,0
2022,24,2022-08-19,Grêmio,3,24,11,10,3,28,11,17,43,1,Sobe,0
2022,24,2022-08-19,Vasco,4,24,11,9,4,27,16,11,42,0,Sobe,0
2022,24,2022-08-19,Tombense,5,24,8,11,5,23,22,1,35,-7,Meio,1
2022,24,2022-08-19,Londrina,6,24,9,7,8,24,23,1,34,-8,Meio,1
2022,24,2022-08-19,Sport,7,24,8,10,6,21,18,3,34,-8,Meio,0
2022,24,2022-08-19,Sampaio Corrêa,8,24,9,6,9,29,26,3,33,-9,Meio,0
2022,24,2022-08-19,CRB,9,24,8,8,8,23,30,-7,32,-10,Meio,0
2022,24,2022-08-19,Novorizontino,10,24,8,7,9,26,29,-3,31,-11,Meio,0
2022,24,2022-08-19,Ituano,11,24,7,9,8,27,25,2,30,-12,Meio,0
2022,24,2022-08-19,Criciúma,12,24,7,9,8,24,24,0,30,-12,Meio,0
2022,24,2022-08-19,Ponte Preta,13,24,7,8,9,21,21,0,29,-13,Meio,0
2022,24,2022-08-19,Brusque,14,24,7,7,10,18,22,-4,28,-14,Meio,0
2022,24,2022-08-19,Chapecoense,15,24,5,11,8,20,23,-3,26,-16,Meio,0
2022,24,2022-08-19,Operário-PR,16,24,6,7,11,22,32,-10,25,-17,Meio,0
2022,24,2022-08-19,CSA,17,24,4,11,9,15,26,-11,23,-19,Cai,0
2022,24,2022-08-19,Guarani,18,24,4,11,9,15,26,-11,23,-19,Cai,0
2022,24,2022-08-19,Náutico,19,24,5,6,13,20,32,-12,21,-21,Cai,0
2022,24,2022-08-19,Vila Nova,20,24,2,15,7,14,22,-8,21,-21,Cai,0
2022,25,2022-08-27,Cruzeiro,1,25,16,6,3,32,14,18,54,12,Sobe,0
2022,25,2022-08-27,Bahia,2,25,13,5,7,28,14,14,44,2,Sobe,0
2022,25,2022-08-27,Grêmio,3,25,11,11,3,30,13,17,44,2,Sobe,0
2022,25,2022-08-27,Vasco,4,25,11,9,5,27,18,9,42,0,Sobe,0
2022,25,2022-08-27,Londrina,5,25,10,7,8,25,23,2,37,-5,Meio,1
2022,25,2022-08-27,CRB,6,25,9,8,8,25,31,-6,35,-7,Meio,0
2022,25,2022-08-27,Tombense,7,25,8,11,6,24,24,0,35,-7,Meio,1
2022,25,2022-08-27,Sport,8,25,8,10,7,21,19,2,34,-8,Meio,0
2022,25,2022-08-27,Sampaio Corrêa,9,25,9,6,10,30,28,2,33,-9,Meio,0
2022,25,2022-08-27,Ituano,10,25,8,9,8,28,25,3,33,-9,Meio,0
2022,25,2022-08-27,Criciúma,11,25,8,9,8,26,24,2,33,-9,Meio,0
2022,25,2022-08-27,Ponte Preta,12,25,8,8,9,22,21,1,32,-10,Meio,0
2022,25,2022-08-27,Novorizontino,13,25,8,7,10,26,30,-4,31,-11,Meio,0
2022,25,2022-08-27,Chapecoense,14,25,6,11,8,21,23,-2,29,-13,Meio,0
2022,25,2022-08-27,Brusque,15,25,7,7,11,18,23,-5,28,-14,Meio,0
2022,25,2022-08-27,CSA,16,25,5,11,9,17,26,-9,26,-16,Meio,0
2022,25,2022-08-27,Operário-PR,17,25,6,7,12,22,34,-12,25,-17,Cai,0
2022,25,2022-08-27,Vila Nova,18,25,3,15,7,16,23,-7,24,-18,Cai,0
2022,25,2022-08-27,Guarani,19,25,4,11,10,15,27,-12,23,-19,Cai,0
2022,25,2022-08-27,Náutico,20,25,5,6,14,21,34,-13,21,-21,Cai,0
2022,26,2022-08-31,Cruzeiro,1,26,17,6,3,36,14,22,57,15,Sobe,0
2022,26,2022-08-31,Bahia,2,26,14,5,7,30,15,15,47,5,Sobe,0
2022,26,2022-08-31,Grêmio,3,26,11,11,4,30,14,16,44,2,Sobe,0
2022,26,2022-08-31,Vasco,4,26,11,9,6,28,20,8,42,0,Sobe,0
2022,26,2022-08-31,Londrina,5,26,11,7,8,26,23,3,40,-2,Meio,1
2022,26,2022-08-31,Tombense,6,26,9,11,6,25,24,1,38,-4,Meio,1
2022,26,2022-08-31,Sport,7,26,9,10,7,22,19,3,37,-5,Meio,0
2022,26,2022-08-31,Ituano,8,26,9,9,8,29,25,4,36,-6,Meio,0
2022,26,2022-08-31,CRB,9,26,9,9,8,25,31,-6,36,-6,Meio,0
2022,26,2022-08-31,Sampaio Corrêa,10,26,9,7,10,30,28,2,34,-8,Meio,0
2022,26,2022-08-31,Criciúma,11,26,8,10,8,26,24,2,34,-8,Meio,0
2022,26,2022-08-31,Ponte Preta,12,26,8,9,9,23,22,1,33,-9,Meio,0
2022,26,2022-08-31,Novorizontino,13,26,8,8,10,27,31,-4,32,-10,Meio,0
2022,26,2022-08-31,Chapecoense,14,26,6,11,9,21,24,-3,29,-13,Meio,0
2022,26,2022-08-31,Brusque,15,26,7,7,12,18,24,-6,28,-14,Meio,0
2022,26,2022-08-31,CSA,16,26,5,12,9,17,26,-9,27,-15,Meio,0
2022,26,2022-08-31,Operário-PR,17,26,6,8,12,22,34,-12,26,-16,Cai,0
2022,26,2022-08-31,Guarani,18,26,5,11,10,17,28,-11,26,-16,Cai,0
2022,26,2022-08-31,Vila Nova,19,26,3,16,7,16,23,-7,25,-17,Cai,0
2022,26,2022-08-31,Náutico,20,26,5,6,15,21,38,-17,21,-21,Cai,0
2022,27,2022-09-04,Cruzeiro,1,27,17,7,3,37,15,22,58,14,Sobe,0
2022,27,2022-09-04,Bahia,2,27,14,5,8,30,17,13,47,3,Sobe,0
2022,27,2022-09-04,Vasco,3,27,12,9,6,30,21,9,45,1,Sobe,0
2022,27,2022-09-04,Grêmio,4,27,11,11,5,30,16,14,44,0,Sobe,0
2022,27,2022-09-04,Londrina,5,27,11,7,9,26,24,2,40,-4,Meio,1
2022,27,2022-09-04,Sport,6,27,10,10,7,23,19,4,40,-4,Meio,0
2022,27,2022-09-04,Tombense,7,27,9,11,7,26,27,-1,38,-6,Meio,1
2022,27,2022-09-04,Ituano,8,27,9,10,8,29,25,4,37,-7,Meio,0
2022,27,2022-09-04,Criciúma,9,27,9,10,8,28,24,4,37,-7,Meio,0
2022,27,2022-09-04,Ponte Preta,10,27,9,9,9,25,22,3,36,-8,Meio,0
2022,27,2022-09-04,CRB,11,27,9,9,9,25,32,-7,36,-8,Meio,0
2022,27,2022-09-04,Sampaio Corrêa,12,27,9,8,10,31,29,2,35,-9,Meio,0
2022,27,2022-09-04,Novorizontino,13,27,8,8,11,27,32,-5,32,-12,Meio,0
2022,27,2022-09-04,CSA,14,27,6,12,9,19,26,-7,30,-14,Meio,0
2022,27,2022-09-04,Chapecoense,15,27,6,11,10,22,26,-4,29,-15,Meio,0
2022,27,2022-09-04,Brusque,16,27,7,7,13,18,25,-7,28,-16,Meio,0
2022,27,2022-09-04,Vila Nova,17,27,4,16,7,18,24,-6,28,-16,Cai,0
2022,27,2022-09-04,Operário-PR,18,27,6,9,12,22,34,-12,27,-17,Cai,0
2022,27,2022-09-04,Guarani,19,27,5,11,11,18,30,-12,26,-18,Cai,0
2022,27,2022-09-04,Náutico,20,27,5,6,16,21,40,-19,21,-23,Cai,0
2022,28,2022-09-10,Cruzeiro,1,28,17,8,3,38,16,22,59,14,Sobe,0
2022,28,2022-09-10,Bahia,2,28,15,5,8,33,18,15,50,5,Sobe,0
2022,28,2022-09-10,Grêmio,3,28,12,11,5,32,17,15,47,2,Sobe,0
2022,28,2022-09-10,Vasco,4,28,12,9,7,30,22,8,45,0,Sobe,0
2022,28,2022-09-10,Londrina,5,28,12,7,9,28,25,3,43,-2,Meio,1
2022,28,2022-09-10,Sport,6,28,10,10,8,23,21,2,40,-5,Meio,0
2022,28,2022-09-10,CRB,7,28,10,9,9,27,32,-5,39,-6,Meio,0
2022,28,2022-09-10,Criciúma,8,28,9,11,8,29,25,4,38,-7,Meio,0
2022,28,2022-09-10,Tombense,9,28,9,11,8,26,30,-4,38,-7,Meio,1
2022,28,2022-09-10,Ituano,10,28,9,10,9,29,27,2,37,-8,Meio,0
2022,28,2022-09-10,Ponte Preta,11,28,9,9,10,25,25,0,36,-9,Meio,0
2022,28,2022-09-10,Sampaio Corrêa,12,28,9,8,11,31,32,-1,35,-10,Meio,0
2022,28,2022-09-10,Novorizontino,13,28,8,9,11,28,33,-5,33,-12,Meio,0
2022,28,2022-09-10,Chapecoense,14,28,7,11,10,25,26,-1,32,-13,Meio,0
2022,28,2022-09-10,Brusque,15,28,8,7,13,19,25,-6,31,-14,Meio,0
2022,28,2022-09-10,CSA,16,28,6,13,9,20,27,-7,31,-14,Meio,0
2022,28,2022-09-10,Operário-PR,17,28,7,9,12,23,34,-11,30,-15,Cai,0
2022,28,2022-09-10,Guarani,18,28,6,11,11,21,30,-9,29,-16,Cai,0
2022,28,2022-09-10,Vila Nova,19,28,4,16,8,19,26,-7,28,-17,Cai,0
2022,28,2022-09-10,Náutico,20,28,6,6,16,23,40,-17,24,-21,Cai,0
2022,29,2022-09-17,Cruzeiro,1,29,18,8,3,39,16,23,62,17,Sobe,0
2022,29,2022-09-17,Bahia,2,29,15,6,8,33,18,15,51,6,Sobe,0
2022,29,2022-09-17,Grêmio,3,29,13,11,5,34,18,16,50,5,Sobe,0
2022,29,2022-09-17,Vasco,4,29,12,9,8,31,24,7,45,0,Sobe,0
2022,29,2022-09-17,Londrina,5,29,12,8,9,29,26,3,44,-1,Meio,1
2022,29,2022-09-17,Ituano,6,29,10,10,9,32,27,5,40,-5,Meio,0
2022,29,2022-09-17,Sport,7,29,10,10,9,23,22,1,40,-5,Meio,0
2022,29,2022-09-17,CRB,8,29,10,10,9,28,33,-5,40,-5,Meio,0
2022,29,2022-09-17,Ponte Preta,9,29,10,9,10,26,25,1,39,-6,Meio,0
2022,29,2022-09-17,Criciúma,10,29,9,12,8,29,25,4,39,-6,Meio,0
2022,29,2022-09-17,Tombense,11,29,9,12,8,27,31,-4,39,-6,Meio,1
2022,29,2022-09-17,Sampaio Corrêa,12,29,10,8,11,33,33,0,38,-7,Meio,0
2022,29,2022-09-17,Novorizontino,13,29,8,9,12,29,35,-6,33,-12,Meio,0
2022,29,2022-09-17,Chapecoense,14,29,7,11,11,26,28,-2,32,-13,Meio,0
2022,29,2022-09-17,CSA,15,29,6,14,9,21,28,-7,32,-13,Meio,0
2022,29,2022-09-17,Brusque,16,29,8,7,14,19,26,-7,31,-14,Meio,0
2022,29,2022-09-17,Vila Nova,17,29,5,16,8,21,27,-6,31,-14,Cai,0
2022,29,2022-09-17,Operário-PR,18,29,7,9,13,23,35,-12,30,-15,Cai,0
2022,29,2022-09-17,Guarani,19,29,6,11,12,22,32,-10,29,-16,Cai,0
2022,29,2022-09-17,Náutico,20,29,7,6,16,24,40,-16,27,-18,Cai,0
2022,30,2022-09-27,Cruzeiro,1,30,19,8,3,41,16,25,65,17,Sobe,0
2022,30,2022-09-27,Bahia,2,30,15,6,9,33,19,14,51,3,Sobe,0
2022,30,2022-09-27,Grêmio,3,30,13,11,6,34,20,14,50,2,Sobe,0
2022,30,2022-09-27,Vasco,4,30,13,9,8,35,25,10,48,0,Sobe,0
2022,30,2022-09-27,Londrina,5,30,12,8,10,29,28,1,44,-4,Meio,1
2022,30,2022-09-27,Sport,6,30,11,10,9,24,22,2,43,-5,Meio,0
2022,30,2022-09-27,Ituano,7,30,10,11,9,33,28,5,41,-7,Meio,0
2022,30,2022-09-27,Ponte Preta,8,30,10,10,10,27,26,1,40,-8,Meio,0
2022,30,2022-09-27,CRB,9,30,10,10,10,28,35,-7,40,-8,Meio,0
2022,30,2022-09-27,Criciúma,10,30,9,13,8,30,26,4,40,-8,Meio,0
2022,30,2022-09-27,Sampaio Corrêa,11,30,10,9,11,34,34,0,39,-9,Meio,0
2022,30,2022-09-27,Tombense,12,30,9,12,9,27,33,-6,39,-9,Meio,1
2022,30,2022-09-27,Novorizontino,13,30,9,9,12,31,35,-4,36,-12,Meio,0
2022,30,2022-09-27,Chapecoense,14,30,8,11,11,27,28,-1,35,-13,Meio,0
2022,30,2022-09-27,Vila Nova,15,30,6,16,8,22,27,-5,34,-14,Meio,0
2022,30,2022-09-27,Guarani,16,30,7,11,12,23,32,-9,32,-16,Meio,0
2022,30,2022-09-27,CSA,17,30,6,14,10,21,29,-8,32,-16,Cai,0
2022,30,2022-09-27,Brusque,18,30,8,7,15,19,27,-8,31,-17,Cai,0
2022,30,2022-09-27,Operário-PR,19,30,7,9,14,23,36,-13,30,-18,Cai,0
2022,30,2022-09-27,Náutico,20,30,7,6,17,25,44,-19,27,-21,Cai,0
2022,31,2022-09-30,Cruzeiro,1,31,20,8,3,44,16,28,68,20,Sobe,0
2022,31,2022-09-30,Grêmio,2,31,14,11,6,37,20,17,53,5,Sobe,0
2022,31,2022-09-30,Bahia,3,31,15,7,9,35,21,14,52,4,Sobe,0
2022,31,2022-09-30,Vasco,4,31,13,9,9,35,28,7,48,0,Sobe,0
2022,31,2022-09-30,Londrina,5,31,12,9,10,30,29,1,45,-3,Meio,1
2022,31,2022-09-30,Ituano,6,31,11,11,9,35,28,7,44,-4,Meio,0
2022,31,2022-09-30,Ponte Preta,7,31,11,10,10,29,26,3,43,-5,Meio,0
2022,31,2022-09-30,Sport,8,31,11,10,10,24,25,-1,43,-5,Meio,0
2022,31,2022-09-30,Criciúma,9,31,10,13,8,32,26,6,43,-5,Meio,0
2022,31,2022-09-30,Sampaio Corrêa,10,31,11,9,11,37,35,2,42,-6,Meio,0
2022,31,2022-09-30,Tombense,11,31,10,12,9,29,33,-4,42,-6,Meio,1
2022,31,2022-09-30,CRB,12,31,10,10,11,28,36,-8,40,-8,Meio,0
2022,31,2022-09-30,Vila Nova,13,31,7,16,8,23,27,-4,37,-11,Meio,0
2022,31,2022-09-30,Novorizontino,14,31,9,9,13,31,37,-6,36,-12,Meio,0
2022,31,2022-09-30,Chapecoense,15,31,8,11,12,27,30,-3,35,-13,Meio,0
2022,31,2022-09-30,Guarani,16,31,8,11,12,25,32,-7,35,-13,Meio,0
2022,31,2022-09-30,CSA,17,31,7,14,10,23,29,-6,35,-13,Cai,0
2022,31,2022-09-30,Brusque,18,31,8,7,16,19,29,-10,31,-17,Cai,0
2022,31,2022-09-30,Operário-PR,19,31,7,10,14,25,38,-13,31,-17,Cai,0
2022,31,2022-09-30,Náutico,20,31,7,6,18,26,47,-21,27,-21,Cai,0
2022,32,2022-10-05,Cruzeiro,1,32,21,8,3,48,17,31,71,22,Sobe,0
2022,32,2022-10-05,Grêmio,2,32,14,11,7,38,22,16,53,4,Sobe,0
2022,32,2022-10-05,Bahia,3,32,15,7,10,36,24,12,52,3,Sobe,0
2022,32,2022-10-05,Vasco,4,32,13,10,9,36,29,7,49,0,Sobe,0
2022,32,2022-10-05,Ituano,5,32,12,11,9,36,28,8,47,-2,Meio,0
2022,32,2022-10-05,Sport,6,32,12,10,10,26,26,0,46,-3,Meio,0
2022,32,2022-10-05,Criciúma,7,32,11,13,8,34,26,8,46,-3,Meio,0
2022,32,2022-10-05,Sampaio Corrêa,8,32,12,9,11,39,36,3,45,-4,Meio,0
2022,32,2022-10-05,Londrina,9,32,12,9,11,30,30,0,45,-4,Meio,1
2022,32,2022-10-05,Ponte Preta,10,32,11,10,11,30,30,0,43,-6,Meio,0
2022,32,2022-10-05,Tombense,11,32,10,12,10,32,37,-5,42,-7,Meio,1
2022,32,2022-10-05,CRB,12,32,10,10,12,28,37,-9,40,-9,Meio,0
2022,32,2022-10-05,Chapecoense,13,32,9,11,12,30,31,-1,38,-11,Meio,0
2022,32,2022-10-05,Guarani,14,32,9,11,12,27,33,-6,38,-11,Meio,0
2022,32,2022-10-05,Vila Nova,15,32,7,17,8,24,28,-4,38,-11,Meio,0
2022,32,2022-10-05,Novorizontino,16,32,9,9,14,31,39,-8,36,-13,Meio,0
2022,32,2022-10-05,CSA,17,32,7,14,11,24,31,-7,35,-14,Cai,0
2022,32,2022-10-05,Operário-PR,18,32,7,11,14,26,39,-13,32,-17,Cai,0
2022,32,2022-10-05,Brusque,19,32,8,7,17,19,31,-12,31,-18,Cai,0
2022,32,2022-10-05,Náutico,20,32,7,6,19,27,49,-22,27,-22,Cai,0
2022,33,2022-10-08,Cruzeiro,1,33,21,9,3,49,18,31,72,20,Sobe,0
2022,33,2022-10-08,Grêmio,2,33,15,11,7,40,22,18,56,4,Sobe,0
2022,33,2022-10-08,Bahia,3,33,15,8,10,37,25,12,53,1,Sobe,0
2022,33,2022-10-08,Vasco,4,33,14,10,9,39,31,8,52,0,Sobe,0
2022,33,2022-10-08,Sport,5,33,13,10,10,27,26,1,49,-3,Meio,0
2022,33,2022-10-08,Sampaio Corrêa,6,33,13,9,11,41,37,4,48,-4,Meio,0
2022,33,2022-10-08,Ituano,7,33,12,12,9,37,29,8,48,-4,Meio,0
2022,33,2022-10-08,Londrina,8,33,12,10,11,31,31,0,46,-6,Meio,1
2022,33,2022-10-08,Criciúma,9,33,11,13,9,34,27,7,46,-6,Meio,0
2022,33,2022-10-08,Ponte Preta,10,33,11,10,12,31,32,-1,43,-9,Meio,0
2022,33,2022-10-08,CRB,11,33,11,10,12,30,38,-8,43,-9,Meio,0
2022,33,2022-10-08,Tombense,12,33,10,12,11,33,39,-6,42,-10,Meio,1
2022,33,2022-10-08,Guarani,13,33,10,11,12,28,33,-5,41,-11,Meio,0
2022,33,2022-10-08,Vila Nova,14,33,8,17,8,25,28,-3,41,-11,Meio,0
2022,33,2022-10-08,Chapecoense,15,33,9,11,13,31,33,-2,38,-14,Meio,0
2022,33,2022-10-08,Novorizontino,16,33,9,10,14,32,40,-8,37,-15,Meio,0
2022,33,2022-10-08,CSA,17,33,7,14,12,24,33,-9,35,-17,Cai,0
2022,33,2022-10-08,Operário-PR,18,33,7,11,15,28,42,-14,32,-20,Cai,0
2022,33,2022-10-08,Brusque,19,33,8,7,18,19,32,-13,31,-21,Cai,0
2022,33,2022-10-08,Náutico,20,33,8,6,19,31,52,-21,30,-22,Cai,0
2022,34,2022-10-15,Cruzeiro,1,34,21,9,4,50,21,29,72,17,Sobe,0
2022,34,2022-10-15,Grêmio,2,34,15,12,7,41,23,18,57,2,Sobe,0
2022,34,2022-10-15,Bahia,3,34,16,8,10,38,25,13,56,1,Sobe,0
2022,34,2022-10-15,Vasco,4,34,15,10,9,42,31,11,55,0,Sobe,0
2022,34,2022-10-15,Sport,5,34,14,10,10,30,27,3,52,-3,Meio,0
2022,34,2022-10-15,Ituano,6,34,13,12,9,39,30,9,51,-4,Meio,0
2022,34,2022-10-15,Sampaio Corrêa,7,34,13,10,11,41,37,4,49,-6,Meio,0
2022,34,2022-10-15,Londrina,8,34,13,10,11,32,31,1,49,-6,Meio,1
2022,34,2022-10-15,Criciúma,9,34,12,13,9,36,28,8,49,-6,Meio,0
2022,34,2022-10-15,CRB,10,34,12,10,12,32,39,-7,46,-9,Meio,0
2022,34,2022-10-15,Ponte Preta,11,34,11,11,12,32,33,-1,44,-11,Meio,0
2022,34,2022-10-15,Tombense,12,34,10,13,11,33,39,-6,43,-12,Meio,1
2022,34,2022-10-15,Vila Nova,13,34,8,18,8,26,29,-3,42,-13,Meio,0
2022,34,2022-10-15,Guarani,14,34,10,11,13,29,35,-6,41,-14,Meio,0
2022,34,2022-10-15,Chapecoense,15,34,9,12,13,32,34,-2,39,-16,Meio,0
2022,34,2022-10-15,Novorizontino,16,34,9,10,15,32,43,-11,37,-18,Meio,0
2022,34,2022-10-15,CSA,17,34,7,15,12,24,33,-9,36,-19,Cai,0
2022,34,2022-10-15,Operário-PR,18,34,7,12,15,29,43,-14,33,-22,Cai,0
2022,34,2022-10-15,Brusque,19,34,8,7,19,19,33,-14,31,-24,Cai,0
2022,34,2022-10-15,Náutico,20,34,8,6,20,32,54,-22,30,-25,Cai,0
2022,35,2022-10-22,Cruzeiro,1,35,21,9,5,50,22,28,72,16,Sobe,0
2022,35,2022-10-22,Grêmio,2,35,15,13,7,42,24,18,58,2,Sobe,0
2022,35,2022-10-22,Bahia,3,35,16,9,10,39,26,13,57,1,Sobe,0
2022,35,2022-10-22,Vasco,4,35,15,11,9,43,32,11,56,0,Sobe,0
2022,35,2022-10-22,Sport,5,35,14,11,10,31,28,3,53,-3,Meio,0
2022,35,2022-10-22,Sampaio Corrêa,6,35,14,10,11,43,38,5,52,-4,Meio,0
2022,35,2022-10-22,Londrina,7,35,14,10,11,34,32,2,52,-4,Meio,1
2022,35,2022-10-22,Criciúma,8,35,13,13,9,39,28,11,52,-4,Meio,0
2022,35,2022-10-22,Ituano,9,35,13,12,10,39,33,6,51,-5,Meio,0
2022,35,2022-10-22,CRB,10,35,12,10,13,32,40,-8,46,-10,Meio,0
2022,35,2022-10-22,Ponte Preta,11,35,11,12,12,32,33,-1,45,-11,Meio,0
2022,35,2022-10-22,Vila Nova,12,35,9,18,8,27,29,-2,45,-11,Meio,0
2022,35,2022-10-22,Guarani,13,35,11,11,13,30,35,-5,44,-12,Meio,0
2022,35,2022-10-22,Tombense,14,35,10,13,12,35,42,-7,43,-13,Meio,1
2022,35,2022-10-22,Novorizontino,15,35,10,10,15,38,43,-5,40,-16,Meio,0
2022,35,2022-10-22,Chapecoense,16,35,9,12,14,33,36,-3,39,-17,Meio,0
2022,35,2022-10-22,CSA,17,35,7,15,13,24,34,-10,36,-20,Cai,0
2022,35,2022-10-22,Operário-PR,18,35,7,13,15,29,43,-14,34,-22,Cai,0
2022,35,2022-10-22,Brusque,19,35,8,8,19,19,33,-14,32,-24,Cai,0
2022,35,2022-10-22,Náutico,20,35,8,6,21,32,60,-28,30,-26,Cai,0
2022,36,2022-10-29,Cruzeiro,1,36,21,9,6,50,23,27,72,14,Sobe,0
2022,36,2022-10-29,Grêmio,2,36,16,13,7,45,24,21,61,3,Sobe,0
2022,36,2022-10-29,Vasco,3,36,16,11,9,45,33,12,59,1,Sobe,0
2022,36,2022-10-29,Bahia,4,36,16,10,10,40,27,13,58,0,Sobe,0
2022,36,2022-10-29,Ituano,5,36,14,12,10,40,33,7,54,-4,Meio,0
2022,36,2022-10-29,Sport,6,36,14,11,11,32,30,2,53,-5,Meio,0
2022,36,2022-10-29,Sampaio Corrêa,7,36,14,10,12,43,39,4,52,-6,Meio,0
2022,36,2022-10-29,Londrina,8,36,14,10,12,34,34,0,52,-6,Meio,1
2022,36,2022-10-29,Criciúma,9,36,13,13,10,40,30,10,52,-6,Meio,0
2022,36,2022-10-29,CRB,10,36,13,10,13,34,41,-7,49,-9,Meio,0
2022,36,2022-10-29,Guarani,11,36,12,11,13,31,35,-4,47,-11,Meio,0
2022,36,2022-10-29,Vila Nova,12,36,9,19,8,28,30,-2,46,-12,Meio,0
2022,36,2022-10-29,Ponte Preta,13,36,11,12,13,32,35,-3,45,-13,Meio,0
2022,36,2022-10-29,Tombense,14,36,10,14,12,37,44,-7,44,-14,Meio,1
2022,36,2022-10-29,Chapecoense,15,36,10,12,14,36,38,-2,42,-16,Meio,0
2022,36,2022-10-29,Novorizontino,16,36,10,11,15,40,45,-5,41,-17,Meio,0
2022,36,2022-10-29,CSA,17,36,8,15,13,26,34,-8,39,-19,Cai,0
2022,36,2022-10-29,Operário-PR,18,36,7,13,16,30,45,-15,34,-24,Cai,0
2022,36,2022-10-29,Brusque,19,36,8,9,19,21,35,-14,33,-25,Cai,0
2022,36,2022-10-29,Náutico,20,36,8,6,22,32,63,-31,30,-28,Cai,0
2022,37,2022-11-05,Cruzeiro,1,37,22,9,6,54,24,30,75,16,Sobe,0
2022,37,2022-11-05,Grêmio,2,37,16,14,7,47,26,21,62,3,Sobe,0
2022,37,2022-11-05,Bahia,3,37,16,11,10,41,28,13,59,0,Sobe,0
2022,37,2022-11-05,Vasco,4,37,16,11,10,47,36,11,59,0,Sobe,0
2022,37,2022-11-05,Ituano,5,37,15,12,10,42,33,9,57,-2,Meio,0
2022,37,2022-11-05,Sport,6,37,15,11,11,37,31,6,56,-3,Meio,0
2022,37,2022-11-05,Sampaio Corrêa,7,37,15,10,12,46,41,5,55,-4,Meio,0
2022,37,2022-11-05,Criciúma,8,37,13,14,10,41,31,10,53,-6,Meio,0
2022,37,2022-11-05,Londrina,9,37,14,10,13,35,36,-1,52,-7,Meio,1
2022,37,2022-11-05,CRB,10,37,13,11,13,34,41,-7,50,-9,Meio,0
2022,37,2022-11-05,Guarani,11,37,12,12,13,32,36,-4,48,-11,Meio,0
2022,37,2022-11-05,Ponte Preta,12,37,11,13,13,33,36,-3,46,-13,Meio,0
2022,37,2022-11-05,Vila Nova,13,37,9,19,9,28,31,-3,46,-13,Meio,0
2022,37,2022-11-05,Chapecoense,14,37,11,12,14,37,38,-1,45,-14,Meio,0
2022,37,2022-11-05,Tombense,15,37,10,14,13,37,46,-9,44,-15,Meio,1
2022,37,2022-11-05,CSA,16,37,9,15,13,27,34,-7,42,-17,Meio,0
2022,37,2022-11-05,Novorizontino,17,37,10,11,16,41,49,-8,41,-18,Cai,0
2022,37,2022-11-05,Brusque,18,37,8,10,19,21,35,-14,34,-25,Cai,0
2022,37,2022-11-05,Operário-PR,19,37,7,13,17,31,50,-19,34,-25,Cai,0
2022,37,2022-11-05,Náutico,20,37,8,6,23,32,64,-32,30,-29,Cai,0
2022,38,2022-11-06,Cruzeiro,1,38,23,9,6,57,26,31,78,16,Sobe,0
2022,38,2022-11-06,Grêmio,2,38,17,14,7,50,26,24,65,3,Sobe,0
2022,38,2022-11-06,Bahia,3,38,17,11,10,43,29,14,62,0,Sobe,0
2022,38,2022-11-06,Vasco,4,38,17,11,10,48,36,12,62,0,Sobe,0
2022,38,2022-11-06,Sampaio Corrêa,5,38,16,10,12,48,42,6,58,-4,Meio,0
2022,38,2022-11-06,Ituano,6,38,15,12,11,42,34,8,57,-5,Meio,0
2022,38,2022-11-06,Sport,7,38,15,12,11,37,31,6,57,-5,Meio,0
2022,38,2022-11-06,Criciúma,8,38,14,14,10,43,31,12,56,-6,Meio,0
2022,38,2022-11-06,Londrina,9,37,14,10,13,35,36,-1,52,-10,Meio,1
2022,38,2022-11-06,Guarani,10,38,13,12,13,33,36,-3,51,-11,Meio,0
2022,38,2022-11-06,CRB,11,38,13,11,14,35,43,-8,50,-12,Meio,0
2022,38,2022-11-06,Ponte Preta,12,38,12,13,13,34,36,-2,49,-13,Meio,0
2022,38,2022-11-06,Vila Nova,13,38,9,20,9,28,31,-3,47,-15,Meio,0
2022,38,2022-11-06,Chapecoense,14,38,11,12,15,37,39,-2,45,-17,Meio,0
2022,38,2022-11-06,Novorizontino,15,38,11,11,16,44,49,-5,44,-18,Meio,0
2022,38,2022-11-06,Tombense,16,37,10,14,13,37,46,-9,44,-18,Meio,1
2022,38,2022-11-06,CSA,17,38,9,15,14,29,37,-8,42,-20,Cai,0
2022,38,2022-11-06,Brusque,18,38,8,10,20,21,38,-17,34,-28,Cai,0
2022,38,2022-11-06,Operário-PR,19,38,7,13,18,31,53,-22,34,-28,Cai,0
2022,38,2022-11-06,Náutico,20,38,8,6,24,32,65,-33,30,-32,Cai,0
2023,1,2023-04-30,Guarani,1,1,1,0,0,4,1,3,3,0,Sobe,0
2023,1,2023-04-30,Vitória,2,1,1,0,0,3,0,3,3,0,Sobe,0
2023,1,2023-04-30,Criciúma,3,1,1,0,0,2,0,2,3,0,Sobe,0
2023,1,2023-04-30,Ituano,4,1,1,0,0,2,0,2,3,0,Sobe,0
2023,1,2023-04-30,Botafogo-SP,5,1,1,0,0,2,1,1,3,0,Meio,0
2023,1,2023-04-30,Vila Nova,6,1,1,0,0,2,1,1,3,0,Meio,0
2023,1,2023-04-30,Londrina,7,1,1,0,0,1,0,1,3,0,Meio,0
2023,1,2023-04-30,Mirassol,8,1,1,0,0,1,0,1,3,0,Meio,0
2023,1,2023-04-30,Atlético-GO,9,1,0,1,0,3,3,0,1,-2,Meio,0
2023,1,2023-04-30,Sampaio Corrêa,10,1,0,1,0,3,3,0,1,-2,Meio,0
2023,1,2023-04-30,Sport,11,1,0,1,0,0,0,0,1,-2,Meio,0
2023,1,2023-04-30,CRB,12,1,0,0,1,1,2,-1,0,-3,Meio,0
2023,1,2023-04-30,Juventude,13,1,0,0,1,1,2,-1,0,-3,Meio,0
2023,1,2023-04-30,Novorizontino,14,1,0,0,1,1,2,-1,0,-3,Meio,0
2023,1,2023-04-30,ABC,15,1,0,0,1,0,1,-1,0,-3,Meio,0
2023,1,2023-04-30,Chapecoense,16,1,0,0,1,0,1,-1,0,-3,Meio,0
2023,1,2023-04-30,Ceará,17,1,0,0,1,0,2,-2,0,-3,Cai,0
2023,1,2023-04-30,Tombense,18,1,0,0,1,0,2,-2,0,-3,Cai,0
2023,1,2023-04-30,Avaí,19,1,0,0,1,1,4,-3,0,-3,Cai,0
2023,1,2023-04-30,Ponte Preta,20,1,0,0,1,0,3,-3,0,-3,Cai,0
2023,2,2023-05-08,Guarani,1,2,2,0,0,7,1,6,6,0,Sobe,0
2023,2,2023-05-08,Vitória,2,2,2,0,0,6,0,6,6,0,Sobe,0
2023,2,2023-05-08,Criciúma,3,2,2,0,0,4,1,3,6,0,Sobe,0
2023,2,2023-05-08,Botafogo-SP,4,2,2,0,0,3,1,2,6,0,Sobe,0
2023,2,2023-05-08,Vila Nova,5,2,2,0,0,3,1,2,6,0,Meio,0
2023,2,2023-05-08,Sport,6,2,1,1,0,2,0,2,4,-2,Meio,0
2023,2,2023-05-08,Atlético-GO,7,2,1,1,0,5,4,1,4,-2,Meio,0
2023,2,2023-05-08,Chapecoense,8,2,1,0,1,3,1,2,3,-3,Meio,0
2023,2,2023-05-08,Tombense,9,2,1,0,1,3,2,1,3,-3,Meio,0
2023,2,2023-05-08,Novorizontino,10,2,1,0,1,2,2,0,3,-3,Meio,0
2023,2,2023-05-08,Mirassol,11,2,1,0,1,1,1,0,3,-3,Meio,0
2023,2,2023-05-08,Ituano,12,2,1,0,1,2,3,-1,3,-3,Meio,0
2023,2,2023-05-08,Avaí,13,2,1,0,1,2,4,-2,3,-3,Meio,0
2023,2,2023-05-08,Londrina,14,2,1,0,1,1,3,-2,3,-3,Meio,0
2023,2,2023-05-08,Sampaio Corrêa,15,2,0,1,1,3,4,-1,1,-5,Meio,0
2023,2,2023-05-08,Juventude,16,2,0,0,2,1,3,-2,0,-6,Meio,0
2023,2,2023-05-08,CRB,17,2,0,0,2,1,4,-3,0,-6,Cai,0
2023,2,2023-05-08,Ponte Preta,18,2,0,0,2,1,5,-4,0,-6,Cai,0
2023,2,2023-05-08,ABC,19,2,0,0,2,0,4,-4,0,-6,Cai,0
2023,2,2023-05-08,Ceará,20,2,0,0,2,0,5,-5,0,-6,Cai,0
2023,3,2023-05-11,Vitória,1,3,3,0,0,8,0,8,9,0,Sobe,0
2023,3,2023-05-11,Guarani,2,3,3,0,0,8,1,7,9,0,Sobe,0
2023,3,2023-05-11,Vila Nova,3,3,3,0,0,6,1,5,9,0,Sobe,0
2023,3,2023-05-11,Botafogo-SP,4,3,3,0,0,5,1,4,9,0,Sobe,0
2023,3,2023-05-11,Criciúma,5,3,3,0,0,5,1,4,9,0,Meio,0
2023,3,2023-05-11,Sport,6,3,2,1,0,5,2,3,7,-2,Meio,0
2023,3,2023-05-11,Mirassol,7,3,2,0,1,4,2,2,6,-3,Meio,0
2023,3,2023-05-11,Atlético-GO,8,3,1,2,0,6,5,1,5,-4,Meio,0
2023,3,2023-05-11,Chapecoense,9,3,1,1,1,4,2,2,4,-5,Meio,0
2023,3,2023-05-11,Tombense,10,3,1,1,1,4,3,1,4,-5,Meio,0
2023,3,2023-05-11,Novorizontino,11,3,1,1,1,2,2,0,4,-5,Meio,0
2023,3,2023-05-11,Ituano,12,3,1,0,2,2,4,-2,3,-6,Meio,0
2023,3,2023-05-11,Avaí,13,3,1,0,2,2,5,-3,3,-6,Meio,0
2023,3,2023-05-11,Ceará,14,3,1,0,2,2,6,-4,3,-6,Meio,0
2023,3,2023-05-11,Londrina,15,3,1,0,2,1,5,-4,3,-6,Meio,0
2023,3,2023-05-11,Sampaio Corrêa,16,3,0,1,2,4,7,-3,1,-8,Meio,0
2023,3,2023-05-11,CRB,17,3,0,1,2,1,4,-3,1,-8,Cai,0
2023,3,2023-05-11,Ponte Preta,18,3,0,1,2,2,6,-4,1,-8,Cai,0
2023,3,2023-05-11,Juventude,19,3,0,0,3,1,4,-3,0,-9,Cai,0
2023,3,2023-05-11,ABC,20,3,0,0,3,1,6,-5,0,-9,Cai,0
2023,4,2023-05-15,Vitória,1,4,4,0,0,11,0,11,12,3,Sobe,0
2023,4,2023-05-15,Vila Nova,2,4,3,1,0,7,2,5,10,1,Sobe,0
2023,4,2023-05-15,Criciúma,3,4,3,1,0,6,2,4,10,1,Sobe,0
2023,4,2023-05-15,Guarani,4,4,3,0,1,8,2,6,9,0,Sobe,0
2023,4,2023-05-15,Botafogo-SP,5,4,3,0,1,5,3,2,9,0,Meio,0
2023,4,2023-05-15,Sport,6,4,2,2,0,6,3,3,8,-1,Meio,0
2023,4,2023-05-15,Atlético-GO,7,4,2,2,0,8,6,2,8,-1,Meio,0
2023,4,2023-05-15,Novorizontino,8,4,2,1,1,4,2,2,7,-2,Meio,0
2023,4,2023-05-15,Ituano,9,4,2,0,2,5,4,1,6,-3,Meio,0
2023,4,2023-05-15,Mirassol,10,4,2,0,2,4,4,0,6,-3,Meio,0
2023,4,2023-05-15,Chapecoense,11,4,1,1,2,5,4,1,4,-5,Meio,0
2023,4,2023-05-15,Tombense,12,4,1,1,2,4,4,0,4,-5,Meio,0
2023,4,2023-05-15,Ponte Preta,13,4,1,1,2,4,6,-2,4,-5,Meio,0
2023,4,2023-05-15,Ceará,14,4,1,1,2,2,6,-4,4,-5,Meio,0
2023,4,2023-05-15,Londrina,15,4,1,1,2,2,6,-4,4,-5,Meio,0
2023,4,2023-05-15,Juventude,16,4,1,0,3,2,4,-2,3,-6,Meio,0
2023,4,2023-05-15,Avaí,17,4,1,0,3,2,8,-6,3,-6,Cai,0
2023,4,2023-05-15,Sampaio Corrêa,18,4,0,2,2,4,7,-3,2,-7,Cai,0
2023,4,2023-05-15,CRB,19,4,0,2,2,2,5,-3,2,-7,Cai,0
2023,4,2023-05-15,ABC,20,4,0,0,4,1,9,-8,0,-9,Cai,0
2023,5,2023-05-20,Vitória,1,5,5,0,0,13,0,13,15,4,Sobe,0
2023,5,2023-05-20,Criciúma,2,5,4,1,0,8,3,5,13,2,Sobe,0
2023,5,2023-05-20,Sport,3,5,3,2,0,9,3,6,11,0,Sobe,0
2023,5,2023-05-20,Vila Nova,4,5,3,2,0,7,2,5,11,0,Sobe,0
2023,5,2023-05-20,Atlético-GO,5,5,3,2,0,10,7,3,11,0,Meio,0
2023,5,2023-05-20,Guarani,6,5,3,0,2,8,4,4,9,-2,Meio,0
2023,5,2023-05-20,Botafogo-SP,7,5,3,0,2,5,6,-1,9,-2,Meio,0
2023,5,2023-05-20,Novorizontino,8,5,2,2,1,5,3,2,8,-3,Meio,0
2023,5,2023-05-20,Mirassol,9,5,2,1,2,5,5,0,7,-4,Meio,0
2023,5,2023-05-20,Ituano,10,5,2,0,3,6,6,0,6,-5,Meio,0
2023,5,2023-05-20,Avaí,11,5,2,0,3,3,8,-5,6,-5,Meio,0
2023,5,2023-05-20,Chapecoense,12,5,1,2,2,6,5,1,5,-6,Meio,0
2023,5,2023-05-20,Sampaio Corrêa,13,5,1,2,2,6,8,-2,5,-6,Meio,0
2023,5,2023-05-20,Ponte Preta,14,5,1,2,2,4,6,-2,5,-6,Meio,0
2023,5,2023-05-20,CRB,15,5,1,2,2,3,5,-2,5,-6,Meio,0
2023,5,2023-05-20,Tombense,16,5,1,1,3,6,7,-1,4,-7,Meio,0
2023,5,2023-05-20,Londrina,17,5,1,1,3,3,8,-5,4,-7,Cai,0
2023,5,2023-05-20,Ceará,18,5,1,1,3,2,8,-6,4,-7,Cai,0
2023,5,2023-05-20,Juventude,19,5,1,0,4,3,6,-3,3,-8,Cai,0
2023,5,2023-05-20,ABC,20,5,0,1,4,2,10,-8,1,-10,Cai,0
2023,6,2023-05-25,Vitória,1,6,5,0,1,15,3,12,15,1,Sobe,0
2023,6,2023-05-25,Vila Nova,2,6,4,2,0,10,2,8,14,0,Sobe,0
2023,6,2023-05-25,Criciúma,3,6,4,2,0,8,3,5,14,0,Sobe,0
2023,6,2023-05-25,Atlético-GO,4,6,4,2,0,13,9,4,14,0,Sobe,0
2023,6,2023-05-25,Guarani,5,6,4,0,2,10,4,6,12,-2,Meio,0
2023,6,2023-05-25,Botafogo-SP,6,6,4,0,2,7,7,0,12,-2,Meio,0
2023,6,2023-05-25,Sport,7,6,3,2,1,9,4,5,11,-3,Meio,0
2023,6,2023-05-25,Mirassol,8,6,3,1,2,6,5,1,10,-4,Meio,0
2023,6,2023-05-25,Chapecoense,9,6,2,2,2,10,6,4,8,-6,Meio,0
2023,6,2023-05-25,Novorizontino,10,6,2,2,2,5,4,1,8,-6,Meio,0
2023,6,2023-05-25,Ituano,11,6,2,1,3,7,7,0,7,-7,Meio,0
2023,6,2023-05-25,Londrina,12,6,2,1,3,6,8,-2,7,-7,Meio,0
2023,6,2023-05-25,Ceará,13,6,2,1,3,4,8,-4,7,-7,Meio,0
2023,6,2023-05-25,Avaí,14,6,2,0,4,4,12,-8,6,-8,Meio,0
2023,6,2023-05-25,Sampaio Corrêa,15,6,1,2,3,6,10,-4,5,-9,Meio,0
2023,6,2023-05-25,Ponte Preta,16,6,1,2,3,4,9,-5,5,-9,Meio,0
2023,6,2023-05-25,CRB,17,6,1,2,3,3,8,-5,5,-9,Cai,0
2023,6,2023-05-25,Tombense,18,6,1,1,4,6,9,-3,4,-10,Cai,0
2023,6,2023-05-25,Juventude,19,6,1,0,5,3,7,-4,3,-11,Cai,0
2023,6,2023-05-25,ABC,20,6,0,1,5,3,12,-9,1,-13,Cai,0
2023,7,2023-05-28,Vila Nova,1,7,5,2,0,11,2,9,17,3,Sobe,0
2023,7,2023-05-28,Vitória,2,7,5,0,2,15,5,10,15,1,Sobe,0
2023,7,2023-05-28,Atlético-GO,3,7,4,3,0,13,9,4,15,1,Sobe,0
2023,7,2023-05-28,Sport,4,7,4,2,1,13,5,8,14,0,Sobe,0
2023,7,2023-05-28,Criciúma,5,7,4,2,1,9,5,4,14,0,Meio,0
2023,7,2023-05-28,Guarani,6,7,4,1,2,11,5,6,13,-1,Meio,0
2023,7,2023-05-28,Mirassol,7,7,4,1,2,8,5,3,13,-1,Meio,0
2023,7,2023-05-28,Botafogo-SP,8,7,4,0,3,7,10,-3,12,-2,Meio,0
2023,7,2023-05-28,Novorizontino,9,7,3,2,2,7,4,3,11,-3,Meio,0
2023,7,2023-05-28,Londrina,10,7,3,1,3,8,8,0,10,-4,Meio,0
2023,7,2023-05-28,Ceará,11,7,3,1,3,6,9,-3,10,-4,Meio,0
2023,7,2023-05-28,Chapecoense,12,7,2,2,3,10,8,2,8,-6,Meio,0
2023,7,2023-05-28,Sampaio Corrêa,13,7,2,2,3,7,10,-3,8,-6,Meio,0
2023,7,2023-05-28,Ituano,14,7,2,1,4,7,9,-2,7,-7,Meio,0
2023,7,2023-05-28,Avaí,15,7,2,1,4,4,12,-8,7,-7,Meio,0
2023,7,2023-05-28,Juventude,16,7,2,0,5,5,7,-2,6,-8,Meio,0
2023,7,2023-05-28,Ponte Preta,17,7,1,3,3,5,10,-5,6,-8,Cai,0
2023,7,2023-05-28,CRB,18,7,1,2,4,3,9,-6,5,-9,Cai,0
2023,7,2023-05-28,Tombense,19,7,1,1,5,6,11,-5,4,-10,Cai,0
2023,7,2023-05-28,ABC,20,7,0,1,6,3,13,-10,1,-13,Cai,0
2023,8,2023-06-04,Vitória,1,8,6,0,2,16,5,11,18,1,Sobe,0
2023,8,2023-06-04,Sport,2,8,5,2,1,15,6,9,17,0,Sobe,0
2023,8,2023-06-04,Vila Nova,3,8,5,2,1,11,3,8,17,0,Sobe,0
2023,8,2023-06-04,Criciúma,4,8,5,2,1,10,5,5,17,0,Sobe,0
2023,8,2023-06-04,Botafogo-SP,5,8,5,0,3,8,10,-2,15,-2,Meio,0
2023,8,2023-06-04,Atlético-GO,6,8,4,3,1,13,12,1,15,-2,Meio,0
2023,8,2023-06-04,Guarani,7,8,4,2,2,14,8,6,14,-3,Meio,0
2023,8,2023-06-04,Novorizontino,8,8,4,2,2,9,4,5,14,-3,Meio,0
2023,8,2023-06-04,Mirassol,9,8,4,1,3,8,6,2,13,-4,Meio,0
2023,8,2023-06-04,Ceará,10,8,4,1,3,9,10,-1,13,-4,Meio,0
2023,8,2023-06-04,Londrina,11,8,3,1,4,9,11,-2,10,-7,Meio,0
2023,8,2023-06-04,Juventude,12,8,3,0,5,8,7,1,9,-8,Meio,0
2023,8,2023-06-04,Chapecoense,13,8,2,3,3,13,11,2,9,-8,Meio,0
2023,8,2023-06-04,Sampaio Corrêa,14,8,2,3,3,7,10,-3,9,-8,Meio,0
2023,8,2023-06-04,Ituano,15,8,2,1,5,7,10,-3,7,-10,Meio,0
2023,8,2023-06-04,Avaí,16,8,2,1,5,4,14,-10,7,-10,Meio,0
2023,8,2023-06-04,Ponte Preta,17,8,1,4,3,5,10,-5,7,-10,Cai,0
2023,8,2023-06-04,CRB,18,8,1,2,5,4,11,-7,5,-12,Cai,0
2023,8,2023-06-04,Tombense,19,8,1,1,6,6,12,-6,4,-13,Cai,0
2023,8,2023-06-04,ABC,20,8,1,1,6,4,13,-9,4,-13,Cai,0
2023,9,2023-06-08,Vila Nova,1,9,6,2,1,14,3,11,20,3,Sobe,0
2023,9,2023-06-08,Sport,2,9,6,2,1,17,7,10,20,3,Sobe,0
2023,9,2023-06-08,Vitória,3,9,6,1,2,17,6,11,19,2,Sobe,0
2023,9,2023-06-08,Novorizontino,4,9,5,2,2,12,4,8,17,0,Sobe,0
2023,9,2023-06-08,Criciúma,5,9,5,2,2,10,6,4,17,0,Meio,0
2023,9,2023-06-08,Mirassol,6,9,5,1,3,9,6,3,16,-1,Meio,0
2023,9,2023-06-08,Botafogo-SP,7,9,5,1,3,9,11,-2,16,-1,Meio,0
2023,9,2023-06-08,Atlético-GO,8,9,4,4,1,14,13,1,16,-1,Meio,0
2023,9,2023-06-08,Guarani,9,9,4,3,2,15,9,6,15,-2,Meio,0
2023,9,2023-06-08,Ceará,10,9,4,1,4,9,13,-4,13,-4,Meio,0
2023,9,2023-06-08,Juventude,11,9,4,0,5,10,8,2,12,-5,Meio,0
2023,9,2023-06-08,Sampaio Corrêa,12,9,3,3,3,8,10,-2,12,-5,Meio,0
2023,9,2023-06-08,Ituano,13,9,3,1,5,10,11,-1,10,-7,Meio,0
2023,9,2023-06-08,Londrina,14,9,3,1,5,10,14,-4,10,-7,Meio,0
2023,9,2023-06-08,Ponte Preta,15,9,2,4,3,6,10,-4,10,-7,Meio,0
2023,9,2023-06-08,Chapecoense,16,9,2,3,4,13,12,1,9,-8,Meio,0
2023,9,2023-06-08,CRB,17,9,2,2,5,5,11,-6,8,-9,Cai,0
2023,9,2023-06-08,Avaí,18,9,2,2,5,5,15,-10,8,-9,Cai,0
2023,9,2023-06-08,Tombense,19,9,1,2,6,7,13,-6,5,-12,Cai,0
2023,9,2023-06-08,ABC,20,9,1,1,7,5,17,-12,4,-13,Cai,0
2023,10,2023-06-11,Vila Nova,1,10,7,2,1,15,3,12,23,3,Sobe,0
2023,10,2023-06-11,Vitória,2,10,7,1,2,20,6,14,22,2,Sobe,0
2023,10,2023-06-11,Sport,3,10,6,3,1,18,8,10,21,1,Sobe,0
2023,10,2023-06-11,Novorizontino,4,10,6,2,2,13,4,9,20,0,Sobe,0
2023,10,2023-06-11,Criciúma,5,10,6,2,2,13,6,7,20,0,Meio,0
2023,10,2023-06-11,Mirassol,6,10,6,1,3,10,6,4,19,-1,Meio,0
2023,10,2023-06-11,Botafogo-SP,7,10,5,2,3,9,11,-2,17,-3,Meio,0
2023,10,2023-06-11,Ceará,8,10,5,1,4,11,13,-2,16,-4,Meio,0
2023,10,2023-06-11,Atlético-GO,9,10,4,4,2,14,16,-2,16,-4,Meio,0
2023,10,2023-06-11,Juventude,10,10,5,0,5,13,10,3,15,-5,Meio,0
2023,10,2023-06-11,Guarani,11,10,4,3,3,15,10,5,15,-5,Meio,0
2023,10,2023-06-11,Sampaio Corrêa,12,10,3,3,4,8,13,-5,12,-8,Meio,0
2023,10,2023-06-11,CRB,13,10,3,2,5,7,11,-4,11,-9,Meio,0
2023,10,2023-06-11,Ituano,14,10,3,1,6,10,14,-4,10,-10,Meio,0
2023,10,2023-06-11,Londrina,15,10,3,1,6,11,16,-5,10,-10,Meio,0
2023,10,2023-06-11,Ponte Preta,16,10,2,4,4,6,11,-5,10,-10,Meio,0
2023,10,2023-06-11,Chapecoense,17,10,2,3,5,13,14,-1,9,-11,Cai,0
2023,10,2023-06-11,Avaí,18,10,2,2,6,7,18,-11,8,-12,Cai,0
2023,10,2023-06-11,Tombense,19,10,1,3,6,7,13,-6,6,-14,Cai,0
2023,10,2023-06-11,ABC,20,10,1,1,8,5,18,-13,4,-16,Cai,0
2023,11,2023-06-18,Vitória,1,11,8,1,2,22,7,15,25,2,Sobe,0
2023,11,2023-06-18,Vila Nova,2,11,7,3,1,15,3,12,24,1,Sobe,0
2023,11,2023-06-18,Sport,3,11,7,3,1,19,8,11,24,1,Sobe,0
2023,11,2023-06-18,Novorizontino,4,11,7,2,2,14,4,10,23,0,Sobe,0
2023,11,2023-06-18,Criciúma,5,11,6,2,3,13,7,6,20,-3,Meio,0
2023,11,2023-06-18,Mirassol,6,11,6,1,4,10,8,2,19,-4,Meio,0
2023,11,2023-06-18,Ceará,7,11,6,1,4,14,13,1,19,-4,Meio,0
2023,11,2023-06-18,Juventude,8,11,6,0,5,14,10,4,18,-5,Meio,0
2023,11,2023-06-18,Botafogo-SP,9,11,5,2,4,9,13,-4,17,-6,Meio,0
2023,11,2023-06-18,Atlético-GO,10,11,4,4,3,14,19,-5,16,-7,Meio,0
2023,11,2023-06-18,Guarani,11,11,4,3,4,15,11,4,15,-8,Meio,0
2023,11,2023-06-18,Sampaio Corrêa,12,11,4,3,4,10,13,-3,15,-8,Meio,0
2023,11,2023-06-18,CRB,13,11,4,2,5,10,12,-2,14,-9,Meio,0
2023,11,2023-06-18,Ituano,14,11,4,1,6,12,14,-2,13,-10,Meio,0
2023,11,2023-06-18,Ponte Preta,15,11,2,5,4,6,11,-5,11,-12,Meio,0
2023,11,2023-06-18,Londrina,16,11,3,1,7,11,18,-7,10,-13,Meio,0
2023,11,2023-06-18,Chapecoense,17,11,2,3,6,13,15,-2,9,-14,Cai,0
2023,11,2023-06-18,Avaí,18,11,2,2,7,8,20,-12,8,-15,Cai,0
2023,11,2023-06-18,Tombense,19,11,1,3,7,8,15,-7,6,-17,Cai,0
2023,11,2023-06-18,ABC,20,11,1,2,8,5,18,-13,5,-18,Cai,0
2023,12,2023-06-23,Sport,1,12,8,3,1,22,8,14,27,3,Sobe,0
2023,12,2023-06-23,Novorizontino,2,12,8,2,2,15,4,11,26,2,Sobe,0
2023,12,2023-06-23,Vitória,3,12,8,1,3,22,8,14,25,1,Sobe,0
2023,12,2023-06-23,Vila Nova,4,12,7,3,2,15,4,11,24,0,Sobe,0
2023,12,2023-06-23,Criciúma,5,12,7,2,3,14,7,7,23,-1,Meio,0
2023,12,2023-06-23,Mirassol,6,12,7,1,4,12,9,3,22,-2,Meio,0
2023,12,2023-06-23,Ceará,7,12,6,1,5,15,16,-1,19,-5,Meio,0
2023,12,2023-06-23,Juventude,8,12,6,0,6,15,12,3,18,-6,Meio,0
2023,12,2023-06-23,Botafogo-SP,9,12,5,3,4,10,14,-4,18,-6,Meio,0
2023,12,2023-06-23,Atlético-GO,10,12,4,5,3,15,20,-5,17,-7,Meio,0
2023,12,2023-06-23,Guarani,11,12,4,4,4,15,11,4,16,-8,Meio,0
2023,12,2023-06-23,CRB,12,12,4,3,5,12,14,-2,15,-9,Meio,0
2023,12,2023-06-23,Sampaio Corrêa,13,12,4,3,5,10,14,-4,15,-9,Meio,0
2023,12,2023-06-23,Ituano,14,12,4,2,6,13,15,-2,14,-10,Meio,0
2023,12,2023-06-23,Ponte Preta,15,12,2,6,4,7,12,-5,12,-12,Meio,0
2023,12,2023-06-23,Londrina,16,12,3,1,8,12,20,-8,10,-14,Meio,0
2023,12,2023-06-23,Chapecoense,17,12,2,4,6,14,16,-2,10,-14,Cai,0
2023,12,2023-06-23,Tombense,18,12,2,3,7,10,16,-6,9,-15,Cai,0
2023,12,2023-06-23,Avaí,19,12,2,3,7,9,21,-12,9,-15,Cai,0
2023,12,2023-06-23,ABC,20,12,1,3,8,6,19,-13,6,-18,Cai,0
2023,13,2023-06-28,Novorizontino,1,13,9,2,2,17,5,12,29,4,Sobe,0
2023,13,2023-06-28,Sport,2,13,8,4,1,23,9,14,28,3,Sobe,0
2023,13,2023-06-28,Vila Nova,3,13,8,3,2,18,4,14,27,2,Sobe,0
2023,13,2023-06-28,Vitória,4,13,8,1,4,22,10,12,25,0,Sobe,0
2023,13,2023-06-28,Mirassol,5,13,8,1,4,15,11,4,25,0,Meio,0
2023,13,2023-06-28,Criciúma,6,13,7,3,3,15,8,7,24,-1,Meio,0
2023,13,2023-06-28,Ceará,7,13,6,2,5,16,17,-1,20,-5,Meio,0
2023,13,2023-06-28,Atlético-GO,8,13,5,5,3,16,20,-4,20,-5,Meio,0
2023,13,2023-06-28,Guarani,9,13,5,4,4,17,11,6,19,-6,Meio,0
2023,13,2023-06-28,Juventude,10,13,6,0,7,15,15,0,18,-7,Meio,0
2023,13,2023-06-28,Botafogo-SP,11,13,5,3,5,10,17,-7,18,-7,Meio,0
2023,13,2023-06-28,Sampaio Corrêa,12,13,4,4,5,11,15,-4,16,-9,Meio,0
2023,13,2023-06-28,Ituano,13,13,4,3,6,15,17,-2,15,-10,Meio,0
2023,13,2023-06-28,CRB,14,13,4,3,6,13,16,-3,15,-10,Meio,0
2023,13,2023-06-28,Ponte Preta,15,13,2,6,5,7,13,-6,12,-13,Meio,0
2023,13,2023-06-28,Londrina,16,13,3,2,8,12,20,-8,11,-14,Meio,0
2023,13,2023-06-28,Chapecoense,17,13,2,5,6,15,17,-2,11,-14,Cai,0
2023,13,2023-06-28,Avaí,18,13,2,4,7,9,21,-12,10,-15,Cai,0
2023,13,2023-06-28,Tombense,19,13,2,3,8,11,18,-7,9,-16,Cai,0
2023,13,2023-06-28,ABC,20,13,1,3,9,8,22,-14,6,-19,Cai,0
2023,14,2023-07-02,Sport,1,14,9,4,1,25,9,16,31,3,Sobe,0
2023,14,2023-07-02,Vila Nova,2,14,9,3,2,19,4,15,30,2,Sobe,0
2023,14,2023-07-02,Novorizontino,3,14,9,2,3,17,6,11,29,1,Sobe,0
2023,14,2023-07-02,Vitória,4,14,9,1,4,24,11,13,28,0,Sobe,0
2023,14,2023-07-02,Criciúma,5,14,8,3,3,17,9,8,27,-1,Meio,0
2023,14,2023-07-02,Mirassol,6,14,8,1,5,16,13,3,25,-3,Meio,0
2023,14,2023-07-02,Guarani,7,14,6,4,4,19,12,7,22,-6,Meio,0
2023,14,2023-07-02,Juventude,8,14,7,0,7,17,16,1,21,-7,Meio,0
2023,14,2023-07-02,Ceará,9,14,6,3,5,16,17,-1,21,-7,Meio,0
2023,14,2023-07-02,Botafogo-SP,10,14,6,3,5,11,17,-6,21,-7,Meio,0
2023,14,2023-07-02,Atlético-GO,11,14,5,6,3,17,21,-4,21,-7,Meio,0
2023,14,2023-07-02,CRB,12,14,5,3,6,15,17,-2,18,-10,Meio,0
2023,14,2023-07-02,Sampaio Corrêa,13,14,4,4,6,12,17,-5,16,-12,Meio,0
2023,14,2023-07-02,Ituano,14,14,4,3,7,15,18,-3,15,-13,Meio,0
2023,14,2023-07-02,Ponte Preta,15,14,3,6,5,8,13,-5,15,-13,Meio,0
2023,14,2023-07-02,Chapecoense,16,14,2,6,6,16,18,-2,12,-16,Meio,0
2023,14,2023-07-02,Londrina,17,14,3,2,9,13,22,-9,11,-17,Cai,0
2023,14,2023-07-02,Avaí,18,14,2,5,7,9,21,-12,11,-17,Cai,0
2023,14,2023-07-02,Tombense,19,14,2,3,9,11,19,-8,9,-19,Cai,0
2023,14,2023-07-02,ABC,20,14,1,4,9,9,23,-14,7,-21,Cai,0
2023,15,2023-07-06,Vila Nova,1,15,9,4,2,20,5,15,31,2,Sobe,0
2023,15,2023-07-06,Sport,2,15,9,4,2,25,11,14,31,2,Sobe,0
2023,15,2023-07-06,Criciúma,3,15,9,3,3,19,9,10,30,1,Sobe,0
2023,15,2023-07-06,Novorizontino,4,15,9,2,4,17,7,10,29,0,Sobe,0
2023,15,2023-07-06,Vitória,5,15,9,1,5,24,12,12,28,-1,Meio,0
2023,15,2023-07-06,Mirassol,6,15,8,1,6,16,14,2,25,-4,Meio,0
2023,15,2023-07-06,Juventude,7,15,8,0,7,18,16,2,24,-5,Meio,0
2023,15,2023-07-06,Botafogo-SP,8,15,7,3,5,12,17,-5,24,-5,Meio,0
2023,15,2023-07-06,Guarani,9,15,6,4,5,19,13,6,22,-7,Meio,0
2023,15,2023-07-06,Atlético-GO,10,15,5,7,3,18,22,-4,22,-7,Meio,0
2023,15,2023-07-06,CRB,11,15,6,3,6,17,17,0,21,-8,Meio,0
2023,15,2023-07-06,Ceará,12,15,6,3,6,16,19,-3,21,-8,Meio,0
2023,15,2023-07-06,Ituano,13,15,5,3,7,16,18,-2,18,-11,Meio,0
2023,15,2023-07-06,Ponte Preta,14,15,4,6,5,9,13,-4,18,-11,Meio,0
2023,15,2023-07-06,Sampaio Corrêa,15,15,4,4,7,12,19,-7,16,-13,Meio,0
2023,15,2023-07-06,Tombense,16,15,3,3,9,15,21,-6,12,-17,Meio,0
2023,15,2023-07-06,Chapecoense,17,15,2,6,7,18,22,-4,12,-17,Cai,0
2023,15,2023-07-06,Londrina,18,15,3,2,10,14,24,-10,11,-18,Cai,0
2023,15,2023-07-06,Avaí,19,15,2,5,8,9,23,-14,11,-18,Cai,0
2023,15,2023-07-06,ABC,20,15,2,4,9,11,23,-12,10,-19,Cai,0
2023,16,2023-07-11,Vila Nova,1,16,10,4,2,21,5,16,34,4,Sobe,0
2023,16,2023-07-11,Criciúma,2,16,10,3,3,20,9,11,33,3,Sobe,0
2023,16,2023-07-11,Sport,3,16,9,5,2,25,11,14,32,2,Sobe,0
2023,16,2023-07-11,Novorizontino,4,16,9,3,4,19,9,10,30,0,Sobe,0
2023,16,2023-07-11,Vitória,5,16,9,1,6,24,13,11,28,-2,Meio,0
2023,16,2023-07-11,Mirassol,6,16,8,2,6,16,14,2,26,-4,Meio,0
2023,16,2023-07-11,Juventude,7,16,8,1,7,19,17,2,25,-5,Meio,0
2023,16,2023-07-11,Guarani,8,16,7,4,5,21,14,7,25,-5,Meio,0
2023,16,2023-07-11,Ceará,9,16,7,3,6,19,19,0,24,-6,Meio,0
2023,16,2023-07-11,Botafogo-SP,10,16,7,3,6,12,20,-8,24,-6,Meio,0
2023,16,2023-07-11,Atlético-GO,11,16,5,8,3,20,24,-4,23,-7,Meio,0
2023,16,2023-07-11,CRB,12,16,6,3,7,18,19,-1,21,-9,Meio,0
2023,16,2023-07-11,Ponte Preta,13,16,5,6,5,10,13,-3,21,-9,Meio,0
2023,16,2023-07-11,Ituano,14,16,5,4,7,17,19,-2,19,-11,Meio,0
2023,16,2023-07-11,Sampaio Corrêa,15,16,5,4,7,13,19,-6,19,-11,Meio,0
2023,16,2023-07-11,Chapecoense,16,16,3,6,7,20,23,-3,15,-15,Meio,0
2023,16,2023-07-11,Tombense,17,16,3,3,10,15,22,-7,12,-18,Cai,0
2023,16,2023-07-11,Londrina,18,16,3,2,11,15,26,-11,11,-19,Cai,0
2023,16,2023-07-11,Avaí,19,16,2,5,9,9,24,-15,11,-19,Cai,0
2023,16,2023-07-11,ABC,20,16,2,4,10,11,24,-13,10,-20,Cai,0
2023,17,2023-07-20,Vila Nova,1,17,10,4,3,21,6,15,34,3,Sobe,0
2023,17,2023-07-20,Criciúma,2,17,10,4,3,21,10,11,34,3,Sobe,0
2023,17,2023-07-20,Sport,3,17,9,5,3,26,14,12,32,1,Sobe,0
2023,17,2023-07-20,Vitória,4,17,10,1,6,26,14,12,31,0,Sobe,0
2023,17,2023-07-20,Novorizontino,5,17,9,3,5,20,11,9,30,-1,Meio,0
2023,17,2023-07-20,Mirassol,6,17,8,3,6,17,15,2,27,-4,Meio,0
2023,17,2023-07-20,Botafogo-SP,7,17,8,3,6,13,20,-7,27,-4,Meio,0
2023,17,2023-07-20,Juventude,8,17,8,2,7,20,18,2,26,-5,Meio,0
2023,17,2023-07-20,Guarani,9,17,7,5,5,22,15,7,26,-5,Meio,0
2023,17,2023-07-20,Atlético-GO,10,17,6,8,3,23,25,-2,26,-5,Meio,0
2023,17,2023-07-20,Ceará,11,17,7,4,6,20,20,0,25,-6,Meio,0
2023,17,2023-07-20,CRB,12,17,6,3,8,19,21,-2,21,-10,Meio,0
2023,17,2023-07-20,Ponte Preta,13,17,5,6,6,10,14,-4,21,-10,Meio,0
2023,17,2023-07-20,Ituano,14,17,5,5,7,17,19,-2,20,-11,Meio,0
2023,17,2023-07-20,Sampaio Corrêa,15,17,5,5,7,13,19,-6,20,-11,Meio,0
2023,17,2023-07-20,Chapecoense,16,17,4,6,7,21,23,-2,18,-13,Meio,0
2023,17,2023-07-20,Tombense,17,17,4,3,10,16,22,-6,15,-16,Cai,0
2023,17,2023-07-20,Londrina,18,17,4,2,11,16,26,-10,14,-17,Cai,0
2023,17,2023-07-20,Avaí,19,17,3,5,9,11,24,-13,14,-17,Cai,0
2023,17,2023-07-20,ABC,20,17,2,5,10,12,25,-13,11,-20,Cai,0
2023,18,2023-07-25,Vitória,1,18,11,1,6,28,15,13,34,1,Sobe,0
2023,18,2023-07-25,Vila Nova,2,18,10,4,4,21,7,14,34,1,Sobe,0
2023,18,2023-07-25,Criciúma,3,18,10,4,4,21,11,10,34,1,Sobe,0
2023,18,2023-07-25,Novorizontino,4,18,10,3,5,23,11,12,33,0,Sobe,0
2023,18,2023-07-25,Sport,5,18,9,5,4,27,16,11,32,-1,Meio,0
2023,18,2023-07-25,Botafogo-SP,6,18,9,3,6,15,21,-6,30,-3,Meio,0
2023,18,2023-07-25,Guarani,7,18,8,5,5,23,15,8,29,-4,Meio,0
2023,18,2023-07-25,Mirassol,8,18,8,4,6,19,17,2,28,-5,Meio,0
2023,18,2023-07-25,Ceará,9,18,8,4,6,21,20,1,28,-5,Meio,0
2023,18,2023-07-25,Juventude,10,18,8,3,7,20,18,2,27,-6,Meio,0
2023,18,2023-07-25,Atlético-GO,11,18,6,9,3,25,27,-2,27,-6,Meio,0
2023,18,2023-07-25,CRB,12,18,7,3,8,20,21,-1,24,-9,Meio,0
2023,18,2023-07-25,Ponte Preta,13,18,5,7,6,10,14,-4,22,-11,Meio,0
2023,18,2023-07-25,Ituano,14,18,5,5,8,17,20,-3,20,-13,Meio,0
2023,18,2023-07-25,Sampaio Corrêa,15,18,5,5,8,13,21,-8,20,-13,Meio,0
2023,18,2023-07-25,Tombense,16,18,5,3,10,18,23,-5,18,-15,Meio,0
2023,18,2023-07-25,Chapecoense,17,18,4,6,8,21,24,-3,18,-15,Cai,0
2023,18,2023-07-25,Avaí,18,18,4,5,9,12,24,-12,17,-16,Cai,0
2023,18,2023-07-25,Londrina,19,18,4,2,12,16,29,-13,14,-19,Cai,0
2023,18,2023-07-25,ABC,20,18,2,5,11,12,26,-14,11,-22,Cai,0
2023,19,2023-07-29,Vitória,1,19,12,1,6,29,15,14,37,2,Sobe,0
2023,19,2023-07-29,Novorizontino,2,19,11,3,5,24,11,13,36,1,Sobe,0
2023,19,2023-07-29,Vila Nova,3,19,10,5,4,22,8,14,35,0,Sobe,0
2023,19,2023-07-29,Sport,4,19,10,5,4,29,17,12,35,0,Sobe,0
2023,19,2023-07-29,Criciúma,5,19,10,4,5,21,12,9,34,-1,Meio,0
2023,19,2023-07-29,Guarani,6,19,9,5,5,24,15,9,32,-3,Meio,0
2023,19,2023-07-29,Mirassol,7,19,9,4,6,21,17,4,31,-4,Meio,0
2023,19,2023-07-29,Juventude,8,19,9,3,7,21,18,3,30,-5,Meio,0
2023,19,2023-07-29,Botafogo-SP,9,19,9,3,7,15,23,-8,30,-5,Meio,0
2023,19,2023-07-29,Ceará,10,19,8,4,7,21,21,0,28,-7,Meio,0
2023,19,2023-07-29,Atlético-GO,11,19,6,9,4,25,28,-3,27,-8,Meio,0
2023,19,2023-07-29,CRB,12,19,7,3,9,20,23,-3,24,-11,Meio,0
2023,19,2023-07-29,Ponte Preta,13,19,5,7,7,10,15,-5,22,-13,Meio,0
2023,19,2023-07-29,Ituano,14,19,5,5,9,17,21,-4,20,-15,Meio,0
2023,19,2023-07-29,Sampaio Corrêa,15,19,5,5,9,14,23,-9,20,-15,Meio,0
2023,19,2023-07-29,Tombense,16,19,5,3,11,18,25,-7,18,-17,Meio,0
2023,19,2023-07-29,Chapecoense,17,19,4,6,9,21,25,-4,18,-17,Cai,0
2023,19,2023-07-29,Avaí,18,19,4,5,10,13,26,-13,17,-18,Cai,0
2023,19,2023-07-29,Londrina,19,19,4,2,13,17,31,-14,14,-21,Cai,0
2023,19,2023-07-29,ABC,20,19,2,6,11,13,27,-14,12,-23,Cai,0
2023,20,2023-08-03,Novorizontino,1,20,12,3,5,27,12,15,39,4,Sobe,0
2023,20,2023-08-03,Vitória,2,20,12,2,6,31,17,14,38,3,Sobe,0
2023,20,2023-08-03,Sport,3,20,11,5,4,31,17,14,38,3,Sobe,0
2023,20,2023-08-03,Vila Nova,4,20,10,5,5,23,11,12,35,0,Sobe,0
2023,20,2023-08-03,Guarani,5,20,10,5,5,26,16,10,35,0,Meio,0
2023,20,2023-08-03,Criciúma,6,20,10,5,5,23,14,9,35,0,Meio,0
2023,20,2023-08-03,Mirassol,7,20,10,4,6,22,17,5,34,-1,Meio,0
2023,20,2023-08-03,Juventude,8,20,10,3,7,23,18,5,33,-2,Meio,0
2023,20,2023-08-03,Botafogo-SP,9,20,9,4,7,15,23,-8,31,-4,Meio,0
2023,20,2023-08-03,Ceará,10,20,8,5,7,22,22,0,29,-6,Meio,0
2023,20,2023-08-03,Atlético-GO,11,20,6,10,4,27,30,-3,28,-7,Meio,0
2023,20,2023-08-03,CRB,12,20,8,3,9,22,24,-2,27,-8,Meio,0
2023,20,2023-08-03,Ponte Preta,13,20,5,8,7,12,17,-5,23,-12,Meio,0
2023,20,2023-08-03,Ituano,14,20,5,6,9,18,22,-4,21,-14,Meio,0
2023,20,2023-08-03,Sampaio Corrêa,15,20,5,6,9,16,25,-9,21,-14,Meio,0
2023,20,2023-08-03,Tombense,16,20,5,4,11,20,27,-7,19,-16,Meio,0
2023,20,2023-08-03,Chapecoense,17,20,4,7,9,22,26,-4,19,-16,Cai,0
2023,20,2023-08-03,Avaí,18,20,4,6,10,15,28,-13,18,-17,Cai,0
2023,20,2023-08-03,Londrina,19,20,4,3,13,17,31,-14,15,-20,Cai,0
2023,20,2023-08-03,ABC,20,20,2,7,11,13,27,-14,13,-22,Cai,0
2023,21,2023-08-06,Vitória,1,21,13,2,6,33,17,16,41,3,Sobe,0
2023,21,2023-08-06,Sport,2,21,12,5,4,32,17,15,41,3,Sobe,0
2023,21,2023-08-06,Novorizontino,3,21,12,3,6,27,13,14,39,1,Sobe,0
2023,21,2023-08-06,Criciúma,4,21,11,5,5,25,15,10,38,0,Sobe,0
2023,21,2023-08-06,Juventude,5,21,11,3,7,24,18,6,36,-2,Meio,0
2023,21,2023-08-06,Guarani,6,21,10,6,5,26,16,10,36,-2,Meio,0
2023,21,2023-08-06,Vila Nova,7,21,10,5,6,23,12,11,35,-3,Meio,0
2023,21,2023-08-06,Mirassol,8,21,10,5,6,24,19,5,35,-3,Meio,0
2023,21,2023-08-06,Botafogo-SP,9,21,9,5,7,15,23,-8,32,-6,Meio,0
2023,21,2023-08-06,Ceará,10,21,8,6,7,22,22,0,30,-8,Meio,0
2023,21,2023-08-06,CRB,11,21,8,4,9,22,24,-2,28,-10,Meio,0
2023,21,2023-08-06,Atlético-GO,12,21,6,10,5,28,32,-4,28,-10,Meio,0
2023,21,2023-08-06,Ituano,13,21,6,6,9,19,22,-3,24,-14,Meio,0
2023,21,2023-08-06,Ponte Preta,14,21,5,8,8,13,19,-6,23,-15,Meio,0
2023,21,2023-08-06,Sampaio Corrêa,15,21,5,7,9,16,25,-9,22,-16,Meio,0
2023,21,2023-08-06,Avaí,16,21,5,6,10,16,28,-12,21,-17,Meio,0
2023,21,2023-08-06,Tombense,17,21,5,4,12,20,28,-8,19,-19,Cai,0
2023,21,2023-08-06,Chapecoense,18,21,4,7,10,22,27,-5,19,-19,Cai,0
2023,21,2023-08-06,Londrina,19,21,4,4,13,18,32,-14,16,-22,Cai,0
2023,21,2023-08-06,ABC,20,21,2,7,12,13,29,-16,13,-25,Cai,0
2023,22,2023-08-13,Sport,1,22,13,5,4,33,17,16,44,6,Sobe,0
2023,22,2023-08-13,Vitória,2,22,13,2,7,33,19,14,41,3,Sobe,0
2023,22,2023-08-13,Novorizontino,3,22,12,3,7,27,14,13,39,1,Sobe,0
2023,22,2023-08-13,Vila Nova,4,22,11,5,6,25,12,13,38,0,Sobe,0
2023,22,2023-08-13,Criciúma,5,22,11,5,6,25,16,9,38,0,Meio,0
2023,22,2023-08-13,Guarani,6,22,10,7,5,27,17,10,37,-1,Meio,0
2023,22,2023-08-13,Juventude,7,22,11,3,8,24,20,4,36,-2,Meio,0
2023,22,2023-08-13,Mirassol,8,22,10,6,6,24,19,5,36,-2,Meio,0
2023,22,2023-08-13,Ceará,9,22,9,6,7,23,22,1,33,-5,Meio,0
2023,22,2023-08-13,Botafogo-SP,10,22,9,6,7,15,23,-8,33,-5,Meio,0
2023,22,2023-08-13,Atlético-GO,11,22,7,10,5,31,34,-3,31,-7,Meio,0
2023,22,2023-08-13,CRB,12,22,8,5,9,23,25,-2,29,-9,Meio,0
2023,22,2023-08-13,Ponte Preta,13,22,6,8,8,14,19,-5,26,-12,Meio,0
2023,22,2023-08-13,Ituano,14,22,6,7,9,20,23,-3,25,-13,Meio,0
2023,22,2023-08-13,Sampaio Corrêa,15,22,5,8,9,16,25,-9,23,-15,Meio,0
2023,22,2023-08-13,Avaí,16,22,5,7,10,17,29,-12,22,-16,Meio,0
2023,22,2023-08-13,Tombense,17,22,5,4,13,22,31,-9,19,-19,Cai,0
2023,22,2023-08-13,Londrina,18,22,5,4,13,20,32,-12,19,-19,Cai,0
2023,22,2023-08-13,Chapecoense,19,22,4,7,11,22,28,-6,19,-19,Cai,0
2023,22,2023-08-13,ABC,20,22,2,7,13,13,30,-17,13,-25,Cai,0
2023,23,2023-08-20,Sport,1,23,13,6,4,33,17,16,45,4,Sobe,0
2023,23,2023-08-20,Vitória,2,23,14,2,7,34,19,15,44,3,Sobe,0
2023,23,2023-08-20,Novorizontino,3,23,13,3,7,29,15,14,42,1,Sobe,0
2023,23,2023-08-20,Criciúma,4,23,12,5,6,27,16,11,41,0,Sobe,0
2023,23,2023-08-20,Juventude,5,23,12,3,8,25,20,5,39,-2,Meio,0
2023,23,2023-08-20,Vila Nova,6,23,11,6,6,26,13,13,39,-2,Meio,0
2023,23,2023-08-20,Guarani,7,23,10,7,6,27,18,9,37,-4,Meio,0
2023,23,2023-08-20,Mirassol,8,23,10,6,7,25,21,4,36,-5,Meio,0
2023,23,2023-08-20,Atlético-GO,9,23,8,10,5,32,34,-2,34,-7,Meio,0
2023,23,2023-08-20,Ceará,10,23,9,6,8,23,23,0,33,-8,Meio,0
2023,23,2023-08-20,Botafogo-SP,11,23,9,6,8,15,25,-10,33,-8,Meio,0
2023,23,2023-08-20,CRB,12,23,9,5,9,25,26,-1,32,-9,Meio,0
2023,23,2023-08-20,Ponte Preta,13,23,6,9,8,14,19,-5,27,-14,Meio,0
2023,23,2023-08-20,Ituano,14,23,6,8,9,21,24,-3,26,-15,Meio,0
2023,23,2023-08-20,Avaí,15,23,6,7,10,21,31,-10,25,-16,Meio,0
2023,23,2023-08-20,Sampaio Corrêa,16,23,5,9,9,17,26,-9,24,-17,Meio,0
2023,23,2023-08-20,Chapecoense,17,23,5,7,11,24,29,-5,22,-19,Cai,0
2023,23,2023-08-20,Tombense,18,23,5,5,13,22,31,-9,20,-21,Cai,0
2023,23,2023-08-20,Londrina,19,23,5,4,14,20,34,-14,19,-22,Cai,0
2023,23,2023-08-20,ABC,20,23,2,8,13,14,31,-17,14,-27,Cai,0
2023,24,2023-08-24,Vitória,1,24,15,2,7,36,19,17,47,5,Sobe,0
2023,24,2023-08-24,Sport,2,24,13,6,5,34,20,14,45,3,Sobe,0
2023,24,2023-08-24,Novorizontino,3,24,13,3,8,30,17,13,42,0,Sobe,0
2023,24,2023-08-24,Vila Nova,4,24,12,6,6,28,13,15,42,0,Sobe,0
2023,24,2023-08-24,Criciúma,5,24,12,5,7,27,19,8,41,-1,Meio,0
2023,24,2023-08-24,Juventude,6,24,12,4,8,25,20,5,40,-2,Meio,0
2023,24,2023-08-24,Guarani,7,24,11,7,6,30,19,11,40,-2,Meio,0
2023,24,2023-08-24,Atlético-GO,8,24,9,10,5,34,34,0,37,-5,Meio,0
2023,24,2023-08-24,Mirassol,9,24,10,6,8,25,23,2,36,-6,Meio,0
2023,24,2023-08-24,Ceará,10,24,9,7,8,24,24,0,34,-8,Meio,0
2023,24,2023-08-24,CRB,11,24,9,6,9,26,27,-1,33,-9,Meio,0
2023,24,2023-08-24,Botafogo-SP,12,24,9,6,9,16,27,-11,33,-9,Meio,0
2023,24,2023-08-24,Ituano,13,24,7,8,9,24,24,0,29,-13,Meio,0
2023,24,2023-08-24,Ponte Preta,14,24,6,10,8,15,20,-5,28,-14,Meio,0
2023,24,2023-08-24,Avaí,15,24,6,8,10,22,32,-10,26,-16,Meio,0
2023,24,2023-08-24,Chapecoense,16,24,6,7,11,26,30,-4,25,-17,Meio,0
2023,24,2023-08-24,Sampaio Corrêa,17,24,5,10,9,17,26,-9,25,-17,Cai,0
2023,24,2023-08-24,Tombense,18,24,5,5,14,24,35,-11,20,-22,Cai,0
2023,24,2023-08-24,Londrina,19,24,5,4,15,20,36,-16,19,-23,Cai,0
2023,24,2023-08-24,ABC,20,24,2,8,14,15,33,-18,14,-28,Cai,0
2023,25,2023-08-29,Vitória,1,25,15,3,7,36,19,17,48,5,Sobe,0
2023,25,2023-08-29,Sport,2,25,13,6,6,35,22,13,45,2,Sobe,0
2023,25,2023-08-29,Criciúma,3,25,13,5,7,28,19,9,44,1,Sobe,0
2023,25,2023-08-29,Juventude,4,25,13,4,8,26,20,6,43,0,Sobe,0
2023,25,2023-08-29,Novorizontino,5,25,13,3,9,30,18,12,42,-1,Meio,0
2023,25,2023-08-29,Vila Nova,6,25,12,6,7,28,14,14,42,-1,Meio,0
2023,25,2023-08-29,Guarani,7,25,11,8,6,31,20,11,41,-2,Meio,0
2023,25,2023-08-29,Atlético-GO,8,25,9,11,5,34,34,0,38,-5,Meio,0
2023,25,2023-08-29,Mirassol,9,25,10,6,9,25,24,1,36,-7,Meio,0
2023,25,2023-08-29,CRB,10,25,10,6,9,27,27,0,36,-7,Meio,0
2023,25,2023-08-29,Ceará,11,25,9,8,8,26,26,0,35,-8,Meio,0
2023,25,2023-08-29,Botafogo-SP,12,25,9,7,9,16,27,-11,34,-9,Meio,0
2023,25,2023-08-29,Ituano,13,25,8,8,9,26,25,1,32,-11,Meio,0
2023,25,2023-08-29,Ponte Preta,14,25,7,10,8,16,20,-4,31,-12,Meio,0
2023,25,2023-08-29,Avaí,15,25,6,9,10,22,32,-10,27,-16,Meio,0
2023,25,2023-08-29,Chapecoense,16,25,6,8,11,26,30,-4,26,-17,Meio,0
2023,25,2023-08-29,Sampaio Corrêa,17,25,5,11,9,18,27,-9,26,-17,Cai,0
2023,25,2023-08-29,Tombense,18,25,5,6,14,26,37,-11,21,-22,Cai,0
2023,25,2023-08-29,Londrina,19,25,5,4,16,20,37,-17,19,-24,Cai,0
2023,25,2023-08-29,ABC,20,25,2,9,14,15,33,-18,15,-28,Cai,0
2023,26,2023-09-03,Vitória,1,26,15,4,7,36,19,17,49,5,Sobe,0
2023,26,2023-09-03,Sport,2,26,13,7,6,36,23,13,46,2,Sobe,0
2023,26,2023-09-03,Novorizontino,3,26,14,3,9,32,18,14,45,1,Sobe,0
2023,26,2023-09-03,Criciúma,4,26,13,5,8,28,20,8,44,0,Sobe,0
2023,26,2023-09-03,Juventude,5,26,13,5,8,26,20,6,44,0,Meio,0
2023,26,2023-09-03,Guarani,6,26,12,8,6,32,20,12,44,0,Meio,0
2023,26,2023-09-03,Vila Nova,7,26,12,6,8,28,15,13,42,-2,Meio,0
2023,26,2023-09-03,Atlético-GO,8,26,10,11,5,36,34,2,41,-3,Meio,0
2023,26,2023-09-03,CRB,9,26,11,6,9,28,27,1,39,-5,Meio,0
2023,26,2023-09-03,Ceará,10,26,10,8,8,27,26,1,38,-6,Meio,0
2023,26,2023-09-03,Mirassol,11,26,10,7,9,25,24,1,37,-7,Meio,0
2023,26,2023-09-03,Botafogo-SP,12,26,9,8,9,17,28,-11,35,-9,Meio,0
2023,26,2023-09-03,Ituano,13,26,8,8,10,26,27,-1,32,-12,Meio,0
2023,26,2023-09-03,Ponte Preta,14,26,7,10,9,16,21,-5,31,-13,Meio,0
2023,26,2023-09-03,Chapecoense,15,26,6,9,11,26,30,-4,27,-17,Meio,0
2023,26,2023-09-03,Avaí,16,26,6,9,11,22,34,-12,27,-17,Meio,0
2023,26,2023-09-03,Sampaio Corrêa,17,26,5,12,9,19,28,-9,27,-17,Cai,0
2023,26,2023-09-03,Tombense,18,26,5,7,14,27,38,-11,22,-22,Cai,0
2023,26,2023-09-03,Londrina,19,26,5,5,16,21,38,-17,20,-24,Cai,0
2023,26,2023-09-03,ABC,20,26,2,10,14,16,34,-18,16,-28,Cai,0
2023,27,2023-09-12,Vitória,1,27,15,4,8,36,25,11,49,4,Sobe,0
2023,27,2023-09-12,Sport,2,27,13,8,6,39,26,13,47,2,Sobe,0
2023,27,2023-09-12,Guarani,3,27,13,8,6,33,20,13,47,2,Sobe,0
2023,27,2023-09-12,Novorizontino,4,27,14,3,10,32,19,13,45,0,Sobe,0
2023,27,2023-09-12,Vila Nova,5,27,13,6,8,30,16,14,45,0,Meio,0
2023,27,2023-09-12,Criciúma,6,27,13,6,8,31,23,8,45,0,Meio,0
2023,27,2023-09-12,Juventude,7,27,13,5,9,26,23,3,44,-1,Meio,0
2023,27,2023-09-12,Atlético-GO,8,27,11,11,5,39,34,5,44,-1,Meio,0
2023,27,2023-09-12,CRB,9,27,12,6,9,34,27,7,42,-3,Meio,0
2023,27,2023-09-12,Ceará,10,27,11,8,8,30,27,3,41,-4,Meio,0
2023,27,2023-09-12,Mirassol,11,27,11,7,9,26,24,2,40,-5,Meio,0
2023,27,2023-09-12,Botafogo-SP,12,27,9,8,10,17,29,-12,35,-10,Meio,0
2023,27,2023-09-12,Ituano,13,27,8,8,11,27,29,-2,32,-13,Meio,0
2023,27,2023-09-12,Ponte Preta,14,27,7,11,9,16,21,-5,32,-13,Meio,0
2023,27,2023-09-12,Avaí,15,27,7,9,11,23,34,-11,30,-15,Meio,0
2023,27,2023-09-12,Sampaio Corrêa,16,27,5,13,9,19,28,-9,28,-17,Meio,0
2023,27,2023-09-12,Chapecoense,17,27,6,9,12,26,31,-5,27,-18,Cai,0
2023,27,2023-09-12,Tombense,18,27,6,7,14,30,38,-8,25,-20,Cai,0
2023,27,2023-09-12,Londrina,19,27,5,5,17,22,41,-19,20,-25,Cai,0
2023,27,2023-09-12,ABC,20,27,2,10,15,16,37,-21,16,-29,Cai,0
2023,28,2023-09-19,Vitória,1,28,16,4,8,39,25,14,52,4,Sobe,0
2023,28,2023-09-19,Guarani,2,28,14,8,6,36,20,16,50,2,Sobe,0
2023,28,2023-09-19,Sport,3,28,14,8,6,40,26,14,50,2,Sobe,0
2023,28,2023-09-19,Novorizontino,4,28,15,3,10,36,20,16,48,0,Sobe,0
2023,28,2023-09-19,Criciúma,5,28,14,6,8,33,24,9,48,0,Meio,0
2023,28,2023-09-19,Juventude,6,28,14,5,9,29,24,5,47,-1,Meio,0
2023,28,2023-09-19,Vila Nova,7,28,13,7,8,31,17,14,46,-2,Meio,0
2023,28,2023-09-19,Atlético-GO,8,28,11,11,6,39,35,4,44,-4,Meio,0
2023,28,2023-09-19,CRB,9,28,12,6,10,35,30,5,42,-6,Meio,0
2023,28,2023-09-19,Ceará,10,28,11,8,9,31,31,0,41,-7,Meio,0
2023,28,2023-09-19,Mirassol,11,28,11,7,10,27,26,1,40,-8,Meio,0
2023,28,2023-09-19,Botafogo-SP,12,28,10,8,10,18,29,-11,38,-10,Meio,0
2023,28,2023-09-19,Ituano,13,28,8,9,11,29,31,-2,33,-15,Meio,0
2023,28,2023-09-19,Ponte Preta,14,28,7,12,9,17,22,-5,33,-15,Meio,0
2023,28,2023-09-19,Sampaio Corrêa,15,28,6,13,9,21,28,-7,31,-17,Meio,0
2023,28,2023-09-19,Avaí,16,28,7,9,12,23,37,-14,30,-18,Meio,0
2023,28,2023-09-19,Chapecoense,17,28,6,9,13,26,33,-7,27,-21,Cai,0
2023,28,2023-09-19,Tombense,18,28,6,7,15,30,41,-11,25,-23,Cai,0
2023,28,2023-09-19,Londrina,19,28,5,6,17,24,43,-19,21,-27,Cai,0
2023,28,2023-09-19,ABC,20,28,2,10,16,16,38,-22,16,-32,Cai,0
2023,29,2023-09-26,Vitória,1,29,17,4,8,41,25,16,55,5,Sobe,0
2023,29,2023-09-26,Sport,2,29,15,8,6,44,26,18,53,3,Sobe,0
2023,29,2023-09-26,Novorizontino,3,29,16,3,10,38,21,17,51,1,Sobe,0
2023,29,2023-09-26,Juventude,4,29,15,5,9,31,24,7,50,0,Sobe,0
2023,29,2023-09-26,Guarani,5,29,14,8,7,36,21,15,50,0,Meio,0
2023,29,2023-09-26,Criciúma,6,29,14,6,9,34,27,7,48,-2,Meio,0
2023,29,2023-09-26,Atlético-GO,7,29,12,11,6,42,36,6,47,-3,Meio,0
2023,29,2023-09-26,Vila Nova,8,29,13,7,9,32,19,13,46,-4,Meio,0
2023,29,2023-09-26,CRB,9,29,13,6,10,36,30,6,45,-5,Meio,0
2023,29,2023-09-26,Mirassol,10,29,12,7,10,30,26,4,43,-7,Meio,0
2023,29,2023-09-26,Ceará,11,29,11,9,9,32,32,0,42,-8,Meio,0
2023,29,2023-09-26,Botafogo-SP,12,29,10,9,10,18,29,-11,39,-11,Meio,0
2023,29,2023-09-26,Sampaio Corrêa,13,29,7,13,9,23,29,-6,34,-16,Meio,0
2023,29,2023-09-26,Ituano,14,29,8,9,12,29,33,-4,33,-17,Meio,0
2023,29,2023-09-26,Ponte Preta,15,29,7,12,10,17,25,-8,33,-17,Meio,0
2023,29,2023-09-26,Avaí,16,29,7,9,13,23,39,-16,30,-20,Meio,0
2023,29,2023-09-26,Chapecoense,17,29,6,10,13,27,34,-7,28,-22,Cai,0
2023,29,2023-09-26,Tombense,18,29,6,8,15,30,41,-11,26,-24,Cai,0
2023,29,2023-09-26,Londrina,19,29,5,6,18,24,47,-23,21,-29,Cai,0
2023,29,2023-09-26,ABC,20,29,2,10,17,17,40,-23,16,-34,Cai,0
2023,30,2023-10-01,Vitória,1,30,18,4,8,42,25,17,58,5,Sobe,0
2023,30,2023-10-01,Sport,2,30,15,9,6,46,28,18,54,1,Sobe,0
2023,30,2023-10-01,Juventude,3,30,16,5,9,32,24,8,53,0,Sobe,0
2023,30,2023-10-01,Guarani,4,30,15,8,7,38,22,16,53,0,Sobe,0
2023,30,2023-10-01,Novorizontino,5,30,16,3,11,39,23,16,51,-2,Meio,0
2023,30,2023-10-01,Atlético-GO,6,30,13,11,6,43,36,7,50,-3,Meio,0
2023,30,2023-10-01,Criciúma,7,30,14,6,10,34,28,6,48,-5,Meio,0
2023,30,2023-10-01,Vila Nova,8,30,13,8,9,32,19,13,47,-6,Meio,0
2023,30,2023-10-01,Mirassol,9,30,13,7,10,31,26,5,46,-7,Meio,0
2023,30,2023-10-01,CRB,10,30,13,6,11,36,31,5,45,-8,Meio,0
2023,30,2023-10-01,Ceará,11,30,11,9,10,32,33,-1,42,-11,Meio,0
2023,30,2023-10-01,Botafogo-SP,12,30,10,10,10,19,30,-11,40,-13,Meio,0
2023,30,2023-10-01,Ituano,13,30,8,10,12,30,34,-4,34,-19,Meio,0
2023,30,2023-10-01,Sampaio Corrêa,14,30,7,13,10,23,30,-7,34,-19,Meio,0
2023,30,2023-10-01,Ponte Preta,15,30,7,12,11,17,27,-10,33,-20,Meio,0
2023,30,2023-10-01,Avaí,16,30,7,10,13,25,41,-16,31,-22,Meio,0
2023,30,2023-10-01,Chapecoense,17,30,6,11,13,27,34,-7,29,-24,Cai,0
2023,30,2023-10-01,Tombense,18,30,6,8,16,30,42,-12,26,-27,Cai,0
2023,30,2023-10-01,Londrina,19,30,6,6,18,25,47,-22,24,-29,Cai,0
2023,30,2023-10-01,ABC,20,30,3,10,17,19,40,-21,19,-34,Cai,0
2023,31,2023-10-10,Vitória,1,31,18,4,9,42,26,16,58,4,Sobe,0
2023,31,2023-10-10,Sport,2,31,15,10,6,49,31,18,55,1,Sobe,0
2023,31,2023-10-10,Juventude,3,31,16,6,9,33,25,8,54,0,Sobe,0
2023,31,2023-10-10,Guarani,4,31,15,9,7,39,23,16,54,0,Sobe,0
2023,31,2023-10-10,Atlético-GO,5,31,14,11,6,44,36,8,53,-1,Meio,0
2023,31,2023-10-10,Novorizontino,6,31,16,4,11,40,24,16,52,-2,Meio,0
2023,31,2023-10-10,Criciúma,7,31,15,6,10,35,28,7,51,-3,Meio,0
2023,31,2023-10-10,Mirassol,8,31,14,7,10,33,26,7,49,-5,Meio,0
2023,31,2023-10-10,CRB,9,31,14,6,11,38,31,7,48,-6,Meio,0
2023,31,2023-10-10,Vila Nova,10,31,13,9,9,33,20,13,48,-6,Meio,0
2023,31,2023-10-10,Ceará,11,31,11,9,11,32,35,-3,42,-12,Meio,0
2023,31,2023-10-10,Botafogo-SP,12,31,10,10,11,19,31,-12,40,-14,Meio,0
2023,31,2023-10-10,Sampaio Corrêa,13,31,7,14,10,24,31,-7,35,-19,Meio,0
2023,31,2023-10-10,Ituano,14,31,8,10,13,30,35,-5,34,-20,Meio,0
2023,31,2023-10-10,Avaí,15,31,8,10,13,26,41,-15,34,-20,Meio,0
2023,31,2023-10-10,Ponte Preta,16,31,7,13,11,20,30,-10,34,-20,Meio,0
2023,31,2023-10-10,Chapecoense,17,31,6,12,13,27,34,-7,30,-24,Cai,0
2023,31,2023-10-10,Tombense,18,31,6,9,16,31,43,-12,27,-27,Cai,0
2023,31,2023-10-10,Londrina,19,31,6,6,19,25,49,-24,24,-30,Cai,0
2023,31,2023-10-10,ABC,20,31,3,11,17,19,40,-21,20,-34,Cai,0
2023,32,2023-10-17,Vitória,1,32,19,4,9,44,26,18,61,6,Sobe,0
2023,32,2023-10-17,Sport,2,32,15,11,6,51,33,18,56,1,Sobe,0
2023,32,2023-10-17,Atlético-GO,3,32,15,11,6,46,36,10,56,1,Sobe,0
2023,32,2023-10-17,Juventude,4,32,16,7,9,35,27,8,55,0,Sobe,0
2023,32,2023-10-17,Guarani,5,32,15,9,8,39,25,14,54,-1,Meio,0
2023,32,2023-10-17,Novorizontino,6,32,16,5,11,40,24,16,53,-2,Meio,0
2023,32,2023-10-17,Mirassol,7,32,15,7,10,35,27,8,52,-3,Meio,0
2023,32,2023-10-17,Criciúma,8,32,15,6,11,36,30,6,51,-4,Meio,0
2023,32,2023-10-17,Vila Nova,9,32,14,9,9,36,21,15,51,-4,Meio,0
2023,32,2023-10-17,CRB,10,32,14,7,11,38,31,7,49,-6,Meio,0
2023,32,2023-10-17,Ceará,11,32,11,10,11,32,35,-3,43,-12,Meio,0
2023,32,2023-10-17,Botafogo-SP,12,32,10,10,12,20,34,-14,40,-15,Meio,0
2023,32,2023-10-17,Sampaio Corrêa,13,32,7,15,10,24,31,-7,36,-19,Meio,0
2023,32,2023-10-17,Ituano,14,32,8,11,13,30,35,-5,35,-20,Meio,0
2023,32,2023-10-17,Avaí,15,32,8,11,13,27,42,-15,35,-20,Meio,0
2023,32,2023-10-17,Ponte Preta,16,32,7,13,12,20,32,-12,34,-21,Meio,0
2023,32,2023-10-17,Chapecoense,17,32,7,12,13,29,35,-6,33,-22,Cai,0
2023,32,2023-10-17,Tombense,18,32,6,10,16,31,43,-12,28,-27,Cai,0
2023,32,2023-10-17,Londrina,19,32,6,7,19,26,50,-24,25,-30,Cai,0
2023,32,2023-10-17,ABC,20,32,3,11,18,20,42,-22,20,-35,Cai,0
2023,33,2023-10-24,Vitória,1,33,20,4,9,45,26,19,64,8,Sobe,0
2023,33,2023-10-24,Sport,2,33,16,11,6,53,34,19,59,3,Sobe,0
2023,33,2023-10-24,Atlético-GO,3,33,16,11,6,49,37,12,59,3,Sobe,0
2023,33,2023-10-24,Juventude,4,33,16,8,9,37,29,8,56,0,Sobe,0
2023,33,2023-10-24,Guarani,5,33,15,10,8,39,25,14,55,-1,Meio,0
2023,33,2023-10-24,Criciúma,6,33,16,6,11,37,30,7,54,-2,Meio,0
2023,33,2023-10-24,Novorizontino,7,33,16,5,12,40,26,14,53,-3,Meio,0
2023,33,2023-10-24,Mirassol,8,33,15,8,10,35,27,8,53,-3,Meio,0
2023,33,2023-10-24,Vila Nova,9,33,14,9,10,37,23,14,51,-5,Meio,0
2023,33,2023-10-24,CRB,10,33,14,7,12,38,32,6,49,-7,Meio,0
2023,33,2023-10-24,Ceará,11,33,11,10,12,32,36,-4,43,-13,Meio,0
2023,33,2023-10-24,Botafogo-SP,12,33,11,10,12,22,34,-12,43,-13,Meio,0
2023,33,2023-10-24,Avaí,13,33,9,11,13,28,42,-14,38,-18,Meio,0
2023,33,2023-10-24,Ituano,14,33,8,12,13,30,35,-5,36,-20,Meio,0
2023,33,2023-10-24,Sampaio Corrêa,15,33,7,15,11,24,32,-8,36,-20,Meio,0
2023,33,2023-10-24,Ponte Preta,16,33,7,14,12,20,32,-12,35,-21,Meio,0
2023,33,2023-10-24,Chapecoense,17,33,7,12,14,30,37,-7,33,-23,Cai,0
2023,33,2023-10-24,Tombense,18,33,7,10,16,33,44,-11,31,-25,Cai,0
2023,33,2023-10-24,Londrina,19,33,6,8,19,28,52,-24,26,-30,Cai,0
2023,33,2023-10-24,ABC,20,33,3,11,19,21,45,-24,20,-36,Cai,0
2023,34,2023-10-31,Vitória,1,34,20,5,9,45,26,19,65,8,Sobe,0
2023,34,2023-10-31,Sport,2,34,16,11,7,54,36,18,59,2,Sobe,0
2023,34,2023-10-31,Atlético-GO,3,34,16,11,7,50,39,11,59,2,Sobe,0
2023,34,2023-10-31,Criciúma,4,34,17,6,11,40,30,10,57,0,Sobe,0
2023,34,2023-10-31,Juventude,5,34,16,9,9,37,29,8,57,0,Meio,0
2023,34,2023-10-31,Novorizontino,6,34,17,5,12,42,26,16,56,-1,Meio,0
2023,34,2023-10-31,Guarani,7,34,15,10,9,39,26,13,55,-2,Meio,0
2023,34,2023-10-31,Vila Nova,8,34,15,9,10,39,24,15,54,-3,Meio,0
2023,34,2023-10-31,Mirassol,9,34,15,9,10,35,27,8,54,-3,Meio,0
2023,34,2023-10-31,CRB,10,34,14,8,12,39,33,6,50,-7,Meio,0
2023,34,2023-10-31,Ceará,11,34,12,10,12,34,37,-3,46,-11,Meio,0
2023,34,2023-10-31,Botafogo-SP,12,34,12,10,12,23,34,-11,46,-11,Meio,0
2023,34,2023-10-31,Avaí,13,34,9,12,13,29,43,-14,39,-18,Meio,0
2023,34,2023-10-31,Ituano,14,34,8,13,13,30,35,-5,37,-20,Meio,0
2023,34,2023-10-31,Sampaio Corrêa,15,34,7,15,12,24,35,-11,36,-21,Meio,0
2023,34,2023-10-31,Ponte Preta,16,34,7,14,13,20,34,-14,35,-22,Meio,0
2023,34,2023-10-31,Tombense,17,34,8,10,16,35,45,-10,34,-23,Cai,0
2023,34,2023-10-31,Chapecoense,18,34,7,12,15,31,39,-8,33,-24,Cai,0
2023,34,2023-10-31,Londrina,19,34,6,9,19,29,53,-24,27,-30,Cai,0
2023,34,2023-10-31,ABC,20,34,3,12,19,22,46,-24,21,-36,Cai,0
2023,35,2023-11-08,Vitória,1,35,20,6,9,46,27,19,66,6,Sobe,0
2023,35,2023-11-08,Criciúma,2,35,18,6,11,41,30,11,60,0,Sobe,0
2023,35,2023-11-08,Juventude,3,35,17,9,9,39,30,9,60,0,Sobe,0
2023,35,2023-11-08,Atlético-GO,4,35,16,12,7,52,41,11,60,0,Sobe,0
2023,35,2023-11-08,Sport,5,35,16,11,8,55,38,17,59,-1,Meio,0
2023,35,2023-11-08,Novorizontino,6,35,17,6,12,44,28,16,57,-3,Meio,0
2023,35,2023-11-08,Mirassol,7,35,16,9,10,37,28,9,57,-3,Meio,0
2023,35,2023-11-08,Guarani,8,35,15,11,9,39,26,13,56,-4,Meio,0
2023,35,2023-11-08,Vila Nova,9,35,15,10,10,40,25,15,55,-5,Meio,0
2023,35,2023-11-08,CRB,10,35,15,8,12,42,35,7,53,-7,Meio,0
2023,35,2023-11-08,Ceará,11,35,12,11,12,36,39,-3,47,-13,Meio,0
2023,35,2023-11-08,Botafogo-SP,12,35,12,11,12,25,36,-11,47,-13,Meio,0
2023,35,2023-11-08,Avaí,13,35,10,12,13,30,43,-13,42,-18,Meio,0
2023,35,2023-11-08,Tombense,14,35,9,10,16,37,46,-9,37,-23,Meio,0
2023,35,2023-11-08,Ituano,15,35,8,13,14,31,37,-6,37,-23,Meio,0
2023,35,2023-11-08,Sampaio Corrêa,16,35,7,15,13,25,37,-12,36,-24,Meio,0
2023,35,2023-11-08,Ponte Preta,17,35,7,14,14,20,35,-15,35,-25,Cai,0
2023,35,2023-11-08,Chapecoense,18,35,7,12,16,33,42,-9,33,-27,Cai,0
2023,35,2023-11-08,Londrina,19,35,6,10,19,29,53,-24,28,-32,Cai,0
2023,35,2023-11-08,ABC,20,35,3,12,20,22,47,-25,21,-39,Cai,0
2023,36,2023-11-15,Vitória,1,36,21,6,9,48,28,20,69,8,Sobe,0
2023,36,2023-11-15,Criciúma,2,36,18,7,11,42,31,11,61,0,Sobe,0
2023,36,2023-11-15,Juventude,3,36,17,10,9,39,30,9,61,0,Sobe,0
2023,36,2023-11-15,Atlético-GO,4,36,16,13,7,52,41,11,61,0,Sobe,0
2023,36,2023-11-15,Sport,5,36,16,12,8,55,38,17,60,-1,Meio,0
2023,36,2023-11-15,Vila Nova,6,36,16,10,10,44,26,18,58,-3,Meio,0
2023,36,2023-11-15,Novorizontino,7,36,17,6,13,45,30,15,57,-4,Meio,0
2023,36,2023-11-15,Mirassol,8,36,16,9,11,37,30,7,57,-4,Meio,0
2023,36,2023-11-15,Guarani,9,36,15,12,9,40,27,13,57,-4,Meio,0
2023,36,2023-11-15,CRB,10,36,15,9,12,43,36,7,54,-7,Meio,0
2023,36,2023-11-15,Ceará,11,36,13,11,12,38,39,-1,50,-11,Meio,0
2023,36,2023-11-15,Botafogo-SP,12,36,12,11,13,25,38,-13,47,-14,Meio,0
2023,36,2023-11-15,Avaí,13,36,10,13,13,31,44,-13,43,-18,Meio,0
2023,36,2023-11-15,Ituano,14,36,9,13,14,33,38,-5,40,-21,Meio,0
2023,36,2023-11-15,Ponte Preta,15,36,8,14,14,21,35,-14,38,-23,Meio,0
2023,36,2023-11-15,Tombense,16,36,9,10,17,37,47,-10,37,-24,Meio,0
2023,36,2023-11-15,Chapecoense,17,36,8,12,16,35,42,-7,36,-25,Cai,0
2023,36,2023-11-15,Sampaio Corrêa,18,36,7,15,14,26,39,-13,36,-25,Cai,0
2023,36,2023-11-15,Londrina,19,36,6,10,20,30,57,-27,28,-33,Cai,0
2023,36,2023-11-15,ABC,20,36,3,13,20,22,47,-25,22,-39,Cai,0
2023,37,2023-11-21,Vitória,1,37,22,6,9,49,28,21,72,11,Sobe,0
2023,37,2023-11-21,Criciúma,2,37,19,7,11,45,31,14,64,3,Sobe,0
2023,37,2023-11-21,Juventude,3,37,17,11,9,39,30,9,62,1,Sobe,0
2023,37,2023-11-21,Vila Nova,4,37,17,10,10,47,27,20,61,0,Sobe,0
2023,37,2023-11-21,Atlético-GO,5,37,16,13,8,53,45,8,61,0,Meio,0
2023,37,2023-11-21,Novorizontino,6,37,18,6,13,46,30,16,60,-1,Meio,0
2023,37,2023-11-21,Mirassol,7,37,17,9,11,41,31,10,60,-1,Meio,0
2023,37,2023-11-21,Sport,8,37,16,12,9,55,39,16,60,-1,Meio,0
2023,37,2023-11-21,CRB,9,37,16,9,12,45,36,9,57,-4,Meio,0
2023,37,2023-11-21,Guarani,10,37,15,12,10,42,30,12,57,-4,Meio,0
2023,37,2023-11-21,Ceará,11,37,13,11,13,39,42,-3,50,-11,Meio,0
2023,37,2023-11-21,Botafogo-SP,12,37,12,11,14,25,41,-16,47,-14,Meio,0
2023,37,2023-11-21,Avaí,13,37,10,13,14,31,48,-17,43,-18,Meio,0
2023,37,2023-11-21,Ituano,14,37,9,14,14,33,38,-5,41,-20,Meio,0
2023,37,2023-11-21,Sampaio Corrêa,15,37,8,15,14,30,39,-9,39,-22,Meio,0
2023,37,2023-11-21,Ponte Preta,16,37,8,15,14,21,35,-14,39,-22,Meio,0
2023,37,2023-11-21,Tombense,17,37,9,10,18,37,49,-12,37,-24,Cai,0
2023,37,2023-11-21,Chapecoense,18,37,8,13,16,35,42,-7,37,-24,Cai,0
2023,37,2023-11-21,Londrina,19,37,6,10,21,30,58,-28,28,-33,Cai,0
2023,37,2023-11-21,ABC,20,37,4,13,20,25,49,-24,25,-36,Cai,0
2023,38,2023-11-25,Vitória,1,38,22,6,10,50,31,19,72,8,Sobe,0
2023,38,2023-11-25,Juventude,2,38,18,11,9,42,31,11,65,1,Sobe,0
2023,38,2023-11-25,Criciúma,3,38,19,7,12,45,33,12,64,0,Sobe,0
2023,38,2023-11-25,Atlético-GO,4,38,17,13,8,56,45,11,64,0,Sobe,0
2023,38,2023-11-25,Novorizontino,5,38,19,6,13,48,30,18,63,-1,Meio,0
2023,38,2023-11-25,Mirassol,6,38,18,9,11,42,31,11,63,-1,Meio,0
2023,38,2023-11-25,Sport,7,38,17,12,9,59,40,19,63,-1,Meio,0
2023,38,2023-11-25,Vila Nova,8,38,17,10,11,49,30,19,61,-3,Meio,0
2023,38,2023-11-25,CRB,9,38,16,9,13,45,39,6,57,-7,Meio,0
2023,38,2023-11-25,Guarani,10,38,15,12,11,42,33,9,57,-7,Meio,0
2023,38,2023-11-25,Ceará,11,38,13,11,14,40,45,-5,50,-14,Meio,0
2023,38,2023-11-25,Botafogo-SP,12,38,12,11,15,25,42,-17,47,-17,Meio,0
2023,38,2023-11-25,Avaí,13,38,10,14,14,31,48,-17,44,-20,Meio,0
2023,38,2023-11-25,Ituano,14,38,9,15,14,33,38,-5,42,-22,Meio,0
2023,38,2023-11-25,Ponte Preta,15,38,9,15,14,24,35,-11,42,-22,Meio,0
2023,38,2023-11-25,Chapecoense,16,38,9,13,16,38,43,-5,40,-24,Meio,0
2023,38,2023-11-25,Sampaio Corrêa,17,38,8,15,15,31,43,-12,39,-25,Cai,0
2023,38,2023-11-25,Tombense,18,38,9,10,19,37,50,-13,37,-27,Cai,0
2023,38,2023-11-25,Londrina,19,38,7,10,21,31,58,-27,31,-33,Cai,0
2023,38,2023-11-25,ABC,20,38,5,13,20,28,51,-23,28,-36,Cai,0
2024,1,2024-04-24,Brusque,1,1,1,0,0,3,1,2,3,0,Sobe,0
2024,1,2024-04-24,Chapecoense,2,1,1,0,0,3,1,2,3,0,Sobe,1
2024,1,2024-04-24,Santos,3,1,1,0,0,2,0,2,3,0,Sobe,0
2024,1,2024-04-24,Vila Nova,4,1,1,0,0,2,0,2,3,0,Sobe,0
2024,1,2024-04-24,Sport,5,1,1,0,0,3,2,1,3,0,Meio,0
2024,1,2024-04-24,Novorizontino,6,1,1,0,0,2,1,1,3,0,Meio,0
2024,1,2024-04-24,Operário-PR,7,1,1,0,0,1,0,1,3,0,Meio,1
2024,1,2024-04-24,América-MG,8,1,0,1,0,1,1,0,1,-2,Meio,0
2024,1,2024-04-24,Botafogo-SP,9,1,0,1,0,1,1,0,1,-2,Meio,0
2024,1,2024-04-24,Ceará,10,1,0,1,0,1,1,0,1,-2,Meio,0
2024,1,2024-04-24,Coritiba,11,1,0,1,0,1,1,0,1,-2,Meio,0
2024,1,2024-04-24,Goiás,12,1,0,1,0,1,1,0,1,-2,Meio,0
2024,1,2024-04-24,Ponte Preta,13,1,0,1,0,1,1,0,1,-2,Meio,0
2024,1,2024-04-24,Amazonas,14,1,0,0,1,2,3,-1,0,-3,Meio,0
2024,1,2024-04-24,CRB,15,1,0,0,1,1,2,-1,0,-3,Meio,0
2024,1,2024-04-24,Avaí,16,1,0,0,1,0,1,-1,0,-3,Meio,0
2024,1,2024-04-24,Ituano,17,1,0,0,1,1,3,-2,0,-3,Cai,0
2024,1,2024-04-24,Mirassol,18,1,0,0,1,1,3,-2,0,-3,Cai,0
2024,1,2024-04-24,Guarani,19,1,0,0,1,0,2,-2,0,-3,Cai,0
2024,1,2024-04-24,Paysandu,20,1,0,0,1,0,2,-2,0,-3,Cai,0
2024,2,2024-04-30,Santos,1,2,2,0,0,4,0,4,6,0,Sobe,0
2024,2,2024-04-30,Sport,2,2,2,0,0,5,2,3,6,0,Sobe,0
2024,2,2024-04-30,Chapecoense,3,2,2,0,0,4,1,3,6,0,Sobe,1
2024,2,2024-04-30,Operário-PR,4,2,2,0,0,3,0,3,6,0,Sobe,1
2024,2,2024-04-30,Goiás,5,2,1,1,0,4,1,3,4,-2,Meio,0
2024,2,2024-04-30,América-MG,6,2,1,1,0,3,1,2,4,-2,Meio,0
2024,2,2024-04-30,Coritiba,7,2,1,1,0,2,1,1,4,-2,Meio,0
2024,2,2024-04-30,Brusque,8,2,1,0,1,3,2,1,3,-3,Meio,0
2024,2,2024-04-30,Vila Nova,9,2,1,0,1,2,2,0,3,-3,Meio,0
2024,2,2024-04-30,Mirassol,10,2,1,0,1,4,5,-1,3,-3,Meio,0
2024,2,2024-04-30,Novorizontino,11,2,1,0,1,2,3,-1,3,-3,Meio,0
2024,2,2024-04-30,Botafogo-SP,12,2,0,2,0,2,2,0,2,-4,Meio,0
2024,2,2024-04-30,Ceará,13,2,0,1,1,3,4,-1,1,-5,Meio,0
2024,2,2024-04-30,Amazonas,14,2,0,1,1,2,3,-1,1,-5,Meio,0
2024,2,2024-04-30,CRB,15,2,0,1,1,1,2,-1,1,-5,Meio,0
2024,2,2024-04-30,Paysandu,16,2,0,1,1,1,3,-2,1,-5,Meio,0
2024,2,2024-04-30,Ponte Preta,17,2,0,1,1,1,4,-3,1,-5,Cai,0
2024,2,2024-04-30,Avaí,18,2,0,0,2,0,3,-3,0,-6,Cai,0
2024,2,2024-04-30,Guarani,19,2,0,0,2,0,3,-3,0,-6,Cai,0
2024,2,2024-04-30,Ituano,20,2,0,0,2,1,5,-4,0,-6,Cai,0
2024,3,2024-05-08,Santos,1,3,3,0,0,8,1,7,9,2,Sobe,0
2024,3,2024-05-08,Sport,2,3,3,0,0,6,2,4,9,2,Sobe,0
2024,3,2024-05-08,Goiás,3,3,2,1,0,6,1,5,7,0,Sobe,0
2024,3,2024-05-08,Chapecoense,4,3,2,1,0,6,3,3,7,0,Sobe,1
2024,3,2024-05-08,Operário-PR,5,3,2,0,1,3,1,2,6,-1,Meio,1
2024,3,2024-05-08,Novorizontino,6,3,2,0,1,5,4,1,6,-1,Meio,0
2024,3,2024-05-08,Vila Nova,7,3,2,0,1,3,2,1,6,-1,Meio,0
2024,3,2024-05-08,América-MG,8,3,1,2,0,5,3,2,5,-2,Meio,0
2024,3,2024-05-08,Ponte Preta,9,3,1,1,1,4,4,0,4,-3,Meio,0
2024,3,2024-05-08,Coritiba,10,3,1,1,1,2,2,0,4,-3,Meio,0
2024,3,2024-05-08,Mirassol,11,3,1,1,1,4,5,-1,4,-3,Meio,0
2024,3,2024-05-08,Brusque,12,3,1,0,2,3,4,-1,3,-4,Meio,0
2024,3,2024-05-08,Botafogo-SP,13,3,0,3,0,2,2,0,3,-4,Meio,0
2024,3,2024-05-08,Ceará,14,3,0,2,1,5,6,-1,2,-5,Meio,0
2024,3,2024-05-08,CRB,15,3,0,2,1,3,4,-1,2,-5,Meio,0
2024,3,2024-05-08,Paysandu,16,3,0,2,1,1,3,-2,2,-5,Meio,0
2024,3,2024-05-08,Avaí,17,3,0,1,2,0,3,-3,1,-6,Cai,0
2024,3,2024-05-08,Amazonas,18,3,0,1,2,2,6,-4,1,-6,Cai,0
2024,3,2024-05-08,Ituano,19,3,0,0,3,2,8,-6,0,-7,Cai,0
2024,3,2024-05-08,Guarani,20,3,0,0,3,1,7,-6,0,-7,Cai,0
2024,4,2024-05-12,Sport,1,4,4,0,0,10,3,7,12,4,Sobe,0
2024,4,2024-05-12,Goiás,2,4,3,1,0,8,1,7,10,2,Sobe,0
2024,4,2024-05-12,Santos,3,4,3,0,1,8,2,6,9,1,Sobe,0
2024,4,2024-05-12,América-MG,4,4,2,2,0,8,4,4,8,0,Sobe,0
2024,4,2024-05-12,Operário-PR,5,4,2,1,1,4,2,2,7,-1,Meio,1
2024,4,2024-05-12,Chapecoense,6,4,2,1,1,6,5,1,7,-1,Meio,1
2024,4,2024-05-12,Mirassol,7,4,2,1,1,6,6,0,7,-1,Meio,0
2024,4,2024-05-12,Vila Nova,8,4,2,0,2,4,5,-1,6,-2,Meio,0
2024,4,2024-05-12,Novorizontino,9,4,2,0,2,5,7,-2,6,-2,Meio,0
2024,4,2024-05-12,Ceará,10,4,1,2,1,8,6,2,5,-3,Meio,0
2024,4,2024-05-12,CRB,11,4,1,2,1,5,4,1,5,-3,Meio,0
2024,4,2024-05-12,Ponte Preta,12,4,1,2,1,5,5,0,5,-3,Meio,0
2024,4,2024-05-12,Coritiba,13,4,1,1,2,2,3,-1,4,-4,Meio,0
2024,4,2024-05-12,Avaí,14,4,1,1,2,1,3,-2,4,-4,Meio,0
2024,4,2024-05-12,Amazonas,15,4,1,1,2,3,6,-3,4,-4,Meio,0
2024,4,2024-05-12,Brusque,16,4,1,0,3,4,8,-4,3,-5,Meio,0
2024,4,2024-05-12,Guarani,17,4,1,0,3,3,7,-4,3,-5,Cai,0
2024,4,2024-05-12,Botafogo-SP,18,4,0,3,1,2,4,-2,3,-5,Cai,0
2024,4,2024-05-12,Paysandu,19,4,0,2,2,2,5,-3,2,-6,Cai,0
2024,4,2024-05-12,Ituano,20,4,0,0,4,2,10,-8,0,-8,Cai,0
2024,5,2024-05-16,Santos,1,5,4,0,1,10,3,7,12,3,Sobe,0
2024,5,2024-05-16,Sport,2,5,4,0,1,10,4,6,12,3,Sobe,0
2024,5,2024-05-16,Goiás,3,5,3,2,0,9,2,7,11,2,Sobe,0
2024,5,2024-05-16,Vila Nova,4,5,3,0,2,6,6,0,9,0,Sobe,0
2024,5,2024-05-16,América-MG,5,5,2,3,0,8,4,4,9,0,Meio,0
2024,5,2024-05-16,Ceará,6,5,2,2,1,10,7,3,8,-1,Meio,0
2024,5,2024-05-16,Operário-PR,7,5,2,2,1,4,2,2,8,-1,Meio,1
2024,5,2024-05-16,Chapecoense,8,5,2,2,1,6,5,1,8,-1,Meio,1
2024,5,2024-05-16,Mirassol,9,5,2,2,1,6,6,0,8,-1,Meio,0
2024,5,2024-05-16,Coritiba,10,5,2,1,2,3,3,0,7,-2,Meio,0
2024,5,2024-05-16,Avaí,11,5,2,1,2,3,4,-1,7,-2,Meio,0
2024,5,2024-05-16,Novorizontino,12,5,2,0,3,6,9,-3,6,-3,Meio,0
2024,5,2024-05-16,CRB,13,5,1,2,2,6,6,0,5,-4,Meio,0
2024,5,2024-05-16,Ponte Preta,14,5,1,2,2,6,7,-1,5,-4,Meio,0
2024,5,2024-05-16,Amazonas,15,5,1,1,3,4,8,-4,4,-5,Meio,0
2024,5,2024-05-16,Brusque,16,5,1,1,3,4,8,-4,4,-5,Meio,0
2024,5,2024-05-16,Botafogo-SP,17,5,0,4,1,2,4,-2,4,-5,Cai,0
2024,5,2024-05-16,Guarani,18,5,1,0,4,3,8,-5,3,-6,Cai,0
2024,5,2024-05-16,Ituano,19,5,1,0,4,3,10,-7,3,-6,Cai,0
2024,5,2024-05-16,Paysandu,20,5,0,3,2,3,6,-3,3,-6,Cai,0
2024,6,2024-05-21,Santos,1,6,5,0,1,14,3,11,15,3,Sobe,0
2024,6,2024-05-21,Goiás,2,6,4,2,0,13,2,11,14,2,Sobe,0
2024,6,2024-05-21,Sport,3,6,4,0,2,11,6,5,12,0,Sobe,0
2024,6,2024-05-21,América-MG,4,6,3,3,0,10,5,5,12,0,Sobe,0
2024,6,2024-05-21,Mirassol,5,6,3,2,1,8,6,2,11,-1,Meio,0
2024,6,2024-05-21,Avaí,6,6,3,1,2,5,5,0,10,-2,Meio,0
2024,6,2024-05-21,Vila Nova,7,6,3,0,3,6,7,-1,9,-3,Meio,0
2024,6,2024-05-21,Ceará,8,6,2,3,1,10,7,3,9,-3,Meio,0
2024,6,2024-05-21,Operário-PR,9,6,2,3,1,4,2,2,9,-3,Meio,1
2024,6,2024-05-21,Chapecoense,10,6,2,3,1,6,5,1,9,-3,Meio,1
2024,6,2024-05-21,CRB,11,6,2,2,2,7,6,1,8,-4,Meio,0
2024,6,2024-05-21,Coritiba,12,6,2,2,2,3,3,0,8,-4,Meio,0
2024,6,2024-05-21,Novorizontino,13,6,2,1,3,6,9,-3,7,-5,Meio,0
2024,6,2024-05-21,Ponte Preta,14,6,1,3,2,6,7,-1,6,-6,Meio,0
2024,6,2024-05-21,Amazonas,15,6,1,2,3,5,9,-4,5,-7,Meio,0
2024,6,2024-05-21,Brusque,16,6,1,1,4,4,12,-8,4,-8,Meio,0
2024,6,2024-05-21,Paysandu,17,6,0,4,2,4,7,-3,4,-8,Cai,0
2024,6,2024-05-21,Botafogo-SP,18,6,0,4,2,2,8,-6,4,-8,Cai,0
2024,6,2024-05-21,Guarani,19,6,1,0,5,4,10,-6,3,-9,Cai,0
2024,6,2024-05-21,Ituano,20,6,1,0,5,3,12,-9,3,-9,Cai,0
2024,7,2024-06-02,Santos,1,7,5,0,2,15,5,10,15,2,Sobe,0
2024,7,2024-06-02,América-MG,2,7,4,3,0,12,6,6,15,2,Sobe,0
2024,7,2024-06-02,Goiás,3,7,4,2,1,13,4,9,14,1,Sobe,0
2024,7,2024-06-02,Avaí,4,7,4,1,2,7,5,2,13,0,Sobe,0
2024,7,2024-06-02,Sport,5,7,4,0,3,11,9,2,12,-1,Meio,0
2024,7,2024-06-02,Ceará,6,7,3,3,1,12,8,4,12,-1,Meio,0
2024,7,2024-06-02,Coritiba,7,7,3,2,2,6,3,3,11,-2,Meio,0
2024,7,2024-06-02,Mirassol,8,7,3,2,2,8,7,1,11,-2,Meio,0
2024,7,2024-06-02,Vila Nova,9,7,3,1,3,8,9,-1,10,-3,Meio,0
2024,7,2024-06-02,Novorizontino,10,7,3,1,3,7,9,-2,10,-3,Meio,0
2024,7,2024-06-02,Chapecoense,11,7,2,3,2,7,7,0,9,-4,Meio,1
2024,7,2024-06-02,Operário-PR,12,7,2,3,2,4,5,-1,9,-4,Meio,1
2024,7,2024-06-02,CRB,13,7,2,2,3,9,10,-1,8,-5,Meio,0
2024,7,2024-06-02,Amazonas,14,7,2,2,3,6,9,-3,8,-5,Meio,0
2024,7,2024-06-02,Ituano,15,7,2,0,5,5,12,-7,6,-7,Meio,0
2024,7,2024-06-02,Ponte Preta,16,7,1,3,3,6,9,-3,6,-7,Meio,0
2024,7,2024-06-02,Brusque,17,7,1,2,4,6,14,-8,5,-8,Cai,0
2024,7,2024-06-02,Paysandu,18,7,0,5,2,4,7,-3,5,-8,Cai,0
2024,7,2024-06-02,Guarani,19,7,1,1,5,4,10,-6,4,-9,Cai,0
2024,7,2024-06-02,Botafogo-SP,20,7,0,4,3,2,9,-7,4,-9,Cai,0
2024,8,2024-06-15,Goiás,1,8,5,2,1,16,4,12,17,2,Sobe,0
2024,8,2024-06-15,Avaí,2,8,5,1,2,8,5,3,16,1,Sobe,0
2024,8,2024-06-15,Santos,3,8,5,0,3,16,7,9,15,0,Sobe,0
2024,8,2024-06-15,Sport,4,8,5,0,3,12,9,3,15,0,Sobe,0
2024,8,2024-06-15,Ceará,5,8,4,3,1,13,8,5,15,0,Meio,0
2024,8,2024-06-15,América-MG,6,8,4,3,1,12,8,4,15,0,Meio,0
2024,8,2024-06-15,Mirassol,7,8,4,2,2,11,7,4,14,-1,Meio,0
2024,8,2024-06-15,Operário-PR,8,8,3,3,2,5,5,0,12,-3,Meio,1
2024,8,2024-06-15,Coritiba,9,8,3,2,3,6,4,2,11,-4,Meio,0
2024,8,2024-06-15,Vila Nova,10,8,3,2,3,9,10,-1,11,-4,Meio,0
2024,8,2024-06-15,Novorizontino,11,8,3,2,3,7,9,-2,11,-4,Meio,0
2024,8,2024-06-15,Chapecoense,12,8,2,4,2,8,8,0,10,-5,Meio,1
2024,8,2024-06-15,Ponte Preta,13,8,2,3,3,10,11,-1,9,-6,Meio,0
2024,8,2024-06-15,CRB,14,8,2,2,4,10,12,-2,8,-7,Meio,0
2024,8,2024-06-15,Amazonas,15,8,2,2,4,6,10,-4,8,-7,Meio,0
2024,8,2024-06-15,Paysandu,16,8,1,5,2,6,7,-1,8,-7,Meio,0
2024,8,2024-06-15,Botafogo-SP,17,8,1,4,3,4,10,-6,7,-8,Cai,0
2024,8,2024-06-15,Ituano,18,8,2,0,6,5,13,-8,6,-9,Cai,0
2024,8,2024-06-15,Brusque,19,8,1,3,4,6,14,-8,6,-9,Cai,0
2024,8,2024-06-15,Guarani,20,8,1,1,6,4,13,-9,4,-11,Cai,0
2024,9,2024-06-19,Sport,1,9,6,0,3,13,9,4,18,1,Sobe,0
2024,9,2024-06-19,América-MG,2,9,5,3,1,14,8,6,18,1,Sobe,0
2024,9,2024-06-19,Goiás,3,9,5,2,2,16,5,11,17,0,Sobe,0
2024,9,2024-06-19,Mirassol,4,9,5,2,2,12,7,5,17,0,Sobe,0
2024,9,2024-06-19,Avaí,5,9,5,2,2,8,5,3,17,0,Meio,0
2024,9,2024-06-19,Santos,6,9,5,0,4,17,10,7,15,-2,Meio,0
2024,9,2024-06-19,Ceará,7,9,4,3,2,15,11,4,15,-2,Meio,0
2024,9,2024-06-19,Operário-PR,8,9,4,3,2,6,5,1,15,-2,Meio,1
2024,9,2024-06-19,Coritiba,9,9,4,2,3,10,6,4,14,-3,Meio,0
2024,9,2024-06-19,Vila Nova,10,9,4,2,3,12,12,0,14,-3,Meio,0
2024,9,2024-06-19,Novorizontino,11,9,4,2,3,10,10,0,14,-3,Meio,0
2024,9,2024-06-19,Amazonas,12,9,3,2,4,8,11,-3,11,-6,Meio,0
2024,9,2024-06-19,Chapecoense,13,9,2,5,2,8,8,0,11,-6,Meio,1
2024,9,2024-06-19,Botafogo-SP,14,9,2,4,3,5,10,-5,10,-7,Meio,0
2024,9,2024-06-19,CRB,15,9,2,3,4,11,13,-2,9,-8,Meio,0
2024,9,2024-06-19,Ponte Preta,16,9,2,3,4,10,13,-3,9,-8,Meio,0
2024,9,2024-06-19,Paysandu,17,9,1,5,3,6,8,-2,8,-9,Cai,0
2024,9,2024-06-19,Ituano,18,9,2,0,7,7,17,-10,6,-11,Cai,0
2024,9,2024-06-19,Brusque,19,9,1,3,5,7,16,-9,6,-11,Cai,0
2024,9,2024-06-19,Guarani,20,9,1,1,7,4,14,-10,4,-13,Cai,0
2024,10,2024-06-22,América-MG,1,10,6,3,1,16,9,7,21,3,Sobe,0
2024,10,2024-06-22,Avaí,2,10,6,2,2,11,7,4,20,2,Sobe,0
2024,10,2024-06-22,Sport,3,10,6,1,3,13,9,4,19,1,Sobe,0
2024,10,2024-06-22,Goiás,4,10,5,3,2,17,6,11,18,0,Sobe,0
2024,10,2024-06-22,Operário-PR,5,10,5,3,2,7,5,2,18,0,Meio,1
2024,10,2024-06-22,Mirassol,6,10,5,2,3,12,8,4,17,-1,Meio,0
2024,10,2024-06-22,Santos,7,10,5,0,5,17,11,6,15,-3,Meio,0
2024,10,2024-06-22,Coritiba,8,10,4,3,3,11,7,4,15,-3,Meio,0
2024,10,2024-06-22,Ceará,9,10,4,3,3,15,12,3,15,-3,Meio,0
2024,10,2024-06-22,Vila Nova,10,10,4,2,4,12,13,-1,14,-4,Meio,0
2024,10,2024-06-22,Novorizontino,11,10,4,2,4,10,11,-1,14,-4,Meio,0
2024,10,2024-06-22,Chapecoense,12,10,3,5,2,9,8,1,14,-4,Meio,1
2024,10,2024-06-22,Botafogo-SP,13,10,3,4,3,7,10,-3,13,-5,Meio,0
2024,10,2024-06-22,CRB,14,10,3,3,4,12,13,-1,12,-6,Meio,0
2024,10,2024-06-22,Ponte Preta,15,10,3,3,4,11,13,-2,12,-6,Meio,0
2024,10,2024-06-22,Amazonas,16,10,3,2,5,8,12,-4,11,-7,Meio,0
2024,10,2024-06-22,Paysandu,17,10,2,5,3,11,11,0,11,-7,Cai,0
2024,10,2024-06-22,Brusque,18,10,2,3,5,8,16,-8,9,-9,Cai,0
2024,10,2024-06-22,Ituano,19,10,2,0,8,10,22,-12,6,-12,Cai,0
2024,10,2024-06-22,Guarani,20,10,1,1,8,6,17,-11,4,-14,Cai,0
2024,11,2024-07-02,América-MG,1,11,6,3,2,16,10,6,21,2,Sobe,0
2024,11,2024-07-02,Avaí,2,11,6,3,2,11,7,4,21,2,Sobe,0
2024,11,2024-07-02,Operário-PR,3,11,6,3,2,8,5,3,21,2,Sobe,1
2024,11,2024-07-02,Sport,4,11,6,1,4,14,11,3,19,0,Sobe,0
2024,11,2024-07-02,Santos,5,11,6,0,5,19,11,8,18,-1,Meio,0
2024,11,2024-07-02,Goiás,6,11,5,3,3,17,8,9,18,-1,Meio,0
2024,11,2024-07-02,Coritiba,7,11,5,3,3,12,7,5,18,-1,Meio,0
2024,11,2024-07-02,Mirassol,8,11,5,2,4,12,9,3,17,-2,Meio,0
2024,11,2024-07-02,Vila Nova,9,11,5,2,4,13,13,0,17,-2,Meio,0
2024,11,2024-07-02,Ceará,10,11,4,4,3,15,12,3,16,-3,Meio,0
2024,11,2024-07-02,Botafogo-SP,11,11,4,4,3,8,10,-2,16,-3,Meio,0
2024,11,2024-07-02,Novorizontino,12,11,4,3,4,11,12,-1,15,-4,Meio,0
2024,11,2024-07-02,Chapecoense,13,11,3,5,3,9,9,0,14,-5,Meio,1
2024,11,2024-07-02,CRB,14,11,3,4,4,13,14,-1,13,-6,Meio,0
2024,11,2024-07-02,Ponte Preta,15,11,3,3,5,11,15,-4,12,-7,Meio,0
2024,11,2024-07-02,Amazonas,16,11,3,3,5,9,13,-4,12,-7,Meio,0
2024,11,2024-07-02,Paysandu,17,11,2,6,3,12,12,0,12,-7,Cai,0
2024,11,2024-07-02,Brusque,18,11,2,4,5,8,16,-8,10,-9,Cai,0
2024,11,2024-07-02,Ituano,19,11,2,1,8,13,25,-12,7,-12,Cai,0
2024,11,2024-07-02,Guarani,20,11,1,2,8,9,20,-11,5,-14,Cai,0
2024,12,2024-07-10,América-MG,1,12,6,4,2,17,11,6,22,2,Sobe,0
2024,12,2024-07-10,Avaí,2,12,6,4,2,12,8,4,22,2,Sobe,0
2024,12,2024-07-10,Operário-PR,3,12,6,3,3,8,6,2,21,1,Sobe,1
2024,12,2024-07-10,Sport,4,12,6,2,4,15,12,3,20,0,Sobe,0
2024,12,2024-07-10,Vila Nova,5,12,6,2,4,14,13,1,20,0,Meio,0
2024,12,2024-07-10,Santos,6,12,6,1,5,19,11,8,19,-1,Meio,0
2024,12,2024-07-10,Goiás,7,12,5,3,4,17,9,8,18,-2,Meio,0
2024,12,2024-07-10,Coritiba,8,12,5,3,4,12,8,4,18,-2,Meio,0
2024,12,2024-07-10,Mirassol,9,12,5,3,4,12,9,3,18,-2,Meio,0
2024,12,2024-07-10,Novorizontino,10,12,5,3,4,13,13,0,18,-2,Meio,0
2024,12,2024-07-10,Botafogo-SP,11,12,4,5,3,9,11,-2,17,-3,Meio,0
2024,12,2024-07-10,Ceará,12,12,4,4,4,16,15,1,16,-4,Meio,0
2024,12,2024-07-10,Ponte Preta,13,12,4,3,5,14,16,-2,15,-5,Meio,0
2024,12,2024-07-10,Amazonas,14,12,4,3,5,10,13,-3,15,-5,Meio,0
2024,12,2024-07-10,Paysandu,15,12,3,6,3,14,13,1,15,-5,Meio,0
2024,12,2024-07-10,Chapecoense,16,12,3,5,4,10,11,-1,14,-6,Meio,1
2024,12,2024-07-10,CRB,17,12,3,4,5,13,15,-2,13,-7,Cai,0
2024,12,2024-07-10,Brusque,18,12,2,5,5,9,17,-8,11,-9,Cai,0
2024,12,2024-07-10,Ituano,19,12,2,2,8,14,26,-12,8,-12,Cai,0
2024,12,2024-07-10,Guarani,20,12,1,2,9,9,21,-12,5,-15,Cai,0
2024,13,2024-07-13,Sport,1,13,7,2,4,16,12,4,23,1,Sobe,0
2024,13,2024-07-13,Avaí,2,13,6,5,2,13,9,4,23,1,Sobe,0
2024,13,2024-07-13,Santos,3,13,7,1,5,20,11,9,22,0,Sobe,0
2024,13,2024-07-13,América-MG,4,13,6,4,3,18,13,5,22,0,Sobe,0
2024,13,2024-07-13,Operário-PR,5,13,6,4,3,9,7,2,22,0,Meio,1
2024,13,2024-07-13,Goiás,6,13,6,3,4,19,10,9,21,-1,Meio,0
2024,13,2024-07-13,Vila Nova,7,13,6,3,4,15,14,1,21,-1,Meio,0
2024,13,2024-07-13,Coritiba,8,13,5,4,4,13,9,4,19,-3,Meio,0
2024,13,2024-07-13,Ceará,9,13,5,4,4,20,17,3,19,-3,Meio,0
2024,13,2024-07-13,Mirassol,10,13,5,4,4,13,10,3,19,-3,Meio,0
2024,13,2024-07-13,Novorizontino,11,13,5,4,4,14,14,0,19,-3,Meio,0
2024,13,2024-07-13,Botafogo-SP,12,13,4,5,4,11,14,-3,17,-5,Meio,0
2024,13,2024-07-13,CRB,13,13,4,4,5,15,16,-1,16,-6,Meio,0
2024,13,2024-07-13,Ponte Preta,14,13,4,4,5,15,17,-2,16,-6,Meio,0
2024,13,2024-07-13,Amazonas,15,13,4,4,5,11,14,-3,16,-6,Meio,0
2024,13,2024-07-13,Paysandu,16,13,3,7,3,15,14,1,16,-6,Meio,0
2024,13,2024-07-13,Chapecoense,17,13,3,5,5,10,12,-2,14,-8,Cai,1
2024,13,2024-07-13,Brusque,18,13,2,6,5,10,18,-8,12,-10,Cai,0
2024,13,2024-07-13,Ituano,19,13,2,2,9,16,30,-14,8,-14,Cai,0
2024,13,2024-07-13,Guarani,20,13,1,3,9,10,22,-12,6,-16,Cai,0
2024,14,2024-07-18,Santos,1,14,8,1,5,21,11,10,25,1,Sobe,0
2024,14,2024-07-18,América-MG,2,14,7,4,3,20,13,7,25,1,Sobe,0
2024,14,2024-07-18,Sport,3,14,7,3,4,17,13,4,24,0,Sobe,0
2024,14,2024-07-18,Vila Nova,4,14,7,3,4,17,15,2,24,0,Sobe,0
2024,14,2024-07-18,Avaí,5,14,6,5,3,13,10,3,23,-1,Meio,0
2024,14,2024-07-18,Mirassol,6,14,6,4,4,14,10,4,22,-2,Meio,0
2024,14,2024-07-18,Novorizontino,7,14,6,4,4,15,14,1,22,-2,Meio,0
2024,14,2024-07-18,Operário-PR,8,14,6,4,4,9,9,0,22,-2,Meio,1
2024,14,2024-07-18,Goiás,9,14,6,3,5,20,12,8,21,-3,Meio,0
2024,14,2024-07-18,Coritiba,10,14,5,5,4,14,10,4,20,-4,Meio,0
2024,14,2024-07-18,Ceará,11,14,5,4,5,20,18,2,19,-5,Meio,0
2024,14,2024-07-18,CRB,12,14,5,4,5,19,17,2,19,-5,Meio,0
2024,14,2024-07-18,Chapecoense,13,14,4,5,5,12,13,-1,17,-7,Meio,1
2024,14,2024-07-18,Ponte Preta,14,14,4,5,5,15,17,-2,17,-7,Meio,0
2024,14,2024-07-18,Botafogo-SP,15,14,4,5,5,11,15,-4,17,-7,Meio,0
2024,14,2024-07-18,Paysandu,16,14,3,8,3,16,15,1,17,-7,Meio,0
2024,14,2024-07-18,Amazonas,17,14,4,4,6,12,16,-4,16,-8,Cai,0
2024,14,2024-07-18,Brusque,18,14,2,7,5,10,18,-8,13,-11,Cai,0
2024,14,2024-07-18,Ituano,19,14,3,2,9,19,32,-13,11,-13,Cai,0
2024,14,2024-07-18,Guarani,20,14,1,3,10,10,23,-13,6,-18,Cai,0
2024,15,2024-07-24,Santos,1,15,9,1,5,23,11,12,28,3,Sobe,0
2024,15,2024-07-24,Vila Nova,2,15,8,3,4,19,16,3,27,2,Sobe,0
2024,15,2024-07-24,América-MG,3,15,7,5,3,21,14,7,26,1,Sobe,0
2024,15,2024-07-24,Sport,4,15,7,4,4,18,14,4,25,0,Sobe,0
2024,15,2024-07-24,Operário-PR,5,15,7,4,4,11,9,2,25,0,Meio,1
2024,15,2024-07-24,Avaí,6,15,6,5,4,14,12,2,23,-2,Meio,0
2024,15,2024-07-24,Novorizontino,7,15,6,5,4,16,15,1,23,-2,Meio,0
2024,15,2024-07-24,CRB,8,15,6,4,5,20,17,3,22,-3,Meio,0
2024,15,2024-07-24,Mirassol,9,15,6,4,5,16,14,2,22,-3,Meio,0
2024,15,2024-07-24,Goiás,10,15,6,3,6,20,14,6,21,-4,Meio,0
2024,15,2024-07-24,Coritiba,11,15,5,5,5,15,12,3,20,-5,Meio,0
2024,15,2024-07-24,Ponte Preta,12,15,5,5,5,19,19,0,20,-5,Meio,0
2024,15,2024-07-24,Paysandu,13,15,4,8,3,18,16,2,20,-5,Meio,0
2024,15,2024-07-24,Ceará,14,15,5,4,6,21,20,1,19,-6,Meio,0
2024,15,2024-07-24,Amazonas,15,15,5,4,6,13,16,-3,19,-6,Meio,0
2024,15,2024-07-24,Chapecoense,16,15,4,6,5,13,14,-1,18,-7,Meio,1
2024,15,2024-07-24,Botafogo-SP,17,15,4,5,6,12,19,-7,17,-8,Cai,0
2024,15,2024-07-24,Brusque,18,15,2,8,5,11,19,-8,14,-11,Cai,0
2024,15,2024-07-24,Ituano,19,15,3,2,10,19,34,-15,11,-14,Cai,0
2024,15,2024-07-24,Guarani,20,15,1,4,10,11,24,-13,7,-18,Cai,0
2024,16,2024-07-27,Santos,1,16,9,2,5,24,12,12,29,2,Sobe,0
2024,16,2024-07-27,Sport,2,16,8,4,4,21,15,6,28,1,Sobe,0
2024,16,2024-07-27,Vila Nova,3,16,8,4,4,20,17,3,28,1,Sobe,0
2024,16,2024-07-27,América-MG,4,16,7,6,3,21,14,7,27,0,Sobe,0
2024,16,2024-07-27,Novorizontino,5,16,7,5,4,17,15,2,26,-1,Meio,0
2024,16,2024-07-27,Operário-PR,6,16,7,5,4,11,9,2,26,-1,Meio,1
2024,16,2024-07-27,Mirassol,7,16,7,4,5,17,14,3,25,-2,Meio,0
2024,16,2024-07-27,Goiás,8,16,7,3,6,23,16,7,24,-3,Meio,0
2024,16,2024-07-27,CRB,9,16,6,5,5,21,18,3,23,-4,Meio,0
2024,16,2024-07-27,Avaí,10,16,6,5,5,14,13,1,23,-4,Meio,0
2024,16,2024-07-27,Paysandu,11,16,5,8,3,19,16,3,23,-4,Meio,0
2024,16,2024-07-27,Ceará,12,16,6,4,6,22,20,2,22,-5,Meio,0
2024,16,2024-07-27,Coritiba,13,16,5,5,6,15,13,2,20,-7,Meio,0
2024,16,2024-07-27,Ponte Preta,14,16,5,5,6,19,20,-1,20,-7,Meio,0
2024,16,2024-07-27,Amazonas,15,16,5,5,6,13,16,-3,20,-7,Meio,0
2024,16,2024-07-27,Chapecoense,16,16,4,6,6,13,15,-2,18,-9,Meio,1
2024,16,2024-07-27,Botafogo-SP,17,16,4,6,6,14,21,-7,18,-9,Cai,0
2024,16,2024-07-27,Brusque,18,16,2,9,5,13,21,-8,15,-12,Cai,0
2024,16,2024-07-27,Ituano,19,16,3,2,11,19,35,-16,11,-16,Cai,0
2024,16,2024-07-27,Guarani,20,16,1,4,11,13,27,-14,7,-20,Cai,0
2024,17,2024-08-03,Santos,1,17,10,2,5,28,12,16,32,4,Sobe,0
2024,17,2024-08-03,Sport,2,17,8,5,4,22,16,6,29,1,Sobe,0
2024,17,2024-08-03,Vila Nova,3,17,8,4,5,20,19,1,28,0,Sobe,0
2024,17,2024-08-03,América-MG,4,17,7,7,3,21,14,7,28,0,Sobe,0
2024,17,2024-08-03,Novorizontino,5,17,7,6,4,17,15,2,27,-1,Meio,0
2024,17,2024-08-03,Mirassol,6,17,7,5,5,17,14,3,26,-2,Meio,0
2024,17,2024-08-03,Operário-PR,7,17,7,5,5,11,10,1,26,-2,Meio,1
2024,17,2024-08-03,Goiás,8,17,7,4,6,24,17,7,25,-3,Meio,0
2024,17,2024-08-03,Ceará,9,17,7,4,6,26,21,5,25,-3,Meio,0
2024,17,2024-08-03,CRB,10,17,6,6,5,22,19,3,24,-4,Meio,0
2024,17,2024-08-03,Avaí,11,17,6,6,5,14,13,1,24,-4,Meio,0
2024,17,2024-08-03,Ponte Preta,12,17,6,5,6,21,20,1,23,-5,Meio,0
2024,17,2024-08-03,Paysandu,13,17,5,8,4,19,17,2,23,-5,Meio,0
2024,17,2024-08-03,Amazonas,14,17,5,6,6,14,17,-3,21,-7,Meio,0
2024,17,2024-08-03,Coritiba,15,17,5,5,7,15,17,-2,20,-8,Meio,0
2024,17,2024-08-03,Chapecoense,16,17,4,7,6,14,16,-2,19,-9,Meio,1
2024,17,2024-08-03,Botafogo-SP,17,17,4,6,7,15,25,-10,18,-10,Cai,0
2024,17,2024-08-03,Brusque,18,17,3,9,5,14,21,-7,18,-10,Cai,0
2024,17,2024-08-03,Ituano,19,17,3,3,11,19,35,-16,12,-16,Cai,0
2024,17,2024-08-03,Guarani,20,17,1,5,11,14,28,-14,8,-20,Cai,0
2024,18,2024-08-10,Santos,1,18,10,3,5,29,13,16,33,4,Sobe,0
2024,18,2024-08-10,Sport,2,18,9,5,4,25,18,7,32,3,Sobe,0
2024,18,2024-08-10,Novorizontino,3,18,8,6,4,20,16,4,30,1,Sobe,0
2024,18,2024-08-10,Mirassol,4,18,8,5,5,18,14,4,29,0,Sobe,0
2024,18,2024-08-10,Operário-PR,5,18,8,5,5,13,10,3,29,0,Meio,1
2024,18,2024-08-10,Vila Nova,6,18,8,5,5,20,19,1,29,0,Meio,0
2024,18,2024-08-10,América-MG,7,18,7,8,3,23,16,7,29,0,Meio,0
2024,18,2024-08-10,Ceará,8,18,7,5,6,28,23,5,26,-3,Meio,0
2024,18,2024-08-10,Goiás,9,18,7,4,7,25,19,6,25,-4,Meio,0
2024,18,2024-08-10,Avaí,10,18,6,7,5,15,14,1,25,-4,Meio,0
2024,18,2024-08-10,CRB,11,18,6,6,6,22,21,1,24,-5,Meio,0
2024,18,2024-08-10,Amazonas,12,18,6,6,6,15,17,-2,24,-5,Meio,0
2024,18,2024-08-10,Ponte Preta,13,18,6,5,7,22,23,-1,23,-6,Meio,0
2024,18,2024-08-10,Coritiba,14,18,6,5,7,16,17,-1,23,-6,Meio,0
2024,18,2024-08-10,Paysandu,15,18,5,8,5,20,20,0,23,-6,Meio,0
2024,18,2024-08-10,Chapecoense,16,18,4,7,7,14,17,-3,19,-10,Meio,1
2024,18,2024-08-10,Botafogo-SP,17,18,4,7,7,16,26,-10,19,-10,Cai,0
2024,18,2024-08-10,Brusque,18,18,3,9,6,14,22,-8,18,-11,Cai,0
2024,18,2024-08-10,Ituano,19,18,3,4,11,19,35,-16,13,-16,Cai,0
2024,18,2024-08-10,Guarani,20,18,2,5,11,15,28,-13,11,-18,Cai,0
2024,19,2024-08-17,Santos,1,19,10,4,5,30,14,16,34,2,Sobe,0
2024,19,2024-08-17,Novorizontino,2,19,9,6,4,22,17,5,33,1,Sobe,0
2024,19,2024-08-17,Sport,3,19,9,5,5,25,20,5,32,0,Sobe,0
2024,19,2024-08-17,Mirassol,4,19,9,5,5,19,14,5,32,0,Sobe,0
2024,19,2024-08-17,Vila Nova,5,19,8,6,5,22,21,1,30,-2,Meio,0
2024,19,2024-08-17,América-MG,6,19,7,9,3,23,16,7,30,-2,Meio,0
2024,19,2024-08-17,Ceará,7,19,8,5,6,31,24,7,29,-3,Meio,0
2024,19,2024-08-17,Operário-PR,8,19,8,5,6,13,11,2,29,-3,Meio,1
2024,19,2024-08-17,Goiás,9,19,8,4,7,27,20,7,28,-4,Meio,0
2024,19,2024-08-17,Ponte Preta,10,19,7,5,7,23,23,0,26,-6,Meio,0
2024,19,2024-08-17,Avaí,11,19,6,7,6,15,15,0,25,-7,Meio,0
2024,19,2024-08-17,CRB,12,19,6,6,7,22,22,0,24,-8,Meio,0
2024,19,2024-08-17,Amazonas,13,19,6,6,7,17,20,-3,24,-8,Meio,0
2024,19,2024-08-17,Paysandu,14,19,5,9,5,22,22,0,24,-8,Meio,0
2024,19,2024-08-17,Coritiba,15,19,6,5,8,16,19,-3,23,-9,Meio,0
2024,19,2024-08-17,Botafogo-SP,16,19,5,7,7,18,26,-8,22,-10,Meio,0
2024,19,2024-08-17,Chapecoense,17,19,4,7,8,14,18,-4,19,-13,Cai,1
2024,19,2024-08-17,Brusque,18,19,3,10,6,14,22,-8,19,-13,Cai,0
2024,19,2024-08-17,Ituano,19,19,3,4,12,19,36,-17,13,-19,Cai,0
2024,19,2024-08-17,Guarani,20,19,2,5,12,16,31,-15,11,-21,Cai,0
2024,20,2024-08-23,Santos,1,20,11,4,5,33,14,19,37,4,Sobe,0
2024,20,2024-08-23,Novorizontino,2,20,10,6,4,23,17,6,36,3,Sobe,0
2024,20,2024-08-23,Mirassol,3,20,10,5,5,21,14,7,35,2,Sobe,0
2024,20,2024-08-23,América-MG,4,20,8,9,3,26,17,9,33,0,Sobe,0
2024,20,2024-08-23,Sport,5,20,9,5,6,25,21,4,32,-1,Meio,0
2024,20,2024-08-23,Vila Nova,6,20,8,6,6,22,23,-1,30,-3,Meio,0
2024,20,2024-08-23,Goiás,7,20,8,5,7,28,21,7,29,-4,Meio,0
2024,20,2024-08-23,Ceará,8,20,8,5,7,32,26,6,29,-4,Meio,0
2024,20,2024-08-23,Operário-PR,9,20,8,5,7,14,13,1,29,-4,Meio,1
2024,20,2024-08-23,Avaí,10,20,7,7,6,16,15,1,28,-5,Meio,0
2024,20,2024-08-23,Ponte Preta,11,20,7,6,7,24,24,0,27,-6,Meio,0
2024,20,2024-08-23,Amazonas,12,20,7,6,7,19,20,-1,27,-6,Meio,0
2024,20,2024-08-23,CRB,13,20,6,6,8,22,24,-2,24,-9,Meio,0
2024,20,2024-08-23,Coritiba,14,20,6,6,8,17,20,-3,24,-9,Meio,0
2024,20,2024-08-23,Paysandu,15,20,5,9,6,22,25,-3,24,-9,Meio,0
2024,20,2024-08-23,Botafogo-SP,16,20,5,7,8,19,29,-10,22,-11,Meio,0
2024,20,2024-08-23,Chapecoense,17,20,4,7,9,15,20,-5,19,-14,Cai,1
2024,20,2024-08-23,Brusque,18,20,3,10,7,14,24,-10,19,-14,Cai,0
2024,20,2024-08-23,Ituano,19,20,4,4,12,21,37,-16,16,-17,Cai,0
2024,20,2024-08-23,Guarani,20,20,3,5,12,18,31,-13,14,-19,Cai,0
2024,21,2024-08-28,Mirassol,1,21,11,5,5,23,15,8,38,4,Sobe,0
2024,21,2024-08-28,Santos,2,21,11,4,6,33,15,18,37,3,Sobe,0
2024,21,2024-08-28,Novorizontino,3,21,10,7,4,24,18,6,37,3,Sobe,0
2024,21,2024-08-28,América-MG,4,21,8,10,3,27,18,9,34,0,Sobe,0
2024,21,2024-08-28,Vila Nova,5,21,9,6,6,24,23,1,33,-1,Meio,0
2024,21,2024-08-28,Goiás,6,21,9,5,7,32,22,10,32,-2,Meio,0
2024,21,2024-08-28,Sport,7,21,9,5,7,25,22,3,32,-2,Meio,0
2024,21,2024-08-28,Avaí,8,21,8,7,6,17,15,2,31,-3,Meio,0
2024,21,2024-08-28,Amazonas,9,21,8,6,7,21,21,0,30,-4,Meio,0
2024,21,2024-08-28,Ceará,10,21,8,5,8,33,28,5,29,-5,Meio,0
2024,21,2024-08-28,Operário-PR,11,21,8,5,8,16,16,0,29,-5,Meio,1
2024,21,2024-08-28,Ponte Preta,12,21,7,7,7,25,25,0,28,-6,Meio,0
2024,21,2024-08-28,Coritiba,13,21,7,6,8,18,20,-2,27,-7,Meio,0
2024,21,2024-08-28,Paysandu,14,21,5,10,6,23,26,-3,25,-9,Meio,0
2024,21,2024-08-28,CRB,15,21,6,6,9,22,26,-4,24,-10,Meio,0
2024,21,2024-08-28,Botafogo-SP,16,21,5,8,8,20,30,-10,23,-11,Meio,0
2024,21,2024-08-28,Ituano,17,21,5,4,12,23,38,-15,19,-15,Cai,0
2024,21,2024-08-28,Chapecoense,18,21,4,7,10,15,24,-9,19,-15,Cai,1
2024,21,2024-08-28,Brusque,19,21,3,10,8,14,25,-11,19,-15,Cai,0
2024,21,2024-08-28,Guarani,20,21,4,5,12,22,31,-9,17,-17,Cai,0
2024,22,2024-09-03,Novorizontino,1,22,11,7,4,25,18,7,40,4,Sobe,0
2024,22,2024-09-03,Santos,2,22,11,5,6,34,16,18,38,2,Sobe,0
2024,22,2024-09-03,Mirassol,3,22,11,5,6,24,17,7,38,2,Sobe,0
2024,22,2024-09-03,Vila Nova,4,22,10,6,6,27,25,2,36,0,Sobe,0
2024,22,2024-09-03,Sport,5,22,10,5,7,28,24,4,35,-1,Meio,0
2024,22,2024-09-03,América-MG,6,22,8,11,3,27,18,9,35,-1,Meio,0
2024,22,2024-09-03,Avaí,7,22,9,7,6,18,15,3,34,-2,Meio,0
2024,22,2024-09-03,Goiás,8,22,9,5,8,32,23,9,32,-4,Meio,0
2024,22,2024-09-03,Ceará,9,22,9,5,8,35,28,7,32,-4,Meio,0
2024,22,2024-09-03,Operário-PR,10,22,9,5,8,17,16,1,32,-4,Meio,1
2024,22,2024-09-03,Amazonas,11,22,8,7,7,21,21,0,31,-5,Meio,0
2024,22,2024-09-03,Coritiba,12,22,8,6,8,19,20,-1,30,-6,Meio,0
2024,22,2024-09-03,Ponte Preta,13,22,7,7,8,26,27,-1,28,-8,Meio,0
2024,22,2024-09-03,Botafogo-SP,14,22,6,8,8,22,31,-9,26,-10,Meio,0
2024,22,2024-09-03,CRB,15,22,6,7,9,22,26,-4,25,-11,Meio,0
2024,22,2024-09-03,Paysandu,16,22,5,10,7,23,27,-4,25,-11,Meio,0
2024,22,2024-09-03,Chapecoense,17,22,4,8,10,15,24,-9,20,-16,Cai,1
2024,22,2024-09-03,Ituano,18,22,5,4,13,23,39,-16,19,-17,Cai,0
2024,22,2024-09-03,Brusque,19,22,3,10,9,15,29,-14,19,-17,Cai,0
2024,22,2024-09-03,Guarani,20,22,4,6,12,23,32,-9,18,-18,Cai,0
2024,23,2024-09-08,Novorizontino,1,23,11,7,5,25,19,6,40,1,Sobe,0
2024,23,2024-09-08,Santos,2,23,11,6,6,34,16,18,39,0,Sobe,0
2024,23,2024-09-08,Mirassol,3,23,11,6,6,24,17,7,39,0,Sobe,0
2024,23,2024-09-08,Vila Nova,4,23,11,6,6,28,25,3,39,0,Sobe,0
2024,23,2024-09-08,Sport,5,23,11,5,7,30,24,6,38,-1,Meio,0
2024,23,2024-09-08,Ceará,6,23,10,5,8,36,28,8,35,-4,Meio,0
2024,23,2024-09-08,América-MG,7,23,8,11,4,27,19,8,35,-4,Meio,0
2024,23,2024-09-08,Avaí,8,23,9,7,7,18,16,2,34,-5,Meio,0
2024,23,2024-09-08,Goiás,9,23,9,6,8,33,24,9,33,-6,Meio,0
2024,23,2024-09-08,Operário-PR,10,23,9,6,8,17,16,1,33,-6,Meio,1
2024,23,2024-09-08,Coritiba,11,23,9,6,8,20,20,0,33,-6,Meio,0
2024,23,2024-09-08,Amazonas,12,23,8,8,7,22,22,0,32,-7,Meio,0
2024,23,2024-09-08,Ponte Preta,13,23,7,7,9,26,28,-2,28,-11,Meio,0
2024,23,2024-09-08,Botafogo-SP,14,23,6,9,8,23,32,-9,27,-12,Meio,0
2024,23,2024-09-08,Paysandu,15,23,5,11,7,23,27,-4,26,-13,Meio,0
2024,23,2024-09-08,CRB,16,23,6,7,10,23,28,-5,25,-14,Meio,0
2024,23,2024-09-08,Ituano,17,23,6,4,13,24,39,-15,22,-17,Cai,0
2024,23,2024-09-08,Brusque,18,23,4,10,9,16,29,-13,22,-17,Cai,0
2024,23,2024-09-08,Guarani,19,23,5,6,12,25,33,-8,21,-18,Cai,0
2024,23,2024-09-08,Chapecoense,20,23,4,9,10,15,24,-9,21,-18,Cai,1
2024,24,2024-09-12,Novorizontino,1,24,12,7,5,27,19,8,43,4,Sobe,0
2024,24,2024-09-12,Mirassol,2,24,12,6,6,25,17,8,42,3,Sobe,0
2024,24,2024-09-12,Santos,3,24,11,7,6,36,18,18,40,1,Sobe,0
2024,24,2024-09-12,Sport,4,24,11,6,7,31,25,6,39,0,Sobe,0
2024,24,2024-09-12,Vila Nova,5,24,11,6,7,28,27,1,39,0,Meio,0
2024,24,2024-09-12,Avaí,6,24,10,7,7,20,17,3,37,-2,Meio,0
2024,24,2024-09-12,Ceará,7,24,10,6,8,37,29,8,36,-3,Meio,0
2024,24,2024-09-12,Amazonas,8,24,9,8,7,23,22,1,35,-4,Meio,0
2024,24,2024-09-12,América-MG,9,24,8,11,5,27,20,7,35,-4,Meio,0
2024,24,2024-09-12,Goiás,10,24,9,6,9,33,25,8,33,-6,Meio,0
2024,24,2024-09-12,Operário-PR,11,24,9,6,9,18,18,0,33,-6,Meio,1
2024,24,2024-09-12,Coritiba,12,24,9,6,9,21,22,-1,33,-6,Meio,0
2024,24,2024-09-12,Botafogo-SP,13,24,7,9,8,24,32,-8,30,-9,Meio,0
2024,24,2024-09-12,Ponte Preta,14,24,7,8,9,28,30,-2,29,-10,Meio,0
2024,24,2024-09-12,Paysandu,15,24,5,12,7,24,28,-4,27,-12,Meio,0
2024,24,2024-09-12,CRB,16,24,6,7,11,23,29,-6,25,-14,Meio,0
2024,24,2024-09-12,Brusque,17,24,4,11,9,16,29,-13,23,-16,Cai,0
2024,24,2024-09-12,Ituano,18,24,6,4,14,26,42,-16,22,-17,Cai,0
2024,24,2024-09-12,Chapecoense,19,24,4,10,10,16,25,-9,22,-17,Cai,1
2024,24,2024-09-12,Guarani,20,24,5,6,13,25,36,-11,21,-18,Cai,0
2024,25,2024-09-15,Novorizontino,1,25,12,8,5,29,21,8,44,2,Sobe,0
2024,25,2024-09-15,Santos,2,25,12,7,6,37,18,19,43,1,Sobe,0
2024,25,2024-09-15,Sport,3,25,12,6,7,33,25,8,42,0,Sobe,0
2024,25,2024-09-15,Mirassol,4,25,12,6,7,27,20,7,42,0,Sobe,0
2024,25,2024-09-15,Vila Nova,5,25,12,6,7,29,27,2,42,0,Meio,0
2024,25,2024-09-15,Ceará,6,25,11,6,8,39,30,9,39,-3,Meio,0
2024,25,2024-09-15,América-MG,7,25,9,11,5,30,20,10,38,-4,Meio,0
2024,25,2024-09-15,Avaí,8,25,10,7,8,20,19,1,37,-5,Meio,0
2024,25,2024-09-15,Goiás,9,25,10,6,9,35,26,9,36,-6,Meio,0
2024,25,2024-09-15,Operário-PR,10,25,10,6,9,20,19,1,36,-6,Meio,1
2024,25,2024-09-15,Amazonas,11,25,9,9,7,23,22,1,36,-6,Meio,0
2024,25,2024-09-15,Coritiba,12,25,9,7,9,23,24,-1,34,-8,Meio,0
2024,25,2024-09-15,Botafogo-SP,13,25,7,9,9,24,34,-10,30,-12,Meio,0
2024,25,2024-09-15,Ponte Preta,14,25,7,8,10,28,32,-4,29,-13,Meio,0
2024,25,2024-09-15,Paysandu,15,25,5,12,8,24,29,-5,27,-15,Meio,0
2024,25,2024-09-15,CRB,16,25,6,8,11,24,30,-6,26,-16,Meio,0
2024,25,2024-09-15,Ituano,17,25,7,4,14,29,44,-15,25,-17,Cai,0
2024,25,2024-09-15,Chapecoense,18,25,5,10,10,18,25,-7,25,-17,Cai,1
2024,25,2024-09-15,Brusque,19,25,4,11,10,16,30,-14,23,-19,Cai,0
2024,25,2024-09-15,Guarani,20,25,5,6,14,26,38,-12,21,-21,Cai,0
2024,26,2024-09-20,Novorizontino,1,26,13,8,5,31,21,10,47,4,Sobe,0
2024,26,2024-09-20,Santos,2,26,13,7,6,39,19,20,46,3,Sobe,0
2024,26,2024-09-20,Sport,3,26,12,7,7,34,26,8,43,0,Sobe,0
2024,26,2024-09-20,Mirassol,4,26,12,7,7,27,20,7,43,0,Sobe,0
2024,26,2024-09-20,Vila Nova,5,26,12,6,8,30,30,0,42,-1,Meio,0
2024,26,2024-09-20,Ceará,6,26,11,6,9,40,32,8,39,-4,Meio,0
2024,26,2024-09-20,Amazonas,7,26,10,9,7,25,23,2,39,-4,Meio,0
2024,26,2024-09-20,América-MG,8,26,9,11,6,31,22,9,38,-5,Meio,0
2024,26,2024-09-20,Goiás,9,26,10,7,9,36,27,9,37,-6,Meio,0
2024,26,2024-09-20,Avaí,10,26,10,7,9,21,21,0,37,-6,Meio,0
2024,26,2024-09-20,Operário-PR,11,26,10,6,10,21,21,0,36,-7,Meio,1
2024,26,2024-09-20,Coritiba,12,26,9,7,10,24,26,-2,34,-9,Meio,0
2024,26,2024-09-20,Botafogo-SP,13,26,7,9,10,24,35,-11,30,-13,Meio,0
2024,26,2024-09-20,Paysandu,14,26,6,12,8,26,30,-4,30,-13,Meio,0
2024,26,2024-09-20,Ponte Preta,15,26,7,8,11,29,36,-7,29,-14,Meio,0
2024,26,2024-09-20,Ituano,16,26,8,4,14,33,45,-12,28,-15,Meio,0
2024,26,2024-09-20,Chapecoense,17,26,6,10,10,20,26,-6,28,-15,Cai,1
2024,26,2024-09-20,CRB,18,26,6,8,12,24,32,-8,26,-17,Cai,0
2024,26,2024-09-20,Brusque,19,26,5,11,10,19,31,-12,26,-17,Cai,0
2024,26,2024-09-20,Guarani,20,26,6,6,14,27,38,-11,24,-19,Cai,0
2024,27,2024-09-25,Novorizontino,1,27,14,8,5,32,21,11,50,5,Sobe,0
2024,27,2024-09-25,Santos,2,27,14,7,6,40,19,21,49,4,Sobe,0
2024,27,2024-09-25,Sport,3,27,13,7,7,35,26,9,46,1,Sobe,0
2024,27,2024-09-25,Vila Nova,4,27,13,6,8,33,32,1,45,0,Sobe,0
2024,27,2024-09-25,Mirassol,5,27,12,7,8,27,21,6,43,-2,Meio,0
2024,27,2024-09-25,América-MG,6,27,10,11,6,33,22,11,41,-4,Meio,0
2024,27,2024-09-25,Avaí,7,27,11,7,9,23,21,2,40,-5,Meio,0
2024,27,2024-09-25,Ceará,8,27,11,6,10,41,35,6,39,-6,Meio,0
2024,27,2024-09-25,Operário-PR,9,27,11,6,10,22,21,1,39,-6,Meio,1
2024,27,2024-09-25,Amazonas,10,27,10,9,8,25,24,1,39,-6,Meio,0
2024,27,2024-09-25,Goiás,11,27,10,7,10,36,28,8,37,-8,Meio,0
2024,27,2024-09-25,Coritiba,12,27,10,7,10,27,27,0,37,-8,Meio,0
2024,27,2024-09-25,Ponte Preta,13,27,8,8,11,30,36,-6,32,-13,Meio,0
2024,27,2024-09-25,Botafogo-SP,14,27,7,10,10,24,35,-11,31,-14,Meio,0
2024,27,2024-09-25,Paysandu,15,27,6,12,9,26,32,-6,30,-15,Meio,0
2024,27,2024-09-25,Ituano,16,27,8,4,15,33,47,-14,28,-17,Meio,0
2024,27,2024-09-25,Chapecoense,17,27,6,10,11,22,29,-7,28,-17,Cai,1
2024,27,2024-09-25,CRB,18,27,6,8,13,24,33,-9,26,-19,Cai,0
2024,27,2024-09-25,Brusque,19,27,5,11,11,19,32,-13,26,-19,Cai,0
2024,27,2024-09-25,Guarani,20,27,6,6,15,27,39,-12,24,-21,Cai,0
2024,28,2024-10-01,Novorizontino,1,28,14,9,5,33,22,11,51,5,Sobe,0
2024,28,2024-10-01,Santos,2,28,14,8,6,41,20,21,50,4,Sobe,0
2024,28,2024-10-01,Sport,3,28,13,8,7,35,26,9,47,1,Sobe,0
2024,28,2024-10-01,Mirassol,4,28,13,7,8,28,21,7,46,0,Sobe,0
2024,28,2024-10-01,Vila Nova,5,28,13,6,9,33,36,-3,45,-1,Meio,0
2024,28,2024-10-01,América-MG,6,28,11,11,6,35,22,13,44,-2,Meio,0
2024,28,2024-10-01,Ceará,7,28,12,6,10,45,35,10,42,-4,Meio,0
2024,28,2024-10-01,Coritiba,8,28,11,7,10,28,27,1,40,-6,Meio,0
2024,28,2024-10-01,Avaí,9,28,11,7,10,23,22,1,40,-6,Meio,0
2024,28,2024-10-01,Operário-PR,10,28,11,6,11,22,22,0,39,-7,Meio,1
2024,28,2024-10-01,Amazonas,11,28,10,9,9,25,26,-1,39,-7,Meio,0
2024,28,2024-10-01,Goiás,12,28,10,8,10,36,28,8,38,-8,Meio,0
2024,28,2024-10-01,Ponte Preta,13,28,8,8,12,30,38,-8,32,-14,Meio,0
2024,28,2024-10-01,Botafogo-SP,14,28,7,11,10,25,36,-11,32,-14,Meio,0
2024,28,2024-10-01,Chapecoense,15,28,7,10,11,23,29,-6,31,-15,Meio,1
2024,28,2024-10-01,Paysandu,16,28,6,12,10,26,33,-7,30,-16,Meio,0
2024,28,2024-10-01,Brusque,17,28,6,11,11,20,32,-12,29,-17,Cai,0
2024,28,2024-10-01,Ituano,18,28,8,4,16,33,48,-15,28,-18,Cai,0
2024,28,2024-10-01,CRB,19,28,6,9,13,24,33,-9,27,-19,Cai,0
2024,28,2024-10-01,Guarani,20,28,6,7,15,27,39,-12,25,-21,Cai,0
2024,29,2024-10-13,Novorizontino,1,29,15,9,5,35,23,12,54,7,Sobe,0
2024,29,2024-10-13,Santos,2,29,15,8,6,42,20,22,53,6,Sobe,0
2024,29,2024-10-13,Sport,3,29,14,8,7,37,27,10,50,3,Sobe,0
2024,29,2024-10-13,Mirassol,4,29,13,8,8,28,21,7,47,0,Sobe,0
2024,29,2024-10-13,Vila Nova,5,29,13,7,9,34,37,-3,46,-1,Meio,0
2024,29,2024-10-13,Ceará,6,29,13,6,10,46,35,11,45,-2,Meio,0
2024,29,2024-10-13,América-MG,7,29,11,11,7,36,24,12,44,-3,Meio,0
2024,29,2024-10-13,Amazonas,8,29,11,9,9,26,26,0,42,-5,Meio,0
2024,29,2024-10-13,Goiás,9,29,11,8,10,39,29,10,41,-6,Meio,0
2024,29,2024-10-13,Coritiba,10,29,11,8,10,28,27,1,41,-6,Meio,0
2024,29,2024-10-13,Avaí,11,29,11,8,10,23,22,1,41,-6,Meio,0
2024,29,2024-10-13,Operário-PR,12,29,11,7,11,22,22,0,40,-7,Meio,1
2024,29,2024-10-13,Chapecoense,13,29,8,10,11,25,29,-4,34,-13,Meio,1
2024,29,2024-10-13,Paysandu,14,29,7,12,10,27,33,-6,33,-14,Meio,0
2024,29,2024-10-13,Ponte Preta,15,29,8,8,13,31,40,-9,32,-15,Meio,0
2024,29,2024-10-13,Botafogo-SP,16,29,7,11,11,25,37,-12,32,-15,Meio,0
2024,29,2024-10-13,CRB,17,29,7,9,13,26,34,-8,30,-17,Cai,0
2024,29,2024-10-13,Brusque,18,29,6,11,12,20,33,-13,29,-18,Cai,0
2024,29,2024-10-13,Ituano,19,29,8,4,17,33,49,-16,28,-19,Cai,0
2024,29,2024-10-13,Guarani,20,29,6,7,16,27,40,-13,25,-22,Cai,0
2024,30,2024-10-17,Novorizontino,1,30,15,9,6,35,24,11,54,4,Sobe,0
2024,30,2024-10-17,Santos,2,30,15,8,7,43,23,20,53,3,Sobe,0
2024,30,2024-10-17,Sport,3,30,15,8,7,40,28,12,53,3,Sobe,0
2024,30,2024-10-17,Mirassol,4,30,14,8,8,29,21,8,50,0,Sobe,0
2024,30,2024-10-17,América-MG,5,30,12,11,7,38,25,13,47,-3,Meio,0
2024,30,2024-10-17,Vila Nova,6,30,13,7,10,34,38,-4,46,-4,Meio,0
2024,30,2024-10-17,Ceará,7,30,13,6,11,47,37,10,45,-5,Meio,0
2024,30,2024-10-17,Operário-PR,8,30,12,7,11,24,23,1,43,-7,Meio,1
2024,30,2024-10-17,Avaí,9,30,11,9,10,23,22,1,42,-8,Meio,0
2024,30,2024-10-17,Amazonas,10,30,11,9,10,27,29,-2,42,-8,Meio,0
2024,30,2024-10-17,Goiás,11,30,11,8,11,39,30,9,41,-9,Meio,0
2024,30,2024-10-17,Coritiba,12,30,11,8,11,29,29,0,41,-9,Meio,0
2024,30,2024-10-17,Ponte Preta,13,30,9,8,13,32,40,-8,35,-15,Meio,0
2024,30,2024-10-17,Botafogo-SP,14,30,8,11,11,28,39,-11,35,-15,Meio,0
2024,30,2024-10-17,Chapecoense,15,30,8,10,12,25,31,-6,34,-16,Meio,1
2024,30,2024-10-17,CRB,16,30,8,9,13,29,36,-7,33,-17,Meio,0
2024,30,2024-10-17,Paysandu,17,30,7,12,11,29,36,-7,33,-17,Cai,0
2024,30,2024-10-17,Ituano,18,30,9,4,17,34,49,-15,31,-19,Cai,0
2024,30,2024-10-17,Brusque,19,30,6,12,12,20,33,-13,30,-20,Cai,0
2024,30,2024-10-17,Guarani,20,30,6,7,17,29,43,-14,25,-25,Cai,0
2024,31,2024-10-20,Santos,1,31,16,8,7,46,25,21,56,6,Sobe,0
2024,31,2024-10-20,Novorizontino,2,31,15,9,7,36,27,9,54,4,Sobe,0
2024,31,2024-10-20,Sport,3,31,15,8,8,41,30,11,53,3,Sobe,0
2024,31,2024-10-20,Mirassol,4,31,14,8,9,31,24,7,50,0,Sobe,0
2024,31,2024-10-20,Vila Nova,5,31,14,7,10,35,38,-3,49,-1,Meio,0
2024,31,2024-10-20,Ceará,6,31,14,6,11,48,37,11,48,-2,Meio,0
2024,31,2024-10-20,América-MG,7,31,12,12,7,40,27,13,48,-2,Meio,0
2024,31,2024-10-20,Amazonas,8,31,12,9,10,29,30,-1,45,-5,Meio,0
2024,31,2024-10-20,Coritiba,9,31,12,8,11,32,30,2,44,-6,Meio,0
2024,31,2024-10-20,Operário-PR,10,31,12,8,11,25,24,1,44,-6,Meio,1
2024,31,2024-10-20,Avaí,11,31,11,10,10,25,24,1,43,-7,Meio,0
2024,31,2024-10-20,Goiás,12,31,11,9,11,41,32,9,42,-8,Meio,0
2024,31,2024-10-20,Chapecoense,13,31,9,10,12,28,33,-5,37,-13,Meio,1
2024,31,2024-10-20,Paysandu,14,31,8,12,11,31,36,-5,36,-14,Meio,0
2024,31,2024-10-20,Botafogo-SP,15,31,8,12,11,28,39,-11,36,-14,Meio,0
2024,31,2024-10-20,Ponte Preta,16,31,9,8,14,32,41,-9,35,-15,Meio,0
2024,31,2024-10-20,CRB,17,31,8,9,14,30,38,-8,33,-17,Cai,0
2024,31,2024-10-20,Brusque,18,31,7,12,12,21,33,-12,33,-17,Cai,0
2024,31,2024-10-20,Ituano,19,31,9,4,18,34,50,-16,31,-19,Cai,0
2024,31,2024-10-20,Guarani,20,31,7,7,17,31,44,-13,28,-22,Cai,0
2024,32,2024-10-24,Santos,1,32,16,8,8,48,28,20,56,3,Sobe,0
2024,32,2024-10-24,Sport,2,32,16,8,8,44,31,13,56,3,Sobe,0
2024,32,2024-10-24,Novorizontino,3,32,15,9,8,36,28,8,54,1,Sobe,0
2024,32,2024-10-24,Mirassol,4,32,15,8,9,32,24,8,53,0,Sobe,0
2024,32,2024-10-24,Ceará,5,32,15,6,11,50,38,12,51,-2,Meio,0
2024,32,2024-10-24,Vila Nova,6,32,14,7,11,35,41,-6,49,-4,Meio,0
2024,32,2024-10-24,América-MG,7,32,12,13,7,42,29,13,49,-4,Meio,0
2024,32,2024-10-24,Coritiba,8,32,13,8,11,35,30,5,47,-6,Meio,0
2024,32,2024-10-24,Operário-PR,9,32,13,8,11,26,24,2,47,-6,Meio,1
2024,32,2024-10-24,Goiás,10,32,12,9,11,45,32,13,45,-8,Meio,0
2024,32,2024-10-24,Amazonas,11,32,12,9,11,29,31,-2,45,-8,Meio,0
2024,32,2024-10-24,Avaí,12,32,11,10,11,26,26,0,43,-10,Meio,0
2024,32,2024-10-24,Chapecoense,13,32,9,10,13,28,37,-9,37,-16,Meio,1
2024,32,2024-10-24,Paysandu,14,32,8,13,11,32,37,-5,37,-16,Meio,0
2024,32,2024-10-24,CRB,15,32,9,9,14,32,39,-7,36,-17,Meio,0
2024,32,2024-10-24,Botafogo-SP,16,32,8,12,12,29,42,-13,36,-17,Meio,0
2024,32,2024-10-24,Ponte Preta,17,32,9,8,15,32,42,-10,35,-18,Cai,0
2024,32,2024-10-24,Brusque,18,32,7,12,13,22,35,-13,33,-20,Cai,0
2024,32,2024-10-24,Ituano,19,32,9,4,19,35,52,-17,31,-22,Cai,0
2024,32,2024-10-24,Guarani,20,32,8,7,17,32,44,-12,31,-22,Cai,0
2024,33,2024-10-29,Santos,1,33,17,8,8,49,28,21,59,3,Sobe,0
2024,33,2024-10-29,Sport,2,33,17,8,8,48,31,17,59,3,Sobe,0
2024,33,2024-10-29,Novorizontino,3,33,16,9,8,38,28,10,57,1,Sobe,0
2024,33,2024-10-29,Mirassol,4,33,16,8,9,33,24,9,56,0,Sobe,0
2024,33,2024-10-29,Vila Nova,5,33,15,7,11,36,41,-5,52,-4,Meio,0
2024,33,2024-10-29,Ceará,6,33,15,6,12,50,39,11,51,-5,Meio,0
2024,33,2024-10-29,América-MG,7,33,12,13,8,42,30,12,49,-7,Meio,0
2024,33,2024-10-29,Goiás,8,33,13,9,11,46,32,14,48,-8,Meio,0
2024,33,2024-10-29,Coritiba,9,33,13,8,12,36,32,4,47,-9,Meio,0
2024,33,2024-10-29,Operário-PR,10,33,13,8,12,26,27,-1,47,-9,Meio,1
2024,33,2024-10-29,Amazonas,11,33,12,9,12,29,32,-3,45,-11,Meio,0
2024,33,2024-10-29,Avaí,12,33,11,10,12,26,28,-2,43,-13,Meio,0
2024,33,2024-10-29,Chapecoense,13,33,10,10,13,29,37,-8,40,-16,Meio,1
2024,33,2024-10-29,Paysandu,14,33,9,13,11,34,38,-4,40,-16,Meio,0
2024,33,2024-10-29,Ponte Preta,15,33,10,8,15,34,42,-8,38,-18,Meio,0
2024,33,2024-10-29,CRB,16,33,9,9,15,32,40,-8,36,-20,Meio,0
2024,33,2024-10-29,Botafogo-SP,17,33,8,12,13,29,43,-14,36,-20,Cai,0
2024,33,2024-10-29,Ituano,18,33,10,4,19,36,52,-16,34,-22,Cai,0
2024,33,2024-10-29,Brusque,19,33,7,12,14,22,37,-15,33,-23,Cai,0
2024,33,2024-10-29,Guarani,20,33,8,7,18,32,48,-16,31,-25,Cai,0
2024,34,2024-11-04,Santos,1,34,18,8,8,51,28,23,62,3,Sobe,0
2024,34,2024-11-04,Novorizontino,2,34,17,9,8,40,28,12,60,1,Sobe,0
2024,34,2024-11-04,Sport,3,34,17,8,9,49,33,16,59,0,Sobe,0
2024,34,2024-11-04,Mirassol,4,34,17,8,9,36,24,12,59,0,Sobe,0
2024,34,2024-11-04,Ceará,5,34,16,6,12,52,40,12,54,-5,Meio,0
2024,34,2024-11-04,Vila Nova,6,34,15,7,12,36,44,-8,52,-7,Meio,0
2024,34,2024-11-04,América-MG,7,34,13,13,8,44,31,13,52,-7,Meio,0
2024,34,2024-11-04,Goiás,8,34,14,9,11,49,32,17,51,-8,Meio,0
2024,34,2024-11-04,Coritiba,9,34,14,8,12,38,33,5,50,-9,Meio,0
2024,34,2024-11-04,Operário-PR,10,34,14,8,12,28,28,0,50,-9,Meio,1
2024,34,2024-11-04,Avaí,11,34,12,10,12,29,28,1,46,-13,Meio,0
2024,34,2024-11-04,Amazonas,12,34,12,9,13,29,33,-4,45,-14,Meio,0
2024,34,2024-11-04,Chapecoense,13,34,10,10,14,29,39,-10,40,-19,Meio,1
2024,34,2024-11-04,Paysandu,14,34,9,13,12,35,40,-5,40,-19,Meio,0
2024,34,2024-11-04,Botafogo-SP,15,34,9,12,13,30,43,-13,39,-20,Meio,0
2024,34,2024-11-04,Ponte Preta,16,34,10,8,16,34,45,-11,38,-21,Meio,0
2024,34,2024-11-04,CRB,17,34,9,9,16,33,42,-9,36,-23,Cai,0
2024,34,2024-11-04,Ituano,18,34,10,4,20,36,54,-18,34,-25,Cai,0
2024,34,2024-11-04,Brusque,19,34,7,12,15,22,38,-16,33,-26,Cai,0
2024,34,2024-11-04,Guarani,20,34,8,7,19,32,50,-18,31,-28,Cai,0
2024,35,2024-11-10,Santos,1,35,19,8,8,54,28,26,65,6,Sobe,0
2024,35,2024-11-10,Novorizontino,2,35,18,9,8,42,28,14,63,4,Sobe,0
2024,35,2024-11-10,Mirassol,3,35,18,8,9,40,25,15,62,3,Sobe,0
2024,35,2024-11-10,Sport,4,35,17,8,10,50,35,15,59,0,Sobe,0
2024,35,2024-11-10,Ceará,5,35,17,6,12,54,40,14,57,-2,Meio,0
2024,35,2024-11-10,Goiás,6,35,15,9,11,50,32,18,54,-5,Meio,0
2024,35,2024-11-10,Operário-PR,7,35,15,8,12,29,28,1,53,-6,Meio,1
2024,35,2024-11-10,Vila Nova,8,35,15,7,13,36,47,-11,52,-7,Meio,0
2024,35,2024-11-10,América-MG,9,35,13,13,9,44,32,12,52,-7,Meio,0
2024,35,2024-11-10,Coritiba,10,35,14,8,13,39,37,2,50,-9,Meio,0
2024,35,2024-11-10,Amazonas,11,35,13,9,13,30,33,-3,48,-11,Meio,0
2024,35,2024-11-10,Avaí,12,35,12,10,13,29,30,-1,46,-13,Meio,0
2024,35,2024-11-10,Paysandu,13,35,10,13,12,37,41,-4,43,-16,Meio,0
2024,35,2024-11-10,Botafogo-SP,14,35,10,12,13,31,43,-12,42,-17,Meio,0
2024,35,2024-11-10,Chapecoense,15,35,10,11,14,30,40,-10,41,-18,Meio,1
2024,35,2024-11-10,CRB,16,35,10,9,16,35,43,-8,39,-20,Meio,0
2024,35,2024-11-10,Ponte Preta,17,35,10,8,17,35,47,-12,38,-21,Cai,0
2024,35,2024-11-10,Ituano,18,35,10,4,21,37,56,-19,34,-25,Cai,0
2024,35,2024-11-10,Brusque,19,35,7,12,16,22,39,-17,33,-26,Cai,0
2024,35,2024-11-10,Guarani,20,35,8,7,20,32,51,-19,31,-28,Cai,0
2024,36,2024-11-17,Santos,1,36,20,8,8,56,28,28,68,8,Sobe,0
2024,36,2024-11-17,Mirassol,2,36,18,9,9,40,25,15,63,3,Sobe,0
2024,36,2024-11-17,Novorizontino,3,36,18,9,9,42,29,13,63,3,Sobe,0
2024,36,2024-11-17,Ceará,4,36,18,6,12,58,41,17,60,0,Sobe,0
2024,36,2024-11-17,Sport,5,36,17,9,10,51,36,15,60,0,Meio,0
2024,36,2024-11-17,Goiás,6,36,16,9,11,51,32,19,57,-3,Meio,0
2024,36,2024-11-17,Vila Nova,7,36,16,7,13,38,48,-10,55,-5,Meio,0
2024,36,2024-11-17,América-MG,8,36,14,13,9,47,34,13,55,-5,Meio,0
2024,36,2024-11-17,Operário-PR,9,36,15,9,12,30,29,1,54,-6,Meio,1
2024,36,2024-11-17,Coritiba,10,36,14,8,14,39,39,0,50,-10,Meio,0
2024,36,2024-11-17,Amazonas,11,36,13,10,13,30,33,-3,49,-11,Meio,0
2024,36,2024-11-17,Avaí,12,36,12,11,13,29,30,-1,47,-13,Meio,0
2024,36,2024-11-17,Paysandu,13,36,11,13,12,38,41,-3,46,-14,Meio,0
2024,36,2024-11-17,Chapecoense,14,36,11,11,14,32,41,-9,44,-16,Meio,1
2024,36,2024-11-17,Botafogo-SP,15,36,10,12,14,32,47,-15,42,-18,Meio,0
2024,36,2024-11-17,CRB,16,36,10,9,17,35,44,-9,39,-21,Meio,0
2024,36,2024-11-17,Ponte Preta,17,36,10,8,18,36,49,-13,38,-22,Cai,0
2024,36,2024-11-17,Ituano,18,36,10,4,22,39,59,-20,34,-26,Cai,0
2024,36,2024-11-17,Brusque,19,36,7,12,17,22,40,-18,33,-27,Cai,0
2024,36,2024-11-17,Guarani,20,36,8,8,20,32,51,-19,32,-28,Cai,0
2024,37,2024-11-24,Santos,1,37,20,8,9,56,30,26,68,5,Sobe,0
2024,37,2024-11-24,Mirassol,2,37,18,10,9,41,26,15,64,1,Sobe,0
2024,37,2024-11-24,Novorizontino,3,37,18,10,9,43,30,13,64,1,Sobe,0
2024,37,2024-11-24,Ceará,4,37,19,6,12,59,41,18,63,0,Sobe,0
2024,37,2024-11-24,Sport,5,37,18,9,10,55,36,19,63,0,Meio,0
2024,37,2024-11-24,Goiás,6,37,17,9,11,55,32,23,60,-3,Meio,0
2024,37,2024-11-24,Vila Nova,7,37,16,7,14,41,52,-11,55,-8,Meio,0
2024,37,2024-11-24,Operário-PR,8,37,15,10,12,31,30,1,55,-8,Meio,1
2024,37,2024-11-24,América-MG,9,37,14,13,10,47,35,12,55,-8,Meio,0
2024,37,2024-11-24,Coritiba,10,37,14,8,15,40,41,-1,50,-13,Meio,0
2024,37,2024-11-24,Avaí,11,37,13,11,13,32,31,1,50,-13,Meio,0
2024,37,2024-11-24,Amazonas,12,37,13,10,14,30,37,-7,49,-14,Meio,0
2024,37,2024-11-24,Paysandu,13,37,11,14,12,39,42,-3,47,-16,Meio,0
2024,37,2024-11-24,Chapecoense,14,37,11,11,15,32,42,-10,44,-19,Meio,1
2024,37,2024-11-24,CRB,15,37,11,9,17,37,44,-7,42,-21,Meio,0
2024,37,2024-11-24,Botafogo-SP,16,37,10,12,15,33,50,-17,42,-21,Meio,0
2024,37,2024-11-24,Ponte Preta,17,37,10,8,19,36,53,-17,38,-25,Cai,0
2024,37,2024-11-24,Ituano,18,37,11,4,22,43,62,-19,37,-26,Cai,0
2024,37,2024-11-24,Brusque,19,37,8,12,17,24,41,-17,36,-27,Cai,0
2024,37,2024-11-24,Guarani,20,37,8,8,21,33,53,-20,32,-31,Cai,0
2024,38,2024-11-24,Santos,1,38,20,8,10,57,32,25,68,4,Sobe,0
2024,38,2024-11-24,Mirassol,2,38,19,10,9,42,26,16,67,3,Sobe,0
2024,38,2024-11-24,Sport,3,38,19,9,10,57,37,20,66,2,Sobe,0
2024,38,2024-11-24,Ceará,4,38,19,7,12,59,41,18,64,0,Sobe,0
2024,38,2024-11-24,Novorizontino,5,38,18,10,10,43,31,12,64,0,Meio,0
2024,38,2024-11-24,Goiás,6,38,18,9,11,56,32,24,63,-1,Meio,0
2024,38,2024-11-24,América-MG,7,38,15,13,10,50,35,15,58,-6,Meio,0
2024,38,2024-11-24,Vila Nova,8,38,16,7,15,42,54,-12,55,-9,Meio,0
2024,38,2024-11-24,Operário-PR,9,37,15,10,12,31,30,1,55,-9,Meio,1
2024,38,2024-11-24,Avaí,10,38,14,11,13,34,32,2,53,-11,Meio,0
2024,38,2024-11-24,Amazonas,11,38,14,10,14,31,37,-6,52,-12,Meio,0
2024,38,2024-11-24,Coritiba,12,38,14,8,16,41,44,-3,50,-14,Meio,0
2024,38,2024-11-24,Paysandu,13,38,12,14,12,41,43,-2,50,-14,Meio,0
2024,38,2024-11-24,Botafogo-SP,14,38,11,12,15,36,51,-15,45,-19,Meio,0
2024,38,2024-11-24,Chapecoense,15,37,11,11,15,32,42,-10,44,-20,Meio,1
2024,38,2024-11-24,CRB,16,38,11,10,17,38,45,-7,43,-21,Meio,0
2024,38,2024-11-24,Ponte Preta,17,38,10,8,20,37,55,-18,38,-26,Cai,0
2024,38,2024-11-24,Ituano,18,38,11,4,23,43,63,-20,37,-27,Cai,0
2024,38,2024-11-24,Brusque,19,38,8,12,18,24,44,-20,36,-28,Cai,0
2024,38,2024-11-24,Guarani,20,38,8,9,21,33,53,-20,33,-31,Cai,0
2025,1,2025-04-08,Atlético-GO,1,1,1,0,0,4,2,2,3,0,Sobe,0
2025,1,2025-04-08,Athletico-PR,2,1,1,0,0,2,1,1,3,0,Sobe,0
2025,1,2025-04-08,Operário-PR,3,1,1,0,0,2,1,1,3,0,Sobe,0
2025,1,2025-04-08,América-MG,4,1,1,0,0,1,0,1,3,0,Sobe,0
2025,1,2025-04-08,CRB,5,1,1,0,0,1,0,1,3,0,Meio,0
2025,1,2025-04-08,Coritiba,6,1,1,0,0,1,0,1,3,0,Meio,0
2025,1,2025-04-08,Cuiabá,7,1,1,0,0,1,0,1,3,0,Meio,0
2025,1,2025-04-08,Goiás,8,1,1,0,0,1,0,1,3,0,Meio,0
2025,1,2025-04-08,Avaí,9,1,0,1,0,1,1,0,1,-2,Meio,0
2025,1,2025-04-08,Ferroviária,10,1,0,1,0,1,1,0,1,-2,Meio,0
2025,1,2025-04-08,Novorizontino,11,1,0,1,0,1,1,0,1,-2,Meio,0
2025,1,2025-04-08,Remo,12,1,0,1,0,1,1,0,1,-2,Meio,0
2025,1,2025-04-08,Criciúma,13,1,0,0,1,1,2,-1,0,-3,Meio,0
2025,1,2025-04-08,Paysandu,14,1,0,0,1,1,2,-1,0,-3,Meio,0
2025,1,2025-04-08,Amazonas,15,1,0,0,1,0,1,-1,0,-3,Meio,0
2025,1,2025-04-08,Botafogo-SP,16,1,0,0,1,0,1,-1,0,-3,Meio,0
2025,1,2025-04-08,Chapecoense,17,1,0,0,1,0,1,-1,0,-3,Cai,0
2025,1,2025-04-08,Vila Nova,18,1,0,0,1,0,1,-1,0,-3,Cai,0
2025,1,2025-04-08,Volta Redonda,19,1,0,0,1,0,1,-1,0,-3,Cai,0
2025,1,2025-04-08,Athletic,20,1,0,0,1,2,4,-2,0,-3,Cai,0
2025,2,2025-04-14,Athletico-PR,1,2,2,0,0,4,2,2,6,0,Sobe,0
2025,2,2025-04-14,CRB,2,2,2,0,0,3,1,2,6,0,Sobe,0
2025,2,2025-04-14,Coritiba,3,2,2,0,0,3,1,2,6,0,Sobe,0
2025,2,2025-04-14,Goiás,4,2,2,0,0,3,1,2,6,0,Sobe,0
2025,2,2025-04-14,Atlético-GO,5,2,1,1,0,5,3,2,4,-2,Meio,0
2025,2,2025-04-14,Remo,6,2,1,1,0,3,1,2,4,-2,Meio,0
2025,2,2025-04-14,Cuiabá,7,2,1,1,0,3,2,1,4,-2,Meio,0
2025,2,2025-04-14,Novorizontino,8,2,1,1,0,2,1,1,4,-2,Meio,0
2025,2,2025-04-14,Operário-PR,9,2,1,0,1,3,3,0,3,-3,Meio,0
2025,2,2025-04-14,Vila Nova,10,2,1,0,1,1,1,0,3,-3,Meio,0
2025,2,2025-04-14,América-MG,11,2,1,0,1,1,2,-1,3,-3,Meio,0
2025,2,2025-04-14,Avaí,12,2,0,2,0,3,3,0,2,-4,Meio,0
2025,2,2025-04-14,Ferroviária,13,2,0,2,0,1,1,0,2,-4,Meio,0
2025,2,2025-04-14,Botafogo-SP,14,2,0,1,1,1,2,-1,1,-5,Meio,0
2025,2,2025-04-14,Amazonas,15,2,0,1,1,0,1,-1,1,-5,Meio,0
2025,2,2025-04-14,Criciúma,16,2,0,0,2,2,4,-2,0,-6,Meio,0
2025,2,2025-04-14,Chapecoense,17,2,0,0,2,1,3,-2,0,-6,Cai,0
2025,2,2025-04-14,Paysandu,18,2,0,0,2,1,3,-2,0,-6,Cai,0
2025,2,2025-04-14,Volta Redonda,19,2,0,0,2,0,2,-2,0,-6,Cai,0
2025,2,2025-04-14,Athletic,20,2,0,0,2,3,6,-3,0,-6,Cai,0
2025,3,2025-04-18,CRB,1,3,3,0,0,4,1,3,9,2,Sobe,0
2025,3,2025-04-18,Cuiabá,2,3,2,1,0,5,3,2,7,0,Sobe,0
2025,3,2025-04-18,Goiás,3,3,2,1,0,5,3,2,7,0,Sobe,0
2025,3,2025-04-18,Coritiba,4,3,2,1,0,3,1,2,7,0,Sobe,0
2025,3,2025-04-18,Athletico-PR,5,3,2,0,1,5,4,1,6,-1,Meio,0
2025,3,2025-04-18,América-MG,6,3,2,0,1,4,3,1,6,-1,Meio,0
2025,3,2025-04-18,Remo,7,3,1,2,0,5,3,2,5,-2,Meio,0
2025,3,2025-04-18,Ferroviária,8,3,1,2,0,3,1,2,5,-2,Meio,0
2025,3,2025-04-18,Avaí,9,3,1,2,0,4,3,1,5,-2,Meio,0
2025,3,2025-04-18,Novorizontino,10,3,1,2,0,2,1,1,5,-2,Meio,0
2025,3,2025-04-18,Atlético-GO,11,3,1,1,1,5,5,0,4,-3,Meio,0
2025,3,2025-04-18,Vila Nova,12,3,1,1,1,3,3,0,4,-3,Meio,0
2025,3,2025-04-18,Criciúma,13,3,1,0,2,6,4,2,3,-4,Meio,0
2025,3,2025-04-18,Chapecoense,14,3,1,0,2,3,3,0,3,-4,Meio,0
2025,3,2025-04-18,Operário-PR,15,3,1,0,2,3,4,-1,3,-4,Meio,0
2025,3,2025-04-18,Botafogo-SP,16,3,0,2,1,3,4,-1,2,-5,Meio,0
2025,3,2025-04-18,Amazonas,17,3,0,1,2,1,4,-3,1,-6,Cai,0
2025,3,2025-04-18,Volta Redonda,18,3,0,0,3,0,3,-3,0,-7,Cai,0
2025,3,2025-04-18,Paysandu,19,3,0,0,3,1,5,-4,0,-7,Cai,0
2025,3,2025-04-18,Athletic,20,3,0,0,3,3,10,-7,0,-7,Cai,0
2025,4,2025-04-23,Athletico-PR,1,4,3,0,1,7,4,3,9,1,Sobe,0
2025,4,2025-04-23,América-MG,2,4,3,0,1,5,3,2,9,1,Sobe,0
2025,4,2025-04-23,CRB,3,4,3,0,1,4,3,1,9,1,Sobe,0
2025,4,2025-04-23,Avaí,4,4,2,2,0,6,3,3,8,0,Sobe,0
2025,4,2025-04-23,Remo,5,4,2,2,0,6,3,3,8,0,Meio,0
2025,4,2025-04-23,Cuiabá,6,4,2,2,0,6,4,2,8,0,Meio,0
2025,4,2025-04-23,Vila Nova,7,4,2,1,1,5,3,2,7,-1,Meio,0
2025,4,2025-04-23,Goiás,8,4,2,1,1,5,4,1,7,-1,Meio,0
2025,4,2025-04-23,Coritiba,9,4,2,1,1,3,2,1,7,-1,Meio,0
2025,4,2025-04-23,Chapecoense,10,4,2,0,2,4,3,1,6,-2,Meio,0
2025,4,2025-04-23,Ferroviária,11,4,1,3,0,3,1,2,6,-2,Meio,0
2025,4,2025-04-23,Novorizontino,12,4,1,3,0,3,2,1,6,-2,Meio,0
2025,4,2025-04-23,Atlético-GO,13,4,1,2,1,6,6,0,5,-3,Meio,0
2025,4,2025-04-23,Criciúma,14,4,1,1,2,7,5,2,4,-4,Meio,0
2025,4,2025-04-23,Operário-PR,15,4,1,1,2,3,4,-1,4,-4,Meio,0
2025,4,2025-04-23,Botafogo-SP,16,4,0,2,2,3,6,-3,2,-6,Meio,0
2025,4,2025-04-23,Volta Redonda,17,4,0,1,3,0,3,-3,1,-7,Cai,0
2025,4,2025-04-23,Paysandu,18,4,0,1,3,1,5,-4,1,-7,Cai,0
2025,4,2025-04-23,Amazonas,19,4,0,1,3,1,6,-5,1,-7,Cai,0
2025,4,2025-04-23,Athletic,20,4,0,0,4,3,11,-8,0,-8,Cai,0
2025,5,2025-04-29,Avaí,1,5,3,2,0,9,3,6,11,1,Sobe,0
2025,5,2025-04-29,Cuiabá,2,5,3,2,0,7,4,3,11,1,Sobe,0
2025,5,2025-04-29,Vila Nova,3,5,3,1,1,6,3,3,10,0,Sobe,0
2025,5,2025-04-29,Coritiba,4,5,3,1,1,5,2,3,10,0,Sobe,0
2025,5,2025-04-29,Goiás,5,5,3,1,1,6,4,2,10,0,Meio,0
2025,5,2025-04-29,CRB,6,5,3,1,1,5,4,1,10,0,Meio,0
2025,5,2025-04-29,Athletico-PR,7,5,3,0,2,8,6,2,9,-1,Meio,0
2025,5,2025-04-29,América-MG,8,5,3,0,2,5,6,-1,9,-1,Meio,0
2025,5,2025-04-29,Remo,9,5,2,3,0,7,4,3,9,-1,Meio,0
2025,5,2025-04-29,Novorizontino,10,5,2,3,0,5,3,2,9,-1,Meio,0
2025,5,2025-04-29,Chapecoense,11,5,2,0,3,4,4,0,6,-4,Meio,0
2025,5,2025-04-29,Ferroviária,12,5,1,3,1,3,2,1,6,-4,Meio,0
2025,5,2025-04-29,Atlético-GO,13,5,1,3,1,7,7,0,6,-4,Meio,0
2025,5,2025-04-29,Criciúma,14,5,1,2,2,8,6,2,5,-5,Meio,0
2025,5,2025-04-29,Operário-PR,15,5,1,1,3,3,6,-3,4,-6,Meio,0
2025,5,2025-04-29,Athletic,16,5,1,0,4,5,12,-7,3,-7,Meio,0
2025,5,2025-04-29,Botafogo-SP,17,5,0,2,3,3,7,-4,2,-8,Cai,0
2025,5,2025-04-29,Paysandu,18,5,0,2,3,2,6,-4,2,-8,Cai,0
2025,5,2025-04-29,Amazonas,19,5,0,2,3,2,7,-5,2,-8,Cai,0
2025,5,2025-04-29,Volta Redonda,20,5,0,1,4,1,5,-4,1,-9,Cai,0
2025,6,2025-05-07,Vila Nova,1,6,4,1,1,7,3,4,13,1,Sobe,0
2025,6,2025-05-07,Goiás,2,6,4,1,1,8,5,3,13,1,Sobe,0
2025,6,2025-05-07,Remo,3,6,3,3,0,8,4,4,12,0,Sobe,0
2025,6,2025-05-07,Cuiabá,4,6,3,3,0,8,5,3,12,0,Sobe,0
2025,6,2025-05-07,Avaí,5,6,3,2,1,10,5,5,11,-1,Meio,0
2025,6,2025-05-07,CRB,6,6,3,2,1,6,5,1,11,-1,Meio,0
2025,6,2025-05-07,Coritiba,7,6,3,1,2,6,4,2,10,-2,Meio,0
2025,6,2025-05-07,Chapecoense,8,6,3,0,3,6,5,1,9,-3,Meio,0
2025,6,2025-05-07,Athletico-PR,9,6,3,0,3,9,10,-1,9,-3,Meio,0
2025,6,2025-05-07,América-MG,10,6,3,0,3,5,7,-2,9,-3,Meio,0
2025,6,2025-05-07,Ferroviária,11,6,2,3,1,5,3,2,9,-3,Meio,0
2025,6,2025-05-07,Atlético-GO,12,6,2,3,1,8,7,1,9,-3,Meio,0
2025,6,2025-05-07,Novorizontino,13,6,2,3,1,5,4,1,9,-3,Meio,0
2025,6,2025-05-07,Operário-PR,14,6,2,1,3,4,6,-2,7,-5,Meio,0
2025,6,2025-05-07,Criciúma,15,6,1,2,3,9,8,1,5,-7,Meio,0
2025,6,2025-05-07,Botafogo-SP,16,6,1,2,3,7,8,-1,5,-7,Meio,0
2025,6,2025-05-07,Volta Redonda,17,6,1,1,4,2,5,-3,4,-8,Cai,0
2025,6,2025-05-07,Athletic,18,6,1,0,5,5,13,-8,3,-9,Cai,0
2025,6,2025-05-07,Paysandu,19,6,0,2,4,2,7,-5,2,-10,Cai,0
2025,6,2025-05-07,Amazonas,20,6,0,2,4,2,8,-6,2,-10,Cai,0
2025,7,2025-05-15,Goiás,1,7,5,1,1,9,5,4,16,4,Sobe,0
2025,7,2025-05-15,Remo,2,7,4,3,0,10,4,6,15,3,Sobe,0
2025,7,2025-05-15,Vila Nova,3,7,4,1,2,7,5,2,13,1,Sobe,0
2025,7,2025-05-15,Avaí,4,7,3,3,1,10,5,5,12,0,Sobe,0
2025,7,2025-05-15,Cuiabá,5,7,3,3,1,10,8,2,12,0,Meio,0
2025,7,2025-05-15,CRB,6,7,3,3,1,7,6,1,12,0,Meio,0
2025,7,2025-05-15,Chapecoense,7,7,3,1,3,7,6,1,10,-2,Meio,0
2025,7,2025-05-15,Coritiba,8,7,3,1,3,6,5,1,10,-2,Meio,0
2025,7,2025-05-15,Athletico-PR,9,7,3,1,3,10,11,-1,10,-2,Meio,0
2025,7,2025-05-15,Operário-PR,10,7,3,1,3,7,8,-1,10,-2,Meio,0
2025,7,2025-05-15,América-MG,11,7,3,1,3,7,9,-2,10,-2,Meio,0
2025,7,2025-05-15,Ferroviária,12,7,2,4,1,7,5,2,10,-2,Meio,0
2025,7,2025-05-15,Atlético-GO,13,7,2,4,1,8,7,1,10,-2,Meio,0
2025,7,2025-05-15,Novorizontino,14,7,2,4,1,7,6,1,10,-2,Meio,0
2025,7,2025-05-15,Athletic,15,7,2,0,5,8,13,-5,6,-6,Meio,0
2025,7,2025-05-15,Criciúma,16,7,1,3,3,9,8,1,6,-6,Meio,0
2025,7,2025-05-15,Volta Redonda,17,7,1,2,4,2,5,-3,5,-7,Cai,0
2025,7,2025-05-15,Botafogo-SP,18,7,1,2,4,7,11,-4,5,-7,Cai,0
2025,7,2025-05-15,Paysandu,19,7,0,3,4,4,9,-5,3,-9,Cai,0
2025,7,2025-05-15,Amazonas,20,7,0,3,4,3,9,-6,3,-9,Cai,0
2025,8,2025-05-20,Goiás,1,8,5,2,1,9,5,4,17,2,Sobe,0
2025,8,2025-05-20,Vila Nova,2,8,5,1,2,9,6,3,16,1,Sobe,0
2025,8,2025-05-20,Remo,3,8,4,4,0,11,5,6,16,1,Sobe,0
2025,8,2025-05-20,CRB,4,8,4,3,1,8,6,2,15,0,Sobe,0
2025,8,2025-05-20,Operário-PR,5,8,4,1,3,10,8,2,13,-2,Meio,0
2025,8,2025-05-20,Chapecoense,6,8,4,1,3,9,7,2,13,-2,Meio,0
2025,8,2025-05-20,Coritiba,7,8,4,1,3,7,5,2,13,-2,Meio,0
2025,8,2025-05-20,Avaí,8,8,3,4,1,11,6,5,13,-2,Meio,0
2025,8,2025-05-20,Novorizontino,9,8,3,4,1,9,6,3,13,-2,Meio,0
2025,8,2025-05-20,Cuiabá,10,8,3,3,2,11,10,1,12,-3,Meio,0
2025,8,2025-05-20,Ferroviária,11,8,2,5,1,8,6,2,11,-4,Meio,0
2025,8,2025-05-20,Atlético-GO,12,8,2,5,1,9,8,1,11,-4,Meio,0
2025,8,2025-05-20,Athletico-PR,13,8,3,1,4,11,13,-2,10,-5,Meio,0
2025,8,2025-05-20,América-MG,14,8,3,1,4,7,10,-3,10,-5,Meio,0
2025,8,2025-05-20,Athletic,15,8,2,0,6,8,15,-7,6,-9,Meio,0
2025,8,2025-05-20,Criciúma,16,8,1,3,4,9,9,0,6,-9,Meio,0
2025,8,2025-05-20,Volta Redonda,17,8,1,3,4,3,6,-3,6,-9,Cai,0
2025,8,2025-05-20,Botafogo-SP,18,8,1,2,5,7,14,-7,5,-10,Cai,0
2025,8,2025-05-20,Paysandu,19,8,0,4,4,4,9,-5,4,-11,Cai,0
2025,8,2025-05-20,Amazonas,20,8,0,4,4,4,10,-6,4,-11,Cai,0
2025,9,2025-05-28,Goiás,1,9,6,2,1,11,5,6,20,4,Sobe,0
2025,9,2025-05-28,Remo,2,9,4,5,0,12,6,6,17,1,Sobe,0
2025,9,2025-05-28,Coritiba,3,9,5,1,3,8,5,3,16,0,Sobe,0
2025,9,2025-05-28,Vila Nova,4,9,5,1,3,9,7,2,16,0,Sobe,0
2025,9,2025-05-28,Avaí,5,9,4,4,1,13,7,6,16,0,Meio,0
2025,9,2025-05-28,Novorizontino,6,9,4,4,1,12,7,5,16,0,Meio,0
2025,9,2025-05-28,Cuiabá,7,9,4,3,2,12,10,2,15,-1,Meio,0
2025,9,2025-05-28,CRB,8,9,4,3,2,9,8,1,15,-1,Meio,0
2025,9,2025-05-28,Chapecoense,9,9,4,1,4,10,9,1,13,-3,Meio,0
2025,9,2025-05-28,Operário-PR,10,9,4,1,4,10,10,0,13,-3,Meio,0
2025,9,2025-05-28,Athletico-PR,11,9,4,1,4,12,13,-1,13,-3,Meio,0
2025,9,2025-05-28,América-MG,12,9,4,1,4,9,11,-2,13,-3,Meio,0
2025,9,2025-05-28,Atlético-GO,13,9,2,5,2,10,10,0,11,-5,Meio,0
2025,9,2025-05-28,Ferroviária,14,9,2,5,2,8,8,0,11,-5,Meio,0
2025,9,2025-05-28,Botafogo-SP,15,9,2,2,5,9,15,-6,8,-8,Meio,0
2025,9,2025-05-28,Volta Redonda,16,9,1,4,4,4,7,-3,7,-9,Meio,0
2025,9,2025-05-28,Amazonas,17,9,1,4,4,6,10,-4,7,-9,Cai,0
2025,9,2025-05-28,Athletic,18,9,2,0,7,8,16,-8,6,-10,Cai,0
2025,9,2025-05-28,Criciúma,19,9,1,3,5,9,10,-1,6,-10,Cai,0
2025,9,2025-05-28,Paysandu,20,9,0,4,5,5,12,-7,4,-12,Cai,0
2025,10,2025-06-03,Goiás,1,10,7,2,1,13,6,7,23,5,Sobe,0
2025,10,2025-06-03,Coritiba,2,10,6,1,3,10,6,4,19,1,Sobe,0
2025,10,2025-06-03,Novorizontino,3,10,5,4,1,13,7,6,19,1,Sobe,0
2025,10,2025-06-03,Cuiabá,4,10,5,3,2,14,10,4,18,0,Sobe,0
2025,10,2025-06-03,CRB,5,10,5,3,2,11,8,3,18,0,Meio,0
2025,10,2025-06-03,Remo,6,10,4,5,1,12,8,4,17,-1,Meio,0
2025,10,2025-06-03,Chapecoense,7,10,5,1,4,14,9,5,16,-2,Meio,0
2025,10,2025-06-03,Vila Nova,8,10,5,1,4,9,8,1,16,-2,Meio,0
2025,10,2025-06-03,Avaí,9,10,4,4,2,14,9,5,16,-2,Meio,0
2025,10,2025-06-03,Operário-PR,10,10,4,2,4,12,12,0,14,-4,Meio,0
2025,10,2025-06-03,Athletico-PR,11,10,4,2,4,14,15,-1,14,-4,Meio,0
2025,10,2025-06-03,América-MG,12,10,4,1,5,9,12,-3,13,-5,Meio,0
2025,10,2025-06-03,Ferroviária,13,10,2,6,2,9,9,0,12,-6,Meio,0
2025,10,2025-06-03,Atlético-GO,14,10,2,5,3,11,12,-1,11,-7,Meio,0
2025,10,2025-06-03,Volta Redonda,15,10,2,4,4,5,7,-2,10,-8,Meio,0
2025,10,2025-06-03,Criciúma,16,10,2,3,5,10,10,0,9,-9,Meio,0
2025,10,2025-06-03,Botafogo-SP,17,10,2,3,5,10,16,-6,9,-9,Cai,0
2025,10,2025-06-03,Amazonas,18,10,1,4,5,6,14,-8,7,-11,Cai,0
2025,10,2025-06-03,Athletic,19,10,2,0,8,8,18,-10,6,-12,Cai,0
2025,10,2025-06-03,Paysandu,20,10,0,4,6,5,13,-8,4,-14,Cai,0
2025,11,2025-06-10,Goiás,1,11,8,2,1,15,6,9,26,6,Sobe,0
2025,11,2025-06-10,Novorizontino,2,11,6,4,1,14,7,7,22,2,Sobe,0
2025,11,2025-06-10,Cuiabá,3,11,6,3,2,15,10,5,21,1,Sobe,0
2025,11,2025-06-10,Coritiba,4,11,6,2,3,10,6,4,20,0,Sobe,0
2025,11,2025-06-10,Remo,5,11,5,5,1,14,9,5,20,0,Meio,0
2025,11,2025-06-10,Avaí,6,11,5,4,2,15,9,6,19,-1,Meio,0
2025,11,2025-06-10,CRB,7,11,5,3,3,11,9,2,18,-2,Meio,0
2025,11,2025-06-10,Chapecoense,8,11,5,1,5,14,10,4,16,-4,Meio,0
2025,11,2025-06-10,Vila Nova,9,11,5,1,5,9,9,0,16,-4,Meio,0
2025,11,2025-06-10,Ferroviária,10,11,3,6,2,11,10,1,15,-5,Meio,0
2025,11,2025-06-10,Operário-PR,11,11,4,2,5,13,14,-1,14,-6,Meio,0
2025,11,2025-06-10,Athletico-PR,12,11,4,2,5,14,16,-2,14,-6,Meio,0
2025,11,2025-06-10,Atlético-GO,13,11,3,5,3,12,12,0,14,-6,Meio,0
2025,11,2025-06-10,América-MG,14,11,4,1,6,10,14,-4,13,-7,Meio,0
2025,11,2025-06-10,Criciúma,15,11,3,3,5,11,10,1,12,-8,Meio,0
2025,11,2025-06-10,Volta Redonda,16,11,2,4,5,5,9,-4,10,-10,Meio,0
2025,11,2025-06-10,Botafogo-SP,17,11,2,4,5,10,16,-6,10,-10,Cai,0
2025,11,2025-06-10,Amazonas,18,11,2,4,5,7,14,-7,10,-10,Cai,0
2025,11,2025-06-10,Athletic,19,11,2,0,9,8,19,-11,6,-14,Cai,0
2025,11,2025-06-10,Paysandu,20,11,0,4,7,5,14,-9,4,-16,Cai,0
2025,12,2025-06-18,Goiás,1,12,8,2,2,15,8,7,26,5,Sobe,0
2025,12,2025-06-18,Novorizontino,2,12,7,4,1,17,7,10,25,4,Sobe,0
2025,12,2025-06-18,CRB,3,12,6,3,3,13,9,4,21,0,Sobe,0
2025,12,2025-06-18,Coritiba,4,12,6,3,3,10,6,4,21,0,Sobe,0
2025,12,2025-06-18,Cuiabá,5,12,6,3,3,15,13,2,21,0,Meio,0
2025,12,2025-06-18,Avaí,6,12,5,5,2,16,10,6,20,-1,Meio,0
2025,12,2025-06-18,Remo,7,12,5,5,2,15,11,4,20,-1,Meio,0
2025,12,2025-06-18,Chapecoense,8,12,6,1,5,16,11,5,19,-2,Meio,0
2025,12,2025-06-18,Athletico-PR,9,12,5,2,5,16,17,-1,17,-4,Meio,0
2025,12,2025-06-18,América-MG,10,12,5,1,6,13,14,-1,16,-5,Meio,0
2025,12,2025-06-18,Vila Nova,11,12,5,1,6,9,12,-3,16,-5,Meio,0
2025,12,2025-06-18,Criciúma,12,12,4,3,5,14,12,2,15,-6,Meio,0
2025,12,2025-06-18,Atlético-GO,13,12,3,6,3,12,12,0,15,-6,Meio,0
2025,12,2025-06-18,Ferroviária,14,12,3,6,3,12,12,0,15,-6,Meio,0
2025,12,2025-06-18,Operário-PR,15,12,4,2,6,14,16,-2,14,-7,Meio,0
2025,12,2025-06-18,Volta Redonda,16,12,2,5,5,6,10,-4,11,-10,Meio,0
2025,12,2025-06-18,Botafogo-SP,17,12,2,4,6,10,17,-7,10,-11,Cai,0
2025,12,2025-06-18,Amazonas,18,12,2,4,6,9,17,-8,10,-11,Cai,0
2025,12,2025-06-18,Athletic,19,12,3,0,9,10,20,-10,9,-12,Cai,0
2025,12,2025-06-18,Paysandu,20,12,1,4,7,6,14,-8,7,-14,Cai,0
2025,13,2025-06-24,Goiás,1,13,8,2,3,16,10,6,26,5,Sobe,0
2025,13,2025-06-24,Novorizontino,2,13,7,4,2,17,9,8,25,4,Sobe,0
2025,13,2025-06-24,Coritiba,3,13,7,3,3,12,6,6,24,3,Sobe,0
2025,13,2025-06-24,CRB,4,13,6,3,4,13,10,3,21,0,Sobe,0
2025,13,2025-06-24,Cuiabá,5,13,6,3,4,15,15,0,21,0,Meio,0
2025,13,2025-06-24,Athletico-PR,6,13,6,2,5,18,18,0,20,-1,Meio,0
2025,13,2025-06-24,Avaí,7,13,5,5,3,17,12,5,20,-1,Meio,0
2025,13,2025-06-24,Remo,8,13,5,5,3,15,12,3,20,-1,Meio,0
2025,13,2025-06-24,Chapecoense,9,13,6,1,6,16,12,4,19,-2,Meio,0
2025,13,2025-06-24,Atlético-GO,10,13,4,6,3,14,12,2,18,-3,Meio,0
2025,13,2025-06-24,Ferroviária,11,13,4,6,3,13,12,1,18,-3,Meio,0
2025,13,2025-06-24,Operário-PR,12,13,5,2,6,16,16,0,17,-4,Meio,0
2025,13,2025-06-24,América-MG,13,13,5,2,6,14,15,-1,17,-4,Meio,0
2025,13,2025-06-24,Vila Nova,14,13,5,1,7,10,14,-4,16,-5,Meio,0
2025,13,2025-06-24,Criciúma,15,13,4,4,5,15,13,2,16,-5,Meio,0
2025,13,2025-06-24,Botafogo-SP,16,13,3,4,6,11,17,-6,13,-8,Meio,0
2025,13,2025-06-24,Amazonas,17,13,3,4,6,11,18,-7,13,-8,Cai,0
2025,13,2025-06-24,Athletic,18,13,4,0,9,12,21,-9,12,-9,Cai,0
2025,13,2025-06-24,Volta Redonda,19,13,2,5,6,6,12,-6,11,-10,Cai,0
2025,13,2025-06-24,Paysandu,20,13,2,4,7,7,14,-7,10,-11,Cai,0
2025,14,2025-07-01,Goiás,1,14,9,2,3,18,11,7,29,6,Sobe,0
2025,14,2025-07-01,Coritiba,2,14,8,3,3,13,6,7,27,4,Sobe,0
2025,14,2025-07-01,Novorizontino,3,14,7,5,2,18,10,8,26,3,Sobe,0
2025,14,2025-07-01,Avaí,4,14,6,5,3,19,13,6,23,0,Sobe,0
2025,14,2025-07-01,Remo,5,14,6,5,3,17,13,4,23,0,Meio,0
2025,14,2025-07-01,CRB,6,14,6,3,5,14,12,2,21,-2,Meio,0
2025,14,2025-07-01,Cuiabá,7,14,6,3,5,15,16,-1,21,-2,Meio,0
2025,14,2025-07-01,América-MG,8,14,6,2,6,16,16,0,20,-3,Meio,0
2025,14,2025-07-01,Athletico-PR,9,14,6,2,6,18,19,-1,20,-3,Meio,0
2025,14,2025-07-01,Chapecoense,10,14,6,1,7,17,14,3,19,-4,Meio,0
2025,14,2025-07-01,Vila Nova,11,14,6,1,7,11,14,-3,19,-4,Meio,0
2025,14,2025-07-01,Atlético-GO,12,14,4,6,4,14,13,1,18,-5,Meio,0
2025,14,2025-07-01,Ferroviária,13,14,4,6,4,14,14,0,18,-5,Meio,0
2025,14,2025-07-01,Operário-PR,14,14,5,2,7,16,17,-1,17,-6,Meio,0
2025,14,2025-07-01,Criciúma,15,14,4,4,6,16,15,1,16,-7,Meio,0
2025,14,2025-07-01,Botafogo-SP,16,14,4,4,6,12,17,-5,16,-7,Meio,0
2025,14,2025-07-01,Volta Redonda,17,14,3,5,6,7,12,-5,14,-9,Cai,0
2025,14,2025-07-01,Amazonas,18,14,3,5,6,12,19,-7,14,-9,Cai,0
2025,14,2025-07-01,Paysandu,19,14,3,4,7,9,15,-6,13,-10,Cai,0
2025,14,2025-07-01,Athletic,20,14,4,0,10,13,23,-10,12,-11,Cai,0
2025,15,2025-07-09,Coritiba,1,15,9,3,3,15,6,9,30,6,Sobe,0
2025,15,2025-07-09,Goiás,2,15,9,3,3,19,12,7,30,6,Sobe,0
2025,15,2025-07-09,Novorizontino,3,15,7,6,2,18,10,8,27,3,Sobe,0
2025,15,2025-07-09,Avaí,4,15,6,6,3,19,13,6,24,0,Sobe,0
2025,15,2025-07-09,Remo,5,15,6,6,3,17,13,4,24,0,Meio,0
2025,15,2025-07-09,Athletico-PR,6,15,7,2,6,19,19,0,23,-1,Meio,0
2025,15,2025-07-09,Chapecoense,7,15,7,1,7,19,15,4,22,-2,Meio,0
2025,15,2025-07-09,Vila Nova,8,15,7,1,7,14,15,-1,22,-2,Meio,0
2025,15,2025-07-09,Cuiabá,9,15,6,4,5,15,16,-1,22,-2,Meio,0
2025,15,2025-07-09,CRB,10,15,6,3,6,15,14,1,21,-3,Meio,0
2025,15,2025-07-09,Atlético-GO,11,15,5,6,4,16,14,2,21,-3,Meio,0
2025,15,2025-07-09,América-MG,12,15,6,2,7,16,17,-1,20,-4,Meio,0
2025,15,2025-07-09,Ferroviária,13,15,4,6,5,15,17,-2,18,-6,Meio,0
2025,15,2025-07-09,Operário-PR,14,15,5,2,8,17,19,-2,17,-7,Meio,0
2025,15,2025-07-09,Criciúma,15,15,4,5,6,17,16,1,17,-7,Meio,0
2025,15,2025-07-09,Botafogo-SP,16,15,4,5,6,12,17,-5,17,-7,Meio,0
2025,15,2025-07-09,Athletic,17,15,5,0,10,14,23,-9,15,-9,Cai,0
2025,15,2025-07-09,Paysandu,18,15,3,5,7,9,15,-6,14,-10,Cai,0
2025,15,2025-07-09,Volta Redonda,19,15,3,5,7,7,14,-7,14,-10,Cai,0
2025,15,2025-07-09,Amazonas,20,15,3,5,7,12,20,-8,14,-10,Cai,0
2025,16,2025-07-16,Coritiba,1,16,10,3,3,16,6,10,33,8,Sobe,0
2025,16,2025-07-16,Goiás,2,16,10,3,3,20,12,8,33,8,Sobe,0
2025,16,2025-07-16,Novorizontino,3,16,8,6,2,21,11,10,30,5,Sobe,0
2025,16,2025-07-16,Cuiabá,4,16,7,4,5,18,17,1,25,0,Sobe,0
2025,16,2025-07-16,Remo,5,16,6,7,3,18,14,4,25,0,Meio,0
2025,16,2025-07-16,Avaí,6,16,6,6,4,19,17,2,24,-1,Meio,0
2025,16,2025-07-16,Chapecoense,7,16,7,2,7,20,16,4,23,-2,Meio,0
2025,16,2025-07-16,Athletico-PR,8,16,7,2,7,19,20,-1,23,-2,Meio,0
2025,16,2025-07-16,Vila Nova,9,16,7,2,7,14,15,-1,23,-2,Meio,0
2025,16,2025-07-16,Atlético-GO,10,16,5,7,4,18,16,2,22,-3,Meio,0
2025,16,2025-07-16,CRB,11,16,6,3,7,15,15,0,21,-4,Meio,0
2025,16,2025-07-16,América-MG,12,16,6,2,8,17,20,-3,20,-5,Meio,0
2025,16,2025-07-16,Criciúma,13,16,5,5,6,19,17,2,20,-5,Meio,0
2025,16,2025-07-16,Athletic,14,16,6,0,10,18,23,-5,18,-7,Meio,0
2025,16,2025-07-16,Operário-PR,15,16,5,3,8,17,19,-2,18,-7,Meio,0
2025,16,2025-07-16,Ferroviária,16,16,4,6,6,16,19,-3,18,-7,Meio,0
2025,16,2025-07-16,Botafogo-SP,17,16,4,6,6,12,17,-5,18,-7,Cai,0
2025,16,2025-07-16,Paysandu,18,16,3,6,7,11,17,-6,15,-10,Cai,0
2025,16,2025-07-16,Volta Redonda,19,16,3,6,7,7,14,-7,15,-10,Cai,0
2025,16,2025-07-16,Amazonas,20,16,3,5,8,13,23,-10,14,-11,Cai,0
2025,17,2025-07-20,Goiás,1,17,11,3,3,23,13,10,36,10,Sobe,0
2025,17,2025-07-20,Coritiba,2,17,10,3,4,18,11,7,33,7,Sobe,0
2025,17,2025-07-20,Novorizontino,3,17,8,7,2,22,12,10,31,5,Sobe,0
2025,17,2025-07-20,Chapecoense,4,17,8,2,7,21,16,5,26,0,Sobe,0
2025,17,2025-07-20,Remo,5,17,6,8,3,19,15,4,26,0,Meio,0
2025,17,2025-07-20,Cuiabá,6,17,7,4,6,19,20,-1,25,-1,Meio,0
2025,17,2025-07-20,Avaí,7,17,6,7,4,20,18,2,25,-1,Meio,0
2025,17,2025-07-20,Vila Nova,8,17,7,3,7,15,16,-1,24,-2,Meio,0
2025,17,2025-07-20,Athletico-PR,9,17,7,2,8,21,23,-2,23,-3,Meio,0
2025,17,2025-07-20,Criciúma,10,17,6,5,6,20,17,3,23,-3,Meio,0
2025,17,2025-07-20,CRB,11,17,6,4,7,16,16,0,22,-4,Meio,0
2025,17,2025-07-20,Atlético-GO,12,17,5,7,5,18,17,1,22,-4,Meio,0
2025,17,2025-07-20,Athletic,13,17,7,0,10,20,24,-4,21,-5,Meio,0
2025,17,2025-07-20,América-MG,14,17,6,2,9,17,21,-4,20,-6,Meio,0
2025,17,2025-07-20,Operário-PR,15,17,5,4,8,18,20,-2,19,-7,Meio,0
2025,17,2025-07-20,Paysandu,16,17,4,6,7,16,19,-3,18,-8,Meio,0
2025,17,2025-07-20,Ferroviária,17,17,4,6,7,17,21,-4,18,-8,Cai,0
2025,17,2025-07-20,Volta Redonda,18,17,4,6,7,10,16,-6,18,-8,Cai,0
2025,17,2025-07-20,Botafogo-SP,19,17,4,6,7,12,20,-8,18,-8,Cai,0
2025,17,2025-07-20,Amazonas,20,17,4,5,8,16,23,-7,17,-9,Cai,0
2025,18,2025-07-25,Goiás,1,18,11,3,4,23,14,9,36,7,Sobe,0
2025,18,2025-07-25,Coritiba,2,18,10,4,4,19,12,7,34,5,Sobe,0
2025,18,2025-07-25,Novorizontino,3,18,9,7,2,23,12,11,34,5,Sobe,0
2025,18,2025-07-25,Chapecoense,4,18,9,2,7,25,18,7,29,0,Sobe,0
2025,18,2025-07-25,Remo,5,18,7,8,3,21,16,5,29,0,Meio,0
2025,18,2025-07-25,Cuiabá,6,18,8,4,6,22,21,1,28,-1,Meio,0
2025,18,2025-07-25,Vila Nova,7,18,8,3,7,17,16,1,27,-2,Meio,0
2025,18,2025-07-25,Criciúma,8,18,7,5,6,22,17,5,26,-3,Meio,0
2025,18,2025-07-25,Avaí,9,18,6,7,5,21,20,1,25,-4,Meio,0
2025,18,2025-07-25,Athletico-PR,10,18,7,3,8,22,24,-2,24,-5,Meio,0
2025,18,2025-07-25,Athletic,11,18,7,1,10,21,25,-4,22,-7,Meio,0
2025,18,2025-07-25,Operário-PR,12,18,6,4,8,21,20,1,22,-7,Meio,0
2025,18,2025-07-25,CRB,13,18,6,4,8,16,18,-2,22,-7,Meio,0
2025,18,2025-07-25,Atlético-GO,14,18,5,7,6,18,20,-2,22,-7,Meio,0
2025,18,2025-07-25,América-MG,15,18,6,2,10,18,24,-6,20,-9,Meio,0
2025,18,2025-07-25,Paysandu,16,18,4,7,7,17,20,-3,19,-10,Meio,0
2025,18,2025-07-25,Ferroviária,17,18,4,7,7,18,22,-4,19,-10,Cai,0
2025,18,2025-07-25,Amazonas,18,18,4,6,8,17,24,-7,18,-11,Cai,0
2025,18,2025-07-25,Volta Redonda,19,18,4,6,8,12,20,-8,18,-11,Cai,0
2025,18,2025-07-25,Botafogo-SP,20,18,4,6,8,12,22,-10,18,-11,Cai,0
2025,19,2025-07-30,Goiás,1,19,11,4,4,24,15,9,37,7,Sobe,0
2025,19,2025-07-30,Coritiba,2,19,10,5,4,20,13,7,35,5,Sobe,0
2025,19,2025-07-30,Novorizontino,3,19,9,7,3,23,16,7,34,4,Sobe,0
2025,19,2025-07-30,Chapecoense,4,19,9,3,7,25,18,7,30,0,Sobe,0
2025,19,2025-07-30,Remo,5,19,7,9,3,22,17,5,30,0,Meio,0
2025,19,2025-07-30,Criciúma,6,19,8,5,6,23,17,6,29,-1,Meio,0
2025,19,2025-07-30,Cuiabá,7,19,8,4,7,22,22,0,28,-2,Meio,0
2025,19,2025-07-30,Avaí,8,19,7,7,5,26,20,6,28,-2,Meio,0
2025,19,2025-07-30,Vila Nova,9,19,8,3,8,18,18,0,27,-3,Meio,0
2025,19,2025-07-30,CRB,10,19,7,4,8,20,18,2,25,-5,Meio,0
2025,19,2025-07-30,Athletico-PR,11,19,7,4,8,24,26,-2,25,-5,Meio,0
2025,19,2025-07-30,Athletic,12,19,7,2,10,22,26,-4,23,-7,Meio,0
2025,19,2025-07-30,Operário-PR,13,19,6,5,8,21,20,1,23,-7,Meio,0
2025,19,2025-07-30,Atlético-GO,14,19,5,8,6,18,20,-2,23,-7,Meio,0
2025,19,2025-07-30,América-MG,15,19,6,3,10,20,26,-6,21,-9,Meio,0
2025,19,2025-07-30,Volta Redonda,16,19,5,6,8,14,21,-7,21,-9,Meio,0
2025,19,2025-07-30,Paysandu,17,19,4,8,7,18,21,-3,20,-10,Cai,0
2025,19,2025-07-30,Ferroviária,18,19,4,8,7,18,22,-4,20,-10,Cai,0
2025,19,2025-07-30,Amazonas,19,19,4,7,8,18,25,-7,19,-11,Cai,0
2025,19,2025-07-30,Botafogo-SP,20,19,4,6,9,12,27,-15,18,-12,Cai,0
2025,20,2025-08-05,Goiás,1,20,11,5,4,26,17,9,38,5,Sobe,0
2025,20,2025-08-05,Coritiba,2,20,11,5,4,22,14,8,38,5,Sobe,0
2025,20,2025-08-05,Novorizontino,3,20,9,8,3,24,17,7,35,2,Sobe,0
2025,20,2025-08-05,Chapecoense,4,20,10,3,7,28,20,8,33,0,Sobe,0
2025,20,2025-08-05,Cuiabá,5,20,9,4,7,24,22,2,31,-2,Meio,0
2025,20,2025-08-05,Remo,6,20,7,9,4,22,19,3,30,-3,Meio,0
2025,20,2025-08-05,Criciúma,7,20,8,5,7,23,18,5,29,-4,Meio,0
2025,20,2025-08-05,Avaí,8,20,7,8,5,27,21,6,29,-4,Meio,0
2025,20,2025-08-05,Vila Nova,9,20,8,3,9,19,20,-1,27,-6,Meio,0
2025,20,2025-08-05,Operário-PR,10,20,7,5,8,22,20,2,26,-7,Meio,0
2025,20,2025-08-05,Athletico-PR,11,20,7,5,8,25,27,-2,26,-7,Meio,0
2025,20,2025-08-05,CRB,12,20,7,4,9,22,21,1,25,-8,Meio,0
2025,20,2025-08-05,Athletic,13,20,7,3,10,23,27,-4,24,-9,Meio,0
2025,20,2025-08-05,Atlético-GO,14,20,5,9,6,19,21,-2,24,-9,Meio,0
2025,20,2025-08-05,Ferroviária,15,20,5,8,7,20,22,-2,23,-10,Meio,0
2025,20,2025-08-05,América-MG,16,20,6,3,11,21,28,-7,21,-12,Meio,0
2025,20,2025-08-05,Volta Redonda,17,20,5,6,9,14,23,-9,21,-12,Cai,0
2025,20,2025-08-05,Botafogo-SP,18,20,5,6,9,14,28,-14,21,-12,Cai,0
2025,20,2025-08-05,Paysandu,19,20,4,9,7,19,22,-3,21,-12,Cai,0
2025,20,2025-08-05,Amazonas,20,20,4,8,8,20,27,-7,20,-13,Cai,0
2025,21,2025-08-13,Goiás,1,21,12,5,4,28,18,10,41,7,Sobe,0
2025,21,2025-08-13,Coritiba,2,21,11,6,4,22,14,8,39,5,Sobe,0
2025,21,2025-08-13,Novorizontino,3,21,9,9,3,24,17,7,36,2,Sobe,0
2025,21,2025-08-13,Chapecoense,4,21,10,4,7,28,20,8,34,0,Sobe,0
2025,21,2025-08-13,Remo,5,21,8,9,4,23,19,4,33,-1,Meio,0
2025,21,2025-08-13,Criciúma,6,21,9,5,7,27,20,7,32,-2,Meio,0
2025,21,2025-08-13,Avaí,7,21,8,8,5,29,21,8,32,-2,Meio,0
2025,21,2025-08-13,Cuiabá,8,21,9,4,8,24,24,0,31,-3,Meio,0
2025,21,2025-08-13,Vila Nova,9,21,9,3,9,20,20,0,30,-4,Meio,0
2025,21,2025-08-13,CRB,10,21,8,4,9,23,21,2,28,-6,Meio,0
2025,21,2025-08-13,Atlético-GO,11,21,6,9,6,21,21,0,27,-7,Meio,0
2025,21,2025-08-13,Operário-PR,12,21,7,5,9,23,22,1,26,-8,Meio,0
2025,21,2025-08-13,Athletico-PR,13,21,7,5,9,27,31,-4,26,-8,Meio,0
2025,21,2025-08-13,Ferroviária,14,21,6,8,7,22,23,-1,26,-8,Meio,0
2025,21,2025-08-13,Athletic,15,21,7,3,11,23,28,-5,24,-10,Meio,0
2025,21,2025-08-13,Volta Redonda,16,21,5,7,9,14,23,-9,22,-12,Meio,0
2025,21,2025-08-13,América-MG,17,21,6,3,12,21,29,-8,21,-13,Cai,0
2025,21,2025-08-13,Botafogo-SP,18,21,5,6,10,14,30,-16,21,-13,Cai,0
2025,21,2025-08-13,Paysandu,19,21,4,9,8,19,23,-4,21,-13,Cai,0
2025,21,2025-08-13,Amazonas,20,21,4,8,9,21,29,-8,20,-14,Cai,0
2025,22,2025-08-20,Coritiba,1,22,12,6,4,24,15,9,42,6,Sobe,0
2025,22,2025-08-20,Goiás,2,22,12,5,5,28,20,8,41,5,Sobe,0
2025,22,2025-08-20,Chapecoense,3,22,11,4,7,30,20,10,37,1,Sobe,0
2025,22,2025-08-20,Novorizontino,4,22,9,9,4,25,19,6,36,0,Sobe,0
2025,22,2025-08-20,Remo,5,22,8,10,4,24,20,4,34,-2,Meio,0
2025,22,2025-08-20,Vila Nova,6,22,10,3,9,22,20,2,33,-3,Meio,0
2025,22,2025-08-20,Criciúma,7,22,9,6,7,28,21,7,33,-3,Meio,0
2025,22,2025-08-20,Avaí,8,22,8,9,5,29,21,8,33,-3,Meio,0
2025,22,2025-08-20,Cuiabá,9,22,9,5,8,25,25,0,32,-4,Meio,0
2025,22,2025-08-20,CRB,10,22,9,4,9,24,21,3,31,-5,Meio,0
2025,22,2025-08-20,Ferroviária,11,22,7,8,7,25,24,1,29,-7,Meio,0
2025,22,2025-08-20,Operário-PR,12,22,7,6,9,23,22,1,27,-9,Meio,0
2025,22,2025-08-20,Athletico-PR,13,22,7,6,9,28,32,-4,27,-9,Meio,0
2025,22,2025-08-20,Atlético-GO,14,22,6,9,7,22,24,-2,27,-9,Meio,0
2025,22,2025-08-20,Athletic,15,22,7,4,11,24,29,-5,25,-11,Meio,0
2025,22,2025-08-20,América-MG,16,22,6,4,12,23,31,-8,22,-14,Meio,0
2025,22,2025-08-20,Volta Redonda,17,22,5,7,10,14,24,-10,22,-14,Cai,0
2025,22,2025-08-20,Botafogo-SP,18,22,5,7,10,15,31,-16,22,-14,Cai,0
2025,22,2025-08-20,Paysandu,19,22,4,9,9,19,25,-6,21,-15,Cai,0
2025,22,2025-08-20,Amazonas,20,22,4,9,9,23,31,-8,21,-15,Cai,0
2025,23,2025-08-26,Goiás,1,23,13,5,5,29,20,9,44,8,Sobe,0
2025,23,2025-08-26,Coritiba,2,23,12,7,4,24,15,9,43,7,Sobe,0
2025,23,2025-08-26,Chapecoense,3,23,12,4,7,34,20,14,40,4,Sobe,0
2025,23,2025-08-26,Criciúma,4,23,10,6,7,30,21,9,36,0,Sobe,0
2025,23,2025-08-26,Novorizontino,5,23,9,9,5,25,21,4,36,0,Meio,0
2025,23,2025-08-26,Remo,6,23,8,11,4,24,20,4,35,-1,Meio,0
2025,23,2025-08-26,Vila Nova,7,23,10,3,10,22,22,0,33,-3,Meio,0
2025,23,2025-08-26,Cuiabá,8,23,9,6,8,27,27,0,33,-3,Meio,0
2025,23,2025-08-26,Avaí,9,23,8,9,6,30,23,7,33,-3,Meio,0
2025,23,2025-08-26,CRB,10,23,9,4,10,24,22,2,31,-5,Meio,0
2025,23,2025-08-26,Operário-PR,11,23,8,6,9,25,23,2,30,-6,Meio,0
2025,23,2025-08-26,Athletico-PR,12,23,8,6,9,29,32,-3,30,-6,Meio,0
2025,23,2025-08-26,Ferroviária,13,23,7,9,7,25,24,1,30,-6,Meio,0
2025,23,2025-08-26,Atlético-GO,14,23,6,10,7,24,26,-2,28,-8,Meio,0
2025,23,2025-08-26,Athletic,15,23,7,4,12,24,33,-9,25,-11,Meio,0
2025,23,2025-08-26,Botafogo-SP,16,23,6,7,10,17,31,-14,25,-11,Meio,0
2025,23,2025-08-26,Amazonas,17,23,5,9,9,25,32,-7,24,-12,Cai,0
2025,23,2025-08-26,Volta Redonda,18,23,5,8,10,14,24,-10,23,-13,Cai,0
2025,23,2025-08-26,América-MG,19,23,6,4,13,23,32,-9,22,-14,Cai,0
2025,23,2025-08-26,Paysandu,20,23,4,9,10,20,27,-7,21,-15,Cai,0
2025,24,2025-09-03,Goiás,1,24,13,5,6,31,23,8,44,5,Sobe,0
2025,24,2025-09-03,Coritiba,2,24,12,7,5,24,16,8,43,4,Sobe,0
2025,24,2025-09-03,Chapecoense,3,24,12,5,7,36,22,14,41,2,Sobe,0
2025,24,2025-09-03,Criciúma,4,24,11,6,7,31,21,10,39,0,Sobe,0
2025,24,2025-09-03,Novorizontino,5,24,9,9,6,26,23,3,36,-3,Meio,0
2025,24,2025-09-03,Remo,6,24,8,11,5,24,21,3,35,-4,Meio,0
2025,24,2025-09-03,CRB,7,24,10,4,10,26,22,4,34,-5,Meio,0
2025,24,2025-09-03,Vila Nova,8,24,10,4,10,24,24,0,34,-5,Meio,0
2025,24,2025-09-03,Cuiabá,9,24,9,7,8,29,29,0,34,-5,Meio,0
2025,24,2025-09-03,Operário-PR,10,24,9,6,9,26,23,3,33,-6,Meio,0
2025,24,2025-09-03,Athletico-PR,11,24,9,6,9,31,33,-2,33,-6,Meio,0
2025,24,2025-09-03,Avaí,12,24,8,9,7,30,25,5,33,-6,Meio,0
2025,24,2025-09-03,Ferroviária,13,24,7,10,7,27,26,1,31,-8,Meio,0
2025,24,2025-09-03,Atlético-GO,14,24,7,10,7,26,26,0,31,-8,Meio,0
2025,24,2025-09-03,Athletic,15,24,8,4,12,26,33,-7,28,-11,Meio,0
2025,24,2025-09-03,Botafogo-SP,16,24,7,7,10,20,33,-13,28,-11,Meio,0
2025,24,2025-09-03,América-MG,17,24,7,4,13,25,32,-7,25,-14,Cai,0
2025,24,2025-09-03,Amazonas,18,24,5,9,10,25,34,-9,24,-15,Cai,0
2025,24,2025-09-03,Volta Redonda,19,24,5,8,11,14,26,-12,23,-16,Cai,0
2025,24,2025-09-03,Paysandu,20,24,4,9,11,20,29,-9,21,-18,Cai,0
2025,25,2025-09-09,Coritiba,1,25,13,7,5,28,16,12,46,5,Sobe,0
2025,25,2025-09-09,Goiás,2,25,13,5,7,32,25,7,44,3,Sobe,0
2025,25,2025-09-09,Criciúma,3,25,12,6,7,33,21,12,42,1,Sobe,0
2025,25,2025-09-09,Chapecoense,4,25,12,5,8,36,24,12,41,0,Sobe,0
2025,25,2025-09-09,Remo,5,25,9,11,5,27,22,5,38,-3,Meio,0
2025,25,2025-09-09,Cuiabá,6,25,10,7,8,30,29,1,37,-4,Meio,0
2025,25,2025-09-09,Novorizontino,7,25,9,10,6,27,24,3,37,-4,Meio,0
2025,25,2025-09-09,Athletico-PR,8,25,10,6,9,34,34,0,36,-5,Meio,0
2025,25,2025-09-09,Avaí,9,25,9,9,7,32,26,6,36,-5,Meio,0
2025,25,2025-09-09,Vila Nova,10,25,10,5,10,25,25,0,35,-6,Meio,0
2025,25,2025-09-09,CRB,11,25,10,4,11,26,23,3,34,-7,Meio,0
2025,25,2025-09-09,Operário-PR,12,25,9,7,9,27,24,3,34,-7,Meio,0
2025,25,2025-09-09,Atlético-GO,13,25,7,11,7,27,27,0,32,-9,Meio,0
2025,25,2025-09-09,Ferroviária,14,25,7,10,8,27,30,-3,31,-10,Meio,0
2025,25,2025-09-09,Athletic,15,25,8,5,12,27,34,-7,29,-12,Meio,0
2025,25,2025-09-09,Botafogo-SP,16,25,7,7,11,21,36,-15,28,-13,Meio,0
2025,25,2025-09-09,América-MG,17,25,7,5,13,26,33,-7,26,-15,Cai,0
2025,25,2025-09-09,Volta Redonda,18,25,6,8,11,16,27,-11,26,-15,Cai,0
2025,25,2025-09-09,Amazonas,19,25,5,9,11,26,37,-11,24,-17,Cai,0
2025,25,2025-09-09,Paysandu,20,25,4,9,12,21,31,-10,21,-20,Cai,0
2025,26,2025-09-17,Coritiba,1,26,13,8,5,28,16,12,47,6,Sobe,0
2025,26,2025-09-17,Goiás,2,26,13,6,7,32,25,7,45,4,Sobe,0
2025,26,2025-09-17,Criciúma,3,26,12,7,7,33,21,12,43,2,Sobe,0
2025,26,2025-09-17,Chapecoense,4,26,12,5,9,38,27,11,41,0,Sobe,0
2025,26,2025-09-17,Novorizontino,5,26,10,10,6,29,25,4,40,-1,Meio,0
2025,26,2025-09-17,Athletico-PR,6,26,11,6,9,37,36,1,39,-2,Meio,0
2025,26,2025-09-17,Remo,7,26,9,12,5,28,23,5,39,-2,Meio,0
2025,26,2025-09-17,Cuiabá,8,26,10,8,8,31,30,1,38,-3,Meio,0
2025,26,2025-09-17,CRB,9,26,11,4,11,28,23,5,37,-4,Meio,0
2025,26,2025-09-17,Vila Nova,10,26,10,6,10,26,26,0,36,-5,Meio,0
2025,26,2025-09-17,Avaí,11,26,9,9,8,33,28,5,36,-5,Meio,0
2025,26,2025-09-17,Operário-PR,12,26,9,8,9,28,25,3,35,-6,Meio,0
2025,26,2025-09-17,Atlético-GO,13,26,8,11,7,29,28,1,35,-6,Meio,0
2025,26,2025-09-17,Athletic,14,26,9,5,12,29,34,-5,32,-9,Meio,0
2025,26,2025-09-17,Ferroviária,15,26,7,10,9,28,32,-4,31,-10,Meio,0
2025,26,2025-09-17,Botafogo-SP,16,26,7,7,12,21,38,-17,28,-13,Meio,0
2025,26,2025-09-17,América-MG,17,26,7,6,13,26,33,-7,27,-14,Cai,0
2025,26,2025-09-17,Volta Redonda,18,26,6,9,11,16,27,-11,27,-14,Cai,0
2025,26,2025-09-17,Amazonas,19,26,5,9,12,26,39,-13,24,-17,Cai,0
2025,26,2025-09-17,Paysandu,20,26,4,10,12,21,31,-10,22,-19,Cai,0
2025,27,2025-09-22,Goiás,1,27,14,6,7,33,25,8,48,5,Sobe,0
2025,27,2025-09-22,Coritiba,2,27,13,8,6,28,17,11,47,4,Sobe,0
2025,27,2025-09-22,Criciúma,3,27,13,7,7,34,21,13,46,3,Sobe,0
2025,27,2025-09-22,Novorizontino,4,27,11,10,6,30,25,5,43,0,Sobe,0
2025,27,2025-09-22,Athletico-PR,5,27,12,6,9,39,36,3,42,-1,Meio,0
2025,27,2025-09-22,Chapecoense,6,27,12,5,10,38,28,10,41,-2,Meio,0
2025,27,2025-09-22,Cuiabá,7,27,11,8,8,32,30,2,41,-2,Meio,0
2025,27,2025-09-22,Remo,8,27,9,12,6,28,24,4,39,-4,Meio,0
2025,27,2025-09-22,Atlético-GO,9,27,9,11,7,30,28,2,38,-5,Meio,0
2025,27,2025-09-22,CRB,10,27,11,4,12,28,24,4,37,-6,Meio,0
2025,27,2025-09-22,Avaí,11,27,9,10,8,35,30,5,37,-6,Meio,0
2025,27,2025-09-22,Vila Nova,12,27,10,6,11,26,28,-2,36,-7,Meio,0
2025,27,2025-09-22,Operário-PR,13,27,9,9,9,29,26,3,36,-7,Meio,0
2025,27,2025-09-22,Athletic,14,27,9,5,13,29,35,-6,32,-11,Meio,0
2025,27,2025-09-22,Ferroviária,15,27,7,11,9,30,34,-4,32,-11,Meio,0
2025,27,2025-09-22,América-MG,16,27,8,6,13,27,33,-6,30,-13,Meio,0
2025,27,2025-09-22,Botafogo-SP,17,27,7,8,12,22,39,-17,29,-14,Cai,0
2025,27,2025-09-22,Amazonas,18,27,6,9,12,27,39,-12,27,-16,Cai,0
2025,27,2025-09-22,Volta Redonda,19,27,6,9,12,16,28,-12,27,-16,Cai,0
2025,27,2025-09-22,Paysandu,20,27,4,10,13,21,32,-11,22,-21,Cai,0
2025,28,2025-09-26,Criciúma,1,28,14,7,7,36,21,15,49,3,Sobe,0
2025,28,2025-09-26,Goiás,2,28,14,7,7,34,26,8,49,3,Sobe,0
2025,28,2025-09-26,Coritiba,3,28,13,8,7,28,19,9,47,1,Sobe,0
2025,28,2025-09-26,Novorizontino,4,28,12,10,6,31,25,6,46,0,Sobe,0
2025,28,2025-09-26,Athletico-PR,5,28,13,6,9,42,36,6,45,-1,Meio,0
2025,28,2025-09-26,Cuiabá,6,28,11,9,8,34,32,2,42,-4,Meio,0
2025,28,2025-09-26,Chapecoense,7,28,12,5,11,38,29,9,41,-5,Meio,0
2025,28,2025-09-26,Atlético-GO,8,28,10,11,7,31,28,3,41,-5,Meio,0
2025,28,2025-09-26,CRB,9,28,12,4,12,31,26,5,40,-6,Meio,0
2025,28,2025-09-26,Avaí,10,28,10,10,8,36,30,6,40,-6,Meio,0
2025,28,2025-09-26,Operário-PR,11,28,10,9,9,31,27,4,39,-7,Meio,0
2025,28,2025-09-26,Remo,12,28,9,12,7,29,26,3,39,-7,Meio,0
2025,28,2025-09-26,Vila Nova,13,28,10,7,11,28,30,-2,37,-9,Meio,0
2025,28,2025-09-26,Ferroviária,14,28,7,12,9,31,35,-4,33,-13,Meio,0
2025,28,2025-09-26,Athletic,15,28,9,5,14,29,38,-9,32,-14,Meio,0
2025,28,2025-09-26,América-MG,16,28,8,6,14,27,34,-7,30,-16,Meio,0
2025,28,2025-09-26,Volta Redonda,17,28,7,9,12,18,29,-11,30,-16,Cai,0
2025,28,2025-09-26,Botafogo-SP,18,28,7,8,13,24,42,-18,29,-17,Cai,0
2025,28,2025-09-26,Amazonas,19,28,6,9,13,28,41,-13,27,-19,Cai,0
2025,28,2025-09-26,Paysandu,20,28,4,10,14,21,33,-12,22,-24,Cai,0
2025,29,2025-10-01,Coritiba,1,29,14,8,7,30,19,11,50,2,Sobe,0
2025,29,2025-10-01,Goiás,2,29,14,8,7,34,26,8,50,2,Sobe,0
2025,29,2025-10-01,Criciúma,3,29,14,7,8,38,25,13,49,1,Sobe,0
2025,29,2025-10-01,Athletico-PR,4,29,14,6,9,43,36,7,48,0,Sobe,0
2025,29,2025-10-01,Novorizontino,5,29,12,11,6,32,26,6,47,-1,Meio,0
2025,29,2025-10-01,Cuiabá,6,29,12,9,8,36,33,3,45,-3,Meio,0
2025,29,2025-10-01,Chapecoense,7,29,13,5,11,41,30,11,44,-4,Meio,0
2025,29,2025-10-01,Remo,8,29,10,12,7,33,28,5,42,-6,Meio,0
2025,29,2025-10-01,Atlético-GO,9,29,10,12,7,31,28,3,42,-6,Meio,0
2025,29,2025-10-01,CRB,10,29,12,4,13,33,30,3,40,-8,Meio,0
2025,29,2025-10-01,Avaí,11,29,10,10,9,36,32,4,40,-8,Meio,0
2025,29,2025-10-01,Operário-PR,12,29,10,9,10,31,28,3,39,-9,Meio,0
2025,29,2025-10-01,Vila Nova,13,29,10,8,11,29,31,-2,38,-10,Meio,0
2025,29,2025-10-01,Ferroviária,14,29,8,12,9,33,36,-3,36,-12,Meio,0
2025,29,2025-10-01,América-MG,15,29,9,6,14,29,35,-6,33,-15,Meio,0
2025,29,2025-10-01,Athletic,16,29,9,5,15,30,40,-10,32,-16,Meio,0
2025,29,2025-10-01,Volta Redonda,17,29,7,9,13,19,31,-12,30,-18,Cai,0
2025,29,2025-10-01,Botafogo-SP,18,29,7,8,14,25,44,-19,29,-19,Cai,0
2025,29,2025-10-01,Amazonas,19,29,6,9,14,29,44,-15,27,-21,Cai,0
2025,29,2025-10-01,Paysandu,20,29,5,10,14,25,35,-10,25,-23,Cai,0
2025,30,2025-10-06,Coritiba,1,30,15,8,7,32,19,13,53,5,Sobe,0
2025,30,2025-10-06,Goiás,2,30,14,9,7,34,26,8,51,3,Sobe,0
2025,30,2025-10-06,Criciúma,3,30,14,8,8,39,26,13,50,2,Sobe,0
2025,30,2025-10-06,Athletico-PR,4,30,14,6,10,43,39,4,48,0,Sobe,0
2025,30,2025-10-06,Chapecoense,5,30,14,5,11,42,30,12,47,-1,Meio,0
2025,30,2025-10-06,Novorizontino,6,30,12,11,7,32,27,5,47,-1,Meio,0
2025,30,2025-10-06,Cuiabá,7,30,12,10,8,37,34,3,46,-2,Meio,0
2025,30,2025-10-06,Atlético-GO,8,30,11,12,7,34,28,6,45,-3,Meio,0
2025,30,2025-10-06,Remo,9,30,11,12,7,34,28,6,45,-3,Meio,0
2025,30,2025-10-06,CRB,10,30,13,4,13,34,30,4,43,-5,Meio,0
2025,30,2025-10-06,Avaí,11,30,10,10,10,36,33,3,40,-8,Meio,0
2025,30,2025-10-06,Operário-PR,12,30,10,9,11,31,29,2,39,-9,Meio,0
2025,30,2025-10-06,Vila Nova,13,30,10,9,11,30,32,-2,39,-9,Meio,0
2025,30,2025-10-06,América-MG,14,30,10,6,14,32,36,-4,36,-12,Meio,0
2025,30,2025-10-06,Ferroviária,15,30,8,12,10,34,39,-5,36,-12,Meio,0
2025,30,2025-10-06,Athletic,16,30,9,6,15,32,42,-10,33,-15,Meio,0
2025,30,2025-10-06,Volta Redonda,17,30,7,10,13,19,31,-12,31,-17,Cai,0
2025,30,2025-10-06,Botafogo-SP,18,30,7,8,15,25,46,-21,29,-19,Cai,0
2025,30,2025-10-06,Amazonas,19,30,6,10,14,31,46,-15,28,-20,Cai,0
2025,30,2025-10-06,Paysandu,20,30,5,11,14,26,36,-10,26,-22,Cai,0
2025,31,2025-10-10,Coritiba,1,31,16,8,7,34,20,14,56,6,Sobe,0
2025,31,2025-10-10,Goiás,2,31,14,9,8,35,28,7,51,1,Sobe,0
2025,31,2025-10-10,Chapecoense,3,31,15,5,11,43,30,13,50,0,Sobe,0
2025,31,2025-10-10,Criciúma,4,31,14,8,9,40,28,12,50,0,Sobe,0
2025,31,2025-10-10,Novorizontino,5,31,13,11,7,33,27,6,50,0,Meio,0
2025,31,2025-10-10,Athletico-PR,6,31,14,6,11,44,41,3,48,-2,Meio,0
2025,31,2025-10-10,Remo,7,31,12,12,7,36,29,7,48,-2,Meio,0
2025,31,2025-10-10,CRB,8,31,14,4,13,36,31,5,46,-4,Meio,0
2025,31,2025-10-10,Cuiabá,9,31,12,10,9,37,35,2,46,-4,Meio,0
2025,31,2025-10-10,Atlético-GO,10,31,11,12,8,35,30,5,45,-5,Meio,0
2025,31,2025-10-10,Avaí,11,31,11,10,10,39,33,6,43,-7,Meio,0
2025,31,2025-10-10,Vila Nova,12,31,10,10,11,31,33,-2,40,-10,Meio,0
2025,31,2025-10-10,Operário-PR,13,31,10,9,12,32,33,-1,39,-11,Meio,0
2025,31,2025-10-10,América-MG,14,31,10,7,14,33,37,-4,37,-13,Meio,0
2025,31,2025-10-10,Athletic,15,31,10,6,15,36,43,-7,36,-14,Meio,0
2025,31,2025-10-10,Ferroviária,16,31,8,12,11,34,40,-6,36,-14,Meio,0
2025,31,2025-10-10,Botafogo-SP,17,31,8,8,15,26,46,-20,32,-18,Cai,0
2025,31,2025-10-10,Amazonas,18,31,7,10,14,33,47,-14,31,-19,Cai,0
2025,31,2025-10-10,Volta Redonda,19,31,7,10,14,19,34,-15,31,-19,Cai,0
2025,31,2025-10-10,Paysandu,20,31,5,11,15,26,37,-11,26,-24,Cai,0
2025,32,2025-10-15,Coritiba,1,32,16,8,8,34,21,13,56,4,Sobe,0
2025,32,2025-10-15,Criciúma,2,32,15,8,9,42,29,13,53,1,Sobe,0
2025,32,2025-10-15,Novorizontino,3,32,14,11,7,36,27,9,53,1,Sobe,0
2025,32,2025-10-15,Goiás,4,32,14,10,8,36,29,7,52,0,Sobe,0
2025,32,2025-10-15,Chapecoense,5,32,15,6,11,44,31,13,51,-1,Meio,0
2025,32,2025-10-15,Remo,6,32,13,12,7,39,31,8,51,-1,Meio,0
2025,32,2025-10-15,Athletico-PR,7,32,14,7,11,45,42,3,49,-3,Meio,0
2025,32,2025-10-15,Cuiabá,8,32,13,10,9,38,35,3,49,-3,Meio,0
2025,32,2025-10-15,CRB,9,32,14,5,13,38,33,5,47,-5,Meio,0
2025,32,2025-10-15,Atlético-GO,10,32,11,12,9,35,33,2,45,-7,Meio,0
2025,32,2025-10-15,Avaí,11,32,11,11,10,40,34,6,44,-8,Meio,0
2025,32,2025-10-15,Vila Nova,12,32,11,10,11,32,33,-1,43,-9,Meio,0
2025,32,2025-10-15,Operário-PR,13,32,10,9,13,32,36,-4,39,-13,Meio,0
2025,32,2025-10-15,América-MG,14,32,10,7,15,34,39,-5,37,-15,Meio,0
2025,32,2025-10-15,Athletic,15,32,10,7,15,37,44,-7,37,-15,Meio,0
2025,32,2025-10-15,Ferroviária,16,32,8,13,11,36,42,-6,37,-15,Meio,0
2025,32,2025-10-15,Volta Redonda,17,32,8,10,14,22,34,-12,34,-18,Cai,0
2025,32,2025-10-15,Botafogo-SP,18,32,8,9,15,27,47,-20,33,-19,Cai,0
2025,32,2025-10-15,Amazonas,19,32,7,10,15,33,48,-15,31,-21,Cai,0
2025,32,2025-10-15,Paysandu,20,32,5,11,16,28,40,-12,26,-26,Cai,0
2025,33,2025-10-21,Coritiba,1,33,16,9,8,34,21,13,57,3,Sobe,0
2025,33,2025-10-21,Chapecoense,2,33,16,6,11,47,32,15,54,0,Sobe,0
2025,33,2025-10-21,Criciúma,3,33,15,9,9,43,30,13,54,0,Sobe,0
2025,33,2025-10-21,Remo,4,33,14,12,7,42,32,10,54,0,Sobe,0
2025,33,2025-10-21,Novorizontino,5,33,14,12,7,36,27,9,54,0,Meio,0
2025,33,2025-10-21,Goiás,6,33,14,10,9,37,32,5,52,-2,Meio,0
2025,33,2025-10-21,Athletico-PR,7,33,14,8,11,45,42,3,50,-4,Meio,0
2025,33,2025-10-21,Cuiabá,8,33,13,11,9,40,37,3,50,-4,Meio,0
2025,33,2025-10-21,CRB,9,33,14,6,13,39,34,5,48,-6,Meio,0
2025,33,2025-10-21,Atlético-GO,10,33,12,12,9,36,33,3,48,-6,Meio,0
2025,33,2025-10-21,Avaí,11,33,11,12,10,41,35,6,45,-9,Meio,0
2025,33,2025-10-21,Vila Nova,12,33,11,10,12,32,34,-2,43,-11,Meio,0
2025,33,2025-10-21,Operário-PR,13,33,11,9,13,34,37,-3,42,-12,Meio,0
2025,33,2025-10-21,América-MG,14,33,10,8,15,35,40,-5,38,-16,Meio,0
2025,33,2025-10-21,Ferroviária,15,33,8,14,11,38,44,-6,38,-16,Meio,0
2025,33,2025-10-21,Athletic,16,33,10,7,16,38,47,-9,37,-17,Meio,0
2025,33,2025-10-21,Volta Redonda,17,33,8,10,15,23,36,-13,34,-20,Cai,0
2025,33,2025-10-21,Botafogo-SP,18,33,8,10,15,29,49,-20,34,-20,Cai,0
2025,33,2025-10-21,Amazonas,19,33,7,11,15,33,48,-15,32,-22,Cai,0
2025,33,2025-10-21,Paysandu,20,33,5,12,16,30,42,-12,27,-27,Cai,0
2025,34,2025-10-28,Coritiba,1,34,17,9,8,35,21,14,60,5,Sobe,0
2025,34,2025-10-28,Chapecoense,2,34,17,6,11,49,32,17,57,2,Sobe,0
2025,34,2025-10-28,Remo,3,34,15,12,7,45,33,12,57,2,Sobe,0
2025,34,2025-10-28,Goiás,4,34,15,10,9,39,33,6,55,0,Sobe,0
2025,34,2025-10-28,Novorizontino,5,34,14,13,7,37,28,9,55,0,Meio,0
2025,34,2025-10-28,Criciúma,6,34,15,9,10,44,32,12,54,-1,Meio,0
2025,34,2025-10-28,Athletico-PR,7,34,15,8,11,47,42,5,53,-2,Meio,0
2025,34,2025-10-28,CRB,8,34,15,6,13,41,35,6,51,-4,Meio,0
2025,34,2025-10-28,Cuiabá,9,34,13,11,10,41,40,1,50,-5,Meio,0
2025,34,2025-10-28,Avaí,10,34,12,12,10,43,36,7,48,-7,Meio,0
2025,34,2025-10-28,Atlético-GO,11,34,12,12,10,37,35,2,48,-7,Meio,0
2025,34,2025-10-28,Vila Nova,12,34,11,11,12,34,36,-2,44,-11,Meio,0
2025,34,2025-10-28,Operário-PR,13,34,11,9,14,34,39,-5,42,-13,Meio,0
2025,34,2025-10-28,América-MG,14,34,11,8,15,37,40,-3,41,-14,Meio,0
2025,34,2025-10-28,Ferroviária,15,34,8,15,11,40,46,-6,39,-16,Meio,0
2025,34,2025-10-28,Athletic,16,34,10,7,17,38,49,-11,37,-18,Meio,0
2025,34,2025-10-28,Botafogo-SP,17,34,8,11,15,30,50,-20,35,-20,Cai,0
2025,34,2025-10-28,Volta Redonda,18,34,8,10,16,23,37,-14,34,-21,Cai,0
2025,34,2025-10-28,Amazonas,19,34,7,11,16,33,50,-17,32,-23,Cai,0
2025,34,2025-10-28,Paysandu,20,34,5,12,17,31,44,-13,27,-28,Cai,0
2025,35,2025-11-03,Coritiba,1,35,17,10,8,35,21,14,61,5,Sobe,0
2025,35,2025-11-03,Chapecoense,2,35,17,7,11,50,33,17,58,2,Sobe,0
2025,35,2025-11-03,Remo,3,35,15,13,7,46,34,12,58,2,Sobe,0
2025,35,2025-11-03,Athletico-PR,4,35,16,8,11,48,42,6,56,0,Sobe,0
2025,35,2025-11-03,Novorizontino,5,35,14,14,7,39,30,9,56,0,Meio,0
2025,35,2025-11-03,Criciúma,6,35,15,10,10,44,32,12,55,-1,Meio,0
2025,35,2025-11-03,Goiás,7,35,15,10,10,39,34,5,55,-1,Meio,0
2025,35,2025-11-03,CRB,8,35,15,7,13,41,35,6,52,-4,Meio,0
2025,35,2025-11-03,Avaí,9,35,13,12,10,45,37,8,51,-5,Meio,0
2025,35,2025-11-03,Atlético-GO,10,35,13,12,10,39,36,3,51,-5,Meio,0
2025,35,2025-11-03,Cuiabá,11,35,13,11,11,41,42,-1,50,-6,Meio,0
2025,35,2025-11-03,Vila Nova,12,35,11,12,12,36,38,-2,45,-11,Meio,0
2025,35,2025-11-03,Operário-PR,13,35,11,10,14,36,41,-5,43,-13,Meio,0
2025,35,2025-11-03,América-MG,14,35,11,9,15,39,42,-3,42,-14,Meio,0
2025,35,2025-11-03,Ferroviária,15,35,8,16,11,40,46,-6,40,-16,Meio,0
2025,35,2025-11-03,Botafogo-SP,16,35,9,11,15,31,50,-19,38,-18,Meio,0
2025,35,2025-11-03,Athletic,17,35,10,7,18,39,51,-12,37,-19,Cai,0
2025,35,2025-11-03,Amazonas,18,35,8,11,16,35,50,-15,35,-21,Cai,0
2025,35,2025-11-03,Volta Redonda,19,35,8,10,17,23,38,-15,34,-22,Cai,0
2025,35,2025-11-03,Paysandu,20,35,5,12,18,32,46,-14,27,-29,Cai,0
2025,36,2025-11-10,Coritiba,1,36,18,10,8,37,22,15,64,6,Sobe,0
2025,36,2025-11-10,Athletico-PR,2,36,17,8,11,50,42,8,59,1,Sobe,0
2025,36,2025-11-10,Remo,3,36,15,14,7,47,35,12,59,1,Sobe,0
2025,36,2025-11-10,Chapecoense,4,36,17,7,12,50,34,16,58,0,Sobe,0
2025,36,2025-11-10,Criciúma,5,36,16,10,10,45,32,13,58,0,Meio,0
2025,36,2025-11-10,Goiás,6,36,16,10,10,40,34,6,58,0,Meio,0
2025,36,2025-11-10,Novorizontino,7,36,14,15,7,40,31,9,57,-1,Meio,0
2025,36,2025-11-10,CRB,8,36,15,8,13,43,37,6,53,-5,Meio,0
2025,36,2025-11-10,Avaí,9,36,13,13,10,47,39,8,52,-6,Meio,0
2025,36,2025-11-10,Atlético-GO,10,36,13,12,11,39,37,2,51,-7,Meio,0
2025,36,2025-11-10,Cuiabá,11,36,13,11,12,41,43,-2,50,-8,Meio,0
2025,36,2025-11-10,Vila Nova,12,36,11,13,12,38,40,-2,46,-12,Meio,0
2025,36,2025-11-10,América-MG,13,36,12,9,15,40,42,-2,45,-13,Meio,0
2025,36,2025-11-10,Operário-PR,14,36,11,11,14,38,43,-5,44,-14,Meio,0
2025,36,2025-11-10,Botafogo-SP,15,36,10,11,15,32,50,-18,41,-17,Meio,0
2025,36,2025-11-10,Athletic,16,36,11,7,18,41,52,-11,40,-18,Meio,0
2025,36,2025-11-10,Ferroviária,17,36,8,16,12,41,48,-7,40,-18,Cai,0
2025,36,2025-11-10,Amazonas,18,36,8,11,17,35,51,-16,35,-23,Cai,0
2025,36,2025-11-10,Volta Redonda,19,36,8,10,18,23,40,-17,34,-24,Cai,0
2025,36,2025-11-10,Paysandu,20,36,5,12,19,33,48,-15,27,-31,Cai,0
2025,37,2025-11-16,Coritiba,1,37,18,11,8,37,22,15,65,4,Sobe,0
2025,37,2025-11-16,Athletico-PR,2,37,18,8,11,52,43,9,62,1,Sobe,0
2025,37,2025-11-16,Criciúma,3,37,17,10,10,47,32,15,61,0,Sobe,0
2025,37,2025-11-16,Goiás,4,37,17,10,10,41,34,7,61,0,Sobe,0
2025,37,2025-11-16,Chapecoense,5,37,17,8,12,51,35,16,59,-2,Meio,0
2025,37,2025-11-16,Remo,6,37,15,14,8,48,38,10,59,-2,Meio,0
2025,37,2025-11-16,Novorizontino,7,37,14,15,8,40,32,8,57,-4,Meio,0
2025,37,2025-11-16,CRB,8,37,16,8,13,45,37,8,56,-5,Meio,0
2025,37,2025-11-16,Avaí,9,37,14,13,10,50,40,10,55,-6,Meio,0
2025,37,2025-11-16,Atlético-GO,10,37,13,13,11,39,37,2,52,-9,Meio,0
2025,37,2025-11-16,Cuiabá,11,37,13,12,12,42,44,-2,51,-10,Meio,0
2025,37,2025-11-16,América-MG,12,37,12,10,15,41,43,-2,46,-15,Meio,0
2025,37,2025-11-16,Vila Nova,13,37,11,13,13,38,42,-4,46,-15,Meio,0
2025,37,2025-11-16,Operário-PR,14,37,11,12,14,38,43,-5,45,-16,Meio,0
2025,37,2025-11-16,Athletic,15,37,11,8,18,41,52,-11,41,-20,Meio,0
2025,37,2025-11-16,Botafogo-SP,16,37,10,11,16,32,52,-20,41,-20,Meio,0
2025,37,2025-11-16,Ferroviária,17,37,8,16,13,42,50,-8,40,-21,Cai,0
2025,37,2025-11-16,Amazonas,18,37,8,12,17,37,53,-16,36,-25,Cai,0
2025,37,2025-11-16,Volta Redonda,19,37,8,11,18,24,41,-17,35,-26,Cai,0
2025,37,2025-11-16,Paysandu,20,37,5,13,19,35,50,-15,28,-33,Cai,0
2025,38,2025-11-23,Coritiba,1,38,19,11,8,39,23,16,68,6,Sobe,0
2025,38,2025-11-23,Athletico-PR,2,38,19,8,11,53,43,10,65,3,Sobe,0
2025,38,2025-11-23,Chapecoense,3,38,18,8,12,52,35,17,62,0,Sobe,0
2025,38,2025-11-23,Remo,4,38,16,14,8,51,39,12,62,0,Sobe,0
2025,38,2025-11-23,Criciúma,5,38,17,10,11,47,33,14,61,-1,Meio,0
2025,38,2025-11-23,Goiás,6,38,17,10,11,42,37,5,61,-1,Meio,0
2025,38,2025-11-23,Novorizontino,7,38,15,15,8,43,32,11,60,-2,Meio,0
2025,38,2025-11-23,CRB,8,38,16,8,14,45,40,5,56,-6,Meio,0
2025,38,2025-11-23,Avaí,9,38,14,14,10,50,40,10,56,-6,Meio,0
2025,38,2025-11-23,Cuiabá,10,38,14,12,12,43,44,-1,54,-8,Meio,0
2025,38,2025-11-23,Atlético-GO,11,38,13,13,12,39,38,1,52,-10,Meio,0
2025,38,2025-11-23,Operário-PR,12,38,12,12,14,40,44,-4,48,-14,Meio,0
2025,38,2025-11-23,Vila Nova,13,38,11,14,13,40,44,-4,47,-15,Meio,0
2025,38,2025-11-23,América-MG,14,38,12,10,16,41,44,-3,46,-16,Meio,0
2025,38,2025-11-23,Athletic,15,38,12,8,18,43,53,-10,44,-18,Meio,0
2025,38,2025-11-23,Botafogo-SP,16,38,10,12,16,32,52,-20,42,-20,Meio,0
2025,38,2025-11-23,Ferroviária,17,38,8,16,14,43,52,-9,40,-22,Cai,0
2025,38,2025-11-23,Amazonas,18,38,8,12,18,38,55,-17,36,-26,Cai,0
2025,38,2025-11-23,Volta Redonda,19,38,8,12,18,26,43,-17,36,-26,Cai,0
2025,38,2025-11-23,Paysandu,20,38,5,13,20,36,52,-16,28,-34,Cai,0
2026,1,2026-03-23,Botafogo-SP,1,1,1,0,0,4,0,4,3,0,Sobe,0
2026,1,2026-03-23,Goiás,2,1,1,0,0,3,1,2,3,0,Sobe,0
2026,1,2026-03-23,Londrina,3,1,1,0,0,3,1,2,3,0,Sobe,1
2026,1,2026-03-23,Avaí,4,1,1,0,0,2,0,2,3,0,Sobe,0
2026,1,2026-03-23,Athletic,5,1,1,0,0,2,1,1,3,0,Meio,0
2026,1,2026-03-23,Criciúma,6,1,1,0,0,1,0,1,3,0,Meio,1
2026,1,2026-03-23,Operário-PR,7,1,1,0,0,1,0,1,3,0,Meio,0
2026,1,2026-03-23,CRB,8,1,0,1,0,2,2,0,1,-2,Meio,0
2026,1,2026-03-23,Vila Nova,9,1,0,1,0,2,2,0,1,-2,Meio,1
2026,1,2026-03-23,Ceará,10,1,0,1,0,1,1,0,1,-2,Meio,1
2026,1,2026-03-23,São Bernardo,11,1,0,1,0,1,1,0,1,-2,Meio,1
2026,1,2026-03-23,Cuiabá,12,1,0,1,0,0,0,0,1,-2,Meio,0
2026,1,2026-03-23,Sport,13,1,0,1,0,0,0,0,1,-2,Meio,0
2026,1,2026-03-23,Ponte Preta,14,1,0,0,1,1,2,-1,0,-3,Meio,0
2026,1,2026-03-23,Atlético-GO,15,1,0,0,1,0,1,-1,0,-3,Meio,1
2026,1,2026-03-23,Náutico,16,1,0,0,1,0,1,-1,0,-3,Meio,0
2026,1,2026-03-23,América-MG,17,1,0,0,1,1,3,-2,0,-3,Cai,0
2026,1,2026-03-23,Novorizontino,18,1,0,0,1,1,3,-2,0,-3,Cai,0
2026,1,2026-03-23,Juventude,19,1,0,0,1,0,2,-2,0,-3,Cai,0
2026,1,2026-03-23,Fortaleza,20,1,0,0,1,0,4,-4,0,-3,Cai,0
2026,2,2026-04-03,Botafogo-SP,1,2,2,0,0,6,1,5,6,2,Sobe,0
2026,2,2026-04-03,Avaí,2,2,2,0,0,3,0,3,6,2,Sobe,0
2026,2,2026-04-03,Operário-PR,3,2,2,0,0,3,1,2,6,2,Sobe,0
2026,2,2026-04-03,Goiás,4,2,1,1,0,5,3,2,4,0,Sobe,0
2026,2,2026-04-03,Londrina,5,2,1,1,0,5,3,2,4,0,Meio,1
2026,2,2026-04-03,Athletic,6,2,1,1,0,3,2,1,4,0,Meio,0
2026,2,2026-04-03,Criciúma,7,2,1,1,0,2,1,1,4,0,Meio,1
2026,2,2026-04-03,Náutico,8,2,1,0,1,2,2,0,3,-1,Meio,0
2026,2,2026-04-03,Vila Nova,9,2,0,2,0,3,3,0,2,-2,Meio,1
2026,2,2026-04-03,Ceará,10,2,0,2,0,2,2,0,2,-2,Meio,1
2026,2,2026-04-03,Sport,11,2,0,2,0,1,1,0,2,-2,Meio,0
2026,2,2026-04-03,Cuiabá,12,2,0,2,0,0,0,0,2,-2,Meio,0
2026,2,2026-04-03,CRB,13,2,0,1,1,2,3,-1,1,-3,Meio,0
2026,2,2026-04-03,Ponte Preta,14,2,0,1,1,2,3,-1,1,-3,Meio,0
2026,2,2026-04-03,São Bernardo,15,2,0,1,1,2,3,-1,1,-3,Meio,1
2026,2,2026-04-03,Novorizontino,16,2,0,1,1,1,3,-2,1,-3,Meio,0
2026,2,2026-04-03,Juventude,17,2,0,1,1,0,2,-2,1,-3,Cai,0
2026,2,2026-04-03,Fortaleza,18,2,0,1,1,0,4,-4,1,-3,Cai,0
2026,2,2026-04-03,Atlético-GO,19,2,0,0,2,1,3,-2,0,-4,Cai,1
2026,2,2026-04-03,América-MG,20,2,0,0,2,2,5,-3,0,-4,Cai,0
2026,3,2026-04-07,Goiás,1,3,2,1,0,6,3,3,7,1,Sobe,0
2026,3,2026-04-07,Avaí,2,3,2,1,0,3,0,3,7,1,Sobe,0
2026,3,2026-04-07,Operário-PR,3,3,2,1,0,3,1,2,7,1,Sobe,0
2026,3,2026-04-07,Botafogo-SP,4,3,2,0,1,7,3,4,6,0,Sobe,0
2026,3,2026-04-07,Náutico,5,3,2,0,1,3,2,1,6,0,Meio,0
2026,3,2026-04-07,Ceará,6,3,1,2,0,4,2,2,5,-1,Meio,1
2026,3,2026-04-07,Vila Nova,7,3,1,2,0,5,4,1,5,-1,Meio,1
2026,3,2026-04-07,Athletic,8,3,1,2,0,4,3,1,5,-1,Meio,0
2026,3,2026-04-07,Sport,9,3,1,2,0,3,2,1,5,-1,Meio,0
2026,3,2026-04-07,Londrina,10,3,1,1,1,6,5,1,4,-2,Meio,1
2026,3,2026-04-07,São Bernardo,11,3,1,1,1,4,4,0,4,-2,Meio,1
2026,3,2026-04-07,Criciúma,12,3,1,1,1,2,2,0,4,-2,Meio,1
2026,3,2026-04-07,Fortaleza,13,3,1,1,1,2,5,-3,4,-2,Meio,0
2026,3,2026-04-07,CRB,14,3,0,2,1,3,4,-1,2,-4,Meio,0
2026,3,2026-04-07,Novorizontino,15,3,0,2,1,2,4,-2,2,-4,Meio,0
2026,3,2026-04-07,Cuiabá,16,3,0,2,1,0,2,-2,2,-4,Meio,0
2026,3,2026-04-07,Ponte Preta,17,3,0,1,2,2,4,-2,1,-5,Cai,0
2026,3,2026-04-07,América-MG,18,3,0,1,2,3,6,-3,1,-5,Cai,0
2026,3,2026-04-07,Juventude,19,3,0,1,2,1,4,-3,1,-5,Cai,0
2026,3,2026-04-07,Atlético-GO,20,3,0,0,3,2,5,-3,0,-6,Cai,1
2026,4,2026-04-13,Avaí,1,4,2,2,0,5,2,3,8,0,Sobe,0
2026,4,2026-04-13,Ceará,2,4,2,2,0,5,2,3,8,0,Sobe,1
2026,4,2026-04-13,Athletic,3,4,2,2,0,7,5,2,8,0,Sobe,0
2026,4,2026-04-13,Vila Nova,4,4,2,2,0,6,4,2,8,0,Sobe,1
2026,4,2026-04-13,Operário-PR,5,4,2,2,0,3,1,2,8,0,Meio,0
2026,4,2026-04-13,Goiás,6,4,2,1,1,6,5,1,7,-1,Meio,0
2026,4,2026-04-13,Criciúma,7,4,2,1,1,3,2,1,7,-1,Meio,1
2026,4,2026-04-13,Fortaleza,8,4,2,1,1,3,5,-2,7,-1,Meio,0
2026,4,2026-04-13,Botafogo-SP,9,4,2,0,2,7,4,3,6,-2,Meio,0
2026,4,2026-04-13,Náutico,10,4,2,0,2,3,3,0,6,-2,Meio,0
2026,4,2026-04-13,Sport,11,4,1,3,0,5,4,1,6,-2,Meio,0
2026,4,2026-04-13,Novorizontino,12,4,1,2,1,5,4,1,5,-3,Meio,0
2026,4,2026-04-13,Londrina,13,4,1,1,2,7,7,0,4,-4,Meio,1
2026,4,2026-04-13,São Bernardo,14,4,1,1,2,4,5,-1,4,-4,Meio,1
2026,4,2026-04-13,Juventude,15,4,1,1,2,3,4,-1,4,-4,Meio,0
2026,4,2026-04-13,Atlético-GO,16,4,1,0,3,4,6,-2,3,-5,Meio,1
2026,4,2026-04-13,Cuiabá,17,4,0,3,1,0,2,-2,3,-5,Cai,0
2026,4,2026-04-13,CRB,18,4,0,2,2,5,7,-2,2,-6,Cai,0
2026,4,2026-04-13,Ponte Preta,19,4,0,1,3,2,5,-3,1,-7,Cai,0
2026,4,2026-04-13,América-MG,20,4,0,1,3,3,9,-6,1,-7,Cai,0
2026,5,2026-04-20,Vila Nova,1,5,3,2,0,8,5,3,11,3,Sobe,1
2026,5,2026-04-20,Fortaleza,2,5,3,1,1,6,7,-1,10,2,Sobe,0
2026,5,2026-04-20,Ceará,3,5,2,3,0,5,2,3,9,1,Sobe,1
2026,5,2026-04-20,Novorizontino,4,5,2,2,1,7,5,2,8,0,Sobe,0
2026,5,2026-04-20,Avaí,5,5,2,2,1,6,4,2,8,0,Meio,0
2026,5,2026-04-20,Athletic,6,5,2,2,1,8,7,1,8,0,Meio,0
2026,5,2026-04-20,Operário-PR,7,5,2,2,1,4,3,1,8,0,Meio,0
2026,5,2026-04-20,Botafogo-SP,8,5,2,1,2,8,5,3,7,-1,Meio,0
2026,5,2026-04-20,São Bernardo,9,5,2,1,2,7,5,2,7,-1,Meio,1
2026,5,2026-04-20,Criciúma,10,5,2,1,2,5,5,0,7,-1,Meio,1
2026,5,2026-04-20,Juventude,11,5,2,1,2,4,4,0,7,-1,Meio,0
2026,5,2026-04-20,Goiás,12,5,2,1,2,6,7,-1,7,-1,Meio,0
2026,5,2026-04-20,Sport,13,5,1,4,0,5,4,1,7,-1,Meio,0
2026,5,2026-04-20,Náutico,14,5,2,0,3,3,6,-3,6,-2,Meio,0
2026,5,2026-04-20,Cuiabá,15,5,1,3,1,2,2,0,6,-2,Meio,0
2026,5,2026-04-20,Londrina,16,5,1,2,2,7,7,0,5,-3,Meio,1
2026,5,2026-04-20,Atlético-GO,17,5,1,1,3,5,7,-2,4,-4,Cai,1
2026,5,2026-04-20,Ponte Preta,18,5,1,1,3,4,6,-2,4,-4,Cai,0
2026,5,2026-04-20,CRB,19,5,0,2,3,5,8,-3,2,-6,Cai,0
2026,5,2026-04-20,América-MG,20,5,0,2,3,3,9,-6,2,-6,Cai,0
2026,6,2026-04-28,Vila Nova,1,6,3,3,0,11,8,3,12,2,Sobe,1
2026,6,2026-04-28,Fortaleza,2,6,3,2,1,6,7,-1,11,1,Sobe,0
2026,6,2026-04-28,São Bernardo,3,6,3,1,2,8,5,3,10,0,Sobe,1
2026,6,2026-04-28,Criciúma,4,6,3,1,2,8,6,2,10,0,Sobe,1
2026,6,2026-04-28,Juventude,5,6,3,1,2,5,4,1,10,0,Meio,0
2026,6,2026-04-28,Ceará,6,6,2,4,0,8,5,3,10,0,Meio,1
2026,6,2026-04-28,Sport,7,6,2,4,0,6,4,2,10,0,Meio,0
2026,6,2026-04-28,Náutico,8,6,3,0,3,4,6,-2,9,-1,Meio,0
2026,6,2026-04-28,Operário-PR,9,6,2,3,1,4,3,1,9,-1,Meio,0
2026,6,2026-04-28,Botafogo-SP,10,6,2,2,2,9,6,3,8,-2,Meio,0
2026,6,2026-04-28,Avaí,11,6,2,2,2,7,6,1,8,-2,Meio,0
2026,6,2026-04-28,Novorizontino,12,6,2,2,2,7,6,1,8,-2,Meio,0
2026,6,2026-04-28,Athletic,13,6,2,2,2,8,8,0,8,-2,Meio,0
2026,6,2026-04-28,Atlético-GO,14,6,2,1,3,7,8,-1,7,-3,Meio,1
2026,6,2026-04-28,Ponte Preta,15,6,2,1,3,5,6,-1,7,-3,Meio,0
2026,6,2026-04-28,Goiás,16,6,2,1,3,6,8,-2,7,-3,Meio,0
2026,6,2026-04-28,Cuiabá,17,6,1,4,1,3,3,0,7,-3,Cai,0
2026,6,2026-04-28,Londrina,18,6,1,2,3,7,8,-1,5,-5,Cai,1
2026,6,2026-04-28,CRB,19,6,0,2,4,6,11,-5,2,-8,Cai,0
2026,6,2026-04-28,América-MG,20,6,0,2,4,3,10,-7,2,-8,Cai,0
2026,7,2026-05-05,Fortaleza,1,7,4,2,1,10,8,2,14,1,Sobe,0
2026,7,2026-05-05,São Bernardo,2,7,4,1,2,11,5,6,13,0,Sobe,1
2026,7,2026-05-05,Sport,3,7,3,4,0,8,4,4,13,0,Sobe,0
2026,7,2026-05-05,Vila Nova,4,7,3,4,0,12,9,3,13,0,Sobe,1
2026,7,2026-05-05,Operário-PR,5,7,3,3,1,7,3,4,12,-1,Meio,0
2026,7,2026-05-05,Criciúma,6,7,3,2,2,9,7,2,11,-2,Meio,1
2026,7,2026-05-05,Juventude,7,7,3,2,2,5,4,1,11,-2,Meio,0
2026,7,2026-05-05,Náutico,8,7,3,1,3,5,7,-2,10,-3,Meio,0
2026,7,2026-05-05,Ceará,9,7,2,4,1,8,7,1,10,-3,Meio,1
2026,7,2026-05-05,Botafogo-SP,10,7,2,3,2,10,7,3,9,-4,Meio,0
2026,7,2026-05-05,Avaí,11,7,2,3,2,10,9,1,9,-4,Meio,0
2026,7,2026-05-05,Novorizontino,12,7,2,3,2,10,9,1,9,-4,Meio,0
2026,7,2026-05-05,Athletic,13,7,2,3,2,9,9,0,9,-4,Meio,0
2026,7,2026-05-05,Atlético-GO,14,7,2,2,3,7,8,-1,8,-5,Meio,1
2026,7,2026-05-05,Cuiabá,15,7,1,5,1,4,4,0,8,-5,Meio,0
2026,7,2026-05-05,Ponte Preta,16,7,2,1,4,5,9,-4,7,-6,Meio,0
2026,7,2026-05-05,Goiás,17,7,2,1,4,7,12,-5,7,-6,Cai,0
2026,7,2026-05-05,CRB,18,7,1,2,4,8,12,-4,5,-8,Cai,0
2026,7,2026-05-05,Londrina,19,7,1,2,4,7,11,-4,5,-8,Cai,1
2026,7,2026-05-05,América-MG,20,7,0,2,5,4,12,-8,2,-11,Cai,0
2026,8,2026-05-13,São Bernardo,1,8,5,1,2,14,6,8,16,3,Sobe,1
2026,8,2026-05-13,Sport,2,8,4,4,0,11,5,6,16,3,Sobe,0
2026,8,2026-05-13,Fortaleza,3,8,4,3,1,10,8,2,15,2,Sobe,0
2026,8,2026-05-13,Náutico,4,8,4,1,3,9,7,2,13,0,Sobe,0
2026,8,2026-05-13,Vila Nova,5,8,3,4,1,12,10,2,13,0,Meio,1
2026,8,2026-05-13,Novorizontino,6,8,3,3,2,11,9,2,12,-1,Meio,0
2026,8,2026-05-13,Criciúma,7,8,3,3,2,9,7,2,12,-1,Meio,1
2026,8,2026-05-13,Operário-PR,8,8,3,3,2,7,6,1,12,-1,Meio,0
2026,8,2026-05-13,Juventude,9,8,3,3,2,5,4,1,12,-1,Meio,0
2026,8,2026-05-13,Atlético-GO,10,8,3,2,3,8,8,0,11,-2,Meio,1
2026,8,2026-05-13,Goiás,11,8,3,1,4,8,12,-4,10,-3,Meio,0
2026,8,2026-05-13,Avaí,12,8,2,4,2,10,9,1,10,-3,Meio,0
2026,8,2026-05-13,Athletic,13,8,2,4,2,9,9,0,10,-3,Meio,0
2026,8,2026-05-13,Ceará,14,8,2,4,2,8,8,0,10,-3,Meio,1
2026,8,2026-05-13,Botafogo-SP,15,8,2,3,3,10,8,2,9,-4,Meio,0
2026,8,2026-05-13,Cuiabá,16,8,1,6,1,4,4,0,9,-4,Meio,0
2026,8,2026-05-13,CRB,17,8,2,2,4,11,12,-1,8,-5,Cai,0
2026,8,2026-05-13,Ponte Preta,18,8,2,1,5,6,12,-6,7,-6,Cai,0
2026,8,2026-05-13,Londrina,19,8,1,2,5,8,14,-6,5,-8,Cai,1
2026,8,2026-05-13,América-MG,20,8,0,2,6,4,16,-12,2,-11,Cai,0
2026,9,2026-05-19,São Bernardo,1,9,5,2,2,15,7,8,17,1,Sobe,1
2026,9,2026-05-19,Náutico,2,9,5,1,3,15,9,6,16,0,Sobe,0
2026,9,2026-05-19,Sport,3,9,4,4,1,12,7,5,16,0,Sobe,0
2026,9,2026-05-19,Vila Nova,4,9,4,4,1,14,10,4,16,0,Sobe,1
2026,9,2026-05-19,Fortaleza,5,9,4,3,2,11,10,1,15,-1,Meio,0
2026,9,2026-05-19,Goiás,6,9,4,1,4,9,12,-3,13,-3,Meio,0
2026,9,2026-05-19,Novorizontino,7,9,3,4,2,11,9,2,13,-3,Meio,0
2026,9,2026-05-19,Criciúma,8,9,3,4,2,10,8,2,13,-3,Meio,1
2026,9,2026-05-19,Ceará,9,9,3,4,2,10,9,1,13,-3,Meio,1
2026,9,2026-05-19,Juventude,10,9,3,4,2,6,5,1,13,-3,Meio,0
2026,9,2026-05-19,Atlético-GO,11,9,3,3,3,9,9,0,12,-4,Meio,1
2026,9,2026-05-19,Operário-PR,12,9,3,3,3,9,12,-3,12,-4,Meio,0
2026,9,2026-05-19,CRB,13,9,3,2,4,13,13,0,11,-5,Meio,0
2026,9,2026-05-19,Athletic,14,9,2,5,2,10,10,0,11,-5,Meio,0
2026,9,2026-05-19,Avaí,15,9,2,4,3,10,11,-1,10,-6,Meio,0
2026,9,2026-05-19,Cuiabá,16,9,1,7,1,4,4,0,10,-6,Meio,0
2026,9,2026-05-19,Botafogo-SP,17,9,2,3,4,10,9,1,9,-7,Cai,0
2026,9,2026-05-19,Londrina,18,9,2,2,5,12,15,-3,8,-8,Cai,1
2026,9,2026-05-19,Ponte Preta,19,9,2,1,6,7,16,-9,7,-9,Cai,0
2026,9,2026-05-19,América-MG,20,9,0,3,6,5,17,-12,3,-13,Cai,0
2026,10,2026-05-26,São Bernardo,1,10,6,2,2,16,7,9,20,1,Sobe,1
2026,10,2026-05-26,Náutico,2,10,6,1,3,16,9,7,19,0,Sobe,0
2026,10,2026-05-26,Sport,3,10,5,4,1,13,7,6,19,0,Sobe,0
2026,10,2026-05-26,Vila Nova,4,10,5,4,1,16,11,5,19,0,Sobe,1
2026,10,2026-05-26,Fortaleza,5,10,5,3,2,14,10,4,18,-1,Meio,0
2026,10,2026-05-26,Goiás,6,10,5,1,4,11,12,-1,16,-3,Meio,0
2026,10,2026-05-26,Novorizontino,7,10,4,4,2,13,10,3,16,-3,Meio,0
2026,10,2026-05-26,CRB,8,10,4,2,4,17,15,2,14,-5,Meio,0
2026,10,2026-05-26,Criciúma,9,10,3,5,2,11,9,2,14,-5,Meio,1
2026,10,2026-05-26,Athletic,10,10,3,5,2,12,11,1,14,-5,Meio,0
2026,10,2026-05-26,Ceará,11,10,3,4,3,11,11,0,13,-6,Meio,1
2026,10,2026-05-26,Juventude,12,10,3,4,3,6,6,0,13,-6,Meio,0
2026,10,2026-05-26,Operário-PR,13,10,3,4,3,10,13,-3,13,-6,Meio,0
2026,10,2026-05-26,Atlético-GO,14,10,3,3,4,9,10,-1,12,-7,Meio,1
2026,10,2026-05-26,Avaí,15,10,2,4,4,10,13,-3,10,-9,Meio,0
2026,10,2026-05-26,Cuiabá,16,10,1,7,2,4,5,-1,10,-9,Meio,0
2026,10,2026-05-26,Botafogo-SP,17,10,2,3,5,11,11,0,9,-10,Cai,0
2026,10,2026-05-26,Londrina,18,10,2,2,6,12,18,-6,8,-11,Cai,1
2026,10,2026-05-26,Ponte Preta,19,10,2,1,7,9,20,-11,7,-12,Cai,0
2026,10,2026-05-26,América-MG,20,10,0,3,7,6,19,-13,3,-16,Cai,0
2026,11,2026-06-02,Sport,1,11,6,4,1,15,7,8,22,3,Sobe,0
2026,11,2026-06-02,Vila Nova,2,11,6,4,1,17,11,6,22,3,Sobe,1
2026,11,2026-06-02,São Bernardo,3,11,6,3,2,17,8,9,21,2,Sobe,1
2026,11,2026-06-02,Náutico,4,11,6,1,4,16,11,5,19,0,Sobe,0
2026,11,2026-06-02,Fortaleza,5,11,5,3,3,14,11,3,18,-1,Meio,0
2026,11,2026-06-02,Goiás,6,11,5,2,4,12,13,-1,17,-2,Meio,0
2026,11,2026-06-02,Novorizontino,7,11,4,5,2,14,11,3,17,-2,Meio,0
2026,11,2026-06-02,Criciúma,8,11,4,5,2,13,10,3,17,-2,Meio,1
2026,11,2026-06-02,Athletic,9,11,4,5,2,13,11,2,17,-2,Meio,0
2026,11,2026-06-02,Juventude,10,11,4,4,3,9,6,3,16,-3,Meio,0
2026,11,2026-06-02,Operário-PR,11,11,4,4,3,12,14,-2,16,-3,Meio,0
2026,11,2026-06-02,CRB,12,11,4,2,5,17,17,0,14,-5,Meio,0
2026,11,2026-06-02,Ceará,13,11,3,4,4,12,13,-1,13,-6,Meio,1
2026,11,2026-06-02,Atlético-GO,14,11,3,4,4,10,11,-1,13,-6,Meio,1
2026,11,2026-06-02,Cuiabá,15,11,2,7,2,6,5,1,13,-6,Meio,0
2026,11,2026-06-02,Botafogo-SP,16,11,2,4,5,11,11,0,10,-9,Meio,0
2026,11,2026-06-02,Avaí,17,11,2,4,5,11,15,-4,10,-9,Cai,0
2026,11,2026-06-02,Londrina,18,11,2,2,7,12,19,-7,8,-11,Cai,1
2026,11,2026-06-02,Ponte Preta,19,11,2,2,7,9,20,-11,8,-11,Cai,0
2026,11,2026-06-02,América-MG,20,11,0,3,8,6,22,-16,3,-16,Cai,0
2026,12,2026-06-11,Vila Nova,1,12,7,4,1,18,11,7,25,4,Sobe,1
2026,12,2026-06-11,São Bernardo,2,12,7,3,2,20,10,10,24,3,Sobe,1
2026,12,2026-06-11,Sport,3,12,6,5,1,16,8,8,23,2,Sobe,0
2026,12,2026-06-11,Fortaleza,4,12,6,3,3,15,11,4,21,0,Sobe,0
2026,12,2026-06-11,Novorizontino,5,12,5,5,2,18,11,7,20,-1,Meio,0
2026,12,2026-06-11,Criciúma,6,12,5,5,2,14,10,4,20,-1,Meio,1
2026,12,2026-06-11,Náutico,7,12,6,1,5,16,12,4,19,-2,Meio,0
2026,12,2026-06-11,Operário-PR,8,12,5,4,3,14,15,-1,19,-2,Meio,0
2026,12,2026-06-11,Athletic,9,12,4,6,2,14,12,2,18,-3,Meio,0
2026,12,2026-06-11,Goiás,10,12,5,2,5,12,17,-5,17,-4,Meio,0
2026,12,2026-06-11,Juventude,11,12,4,4,4,10,8,2,16,-5,Meio,0
2026,12,2026-06-11,Ceará,12,12,4,4,4,14,14,0,16,-5,Meio,1
2026,12,2026-06-11,Atlético-GO,13,12,4,4,4,12,12,0,16,-5,Meio,1
2026,12,2026-06-11,Cuiabá,14,12,3,7,2,8,6,2,16,-5,Meio,0
2026,12,2026-06-11,CRB,15,12,4,2,6,19,20,-1,14,-7,Meio,0
2026,12,2026-06-11,Botafogo-SP,16,12,2,4,6,11,12,-1,10,-11,Meio,0
2026,12,2026-06-11,Avaí,17,12,2,4,6,12,17,-5,10,-11,Cai,0
2026,12,2026-06-11,Londrina,18,12,2,2,8,12,20,-8,8,-13,Cai,1
2026,12,2026-06-11,Ponte Preta,19,12,2,2,8,10,22,-12,8,-13,Cai,0
2026,12,2026-06-11,América-MG,20,12,0,3,9,7,24,-17,3,-18,Cai,0
2026,13,2026-06-17,São Bernardo,1,13,7,4,2,20,10,10,25,4,Sobe,1
2026,13,2026-06-17,Vila Nova,2,13,7,4,2,18,12,6,25,4,Sobe,1
2026,13,2026-06-17,Sport,3,13,6,6,1,16,8,8,24,3,Sobe,0
2026,13,2026-06-17,Fortaleza,4,13,6,3,4,15,14,1,21,0,Sobe,0
2026,13,2026-06-17,Novorizontino,5,13,5,6,2,20,13,7,21,0,Meio,0
2026,13,2026-06-17,Criciúma,6,13,5,6,2,15,11,4,21,0,Meio,1
2026,13,2026-06-17,Náutico,7,13,6,2,5,18,14,4,20,-1,Meio,0
2026,13,2026-06-17,Juventude,8,13,5,4,4,13,8,5,19,-2,Meio,0
2026,13,2026-06-17,Operário-PR,9,13,5,4,4,15,17,-2,19,-2,Meio,0
2026,13,2026-06-17,Cuiabá,10,13,4,7,2,9,6,3,19,-2,Meio,0
2026,13,2026-06-17,Athletic,11,13,4,7,2,15,13,2,19,-2,Meio,0
2026,13,2026-06-17,Goiás,12,13,5,3,5,13,18,-5,18,-3,Meio,0
2026,13,2026-06-17,Atlético-GO,13,13,4,5,4,15,15,0,17,-4,Meio,1
2026,13,2026-06-17,Ceará,14,13,4,5,4,15,15,0,17,-4,Meio,1
2026,13,2026-06-17,CRB,15,13,4,3,6,22,23,-1,15,-6,Meio,0
2026,13,2026-06-17,Botafogo-SP,16,13,3,4,6,13,13,0,13,-8,Meio,0
2026,13,2026-06-17,Londrina,17,13,3,2,8,15,22,-7,11,-10,Cai,1
2026,13,2026-06-17,Avaí,18,13,2,4,7,14,20,-6,10,-11,Cai,0
2026,13,2026-06-17,Ponte Preta,19,13,2,2,9,10,25,-15,8,-13,Cai,0
2026,13,2026-06-17,América-MG,20,13,1,3,9,10,24,-14,6,-15,Cai,0
2026,14,2026-06-24,Vila Nova,1,14,8,4,2,22,15,7,28,4,Sobe,1
2026,14,2026-06-24,São Bernardo,2,14,7,4,3,20,11,9,25,1,Sobe,1
2026,14,2026-06-24,Sport,3,14,6,7,1,17,9,8,25,1,Sobe,0
2026,14,2026-06-24,Novorizontino,4,14,6,6,2,22,13,9,24,0,Sobe,0
2026,14,2026-06-24,Criciúma,5,14,6,6,2,16,11,5,24,0,Meio,1
2026,14,2026-06-24,Juventude,6,14,6,4,4,14,8,6,22,-2,Meio,0
2026,14,2026-06-24,Operário-PR,7,14,6,4,4,18,17,1,22,-2,Meio,0
2026,14,2026-06-24,Fortaleza,8,14,6,4,4,16,15,1,22,-2,Meio,0
2026,14,2026-06-24,Náutico,9,14,6,2,6,21,18,3,20,-4,Meio,0
2026,14,2026-06-24,Cuiabá,10,14,4,7,3,9,7,2,19,-5,Meio,0
2026,14,2026-06-24,Athletic,11,14,4,7,3,15,15,0,19,-5,Meio,0
2026,14,2026-06-24,Goiás,12,14,5,3,6,13,21,-8,18,-6,Meio,0
2026,14,2026-06-24,Atlético-GO,13,14,4,6,4,16,16,0,18,-6,Meio,1
2026,14,2026-06-24,Ceará,14,14,4,5,5,15,16,-1,17,-7,Meio,1
2026,14,2026-06-24,Botafogo-SP,15,14,4,4,6,14,13,1,16,-8,Meio,0
2026,14,2026-06-24,CRB,16,14,4,4,6,23,24,-1,16,-8,Meio,0
2026,14,2026-06-24,Londrina,17,14,4,2,8,17,22,-5,14,-10,Cai,1
2026,14,2026-06-24,Avaí,18,14,3,4,7,15,20,-5,13,-11,Cai,0
2026,14,2026-06-24,Ponte Preta,19,14,2,2,10,10,27,-17,8,-16,Cai,0
2026,14,2026-06-24,América-MG,20,14,1,3,10,10,25,-15,6,-18,Cai,0
2026,15,2026-07-01,Vila Nova,1,15,8,4,3,23,17,6,28,3,Sobe,1
2026,15,2026-07-01,Novorizontino,2,15,7,6,2,24,14,10,27,2,Sobe,0
2026,15,2026-07-01,Criciúma,3,15,7,6,2,17,11,6,27,2,Sobe,1
2026,15,2026-07-01,São Bernardo,4,15,7,4,4,20,12,8,25,0,Sobe,1
2026,15,2026-07-01,Juventude,5,15,7,4,4,16,8,8,25,0,Meio,0
2026,15,2026-07-01,Operário-PR,6,15,7,4,4,19,17,2,25,0,Meio,0
2026,15,2026-07-01,Fortaleza,7,15,7,4,4,18,16,2,25,0,Meio,0
2026,15,2026-07-01,Sport,8,15,6,7,2,18,11,7,25,0,Meio,0
2026,15,2026-07-01,Athletic,9,15,5,7,3,16,15,1,22,-3,Meio,0
2026,15,2026-07-01,Goiás,10,15,6,3,6,14,21,-7,21,-4,Meio,0
2026,15,2026-07-01,Atlético-GO,11,15,5,6,4,18,16,2,21,-4,Meio,1
2026,15,2026-07-01,Náutico,12,15,6,2,7,21,19,2,20,-5,Meio,0
2026,15,2026-07-01,Cuiabá,13,15,4,8,3,11,9,2,20,-5,Meio,0
2026,15,2026-07-01,CRB,14,15,5,4,6,24,24,0,19,-6,Meio,0
2026,15,2026-07-01,Ceará,15,15,4,5,6,15,18,-3,17,-8,Meio,1
2026,15,2026-07-01,Botafogo-SP,16,15,4,4,7,14,14,0,16,-9,Meio,0
2026,15,2026-07-01,Londrina,17,15,4,3,8,19,24,-5,15,-10,Cai,1
2026,15,2026-07-01,Avaí,18,15,3,4,8,15,21,-6,13,-12,Cai,0
2026,15,2026-07-01,Ponte Preta,19,15,2,2,11,10,29,-19,8,-17,Cai,0
2026,15,2026-07-01,América-MG,20,15,1,3,11,10,26,-16,6,-19,Cai,0
2026,16,2026-07-08,Vila Nova,1,16,9,4,3,25,18,7,31,3,Sobe,1
2026,16,2026-07-08,Novorizontino,2,16,8,6,2,27,14,13,30,2,Sobe,0
2026,16,2026-07-08,Criciúma,3,16,8,6,2,18,11,7,30,2,Sobe,1
2026,16,2026-07-08,Fortaleza,4,16,8,4,4,20,16,4,28,0,Sobe,0
2026,16,2026-07-08,Operário-PR,5,16,8,4,4,20,17,3,28,0,Meio,0
2026,16,2026-07-08,Juventude,6,16,7,5,4,16,8,8,26,-2,Meio,0
2026,16,2026-07-08,São Bernardo,7,16,7,4,5,21,14,7,25,-3,Meio,1
2026,16,2026-07-08,Sport,8,16,6,7,3,18,12,6,25,-3,Meio,0
2026,16,2026-07-08,Goiás,9,16,7,3,6,16,21,-5,24,-4,Meio,0
2026,16,2026-07-08,Cuiabá,10,16,5,8,3,12,9,3,23,-5,Meio,0
2026,16,2026-07-08,Athletic,11,16,5,7,4,16,16,0,22,-6,Meio,0
2026,16,2026-07-08,Náutico,12,16,6,3,7,21,19,2,21,-7,Meio,0
2026,16,2026-07-08,Atlético-GO,13,16,5,6,5,18,19,-1,21,-7,Meio,1
2026,16,2026-07-08,Botafogo-SP,14,16,5,4,7,17,15,2,19,-9,Meio,0
2026,16,2026-07-08,CRB,15,16,5,4,7,24,29,-5,19,-9,Meio,0
2026,16,2026-07-08,Londrina,16,16,5,3,8,24,24,0,18,-10,Meio,1
2026,16,2026-07-08,Ceará,17,16,4,5,7,15,20,-5,17,-11,Cai,1
2026,16,2026-07-08,Avaí,18,16,3,4,9,16,24,-8,13,-15,Cai,0
2026,16,2026-07-08,Ponte Preta,19,16,2,2,12,10,31,-21,8,-20,Cai,0
2026,16,2026-07-08,América-MG,20,16,1,3,12,10,27,-17,6,-22,Cai,0
2026,17,2026-07-14,Criciúma,1,17,9,6,2,20,12,8,33,3,Sobe,1
2026,17,2026-07-14,Vila Nova,2,17,9,4,4,25,19,6,31,1,Sobe,1
2026,17,2026-07-14,Operário-PR,3,17,9,4,4,22,18,4,31,1,Sobe,0
2026,17,2026-07-14,Novorizontino,4,17,8,6,3,28,16,12,30,0,Sobe,0
2026,17,2026-07-14,Juventude,5,17,8,5,4,17,8,9,29,-1,Meio,0
2026,17,2026-07-14,Fortaleza,6,17,8,4,5,20,17,3,28,-2,Meio,0
2026,17,2026-07-14,São Bernardo,7,17,7,5,5,23,16,7,26,-4,Meio,1
2026,17,2026-07-14,Sport,8,17,6,8,3,21,15,6,26,-4,Meio,0
2026,17,2026-07-14,Goiás,9,17,7,4,6,18,23,-5,25,-5,Meio,0
2026,17,2026-07-14,Atlético-GO,10,17,6,6,5,19,19,0,24,-6,Meio,1
2026,17,2026-07-14,Cuiabá,11,17,5,9,3,14,11,3,24,-6,Meio,0
2026,17,2026-07-14,Athletic,12,17,5,8,4,16,16,0,23,-7,Meio,0
2026,17,2026-07-14,Náutico,13,17,6,3,8,21,21,0,21,-9,Meio,0
2026,17,2026-07-14,Botafogo-SP,14,17,5,5,7,20,18,2,20,-10,Meio,0
2026,17,2026-07-14,CRB,15,17,5,5,7,26,31,-5,20,-10,Meio,0
2026,17,2026-07-14,Londrina,16,17,5,4,8,25,25,0,19,-11,Meio,1
2026,17,2026-07-14,Ceará,17,17,4,6,7,15,20,-5,18,-12,Cai,1
2026,17,2026-07-14,Avaí,18,17,4,4,9,18,24,-6,16,-14,Cai,0
2026,17,2026-07-14,Ponte Preta,19,17,2,2,13,11,33,-22,8,-22,Cai,0
2026,17,2026-07-14,América-MG,20,17,1,4,12,11,28,-17,7,-23,Cai,0
2026,18,2026-07-22,Criciúma,1,18,10,6,2,21,12,9,36,4,Sobe,1
2026,18,2026-07-22,Vila Nova,2,18,10,4,4,27,20,7,34,2,Sobe,1
2026,18,2026-07-22,Juventude,3,18,9,5,4,19,8,11,32,0,Sobe,0
2026,18,2026-07-22,Operário-PR,4,18,9,5,4,24,20,4,32,0,Sobe,0
2026,18,2026-07-22,Fortaleza,5,18,9,4,5,21,17,4,31,-1,Meio,0
2026,18,2026-07-22,Novorizontino,6,18,8,6,4,28,17,11,30,-2,Meio,0
2026,18,2026-07-22,Goiás,7,18,8,4,6,20,24,-4,28,-4,Meio,0
2026,18,2026-07-22,São Bernardo,8,18,7,6,5,24,17,7,27,-5,Meio,1
2026,18,2026-07-22,Sport,9,18,6,9,3,23,17,6,27,-5,Meio,0
2026,18,2026-07-22,Atlético-GO,10,18,6,7,5,19,19,0,25,-7,Meio,1
2026,18,2026-07-22,Cuiabá,11,18,5,9,4,14,13,1,24,-8,Meio,0
2026,18,2026-07-22,Athletic,12,18,5,9,4,16,16,0,24,-8,Meio,0
2026,18,2026-07-22,CRB,13,18,6,5,7,28,32,-4,23,-9,Meio,0
2026,18,2026-07-22,Náutico,14,18,6,3,9,22,23,-1,21,-11,Meio,0
2026,18,2026-07-22,Botafogo-SP,15,18,5,6,7,20,18,2,21,-11,Meio,0
2026,18,2026-07-22,Londrina,16,18,5,5,8,25,25,0,20,-12,Meio,1
2026,18,2026-07-22,Ceará,17,18,4,7,7,16,21,-5,19,-13,Cai,1
2026,18,2026-07-22,Avaí,18,18,4,5,9,19,25,-6,17,-15,Cai,0
2026,18,2026-07-22,Ponte Preta,19,18,2,2,14,12,35,-23,8,-24,Cai,0
2026,18,2026-07-22,América-MG,20,18,1,5,12,12,29,-17,8,-24,Cai,0
2026,19,2026-07-28,Criciúma,1,19,10,7,2,21,12,9,37,5,Sobe,1
2026,19,2026-07-28,Operário-PR,2,19,10,5,4,27,22,5,35,3,Sobe,0
2026,19,2026-07-28,Vila Nova,3,19,10,4,5,27,22,5,34,2,Sobe,1
2026,19,2026-07-28,Juventude,4,19,9,5,5,21,12,9,32,0,Sobe,0
2026,19,2026-07-28,Fortaleza,5,19,9,4,6,22,19,3,31,-1,Meio,0
2026,19,2026-07-28,Novorizontino,6,19,8,6,5,28,18,10,30,-2,Meio,0
2026,19,2026-07-28,Goiás,7,19,8,5,6,21,25,-4,29,-3,Meio,0
2026,19,2026-07-28,Atlético-GO,8,19,7,7,5,20,19,1,28,-4,Meio,1
2026,19,2026-07-28,Sport,9,19,6,10,3,24,18,6,28,-4,Meio,0
2026,19,2026-07-28,São Bernardo,10,19,7,6,6,25,19,6,27,-5,Meio,1
2026,19,2026-07-28,Athletic,11,19,6,9,4,18,17,1,27,-5,Meio,0
2026,19,2026-07-28,CRB,12,19,7,5,7,29,32,-3,26,-6,Meio,0
2026,19,2026-07-28,Náutico,13,19,7,3,9,24,24,0,24,-8,Meio,0
2026,19,2026-07-28,Botafogo-SP,14,19,6,6,7,24,20,4,24,-8,Meio,0
2026,19,2026-07-28,Cuiabá,15,19,5,9,5,14,14,0,24,-8,Meio,0
2026,19,2026-07-28,Londrina,16,19,5,5,9,26,27,-1,20,-12,Meio,1
2026,19,2026-07-28,Avaí,17,19,5,5,9,21,26,-5,20,-12,Cai,0
2026,19,2026-07-28,Ceará,18,19,4,7,8,16,22,-6,19,-13,Cai,1
2026,19,2026-07-28,Ponte Preta,19,19,2,2,15,14,38,-24,8,-24,Cai,0
2026,19,2026-07-28,América-MG,20,19,1,5,13,13,31,-18,8,-24,Cai,0
2026,20,2026-08-09,Criciúma,1,20,10,7,3,21,14,7,37,3,Sobe,1
2026,20,2026-08-09,Juventude,2,20,10,5,5,22,12,10,35,1,Sobe,0
2026,20,2026-08-09,Operário-PR,3,20,10,5,5,28,25,3,35,1,Sobe,0
2026,20,2026-08-09,Vila Nova,4,20,10,4,6,27,23,4,34,0,Sobe,1
2026,20,2026-08-09,Fortaleza,5,20,10,4,6,23,19,4,34,0,Meio,0
2026,20,2026-08-09,Novorizontino,6,20,9,6,5,32,19,13,33,-1,Meio,0
2026,20,2026-08-09,Atlético-GO,7,20,8,7,5,23,20,3,31,-3,Meio,1
2026,20,2026-08-09,CRB,8,20,8,5,7,31,32,-1,29,-5,Meio,0
2026,20,2026-08-09,Goiás,9,20,8,5,7,21,26,-5,29,-5,Meio,0
2026,20,2026-08-09,Sport,10,20,6,11,3,25,19,6,29,-5,Meio,0
2026,20,2026-08-09,Athletic,11,20,6,10,4,19,18,1,28,-6,Meio,0
2026,20,2026-08-09,São Bernardo,12,20,7,6,7,28,23,5,27,-7,Meio,1
2026,20,2026-08-09,Náutico,13,20,7,4,9,24,24,0,25,-9,Meio,0
2026,20,2026-08-09,Cuiabá,14,20,5,10,5,15,15,0,25,-9,Meio,0
2026,20,2026-08-09,Botafogo-SP,15,20,6,6,8,24,21,3,24,-10,Meio,0
2026,20,2026-08-09,Ceará,16,20,5,7,8,20,25,-5,22,-12,Meio,1
2026,20,2026-08-09,Londrina,17,20,5,5,10,27,31,-4,20,-14,Cai,1
2026,20,2026-08-09,Avaí,18,20,5,5,10,21,27,-6,20,-14,Cai,0
2026,20,2026-08-09,América-MG,19,20,2,5,13,14,31,-17,11,-23,Cai,0
2026,20,2026-08-09,Ponte Preta,20,20,2,3,15,15,39,-24,9,-25,Cai,0
2026,21,2026-08-15,Criciúma,1,21,11,7,3,22,14,8,40,5,Sobe,1
2026,21,2026-08-15,Juventude,2,21,11,5,5,23,12,11,38,3,Sobe,0
2026,21,2026-08-15,Vila Nova,3,21,11,4,6,29,23,6,37,2,Sobe,1
2026,21,2026-08-15,Fortaleza,4,21,10,5,6,24,20,4,35,0,Sobe,0
2026,21,2026-08-15,Operário-PR,5,21,10,5,6,29,28,1,35,0,Meio,0
2026,21,2026-08-15,Novorizontino,6,21,9,6,6,32,20,12,33,-2,Meio,0
2026,21,2026-08-15,CRB,7,21,9,5,7,32,32,0,32,-3,Meio,0
2026,21,2026-08-15,Goiás,8,21,9,5,7,22,26,-4,32,-3,Meio,0
2026,21,2026-08-15,Atlético-GO,9,21,8,8,5,24,21,3,32,-3,Meio,1
2026,21,2026-08-15,Sport,10,21,7,11,3,26,19,7,32,-3,Meio,0
2026,21,2026-08-15,Athletic,11,21,7,10,4,21,18,3,31,-4,Meio,0
2026,21,2026-08-15,São Bernardo,12,21,8,6,7,31,24,7,30,-5,Meio,1
2026,21,2026-08-15,Botafogo-SP,13,21,7,6,8,26,22,4,27,-8,Meio,0
2026,21,2026-08-15,Náutico,14,21,7,5,9,25,25,0,26,-9,Meio,0
2026,21,2026-08-15,Cuiabá,15,21,5,11,5,16,16,0,26,-9,Meio,0
2026,21,2026-08-15,Ceará,16,21,6,7,8,22,25,-3,25,-10,Meio,1
2026,21,2026-08-15,Londrina,17,21,5,5,11,27,32,-5,20,-15,Cai,1
2026,21,2026-08-15,Avaí,18,21,5,5,11,21,28,-7,20,-15,Cai,0
2026,21,2026-08-15,América-MG,19,21,2,5,14,15,33,-18,11,-24,Cai,0
2026,21,2026-08-15,Ponte Preta,20,21,2,3,16,15,41,-26,9,-26,Cai,0
2026,22,2026-08-20,Criciúma,1,22,11,8,3,23,15,8,41,5,Sobe,1
2026,22,2026-08-20,Vila Nova,2,22,12,4,6,35,23,12,40,4,Sobe,1
2026,22,2026-08-20,Juventude,3,22,11,6,5,23,12,11,39,3,Sobe,0
2026,22,2026-08-20,Fortaleza,4,22,10,6,6,24,20,4,36,0,Sobe,0
2026,22,2026-08-20,Operário-PR,5,22,10,5,7,30,30,0,35,-1,Meio,0
2026,22,2026-08-20,Sport,6,22,8,11,3,28,20,8,35,-1,Meio,0
2026,22,2026-08-20,Novorizontino,7,22,9,7,6,32,20,12,34,-2,Meio,0
2026,22,2026-08-20,Athletic,8,22,8,10,4,24,19,5,34,-2,Meio,0
2026,22,2026-08-20,CRB,9,22,9,6,7,32,32,0,33,-3,Meio,0
2026,22,2026-08-20,Goiás,10,22,9,5,8,22,27,-5,32,-4,Meio,0
2026,22,2026-08-20,Atlético-GO,11,22,8,8,6,24,23,1,32,-4,Meio,1
2026,22,2026-08-20,São Bernardo,12,22,8,6,8,31,25,6,30,-6,Meio,1
2026,22,2026-08-20,Botafogo-SP,13,22,8,6,8,27,22,5,30,-6,Meio,0
2026,22,2026-08-20,Cuiabá,14,22,6,11,5,19,17,2,29,-7,Meio,0
2026,22,2026-08-20,Náutico,15,22,7,6,9,26,26,0,27,-9,Meio,0
2026,22,2026-08-20,Ceará,16,22,6,7,9,23,28,-5,25,-11,Meio,1
2026,22,2026-08-20,Avaí,17,22,6,5,11,23,29,-6,23,-13,Cai,0
2026,22,2026-08-20,Londrina,18,22,5,5,12,28,34,-6,20,-16,Cai,1
2026,22,2026-08-20,América-MG,19,22,2,5,15,16,36,-20,11,-25,Cai,0
2026,22,2026-08-20,Ponte Preta,20,22,2,4,16,16,42,-26,10,-26,Cai,0
2026,23,2026-08-23,Juventude,1,23,12,6,5,24,12,12,42,5,Sobe,0
2026,23,2026-08-23,Vila Nova,2,23,12,5,6,35,23,12,41,4,Sobe,1
2026,23,2026-08-23,Criciúma,3,23,11,8,4,23,17,6,41,4,Sobe,1
2026,23,2026-08-23,Novorizontino,4,23,10,7,6,35,20,15,37,0,Sobe,0
2026,23,2026-08-23,Fortaleza,5,23,10,7,6,25,21,4,37,0,Meio,0
2026,23,2026-08-23,CRB,6,23,10,6,7,34,32,2,36,-1,Meio,0
2026,23,2026-08-23,Operário-PR,7,23,10,5,8,30,31,-1,35,-2,Meio,0
2026,23,2026-08-23,Sport,8,23,8,11,4,29,22,7,35,-2,Meio,0
2026,23,2026-08-23,Athletic,9,23,8,10,5,24,21,3,34,-3,Meio,0
2026,23,2026-08-23,Atlético-GO,10,23,8,9,6,24,23,1,33,-4,Meio,1
2026,23,2026-08-23,Goiás,11,23,9,5,9,22,28,-6,32,-5,Meio,0
2026,23,2026-08-23,Cuiabá,12,23,7,11,5,20,17,3,32,-5,Meio,0
2026,23,2026-08-23,São Bernardo,13,23,8,7,8,32,26,6,31,-6,Meio,1
2026,23,2026-08-23,Botafogo-SP,14,23,8,7,8,28,23,5,31,-6,Meio,0
2026,23,2026-08-23,Náutico,15,23,8,6,9,27,26,1,30,-7,Meio,0
2026,23,2026-08-23,Avaí,16,23,7,5,11,25,30,-5,26,-11,Meio,0
2026,23,2026-08-23,Ceará,17,23,6,7,10,23,29,-6,25,-12,Cai,1
2026,23,2026-08-23,Londrina,18,23,5,6,12,28,34,-6,21,-16,Cai,1
2026,23,2026-08-23,América-MG,19,23,2,5,16,16,39,-23,11,-26,Cai,0
2026,23,2026-08-23,Ponte Preta,20,23,2,4,17,16,48,-32,10,-27,Cai,0
2026,24,2026-08-30,Juventude,1,24,13,6,5,26,13,13,45,5,Sobe,0
2026,24,2026-08-30,Vila Nova,2,24,13,5,6,37,23,14,44,4,Sobe,1
2026,24,2026-08-30,Criciúma,3,24,11,8,5,24,19,5,41,1,Sobe,1
2026,24,2026-08-30,Novorizontino,4,24,11,7,6,39,21,18,40,0,Sobe,0
2026,24,2026-08-30,Fortaleza,5,24,11,7,6,27,21,6,40,0,Meio,0
2026,24,2026-08-30,Sport,6,24,9,11,4,32,22,10,38,-2,Meio,0
2026,24,2026-08-30,CRB,7,24,10,6,8,35,34,1,36,-4,Meio,0
2026,24,2026-08-30,Operário-PR,8,24,10,6,8,30,31,-1,36,-4,Meio,0
2026,24,2026-08-30,Atlético-GO,9,24,9,9,6,27,23,4,36,-4,Meio,1
2026,24,2026-08-30,Athletic,10,24,8,10,6,25,25,0,34,-6,Meio,0
2026,24,2026-08-30,Goiás,11,24,9,6,9,23,29,-6,33,-7,Meio,0
2026,24,2026-08-30,Cuiabá,12,24,7,12,5,21,18,3,33,-7,Meio,0
2026,24,2026-08-30,São Bernardo,13,24,8,8,8,33,27,6,32,-8,Meio,1
2026,24,2026-08-30,Botafogo-SP,14,24,8,7,9,28,26,2,31,-9,Meio,0
2026,24,2026-08-30,Náutico,15,24,8,7,9,28,27,1,31,-9,Meio,0
2026,24,2026-08-30,Avaí,16,24,8,5,11,27,30,-3,29,-11,Meio,0
2026,24,2026-08-30,Ceará,17,24,7,7,10,25,30,-5,28,-12,Cai,1
2026,24,2026-08-30,Londrina,18,24,5,6,13,29,36,-7,21,-19,Cai,1
2026,24,2026-08-30,América-MG,19,24,2,5,17,16,42,-26,11,-29,Cai,0
2026,24,2026-08-30,Ponte Preta,20,24,2,4,18,16,50,-34,10,-30,Cai,0
2026,25,2026-09-05,Juventude,1,25,13,7,5,26,13,13,46,3,Sobe,0
2026,25,2026-09-05,Vila Nova,2,25,13,5,7,37,28,9,44,1,Sobe,1
2026,25,2026-09-05,Criciúma,3,25,12,8,5,26,19,7,44,1,Sobe,1
2026,25,2026-09-05,Novorizontino,4,25,12,7,6,41,22,19,43,0,Sobe,0
2026,25,2026-09-05,Fortaleza,5,25,11,8,6,28,22,6,41,-2,Meio,0
2026,25,2026-09-05,CRB,6,25,11,6,8,37,35,2,39,-4,Meio,0
2026,25,2026-09-05,Atlético-GO,7,25,10,9,6,28,23,5,39,-4,Meio,1
2026,25,2026-09-05,Sport,8,25,9,11,5,33,24,9,38,-5,Meio,0
2026,25,2026-09-05,Operário-PR,9,25,10,7,8,31,32,-1,37,-6,Meio,0
2026,25,2026-09-05,Goiás,10,25,10,6,9,25,30,-5,36,-7,Meio,0
2026,25,2026-09-05,Cuiabá,11,25,8,12,5,23,19,4,36,-7,Meio,0
2026,25,2026-09-05,Náutico,12,25,9,7,9,30,28,2,34,-9,Meio,0
2026,25,2026-09-05,Athletic,13,25,8,10,7,26,27,-1,34,-9,Meio,0
2026,25,2026-09-05,São Bernardo,14,25,8,8,9,34,29,5,32,-11,Meio,1
2026,25,2026-09-05,Botafogo-SP,15,25,8,7,10,29,28,1,31,-12,Meio,0
2026,25,2026-09-05,Avaí,16,25,8,5,12,27,31,-4,29,-14,Meio,0
2026,25,2026-09-05,Ceará,17,25,7,7,11,25,32,-7,28,-15,Cai,1
2026,25,2026-09-05,Londrina,18,25,5,7,13,29,36,-7,22,-21,Cai,1
2026,25,2026-09-05,América-MG,19,25,3,5,17,18,42,-24,14,-29,Cai,0
2026,25,2026-09-05,Ponte Preta,20,25,2,4,19,16,52,-36,10,-33,Cai,0
2026,26,2026-09-11,Vila Nova,1,26,14,5,7,39,28,11,47,3,Sobe,1
2026,26,2026-09-11,Juventude,2,26,13,8,5,28,15,13,47,3,Sobe,0
2026,26,2026-09-11,Novorizontino,3,26,13,7,6,44,23,21,46,2,Sobe,0
2026,26,2026-09-11,Fortaleza,4,26,12,8,6,29,22,7,44,0,Sobe,0
2026,26,2026-09-11,Criciúma,5,26,12,8,6,26,21,5,44,0,Meio,1
2026,26,2026-09-11,CRB,6,26,12,6,8,40,36,4,42,-2,Meio,0
2026,26,2026-09-11,Operário-PR,7,26,11,7,8,33,33,0,40,-4,Meio,0
2026,26,2026-09-11,Atlético-GO,8,26,10,10,6,30,25,5,40,-4,Meio,1
2026,26,2026-09-11,Sport,9,26,9,11,6,34,26,8,38,-6,Meio,0
2026,26,2026-09-11,Náutico,10,26,10,7,9,31,28,3,37,-7,Meio,0
2026,26,2026-09-11,Athletic,11,26,9,10,7,31,27,4,37,-7,Meio,0
2026,26,2026-09-11,Goiás,12,26,10,6,10,25,31,-6,36,-8,Meio,0
2026,26,2026-09-11,Cuiabá,13,26,8,12,6,23,21,2,36,-8,Meio,0
2026,26,2026-09-11,São Bernardo,14,26,9,8,9,36,29,7,35,-9,Meio,1
2026,26,2026-09-11,Botafogo-SP,15,26,8,7,11,29,29,0,31,-13,Meio,0
2026,26,2026-09-11,Ceará,16,26,8,7,11,27,33,-6,31,-13,Meio,1
2026,26,2026-09-11,Avaí,17,26,8,5,13,28,34,-6,29,-15,Cai,0
2026,26,2026-09-11,Londrina,18,26,5,7,14,30,38,-8,22,-22,Cai,1
2026,26,2026-09-11,América-MG,19,26,3,5,18,19,45,-26,14,-30,Cai,0
2026,26,2026-09-11,Ponte Preta,20,26,2,4,20,16,54,-38,10,-34,Cai,0
2026,27,2026-09-11,Juventude,1,27,14,8,5,30,15,15,50,3,Sobe,0
2026,27,2026-09-11,Novorizontino,2,27,14,7,6,47,24,23,49,2,Sobe,0
2026,27,2026-09-11,Vila Nova,3,26,14,5,7,39,28,11,47,0,Sobe,1
2026,27,2026-09-11,Fortaleza,4,27,13,8,6,30,22,8,47,0,Sobe,0
2026,27,2026-09-11,Criciúma,5,26,12,8,6,26,21,5,44,-3,Meio,1
2026,27,2026-09-11,Operário-PR,6,27,12,7,8,36,33,3,43,-4,Meio,0
2026,27,2026-09-11,CRB,7,27,12,6,9,40,39,1,42,-5,Meio,0
2026,27,2026-09-11,Sport,8,27,10,11,6,36,26,10,41,-6,Meio,0
2026,27,2026-09-11,Atlético-GO,9,26,10,10,6,30,25,5,40,-7,Meio,1
2026,27,2026-09-11,Cuiabá,10,27,9,12,6,26,21,5,39,-8,Meio,0
2026,27,2026-09-11,Náutico,11,27,10,7,10,32,30,2,37,-10,Meio,0
2026,27,2026-09-11,Athletic,12,27,9,10,8,31,30,1,37,-10,Meio,0
2026,27,2026-09-11,Goiás,13,27,10,6,11,25,33,-8,36,-11,Meio,0
2026,27,2026-09-11,São Bernardo,14,26,9,8,9,36,29,7,35,-12,Meio,1
2026,27,2026-09-11,Botafogo-SP,15,27,8,7,12,30,32,-2,31,-16,Meio,0
2026,27,2026-09-11,Ceará,16,26,8,7,11,27,33,-6,31,-16,Meio,1
2026,27,2026-09-11,Avaí,17,27,8,5,14,28,35,-7,29,-18,Cai,0
2026,27,2026-09-11,Londrina,18,26,5,7,14,30,38,-8,22,-25,Cai,1
2026,27,2026-09-11,América-MG,19,27,4,5,18,21,46,-25,17,-30,Cai,0
2026,27,2026-09-11,Ponte Preta,20,27,2,4,21,16,56,-40,10,-37,Cai,0
