caso_id,jogador,nkey,root_antes,root_depois,mudou_posicao,posicao_antes,posicao_depois,liga_origem,liga_destino,divisao_destino,origem_brasileira,periodo_antes,ano_antes,periodo_depois,ano_depois,anos_entre,coorte_chegada,clube_antes,clube_depois,primary_key_antes,primary_key_depois,min_antes,min_depois,jogos_antes,jogos_depois,menos_900_no_destino,menos_900_na_origem,limiar_regua_antes,limiar_regua_depois,abaixo_do_limiar_no_destino,abaixo_do_limiar_na_origem,temporada_destino_em_curso,temporada_origem_em_curso,qz_antes,qz_depois,dqz,qpct_antes,qpct_depois,idade_arquivo_antes,idade_arquivo_depois,defasagem_antes,defasagem_depois,origem_defasagem_antes,origem_defasagem_depois,idade_antes,idade_depois,delta_idade,dif_idade_vs_anos,idade_incoerente,dqz_esperado_idade,dqz_esperado_idade_curva_do_arquivo,dqz_ajustado_idade,qz_esperado_ficou,dqz_liquido,motivo_antes,motivo_depois,n_regua_antes,n_regua_depois,regua_curta,duelos_90_antes,duelos_90_depois,duelos_90_pct_antes,duelos_90_pct_depois,duelos_90_dpct,duelos_aereos_90_antes,duelos_aereos_90_depois,duelos_aereos_90_pct_antes,duelos_aereos_90_pct_depois,duelos_aereos_90_dpct,dribles_90_antes,dribles_90_depois,dribles_90_pct_antes,dribles_90_pct_depois,dribles_90_dpct,aceleracoes_90_antes,aceleracoes_90_depois,aceleracoes_90_pct_antes,aceleracoes_90_pct_depois,aceleracoes_90_dpct,remates_90_antes,remates_90_depois,remates_90_pct_antes,remates_90_pct_depois,remates_90_dpct,passes_progressivos_90_antes,passes_progressivos_90_depois,passes_progressivos_90_pct_antes,passes_progressivos_90_pct_depois,passes_progressivos_90_dpct,passes_recebidos_90_antes,passes_recebidos_90_depois,passes_recebidos_90_pct_antes,passes_recebidos_90_pct_depois,passes_recebidos_90_dpct,toques_area_90_antes,toques_area_90_depois,toques_area_90_pct_antes,toques_area_90_pct_depois,toques_area_90_dpct,xg_90_antes,xg_90_depois,xg_90_pct_antes,xg_90_pct_depois,xg_90_dpct,passes_chave_90_antes,passes_chave_90_depois,passes_chave_90_pct_antes,passes_chave_90_pct_depois,passes_chave_90_dpct,passes_90_antes,passes_90_depois,passes_90_pct_antes,passes_90_pct_depois,passes_90_dpct,acoes_def_90_antes,acoes_def_90_depois,acoes_def_90_pct_antes,acoes_def_90_pct_depois,acoes_def_90_dpct,passes_certos_pct_antes,passes_certos_pct_depois,passes_certos_pct_pct_antes,passes_certos_pct_pct_depois,passes_certos_pct_dpct,duelos_ganhos_pct_antes,duelos_ganhos_pct_depois,duelos_ganhos_pct_pct_antes,duelos_ganhos_pct_pct_depois,duelos_ganhos_pct_dpct,duelos_aereos_ganhos_pct_antes,duelos_aereos_ganhos_pct_depois,duelos_aereos_ganhos_pct_pct_antes,duelos_aereos_ganhos_pct_pct_depois,duelos_aereos_ganhos_pct_dpct,duelos_def_ganhos_pct_antes,duelos_def_ganhos_pct_depois,duelos_def_ganhos_pct_pct_antes,duelos_def_ganhos_pct_pct_depois,duelos_def_ganhos_pct_dpct,dribles_certos_pct_antes,dribles_certos_pct_depois,dribles_certos_pct_pct_antes,dribles_certos_pct_pct_depois,dribles_certos_pct_dpct,remates_baliza_pct_antes,remates_baliza_pct_depois,remates_baliza_pct_pct_antes,remates_baliza_pct_pct_depois,remates_baliza_pct_dpct,conversao_pct_antes,conversao_pct_depois,conversao_pct_pct_antes,conversao_pct_pct_depois,conversao_pct_dpct,cruzamentos_certos_pct_antes,cruzamentos_certos_pct_depois,cruzamentos_certos_pct_pct_antes,cruzamentos_certos_pct_pct_depois,cruzamentos_certos_pct_dpct,passes_prog_certos_pct_antes,passes_prog_certos_pct_depois,passes_prog_certos_pct_pct_antes,passes_prog_certos_pct_pct_depois,passes_prog_certos_pct_dpct,passes_ult_terco_certos_pct_antes,passes_ult_terco_certos_pct_depois,passes_ult_terco_certos_pct_pct_antes,passes_ult_terco_certos_pct_pct_depois,passes_ult_terco_certos_pct_dpct,n_indicadores_com_delta,caso_completo
J08-0001,Gabriel Barbosa,gabriel barbosa,ATA,ATA,0,Atacante,Atacante,Portugal B,Brasil A,A,0,2025,2025,jun26,2026,1,2026,Penafiel,Santos,Gabriel Barbosa - Penafiel - Portugal B,Gabriel Barbosa - Santos - Brasil A,1818,915,22.0,12.0,0,0,805,426,0,0,1,0,-0.9117,0.5894,1.501,12.5,75.8,27.0,29.0,0.0,0.0,medida (99 pares),referência,26.0,29.0,3.0,2,1,-0.5793,-0.2862,2.0803,-0.0195,0.6089,única; único,única; único,45,33,0,23.96,6.89,83.33,1.52,-81.81,10.45,0.69,94.44,1.52,-92.92,0.64,0.59,10.0,15.15,5.15,0.0,0.2,13.33,60.61,47.28,1.88,2.46,43.33,77.27,33.94,1.24,2.95,32.22,80.3,48.08,7.82,22.33,27.78,92.42,64.64,1.83,3.05,7.78,37.88,30.1,0.45,0.37,83.33,56.06,-27.27,0.1,0.3,15.56,43.94,28.38,12.52,27.15,30.0,89.39,59.39,3.96,1.28,71.11,4.55,-66.56,66.01,86.23,12.22,92.42,80.2,40.5,31.43,81.11,13.64,-67.47,49.29,28.57,94.44,37.88,-56.56,52.63,38.46,47.78,13.64,-34.14,53.85,50.0,63.33,56.06,-7.27,42.11,32.0,52.22,13.64,-38.58,26.316,28.0,85.56,92.42,6.86,0.0,30.0,7.78,74.24,66.46,40.0,83.33,5.56,80.3,74.74,34.62,71.79,3.33,59.09,55.76,22,0
J08-0002,Pablo,pablo,ATA,ATA,0,Atacante,Atacante,Brasil A,Brasil B,B,1,2025,2025,jun26,2026,1,2026,Sport Recife,Operário PR,Pablo - Sport Recife - Brasil A,Pablo - Operário PR - Brasil B,1185,802,21.0,10.0,1,0,900,284,0,0,1,0,-0.5037,-2.1131,-1.609,26.6,3.0,33.0,33.0,0.0,0.0,medida (156 pares),referência,32.0,33.0,1.0,0,0,-0.3218,0.0,-1.2872,0.0963,-2.2094,única; único,única; único,50,33,0,20.05,14.25,59.0,19.7,-39.3,5.32,2.36,67.0,19.7,-47.3,1.22,1.57,29.0,59.09,30.09,0.0,0.0,12.0,30.3,18.3,1.67,1.57,18.0,31.82,13.82,2.13,2.24,67.0,74.24,7.24,12.08,19.19,55.0,92.42,37.42,2.58,2.13,19.0,28.79,9.79,0.15,0.3,5.0,43.94,38.94,0.3,0.34,55.0,63.64,8.64,18.99,25.36,65.0,92.42,27.42,3.19,2.58,46.0,40.91,-5.09,81.2,81.42,77.0,89.39,12.39,31.44,38.58,9.0,50.0,41.0,37.14,28.57,71.0,42.42,-28.58,46.34,50.0,20.0,37.88,17.88,25.0,42.86,1.0,40.91,39.91,22.73,64.29,1.0,90.91,89.91,13.636,28.571,41.0,81.82,40.82,40.0,33.33,76.0,60.61,-15.39,71.43,60.0,62.0,42.42,-19.58,77.27,62.5,83.0,54.55,-28.45,22,1
J08-0003,Arthur Cabral,arthur cabral,ATA,ATA,0,Atacante,Atacante,Portugal A,Brasil A,A,0,2024,2024,2025,2025,1,2025,Benfica,Botafogo,Arthur Cabral - Benfica - Portugal A,Arthur Cabral - Botafogo - Brasil A,1005,1608,20.0,21.0,0,0,568,900,0,0,0,0,2.4512,-0.1215,-2.573,91.3,43.8,25.0,28.0,2.0,0.0,medida (44 pares),medida (156 pares),25.0,27.0,2.0,1,0,-0.129,-0.2557,-2.444,0.9355,-1.057,única; único,única; único,35,50,0,23.01,17.57,67.14,37.0,-30.14,5.91,5.99,52.86,75.0,22.14,2.51,0.95,70.0,22.0,-48.0,0.63,0.11,84.29,53.0,-31.29,3.13,2.18,84.29,53.0,-31.29,0.45,1.18,7.14,33.0,25.86,11.28,8.12,67.14,11.0,-56.14,4.39,3.36,78.57,63.0,-15.57,0.46,0.36,65.71,58.0,-7.71,0.36,0.28,65.71,48.0,-17.71,13.88,10.69,32.86,3.0,-29.86,2.96,2.46,41.43,27.0,-14.43,77.42,79.06,75.71,61.0,-14.71,31.52,37.58,27.14,53.0,25.86,30.3,36.45,41.43,65.0,23.57,50.0,47.73,54.29,33.0,-21.29,42.86,52.94,30.0,57.0,27.0,57.14,33.33,98.57,20.0,-78.57,11.429,10.256,24.29,21.0,-3.29,16.67,0.0,44.29,7.0,-37.29,100.0,57.14,97.14,26.0,-71.14,66.67,64.71,64.29,49.0,-15.29,22,1
J08-0004,Willian,willian,ATA,ATA,0,Atacante,Atacante,Brasil A,Brasil B,B,1,2023,2023,2024,2024,1,2024,Athletico Paranaense,Santos,Willian - Athletico Paranaense - Brasil A,Willian - Santos - Brasil B,694,1150,18.0,29.0,0,1,900,900,0,1,0,0,-0.1029,0.6038,0.707,46.4,66.7,39.0,39.0,0.0,0.0,medida (82 pares),medida (76 pares),36.0,37.0,1.0,0,0,-0.6627,0.0,1.3697,0.2102,0.3936,única; único,única; único,41,45,0,18.54,15.57,43.9,16.67,-27.23,3.11,1.96,24.39,14.44,-9.95,1.69,1.1,40.24,23.33,-16.91,0.39,0.08,53.66,35.56,-18.1,2.07,1.8,39.02,47.78,8.76,1.17,1.33,29.27,41.11,11.84,14.27,12.68,70.73,58.89,-11.84,3.37,2.9,63.41,61.11,-2.3,0.19,0.28,9.76,48.89,39.13,0.39,0.08,60.98,13.33,-47.65,19.45,16.2,60.98,52.22,-8.76,3.89,4.38,78.05,76.67,-1.38,83.33,86.96,90.24,98.89,8.65,33.57,30.15,14.63,12.22,-2.41,25.0,20.0,12.2,11.11,-1.09,42.86,48.15,19.51,22.22,2.71,46.15,35.71,41.46,16.67,-24.79,43.75,39.13,59.76,52.22,-7.54,25.0,21.739,97.56,88.89,-8.67,33.33,25.0,69.51,37.78,-31.73,77.78,76.47,63.41,53.33,-10.08,57.14,76.47,7.32,81.11,73.79,22,1
J08-0005,Leandro Damião,leandro damiao,ATA,ATA,0,Atacante,Atacante,Japao A,Brasil B,B,0,2023,2023,2024,2024,1,2024,Kawasaki Frontale,Coritiba,Leandro Damião - Kawasaki Frontale - Japao A,Leandro Damião - Coritiba - Brasil B,583,826,12.0,12.0,1,1,805,900,1,1,0,0,0.5802,-0.6883,-1.268,69.6,16.0,34.0,36.0,2.0,0.0,medida (122 pares),medida (76 pares),33.0,34.0,1.0,0,0,-0.2795,-0.5785,-0.9885,0.4042,-1.0925,única; único,única; único,41,45,0,22.54,16.67,46.34,26.67,-19.67,8.03,6.54,70.73,68.89,-1.84,0.46,0.22,0.0,0.0,0.0,0.0,0.33,1.22,80.0,78.78,2.16,0.87,51.22,2.22,-49.0,1.23,1.09,9.76,22.22,12.46,8.49,5.99,2.44,4.44,2.0,2.78,3.38,24.39,86.67,62.28,0.39,0.23,62.2,30.0,-32.2,0.15,0.33,4.88,72.22,67.34,12.04,9.48,0.0,2.22,2.22,2.93,2.29,12.2,17.78,5.58,61.54,72.41,0.0,17.78,17.78,32.19,30.07,29.27,11.11,-18.16,40.38,33.33,82.93,61.11,-21.82,43.75,21.05,7.32,0.0,-7.32,66.67,100.0,100.0,100.0,0.0,57.14,12.5,92.68,0.0,-92.68,21.429,12.5,78.05,48.89,-29.16,0.0,0.0,6.1,4.44,-1.66,62.5,80.0,20.73,74.44,53.71,44.44,77.78,8.54,86.67,78.13,22,1
J08-0006,Pedro,pedro,ATA,ATA,0,Atacante,Atacante,Bolivia,Brasil A,A,0,2024,2024,jun26,2026,2,2026,Guabirá,Flamengo,Pedro - Guabirá - Bolivia,Pedro - Flamengo - Brasil A,1024,1443,17.0,17.0,0,0,900,426,0,0,1,0,-0.014,0.9731,0.987,48.8,93.9,27.0,28.0,0.0,0.0,medida (72 pares),referência,25.0,28.0,3.0,1,0,-0.3864,-0.1431,1.3734,0.3063,0.6668,única; único,única; único,45,33,0,17.84,12.97,45.56,22.73,-22.83,4.22,1.56,54.44,10.61,-43.83,2.37,1.87,50.0,69.7,19.7,0.09,0.0,40.0,18.18,-21.82,2.64,2.0,57.78,50.0,-7.78,1.67,1.43,51.11,46.97,-4.14,7.91,13.22,3.33,65.15,61.82,2.9,3.37,23.33,56.06,32.73,0.55,0.42,90.0,78.79,-11.21,0.18,0.31,21.11,46.97,25.86,11.69,16.22,1.11,56.06,54.95,3.96,2.68,70.0,50.0,-20.0,63.16,77.69,3.33,59.09,55.76,40.39,38.46,52.22,65.15,12.93,35.42,32.0,36.67,50.0,13.33,60.98,48.72,72.22,53.03,-19.19,48.15,53.33,41.11,74.24,33.13,60.0,59.38,95.56,89.39,-6.17,26.667,31.25,90.0,98.48,8.48,16.67,16.67,10.0,33.33,23.33,73.68,73.91,34.44,46.97,12.53,61.54,65.0,42.22,37.88,-4.34,22,1
J08-0007,Brenner,brenner,ATA,ATA,0,Atacante,Atacante,Peru,Brasil B,B,0,2023,2023,2024,2024,1,2024,Sporting Cristal,América Mineiro,Brenner - Sporting Cristal - Peru,Brenner - América Mineiro - Brasil B,2104,1307,30.0,24.0,0,0,876,900,0,0,0,0,-0.0999,2.3925,2.492,44.0,96.3,29.0,32.0,3.0,0.0,medida (70 pares),medida (76 pares),29.0,30.0,1.0,0,0,-0.0849,-0.6628,2.5769,0.211,2.1815,única; único,única; único,39,45,0,16.81,18.11,19.23,30.0,10.77,4.23,5.51,30.77,52.22,21.45,1.2,0.83,14.1,16.67,2.57,0.04,0.0,3.85,11.11,7.26,1.84,1.86,29.49,51.11,21.62,1.37,1.65,32.05,58.89,26.84,14.93,12.53,78.21,54.44,-23.77,2.91,3.51,26.92,92.22,65.3,0.44,0.48,73.08,98.89,25.81,0.38,0.28,65.38,57.78,-7.6,20.4,18.25,75.64,61.11,-14.53,2.65,2.2,14.1,14.44,0.34,79.45,80.38,75.64,78.89,3.25,37.91,38.4,73.08,70.0,-3.08,27.27,35.0,8.97,67.78,58.81,50.82,50.0,39.74,35.56,-4.18,46.43,58.33,39.74,83.33,43.59,55.81,37.04,93.59,47.78,-45.81,30.233,22.222,98.72,92.22,-6.5,20.0,42.86,17.95,82.22,64.27,78.13,83.33,55.13,86.67,31.54,65.31,74.07,55.13,74.44,19.31,22,1
J08-0008,Brenner,brenner,ATA,ATA,0,Atacante,Atacante,EUA,Brasil A,A,0,2025,2025,jun26,2026,1,2026,Cincinnati,Vasco da Gama,Brenner - Cincinnati - EUA,Brenner - Vasco da Gama - Brasil A,948,649,10.0,13.0,1,0,900,426,0,0,1,0,0.0076,-0.2909,-0.298,53.5,36.4,26.0,26.0,0.0,0.0,medida (217 pares),referência,25.0,26.0,1.0,0,0,-0.0645,0.0,-0.2335,0.2416,-0.5325,única; único,única; único,71,33,0,11.68,14.98,11.97,34.85,22.88,0.85,6.1,4.93,86.36,81.43,1.99,0.55,62.68,7.58,-55.1,0.28,0.0,66.9,18.18,-48.72,2.18,2.36,47.18,74.24,27.06,2.85,1.66,75.35,59.09,-16.26,23.45,12.62,85.21,59.09,-26.12,2.94,3.47,27.46,68.18,40.72,0.37,0.47,43.66,86.36,42.7,0.28,0.14,38.73,7.58,-31.15,28.29,18.17,82.39,65.15,-17.24,2.09,2.77,13.38,59.09,45.71,88.26,84.73,97.89,89.39,-8.5,35.77,29.63,33.1,4.55,-28.55,22.22,15.91,12.68,13.64,0.96,43.48,59.09,7.75,83.33,75.58,42.86,50.0,23.24,56.06,32.82,56.52,35.29,85.21,28.79,-56.42,26.087,5.882,82.39,16.67,-65.72,66.67,25.0,98.59,59.09,-39.5,83.33,75.0,87.32,54.55,-32.77,76.47,86.67,78.87,89.39,10.52,22,1
J08-0009,Henrique Dourado,henrique dourado,ATA,ATA,0,Atacante,Atacante,Brasil A,Brasil C,C,1,2023,2023,2024,2024,1,2024,Cruzeiro,Botafogo PB,Henrique Dourado - Cruzeiro - Brasil A,Henrique Dourado - Botafogo PB - Brasil C,434,393,11.0,10.0,1,1,900,592,1,1,0,0,-0.1894,-0.0386,0.151,42.0,50.0,36.0,36.0,0.0,0.0,medida (82 pares),medida (53 pares),33.0,34.0,1.0,0,0,-0.2795,0.0,0.4305,0.1856,-0.2242,única; único,única; único,41,36,0,29.45,18.78,97.56,38.89,-58.67,10.78,6.64,97.56,58.33,-39.23,0.83,0.92,9.76,19.44,9.68,0.0,0.0,2.44,15.28,12.84,2.28,2.06,51.22,55.56,4.34,0.62,1.6,0.0,61.11,61.11,8.5,8.02,19.51,36.11,16.6,4.35,2.75,92.68,61.11,-31.57,0.46,0.63,87.8,97.22,9.42,0.41,0.0,65.85,6.94,-58.91,12.03,12.37,9.76,19.44,9.68,2.7,2.98,31.71,33.33,1.62,75.86,72.22,43.9,16.67,-27.23,33.8,35.37,19.51,38.89,19.38,38.46,37.93,70.73,68.06,-2.67,38.89,33.33,9.76,0.0,-9.76,50.0,25.0,58.54,5.56,-52.98,27.27,33.33,2.44,18.06,15.62,9.091,22.222,14.63,66.67,52.04,0.0,42.86,3.66,86.11,82.45,100.0,85.71,100.0,90.28,-9.72,60.0,83.33,20.73,94.44,73.71,22,1
J08-0010,Sassá,sassa,ATA,ATA,0,Atacante,Atacante,Brasil C,Brasil B,B,1,2023,2023,2024,2024,1,2024,Amazonas,Amazonas,Sassá - Amazonas - Brasil C,Sassá - Amazonas - Brasil B,1992,1612,20.0,26.0,0,0,545,900,0,0,0,0,1.6819,-0.4411,-2.123,100.0,28.4,29.0,32.0,3.0,0.0,medida (23 pares),medida (76 pares),29.0,30.0,1.0,0,0,-0.0849,-0.6628,-2.0381,0.7171,-1.1582,única; único,única; único,36,45,0,17.3,15.69,29.17,21.11,-8.06,2.85,2.51,34.72,18.89,-15.83,1.94,1.23,45.83,34.44,-11.39,0.09,0.0,19.44,11.11,-8.33,2.48,2.18,79.17,74.44,-4.73,0.54,0.22,4.17,1.11,-3.06,5.78,6.98,18.06,7.78,-10.28,2.62,2.51,62.5,42.22,-20.28,0.5,0.26,98.61,41.11,-57.5,0.14,0.06,25.0,5.56,-19.44,8.67,10.83,12.5,7.78,-4.72,1.36,1.34,4.17,1.11,-3.06,82.29,85.57,87.5,96.67,9.17,30.03,30.96,6.94,23.33,16.39,17.46,28.89,9.72,41.11,31.39,34.04,55.88,6.94,65.56,58.62,60.47,45.45,84.72,54.44,-30.28,47.27,17.95,84.72,1.11,-83.61,29.091,7.692,90.28,16.67,-73.61,0.0,66.67,11.11,96.67,85.56,66.67,75.0,25.0,40.0,15.0,60.0,66.67,29.17,46.67,17.5,22,1
J08-0011,Denilson,denilson,ATA,ATA,0,Atacante,Atacante,Coreia B,Brasil C,C,0,2023,2023,2024,2024,1,2024,Seongnam,Athletic Club,Denilson - Seongnam - Coreia B,Denilson - Athletic Club - Brasil C,744,922,20.0,16.0,0,1,853,592,0,1,0,0,-0.5828,0.7967,1.379,35.6,79.0,25.0,28.0,3.0,0.0,medida (34 pares),medida (53 pares),25.0,26.0,1.0,0,0,-0.0645,-0.2557,1.4435,0.0739,0.7228,única; único,única; único,35,36,0,28.91,20.01,74.29,48.61,-25.68,11.13,6.54,74.29,54.17,-20.12,1.81,1.37,24.29,50.0,25.71,0.12,0.1,17.14,52.78,35.64,1.81,2.05,31.43,52.78,21.35,2.06,0.68,68.57,4.17,-64.4,8.47,4.98,0.0,4.17,4.17,2.06,3.81,20.0,95.83,75.83,0.22,0.36,28.57,68.06,39.49,0.36,0.29,52.86,61.11,8.25,16.57,10.25,40.0,12.5,-27.5,4.11,2.83,65.71,31.94,-33.77,70.8,79.05,28.57,70.83,42.26,35.15,37.07,40.0,52.78,12.78,30.43,43.28,34.29,87.5,53.21,62.07,62.5,64.29,70.83,6.54,60.0,57.14,84.29,75.0,-9.29,33.33,52.38,28.57,81.94,53.37,20.0,19.048,85.71,56.94,-28.77,50.0,20.0,87.14,43.06,-44.08,52.94,71.43,10.0,47.22,37.22,47.06,77.78,11.43,86.11,74.68,22,1
J08-0012,Denílson,denilson,ATA,ATA,0,Atacante,Atacante,Brasil B,Brasil C,C,1,2024,2024,2025,2025,1,2025,Vila Nova,Guarani,Denílson - Vila Nova - Brasil B,Denílson - Guarani - Brasil C,404,513,10.0,9.0,1,1,900,616,1,1,0,0,-0.5605,-0.398,0.162,23.5,36.6,30.0,30.0,0.0,0.0,medida (76 pares),medida (70 pares),28.0,29.0,1.0,0,0,-0.2574,0.0,0.4194,0.0802,-0.4782,única; único,homônimo resolvido por qz+minutos; homônimo resolvido pelo clube,45,28,0,32.52,24.56,100.0,71.43,-28.57,11.14,8.07,97.78,67.86,-29.92,1.78,4.04,57.78,100.0,42.22,0.45,0.18,96.67,57.14,-39.53,2.0,2.63,64.44,89.29,24.85,2.23,1.05,65.56,32.14,-33.42,11.36,6.49,48.89,10.71,-38.18,2.45,2.46,40.0,42.86,2.86,0.21,0.32,28.89,67.86,38.97,0.22,0.18,46.67,41.07,-5.6,18.49,11.75,66.67,28.57,-38.1,2.23,2.28,17.78,21.43,3.65,78.31,71.64,55.56,39.29,-16.27,31.51,32.86,24.44,32.14,7.7,26.0,13.04,33.33,0.0,-33.33,47.37,63.64,14.44,96.43,81.99,50.0,60.87,63.33,89.29,25.96,44.44,33.33,75.56,28.57,-46.99,0.0,6.667,1.11,25.0,23.89,100.0,0.0,98.89,16.07,-82.82,60.0,83.33,15.56,82.14,66.58,57.14,50.0,24.44,19.64,-4.8,22,1
J08-0013,Kayke,kayke,ATA,ATA,0,Atacante,Atacante,Brasil B,Brasil C,C,1,2023,2023,2024,2024,1,2024,Chapecoense,São Bernardo FC,Kayke - Chapecoense - Brasil B,Kayke - São Bernardo FC - Brasil C,1435,1889,24.0,23.0,0,0,900,592,0,0,0,0,0.0817,1.1911,1.109,55.1,85.5,35.0,38.0,2.0,0.0,medida (60 pares),medida (53 pares),34.0,36.0,2.0,1,0,-0.9422,-1.2023,2.0512,0.2626,0.9285,única; único,única; único,49,36,0,12.92,7.81,5.1,1.39,-3.71,2.9,1.29,13.27,4.17,-9.1,1.58,0.91,32.65,18.06,-14.59,0.4,0.05,66.33,31.94,-34.39,1.19,2.1,5.1,59.72,54.62,2.18,1.52,66.33,59.72,-6.61,12.73,14.29,66.33,79.17,12.84,2.31,2.29,27.55,12.5,-15.05,0.25,0.29,37.76,40.28,2.52,0.26,0.1,46.94,20.83,-26.11,18.59,18.01,66.33,73.61,7.28,2.18,1.95,3.06,6.94,3.88,79.08,79.89,68.37,76.39,8.02,28.06,26.83,3.06,1.39,-1.67,25.0,14.81,17.35,4.17,-13.18,51.35,44.12,45.92,4.17,-41.75,37.5,31.58,11.22,12.5,1.28,38.89,40.91,37.76,48.61,10.85,11.111,22.727,32.65,70.83,38.18,33.33,18.18,59.18,34.72,-24.46,84.85,84.38,90.82,87.5,-3.32,72.0,67.57,68.37,68.06,-0.31,22,1
J08-0014,Júnior Brumado,junior brumado,ATA,ATA,0,Atacante,Atacante,Alemanha B,Brasil B,B,0,2023,2023,2024,2024,1,2024,Hansa Rostock,Coritiba,Júnior Brumado - Hansa Rostock - Alemanha B,Júnior Brumado - Coritiba - Brasil B,627,1253,9.0,19.0,0,1,332,900,0,0,0,0,0.5024,0.3762,-0.126,71.1,61.7,24.0,27.0,2.0,0.0,medida (50 pares),medida (76 pares),23.0,25.0,2.0,1,0,-0.034,-0.0547,-0.092,0.3821,-0.0059,única; único,única; único,38,45,0,35.02,27.29,93.42,92.22,-1.2,9.04,7.76,75.0,81.11,6.11,3.16,2.44,59.21,72.22,13.01,0.0,0.22,9.21,61.11,51.9,2.73,1.65,72.37,31.11,-41.26,3.16,1.22,88.16,27.78,-60.38,9.04,10.2,25.0,45.56,20.56,2.15,2.44,6.58,38.89,32.31,0.41,0.28,64.47,48.89,-15.58,0.29,0.29,43.42,61.11,17.69,15.36,15.3,51.32,45.56,-5.76,4.59,2.3,75.0,18.89,-56.11,72.9,78.87,46.05,61.11,15.06,36.07,35.79,38.16,47.78,9.62,36.51,45.37,48.68,98.89,50.21,58.06,45.0,69.74,12.22,-57.52,63.64,38.24,82.89,22.22,-60.67,21.05,56.52,9.21,98.89,89.68,15.789,21.739,48.68,88.89,40.21,33.33,50.0,69.74,88.89,19.15,81.82,76.47,68.42,53.33,-15.09,72.22,47.37,77.63,12.22,-65.41,22,1
J08-0015,Pedrinho,pedrinho,EXT,EXT,0,Extremo - Esquerda,Extremo - Direita,Brasil A,Brasil B,B,1,2023,2023,2024,2024,1,2024,América Mineiro,Santos,Pedrinho - América Mineiro - Brasil A,Pedrinho - Santos - Brasil B,464,670,8.0,16.0,1,1,900,900,1,1,0,0,-0.0304,0.2891,0.32,50.0,68.2,26.0,26.0,0.0,0.0,medida (82 pares),medida (76 pares),23.0,24.0,1.0,0,0,0.0306,0.0,0.2894,0.2317,0.0574,única; homônimo resolvido pelo clube,homônimo resolvido por qz+minutos; homônimo resolvido pelo clube,59,60,0,22.89,23.1,67.8,80.0,12.2,0.78,1.21,1.69,5.83,4.14,9.5,7.93,96.61,96.67,0.06,3.88,1.34,100.0,98.33,-1.67,2.72,2.42,100.0,85.0,-15.0,3.88,2.15,33.9,3.33,-30.57,16.1,15.31,11.86,28.33,16.47,3.49,3.9,88.14,95.0,6.86,0.23,0.25,75.42,90.0,14.58,0.19,0.94,2.54,98.33,95.79,22.69,21.63,13.56,35.0,21.44,3.1,4.97,5.08,53.33,48.25,70.94,73.29,5.08,25.0,19.92,41.53,46.51,15.25,75.0,59.75,75.0,22.22,100.0,26.67,-73.33,30.43,42.55,0.0,0.0,0.0,57.14,50.85,61.02,36.67,-24.35,35.71,33.33,46.61,50.0,3.39,0.0,11.111,5.93,64.17,58.24,26.32,34.48,22.03,65.0,42.97,75.0,62.5,41.53,10.0,-31.53,72.73,62.5,55.93,25.0,-30.93,22,1
J08-0016,Rossi,rossi,EXT,EXT,0,Extremo - Direita,Extremo - Direita,Brasil A,Brasil B,B,1,2024,2024,2025,2025,1,2025,Vasco da Gama,Paysandu,Rossi - Vasco da Gama - Brasil A,Rossi - Paysandu - Brasil B,555,1251,11.0,17.0,0,1,900,900,0,1,0,0,-0.7271,1.0632,1.79,25.6,89.8,33.0,33.0,0.0,0.0,medida (113 pares),medida (111 pares),31.0,32.0,1.0,0,0,-0.3983,0.0,2.1883,-0.0748,1.138,única; único,única; único,58,56,0,14.76,13.24,10.34,9.82,-0.52,3.57,2.59,84.48,66.96,-17.52,1.78,1.58,6.9,6.25,-0.65,0.16,0.07,7.76,8.04,0.28,0.32,1.37,0.0,25.89,25.89,4.05,6.19,46.55,95.54,48.99,15.41,22.88,17.24,83.04,65.8,1.14,1.65,0.0,22.32,22.32,0.01,0.12,0.0,25.0,25.0,1.46,1.01,100.0,99.11,-0.89,22.22,29.64,17.24,83.04,65.8,6.97,4.17,84.48,25.89,-58.59,67.88,64.81,1.72,2.68,0.96,40.66,46.2,18.97,77.68,58.71,36.36,36.11,65.52,70.54,5.02,51.85,59.52,18.97,65.18,46.21,63.64,45.45,88.79,16.96,-71.83,0.0,42.11,0.0,83.04,83.04,0.0,10.526,4.31,67.86,63.55,27.27,43.4,24.14,90.18,66.04,80.0,77.91,62.07,65.18,3.11,44.44,53.73,0.0,8.04,8.04,22,1
J08-0017,Aylon,aylon,EXT,EXT,0,Extremo - Esquerda,Extremo - Esquerda,Brasil B,Brasil A,A,1,2023,2023,2025,2025,2,2025,Grêmio Novorizontino,Ceará,Aylon - Grêmio Novorizontino - Brasil B,Aylon - Ceará - Brasil A,2491,916,35.0,23.0,0,0,900,900,0,0,0,0,1.1161,-2.052,-3.168,82.8,4.3,31.0,34.0,2.0,0.0,medida (60 pares),medida (156 pares),30.0,33.0,3.0,1,0,-0.8093,-0.3117,-2.3587,0.569,-2.621,única; único,única; único,57,57,0,20.96,22.79,53.51,86.84,33.33,5.85,5.31,97.37,97.37,0.0,1.73,1.77,6.14,6.14,0.0,0.33,0.2,11.4,27.19,15.79,2.02,1.57,58.77,28.95,-29.82,3.11,2.46,35.09,7.89,-27.2,16.04,12.38,35.96,2.63,-33.33,2.85,2.55,69.3,42.98,-26.32,0.31,0.22,93.86,69.3,-24.56,0.47,0.1,56.14,0.88,-55.26,23.16,19.16,44.74,7.89,-36.85,6.68,5.99,83.33,76.32,-7.01,73.63,77.95,39.47,41.23,1.76,43.62,40.09,53.51,14.91,-38.6,35.19,33.33,69.3,55.26,-14.04,53.76,47.14,48.25,6.14,-42.11,56.25,44.44,58.77,9.65,-49.12,33.93,37.5,53.51,54.39,0.88,12.5,12.5,82.46,69.3,-13.16,45.65,36.36,92.11,78.07,-14.04,68.6,68.0,7.89,27.19,19.3,60.66,80.0,20.18,85.96,65.78,22,1
J08-0018,Aylon,aylon,EXT,EXT,0,Extremo - Esquerda,Extremo - Esquerda,Brasil A,Brasil B,B,1,2025,2025,jun26,2026,1,2026,Ceará,Operário PR,Aylon - Ceará - Brasil A,Aylon - Operário PR - Brasil B,916,876,23.0,11.0,1,0,900,284,0,0,1,0,-2.052,0.5304,2.582,4.3,68.2,34.0,34.0,0.0,0.0,medida (156 pares),referência,33.0,34.0,1.0,0,0,0.1403,0.0,2.4417,-0.6578,1.1882,única; único,única; único,57,43,0,22.79,15.1,86.84,33.72,-53.12,5.31,2.57,97.37,73.26,-24.11,1.77,0.72,6.14,1.16,-4.98,0.2,0.0,27.19,12.79,-14.4,1.57,1.44,28.95,34.88,5.93,2.46,2.98,7.89,47.67,39.78,12.38,15.31,2.63,31.4,28.77,2.55,2.05,42.98,38.37,-4.61,0.22,0.18,69.3,56.98,-12.32,0.1,0.41,0.88,48.84,47.96,19.16,21.58,7.89,45.35,37.46,5.99,4.62,76.32,52.33,-23.99,77.95,81.9,41.23,73.26,32.03,40.09,45.58,14.91,61.63,46.72,33.33,36.0,55.26,75.58,20.32,47.14,54.55,6.14,50.0,43.86,44.44,85.71,9.65,98.84,89.19,37.5,28.57,54.39,33.72,-20.67,12.5,7.143,69.3,50.0,-19.3,36.36,25.0,78.07,36.05,-42.02,68.0,65.52,27.19,19.77,-7.42,80.0,73.33,85.96,68.6,-17.36,22,1
J08-0019,Marquinhos,marquinhos,EXT,EXT,0,Extremo - Esquerda,Extremo - Direita,Brasil C,Brasil A,A,1,2023,2023,2024,2024,1,2024,Volta Redonda,Fluminense,Marquinhos - Volta Redonda - Brasil C,Marquinhos - Fluminense - Brasil A,1554,1451,21.0,20.0,0,0,545,900,0,0,0,0,-0.2097,-1.435,-1.225,42.1,5.1,25.0,23.0,3.0,0.0,medida (23 pares),medida (113 pares),25.0,21.0,-4.0,-5,1,-0.2432,-0.183,-0.9818,0.1528,-1.5878,única; único,única; único,43,58,0,19.05,27.6,26.74,95.69,68.95,1.22,3.04,5.81,80.17,74.36,6.02,7.32,84.88,85.34,0.46,0.81,0.62,44.19,70.69,26.5,1.16,1.67,15.12,44.83,29.71,1.22,4.65,1.16,64.66,63.5,7.64,26.18,1.16,80.17,79.01,2.08,1.98,61.63,25.0,-36.63,0.11,0.09,39.53,6.03,-33.5,0.35,0.43,51.16,45.69,-5.47,10.48,36.47,1.16,81.9,80.74,2.95,6.33,5.81,71.55,65.74,77.9,80.44,59.3,61.21,1.91,44.07,45.39,66.28,64.66,-1.62,23.81,38.78,18.6,68.1,49.5,63.64,61.36,91.86,68.1,-23.76,51.92,53.39,47.67,47.41,-0.26,70.0,22.22,98.84,4.31,-94.53,20.0,0.0,93.02,4.31,-88.71,37.5,36.92,66.28,66.38,0.1,71.43,76.0,29.07,42.24,13.17,80.0,65.71,94.19,25.86,-68.33,22,0
J08-0020,Marquinhos,marquinhos,EXT,EXT,0,Extremo - Esquerda,Extremo - Direita,Brasil A,Brasil C,C,1,2020,2020,2024,2024,4,2024,Atlético Mineiro,CSA,Marquinhos - Atlético Mineiro - Brasil A,Marquinhos - CSA - Brasil C,490,234,11.0,,1,1,900,592,1,1,0,0,0.0206,-0.3857,-0.406,56.9,43.9,26.0,28.0,0.0,0.0,medida (57 pares),medida (53 pares),20.0,26.0,6.0,2,1,0.3282,-0.0615,-0.7342,0.422,-0.8077,homônimo resolvido por qz+minutos; homônimo resolvido pelo clube,única; homônimo não resolvido (3 linhas),50,49,0,24.8,,76.0,,,3.12,,64.0,,,7.16,,89.0,,,0.73,,12.0,,,1.65,,64.0,,,3.86,,48.0,,,21.49,,58.0,,,4.04,,94.0,,,0.2,,66.0,,,0.73,,88.0,,,28.84,,58.0,,,5.33,,48.0,,,76.43,,24.0,,,38.52,,8.0,,,23.53,,20.0,,,42.5,,8.0,,,58.97,,78.0,,,22.22,,2.0,,,0.0,,5.0,,,13.33,,4.0,,,76.19,,42.0,,,66.67,,24.0,,,0,0
J08-0021,Marquinhos,marquinhos,EXT,EXT,0,Extremo - Direita,Extremo - Esquerda,França A,Brasil A,A,0,2024,2024,2025,2025,1,2025,Nantes,Cruzeiro,Marquinhos - Nantes - França A,Marquinhos - Cruzeiro - Brasil A,200,483,7.0,17.0,1,1,568,900,1,1,0,0,-0.3521,-0.9959,-0.644,38.1,21.3,20.0,23.0,2.0,0.0,medida (75 pares),medida (156 pares),20.0,22.0,2.0,1,0,0.2313,0.387,-0.8753,0.0902,-1.0861,única; homônimo resolvido pelo clube,única; único,39,57,0,30.15,17.52,100.0,38.6,-61.4,3.15,2.98,79.49,78.95,-0.54,4.5,2.98,43.59,24.56,-19.03,0.0,0.19,0.0,23.68,23.68,2.25,2.42,71.79,85.09,13.3,2.7,4.1,20.51,63.16,42.65,18.45,12.67,38.46,5.26,-33.2,3.6,2.61,64.1,43.86,-20.24,0.28,0.14,80.77,24.56,-56.21,1.35,0.75,97.44,91.23,-6.21,27.45,18.26,48.72,5.26,-43.46,9.45,9.13,100.0,100.0,0.0,85.25,74.49,94.87,24.56,-70.31,35.82,53.19,2.56,96.49,93.93,14.29,43.75,8.97,76.32,67.35,44.44,87.5,2.56,100.0,97.44,60.0,31.25,85.9,0.0,-85.9,20.0,15.38,6.41,1.75,-4.66,0.0,0.0,7.69,6.14,-1.55,83.33,33.33,100.0,60.53,-39.47,100.0,68.18,100.0,28.07,-71.93,50.0,66.67,5.13,24.56,19.43,22,1
J08-0022,Marquinhos,marquinhos,EXT,EXT,0,Extremo - Esquerda,Extremo - Esquerda,Brasil A,Brasil C,C,1,2025,2025,jun26,2026,1,2026,Cruzeiro,Santa Cruz,Marquinhos - Cruzeiro - Brasil A,Marquinhos - Santa Cruz - Brasil C,483,253,17.0,6.0,1,1,900,213,0,1,1,0,-0.9959,0.1222,1.118,21.3,60.0,23.0,23.0,0.0,0.0,medida (156 pares),referência,22.0,23.0,1.0,0,0,0.091,0.0,1.027,-0.1931,0.3153,única; único,homônimo resolvido por qz+minutos; homônimo resolvido pelo clube,57,50,0,17.52,20.28,38.6,71.0,32.4,2.98,7.11,78.95,99.0,20.05,2.98,2.13,24.56,33.0,8.44,0.19,0.0,23.68,16.0,-7.68,2.42,1.78,85.09,39.0,-46.09,4.1,3.2,63.16,40.0,-23.16,12.67,14.94,5.26,29.0,23.74,2.61,4.62,43.86,99.0,55.14,0.14,0.4,24.56,97.0,72.44,0.75,0.0,91.23,15.0,-76.23,18.26,23.48,5.26,55.0,49.74,9.13,4.27,100.0,51.0,-49.0,74.49,72.73,24.56,35.0,10.44,53.19,43.86,96.49,59.0,-37.49,43.75,50.0,76.32,86.0,9.68,87.5,20.0,100.0,1.0,-99.0,31.25,33.33,0.0,7.0,7.0,15.38,80.0,1.75,97.0,95.25,0.0,40.0,6.14,95.0,88.86,33.33,50.0,60.53,88.0,27.47,68.18,44.44,28.07,9.0,-19.07,66.67,50.0,24.56,24.0,-0.56,22,1
J08-0023,Dudu,dudu,EXT,EXT,0,Extremo - Esquerda,Extremo - Direita,Portugal B,Brasil C,C,0,2023,2023,2024,2024,1,2024,Feirense,Aparecidense,Dudu - Feirense - Portugal B,Dudu - Aparecidense - Brasil C,767,544,11.0,6.0,1,1,308,592,1,0,0,0,-0.2712,0.4137,0.685,28.6,64.9,20.0,23.0,3.0,0.0,medida (31 pares),medida (53 pares),20.0,21.0,1.0,0,0,0.1403,0.387,0.5447,0.1258,0.2879,única; único,única; homônimo resolvido pelo clube,38,49,0,22.76,15.39,77.63,6.12,-71.51,1.76,0.99,48.68,6.12,-42.56,6.92,2.65,90.79,20.41,-70.38,0.47,0.33,25.0,28.57,3.57,2.35,2.98,77.63,87.76,10.13,3.4,4.63,40.79,81.63,40.84,19.71,27.46,72.37,97.96,25.59,2.23,1.99,53.95,44.9,-9.05,0.12,0.24,26.32,83.67,57.35,0.12,0.66,5.26,91.84,86.58,22.76,32.26,48.68,89.8,41.12,5.51,2.98,56.58,4.08,-52.5,80.41,87.18,72.37,97.96,25.59,47.94,48.39,85.53,89.8,4.27,6.67,16.67,9.21,8.16,-1.05,56.52,57.14,61.84,63.27,1.43,69.49,62.5,96.05,85.71,-10.34,40.0,38.89,63.16,65.31,2.15,10.0,11.111,53.95,70.41,16.46,25.0,47.06,39.47,90.82,51.35,86.21,82.14,85.53,86.73,1.2,75.0,76.19,73.68,78.57,4.89,22,1
J08-0024,Dudu,dudu,EXT,EXT,0,Extremo - Esquerda,Extremo - Esquerda,Japao B,Brasil A,A,0,2023,2023,2024,2024,1,2024,JEF United,Palmeiras,Dudu - JEF United - Japao B,Dudu - Palmeiras - Brasil A,1103,670,17.0,18.0,1,0,900,900,1,0,0,0,0.47,-0.3286,-0.799,75.8,34.8,33.0,34.0,2.0,0.0,medida (91 pares),medida (113 pares),32.0,32.0,0.0,-1,0,0.0,-0.2037,-0.799,0.4519,-0.7805,homônimo resolvido por qz+minutos; homônimo resolvido pelo clube,única; homônimo resolvido pelo clube,62,58,0,23.5,18.81,83.06,34.48,-48.58,4.73,0.94,83.06,8.62,-74.44,5.06,6.85,70.16,82.76,12.6,0.9,0.4,57.26,43.97,-13.29,2.53,2.01,94.35,68.97,-25.38,4.24,4.57,42.74,60.34,17.6,19.34,24.45,50.81,72.41,21.6,3.02,3.36,81.45,82.76,1.31,0.38,0.15,95.97,39.66,-56.31,0.24,0.13,12.9,1.72,-11.18,27.33,32.51,52.42,68.97,16.55,5.14,3.76,18.55,10.34,-8.21,74.63,71.49,36.29,3.45,-32.84,43.06,47.86,54.03,81.03,27.0,25.86,14.29,34.68,5.17,-29.51,55.36,57.14,33.06,43.1,10.04,56.45,56.86,68.55,74.14,5.59,48.39,46.67,86.29,84.48,-1.81,22.581,0.0,89.52,4.31,-85.21,46.15,17.86,83.06,5.17,-77.89,78.85,76.47,83.06,43.97,-39.09,57.69,88.46,28.23,98.28,70.05,22,1
J08-0025,Luiz Fernando,luiz fernando,EXT,EXT,0,Extremo - Esquerda,Extremo - Esquerda,Brasil A,Brasil B,B,1,2022,2022,2023,2023,1,2023,Atlético GO,Atlético GO,Luiz Fernando - Atlético GO - Brasil A,Luiz Fernando - Atlético GO - Brasil B,1889,2849,29.0,35.0,0,0,900,900,0,0,0,0,-1.1509,1.2154,2.366,9.1,86.2,29.0,27.0,0.0,2.0,medida (79 pares),medida (60 pares),25.0,26.0,1.0,0,0,-0.0553,0.0074,2.4213,-0.2613,1.4767,única; único,única; único,62,57,0,20.58,17.63,36.29,21.93,-14.36,3.86,3.7,81.45,78.07,-3.38,3.91,3.13,36.29,23.68,-12.61,0.67,0.51,25.0,24.56,-0.44,2.24,1.83,75.0,46.49,-28.51,2.76,2.08,16.94,7.89,-9.05,16.29,17.28,29.03,50.0,20.97,3.95,2.94,94.35,76.32,-18.03,0.27,0.25,89.52,88.6,-0.92,0.43,0.28,46.77,21.05,-25.72,23.01,22.05,29.84,30.7,0.86,4.76,4.3,26.61,24.56,-2.05,80.12,80.52,68.55,83.33,14.78,43.29,38.35,47.58,16.67,-30.91,34.57,22.22,60.48,27.19,-33.29,57.73,49.58,57.26,21.93,-35.33,46.34,51.52,21.77,37.72,15.95,29.79,43.1,28.23,90.35,62.12,4.255,15.517,16.94,97.37,80.43,26.47,29.41,25.0,38.6,13.6,75.86,75.76,41.13,35.96,-5.17,69.23,74.07,41.13,72.81,31.68,22,1
J08-0026,Luiz Fernando,luiz fernando,EXT,EXT,0,Extremo - Esquerda,Extremo - Esquerda,Brasil B,Brasil A,A,1,2023,2023,2024,2024,1,2024,Atlético GO,Atlético GO,Luiz Fernando - Atlético GO - Brasil B,Luiz Fernando - Atlético GO - Brasil A,2849,2861,35.0,31.0,0,0,900,900,0,0,0,0,1.2154,-0.244,-1.459,86.2,39.1,27.0,29.0,2.0,0.0,medida (60 pares),medida (113 pares),26.0,27.0,1.0,0,0,-0.0553,-0.0074,-1.4037,0.7799,-1.0239,única; único,única; único,57,58,0,17.63,17.14,21.93,23.28,1.35,3.7,2.93,78.07,75.0,-3.07,3.13,3.15,23.68,25.0,1.32,0.51,0.53,24.56,54.31,29.75,1.83,1.89,46.49,60.34,13.85,2.08,3.27,7.89,20.69,12.8,17.28,17.62,50.0,25.0,-25.0,2.94,2.86,76.32,68.1,-8.22,0.25,0.22,88.6,77.59,-11.01,0.28,0.25,21.05,20.69,-0.36,22.05,23.22,30.7,22.41,-8.29,4.3,4.59,24.56,28.45,3.89,80.52,78.05,83.33,41.38,-41.95,38.35,42.02,16.67,35.34,18.67,22.22,27.96,27.19,35.34,8.15,49.58,59.81,21.93,56.03,34.1,51.52,52.0,37.72,35.34,-2.38,43.1,40.0,90.35,56.03,-34.32,15.517,13.333,97.37,73.28,-24.09,29.41,24.49,38.6,14.66,-23.94,75.76,74.04,35.96,28.45,-7.51,74.07,67.74,72.81,30.17,-42.64,22,1
J08-0027,Luiz Fernando,luiz fernando,EXT,EXT,0,Extremo - Esquerda,Extremo - Esquerda,Brasil A,Brasil B,B,1,2024,2024,2025,2025,1,2025,Atlético GO,Athletico Paranaense,Luiz Fernando - Atlético GO - Brasil A,Luiz Fernando - Athletico Paranaense - Brasil B,2861,2040,31.0,33.0,0,0,900,900,0,0,0,0,-0.244,1.5494,1.793,39.1,91.9,29.0,29.0,0.0,0.0,medida (113 pares),medida (111 pares),27.0,28.0,1.0,0,0,-0.0687,0.0,1.8617,0.1377,1.4117,única; único,única; único,58,56,0,17.14,16.5,23.28,36.61,13.33,2.93,3.88,75.0,90.18,15.18,3.15,2.69,25.0,38.39,13.39,0.53,0.22,54.31,33.93,-20.38,1.89,2.12,60.34,61.61,1.27,3.27,2.78,20.69,22.32,1.63,17.62,17.43,25.0,38.39,13.39,2.86,3.44,68.1,86.61,18.51,0.22,0.18,77.59,51.79,-25.8,0.25,0.62,20.69,87.5,66.81,23.22,22.99,22.41,38.39,15.98,4.59,4.9,28.45,58.04,29.59,78.05,81.0,41.38,79.46,38.08,42.02,41.98,35.34,41.96,6.62,27.96,30.68,35.34,34.82,-0.52,59.81,51.85,56.03,29.46,-26.57,52.0,62.3,35.34,79.46,44.12,40.0,33.33,56.03,43.75,-12.28,13.333,6.25,73.28,34.82,-38.46,24.49,35.48,14.66,70.54,55.88,74.04,76.19,28.45,54.46,26.01,67.74,75.0,30.17,76.79,46.62,22,1
J08-0028,Felipe Azevedo,felipe azevedo,EXT,EXT,0,Extremo - Esquerda,Extremo - Esquerda,Brasil B,Brasil C,C,1,2024,2024,2025,2025,1,2025,América Mineiro,São Bernardo FC,Felipe Azevedo - América Mineiro - Brasil B,Felipe Azevedo - São Bernardo FC - Brasil C,598,1380,16.0,21.0,0,1,900,616,0,1,0,0,-0.0569,0.3566,0.413,50.0,67.3,39.0,39.0,0.0,0.0,medida (76 pares),medida (70 pares),37.0,38.0,1.0,0,0,0.0,0.0,0.413,0.2201,0.1365,única; único,única; único,60,44,0,16.4,17.54,15.0,23.86,8.86,3.31,2.61,85.0,62.5,-22.5,1.35,3.39,5.0,42.05,37.05,0.6,0.39,71.67,59.09,-12.58,2.11,2.8,72.5,92.05,19.55,3.61,4.83,53.33,89.77,36.44,21.22,19.3,76.67,78.41,1.74,3.46,2.28,93.33,67.05,-26.28,0.15,0.21,46.67,82.95,36.28,0.3,0.26,47.5,45.45,-2.05,28.75,24.85,76.67,69.32,-7.35,3.16,4.57,3.33,46.59,43.26,75.92,78.48,43.33,73.86,30.53,45.87,41.26,71.67,35.23,-36.44,50.0,42.5,98.33,78.41,-19.92,72.22,50.79,100.0,23.86,-76.14,66.67,55.77,91.67,60.23,-31.44,14.29,30.23,0.0,51.14,51.14,0.0,4.651,4.17,32.95,28.78,29.41,36.84,43.33,78.41,35.08,70.83,75.68,26.67,59.09,32.42,57.14,79.55,10.0,82.95,72.95,22,1
J08-0029,Vitinho,vitinho,EXT,EXT,0,Extremo - Direita,Extremo - Direita,Mexico,Brasil A,A,0,2025,2025,jun26,2026,1,2026,Atlético de San Luis,Internacional,Vitinho - Atlético de San Luis - Mexico,Vitinho - Internacional - Brasil A,2170,1343,28.0,17.0,0,0,900,426,0,0,1,0,-0.5777,-0.3542,0.223,23.8,34.8,25.0,27.0,0.0,0.0,medida (148 pares),referência,24.0,27.0,3.0,2,1,-0.08,-0.1156,0.303,-0.0091,-0.3451,única; único,única; homônimo resolvido pelo clube,47,46,0,15.59,18.97,24.47,61.96,37.49,0.87,4.22,15.96,96.74,80.78,3.98,2.48,50.0,27.17,-22.83,0.75,0.34,88.3,41.3,-47.0,2.65,1.81,94.68,53.26,-41.42,2.2,5.7,1.06,88.04,86.98,21.86,21.98,47.87,57.61,9.74,2.57,3.22,60.64,77.17,16.53,0.24,0.13,88.3,32.61,-55.69,0.25,0.54,11.7,68.48,56.78,25.63,28.15,26.6,55.43,28.83,3.32,6.63,7.45,79.35,71.9,82.69,72.86,81.91,20.65,-61.26,37.77,45.23,7.45,44.57,37.12,9.52,33.33,7.45,52.17,44.72,52.38,57.14,5.32,64.13,58.81,52.08,62.16,52.13,81.52,29.39,46.88,37.04,88.3,44.57,-43.73,10.938,0.0,56.38,8.7,-47.68,28.57,24.59,41.49,38.04,-3.45,77.36,76.47,39.36,60.87,21.51,64.44,54.76,9.57,5.43,-4.14,22,0
J08-0030,Vitinho,vitinho,EXT,EXT,0,Extremo - Esquerda,Extremo - Esquerda,Arabia Saudita A,Brasil A,A,0,2024,2024,2025,2025,1,2025,Al Shabab,Corinthians,Vitinho - Al Shabab - Arabia Saudita A,Vitinho - Corinthians - Brasil A,337,551,5.0,12.0,1,1,521,900,1,1,0,0,0.1028,0.0196,-0.083,55.3,57.4,30.0,32.0,2.0,0.0,medida (65 pares),medida (156 pares),30.0,31.0,1.0,0,0,-0.0127,-0.1692,-0.0703,0.2903,-0.2707,única; único,homônimo resolvido por qz+minutos; homônimo resolvido pelo clube,49,57,0,25.1,21.23,95.92,64.91,-31.01,4.01,3.59,97.96,87.72,-10.24,6.41,5.72,81.63,82.46,0.83,1.07,0.0,77.55,0.88,-76.67,2.67,2.61,91.84,92.98,1.14,4.81,3.76,80.61,50.88,-29.73,21.36,17.48,55.1,24.56,-30.54,3.74,3.1,77.55,68.42,-9.13,0.18,0.16,43.88,38.6,-5.28,0.8,0.82,87.76,94.74,6.98,30.18,25.81,61.22,54.39,-6.83,4.81,5.06,42.86,47.37,4.51,76.11,77.85,20.41,40.35,19.94,35.11,46.92,2.04,73.68,71.64,13.33,36.36,8.16,65.79,57.63,42.86,66.67,4.08,95.61,91.53,41.67,65.71,4.08,96.49,92.41,30.0,43.75,14.29,86.84,72.55,20.0,6.25,85.71,27.19,-58.52,44.44,35.29,89.8,71.93,-17.87,100.0,78.26,100.0,73.68,-26.32,72.73,66.67,55.1,24.56,-30.54,22,1
J08-0031,Marcinho,marcinho,EXT,EXT,0,Extremo - Direita,Extremo - Direita,Brasil A,Brasil B,B,1,2022,2022,2023,2023,1,2023,Avaí,Chapecoense,Marcinho - Avaí - Brasil A,Marcinho - Chapecoense - Brasil B,585,1476,15.0,21.0,0,1,900,900,0,1,0,0,0.1381,0.2494,0.111,58.1,67.9,31.0,28.0,0.0,2.0,medida (79 pares),medida (60 pares),27.0,27.0,0.0,-1,0,0.0,0.2341,0.111,0.3059,-0.0565,única; único,única; homônimo resolvido pelo clube,62,57,0,21.08,22.26,43.55,62.28,18.73,2.92,1.99,67.74,27.19,-40.55,2.92,4.31,12.9,49.12,36.22,0.62,0.71,22.58,40.35,17.77,1.85,1.67,55.65,32.46,-23.19,4.46,5.4,67.74,88.6,20.86,23.85,19.94,79.03,76.32,-2.71,3.08,2.77,69.35,67.54,-1.81,0.2,0.09,67.74,14.91,-52.83,0.77,0.39,91.94,39.47,-52.47,31.85,28.31,75.81,85.09,9.28,4.15,4.57,8.06,33.33,25.27,85.99,75.0,95.16,46.49,-48.67,37.23,42.49,8.06,41.23,33.17,15.79,16.13,6.45,11.4,4.95,54.55,50.0,37.1,27.19,-9.91,68.42,61.19,96.77,79.82,-16.95,41.67,26.92,86.29,23.68,-62.61,8.333,7.692,54.84,47.37,-7.47,25.0,39.13,16.94,70.18,53.24,89.66,71.43,96.77,20.18,-76.59,80.0,59.09,75.81,14.04,-61.77,22,1
J08-0032,Erick,erick,EXT,EXT,0,Extremo - Direita,Extremo - Direita,Brasil B,Brasil A,A,1,2023,2023,2024,2024,1,2024,Ceará,São Paulo,Erick - Ceará - Brasil B,Erick - São Paulo - Brasil A,2848,747,31.0,19.0,1,0,900,900,1,0,0,0,2.244,2.1194,-0.125,100.0,92.3,25.0,28.0,2.0,0.0,medida (60 pares),medida (113 pares),24.0,26.0,2.0,1,0,-0.0247,-0.1193,-0.1003,1.2325,0.8869,única; único,única; homônimo resolvido pelo clube,57,58,0,20.48,21.2,51.75,60.34,8.59,1.52,1.33,14.91,20.69,5.78,6.45,4.94,83.33,65.52,-17.81,0.57,0.24,28.95,14.66,-14.29,2.15,1.45,71.05,24.14,-46.91,7.24,6.87,99.12,98.28,-0.84,24.84,26.51,93.86,81.03,-12.83,2.46,3.01,46.49,72.41,25.92,0.24,0.09,85.09,6.03,-79.06,0.82,0.96,97.37,100.0,2.63,32.3,33.98,92.11,72.41,-19.7,4.33,5.06,27.19,42.24,15.05,71.72,78.72,16.67,43.1,26.43,46.3,43.18,83.33,49.14,-34.19,29.17,63.64,50.0,100.0,50.0,56.38,65.0,64.04,89.66,25.62,58.33,46.34,67.54,17.24,-50.3,42.65,33.33,88.6,27.59,-61.01,14.706,8.333,93.86,39.66,-54.2,34.65,35.0,51.75,57.76,6.01,79.04,85.96,55.26,89.66,34.4,71.65,70.97,62.28,47.41,-14.87,22,1
J08-0033,Clayson,clayson,EXT,EXT,0,Extremo - Esquerda,Extremo - Esquerda,Japao B,Brasil A,A,0,2023,2023,2024,2024,1,2024,V-Varen Nagasaki,Cuiabá,Clayson - V-Varen Nagasaki - Japao B,Clayson - Cuiabá - Brasil A,914,2244,13.0,33.0,0,0,900,900,0,0,0,0,-0.3666,-1.099,-0.732,45.5,6.5,28.0,31.0,2.0,0.0,medida (91 pares),medida (113 pares),27.0,29.0,2.0,1,0,-0.1374,-0.2341,-0.5946,0.0838,-1.1828,única; único,única; único,62,58,0,19.0,17.25,45.97,25.0,-20.97,1.38,1.04,20.16,14.66,-5.5,3.64,4.77,44.35,62.93,18.58,0.49,0.32,27.42,26.72,-0.7,1.18,1.72,21.77,50.86,29.09,5.42,4.85,81.45,71.55,-9.9,19.1,20.13,49.19,40.52,-8.67,1.08,1.36,4.03,0.86,-3.17,0.09,0.12,14.52,16.38,1.86,0.3,0.2,28.23,10.34,-17.89,27.47,25.99,54.03,35.34,-18.69,5.61,5.41,33.06,56.03,22.97,71.68,76.08,21.77,23.28,1.51,36.79,40.93,8.06,21.55,13.49,14.29,11.54,4.03,2.59,-1.44,42.59,57.6,0.81,45.69,44.88,59.46,52.94,79.84,45.69,-34.15,16.67,30.23,4.03,23.28,19.25,8.333,11.628,32.26,59.48,27.22,40.74,43.75,70.16,83.62,13.46,67.27,71.9,25.0,23.28,-1.72,53.85,71.43,13.71,50.0,36.29,22,1
J08-0034,Clayson,clayson,EXT,EXT,0,Extremo - Esquerda,Extremo - Esquerda,Brasil A,Brasil B,B,1,2024,2024,2025,2025,1,2025,Cuiabá,Coritiba,Clayson - Cuiabá - Brasil A,Clayson - Coritiba - Brasil B,2244,1234,33.0,22.0,0,0,900,900,0,0,0,0,-1.099,-1.0437,0.055,6.5,8.1,31.0,31.0,0.0,0.0,medida (113 pares),medida (111 pares),29.0,30.0,1.0,0,0,-0.0127,0.0,0.0677,-0.2385,-0.8052,única; único,única; único,58,56,0,17.25,16.99,25.0,40.18,15.18,1.04,1.09,14.66,15.18,0.52,4.77,3.14,62.93,54.46,-8.47,0.32,0.44,26.72,65.18,38.46,1.72,0.95,50.86,8.04,-42.82,4.85,3.28,71.55,39.29,-32.26,20.13,21.95,40.52,75.89,35.37,1.36,1.39,0.86,11.61,10.75,0.12,0.1,16.38,14.29,-2.09,0.2,0.29,10.34,22.32,11.98,25.99,27.35,35.34,70.54,35.2,5.41,4.81,56.03,56.25,0.22,76.08,85.33,23.28,97.32,74.04,40.93,41.63,21.55,36.61,15.06,11.54,33.33,2.59,53.57,50.98,57.6,47.76,45.69,11.61,-34.08,52.94,60.47,45.69,74.11,28.42,30.23,23.08,23.28,8.04,-15.24,11.628,0.0,59.48,5.36,-54.12,43.75,37.04,83.62,72.32,-11.3,71.9,73.33,23.28,43.75,20.47,71.43,80.0,50.0,88.39,38.39,22,1
J08-0035,David,david,EXT,EXT,0,Extremo - Esquerda,Extremo - Esquerda,Brasil B,Brasil C,C,1,2023,2023,2025,2025,2,2025,Juventude,Itabaiana,David - Juventude - Brasil B,David - Itabaiana - Brasil C,2243,464,30.0,10.0,1,0,900,616,1,0,0,0,0.7995,0.0415,-0.758,79.3,53.1,23.0,26.0,2.0,0.0,medida (60 pares),medida (70 pares),22.0,25.0,3.0,1,0,0.1522,0.1252,-0.9102,0.5077,-0.4662,única; único,única; único,57,44,0,18.9,22.89,34.21,65.91,31.7,2.85,2.72,60.53,65.91,5.38,4.01,3.1,44.74,31.82,-12.92,1.6,0.39,92.11,59.09,-33.02,2.05,1.16,64.91,20.45,-44.46,2.41,3.1,16.67,29.55,12.88,15.09,13.58,23.68,19.32,-4.36,3.17,2.52,83.33,84.09,0.76,0.19,0.08,64.91,25.0,-39.91,0.24,0.39,15.79,61.36,45.57,20.54,19.2,21.93,22.73,0.8,4.69,9.12,35.96,97.73,61.77,72.85,59.6,27.19,0.0,-27.19,44.16,34.75,64.04,0.0,-64.04,45.07,28.57,97.37,30.68,-66.69,66.29,60.71,99.12,75.0,-24.12,51.0,37.5,34.21,6.82,-27.39,39.22,33.33,76.32,60.23,-16.09,7.843,16.667,50.0,80.68,30.68,19.3,18.75,6.14,11.36,5.22,66.67,62.5,4.39,13.64,9.25,57.14,41.67,9.65,2.27,-7.38,22,1
J08-0036,Guilherme,guilherme,EXT,EXT,0,Extremo - Esquerda,Extremo - Esquerda,Coreia B,Brasil B,B,0,2023,2023,2024,2024,1,2024,Gyeongnam,Santos,Guilherme - Gyeongnam - Coreia B,Guilherme - Santos - Brasil B,2246,2824,34.0,31.0,0,0,853,900,0,0,0,0,1.9646,4.0,2.035,86.2,100.0,28.0,31.0,3.0,0.0,medida (34 pares),medida (76 pares),28.0,29.0,1.0,0,0,-0.0687,-0.2341,2.1037,1.1095,2.8905,única; único,única; único,38,60,0,19.92,21.07,27.63,59.17,31.54,1.76,3.76,19.74,89.17,69.43,3.29,4.33,25.0,55.83,30.83,0.72,0.48,36.84,52.5,15.66,2.16,2.8,72.37,95.83,23.46,5.49,6.12,90.79,95.83,5.04,17.55,22.75,44.74,82.5,37.76,1.52,3.44,11.84,92.5,80.66,0.22,0.34,64.47,97.5,33.03,0.4,0.38,44.74,69.17,24.43,28.77,31.23,67.11,82.5,15.39,7.73,6.06,90.79,70.83,-19.96,78.41,80.51,69.74,77.5,7.76,47.28,47.5,85.53,84.17,-1.36,34.09,44.07,51.32,92.5,41.18,58.75,64.86,48.68,89.17,40.49,69.51,61.03,98.68,75.83,-22.85,40.74,35.23,48.68,52.5,3.82,11.111,11.364,42.11,66.67,24.56,38.89,36.78,80.26,74.17,-6.09,62.04,77.6,19.74,68.33,48.59,74.51,80.9,72.37,89.17,16.8,22,1
J08-0037,Guilherme,guilherme,EXT,EXT,0,Extremo - Esquerda,Extremo - Esquerda,Brasil B,Brasil A,A,1,2024,2024,2025,2025,1,2025,Santos,Santos,Guilherme - Santos - Brasil B,Guilherme - Santos - Brasil A,2824,2442,31.0,32.0,0,0,900,900,0,0,0,0,4.0,2.1694,-1.831,100.0,97.9,31.0,31.0,0.0,0.0,medida (76 pares),medida (156 pares),29.0,30.0,1.0,0,0,-0.0127,0.0,-1.8183,2.0051,0.1643,única; único,única; homônimo resolvido pelo clube,60,57,0,21.07,19.61,59.17,51.75,-7.42,3.76,3.87,89.17,90.35,1.18,4.33,4.42,55.83,62.28,6.45,0.48,0.37,52.5,55.26,2.76,2.8,1.95,95.83,67.54,-28.29,6.12,4.94,95.83,74.56,-21.27,22.75,22.19,82.5,67.54,-14.96,3.44,3.76,92.5,90.35,-2.15,0.34,0.17,97.5,44.74,-52.76,0.38,0.44,69.17,46.49,-22.68,31.23,30.59,82.5,72.81,-9.69,6.06,5.79,70.83,68.42,-2.41,80.51,78.07,77.5,44.74,-32.76,47.5,50.19,84.17,88.6,4.43,44.07,53.33,92.5,98.25,5.75,64.86,64.71,89.17,88.6,-0.57,61.03,61.67,75.83,86.84,11.01,35.23,39.62,52.5,71.05,18.55,11.364,7.547,66.67,35.96,-30.71,36.78,32.05,74.17,55.26,-18.91,77.6,70.15,68.33,35.96,-32.37,80.9,68.66,89.17,27.19,-61.98,22,1
J08-0038,Juninho,juninho,EXT,EXT,0,Extremo - Direita,Extremo - Esquerda,Brasil C,Brasil B,B,1,2024,2024,2025,2025,1,2025,Ferroviária,Ferroviária,Juninho - Ferroviária - Brasil C,Juninho - Ferroviária - Brasil B,1722,2277,22.0,34.0,0,0,592,900,0,0,0,0,0.4447,0.7263,0.282,66.7,78.4,30.0,30.0,0.0,0.0,medida (53 pares),medida (111 pares),28.0,29.0,1.0,0,0,-0.0687,0.0,0.3507,0.4408,0.2855,única; homônimo resolvido pelo clube,única; homônimo resolvido pelo clube,49,56,0,21.32,19.29,52.04,68.75,16.71,3.34,2.85,70.41,72.32,1.91,3.87,3.36,47.96,56.25,8.29,0.73,0.47,70.41,76.79,6.38,1.93,2.09,51.02,57.14,6.12,4.49,3.12,78.57,31.25,-47.32,16.78,15.1,39.8,15.18,-24.62,1.62,2.13,29.59,47.32,17.73,0.27,0.25,93.88,78.57,-15.31,0.52,0.4,82.65,52.68,-29.97,23.15,20.47,39.8,22.32,-17.48,6.01,6.09,76.53,90.18,13.65,73.59,73.75,29.59,27.68,-1.91,46.81,46.11,82.65,70.54,-12.11,42.19,31.94,72.45,41.96,-30.49,60.22,60.17,78.57,70.54,-8.03,55.41,55.29,58.16,49.11,-9.05,48.65,33.96,88.78,49.11,-39.67,18.919,11.321,94.9,75.89,-19.01,34.21,44.0,64.29,91.96,27.67,80.23,68.35,78.57,22.32,-56.25,67.86,57.81,45.92,20.54,-25.38,22,1
J08-0039,Marquinhos Gabriel,marquinhos gabriel,EXT,EXT,0,Extremo - Direita,Extremo - Esquerda,Brasil A,Brasil B,B,1,2024,2024,2025,2025,1,2025,Criciúma,Avaí,Marquinhos Gabriel - Criciúma - Brasil A,Marquinhos Gabriel - Avaí - Brasil B,1162,3629,25.0,37.0,0,0,900,900,0,0,0,0,-0.5429,1.2105,1.753,35.9,83.8,35.0,35.0,0.0,0.0,medida (113 pares),medida (111 pares),33.0,34.0,1.0,0,0,0.1403,0.0,1.6127,0.0062,1.2043,única; único,única; único,58,56,0,19.21,12.77,40.52,6.25,-34.27,1.7,0.97,42.24,6.25,-35.99,2.56,2.46,14.66,26.79,12.13,0.23,0.12,12.93,17.86,4.93,1.24,1.19,12.93,13.39,0.46,5.27,4.91,76.72,83.04,6.32,22.38,24.45,66.38,91.96,25.58,1.39,1.59,2.59,17.86,15.27,0.09,0.12,6.03,25.0,18.97,0.46,0.47,58.62,65.18,6.56,33.77,34.37,70.69,93.75,23.06,5.42,4.22,57.76,29.46,-28.3,82.57,84.99,75.0,95.54,20.54,41.13,45.24,26.72,66.96,40.24,22.73,23.08,13.79,18.75,4.96,58.93,64.46,50.86,88.39,37.53,51.52,53.54,33.62,33.04,-0.58,25.0,41.67,11.21,81.25,70.04,0.0,8.333,4.31,52.68,48.37,45.83,40.58,87.07,84.82,-2.25,75.0,77.78,36.21,63.39,27.18,68.97,78.53,37.07,86.61,49.54,22,1
J08-0040,Marcinho,marcinho,LAT,LAT,0,Lateral Direito,Lateral Direito,Brasil A,Brasil B,B,1,2023,2023,2024,2024,1,2024,América Mineiro,Ituano,Marcinho - América Mineiro - Brasil A,Marcinho - Ituano - Brasil B,897,2080,12.0,22.0,0,1,900,900,0,1,0,0,-0.4693,0.0,0.469,31.8,51.1,30.0,30.0,0.0,0.0,medida (82 pares),medida (76 pares),27.0,28.0,1.0,0,0,-0.1006,0.0,0.5696,-0.0642,0.0642,única; único,única; homônimo resolvido pelo clube,62,63,0,18.56,15.75,62.9,48.41,-14.49,2.11,2.68,30.65,57.14,26.49,1.81,2.64,41.94,79.37,37.43,0.6,0.22,54.03,56.35,2.32,0.8,1.04,75.0,83.33,8.33,10.64,8.83,90.32,67.46,-22.86,26.69,25.27,46.77,46.83,0.06,0.4,0.26,8.06,8.73,0.67,0.03,0.02,41.13,29.37,-11.76,0.3,0.26,45.16,47.62,2.46,39.33,37.82,61.29,61.11,-0.18,11.54,8.44,93.55,43.65,-49.9,71.94,76.77,1.61,37.3,35.69,50.81,52.75,27.42,34.13,6.71,52.38,53.23,74.19,57.94,-16.25,49.07,58.44,3.23,26.19,22.96,66.67,57.38,79.03,50.79,-28.24,12.5,33.33,14.52,68.25,53.73,0.0,0.0,21.77,22.22,0.45,32.61,44.05,45.16,83.33,38.17,71.7,74.51,35.48,61.11,25.63,61.18,57.65,4.84,8.73,3.89,22,1
J08-0041,Jeferson,jeferson,LAT,LAT,0,Lateral Direito,Lateral Direito,Brasil C,Brasil B,B,1,2023,2023,2025,2025,2,2025,São Bernardo FC,Botafogo SP,Jeferson - São Bernardo FC - Brasil C,Jeferson - Botafogo SP - Brasil B,1412,2285,21.0,28.0,0,0,545,900,0,0,0,0,0.4787,0.0587,-0.42,66.7,52.3,27.0,29.0,3.0,0.0,medida (23 pares),medida (111 pares),27.0,28.0,1.0,-1,0,-0.1006,-0.1602,-0.3194,0.2752,-0.2165,única; único,única; único,53,68,0,13.89,10.83,21.7,16.91,-4.79,3.0,3.27,58.49,75.74,17.25,0.75,0.51,12.26,6.62,-5.64,0.41,0.12,51.89,29.41,-22.48,0.54,0.08,57.55,2.21,-55.34,8.71,9.41,63.21,84.56,21.35,21.65,29.46,17.92,78.68,60.76,0.89,0.43,78.3,12.5,-65.8,0.04,0.0,70.75,5.88,-64.87,0.41,0.32,75.47,41.91,-33.56,31.32,39.15,21.7,75.74,54.04,7.49,7.72,33.02,53.68,20.66,73.91,78.77,21.7,53.68,31.98,53.92,50.55,50.0,25.74,-24.26,56.82,42.17,70.75,38.97,-31.78,51.09,60.0,2.83,38.24,35.41,81.82,61.54,93.4,66.91,-26.49,25.0,50.0,50.0,95.59,45.59,12.5,0.0,85.85,25.74,-60.11,40.0,36.11,66.98,49.26,-17.72,75.78,76.99,68.87,78.68,9.81,65.52,67.95,33.02,58.09,25.07,22,1
J08-0042,Jeferson,jeferson,LAT,LAT,0,Lateral Direito,Lateral Direito,Brasil B,Brasil C,C,1,2025,2025,jun26,2026,1,2026,Botafogo SP,Brusque,Jeferson - Botafogo SP - Brasil B,Jeferson - Brusque - Brasil C,2285,424,28.0,5.0,1,0,900,213,0,0,1,0,0.0587,-1.3204,-1.379,52.3,12.5,29.0,29.0,0.0,0.0,medida (111 pares),referência,28.0,29.0,1.0,0,0,-0.1006,0.0,-1.2784,0.1584,-1.4788,única; único,única; único,68,56,0,10.83,12.74,16.91,33.04,16.13,3.27,4.25,75.74,90.18,14.44,0.51,0.0,6.62,1.79,-4.83,0.12,0.0,29.41,24.11,-5.3,0.08,0.21,2.21,12.5,10.29,9.41,10.4,84.56,91.96,7.4,29.46,22.92,78.68,33.04,-45.64,0.43,0.21,12.5,14.29,1.79,0.0,0.0,5.88,12.5,6.62,0.32,0.0,41.91,11.61,-30.3,39.15,33.33,75.74,34.82,-40.92,7.72,7.43,53.68,50.89,-2.79,78.77,71.34,53.68,13.39,-40.29,50.55,48.33,25.74,29.46,3.72,42.17,45.0,38.97,35.71,-3.26,60.0,54.29,38.24,33.04,-5.2,61.54,0.0,66.91,2.68,-64.23,50.0,0.0,95.59,19.64,-75.95,0.0,0.0,25.74,40.18,14.44,36.11,50.0,49.26,83.93,34.67,76.99,63.27,78.68,10.71,-67.97,67.95,47.83,58.09,6.25,-51.84,22,1
J08-0043,Fabiano,fabiano,LAT,LAT,0,Lateral Esquerdo,Lateral Esquerdo,Brasil B,Brasil C,C,1,2025,2025,jun26,2026,1,2026,Amazonas,Amazonas,Fabiano - Amazonas - Brasil B,Fabiano - Amazonas - Brasil C,3118,871,32.0,9.0,1,0,900,213,0,0,1,0,-1.2275,-1.9643,-0.737,8.0,6.2,36.0,36.0,0.0,0.0,medida (111 pares),referência,35.0,36.0,1.0,0,0,-0.299,0.0,-0.438,-0.3838,-1.5805,única; único,única; único,68,56,0,12.67,12.19,37.5,25.89,-11.61,3.69,2.79,86.03,66.96,-19.07,0.55,1.14,11.76,50.89,39.13,0.12,0.41,29.41,85.71,56.3,0.26,0.41,13.97,33.04,19.07,6.73,6.82,26.47,16.96,-9.51,21.39,23.04,15.44,36.61,21.17,0.46,0.41,16.18,29.46,13.28,0.02,0.02,33.09,49.11,16.02,0.14,0.0,8.82,11.61,2.79,30.89,36.27,19.85,59.82,39.97,7.5,6.61,47.79,38.39,-9.4,79.53,76.07,61.03,38.39,-22.64,56.49,49.15,83.09,33.04,-50.05,46.88,37.04,52.21,22.32,-29.89,66.48,53.85,77.21,31.25,-45.96,63.16,45.45,72.06,27.68,-44.38,33.33,25.0,63.24,58.04,-5.2,0.0,0.0,25.74,40.18,14.44,41.67,8.33,80.15,6.25,-73.9,72.53,59.09,47.79,6.25,-41.54,63.78,63.77,33.09,45.54,12.45,22,1
J08-0044,Fabiano,fabiano,LAT,LAT,0,Lateral Direito,Lateral Direito,Portugal A,Brasil A,A,0,2024,2024,2025,2025,1,2025,Moreirense,Ceará,Fabiano - Moreirense - Portugal A,Fabiano - Ceará - Brasil A,1466,3228,16.0,34.0,0,0,568,900,0,0,0,0,-0.2138,-1.1224,-0.909,41.9,8.2,23.0,26.0,2.0,0.0,medida (44 pares),medida (156 pares),23.0,25.0,2.0,1,0,0.0486,0.0983,-0.9576,0.0436,-1.166,única; único,única; único,54,72,0,15.96,15.47,60.19,60.42,0.23,2.64,1.95,73.15,36.81,-36.34,1.9,1.0,49.07,34.03,-15.04,0.31,0.2,24.07,56.94,32.87,0.37,0.31,34.26,11.11,-23.15,8.41,7.95,69.44,65.97,-3.47,22.96,21.08,43.52,9.03,-34.49,0.43,0.28,17.59,0.69,-16.9,0.02,0.01,36.11,11.81,-24.3,0.43,0.22,58.33,22.22,-36.11,34.56,31.7,45.37,20.83,-24.54,8.35,8.0,47.22,42.36,-4.86,74.78,79.24,35.19,36.81,1.62,49.23,47.03,26.85,11.81,-15.04,41.86,34.29,36.11,9.72,-26.39,54.74,53.56,13.89,17.36,3.47,61.29,52.78,84.26,32.64,-51.62,16.67,18.18,30.56,21.53,-9.03,16.667,0.0,87.04,22.92,-64.12,40.0,41.79,73.15,79.86,6.71,66.42,68.77,39.81,31.25,-8.56,57.14,64.88,28.7,20.14,-8.56,22,1
J08-0045,Patric,patric,LAT,LAT,0,Lateral Direito,Lateral Direito,Brasil B,Brasil C,C,1,2024,2024,2025,2025,1,2025,Amazonas,ABC,Patric - Amazonas - Brasil B,Patric - ABC - Brasil C,806,244,8.0,3.0,1,1,900,616,1,1,0,0,-0.8766,0.4568,1.333,14.9,63.0,37.0,37.0,0.0,0.0,medida (76 pares),medida (70 pares),35.0,36.0,1.0,0,0,-0.299,0.0,1.632,-0.2359,0.6927,única; único,única; único,63,47,0,11.72,17.7,7.94,82.98,75.04,2.23,1.11,30.16,0.0,-30.16,1.45,2.21,46.03,80.85,34.82,0.22,0.37,56.35,89.36,33.01,0.78,1.11,71.43,89.36,17.93,7.48,6.64,38.1,14.89,-23.21,29.7,16.6,79.37,8.51,-70.86,1.34,2.21,87.3,97.87,10.57,0.06,0.08,79.37,90.43,11.06,0.56,0.0,100.0,1.06,-98.94,40.42,28.03,77.78,23.4,-54.38,6.92,7.01,14.29,26.6,12.31,80.66,80.26,69.84,76.6,6.76,44.76,52.08,1.59,40.43,38.84,35.0,0.0,10.32,0.0,-10.32,60.47,52.0,30.16,10.64,-19.52,46.15,83.33,17.46,91.49,74.03,14.29,0.0,16.67,12.77,-3.9,0.0,0.0,22.22,35.11,12.89,42.86,42.86,78.57,81.91,3.34,77.61,72.22,82.54,48.94,-33.6,77.78,58.33,92.06,21.28,-70.78,22,1
J08-0046,Patric,patric,LAT,LAT,0,Lateral Esquerdo,Lateral Esquerdo,Brasil A,Brasil B,B,1,2024,2024,2025,2025,1,2025,Vitória,Paysandu,Patric - Vitória - Brasil A,Patric - Paysandu - Brasil B,618,697,11.0,11.0,1,1,900,900,1,1,0,0,-0.9371,-1.1251,-0.188,22.7,10.0,31.0,31.0,0.0,0.0,medida (113 pares),medida (111 pares),29.0,30.0,1.0,0,0,-0.1028,0.0,-0.0852,-0.2614,-0.8637,única; único,única; único,67,68,0,14.71,13.17,40.3,39.71,-0.59,1.89,1.94,31.34,30.15,-1.19,2.33,0.52,73.88,8.82,-65.06,0.87,0.13,98.51,33.82,-64.69,0.44,0.13,24.63,4.41,-20.22,5.68,9.68,11.94,86.76,74.82,23.88,26.86,29.85,54.41,24.56,0.73,0.0,32.84,0.0,-32.84,0.01,0.0,13.43,5.88,-7.55,0.29,0.26,48.51,31.62,-16.89,32.91,39.38,28.36,76.47,48.11,7.86,9.17,40.3,80.88,40.58,81.42,86.89,58.21,98.53,40.32,47.52,55.88,7.46,77.94,70.48,38.46,80.0,14.18,100.0,85.82,63.16,58.49,56.72,30.88,-25.84,62.5,75.0,68.66,95.59,26.93,33.33,0.0,69.4,5.15,-64.25,0.0,0.0,19.4,25.74,6.34,34.38,25.0,34.33,9.56,-24.77,82.05,80.0,97.01,85.29,-11.72,87.5,81.82,98.51,97.06,-1.45,22,1
J08-0047,Edílson,edilson,LAT,LAT,0,Lateral Direito,Lateral Direito,Brasil C,Brasil B,B,1,2023,2023,2024,2024,1,2024,Paysandu,Paysandu,Edílson - Paysandu - Brasil C,Edílson - Paysandu - Brasil B,1423,2601,20.0,31.0,0,0,545,900,0,0,0,0,1.2811,1.2395,-0.042,92.6,89.4,28.0,31.0,3.0,0.0,medida (23 pares),medida (76 pares),28.0,29.0,1.0,0,0,-0.1006,-0.2659,0.0586,0.6738,0.5657,única; único,única; único,53,63,0,17.08,15.85,63.21,50.0,-13.21,3.44,1.83,66.98,16.67,-50.31,1.96,2.15,53.77,70.63,16.86,0.61,0.52,70.75,86.51,15.76,0.2,0.45,8.49,23.81,15.32,8.24,9.2,53.77,80.16,26.39,23.09,30.14,34.91,80.16,45.25,0.68,1.0,59.43,75.4,15.97,0.02,0.01,51.89,11.9,-39.99,0.47,0.31,83.96,63.49,-20.47,33.22,41.04,34.91,79.37,44.46,7.7,7.54,38.68,26.19,-12.49,80.08,80.1,61.32,62.7,1.38,51.38,53.28,31.13,37.3,6.17,27.45,37.74,6.6,19.84,13.24,57.14,68.78,21.7,86.51,64.81,75.86,66.13,83.96,80.16,-3.8,66.67,23.08,94.34,47.62,-46.72,0.0,0.0,37.74,22.22,-15.52,52.0,30.4,93.4,32.54,-60.86,74.59,80.45,57.55,90.48,32.93,76.36,74.57,78.3,81.75,3.45,22,1
J08-0048,Edílson,edilson,LAT,LAT,0,Lateral Direito,Lateral Direito,Brasil B,Brasil C,C,1,2025,2025,jun26,2026,1,2026,Paysandu,Paysandu,Edílson - Paysandu - Brasil B,Edílson - Paysandu - Brasil C,2041,772,27.0,9.0,1,0,900,213,0,0,1,0,1.0866,-0.2332,-1.32,81.8,41.7,31.0,31.0,0.0,0.0,medida (111 pares),referência,30.0,31.0,1.0,0,0,-0.1028,0.0,-1.2172,0.5918,-0.825,única; único,única; único,68,56,0,14.95,12.82,63.97,36.61,-27.36,2.03,1.52,33.09,16.96,-16.13,1.06,1.17,30.15,52.68,22.53,0.26,0.23,58.09,66.07,7.98,0.62,0.47,44.85,41.96,-2.89,8.03,7.46,58.09,25.89,-32.2,26.94,29.96,55.15,79.46,24.31,0.84,0.82,50.0,61.61,11.61,0.01,0.0,18.38,12.5,-5.88,0.44,0.35,65.44,50.89,-14.55,36.25,39.75,55.15,75.89,20.74,8.38,5.95,68.38,22.32,-46.06,79.08,81.82,56.62,81.25,24.63,58.11,62.73,91.91,88.39,-3.52,30.43,61.54,8.09,70.54,62.45,67.74,70.0,83.09,83.93,0.84,75.0,50.0,95.59,39.29,-56.3,7.14,0.0,11.03,19.64,8.61,0.0,0.0,25.74,40.18,14.44,36.9,40.0,53.68,53.57,-0.11,73.63,75.0,52.21,58.93,6.72,70.43,81.58,71.32,93.75,22.43,22,1
J08-0049,Pará,para,LAT,LAT,0,Lateral Esquerdo,Lateral Esquerdo,Brasil C,Brasil B,B,1,2023,2023,2024,2024,1,2024,Operário PR,Operário PR,Pará - Operário PR - Brasil C,Pará - Operário PR - Brasil B,708,2109,13.0,26.0,0,1,545,900,0,0,0,0,1.9678,0.5038,-1.464,96.2,67.4,28.0,30.0,3.0,0.0,medida (23 pares),medida (76 pares),28.0,28.0,0.0,-1,0,0.0,-0.173,-1.464,0.9633,-0.4595,única; único,única; único,53,63,0,15.15,15.36,46.23,42.06,-4.17,3.0,2.26,58.49,32.54,-25.95,4.83,1.83,97.17,65.08,-32.09,0.39,0.3,46.23,63.49,17.26,0.78,0.81,83.96,72.22,-11.74,10.84,8.96,97.17,73.02,-24.15,26.78,29.1,74.53,73.81,-0.72,1.04,0.47,87.74,30.16,-57.58,0.07,0.08,90.57,86.51,-4.06,0.78,0.34,97.17,75.4,-21.77,36.31,38.24,61.32,67.46,6.14,6.66,9.17,17.92,64.29,46.37,79.14,76.67,51.89,35.71,-16.18,50.86,52.78,25.47,35.71,10.24,43.48,39.62,27.36,24.6,-2.76,58.33,63.19,30.19,48.41,18.22,54.05,55.81,35.85,46.83,10.98,16.67,26.32,32.08,53.17,21.09,0.0,5.263,37.74,53.97,16.23,54.17,44.59,97.17,84.92,-12.25,74.7,71.9,59.43,43.65,-15.78,72.5,58.46,55.66,16.67,-38.99,22,1
J08-0050,Pará,para,LAT,LAT,0,Lateral Esquerdo,Lateral Esquerdo,Brasil B,Brasil C,C,1,2024,2024,2025,2025,1,2025,Operário PR,São Bernardo FC,Pará - Operário PR - Brasil B,Pará - São Bernardo FC - Brasil C,2109,2095,26.0,22.0,0,0,900,616,0,0,0,0,0.5038,2.115,1.611,67.4,95.1,30.0,30.0,0.0,0.0,medida (76 pares),medida (70 pares),28.0,29.0,1.0,0,0,-0.1006,0.0,1.7116,0.3461,1.7689,única; único,única; único,63,47,0,15.36,12.54,42.06,20.21,-21.85,2.26,1.85,32.54,13.83,-18.71,1.83,2.02,65.08,77.66,12.58,0.3,0.52,63.49,94.68,31.19,0.81,0.9,72.22,84.04,11.82,8.96,9.28,73.02,73.4,0.38,29.1,29.68,73.81,86.17,12.36,0.47,0.99,30.16,77.66,47.5,0.08,0.06,86.51,85.11,-1.4,0.34,0.52,75.4,77.66,2.26,38.24,39.95,67.46,84.04,16.58,9.17,7.09,64.29,28.72,-35.57,76.67,81.18,35.71,88.3,52.59,52.78,51.03,35.71,30.85,-4.86,39.62,44.19,24.6,39.36,14.76,63.19,64.65,48.41,60.64,12.23,55.81,55.32,46.83,41.49,-5.34,26.32,28.57,53.17,58.51,5.34,5.263,0.0,53.97,35.11,-18.86,44.59,40.58,84.92,71.28,-13.64,71.9,75.0,43.65,65.96,22.31,58.46,66.92,16.67,47.87,31.2,22,1
J08-0051,Pará,para,LAT,LAT,0,Lateral Esquerdo,Lateral Esquerdo,Brasil C,Brasil B,B,1,2025,2025,jun26,2026,1,2026,São Bernardo FC,São Bernardo FC,Pará - São Bernardo FC - Brasil C,Pará - São Bernardo FC - Brasil B,2095,1120,22.0,11.0,0,0,616,284,0,0,1,0,2.115,-1.6417,-3.757,95.1,6.7,30.0,30.0,0.0,0.0,medida (70 pares),referência,29.0,30.0,1.0,0,0,-0.1028,0.0,-3.6542,1.0254,-2.6671,única; único,única; único,47,63,0,12.54,9.32,20.21,7.14,-13.07,1.85,1.45,13.83,24.6,10.77,2.02,1.13,77.66,25.4,-52.26,0.52,0.32,94.68,76.19,-18.49,0.9,0.32,84.04,34.92,-49.12,9.28,8.84,73.4,80.95,7.55,29.68,29.17,86.17,78.57,-7.6,0.99,0.72,77.66,41.27,-36.39,0.06,0.05,85.11,67.46,-17.65,0.52,0.0,77.66,10.32,-67.34,39.95,37.37,84.04,67.46,-16.58,7.09,6.35,28.72,29.37,0.65,81.18,80.0,88.3,61.11,-27.19,51.03,47.41,30.85,21.43,-9.42,44.19,61.11,39.36,70.63,31.27,64.65,50.0,60.64,14.29,-46.35,55.32,50.0,41.49,27.78,-13.71,28.57,50.0,58.51,80.16,21.65,0.0,50.0,35.11,96.83,61.72,40.58,32.0,71.28,46.83,-24.45,75.0,62.73,65.96,19.84,-46.12,66.92,66.67,47.87,39.68,-8.19,22,1
J08-0052,Pará,para,LAT,LAT,0,Lateral Esquerdo,Lateral Esquerdo,Brasil B,Brasil C,C,1,2023,2023,2024,2024,1,2024,Sampaio Corrêa,Floresta EC,Pará - Sampaio Corrêa - Brasil B,Pará - Floresta EC - Brasil C,1211,820,15.0,10.0,1,0,900,592,0,0,0,0,0.5065,-0.9105,-1.417,68.4,6.8,36.0,38.0,2.0,0.0,medida (60 pares),medida (53 pares),35.0,36.0,1.0,0,0,-0.299,-0.8214,-1.118,0.3472,-1.2577,única; único,única; único,74,60,0,17.99,15.48,73.65,37.5,-36.15,3.2,2.96,60.81,65.83,5.02,2.97,1.76,83.11,49.17,-33.94,0.22,0.0,19.59,3.33,-16.26,0.74,0.99,68.92,76.67,7.75,8.84,6.59,70.95,22.5,-48.45,27.72,17.34,75.0,7.5,-67.5,0.22,0.44,8.78,44.17,35.39,0.02,0.01,39.19,23.33,-15.86,0.3,0.11,56.08,12.5,-43.58,37.53,28.98,62.84,22.5,-40.34,8.77,8.34,58.78,35.83,-22.95,77.62,72.35,35.81,17.5,-18.31,46.69,55.32,4.73,60.83,56.1,44.19,59.26,18.24,80.83,62.59,60.22,58.46,50.68,29.17,-21.51,52.5,68.75,30.41,74.17,43.76,20.0,11.11,42.57,30.0,-12.57,0.0,0.0,32.43,31.67,-0.76,29.63,30.0,14.86,36.67,21.81,75.63,75.0,64.19,62.5,-1.69,72.57,62.86,70.95,34.17,-36.78,22,1
J08-0053,Iago,iago,LAT,LAT,0,Lateral Esquerdo,Lateral Esquerdo,Alemanha A,Brasil A,A,0,2024,2024,2025,2025,1,2025,Augsburg,Bahia,Iago - Augsburg - Alemanha A,Iago - Bahia - Brasil A,1366,735,18.0,15.0,1,0,568,900,1,0,0,0,-1.2563,0.1682,1.424,18.0,58.5,26.0,29.0,2.0,0.0,medida (97 pares),medida (156 pares),26.0,28.0,2.0,1,0,-0.1823,-0.2081,1.6063,-0.396,0.5642,única; único,única; único,63,72,0,18.25,14.69,72.22,50.69,-21.53,2.37,2.69,60.32,73.61,13.29,2.7,1.22,76.98,47.22,-29.76,0.99,0.49,80.16,94.44,14.28,0.86,0.73,68.25,61.11,-7.14,6.92,4.78,34.13,4.17,-29.96,19.17,23.63,11.9,27.78,15.88,1.84,1.84,70.63,90.28,19.65,0.07,0.08,69.84,85.42,15.58,0.46,0.12,56.35,6.25,-50.1,29.45,30.86,8.73,16.67,7.94,9.55,6.37,75.4,14.58,-60.82,78.97,84.52,54.76,79.17,24.41,47.29,44.17,24.6,1.39,-23.21,44.44,36.36,47.62,11.11,-36.51,58.04,64.58,45.24,76.39,31.15,39.02,40.0,7.14,6.94,-0.2,30.77,50.0,50.79,88.89,38.1,7.692,16.667,54.76,86.11,31.35,56.41,45.45,97.62,90.28,-7.34,76.19,71.79,72.22,53.47,-18.75,63.93,57.89,32.54,1.39,-31.15,22,1
J08-0054,Igor Cariús,igor carius,LAT,LAT,0,Lateral Direito,Lateral Esquerdo,Brasil B,Brasil A,A,1,2024,2024,2025,2025,1,2025,Sport Recife,Sport Recife,Igor Cariús - Sport Recife - Brasil B,Igor Cariús - Sport Recife - Brasil A,1541,1915,20.0,28.0,0,0,900,900,0,0,0,0,0.6342,-0.2175,-0.852,74.5,41.5,33.0,33.0,0.0,0.0,medida (76 pares),medida (156 pares),31.0,32.0,1.0,0,0,-0.0928,0.0,-0.7592,0.4011,-0.6186,única; único,única; único,63,72,0,18.69,17.95,81.75,86.81,5.06,4.09,5.55,89.68,99.31,9.63,1.4,1.03,40.48,37.5,-2.98,0.06,0.19,14.29,50.0,35.71,0.88,0.89,76.98,76.39,-0.59,8.41,7.28,59.52,52.08,-7.44,20.97,22.14,18.25,14.58,-3.67,1.81,1.79,99.21,88.19,-11.02,0.06,0.05,79.37,68.06,-11.31,0.41,0.23,86.51,25.0,-61.51,29.9,29.89,18.25,11.81,-6.44,10.51,10.29,84.92,95.14,10.22,74.8,75.16,19.84,9.03,-10.81,54.69,49.74,53.17,25.69,-27.48,61.43,52.54,88.1,68.75,-19.35,64.05,50.3,54.76,7.64,-47.12,41.67,40.91,7.94,7.64,-0.3,20.0,42.11,33.33,78.47,45.14,6.667,5.263,64.29,56.25,-8.04,42.86,43.9,78.57,85.42,6.85,80.56,67.74,92.86,25.69,-67.17,55.26,67.12,3.97,28.47,24.5,22,1
J08-0055,Renan Lodi,renan lodi,LAT,LAT,0,Lateral Esquerdo,Lateral Esquerdo,Arabia Saudita A,Brasil A,A,0,2025,2025,jun26,2026,1,2026,Al Hilal,Atlético Mineiro,Renan Lodi - Al Hilal - Arabia Saudita A,Renan Lodi - Atlético Mineiro - Brasil A,2175,1679,24.0,17.0,0,0,805,426,0,0,1,0,2.5497,-0.9886,-3.538,98.2,30.8,28.0,28.0,0.0,0.0,medida (108 pares),referência,27.0,28.0,1.0,0,0,-0.1006,0.0,-3.4374,1.2087,-2.1973,única; único,única; único,62,49,0,17.13,15.01,73.39,76.53,3.14,1.99,1.98,80.65,53.06,-27.59,1.61,1.66,50.81,74.49,23.68,0.41,0.27,83.06,68.37,-14.69,0.83,1.07,88.71,84.69,-4.02,6.17,5.95,47.58,29.59,-17.99,32.03,30.82,83.06,76.53,-6.53,2.32,1.61,94.35,88.78,-5.57,0.05,0.05,69.35,66.33,-3.02,1.03,0.38,99.19,71.43,-27.76,42.37,38.38,84.68,70.41,-14.27,9.14,6.97,55.65,39.8,-15.85,83.5,84.92,83.06,82.65,-0.41,50.24,53.57,29.84,47.96,18.12,45.83,32.43,50.81,9.18,-41.63,56.02,53.91,23.39,19.39,-4.0,71.79,77.42,91.13,92.86,1.73,50.0,35.0,81.45,64.29,-17.16,15.0,0.0,83.06,33.67,-49.39,38.04,25.0,81.45,17.35,-64.1,77.18,71.17,84.68,56.12,-28.56,76.34,78.26,81.45,72.45,-9.0,22,1
J08-0056,Diogo Barbosa,diogo barbosa,LAT,LAT,0,Lateral Esquerdo,Lateral Esquerdo,Brasil A,Brasil B,B,1,2025,2025,jun26,2026,1,2026,Fortaleza,Juventude,Diogo Barbosa - Fortaleza - Brasil A,Diogo Barbosa - Juventude - Brasil B,1396,713,19.0,8.0,1,0,900,284,0,0,1,0,-1.1225,0.7407,1.863,14.6,83.3,33.0,33.0,0.0,0.0,medida (156 pares),referência,32.0,33.0,1.0,0,0,-0.0928,0.0,1.9558,-0.3395,1.0802,única; único,única; único,72,63,0,13.28,12.37,34.03,32.54,-1.49,2.45,1.39,65.97,23.02,-42.95,1.03,1.64,37.5,50.0,12.5,0.13,0.25,29.17,67.46,38.29,0.45,0.76,31.94,64.29,32.35,5.16,6.44,4.86,29.37,24.51,17.28,24.24,3.47,37.3,33.83,0.97,0.76,50.69,44.44,-6.25,0.03,0.08,45.14,80.16,35.02,0.19,0.25,15.97,51.59,35.62,23.21,30.93,2.08,30.16,28.08,8.32,6.82,54.86,42.06,-12.8,79.17,82.86,35.42,78.57,43.15,52.43,55.1,46.53,66.67,20.14,39.47,36.36,15.97,22.22,6.25,60.0,67.35,42.36,86.51,44.15,62.5,53.85,66.67,43.65,-23.02,28.57,0.0,44.44,17.46,-26.98,14.286,0.0,83.33,38.89,-44.44,29.17,36.36,21.53,57.14,35.61,66.25,74.51,17.36,72.22,54.86,72.34,81.48,46.53,83.33,36.8,22,1
J08-0057,João Lucas,joao lucas,LAT,LAT,0,Lateral Direito,Lateral Esquerdo,Brasil A,Brasil C,C,1,2022,2022,2023,2023,1,2023,Cuiabá,América RN,João Lucas - Cuiabá - Brasil A,João Lucas - América RN - Brasil C,2368,1036,31.0,11.0,0,0,900,545,0,0,0,0,-0.7731,-0.0748,0.698,13.6,46.2,28.0,32.0,0.0,3.0,medida (79 pares),medida (23 pares),24.0,32.0,8.0,7,1,-0.6387,-0.3315,1.3367,-0.1922,0.1174,única; único,única; único,72,53,0,17.98,13.9,68.75,23.58,-45.17,2.13,1.74,40.97,10.38,-30.59,1.94,2.69,56.25,83.02,26.77,0.76,0.61,63.19,70.75,7.56,0.46,0.61,35.42,61.32,25.9,8.17,8.77,47.92,65.09,17.17,21.78,22.5,20.14,25.47,5.33,0.84,0.96,50.69,80.19,29.5,0.01,0.02,17.36,51.89,34.53,0.15,0.17,11.81,30.19,18.38,32.23,35.27,25.69,50.0,24.31,9.77,8.69,69.44,56.6,-12.84,71.11,78.82,3.47,42.45,38.98,50.32,52.5,29.86,34.91,5.05,33.93,45.0,13.19,33.02,19.83,57.79,62.03,32.64,51.89,19.25,54.9,48.39,46.53,21.7,-24.83,33.33,42.86,76.39,80.19,3.8,0.0,0.0,24.31,37.74,13.43,26.88,29.27,18.75,17.92,-0.83,72.09,73.27,29.86,38.68,8.82,65.15,74.07,17.36,68.87,51.51,22,0
J08-0058,Marlon,marlon,LAT,LAT,0,Lateral Esquerdo,Lateral Esquerdo,Brasil A,Brasil B,B,1,2023,2023,2024,2024,1,2024,Cruzeiro,América Mineiro,Marlon - Cruzeiro - Brasil A,Marlon - América Mineiro - Brasil B,3648,2798,36.0,29.0,0,0,900,900,0,0,0,0,0.1397,2.8077,2.668,59.5,93.5,29.0,32.0,0.0,0.0,medida (82 pares),medida (76 pares),26.0,30.0,4.0,3,1,-0.3857,-0.2514,3.0537,0.1926,2.6151,homônimo resolvido por qz+minutos; homônimo resolvido pelo clube,única; homônimo resolvido pelo clube,62,63,0,15.62,17.56,41.13,69.05,27.92,1.97,2.06,18.55,24.6,6.05,1.01,2.64,12.1,79.37,67.27,0.74,0.58,69.35,88.1,18.75,0.54,0.68,47.58,57.94,10.36,9.23,8.97,83.06,75.4,-7.66,31.26,31.91,71.77,88.1,16.33,0.62,1.09,29.03,78.57,49.54,0.03,0.03,41.13,48.41,7.28,0.59,0.29,87.9,58.73,-29.17,43.96,43.3,76.61,86.51,9.9,11.35,8.97,91.13,59.52,-31.61,78.28,79.94,33.06,57.94,24.88,54.98,56.59,73.39,86.51,13.12,37.5,46.88,16.94,37.3,20.36,64.24,66.96,81.45,80.16,-1.29,63.41,63.41,65.32,75.4,10.08,31.82,9.52,60.48,8.73,-51.75,13.636,0.0,86.29,22.22,-64.07,36.51,25.56,62.1,8.73,-53.37,73.26,76.7,45.97,76.98,31.01,65.91,66.33,18.55,40.48,21.93,22,0
J08-0059,Marlon,marlon,LAT,LAT,0,Lateral Esquerdo,Lateral Esquerdo,Brasil B,Brasil A,A,1,2024,2024,2025,2025,1,2025,América Mineiro,Grêmio,Marlon - América Mineiro - Brasil B,Marlon - Grêmio - Brasil A,2798,3141,29.0,32.0,0,0,900,900,0,0,0,0,2.8077,-0.3594,-3.167,93.5,36.6,32.0,29.0,0.0,0.0,medida (76 pares),medida (156 pares),30.0,28.0,-2.0,-3,1,0.2034,0.2514,-3.3704,1.3174,-1.6768,única; homônimo resolvido pelo clube,única; único,63,72,0,17.56,13.9,69.05,39.58,-29.47,2.06,1.63,24.6,20.14,-4.46,2.64,0.97,79.37,30.56,-48.81,0.58,0.6,88.1,95.14,7.04,0.68,0.63,57.94,50.69,-7.25,8.97,8.34,75.4,72.22,-3.18,31.91,27.82,88.1,53.47,-34.63,1.09,0.49,78.57,11.81,-66.76,0.03,0.03,48.41,45.14,-3.27,0.29,0.49,58.73,77.08,18.35,43.3,37.82,86.51,50.69,-35.82,8.97,8.71,59.52,68.75,9.23,79.94,77.8,57.94,22.92,-35.02,56.59,54.85,86.51,75.0,-11.51,46.88,42.11,37.3,27.08,-10.22,66.96,60.82,80.16,50.69,-29.47,63.41,64.71,75.4,74.31,-1.09,9.52,27.27,8.73,40.28,31.55,0.0,4.545,22.22,53.47,31.25,25.56,38.78,8.73,64.58,55.85,76.7,69.42,76.98,39.58,-37.4,66.33,62.63,40.48,11.81,-28.67,22,0
J08-0060,Marlon,marlon,LAT,LAT,0,Lateral Esquerdo,Lateral Esquerdo,Brasil A,Brasil B,B,1,2024,2024,2025,2025,1,2025,Cruzeiro,América Mineiro,Marlon - Cruzeiro - Brasil A,Marlon - América Mineiro - Brasil B,2440,1689,28.0,18.0,0,0,900,900,0,0,0,0,0.3861,0.7859,0.4,63.6,78.0,29.0,32.0,0.0,0.0,medida (113 pares),medida (111 pares),27.0,31.0,4.0,3,1,-0.4068,-0.2514,0.8068,0.2965,0.4894,única; único,única; homônimo resolvido pelo clube,67,68,0,14.86,15.13,41.04,65.44,24.4,2.25,2.24,51.49,40.44,-11.05,1.0,2.18,17.91,72.79,54.88,0.37,0.43,67.91,83.09,15.18,0.59,0.64,45.52,48.53,3.01,9.11,8.31,78.36,65.44,-12.92,33.79,29.57,81.34,80.15,-1.19,0.85,0.8,41.04,47.79,6.75,0.01,0.04,13.43,57.35,43.92,0.33,0.37,58.21,52.21,-6.0,43.41,41.83,76.87,84.56,7.69,8.11,9.7,44.03,88.97,44.94,79.44,81.02,38.06,72.79,34.73,48.14,56.34,8.21,81.62,73.41,44.26,42.86,32.09,40.44,8.35,54.21,67.77,3.73,84.56,80.83,51.85,63.41,24.63,74.26,49.63,6.25,25.0,9.7,42.65,32.95,0.0,8.333,19.4,75.74,56.34,35.62,40.0,41.04,69.85,28.81,71.26,73.72,29.1,53.68,24.58,67.59,71.76,27.61,74.26,46.65,22,0
J08-0061,Marcelo Hermes,marcelo hermes,LAT,LAT,0,Lateral Esquerdo,Lateral Esquerdo,Brasil B,Brasil A,A,1,2023,2023,2024,2024,1,2024,Criciúma,Criciúma,Marcelo Hermes - Criciúma - Brasil B,Marcelo Hermes - Criciúma - Brasil A,3535,3593,37.0,36.0,0,0,900,900,0,0,0,0,-0.5291,-0.9912,-0.462,34.2,20.5,28.0,31.0,2.0,0.0,medida (60 pares),medida (113 pares),27.0,29.0,2.0,1,0,-0.2012,-0.2659,-0.2608,-0.0894,-0.9018,única; único,única; único,74,67,0,13.24,12.07,10.14,9.7,-0.44,2.21,2.5,15.54,61.94,46.4,1.37,0.83,33.78,11.19,-22.59,0.43,0.2,43.92,35.82,-8.1,0.74,0.78,68.92,66.42,-2.5,9.78,8.04,85.81,54.48,-31.33,29.1,20.64,83.11,5.22,-77.89,0.89,0.95,66.89,52.24,-14.65,0.04,0.06,62.16,67.91,5.75,0.25,0.25,45.95,38.06,-7.89,38.7,29.51,79.05,8.21,-70.84,8.15,8.52,39.19,60.45,21.26,74.28,72.67,15.54,0.75,-14.79,56.73,54.56,85.81,57.46,-28.35,54.02,44.0,62.84,30.6,-32.24,61.03,64.44,56.08,69.4,13.32,70.37,63.64,94.59,73.13,-21.46,24.14,32.26,52.03,66.42,14.39,3.448,6.452,68.24,58.21,-10.03,33.33,28.0,37.16,6.72,-30.44,66.93,68.85,11.49,21.64,10.15,56.99,64.2,7.43,17.16,9.73,22,1
J08-0062,Marcelo Hermes,marcelo hermes,LAT,LAT,0,Lateral Esquerdo,Lateral Esquerdo,Brasil A,Brasil B,B,1,2025,2025,jun26,2026,1,2026,Juventude,Criciúma,Marcelo Hermes - Juventude - Brasil A,Marcelo Hermes - Criciúma - Brasil B,2058,1107,22.0,11.0,0,0,900,284,0,0,1,0,0.1388,-1.0436,-1.182,56.1,16.7,31.0,31.0,0.0,0.0,medida (156 pares),referência,30.0,31.0,1.0,0,0,-0.1028,0.0,-1.0792,0.1922,-1.2358,única; único,única; único,72,63,0,10.98,12.28,10.42,29.37,18.95,1.97,2.76,38.89,75.4,36.51,0.7,1.22,11.81,28.57,16.76,0.13,0.08,29.17,35.71,6.54,0.87,1.22,73.61,86.51,12.9,8.66,7.72,81.25,64.29,-16.96,24.18,25.2,29.86,45.24,15.38,0.83,1.54,42.36,81.75,39.39,0.04,0.09,61.11,84.92,23.81,0.39,0.16,57.64,26.98,-30.66,32.84,34.15,29.86,48.41,18.55,7.04,6.59,27.08,32.54,5.46,74.7,76.43,3.47,26.19,22.72,49.0,52.98,18.75,54.76,36.01,42.22,41.18,28.47,26.98,-1.49,60.87,65.15,53.47,70.63,17.16,50.0,53.33,27.78,40.48,12.7,35.0,26.67,63.19,61.11,-2.08,10.0,0.0,75.0,38.89,-36.11,33.33,28.13,38.89,38.89,0.0,68.69,75.79,28.47,73.81,45.34,66.07,71.43,24.31,59.52,35.21,22,1
J08-0063,M. Trauco,m trauco,LAT,LAT,0,Lateral Esquerdo,Lateral Esquerdo,EUA,Brasil A,A,0,2023,2023,2024,2024,1,2024,SJ Earthquakes,Criciúma,M. Trauco - SJ Earthquakes - EUA,M. Trauco - Criciúma - Brasil A,2195,1636,28.0,24.0,0,0,900,900,0,0,0,0,0.0589,0.0145,-0.044,55.8,52.3,31.0,33.0,3.0,0.0,medida (110 pares),medida (113 pares),31.0,31.0,0.0,-1,0,0.0,-0.1312,-0.044,0.1585,-0.144,única; único,única; único,95,67,0,11.89,11.33,14.21,5.22,-8.99,1.35,1.49,14.74,14.18,-0.56,1.23,0.72,27.89,5.22,-22.67,0.04,0.06,2.11,5.97,3.86,0.9,0.72,80.53,61.94,-18.59,10.46,10.51,94.21,91.79,-2.42,35.02,26.02,88.95,52.99,-35.96,0.41,0.17,13.16,2.24,-10.92,0.03,0.03,37.37,38.81,1.44,0.25,0.06,31.58,0.75,-30.83,45.27,36.64,87.89,51.49,-36.4,6.81,8.2,13.16,45.52,32.36,81.88,76.28,61.58,17.16,-44.42,47.24,55.83,13.16,72.39,59.23,42.42,59.26,37.37,90.3,52.93,53.03,62.9,11.05,55.97,44.92,56.67,53.85,44.74,31.34,-13.4,22.73,30.77,36.32,63.43,27.11,13.636,15.385,82.63,90.3,7.67,39.13,21.74,78.42,2.24,-76.18,76.08,75.92,83.68,69.4,-14.28,68.48,69.63,52.11,41.04,-11.07,22,1
J08-0064,Patrick,patrick,MED,MED,0,Medio,Medio,Brasil B,Brasil A,A,1,2025,2025,jun26,2026,1,2026,Athletico Paranaense,Remo,Patrick - Athletico Paranaense - Brasil B,Patrick - Remo - Brasil A,2082,1157,31.0,15.0,0,0,900,426,0,0,1,0,0.3212,-0.8894,-1.211,64.6,11.8,33.0,33.0,0.0,0.0,medida (111 pares),referência,32.0,33.0,1.0,0,0,-0.2979,0.0,-0.9131,0.3116,-1.201,homônimo resolvido por qz+minutos; homônimo resolvido pelo clube,única; único,48,34,0,16.3,13.85,76.04,63.24,-12.8,2.2,2.18,55.21,80.88,25.67,1.43,1.09,73.96,60.29,-13.67,0.04,0.0,31.25,19.12,-12.13,0.91,0.86,35.42,52.94,17.52,4.02,4.43,23.96,33.82,9.86,25.81,24.66,55.21,36.76,-18.45,1.43,1.4,79.17,75.0,-4.17,0.12,0.08,85.42,52.94,-32.48,0.35,0.31,81.25,69.12,-12.13,36.66,34.85,59.38,39.71,-19.67,7.91,7.31,78.12,83.82,5.7,85.97,85.27,61.46,25.0,-36.46,51.72,56.74,65.62,89.71,24.09,41.18,57.14,40.62,77.94,37.32,63.82,63.38,84.38,86.76,2.38,45.45,64.29,12.5,64.71,52.21,23.81,18.18,46.88,36.76,-10.12,0.0,0.0,15.62,25.0,9.38,20.51,43.48,19.79,63.24,43.45,69.89,75.44,36.46,48.53,12.07,83.84,79.17,90.62,41.18,-49.44,22,1
J08-0065,Camacho,camacho,MED,MED,0,Medio,Medio,Brasil A,Brasil B,B,1,2022,2022,2024,2024,2,2024,Santos,Guarani,Camacho - Santos - Brasil A,Camacho - Guarani - Brasil B,1794,790,26.0,10.0,1,0,900,900,1,0,0,0,-0.5748,0.9382,1.513,28.1,80.6,36.0,36.0,0.0,0.0,medida (79 pares),medida (76 pares),32.0,34.0,2.0,0,0,-0.1648,0.0,1.6778,-0.0544,0.9926,única; único,única; único,38,42,0,16.25,15.61,25.0,52.38,27.38,2.86,2.39,61.84,66.67,4.83,0.55,0.8,10.53,35.71,25.18,0.1,0.11,22.37,39.29,16.92,0.45,0.91,3.95,42.86,38.91,4.97,6.38,38.16,64.29,26.13,32.06,33.72,82.89,90.48,7.59,0.2,1.03,3.95,73.81,69.86,0.02,0.02,6.58,8.33,1.75,0.1,0.34,22.37,89.29,66.92,45.25,47.96,80.26,90.48,10.22,10.08,7.97,80.26,57.14,-23.12,91.91,87.41,96.05,80.95,-15.1,50.0,47.45,56.58,28.57,-28.01,45.61,42.86,53.95,40.48,-13.47,57.69,50.0,56.58,5.95,-50.63,54.55,71.43,46.05,100.0,53.95,55.56,12.5,96.05,13.1,-82.95,11.111,0.0,81.58,10.71,-70.87,50.0,37.5,89.47,69.05,-20.42,84.85,78.57,90.79,71.43,-19.36,75.45,80.0,43.42,78.57,35.15,22,1
J08-0066,Nenê,nene,MEI,MEI,0,Meia,Meia,Brasil B,Brasil A,A,1,2023,2023,2024,2024,1,2024,Juventude,Juventude,Nenê - Juventude - Brasil B,Nenê - Juventude - Brasil A,2415,1655,28.0,28.0,0,0,900,900,0,0,0,0,1.9551,1.0129,-0.942,100.0,78.6,42.0,44.0,2.0,0.0,medida (60 pares),medida (113 pares),41.0,42.0,1.0,0,0,0.0,0.0,-0.942,1.3899,-0.377,única; único,única; único,22,22,0,13.27,14.9,11.36,52.27,40.91,1.68,1.14,45.45,15.91,-29.54,2.01,1.52,43.18,20.45,-22.73,0.26,0.22,20.45,47.73,27.28,2.16,1.25,79.55,20.45,-59.1,5.85,5.82,70.45,47.73,-22.72,18.78,20.99,25.0,15.91,-9.09,1.42,1.79,43.18,52.27,9.09,0.19,0.1,72.73,22.73,-50.0,0.3,0.49,38.64,65.91,27.27,26.5,28.88,29.55,15.91,-13.64,2.24,2.83,6.82,11.36,4.54,65.96,66.29,2.27,2.27,0.0,42.42,38.69,43.18,11.36,-31.82,20.0,33.33,11.36,65.91,54.55,60.34,45.0,84.09,2.27,-81.82,46.3,50.0,2.27,27.27,25.0,36.21,39.13,79.55,52.27,-27.28,12.069,13.043,93.18,47.73,-45.45,37.21,40.32,47.73,65.91,18.18,74.52,74.77,6.82,20.45,13.63,53.79,46.6,2.27,2.27,0.0,22,1
J08-0067,Lucas Lima,lucas lima,MEI,MEI,0,Meia,Meia,Brasil A,Brasil B,B,1,2025,2025,jun26,2026,1,2026,Sport Recife,Goiás,Lucas Lima - Sport Recife - Brasil A,Lucas Lima - Goiás - Brasil B,2785,707,33.0,10.0,1,0,900,284,0,0,1,0,1.0475,-0.199,-1.247,77.1,33.3,35.0,35.0,0.0,0.0,medida (156 pares),referência,34.0,35.0,1.0,0,0,0.0796,0.0,-1.3266,0.8622,-1.0612,única; único,única; homônimo resolvido pelo clube,24,21,0,13.67,13.49,33.33,40.48,7.15,0.42,0.38,2.08,2.38,0.3,1.87,1.53,35.42,30.95,-4.47,0.23,0.38,56.25,66.67,10.42,0.81,0.51,2.08,2.38,0.3,8.14,5.35,89.58,78.57,-11.01,29.76,32.84,72.92,97.62,24.7,1.68,1.78,39.58,40.48,0.9,0.1,0.09,18.75,19.05,0.3,0.58,0.38,64.58,50.0,-14.58,39.94,41.37,77.08,97.62,20.54,4.23,4.71,60.42,54.76,-5.66,80.18,84.31,27.08,78.57,51.49,47.52,44.34,68.75,45.24,-23.51,23.08,0.0,12.5,4.76,-7.74,60.81,48.0,64.58,30.95,-33.63,56.9,50.0,56.25,23.81,-32.44,40.0,25.0,70.83,23.81,-47.02,12.0,0.0,60.42,14.29,-46.13,45.45,42.86,75.0,71.43,-3.57,84.13,83.33,72.92,71.43,-1.49,75.12,73.21,60.42,40.48,-19.94,22,1
J08-0068,Serginho,serginho,MEI,MEI,0,Meia,Meia,Brasil A,Brasil B,B,1,2018,2018,2024,2024,6,2024,América Mineiro,Santos,Serginho - América Mineiro - Brasil A,Serginho - Santos - Brasil B,1123,1015,12.0,19.0,0,0,900,900,0,0,0,0,0.2887,1.1785,0.89,65.6,76.5,31.0,35.0,0.0,0.0,medida (39 pares),medida (76 pares),23.0,33.0,10.0,4,1,-0.3036,-0.163,1.1936,0.5927,0.5858,única; único,única; único,24,14,0,20.12,14.63,64.58,46.43,-18.15,4.41,2.13,89.58,53.57,-36.01,2.56,1.51,35.42,53.57,18.15,0.48,0.18,18.75,28.57,9.82,1.76,2.13,43.75,82.14,38.39,5.37,4.88,35.42,39.29,3.87,22.92,24.74,27.08,25.0,-2.08,1.76,2.57,56.25,89.29,33.04,0.33,0.13,97.92,50.0,-47.92,0.32,0.71,43.75,96.43,52.68,31.18,31.74,31.25,25.0,-6.25,4.89,4.88,47.92,53.57,5.65,77.38,86.59,27.08,82.14,55.06,39.04,50.91,27.08,89.29,62.21,36.36,33.33,77.08,67.86,-9.22,60.78,66.67,85.42,89.29,3.87,43.75,64.71,27.08,82.14,55.06,40.91,45.83,77.08,82.14,5.06,18.182,8.333,97.92,67.86,-30.06,30.56,46.15,39.58,96.43,56.85,85.07,80.0,52.08,39.29,-12.79,75.81,85.45,27.08,82.14,55.06,22,0
J08-0069,Matheusinho,matheusinho,MEI,MEI,0,Meia,Meia,Brasil B,Brasil A,A,1,2023,2023,2024,2024,1,2024,Vitória,Criciúma,Matheusinho - Vitória - Brasil B,Matheusinho - Criciúma - Brasil A,2002,1757,27.0,28.0,0,0,900,900,0,0,0,0,-0.2127,-0.2075,0.005,40.9,46.4,26.0,28.0,2.0,0.0,medida (60 pares),medida (113 pares),25.0,26.0,1.0,0,0,0.0183,-0.2073,-0.0133,0.1295,-0.337,única; único,única; único,22,22,0,16.61,20.59,47.73,88.64,40.91,1.72,1.69,52.27,65.91,13.64,3.77,3.18,88.64,79.55,-9.09,1.16,0.31,93.18,56.82,-36.36,1.35,1.69,29.55,61.36,31.81,4.93,6.97,43.18,75.0,31.82,24.57,21.67,65.91,20.45,-45.46,1.35,2.0,34.09,61.36,27.27,0.06,0.23,11.36,72.73,61.37,0.33,0.61,43.18,75.0,31.82,34.76,32.99,70.45,47.73,-22.72,4.23,4.71,47.73,54.55,6.82,83.27,77.95,65.91,25.0,-40.91,50.42,36.57,93.18,6.82,-86.36,32.43,21.21,63.64,15.91,-47.73,52.87,53.13,56.82,29.55,-27.27,61.73,40.32,79.55,15.91,-63.64,41.38,30.3,88.64,29.55,-59.09,6.897,15.152,61.36,61.36,0.0,33.33,58.33,38.64,88.64,50.0,78.3,78.68,29.55,34.09,4.54,75.0,74.47,54.55,43.18,-11.37,22,1
J08-0070,Shaylon,shaylon,MEI,MEI,0,Meia,Meia,Brasil B,Brasil A,A,1,2025,2025,jun26,2026,1,2026,Atlético GO,Mirassol,Shaylon - Atlético GO - Brasil B,Shaylon - Mirassol - Brasil A,497,936,12.0,14.0,0,1,900,426,0,1,1,0,0.1346,-0.594,-0.729,57.1,27.3,29.0,29.0,0.0,0.0,medida (111 pares),referência,28.0,29.0,1.0,0,0,-0.1499,0.0,-0.5791,0.3315,-0.9255,única; único,única; único,16,22,0,12.49,9.23,6.25,6.82,0.57,2.54,0.96,81.25,25.0,-56.25,1.27,0.77,18.75,11.36,-7.39,0.0,0.0,9.38,6.82,-2.56,1.45,0.87,50.0,15.91,-34.09,4.53,4.33,37.5,25.0,-12.5,24.45,29.13,50.0,52.27,2.27,1.63,0.96,75.0,20.45,-54.55,0.05,0.03,0.0,11.36,11.36,0.18,0.48,12.5,54.55,42.05,33.32,37.21,62.5,65.91,3.41,2.72,4.81,12.5,79.55,67.05,78.26,86.82,31.25,93.18,61.93,42.03,37.5,25.0,20.45,-4.55,35.71,30.0,68.75,47.73,-21.02,42.86,56.52,6.25,68.18,61.93,71.43,37.5,93.75,11.36,-82.39,0.0,44.44,0.0,75.0,75.0,0.0,11.111,9.38,54.55,45.17,35.29,28.57,71.88,40.91,-30.97,72.0,86.67,6.25,84.09,77.84,74.07,77.78,37.5,63.64,26.14,22,1
J08-0071,Richardson,richardson,VOL,VOL,0,Volante,Volante,Brasil A,Brasil B,B,1,2022,2022,2024,2024,2,2024,Ceará,Ceará,Richardson - Ceará - Brasil A,Richardson - Ceará - Brasil B,2265,1683,31.0,25.0,0,0,900,900,0,0,0,0,-0.8997,-0.9565,-0.057,10.9,12.5,34.0,34.0,0.0,0.0,medida (79 pares),medida (76 pares),30.0,32.0,2.0,0,0,-0.3101,0.0,0.2531,0.2409,-1.1974,única; único,única; único,39,31,0,17.76,14.87,62.82,50.0,-12.82,1.83,1.98,32.05,33.87,1.82,1.27,1.39,44.87,75.81,30.94,0.56,0.32,83.33,88.71,5.38,0.4,0.8,11.54,56.45,44.91,4.77,5.56,21.79,24.19,2.4,24.4,24.33,21.79,37.1,15.31,0.04,0.7,1.28,69.35,68.07,0.01,0.05,14.1,62.9,48.8,0.04,0.16,15.38,74.19,58.81,34.85,35.08,16.67,30.65,13.98,8.46,7.81,28.21,50.0,21.79,88.26,85.21,50.0,46.77,-3.23,53.69,55.4,52.56,66.13,13.57,54.35,51.35,75.64,40.32,-35.32,57.58,59.29,39.74,46.77,7.03,65.63,65.38,80.77,62.9,-17.87,0.0,20.0,7.69,32.26,24.57,0.0,0.0,26.92,24.19,-2.73,20.0,41.67,32.05,79.03,46.98,80.83,79.81,73.08,69.35,-3.73,77.21,78.1,44.87,62.9,18.03,22,1
J08-0072,Richardson,richardson,VOL,VOL,0,Volante,Volante,Brasil B,Brasil A,A,1,2023,2023,2025,2025,2,2025,Ceará,Ceará,Richardson - Ceará - Brasil B,Richardson - Ceará - Brasil A,1786,865,25.0,16.0,1,0,900,900,1,0,0,0,-0.1054,-1.1225,-1.017,43.3,10.5,32.0,34.0,2.0,0.0,medida (60 pares),medida (156 pares),31.0,33.0,2.0,0,0,-0.429,-0.3464,-0.588,0.2803,-1.4028,única; homônimo resolvido pelo clube,única; único,30,45,0,16.93,10.3,51.67,7.78,-43.89,1.86,1.77,15.0,53.33,38.33,0.81,0.31,25.0,12.22,-12.78,0.4,0.1,75.0,60.0,-15.0,0.5,0.42,21.67,18.89,-2.78,4.94,4.79,21.67,24.44,2.77,28.47,22.99,71.67,11.11,-60.56,0.45,0.1,55.0,7.78,-47.22,0.05,0.02,70.0,23.33,-46.67,0.25,0.0,85.0,7.78,-77.22,39.1,31.42,45.0,8.89,-36.11,7.41,6.35,28.33,24.44,-3.89,88.02,87.75,68.33,40.0,-28.33,49.11,59.6,15.0,97.78,82.78,48.65,41.18,41.67,37.78,-3.89,47.06,70.59,5.0,100.0,95.0,50.0,66.67,21.67,68.89,47.22,20.0,50.0,36.67,93.33,56.66,0.0,0.0,23.33,25.56,2.23,41.67,0.0,66.67,4.44,-62.23,81.63,69.57,95.0,24.44,-70.56,71.43,86.0,18.33,82.22,63.89,22,1
J08-0073,G. Cuéllar,g cuellar,VOL,VOL,0,Volante,Volante,Arabia Saudita A,Brasil A,A,0,2024,2024,2025,2025,1,2025,Al Shabab,Grêmio,G. Cuéllar - Al Shabab - Arabia Saudita A,G. Cuéllar - Grêmio - Brasil A,2050,996,20.0,17.0,0,0,521,900,0,0,0,0,1.8087,-0.3966,-2.205,89.5,33.3,31.0,33.0,2.0,0.0,medida (65 pares),medida (156 pares),31.0,32.0,1.0,0,0,-0.2145,-0.4748,-1.9905,0.6363,-1.0329,única; único,única; único,20,45,0,15.59,15.0,87.5,67.78,-19.72,0.44,0.45,7.5,1.11,-6.39,1.49,0.63,72.5,38.89,-33.61,0.13,0.0,42.5,15.56,-26.94,0.26,0.54,10.0,31.11,21.11,6.5,5.87,42.5,52.22,9.72,42.89,36.69,62.5,67.78,5.28,0.18,0.36,32.5,32.22,-0.28,0.01,0.03,12.5,43.33,30.83,0.09,0.09,25.0,34.44,9.44,57.82,50.06,72.5,70.0,-2.5,10.05,8.49,95.0,72.22,-22.78,93.01,92.06,77.5,85.56,8.06,59.15,51.81,97.5,54.44,-43.06,40.0,100.0,22.5,98.89,76.39,66.15,54.44,97.5,18.89,-78.61,73.53,57.14,77.5,38.89,-38.61,16.67,33.33,22.5,68.89,46.39,0.0,0.0,25.0,25.56,0.56,33.33,33.33,57.5,48.89,-8.61,87.84,84.62,82.5,87.78,5.28,82.22,89.66,57.5,94.44,36.94,22,1
J08-0074,Willian Farias,willian farias,VOL,VOL,0,Volante,Volante,Brasil B,Brasil C,C,1,2025,2025,jun26,2026,1,2026,Grêmio Novorizontino,Guarani,Willian Farias - Grêmio Novorizontino - Brasil B,Willian Farias - Guarani - Brasil C,719,687,15.0,7.0,1,1,900,213,0,1,1,0,-0.3726,1.2666,1.639,40.0,90.5,37.0,37.0,0.0,0.0,medida (111 pares),referência,36.0,37.0,1.0,0,0,0.2792,0.0,1.3598,0.1505,1.1161,única; único,única; único,30,21,0,13.27,10.74,46.67,16.67,-30.0,2.75,2.1,58.33,30.95,-27.38,0.38,0.26,31.67,26.19,-5.48,0.0,0.0,28.33,40.48,12.15,0.63,0.79,33.33,40.48,7.15,5.63,9.83,63.33,92.86,29.53,24.28,39.04,36.67,92.86,56.19,0.13,0.26,8.33,45.24,36.91,0.02,0.03,18.33,40.48,22.15,0.13,0.0,61.67,26.19,-35.48,38.05,52.79,50.0,97.62,47.62,7.39,6.03,45.0,7.14,-37.86,85.53,87.59,50.0,73.81,23.81,53.77,56.1,76.67,83.33,6.66,63.64,87.5,93.33,92.86,-0.47,53.19,62.16,23.33,57.14,33.81,66.67,100.0,71.67,88.1,16.43,0.0,33.33,1.67,73.81,72.14,0.0,33.333,16.67,97.62,80.95,0.0,0.0,8.33,33.33,25.0,62.22,77.33,10.0,69.05,59.05,72.73,82.05,43.33,88.1,44.77,22,1
J08-0075,Willian Arão,willian arao,VOL,VOL,0,Volante,Volante,Grecia,Brasil A,A,0,2025,2025,jun26,2026,1,2026,Panathinaikos,Santos,Willian Arão - Panathinaikos - Grecia,Willian Arão - Santos - Brasil A,1811,807,24.0,13.0,1,0,853,426,0,0,1,0,0.369,-0.5529,-0.922,70.7,23.3,34.0,34.0,0.0,0.0,medida (87 pares),referência,33.0,34.0,1.0,0,0,-0.2198,0.0,-0.7022,0.3157,-0.8686,única; único,única; único,26,30,0,15.11,10.26,67.31,25.0,-42.31,4.27,2.79,94.23,91.67,-2.56,0.4,0.22,32.69,21.67,-11.02,0.05,0.0,40.38,30.0,-10.38,0.7,0.11,32.69,1.67,-31.02,9.69,6.36,90.38,61.67,-28.71,30.31,24.42,55.77,28.33,-27.44,1.34,0.22,67.31,8.33,-58.98,0.08,0.02,55.77,18.33,-37.44,0.2,0.0,67.31,13.33,-53.98,46.96,37.47,67.31,28.33,-38.98,9.74,7.03,86.54,35.0,-51.54,85.4,83.63,44.23,15.0,-29.23,55.59,54.35,78.85,51.67,-27.18,58.14,44.0,75.0,21.67,-53.33,66.67,59.52,88.46,48.33,-40.13,62.5,50.0,48.08,30.0,-18.08,21.43,0.0,17.31,11.67,-5.64,7.143,0.0,57.69,35.0,-22.69,71.43,0.0,90.38,25.0,-65.38,78.46,70.18,55.77,38.33,-17.44,80.79,75.81,86.54,28.33,-58.21,22,1
J08-0076,Matheus Henrique,matheus henrique,VOL,VOL,0,Volante,Volante,Italia A,Brasil A,A,0,2024,2024,jun26,2026,2,2026,Sassuolo,Cruzeiro,Matheus Henrique - Sassuolo - Italia A,Matheus Henrique - Cruzeiro - Brasil A,2067,907,21.0,17.0,0,0,639,426,0,0,1,0,0.4666,0.4534,-0.013,68.6,63.3,26.0,28.0,2.0,0.0,medida (122 pares),referência,26.0,28.0,2.0,0,0,0.1555,0.1175,-0.1685,0.3086,0.1448,única; único,única; único,25,30,0,11.28,10.52,18.0,28.33,10.33,0.83,1.09,10.0,10.0,0.0,2.09,1.19,94.0,91.67,-2.33,0.35,0.4,74.0,98.33,24.33,0.74,0.6,54.0,35.0,-19.0,4.79,7.14,18.0,78.33,60.33,22.86,30.17,22.0,55.0,33.0,1.04,0.6,94.0,48.33,-45.67,0.09,0.04,82.0,45.0,-37.0,0.22,0.2,64.0,81.67,17.67,32.09,42.67,6.0,65.0,59.0,5.05,6.85,6.0,31.67,25.67,85.62,89.53,34.0,68.33,34.33,50.58,57.55,46.0,81.67,35.67,47.37,45.45,46.0,35.0,-11.0,54.12,60.78,14.0,55.0,41.0,52.08,58.33,50.0,40.0,-10.0,41.18,0.0,90.0,11.67,-78.33,11.765,0.0,82.0,35.0,-47.0,16.67,25.0,18.0,53.33,35.33,81.82,79.17,86.0,81.67,-4.33,73.21,82.28,34.0,58.33,24.33,22,1
J08-0077,Rafael Thyere,rafael thyere,ZAG,ZAG,0,Zagueiro - Direita,Zagueiro - Direita,Brasil B,Brasil A,A,1,2024,2024,2025,2025,1,2025,Sport Recife,Sport Recife,Rafael Thyere - Sport Recife - Brasil B,Rafael Thyere - Sport Recife - Brasil A,2292,2339,23.0,24.0,0,0,900,900,0,0,0,0,0.7808,-0.6342,-1.415,84.3,24.1,33.0,33.0,0.0,0.0,medida (76 pares),medida (156 pares),31.0,32.0,1.0,0,0,-0.0748,0.0,-1.3402,0.385,-1.0192,única; único,única; único,69,74,0,10.13,8.43,37.68,7.43,-30.25,4.2,3.89,50.72,57.43,6.71,0.12,0.04,21.74,6.76,-14.98,0.04,0.04,47.83,65.54,17.71,0.24,0.38,31.88,41.89,10.01,8.29,6.39,65.94,39.86,-26.08,32.43,25.13,71.74,25.0,-46.74,0.39,0.42,37.68,27.7,-9.98,0.05,0.08,59.42,83.11,23.69,0.04,0.0,71.74,24.32,-47.42,46.06,36.82,70.29,20.95,-49.34,6.91,7.2,26.81,33.11,6.3,89.6,87.67,78.99,33.11,-45.88,54.65,54.34,9.42,10.14,0.72,54.21,54.46,22.46,27.7,5.24,63.22,59.49,25.36,19.59,-5.77,0.0,0.0,4.35,5.41,1.06,50.0,20.0,76.81,22.97,-53.84,33.333,10.0,94.93,63.51,-31.42,0.0,0.0,23.19,20.95,-2.24,80.09,74.7,97.83,79.05,-18.78,76.37,70.54,93.48,39.86,-53.62,22,1
J08-0078,Bruno Alves,bruno alves,ZAG,ZAG,0,Zagueiro - Esquerda,Zagueiro - Direita,Brasil A,Brasil B,B,1,2024,2024,2025,2025,1,2025,Cuiabá,Cuiabá,Bruno Alves - Cuiabá - Brasil A,Bruno Alves - Cuiabá - Brasil B,2290,2151,28.0,24.0,0,0,900,900,0,0,0,0,-1.3025,0.4812,1.784,13.0,68.0,35.0,35.0,0.0,0.0,medida (113 pares),medida (111 pares),33.0,34.0,1.0,0,0,-0.238,0.0,2.022,-0.3231,0.8043,única; único,única; único,73,72,0,9.55,9.96,15.75,28.47,12.72,3.46,4.14,35.62,56.25,20.63,0.31,0.21,55.48,53.47,-2.01,0.08,0.0,64.38,34.03,-30.35,0.31,0.42,34.25,60.42,26.17,5.62,6.4,19.86,27.78,7.92,19.89,23.39,8.9,25.69,16.79,0.2,0.46,6.16,46.53,40.37,0.05,0.13,61.64,97.92,36.28,0.04,0.0,55.48,18.75,-36.73,30.3,34.39,7.53,18.75,11.22,7.78,6.15,45.89,11.11,-34.78,88.2,86.37,43.15,47.92,4.77,61.73,63.87,54.11,75.69,21.58,50.0,77.78,9.59,97.22,87.63,66.36,58.33,36.3,15.97,-20.33,75.0,60.0,61.64,47.22,-14.42,50.0,60.0,81.51,89.58,8.07,12.5,30.0,65.07,92.36,27.29,50.0,100.0,82.88,94.44,11.56,66.43,67.97,26.71,45.14,18.43,81.25,62.93,87.67,32.64,-55.03,22,1
J08-0079,Ronaldo Alves,ronaldo alves,ZAG,ZAG,0,Zagueiro - Esquerda,Zagueiro - Esquerda,Brasil C,Brasil B,B,1,2024,2024,2025,2025,1,2025,Ferroviária,Ferroviária,Ronaldo Alves - Ferroviária - Brasil C,Ronaldo Alves - Ferroviária - Brasil B,1434,2865,18.0,29.0,0,0,592,900,0,0,0,0,-1.0706,-1.9564,-0.886,27.9,2.5,36.0,36.0,0.0,0.0,medida (53 pares),medida (111 pares),34.0,35.0,1.0,0,0,-0.238,0.0,-0.648,-0.2443,-1.7121,única; único,única; único,57,72,0,10.23,8.39,28.95,10.42,-18.53,4.14,3.74,35.96,38.19,2.23,0.44,0.03,81.58,11.11,-70.47,0.06,0.06,78.07,80.56,2.49,0.25,0.13,41.23,6.25,-34.98,6.78,6.66,41.23,35.42,-5.81,34.39,27.71,89.47,53.47,-36.0,0.31,0.38,34.21,33.33,-0.88,0.02,0.01,40.35,6.25,-34.1,0.0,0.03,28.95,43.06,14.11,49.58,40.43,88.6,52.08,-36.52,6.72,5.75,16.67,2.08,-14.59,91.65,89.12,99.12,81.25,-17.87,68.1,56.93,93.86,21.53,-72.33,72.73,57.14,93.86,29.17,-64.69,80.39,64.56,97.37,36.81,-60.56,85.71,100.0,69.3,88.19,18.89,25.0,25.0,57.02,39.58,-17.44,0.0,0.0,34.21,22.92,-11.29,25.0,25.0,53.51,47.22,-6.29,72.22,64.62,60.53,25.69,-34.84,75.34,71.85,88.6,78.47,-10.13,22,1
J08-0080,Ramon Menezes,ramon menezes,ZAG,ZAG,0,Zagueiro - Direita,Zagueiro - Esquerda,Brasil B,Brasil A,A,1,2024,2024,2025,2025,1,2025,Ceará,Sport Recife,Ramon Menezes - Ceará - Brasil B,Ramon Menezes - Sport Recife - Brasil A,1176,2089,16.0,23.0,0,0,900,900,0,0,0,0,0.0952,-0.3024,-0.398,56.9,35.5,31.0,31.0,0.0,0.0,medida (76 pares),medida (156 pares),29.0,30.0,1.0,0,0,0.0066,0.0,-0.4046,0.152,-0.4544,única; único,única; único,69,74,0,9.18,9.13,15.22,16.89,1.67,4.52,3.53,60.14,43.24,-16.9,0.23,0.13,47.83,26.35,-21.48,0.0,0.04,18.84,65.54,46.7,0.23,0.6,27.54,89.19,61.65,5.43,5.77,13.77,23.65,9.88,22.42,25.81,25.36,27.7,2.34,0.61,0.9,74.64,91.22,16.58,0.03,0.08,27.54,83.11,55.57,0.0,0.0,28.99,24.32,-4.67,34.36,38.95,22.46,31.76,9.3,5.66,7.15,3.62,30.41,26.79,91.09,90.04,94.93,70.27,-24.66,63.33,63.21,61.59,81.76,20.17,76.27,69.51,99.28,88.51,-10.77,54.76,62.5,3.62,33.11,29.49,100.0,66.67,93.48,54.73,-38.75,66.67,28.57,92.03,42.57,-49.46,33.333,7.143,94.93,56.08,-38.85,0.0,0.0,23.19,20.95,-2.24,77.46,65.67,90.58,25.0,-65.58,71.74,66.67,73.19,22.97,-50.22,22,1
J08-0081,Ramon Menezes,ramon menezes,ZAG,ZAG,0,Zagueiro - Esquerda,Zagueiro - Esquerda,Brasil A,Brasil B,B,1,2025,2025,jun26,2026,1,2026,Sport Recife,Goiás,Ramon Menezes - Sport Recife - Brasil A,Ramon Menezes - Goiás - Brasil B,2089,477,23.0,5.0,1,0,900,284,0,0,1,0,-0.3024,-0.3515,-0.049,35.5,43.3,31.0,31.0,0.0,0.0,medida (156 pares),referência,30.0,31.0,1.0,0,0,0.0066,0.0,-0.0556,0.0168,-0.3683,única; único,única; único,74,67,0,9.13,7.92,16.89,12.69,-4.2,3.53,3.96,43.24,57.46,14.22,0.13,0.0,26.35,17.91,-8.44,0.04,0.0,65.54,41.79,-23.75,0.6,0.38,89.19,55.97,-33.22,5.77,5.28,23.65,15.67,-7.98,25.81,39.25,27.7,94.78,67.08,0.9,0.75,91.22,76.87,-14.35,0.08,0.02,83.11,26.87,-56.24,0.0,0.0,24.32,38.06,13.74,38.95,51.32,31.76,93.28,61.52,7.15,6.04,30.41,15.67,-14.74,90.04,91.18,70.27,93.28,23.01,63.21,64.29,81.76,78.36,-3.4,69.51,66.67,88.51,79.85,-8.66,62.5,71.43,33.11,82.84,49.73,66.67,0.0,54.73,23.88,-30.85,28.57,0.0,42.57,22.39,-20.18,7.143,0.0,56.08,44.03,-12.05,0.0,0.0,20.95,35.82,14.87,65.67,60.71,25.0,10.45,-14.55,66.67,68.18,22.97,52.24,29.27,22,1
J08-0082,Antônio Carlos,antonio carlos,ZAG,ZAG,0,Zagueiro - Direita,Zagueiro - Direita,EUA,Brasil A,A,0,2023,2023,2024,2024,1,2024,Orlando City,Fluminense,Antônio Carlos - Orlando City - EUA,Antônio Carlos - Fluminense - Brasil A,1643,1229,21.0,13.0,0,0,900,900,0,0,0,0,-0.7681,-0.6657,0.102,14.8,27.7,30.0,33.0,3.0,0.0,medida (110 pares),medida (113 pares),30.0,31.0,1.0,0,0,0.0066,-0.0405,0.0954,-0.1415,-0.5242,única; único,única; único,98,73,0,13.42,12.45,71.43,66.44,-4.99,4.38,5.35,73.98,91.1,17.12,0.22,0.22,40.82,40.41,-0.41,0.0,0.0,16.33,20.55,4.22,0.77,0.29,98.47,28.77,-69.7,7.83,8.13,64.29,70.55,6.26,26.51,38.96,25.0,86.99,61.99,0.88,0.29,85.2,13.01,-72.19,0.09,0.03,89.8,28.77,-61.03,0.0,0.0,18.88,18.49,-0.39,37.74,52.21,18.88,85.62,66.74,8.76,7.4,54.59,28.08,-26.51,90.28,89.48,73.98,56.85,-17.13,64.49,62.94,91.33,65.07,-26.26,67.5,58.9,91.33,44.52,-46.81,63.04,58.82,30.1,8.9,-21.2,100.0,100.0,91.84,89.73,-2.11,50.0,0.0,88.27,4.11,-84.16,7.143,0.0,39.8,23.97,-15.83,0.0,66.67,22.96,93.15,70.19,81.12,70.27,99.49,38.36,-61.13,72.0,76.27,68.88,66.44,-2.44,22,1
J08-0083,Thiago Heleno,thiago heleno,ZAG,ZAG,0,Zagueiro - Esquerda,Zagueiro - Esquerda,Brasil A,Brasil B,B,1,2024,2024,2025,2025,1,2025,Athletico Paranaense,Paysandu,Thiago Heleno - Athletico Paranaense - Brasil A,Thiago Heleno - Paysandu - Brasil B,2548,958,26.0,11.0,0,0,900,900,0,0,0,0,-0.3303,0.4399,0.77,37.0,65.0,37.0,37.0,0.0,0.0,medida (113 pares),medida (111 pares),35.0,36.0,1.0,0,0,-0.0388,0.0,0.8088,0.0073,0.4326,única; único,única; único,73,72,0,8.94,9.39,8.9,21.53,12.63,3.96,4.13,52.05,54.86,2.81,0.0,0.0,0.68,4.17,3.49,0.0,0.0,20.55,34.03,13.48,0.39,0.28,50.68,34.03,-16.65,7.42,6.58,58.22,34.03,-24.19,28.05,24.8,52.74,32.64,-20.1,0.53,0.38,56.16,33.33,-22.83,0.05,0.02,61.64,18.75,-42.89,0.0,0.09,18.49,81.25,62.76,38.68,35.04,34.93,22.92,-12.01,7.03,6.11,19.18,8.33,-10.85,88.77,89.54,50.0,86.81,36.81,62.45,60.0,61.64,36.81,-24.83,66.07,61.36,78.77,50.69,-28.08,66.33,57.89,34.93,11.11,-23.82,0.0,0.0,3.42,9.72,6.3,18.18,66.67,16.44,95.14,78.7,0.0,33.333,23.97,95.14,71.17,0.0,0.0,17.81,17.36,-0.45,77.62,74.29,82.88,76.39,-6.49,70.3,62.75,36.3,31.25,-5.05,22,1
J08-0084,Wanderson,wanderson,ZAG,ZAG,0,Zagueiro - Direita,Zagueiro - Esquerda,Brasil A,Brasil B,B,1,2023,2023,2024,2024,1,2024,América Mineiro,CRB,Wanderson - América Mineiro - Brasil A,Wanderson - CRB - Brasil B,572,723,7.0,11.0,1,1,900,900,1,1,0,0,-0.0676,0.2296,0.297,39.6,59.0,35.0,35.0,0.0,0.0,medida (82 pares),medida (76 pares),32.0,33.0,1.0,0,0,-0.0748,0.0,0.3718,0.0966,0.133,única; homônimo resolvido pelo clube,homônimo resolvido por qz+minutos; homônimo resolvido pelo clube,74,69,0,11.96,12.95,52.7,65.22,12.52,3.93,4.61,51.35,63.04,11.69,0.0,0.37,3.38,73.91,70.53,0.0,0.0,11.49,18.84,7.35,0.31,0.12,41.22,7.25,-33.97,5.03,4.98,9.46,11.59,2.13,14.32,31.0,0.0,62.32,62.32,0.31,0.12,20.95,2.9,-18.05,0.03,0.01,29.05,7.25,-21.8,0.0,0.0,20.27,28.99,8.72,23.29,43.94,0.0,63.77,63.77,6.92,8.59,17.57,68.12,50.55,83.11,93.2,13.51,98.55,85.04,61.84,64.42,68.92,75.36,6.44,72.0,72.97,98.65,94.2,-4.45,56.25,65.22,12.16,43.48,31.32,0.0,33.33,4.05,13.77,9.72,50.0,0.0,83.11,5.07,-78.04,0.0,0.0,27.03,20.29,-6.74,0.0,0.0,21.62,23.19,1.57,71.88,67.5,44.59,36.23,-8.36,61.9,80.77,21.62,98.55,76.93,22,1
J08-0085,Wanderson,wanderson,ZAG,ZAG,0,Zagueiro - Direita,Zagueiro - Direita,Brasil C,Brasil B,B,1,2023,2023,2024,2024,1,2024,Paysandu,Paysandu,Wanderson - Paysandu - Brasil C,Wanderson - Paysandu - Brasil B,1456,2135,18.0,23.0,0,0,545,900,0,0,0,0,0.7462,-0.3456,-1.092,68.8,41.2,28.0,31.0,3.0,0.0,medida (23 pares),medida (76 pares),28.0,29.0,1.0,0,0,-0.0776,-0.195,-1.0144,0.3732,-0.7188,única; único,homônimo resolvido por qz+minutos; homônimo resolvido pelo clube,56,69,0,14.69,13.91,83.04,87.68,4.64,4.74,4.97,66.96,77.54,10.58,0.2,0.21,34.82,41.3,6.48,0.07,0.0,59.82,18.84,-40.98,0.26,0.3,34.82,44.93,10.11,5.6,5.78,20.54,21.01,0.47,16.08,24.24,4.46,36.96,32.5,0.2,0.42,5.36,44.93,39.57,0.02,0.03,20.54,27.54,7.0,0.0,0.04,33.93,71.74,37.81,27.08,36.38,4.46,36.96,32.5,8.57,9.15,66.96,80.43,13.47,82.0,86.56,16.96,42.75,25.79,59.64,58.48,40.18,26.81,-13.37,65.28,56.78,59.82,26.81,-33.01,62.86,63.27,24.11,26.81,2.7,66.67,80.0,37.5,76.09,38.59,25.0,28.57,41.07,42.75,1.68,25.0,0.0,83.93,20.29,-63.64,0.0,60.0,30.36,86.23,55.87,72.94,66.42,77.68,29.71,-47.97,56.0,64.41,31.25,39.86,8.61,22,1
J08-0086,Wanderson,wanderson,ZAG,ZAG,0,Zagueiro - Direita,Zagueiro - Direita,Brasil B,Brasil C,C,1,2024,2024,2025,2025,1,2025,Paysandu,Ponte Preta,Wanderson - Paysandu - Brasil B,Wanderson - Ponte Preta - Brasil C,2135,2573,23.0,26.0,0,0,900,616,0,0,0,0,-0.3456,-3.2792,-2.934,41.2,2.1,31.0,31.0,0.0,0.0,medida (76 pares),medida (70 pares),29.0,30.0,1.0,0,0,0.0066,0.0,-2.9406,0.0021,-3.2813,homônimo resolvido por qz+minutos; homônimo resolvido pelo clube,única; único,69,52,0,13.91,13.33,87.68,64.42,-23.26,4.97,4.41,77.54,41.35,-36.19,0.21,0.24,41.3,62.5,21.2,0.0,0.14,18.84,93.27,74.43,0.3,0.42,44.93,55.77,10.84,5.78,6.89,21.01,43.27,22.26,24.24,21.3,36.96,39.42,2.46,0.42,0.56,44.93,67.31,22.38,0.03,0.06,27.54,58.65,31.11,0.04,0.03,71.74,50.96,-20.78,36.38,35.5,36.96,45.19,8.23,9.15,8.74,80.43,60.58,-19.85,86.56,81.58,42.75,31.73,-11.02,58.48,66.4,26.81,81.73,54.92,56.78,65.87,26.81,68.27,41.46,63.27,74.17,26.81,81.73,54.92,80.0,85.71,76.09,58.65,-17.44,28.57,33.33,42.75,63.46,20.71,0.0,8.333,20.29,54.81,34.52,60.0,33.33,86.23,67.31,-18.92,66.42,63.96,29.71,31.73,2.02,64.41,50.86,39.86,14.42,-25.44,22,1
J08-0087,Luiz Felipe,luiz felipe,ZAG,ZAG,0,Zagueiro - Direita,Zagueiro - Esquerda,Brasil B,Brasil A,A,1,2023,2023,2024,2024,1,2024,Atlético GO,Atlético GO,Luiz Felipe - Atlético GO - Brasil B,Luiz Felipe - Atlético GO - Brasil A,1675,1260,16.0,16.0,0,0,900,900,0,0,0,0,1.4013,-0.5153,-1.917,88.9,30.4,30.0,32.0,2.0,0.0,medida (60 pares),medida (113 pares),29.0,30.0,1.0,0,0,0.0066,-0.0559,-1.9236,0.5959,-1.1112,única; homônimo resolvido pelo clube,única; único,70,73,0,10.48,10.29,25.0,26.71,1.71,5.0,3.5,60.71,37.67,-23.04,0.27,0.07,42.14,9.59,-32.55,0.05,0.0,42.14,20.55,-21.59,0.38,0.5,50.0,73.97,23.97,7.9,5.36,67.86,15.75,-52.11,29.5,19.57,59.29,7.53,-51.76,0.54,0.64,52.14,71.92,19.78,0.09,0.08,85.0,84.93,-0.07,0.11,0.0,90.0,18.49,-71.51,43.15,30.36,59.29,8.9,-50.39,7.15,7.5,32.14,30.82,-1.32,86.43,84.47,45.0,11.64,-33.36,68.21,60.42,93.57,50.0,-43.57,68.82,73.47,87.86,96.58,8.72,63.79,54.55,29.29,0.68,-28.61,80.0,100.0,77.14,89.73,12.59,57.14,28.57,96.43,38.36,-58.07,14.286,14.286,77.86,68.49,-9.37,100.0,0.0,97.14,17.81,-79.33,70.75,64.0,51.43,17.12,-34.31,64.75,68.52,50.71,25.34,-25.37,22,1
J08-0088,Luiz Felipe,luiz felipe,ZAG,ZAG,0,Zagueiro - Esquerda,Zagueiro - Direita,Brasil A,Brasil B,B,1,2024,2024,2025,2025,1,2025,Atlético GO,Goiás,Luiz Felipe - Atlético GO - Brasil A,Luiz Felipe - Goiás - Brasil B,1260,889,16.0,11.0,1,0,900,900,1,0,0,0,-0.5153,-0.7195,-0.204,30.4,18.0,32.0,32.0,0.0,0.0,medida (113 pares),medida (111 pares),30.0,31.0,1.0,0,0,0.0066,0.0,-0.2106,-0.0556,-0.6639,única; único,única; único,73,72,0,10.29,9.92,26.71,27.78,1.07,3.5,3.44,37.67,27.78,-9.89,0.07,0.1,9.59,31.25,21.66,0.0,0.0,20.55,34.03,13.48,0.5,0.4,73.97,55.56,-18.41,5.36,4.76,15.75,2.78,-12.97,19.57,17.11,7.53,2.78,-4.75,0.64,0.3,71.92,18.06,-53.86,0.08,0.03,84.93,31.25,-53.68,0.0,0.0,18.49,18.75,0.26,30.36,28.65,8.9,1.39,-7.51,7.5,6.78,30.82,29.17,-1.65,84.47,87.28,11.64,55.56,43.92,60.42,57.14,50.0,22.22,-27.78,73.47,58.82,96.58,38.89,-57.69,54.55,52.78,0.68,0.0,-0.68,100.0,100.0,89.73,88.19,-1.54,28.57,50.0,38.36,84.72,46.36,14.286,0.0,68.49,22.92,-45.57,0.0,0.0,17.81,17.36,-0.45,64.0,74.47,17.12,79.17,62.05,68.52,65.85,25.34,41.67,16.33,22,1
J08-0089,Valdo,valdo,ZAG,ZAG,0,Zagueiro - Direita,Zagueiro - Direita,Japao B,Brasil C,C,0,2024,2024,2025,2025,1,2025,V-Varen Nagasaki,Confiança,Valdo - V-Varen Nagasaki - Japao B,Valdo - Confiança - Brasil C,877,871,10.0,9.0,1,1,900,616,0,1,0,0,1.6786,0.3807,-1.298,82.8,66.0,34.0,34.0,0.0,0.0,medida (128 pares),medida (70 pares),32.0,33.0,1.0,0,0,-0.0748,0.0,-1.2232,0.6902,-0.3095,única; único,única; único,77,52,0,12.31,9.2,19.48,8.65,-10.83,5.23,4.03,40.26,20.19,-20.07,0.1,0.0,18.83,6.73,-12.1,0.0,0.0,24.68,33.65,8.97,0.72,0.41,86.36,52.88,-33.48,6.05,5.06,14.29,18.27,3.98,31.2,25.63,59.74,60.58,0.84,0.92,0.52,80.52,58.65,-21.87,0.11,0.08,93.51,83.65,-9.86,0.0,0.0,16.23,25.0,8.77,41.56,36.37,44.16,52.88,8.72,8.62,6.41,62.99,10.58,-52.41,89.14,91.76,83.12,97.12,14.0,65.0,65.17,89.61,64.42,-25.19,72.55,58.97,100.0,39.42,-60.58,66.67,68.57,29.87,45.19,15.32,100.0,0.0,95.45,10.58,-84.87,28.57,75.0,44.16,99.04,54.88,14.286,25.0,77.27,91.35,14.08,0.0,0.0,10.39,30.77,20.38,61.02,71.43,15.58,64.42,48.84,54.05,77.78,7.79,93.27,85.48,22,1
J08-0090,Pedro Henrique,pedro henrique,ZAG,ZAG,0,Zagueiro - Esquerda,Zagueiro - Esquerda,Brasil A,Brasil B,B,1,2024,2024,2025,2025,1,2025,Atlético GO,Atlético GO,Pedro Henrique - Atlético GO - Brasil A,Pedro Henrique - Atlético GO - Brasil B,683,680,12.0,10.0,1,1,900,900,1,1,0,0,-0.0076,-0.9704,-0.963,47.8,20.0,33.0,33.0,0.0,0.0,medida (113 pares),medida (111 pares),31.0,32.0,1.0,0,0,-0.0748,0.0,-0.8882,0.117,-1.0874,homônimo resolvido por qz+minutos; homônimo resolvido pelo clube,única; único,73,72,0,11.2,10.46,42.47,37.5,-4.97,4.61,4.5,73.97,68.75,-5.22,0.0,0.0,0.68,4.17,3.49,0.0,0.0,20.55,34.03,13.48,0.4,0.53,52.74,76.39,23.65,5.14,5.43,11.64,13.19,1.55,30.44,19.46,54.79,8.33,-46.46,0.4,0.66,28.77,77.78,49.01,0.05,0.05,61.64,59.72,-1.92,0.0,0.0,18.49,18.75,0.26,39.66,27.66,45.21,1.39,-43.82,6.98,6.22,16.44,13.89,-2.55,87.71,89.0,36.99,79.17,42.18,67.06,53.16,91.78,1.39,-90.39,68.57,55.88,87.67,26.39,-61.28,66.67,58.82,39.73,16.67,-23.06,0.0,0.0,3.42,9.72,6.3,66.67,25.0,94.52,39.58,-54.94,0.0,0.0,23.97,22.92,-1.05,0.0,0.0,17.81,17.36,-0.45,61.54,73.17,6.85,68.06,61.21,54.55,61.54,2.74,26.39,23.65,22,1
J08-0091,Emerson Santos,emerson santos,ZAG,ZAG,0,Zagueiro - Esquerda,Zagueiro - Esquerda,Brasil C,Brasil B,B,1,2025,2025,jun26,2026,1,2026,Ponte Preta,América Mineiro,Emerson Santos - Ponte Preta - Brasil C,Emerson Santos - América Mineiro - Brasil B,1310,480,15.0,6.0,1,0,616,284,0,0,1,0,-0.8684,1.0674,1.936,20.0,90.0,31.0,31.0,0.0,0.0,medida (70 pares),referência,30.0,31.0,1.0,0,0,0.0066,0.0,1.9294,-0.1756,1.243,única; homônimo resolvido pelo clube,única; único,52,67,0,12.85,12.0,58.65,76.87,18.22,3.64,4.31,14.42,71.64,57.22,0.41,0.19,85.58,53.73,-31.85,0.0,0.0,33.65,41.79,8.14,0.27,0.75,17.31,91.79,74.48,7.76,10.13,70.19,96.27,26.08,28.37,39.38,75.96,96.27,20.31,0.48,0.94,50.0,85.82,35.82,0.02,0.1,13.46,88.81,75.35,0.07,0.0,69.23,38.06,-31.17,41.5,52.88,68.27,96.27,28.0,9.41,6.19,74.04,22.39,-51.65,87.58,89.01,70.19,66.42,-3.77,62.57,48.44,43.27,8.21,-35.06,58.49,43.48,35.58,5.22,-30.36,74.39,60.87,87.5,38.06,-49.44,33.33,0.0,31.73,23.88,-7.85,50.0,25.0,88.46,50.75,-37.71,0.0,25.0,25.96,93.28,67.32,0.0,0.0,30.77,35.82,5.05,73.45,77.78,75.96,80.6,4.64,62.16,75.0,49.04,77.61,28.57,22,1
J08-0092,F. Balbuena,f balbuena,ZAG,ZAG,0,Zagueiro - Direita,Zagueiro - Direita,Russia,Brasil A,A,0,2025,2025,jun26,2026,1,2026,Dinamo Moskva,Grêmio,F. Balbuena - Dinamo Moskva - Russia,F. Balbuena - Grêmio - Brasil A,1688,676,18.0,7.0,1,0,711,426,0,0,1,0,1.9301,1.3642,-0.566,91.8,87.1,34.0,34.0,0.0,0.0,medida (129 pares),referência,33.0,34.0,1.0,0,0,-0.238,0.0,-0.328,0.7756,0.5886,única; único,única; único,61,53,0,12.37,5.86,15.57,0.94,-14.63,3.89,1.6,13.93,0.94,-12.99,0.21,0.0,45.9,7.55,-38.35,0.0,0.0,30.33,28.3,-2.03,0.53,0.13,68.85,10.38,-58.47,12.8,10.52,97.54,95.28,-2.26,29.8,34.35,74.59,78.3,3.71,0.75,0.13,62.3,4.72,-57.58,0.06,0.01,54.92,9.43,-45.49,0.16,0.0,86.07,25.47,-60.6,47.45,47.4,79.51,78.3,-1.21,8.58,6.39,34.43,19.81,-14.62,84.27,86.52,56.56,37.74,-18.82,66.38,79.55,84.43,99.06,14.63,61.64,100.0,68.03,99.06,31.03,80.0,70.37,94.26,83.02,-11.24,100.0,0.0,90.98,14.15,-76.83,30.0,0.0,55.74,15.09,-40.65,20.0,0.0,82.79,29.25,-53.54,66.67,50.0,86.07,82.08,-3.99,70.0,75.95,66.39,80.19,13.8,74.34,60.53,79.51,19.81,-59.7,22,1
J08-0093,Klaus,klaus,ZAG,ZAG,0,Zagueiro - Direita,Zagueiro - Direita,Belgica A,Brasil B,B,0,2024,2024,2025,2025,1,2025,RWD Molenbeek,Remo,Klaus - RWD Molenbeek - Belgica A,Klaus - Remo - Brasil B,1362,2644,14.0,27.0,0,0,663,900,0,0,0,0,0.5352,-0.8346,-1.37,72.0,14.0,29.0,32.0,2.0,0.0,medida (58 pares),medida (111 pares),29.0,31.0,2.0,1,0,0.0132,-0.1272,-1.3832,0.3015,-1.1361,única; único,única; único,57,72,0,16.52,9.29,78.07,20.14,-57.93,5.88,3.54,90.35,29.86,-60.49,0.07,0.03,2.63,11.11,8.48,0.07,0.0,41.23,34.03,-7.2,0.33,0.2,48.25,15.28,-32.97,4.1,5.38,2.63,11.81,9.18,23.0,25.12,20.18,35.42,15.24,0.4,0.34,36.84,26.39,-10.45,0.03,0.02,37.72,18.75,-18.97,0.07,0.03,54.39,43.06,-11.33,36.15,38.57,23.68,36.81,13.13,12.42,7.45,88.6,45.14,-43.46,87.39,88.61,67.54,71.53,3.99,58.8,61.54,35.96,59.72,23.76,61.8,62.5,69.3,58.33,-10.97,60.87,66.67,8.77,63.89,55.12,100.0,0.0,94.74,9.72,-85.02,20.0,33.33,35.96,65.97,30.01,0.0,0.0,30.7,22.92,-7.78,0.0,0.0,17.54,17.36,-0.18,43.55,63.92,0.88,22.92,22.04,47.5,61.24,4.39,25.69,21.3,22,1
J08-0094,Jackson,jackson,ZAG,ZAG,0,Zagueiro - Esquerda,Zagueiro - Direita,Brasil C,Brasil B,B,1,2024,2024,2025,2025,1,2025,Ferroviária,Amazonas,Jackson - Ferroviária - Brasil C,Jackson - Amazonas - Brasil B,1056,945,14.0,10.0,0,0,592,900,0,0,0,0,2.8512,0.8623,-1.989,95.3,78.0,36.0,36.0,0.0,0.0,medida (53 pares),medida (111 pares),34.0,35.0,1.0,0,0,-0.238,0.0,-1.751,1.0887,-0.2264,única; único,única; único,57,72,0,9.46,11.52,13.16,60.42,47.26,3.75,5.33,23.68,85.42,61.74,0.09,0.57,32.46,93.75,61.29,0.0,0.0,34.21,34.03,-0.18,0.34,0.76,62.28,95.14,32.86,7.07,6.86,47.37,39.58,-7.79,35.97,20.76,93.86,13.19,-80.67,0.43,0.67,53.51,78.47,24.96,0.05,0.1,66.67,90.28,23.61,0.09,0.0,77.19,18.75,-58.44,52.33,32.1,95.61,11.81,-83.8,5.97,6.29,2.63,14.58,11.95,90.07,83.38,95.61,17.36,-78.25,61.26,63.64,48.25,74.31,26.06,61.36,75.0,50.88,95.14,44.26,60.0,55.0,16.67,0.69,-15.98,100.0,50.0,85.96,34.72,-51.24,25.0,62.5,57.02,90.97,33.95,25.0,25.0,89.47,86.81,-2.66,100.0,100.0,95.61,94.44,-1.17,75.9,65.28,79.82,29.86,-49.96,60.66,60.0,35.96,20.14,-15.82,22,1
J08-0095,Luiz Otávio,luiz otavio,ZAG,ZAG,0,Zagueiro - Esquerda,Zagueiro - Esquerda,Brasil A,Brasil B,B,1,2021,2021,2023,2023,2,2023,Bahia,Ceará,Luiz Otávio - Bahia - Brasil A,Luiz Otávio - Ceará - Brasil B,2916,2353,30.0,23.0,0,0,900,900,0,0,0,0,-0.6605,-0.281,0.379,34.2,32.4,33.0,35.0,0.0,2.0,medida (67 pares),medida (60 pares),28.0,34.0,6.0,4,1,-0.452,-0.338,0.831,0.0839,-0.3649,homônimo resolvido por qz+minutos; homônimo resolvido pelo clube,homônimo resolvido por qz+minutos; homônimo resolvido pelo clube,62,70,0,10.65,14.15,16.94,79.29,62.35,5.4,5.01,86.29,62.14,-24.15,0.06,0.42,4.03,66.43,62.4,0.03,0.08,20.97,53.57,32.6,0.4,0.34,65.32,38.57,-26.75,7.69,4.36,62.1,4.29,-57.81,23.73,25.51,21.77,40.71,18.94,0.8,0.5,87.1,44.29,-42.81,0.05,0.04,66.13,43.57,-22.56,0.03,0.0,50.81,22.86,-27.95,35.93,39.43,26.61,43.57,16.96,7.13,8.72,13.71,77.86,64.15,86.77,89.72,26.61,80.71,54.1,64.64,60.27,81.45,47.86,-33.59,68.0,60.31,87.9,50.0,-37.9,57.61,67.39,13.71,56.43,42.72,50.0,63.64,20.16,39.29,19.13,38.46,55.56,68.55,93.57,25.02,23.077,22.222,87.9,92.14,4.24,0.0,0.0,21.77,28.57,6.8,71.89,64.91,45.97,26.43,-19.54,61.18,71.21,8.87,79.29,70.42,22,0
J08-0096,Léo,leo,ZAG,ZAG,0,Zagueiro - Esquerda,Zagueiro - Esquerda,Brasil A,Brasil B,B,1,2024,2024,2025,2025,1,2025,Vasco da Gama,Athletico Paranaense,Léo - Vasco da Gama - Brasil A,Léo - Athletico Paranaense - Brasil B,3034,2411,30.0,27.0,0,0,900,900,0,0,0,0,-0.7216,0.8143,1.536,19.6,85.0,30.0,30.0,0.0,0.0,medida (113 pares),medida (111 pares),28.0,29.0,1.0,0,0,-0.0776,0.0,1.6136,-0.1257,0.94,única; único,única; único,73,72,0,9.88,10.68,19.86,39.58,19.72,1.99,2.35,0.68,2.08,1.4,0.24,0.04,43.84,15.97,-27.87,0.24,0.04,92.47,75.69,-16.78,0.21,0.22,14.38,19.44,5.06,7.18,6.83,52.74,38.19,-14.55,25.63,30.65,33.56,68.75,35.19,0.24,0.26,8.9,11.11,2.21,0.05,0.02,61.64,18.75,-42.89,0.03,0.04,44.52,53.47,8.95,37.7,43.23,28.08,65.97,37.89,7.53,6.2,34.25,13.19,-21.06,90.01,88.69,65.07,75.69,10.62,63.96,63.99,76.71,77.08,0.37,59.7,53.97,50.0,20.14,-29.86,69.77,68.8,66.44,74.31,7.87,75.0,0.0,61.64,9.72,-51.92,28.57,16.67,38.36,21.53,-16.83,0.0,16.667,23.97,78.47,54.5,50.0,33.33,82.88,58.33,-24.55,76.45,74.32,74.66,78.47,3.81,73.08,67.26,47.26,47.92,0.66,22,1
J08-0097,Gustavo Henrique,gustavo henrique,ZAG,ZAG,0,Zagueiro - Direita,Zagueiro - Direita,Brasil B,Brasil C,C,1,2024,2024,2025,2025,1,2025,CRB,Caxias,Gustavo Henrique - CRB - Brasil B,Gustavo Henrique - Caxias - Brasil C,1532,245,20.0,4.0,1,0,900,616,1,0,0,0,-1.0059,0.5159,1.522,19.6,76.6,26.0,26.0,0.0,0.0,medida (76 pares),medida (70 pares),24.0,25.0,1.0,0,0,0.0152,0.0,1.5068,-0.2223,0.7382,única; único,única; único,69,52,0,10.99,15.06,47.1,84.62,37.52,3.7,7.35,30.43,98.08,67.65,0.41,0.73,82.61,96.15,13.54,0.0,0.0,18.84,33.65,14.81,0.23,0.0,27.54,2.88,-24.66,8.81,8.82,74.64,82.69,8.05,34.37,36.73,87.68,94.23,6.55,0.35,0.0,24.64,0.96,-23.68,0.03,0.0,27.54,3.85,-23.69,0.06,0.0,86.96,25.0,-61.96,50.17,58.78,92.03,98.08,6.05,8.34,11.39,63.77,94.23,30.46,88.17,89.38,65.94,86.54,20.6,61.5,51.22,41.3,3.85,-37.45,66.67,35.0,74.64,1.92,-72.72,58.54,78.57,9.42,98.08,88.66,71.43,50.0,60.14,39.42,-20.72,100.0,0.0,98.55,8.65,-89.9,0.0,0.0,20.29,25.96,5.67,0.0,0.0,23.19,30.77,7.58,67.33,70.83,35.51,58.65,23.14,73.0,72.22,76.09,76.92,0.83,22,1
J08-0098,Gustavo Henrique,gustavo henrique,ZAG,ZAG,0,Zagueiro - Esquerda,Zagueiro - Esquerda,Espanha B,Brasil A,A,0,2023,2023,2024,2024,1,2024,Real Valladolid,Corinthians,Gustavo Henrique - Real Valladolid - Espanha B,Gustavo Henrique - Corinthians - Brasil A,781,1669,12.0,18.0,0,1,474,900,0,0,0,0,0.1161,-0.4243,-0.54,58.8,32.6,30.0,33.0,3.0,0.0,medida (64 pares),medida (113 pares),30.0,31.0,1.0,0,0,0.0066,-0.0405,-0.5466,0.1591,-0.5834,única; único,única; único,66,73,0,13.71,10.08,55.3,23.97,-31.33,6.91,4.26,99.24,63.7,-35.54,0.12,0.11,28.03,19.18,-8.85,0.0,0.0,13.64,20.55,6.91,0.46,0.38,81.82,48.63,-33.19,8.3,4.64,65.91,6.16,-59.75,37.57,26.69,88.64,40.41,-48.23,0.46,0.49,55.3,48.63,-6.67,0.09,0.02,96.21,14.38,-81.83,0.0,0.05,29.55,62.33,32.78,53.47,39.85,90.15,45.89,-44.26,7.03,6.74,8.33,12.33,4.0,93.32,91.34,97.73,81.51,-16.22,60.5,66.84,41.67,89.73,48.06,66.67,63.29,91.67,63.7,-27.97,61.11,72.46,8.33,82.88,74.55,0.0,100.0,11.36,89.73,78.37,25.0,57.14,57.58,89.73,32.15,25.0,14.286,86.36,68.49,-17.87,0.0,50.0,32.58,82.88,50.3,81.94,72.09,96.21,52.74,-43.47,81.67,64.44,96.21,17.12,-79.09,22,1
J08-0099,Bressan,bressan,ZAG,ZAG,0,Zagueiro - Esquerda,Zagueiro - Direita,Grecia,Brasil B,B,0,2025,2025,jun26,2026,1,2026,OFI,CRB,Bressan - OFI - Grecia,Bressan - CRB - Brasil B,937,432,13.0,6.0,1,0,853,284,0,0,1,0,-0.2199,0.9797,1.2,43.3,81.1,33.0,33.0,0.0,0.0,medida (87 pares),referência,32.0,33.0,1.0,0,0,-0.0748,0.0,1.2748,0.0449,0.9348,única; único,única; único,51,67,0,9.41,7.29,18.63,6.72,-11.91,3.07,2.5,30.39,12.69,-17.7,0.0,0.21,3.92,59.7,55.78,0.0,0.0,26.47,41.79,15.32,0.1,0.42,5.88,64.93,59.05,8.84,9.58,77.45,90.3,12.85,19.4,34.79,16.67,85.82,69.15,0.1,0.21,1.96,17.16,15.2,0.01,0.02,11.76,26.87,15.11,0.0,0.0,24.51,38.06,13.55,33.04,47.92,22.55,85.07,62.52,8.07,3.54,53.92,0.75,-53.17,78.2,86.09,4.9,32.09,27.19,53.06,40.0,6.86,0.75,-6.11,62.5,58.33,71.57,47.76,-23.81,56.41,26.67,6.86,0.75,-6.11,0.0,0.0,6.86,23.88,17.02,100.0,50.0,99.02,73.88,-25.14,100.0,0.0,99.02,44.03,-54.99,0.0,0.0,27.45,35.82,8.37,50.0,71.74,2.94,52.99,50.05,66.67,51.61,58.82,8.21,-50.61,22,1
J08-0100,Rayan,rayan,ZAG,ZAG,0,Zagueiro - Esquerda,Zagueiro - Direita,Brasil B,Brasil C,C,1,2023,2023,2024,2024,1,2024,Criciúma,Londrina,Rayan - Criciúma - Brasil B,Rayan - Londrina - Brasil C,902,675,12.0,9.0,1,0,900,592,0,0,0,0,-0.4985,0.3705,0.869,23.5,59.6,33.0,36.0,2.0,0.0,medida (60 pares),medida (53 pares),32.0,34.0,2.0,1,0,-0.3128,-0.4726,1.1818,-0.0498,0.4203,única; único,única; único,70,57,0,11.18,11.73,36.43,53.51,17.08,4.19,6.0,30.71,92.11,61.4,0.3,0.0,46.43,8.77,-37.66,0.1,0.0,61.43,34.21,-27.22,0.4,0.27,55.0,43.86,-11.14,5.99,6.67,23.57,35.96,12.39,24.45,13.33,33.57,0.88,-32.69,0.5,0.4,44.29,51.75,7.46,0.04,0.02,43.57,40.35,-3.22,0.0,0.0,22.86,28.95,6.09,39.01,24.27,40.71,2.63,-38.08,6.49,6.4,9.29,11.4,2.11,87.98,76.92,62.14,4.39,-57.75,54.46,62.5,7.86,67.54,59.68,54.76,62.22,25.71,59.65,33.94,55.88,70.0,3.57,65.79,62.22,66.67,0.0,51.43,13.16,-38.27,50.0,0.0,88.57,19.3,-69.27,0.0,0.0,31.43,34.21,2.78,66.67,100.0,90.0,95.61,5.61,73.33,80.0,72.14,93.86,21.72,60.87,53.49,33.57,14.91,-18.66,22,1
J08-0101,Lucas Ribeiro,lucas ribeiro,ZAG,ZAG,0,Zagueiro - Esquerda,Zagueiro - Esquerda,Brasil A,Brasil B,B,1,2022,2022,2024,2024,2,2024,Ceará,Goiás,Lucas Ribeiro - Ceará - Brasil A,Lucas Ribeiro - Goiás - Brasil B,575,2850,9.0,30.0,0,1,900,900,0,1,0,0,0.721,-0.331,-1.052,77.1,33.3,27.0,27.0,0.0,0.0,medida (79 pares),medida (76 pares),23.0,25.0,2.0,0,0,0.0304,0.0,-1.0824,0.2436,-0.5746,única; único,única; único,67,69,0,12.21,13.8,59.7,84.78,25.08,3.29,2.56,17.91,3.62,-14.29,1.25,0.6,100.0,92.03,-7.97,0.0,0.13,13.43,86.23,72.8,0.31,0.16,41.79,10.14,-31.65,6.73,6.73,50.75,41.3,-9.45,25.83,22.8,44.03,29.71,-14.32,0.47,0.19,50.75,3.62,-47.13,0.13,0.07,95.52,76.09,-19.43,0.0,0.0,25.37,28.99,3.62,40.07,36.16,47.76,34.06,-13.7,5.01,6.79,0.0,21.01,21.01,91.8,89.0,86.57,73.19,-13.38,57.69,60.18,26.87,34.06,7.19,52.38,61.73,28.36,44.2,15.84,62.96,64.62,31.34,36.96,5.62,62.5,63.16,36.57,44.2,7.63,50.0,80.0,84.33,96.38,12.05,50.0,60.0,98.51,99.28,0.77,0.0,33.33,23.13,58.7,35.57,76.74,75.59,71.64,80.43,8.79,86.96,76.06,100.0,92.03,-7.97,22,1
J08-0102,David Braz,david braz,ZAG,ZAG,0,Zagueiro - Esquerda,Zagueiro - Direita,Brasil A,Brasil B,B,1,2023,2023,2024,2024,1,2024,Fluminense,Goiás,David Braz - Fluminense - Brasil A,David Braz - Goiás - Brasil B,1031,1744,18.0,21.0,0,0,900,900,0,0,0,0,0.5896,0.2493,-0.34,74.4,66.7,39.0,39.0,0.0,0.0,medida (82 pares),medida (76 pares),36.0,37.0,1.0,0,0,-0.0388,0.0,-0.3012,0.32,-0.0707,única; único,única; único,74,69,0,14.05,9.44,81.76,16.67,-65.09,5.41,3.25,92.57,22.46,-70.11,0.7,0.41,79.73,82.61,2.88,0.26,0.05,84.46,55.07,-29.39,0.79,0.62,97.97,92.03,-5.94,8.99,8.72,88.51,71.74,-16.77,38.93,32.72,84.46,77.54,-6.92,0.44,0.62,45.95,78.26,32.31,0.07,0.1,78.38,93.48,15.1,0.0,0.05,20.27,81.16,60.89,52.81,46.24,84.46,71.74,-12.72,8.03,7.17,56.76,34.06,-22.7,89.92,86.38,68.92,41.3,-27.62,58.39,60.66,39.86,36.96,-2.9,58.06,57.14,56.76,28.26,-28.5,63.46,71.05,43.92,65.94,22.02,50.0,62.5,27.03,42.03,15.0,33.33,25.0,49.32,32.61,-16.71,0.0,0.0,27.03,20.29,-6.74,0.0,25.0,21.62,52.17,30.55,68.93,70.41,35.81,54.35,18.54,73.33,70.73,65.54,68.84,3.3,22,1
J08-0103,Eduardo Brock,eduardo brock,ZAG,ZAG,0,Zagueiro - Esquerda,Zagueiro - Esquerda,Paraguai,Brasil B,B,0,2023,2023,2025,2025,2,2025,Cerro Porteño,Avaí,Eduardo Brock - Cerro Porteño - Paraguai,Eduardo Brock - Avaí - Brasil B,1955,3698,25.0,37.0,0,0,900,900,0,0,0,0,1.9172,1.576,-0.341,88.0,95.0,32.0,35.0,3.0,0.0,medida (48 pares),medida (111 pares),32.0,34.0,2.0,0,0,-0.3128,-0.3226,-0.0282,0.3818,1.1942,única; único,única; único,49,72,0,16.89,10.93,56.12,44.44,-11.68,5.55,2.85,31.63,10.42,-21.21,0.34,0.17,39.8,45.83,6.03,0.05,0.0,25.51,34.03,8.52,0.29,0.32,35.71,42.36,6.65,11.58,12.49,96.94,99.31,2.37,30.5,34.12,82.65,86.81,4.16,0.39,0.34,30.61,26.39,-4.22,0.02,0.02,19.39,18.75,-0.64,0.0,0.07,19.39,70.14,50.75,47.82,49.26,82.65,86.81,4.16,10.86,9.27,85.71,95.14,9.43,84.46,82.07,72.45,11.11,-61.34,65.14,67.48,90.82,93.75,2.93,60.0,68.38,68.37,88.19,19.82,73.29,70.87,72.45,82.64,10.19,42.86,71.43,15.31,62.5,47.19,33.33,15.38,59.18,18.06,-41.12,0.0,7.692,29.59,56.94,27.35,0.0,33.33,12.24,58.33,46.09,68.75,74.85,56.12,81.25,25.13,69.54,64.6,74.49,36.81,-37.68,22,1
J08-0104,Thiago Galhardo,thiago galhardo,ATA,ATA,0,Atacante,Atacante,Brasil A,Brasil B,B,1,2023,2023,2024,2024,1,2024,Fortaleza,Goiás,Thiago Galhardo - Fortaleza - Brasil A,Thiago Galhardo - Goiás - Brasil B,2131,1818,33.0,23.0,0,0,900,900,0,0,0,0,-1.1194,1.6453,2.765,15.9,85.2,36.0,36.0,0.0,0.0,medida (82 pares),medida (76 pares),33.0,34.0,1.0,0,0,-0.2795,0.0,3.0445,-0.0785,1.7238,única; único,única; único,41,45,0,17.19,15.84,31.71,23.33,-8.38,4.48,2.82,45.12,21.11,-24.01,2.7,1.98,57.32,61.11,3.79,0.34,0.45,47.56,96.67,49.11,2.45,2.03,69.51,65.56,-3.95,2.87,2.28,79.27,70.0,-9.27,14.32,14.16,71.95,70.0,-1.95,3.17,2.43,46.34,36.67,-9.67,0.37,0.33,57.32,68.89,11.57,0.51,0.25,76.83,52.22,-24.61,20.02,18.27,67.07,63.33,-3.74,3.25,2.77,51.22,34.44,-16.78,73.63,73.17,20.73,25.56,4.83,37.35,33.13,52.44,34.44,-18.0,28.3,21.05,20.73,14.44,-6.29,50.0,53.06,42.68,47.78,5.1,62.5,45.0,91.46,52.22,-39.24,36.21,56.1,13.41,96.67,83.26,8.621,12.195,13.41,45.56,32.15,47.06,26.67,89.02,43.33,-45.69,77.94,84.78,64.63,90.0,25.37,60.0,61.54,20.73,36.67,15.94,22,1
J08-0105,Vágner Love,vagner love,ATA,ATA,0,Atacante,Atacante,Brasil B,Brasil C,C,1,2024,2024,2025,2025,1,2025,Avaí,Retrô,Vágner Love - Avaí - Brasil B,Vágner Love - Retrô - Brasil C,1649,652,24.0,8.0,1,0,900,616,0,0,0,0,0.7607,-0.2587,-1.019,71.6,42.3,42.0,42.0,0.0,0.0,medida (76 pares),medida (70 pares),40.0,41.0,1.0,0,0,0.0,0.0,-1.019,0.4554,-0.7141,única; único,única; único,45,28,0,15.39,18.77,12.22,37.5,25.28,4.04,7.04,36.67,55.36,18.69,1.8,1.24,58.89,53.57,-5.32,0.27,0.14,66.67,48.21,-18.46,1.47,1.52,17.78,23.21,5.43,2.73,1.1,74.44,37.5,-36.94,14.14,9.94,67.78,69.64,1.86,2.51,3.04,42.22,62.5,20.28,0.23,0.24,30.0,37.5,7.5,0.27,0.41,54.44,80.36,25.92,18.72,14.77,67.78,55.36,-12.42,3.82,2.76,67.78,33.93,-33.85,76.09,66.36,34.44,8.93,-25.51,36.88,32.35,52.22,26.79,-25.43,37.84,31.37,81.11,41.07,-40.04,59.57,27.27,85.56,1.79,-83.77,33.33,55.56,13.33,73.21,59.88,22.22,18.18,7.78,8.93,1.15,11.111,9.091,36.67,32.14,-4.53,50.0,0.0,88.89,16.07,-72.82,88.0,50.0,96.67,8.93,-87.74,58.7,50.0,25.56,19.64,-5.92,22,1
J08-0106,João Pedro,joao pedro,ATA,ATA,0,Atacante,Atacante,Grecia,Brasil B,B,0,2024,2024,2025,2025,1,2025,Panetolikos FC,Remo,João Pedro - Panetolikos FC - Grecia,João Pedro - Remo - Brasil B,1351,946,26.0,13.0,0,0,616,900,0,0,0,0,0.5217,-0.1654,-0.687,65.5,43.3,27.0,29.0,2.0,0.0,medida (50 pares),medida (111 pares),27.0,28.0,1.0,0,0,-0.2574,-0.2862,-0.4296,0.3876,-0.553,única; único,única; homônimo resolvido pelo clube,32,44,0,19.79,18.46,23.44,44.32,20.88,6.53,5.9,67.19,53.41,-13.78,0.73,0.57,10.94,7.95,-2.99,0.27,0.0,48.44,11.36,-37.08,2.13,1.24,54.69,5.68,-49.01,1.93,1.43,76.56,62.5,-14.06,10.26,8.37,45.31,28.41,-16.9,3.73,2.57,60.94,23.86,-37.08,0.44,0.29,56.25,38.64,-17.61,0.33,0.19,67.19,42.05,-25.14,16.99,11.8,57.81,23.86,-33.95,2.93,2.66,35.94,30.68,-5.26,72.94,71.77,29.69,25.0,-4.69,33.67,35.05,28.12,37.5,9.38,36.73,30.65,57.81,44.32,-13.49,56.0,62.5,76.56,89.77,13.21,45.45,33.33,35.94,11.36,-24.58,34.38,46.15,26.56,80.68,54.12,12.5,30.769,37.5,96.59,59.09,40.0,0.0,79.69,6.82,-72.87,68.97,66.67,42.19,40.91,-1.28,59.38,50.0,32.81,20.45,-12.36,22,1
J08-0107,João Pedro,joao pedro,ATA,ATA,0,Atacante,Atacante,Portugal C,Brasil C,C,0,2025,2025,jun26,2026,1,2026,Vilaverdense,Brusque,João Pedro - Vilaverdense - Portugal C,João Pedro - Brusque - Brasil C,1293,419,17.0,6.0,1,0,758,213,0,0,1,0,-1.7399,0.5915,2.331,2.4,70.5,23.0,26.0,0.0,0.0,medida (101 pares),referência,22.0,26.0,4.0,3,1,0.1034,0.0595,2.2276,-0.2547,0.8462,única; único,única; homônimo resolvido pelo clube,49,44,0,23.81,22.98,60.2,73.86,13.66,12.32,3.22,98.98,21.59,-77.39,0.56,2.79,5.1,85.23,80.13,0.0,0.21,9.18,64.77,55.59,1.25,1.93,13.27,52.27,39.0,1.39,5.37,23.47,92.05,68.58,5.29,18.9,3.06,82.95,79.89,1.74,2.79,15.31,62.5,47.19,0.3,0.25,59.18,55.68,-3.5,0.0,0.21,3.06,38.64,35.58,9.47,26.42,3.06,85.23,82.17,5.08,8.81,64.29,98.86,34.57,68.38,74.8,23.47,46.59,23.12,40.94,50.47,66.33,94.32,27.99,46.33,26.67,94.9,42.05,-52.85,51.92,72.22,37.76,94.32,56.56,37.5,53.85,17.35,62.5,45.15,44.44,33.33,62.24,29.55,-32.69,22.222,22.222,86.73,71.59,-15.14,0.0,33.33,5.1,65.91,60.81,45.0,72.0,7.14,53.41,46.27,55.56,80.0,33.67,82.95,49.28,22,0
J08-0108,André Luis,andre luis,ATA,ATA,0,Atacante,Atacante,Portugal A,Brasil B,B,0,2024,2024,2025,2025,1,2025,Moreirense,Vila Nova,André Luis - Moreirense - Portugal A,André Luis - Vila Nova - Brasil B,1463,1267,15.0,23.0,0,0,568,900,0,0,0,0,-0.7617,1.052,1.814,18.8,77.6,29.0,29.0,2.0,0.0,medida (44 pares),medida (111 pares),29.0,28.0,-1.0,-2,1,0.2574,0.0,1.5566,0.0231,1.0289,única; único,única; único,35,44,0,24.11,17.4,70.0,35.23,-34.77,10.33,3.62,92.86,21.59,-71.27,0.92,1.63,4.29,56.82,52.53,0.25,0.28,34.29,89.77,55.48,1.66,1.07,27.14,1.14,-26.0,1.66,2.34,64.29,88.64,24.35,10.27,10.23,55.71,62.5,6.79,2.52,2.56,18.57,21.59,3.02,0.22,0.12,18.57,3.41,-15.16,0.31,0.64,60.0,98.86,38.86,15.01,16.91,50.0,76.14,26.14,4.55,3.98,78.57,76.14,-2.43,70.08,72.27,27.14,30.68,3.54,40.56,40.41,87.14,76.14,-11.0,46.43,19.61,90.0,5.68,-84.32,62.26,63.83,90.0,92.05,2.05,33.33,56.52,12.86,69.32,56.46,29.63,33.33,15.71,18.18,2.47,22.222,6.667,77.14,12.5,-64.64,0.0,50.0,10.0,98.86,88.86,66.67,75.76,45.71,78.41,32.7,56.25,68.42,41.43,71.59,30.16,22,0
J08-0109,Jonas Toró,jonas toro,ATA,ATA,0,Atacante,Atacante,Brasil B,Brasil C,C,1,2024,2024,2025,2025,1,2025,Botafogo SP,Ponte Preta,Jonas Toró - Botafogo SP - Brasil B,Jonas Toró - Ponte Preta - Brasil C,767,1419,18.0,22.0,0,1,900,616,0,1,0,0,-0.6745,0.0737,0.748,19.8,53.5,27.0,27.0,0.0,0.0,medida (76 pares),medida (70 pares),25.0,26.0,1.0,0,0,-0.0645,0.0,0.8125,0.0478,0.0259,única; único,única; único,45,28,0,23.47,20.17,86.67,44.64,-42.03,3.05,3.23,22.22,16.07,-6.15,3.29,2.66,88.89,87.5,-1.39,0.59,0.19,100.0,64.29,-35.71,0.94,2.22,2.22,80.36,78.14,2.35,2.35,71.11,87.5,16.39,15.72,12.94,73.33,87.5,14.17,2.35,2.92,28.89,58.93,30.04,0.06,0.22,0.0,14.29,14.29,0.59,0.06,93.33,16.07,-77.26,23.12,18.9,73.33,87.5,14.17,4.11,3.81,71.11,76.79,5.68,75.63,79.19,33.33,80.36,47.03,35.5,38.05,44.44,83.93,39.49,11.54,25.49,0.0,19.64,19.64,53.49,56.52,51.11,69.64,18.53,64.29,54.76,88.89,69.64,-19.25,37.5,42.86,48.89,66.07,17.18,12.5,20.0,48.89,75.0,26.11,37.5,35.0,72.22,80.36,8.14,70.0,70.27,30.0,69.64,39.64,58.82,41.18,26.67,8.93,-17.74,22,1
J08-0110,Felipe Vizeu,felipe vizeu,ATA,ATA,0,Atacante,Atacante,Brasil B,Brasil A,A,1,2023,2023,2024,2024,1,2024,Criciúma,Criciúma,Felipe Vizeu - Criciúma - Brasil B,Felipe Vizeu - Criciúma - Brasil A,1813,532,27.0,17.0,1,0,900,900,1,0,0,0,-0.6745,-0.3844,0.29,28.6,34.8,26.0,29.0,2.0,0.0,medida (60 pares),medida (113 pares),25.0,27.0,2.0,1,0,-0.129,-0.3425,0.419,0.0478,-0.4322,única; único,única; único,49,49,0,21.1,17.59,45.92,34.69,-11.23,5.86,5.08,52.04,53.06,1.02,2.43,2.37,58.16,69.39,11.23,0.2,0.17,35.71,50.0,14.29,1.64,1.18,33.67,8.16,-25.51,1.24,1.35,27.55,28.57,1.02,12.46,12.35,60.2,65.31,5.11,3.28,2.2,87.76,18.37,-69.39,0.2,0.31,21.43,60.2,38.77,0.25,0.17,42.86,22.45,-20.41,16.08,17.42,45.92,65.31,19.39,2.58,2.54,13.27,12.24,-1.03,82.72,77.67,86.73,57.14,-29.59,33.41,34.62,25.51,31.63,6.12,33.05,20.0,60.2,6.12,-54.08,44.23,53.33,11.22,46.94,35.72,59.18,50.0,80.61,54.08,-26.53,39.39,42.86,39.8,50.0,10.2,18.182,28.571,75.51,97.96,22.45,42.86,0.0,84.69,3.06,-81.63,76.0,62.5,56.12,27.55,-28.57,61.76,66.67,33.67,42.86,9.19,22,1
J08-0111,Felipe Vizeu,felipe vizeu,ATA,ATA,0,Atacante,Atacante,Brasil A,Brasil B,B,1,2024,2024,2025,2025,1,2025,Criciúma,Remo,Felipe Vizeu - Criciúma - Brasil A,Felipe Vizeu - Remo - Brasil B,532,754,17.0,13.0,1,1,900,900,1,1,0,0,-0.3844,-1.4915,-1.107,34.8,3.0,29.0,29.0,0.0,0.0,medida (113 pares),medida (111 pares),27.0,28.0,1.0,0,0,-0.2574,0.0,-0.8496,0.1302,-1.6217,única; único,única; único,49,44,0,17.59,15.76,34.69,20.45,-14.24,5.08,5.25,53.06,43.18,-9.88,2.37,0.95,69.39,29.55,-39.84,0.17,0.24,50.0,86.36,36.36,1.18,1.31,8.16,10.23,2.07,1.35,1.67,28.57,71.59,43.02,12.35,7.88,65.31,20.45,-44.86,2.2,1.79,18.37,6.82,-11.55,0.31,0.26,60.2,23.86,-36.34,0.17,0.0,22.45,3.41,-19.04,17.42,11.46,65.31,22.73,-42.58,2.54,2.51,12.24,20.45,8.21,77.67,78.13,57.14,79.55,22.41,34.62,26.52,31.63,0.0,-31.63,20.0,20.45,6.12,9.09,2.97,53.33,60.0,46.94,79.55,32.61,50.0,37.5,54.08,18.18,-35.9,42.86,45.45,50.0,79.55,29.55,28.571,9.091,97.96,20.45,-77.51,0.0,100.0,3.06,100.0,96.94,62.5,64.29,27.55,34.09,6.54,66.67,66.67,42.86,69.32,26.46,22,1
J08-0112,Daniel Amorim,daniel amorim,ATA,ATA,0,Atacante,Atacante,Brasil C,Brasil B,B,1,2024,2024,2025,2025,1,2025,Londrina,Operário PR,Daniel Amorim - Londrina - Brasil C,Daniel Amorim - Operário PR - Brasil B,1481,1160,17.0,23.0,0,0,592,900,0,0,0,0,1.9396,-0.8426,-2.782,96.8,16.4,36.0,36.0,0.0,0.0,medida (53 pares),medida (111 pares),34.0,35.0,1.0,0,0,-0.2795,0.0,-2.5025,0.7902,-1.6328,única; único,única; único,36,44,0,21.88,25.53,65.28,98.86,33.58,9.97,10.94,81.94,98.86,16.92,0.97,0.62,23.61,10.23,-13.38,0.18,0.08,73.61,36.36,-37.25,2.43,2.02,79.17,55.68,-23.49,1.09,0.54,23.61,7.95,-15.66,6.99,8.61,18.06,42.05,23.99,3.4,2.95,86.11,56.82,-29.29,0.43,0.42,81.94,93.18,11.24,0.24,0.08,48.61,12.5,-36.11,10.15,13.5,9.72,48.86,39.14,2.25,3.41,13.89,67.05,53.16,71.86,72.99,12.5,42.05,29.55,34.17,27.36,31.94,1.14,-30.8,39.02,29.79,73.61,35.23,-38.38,54.55,63.89,45.83,94.32,48.49,37.5,25.0,19.44,3.41,-16.03,42.5,42.31,51.39,62.5,11.11,12.5,26.923,27.78,94.32,66.54,30.0,33.33,70.83,82.95,12.12,72.22,57.14,55.56,14.77,-40.79,55.0,50.0,23.61,20.45,-3.16,22,1
J08-0113,Renato,renato,EXT,EXT,0,Extremo - Esquerda,Extremo - Esquerda,Brasil B,Brasil C,C,1,2023,2023,jun26,2026,3,2026,CRB,Santa Cruz,Renato - CRB - Brasil B,Renato - Santa Cruz - Brasil C,2306,368,30.0,6.0,1,0,900,213,0,0,1,0,-0.4313,0.0221,0.453,31.0,56.0,33.0,36.0,2.0,0.0,medida (60 pares),referência,32.0,36.0,4.0,1,0,-0.1695,-0.4228,0.6225,0.3637,-0.3416,única; homônimo resolvido pelo clube,única; único,57,50,0,16.51,11.49,14.91,1.0,-13.91,4.53,2.2,86.84,45.0,-41.84,2.42,0.73,14.91,3.0,-11.91,0.35,0.0,13.16,16.0,2.84,1.99,0.49,57.02,7.0,-50.02,2.77,3.18,28.95,35.0,6.05,13.89,15.9,14.91,47.0,32.09,2.5,1.71,51.75,29.0,-22.75,0.22,0.05,78.07,11.0,-67.07,0.43,0.0,46.49,15.0,-31.49,18.27,19.08,13.16,17.0,3.84,4.45,3.91,30.7,29.0,-1.7,72.86,67.95,28.95,13.0,-15.95,40.9,38.3,28.95,19.0,-9.95,31.03,44.44,51.75,77.0,25.25,49.43,40.0,20.18,11.0,-9.18,61.29,33.33,81.58,7.0,-74.58,35.29,0.0,61.4,3.0,-58.4,13.725,0.0,88.6,25.0,-63.6,25.58,11.11,21.93,15.0,-6.93,57.75,53.85,2.63,15.0,12.37,54.84,50.0,7.89,24.0,16.11,22,1
J08-0114,Chico Kim,chico kim,EXT,EXT,0,Extremo - Esquerda,Extremo - Direita,Brasil A,Brasil B,B,1,2022,2022,2024,2024,2,2024,Juventude,Mirassol,Chico Kim - Juventude - Brasil A,Chico Kim - Mirassol - Brasil B,2340,1897,33.0,36.0,0,0,900,900,0,0,0,0,-0.0437,0.8263,0.87,50.0,86.4,35.0,35.0,0.0,0.0,medida (79 pares),medida (76 pares),31.0,33.0,2.0,0,0,-0.7966,0.0,1.6666,0.3445,0.4818,única; único,única; único,62,60,0,21.27,18.84,45.97,29.17,-16.8,3.08,2.89,70.16,72.5,2.34,3.0,2.37,15.32,13.33,-1.99,1.0,0.62,39.52,74.17,34.65,1.27,1.19,16.13,12.5,-3.63,6.96,4.18,97.58,70.83,-26.75,23.96,21.02,81.45,72.5,-8.95,0.73,1.47,2.42,12.5,10.08,0.08,0.07,4.84,7.5,2.66,0.31,0.28,20.97,39.17,18.2,33.31,27.19,79.84,67.5,-12.34,7.08,6.97,81.45,89.17,7.72,80.14,78.71,70.16,65.83,-4.33,43.58,46.85,52.42,76.67,24.25,36.25,36.07,65.32,70.83,5.51,49.19,63.2,12.1,80.83,68.73,42.31,50.0,15.32,28.33,13.01,39.39,24.0,73.39,9.17,-64.22,3.03,4.0,7.26,15.83,8.57,32.69,27.78,63.71,30.83,-32.88,76.8,70.45,45.97,25.83,-20.14,75.69,73.02,66.94,55.83,-11.11,22,1
J08-0115,William Pottker,william pottker,EXT,EXT,0,Extremo - Direita,Extremo - Direita,Brasil A,Brasil B,B,1,2022,2022,2024,2024,2,2024,Avaí,Avaí,William Pottker - Avaí - Brasil A,William Pottker - Avaí - Brasil B,2163,1046,27.0,23.0,0,0,900,900,0,0,0,0,-0.6742,0.3186,0.993,30.2,72.7,32.0,32.0,0.0,0.0,medida (79 pares),medida (76 pares),28.0,30.0,2.0,0,0,-0.0814,0.0,1.0744,0.2224,0.0962,única; único,única; único,62,60,0,26.5,25.21,83.06,90.83,7.77,3.45,3.44,73.39,87.5,14.11,5.7,5.76,69.35,83.33,13.98,1.46,1.2,66.94,97.5,30.56,1.54,1.63,40.32,40.83,0.51,3.7,3.27,45.16,42.5,-2.66,21.93,16.95,73.39,44.17,-29.22,3.12,2.15,72.58,39.17,-33.41,0.2,0.14,67.74,40.0,-27.74,0.75,0.26,91.13,33.33,-57.8,30.29,24.44,75.0,50.83,-24.17,4.79,5.33,28.23,59.17,30.94,78.98,76.76,58.87,49.17,-9.7,34.38,39.25,0.81,14.17,13.36,30.12,37.5,39.52,75.83,36.31,50.54,53.57,16.94,24.17,7.23,41.61,65.67,10.48,89.17,78.69,40.54,52.63,78.23,95.83,17.6,8.108,0.0,53.23,4.17,-49.06,35.94,31.25,75.0,50.0,-25.0,79.78,73.68,58.87,39.17,-19.7,54.0,71.43,10.48,52.5,42.02,22,1
J08-0116,Michael,michael,EXT,EXT,0,Extremo - Direita,Extremo - Esquerda,Arabia Saudita A,Brasil A,A,0,2024,2024,2025,2025,1,2025,Al Hilal,Flamengo,Michael - Al Hilal - Arabia Saudita A,Michael - Flamengo - Brasil A,1607,692,22.0,15.0,1,0,521,900,1,0,0,0,4.0,0.8273,-3.173,98.0,83.0,27.0,30.0,2.0,0.0,medida (65 pares),medida (156 pares),27.0,29.0,2.0,1,0,-0.1374,-0.1226,-3.0356,2.0051,-1.1778,única; único,única; único,49,57,0,22.63,14.7,90.82,12.28,-78.54,0.9,0.91,28.57,8.77,-19.8,8.29,6.37,94.9,89.47,-5.43,0.9,0.39,68.37,60.53,-7.84,1.23,1.82,27.55,56.14,28.59,4.76,3.77,75.51,50.88,-24.63,24.36,25.75,64.29,80.7,16.41,6.05,4.68,98.98,98.25,-0.73,0.2,0.24,50.0,82.46,32.46,0.78,0.91,86.73,98.25,11.52,29.63,29.91,60.2,69.3,9.1,5.49,3.38,69.39,10.53,-58.86,75.05,80.0,17.35,64.91,47.56,43.07,45.13,33.67,54.39,20.72,18.75,28.57,9.18,45.61,36.43,54.29,51.85,45.92,24.56,-21.36,51.35,57.14,37.76,57.02,19.26,54.55,42.86,84.69,85.96,1.27,4.545,7.143,23.47,33.33,9.86,22.89,40.0,25.51,85.96,60.45,90.59,86.21,96.94,94.74,-2.2,77.14,66.67,70.41,24.56,-45.85,22,1
J08-0117,Osvaldo,osvaldo,EXT,EXT,0,Extremo - Direita,Extremo - Esquerda,Brasil B,Brasil A,A,1,2023,2023,2024,2024,1,2024,Vitória,Vitória,Osvaldo - Vitória - Brasil B,Osvaldo - Vitória - Brasil A,2584,1156,31.0,19.0,0,0,900,900,0,0,0,0,1.2335,-0.5941,-1.828,89.3,23.9,36.0,39.0,2.0,0.0,medida (60 pares),medida (113 pares),35.0,37.0,2.0,1,0,-0.1036,-0.0154,-1.7244,0.7878,-1.3819,única; único,única; único,57,58,0,15.67,17.67,11.4,26.72,15.32,0.87,1.01,0.88,12.93,12.05,5.61,3.74,64.04,40.52,-23.52,0.77,0.16,43.86,7.76,-36.1,2.05,1.32,64.91,18.97,-45.94,4.46,4.9,70.18,73.28,3.1,22.15,16.66,86.84,19.83,-67.01,2.02,1.63,27.19,16.38,-10.81,0.15,0.18,46.49,59.48,12.99,0.56,0.16,76.32,2.59,-73.73,28.11,23.04,83.33,19.83,-63.5,3.48,5.22,7.89,49.14,41.25,78.07,75.0,60.53,16.38,-44.15,42.0,40.97,34.21,23.28,-10.93,12.0,23.08,2.63,16.38,13.75,54.55,62.12,55.26,75.0,19.74,49.69,39.58,25.44,4.31,-21.13,32.2,58.82,44.74,99.14,54.4,8.475,11.765,58.77,62.07,3.3,27.78,30.0,33.33,33.62,0.29,88.28,79.37,95.61,56.03,-39.58,72.34,77.14,67.54,69.83,2.29,22,1
J08-0118,Willian,willian,EXT,EXT,0,Extremo - Esquerda,Extremo - Esquerda,Grecia,Brasil B,B,0,2025,2025,jun26,2026,1,2026,Olympiacos Piraeus,América Mineiro,Willian - Olympiacos Piraeus - Grecia,Willian - América Mineiro - Brasil B,364,419,6.0,9.0,1,1,853,284,0,1,1,0,0.4927,-0.0802,-0.573,73.2,50.0,37.0,39.0,0.0,0.0,medida (87 pares),referência,36.0,39.0,3.0,2,1,-0.0518,0.0,-0.5212,0.4619,-0.5421,única; único,única; único,29,43,0,17.8,9.67,48.28,3.49,-44.79,1.24,1.72,13.79,52.33,38.54,5.93,0.86,86.21,3.49,-82.72,0.49,0.0,67.24,12.79,-54.45,1.98,2.15,62.07,65.12,3.05,7.66,2.15,100.0,22.09,-77.91,41.29,16.11,100.0,36.05,-63.95,2.23,4.73,17.24,98.84,81.6,0.08,0.26,12.07,80.23,68.16,0.49,0.64,55.17,82.56,27.39,51.68,18.47,100.0,17.44,-82.56,3.96,3.87,17.24,29.07,11.83,84.69,84.88,93.1,91.86,-1.24,44.44,42.22,37.93,38.37,0.44,40.0,12.5,79.31,15.12,-64.19,60.0,54.55,68.97,50.0,-18.97,50.0,50.0,24.14,33.72,9.58,25.0,10.0,5.17,3.49,-1.68,0.0,0.0,6.9,19.77,12.87,50.0,0.0,93.1,2.33,-90.77,93.55,100.0,100.0,97.67,-2.33,100.0,84.21,100.0,91.86,-8.14,22,0
J08-0119,Janderson,janderson,EXT,EXT,0,Extremo - Esquerda,Extremo - Direita,Brasil B,Brasil A,A,1,2023,2023,2024,2024,1,2024,Ceará,Atlético GO,Janderson - Ceará - Brasil B,Janderson - Atlético GO - Brasil A,1654,1087,33.0,20.0,0,0,900,900,0,0,0,0,0.1095,-0.728,-0.838,62.1,23.1,24.0,27.0,2.0,0.0,medida (60 pares),medida (113 pares),23.0,25.0,2.0,1,0,0.0612,-0.0241,-0.8992,0.2933,-1.0213,única; único,única; homônimo resolvido pelo clube,57,58,0,23.62,19.46,74.56,43.97,-30.59,1.47,1.32,11.4,19.83,8.43,8.76,4.8,93.86,64.66,-29.2,1.52,1.16,90.35,97.41,7.06,2.5,1.57,91.23,31.9,-59.33,4.46,4.64,70.18,62.93,-7.25,20.08,20.37,78.07,45.69,-32.38,2.61,2.32,60.53,38.79,-21.74,0.21,0.18,73.68,59.48,-14.2,0.76,0.25,95.61,20.69,-74.92,25.03,26.08,57.02,38.79,-18.23,4.3,4.31,24.56,21.55,-3.01,73.48,73.97,37.72,11.21,-26.51,44.01,42.98,60.53,47.41,-13.12,33.33,25.0,60.53,19.83,-40.7,47.42,55.07,11.4,28.45,17.05,50.93,50.0,32.46,30.17,-2.29,21.74,42.11,7.02,64.66,57.64,4.348,10.526,25.44,56.03,30.59,24.19,33.33,16.67,47.41,30.74,79.27,85.71,60.53,88.79,28.26,68.75,80.0,51.75,78.45,26.7,22,1
J08-0120,Janderson,janderson,EXT,EXT,0,Extremo - Direita,Extremo - Direita,Brasil A,Brasil B,B,1,2024,2024,2025,2025,1,2025,Atlético GO,Remo,Janderson - Atlético GO - Brasil A,Janderson - Remo - Brasil B,1087,1383,20.0,27.0,0,0,900,900,0,0,0,0,-0.728,0.9553,1.683,23.1,87.8,27.0,27.0,0.0,0.0,medida (113 pares),medida (111 pares),25.0,26.0,1.0,0,0,-0.0553,0.0,1.7383,-0.0752,1.0305,única; homônimo resolvido pelo clube,única; único,58,56,0,19.46,16.07,43.97,31.25,-12.72,1.32,2.28,19.83,55.36,35.53,4.8,2.67,64.66,36.61,-28.05,1.16,0.46,97.41,73.21,-24.2,1.57,1.17,31.9,11.61,-20.29,4.64,4.16,62.93,65.18,2.25,20.37,19.65,45.69,59.82,14.13,2.32,1.69,38.79,25.0,-13.79,0.18,0.1,59.48,14.29,-45.19,0.25,0.85,20.69,97.32,76.63,26.08,25.64,38.79,57.14,18.35,4.31,4.43,21.55,41.07,19.52,73.97,70.3,11.21,11.61,0.4,42.98,41.7,47.41,38.39,-9.02,25.0,22.86,19.83,16.96,-2.87,55.07,44.93,28.45,0.89,-27.56,50.0,58.54,30.17,63.39,33.22,42.11,38.89,64.66,76.79,12.13,10.526,0.0,56.03,5.36,-50.67,33.33,35.0,47.41,66.96,19.55,85.71,65.63,88.79,13.39,-75.4,80.0,63.89,78.45,40.18,-38.27,22,1
J08-0121,Wellington Silva,wellington silva,EXT,EXT,0,Extremo - Esquerda,Extremo - Esquerda,Brasil A,Brasil B,B,1,2023,2023,2024,2024,1,2024,Cuiabá,Sport Recife,Wellington Silva - Cuiabá - Brasil A,Wellington Silva - Sport Recife - Brasil B,1545,1041,29.0,21.0,0,0,900,900,0,0,0,0,-1.5508,-0.6571,0.894,4.5,27.5,33.0,33.0,0.0,0.0,medida (82 pares),medida (76 pares),30.0,31.0,1.0,0,0,-0.0127,0.0,0.9067,-0.4373,-0.2198,única; único,única; único,59,60,0,19.4,14.61,38.14,5.83,-32.31,1.34,1.64,25.42,24.17,-1.25,6.64,3.63,82.2,40.83,-41.37,1.28,0.17,68.64,16.67,-51.97,1.22,1.47,21.19,27.5,6.31,3.44,3.2,23.73,38.33,14.6,16.89,16.25,17.8,37.5,19.7,1.75,2.59,13.56,69.17,55.61,0.09,0.14,18.64,40.0,21.36,0.58,0.26,57.63,33.33,-24.3,23.18,23.43,14.41,42.5,28.09,4.54,4.24,21.19,30.83,9.64,79.4,73.8,48.31,30.0,-18.31,51.05,44.97,94.07,55.83,-38.24,39.13,26.32,63.56,40.83,-22.73,57.69,50.98,65.25,9.17,-56.08,60.53,50.0,80.51,28.33,-52.18,28.57,29.41,21.19,25.83,4.64,4.762,11.765,19.49,71.67,52.18,25.71,42.86,19.49,90.83,71.34,77.97,62.16,61.86,9.17,-52.69,75.0,69.57,61.86,47.5,-14.36,22,1
J08-0122,Iury,iury,LAT,LAT,0,Lateral Direito,Lateral Direito,Brasil B,Brasil C,C,1,2023,2023,2024,2024,1,2024,Ituano,Tombense,Iury - Ituano - Brasil B,Iury - Tombense - Brasil C,1428,551,19.0,9.0,1,0,900,592,1,0,0,0,0.8906,1.2646,0.374,75.0,88.9,31.0,33.0,2.0,0.0,medida (60 pares),medida (53 pares),30.0,31.0,1.0,0,0,-0.1028,-0.1312,0.4768,0.5092,0.7554,única; único,única; único,74,60,0,19.6,16.99,88.51,63.33,-25.18,3.59,4.41,68.92,93.33,24.41,0.82,0.65,8.78,8.33,-0.45,0.76,0.65,77.7,85.83,8.13,0.32,0.16,23.65,11.67,-11.98,10.78,12.58,93.92,98.33,4.41,26.47,37.4,61.49,98.33,36.84,0.69,0.49,62.84,48.33,-14.51,0.01,0.0,18.92,6.67,-12.25,0.44,0.49,83.11,83.33,0.22,38.45,47.7,75.0,100.0,25.0,11.97,10.13,97.97,78.33,-19.64,73.61,81.85,10.81,81.67,70.86,56.91,52.88,87.16,41.67,-45.49,54.39,48.15,65.54,50.0,-15.54,63.19,70.27,75.0,91.67,16.67,69.23,50.0,91.22,20.83,-70.39,0.0,0.0,8.11,13.33,5.22,0.0,0.0,32.43,31.67,-0.76,41.51,52.0,80.41,98.33,17.92,69.01,79.22,20.95,90.0,69.05,67.8,76.92,46.62,91.67,45.05,22,1
J08-0123,Cristovam,cristovam,LAT,LAT,0,Lateral Direito,Lateral Direito,Brasil B,Brasil C,C,1,2024,2024,2025,2025,1,2025,Brusque,Maringá,Cristovam - Brusque - Brasil B,Cristovam - Maringá - Brasil C,541,371,12.0,7.0,1,1,900,616,1,1,0,0,0.2583,0.5991,0.341,63.8,73.9,35.0,35.0,0.0,0.0,medida (76 pares),medida (70 pares),33.0,34.0,1.0,0,0,-0.1525,0.0,0.4935,0.2426,0.3565,única; único,única; único,63,47,0,22.96,15.53,96.83,65.96,-30.87,3.16,3.88,71.43,91.49,20.06,2.0,1.46,68.25,61.7,-6.55,0.33,0.0,69.84,8.51,-61.33,0.83,1.7,73.81,97.87,24.06,8.65,4.85,63.49,0.0,-63.49,26.95,12.37,60.32,0.0,-60.32,1.66,2.91,96.83,100.0,3.17,0.03,0.32,48.41,100.0,51.59,0.17,0.0,24.6,1.06,-23.54,36.27,23.05,50.79,2.13,-48.66,8.48,3.88,44.44,4.26,-40.18,84.86,74.74,96.83,36.17,-60.66,47.83,39.06,9.52,2.13,-7.39,42.11,25.0,26.98,5.32,-21.66,55.74,41.18,17.46,0.0,-17.46,58.33,50.0,52.38,31.91,-20.47,20.0,14.29,33.33,31.91,-1.42,20.0,0.0,97.62,35.11,-62.51,37.5,28.57,61.11,21.28,-39.83,76.92,80.0,77.78,87.23,9.45,82.86,55.56,98.41,14.89,-83.52,22,1
J08-0124,Khellven,khellven,LAT,LAT,0,Lateral Direito,Lateral Direito,Russia,Brasil A,A,0,2025,2025,jun26,2026,1,2026,CSKA Moskva,Palmeiras,Khellven - CSKA Moskva - Russia,Khellven - Palmeiras - Brasil A,1709,778,24.0,13.0,1,0,711,426,0,0,1,0,1.2964,0.5945,-0.702,80.0,78.3,25.0,25.0,0.0,0.0,medida (129 pares),referência,24.0,25.0,1.0,0,0,0.0243,0.0,-0.7263,0.6803,-0.0858,única; único,única; único,52,49,0,14.96,16.31,45.19,88.78,43.59,1.37,1.04,14.42,5.1,-9.32,2.48,1.5,86.54,61.22,-25.32,0.26,0.23,54.81,62.24,7.43,0.95,0.35,73.08,28.57,-44.51,7.27,7.63,40.38,72.45,32.07,26.38,28.69,72.12,64.29,-7.83,1.79,0.81,90.38,42.86,-47.52,0.11,0.0,89.42,5.1,-84.32,0.68,0.23,97.12,37.76,-59.36,36.07,37.94,58.65,66.33,7.68,8.11,10.06,41.35,92.86,51.51,77.08,75.91,52.88,23.47,-29.41,50.0,44.68,36.54,3.06,-33.48,26.92,44.44,8.65,39.8,31.15,64.89,51.22,64.42,7.14,-57.28,55.32,23.08,52.88,3.06,-49.82,50.0,0.0,95.19,10.2,-84.99,16.667,0.0,93.27,33.67,-59.6,36.21,28.57,50.96,28.57,-22.39,58.7,46.97,10.58,1.02,-9.56,58.33,60.61,22.12,17.35,-4.77,22,1
J08-0125,Weverton,weverton,LAT,LAT,0,Lateral Direito,Lateral Direito,Brasil B,Brasil C,C,1,2023,2023,2024,2024,1,2024,Ponte Preta,Ferroviária,Weverton - Ponte Preta - Brasil B,Weverton - Ferroviária - Brasil C,1427,747,21.0,12.0,1,0,900,592,0,0,0,0,0.1566,-1.2232,-1.38,55.6,15.6,24.0,27.0,2.0,0.0,medida (60 pares),medida (53 pares),23.0,25.0,2.0,1,0,0.0486,-0.0227,-1.4286,0.1997,-1.4229,única; único,única; único,74,60,0,10.85,10.6,0.68,4.17,3.49,2.4,2.53,27.03,45.83,18.8,1.2,0.6,23.65,5.83,-17.82,0.63,0.12,66.89,20.0,-46.89,0.32,0.36,23.65,20.83,-2.82,9.71,12.05,84.46,97.5,13.04,28.19,37.83,76.35,99.17,22.82,0.32,0.12,18.24,9.17,-9.07,0.01,0.0,18.92,6.67,-12.25,0.44,0.6,83.11,94.17,11.06,38.41,46.99,72.3,97.5,25.2,7.32,7.11,18.24,17.5,-0.74,76.52,82.05,22.3,82.5,60.2,45.35,47.73,3.38,12.5,9.12,36.84,38.1,6.08,20.83,14.75,57.53,57.89,30.41,27.5,-2.91,47.37,100.0,11.49,98.33,86.84,0.0,0.0,8.11,13.33,5.22,0.0,0.0,32.43,31.67,-0.76,42.47,60.0,84.46,99.17,14.71,72.08,80.0,43.92,92.5,48.58,65.48,73.44,30.41,84.17,53.76,22,1
J08-0126,Weverton,weverton,LAT,LAT,0,Lateral Direito,Lateral Direito,Brasil C,Brasil B,B,1,2024,2024,2025,2025,1,2025,Ferroviária,CRB,Weverton - Ferroviária - Brasil C,Weverton - CRB - Brasil B,747,1605,12.0,22.0,0,1,592,900,0,0,0,0,-1.2232,-0.259,0.964,15.6,38.6,27.0,27.0,0.0,0.0,medida (53 pares),medida (111 pares),25.0,26.0,1.0,0,0,-0.0817,0.0,1.0457,-0.382,0.123,única; único,única; homônimo resolvido pelo clube,60,68,0,10.6,9.53,4.17,6.62,2.45,2.53,0.73,45.83,0.74,-45.09,0.6,1.91,5.83,63.24,57.41,0.12,0.28,20.0,62.5,42.5,0.36,0.28,20.83,16.18,-4.65,12.05,11.05,97.5,94.85,-2.65,37.83,40.09,99.17,97.79,-1.38,0.12,0.62,9.17,35.29,26.12,0.0,0.01,6.67,18.38,11.71,0.6,0.39,94.17,59.56,-34.61,46.99,49.91,97.5,96.32,-1.18,7.11,6.0,17.5,12.5,-5.0,82.05,85.28,82.5,93.38,10.88,47.73,52.35,12.5,47.79,35.29,38.1,69.23,20.83,97.79,76.96,57.89,50.0,27.5,6.62,-20.88,100.0,61.76,98.33,68.38,-29.95,0.0,40.0,13.33,75.74,62.41,0.0,0.0,31.67,25.74,-5.93,60.0,41.18,99.17,77.94,-21.23,80.0,80.71,92.5,90.44,-2.06,73.44,86.0,84.17,97.79,13.62,22,1
J08-0127,Jefferson,jefferson,LAT,LAT,0,Lateral Esquerdo,Lateral Esquerdo,Brasil A,Brasil B,B,1,2022,2022,2023,2023,1,2023,Atlético GO,Atlético GO,Jefferson - Atlético GO - Brasil A,Jefferson - Atlético GO - Brasil B,2511,1052,34.0,13.0,0,0,900,900,0,0,0,0,0.5653,1.4219,0.857,68.2,84.2,29.0,26.0,0.0,2.0,medida (79 pares),medida (60 pares),25.0,25.0,0.0,-1,0,0.0,0.2081,0.857,0.372,1.0499,única; único,única; único,72,74,0,13.91,14.71,22.92,31.76,8.84,2.37,2.57,50.69,33.11,-17.58,0.9,0.77,14.58,7.43,-7.15,0.43,0.09,35.42,4.05,-31.37,0.65,0.51,63.89,45.27,-18.62,11.43,11.89,90.97,96.62,5.65,36.06,37.9,90.97,99.32,8.35,0.61,0.6,31.25,50.68,19.43,0.02,0.02,34.72,39.19,4.47,0.43,0.51,67.36,88.51,21.15,46.31,51.07,85.42,99.32,13.9,8.24,8.73,35.42,57.43,22.01,84.06,82.41,81.25,84.46,3.21,54.9,54.65,70.14,66.89,-3.25,53.03,53.33,68.75,56.08,-12.67,55.37,65.82,14.58,88.51,73.93,76.0,44.44,95.14,6.76,-88.38,16.67,0.0,30.56,8.11,-22.45,5.556,0.0,56.25,32.43,-23.82,44.0,36.11,85.42,54.73,-30.69,75.55,80.58,60.42,92.57,32.15,72.97,70.65,60.42,64.19,3.77,22,1
J08-0128,Bruno Melo,bruno melo,LAT,LAT,0,Lateral Esquerdo,Lateral Esquerdo,Brasil B,Brasil A,A,1,2025,2025,jun26,2026,1,2026,Coritiba,Coritiba,Bruno Melo - Coritiba - Brasil B,Bruno Melo - Coritiba - Brasil A,2350,1423,28.0,16.0,0,0,900,426,0,0,1,0,-0.5024,-1.8531,-1.351,30.0,7.7,33.0,33.0,0.0,0.0,medida (111 pares),referência,32.0,33.0,1.0,0,0,-0.0928,0.0,-1.2582,-0.0781,-1.775,única; único,única; único,68,49,0,6.32,7.59,0.74,1.02,0.28,2.57,1.96,50.74,47.96,-2.78,0.15,0.13,0.74,3.06,2.32,0.0,0.06,5.88,15.31,9.43,0.65,0.32,50.74,23.47,-27.27,8.08,6.32,59.56,42.86,-16.7,41.97,25.8,99.26,39.8,-59.46,0.69,0.44,38.97,11.22,-27.75,0.09,0.02,86.03,31.63,-54.4,0.15,0.19,11.03,27.55,16.52,50.4,34.34,99.26,39.8,-59.46,4.98,5.88,2.21,14.29,12.08,91.64,83.06,99.26,74.49,-24.77,60.61,60.0,99.26,96.94,-2.32,64.18,64.52,94.85,90.82,-4.03,60.66,60.32,43.38,41.84,-1.54,75.0,0.0,95.59,1.02,-94.57,41.18,20.0,79.41,33.67,-45.74,11.765,20.0,87.5,88.78,1.28,52.17,38.46,99.26,70.41,-28.85,80.57,66.0,87.5,29.59,-57.91,74.8,64.58,80.15,29.59,-50.56,22,1
J08-0129,Yuri,yuri,LAT,LAT,0,Lateral Esquerdo,Lateral Esquerdo,Brasil C,Brasil B,B,1,2024,2024,2025,2025,1,2025,Athletic Club,Athletic Club,Yuri - Athletic Club - Brasil C,Yuri - Athletic Club - Brasil B,1853,1751,20.0,25.0,0,0,592,900,0,0,0,0,1.6844,1.1618,-0.523,97.7,88.0,30.0,30.0,0.0,0.0,medida (53 pares),medida (111 pares),28.0,29.0,1.0,0,0,-0.1006,0.0,-0.4224,0.8438,0.318,única; homônimo resolvido pelo clube,única; único,60,68,0,18.55,16.45,79.17,77.21,-1.96,3.21,1.7,77.5,25.74,-51.76,2.04,1.28,66.67,40.44,-26.23,0.1,0.0,17.5,5.88,-11.62,0.73,0.82,64.17,64.71,0.54,6.36,6.73,19.17,26.47,7.3,27.2,27.76,70.83,62.5,-8.33,1.65,1.28,99.17,81.62,-17.55,0.08,0.11,90.83,93.38,2.55,0.58,0.36,92.5,47.79,-44.71,38.66,35.67,74.17,50.74,-23.43,7.58,6.68,26.67,30.15,3.48,82.16,82.13,84.17,77.21,-6.96,48.43,48.44,17.5,15.44,-2.06,62.12,30.3,89.17,6.62,-82.55,58.59,53.33,32.5,13.97,-18.53,54.76,64.0,35.83,76.47,40.64,0.0,43.75,13.33,86.03,72.7,0.0,6.25,31.67,69.85,38.18,30.99,26.92,45.83,12.5,-33.33,74.81,77.86,60.83,81.62,20.79,72.73,70.13,75.83,68.38,-7.45,22,1
J08-0130,Alan Ruschel,alan ruschel,LAT,LAT,0,Lateral Esquerdo,Lateral Esquerdo,Brasil B,Brasil A,A,1,2023,2023,2024,2024,1,2024,Juventude,Juventude,Alan Ruschel - Juventude - Brasil B,Alan Ruschel - Juventude - Brasil A,2845,2551,32.0,28.0,0,0,900,900,0,0,0,0,0.89,-0.7236,-1.614,81.6,29.5,34.0,36.0,2.0,0.0,medida (60 pares),medida (113 pares),33.0,34.0,1.0,0,0,-0.1525,-0.3896,-1.4615,0.5089,-1.2325,única; único,única; único,74,67,0,15.56,14.22,42.57,33.58,-8.99,2.63,1.83,38.51,26.87,-11.64,1.3,1.16,29.73,27.61,-2.12,0.51,0.18,50.68,31.34,-19.34,0.51,0.42,45.27,21.64,-23.63,9.02,7.8,72.3,48.51,-23.79,28.69,25.86,81.76,51.49,-30.27,0.41,0.25,26.35,5.22,-21.13,0.04,0.03,62.16,38.81,-23.35,0.38,0.07,66.89,2.24,-64.65,38.56,33.97,76.35,32.09,-44.26,7.56,8.5,23.65,58.96,35.31,78.84,83.07,50.68,73.88,23.2,50.61,55.58,27.7,70.9,43.2,43.37,51.92,16.89,67.91,51.02,60.2,61.35,49.32,36.57,-12.75,51.22,48.48,20.95,12.69,-8.26,25.0,25.0,56.76,44.78,-11.98,18.75,8.333,99.32,69.4,-29.92,35.38,36.0,45.27,44.78,-0.49,80.35,79.19,91.22,91.79,0.57,65.37,76.26,27.7,64.93,37.23,22,1
J08-0131,Natanael,natanael,LAT,LAT,0,Lateral Direito,Lateral Direito,Brasil A,Brasil B,B,1,2023,2023,2024,2024,1,2024,Coritiba,Coritiba,Natanael - Coritiba - Brasil A,Natanael - Coritiba - Brasil B,2804,3443,33.0,36.0,0,0,900,900,0,0,0,0,0.1074,0.2076,0.1,56.8,59.6,24.0,24.0,0.0,0.0,medida (82 pares),medida (76 pares),21.0,22.0,1.0,0,0,0.0523,0.0,0.0477,0.179,0.0286,única; único,homônimo resolvido por qz+minutos; homônimo resolvido pelo clube,62,63,0,20.77,17.98,81.45,73.81,-7.64,2.76,3.37,57.26,77.78,20.52,2.12,1.52,57.26,46.83,-10.43,0.48,0.42,41.13,77.78,36.65,0.48,0.6,37.1,42.06,4.96,6.16,5.62,23.39,5.56,-17.83,20.45,21.91,12.1,29.37,17.27,0.87,1.28,53.23,86.51,33.28,0.05,0.06,72.58,79.37,6.79,0.29,0.18,41.94,30.16,-11.78,29.5,30.58,15.32,24.6,9.28,12.45,10.12,95.97,78.57,-17.4,77.91,82.14,29.84,81.75,51.91,54.56,54.51,66.94,50.0,-16.94,43.02,48.06,33.06,42.06,9.0,65.65,68.35,86.29,84.92,-1.37,57.58,48.28,50.81,21.43,-29.38,46.67,34.78,87.9,73.81,-14.09,0.0,8.696,21.77,78.57,56.8,32.05,32.17,37.9,35.71,-2.19,64.06,77.67,5.65,83.33,77.68,72.09,76.52,55.65,86.51,30.86,22,1
J08-0132,Natanael,natanael,LAT,LAT,0,Lateral Direito,Lateral Direito,Brasil B,Brasil A,A,1,2024,2024,2025,2025,1,2025,Coritiba,Atlético Mineiro,Natanael - Coritiba - Brasil B,Natanael - Atlético Mineiro - Brasil A,3443,2395,36.0,34.0,0,0,900,900,0,0,0,0,0.2076,-1.5273,-1.735,59.6,4.1,24.0,24.0,0.0,0.0,medida (76 pares),medida (156 pares),22.0,23.0,1.0,0,0,0.0523,0.0,-1.7873,0.2212,-1.7485,homônimo resolvido por qz+minutos; homônimo resolvido pelo clube,única; único,63,72,0,17.98,16.35,73.81,71.53,-2.28,3.37,2.44,77.78,64.58,-13.2,1.52,1.16,46.83,45.14,-1.69,0.42,0.08,77.78,17.36,-60.42,0.6,0.6,42.06,46.53,4.47,5.62,4.47,5.56,0.69,-4.87,21.91,23.3,29.37,27.08,-2.29,1.28,1.09,86.51,58.33,-28.18,0.06,0.02,79.37,26.39,-52.98,0.18,0.15,30.16,9.03,-21.13,30.58,30.59,24.6,14.58,-10.02,10.12,9.47,78.57,88.19,9.62,82.14,82.06,81.75,60.42,-21.33,54.51,54.25,50.0,70.14,20.14,48.06,46.15,42.06,38.19,-3.87,68.35,69.26,84.92,97.92,13.0,48.28,29.03,21.43,1.39,-20.04,34.78,31.25,73.81,53.47,-20.34,8.696,6.25,78.57,61.11,-17.46,32.17,25.0,35.71,9.72,-25.99,77.67,67.23,83.33,22.92,-60.41,76.52,69.33,86.51,40.97,-45.54,22,1
J08-0133,Fabinho,fabinho,MED,MED,0,Medio,Medio,Brasil B,Brasil C,C,1,2024,2024,jun26,2026,2,2026,Sport Recife,Santa Cruz,Fabinho - Sport Recife - Brasil B,Fabinho - Santa Cruz - Brasil C,600,461,14.0,8.0,1,1,900,213,0,1,1,0,-0.2424,-0.0497,0.193,33.9,50.0,39.0,39.0,0.0,0.0,medida (76 pares),referência,37.0,39.0,2.0,0,0,0.0,0.0,0.193,0.0791,-0.1288,única; homônimo resolvido pelo clube,única; homônimo resolvido pelo clube,42,38,0,17.85,15.42,69.05,56.58,-12.47,5.55,6.05,100.0,93.42,-6.58,0.3,0.39,0.0,18.42,18.42,0.15,0.0,52.38,39.47,-12.91,0.9,0.59,41.67,30.26,-11.41,4.5,3.12,21.43,3.95,-17.48,21.45,15.03,33.33,11.84,-21.49,1.05,0.98,73.81,72.37,-1.44,0.08,0.09,52.38,69.74,17.36,0.0,0.39,7.14,82.89,75.75,30.45,22.26,21.43,6.58,-14.85,7.65,6.64,54.76,32.89,-21.87,86.7,83.33,76.19,53.95,-22.24,52.94,48.1,76.19,38.16,-38.03,59.46,38.71,95.24,32.89,-62.35,55.32,61.11,23.81,65.79,41.98,100.0,50.0,100.0,32.89,-67.11,50.0,33.33,98.81,76.32,-22.49,33.333,0.0,100.0,40.79,-59.21,16.67,42.86,7.14,60.53,53.39,73.33,93.75,35.71,98.68,62.97,88.89,73.68,100.0,59.21,-40.79,22,1
J08-0134,João Paulo,joao paulo,MED,MED,0,Medio,Medio,Brasil A,Brasil C,C,1,2019,2019,2025,2025,6,2025,Botafogo,Ypiranga Erechim,João Paulo - Botafogo - Brasil A,João Paulo - Ypiranga Erechim - Brasil C,3184,627,36.0,9.0,1,0,876,616,0,0,0,0,0.0,0.9233,0.923,50.8,78.8,35.0,41.0,0.0,0.0,medida (46 pares),medida (70 pares),28.0,40.0,12.0,6,1,-1.2961,-0.4882,2.2191,0.2758,0.6475,única; homônimo resolvido pelo clube,homônimo resolvido por qz+minutos; homônimo resolvido pelo clube,42,39,0,16.54,10.05,29.76,6.41,-23.35,2.29,1.44,44.05,14.1,-29.95,1.61,0.43,46.43,14.1,-32.33,0.28,0.0,32.14,25.64,-6.5,1.1,0.86,52.38,34.62,-17.76,8.14,7.03,84.52,74.36,-10.16,33.33,31.29,75.0,88.46,13.46,0.45,0.0,26.19,1.28,-24.91,0.07,0.02,39.29,17.95,-21.34,0.34,0.14,82.14,56.41,-25.73,46.72,44.5,77.38,80.77,3.39,7.74,5.31,51.19,11.54,-39.65,86.03,86.45,34.52,83.33,48.81,49.57,52.86,58.33,73.08,14.75,45.68,30.0,65.48,8.97,-56.51,49.05,57.14,17.86,41.03,23.17,54.39,100.0,32.14,97.44,65.3,33.33,33.33,59.52,66.67,7.15,7.692,16.667,70.24,88.46,18.22,45.24,0.0,75.0,7.69,-67.31,81.25,79.59,53.57,60.26,6.69,75.81,76.19,20.24,80.77,60.53,22,0
J08-0135,Danielzinho,danielzinho,MED,MED,0,Medio,Medio,Brasil B,Brasil A,A,1,2024,2024,2025,2025,1,2025,Mirassol,Mirassol,Danielzinho - Mirassol - Brasil B,Danielzinho - Mirassol - Brasil A,3642,3655,37.0,37.0,0,0,900,900,0,0,0,0,3.5525,1.2518,-2.301,98.4,87.2,31.0,31.0,0.0,0.0,medida (76 pares),medida (156 pares),29.0,30.0,1.0,0,0,-0.0894,0.0,-2.2116,2.3596,-1.1078,única; único,única; único,42,32,0,14.26,12.98,36.9,26.56,-10.34,2.08,1.97,53.57,67.19,13.62,0.74,0.47,30.95,18.75,-12.2,0.37,0.12,97.62,62.5,-35.12,0.67,0.76,14.29,51.56,37.27,7.19,6.21,79.76,67.19,-12.57,35.51,37.28,94.05,82.81,-11.24,0.94,0.86,66.67,51.56,-15.11,0.05,0.05,29.76,40.62,10.86,0.4,0.15,91.67,37.5,-54.17,48.76,49.94,94.05,92.19,-1.86,7.14,6.16,44.05,20.31,-23.74,85.2,87.43,53.57,45.31,-8.26,49.74,47.25,51.19,26.56,-24.63,45.24,41.25,45.24,42.19,-3.05,59.67,57.73,55.95,32.81,-23.14,50.0,52.63,52.38,35.94,-16.44,25.93,16.13,39.29,17.19,-22.1,11.111,0.0,78.57,12.5,-66.07,35.19,18.75,58.33,18.75,-39.58,74.91,76.59,44.05,57.81,13.76,74.76,81.29,53.57,57.81,4.24,22,1
J08-0136,Danielzinho,danielzinho,MED,MED,0,Medio,Medio,Brasil A,Brasil B,B,1,2023,2023,2025,2025,2,2025,Fluminense,CRB,Danielzinho - Fluminense - Brasil A,Danielzinho - CRB - Brasil B,805,2834,17.0,34.0,0,1,900,900,0,1,0,0,1.9608,4.0,2.039,98.3,100.0,30.0,30.0,0.0,0.0,medida (82 pares),medida (111 pares),27.0,29.0,2.0,0,0,-0.0654,0.0,2.1044,0.9641,3.0359,única; único,única; único,41,48,0,12.97,9.24,12.2,5.21,-6.99,0.67,0.35,0.0,1.04,1.04,2.01,1.71,60.98,80.21,19.23,0.11,0.64,12.2,98.96,86.76,0.89,1.18,48.78,56.25,7.47,9.28,8.03,97.56,94.79,-2.77,48.41,38.71,100.0,96.88,-3.12,0.89,1.81,67.07,96.88,29.81,0.06,0.08,50.0,61.46,11.46,1.12,0.6,100.0,96.88,-3.12,59.48,48.46,100.0,92.71,-7.29,7.38,3.65,34.15,1.04,-33.11,87.78,86.17,73.17,65.62,-7.55,52.59,45.02,65.85,11.46,-54.39,16.67,18.18,2.44,3.12,0.68,65.38,51.2,97.56,13.54,-84.02,55.56,51.85,48.78,40.62,-8.16,37.5,27.03,79.27,57.29,-21.98,0.0,8.108,14.63,71.88,57.25,63.64,44.83,91.46,78.12,-13.34,90.36,87.35,100.0,94.79,-5.21,71.84,79.04,21.95,73.96,52.01,22,1
J08-0137,Nonato,nonato,MED,MED,0,Medio,Medio,Brasil A,Brasil C,C,1,2022,2022,2023,2023,1,2023,Fluminense,EC São José,Nonato - Fluminense - Brasil A,Nonato - EC São José - Brasil C,1188,1811,17.0,21.0,0,0,900,545,0,0,0,0,2.6607,-0.1936,-2.854,94.7,40.5,28.0,27.0,0.0,3.0,medida (79 pares),medida (23 pares),24.0,27.0,3.0,2,1,0.1671,0.0215,-3.0211,1.7944,-1.988,única; único,única; único,38,42,0,17.27,16.62,36.84,50.0,13.16,2.2,4.57,32.89,94.05,61.16,2.58,0.31,77.63,5.95,-71.68,0.3,0.0,51.32,9.52,-41.8,0.91,0.78,48.68,39.29,-9.39,9.55,3.01,96.05,5.95,-90.1,55.91,14.8,96.05,3.57,-92.48,0.98,0.78,60.53,80.95,20.42,0.05,0.05,28.95,50.0,21.05,0.38,0.1,77.63,46.43,-31.2,70.23,24.56,96.05,3.57,-92.48,8.26,8.67,53.95,58.33,4.38,89.0,79.7,93.42,8.33,-85.09,52.19,50.94,75.0,51.19,-23.81,34.48,52.27,19.74,55.95,36.21,57.47,56.34,53.95,53.57,-0.38,61.76,66.67,61.84,79.76,17.92,25.0,26.67,39.47,63.1,23.63,0.0,6.667,21.05,73.81,52.76,38.46,20.0,67.11,34.52,-32.59,82.54,75.86,85.53,55.95,-29.58,84.29,58.51,82.89,1.19,-81.7,22,0
J08-0138,Nonato,nonato,MED,MED,0,Medio,Medio,Brasil C,Brasil A,A,1,2024,2024,2025,2025,1,2025,EC São José,Fluminense,Nonato - EC São José - Brasil C,Nonato - Fluminense - Brasil A,1079,1027,14.0,20.0,0,0,592,900,0,0,0,0,-0.6147,1.0466,1.661,26.9,80.9,30.0,28.0,0.0,0.0,medida (53 pares),medida (156 pares),28.0,27.0,-1.0,-2,1,0.0327,0.0599,1.6283,-0.2816,1.3282,única; único,única; único,44,32,0,16.1,13.23,44.32,29.69,-14.63,4.42,1.93,92.05,60.94,-31.11,0.58,0.88,17.05,48.44,31.39,0.0,0.18,11.36,76.56,65.2,0.5,0.96,14.77,62.5,47.73,4.59,4.91,26.14,39.06,12.92,19.85,34.7,26.14,73.44,47.3,0.75,0.96,60.23,54.69,-5.54,0.02,0.09,20.45,70.31,49.86,0.17,0.26,60.23,65.62,5.39,31.45,44.17,23.86,64.06,40.2,8.34,6.84,60.23,35.94,-24.29,82.23,88.89,21.59,64.06,42.47,55.96,50.33,80.68,42.19,-38.49,60.38,45.45,82.95,57.81,-25.14,62.65,56.94,64.77,29.69,-35.08,42.86,60.0,17.05,56.25,39.2,0.0,27.27,6.82,39.06,32.24,0.0,18.182,27.27,89.06,61.79,20.0,50.0,30.68,79.69,49.01,80.0,71.43,69.32,25.0,-44.32,71.43,77.08,32.95,20.31,-12.64,22,0
J08-0139,Nonato,nonato,MED,MED,0,Medio,Medio,Brasil A,Brasil C,C,1,2025,2025,jun26,2026,1,2026,Fluminense,Floresta EC,Nonato - Fluminense - Brasil A,Nonato - Floresta EC - Brasil C,1027,382,20.0,5.0,1,0,900,213,0,0,1,0,1.0466,0.088,-0.959,80.9,57.9,28.0,30.0,0.0,0.0,medida (156 pares),referência,27.0,30.0,3.0,2,1,-0.1548,-0.0599,-0.8042,0.7713,-0.6833,única; único,única; único,32,38,0,13.23,13.43,29.69,35.53,5.84,1.93,3.3,60.94,69.74,8.8,0.88,0.24,48.44,6.58,-41.86,0.18,0.0,76.56,39.47,-37.09,0.96,0.24,62.5,9.21,-53.29,4.91,2.83,39.06,1.32,-37.74,34.7,12.72,73.44,1.32,-72.12,0.96,0.24,54.69,25.0,-29.69,0.09,0.0,70.31,5.26,-65.05,0.26,0.0,65.62,21.05,-44.57,44.17,18.14,64.06,1.32,-62.74,6.84,7.07,35.94,43.42,7.48,88.89,81.82,64.06,40.79,-23.27,50.33,50.88,42.19,56.58,14.39,45.45,57.14,57.81,81.58,23.77,56.94,60.87,29.69,57.89,28.2,60.0,100.0,56.25,88.16,31.91,27.27,0.0,39.06,14.47,-24.59,18.182,0.0,89.06,40.79,-48.27,50.0,0.0,79.69,15.79,-63.9,71.43,75.0,25.0,50.0,25.0,77.08,83.33,20.31,82.89,62.58,22,0
J08-0140,João Vitor,joao vitor,MED,MED,0,Medio,Medio,Brasil C,Brasil B,B,1,2025,2025,jun26,2026,1,2026,Tombense,Londrina,João Vitor - Tombense - Brasil C,João Vitor - Londrina - Brasil B,309,465,11.0,9.0,1,1,616,284,0,1,1,0,0.2912,-0.3402,-0.631,59.1,38.2,22.0,22.0,0.0,0.0,medida (70 pares),referência,21.0,22.0,1.0,0,0,0.0945,0.0,-0.7255,0.2926,-0.6328,única; homônimo resolvido pelo clube,única; homônimo resolvido pelo clube,39,34,0,16.02,9.48,43.59,13.24,-30.35,1.75,0.97,25.64,25.0,-0.64,2.04,0.58,94.87,22.06,-72.81,0.0,0.39,25.64,89.71,64.07,1.17,0.58,51.28,32.35,-18.93,6.12,4.84,56.41,33.82,-22.59,30.87,24.0,84.62,39.71,-44.91,0.87,1.35,58.97,80.88,21.91,0.03,0.06,26.92,52.94,26.02,0.58,0.19,97.44,63.24,-34.2,45.44,33.68,84.62,36.76,-47.86,7.57,4.06,51.28,7.35,-43.93,85.9,78.16,76.92,10.29,-66.63,49.09,40.82,48.72,16.18,-32.54,50.0,40.0,70.51,33.82,-36.69,80.0,50.0,100.0,35.29,-64.71,42.86,66.67,17.95,66.18,48.23,25.0,33.33,35.9,60.29,24.39,0.0,33.333,17.95,89.71,71.76,0.0,22.22,7.69,54.41,46.72,66.67,68.0,12.82,30.88,18.06,78.26,66.67,88.46,22.06,-66.4,22,1
J08-0141,Geovane,geovane,MED,MED,0,Medio,Medio,Brasil C,Brasil B,B,1,2023,2023,2024,2024,1,2024,Paysandu,Vila Nova,Geovane - Paysandu - Brasil C,Geovane - Vila Nova - Brasil B,1278,818,19.0,12.0,1,0,545,900,1,0,0,0,1.1338,-0.0382,-1.172,76.2,48.4,24.0,27.0,3.0,0.0,medida (23 pares),medida (76 pares),24.0,25.0,1.0,0,0,0.0817,0.2141,-1.2537,0.8266,-0.8648,única; único,homônimo resolvido por qz+minutos; homônimo resolvido pelo clube,42,42,0,18.68,16.83,79.76,61.9,-17.86,2.66,1.43,60.71,9.52,-51.19,1.44,0.88,67.86,41.67,-26.19,0.14,0.11,50.0,39.29,-10.71,1.08,0.88,65.48,40.48,-25.0,5.96,7.26,44.05,83.33,39.28,28.3,31.25,75.0,78.57,3.57,0.79,0.22,84.52,9.52,-75.0,0.04,0.06,39.29,38.1,-1.19,0.43,0.11,98.81,35.71,-63.1,40.51,45.66,63.1,85.71,22.61,8.91,7.59,67.86,52.38,-15.48,81.03,89.4,22.62,92.86,70.24,51.54,46.41,58.33,21.43,-36.9,48.65,23.08,51.19,2.38,-48.81,59.0,58.62,67.86,45.24,-22.62,65.0,37.5,72.62,9.52,-63.1,20.0,12.5,39.29,13.1,-26.19,0.0,0.0,29.76,10.71,-19.05,42.86,57.14,70.24,95.24,25.0,71.08,80.3,32.14,73.81,41.67,66.67,80.0,20.24,78.57,58.33,22,1
J08-0142,Jean Mota,jean mota,MED,MED,0,Medio,Medio,Brasil A,Brasil B,B,1,2024,2024,2025,2025,1,2025,Vitória,Vila Nova,Jean Mota - Vitória - Brasil A,Jean Mota - Vila Nova - Brasil B,535,1211,16.0,22.0,0,1,900,900,0,1,0,0,0.9086,0.0855,-0.823,75.6,55.4,32.0,32.0,0.0,0.0,medida (113 pares),medida (111 pares),30.0,31.0,1.0,0,0,-0.0894,0.0,-0.7336,0.6839,-0.5984,única; único,única; único,31,48,0,12.45,11.15,6.45,15.62,9.17,2.36,1.64,67.74,26.04,-41.7,0.67,0.37,16.13,7.29,-8.84,0.0,0.07,6.45,56.25,49.8,1.01,1.78,58.06,86.46,28.4,8.07,6.69,96.77,82.29,-14.48,26.07,23.04,51.61,42.71,-8.9,1.35,0.22,80.65,1.04,-79.61,0.16,0.1,96.77,75.0,-21.77,0.17,0.22,53.23,64.58,11.35,35.66,34.41,45.16,44.79,-0.37,5.89,6.02,16.13,26.04,9.91,82.08,78.19,16.13,9.38,-6.75,50.0,54.0,48.39,76.04,27.65,42.86,59.09,64.52,96.88,32.36,58.82,47.14,19.35,3.12,-16.23,50.0,60.0,40.32,60.42,20.1,50.0,20.83,96.77,38.54,-58.23,16.667,4.167,93.55,33.33,-60.22,57.14,38.71,90.32,59.38,-30.94,83.33,68.89,90.32,28.12,-62.2,75.0,69.33,30.65,19.79,-10.86,22,1
J08-0143,Matheus Barbosa,matheus barbosa,MED,MED,0,Medio,Medio,Brasil B,Brasil C,C,1,2024,2024,jun26,2026,2,2026,Botafogo SP,Barra,Matheus Barbosa - Botafogo SP - Brasil B,Matheus Barbosa - Barra - Brasil C,1184,437,16.0,7.0,1,0,900,213,0,0,1,0,0.3112,-0.6643,-0.976,61.3,28.9,31.0,31.0,0.0,0.0,medida (76 pares),referência,29.0,31.0,2.0,0,0,-0.1788,0.0,-0.7972,0.3015,-0.9658,única; único,única; único,42,38,0,12.39,11.74,20.24,9.21,-11.03,2.66,2.88,72.62,53.95,-18.67,0.99,0.62,48.81,35.53,-13.28,0.0,0.0,4.76,39.47,34.71,0.84,1.03,39.29,51.32,12.03,7.53,7.0,89.29,80.26,-9.03,28.28,31.51,70.24,85.53,15.29,0.91,1.24,60.71,82.89,22.18,0.13,0.22,88.1,96.05,7.95,0.0,0.21,7.14,57.89,50.75,40.67,43.04,72.62,82.89,10.27,7.6,7.83,53.57,48.68,-4.89,79.81,78.47,17.86,19.74,1.88,53.99,42.11,79.76,11.84,-67.92,65.71,21.43,98.81,11.84,-86.97,60.61,52.0,60.71,19.74,-40.97,61.54,66.67,86.9,61.84,-25.06,27.27,20.0,46.43,47.37,0.94,9.091,20.0,64.29,98.68,34.39,21.43,20.0,13.1,35.53,22.43,70.71,67.65,25.0,38.16,13.16,75.0,64.71,57.14,17.11,-40.03,22,1
J08-0144,Bruno Silva,bruno silva,MED,MED,0,Medio,Medio,Brasil A,Brasil C,C,1,2022,2022,2024,2024,2,2024,Avaí,Remo,Bruno Silva - Avaí - Brasil A,Bruno Silva - Remo - Brasil C,2843,577,31.0,7.0,1,0,900,592,1,0,0,0,-1.3082,-0.9472,0.361,7.0,6.0,39.0,39.0,0.0,0.0,medida (79 pares),medida (53 pares),35.0,37.0,2.0,0,0,-0.755,0.0,1.116,-0.3491,-0.5981,única; único,única; único,38,44,0,19.94,19.65,72.37,79.55,7.18,3.83,3.9,88.16,81.82,-6.34,0.85,0.16,21.05,2.27,-18.78,0.06,0.16,15.79,72.73,56.94,0.47,0.47,7.89,13.64,5.75,4.65,2.81,25.0,0.0,-25.0,28.81,18.09,67.11,11.36,-55.75,0.89,0.62,46.05,39.77,-6.28,0.07,0.02,55.26,20.45,-34.81,0.09,0.0,18.42,12.5,-5.92,41.85,30.57,65.79,20.45,-45.34,10.7,13.57,85.53,100.0,14.47,86.91,89.29,72.37,88.64,16.27,49.21,53.17,48.68,56.82,8.14,48.76,56.0,67.11,79.55,12.44,50.68,61.54,11.84,56.82,44.98,88.89,0.0,98.68,0.0,-98.68,13.33,33.33,7.89,69.32,61.43,0.0,0.0,21.05,27.27,6.22,25.0,100.0,34.21,97.73,63.52,72.79,55.56,35.53,0.0,-35.53,75.86,86.67,46.05,100.0,53.95,22,1
J08-0145,Lucas Mineiro,lucas mineiro,MED,MED,0,Medio,Medio,Brasil A,Brasil B,B,1,2023,2023,2025,2025,2,2025,Cuiabá,Cuiabá,Lucas Mineiro - Cuiabá - Brasil A,Lucas Mineiro - Cuiabá - Brasil B,711,1512,16.0,25.0,0,1,900,900,0,1,0,0,-1.4942,-0.9425,0.552,5.1,12.3,30.0,30.0,0.0,0.0,medida (82 pares),medida (111 pares),27.0,29.0,2.0,0,0,-0.0654,0.0,0.6174,-0.4238,-0.5187,única; único,única; único,41,48,0,18.48,16.19,60.98,71.88,10.9,3.92,3.87,92.68,88.54,-4.14,1.14,0.71,21.95,32.29,10.34,0.25,0.0,42.68,13.54,-29.14,0.63,1.01,21.95,40.62,18.67,3.67,4.64,7.32,40.62,33.3,18.23,26.13,4.88,61.46,56.58,0.76,0.77,48.78,46.88,-1.9,0.04,0.06,20.73,37.5,16.77,0.0,0.0,2.44,4.17,1.73,25.32,35.6,4.88,51.04,46.16,7.47,8.27,34.15,86.46,52.31,85.0,87.46,39.02,76.04,37.02,43.84,52.21,9.76,67.71,57.95,38.71,46.15,31.71,59.38,27.67,59.62,57.63,63.41,46.88,-16.53,44.44,58.33,12.2,53.12,40.92,0.0,17.65,3.66,27.08,23.42,0.0,11.765,14.63,92.71,78.08,50.0,66.67,76.83,96.88,20.05,75.86,69.23,46.34,32.29,-14.05,74.07,79.8,26.83,80.21,53.38,22,1
J08-0146,J. Quintero,j quintero,ZAG,ZAG,0,Zagueiro - Direita,Zagueiro - Direita,Colombia A,Brasil B,B,0,2023,2023,2024,2024,1,2024,Deportivo Pereira,Vila Nova,J. Quintero - Deportivo Pereira - Colombia A,J. Quintero - Vila Nova - Brasil B,1673,1482,22.0,18.0,0,0,900,900,0,0,0,0,-1.4171,-1.2167,0.2,11.9,9.8,28.0,31.0,3.0,0.0,medida (68 pares),medida (76 pares),28.0,29.0,1.0,0,0,-0.0776,-0.195,0.2776,-0.3621,-0.8546,única; único,única; único,79,69,0,10.81,9.6,25.95,18.12,-7.83,5.06,3.95,94.3,44.2,-50.1,0.16,0.12,20.89,21.74,0.85,0.0,0.0,13.92,18.84,4.92,0.32,0.18,29.11,15.22,-13.89,6.03,6.07,31.01,28.26,-2.75,22.22,22.53,60.13,26.81,-33.32,0.59,0.24,56.96,9.42,-47.54,0.03,0.02,34.81,13.04,-21.77,0.0,0.0,20.89,28.99,8.1,37.44,34.13,72.78,21.01,-51.77,6.83,7.29,5.7,38.41,32.71,85.63,87.37,58.23,52.9,-5.33,63.68,62.03,80.38,45.65,-34.73,64.89,64.62,80.38,59.42,-20.96,67.65,65.15,36.08,42.75,6.67,66.67,100.0,48.1,93.48,45.38,0.0,33.33,10.13,52.17,42.04,0.0,0.0,24.05,20.29,-3.76,0.0,0.0,22.78,23.19,0.41,60.71,70.0,8.23,48.55,40.32,62.07,56.25,45.57,16.67,-28.9,22,1
J08-0147,Betão,betao,ZAG,ZAG,0,Zagueiro - Esquerda,Zagueiro - Esquerda,Brasil C,Brasil B,B,1,2025,2025,jun26,2026,1,2026,CSA,Náutico,Betão - CSA - Brasil C,Betão - Náutico - Brasil B,1520,662,16.0,8.0,1,0,616,284,0,0,1,0,1.5363,-0.0436,-1.58,92.5,46.7,26.0,26.0,0.0,0.0,medida (70 pares),referência,25.0,26.0,1.0,0,0,0.0061,0.0,-1.5861,0.6418,-0.6854,homônimo resolvido por qz+minutos; homônimo resolvido pelo clube,única; único,52,67,0,11.61,10.6,37.5,49.25,11.75,4.68,2.72,52.88,18.66,-34.22,0.18,0.14,47.12,47.01,-0.11,0.06,0.0,74.04,41.79,-32.25,0.36,0.68,38.46,82.09,43.63,6.93,6.93,47.12,45.52,-1.6,32.09,24.2,91.35,30.6,-60.75,0.59,0.54,75.96,52.99,-22.97,0.07,0.07,71.15,73.13,1.98,0.12,0.0,79.81,38.06,-41.75,48.61,38.61,91.35,38.06,-53.29,7.4,7.48,27.88,57.46,29.58,89.4,84.15,87.5,20.15,-67.35,65.31,65.38,68.27,85.82,17.55,62.03,50.0,56.73,20.15,-36.58,74.36,76.92,85.58,92.54,6.96,100.0,100.0,80.77,86.57,5.8,33.33,0.0,63.46,22.39,-41.07,33.333,0.0,95.19,44.03,-51.16,50.0,0.0,80.77,35.82,-44.95,65.81,62.75,39.42,15.67,-23.75,72.92,53.85,81.73,11.19,-70.54,22,1
J08-0148,Roberto,roberto,ZAG,ZAG,0,Zagueiro - Direita,Zagueiro - Direita,Brasil B,Brasil C,C,1,2023,2023,2025,2025,2,2025,Avaí,Brusque,Roberto - Avaí - Brasil B,Roberto - Brusque - Brasil C,2229,802,24.0,17.0,1,0,900,616,0,0,0,0,-0.2108,-0.8685,-0.658,38.9,19.1,25.0,28.0,2.0,0.0,medida (60 pares),medida (70 pares),24.0,27.0,3.0,1,0,0.0274,-0.0782,-0.6854,0.1359,-1.0044,única; homônimo resolvido pelo clube,única; homônimo resolvido pelo clube,70,52,0,11.14,10.32,32.86,18.27,-14.59,3.47,4.6,10.71,48.08,37.37,0.32,0.11,53.57,31.73,-21.84,0.0,0.0,13.57,33.65,20.08,0.36,0.11,43.57,6.73,-36.84,8.2,4.38,73.57,3.85,-69.72,29.92,13.47,62.14,18.27,-43.87,0.52,0.22,48.57,9.62,-38.95,0.04,0.0,43.57,3.85,-39.72,0.04,0.0,57.86,25.0,-32.86,42.36,25.14,56.43,10.58,-45.85,8.6,5.95,72.14,4.81,-67.33,86.27,79.46,43.57,22.12,-21.45,63.04,71.74,66.43,99.04,32.61,70.93,80.49,92.14,99.04,6.9,68.46,73.53,69.29,77.88,8.59,62.5,100.0,36.43,80.77,44.34,11.11,0.0,24.29,8.65,-15.64,0.0,0.0,31.43,25.96,-5.47,66.67,0.0,90.0,30.77,-59.23,71.92,53.85,62.14,4.81,-57.33,54.76,47.22,10.71,4.81,-5.9,22,1
J08-0149,Luciano Castán,luciano castan,ZAG,ZAG,0,Zagueiro - Esquerda,Zagueiro - Esquerda,Brasil A,Brasil B,B,1,2023,2023,2024,2024,1,2024,Cruzeiro,Sport Recife,Luciano Castán - Cruzeiro - Brasil A,Luciano Castán - Sport Recife - Brasil B,3666,1936,36.0,23.0,0,0,900,900,0,0,0,0,0.0494,1.4758,1.426,56.4,97.4,36.0,36.0,0.0,0.0,medida (82 pares),medida (76 pares),33.0,34.0,1.0,0,0,-0.238,0.0,1.664,0.1364,1.3394,única; único,única; único,74,69,0,9.77,10.09,15.54,34.06,18.52,4.42,3.67,72.3,28.26,-44.04,0.25,0.28,36.49,57.25,20.76,0.07,0.0,46.62,18.84,-27.78,0.42,0.33,66.89,54.35,-12.54,8.0,9.16,73.65,84.78,11.13,29.95,37.79,64.19,94.93,30.74,0.69,0.46,73.65,50.72,-22.93,0.05,0.04,58.78,46.38,-12.4,0.0,0.0,20.27,28.99,8.72,44.07,52.9,68.24,94.93,26.69,6.53,6.88,7.43,23.91,16.48,89.92,90.86,68.92,93.48,24.56,62.56,60.83,76.35,39.86,-36.49,60.0,55.7,62.84,23.91,-38.93,70.08,70.0,88.51,63.04,-25.47,60.0,66.67,45.95,52.17,6.22,41.18,42.86,71.62,68.12,-3.5,5.882,14.286,58.11,62.32,4.21,0.0,0.0,21.62,23.19,1.57,78.53,77.66,91.22,92.03,0.81,74.21,75.58,70.95,87.68,16.73,22,1
J08-0150,Rafael Vaz,rafael vaz,ZAG,ZAG,0,Zagueiro - Esquerda,Zagueiro - Esquerda,Brasil B,Brasil C,C,1,2023,2023,2024,2024,1,2024,Londrina,Náutico,Rafael Vaz - Londrina - Brasil B,Rafael Vaz - Náutico - Brasil C,1734,505,17.0,5.0,1,0,900,592,1,0,0,0,-0.1972,3.7255,3.923,38.2,100.0,35.0,37.0,2.0,0.0,medida (60 pares),medida (53 pares),34.0,35.0,1.0,0,0,-0.238,-0.2692,4.161,0.0526,3.6729,única; único,única; único,70,57,0,11.47,12.12,37.86,64.91,27.05,5.14,4.46,70.71,50.0,-20.71,0.78,0.18,92.86,54.39,-38.47,0.05,0.0,42.14,34.21,-7.93,1.19,0.89,99.29,100.0,0.71,11.31,13.54,95.0,98.25,3.25,27.35,45.8,46.43,98.25,51.82,0.52,0.71,48.57,85.09,36.52,0.05,0.04,57.86,61.4,3.54,0.05,0.71,67.86,100.0,32.14,42.25,61.66,55.0,98.25,43.25,7.01,6.42,24.29,12.28,-12.01,78.87,84.1,2.14,33.33,31.19,59.28,58.82,40.71,29.82,-10.89,54.55,60.0,22.14,39.47,17.33,64.29,72.22,34.29,82.46,48.17,93.33,100.0,90.71,85.96,-4.75,13.04,20.0,29.29,48.25,18.96,0.0,20.0,31.43,85.09,53.66,16.67,25.0,63.57,53.51,-10.06,76.61,85.53,83.57,100.0,16.43,62.57,62.32,39.29,52.63,13.34,22,1
J08-0151,Gil,gil,ZAG,ZAG,0,Zagueiro - Esquerda,Zagueiro - Direita,Brasil B,Brasil A,A,1,2024,2024,2025,2025,1,2025,Santos,Santos,Gil - Santos - Brasil B,Gil - Santos - Brasil A,3417,808,34.0,8.0,1,0,900,900,1,0,0,0,0.0,-0.3533,-0.353,51.3,36.2,39.0,39.0,0.0,0.0,medida (76 pares),medida (156 pares),37.0,38.0,1.0,0,0,-0.1322,0.0,-0.2208,0.1196,-0.4729,única; único,única; único,69,74,0,9.72,10.14,21.01,37.84,16.83,3.87,2.67,41.3,10.81,-30.49,0.13,0.11,26.09,20.95,-5.14,0.0,0.0,18.84,29.05,10.21,0.47,0.22,75.36,14.19,-61.17,4.56,4.23,5.07,2.7,-2.37,29.53,20.83,58.7,10.81,-47.89,0.76,0.33,86.23,12.16,-74.07,0.06,0.01,68.84,3.38,-65.46,0.0,0.0,28.99,24.32,-4.67,39.03,31.08,42.75,5.41,-37.34,5.56,6.68,1.45,17.57,16.12,92.31,92.47,96.38,91.89,-4.49,66.12,56.04,84.78,20.27,-64.51,68.03,58.33,78.99,47.97,-31.02,78.1,59.62,94.93,20.27,-74.66,60.0,100.0,37.68,89.19,51.51,44.44,0.0,70.29,4.05,-66.24,5.556,0.0,41.3,25.0,-16.3,0.0,0.0,23.19,20.95,-2.24,76.3,68.42,81.88,37.84,-44.04,58.24,84.62,21.01,94.59,73.58,22,1
J08-0152,Vitor Hugo,vitor hugo,ZAG,ZAG,0,Zagueiro - Esquerda,Zagueiro - Direita,Grecia,Brasil A,A,0,2024,2024,2025,2025,1,2025,Panathinaikos,Atlético Mineiro,Vitor Hugo - Panathinaikos - Grecia,Vitor Hugo - Atlético Mineiro - Brasil A,484,1835,6.0,23.0,0,1,616,900,0,1,0,0,-0.1963,3.8334,4.03,34.2,100.0,32.0,35.0,2.0,0.0,medida (50 pares),medida (156 pares),32.0,34.0,2.0,1,0,-0.3128,-0.3226,4.3428,0.0529,3.7805,única; único,única; único,48,74,0,12.09,11.57,39.58,62.84,23.26,4.65,4.9,60.42,96.62,36.2,0.0,0.05,2.08,8.78,6.7,0.0,0.0,23.96,29.05,5.09,0.37,0.64,56.25,93.92,37.67,8.18,6.38,68.75,38.51,-30.24,37.19,34.28,72.92,70.95,-1.97,0.74,0.64,79.17,69.59,-9.58,0.05,0.09,53.12,91.89,38.77,0.0,0.0,28.12,24.32,-3.8,52.44,45.07,75.0,60.14,-14.86,8.93,6.82,54.17,21.62,-32.55,89.01,91.51,68.75,88.51,19.76,55.38,64.83,16.67,87.16,70.49,44.0,67.0,8.33,83.11,74.78,65.52,69.89,43.75,77.03,33.28,0.0,100.0,5.21,89.19,83.98,50.0,46.15,76.04,80.41,4.37,0.0,23.077,26.04,84.46,58.42,0.0,0.0,30.21,20.95,-9.26,70.45,73.08,54.17,64.19,10.02,80.0,83.51,93.75,93.92,0.17,22,1
J08-0153,Roger Carvalho,roger carvalho,ZAG,ZAG,0,Zagueiro - Esquerda,Zagueiro - Direita,Brasil B,Brasil C,C,1,2023,2023,2024,2024,1,2024,Tombense,Tombense,Roger Carvalho - Tombense - Brasil B,Roger Carvalho - Tombense - Brasil C,2351,1295,24.0,13.0,0,0,900,592,0,0,0,0,-0.1887,-0.0874,0.101,41.2,42.6,36.0,39.0,2.0,0.0,medida (60 pares),medida (53 pares),35.0,37.0,2.0,1,0,-0.0776,-0.3418,0.1786,0.0555,-0.1429,única; único,única; único,70,57,0,11.75,8.62,47.86,2.63,-45.23,4.82,3.27,50.71,9.65,-41.06,0.11,0.0,14.29,8.77,-5.52,0.0,0.0,13.57,34.21,20.64,0.34,0.28,38.57,48.25,9.68,4.02,6.39,2.14,32.46,30.32,28.63,27.38,55.0,71.05,16.05,0.5,0.49,44.29,64.04,19.75,0.04,0.05,43.57,66.67,23.1,0.04,0.14,57.86,91.23,33.37,38.93,40.38,39.29,60.53,21.24,7.01,6.32,24.29,7.89,-16.4,91.64,88.98,95.0,86.84,-8.16,61.24,63.71,57.86,78.07,20.21,54.76,57.45,25.71,28.95,3.24,71.43,78.05,89.29,95.61,6.32,33.33,0.0,12.14,13.16,1.02,11.11,25.0,24.29,57.02,32.73,0.0,0.0,31.43,34.21,2.78,0.0,100.0,28.57,95.61,67.04,63.81,68.48,20.71,34.21,13.5,50.94,58.33,5.0,25.44,20.44,22,1
J08-0154,Matheus Babi,matheus babi,ATA,ATA,0,Atacante,Atacante,Uruguai,Brasil A,A,0,2024,2024,2025,2025,1,2025,Peñarol,Juventude,Matheus Babi - Peñarol - Uruguai,Matheus Babi - Juventude - Brasil A,529,601,16.0,20.0,1,1,876,900,1,1,0,0,0.7778,-0.7145,-1.492,75.8,15.6,28.0,28.0,0.0,0.0,medida (72 pares),medida (156 pares),26.0,27.0,1.0,0,0,-0.0645,0.0,-1.4275,0.4603,-1.1748,única; único,única; único,50,50,0,29.09,25.16,88.0,92.0,4.0,8.68,7.04,82.0,88.0,6.0,0.68,0.3,4.0,2.0,-2.0,0.0,0.15,7.0,67.0,60.0,2.89,1.8,92.0,31.0,-61.0,2.04,0.45,50.0,0.0,-50.0,10.38,7.04,42.0,3.0,-39.0,4.42,3.29,98.0,52.0,-46.0,0.57,0.32,94.0,40.0,-54.0,0.0,0.15,1.0,20.0,19.0,17.35,11.23,48.0,6.0,-42.0,4.25,6.14,62.0,98.0,36.0,68.63,68.0,30.0,4.0,-26.0,32.16,35.12,14.0,28.0,14.0,45.1,34.04,90.0,48.0,-42.0,37.93,55.81,2.0,82.0,80.0,75.0,0.0,100.0,0.0,-100.0,52.94,25.0,92.0,2.0,-90.0,23.529,16.667,92.0,66.0,-26.0,0.0,0.0,1.0,7.0,6.0,66.67,33.33,39.0,2.0,-37.0,62.5,44.44,49.0,4.0,-45.0,22,1
J08-0155,Ytalo,ytalo,ATA,ATA,0,Atacante,Atacante,Brasil B,Brasil C,C,1,2023,2023,2024,2024,1,2024,Sampaio Corrêa,Remo,Ytalo - Sampaio Corrêa - Brasil B,Ytalo - Remo - Brasil C,2665,1353,31.0,20.0,0,0,900,592,0,0,0,0,0.0,1.5417,1.542,51.0,90.3,35.0,38.0,2.0,0.0,medida (60 pares),medida (53 pares),34.0,36.0,2.0,1,0,-0.9422,-1.2023,2.4842,0.2394,1.3023,única; único,única; único,49,36,0,13.1,12.64,7.14,4.17,-2.97,5.27,5.19,41.84,37.5,-4.34,0.3,0.4,1.02,6.94,5.92,0.0,0.07,3.06,37.5,34.44,1.65,2.33,37.76,72.22,34.46,0.84,0.8,11.22,9.72,-1.5,9.93,7.38,41.84,20.83,-21.01,2.7,2.73,48.98,59.72,10.74,0.39,0.44,91.84,84.72,-7.12,0.14,0.13,17.35,27.78,10.43,15.33,11.64,37.76,18.06,-19.7,3.34,2.99,44.9,36.11,-8.79,82.82,81.14,88.78,81.94,-6.84,39.43,37.89,76.53,59.72,-16.81,32.05,28.21,58.16,37.5,-20.66,56.41,53.66,82.65,43.06,-39.59,66.67,66.67,93.88,87.5,-6.38,61.22,51.43,98.98,79.17,-19.81,26.531,14.286,94.9,37.5,-57.4,25.0,0.0,38.78,13.89,-24.89,56.0,58.33,13.27,23.61,10.34,74.36,73.68,72.45,81.94,9.49,22,1
J08-0156,Pedro Raul,pedro raul,ATA,ATA,0,Atacante,Atacante,Mexico,Brasil A,A,0,2024,2024,2025,2025,1,2025,Toluca,Ceará,Pedro Raul - Toluca - Mexico,Pedro Raul - Ceará - Brasil A,699,3195,15.0,34.0,0,1,758,900,0,1,0,0,0.1801,-0.4227,-0.603,54.1,28.1,27.0,29.0,2.0,0.0,medida (102 pares),medida (156 pares),27.0,28.0,1.0,0,0,-0.2574,-0.2862,-0.3456,0.2905,-0.7132,única; único,única; único,42,50,0,23.18,24.56,57.14,91.0,33.86,5.54,8.87,47.62,93.0,45.38,2.83,1.24,69.05,33.0,-36.05,0.13,0.03,20.24,25.0,4.76,2.58,2.25,63.1,61.0,-2.1,1.03,1.15,17.86,29.0,11.14,11.59,8.51,47.62,18.0,-29.62,3.48,3.75,54.76,79.0,24.24,0.34,0.35,40.48,53.0,12.52,0.26,0.17,46.43,23.0,-23.43,17.25,13.01,57.14,24.0,-33.14,3.61,2.28,59.52,18.0,-41.52,75.37,72.94,35.71,11.0,-24.71,34.44,33.14,40.48,21.0,-19.48,39.53,35.24,64.29,55.0,-9.29,56.0,54.05,64.29,75.0,10.71,45.45,38.64,42.86,13.0,-29.86,35.0,45.0,26.19,69.0,42.81,10.0,13.75,14.29,43.0,28.71,33.33,12.5,55.95,17.0,-38.95,62.5,53.66,9.52,19.0,9.48,61.54,52.08,25.0,11.0,-14.0,22,1
J08-0157,Gabriel Novaes,gabriel novaes,ATA,ATA,0,Atacante,Atacante,Brasil A,Brasil B,B,1,2022,2022,2024,2024,2,2024,Red Bull Bragantino,Ponte Preta,Gabriel Novaes - Red Bull Bragantino - Brasil A,Gabriel Novaes - Ponte Preta - Brasil B,455,2175,13.0,26.0,0,1,900,900,0,1,0,0,-0.7255,1.9918,2.717,26.2,88.9,27.0,27.0,0.0,0.0,medida (79 pares),medida (76 pares),23.0,25.0,2.0,0,0,-0.034,0.0,2.751,0.2489,1.7429,única; único,única; único,40,45,0,20.77,23.13,42.5,83.33,40.83,3.76,4.34,35.0,41.11,6.11,1.78,2.86,37.5,82.22,44.72,0.59,0.33,72.5,80.0,7.5,0.99,1.99,0.0,63.33,63.33,0.4,2.23,0.0,65.56,65.56,8.7,13.49,12.5,63.33,50.83,1.98,3.02,5.0,65.56,60.56,0.25,0.28,15.0,48.89,33.89,0.2,0.41,32.5,76.67,44.17,13.45,19.7,20.0,70.0,50.0,3.76,4.92,60.0,78.89,18.89,83.82,84.66,90.0,94.44,4.44,40.95,39.36,72.5,74.44,1.94,42.11,36.19,77.5,74.44,-3.06,56.52,63.93,87.5,92.22,4.72,44.44,49.28,23.75,61.11,37.36,60.0,43.75,100.0,72.22,-27.78,20.0,12.5,85.0,48.89,-36.11,0.0,33.33,1.25,65.56,64.31,100.0,68.52,100.0,25.56,-74.44,80.0,71.05,80.0,63.33,-16.67,22,1
J08-0158,Bruno Marques,bruno marques,ATA,ATA,0,Atacante,Atacante,Brasil B,Brasil C,C,1,2024,2024,2025,2025,1,2025,Botafogo SP,Retrô,Bruno Marques - Botafogo SP - Brasil B,Bruno Marques - Retrô - Brasil C,502,233,13.0,5.0,1,1,900,616,1,1,0,0,1.1306,0.29,-0.841,77.8,62.0,27.0,27.0,0.0,0.0,medida (76 pares),medida (70 pares),25.0,26.0,1.0,0,0,-0.0645,0.0,-0.7765,0.5605,-0.2705,única; único,única; único,45,28,0,30.12,27.81,95.56,78.57,-16.99,12.01,6.95,97.78,50.0,-47.78,1.43,1.55,46.67,60.71,14.04,0.0,0.0,11.11,14.29,3.18,3.05,0.77,97.78,0.0,-97.78,0.9,0.39,15.56,3.57,-11.99,8.78,5.41,33.33,7.14,-26.19,3.94,4.25,95.56,94.64,-0.92,0.61,0.39,100.0,89.29,-10.71,0.36,0.0,73.33,5.36,-67.97,12.37,9.66,20.0,7.14,-12.86,5.2,5.79,84.44,96.43,11.99,79.71,88.0,68.89,100.0,31.11,41.07,31.94,88.89,25.0,-63.89,38.81,38.89,82.22,78.57,-3.65,55.88,52.94,65.56,67.86,2.3,37.5,0.0,18.89,1.79,-17.1,29.41,50.0,22.22,82.14,59.92,5.882,0.0,13.33,3.57,-9.76,0.0,50.0,4.44,94.64,90.2,40.0,100.0,0.0,98.21,98.21,50.0,100.0,16.67,100.0,83.33,22,1
J08-0159,Romarinho,romarinho,EXT,EXT,0,Extremo - Direita,Extremo - Esquerda,Arabia Saudita A,Brasil A,A,0,2024,2024,2025,2025,1,2025,Al Ittihad,Sport Recife,Romarinho - Al Ittihad - Arabia Saudita A,Romarinho - Sport Recife - Brasil A,1695,1075,19.0,26.0,0,0,521,900,0,0,0,0,2.6733,0.1654,-2.508,95.9,63.8,33.0,32.0,2.0,0.0,medida (65 pares),medida (156 pares),33.0,31.0,-2.0,-3,1,0.7966,0.054,-3.3046,1.4214,-1.256,única; único,única; único,49,57,0,17.52,20.09,33.67,57.02,23.35,1.7,0.75,74.49,2.63,-71.86,3.82,5.02,37.76,74.56,36.8,0.37,0.33,15.31,46.49,31.18,1.86,1.67,66.33,41.23,-25.1,3.19,3.85,29.59,56.14,26.55,29.58,24.36,84.69,74.56,-10.13,4.19,2.68,88.78,48.25,-40.53,0.33,0.18,84.69,49.12,-35.57,0.27,0.5,20.41,54.39,33.98,38.07,30.89,90.82,74.56,-16.26,4.67,2.93,35.71,9.65,-26.06,87.31,82.38,98.98,88.6,-10.38,42.42,41.67,26.53,25.44,-1.09,28.13,22.22,43.88,29.82,-14.06,50.82,65.52,33.67,93.86,60.19,47.22,45.0,21.43,11.4,-10.03,51.43,25.0,78.57,9.65,-68.92,14.286,10.0,62.24,53.51,-8.73,15.79,26.67,9.18,35.96,26.78,85.0,82.61,80.61,86.84,6.23,83.78,75.0,92.86,52.63,-40.23,22,0
J08-0160,Lucas Braga,lucas braga,EXT,EXT,0,Extremo - Direita,Extremo - Direita,Japao B,Brasil A,A,0,2024,2024,2025,2025,1,2025,Shimizu S-Pulse,Vitória,Lucas Braga - Shimizu S-Pulse - Japao B,Lucas Braga - Vitória - Brasil A,2389,1091,35.0,21.0,0,0,900,900,0,0,0,0,2.5285,-1.4938,-4.022,94.7,13.9,29.0,29.0,0.0,0.0,medida (128 pares),medida (156 pares),27.0,28.0,1.0,0,0,-0.0687,0.0,-3.9533,1.3576,-2.8514,única; único,única; único,44,57,0,21.29,17.49,78.41,37.72,-40.69,3.2,3.46,67.05,85.09,18.04,4.75,3.05,67.05,25.44,-41.61,0.49,0.25,62.5,35.09,-27.41,1.51,0.66,35.23,0.88,-34.35,3.09,3.79,28.41,51.75,23.34,20.19,18.07,64.77,30.7,-34.07,2.37,1.48,44.32,2.63,-41.69,0.23,0.11,77.27,9.65,-67.62,0.15,0.25,5.68,6.14,0.46,27.31,22.85,62.5,25.44,-37.06,4.48,5.28,23.86,51.75,27.89,83.31,79.42,94.32,55.26,-39.06,41.24,39.62,32.95,11.4,-21.55,23.53,23.81,28.41,34.21,5.8,61.68,53.57,69.32,34.21,-35.11,62.7,37.84,82.95,2.63,-80.32,45.0,50.0,81.82,94.74,12.92,17.5,12.5,82.95,69.3,-13.65,32.0,18.75,48.86,9.65,-39.21,71.95,58.7,48.86,2.63,-46.23,73.53,68.97,82.95,28.95,-54.0,22,1
J08-0161,Luiz Henrique,luiz henrique,EXT,EXT,0,Extremo - Direita,Extremo - Esquerda,Brasil A,Brasil B,B,1,2022,2022,2023,2023,1,2023,Fluminense,Botafogo SP,Luiz Henrique - Fluminense - Brasil A,Luiz Henrique - Botafogo SP - Brasil B,1156,1614,14.0,27.0,0,0,900,900,0,0,0,0,0.6097,-2.3884,-2.998,72.1,3.4,25.0,24.0,0.0,2.0,medida (79 pares),medida (60 pares),21.0,23.0,2.0,1,0,0.182,-0.0915,-3.18,0.5134,-2.9018,única; único,única; único,62,57,0,28.88,12.49,95.97,2.63,-93.34,4.52,2.23,92.74,35.96,-56.78,5.06,0.95,54.03,0.88,-53.15,0.31,0.22,6.45,4.39,-2.06,1.95,0.95,63.71,4.39,-59.32,3.43,5.41,33.87,90.35,56.48,18.45,21.58,49.19,85.09,35.9,3.5,0.39,83.06,0.88,-82.18,0.18,0.03,59.68,1.75,-57.93,0.62,0.22,70.97,9.65,-61.32,26.78,31.34,55.65,88.6,32.95,8.56,6.02,94.35,69.3,-25.05,77.33,78.47,42.74,64.91,22.17,44.47,45.98,58.87,81.58,22.71,34.48,37.5,58.87,81.58,22.71,65.06,52.78,95.97,35.96,-60.01,69.23,35.29,99.19,0.88,-98.31,20.0,11.76,2.42,0.88,-1.54,8.0,0.0,50.81,6.14,-44.67,35.71,40.48,72.58,76.32,3.74,65.91,69.07,12.1,11.4,-0.7,59.26,71.91,16.94,65.79,48.85,22,1
J08-0162,Luiz Henrique,luiz henrique,EXT,EXT,0,Extremo - Esquerda,Extremo - Direita,Brasil B,Brasil A,A,1,2023,2023,2024,2024,1,2024,Botafogo SP,Botafogo,Luiz Henrique - Botafogo SP - Brasil B,Luiz Henrique - Botafogo - Brasil A,1614,2772,27.0,35.0,0,0,900,900,0,0,0,0,-2.3884,0.0,2.388,3.4,51.3,24.0,25.0,2.0,0.0,medida (60 pares),medida (113 pares),23.0,23.0,0.0,-1,0,0.0,0.0915,2.388,-0.8058,0.8058,única; único,única; único,57,58,0,12.49,25.19,2.63,85.34,82.71,2.23,2.6,35.96,66.38,30.42,0.95,6.98,0.88,83.62,82.74,0.22,0.39,4.39,41.38,36.99,0.95,1.66,4.39,42.24,37.85,5.41,3.67,90.35,33.62,-56.73,21.58,18.38,85.09,31.9,-53.19,0.39,3.15,0.88,75.0,74.12,0.03,0.21,1.75,72.41,70.66,0.22,0.49,9.65,70.69,61.04,31.34,25.39,88.6,30.17,-58.43,6.02,6.36,69.3,73.28,3.98,78.47,78.9,64.91,51.72,-13.19,45.98,44.2,81.58,54.31,-27.27,37.5,43.75,81.58,83.62,2.04,52.78,61.11,35.96,66.38,30.42,35.29,56.74,0.88,73.28,72.4,11.76,41.18,0.88,61.21,60.33,0.0,13.725,6.14,75.0,68.86,40.48,27.85,76.32,25.0,-51.32,69.07,80.53,11.4,64.66,53.26,71.91,81.63,65.79,81.9,16.11,22,1
J08-0163,Alesson,alesson,EXT,EXT,0,Extremo - Esquerda,Extremo - Esquerda,Brasil A,Brasil B,B,1,2023,2023,2024,2024,1,2024,Goiás,Vila Nova,Alesson - Goiás - Brasil A,Alesson - Vila Nova - Brasil B,815,3437,23.0,35.0,0,1,900,900,0,1,0,0,-0.2783,2.4442,2.723,38.6,95.0,27.0,27.0,0.0,0.0,medida (82 pares),medida (76 pares),24.0,25.0,1.0,0,0,0.0306,0.0,2.6924,0.1226,2.3216,única; único,única; único,59,60,0,25.29,23.51,84.75,82.5,-2.25,3.53,2.91,86.44,74.17,-12.27,4.86,3.67,50.85,44.17,-6.68,1.44,0.68,74.58,79.17,4.59,1.55,1.99,35.59,65.0,29.41,3.09,3.14,13.56,35.83,22.27,12.48,14.27,1.69,22.5,20.81,2.87,2.91,66.95,80.83,13.88,0.14,0.36,32.2,99.17,66.97,0.22,0.5,7.63,81.67,74.04,20.32,21.18,3.39,30.83,27.44,6.07,5.13,66.1,57.5,-8.6,67.39,72.93,0.0,24.17,24.17,38.43,37.97,1.69,5.83,4.14,37.5,29.73,60.17,53.33,-6.84,63.33,53.46,96.61,22.5,-74.11,36.36,46.43,0.0,15.83,15.83,21.43,44.74,6.78,82.5,75.72,14.286,14.474,79.66,80.83,1.17,11.11,29.0,0.0,39.17,39.17,64.29,80.83,3.39,80.83,77.44,62.5,62.35,15.25,24.17,8.92,22,1
J08-0164,Alesson,alesson,EXT,EXT,0,Extremo - Esquerda,Extremo - Esquerda,Brasil B,Brasil A,A,1,2024,2024,2025,2025,1,2025,Vila Nova,Mirassol,Alesson - Vila Nova - Brasil B,Alesson - Mirassol - Brasil A,3437,1585,35.0,26.0,0,0,900,900,0,0,0,0,2.4442,2.0236,-0.421,95.0,93.6,27.0,27.0,0.0,0.0,medida (76 pares),medida (156 pares),25.0,26.0,1.0,0,0,-0.0553,0.0,-0.3657,1.3205,0.7031,única; único,única; único,60,57,0,23.51,22.49,82.5,81.58,-0.92,2.91,2.33,74.17,65.79,-8.38,3.67,5.11,44.17,76.32,32.15,0.68,0.4,79.17,62.28,-16.89,1.99,1.48,65.0,20.18,-44.82,3.14,3.75,35.83,50.0,14.17,14.27,17.26,22.5,21.93,-0.57,2.91,3.12,80.83,72.81,-8.02,0.36,0.26,99.17,90.35,-8.82,0.5,0.68,81.67,85.96,4.29,21.18,24.98,30.83,50.0,19.17,5.13,5.39,57.5,57.02,-0.48,72.93,79.77,24.17,64.04,39.87,37.97,38.38,5.83,2.63,-3.2,29.73,34.15,53.33,57.02,3.69,53.46,53.47,22.5,30.7,8.2,46.43,43.33,15.83,4.39,-11.44,44.74,46.15,82.5,92.11,9.61,14.474,23.077,80.83,99.12,18.29,29.0,30.77,39.17,48.25,9.08,80.83,78.79,80.83,75.44,-5.39,62.35,83.33,24.17,94.74,70.57,22,1
J08-0165,Paulinho Bóia,paulinho boia,EXT,EXT,0,Extremo - Esquerda,Extremo - Direita,Japao A,Brasil B,B,0,2023,2023,2024,2024,1,2024,Kyoto Sanga,Paysandu,Paulinho Bóia - Kyoto Sanga - Japao A,Paulinho Bóia - Paysandu - Brasil B,212,1198,7.0,18.0,0,1,805,900,0,1,0,0,-0.1978,0.4582,0.656,43.2,77.3,24.0,27.0,2.0,0.0,medida (122 pares),medida (76 pares),23.0,25.0,2.0,1,0,0.0612,-0.0241,0.5948,0.1581,0.3001,única; único,única; único,44,60,0,30.14,20.81,100.0,54.17,-45.83,2.55,2.48,61.36,59.17,-2.19,8.49,6.46,97.73,90.83,-6.9,0.42,0.45,17.05,50.83,33.78,0.85,2.18,6.82,77.5,70.68,3.4,3.91,36.36,59.17,22.81,14.43,21.41,15.91,77.5,61.59,2.12,2.4,22.73,55.83,33.1,0.05,0.16,0.0,50.83,50.83,0.42,0.23,38.64,27.5,-11.14,27.17,28.55,52.27,74.17,21.9,7.64,4.96,95.45,52.5,-42.95,64.06,80.53,4.55,79.17,74.62,46.48,51.26,84.09,97.5,13.41,33.33,12.12,64.77,2.5,-62.27,71.43,63.04,100.0,78.33,-21.67,65.0,63.95,93.18,82.5,-10.68,50.0,44.83,94.32,84.17,-10.15,0.0,10.345,4.55,59.17,54.62,16.67,23.68,2.27,12.5,10.23,62.5,86.54,13.64,97.5,83.86,50.0,66.0,10.23,41.67,31.44,22,1
J08-0166,Dudu,dudu,LAT,LAT,0,Lateral Direito,Lateral Direito,Brasil A,Brasil B,B,1,2024,2024,2025,2025,1,2025,Criciúma,Atlético GO,Dudu - Criciúma - Brasil A,Dudu - Atlético GO - Brasil B,879,718,18.0,11.0,1,1,900,900,1,1,0,0,0.0,-0.5421,-0.542,51.2,29.5,29.0,29.0,0.0,0.0,medida (113 pares),medida (111 pares),27.0,28.0,1.0,0,0,-0.1006,0.0,-0.4414,0.1337,-0.6758,única; homônimo resolvido pelo clube,única; único,67,68,0,14.44,12.41,37.31,33.82,-3.49,1.84,2.13,28.36,37.5,9.14,1.64,1.75,52.24,52.94,0.7,0.0,0.0,0.75,5.88,5.13,0.61,0.25,47.76,11.76,-36.0,11.57,8.15,98.51,62.5,-36.01,34.81,26.57,85.07,51.47,-33.6,1.43,0.88,79.1,52.94,-26.16,0.02,0.08,26.87,77.94,51.07,0.72,0.25,98.51,27.94,-70.57,45.77,33.97,83.58,32.35,-51.23,9.01,6.77,67.16,35.29,-31.87,81.43,83.76,58.21,92.65,34.44,51.77,49.49,34.33,20.59,-13.74,33.33,29.41,5.97,5.15,-0.82,65.38,60.87,75.37,45.59,-29.78,43.75,35.71,2.99,2.94,-0.05,50.0,50.0,91.04,95.59,4.55,0.0,50.0,19.4,100.0,80.6,33.33,29.41,28.36,17.65,-10.71,82.3,89.23,97.76,100.0,2.24,77.05,82.86,76.12,97.06,20.94,22,1
J08-0167,Erick,erick,LAT,LAT,0,Lateral Direito,Lateral Direito,Belgica A,Brasil C,C,0,2025,2025,jun26,2026,1,2026,Cercle Brugge,Botafogo PB,Erick - Cercle Brugge - Belgica A,Erick - Botafogo PB - Brasil C,1972,584,33.0,7.0,1,0,900,213,0,0,1,0,0.4099,-1.0432,-1.453,72.3,25.0,22.0,22.0,0.0,0.0,medida (123 pares),referência,21.0,22.0,1.0,0,0,0.0523,0.0,-1.5053,0.3065,-1.3497,única; único,única; único,53,56,0,24.78,12.17,99.06,24.11,-74.95,2.65,2.47,68.87,50.89,-17.98,3.74,1.23,83.96,54.46,-29.5,0.59,0.31,80.19,75.89,-4.3,0.87,0.46,72.64,40.18,-32.46,4.7,8.48,4.72,54.46,49.74,12.78,27.74,0.94,71.43,70.49,1.73,1.39,69.81,87.5,17.69,0.08,0.11,71.7,91.96,20.26,0.46,0.46,70.75,60.71,-10.04,23.82,38.68,0.94,70.54,69.6,12.14,6.01,99.06,24.11,-74.95,65.13,76.89,4.72,47.32,42.6,44.38,45.57,4.72,11.61,6.89,31.03,31.25,17.92,11.61,-6.31,61.99,54.84,51.89,34.82,-17.07,42.68,62.5,10.38,64.29,53.91,31.58,66.67,48.11,92.86,44.75,0.0,0.0,21.7,40.18,18.48,37.93,39.29,74.53,49.11,-25.42,67.96,70.91,38.68,34.82,-3.86,54.22,71.05,4.72,63.39,58.67,22,1
J08-0168,Nicolas,nicolas,LAT,LAT,0,Lateral Esquerdo,Lateral Esquerdo,Brasil A,Brasil B,B,1,2023,2023,2024,2024,1,2024,América Mineiro,América Mineiro,Nicolas - América Mineiro - Brasil A,Nicolas - América Mineiro - Brasil B,807,974,11.0,16.0,0,1,900,900,0,1,0,0,-1.1782,2.8545,4.033,9.5,95.7,29.0,29.0,0.0,0.0,medida (82 pares),medida (76 pares),26.0,27.0,1.0,0,0,-0.0817,0.0,4.1147,-0.363,3.2175,única; único,única; homônimo resolvido pelo clube,62,63,0,15.5,15.71,37.1,46.83,9.73,2.01,2.13,20.97,27.78,6.81,2.57,1.57,66.13,50.0,-16.13,0.45,1.02,35.48,97.62,62.14,0.89,1.11,79.84,85.71,5.87,6.02,8.69,22.58,64.29,41.71,15.5,34.93,3.23,94.44,91.21,1.12,0.83,70.97,59.52,-11.45,0.05,0.08,72.58,86.51,13.93,0.11,0.55,2.42,99.21,96.79,24.87,45.28,3.23,94.44,91.21,10.04,9.43,77.42,67.46,-9.96,69.06,84.49,0.0,92.86,92.86,53.24,42.35,53.23,0.79,-52.44,61.11,39.13,91.94,23.02,-68.92,53.03,53.25,6.45,7.14,0.69,60.87,41.18,64.52,5.56,-58.96,62.5,41.67,94.35,80.95,-13.4,12.5,8.333,80.65,73.81,-6.84,21.74,46.15,11.29,94.44,83.15,59.26,80.85,1.61,94.44,92.83,65.38,70.69,16.94,61.11,44.17,22,1
J08-0169,Nicolas,nicolas,LAT,LAT,0,Lateral Esquerdo,Lateral Esquerdo,Brasil B,Brasil A,A,1,2024,2024,2025,2025,1,2025,América Mineiro,Ceará,Nicolas - América Mineiro - Brasil B,Nicolas - Ceará - Brasil A,974,685,16.0,13.0,1,0,900,900,1,0,0,0,2.8545,0.0,-2.854,95.7,51.2,29.0,29.0,0.0,0.0,medida (76 pares),medida (156 pares),27.0,28.0,1.0,0,0,-0.1006,0.0,-2.7534,1.3372,-1.3372,única; homônimo resolvido pelo clube,única; único,63,72,0,15.71,13.01,46.83,29.17,-17.66,2.13,1.05,27.78,1.39,-26.39,1.57,1.97,50.0,79.17,29.17,1.02,0.39,97.62,89.58,-8.04,1.11,0.66,85.71,52.78,-32.93,8.69,7.36,64.29,56.25,-8.04,34.93,25.62,94.44,40.28,-54.16,0.83,0.53,59.52,12.5,-47.02,0.08,0.02,86.51,26.39,-60.12,0.55,0.13,99.21,6.94,-92.27,45.28,35.47,94.44,38.89,-55.55,9.43,5.78,67.46,6.94,-60.52,84.49,78.52,92.86,29.17,-63.69,42.35,55.56,0.79,79.86,79.07,39.13,50.0,23.02,60.42,37.4,53.25,57.5,7.14,26.39,19.25,41.18,53.33,5.56,34.72,29.16,41.67,20.0,80.95,27.08,-53.87,8.333,0.0,73.81,22.92,-50.89,46.15,35.14,94.44,43.06,-51.38,80.85,75.0,94.44,70.14,-24.3,70.69,66.67,61.11,25.69,-35.42,22,1
J08-0170,Nicolas,nicolas,LAT,LAT,0,Lateral Esquerdo,Lateral Esquerdo,Brasil A,Brasil B,B,1,2025,2025,jun26,2026,1,2026,Ceará,Goiás,Nicolas - Ceará - Brasil A,Nicolas - Goiás - Brasil B,685,886,13.0,10.0,1,1,900,284,0,1,1,0,0.0,-0.5297,-0.53,51.2,36.7,29.0,29.0,0.0,0.0,medida (156 pares),referência,28.0,29.0,1.0,0,0,-0.1006,0.0,-0.4294,0.1337,-0.6634,única; único,única; homônimo resolvido pelo clube,72,63,0,13.01,13.61,29.17,53.17,24.0,1.05,0.81,1.39,7.14,5.75,1.97,2.44,79.17,78.57,-0.6,0.39,0.0,89.58,17.46,-72.12,0.66,0.1,52.78,10.32,-42.46,7.36,6.91,56.25,42.86,-13.39,25.62,29.26,40.28,80.16,39.88,0.53,0.81,12.5,50.0,37.5,0.02,0.0,26.39,9.52,-16.87,0.13,0.51,6.94,76.98,70.04,35.47,37.99,38.89,70.63,31.74,5.78,6.3,6.94,26.19,19.25,78.52,79.68,29.17,59.52,30.35,55.56,44.78,79.86,13.49,-66.37,50.0,37.5,60.42,24.6,-35.82,57.5,54.24,26.39,23.02,-3.37,53.33,45.83,34.72,19.84,-14.88,20.0,100.0,27.08,94.44,67.36,0.0,0.0,22.92,38.89,15.97,35.14,38.71,43.06,61.11,18.05,75.0,63.24,70.14,23.02,-47.12,66.67,61.76,25.69,21.43,-4.26,22,1
J08-0171,Matheus Bahia,matheus bahia,LAT,LAT,0,Lateral Esquerdo,Lateral Esquerdo,Brasil A,Brasil B,B,1,2023,2023,2024,2024,1,2024,Bahia,Ceará,Matheus Bahia - Bahia - Brasil A,Matheus Bahia - Ceará - Brasil B,607,3056,13.0,33.0,0,1,900,900,0,1,0,0,-0.6642,0.9031,1.567,26.2,76.1,26.0,26.0,0.0,0.0,medida (82 pares),medida (76 pares),23.0,24.0,1.0,0,0,0.0243,0.0,1.5427,-0.1463,1.0494,única; único,única; único,62,63,0,16.75,15.11,49.19,35.71,-13.48,1.78,1.47,14.52,8.73,-5.79,1.48,2.68,30.65,83.33,52.68,0.59,0.47,52.42,83.33,30.91,0.89,0.62,79.84,47.62,-32.22,5.34,7.57,11.29,39.68,28.39,23.13,23.5,29.03,35.71,6.68,0.89,1.03,54.84,76.98,22.14,0.07,0.02,83.87,29.37,-54.5,0.15,0.38,9.68,83.33,73.65,32.47,33.28,24.19,37.3,13.11,10.53,8.1,83.87,34.13,-49.74,67.12,74.07,0.0,15.08,15.08,57.52,55.75,85.48,69.84,-15.64,91.67,56.0,100.0,71.43,-28.57,66.07,66.06,88.71,75.4,-13.31,30.0,53.85,1.61,42.06,40.45,16.67,19.05,22.58,29.37,6.79,0.0,0.0,21.77,22.22,0.45,26.09,32.87,14.52,43.65,29.13,55.56,71.21,0.0,38.89,38.89,45.45,66.44,0.0,42.06,42.06,22,1
J08-0172,Matheus Bahia,matheus bahia,LAT,LAT,0,Lateral Esquerdo,Lateral Esquerdo,Brasil B,Brasil A,A,1,2024,2024,2025,2025,1,2025,Ceará,Ceará,Matheus Bahia - Ceará - Brasil B,Matheus Bahia - Ceará - Brasil A,3056,2728,33.0,28.0,0,0,900,900,0,0,0,0,0.9031,-1.0551,-1.958,76.1,17.1,26.0,26.0,0.0,0.0,medida (76 pares),medida (156 pares),24.0,25.0,1.0,0,0,0.0243,0.0,-1.9823,0.5144,-1.5695,única; único,única; único,63,72,0,15.11,11.81,35.71,20.14,-15.57,1.47,1.12,8.73,2.08,-6.65,2.68,2.05,83.33,82.64,-0.69,0.47,0.36,83.33,84.03,0.7,0.62,0.46,47.62,34.72,-12.9,7.57,7.69,39.68,61.81,22.13,23.5,23.75,35.71,28.47,-7.24,1.03,0.69,76.98,23.61,-53.37,0.02,0.01,29.37,11.81,-17.56,0.38,0.3,83.33,38.19,-45.14,33.28,31.77,37.3,22.92,-14.38,8.1,6.66,34.13,18.06,-16.07,74.07,77.88,15.08,25.69,10.61,55.75,55.31,69.84,78.47,8.63,56.0,52.94,71.43,71.53,0.1,66.06,55.13,75.4,22.92,-52.48,53.85,59.68,42.06,53.47,11.41,19.05,21.43,29.37,31.25,1.88,0.0,0.0,22.22,22.92,0.7,32.87,41.41,43.65,77.08,33.43,71.21,71.67,38.89,52.08,13.19,66.44,74.78,42.06,57.64,15.58,22,1
J08-0173,Lucas Esteves,lucas esteves,LAT,LAT,0,Lateral Esquerdo,Lateral Esquerdo,Brasil B,Brasil A,A,1,2023,2023,2024,2024,1,2024,Atlético GO,Vitória,Lucas Esteves - Atlético GO - Brasil B,Lucas Esteves - Vitória - Brasil A,1507,3304,16.0,34.0,0,0,900,900,0,0,0,0,-0.2318,-0.4,-0.168,44.7,43.2,23.0,25.0,2.0,0.0,medida (60 pares),medida (113 pares),22.0,23.0,1.0,0,0,0.0523,0.1462,-0.2203,0.036,-0.436,única; único,única; único,74,67,0,14.51,14.16,27.7,32.09,4.39,3.11,3.24,56.08,79.1,23.02,1.85,1.2,43.92,29.1,-14.82,0.24,0.33,24.32,57.46,33.14,0.72,0.87,64.86,73.13,8.27,7.64,7.38,35.14,42.54,7.4,23.65,22.64,38.51,14.18,-24.33,0.72,0.76,64.19,34.33,-29.86,0.03,0.05,52.7,57.46,4.76,0.36,0.25,64.86,38.06,-26.8,32.07,32.28,29.73,20.15,-9.58,7.05,7.76,14.19,35.82,21.63,79.7,81.18,63.51,57.46,-6.05,54.32,57.31,58.78,85.82,27.04,53.85,52.94,60.14,75.37,15.23,62.14,63.96,64.19,67.91,3.72,64.52,68.18,77.7,87.31,9.61,25.0,18.75,56.76,20.9,-35.86,0.0,3.125,32.43,41.04,8.61,38.46,42.27,62.16,90.3,28.14,71.88,72.69,41.22,33.58,-7.64,65.85,74.83,33.11,54.48,21.37,22,1
J08-0174,Diego Pituca,diego pituca,MED,MED,0,Medio,Medio,Japao A,Brasil B,B,0,2023,2023,2024,2024,1,2024,Kashima Antlers,Santos,Diego Pituca - Kashima Antlers - Japao A,Diego Pituca - Santos - Brasil B,2915,3416,31.0,36.0,0,0,805,900,0,0,0,0,0.3219,1.8747,1.553,62.5,88.7,31.0,33.0,2.0,0.0,medida (122 pares),medida (76 pares),30.0,31.0,1.0,0,0,-0.0894,-0.3176,1.6424,0.312,1.5627,única; único,única; único,32,42,0,16.05,12.38,60.94,17.86,-43.08,2.72,1.79,67.19,34.52,-32.67,1.02,0.53,32.81,13.1,-19.71,0.59,0.26,85.94,75.0,-10.94,1.17,1.45,67.19,89.29,22.1,6.61,7.85,79.69,96.43,16.74,27.26,38.44,67.19,98.81,31.62,0.52,0.63,21.88,30.95,9.07,0.05,0.08,35.94,52.38,16.44,0.25,0.18,60.94,58.33,-2.61,45.42,50.93,73.44,96.43,22.99,9.6,7.4,67.19,51.19,-16.0,83.68,88.15,48.44,86.9,38.46,53.27,51.28,70.31,65.48,-4.83,47.73,54.41,73.44,86.9,13.46,59.89,60.99,57.81,70.24,12.43,69.7,45.0,89.06,38.1,-50.96,23.68,29.09,45.31,48.81,3.5,7.895,7.273,67.19,46.43,-20.76,27.91,45.16,39.06,84.52,45.46,67.76,86.24,20.31,96.43,76.12,70.95,75.42,45.31,65.48,20.17,22,1
J08-0175,Charles,charles,MED,MED,0,Medio,Medio,Brasil A,Brasil C,C,1,2024,2024,2025,2025,1,2025,Corinthians,Ypiranga Erechim,Charles - Corinthians - Brasil A,Charles - Ypiranga Erechim - Brasil C,656,1393,13.0,15.0,0,1,900,616,0,1,0,0,-0.4694,-0.5587,-0.089,31.7,33.3,30.0,31.0,0.0,0.0,medida (113 pares),medida (70 pares),28.0,30.0,2.0,1,0,-0.1221,-0.0384,0.0331,-0.1895,-0.3692,única; único,única; único,31,39,0,19.07,13.18,77.42,24.36,-53.06,3.7,3.88,96.77,78.21,-18.56,0.41,0.26,6.45,3.85,-2.6,0.14,0.0,40.32,25.64,-14.68,0.69,1.87,19.35,84.62,65.27,5.63,9.43,67.74,96.15,28.41,23.6,28.62,25.81,75.64,49.83,0.55,0.84,24.19,57.69,33.5,0.06,0.12,54.84,85.9,31.06,0.0,0.06,3.23,32.05,28.82,31.97,44.32,12.9,78.21,65.31,11.66,8.46,96.77,73.08,-23.69,82.4,87.03,16.13,91.03,74.9,57.55,51.47,96.77,60.26,-36.51,62.96,60.0,100.0,85.9,-14.1,56.47,51.65,16.13,14.1,-2.03,66.67,50.0,83.87,30.77,-53.1,60.0,34.48,100.0,73.08,-26.92,20.0,6.897,98.39,57.69,-40.7,0.0,66.67,0.0,93.59,93.59,70.73,79.45,35.48,57.69,22.21,80.0,70.48,66.13,57.69,-8.44,22,1
J08-0176,Marcão,marcao,MED,MED,0,Medio,Medio,Brasil A,Brasil B,B,1,2022,2022,2024,2024,2,2024,Cuiabá,Goiás,Marcão - Cuiabá - Brasil A,Marcão - Goiás - Brasil B,1448,3060,26.0,34.0,0,0,900,900,0,0,0,0,-2.0915,-0.8206,1.271,3.5,12.9,35.0,35.0,0.0,0.0,medida (79 pares),medida (76 pares),31.0,33.0,2.0,0,0,-0.5958,0.0,1.8668,-0.6637,-0.1569,única; único,única; homônimo resolvido pelo clube,38,42,0,18.15,15.09,53.95,46.43,-7.52,5.22,3.85,98.68,89.29,-9.39,1.24,0.62,44.74,16.67,-28.07,0.0,0.09,5.26,33.33,28.07,0.81,0.79,40.79,28.57,-12.22,2.86,2.68,1.32,1.19,-0.13,13.61,13.76,3.95,1.19,-2.76,0.87,1.06,40.79,75.0,34.21,0.13,0.13,82.89,88.1,5.21,0.12,0.03,27.63,16.67,-10.96,23.87,22.21,3.95,1.19,-2.76,9.07,7.21,69.74,46.43,-23.31,88.02,86.62,82.89,75.0,-7.89,51.37,49.71,67.11,48.81,-18.3,47.62,48.09,59.21,55.95,-3.26,63.21,61.68,80.26,82.14,1.88,65.0,66.67,67.11,95.24,28.13,38.46,48.15,75.0,96.43,21.43,0.0,25.926,21.05,98.81,77.76,100.0,0.0,98.68,1.19,-97.49,69.57,68.13,19.74,15.48,-4.26,83.72,81.44,80.26,84.52,4.26,22,1
J08-0177,Xavier,xavier,MED,MED,0,Medio,Medio,Brasil A,Brasil C,C,1,2020,2020,2023,2023,3,2023,Corinthians,Amazonas,Xavier - Corinthians - Brasil A,Xavier - Amazonas - Brasil C,971,1027,18.0,19.0,0,0,900,545,0,0,0,0,-0.3308,0.7591,1.09,44.9,69.0,26.0,28.0,0.0,3.0,medida (57 pares),medida (23 pares),20.0,28.0,8.0,5,1,0.6317,0.0225,0.4583,0.1356,0.6235,única; único,única; único,48,42,0,17.05,16.65,46.88,53.57,6.69,2.97,2.37,73.96,46.43,-27.53,1.11,0.44,26.04,8.33,-17.71,0.28,0.18,30.21,54.76,24.55,0.28,0.96,1.04,53.57,52.53,4.17,6.84,17.71,53.57,35.86,15.94,30.32,1.04,82.14,81.1,0.37,0.53,29.17,67.86,38.69,0.01,0.03,5.21,30.95,25.74,0.37,0.26,83.33,89.29,5.96,28.27,43.38,3.12,82.14,79.02,10.2,7.54,88.54,35.71,-52.83,82.62,87.47,5.21,84.52,79.31,52.17,46.32,69.79,17.86,-51.93,65.63,40.74,98.96,25.0,-73.96,60.56,42.86,86.46,3.57,-82.89,50.0,100.0,16.67,98.81,82.14,33.33,54.55,73.96,96.43,22.47,0.0,0.0,18.75,29.76,11.01,0.0,25.0,5.21,46.43,41.22,57.78,74.36,1.04,39.29,38.25,63.64,85.11,1.04,98.81,97.77,22,0
J08-0178,Danilo,danilo,VOL,VOL,0,Volante,Volante,Inglaterra A,Brasil A,A,0,2024,2024,2025,2025,1,2025,Nottingham Forest,Botafogo,Danilo - Nottingham Forest - Inglaterra A,Danilo - Botafogo - Brasil A,1209,910,20.0,13.0,0,0,639,900,0,0,0,0,1.1415,3.3342,2.193,82.0,100.0,22.0,25.0,2.0,0.0,medida (123 pares),medida (156 pares),22.0,24.0,2.0,1,0,0.1108,0.435,2.0822,0.4877,2.8465,única; único,única; homônimo resolvido pelo clube,40,45,0,11.84,11.18,6.25,18.89,12.64,1.49,0.49,26.25,3.33,-22.92,1.04,1.88,41.25,96.67,55.42,0.22,0.2,48.75,86.67,37.92,1.04,1.29,75.0,96.67,21.67,5.06,10.48,48.75,98.89,50.14,22.93,37.68,23.75,72.22,48.47,0.45,0.99,30.0,83.33,53.33,0.06,0.05,48.75,65.56,16.81,0.07,0.59,25.0,98.89,73.89,31.64,50.84,18.75,72.22,53.47,8.19,6.03,37.5,16.67,-20.83,84.24,87.16,18.75,36.67,17.92,55.97,42.48,91.25,5.56,-85.69,45.0,0.0,63.75,1.11,-62.64,67.12,54.55,88.75,21.11,-67.64,78.57,47.37,93.75,12.22,-81.53,21.43,30.77,28.75,62.22,33.47,7.143,7.692,48.75,67.78,19.03,0.0,50.0,10.0,74.44,64.44,60.29,83.02,13.75,81.11,67.36,83.1,80.0,63.75,50.0,-13.75,22,1
J08-0179,Ricardinho,ricardinho,VOL,VOL,0,Volante,Volante,Brasil B,Brasil C,C,1,2025,2025,jun26,2026,1,2026,Ferroviária,Ferroviária,Ricardinho - Ferroviária - Brasil B,Ricardinho - Ferroviária - Brasil C,2976,305,33.0,4.0,1,0,900,213,0,0,1,0,-2.6128,-0.3462,2.267,2.5,33.3,37.0,37.0,0.0,0.0,medida (111 pares),referência,36.0,37.0,1.0,0,0,0.2792,0.0,1.9878,-0.3484,0.0022,única; único,única; único,30,21,0,9.74,7.67,1.67,4.76,3.09,1.66,2.07,25.0,26.19,1.19,0.12,0.0,5.0,9.52,4.52,0.03,0.0,60.0,40.48,-19.52,0.57,0.89,28.33,54.76,26.43,3.87,7.08,8.33,54.76,46.43,30.21,40.13,68.33,97.62,29.29,0.21,0.3,15.0,54.76,39.76,0.04,0.05,35.0,64.29,29.29,0.06,0.3,28.33,69.05,40.72,39.92,52.23,61.67,92.86,31.19,7.26,6.2,38.33,16.67,-21.66,93.64,92.09,98.33,92.86,-5.47,50.31,46.15,38.33,19.05,-19.28,36.36,71.43,18.33,88.1,69.77,50.57,50.0,11.67,23.81,12.14,50.0,0.0,36.67,11.9,-24.77,15.79,33.33,18.33,73.81,55.48,5.263,0.0,45.0,30.95,-14.05,33.33,0.0,60.0,33.33,-26.67,73.44,95.83,48.33,97.62,49.29,82.64,80.0,85.0,78.57,-6.43,22,1
J08-0180,João Victor,joao victor,ZAG,ZAG,0,Zagueiro - Direita,Zagueiro - Direita,Brasil A,Brasil B,B,1,2022,2022,2024,2024,2,2024,Corinthians,Mirassol,João Victor - Corinthians - Brasil A,João Victor - Mirassol - Brasil B,545,3525,7.0,36.0,0,1,900,900,0,1,0,0,1.383,-0.7543,-2.137,81.5,27.5,27.0,28.0,0.0,0.0,medida (79 pares),medida (76 pares),23.0,26.0,3.0,1,0,0.0365,-0.0524,-2.1735,0.32,-1.0743,única; único,única; único,67,69,0,16.35,8.07,95.52,2.17,-93.35,4.46,3.57,59.7,24.64,-35.06,1.16,0.1,100.0,15.94,-84.06,1.16,0.0,100.0,18.84,-81.16,0.33,0.28,44.78,40.58,-4.2,6.44,6.79,44.78,45.65,0.87,33.85,37.89,80.6,96.38,15.78,0.66,0.33,67.16,21.01,-46.15,0.01,0.03,4.48,27.54,23.06,0.0,0.03,25.37,61.59,36.22,46.9,50.5,77.61,93.48,15.87,8.26,6.0,49.25,5.07,-44.18,89.44,92.92,58.21,97.83,39.62,53.54,61.71,4.48,42.75,38.27,62.96,63.57,80.6,52.9,-27.7,51.61,64.71,2.99,39.86,36.87,71.43,75.0,51.49,66.67,15.18,0.0,63.64,5.22,87.68,82.46,0.0,9.091,32.09,48.55,16.46,0.0,0.0,23.13,23.19,0.06,56.41,71.05,4.48,55.8,51.32,65.38,75.63,35.82,89.13,53.31,22,1
J08-0181,João Victor,joao victor,ZAG,ZAG,0,Zagueiro - Direita,Zagueiro - Direita,Brasil B,Brasil A,A,1,2023,2023,2024,2024,1,2024,Vitória,Vasco da Gama,João Victor - Vitória - Brasil B,João Victor - Vasco da Gama - Brasil A,1104,1992,16.0,23.0,0,0,900,900,0,0,0,0,-1.046,-1.1917,-0.146,8.3,6.4,26.0,27.0,2.0,0.0,medida (60 pares),medida (113 pares),25.0,25.0,0.0,-1,0,0.0,-0.0129,-0.146,-0.2359,-0.9558,única; homônimo resolvido pelo clube,única; único,70,73,0,9.67,11.88,16.43,55.48,39.05,4.62,3.16,42.14,23.97,-18.17,0.0,0.59,1.43,89.73,88.3,0.0,0.81,13.57,99.32,85.75,0.62,0.23,85.0,18.49,-66.51,6.75,7.09,39.29,51.37,12.08,30.44,31.4,72.14,56.85,-15.29,0.71,0.45,77.86,34.25,-43.61,0.2,0.02,99.29,14.38,-84.91,0.0,0.09,22.86,78.77,55.91,43.67,44.19,65.0,55.48,-9.52,7.9,7.77,53.57,44.52,-9.05,91.46,89.47,93.57,55.48,-38.09,57.8,58.17,27.86,25.34,-2.52,65.38,58.57,75.0,41.78,-33.22,48.72,68.57,0.71,58.22,57.51,0.0,61.54,4.29,42.47,38.18,28.57,40.0,51.43,63.7,12.27,0.0,20.0,31.43,81.51,50.08,0.0,37.5,28.57,63.01,34.44,65.79,73.89,32.14,60.96,28.82,68.97,80.49,65.71,84.25,18.54,22,1
J08-0182,Miranda,miranda,ZAG,ZAG,0,Zagueiro - Direita,Zagueiro - Direita,Brasil A,Brasil B,B,1,2023,2023,2024,2024,1,2024,Vasco da Gama,Amazonas,Miranda - Vasco da Gama - Brasil A,Miranda - Amazonas - Brasil B,439,2685,7.0,27.0,0,1,900,900,0,1,0,0,1.5447,1.2951,-0.25,79.2,90.2,26.0,26.0,0.0,0.0,medida (82 pares),medida (76 pares),23.0,24.0,1.0,0,0,0.0152,0.0,-0.2652,0.6446,0.6505,única; único,única; único,74,69,0,13.33,13.44,68.92,79.71,10.79,4.72,4.29,80.41,54.35,-26.06,0.21,0.3,32.43,65.22,32.79,0.0,0.03,11.49,40.58,29.09,0.82,0.5,98.65,81.16,-17.49,7.59,10.59,60.81,97.83,37.02,32.19,32.18,77.03,68.84,-8.19,1.03,0.5,94.59,62.32,-32.27,0.12,0.07,98.65,76.09,-22.56,0.0,0.03,20.27,61.59,41.32,44.08,47.23,68.92,78.99,10.07,7.79,9.72,51.35,89.13,37.78,86.98,88.57,40.54,67.39,26.85,56.92,63.59,35.14,64.49,29.35,43.48,52.34,6.76,16.67,9.91,73.91,75.98,97.3,90.58,-6.72,100.0,66.67,95.27,52.17,-43.1,25.0,20.0,31.08,23.19,-7.89,0.0,13.333,27.03,57.97,30.94,50.0,75.0,79.73,93.48,13.75,75.68,74.68,68.92,68.84,-0.08,75.86,77.65,75.68,96.38,20.7,22,1
J08-0183,Sabino,sabino,ZAG,ZAG,0,Zagueiro - Esquerda,Zagueiro - Esquerda,Brasil B,Brasil A,A,1,2023,2023,2024,2024,1,2024,Sport Recife,São Paulo,Sabino - Sport Recife - Brasil B,Sabino - São Paulo - Brasil A,2952,1104,30.0,13.0,0,0,900,900,0,0,0,0,4.0,1.2121,-2.788,100.0,87.0,27.0,29.0,2.0,0.0,medida (60 pares),medida (113 pares),26.0,27.0,1.0,0,0,0.0061,-0.1048,-2.7941,1.4792,-0.2671,única; único,única; único,70,73,0,11.95,14.02,49.29,81.51,32.22,4.97,4.65,58.57,77.4,18.83,0.43,0.24,67.86,43.84,-24.02,0.21,0.24,83.57,92.47,8.9,0.95,0.57,96.43,81.51,-14.92,10.76,10.92,93.57,99.32,5.75,34.54,41.41,90.71,95.21,4.5,1.1,0.65,97.86,74.66,-23.2,0.08,0.03,78.57,28.77,-49.8,0.24,0.0,99.29,18.49,-80.8,48.26,53.15,90.71,88.36,-2.35,8.08,8.07,56.43,54.11,-2.32,85.22,90.18,33.57,67.81,34.24,57.14,66.28,20.0,86.99,66.99,57.67,71.93,40.71,93.84,53.13,66.42,71.62,47.86,77.4,29.54,64.29,33.33,42.86,10.96,-31.9,16.13,42.86,33.57,69.18,35.61,3.226,0.0,63.57,23.97,-39.6,41.67,28.57,76.43,43.84,-32.59,81.3,80.6,96.43,96.58,0.15,63.95,76.14,45.0,65.07,20.07,22,1
J08-0184,Ligger,ligger,ZAG,ZAG,0,Zagueiro - Esquerda,Zagueiro - Direita,Brasil B,Brasil C,C,1,2023,2023,2024,2024,1,2024,Grêmio Novorizontino,Remo,Ligger - Grêmio Novorizontino - Brasil B,Ligger - Remo - Brasil C,1857,1519,22.0,16.0,0,0,900,592,0,0,0,0,-1.8299,2.7912,4.621,2.9,100.0,35.0,38.0,2.0,0.0,medida (60 pares),medida (53 pares),34.0,36.0,2.0,1,0,-0.2768,-0.3728,4.8978,-0.5024,3.2936,única; único,única; único,70,57,0,17.84,11.85,99.29,57.89,-41.4,6.79,4.8,97.86,64.04,-33.82,0.58,0.53,77.86,86.84,8.98,0.05,0.0,42.14,34.21,-7.93,0.87,0.77,95.0,97.37,2.37,6.98,8.71,45.0,72.81,27.81,17.64,22.22,2.14,37.72,35.58,0.68,0.89,71.43,99.12,27.69,0.06,0.1,66.43,90.35,23.92,0.05,0.0,67.86,28.95,-38.91,30.0,34.54,7.86,37.72,29.86,9.55,8.0,93.57,58.77,-34.8,80.61,84.73,5.0,41.23,36.23,64.4,64.0,77.86,83.33,5.47,73.57,67.9,97.86,86.84,-11.02,68.75,68.92,72.14,58.77,-13.37,66.67,66.67,51.43,54.39,2.96,16.67,30.77,35.0,64.04,29.04,0.0,7.692,31.43,69.3,37.87,25.0,0.0,68.57,24.56,-44.01,80.56,74.83,92.14,72.81,-19.33,65.35,66.0,52.14,62.28,10.14,22,1
J08-0185,Alex Nascimento,alex nascimento,ZAG,ZAG,0,Zagueiro - Esquerda,Zagueiro - Esquerda,Brasil A,Brasil B,B,1,2023,2023,2025,2025,2,2025,Santos,Athletic Club,Alex Nascimento - Santos - Brasil A,Alex Nascimento - Athletic Club - Brasil B,532,712,6.0,9.0,1,1,900,900,1,1,0,0,-0.3362,-0.0506,0.286,41.0,47.5,27.0,27.0,0.0,0.0,medida (82 pares),medida (111 pares),24.0,26.0,2.0,0,0,0.0213,0.0,0.2647,0.1214,-0.172,única; único,única; único,74,72,0,11.84,9.86,51.35,26.39,-24.96,3.72,3.67,40.54,35.42,-5.12,0.34,0.0,49.32,4.17,-45.15,0.0,0.0,11.49,34.03,22.54,0.34,0.51,47.97,75.69,27.72,3.72,7.08,1.35,44.44,43.09,29.1,34.76,60.81,88.89,28.08,1.02,0.51,94.59,56.94,-37.65,0.02,0.05,14.86,59.72,44.86,0.0,0.0,20.27,18.75,-1.52,39.92,47.65,54.05,84.72,30.67,6.94,5.94,20.27,4.17,-16.1,92.37,93.37,89.19,100.0,10.81,60.0,60.26,54.05,41.67,-12.38,54.55,65.52,29.05,76.39,47.34,78.26,55.56,100.0,2.78,-97.22,50.0,0.0,27.03,9.72,-17.31,100.0,50.0,98.65,84.72,-13.93,0.0,0.0,27.03,22.92,-4.11,0.0,0.0,21.62,17.36,-4.26,72.73,80.36,52.7,95.83,43.13,69.23,83.33,40.54,98.61,58.07,22,1
J08-0186,Alan Empereur,alan empereur,ZAG,ZAG,0,Zagueiro - Esquerda,Zagueiro - Esquerda,Brasil A,Brasil B,B,1,2024,2024,2025,2025,1,2025,Cuiabá,Cuiabá,Alan Empereur - Cuiabá - Brasil A,Alan Empereur - Cuiabá - Brasil B,2865,1978,30.0,21.0,0,0,900,900,0,0,0,0,1.1377,1.4004,0.263,84.8,92.5,32.0,32.0,0.0,0.0,medida (113 pares),medida (111 pares),30.0,31.0,1.0,0,0,0.0066,0.0,0.2564,0.5063,0.8941,única; único,única; único,73,72,0,8.14,8.6,3.42,13.19,9.77,3.2,3.5,29.45,28.47,-0.98,0.28,0.27,49.32,65.97,16.65,0.13,0.09,77.4,92.36,14.96,0.35,0.64,42.47,87.5,45.03,9.24,9.78,82.88,86.81,3.93,32.04,39.31,62.33,95.14,32.81,0.44,0.68,32.19,80.56,48.37,0.04,0.1,43.84,90.28,46.44,0.13,0.0,82.88,18.75,-64.13,44.7,53.1,56.85,93.75,36.9,5.97,6.01,4.79,4.86,0.07,86.16,87.83,23.97,60.42,36.45,61.39,61.38,52.74,57.64,4.9,59.8,58.44,51.37,36.81,-14.56,70.41,65.71,70.55,50.69,-19.86,44.44,50.0,17.12,34.72,17.6,18.18,21.43,16.44,29.86,13.42,0.0,7.143,23.97,53.47,29.5,33.33,38.89,53.42,65.97,12.55,76.19,76.28,72.6,89.58,16.98,65.16,68.82,21.23,60.42,39.19,22,1
J08-0187,Chico,chico,ZAG,ZAG,0,Zagueiro - Esquerda,Zagueiro - Esquerda,Brasil B,Brasil A,A,1,2024,2024,2025,2025,1,2025,Sport Recife,Sport Recife,Chico - Sport Recife - Brasil B,Chico - Sport Recife - Brasil A,2435,1195,28.0,13.0,0,0,900,900,0,0,0,0,0.6601,-0.7115,-1.372,71.8,16.1,27.0,27.0,0.0,0.0,medida (76 pares),medida (156 pares),25.0,26.0,1.0,0,0,0.0061,0.0,-1.3781,0.344,-1.0555,única; único,única; único,69,74,0,10.13,12.35,37.68,70.95,33.27,3.18,4.22,21.01,73.65,52.64,0.22,0.23,44.93,56.76,11.83,0.04,0.08,47.83,78.38,30.55,0.59,0.53,90.58,75.0,-15.58,10.16,7.61,96.38,56.08,-40.3,34.71,25.83,90.58,29.05,-61.53,0.63,0.53,81.88,48.65,-33.23,0.1,0.04,93.48,40.54,-52.94,0.04,0.08,71.74,77.03,5.29,48.38,40.67,83.33,39.86,-43.47,6.91,8.36,26.81,74.32,47.51,86.17,83.33,39.13,7.43,-31.7,63.87,53.66,68.84,4.73,-64.11,66.28,44.64,68.84,3.38,-65.46,72.41,71.67,81.88,87.16,5.28,66.67,66.67,52.17,54.73,2.56,56.25,14.29,83.33,12.16,-71.17,18.75,0.0,77.54,25.0,-52.54,25.0,100.0,52.17,96.62,44.45,78.91,73.27,93.48,66.89,-26.59,65.85,66.23,47.1,20.95,-26.15,22,1
J08-0188,Jenison,jenison,ATA,ATA,0,Atacante,Atacante,Brasil B,Brasil C,C,1,2023,2023,2024,2024,1,2024,Grêmio Novorizontino,ABC,Jenison - Grêmio Novorizontino - Brasil B,Jenison - ABC - Brasil C,1011,880,31.0,12.0,1,0,900,592,0,0,0,0,-0.6965,0.0755,0.772,26.5,53.2,32.0,35.0,2.0,0.0,medida (60 pares),medida (53 pares),31.0,33.0,2.0,1,0,-0.6436,-0.9524,1.4156,0.0416,0.0339,única; único,única; único,49,36,0,24.12,21.68,68.37,62.5,-5.87,10.15,10.43,90.82,87.5,-3.32,1.78,1.64,39.8,59.72,19.92,0.45,0.1,79.59,52.78,-26.81,1.6,1.84,27.55,43.06,15.51,1.87,1.94,58.16,70.83,12.67,9.7,10.84,39.8,62.5,22.7,3.29,2.66,90.82,51.39,-39.43,0.18,0.21,17.35,19.44,2.09,0.45,0.31,84.69,70.83,-13.86,16.47,15.44,52.04,55.56,3.52,4.45,2.25,74.49,13.89,-60.6,75.68,74.17,43.88,31.94,-11.94,37.27,37.26,56.12,56.94,0.82,33.33,44.12,65.31,90.28,24.97,62.5,50.0,96.94,23.61,-73.33,60.0,37.5,83.67,19.44,-64.23,22.22,38.89,1.02,37.5,36.48,0.0,16.667,2.04,48.61,46.57,37.5,22.22,68.37,48.61,-19.76,80.95,84.21,74.49,84.72,10.23,58.33,59.26,23.47,41.67,18.2,22,1
J08-0189,Rodolfo,rodolfo,ATA,ATA,0,Atacante,Atacante,Brasil B,Brasil C,C,1,2024,2024,2025,2025,1,2025,Grêmio Novorizontino,São Bernardo FC,Rodolfo - Grêmio Novorizontino - Brasil B,Rodolfo - São Bernardo FC - Brasil C,1826,1406,30.0,23.0,0,0,900,616,0,0,0,0,1.3743,-1.5603,-2.935,80.2,5.6,34.0,34.0,0.0,0.0,medida (76 pares),medida (70 pares),32.0,33.0,1.0,0,0,-0.3218,0.0,-2.6132,0.6297,-2.19,única; único,única; único,45,28,0,18.38,12.03,41.11,8.93,-32.18,4.19,2.5,38.89,12.5,-26.39,2.86,0.96,82.22,41.07,-41.15,0.3,0.26,74.44,83.93,9.49,2.07,1.6,67.78,26.79,-40.99,1.43,0.38,50.0,1.79,-48.21,8.82,8.19,34.44,23.21,-11.23,3.35,3.14,85.56,69.64,-15.92,0.38,0.29,83.33,58.93,-24.4,0.2,0.06,44.44,16.07,-28.37,13.5,11.46,34.44,19.64,-14.8,2.86,1.6,41.11,1.79,-39.32,64.96,75.42,5.56,58.93,53.37,38.34,26.6,67.78,5.36,-62.42,25.88,20.51,32.22,5.36,-26.86,59.42,36.36,78.89,12.5,-66.39,56.9,73.33,81.11,98.21,17.1,26.19,60.0,16.67,94.64,77.97,11.905,16.0,43.33,69.64,26.31,30.0,20.0,56.67,64.29,7.62,82.76,66.67,83.33,55.36,-27.97,53.33,62.5,18.89,37.5,18.61,22,1
J08-0190,Perotti,perotti,ATA,ATA,0,Atacante,Atacante,Japao A,Brasil B,B,0,2023,2023,2024,2024,1,2024,Tokyo,Chapecoense,Perotti - Tokyo - Japao A,Perotti - Chapecoense - Brasil B,297,719,13.0,16.0,1,1,805,900,1,1,0,0,0.3407,-0.6852,-1.026,65.8,18.5,25.0,28.0,2.0,0.0,medida (122 pares),medida (76 pares),24.0,26.0,2.0,1,0,-0.0815,-0.2557,-0.9445,0.3362,-1.0214,única; único,única; único,41,45,0,33.94,22.91,92.68,80.0,-12.68,8.48,8.01,73.17,88.89,15.72,2.42,0.63,51.22,6.67,-44.55,0.0,0.0,1.22,11.11,9.89,1.82,1.5,31.71,21.11,-10.6,2.42,1.25,64.63,35.56,-29.07,11.21,10.01,29.27,44.44,15.17,1.52,2.5,0.0,40.0,40.0,0.51,0.32,92.68,62.22,-30.46,0.0,0.25,1.22,52.22,51.0,16.36,15.02,26.83,44.44,17.61,4.24,2.13,73.17,6.67,-66.5,66.67,75.83,7.32,33.33,26.01,28.57,29.51,9.76,8.89,-0.87,25.0,31.25,13.41,51.11,37.7,57.14,35.29,59.76,0.0,-59.76,25.0,40.0,4.88,25.56,20.68,66.67,33.33,100.0,30.0,-70.0,16.667,25.0,50.0,98.89,48.89,0.0,100.0,6.1,98.89,92.79,62.5,40.0,20.73,0.0,-20.73,57.14,45.45,21.95,5.56,-16.39,22,1
J08-0191,Pedrinho,pedrinho,ATA,ATA,0,Atacante,Atacante,Coreia B,Brasil B,B,0,2025,2025,jun26,2026,1,2026,Seoul E-Land,São Bernardo FC,Pedrinho - Seoul E-Land - Coreia B,Pedrinho - São Bernardo FC - Brasil B,987,342,17.0,7.0,1,0,900,284,0,0,1,0,0.6718,-0.0768,-0.749,74.4,42.4,24.0,26.0,0.0,0.0,medida (111 pares),referência,23.0,26.0,3.0,2,1,-0.0985,0.0016,-0.6505,0.4302,-0.507,única; único,única; homônimo resolvido pelo clube,38,33,0,19.24,21.84,64.47,86.36,21.89,1.09,0.79,1.32,1.52,0.2,4.29,3.95,98.68,98.48,-0.2,0.18,0.0,68.42,30.3,-38.12,2.1,1.84,64.47,40.91,-23.56,4.83,4.74,98.68,92.42,-6.26,21.34,16.58,82.89,86.36,3.47,2.92,0.79,51.32,4.55,-46.77,0.21,0.03,36.84,3.03,-33.81,0.46,0.26,80.26,48.48,-31.78,23.89,22.89,77.63,89.39,11.76,4.1,6.05,69.74,92.42,22.68,68.32,73.56,11.84,53.03,41.19,42.18,43.37,68.42,77.27,8.85,25.0,0.0,25.0,1.52,-23.48,61.9,54.17,75.0,53.03,-21.97,51.06,46.67,51.32,54.55,3.23,39.13,0.0,48.68,1.52,-47.16,8.696,0.0,22.37,6.06,-16.31,25.71,42.86,46.05,77.27,31.22,67.92,38.89,59.21,16.67,-42.54,60.0,57.14,42.11,43.94,1.83,22,0
J08-0192,Éder,eder,ATA,ATA,0,Atacante,Atacante,Brasil B,Brasil A,A,1,2023,2023,2024,2024,1,2024,Criciúma,Criciúma,Éder - Criciúma - Brasil B,Éder - Criciúma - Brasil A,2101,853,26.0,16.0,1,0,900,900,1,0,0,0,0.5622,-0.5781,-1.14,73.5,27.5,37.0,39.0,2.0,0.0,medida (60 pares),medida (113 pares),36.0,37.0,1.0,0,0,-0.6627,-1.2926,-0.4773,0.3991,-0.9772,única; único,única; único,49,49,0,15.51,11.5,13.27,2.04,-11.23,2.61,2.53,9.18,13.27,4.09,2.66,1.16,72.45,25.51,-46.94,0.43,0.11,72.45,36.73,-35.72,2.18,1.16,76.53,7.14,-69.39,2.57,2.43,72.45,79.59,7.14,11.52,15.4,56.12,81.63,25.51,2.61,2.22,45.92,19.39,-26.53,0.31,0.13,72.45,5.1,-67.35,0.34,0.32,72.45,67.35,-5.1,17.13,21.21,58.16,81.63,23.47,1.71,2.22,1.02,6.12,5.1,76.75,77.11,54.08,51.02,-3.06,39.23,30.28,72.45,10.2,-62.25,21.31,12.5,9.18,0.0,-9.18,43.86,54.55,9.18,51.02,41.84,54.84,27.27,67.35,6.12,-61.23,45.1,36.36,72.45,28.57,-43.88,17.647,0.0,67.35,1.02,-66.33,33.93,27.78,62.24,58.16,-4.08,83.33,73.91,88.78,67.35,-21.43,69.05,75.0,54.08,73.47,19.39,22,1
J08-0193,Y. González,y gonzalez,ATA,ATA,0,Atacante,Atacante,Portugal A,Brasil B,B,0,2023,2023,2024,2024,1,2024,Fluminense,Paysandu,Y. González - Fluminense - Portugal A,Y. González - Paysandu - Brasil B,1060,473,16.0,7.0,1,0,829,900,1,0,0,0,-2.4583,0.0662,2.524,2.6,54.3,29.0,31.0,2.0,0.0,medida (31 pares),medida (76 pares),28.0,29.0,1.0,0,0,-0.2574,-0.3114,2.7814,-0.4588,0.525,única; único,única; único,38,45,0,18.85,17.12,27.63,26.67,-0.96,3.23,6.09,11.84,64.44,52.6,2.89,1.52,72.37,48.89,-23.48,0.25,0.0,36.84,11.11,-25.73,0.93,1.9,1.32,53.33,52.01,2.55,1.52,93.42,53.33,-40.09,13.92,14.84,85.53,73.33,-12.2,2.29,4.38,9.21,100.0,90.79,0.1,0.24,1.32,34.44,33.12,0.51,0.0,85.53,2.22,-83.31,20.38,21.12,85.53,73.33,-12.2,4.5,4.0,80.26,68.89,-11.37,77.08,77.48,56.58,48.89,-7.69,39.64,41.11,85.53,88.89,3.36,42.11,31.25,72.37,51.11,-21.26,53.06,56.25,68.42,66.67,-1.75,41.18,75.0,25.0,97.78,72.78,36.36,30.0,25.0,22.22,-2.78,0.0,0.0,1.32,1.11,-0.21,34.62,17.65,80.26,22.22,-58.04,66.67,100.0,48.68,100.0,51.32,76.92,100.0,75.0,100.0,25.0,22,1
J08-0194,Gustavo,gustavo,EXT,EXT,0,Extremo - Direita,Extremo - Esquerda,Brasil A,Brasil C,C,1,2021,2021,2023,2023,2,2023,Sport Recife,Figueirense,Gustavo - Sport Recife - Brasil A,Gustavo - Figueirense - Brasil C,1731,1230,27.0,18.0,0,0,900,545,0,0,0,0,-0.7219,0.1019,0.824,18.4,57.9,23.0,25.0,0.0,3.0,medida (67 pares),medida (23 pares),18.0,25.0,7.0,5,1,0.8578,0.183,-0.0338,0.2132,-0.1113,única; único,única; único,52,43,0,23.14,17.66,45.19,12.79,-32.4,1.66,1.71,27.88,19.77,-8.11,5.77,2.96,57.69,17.44,-40.25,1.92,0.7,72.12,31.4,-40.72,2.24,1.87,77.88,62.79,-15.09,3.48,4.28,29.81,63.95,34.14,21.58,15.17,56.73,33.72,-23.01,1.92,1.17,25.96,15.12,-10.84,0.16,0.14,44.23,58.14,13.91,0.26,0.54,15.38,74.42,59.04,29.17,20.85,58.65,29.07,-29.58,6.34,4.9,67.31,29.07,-38.24,80.75,70.15,72.12,24.42,-47.7,42.92,36.56,36.54,3.49,-33.05,21.88,4.55,16.35,1.16,-15.19,47.75,62.5,16.35,86.05,69.7,51.35,42.11,25.96,19.77,-6.19,32.56,33.33,37.5,48.84,11.34,4.651,20.833,24.04,96.51,72.47,25.0,23.68,30.77,22.09,-8.68,65.67,74.55,10.58,50.0,39.42,70.21,65.22,37.5,40.7,3.2,22,0
J08-0195,Jonathan Cafú,jonathan cafu,EXT,EXT,0,Extremo - Direita,Extremo - Direita,Brasil A,Brasil B,B,1,2024,2024,2025,2025,1,2025,Cuiabá,Botafogo SP,Jonathan Cafú - Cuiabá - Brasil A,Jonathan Cafú - Botafogo SP - Brasil B,1566,2026,28.0,33.0,0,0,900,900,0,0,0,0,-0.3936,-0.9628,-0.569,41.0,14.3,34.0,34.0,0.0,0.0,medida (113 pares),medida (111 pares),32.0,33.0,1.0,0,0,-0.3983,0.0,-0.1707,0.0719,-1.0347,única; único,única; único,58,56,0,22.47,18.97,68.1,59.82,-8.28,3.79,2.84,87.07,70.54,-16.53,3.16,1.69,26.72,13.39,-13.33,0.4,0.22,43.97,33.93,-10.04,0.63,0.58,0.86,0.89,0.03,4.02,2.84,43.97,24.11,-19.86,18.33,19.06,28.45,55.36,26.91,1.84,1.69,21.55,25.0,3.45,0.1,0.1,10.34,14.29,3.95,0.23,0.36,17.24,39.29,22.05,24.25,25.28,26.72,50.89,24.17,6.03,4.49,68.1,48.21,-19.89,76.3,76.27,26.72,40.18,13.46,42.2,39.34,38.79,16.96,-21.83,31.82,32.81,50.86,47.32,-3.54,60.83,47.37,61.21,8.04,-53.17,43.64,55.26,7.76,47.32,39.56,45.45,30.77,80.17,33.04,-47.13,9.091,15.385,44.83,95.54,50.71,18.75,20.31,6.03,9.82,3.79,70.0,68.75,18.1,25.89,7.79,83.33,69.23,90.52,55.36,-35.16,22,1
J08-0196,Ronald,ronald,EXT,EXT,0,Extremo - Direita,Extremo - Direita,Brasil A,Brasil B,B,1,2022,2022,2023,2023,1,2023,Fortaleza,Vila Nova,Ronald - Fortaleza - Brasil A,Ronald - Vila Nova - Brasil B,1167,930,20.0,22.0,0,0,900,900,0,0,0,0,-1.4198,-0.343,1.077,14.0,35.7,29.0,26.0,0.0,2.0,medida (79 pares),medida (60 pares),25.0,25.0,0.0,-1,0,0.0,0.0652,1.077,-0.3796,0.0366,única; único,única; único,62,57,0,22.98,27.48,60.48,93.86,33.38,1.93,2.03,34.68,28.95,-5.73,3.08,6.1,18.55,71.05,52.5,1.47,1.74,69.35,95.61,26.26,0.62,1.35,0.81,18.42,17.61,3.62,2.13,42.74,11.4,-31.34,17.58,12.19,41.13,9.65,-31.48,0.54,2.71,0.81,64.04,63.23,0.03,0.1,0.81,20.18,19.37,0.23,0.87,11.29,99.12,87.83,29.31,15.1,68.55,4.39,-64.16,7.48,7.84,84.68,93.86,9.18,83.95,66.67,86.29,2.63,-83.66,45.3,45.77,71.77,79.82,8.05,44.0,19.05,86.29,18.42,-67.87,58.26,54.12,62.9,50.0,-12.9,50.0,58.73,39.52,71.05,31.53,12.5,28.57,0.81,28.07,27.26,0.0,7.143,3.23,42.11,38.88,25.0,44.12,16.94,88.6,71.66,78.72,77.27,55.65,48.25,-7.4,79.31,66.67,71.77,43.86,-27.91,22,1
J08-0197,Ronald,ronald,EXT,EXT,0,Extremo - Direita,Extremo - Direita,Brasil B,Brasil C,C,1,2024,2024,jun26,2026,2,2026,Operário PR,Santa Cruz,Ronald - Operário PR - Brasil B,Ronald - Santa Cruz - Brasil C,1637,802,29.0,9.0,1,0,900,213,0,0,1,0,0.6315,-1.0656,-1.697,81.8,12.0,29.0,29.0,0.0,0.0,medida (76 pares),referência,27.0,29.0,2.0,0,0,-0.1374,0.0,-1.5596,0.4752,-1.5408,única; único,única; único,60,50,0,19.41,20.42,35.83,75.0,39.17,2.36,2.24,49.17,48.0,-1.17,4.73,5.27,67.5,77.0,9.5,0.55,0.56,63.33,81.0,17.67,1.04,0.79,5.83,13.0,7.17,2.64,2.47,15.83,21.0,5.17,11.55,11.22,2.5,5.0,2.5,2.47,1.8,61.67,31.0,-30.67,0.12,0.06,21.67,15.0,-6.67,0.55,0.34,85.83,58.0,-27.83,16.0,16.27,2.5,5.0,2.5,3.63,3.03,9.17,13.0,3.83,68.04,69.66,9.17,17.0,7.83,45.04,44.51,59.17,61.0,1.83,13.95,30.0,7.5,42.0,34.5,61.43,65.71,70.83,79.0,8.17,58.14,59.57,65.83,71.0,5.17,26.32,42.86,10.83,68.0,57.17,15.789,14.286,87.5,72.0,-15.5,36.51,35.29,72.5,63.0,-9.5,75.0,68.18,49.17,30.0,-19.17,57.89,77.78,10.83,74.0,63.17,22,1
J08-0198,Léo Pereira,leo pereira,EXT,EXT,0,Extremo - Esquerda,Extremo - Esquerda,Brasil A,Brasil B,B,1,2022,2022,2023,2023,1,2023,Atlético GO,CRB,Léo Pereira - Atlético GO - Brasil A,Léo Pereira - CRB - Brasil B,1313,1568,30.0,22.0,0,0,900,900,0,0,0,0,-1.3211,-0.7904,0.531,4.5,20.7,25.0,23.0,0.0,2.0,medida (79 pares),medida (60 pares),21.0,22.0,1.0,0,0,0.091,-0.183,0.44,-0.3362,-0.4542,única; homônimo resolvido pelo clube,única; único,62,57,0,27.62,19.86,91.13,44.74,-46.39,2.67,3.62,61.29,76.32,15.03,6.24,2.35,76.61,12.28,-64.33,1.78,1.26,86.29,77.19,-9.1,1.65,1.61,48.39,28.95,-19.44,2.88,2.53,18.55,20.18,1.63,12.75,9.76,7.26,0.88,-6.38,2.88,3.21,63.71,85.09,21.38,0.12,0.16,23.39,50.88,27.49,0.34,0.29,29.84,23.68,-6.16,19.54,14.75,12.1,0.88,-11.22,6.51,6.14,73.39,72.81,-0.58,64.56,67.32,0.81,4.39,3.58,38.46,36.99,12.1,9.65,-2.45,25.64,14.29,21.77,9.65,-12.12,52.03,52.21,26.61,34.21,7.6,37.36,43.9,2.42,13.16,10.74,33.33,32.14,44.35,42.98,-1.37,4.167,14.286,14.52,91.23,76.71,25.37,22.0,20.16,11.4,-8.76,61.9,56.82,5.65,0.88,-4.77,26.67,58.82,0.81,11.4,10.59,22,1
J08-0199,Léo Pereira,leo pereira,EXT,EXT,0,Extremo - Esquerda,Extremo - Esquerda,Brasil B,Brasil A,A,1,2024,2024,2025,2025,1,2025,CRB,Sport Recife,Léo Pereira - CRB - Brasil B,Léo Pereira - Sport Recife - Brasil A,3128,1394,34.0,22.0,0,0,900,900,0,0,0,0,-0.7722,-1.3452,-0.573,20.0,12.8,25.0,25.0,0.0,0.0,medida (76 pares),medida (156 pares),23.0,24.0,1.0,0,0,0.0306,0.0,-0.6036,-0.0947,-1.2505,única; único,única; homônimo resolvido pelo clube,60,57,0,25.15,24.4,89.17,93.86,4.69,2.24,2.26,40.0,62.28,22.28,4.95,4.71,74.17,69.3,-4.87,0.92,0.65,92.5,83.33,-9.17,2.13,2.58,75.83,92.11,16.28,3.05,2.26,30.83,4.39,-26.44,11.74,8.97,4.17,0.88,-3.29,2.65,2.78,72.5,50.0,-22.5,0.14,0.19,40.0,52.63,12.63,0.29,0.26,43.33,8.77,-34.56,18.47,13.49,15.83,0.88,-14.95,6.39,5.36,77.5,55.26,-22.24,59.97,59.33,0.83,0.88,0.05,39.7,41.01,20.83,18.42,-2.41,26.92,20.0,42.5,14.91,-27.59,60.62,60.22,64.17,67.54,3.37,51.16,53.42,37.5,42.98,5.48,31.08,32.5,32.5,30.7,-1.8,5.405,7.5,30.83,34.21,3.38,25.49,22.45,20.83,16.67,-4.16,68.87,62.86,20.83,12.28,-8.55,47.62,60.0,2.5,13.16,10.66,22,1
J08-0200,S. Mendoza,s mendoza,EXT,EXT,0,Extremo - Esquerda,Extremo - Esquerda,Mexico,Brasil A,A,0,2025,2025,jun26,2026,1,2026,León,Athletico Paranaense,S. Mendoza - León - Mexico,S. Mendoza - Athletico Paranaense - Brasil A,2523,1632,27.0,18.0,0,0,900,426,0,0,1,0,2.6743,0.0,-2.674,91.1,52.2,33.0,33.0,0.0,0.0,medida (148 pares),referência,32.0,33.0,1.0,0,0,-0.3983,0.0,-2.2757,1.4218,-1.4218,única; único,única; único,47,46,0,15.16,9.15,15.96,1.09,-14.87,0.64,0.44,5.32,2.17,-3.15,3.14,0.99,22.34,7.61,-14.73,0.68,0.5,79.79,77.17,-2.62,2.18,1.43,86.17,22.83,-63.34,3.35,4.14,22.34,64.13,41.79,18.91,23.0,24.47,61.96,37.49,3.21,1.49,79.79,15.22,-64.57,0.22,0.13,82.98,32.61,-50.37,0.61,0.44,78.72,46.74,-31.98,25.83,29.67,28.72,59.78,31.06,2.71,2.59,1.06,7.61,6.55,79.7,85.13,54.26,90.22,35.96,41.88,40.96,37.23,14.13,-23.1,22.22,12.5,31.91,10.87,-21.04,58.33,57.89,27.66,70.65,42.99,59.09,61.11,81.91,76.09,-5.82,39.34,42.31,64.89,55.43,-9.46,14.754,19.231,69.15,85.87,16.72,35.48,41.67,73.4,80.43,7.03,79.79,85.33,58.51,94.57,36.06,65.08,70.69,13.83,46.74,32.91,22,1
J08-0201,Felipe Marques,felipe marques,EXT,EXT,0,Extremo - Direita,Extremo - Esquerda,Brasil B,Brasil C,C,1,2023,2023,2024,2024,1,2024,Grêmio Novorizontino,Floresta EC,Felipe Marques - Grêmio Novorizontino - Brasil B,Felipe Marques - Floresta EC - Brasil C,915,500,24.0,11.0,1,0,900,592,1,0,0,0,-0.6738,-0.8096,-0.136,28.6,20.0,33.0,36.0,2.0,0.0,medida (60 pares),medida (53 pares),32.0,34.0,2.0,1,0,-0.258,-0.4228,0.122,-0.0514,-0.7582,única; único,única; único,57,49,0,21.15,19.98,55.26,32.65,-22.61,2.66,3.78,51.75,75.51,23.76,3.25,2.34,28.95,16.33,-12.62,0.89,0.54,50.0,60.2,10.2,2.46,1.8,86.84,40.82,-46.02,2.16,4.5,13.16,79.59,66.43,16.03,20.88,34.21,77.55,43.34,3.84,2.52,93.86,71.43,-22.43,0.39,0.08,99.12,7.14,-91.98,0.39,0.36,39.47,67.35,27.88,22.52,26.64,37.72,69.39,31.67,3.54,3.78,12.28,17.35,5.07,80.35,77.03,81.58,61.22,-20.36,35.35,36.94,2.63,12.24,9.61,25.93,33.33,39.47,52.04,12.57,60.0,45.45,78.07,10.2,-67.87,48.48,53.85,20.18,52.04,31.86,40.0,40.0,78.95,68.37,-10.58,8.0,0.0,53.51,6.12,-47.39,31.58,0.0,44.74,1.02,-43.72,86.36,68.0,90.35,14.29,-76.06,65.0,52.94,39.47,12.24,-27.23,22,1
J08-0202,Fernandinho,fernandinho,EXT,EXT,0,Extremo - Esquerda,Extremo - Esquerda,Brasil B,Brasil A,A,1,2024,2024,2025,2025,1,2025,Mirassol,Ceará,Fernandinho - Mirassol - Brasil B,Fernandinho - Ceará - Brasil A,2638,1123,34.0,22.0,0,0,900,900,0,0,0,0,1.731,-1.4039,-3.135,87.5,10.6,28.0,28.0,0.0,0.0,medida (76 pares),medida (156 pares),26.0,27.0,1.0,0,0,-0.0553,0.0,-3.0797,1.0067,-2.4106,única; único,única; único,60,57,0,29.75,23.4,97.5,92.11,-5.39,1.57,3.21,19.17,81.58,62.41,9.35,6.65,99.17,92.11,-7.06,0.51,0.48,57.5,65.79,8.29,1.5,1.6,32.5,32.46,-0.04,2.63,2.72,14.17,16.67,2.5,16.31,14.67,39.17,9.65,-29.52,3.04,3.05,82.5,64.91,-17.59,0.13,0.15,29.17,30.7,1.53,0.68,0.16,93.33,2.63,-90.7,21.22,18.83,32.5,6.14,-26.36,5.9,5.29,65.83,53.51,-12.32,81.83,77.02,83.33,34.21,-49.12,41.86,47.26,34.17,74.56,40.39,41.3,45.0,85.83,80.7,-5.13,63.39,56.06,82.5,48.25,-34.25,45.62,54.22,12.5,44.74,32.24,40.91,30.0,72.5,23.68,-48.82,11.364,0.0,66.67,6.14,-60.53,38.67,27.78,84.17,42.98,-41.19,84.42,79.41,92.5,81.58,-10.92,64.29,69.23,34.17,30.7,-3.47,22,1
J08-0203,Fernandinho,fernandinho,EXT,EXT,0,Extremo - Esquerda,Extremo - Esquerda,Brasil A,Brasil B,B,1,2025,2025,jun26,2026,1,2026,Ceará,Ceará,Fernandinho - Ceará - Brasil A,Fernandinho - Ceará - Brasil B,1123,689,22.0,11.0,1,0,900,284,0,0,1,0,-1.4039,0.5887,1.993,10.6,72.7,28.0,28.0,0.0,0.0,medida (156 pares),referência,27.0,28.0,1.0,0,0,-0.0687,0.0,2.0617,-0.3726,0.9613,única; único,única; único,57,43,0,23.4,26.78,92.11,96.51,4.4,3.21,3.79,81.58,91.86,10.28,6.65,6.4,92.11,94.19,2.08,0.48,0.52,65.79,88.37,22.58,1.6,1.44,32.46,34.88,2.42,2.72,2.09,16.67,19.77,3.1,14.67,13.19,9.65,15.12,5.47,3.05,2.87,64.91,82.56,17.65,0.15,0.1,30.7,25.58,-5.12,0.16,0.65,2.63,84.88,82.25,18.83,16.98,6.14,10.47,4.33,5.29,4.31,53.51,40.7,-12.81,77.02,72.31,34.21,17.44,-16.77,47.26,39.51,74.56,24.42,-50.14,45.0,17.24,80.7,19.77,-60.93,56.06,70.0,48.25,97.67,49.42,54.22,57.14,44.74,52.33,7.59,30.0,27.27,23.68,26.74,3.06,0.0,9.091,6.14,55.81,49.67,27.78,35.71,42.98,66.28,23.3,79.41,68.75,81.58,26.74,-54.84,69.23,80.0,30.7,87.21,56.51,22,1
J08-0204,Fernandinho,fernandinho,EXT,EXT,0,Extremo - Esquerda,Extremo - Esquerda,Brasil A,Brasil C,C,1,2021,2021,2025,2025,4,2025,Chapecoense,Ituano,Fernandinho - Chapecoense - Brasil A,Fernandinho - Ituano - Brasil C,1146,224,15.0,4.0,1,0,900,616,1,0,0,0,-1.2847,-0.1043,1.18,18.9,44.9,28.0,34.0,0.0,0.0,medida (67 pares),medida (70 pares),23.0,33.0,10.0,6,1,-1.0088,-0.5458,2.1888,0.3731,-0.4774,única; único,homônimo resolvido por qz+minutos; homônimo resolvido pelo clube,52,44,0,30.47,14.87,93.27,4.55,-88.72,2.2,2.01,45.19,37.5,-7.69,9.42,1.61,97.12,11.36,-85.76,1.88,0.0,70.19,3.41,-66.78,1.02,1.61,4.81,54.55,49.74,2.12,8.04,2.88,100.0,97.12,12.02,16.47,2.88,45.45,42.57,3.06,0.4,85.58,0.0,-85.58,0.14,0.04,33.65,5.68,-27.97,0.39,0.0,41.35,1.14,-40.21,19.71,29.33,6.73,90.91,84.18,6.28,9.24,58.65,97.73,39.08,74.9,64.38,14.42,2.27,-12.15,40.72,54.05,20.19,100.0,79.81,32.14,40.0,52.88,68.18,15.3,51.25,61.11,39.42,75.0,35.58,52.5,75.0,33.65,94.32,60.67,38.46,50.0,64.42,87.5,23.08,0.0,0.0,5.77,11.36,5.59,18.18,28.57,8.65,45.45,36.8,59.26,80.0,2.88,82.95,80.07,71.43,68.75,41.35,52.27,10.92,22,0
J08-0205,Ewerthon,ewerthon,LAT,LAT,0,Lateral Direito,Lateral Direito,Brasil B,Brasil A,A,1,2023,2023,2024,2024,1,2024,Sport Recife,Juventude,Ewerthon - Sport Recife - Brasil B,Ewerthon - Juventude - Brasil A,1894,1352,27.0,24.0,0,0,900,900,0,0,0,0,-0.56,-0.0561,0.504,30.6,48.8,23.0,25.0,2.0,0.0,medida (60 pares),medida (113 pares),22.0,23.0,1.0,0,0,0.0523,0.1462,0.4517,-0.1024,0.0463,única; único,única; único,74,67,0,14.02,14.51,20.95,39.55,18.6,4.04,3.73,81.76,88.81,7.05,1.0,1.0,11.49,17.91,6.42,0.52,0.27,55.41,48.51,-6.9,0.95,1.13,80.41,81.34,0.93,9.08,5.59,76.35,11.19,-65.16,30.36,22.23,84.46,11.19,-73.27,1.14,1.07,81.76,55.97,-25.79,0.05,0.1,73.65,86.57,12.92,0.24,0.13,41.89,6.72,-35.17,39.44,31.15,81.76,12.69,-69.07,7.51,7.79,22.3,38.06,15.76,83.61,79.49,87.16,39.55,-47.61,56.27,47.25,77.7,3.73,-73.97,49.41,44.64,37.16,36.57,-0.59,69.64,64.47,97.97,70.9,-27.07,57.14,80.0,42.57,97.76,55.19,20.0,41.18,42.57,87.31,44.74,0.0,5.882,32.43,51.49,19.06,39.39,38.1,69.59,60.45,-9.14,78.01,61.9,81.76,5.22,-76.54,74.84,54.35,80.41,2.24,-78.17,22,1
J08-0206,Ewerthon,ewerthon,LAT,LAT,0,Lateral Direito,Lateral Direito,Brasil A,Brasil B,B,1,2025,2025,jun26,2026,1,2026,Juventude,Atlético GO,Ewerthon - Juventude - Brasil A,Ewerthon - Atlético GO - Brasil B,1305,1062,18.0,11.0,0,0,900,284,0,0,1,0,-0.8493,-0.9465,-0.097,22.4,21.2,25.0,25.0,0.0,0.0,medida (156 pares),referência,24.0,25.0,1.0,0,0,0.0243,0.0,-0.1213,-0.2244,-0.7221,única; único,única; único,72,63,0,11.72,9.49,17.36,10.32,-7.04,2.07,1.78,45.83,38.89,-6.94,0.69,0.68,10.42,16.67,6.25,0.21,0.17,61.11,50.79,-10.32,0.83,1.36,68.75,94.44,25.69,7.66,6.86,60.42,40.48,-19.94,25.31,24.66,36.81,42.06,5.25,0.48,0.68,10.42,31.75,21.33,0.06,0.05,72.22,67.46,-4.76,0.34,0.34,46.53,61.11,14.58,34.69,34.41,34.03,53.17,19.14,6.76,7.37,21.53,51.59,30.06,75.94,77.34,15.97,35.71,19.74,48.24,52.68,15.97,46.83,30.86,53.33,57.14,73.61,57.14,-16.47,58.67,56.36,35.42,30.95,-4.47,30.0,75.0,3.47,80.95,77.48,33.33,25.0,59.03,56.35,-2.68,8.333,6.25,67.36,78.57,11.21,27.27,29.03,15.28,40.48,25.2,62.16,70.37,4.86,47.62,42.76,58.82,68.42,3.47,48.41,44.94,22,1
J08-0207,Paulo Henrique,paulo henrique,LAT,LAT,0,Lateral Esquerdo,Lateral Direito,Polonia,Brasil A,A,0,2025,2025,jun26,2026,1,2026,Radomiak Radom,Vasco da Gama,Paulo Henrique - Radomiak Radom - Polonia,Paulo Henrique - Vasco da Gama - Brasil A,2362,884,25.0,12.0,1,0,805,426,0,0,1,0,0.7797,0.553,-0.227,74.4,73.9,29.0,29.0,0.0,0.0,medida (124 pares),referência,28.0,29.0,1.0,0,0,-0.1006,0.0,-0.1264,0.4624,0.0906,única; único,única; único,55,49,0,19.09,15.68,79.09,82.65,3.56,5.68,1.32,99.09,21.43,-77.66,1.45,3.97,50.0,98.98,48.98,0.15,0.41,27.27,86.73,59.46,1.07,0.31,82.73,21.43,-61.3,8.46,6.11,73.64,33.67,-39.97,22.37,21.99,31.82,21.43,-10.39,2.17,0.81,84.55,42.86,-41.69,0.14,0.01,93.64,16.33,-77.31,0.3,0.71,53.64,92.86,39.22,32.88,32.17,31.82,27.55,-4.27,9.6,7.23,75.45,46.94,-28.51,72.19,78.48,13.64,33.67,20.03,53.29,55.84,66.36,66.33,-0.03,56.38,61.54,88.18,85.71,-2.47,60.39,61.82,46.36,52.04,5.68,71.05,58.97,84.55,56.12,-28.43,50.0,33.33,93.64,59.18,-34.46,10.714,0.0,70.91,33.67,-37.24,29.87,38.24,33.64,68.37,34.73,63.96,68.33,35.45,35.71,0.26,70.1,73.08,62.73,59.18,-3.55,22,1
J08-0208,Lucas Ramon,lucas ramon,LAT,LAT,0,Lateral Direito,Lateral Direito,Brasil B,Brasil A,A,1,2024,2024,2025,2025,1,2025,Mirassol,Mirassol,Lucas Ramon - Mirassol - Brasil B,Lucas Ramon - Mirassol - Brasil A,3460,2903,37.0,31.0,0,0,900,900,0,0,0,0,-0.7084,-0.2551,0.453,23.4,44.9,32.0,32.0,0.0,0.0,medida (76 pares),medida (156 pares),30.0,31.0,1.0,0,0,-0.1028,0.0,0.5558,-0.165,-0.0901,única; único,única; único,63,72,0,15.42,16.34,43.65,70.14,26.49,2.89,3.38,64.29,92.36,28.07,1.77,1.64,59.52,65.97,6.45,0.42,0.25,77.78,70.83,-6.95,0.31,0.78,9.52,63.89,54.37,8.3,7.04,55.56,44.44,-11.12,27.34,24.34,64.29,31.25,-33.04,0.7,1.3,52.38,74.31,21.93,0.02,0.07,29.37,79.17,49.8,0.18,0.53,30.16,84.72,54.56,36.49,33.27,53.17,31.25,-21.92,9.47,9.49,69.05,89.58,20.53,77.62,74.74,42.06,4.86,-37.2,55.99,52.56,80.16,47.92,-32.24,54.05,49.54,61.11,56.25,-4.86,65.24,59.24,65.87,39.58,-26.29,63.24,62.26,72.22,64.58,-7.64,41.67,40.0,80.95,75.0,-5.95,8.333,12.0,73.81,79.86,6.05,41.18,41.88,75.4,81.25,5.85,63.95,64.76,2.38,11.81,9.43,61.85,62.73,29.37,13.19,-16.18,22,1
J08-0209,Kelvyn,kelvyn,LAT,LAT,0,Lateral Esquerdo,Lateral Esquerdo,Brasil B,Brasil C,C,1,2023,2023,2025,2025,2,2025,Juventude,Caxias,Kelvyn - Juventude - Brasil B,Kelvyn - Caxias - Brasil C,1019,431,16.0,9.0,1,0,900,616,1,0,0,0,0.1794,2.2438,2.064,55.3,97.6,24.0,27.0,2.0,0.0,medida (60 pares),medida (70 pares),23.0,26.0,3.0,1,0,-0.0331,-0.0227,2.0971,0.222,2.0218,única; único,única; único,74,47,0,16.25,12.95,54.73,31.91,-22.82,2.83,2.51,46.62,40.43,-6.19,2.03,0.84,52.03,21.28,-30.75,0.71,0.0,74.32,8.51,-65.81,0.62,0.21,55.41,5.32,-50.09,9.8,12.11,87.16,97.87,10.71,26.58,43.43,62.84,97.87,35.03,0.97,0.84,70.27,57.45,-12.82,0.04,0.01,62.16,13.83,-48.33,0.26,0.42,48.65,70.21,21.56,38.77,56.17,80.41,97.87,17.46,8.04,7.73,35.14,36.17,1.03,79.95,84.01,65.54,100.0,34.46,48.37,48.39,12.84,15.96,3.12,50.0,50.0,40.54,55.32,14.78,59.7,65.38,45.27,63.83,18.56,52.17,50.0,29.05,31.91,2.86,28.57,0.0,64.19,12.77,-51.42,0.0,0.0,32.43,35.11,2.68,42.11,46.15,83.11,93.62,10.51,69.37,81.03,22.3,87.23,64.93,75.71,80.65,84.46,100.0,15.54,22,1
J08-0210,Arthur Henrique,arthur henrique,LAT,LAT,0,Lateral Esquerdo,Lateral Esquerdo,Brasil A,Brasil C,C,1,2022,2022,2024,2024,2,2024,Atlético GO,São Bernardo FC,Arthur Henrique - Atlético GO - Brasil A,Arthur Henrique - São Bernardo FC - Brasil C,1103,913,22.0,15.0,0,0,900,592,0,0,0,0,0.2737,0.9071,0.633,59.1,77.3,32.0,32.0,0.0,0.0,medida (79 pares),medida (53 pares),28.0,30.0,2.0,0,0,-0.2034,0.0,0.8364,0.2387,0.6684,única; único,única; único,72,60,0,20.56,19.22,85.42,85.83,0.41,2.04,1.38,35.42,4.17,-31.25,3.26,2.66,81.25,80.83,-0.42,1.47,0.39,92.36,63.33,-29.03,0.16,0.39,6.25,25.83,19.58,7.83,6.8,38.19,30.83,-7.36,25.7,32.63,49.31,94.17,44.86,0.82,0.69,49.31,70.83,21.52,0.01,0.01,17.36,23.33,5.97,0.24,0.39,25.0,66.67,41.67,37.29,41.01,50.69,84.17,33.48,10.36,10.05,86.11,74.17,-11.94,80.31,81.49,46.53,79.17,32.64,49.6,53.85,25.69,49.17,23.48,60.0,42.86,92.36,35.83,-56.53,62.26,63.33,63.19,59.17,-4.02,52.5,59.26,31.25,45.83,14.58,0.0,0.0,6.94,13.33,6.39,0.0,0.0,24.31,31.67,7.36,40.63,29.41,70.14,31.67,-38.47,72.92,60.87,32.64,9.17,-23.47,62.26,70.59,6.25,62.5,56.25,22,1
J08-0211,Juninho,juninho,MED,MED,0,Medio,Medio,Brasil A,Brasil B,B,1,2023,2023,2024,2024,1,2024,América Mineiro,América Mineiro,Juninho - América Mineiro - Brasil A,Juninho - América Mineiro - Brasil B,3331,3466,36.0,37.0,0,0,900,900,0,0,0,0,0.4325,2.5052,2.073,64.4,91.9,38.0,38.0,0.0,0.0,medida (82 pares),medida (76 pares),35.0,36.0,1.0,0,0,-0.3775,0.0,2.4505,0.3821,2.1231,única; único,homônimo resolvido por qz+minutos; homônimo resolvido pelo clube,41,42,0,13.86,11.79,13.41,15.48,2.07,2.22,1.58,69.51,15.48,-54.03,1.38,0.75,37.8,34.52,-3.28,0.22,0.13,28.05,47.62,19.57,0.68,0.83,26.83,36.9,10.07,4.24,3.82,10.98,10.71,-0.27,15.62,20.7,3.66,27.38,23.72,2.4,2.36,98.78,96.43,-2.35,0.12,0.11,84.15,78.57,-5.58,0.41,0.26,81.71,82.14,0.43,24.94,27.32,3.66,15.48,11.82,6.08,5.25,18.29,5.95,-12.34,76.6,79.75,3.66,15.48,11.82,47.37,44.71,28.05,10.71,-17.34,34.15,29.51,23.17,15.48,-7.69,60.57,57.89,69.51,35.71,-33.8,50.98,41.38,30.49,22.62,-7.87,40.0,40.63,86.59,84.52,-2.07,12.0,15.625,76.83,86.9,10.07,44.44,25.37,68.29,25.0,-43.29,65.61,76.87,13.41,58.33,44.92,70.0,87.1,18.29,98.81,80.52,22,1
J08-0212,Pepê,pepe,MED,MED,0,Medio,Medio,Brasil A,Brasil B,B,1,2025,2025,jun26,2026,1,2026,Vitória,Cuiabá,Pepê - Vitória - Brasil A,Pepê - Cuiabá - Brasil B,749,616,14.0,9.0,1,1,900,284,0,1,1,0,-0.5788,2.6965,3.275,27.7,97.1,28.0,28.0,0.0,0.0,medida (156 pares),referência,27.0,28.0,1.0,0,0,-0.0327,0.0,3.3077,-0.2588,2.9553,única; único,única; único,32,34,0,19.47,13.0,87.5,48.53,-38.97,2.64,1.02,78.12,30.88,-47.24,1.2,1.17,59.38,69.12,9.74,0.0,0.15,9.38,76.47,67.09,0.6,0.44,28.12,11.76,-16.36,4.81,5.26,37.5,42.65,5.15,24.51,23.08,21.88,33.82,11.94,1.08,0.73,65.62,39.71,-25.91,0.02,0.03,12.5,22.06,9.56,0.12,0.15,26.56,47.06,20.5,35.45,34.63,25.0,42.65,17.65,9.13,4.82,81.25,22.06,-59.19,85.76,86.08,31.25,69.12,37.87,54.94,46.07,81.25,33.82,-47.43,36.36,71.43,28.12,83.82,55.7,64.29,41.03,87.5,10.29,-77.21,50.0,50.0,28.12,38.24,10.12,20.0,33.33,21.88,60.29,38.41,0.0,33.333,12.5,89.71,77.21,40.0,55.56,65.62,95.59,29.97,72.5,88.89,31.25,89.71,58.46,77.78,82.98,28.12,86.76,58.64,22,1
J08-0213,Lucas Mugni,lucas mugni,MED,MED,0,Medio,Medio,Brasil A,Brasil B,B,1,2023,2023,2024,2024,1,2024,Bahia,Ceará,Lucas Mugni - Bahia - Brasil A,Lucas Mugni - Ceará - Brasil B,472,1931,15.0,32.0,0,1,900,900,0,1,0,0,-0.3143,3.8402,4.154,44.1,100.0,34.0,34.0,0.0,0.0,medida (82 pares),medida (76 pares),31.0,32.0,1.0,0,0,-0.2979,0.0,4.4519,-0.0912,3.9314,única; único,única; único,41,42,0,19.26,20.27,65.85,84.52,18.67,1.72,2.05,31.71,51.19,19.48,2.29,1.96,67.07,91.67,24.6,0.0,0.09,2.44,33.33,30.89,0.76,0.56,36.59,8.33,-28.26,6.1,6.66,60.98,70.24,9.26,27.08,21.77,48.78,36.9,-11.88,1.33,1.68,75.61,86.9,11.29,0.05,0.05,37.8,29.76,-8.04,0.19,0.47,34.15,98.81,64.66,36.42,35.56,43.9,44.05,0.15,7.63,8.39,34.15,63.1,28.95,78.01,73.66,7.32,1.19,-6.13,36.63,44.83,0.0,15.48,15.48,33.33,31.82,20.73,20.24,-0.49,56.1,58.6,41.46,44.05,2.59,16.67,61.9,0.0,89.29,89.29,50.0,41.67,100.0,88.1,-11.9,0.0,25.0,14.63,95.24,80.61,31.25,38.75,46.34,72.62,26.28,87.5,83.22,100.0,79.76,-20.24,56.67,69.57,0.0,20.24,20.24,22,1
J08-0214,E. Martínez,e martinez,MED,MED,0,Medio,Medio,Dinamarca,Brasil A,A,0,2023,2023,2025,2025,2,2025,Midtjylland,Palmeiras,E. Martínez - Midtjylland - Dinamarca,E. Martínez - Palmeiras - Brasil A,1667,1707,22.0,25.0,0,0,782,900,0,0,0,0,-1.2412,-0.4148,0.826,2.3,34.0,24.0,26.0,2.0,0.0,medida (23 pares),medida (156 pares),23.0,25.0,2.0,0,0,0.1634,0.1701,0.6626,-0.3221,-0.0927,única; único,homônimo resolvido por qz+minutos; homônimo resolvido pelo clube,37,32,0,19.27,12.65,66.22,23.44,-42.78,1.57,2.27,24.32,76.56,52.24,2.38,0.47,77.03,18.75,-58.28,0.43,0.05,60.81,31.25,-29.56,0.76,0.74,39.19,46.88,7.69,4.05,6.06,22.97,60.94,37.97,21.06,28.26,22.97,45.31,22.34,0.32,0.58,4.05,23.44,19.39,0.04,0.06,14.86,45.31,30.45,0.05,0.16,4.05,42.19,38.14,33.69,40.33,33.78,42.19,8.41,10.2,8.38,87.84,76.56,-11.28,86.86,89.41,82.43,73.44,-8.99,51.26,51.67,71.62,56.25,-15.37,58.62,46.51,93.24,60.94,-32.3,62.5,59.84,66.22,53.12,-13.1,50.0,44.44,37.84,17.19,-20.65,14.29,50.0,17.57,95.31,77.74,0.0,7.143,9.46,51.56,42.1,61.54,0.0,98.65,4.69,-93.96,68.0,81.74,44.59,89.06,44.47,68.24,77.88,31.08,29.69,-1.39,22,1
J08-0215,Boschilia,boschilia,MED,MED,0,Medio,Medio,Brasil A,Brasil B,B,1,2022,2022,2024,2024,2,2024,Coritiba,Operário PR,Boschilia - Coritiba - Brasil A,Boschilia - Operário PR - Brasil B,595,1183,12.0,16.0,0,1,900,900,0,1,0,0,-0.3087,0.879,1.188,33.3,77.4,30.0,30.0,0.0,0.0,medida (79 pares),medida (76 pares),26.0,28.0,2.0,0,0,0.01,0.0,1.178,0.0524,0.8266,única; único,única; único,38,42,0,17.24,19.1,34.21,82.14,47.93,0.45,1.9,0.0,40.48,40.48,2.27,1.45,68.42,72.62,4.2,0.45,0.3,65.79,88.1,22.31,1.82,2.66,92.11,98.81,6.7,3.93,6.54,15.79,65.48,49.69,23.6,28.22,28.95,67.86,38.91,0.76,0.08,34.21,1.19,-33.02,0.06,0.11,43.42,78.57,35.15,0.3,0.15,68.42,48.81,-19.61,31.46,39.94,21.05,65.48,44.43,6.5,5.78,7.89,13.1,5.21,81.73,82.86,13.16,34.52,21.36,47.37,48.61,39.47,36.9,-2.57,33.33,44.0,17.11,41.67,24.56,50.98,61.18,13.16,75.0,61.84,53.33,36.84,36.84,8.33,-28.51,25.0,25.71,39.47,34.52,-4.95,0.0,8.571,21.05,60.71,39.66,25.0,37.5,34.21,69.05,34.84,73.08,76.74,36.84,55.95,19.11,84.85,74.51,86.84,50.0,-36.84,22,1
J08-0216,Ramon,ramon,VOL,VOL,0,Volante,Volante,Brasil B,Brasil C,C,1,2023,2023,2025,2025,2,2025,Ponte Preta,Ituano,Ramon - Ponte Preta - Brasil B,Ramon - Ituano - Brasil C,1449,1156,25.0,13.0,0,0,900,616,0,0,0,0,-0.0131,3.5524,3.566,50.0,97.6,26.0,29.0,2.0,0.0,medida (60 pares),medida (70 pares),25.0,28.0,3.0,1,0,0.2839,0.2714,3.2821,0.2849,3.2675,única; homônimo resolvido pelo clube,única; homônimo resolvido pelo clube,30,28,0,12.48,13.47,8.33,26.79,18.46,0.93,1.01,1.67,1.79,0.12,1.3,2.02,61.67,98.21,36.54,0.43,0.16,81.67,76.79,-4.88,0.25,1.25,8.33,73.21,64.88,6.02,7.71,68.33,76.79,8.46,27.7,24.76,61.67,64.29,2.62,0.31,0.62,41.67,66.07,24.4,0.02,0.09,16.67,78.57,61.9,0.19,0.31,75.0,85.71,10.71,41.74,38.23,71.67,66.07,-5.6,6.71,6.07,15.0,8.93,-6.07,87.95,83.1,65.0,37.5,-27.5,53.73,53.18,61.67,48.21,-13.46,60.0,69.23,86.67,98.21,11.54,56.7,52.38,35.0,19.64,-15.36,61.9,65.38,55.0,58.93,3.93,0.0,25.0,6.67,55.36,48.69,0.0,6.25,23.33,71.43,48.1,42.86,42.11,75.0,62.5,-12.5,76.29,87.88,58.33,98.21,39.88,78.23,77.78,65.0,73.21,8.21,22,1
J08-0217,Ricardo Silva,ricardo silva,ZAG,ZAG,0,Zagueiro - Direita,Zagueiro - Direita,Brasil A,Brasil B,B,1,2023,2023,2024,2024,1,2024,América Mineiro,América Mineiro,Ricardo Silva - América Mineiro - Brasil A,Ricardo Silva - América Mineiro - Brasil B,1850,3087,20.0,32.0,0,0,900,900,0,0,0,0,-0.0532,-1.3074,-1.254,43.4,7.8,33.0,33.0,0.0,0.0,medida (82 pares),medida (76 pares),30.0,31.0,1.0,0,0,0.0066,0.0,-1.2606,0.1015,-1.4089,única; único,única; único,74,69,0,15.18,13.44,87.16,79.71,-7.45,5.3,4.37,91.22,57.25,-33.97,0.34,0.15,49.32,31.16,-18.16,0.0,0.03,11.49,40.58,29.09,0.29,0.26,37.84,34.78,-3.06,6.42,6.5,33.11,35.51,2.4,17.12,32.65,6.08,74.64,68.56,0.54,0.32,57.43,18.84,-38.59,0.05,0.03,58.78,27.54,-31.24,0.0,0.03,20.27,61.59,41.32,28.02,48.75,8.78,86.23,77.45,10.22,7.96,93.92,54.35,-39.57,81.94,90.43,7.43,89.13,81.7,66.67,68.11,96.62,93.48,-3.14,66.97,72.0,88.51,90.58,2.07,73.39,71.35,95.27,70.29,-24.98,57.14,60.0,39.19,37.68,-1.51,66.67,11.11,96.62,12.32,-84.3,16.667,0.0,81.76,20.29,-61.47,33.33,100.0,62.16,97.1,34.94,61.36,69.51,6.08,44.2,38.12,60.61,67.67,16.89,54.35,37.46,22,1
J08-0218,Ignácio,ignacio,ZAG,ZAG,0,Zagueiro - Esquerda,Zagueiro - Direita,Peru,Brasil A,A,0,2023,2023,2025,2025,2,2025,Sporting Cristal,Fluminense,Ignácio - Sporting Cristal - Peru,Ignácio - Fluminense - Brasil A,3066,1297,31.0,19.0,0,0,876,900,0,0,0,0,-0.132,-0.3181,-0.186,47.1,37.9,26.0,29.0,3.0,0.0,medida (70 pares),medida (156 pares),26.0,28.0,2.0,0,0,-0.0715,-0.1177,-0.1145,0.145,-0.4631,única; único,única; único,69,74,0,16.47,14.78,93.48,95.27,1.79,4.73,4.09,84.78,69.59,-15.19,0.62,0.28,78.99,64.19,-14.8,0.15,0.0,78.99,29.05,-49.94,0.79,0.35,93.48,35.14,-58.34,5.67,5.27,29.71,11.49,-18.22,25.68,34.63,84.78,73.65,-11.13,1.03,0.69,96.38,77.03,-19.35,0.11,0.03,91.3,23.65,-67.65,0.03,0.07,45.65,68.92,23.27,40.01,46.01,84.78,65.54,-19.24,8.84,7.98,61.59,69.59,8.0,88.04,89.14,86.23,53.38,-32.85,65.95,62.44,97.83,72.3,-25.53,66.46,64.41,97.83,73.65,-24.18,75.12,65.91,96.38,50.68,-45.7,76.19,100.0,73.19,89.19,16.0,29.63,60.0,55.8,93.24,37.44,11.111,0.0,65.22,25.0,-40.22,20.0,0.0,37.68,20.95,-16.73,59.07,57.89,12.32,3.38,-8.94,67.97,61.9,73.19,12.84,-60.35,22,1
J08-0219,Ruan Tressoldi,ruan tressoldi,ZAG,ZAG,0,Zagueiro - Direita,Zagueiro - Direita,Italia A,Brasil A,A,0,2024,2024,2025,2025,1,2025,Sassuolo,Atlético Mineiro,Ruan Tressoldi - Sassuolo - Italia A,Ruan Tressoldi - Atlético Mineiro - Brasil A,1352,1313,21.0,16.0,0,0,639,900,0,0,0,0,0.4202,-0.4211,-0.841,62.9,32.8,24.0,27.0,2.0,0.0,medida (122 pares),medida (156 pares),24.0,26.0,2.0,1,0,0.0213,0.0248,-0.8623,0.2624,-0.6835,única; único,única; único,79,74,0,13.98,12.06,48.73,68.24,19.51,4.46,4.94,70.89,97.97,27.08,0.2,0.41,26.58,85.81,59.23,0.0,0.0,8.86,29.05,20.19,0.4,0.21,65.82,12.16,-53.66,4.33,5.0,7.59,8.78,1.19,19.3,20.77,6.96,8.78,1.82,0.47,0.41,43.67,25.0,-18.67,0.04,0.03,44.3,23.65,-20.65,0.07,0.0,56.33,24.32,-32.01,32.88,31.33,10.76,6.08,-4.68,8.65,6.44,37.34,14.19,-23.15,89.07,89.93,51.27,66.89,15.62,57.14,55.11,31.01,16.89,-14.12,55.22,58.33,51.27,47.97,-3.3,60.0,57.63,15.82,14.19,-1.63,0.0,16.67,5.06,12.16,7.1,33.33,66.67,51.27,96.62,45.35,0.0,33.333,27.85,95.95,68.1,100.0,0.0,95.57,20.95,-74.62,50.77,63.01,1.9,13.51,11.61,76.47,85.11,76.58,98.65,22.07,22,1
J08-0220,Titi,titi,ZAG,ZAG,0,Zagueiro - Esquerda,Zagueiro - Esquerda,Brasil A,Brasil B,B,1,2024,2024,2025,2025,1,2025,Fortaleza,Goiás,Titi - Fortaleza - Brasil A,Titi - Goiás - Brasil B,2270,1414,23.0,15.0,0,0,900,900,0,0,0,0,-2.389,0.1405,2.529,2.2,60.0,38.0,38.0,0.0,0.0,medida (113 pares),medida (111 pares),36.0,37.0,1.0,0,0,-0.0388,0.0,2.5678,-0.6924,0.8329,única; único,única; único,73,72,0,12.21,11.58,60.96,64.58,3.62,3.17,2.74,25.34,7.64,-17.7,0.24,0.25,43.84,63.19,19.35,0.04,0.0,50.68,34.03,-16.65,0.16,0.38,10.27,52.78,42.51,5.43,7.96,18.49,64.58,46.09,19.9,28.2,10.96,59.03,48.07,0.32,0.57,17.81,68.75,50.94,0.02,0.02,14.38,18.75,4.37,0.0,0.13,18.49,95.14,76.65,29.42,42.64,3.42,59.03,55.61,7.65,6.75,39.04,25.0,-14.04,85.71,88.06,18.49,64.58,46.09,58.77,57.69,29.45,25.69,-3.76,51.25,46.51,13.01,4.86,-8.15,67.11,67.06,41.78,67.36,25.58,50.0,50.0,25.34,34.72,9.38,25.0,16.67,28.77,21.53,-7.24,25.0,0.0,90.41,22.92,-67.49,0.0,42.86,17.81,70.14,52.33,71.53,84.0,43.15,99.31,56.16,61.54,71.31,8.9,75.69,66.79,22,1
J08-0221,Danilo Boza,danilo boza,ZAG,ZAG,0,Zagueiro - Direita,Zagueiro - Direita,Brasil B,Brasil A,A,1,2023,2023,2024,2024,1,2024,Juventude,Juventude,Danilo Boza - Juventude - Brasil B,Danilo Boza - Juventude - Brasil A,3888,3196,38.0,32.0,0,0,900,900,0,0,0,0,1.2843,2.9685,1.684,86.1,97.9,25.0,28.0,2.0,0.0,medida (60 pares),medida (113 pares),24.0,26.0,2.0,1,0,0.0213,-0.0782,1.6627,0.5561,2.4124,única; único,única; único,70,73,0,11.74,9.38,45.71,10.27,-35.44,5.09,4.08,66.43,55.48,-10.95,0.32,0.45,53.57,78.77,25.2,0.23,0.17,87.86,84.93,-2.93,0.76,0.73,92.14,89.73,-2.41,5.37,5.35,15.0,14.38,-0.62,36.48,32.55,99.29,63.7,-35.59,0.97,0.93,92.86,97.95,5.09,0.09,0.11,85.0,93.15,8.15,0.05,0.03,67.86,44.52,-23.34,49.86,44.8,95.0,58.22,-36.78,7.06,7.58,27.86,36.3,8.44,92.48,91.89,96.43,85.62,-10.81,62.92,63.06,62.14,69.18,7.04,57.27,54.48,36.43,19.86,-16.57,76.83,81.0,99.29,99.32,0.03,64.29,81.25,42.86,71.92,29.06,30.3,38.46,55.0,59.59,4.59,6.061,11.538,66.43,62.33,-4.1,14.29,0.0,60.71,17.81,-42.9,65.09,68.42,27.86,34.25,6.39,78.31,73.43,97.86,50.0,-47.86,22,1
J08-0222,Anderson,anderson,ZAG,ZAG,0,Zagueiro - Esquerda,Zagueiro - Esquerda,Portugal A,Brasil B,B,0,2024,2024,jun26,2026,2,2026,Vizela,Vila Nova,Anderson - Vizela - Portugal A,Anderson - Vila Nova - Brasil B,2214,547,22.0,7.0,1,0,568,284,0,0,1,0,-2.3807,-0.587,1.794,2.4,23.3,29.0,31.0,2.0,0.0,medida (44 pares),referência,29.0,31.0,2.0,0,0,0.0132,-0.1426,1.7808,-0.1148,-0.4722,única; único,única; único,65,67,0,12.2,12.01,50.0,78.36,28.36,4.35,4.94,68.46,89.55,21.09,0.24,0.0,40.0,17.91,-22.09,0.08,0.16,47.69,93.28,45.59,0.41,0.16,63.08,17.16,-45.92,5.12,7.4,10.77,55.97,45.2,21.63,31.26,11.54,72.39,60.85,0.69,0.33,69.23,26.12,-43.11,0.05,0.04,51.54,50.0,-1.54,0.04,0.0,56.92,38.06,-18.86,31.87,46.56,8.46,76.87,68.41,8.82,6.09,63.85,17.16,-46.69,88.27,91.17,65.38,91.79,26.41,54.0,49.32,14.62,9.7,-4.92,55.14,46.67,53.08,15.67,-37.41,61.86,57.14,34.62,26.87,-7.75,66.67,0.0,65.38,23.88,-41.5,20.0,100.0,25.38,94.03,68.65,0.0,0.0,26.92,44.03,17.11,0.0,0.0,25.38,35.82,10.44,68.25,77.78,48.46,80.6,32.14,67.07,90.0,68.46,98.51,30.05,22,1
J08-0223,Wagner Leonardo,wagner leonardo,ZAG,ZAG,0,Zagueiro - Esquerda,Zagueiro - Esquerda,Brasil B,Brasil A,A,1,2023,2023,2024,2024,1,2024,Vitória,Vitória,Wagner Leonardo - Vitória - Brasil B,Wagner Leonardo - Vitória - Brasil A,3546,3579,35.0,36.0,0,0,900,900,0,0,0,0,2.0286,0.1329,-1.896,94.1,56.5,24.0,26.0,2.0,0.0,medida (60 pares),medida (113 pares),23.0,24.0,1.0,0,0,0.0152,0.0377,-1.9112,0.8091,-0.6762,única; único,única; único,70,73,0,12.28,9.56,57.14,17.12,-40.02,4.29,4.43,32.86,68.49,35.63,0.56,0.4,75.0,70.55,-4.45,0.15,0.13,73.57,77.4,3.83,0.53,0.5,79.29,73.97,-5.32,8.25,7.75,75.0,67.81,-7.19,31.07,26.0,77.86,36.3,-41.56,0.71,0.55,77.86,61.64,-16.22,0.1,0.1,91.43,90.41,-1.02,0.0,0.03,22.86,44.52,21.66,44.8,39.25,73.57,43.15,-30.42,9.06,7.22,83.57,23.97,-59.6,87.71,88.34,57.86,45.89,-11.97,65.08,57.37,82.14,21.23,-60.91,62.13,57.95,57.86,36.3,-21.56,74.87,69.3,97.86,62.33,-35.53,68.18,62.5,59.29,44.52,-14.77,52.38,55.0,92.14,88.36,-3.78,23.81,25.0,93.57,90.41,-3.16,33.33,40.0,73.57,67.81,-5.76,71.69,72.4,57.86,55.48,-2.38,69.48,71.82,69.29,43.15,-26.14,22,1
J08-0224,J. Benítez,j benitez,ATA,ATA,0,Atacante,Atacante,Paraguai,Brasil B,B,0,2024,2024,2025,2025,1,2025,Sportivo Luqueño,Paysandu,J. Benítez - Sportivo Luqueño - Paraguai,J. Benítez - Paysandu - Brasil B,646,994,8.0,19.0,0,1,189,900,0,0,0,0,1.8539,-0.1988,-2.053,92.6,38.8,31.0,33.0,2.0,0.0,medida (47 pares),medida (111 pares),31.0,32.0,1.0,0,0,-0.3218,-0.7028,-1.7312,0.7659,-0.9647,única; único,única; único,31,44,0,22.99,19.1,43.55,51.14,7.59,6.69,7.24,53.23,73.86,20.63,4.18,2.17,88.71,76.14,-12.57,0.7,0.18,75.81,76.14,0.33,2.79,2.99,85.48,96.59,11.11,1.67,1.36,53.23,57.95,4.72,16.44,11.77,79.03,73.86,-5.17,4.6,3.62,79.03,78.41,-0.62,0.35,0.27,58.06,26.14,-31.92,0.14,0.0,30.65,3.41,-27.24,22.99,15.75,75.81,67.05,-8.76,4.04,4.26,69.35,87.5,18.15,75.76,70.11,72.58,17.05,-55.53,40.0,46.92,88.71,96.59,7.88,33.33,42.5,45.16,89.77,44.61,59.09,56.82,66.13,64.77,-1.36,60.0,50.0,67.74,44.32,-23.42,30.0,27.27,19.35,7.95,-11.4,15.0,3.03,50.0,1.14,-48.86,12.5,20.0,50.0,37.5,-12.5,50.0,46.67,17.74,7.95,-9.79,53.33,50.0,29.03,20.45,-8.58,22,1
J08-0225,Á. Rodríguez,a rodriguez,ATA,ATA,0,Atacante,Atacante,Colombia A,Brasil B,B,0,2022,2022,2024,2024,2,2024,Deportivo Cali,Goiás,Á. Rodríguez - Deportivo Cali - Colombia A,Á. Rodríguez - Goiás - Brasil B,2239,409,29.0,13.0,1,0,900,900,1,0,0,0,0.15,0.1002,-0.05,57.5,56.8,33.0,37.0,3.0,0.0,medida (55 pares),medida (76 pares),32.0,35.0,3.0,1,0,-0.8808,-1.157,0.8308,0.3195,-0.2193,única; único,única; único,40,45,0,21.46,22.67,56.25,77.78,21.53,3.66,4.84,23.75,44.44,20.69,2.53,1.32,51.25,40.0,-11.25,0.32,0.22,42.5,61.11,18.61,1.49,1.98,18.75,62.22,43.47,0.52,0.88,3.75,12.22,8.47,5.99,5.28,2.5,0.0,-2.5,3.54,5.28,78.75,100.0,21.25,0.27,0.47,30.0,97.78,67.78,0.36,0.0,66.25,2.22,-64.03,11.42,11.66,6.25,15.56,9.31,2.73,3.08,31.25,46.67,15.42,70.77,75.47,16.25,33.33,17.08,29.03,26.21,6.25,0.0,-6.25,30.77,18.18,33.75,5.56,-28.19,40.32,41.18,6.25,6.67,0.42,44.44,50.0,48.75,63.33,14.58,59.46,44.44,98.75,75.56,-23.19,16.216,22.222,56.25,92.22,35.97,13.64,25.0,21.25,37.78,16.53,76.92,100.0,61.25,100.0,38.75,66.67,100.0,61.25,100.0,38.75,22,1
J08-0226,L. Rodríguez,l rodriguez,ATA,ATA,0,Atacante,Atacante,Uruguai,Brasil A,A,0,2024,2024,2025,2025,1,2025,Liverpool,Bahia,L. Rodríguez - Liverpool - Uruguai,L. Rodríguez - Bahia - Brasil A,1390,889,16.0,18.0,1,0,876,900,1,0,0,0,1.4646,-0.532,-1.997,85.9,21.9,22.0,22.0,0.0,0.0,medida (72 pares),medida (156 pares),20.0,21.0,1.0,0,0,0.2833,0.0,-2.2803,0.6553,-1.1873,homônimo resolvido por qz+minutos; homônimo resolvido pelo clube,única; único,50,50,0,30.17,19.24,93.0,54.0,-39.0,2.72,1.82,23.0,14.0,-9.0,8.22,3.04,99.0,82.0,-17.0,0.65,0.2,87.0,68.0,-19.0,4.66,2.83,97.0,83.0,-14.0,3.17,1.42,75.0,44.0,-31.0,16.71,12.76,81.0,58.0,-23.0,3.56,3.24,77.0,50.0,-27.0,0.38,0.31,76.0,35.0,-41.0,0.06,0.1,5.0,7.0,2.0,18.78,15.29,63.0,46.0,-17.0,4.79,4.66,79.0,89.0,10.0,68.62,76.16,29.0,42.0,13.0,35.41,39.47,39.0,70.0,31.0,23.81,38.89,9.0,75.0,66.0,55.17,55.1,25.0,80.0,55.0,40.16,43.33,33.0,28.0,-5.0,40.28,39.29,47.0,44.0,-3.0,6.944,7.143,19.0,10.0,-9.0,16.0,0.0,5.0,7.0,2.0,79.59,42.86,75.0,5.0,-70.0,60.0,60.0,40.0,32.0,-8.0,22,1
J08-0227,L. Díaz,l diaz,ATA,ATA,0,Atacante,Atacante,Equador A,Brasil A,A,0,2023,2023,2024,2024,1,2024,Independiente del Valle,Cruzeiro,L. Díaz - Independiente del Valle - Equador A,L. Díaz - Cruzeiro - Brasil A,1394,1072,23.0,18.0,0,0,711,900,0,0,0,0,-0.2266,-0.6745,-0.448,39.5,20.3,25.0,28.0,3.0,0.0,medida (58 pares),medida (113 pares),25.0,26.0,1.0,0,0,-0.0645,-0.2557,-0.3835,0.175,-0.8495,única; único,única; único,38,49,0,18.27,18.72,32.89,39.8,6.91,3.23,4.87,19.74,48.98,29.24,3.42,2.35,80.26,68.37,-11.89,0.26,0.25,69.74,59.18,-10.56,2.52,1.26,63.16,9.18,-53.98,1.1,2.01,27.63,68.37,40.74,12.07,13.1,67.11,68.37,1.26,4.97,2.69,88.16,39.8,-48.36,0.28,0.19,18.42,16.33,-2.09,0.32,0.25,53.95,42.86,-11.09,14.33,17.13,35.53,62.24,26.71,3.16,4.2,59.21,72.45,13.24,63.51,73.04,1.32,21.43,20.11,40.99,33.18,90.79,19.39,-71.4,34.0,37.93,38.16,68.37,30.21,60.66,55.32,85.53,54.08,-31.45,56.6,17.86,88.16,1.02,-87.14,30.77,40.0,6.58,39.8,33.22,10.256,6.667,17.11,7.14,-9.97,21.62,9.09,19.74,9.18,-10.56,88.24,62.5,76.32,27.55,-48.77,66.67,75.0,57.89,73.47,15.58,22,1
J08-0228,A. Bareiro,a bareiro,ATA,ATA,0,Atacante,Atacante,Argentina A,Brasil A,A,0,2024,2024,2025,2025,1,2025,San Lorenzo,Fortaleza,A. Bareiro - San Lorenzo - Argentina A,A. Bareiro - Fortaleza - Brasil A,761,1012,8.0,21.0,0,1,213,900,0,0,0,0,1.7321,0.5146,-1.218,91.8,62.5,27.0,29.0,2.0,0.0,medida (108 pares),medida (156 pares),27.0,28.0,1.0,0,0,-0.2574,-0.2862,-0.9606,0.7313,-0.2167,única; único,única; único,72,50,0,35.24,30.68,93.75,99.0,5.25,11.47,10.94,88.19,97.0,8.81,1.89,0.89,36.11,19.0,-17.11,0.24,0.0,47.22,12.0,-35.22,2.13,2.4,54.17,74.0,19.83,2.13,1.33,70.83,43.0,-27.83,9.93,9.69,43.75,29.0,-14.75,3.19,4.0,44.44,87.0,42.56,0.35,0.61,63.89,97.0,33.11,0.24,0.18,43.06,27.0,-16.06,19.51,15.03,75.69,43.0,-32.69,4.85,3.82,74.31,63.0,-11.31,73.94,74.56,65.97,25.0,-40.97,38.93,36.52,79.86,45.0,-34.86,48.45,39.02,92.36,77.0,-15.36,48.72,47.92,29.86,35.0,5.14,25.0,60.0,14.58,83.0,68.42,50.0,74.07,81.94,99.0,17.06,27.778,25.926,89.58,90.0,0.42,33.33,33.33,70.14,68.0,-2.14,55.56,66.67,22.92,47.0,24.08,84.21,62.5,90.97,41.0,-49.97,22,1
J08-0229,Léo Gamalho,leo gamalho,ATA,ATA,0,Atacante,Atacante,Brasil A,Brasil B,B,1,2022,2022,2024,2024,2,2024,Coritiba,Mirassol,Léo Gamalho - Coritiba - Brasil A,Léo Gamalho - Mirassol - Brasil B,1828,747,28.0,19.0,1,0,900,900,1,0,0,0,0.2326,-0.3593,-0.592,61.5,34.6,40.0,40.0,0.0,0.0,medida (79 pares),medida (76 pares),36.0,38.0,2.0,0,0,-0.9744,0.0,0.3824,0.3262,-0.6855,única; único,única; único,40,45,0,17.58,14.1,26.25,6.67,-19.58,7.93,5.54,81.25,53.33,-27.92,0.49,1.2,3.75,33.33,29.58,0.1,0.12,10.0,42.22,32.22,1.58,1.69,8.75,34.44,25.69,1.18,1.81,18.75,60.0,41.25,9.65,8.07,18.75,28.89,10.14,2.26,1.33,8.75,15.56,6.81,0.35,0.29,47.5,53.33,5.83,0.15,0.24,16.25,51.11,34.86,14.43,13.01,21.25,26.67,5.42,2.36,1.81,16.25,2.22,-14.03,82.94,82.41,86.25,84.44,-1.81,41.46,39.32,78.75,73.33,-5.42,43.48,41.3,83.75,88.89,5.14,53.19,50.0,63.75,35.56,-28.19,50.0,10.0,56.25,0.0,-56.25,53.13,35.71,98.75,42.22,-56.53,25.0,28.571,96.25,100.0,3.75,37.5,100.0,86.25,98.89,12.64,70.83,66.67,41.25,24.44,-16.81,57.14,54.55,21.25,20.0,-1.25,22,1
J08-0230,G. Mastriani,g mastriani,ATA,ATA,0,Atacante,Atacante,Equador A,Brasil B,B,0,2022,2022,jun26,2026,4,2026,Barcelona,América Mineiro,G. Mastriani - Barcelona - Equador A,G. Mastriani - América Mineiro - Brasil B,1018,954,16.0,10.0,0,0,734,284,0,0,1,0,1.0125,0.0,-1.012,81.2,51.5,29.0,33.0,4.0,0.0,medida (52 pares),referência,29.0,33.0,4.0,0,0,-0.8134,-1.0142,-0.1986,0.3388,-0.3388,única; único,única; único,40,33,0,16.53,10.94,23.75,7.58,-16.17,5.48,3.02,51.25,25.76,-25.49,1.41,1.42,23.75,53.03,29.28,0.18,0.0,46.25,30.3,-15.95,3.09,2.17,86.25,62.12,-24.13,0.71,1.13,11.25,40.91,29.66,6.63,6.42,6.25,4.55,-1.7,4.07,2.74,93.75,56.06,-37.69,0.72,0.31,98.75,46.97,-51.78,0.62,0.19,96.25,40.91,-55.34,10.52,10.85,3.75,25.76,22.01,3.27,2.36,51.25,28.79,-22.46,74.79,68.7,48.75,4.55,-44.2,36.36,38.79,43.75,53.03,9.28,43.55,40.63,76.25,77.27,1.02,45.45,61.54,26.25,75.76,49.51,43.75,46.67,33.75,54.55,20.8,45.71,56.52,68.75,80.3,11.55,17.143,13.043,68.75,34.85,-33.9,33.33,11.11,68.75,36.36,-32.39,62.5,16.67,17.5,6.06,-11.44,25.0,30.0,1.25,4.55,3.3,22,1
J08-0231,J. Lucero,j lucero,ATA,ATA,0,Atacante,Atacante,Chile,Brasil A,A,0,2022,2022,2023,2023,1,2023,Colo Colo,Fortaleza,J. Lucero - Colo Colo - Chile,J. Lucero - Fortaleza - Brasil A,2175,2330,26.0,31.0,0,0,711,900,0,0,0,0,3.5542,-0.4196,-3.974,97.9,37.7,30.0,34.0,4.0,0.0,medida (58 pares),medida (82 pares),30.0,31.0,1.0,0,0,-0.0849,-1.159,-3.8891,1.2488,-1.6684,única; único,única; único,45,41,0,20.94,15.14,25.56,8.54,-17.02,4.14,3.79,34.44,37.8,3.36,3.06,1.51,67.78,25.61,-42.17,0.33,0.23,50.0,36.59,-13.41,2.86,2.01,88.89,32.93,-55.96,1.57,1.47,25.56,42.68,17.12,15.31,9.0,74.44,25.61,-48.83,5.17,3.17,98.89,46.34,-52.55,0.55,0.41,85.56,69.51,-16.05,0.33,0.15,45.56,6.1,-39.46,19.08,12.75,45.56,20.73,-24.83,3.19,2.51,32.22,23.17,-9.05,74.62,74.24,67.78,28.05,-39.73,29.25,34.44,7.78,25.61,17.83,30.0,28.57,25.56,23.17,-2.39,57.38,50.75,65.56,45.12,-20.44,33.78,51.28,14.44,62.2,47.76,40.58,50.0,43.33,79.27,35.94,23.188,17.308,90.0,59.76,-30.24,20.0,35.71,16.67,71.95,55.28,81.58,63.16,74.44,20.73,-53.71,74.29,62.96,83.33,28.05,-55.28,22,1
J08-0232,F. Barceló,f barcelo,ATA,ATA,0,Atacante,Atacante,Paraguai,Brasil B,B,0,2023,2023,2024,2024,1,2024,Guaraní,Ceará,F. Barceló - Guaraní - Paraguai,F. Barceló - Ceará - Brasil B,2346,1011,32.0,25.0,0,0,900,900,0,0,0,0,-0.2858,-0.5521,-0.266,40.7,24.7,30.0,33.0,3.0,0.0,medida (48 pares),medida (76 pares),30.0,31.0,1.0,0,0,-0.0849,-0.8585,-0.1811,0.1582,-0.7103,única; único,única; único,42,45,0,21.78,19.76,27.38,52.22,24.84,8.78,8.28,53.57,90.0,36.43,1.44,0.62,27.38,5.56,-21.82,0.2,0.18,35.71,52.22,16.51,2.11,1.78,65.48,45.56,-19.92,1.6,0.98,32.14,16.67,-15.47,12.57,9.08,65.48,36.67,-28.81,4.35,3.03,79.76,68.89,-10.87,0.33,0.31,55.95,57.78,1.83,0.32,0.0,33.33,2.22,-31.11,19.43,14.69,60.71,41.11,-19.6,3.27,2.14,48.81,8.89,-39.92,71.25,61.82,47.62,1.11,-46.51,31.32,30.63,20.24,16.67,-3.57,26.82,35.48,27.38,72.22,44.84,55.32,50.0,48.81,35.56,-13.25,47.22,28.57,51.19,1.11,-50.08,39.62,50.0,44.05,94.44,50.39,16.981,25.0,67.86,98.89,31.03,26.09,28.57,50.0,53.33,3.33,55.0,63.64,5.95,23.33,17.38,48.65,45.45,20.24,5.56,-14.68,22,1
J08-0233,T. Borbas,t borbas,ATA,ATA,0,Atacante,Atacante,Uruguai,Brasil A,A,0,2022,2022,2024,2024,2,2024,River Plate,Red Bull Bragantino,T. Borbas - River Plate - Uruguai,T. Borbas - Red Bull Bragantino - Brasil A,3392,1090,36.0,21.0,0,0,876,900,0,0,0,0,3.3675,-1.7243,-5.092,96.9,1.4,20.0,24.0,4.0,0.0,medida (33 pares),medida (113 pares),20.0,22.0,2.0,0,0,0.4852,1.1098,-5.5772,0.579,-2.3033,única; único,única; único,50,49,0,29.72,26.75,74.0,94.9,20.9,9.1,9.83,77.0,98.98,21.98,3.4,0.83,61.0,9.18,-51.82,0.4,0.08,52.0,19.39,-32.61,3.37,1.16,93.0,7.14,-85.86,1.96,1.16,53.0,17.35,-35.65,11.7,6.03,61.0,1.02,-59.98,4.91,2.23,97.0,21.43,-75.57,0.51,0.14,84.0,9.18,-74.82,0.29,0.08,46.0,9.18,-36.82,19.26,10.82,59.0,1.02,-57.98,4.83,3.63,71.0,58.16,-12.84,65.15,72.52,7.0,17.35,10.35,35.8,27.47,47.0,3.06,-43.94,37.61,29.41,62.0,33.67,-28.33,52.94,46.51,33.0,15.31,-17.69,50.0,30.0,61.0,7.14,-53.86,44.88,57.14,63.0,94.9,31.9,14.173,14.286,59.0,53.06,-5.94,17.65,66.67,33.0,93.88,60.88,59.46,50.0,13.0,1.02,-11.98,55.07,100.0,23.0,98.98,75.98,22,1
J08-0234,E. Rodríguez,e rodriguez,ATA,ATA,0,Atacante,Atacante,Uruguai,Brasil A,A,0,2023,2023,2024,2024,1,2024,Boston River,Atlético GO,E. Rodríguez - Boston River - Uruguai,E. Rodríguez - Atlético GO - Brasil A,1038,1219,14.0,21.0,0,0,876,900,0,0,0,0,0.9548,-0.7544,-1.709,83.1,18.8,20.0,22.0,3.0,0.0,medida (47 pares),medida (113 pares),20.0,20.0,0.0,-1,0,0.0,0.7182,-1.709,0.5106,-1.265,única; único,única; homônimo resolvido pelo clube,45,49,0,29.91,25.32,85.56,90.82,5.26,9.28,8.86,87.78,94.9,7.12,4.08,3.4,74.44,82.65,8.21,0.26,0.22,47.78,52.04,4.26,2.17,1.77,52.22,37.76,-14.46,1.47,1.62,30.0,45.92,15.92,10.75,9.08,54.44,19.39,-35.05,3.73,3.1,78.89,60.2,-18.69,0.3,0.2,37.78,20.41,-17.37,0.09,0.22,13.33,29.59,16.26,16.65,14.84,54.44,35.71,-18.73,3.9,3.69,64.44,60.2,-4.24,71.35,70.15,47.78,9.18,-38.6,35.94,34.69,58.89,33.67,-25.22,41.12,35.0,74.44,45.92,-28.52,50.0,53.19,26.67,45.92,19.25,36.17,45.65,16.67,37.76,21.09,44.0,37.5,65.56,33.67,-31.89,0.0,0.0,2.22,1.02,-1.2,50.0,25.0,93.33,48.98,-44.35,64.71,63.64,34.44,33.67,-0.77,66.67,64.0,61.11,31.63,-29.48,22,1
J08-0235,M. Castro,m castro,EXT,EXT,0,Extremo - Direita,Extremo - Esquerda,Uruguai,Brasil B,B,0,2025,2025,jun26,2026,1,2026,Liverpool,Juventude,M. Castro - Liverpool - Uruguai,M. Castro - Juventude - Brasil B,954,676,16.0,11.0,1,0,900,284,0,0,1,0,0.7096,-0.1217,-0.831,75.8,45.5,30.0,30.0,0.0,0.0,medida (89 pares),referência,29.0,30.0,1.0,0,0,-0.0127,0.0,-0.8183,0.5573,-0.679,única; único,única; único,40,43,0,13.4,11.72,3.75,12.79,9.04,3.87,2.53,93.75,70.93,-22.82,1.7,1.46,11.25,10.47,-0.78,0.66,0.13,82.5,33.72,-48.78,2.17,0.8,76.25,5.81,-70.44,2.92,4.13,8.75,75.58,66.83,20.38,16.64,68.75,45.35,-23.4,2.83,1.2,78.75,8.14,-70.61,0.22,0.04,78.75,2.33,-76.42,0.57,0.27,73.75,30.23,-43.52,25.09,20.9,51.25,36.05,-15.2,3.87,3.59,3.75,15.12,11.37,73.31,77.07,73.75,47.67,-26.08,43.66,44.32,43.75,52.33,8.58,39.02,36.84,66.25,82.56,16.31,70.37,51.85,91.25,38.37,-52.88,55.56,63.64,61.25,75.58,14.33,26.09,33.33,18.75,47.67,28.92,4.348,0.0,22.5,19.77,-2.73,32.14,35.29,71.25,62.79,-8.46,70.97,61.29,43.75,10.47,-33.28,65.22,80.0,50.0,87.21,37.21,22,1
J08-0236,Airton,airton,EXT,EXT,0,Extremo - Direita,Extremo - Esquerda,Brasil A,Brasil B,B,1,2022,2022,2024,2024,2,2024,Atlético GO,Guarani,Airton - Atlético GO - Brasil A,Airton - Guarani - Brasil B,1912,1498,33.0,20.0,0,0,900,900,0,0,0,0,0.3067,-0.0601,-0.367,62.8,47.5,27.0,27.0,0.0,0.0,medida (79 pares),medida (76 pares),23.0,25.0,2.0,0,0,0.0612,0.0,-0.4282,0.4123,-0.4724,única; único,única; único,62,60,0,21.09,19.05,44.35,34.17,-10.18,2.54,2.82,58.06,69.17,11.11,5.7,6.91,69.35,94.17,24.82,2.07,1.08,89.52,95.83,6.31,1.51,2.4,34.68,84.17,49.49,2.45,1.92,7.26,0.83,-6.43,11.91,15.98,5.65,35.83,30.18,2.87,3.36,62.1,90.83,28.73,0.16,0.23,40.32,82.5,42.18,0.71,0.18,85.48,14.17,-71.31,17.98,19.83,5.65,25.83,20.18,5.27,3.85,37.9,15.83,-22.07,70.42,73.64,4.03,25.83,21.8,46.65,47.63,76.61,85.83,9.22,38.89,46.81,76.61,95.83,19.22,48.67,59.02,10.48,52.5,42.02,63.64,57.39,92.74,62.5,-30.24,40.63,32.5,79.84,46.67,-33.17,6.25,7.5,34.68,45.83,11.15,30.16,27.91,47.58,32.5,-15.08,57.69,53.13,4.03,0.83,-3.2,90.0,75.0,95.16,64.17,-30.99,22,1
J08-0237,Fabrício Daniel,fabricio daniel,EXT,EXT,0,Extremo - Direita,Extremo - Direita,Brasil A,Brasil B,B,1,2022,2022,2024,2024,2,2024,Coritiba,Grêmio Novorizontino,Fabrício Daniel - Coritiba - Brasil A,Fabrício Daniel - Grêmio Novorizontino - Brasil B,1630,1235,28.0,23.0,0,0,900,900,0,0,0,0,-0.6968,-1.6444,-0.948,25.6,6.8,28.0,28.0,0.0,0.0,medida (79 pares),medida (76 pares),24.0,26.0,2.0,0,0,-0.0247,0.0,-0.9233,0.218,-1.8624,única; único,única; único,62,60,0,25.23,19.6,75.0,37.5,-37.5,2.98,2.7,68.55,65.0,-3.55,4.42,4.01,48.39,50.83,2.44,0.61,0.15,21.77,11.67,-10.1,2.21,2.62,73.39,90.0,16.61,4.03,4.01,54.03,62.5,8.47,16.29,16.4,29.03,40.83,11.8,2.6,1.53,45.97,14.17,-31.8,0.19,0.2,63.71,70.83,7.12,0.61,0.22,68.55,25.83,-42.72,23.25,24.49,31.45,52.5,21.05,6.07,3.57,58.06,7.5,-50.56,70.55,68.15,7.26,12.5,5.24,37.42,45.72,8.87,65.83,56.96,20.37,29.73,13.71,53.33,39.62,58.33,51.28,65.32,10.83,-54.49,51.25,61.82,44.35,77.5,33.15,27.5,36.11,15.32,54.17,38.85,7.5,8.333,44.35,50.0,5.65,32.14,20.83,62.1,9.17,-52.93,63.01,76.36,7.26,60.83,53.57,53.33,54.24,8.87,7.5,-1.37,22,1
J08-0238,Apodi,apodi,EXT,EXT,0,Extremo - Direita,Extremo - Direita,Brasil A,Brasil B,B,1,2023,2023,2024,2024,1,2024,Goiás,Vila Nova,Apodi - Goiás - Brasil A,Apodi - Vila Nova - Brasil B,471,426,13.0,19.0,1,1,900,900,1,1,0,0,-2.0044,-1.3106,0.694,2.2,15.9,39.0,39.0,0.0,0.0,medida (82 pares),medida (76 pares),36.0,37.0,1.0,0,0,-0.0518,0.0,0.7458,-0.6368,-0.6738,única; único,única; único,59,60,0,14.71,17.11,6.78,21.67,14.89,3.63,5.49,86.44,95.0,8.56,1.15,1.06,1.69,0.0,-1.69,0.19,0.42,5.93,50.0,44.07,1.53,1.48,34.75,28.33,-6.42,1.15,2.75,0.0,20.0,20.0,7.83,8.03,0.0,0.0,0.0,2.1,2.11,38.98,38.33,-0.65,0.25,0.17,83.9,55.83,-28.07,0.19,0.42,2.54,71.67,69.13,9.55,11.2,0.0,0.0,0.0,5.54,5.07,59.32,53.33,-5.99,72.0,69.81,6.78,18.33,11.55,51.95,33.33,96.61,0.0,-96.61,52.63,30.77,98.31,61.67,-36.64,53.33,35.48,47.46,0.0,-47.46,33.33,40.0,0.0,5.0,5.0,75.0,28.57,100.0,18.33,-81.67,12.5,0.0,68.64,4.17,-64.47,22.22,33.33,8.47,60.83,52.36,83.33,53.85,87.29,1.67,-85.62,100.0,60.0,100.0,16.67,-83.33,22,1
J08-0239,J. Enamorado,j enamorado,EXT,EXT,0,Extremo - Direita,Extremo - Direita,Colombia A,Brasil A,A,0,2025,2025,jun26,2026,1,2026,Junior,Grêmio,J. Enamorado - Junior - Colombia A,J. Enamorado - Grêmio - Brasil A,2936,956,46.0,17.0,0,0,900,426,0,0,1,0,1.3402,-1.4638,-2.804,91.2,8.7,27.0,27.0,0.0,0.0,medida (156 pares),referência,26.0,27.0,1.0,0,0,-0.0553,0.0,-2.7487,0.8348,-2.2986,única; único,única; único,57,46,0,20.17,19.77,78.07,75.0,-3.07,0.89,0.47,14.91,5.43,-9.48,5.18,5.18,86.84,81.52,-5.32,0.74,0.56,95.61,84.78,-10.83,1.53,1.22,37.72,14.13,-23.59,4.57,3.29,78.07,35.87,-42.2,18.82,18.83,42.98,29.35,-13.63,3.07,1.88,76.32,22.83,-53.49,0.17,0.15,53.51,42.39,-11.12,0.67,0.47,90.35,53.26,-37.09,25.14,22.03,48.25,18.48,-29.77,5.21,5.18,60.53,57.61,-2.92,75.61,64.96,34.21,1.09,-33.12,39.51,44.29,7.89,33.7,25.81,31.03,0.0,35.96,2.17,-33.79,56.55,52.17,39.47,31.52,-7.95,43.2,43.64,7.89,16.3,8.41,36.0,23.08,58.77,5.43,-53.34,18.0,0.0,95.61,8.7,-86.91,40.91,18.75,86.84,18.48,-68.36,84.56,60.0,85.09,15.22,-69.87,77.5,61.54,83.33,14.13,-69.2,22,1
J08-0240,F. Martínez,f martinez,EXT,EXT,0,Extremo - Esquerda,Extremo - Direita,Uruguai,Brasil B,B,0,2023,2023,2025,2025,2,2025,Nacional,Atlético GO,F. Martínez - Nacional - Uruguai,F. Martínez - Atlético GO - Brasil B,2176,1911,31.0,33.0,0,0,876,900,0,0,0,0,1.5543,0.003,-1.551,95.7,53.1,27.0,30.0,3.0,0.0,medida (47 pares),medida (111 pares),27.0,29.0,2.0,0,0,-0.1374,-0.1226,-1.4136,0.6539,-0.6509,única; único,única; único,39,56,0,25.4,20.2,73.08,77.68,4.6,2.98,3.53,71.79,83.04,11.25,4.38,1.93,37.18,18.75,-18.43,1.08,0.24,53.85,38.39,-15.46,2.11,1.84,75.64,49.11,-26.53,2.48,1.18,3.85,0.89,-2.96,13.77,13.05,19.23,9.82,-9.41,3.18,3.49,83.33,91.07,7.74,0.33,0.29,94.87,90.18,-4.69,0.37,0.38,38.46,46.43,7.97,21.22,17.33,26.92,6.25,-20.67,5.34,3.96,42.31,20.54,-21.77,72.9,80.16,67.95,68.75,0.8,42.35,41.26,52.56,33.04,-19.52,44.44,40.0,80.77,81.25,0.48,65.14,60.92,78.21,77.68,-0.53,54.72,65.85,73.08,86.61,13.53,45.1,35.9,85.9,63.39,-22.51,11.765,5.128,73.08,24.11,-48.97,15.09,17.65,3.85,4.46,0.61,63.33,72.0,14.1,40.18,26.08,80.43,85.0,96.15,99.11,2.96,22,1
J08-0241,M. Segovia,m segovia,EXT,EXT,0,Extremo - Direita,Extremo - Direita,Emirados,Brasil B,B,0,2025,2025,jun26,2026,1,2026,Al Ain,América Mineiro,M. Segovia - Al Ain - Emirados,M. Segovia - América Mineiro - Brasil B,378,571,9.0,10.0,1,1,616,284,0,1,1,0,1.2868,2.7793,1.493,84.8,95.2,23.0,23.0,0.0,0.0,medida (101 pares),referência,22.0,23.0,1.0,0,0,0.091,0.0,1.402,0.8113,1.968,única; único,única; único,37,43,0,19.29,12.77,70.27,19.77,-50.5,0.48,0.63,0.0,3.49,3.49,6.67,3.78,94.59,54.65,-39.94,0.0,0.47,2.7,77.91,75.21,1.19,1.58,20.27,38.37,18.1,6.19,7.25,91.89,98.84,6.95,31.67,31.84,94.59,98.84,4.25,2.62,2.36,37.84,54.65,16.81,0.11,0.1,12.16,25.58,13.42,0.48,0.95,56.76,96.51,39.75,43.1,41.45,94.59,98.84,4.25,5.95,4.57,81.08,45.35,-35.73,82.87,84.41,75.68,87.21,11.53,43.21,41.98,51.35,33.72,-17.63,50.0,25.0,90.54,48.84,-41.7,70.0,57.14,95.95,56.98,-38.97,46.43,41.67,16.22,19.77,3.55,40.0,20.0,72.97,15.12,-57.85,20.0,0.0,82.43,19.77,-62.66,22.22,35.29,22.97,62.79,39.82,84.62,89.13,78.38,94.19,15.81,89.47,69.23,94.59,56.98,-37.61,22,1
J08-0242,A. Galeano,a galeano,EXT,EXT,0,Extremo - Direita,Extremo - Direita,Uruguai,Brasil A,A,0,2024,2024,2025,2025,1,2025,Nacional,Ceará,A. Galeano - Nacional - Uruguai,A. Galeano - Ceará - Brasil A,2525,3368,35.0,38.0,0,0,876,900,0,0,0,0,3.4789,-1.7624,-5.241,100.0,5.6,26.0,26.0,0.0,0.0,medida (72 pares),medida (156 pares),24.0,25.0,1.0,0,0,0.0306,0.0,-5.2716,1.7758,-3.5382,única; único,única; único,37,57,0,17.39,14.75,14.86,13.16,-1.7,3.92,2.91,90.54,76.32,-14.22,2.96,2.0,17.57,7.89,-9.68,0.64,0.51,71.62,70.18,-1.44,2.03,1.26,74.32,9.65,-64.67,4.88,3.58,74.32,41.23,-33.09,26.3,18.41,87.84,37.72,-50.12,3.31,1.98,89.19,14.91,-74.28,0.2,0.15,71.62,30.7,-40.92,0.53,0.32,79.73,18.42,-61.31,34.4,24.21,85.14,39.47,-45.67,5.13,4.36,25.68,32.46,6.78,76.68,76.27,95.95,30.7,-65.25,44.67,45.83,58.11,64.04,5.93,42.73,35.78,66.22,64.04,-2.18,65.52,59.42,74.32,60.53,-13.79,62.65,56.0,85.14,53.51,-31.63,35.09,42.55,50.0,85.09,35.09,14.035,14.894,77.03,78.07,1.04,32.84,31.25,52.7,53.51,0.81,75.18,61.19,66.22,9.65,-56.57,67.61,69.7,63.51,34.21,-29.3,22,1
J08-0243,F. Labandeira,f labandeira,EXT,EXT,0,Extremo - Direita,Extremo - Direita,Uruguai,Brasil B,B,0,2022,2022,2023,2023,1,2023,Defensor Sporting,Sport Recife,F. Labandeira - Defensor Sporting - Uruguai,F. Labandeira - Sport Recife - Brasil B,1846,1112,23.0,20.0,0,0,876,900,0,0,0,0,1.6978,-0.7782,-2.476,95.5,14.3,26.0,27.0,4.0,2.0,medida (33 pares),medida (60 pares),26.0,26.0,0.0,-1,0,0.0,-0.0578,-2.476,0.9921,-1.7703,única; único,única; único,40,57,0,22.67,21.45,61.25,58.77,-2.48,2.73,4.78,66.25,88.6,22.35,7.02,3.88,83.75,41.23,-42.52,0.88,0.49,43.75,21.05,-22.7,2.1,1.54,76.25,25.44,-50.81,3.9,3.97,36.25,56.14,19.89,14.72,15.54,28.75,27.19,-1.56,4.83,2.35,98.75,41.23,-57.52,0.32,0.21,98.75,73.68,-25.07,0.68,0.24,83.75,15.79,-67.96,21.74,21.37,23.75,25.44,1.69,5.41,6.31,28.75,74.56,45.81,61.66,62.88,1.25,0.88,-0.37,41.29,43.77,31.25,55.26,24.01,44.64,35.59,81.25,72.81,-8.44,61.0,57.53,61.25,67.54,6.29,44.44,54.17,26.25,42.98,16.73,44.19,26.32,83.75,21.93,-61.82,6.977,5.263,48.75,35.96,-12.79,28.16,27.78,38.75,33.33,-5.42,67.5,77.55,28.75,50.0,21.25,58.06,61.11,23.75,21.93,-1.82,22,1
J08-0244,A. Martínez,a martinez,EXT,EXT,0,Extremo - Esquerda,Extremo - Direita,Mexico,Brasil B,B,0,2024,2024,2025,2025,1,2025,Club Tijuana,Cuiabá,A. Martínez - Club Tijuana - Mexico,A. Martínez - Cuiabá - Brasil B,1195,1432,17.0,17.0,0,0,758,900,0,0,0,0,-1.1633,0.0264,1.19,12.5,55.1,26.0,29.0,2.0,0.0,medida (102 pares),medida (111 pares),26.0,28.0,2.0,1,0,-0.124,-0.0652,1.314,-0.2668,0.2932,única; único,única; único,49,56,0,16.42,15.71,17.35,25.89,8.54,0.6,0.94,7.14,4.46,-2.68,5.2,3.46,56.12,58.04,1.92,1.05,0.63,66.33,92.86,26.53,1.81,2.39,68.37,68.75,0.38,3.39,4.27,25.51,74.11,48.6,16.57,17.35,21.43,36.61,15.18,2.18,1.7,40.82,27.68,-13.14,0.1,0.14,35.71,35.71,0.0,0.3,0.38,15.31,46.43,31.12,22.29,23.82,17.35,41.96,24.61,4.97,5.09,37.76,66.96,29.2,64.86,75.46,1.02,34.82,33.8,37.16,40.8,3.06,27.68,24.62,12.5,26.67,5.1,21.43,16.33,47.76,46.15,7.14,4.46,-2.68,49.28,45.45,23.47,16.96,-6.51,37.5,34.21,58.16,53.57,-4.59,8.333,5.263,42.86,25.89,-16.97,29.51,29.41,35.71,36.61,0.9,71.11,85.29,27.55,91.96,64.41,64.71,71.67,15.31,63.39,48.08,22,1
J08-0245,J. Carbonero,j carbonero,EXT,EXT,0,Extremo - Esquerda,Extremo - Esquerda,Argentina A,Brasil A,A,0,2022,2022,2025,2025,3,2025,Racing Club,Internacional,J. Carbonero - Racing Club - Argentina A,J. Carbonero - Internacional - Brasil A,2056,1614,32.0,23.0,0,0,900,900,0,0,0,0,-0.0657,0.6448,0.711,50.0,78.7,23.0,26.0,4.0,0.0,medida (77 pares),medida (156 pares),23.0,25.0,2.0,-1,0,0.0612,0.1252,0.6498,0.3948,0.25,única; único,única; único,74,57,0,24.38,21.64,49.32,72.81,23.49,1.66,1.95,18.24,50.88,32.64,7.35,4.85,87.84,71.05,-16.79,0.53,0.39,24.32,60.53,36.21,2.06,2.34,79.73,83.33,3.6,2.63,3.85,3.38,56.14,52.76,15.67,22.14,37.16,65.79,28.63,3.59,2.79,97.97,51.75,-46.22,0.19,0.24,81.08,82.46,1.38,0.39,0.56,37.84,65.79,27.95,20.92,25.82,22.3,55.26,32.96,3.46,3.96,0.68,18.42,17.74,77.82,80.56,88.51,67.54,-20.97,43.27,42.78,58.78,35.96,-22.82,23.68,25.71,20.95,37.72,16.77,61.84,60.56,79.05,69.3,-9.75,57.14,49.43,86.49,25.44,-61.05,44.68,40.48,87.16,75.44,-11.72,8.511,11.905,50.68,65.79,15.11,30.19,33.33,50.68,60.53,9.85,78.33,76.81,77.7,65.79,-11.91,77.14,85.11,95.27,97.37,2.1,22,1
J08-0246,R. Sosa,r sosa,EXT,EXT,0,Extremo - Esquerda,Extremo - Esquerda,Argentina A,Brasil A,A,0,2024,2024,2025,2025,1,2025,Talleres Córdoba,Palmeiras,R. Sosa - Talleres Córdoba - Argentina A,R. Sosa - Palmeiras - Brasil A,761,1005,8.0,23.0,0,1,213,900,0,0,0,0,4.0,0.6745,-3.325,100.0,80.9,24.0,26.0,2.0,0.0,medida (108 pares),medida (156 pares),24.0,25.0,1.0,0,0,0.0306,0.0337,-3.3556,2.0051,-1.3306,única; único,única; único,63,57,0,20.11,19.97,34.13,55.26,21.13,1.89,4.48,45.24,95.61,50.37,8.75,4.57,89.68,64.04,-25.64,1.42,0.99,74.6,97.37,22.77,2.37,2.33,71.43,81.58,10.15,3.55,5.01,31.75,80.7,48.95,18.21,23.64,61.11,71.05,9.94,3.31,3.04,81.75,62.28,-19.47,0.22,0.29,71.43,95.61,24.18,0.71,0.54,86.51,63.16,-23.35,25.78,29.28,53.17,65.79,12.62,4.02,4.3,21.43,30.7,9.27,74.31,81.04,54.76,78.07,23.31,47.06,44.39,76.98,51.75,-25.23,37.5,48.0,66.67,90.35,23.68,60.0,44.19,74.6,1.75,-72.85,52.7,50.98,43.65,32.46,-11.19,55.0,19.23,86.51,4.39,-82.12,15.0,11.538,76.98,62.28,-14.7,34.78,34.21,67.46,64.04,-3.42,76.67,83.93,62.7,90.35,27.65,60.0,77.78,31.75,77.19,45.44,22,1
J08-0247,Vinícius,vinicius,EXT,EXT,0,Extremo - Esquerda,Extremo - Direita,Brasil C,Brasil B,B,1,2025,2025,jun26,2026,1,2026,Náutico,Náutico,Vinícius - Náutico - Brasil C,Vinícius - Náutico - Brasil B,1543,1070,17.0,11.0,0,0,616,284,0,0,1,0,2.1034,4.0,1.897,91.8,100.0,32.0,32.0,0.0,0.0,medida (70 pares),referência,31.0,32.0,1.0,0,0,-0.3983,0.0,2.2953,1.1706,2.8294,única; único,única; homônimo resolvido pelo clube,44,43,0,16.86,11.19,21.59,5.81,-15.78,1.22,1.01,10.23,18.6,8.37,4.78,3.28,76.14,36.05,-40.09,0.41,0.76,65.91,96.51,30.6,1.81,2.44,62.5,75.58,13.08,6.12,5.8,98.86,91.86,-7.0,27.18,29.1,98.86,96.51,-2.35,2.27,3.36,63.64,89.53,25.89,0.11,0.3,39.77,88.37,48.6,0.52,1.09,80.68,98.84,18.16,36.28,35.92,98.86,96.51,-2.35,4.37,4.79,37.5,62.79,25.29,72.19,72.83,37.5,26.74,-10.76,46.02,51.88,73.86,87.21,13.35,28.57,41.67,30.68,89.53,58.85,51.56,66.67,28.41,91.86,63.45,59.76,48.72,76.14,31.4,-44.74,29.03,34.48,42.05,52.33,10.28,3.226,17.241,26.14,84.88,58.74,30.26,38.1,51.14,68.6,17.46,84.76,81.16,92.05,70.93,-21.12,67.12,67.86,46.59,47.67,1.08,22,1
J08-0248,Jeffinho,jeffinho,EXT,EXT,0,Extremo - Esquerda,Extremo - Esquerda,França A,Brasil A,A,0,2024,2024,2025,2025,1,2025,Olympique Lyonnais,Botafogo,Jeffinho - Olympique Lyonnais - França A,Jeffinho - Botafogo - Brasil A,352,782,10.0,17.0,1,1,568,900,1,1,0,0,1.112,0.5898,-0.522,86.0,72.3,24.0,26.0,2.0,0.0,medida (75 pares),medida (156 pares),24.0,25.0,1.0,0,0,0.0306,0.0337,-0.5526,0.7344,-0.1446,única; único,única; único,39,57,0,30.68,18.76,100.0,42.11,-57.89,2.56,1.27,61.54,22.81,-38.73,10.74,4.49,97.44,63.16,-34.28,0.77,0.23,56.41,31.58,-24.83,2.3,1.5,76.92,23.68,-53.24,4.09,4.6,58.97,68.42,9.45,25.31,18.99,69.23,42.11,-27.12,3.84,3.11,74.36,70.18,-4.18,0.31,0.22,84.62,69.3,-15.32,0.77,0.81,82.05,94.74,12.69,31.96,25.78,69.23,54.39,-14.84,5.88,5.18,56.41,49.12,-7.29,79.2,79.02,58.97,52.63,-6.34,44.17,42.94,56.41,36.84,-19.57,40.0,36.36,66.67,65.79,-0.88,62.96,56.41,80.77,50.88,-29.89,52.38,58.97,51.28,65.79,14.51,22.22,38.46,7.69,62.28,54.59,11.111,15.385,61.54,79.82,18.28,75.0,54.55,100.0,100.0,0.0,87.5,75.0,94.87,57.02,-37.85,92.86,57.89,100.0,9.65,-90.35,22,1
J08-0249,Matheus Martins,matheus martins,EXT,EXT,0,Extremo - Esquerda,Extremo - Direita,Brasil A,Brasil C,C,1,2024,2024,jun26,2026,2,2026,Botafogo,Floresta EC,Matheus Martins - Botafogo - Brasil A,Matheus Martins - Floresta EC - Brasil C,534,458,14.0,9.0,1,1,900,213,0,1,1,0,-0.4492,0.9455,1.395,30.4,92.0,22.0,28.0,0.0,0.0,medida (113 pares),referência,20.0,28.0,8.0,6,1,0.2042,0.1116,1.1908,0.266,0.6795,única; único,única; único,58,50,0,22.75,20.44,70.69,77.0,6.31,2.02,2.16,50.0,41.0,-9.0,4.38,5.31,55.17,79.0,23.83,0.84,0.39,86.21,72.0,-14.21,2.19,1.97,75.86,49.0,-26.86,5.06,4.72,75.86,71.0,-4.86,18.71,22.6,34.48,89.0,54.52,4.72,2.95,100.0,73.0,-27.0,0.25,0.1,85.34,33.0,-52.34,0.34,0.98,31.03,93.0,61.97,22.08,33.8,17.24,95.0,77.76,4.89,3.93,37.07,33.0,-4.07,79.39,72.67,55.17,33.0,-22.17,34.81,46.15,0.0,68.0,68.0,16.67,36.36,6.9,61.0,54.1,47.62,52.38,8.62,45.0,36.38,30.77,62.96,0.0,79.0,79.0,61.54,20.0,100.0,12.0,-88.0,15.385,10.0,84.48,61.0,-23.48,35.0,33.33,57.76,58.0,0.24,80.0,83.33,62.07,80.0,17.93,92.31,53.33,100.0,29.0,-71.0,22,0
J08-0250,Matheus Martins,matheus martins,EXT,EXT,0,Extremo - Esquerda,Extremo - Esquerda,Inglaterra B,Brasil A,A,0,2024,2024,2025,2025,1,2025,Watford,Botafogo,Matheus Martins - Watford - Inglaterra B,Matheus Martins - Botafogo - Brasil A,1752,759,32.0,15.0,1,0,853,900,1,0,0,0,0.6344,0.1977,-0.437,74.4,68.1,20.0,22.0,2.0,0.0,medida (115 pares),medida (156 pares),20.0,21.0,1.0,0,0,0.1403,0.3391,-0.5773,0.5242,-0.3265,única; único,única; único,64,57,0,24.81,21.23,72.66,64.91,-7.75,1.28,1.19,25.78,19.3,-6.48,6.99,5.69,74.22,82.46,8.24,1.08,0.36,76.56,50.0,-26.56,2.62,2.02,91.41,70.18,-21.23,5.75,3.56,86.72,40.35,-46.37,25.43,22.77,75.78,70.18,-5.6,3.6,3.56,74.22,87.72,13.5,0.13,0.19,18.75,52.63,33.88,0.51,0.24,64.84,5.26,-59.58,33.7,29.53,78.91,68.42,-10.49,4.11,3.56,11.72,12.28,0.56,81.25,84.74,77.34,94.74,17.4,42.24,42.46,30.47,33.33,2.86,16.0,30.0,11.72,47.37,35.65,56.41,63.64,33.59,85.96,52.37,57.35,60.42,67.19,80.7,13.51,23.53,47.06,11.72,92.98,81.26,9.804,5.882,28.91,26.32,-2.59,32.86,33.33,71.09,60.53,-10.56,81.25,73.33,75.78,50.0,-25.78,83.33,69.23,95.31,30.7,-64.61,22,1
J08-0251,Iury,iury,EXT,EXT,0,Extremo - Esquerda,Extremo - Esquerda,Brasil A,Brasil B,B,1,2023,2023,2024,2024,1,2024,Cuiabá,Mirassol,Iury - Cuiabá - Brasil A,Iury - Mirassol - Brasil B,469,1030,10.0,18.0,0,1,900,900,0,1,0,0,-0.7574,-0.6151,0.142,22.7,30.0,30.0,30.0,0.0,0.0,medida (82 pares),medida (76 pares),27.0,28.0,1.0,0,0,-0.0687,0.0,0.2107,-0.0882,-0.5269,única; único,única; único,59,60,0,30.32,21.23,100.0,65.83,-34.17,6.14,3.23,100.0,84.17,-15.83,6.33,3.5,81.36,39.17,-42.19,0.58,0.26,23.73,27.5,3.77,1.73,1.75,45.76,53.33,7.57,1.54,2.1,0.0,2.5,2.5,9.02,13.63,0.0,17.5,17.5,3.07,2.45,72.88,59.17,-13.71,0.11,0.23,26.27,82.5,56.23,0.19,0.09,2.54,1.67,-0.87,14.01,17.56,0.0,9.17,9.17,6.72,4.11,77.97,27.5,-50.47,71.23,79.1,6.78,67.5,60.72,46.2,39.09,66.1,10.83,-55.27,34.38,21.62,50.85,24.17,-26.68,57.89,58.93,66.1,50.83,-15.27,75.76,55.0,100.0,50.83,-49.17,33.33,45.0,38.98,85.83,46.85,0.0,25.0,5.93,95.83,89.9,10.0,11.11,0.0,0.83,0.83,75.0,66.67,41.53,14.17,-27.36,100.0,80.0,100.0,86.67,-13.33,22,1
J08-0252,Diego Gonçalves,diego goncalves,EXT,EXT,0,Extremo - Esquerda,Extremo - Esquerda,Brasil A,Brasil B,B,1,2023,2023,2025,2025,2,2025,Goiás,Criciúma,Diego Gonçalves - Goiás - Brasil A,Diego Gonçalves - Criciúma - Brasil B,425,3198,10.0,37.0,0,1,900,900,0,1,0,0,-1.0505,1.4514,2.502,13.6,86.5,31.0,31.0,0.0,0.0,medida (82 pares),medida (111 pares),28.0,30.0,2.0,0,0,-0.0814,0.0,2.5834,0.1496,1.3018,única; único,única; único,59,56,0,24.14,21.59,83.05,88.39,5.34,5.72,5.32,100.0,95.54,-4.46,3.39,2.62,25.42,34.82,9.4,0.85,0.17,42.37,24.11,-18.26,1.27,2.0,22.03,52.68,30.65,3.6,3.88,28.81,61.61,32.8,15.04,18.97,5.08,45.54,40.46,1.91,3.01,27.97,75.89,47.92,0.07,0.3,10.17,91.96,81.79,0.64,0.39,69.49,50.89,-18.6,21.18,25.64,9.32,57.14,47.82,5.72,5.6,61.02,81.25,20.23,80.0,73.22,57.63,22.32,-35.31,35.96,41.07,0.0,29.46,29.46,33.33,37.57,49.15,74.11,24.96,42.86,52.15,6.78,33.04,26.26,31.25,59.14,0.0,65.18,65.18,33.33,38.03,38.98,72.32,33.34,0.0,12.676,5.93,79.46,73.53,83.33,28.57,100.0,27.68,-72.32,64.71,70.29,5.08,31.25,26.17,66.67,56.38,28.81,15.18,-13.63,22,1
J08-0253,Zé Hugo,ze hugo,EXT,EXT,0,Extremo - Esquerda,Extremo - Direita,Brasil B,Brasil A,A,1,2023,2023,2024,2024,1,2024,Vitória,Vitória,Zé Hugo - Vitória - Brasil B,Zé Hugo - Vitória - Brasil A,1501,829,34.0,27.0,1,0,900,900,1,0,0,0,1.2934,-0.8826,-2.176,89.7,12.8,24.0,26.0,2.0,0.0,medida (60 pares),medida (113 pares),23.0,24.0,1.0,0,0,0.0306,0.0337,-2.2066,0.8142,-1.6968,única; único,única; único,57,58,0,25.83,26.82,81.58,93.1,11.52,2.55,3.58,46.49,84.48,37.99,7.72,6.84,88.6,82.76,-5.84,1.72,1.3,93.86,100.0,6.14,2.04,1.52,61.4,27.59,-33.81,1.91,3.04,2.63,13.79,11.16,11.55,13.57,7.89,6.9,-0.99,3.7,2.5,92.11,50.0,-42.11,0.18,0.16,60.53,47.41,-13.12,0.32,0.43,30.7,45.69,14.99,17.73,19.98,11.4,12.07,0.67,5.68,6.84,62.28,82.76,20.48,73.02,71.2,34.21,3.45,-30.76,47.41,44.13,86.84,53.45,-33.39,35.0,33.33,66.67,56.03,-10.64,62.82,65.45,88.6,91.38,2.78,55.37,49.21,50.0,27.59,-22.41,34.38,35.71,55.26,35.34,-19.92,12.5,7.143,82.46,34.48,-47.98,20.0,35.14,7.89,58.62,50.73,80.0,82.14,65.79,71.55,5.76,71.43,66.67,58.77,28.45,-30.32,22,1
J08-0254,Zé Hugo,ze hugo,EXT,EXT,0,Extremo - Direita,Extremo - Direita,Brasil A,Brasil B,B,1,2024,2024,jun26,2026,2,2026,Vitória,Botafogo SP,Zé Hugo - Vitória - Brasil A,Zé Hugo - Botafogo SP - Brasil B,829,807,27.0,11.0,1,1,900,284,0,1,1,0,-0.8826,-0.7886,0.094,12.8,19.0,26.0,26.0,0.0,0.0,medida (113 pares),referência,24.0,26.0,2.0,0,0,-0.0247,0.0,0.1187,0.1821,-0.9707,única; único,única; único,58,43,0,26.82,19.29,93.1,75.58,-17.52,3.58,1.78,84.48,56.98,-27.5,6.84,4.13,82.76,63.95,-18.81,1.3,0.22,100.0,52.33,-47.67,1.52,1.23,27.59,22.09,-5.5,3.04,2.9,13.79,39.53,25.74,13.57,14.16,6.9,17.44,10.54,2.5,2.9,50.0,84.88,34.88,0.16,0.09,47.41,18.6,-28.81,0.43,0.45,45.69,56.98,11.29,19.98,19.96,12.07,26.74,14.67,6.84,3.9,82.76,31.4,-51.36,71.2,65.92,3.45,3.49,0.04,44.13,48.55,53.45,77.91,24.46,33.33,37.5,56.03,84.88,28.85,65.45,46.51,91.38,19.77,-71.61,49.21,70.27,27.59,91.86,64.27,35.71,63.64,35.34,91.86,56.52,7.143,9.091,34.48,55.81,21.33,35.14,18.92,58.62,17.44,-41.18,82.14,76.92,71.55,53.49,-18.06,66.67,69.57,28.45,61.63,33.18,22,1
J08-0255,E. Rodríguez,e rodriguez,EXT,EXT,0,Extremo - Esquerda,Extremo - Esquerda,Uruguai,Brasil A,A,0,2022,2022,2024,2024,2,2024,Plaza Colonia,Vasco da Gama,E. Rodríguez - Plaza Colonia - Uruguai,E. Rodríguez - Vasco da Gama - Brasil A,787,889,18.0,15.0,1,1,876,900,1,1,0,0,-0.1042,-0.7019,-0.598,40.7,17.4,25.0,25.0,4.0,0.0,medida (33 pares),medida (113 pares),25.0,23.0,-2.0,-4,1,-0.0612,0.0,-0.5368,0.3328,-1.0347,única; homônimo resolvido pelo clube,única; homônimo resolvido pelo clube,40,58,0,24.36,22.07,77.5,67.24,-10.26,2.29,2.53,40.0,63.79,23.79,5.49,5.47,58.75,72.41,13.66,1.49,0.61,85.0,68.1,-16.9,1.37,1.52,42.5,27.59,-14.91,2.29,1.92,0.0,0.0,0.0,13.72,17.21,25.0,22.41,-2.59,2.29,2.53,60.0,50.86,-9.14,0.1,0.18,36.25,59.48,23.23,0.46,0.2,67.5,10.34,-57.16,20.13,19.84,10.0,12.07,2.07,5.95,6.07,40.0,68.97,28.97,74.43,71.43,65.0,3.45,-61.55,37.09,42.66,15.0,43.1,28.1,20.0,36.0,2.5,65.52,63.02,51.85,63.93,5.0,81.9,76.9,43.75,40.74,22.5,5.17,-17.33,33.33,40.0,47.5,56.03,8.53,16.667,13.333,90.0,73.28,-16.72,18.18,16.67,7.5,1.72,-5.78,75.0,73.68,52.5,27.59,-24.91,61.11,66.67,36.25,28.45,-7.8,22,0
J08-0256,E. Rodríguez,e rodriguez,EXT,EXT,0,Extremo - Esquerda,Extremo - Direita,Venezuela,Brasil B,B,0,2025,2025,jun26,2026,1,2026,Yaracuyanos,Londrina,E. Rodríguez - Yaracuyanos - Venezuela,E. Rodríguez - Londrina - Brasil B,812,340,11.0,6.0,1,1,853,284,0,1,1,0,0.0284,-0.234,-0.262,52.9,38.1,21.0,22.0,0.0,0.0,medida (104 pares),referência,20.0,22.0,2.0,1,0,0.2313,0.0479,-0.4933,0.2576,-0.4916,única; único,única; único,32,43,0,23.83,19.32,93.75,77.91,-15.84,2.22,2.65,65.62,75.58,9.96,3.99,2.12,65.62,29.07,-36.55,0.11,0.0,15.62,12.79,-2.83,1.88,1.32,62.5,29.07,-33.43,2.77,3.44,21.88,59.3,37.42,12.97,17.21,12.5,56.98,44.48,2.44,3.18,62.5,87.21,24.71,0.29,0.15,82.81,47.67,-35.14,0.22,0.26,21.88,26.74,4.86,16.4,25.15,12.5,75.58,63.08,4.99,5.29,56.25,84.88,28.63,72.97,72.63,15.62,24.42,8.8,40.47,46.58,6.25,68.6,62.35,30.0,60.0,50.0,96.51,46.51,69.39,62.5,90.62,80.23,-10.39,47.22,37.5,28.12,9.3,-18.82,35.29,20.0,48.44,15.12,-33.32,5.882,20.0,23.44,90.7,67.26,22.22,12.5,15.62,5.81,-9.81,76.0,76.92,40.62,53.49,12.87,68.42,55.56,59.38,17.44,-41.94,22,1
J08-0257,A. Giay,a giay,LAT,LAT,0,Lateral Direito,Lateral Direito,Argentina A,Brasil A,A,0,2023,2023,2024,2024,1,2024,San Lorenzo,Palmeiras,A. Giay - San Lorenzo - Argentina A,A. Giay - Palmeiras - Brasil A,2074,729,27.0,10.0,1,0,900,900,1,0,0,0,-0.0166,1.2545,1.271,50.0,86.0,19.0,22.0,3.0,0.0,medida (91 pares),medida (113 pares),19.0,20.0,1.0,0,0,0.0816,0.224,1.1894,0.1267,1.1278,única; único,única; único,90,67,0,18.36,20.49,58.33,89.55,31.22,1.3,1.11,3.89,2.99,-0.9,3.34,1.48,83.89,47.01,-36.88,0.43,0.49,35.56,79.1,43.54,0.39,0.86,25.0,71.64,46.64,6.9,7.41,22.22,43.28,21.06,18.7,34.57,31.67,85.07,53.4,0.61,0.86,37.22,43.28,6.06,0.02,0.05,26.11,57.46,31.35,0.22,0.25,23.89,38.06,14.17,28.08,45.68,22.78,83.58,60.8,9.72,11.73,41.67,98.51,56.84,74.19,82.43,48.89,70.15,21.26,58.16,60.24,95.0,97.01,2.01,46.67,22.22,45.0,1.49,-43.51,69.23,64.65,86.11,71.64,-14.47,67.53,50.0,95.0,19.4,-75.6,22.22,42.86,45.0,88.06,43.06,0.0,0.0,25.56,19.4,-6.16,27.59,26.32,27.22,5.97,-21.25,61.64,81.67,5.0,95.52,90.52,67.44,76.79,68.33,71.64,3.31,22,1
J08-0258,L. Di Plácido,l di placido,LAT,LAT,0,Lateral Direito,Lateral Direito,Brasil A,Brasil B,B,1,2023,2023,2024,2024,1,2024,Botafogo,Sport Recife,L. Di Plácido - Botafogo - Brasil A,L. Di Plácido - Sport Recife - Brasil B,2673,424,32.0,10.0,1,0,900,900,1,0,0,0,1.1268,-0.9948,-2.122,86.4,10.6,32.0,32.0,0.0,0.0,medida (82 pares),medida (76 pares),29.0,30.0,1.0,0,0,-0.1028,0.0,-2.0192,0.6088,-1.6036,única; único,única; único,62,63,0,19.53,20.59,70.16,92.06,21.9,2.46,3.61,47.58,85.71,38.13,2.79,1.49,71.77,46.03,-25.74,0.47,0.21,37.9,53.17,15.27,0.3,0.0,13.71,0.0,-13.71,7.61,9.34,54.03,80.95,26.92,23.6,23.77,34.68,41.27,6.59,0.61,0.42,26.61,23.02,-3.59,0.01,0.0,8.87,2.38,-6.49,0.61,0.21,89.52,35.71,-53.81,35.59,36.08,39.52,50.79,11.27,13.37,12.52,99.19,98.41,-0.78,82.59,74.12,68.55,17.46,-51.09,54.31,46.39,63.71,4.76,-58.95,41.1,47.06,29.84,38.1,8.26,62.06,64.0,63.71,53.97,-9.74,60.24,0.0,62.1,0.0,-62.1,22.22,0.0,33.87,3.97,-29.9,11.111,0.0,75.81,22.22,-53.59,47.13,43.75,92.74,80.95,-11.79,73.89,61.36,55.65,0.0,-55.65,78.26,58.33,78.23,15.08,-63.15,22,1
J08-0259,G. Benavídez,g benavidez,LAT,LAT,0,Lateral Direito,Lateral Direito,Argentina A,Brasil B,B,0,2024,2024,2025,2025,1,2025,Talleres Córdoba,Athletico Paranaense,G. Benavídez - Talleres Córdoba - Argentina A,G. Benavídez - Athletico Paranaense - Brasil B,721,1735,8.0,19.0,0,1,213,900,0,0,0,0,0.4917,-0.2173,-0.709,66.0,40.9,28.0,30.0,2.0,0.0,medida (108 pares),medida (111 pares),28.0,29.0,1.0,0,0,-0.1006,-0.173,-0.6084,0.341,-0.5583,única; único,única; único,80,68,0,13.48,7.99,8.12,3.68,-4.44,1.25,1.24,14.38,13.97,-0.41,1.25,0.26,22.5,2.21,-20.29,0.87,0.0,81.25,5.88,-75.37,0.75,0.57,63.12,39.71,-23.41,7.49,8.92,44.38,75.74,31.36,24.09,28.95,76.88,74.26,-2.62,1.25,1.19,70.0,77.94,7.94,0.11,0.08,94.38,77.94,-16.44,0.37,0.26,53.75,31.62,-22.13,33.08,39.11,61.88,74.26,12.38,8.49,6.59,25.0,27.94,2.94,82.64,82.49,93.12,83.09,-10.03,59.26,58.44,80.62,93.38,12.76,40.0,41.67,27.5,33.09,5.59,72.92,66.67,93.12,78.68,-14.44,40.0,60.0,20.62,60.29,39.67,33.33,45.45,69.38,88.24,18.86,16.667,9.091,87.5,78.68,-8.82,40.0,32.26,67.5,28.68,-38.82,83.33,81.4,96.88,93.38,-3.5,72.97,75.42,74.38,83.09,8.71,22,1
J08-0260,G. Benavídez,g benavidez,LAT,LAT,0,Lateral Direito,Lateral Direito,Brasil B,Brasil A,A,1,2025,2025,jun26,2026,1,2026,Athletico Paranaense,Athletico Paranaense,G. Benavídez - Athletico Paranaense - Brasil B,G. Benavídez - Athletico Paranaense - Brasil A,1735,1562,19.0,15.0,0,0,900,426,0,0,1,0,-0.2173,-0.8144,-0.597,40.9,26.1,30.0,30.0,0.0,0.0,medida (111 pares),referência,29.0,30.0,1.0,0,0,-0.1028,0.0,-0.4942,0.0421,-0.8565,única; único,única; único,68,49,0,7.99,8.01,3.68,5.1,1.42,1.24,1.15,13.97,11.22,-2.75,0.26,0.23,2.21,5.1,2.89,0.0,0.23,5.88,62.24,56.36,0.57,0.35,39.71,28.57,-11.14,8.92,8.99,75.74,90.82,15.08,28.95,26.1,74.26,41.84,-32.42,1.19,0.81,77.94,42.86,-35.08,0.08,0.03,77.94,46.94,-31.0,0.26,0.58,31.62,86.73,55.11,39.11,34.69,74.26,41.84,-32.42,6.59,5.36,27.94,7.14,-20.8,82.49,80.23,83.09,50.0,-33.09,58.44,48.92,93.38,25.51,-67.87,41.67,30.0,33.09,3.06,-30.03,66.67,53.13,78.68,14.29,-64.39,60.0,75.0,60.29,83.67,23.38,45.45,50.0,88.24,86.73,-1.51,9.091,0.0,78.68,33.67,-45.01,32.26,27.59,28.68,23.47,-5.21,81.4,75.0,93.38,80.61,-12.77,75.42,66.32,83.09,37.76,-45.33,22,1
J08-0261,L. Godoy,l godoy,LAT,LAT,0,Lateral Direito,Lateral Direito,Argentina A,Brasil A,A,0,2023,2023,2024,2024,1,2024,Estudiantes,Athletico Paranaense,L. Godoy - Estudiantes - Argentina A,L. Godoy - Athletico Paranaense - Brasil A,2895,1816,33.0,26.0,0,0,900,900,0,0,0,0,2.7608,-1.0239,-3.785,100.0,11.6,28.0,31.0,3.0,0.0,medida (91 pares),medida (113 pares),28.0,29.0,1.0,0,0,-0.1006,-0.2659,-3.6844,1.2977,-2.3216,única; único,única; único,90,67,0,13.27,12.19,5.0,11.19,6.19,1.59,2.23,8.33,47.76,39.43,2.83,1.29,75.0,35.07,-39.93,0.59,0.15,60.0,23.13,-36.87,0.62,0.4,65.0,20.15,-44.85,6.9,6.69,22.22,27.61,5.39,23.16,22.05,66.11,9.7,-56.41,2.27,1.29,98.33,73.13,-25.2,0.03,0.02,46.67,26.87,-19.8,0.56,0.35,93.89,65.67,-28.22,30.31,29.34,39.44,6.72,-32.72,6.16,7.04,0.56,21.64,21.08,74.26,78.21,50.56,29.1,-21.46,47.07,46.75,9.44,2.24,-7.2,33.33,42.22,11.67,23.13,11.46,53.57,56.41,2.78,6.72,3.94,54.95,46.15,43.89,9.7,-34.19,15.0,25.0,17.22,44.78,27.56,5.0,12.5,65.0,79.85,14.85,36.43,38.89,63.89,65.67,1.78,77.93,78.52,87.22,90.3,3.08,61.21,67.44,38.33,26.12,-12.21,22,1
J08-0262,Dieguinho,dieguinho,LAT,LAT,0,Lateral Esquerdo,Lateral Direito,Brasil A,Brasil B,B,1,2023,2023,2024,2024,1,2024,Goiás,Goiás,Dieguinho - Goiás - Brasil A,Dieguinho - Goiás - Brasil B,1222,2886,15.0,32.0,0,0,900,900,0,0,0,0,0.5388,1.2017,0.663,69.0,87.2,31.0,31.0,0.0,0.0,medida (82 pares),medida (76 pares),28.0,29.0,1.0,0,0,-0.1006,0.0,0.7636,0.3609,0.8408,única; único,única; único,62,63,0,22.09,20.08,92.74,88.1,-4.64,2.21,2.68,37.9,57.14,19.24,4.12,3.24,86.29,89.68,3.39,0.81,0.37,73.39,73.02,-0.37,0.66,0.31,62.1,9.52,-52.58,5.3,9.54,10.48,81.75,71.27,22.91,26.07,26.61,56.35,29.74,0.44,0.62,9.68,38.89,29.21,0.03,0.01,41.13,11.9,-29.23,0.15,0.34,9.68,75.4,65.72,34.54,37.77,33.06,59.52,26.46,7.44,9.73,20.16,72.22,52.06,85.07,81.67,84.68,76.98,-7.7,52.33,55.75,44.35,69.84,25.49,36.67,36.05,13.71,11.9,-1.81,66.25,70.56,89.52,96.03,6.51,55.36,68.27,41.13,89.68,48.55,0.0,30.0,5.65,57.14,51.49,0.0,10.0,21.77,84.13,62.36,43.75,30.1,84.68,27.78,-56.9,84.72,82.68,95.97,96.03,0.06,69.09,81.99,33.06,97.62,64.56,22,1
J08-0263,Rodrigo Soares,rodrigo soares,LAT,LAT,0,Lateral Direito,Lateral Direito,Brasil A,Brasil B,B,1,2022,2022,2024,2024,2,2024,Juventude,Grêmio Novorizontino,Rodrigo Soares - Juventude - Brasil A,Rodrigo Soares - Grêmio Novorizontino - Brasil B,3001,2145,35.0,33.0,0,0,900,900,0,0,0,0,-0.043,-0.5553,-0.512,47.7,31.9,33.0,33.0,0.0,0.0,medida (79 pares),medida (76 pares),29.0,31.0,2.0,0,0,-0.2056,0.0,-0.3064,0.1824,-0.7377,única; único,única; único,72,63,0,12.21,13.8,4.86,26.19,21.33,1.44,1.8,6.25,15.08,8.83,2.04,2.6,61.11,76.98,15.87,0.33,0.25,25.0,57.94,32.94,0.42,1.01,27.08,81.75,54.67,9.21,8.1,70.14,50.0,-20.14,31.22,19.51,74.31,10.32,-63.99,0.45,0.67,16.67,46.83,30.16,0.01,0.04,17.36,62.7,45.34,0.42,0.46,65.28,92.86,27.58,43.1,30.29,74.31,21.43,-52.88,6.9,7.09,11.81,18.25,6.44,83.65,74.1,72.92,16.67,-56.25,51.11,54.41,36.81,45.24,8.43,27.08,34.88,3.47,8.73,5.26,60.51,67.86,47.92,83.33,35.41,63.24,67.74,72.92,86.51,13.59,21.43,20.83,46.53,39.68,-6.85,7.143,0.0,59.03,22.22,-36.81,41.58,35.42,77.08,51.59,-25.49,73.29,72.54,35.42,48.41,12.99,79.89,69.64,85.42,56.35,-29.07,22,1
J08-0264,Maguinho,maguinho,LAT,LAT,0,Lateral Direito,Lateral Direito,Brasil A,Brasil C,C,1,2024,2024,2025,2025,1,2025,Atlético GO,Ponte Preta,Maguinho - Atlético GO - Brasil A,Maguinho - Ponte Preta - Brasil C,1744,1257,24.0,14.0,0,0,900,616,0,0,0,0,0.361,-0.3519,-0.713,62.8,43.5,34.0,34.0,0.0,0.0,medida (113 pares),medida (70 pares),32.0,33.0,1.0,0,0,-0.0928,0.0,-0.6202,0.2859,-0.6378,única; único,única; único,67,47,0,14.97,12.6,42.54,24.47,-18.07,3.41,2.94,82.84,64.89,-17.95,1.75,1.22,53.73,52.13,-1.6,0.57,0.21,86.57,64.89,-21.68,0.83,0.86,69.4,73.4,4.0,6.86,6.8,32.09,20.21,-11.88,25.6,24.34,47.01,60.64,13.63,1.65,1.22,88.81,93.62,4.81,0.04,0.04,48.51,69.15,20.64,0.41,0.29,73.13,51.06,-22.07,35.25,32.22,45.52,47.87,2.35,6.81,6.59,18.66,18.09,-0.57,75.99,77.78,14.18,58.51,44.33,48.62,51.14,12.69,35.11,22.42,39.39,56.1,17.16,73.4,56.24,60.0,59.21,17.91,28.72,10.81,44.12,47.06,5.22,22.34,17.12,18.75,8.33,20.9,26.6,5.7,0.0,0.0,19.4,35.11,15.71,33.33,36.36,28.36,55.32,26.96,68.42,68.42,17.91,32.98,15.07,60.76,70.97,9.7,69.15,59.45,22,1
J08-0265,Daniel Borges,daniel borges,LAT,LAT,0,Lateral Direito,Lateral Direito,Brasil A,Brasil B,B,1,2023,2023,2024,2024,1,2024,América Mineiro,América Mineiro,Daniel Borges - América Mineiro - Brasil A,Daniel Borges - América Mineiro - Brasil B,947,1138,15.0,17.0,0,0,900,900,0,0,0,0,0.3628,0.6289,0.266,63.6,72.3,33.0,33.0,0.0,0.0,medida (82 pares),medida (76 pares),30.0,31.0,1.0,0,0,-0.1028,0.0,0.3688,0.2867,0.3422,única; único,única; único,62,63,0,15.78,18.27,42.74,76.98,34.24,1.9,2.77,16.94,61.11,44.17,2.0,1.34,49.19,37.3,-11.89,0.48,0.32,41.13,68.25,27.12,0.38,1.11,25.0,85.71,60.71,8.65,10.04,74.19,86.51,12.32,29.84,31.32,66.94,86.51,19.57,0.57,0.63,21.77,41.27,19.5,0.01,0.09,8.87,92.06,83.19,0.29,0.32,41.94,66.67,24.73,39.44,42.07,62.1,83.33,21.23,9.98,10.99,75.0,94.44,19.44,80.48,80.26,50.81,64.29,13.48,47.59,61.9,12.1,99.21,87.11,30.0,54.29,5.65,64.29,58.64,54.55,70.54,8.87,94.44,85.57,38.1,70.59,4.03,91.27,87.24,25.0,42.86,40.32,83.33,43.01,0.0,0.0,21.77,22.22,0.45,34.78,27.78,54.03,18.25,-35.78,81.32,77.95,87.9,84.92,-2.98,70.15,72.09,41.13,67.46,26.33,22,1
J08-0266,Rafael Ramos,rafael ramos,LAT,LAT,0,Lateral Direito,Lateral Direito,Brasil A,Brasil B,B,1,2022,2022,2024,2024,2,2024,Corinthians,Ceará,Rafael Ramos - Corinthians - Brasil A,Rafael Ramos - Ceará - Brasil B,1392,2678,20.0,28.0,0,0,900,900,0,0,0,0,-0.8855,-1.0656,-0.18,6.8,8.5,31.0,31.0,0.0,0.0,medida (79 pares),medida (76 pares),27.0,29.0,2.0,0,0,-0.2012,0.0,0.0212,0.0327,-1.0983,única; único,única; único,72,63,0,18.3,14.59,72.92,30.95,-41.97,2.39,2.69,56.94,59.52,2.58,2.26,1.04,63.19,20.63,-42.56,0.91,0.1,74.31,26.19,-48.12,0.32,0.37,18.06,15.08,-2.98,9.25,8.87,71.53,70.63,-0.9,35.75,23.69,88.19,40.48,-47.71,0.58,0.37,28.47,18.25,-10.22,0.01,0.01,17.36,11.9,-5.46,0.52,0.47,75.0,94.44,19.44,46.49,34.68,88.19,42.06,-46.13,10.09,8.84,77.08,57.94,-19.14,79.28,79.65,39.58,56.35,16.77,55.48,55.76,77.78,73.02,-4.76,24.32,45.0,2.08,30.95,28.87,66.67,70.39,94.44,91.27,-3.17,51.43,38.71,28.47,3.97,-24.5,20.0,18.18,40.97,25.4,-15.57,0.0,9.091,24.31,80.95,56.64,28.95,48.72,25.69,96.03,70.34,66.43,74.62,4.86,62.7,57.84,70.33,69.33,36.81,53.17,16.36,22,1
J08-0267,Rafael Ramos,rafael ramos,LAT,LAT,0,Lateral Direito,Lateral Direito,Brasil B,Brasil A,A,1,2024,2024,2025,2025,1,2025,Ceará,Ceará,Rafael Ramos - Ceará - Brasil B,Rafael Ramos - Ceará - Brasil A,2678,1072,28.0,20.0,0,0,900,900,0,0,0,0,-1.0656,-0.4885,0.577,8.5,38.8,31.0,31.0,0.0,0.0,medida (76 pares),medida (156 pares),29.0,30.0,1.0,0,0,-0.1028,0.0,0.6798,-0.3156,-0.1729,única; único,única; único,63,72,0,14.59,16.62,30.95,74.31,43.36,2.69,2.94,59.52,85.42,25.9,1.04,0.92,20.63,27.08,6.45,0.1,0.17,26.19,42.36,16.17,0.37,0.5,15.08,39.58,24.5,8.87,7.3,70.63,53.47,-17.16,23.69,21.24,40.48,10.42,-30.06,0.37,0.42,18.25,6.25,-12.0,0.01,0.01,11.9,11.81,-0.09,0.47,0.42,94.44,65.28,-29.16,34.68,31.9,42.06,24.31,-17.75,8.84,9.24,57.94,83.33,25.39,79.65,75.53,56.35,11.81,-44.54,55.76,52.02,73.02,38.19,-34.83,45.0,34.29,30.95,9.72,-21.23,70.39,57.55,91.27,27.08,-64.19,38.71,54.55,3.97,39.58,35.61,18.18,16.67,25.4,16.67,-8.73,9.091,0.0,80.95,22.92,-58.03,48.72,32.26,96.03,34.03,-62.0,74.62,71.26,62.7,50.69,-12.01,69.33,65.96,53.17,22.92,-30.25,22,1
J08-0268,Rafael Ramos,rafael ramos,LAT,LAT,0,Lateral Direito,Lateral Direito,Brasil A,Brasil B,B,1,2025,2025,jun26,2026,1,2026,Ceará,Ceará,Rafael Ramos - Ceará - Brasil A,Rafael Ramos - Ceará - Brasil B,1072,482,20.0,6.0,1,0,900,284,0,0,1,0,-0.4885,0.0517,0.54,38.8,54.5,31.0,31.0,0.0,0.0,medida (156 pares),referência,30.0,31.0,1.0,0,0,-0.1028,0.0,0.6428,-0.0723,0.124,única; único,única; único,72,63,0,16.62,18.67,74.31,91.27,16.96,2.94,2.99,85.42,78.57,-6.85,0.92,1.68,27.08,53.17,26.09,0.17,0.37,42.36,81.75,39.39,0.5,1.12,39.58,83.33,43.75,7.3,6.91,53.47,42.86,-10.61,21.24,27.26,10.42,59.52,49.1,0.42,1.68,6.25,83.33,77.08,0.01,0.09,11.81,84.92,73.11,0.42,0.19,65.28,35.71,-29.57,31.9,36.97,24.31,62.7,38.39,9.24,9.9,83.33,92.86,9.53,75.53,76.77,11.81,30.95,19.14,52.02,64.0,38.19,89.68,51.49,34.29,62.5,9.72,73.81,64.09,57.55,72.0,27.08,92.86,65.78,54.55,77.78,39.58,83.33,43.75,16.67,16.67,16.67,46.83,30.16,0.0,0.0,22.92,38.89,15.97,32.26,31.58,34.03,45.24,11.21,71.26,62.16,50.69,15.87,-34.82,65.96,82.35,22.92,88.1,65.18,22,1
J08-0269,Nathan,nathan,LAT,LAT,0,Lateral Direito,Lateral Direito,Portugal A,Brasil B,B,0,2024,2024,2025,2025,1,2025,Famalicão,Remo,Nathan - Famalicão - Portugal A,Nathan - Remo - Brasil B,1394,1029,19.0,11.0,0,0,568,900,0,0,0,0,0.0,0.202,0.202,51.2,59.1,22.0,24.0,2.0,0.0,medida (44 pares),medida (111 pares),22.0,23.0,1.0,0,0,0.0523,0.1507,0.1497,0.1337,0.0683,única; único,única; homônimo resolvido pelo clube,54,68,0,19.76,18.37,93.52,93.38,-0.14,1.74,2.71,36.11,55.15,19.04,3.49,4.99,91.67,96.32,4.65,0.84,0.44,81.48,85.29,3.81,0.26,0.35,20.37,19.85,-0.52,5.16,6.38,12.04,18.38,6.34,17.75,24.23,7.41,34.56,27.15,0.32,0.52,8.33,22.06,13.73,0.01,0.0,18.52,5.88,-12.64,0.13,0.35,12.04,46.32,34.28,27.25,35.34,12.04,44.85,32.81,10.07,7.17,80.56,40.44,-40.12,76.54,80.45,52.78,66.91,14.13,57.84,54.29,89.81,61.03,-28.78,40.74,48.39,34.26,61.03,26.77,67.38,62.9,89.81,62.5,-27.31,57.41,61.4,71.3,65.44,-5.86,50.0,25.0,86.11,42.65,-43.46,0.0,0.0,25.0,25.74,0.74,27.78,27.27,32.41,16.18,-16.23,60.0,57.53,16.67,3.68,-12.99,66.67,68.97,69.44,62.5,-6.94,22,1
J08-0270,Nathan,nathan,LAT,LAT,0,Lateral Direito,Lateral Esquerdo,Brasil A,Brasil C,C,1,2022,2022,2023,2023,1,2023,Santos,Pouso Alegre,Nathan - Santos - Brasil A,Nathan - Pouso Alegre - Brasil C,665,1067,9.0,13.0,0,1,900,545,0,1,0,0,-0.2163,1.1171,1.333,34.1,84.6,24.0,25.0,0.0,3.0,medida (79 pares),medida (23 pares),20.0,25.0,5.0,4,1,0.2348,0.0731,1.0982,0.0425,1.0746,única; homônimo resolvido pelo clube,única; único,72,53,0,21.38,22.11,91.67,93.4,1.73,2.71,3.5,68.06,70.75,2.69,5.82,4.15,97.22,93.4,-3.82,0.41,1.2,31.94,87.74,55.8,0.41,0.92,24.31,91.51,67.2,4.6,8.94,2.78,70.75,67.97,26.8,24.6,52.78,48.11,-4.67,0.41,0.46,13.89,29.25,15.36,0.05,0.03,72.92,65.09,-7.83,0.27,0.46,29.17,82.08,52.91,39.25,33.07,58.33,28.3,-30.03,9.34,9.58,61.11,76.42,15.31,85.52,72.98,88.89,14.15,-74.74,51.27,50.0,40.28,16.04,-24.24,35.0,47.37,14.58,38.68,24.1,60.0,58.62,45.14,33.02,-12.12,62.79,44.44,72.22,10.38,-61.84,0.0,40.0,6.94,77.36,70.42,0.0,0.0,24.31,37.74,13.43,50.0,32.43,98.61,23.58,-75.03,73.53,70.1,40.97,25.47,-15.5,65.63,52.94,18.06,6.6,-11.46,22,0
J08-0271,N. Castrillón,n castrillon,LAT,LAT,0,Lateral Direito,Lateral Direito,Colombia A,Brasil B,B,0,2022,2022,2025,2025,3,2025,Junior,Amazonas,N. Castrillón - Junior - Colombia A,N. Castrillón - Amazonas - Brasil B,1610,1698,24.0,22.0,0,0,900,900,0,0,0,0,-0.1678,-1.6126,-1.445,45.5,2.3,26.0,30.0,3.0,0.0,medida (55 pares),medida (111 pares),25.0,29.0,4.0,1,0,-0.3646,-0.301,-1.0804,0.2013,-1.8139,única; único,única; único,79,68,0,16.6,14.79,75.95,58.09,-17.86,3.86,3.6,96.84,83.09,-13.75,1.29,1.48,41.14,44.85,3.71,0.45,0.16,55.7,37.5,-18.2,0.28,0.53,24.05,36.03,11.98,6.71,5.19,48.73,3.68,-45.05,19.29,18.29,27.22,5.15,-22.07,0.5,0.58,42.41,27.94,-14.47,0.03,0.09,59.49,86.03,26.54,0.11,0.16,17.72,12.5,-5.22,30.3,28.36,33.54,8.09,-25.45,9.06,9.38,62.66,86.03,23.37,77.49,79.44,32.28,59.56,27.28,52.53,57.71,37.34,90.44,53.1,50.72,52.94,55.06,73.53,18.47,65.89,70.59,72.78,91.91,19.13,52.17,64.29,31.01,78.68,47.67,20.0,40.0,31.65,75.74,44.09,0.0,10.0,32.91,81.62,48.71,37.5,35.9,68.35,46.32,-22.03,70.83,72.45,34.81,46.32,11.51,59.22,65.28,8.23,40.44,32.21,22,1
J08-0272,A. Sant'Anna,a sant anna,LAT,LAT,0,,,Argentina A,Brasil A,A,0,2023,2023,2025,2025,2,2025,,,,,2549,584,,,1,0,900,900,1,0,0,0,-0.3859,-0.6512,-0.265,,,,,3.0,0.0,medida (91 pares),medida (156 pares),,,,,0,,,,0.1215,-0.7727,sem foto (0 candidatos); sem foto,sem foto (0 candidatos); sem foto,90,72,0,,,,,,,,,,,,,,,,,,,,,,,,,,,,,,,,,,,,,,,,,,,,,,,,,,,,,,,,,,,,,,,,,,,,,,,,,,,,,,,,,,,,,,,,,,,,,,,,,,,,,,,,,,,,,,,0,0
J08-0273,J. Rodríguez,j rodriguez,LAT,LAT,0,Lateral Direito,Lateral Direito,Uruguai,Brasil A,A,0,2022,2022,2024,2024,2,2024,Nacional,Vasco da Gama,J. Rodríguez - Nacional - Uruguai,J. Rodríguez - Vasco da Gama - Brasil A,2968,1279,34.0,22.0,0,0,876,900,0,0,0,0,2.4872,-0.5978,-3.085,100.0,30.2,25.0,29.0,4.0,0.0,medida (33 pares),medida (113 pares),25.0,27.0,2.0,0,0,-0.1634,-0.256,-2.9216,0.6322,-1.23,única; único,única; único,56,67,0,17.95,14.35,50.89,36.57,-14.32,2.46,3.24,21.43,79.1,57.67,3.4,2.04,83.04,67.91,-15.13,1.03,0.21,94.64,38.06,-56.58,1.36,1.41,90.18,93.28,3.1,9.73,7.81,61.61,50.0,-11.61,27.11,26.46,81.25,54.48,-26.77,2.46,1.9,99.11,92.54,-6.57,0.1,0.06,94.64,67.91,-26.73,0.7,0.63,93.75,96.27,2.52,39.03,36.1,81.25,48.51,-32.74,8.49,7.95,13.39,42.54,29.15,73.66,76.02,58.04,15.67,-42.37,58.28,54.9,90.18,63.43,-26.75,71.6,63.04,99.11,94.78,-4.33,65.37,67.53,63.39,80.6,17.21,52.68,65.52,33.04,81.34,48.3,40.0,20.0,84.82,25.37,-59.45,4.444,5.0,56.25,48.51,-7.74,40.46,40.0,81.25,74.63,-6.62,72.27,74.77,56.25,54.48,-1.77,61.99,65.71,54.46,23.13,-31.33,22,1
J08-0274,J. Rodríguez,j rodriguez,LAT,LAT,0,Lateral Esquerdo,Lateral Direito,Equador A,Brasil A,A,0,2025,2025,jun26,2026,1,2026,Emelec,Vasco da Gama,J. Rodríguez - Emelec - Equador A,J. Rodríguez - Vasco da Gama - Brasil A,1543,972,18.0,12.0,0,0,900,426,0,0,1,0,-1.0583,1.0301,2.088,15.0,87.0,27.0,29.0,0.0,0.0,medida (116 pares),referência,26.0,29.0,3.0,2,1,-0.2829,-0.1602,2.3709,-0.3125,1.3426,única; homônimo resolvido pelo clube,única; único,51,49,0,13.3,10.83,46.08,25.51,-20.57,2.51,4.44,93.14,96.94,3.8,0.35,1.85,2.94,80.61,77.67,0.0,0.0,5.88,7.14,1.26,0.29,1.67,29.41,94.9,65.49,4.78,6.2,10.78,35.71,24.93,14.99,27.87,16.67,60.2,43.53,0.76,2.87,45.1,98.98,53.88,0.03,0.21,50.98,96.94,45.96,0.12,1.3,13.73,98.98,85.25,23.97,35.19,16.67,47.96,31.29,9.86,5.09,87.25,3.06,-84.19,80.54,80.0,81.37,45.92,-35.45,57.46,58.12,89.22,84.69,-4.53,60.47,66.67,85.29,97.96,12.67,66.67,67.74,78.43,90.82,12.39,66.67,45.0,79.41,17.35,-62.06,40.0,44.44,66.67,84.69,18.02,0.0,11.111,29.41,76.53,47.12,34.78,41.82,63.73,80.61,16.88,68.29,74.63,26.47,76.53,50.06,72.22,88.46,81.37,92.86,11.49,22,0
J08-0275,L. Esquivel,l esquivel,LAT,LAT,0,Lateral Esquerdo,Lateral Esquerdo,Argentina A,Brasil A,A,0,2023,2023,2024,2024,1,2024,Unión Santa Fe,Athletico Paranaense,L. Esquivel - Unión Santa Fe - Argentina A,L. Esquivel - Athletico Paranaense - Brasil A,1130,3019,12.0,33.0,0,0,900,900,0,0,0,0,0.2093,1.0973,0.888,61.4,88.6,21.0,24.0,3.0,0.0,medida (91 pares),medida (113 pares),21.0,22.0,1.0,0,0,0.0523,0.2283,0.8357,0.2219,0.8754,única; único,única; único,90,67,0,20.63,16.01,82.78,60.45,-22.33,3.11,2.03,72.78,38.81,-33.97,2.39,1.79,58.33,56.72,-1.61,0.64,0.09,67.78,13.43,-54.35,0.8,0.6,79.44,47.01,-32.43,9.72,11.54,82.78,97.76,14.98,21.98,32.67,57.22,78.36,21.14,0.48,0.66,23.89,30.6,6.71,0.01,0.01,8.89,13.43,4.54,0.16,0.3,13.33,50.75,37.42,35.04,46.51,61.67,85.82,24.15,11.47,8.91,88.33,63.43,-24.9,70.0,80.64,24.44,50.0,25.56,50.58,58.66,32.78,93.28,60.5,53.85,70.59,77.22,97.76,20.54,65.0,60.08,58.33,20.9,-37.43,56.67,73.33,53.89,96.27,42.38,20.0,30.0,33.33,60.45,27.12,0.0,0.0,25.56,19.4,-6.16,28.57,36.97,32.22,51.49,19.27,68.03,73.64,22.78,48.51,25.73,60.98,75.9,37.22,58.96,21.74,22,1
J08-0276,L. Esquivel,l esquivel,LAT,LAT,0,Lateral Esquerdo,Lateral Esquerdo,Brasil A,Brasil B,B,1,2024,2024,2025,2025,1,2025,Athletico Paranaense,Athletico Paranaense,L. Esquivel - Athletico Paranaense - Brasil A,L. Esquivel - Athletico Paranaense - Brasil B,3019,2042,33.0,23.0,0,0,900,900,0,0,0,0,1.0973,1.9238,0.827,88.6,100.0,24.0,24.0,0.0,0.0,medida (113 pares),medida (111 pares),22.0,23.0,1.0,0,0,0.0523,0.0,0.7747,0.5963,1.3275,única; único,única; único,67,68,0,16.01,14.94,60.45,62.5,2.05,2.03,1.94,38.81,30.15,-8.66,1.79,2.12,56.72,69.12,12.4,0.09,0.22,13.43,50.74,37.31,0.6,1.01,47.01,80.15,33.14,11.54,12.74,97.76,97.79,0.03,32.67,36.49,78.36,94.85,16.49,0.66,0.75,30.6,46.32,15.72,0.01,0.04,13.43,57.35,43.92,0.3,0.62,50.75,88.24,37.49,46.51,48.83,85.82,93.38,7.56,8.91,7.93,63.43,59.56,-3.87,80.64,77.26,50.0,44.85,-5.15,58.66,56.93,93.28,86.03,-7.25,70.59,61.36,97.76,93.38,-4.38,60.08,58.27,20.9,30.15,9.25,73.33,75.0,96.27,95.59,-0.68,30.0,21.74,60.45,34.56,-25.89,0.0,0.0,19.4,25.74,6.34,36.97,39.36,51.49,65.44,13.95,73.64,75.78,48.51,70.59,22.08,75.9,69.52,58.96,66.91,7.95,22,1
J08-0277,L. Esquivel,l esquivel,LAT,LAT,0,Lateral Esquerdo,Lateral Esquerdo,Brasil B,Brasil A,A,1,2025,2025,jun26,2026,1,2026,Athletico Paranaense,Athletico Paranaense,L. Esquivel - Athletico Paranaense - Brasil B,L. Esquivel - Athletico Paranaense - Brasil A,2042,1260,23.0,14.0,0,0,900,426,0,0,1,0,1.9238,-0.6187,-2.542,100.0,34.6,24.0,24.0,0.0,0.0,medida (111 pares),referência,23.0,24.0,1.0,0,0,0.0243,0.0,-2.5663,0.9448,-1.5635,única; único,única; único,68,49,0,14.94,13.5,62.5,60.2,-2.3,1.94,1.36,30.15,23.47,-6.68,2.12,1.14,69.12,39.8,-29.32,0.22,0.5,50.74,96.94,46.2,1.01,0.93,80.15,76.53,-3.62,12.74,10.93,97.79,98.98,1.19,36.49,34.14,94.85,90.82,-4.03,0.75,0.71,46.32,29.59,-16.73,0.04,0.03,57.35,46.94,-10.41,0.62,0.29,88.24,52.04,-36.2,48.83,48.43,93.38,92.86,-0.52,7.93,8.21,59.56,68.37,8.81,77.26,82.74,44.85,70.41,25.56,56.93,54.5,86.03,54.08,-31.95,61.36,52.63,93.38,64.29,-29.09,58.27,59.57,30.15,33.67,3.52,75.0,68.75,95.59,72.45,-23.14,21.74,23.08,34.56,41.84,7.28,0.0,7.692,25.74,70.41,44.67,39.36,22.73,65.44,7.14,-58.3,75.78,75.82,70.59,84.69,14.1,69.52,74.26,66.91,66.33,-0.58,22,1
J08-0278,E. Díaz,e diaz,LAT,LAT,0,Lateral Esquerdo,Lateral Esquerdo,Argentina A,Brasil A,A,0,2024,2024,2025,2025,1,2025,River Plate,São Paulo,E. Díaz - River Plate - Argentina A,E. Díaz - São Paulo - Brasil A,780,2126,8.0,27.0,0,1,213,900,0,0,0,0,0.3383,1.1878,0.849,65.2,90.2,28.0,30.0,2.0,0.0,medida (108 pares),medida (156 pares),28.0,29.0,1.0,0,0,-0.1006,-0.173,0.9496,0.2763,0.9115,única; único,única; único,80,72,0,20.08,20.15,73.12,93.75,20.63,2.08,3.13,41.88,90.97,49.09,2.88,0.8,68.12,18.06,-50.06,0.46,0.3,56.25,75.69,19.44,0.46,0.51,44.38,40.97,-3.41,6.58,8.47,24.38,77.08,52.7,27.12,28.49,85.62,57.64,-27.98,1.38,1.19,71.88,65.97,-5.91,0.02,0.01,45.62,11.81,-33.81,0.35,0.51,50.62,81.25,30.63,37.62,38.82,81.88,59.03,-22.85,9.46,11.22,48.75,96.53,47.78,81.29,80.59,89.38,43.75,-45.63,60.34,52.73,91.88,52.08,-39.8,61.11,40.54,78.12,20.14,-57.98,64.79,63.0,63.12,68.06,4.94,64.0,68.42,70.62,79.86,9.24,25.0,25.0,60.0,37.5,-22.5,0.0,0.0,40.0,22.92,-17.08,26.92,37.66,35.62,59.03,23.41,78.95,77.5,80.0,85.42,5.42,75.0,77.24,79.38,71.53,-7.85,22,1
J08-0279,Sávio,savio,LAT,LAT,0,Lateral Direito,Lateral Direito,Brasil C,Brasil B,B,1,2023,2023,2024,2024,1,2024,Operário PR,Operário PR,Sávio - Operário PR - Brasil C,Sávio - Operário PR - Brasil B,1607,879,22.0,12.0,1,0,545,900,1,0,0,0,0.1447,-1.0839,-1.229,63.0,6.4,27.0,29.0,3.0,0.0,medida (23 pares),medida (76 pares),27.0,27.0,0.0,-1,0,0.0,-0.1602,-1.229,0.1947,-1.2786,única; único,única; único,53,63,0,11.69,10.55,6.6,3.17,-3.43,2.75,2.46,45.28,44.44,-0.84,2.02,0.92,57.55,15.08,-42.47,0.24,0.2,18.87,50.0,31.13,0.43,0.1,51.89,0.0,-51.89,8.32,5.32,57.55,3.17,-54.38,31.82,26.83,97.17,60.32,-36.85,0.31,0.41,16.04,22.22,6.18,0.01,0.0,25.47,2.38,-23.09,0.06,0.2,9.43,34.92,25.49,41.97,35.73,95.28,49.21,-46.07,6.49,5.63,8.49,1.59,-6.9,88.34,87.39,99.06,100.0,0.94,53.93,50.49,51.89,20.63,-31.26,42.22,37.5,21.7,18.25,-3.45,70.42,55.81,99.06,19.05,-80.01,57.58,66.67,48.11,82.54,34.43,0.0,0.0,13.21,3.97,-9.24,0.0,0.0,37.74,22.22,-15.52,35.0,25.0,44.34,7.94,-36.4,80.15,65.38,85.85,6.35,-79.5,82.8,75.0,95.28,84.13,-11.15,22,1
J08-0280,W. Clar,w clar,LAT,LAT,0,Lateral Esquerdo,Lateral Esquerdo,Paraguai,Brasil B,B,0,2024,2024,2025,2025,1,2025,Tacuary,Chapecoense,W. Clar - Tacuary - Paraguai,W. Clar - Chapecoense - Brasil B,789,3795,8.0,38.0,0,1,189,900,0,0,0,0,-1.2382,-0.1578,1.08,13.8,42.0,29.0,31.0,2.0,0.0,medida (47 pares),medida (111 pares),29.0,30.0,1.0,0,0,-0.1028,-0.1858,1.1828,-0.3883,0.2305,única; único,única; único,34,68,0,11.29,10.98,4.41,21.32,16.91,3.42,2.23,63.24,38.97,-24.27,1.14,1.49,39.71,46.32,6.61,0.11,0.17,33.82,40.44,6.62,1.03,0.74,83.82,55.15,-28.67,8.9,7.47,51.47,44.12,-7.35,22.93,23.03,66.18,25.74,-40.44,1.48,1.35,89.71,87.5,-2.21,0.1,0.15,85.29,96.32,11.03,0.11,0.5,25.0,76.47,51.47,35.13,32.02,66.18,25.74,-40.44,10.61,7.83,75.0,56.62,-18.38,74.35,75.26,63.24,31.62,-31.62,53.54,54.64,48.53,65.44,16.91,46.67,50.0,45.59,62.5,16.91,65.85,64.45,60.29,72.79,12.5,50.0,47.62,26.47,17.65,-8.82,22.22,51.61,48.53,97.79,49.26,0.0,25.806,38.24,99.26,61.02,28.57,35.56,36.76,43.38,6.62,69.23,68.89,38.24,24.26,-13.98,66.67,60.26,60.29,25.74,-34.55,22,1
J08-0281,W. Clar,w clar,LAT,LAT,0,Lateral Esquerdo,Lateral Esquerdo,Brasil B,Brasil A,A,1,2025,2025,jun26,2026,1,2026,Chapecoense,Chapecoense,W. Clar - Chapecoense - Brasil B,W. Clar - Chapecoense - Brasil A,3795,864,38.0,10.0,1,0,900,426,0,0,1,0,-0.1578,0.1636,0.321,42.0,65.4,31.0,31.0,0.0,0.0,medida (111 pares),referência,30.0,31.0,1.0,0,0,-0.1028,0.0,0.4238,0.0672,0.0964,única; único,única; único,68,49,0,10.98,11.15,21.32,27.55,6.23,2.23,3.23,38.97,88.78,49.81,1.49,0.63,46.32,17.35,-28.97,0.17,0.0,40.44,7.14,-33.3,0.74,0.83,55.15,72.45,17.3,7.47,8.02,44.12,76.53,32.41,23.03,26.77,25.74,54.08,28.34,1.35,1.04,87.5,67.35,-20.15,0.15,0.24,96.32,98.98,2.66,0.5,0.31,76.47,56.12,-20.35,32.02,35.42,25.74,50.0,24.26,7.83,6.35,56.62,21.43,-35.19,75.26,75.88,31.62,21.43,-10.19,54.64,46.73,65.44,11.22,-54.22,50.0,32.26,62.5,7.14,-55.36,64.45,61.22,72.79,50.0,-22.79,47.62,66.67,17.65,67.35,49.7,51.61,62.5,97.79,94.9,-2.89,25.806,37.5,99.26,98.98,-0.28,35.56,29.41,43.38,34.69,-8.69,68.89,63.64,24.26,23.47,-0.79,60.26,67.35,25.74,41.84,16.1,22,1
J08-0282,F. Bonifazi,f bonifazi,LAT,LAT,0,Lateral Esquerdo,Lateral Esquerdo,Uruguai,Brasil C,C,0,2025,2025,jun26,2026,1,2026,Cerro Largo,Paysandu,F. Bonifazi - Cerro Largo - Uruguai,F. Bonifazi - Paysandu - Brasil C,3059,552,34.0,7.0,1,0,900,213,0,0,1,0,-0.4926,0.1844,0.677,26.8,65.6,30.0,30.0,0.0,0.0,medida (89 pares),referência,29.0,30.0,1.0,0,0,-0.1028,0.0,0.7798,-0.074,0.2584,única; único,única; único,56,56,0,13.95,15.65,25.89,68.75,42.86,2.47,2.28,38.39,45.54,7.15,0.85,0.82,27.68,31.25,3.57,0.09,0.0,39.29,24.11,-15.18,0.41,0.33,29.46,24.11,-5.35,8.06,7.99,41.07,43.75,2.68,16.01,24.46,25.89,45.54,19.65,0.59,1.14,33.04,75.89,42.85,0.05,0.03,60.71,58.04,-2.67,0.15,0.16,24.11,29.46,5.35,27.69,34.24,29.46,47.32,17.86,8.8,9.13,39.29,84.82,45.53,70.35,69.52,41.96,8.04,-33.92,54.64,66.67,57.14,96.43,39.29,59.52,64.29,84.82,77.68,-7.14,61.8,66.67,11.61,73.21,61.6,55.17,60.0,49.11,59.82,10.71,42.86,50.0,86.61,83.04,-3.57,7.143,0.0,58.93,40.18,-18.75,41.51,40.91,86.61,61.61,-25.0,67.52,63.27,34.82,10.71,-24.11,53.59,45.45,16.96,4.46,-12.5,22,1
J08-0283,C. Medina,c medina,MED,MED,0,Medio,Medio,Argentina A,Brasil A,A,0,2023,2023,jun26,2026,3,2026,Boca Juniors,Botafogo,C. Medina - Boca Juniors - Argentina A,C. Medina - Botafogo - Brasil A,2227,943,34.0,11.0,0,0,900,426,0,0,1,0,1.6452,1.0833,-0.562,90.0,88.2,21.0,24.0,3.0,0.0,medida (91 pares),referência,21.0,24.0,3.0,0,0,0.2707,0.3821,-0.8327,0.6387,0.4446,única; único,única; único,70,34,0,23.68,14.89,89.29,77.94,-11.35,1.37,1.24,2.14,42.65,40.51,3.56,0.67,89.29,36.76,-52.53,1.13,0.76,99.29,98.53,-0.76,0.97,0.86,56.43,52.94,-3.49,4.04,3.72,13.57,22.06,8.49,35.56,26.06,93.57,55.88,-37.69,1.58,0.76,86.43,42.65,-43.78,0.08,0.13,60.71,82.35,21.64,0.2,0.0,50.0,7.35,-42.65,46.68,35.12,87.86,42.65,-45.21,6.95,7.54,16.43,86.76,70.33,89.18,89.95,96.43,69.12,-27.31,43.34,54.49,10.71,77.94,67.23,20.59,38.46,0.71,39.71,39.0,60.56,58.18,49.29,66.18,16.89,48.86,42.86,36.43,22.06,-14.37,45.83,11.11,96.43,17.65,-78.78,16.667,11.111,92.86,61.76,-31.1,16.0,33.33,9.29,41.18,31.89,79.0,79.49,82.14,69.12,-13.02,83.74,71.93,99.29,16.18,-83.11,22,1
J08-0284,J. Nardoni,j nardoni,MED,MED,0,Medio,Medio,Argentina A,Brasil A,A,0,2025,2025,jun26,2026,1,2026,Racing Club,Grêmio,J. Nardoni - Racing Club - Argentina A,J. Nardoni - Grêmio - Brasil A,2201,818,25.0,11.0,1,0,876,426,0,0,1,0,-0.3803,0.3556,0.736,31.1,64.7,23.0,23.0,0.0,0.0,medida (197 pares),referência,22.0,23.0,1.0,0,0,0.0945,0.0,0.6415,-0.133,0.4886,única; único,única; único,61,34,0,18.73,15.07,76.23,80.88,4.65,3.15,2.97,54.92,95.59,40.67,2.29,0.77,90.98,45.59,-45.39,0.12,0.11,62.3,55.88,-6.42,0.7,0.77,31.97,36.76,4.79,4.78,3.63,20.49,16.18,-4.31,18.32,20.24,33.61,13.24,-20.37,1.14,0.66,68.03,38.24,-29.79,0.06,0.16,53.28,92.65,39.37,0.12,0.0,43.44,7.35,-36.09,31.36,28.72,27.05,19.12,-7.93,7.77,5.83,36.89,42.65,5.76,77.84,82.76,25.41,10.29,-15.12,46.94,40.88,28.69,4.41,-24.28,53.25,37.04,74.59,36.76,-37.83,62.3,51.35,56.56,25.0,-31.56,46.43,42.86,25.41,22.06,-3.35,11.76,28.57,17.21,55.88,38.67,5.882,28.571,53.28,95.59,42.31,23.81,0.0,27.05,5.88,-21.17,68.38,72.73,35.25,33.82,-1.43,62.88,71.11,18.85,10.29,-8.56,22,1
J08-0285,R. Villagra,r villagra,MED,MED,0,Medio,Medio,Argentina A,Brasil A,A,0,2022,2022,jun26,2026,4,2026,Talleres Córdoba,Internacional,R. Villagra - Talleres Córdoba - Argentina A,R. Villagra - Internacional - Brasil A,3193,1183,36.0,13.0,0,0,900,426,0,0,1,0,-1.061,0.171,1.232,11.0,61.8,21.0,25.0,4.0,0.0,medida (77 pares),referência,21.0,25.0,4.0,0,0,0.3524,0.5082,0.8796,0.0761,0.0949,única; único,única; único,73,34,0,17.56,10.88,10.27,25.0,14.73,1.58,1.83,3.42,66.18,62.76,1.72,0.68,34.93,39.71,4.78,0.25,0.08,30.14,44.12,13.98,0.48,0.46,11.64,17.65,6.01,6.71,5.02,56.16,51.47,-4.69,24.44,24.95,59.59,39.71,-19.88,0.11,0.08,6.16,1.47,-4.69,0.02,0.01,10.27,4.41,-5.86,0.08,0.08,20.55,16.18,-4.37,39.83,38.5,63.7,66.18,2.48,8.03,5.86,26.71,48.53,21.82,85.92,86.56,89.73,42.65,-47.08,53.93,59.44,84.25,98.53,14.28,50.0,54.17,74.66,75.0,0.34,64.26,58.82,73.97,69.12,-4.85,78.69,66.67,96.58,69.12,-27.46,5.88,33.33,7.53,64.71,57.18,0.0,0.0,15.75,25.0,9.25,57.14,75.0,90.41,92.65,2.24,78.99,84.85,74.66,86.76,12.1,70.18,74.04,47.26,22.06,-25.2,22,1
J08-0286,Du Queiroz,du queiroz,MED,MED,0,Medio,Medio,Russia,Brasil A,A,0,2024,2024,2025,2025,1,2025,Zenit,Sport Recife,Du Queiroz - Zenit - Russia,Du Queiroz - Sport Recife - Brasil A,274,670,10.0,11.0,1,1,426,900,1,1,0,0,0.6745,0.2228,-0.452,71.7,59.6,24.0,26.0,2.0,0.0,medida (74 pares),medida (156 pares),24.0,25.0,1.0,0,0,0.0817,0.1701,-0.5337,0.5355,-0.3127,única; único,única; único,39,32,0,13.8,15.04,15.38,50.0,34.62,0.33,1.34,0.0,34.38,34.38,2.96,1.48,76.92,65.62,-11.3,1.31,0.13,97.44,67.19,-30.25,0.99,0.81,38.46,56.25,17.79,6.24,5.91,58.97,59.38,0.41,37.45,29.42,89.74,46.88,-42.86,4.6,1.07,100.0,64.06,-35.94,0.03,0.11,14.1,78.12,64.02,0.66,0.13,92.31,29.69,-62.62,50.91,42.18,89.74,53.12,-36.62,7.55,7.39,61.54,53.12,-8.42,89.03,85.99,92.31,31.25,-61.06,57.14,40.18,96.15,0.0,-96.15,0.0,10.0,0.0,0.0,0.0,65.0,58.93,89.74,40.62,-49.12,77.78,27.27,97.44,3.12,-94.32,66.67,16.67,100.0,18.75,-81.25,0.0,0.0,21.79,12.5,-9.29,40.0,71.43,57.69,96.88,39.19,78.95,79.55,76.92,78.12,1.2,84.21,81.82,94.87,59.38,-35.49,22,1
J08-0287,Eduardo,eduardo,MED,MED,0,Medio,Medio,Brasil A,Brasil B,B,1,2022,2022,2023,2023,1,2023,Avaí,Avaí,Eduardo - Avaí - Brasil A,Eduardo - Avaí - Brasil B,2038,1546,31.0,19.0,0,0,900,900,0,0,0,0,0.4812,-0.3351,-0.816,66.7,35.7,29.0,26.0,0.0,2.0,medida (79 pares),medida (60 pares),25.0,25.0,0.0,-1,0,0.0,-0.001,-0.816,0.413,-0.7481,única; homônimo resolvido pelo clube,única; homônimo resolvido pelo clube,38,42,0,21.2,22.06,82.89,91.67,8.78,1.59,2.15,14.47,27.38,12.91,2.91,1.92,88.16,82.14,-6.02,0.62,0.35,77.63,60.71,-16.92,1.5,0.76,85.53,46.43,-39.1,5.65,3.73,56.58,10.71,-45.87,23.94,21.95,32.89,34.52,1.63,0.84,0.58,38.16,47.62,9.46,0.1,0.06,69.74,52.38,-17.36,0.4,0.23,86.84,73.81,-13.03,33.52,32.6,30.26,32.14,1.88,7.2,8.44,19.74,53.57,33.83,85.9,85.36,64.47,55.95,-8.52,43.54,51.72,11.84,63.1,51.26,38.89,51.35,32.89,77.38,44.49,51.01,56.65,14.47,51.19,36.72,54.55,54.55,46.05,27.38,-18.67,26.47,30.77,43.42,71.43,28.01,2.941,15.385,43.42,90.48,47.06,18.52,61.54,17.11,94.05,76.94,77.34,71.88,56.58,36.9,-19.68,87.16,68.67,96.05,17.86,-78.19,22,1
J08-0288,Lucas Sasha,lucas sasha,MED,MED,0,Medio,Medio,Brasil A,Brasil B,B,1,2025,2025,jun26,2026,1,2026,Fortaleza,Fortaleza,Lucas Sasha - Fortaleza - Brasil A,Lucas Sasha - Fortaleza - Brasil B,2904,663,31.0,10.0,1,0,900,284,0,0,1,0,-0.6151,-0.0717,0.543,25.5,47.1,36.0,36.0,0.0,0.0,medida (156 pares),referência,35.0,36.0,1.0,0,0,-0.3775,0.0,0.9205,-0.2819,0.2102,única; único,única; único,32,34,0,15.5,14.39,67.19,72.06,4.87,1.95,2.04,64.06,75.0,10.94,0.31,0.68,10.94,26.47,15.53,0.0,0.0,9.38,30.88,21.5,0.53,0.54,23.44,26.47,3.03,4.77,4.89,35.94,36.76,0.82,23.77,30.41,20.31,75.0,54.69,0.71,0.81,35.94,51.47,15.53,0.03,0.04,25.0,33.82,8.82,0.15,0.0,37.5,8.82,-28.68,35.49,40.59,26.56,67.65,41.09,11.4,9.37,98.44,92.65,-5.79,88.3,88.63,57.81,83.82,26.01,58.8,48.11,98.44,45.59,-52.85,47.62,33.33,64.06,20.59,-43.47,64.24,50.0,85.94,35.29,-50.65,60.0,80.0,56.25,82.35,26.1,35.29,50.0,70.31,80.88,10.57,5.882,0.0,39.06,32.35,-6.71,18.75,0.0,18.75,20.59,1.84,78.57,75.0,73.44,54.41,-19.03,86.29,86.54,92.19,92.65,0.46,22,1
J08-0289,Denilson,denilson,MED,MED,0,Medio,Medio,Brasil A,Brasil B,B,1,2024,2024,2025,2025,1,2025,Cuiabá,Cuiabá,Denilson - Cuiabá - Brasil A,Denilson - Cuiabá - Brasil B,2239,3056,33.0,35.0,0,0,900,900,0,0,0,0,1.0678,0.9691,-0.099,80.5,73.8,25.0,25.0,0.0,0.0,medida (113 pares),medida (111 pares),23.0,24.0,1.0,0,0,0.0817,0.0,-0.1807,0.7848,0.1843,única; único,única; único,31,48,0,18.13,14.73,72.58,57.29,-15.29,1.13,1.53,8.06,19.79,11.73,2.53,1.38,90.32,69.79,-20.53,0.08,0.09,30.65,72.92,42.27,0.84,0.88,40.32,29.17,-11.15,4.62,5.74,30.65,65.62,34.97,25.24,31.25,40.32,82.29,41.97,0.56,0.44,27.42,22.92,-4.5,0.03,0.03,14.52,13.54,-0.98,0.36,0.18,85.48,53.12,-32.36,37.5,44.59,56.45,86.46,30.01,5.67,5.48,12.9,13.54,0.64,87.14,86.92,56.45,69.79,13.34,50.11,48.6,50.0,32.29,-17.71,28.57,40.38,19.35,38.54,19.19,65.99,57.14,85.48,40.62,-44.86,53.97,59.57,50.0,55.21,5.21,28.57,20.0,51.61,35.42,-16.19,0.0,0.0,16.13,15.62,-0.51,33.33,13.33,46.77,11.46,-35.31,74.78,80.0,50.0,80.21,30.21,67.62,68.03,4.84,15.62,10.78,22,1
J08-0290,Wellington,wellington,MED,MED,0,Medio,Medio,Brasil A,Brasil B,B,1,2022,2022,2024,2024,2,2024,Fluminense,Goiás,Wellington - Fluminense - Brasil A,Wellington - Goiás - Brasil B,702,453,11.0,10.0,1,1,900,900,1,1,0,0,-0.138,-0.1072,0.031,42.1,45.2,35.0,35.0,0.0,0.0,medida (79 pares),medida (76 pares),31.0,33.0,2.0,0,0,-0.5958,0.0,0.6268,0.121,-0.2282,única; único,única; único,38,42,0,11.41,10.73,0.0,5.95,5.95,0.9,1.59,0.0,17.86,17.86,0.38,0.4,1.32,8.33,7.01,0.51,0.2,73.68,60.71,-12.97,0.0,0.99,0.0,47.62,47.62,6.79,5.17,81.58,33.33,-48.25,37.95,26.82,92.11,57.14,-34.97,0.13,0.0,1.32,0.0,-1.32,0.0,0.01,0.0,2.38,2.38,0.26,0.2,61.84,66.67,4.83,50.38,35.96,92.11,47.62,-44.49,7.69,4.97,39.47,4.76,-34.71,84.73,83.43,50.0,40.48,-9.52,57.3,48.15,97.37,30.95,-66.42,28.57,37.5,7.89,28.57,20.68,74.47,48.0,100.0,0.0,-100.0,33.33,50.0,2.63,52.38,49.75,0.0,0.0,1.32,0.0,-1.32,0.0,0.0,21.05,10.71,-10.34,0.0,100.0,3.95,98.81,94.86,71.7,61.54,30.26,11.9,-18.36,63.79,79.31,7.89,78.57,70.68,22,1
J08-0291,D. Giraldo,d giraldo,MED,MED,0,Medio,Medio,Colombia A,Brasil A,A,0,2024,2024,2025,2025,1,2025,Millonarios,Juventude,D. Giraldo - Millonarios - Colombia A,D. Giraldo - Juventude - Brasil A,759,787,9.0,15.0,1,1,237,900,1,0,0,0,-0.5659,-1.0961,-0.53,28.6,8.5,31.0,33.0,2.0,0.0,medida (69 pares),medida (156 pares),31.0,32.0,1.0,0,0,-0.2979,-0.3176,-0.2321,-0.2507,-0.8454,única; único,única; único,45,32,0,11.26,11.55,3.33,9.38,6.05,1.66,2.06,38.89,71.88,32.99,0.59,0.57,20.0,31.25,11.25,0.0,0.0,23.33,9.38,-13.95,0.95,0.23,45.56,0.0,-45.56,6.17,4.57,52.22,25.0,-27.22,33.68,28.02,78.89,37.5,-41.39,0.71,0.23,56.67,9.38,-47.29,0.06,0.0,56.67,0.0,-56.67,0.24,0.0,63.33,0.0,-63.33,44.47,39.57,78.89,40.62,-38.27,6.4,7.78,21.11,59.38,38.27,92.8,89.02,96.67,65.62,-31.05,48.42,44.55,43.33,12.5,-30.83,14.29,44.44,3.33,56.25,52.92,66.67,44.83,82.22,0.0,-82.22,80.0,40.0,84.44,14.06,-70.38,25.0,0.0,45.56,3.12,-42.44,0.0,0.0,31.11,12.5,-18.61,100.0,0.0,92.22,4.69,-87.53,82.69,65.0,70.0,6.25,-63.75,92.19,77.27,92.22,21.88,-70.34,22,1
J08-0292,J. Portilla,j portilla,MED,MED,0,Medio,Medio,Colombia A,Brasil A,A,0,2023,2023,jun26,2026,3,2026,América de Cali,Athletico Paranaense,J. Portilla - América de Cali - Colombia A,J. Portilla - Athletico Paranaense - Brasil A,3451,893,39.0,15.0,1,0,900,426,0,0,1,0,-0.5542,-0.7748,-0.221,30.6,20.6,25.0,27.0,3.0,0.0,medida (68 pares),referência,25.0,27.0,2.0,-1,0,0.0854,0.088,-0.3064,0.0787,-0.8535,única; único,única; único,36,34,0,16.09,12.3,45.83,39.71,-6.12,1.46,1.91,23.61,69.12,45.51,1.8,0.91,70.83,51.47,-19.36,0.6,0.2,81.94,75.0,-6.94,1.07,0.6,56.94,27.94,-29.0,7.8,5.54,81.94,60.29,-21.65,32.44,29.13,76.39,66.18,-10.21,0.5,0.3,26.39,14.71,-11.68,0.05,0.03,41.67,19.12,-22.55,0.05,0.1,9.72,20.59,10.87,45.72,38.4,84.72,63.24,-21.48,8.68,6.55,65.28,57.35,-7.93,85.23,85.3,43.06,27.94,-15.12,53.16,49.18,79.17,45.59,-33.58,50.0,42.11,72.22,45.59,-26.63,60.58,61.02,51.39,83.82,32.43,56.52,44.44,51.39,27.94,-23.45,29.27,16.67,68.06,32.35,-35.71,2.439,0.0,45.83,25.0,-20.83,28.57,100.0,36.11,97.06,60.95,78.26,74.55,43.06,42.65,-0.41,79.34,76.56,84.72,27.94,-56.78,22,1
J08-0293,D. Bobadilla,d bobadilla,MED,MED,0,Medio,Medio,Paraguai,Brasil A,A,0,2023,2023,2025,2025,2,2025,Cerro Porteño,São Paulo,D. Bobadilla - Cerro Porteño - Paraguai,D. Bobadilla - São Paulo - Brasil A,2570,2336,38.0,31.0,0,0,900,900,0,0,0,0,1.1883,2.0081,0.82,82.1,91.5,22.0,24.0,3.0,0.0,medida (48 pares),medida (156 pares),22.0,23.0,1.0,-1,0,0.0945,0.2541,0.7255,0.6538,1.3543,única; único,única; único,47,32,0,14.14,11.71,9.57,10.94,1.37,1.75,1.08,7.45,14.06,6.61,1.64,0.58,58.51,34.38,-24.13,0.14,0.04,32.98,25.0,-7.98,1.64,1.23,86.17,79.69,-6.48,5.88,6.55,26.6,75.0,48.4,35.27,35.91,84.04,79.69,-4.35,1.71,1.19,88.3,70.31,-17.99,0.21,0.12,95.74,81.25,-14.49,0.21,0.31,63.83,73.44,9.61,45.04,44.81,71.28,70.31,-0.97,7.45,7.55,32.98,57.81,24.83,87.42,88.48,88.3,60.94,-27.36,44.84,54.28,18.09,79.69,61.6,34.69,53.57,13.83,73.44,59.61,58.1,64.97,37.23,92.19,54.96,34.78,46.67,5.32,20.31,14.99,41.3,37.5,81.91,82.81,0.9,17.391,12.5,90.43,82.81,-7.62,16.67,53.33,11.7,85.94,74.24,83.03,81.18,90.43,85.94,-4.49,80.0,83.23,90.43,67.19,-23.24,22,1
J08-0294,R. Ríos,r rios,MED,MED,0,Medio,Medio,Paraguai,Brasil A,A,0,2022,2022,2023,2023,1,2023,Nacional Asunción,Palmeiras,R. Ríos - Nacional Asunción - Paraguai,R. Ríos - Palmeiras - Brasil A,3488,2118,41.0,37.0,0,0,900,900,0,0,0,0,-0.1126,-1.1367,-1.024,50.0,15.3,27.0,26.0,4.0,0.0,medida (42 pares),medida (82 pares),27.0,23.0,-4.0,-5,1,-0.2488,-0.044,-0.7752,0.0366,-1.1733,única; único,única; único,43,41,0,19.49,23.88,59.3,96.34,37.04,2.44,1.78,15.12,35.37,20.25,1.99,3.61,73.26,86.59,13.33,0.58,0.59,82.56,79.27,-3.29,0.48,1.61,15.12,91.46,76.34,6.33,3.61,29.07,6.1,-22.97,17.35,20.99,22.09,15.85,-6.24,0.56,0.85,48.84,62.2,13.36,0.04,0.05,40.7,37.8,-2.9,0.19,0.17,58.14,28.05,-30.09,34.75,31.87,31.4,25.61,-5.79,10.97,10.24,75.58,91.46,15.88,80.41,83.2,45.35,20.73,-24.62,52.85,49.29,77.91,42.68,-35.23,29.35,47.62,3.49,67.07,63.58,65.11,58.37,84.88,54.88,-30.0,57.33,52.94,73.26,41.46,-31.8,11.11,26.32,12.79,32.93,20.14,5.556,5.263,63.95,42.68,-21.27,40.63,33.33,54.65,48.78,-5.87,76.99,57.65,61.63,1.22,-60.41,73.81,68.75,70.93,13.41,-57.52,22,0
J08-0295,F. Carballo,f carballo,MED,MED,0,Medio,Medio,Uruguai,Brasil A,A,0,2022,2022,2023,2023,1,2023,Nacional,Grêmio,F. Carballo - Nacional - Uruguai,F. Carballo - Grêmio - Brasil A,3341,1691,35.0,22.0,0,0,876,900,0,0,0,0,3.0924,0.2603,-2.832,98.0,59.3,26.0,29.0,4.0,0.0,medida (33 pares),medida (82 pares),26.0,26.0,0.0,-1,0,0.0,0.001,-2.832,2.068,-1.8077,única; único,única; único,42,41,0,17.91,15.7,25.0,35.37,10.37,2.67,2.13,32.14,59.76,27.62,2.37,1.33,65.48,35.37,-30.11,0.84,0.53,80.95,69.51,-11.44,1.43,0.8,75.0,37.8,-37.2,9.81,6.65,96.43,84.15,-12.28,36.1,28.95,96.43,69.51,-26.92,1.51,0.8,84.52,54.88,-29.64,0.17,0.07,94.05,53.66,-40.39,0.35,0.48,78.57,89.02,10.45,53.39,41.62,94.05,67.07,-26.98,7.73,7.82,32.14,40.24,8.1,85.12,84.02,84.52,25.61,-58.91,49.62,49.49,46.43,45.12,-1.31,57.58,47.5,82.14,64.63,-17.51,58.04,58.33,17.86,52.44,34.58,51.14,60.0,27.38,67.07,39.69,30.19,33.33,67.86,63.41,-4.45,15.094,6.667,91.67,52.44,-39.23,23.26,28.57,17.86,35.37,17.51,84.89,76.8,98.81,47.56,-51.25,77.29,79.71,82.14,62.2,-19.94,22,1
J08-0296,R. Garro,r garro,MEI,MEI,0,Meia,Meia,Argentina A,Brasil A,A,0,2023,2023,2024,2024,1,2024,Talleres Córdoba,Corinthians,R. Garro - Talleres Córdoba - Argentina A,R. Garro - Corinthians - Brasil A,3317,3380,40.0,36.0,0,0,900,900,0,0,0,0,4.0,2.5589,-1.441,100.0,100.0,25.0,28.0,3.0,0.0,medida (91 pares),medida (113 pares),25.0,26.0,1.0,0,0,0.0183,-0.2828,-1.4593,2.5788,-0.0199,única; único,única; único,20,22,0,21.46,19.76,47.5,79.55,32.05,2.22,1.25,62.5,25.0,-37.5,3.47,2.13,32.5,47.73,15.23,0.76,0.67,32.5,97.73,65.23,2.03,1.68,67.5,54.55,-12.95,9.28,9.43,97.5,97.73,0.23,31.07,32.27,72.5,75.0,2.5,1.36,1.52,32.5,29.55,-2.95,0.13,0.13,42.5,40.91,-1.59,0.73,0.64,92.5,79.55,-12.95,43.22,43.0,77.5,79.55,2.05,4.69,6.1,17.5,88.64,71.14,76.84,77.71,32.5,15.91,-16.59,45.64,45.69,82.5,61.36,-21.14,32.93,23.4,62.5,29.55,-32.95,53.25,54.94,2.5,43.18,40.68,57.81,53.75,92.5,52.27,-40.23,30.67,47.62,37.5,77.27,39.77,9.333,15.873,72.5,70.45,-2.05,35.56,40.0,57.5,59.09,1.59,81.58,81.36,72.5,56.82,-15.68,67.24,68.98,22.5,15.91,-6.59,22,1
J08-0297,Giuliano,giuliano,MEI,MEI,0,Meia,Meia,Brasil A,Brasil B,B,1,2022,2022,2024,2024,2,2024,Corinthians,Santos,Giuliano - Corinthians - Brasil A,Giuliano - Santos - Brasil B,1807,2404,32.0,29.0,0,0,900,900,0,0,0,0,-1.3536,0.0,1.354,6.1,52.9,36.0,36.0,0.0,0.0,medida (79 pares),medida (76 pares),32.0,34.0,2.0,0,0,-0.0404,0.0,1.3944,-0.0571,0.0571,única; único,única; único,19,14,0,14.05,11.34,2.63,32.14,29.51,1.54,2.51,42.11,67.86,25.75,1.84,0.79,13.16,17.86,4.7,0.05,0.22,2.63,60.71,58.08,0.95,1.53,18.42,39.29,20.87,3.84,3.67,23.68,25.0,1.32,39.45,28.3,86.84,60.71,-26.13,1.59,2.13,34.21,82.14,47.93,0.18,0.25,34.21,92.86,58.65,0.25,0.22,7.89,60.71,52.82,51.3,36.31,81.58,46.43,-35.15,5.83,3.86,76.32,25.0,-51.32,89.9,88.45,92.11,96.43,4.32,42.91,42.9,39.47,32.14,-7.33,32.26,29.85,44.74,60.71,15.97,52.38,55.88,26.32,53.57,27.25,45.95,57.14,18.42,46.43,28.01,10.53,41.46,7.89,67.86,59.97,5.263,21.951,23.68,96.43,72.75,16.67,16.67,2.63,3.57,0.94,81.82,84.69,28.95,60.71,31.76,86.49,81.29,92.11,67.86,-24.25,22,1
J08-0298,Vitor Bueno,vitor bueno,MEI,MEI,0,Meia,Meia,Japao A,Brasil A,A,0,2025,2025,jun26,2026,1,2026,Cerezo Osaka,Remo,Vitor Bueno - Cerezo Osaka - Japao A,Vitor Bueno - Remo - Brasil A,581,824,17.0,11.0,1,1,900,426,0,1,1,0,1.2358,0.5803,-0.655,84.1,72.7,31.0,31.0,0.0,0.0,medida (307 pares),referência,30.0,31.0,1.0,0,0,-0.1135,0.0,-0.5415,0.9717,-0.3914,única; único,única; único,27,22,0,16.11,13.33,48.15,47.73,-0.42,4.18,3.28,81.48,93.18,11.7,1.39,0.76,11.11,6.82,-4.29,0.0,0.11,1.85,29.55,27.7,2.17,1.42,66.67,43.18,-23.49,5.11,3.82,70.37,20.45,-49.92,31.91,21.19,81.48,15.91,-65.57,3.56,1.53,92.59,47.73,-44.86,0.37,0.23,96.3,79.55,-16.75,0.46,0.55,64.81,70.45,5.64,38.88,29.93,81.48,29.55,-51.93,3.87,2.18,33.33,4.55,-28.78,80.88,79.2,55.56,11.36,-44.2,38.46,34.43,29.63,11.36,-18.27,51.85,13.33,100.0,22.73,-77.27,47.83,50.0,11.11,31.82,20.71,66.67,57.14,100.0,65.91,-34.09,50.0,53.85,100.0,93.18,-6.82,21.429,15.385,96.3,79.55,-16.75,40.0,25.0,64.81,25.0,-39.81,69.7,71.43,37.04,4.55,-32.49,56.67,61.11,5.56,2.27,-3.29,22,1
J08-0299,Robinho,robinho,MEI,MEI,0,Meia,Meia,Brasil C,Brasil B,B,1,2023,2023,2024,2024,1,2024,Paysandu,Paysandu,Robinho - Paysandu - Brasil C,Robinho - Paysandu - Brasil B,1230,1183,16.0,22.0,0,0,545,900,0,0,0,0,2.2809,0.5724,-1.708,100.0,58.8,35.0,38.0,3.0,0.0,medida (23 pares),medida (76 pares),35.0,36.0,1.0,0,0,-0.0509,0.7558,-1.6571,1.5793,-1.0069,única; homônimo resolvido pelo clube,única; único,8,14,1,13.98,11.26,6.25,25.0,18.75,1.0,0.46,6.25,3.57,-2.68,1.24,0.91,6.25,25.0,18.75,0.23,0.0,6.25,3.57,-2.68,0.85,0.84,6.25,3.57,-2.68,8.11,10.8,81.25,96.43,15.18,26.42,40.47,68.75,89.29,20.54,1.08,1.29,31.25,32.14,0.89,0.15,0.13,56.25,50.0,-6.25,0.39,0.3,56.25,75.0,18.75,37.0,51.58,68.75,89.29,20.54,5.79,5.02,56.25,67.86,11.61,80.79,79.65,56.25,17.86,-38.39,40.33,43.92,18.75,53.57,34.82,15.38,0.0,18.75,3.57,-15.18,46.91,59.65,6.25,67.86,61.61,56.25,41.67,68.75,3.57,-65.18,36.36,36.36,81.25,39.29,-41.96,9.091,0.0,68.75,21.43,-47.32,46.67,31.03,81.25,39.29,-41.96,90.48,85.21,93.75,67.86,-25.89,77.14,73.33,68.75,25.0,-43.75,22,0
J08-0300,C. Oliva,c oliva,VOL,VOL,0,Volante,Volante,Uruguai,Brasil A,A,0,2024,2024,jun26,2026,2,2026,Nacional,Santos,C. Oliva - Nacional - Uruguai,C. Oliva - Santos - Brasil A,2315,881,30.0,12.0,1,0,876,426,0,0,1,0,0.1254,1.4044,1.279,59.1,86.7,30.0,30.0,0.0,0.0,medida (72 pares),referência,28.0,30.0,2.0,0,0,-0.0685,0.0,1.3475,0.2917,1.1127,única; único,única; único,13,30,0,19.83,13.59,80.77,65.0,-15.77,3.5,1.63,50.0,56.67,6.67,1.05,1.23,57.69,95.0,37.31,0.12,0.0,65.38,30.0,-35.38,0.86,0.61,57.69,38.33,-19.36,9.84,7.87,80.77,88.33,7.56,36.54,27.89,96.15,41.67,-54.48,0.19,0.61,11.54,51.67,40.13,0.03,0.04,15.38,45.0,29.62,0.08,0.2,65.38,81.67,16.29,55.63,38.31,96.15,38.33,-57.82,14.31,9.19,96.15,81.67,-14.48,87.35,79.2,96.15,1.67,-94.48,63.92,54.14,96.15,45.0,-51.15,55.56,25.0,50.0,1.67,-48.33,75.38,64.1,96.15,81.67,-14.48,70.37,66.67,88.46,68.33,-20.13,13.64,0.0,34.62,11.67,-22.95,4.545,0.0,50.0,35.0,-15.0,29.41,42.86,19.23,78.33,59.1,77.08,68.83,80.77,28.33,-52.44,76.47,70.83,88.46,16.67,-71.79,22,1
J08-0301,A. Moreno,a moreno,VOL,VOL,0,Volante,Volante,Argentina A,Brasil A,A,0,2023,2023,2024,2024,1,2024,Racing Club,Palmeiras,A. Moreno - Racing Club - Argentina A,A. Moreno - Palmeiras - Brasil A,2393,2699,25.0,33.0,0,0,900,900,0,0,0,0,1.68,0.7735,-0.906,81.6,86.7,24.0,27.0,3.0,0.0,medida (91 pares),medida (113 pares),24.0,25.0,1.0,0,0,-0.0535,0.1021,-0.8525,0.6076,0.1659,única; único,única; único,38,50,0,18.17,14.21,43.42,29.0,-14.42,3.31,2.3,51.32,61.0,9.68,1.28,0.8,53.95,45.0,-8.95,0.11,0.0,35.53,12.0,-23.53,1.13,0.77,85.53,57.0,-28.53,9.55,7.67,90.79,89.0,-1.79,40.54,29.68,93.42,55.0,-38.42,0.64,0.43,71.05,41.0,-30.05,0.07,0.03,84.21,36.0,-48.21,0.11,0.07,59.21,30.0,-29.21,55.62,44.15,93.42,65.0,-28.42,10.61,9.7,35.53,75.0,39.47,86.75,85.57,69.74,23.0,-46.74,54.45,56.1,64.47,79.0,14.53,50.0,37.68,47.37,19.0,-28.37,63.5,66.17,64.47,85.0,20.53,61.76,50.0,69.74,27.0,-42.74,33.33,30.43,82.89,59.0,-23.89,6.667,4.348,72.37,49.0,-23.37,50.0,36.36,84.21,56.0,-28.21,80.71,75.65,90.79,46.0,-44.79,81.82,79.2,88.16,49.0,-39.16,22,1
J08-0302,Camilo,camilo,VOL,VOL,0,Volante,Volante,Russia,Brasil A,A,0,2024,2024,2025,2025,1,2025,Akhmat Grozny,Grêmio,Camilo - Akhmat Grozny - Russia,Camilo - Grêmio - Brasil A,1179,839,15.0,16.0,1,0,426,900,1,0,0,0,0.398,-1.1045,-1.502,61.5,14.0,25.0,27.0,2.0,0.0,medida (74 pares),medida (156 pares),25.0,26.0,1.0,0,0,0.1284,-0.0728,-1.6304,0.3221,-1.4266,única; único,única; único,24,45,0,17.71,16.52,60.42,86.67,26.25,1.6,2.25,16.67,73.33,56.66,2.21,0.86,85.42,50.0,-35.42,0.15,0.0,22.92,15.56,-7.36,1.22,0.86,81.25,70.0,-11.25,5.42,4.18,31.25,11.11,-20.14,18.63,18.45,6.25,0.0,-6.25,0.84,0.32,58.33,27.78,-30.55,0.09,0.02,68.75,23.33,-45.42,0.15,0.11,56.25,45.56,-10.69,33.05,27.03,14.58,0.0,-14.58,12.44,9.55,93.75,91.11,-2.64,83.14,81.35,31.25,2.22,-29.03,57.33,46.75,72.92,11.11,-61.81,66.67,42.86,89.58,44.44,-45.14,71.3,57.89,89.58,46.67,-42.91,41.38,75.0,27.08,91.11,64.03,25.0,25.0,37.5,41.11,3.61,6.25,0.0,68.75,25.56,-43.19,25.0,0.0,29.17,4.44,-24.73,70.42,69.23,43.75,24.44,-19.31,75.36,68.75,52.08,2.22,-49.86,22,1
J08-0303,Val Soares,val soares,VOL,VOL,0,Volante,Volante,Portugal A,Brasil B,B,0,2023,2023,2024,2024,1,2024,Marítimo,Paysandu,Val Soares - Marítimo - Portugal A,Val Soares - Paysandu - Brasil B,1327,1073,18.0,19.0,0,0,829,900,0,0,0,0,-0.3625,-0.5577,-0.195,40.7,25.0,26.0,29.0,2.0,0.0,medida (31 pares),medida (76 pares),25.0,27.0,2.0,1,0,0.2568,0.2714,-0.4518,0.1528,-0.7105,única; único,única; único,27,31,0,18.79,15.68,79.63,53.23,-26.4,1.7,1.76,42.59,20.97,-21.62,2.65,1.76,83.33,95.16,11.83,0.14,0.17,37.04,66.13,29.09,1.29,2.6,79.63,95.16,15.53,11.53,11.07,98.15,98.39,0.24,34.52,37.91,57.41,91.94,34.53,0.14,0.75,9.26,72.58,63.32,0.03,0.08,27.78,72.58,44.8,0.41,0.17,90.74,79.03,-11.71,49.37,49.49,53.7,82.26,28.56,7.05,7.3,9.26,33.87,24.61,83.65,82.37,16.67,24.19,7.52,48.38,49.73,16.67,20.97,4.3,52.0,52.38,68.52,46.77,-21.75,48.74,65.08,1.85,85.48,83.63,51.28,42.86,27.78,11.29,-16.49,31.58,22.58,53.7,37.1,-16.6,5.263,3.226,46.3,53.23,6.93,28.57,38.89,44.44,64.52,20.08,80.0,82.58,72.22,85.48,13.26,71.88,76.67,27.78,53.23,25.45,22,1
J08-0304,L. Pérez,l perez,VOL,VOL,0,Volante,Volante,Argentina A,Brasil A,A,0,2025,2025,jun26,2026,1,2026,Huracán,Grêmio,L. Pérez - Huracán - Argentina A,L. Pérez - Grêmio - Brasil A,2428,769,29.0,10.0,1,0,876,426,0,0,1,0,-0.9274,-1.0652,-0.138,11.9,13.3,21.0,21.0,0.0,0.0,medida (197 pares),referência,20.0,21.0,1.0,0,0,0.2202,0.0,-0.3582,0.027,-1.0922,única; único,única; único,42,30,0,16.94,14.75,44.05,88.33,44.28,4.41,2.46,86.9,75.0,-11.9,0.41,0.12,23.81,11.67,-12.14,0.0,0.0,20.24,30.0,9.76,0.48,0.59,35.71,30.0,-5.71,3.93,3.16,1.19,8.33,7.14,15.2,16.62,10.71,11.67,0.96,0.41,0.94,60.71,88.33,27.62,0.04,0.05,65.48,55.0,-10.48,0.07,0.12,40.48,51.67,11.19,26.84,27.27,5.95,11.67,5.72,10.9,9.13,75.0,78.33,3.33,83.98,83.69,60.71,18.33,-42.38,62.14,51.59,98.81,38.33,-60.48,63.87,61.9,96.43,75.0,-21.43,68.95,55.56,84.52,25.0,-59.52,54.55,100.0,52.38,91.67,39.29,7.69,20.0,27.38,48.33,20.95,0.0,0.0,30.95,35.0,4.05,0.0,0.0,9.52,25.0,15.48,57.55,55.56,8.33,1.67,-6.66,70.83,71.43,39.29,21.67,-17.62,22,1
J08-0305,S. Gómez,s gomez,VOL,VOL,0,Volante,Volante,Colombia A,Brasil A,A,0,2022,2022,jun26,2026,4,2026,Atlético Nacional,Coritiba,S. Gómez - Atlético Nacional - Colombia A,S. Gómez - Coritiba - Brasil A,3313,1307,37.0,15.0,0,0,900,426,0,0,1,0,2.6185,-1.5765,-4.195,89.5,3.3,26.0,30.0,3.0,0.0,medida (55 pares),referência,25.0,30.0,5.0,1,0,0.2154,0.186,-4.4104,0.3061,-1.8826,única; único,única; único,38,30,0,17.52,13.91,69.74,71.67,1.93,1.66,1.17,27.63,21.67,-5.96,1.3,0.34,76.32,41.67,-34.65,0.38,0.07,92.11,68.33,-23.78,0.92,0.96,80.26,65.0,-15.26,6.11,2.82,51.32,5.0,-46.32,33.55,16.39,75.0,8.33,-66.67,0.54,0.83,69.74,81.67,11.93,0.06,0.06,84.21,60.0,-24.21,0.16,0.07,81.58,33.33,-48.25,46.62,25.0,77.63,5.0,-72.63,9.43,9.23,61.84,85.0,23.16,92.72,86.23,96.05,31.67,-64.38,56.43,54.95,93.42,56.67,-36.75,42.62,52.94,46.05,60.0,13.95,65.18,56.64,88.16,28.33,-59.83,60.42,60.0,64.47,48.33,-16.14,29.41,28.57,73.68,65.0,-8.68,8.824,0.0,77.63,35.0,-42.63,30.0,0.0,40.79,25.0,-15.79,86.67,65.85,98.68,18.33,-80.35,88.48,78.57,96.05,38.33,-57.72,22,1
J08-0306,F. Bernal,f bernal,VOL,VOL,0,Volante,Volante,Uruguai,Brasil A,A,0,2024,2024,2025,2025,1,2025,Defensor Sporting,Fluminense,F. Bernal - Defensor Sporting - Uruguai,F. Bernal - Fluminense - Brasil A,1815,1170,20.0,22.0,0,0,876,900,0,0,0,0,0.1189,-0.9242,-1.043,54.5,19.3,22.0,22.0,0.0,0.0,medida (72 pares),medida (156 pares),20.0,21.0,1.0,0,0,0.2202,0.0,-1.2632,0.26,-1.1842,única; único,única; único,13,45,0,19.29,12.92,65.38,38.89,-26.49,3.12,2.46,42.31,83.33,41.02,0.94,0.31,50.0,12.22,-37.78,0.05,0.0,38.46,15.56,-22.9,1.64,1.08,88.46,87.78,-0.68,9.92,5.38,88.46,37.78,-50.68,32.08,30.15,73.08,43.33,-29.75,0.74,0.46,73.08,52.22,-20.86,0.1,0.03,80.77,43.33,-37.44,0.1,0.08,73.08,24.44,-48.64,48.5,43.15,73.08,47.78,-25.3,12.55,8.38,65.38,70.0,4.62,80.16,86.63,42.31,32.22,-10.09,54.5,55.36,42.31,81.11,38.8,69.84,62.5,96.15,87.78,-8.37,64.24,60.0,26.92,62.22,35.3,52.63,50.0,38.46,22.22,-16.24,39.39,28.57,80.77,48.89,-31.88,3.03,0.0,42.31,25.56,-16.75,100.0,0.0,84.62,4.44,-80.18,75.0,72.86,73.08,30.0,-43.08,62.91,68.13,26.92,1.11,-25.81,22,1
J08-0307,A. Frías,a frias,ZAG,ZAG,0,Zagueiro - Direita,Zagueiro - Direita,Mexico,Brasil A,A,0,2024,2024,2025,2025,1,2025,León,Santos,A. Frías - León - Mexico,A. Frías - Santos - Brasil A,3148,1234,30.0,13.0,0,0,758,900,0,0,0,0,3.155,-0.0283,-3.183,97.3,50.0,25.0,28.0,2.0,0.0,medida (102 pares),medida (156 pares),25.0,27.0,2.0,1,0,0.0122,-0.0782,-3.1952,1.192,-1.2203,única; único,única; único,54,74,0,11.58,10.72,15.74,46.62,30.88,3.23,3.57,19.44,46.62,27.18,0.49,0.22,63.89,54.05,-9.84,0.43,0.07,95.37,75.68,-19.69,0.8,0.44,93.52,55.41,-38.11,7.35,6.27,52.78,30.41,-22.37,29.19,25.02,63.89,23.65,-40.24,0.97,0.51,91.67,42.57,-49.1,0.08,0.03,80.56,23.65,-56.91,0.03,0.0,33.33,24.32,-9.01,40.91,36.83,58.33,22.3,-36.03,8.49,7.0,36.11,25.0,-11.11,87.56,92.67,50.93,93.92,42.99,69.63,58.5,99.07,39.19,-59.88,71.68,59.18,99.07,57.43,-41.64,77.89,63.77,91.67,45.27,-46.4,58.82,0.0,39.81,5.41,-34.4,21.43,33.33,24.07,54.05,29.98,3.571,0.0,60.19,25.0,-35.19,23.08,50.0,36.11,79.05,42.94,76.65,77.91,84.26,91.22,6.96,74.63,82.61,82.41,91.22,8.81,22,1
J08-0308,Vitão,vitao,ZAG,ZAG,0,Zagueiro - Esquerda,Zagueiro - Direita,Brasil A,Brasil C,C,1,2024,2024,2025,2025,1,2025,Internacional,Floresta EC,Vitão - Internacional - Brasil A,Vitão - Floresta EC - Brasil C,2811,1665,30.0,18.0,0,0,900,616,0,0,0,0,0.6025,0.8098,0.207,73.9,80.9,26.0,31.0,0.0,0.0,medida (113 pares),medida (70 pares),24.0,30.0,6.0,5,1,-0.1212,-0.2603,0.3282,0.3244,0.4854,única; único,única; único,73,52,0,9.54,10.86,14.38,29.81,15.43,3.91,3.68,50.0,16.35,-33.65,0.16,0.43,32.19,87.5,55.31,0.1,0.0,69.86,33.65,-36.21,0.64,0.27,85.62,17.31,-68.31,6.66,6.92,43.84,45.19,1.35,33.84,13.68,69.18,20.19,-48.99,0.77,0.38,92.47,35.58,-56.89,0.05,0.04,61.64,41.35,-20.29,0.0,0.05,18.49,59.62,41.13,44.89,25.89,60.96,16.35,-44.61,6.05,8.97,6.16,66.35,60.19,91.3,72.65,80.14,6.73,-73.41,63.42,62.69,71.92,45.19,-26.73,58.2,54.41,40.41,22.12,-18.29,71.84,70.48,80.14,58.65,-21.49,80.0,37.5,69.18,35.58,-33.6,20.0,20.0,19.86,39.42,19.56,0.0,20.0,23.97,83.65,59.68,50.0,44.44,82.88,72.12,-10.76,80.77,57.81,97.95,12.5,-85.45,74.13,56.12,55.48,27.88,-27.6,22,0
J08-0309,Maicon,maicon,ZAG,ZAG,0,Zagueiro - Direita,Zagueiro - Direita,Brasil A,Brasil B,B,1,2024,2024,2025,2025,1,2025,Vasco da Gama,Coritiba,Maicon - Vasco da Gama - Brasil A,Maicon - Coritiba - Brasil B,2632,3021,30.0,31.0,0,0,900,900,0,0,0,0,0.6745,-0.2568,-0.931,76.6,38.0,37.0,37.0,0.0,0.0,medida (113 pares),medida (111 pares),35.0,36.0,1.0,0,0,-0.0388,0.0,-0.8922,0.3489,-0.6057,única; único,única; único,73,72,0,10.43,7.21,30.82,0.69,-30.13,4.14,3.87,58.22,45.14,-13.08,0.14,0.03,27.4,11.11,-16.29,0.0,0.0,20.55,34.03,13.48,0.1,0.09,4.11,3.47,-0.64,10.26,8.67,96.58,77.08,-19.5,25.24,28.39,30.82,63.19,32.37,0.31,0.21,14.38,6.25,-8.13,0.01,0.01,4.11,6.25,2.14,0.03,0.06,44.52,64.58,20.06,39.05,39.35,40.41,46.53,6.12,9.2,5.54,84.25,0.69,-83.56,85.64,88.64,17.12,72.92,55.8,62.95,62.81,66.44,68.75,2.31,65.29,63.85,73.29,61.81,-11.48,68.25,66.67,51.37,63.89,12.52,25.0,100.0,8.22,88.19,79.97,66.67,66.67,94.52,95.14,0.62,33.333,33.333,96.58,95.14,-1.44,50.0,25.0,82.88,47.22,-35.66,74.0,78.69,63.7,93.75,30.05,77.14,67.44,70.55,50.69,-19.86,22,1
J08-0310,Maicon,maicon,ZAG,ZAG,0,Zagueiro - Direita,Zagueiro - Direita,Brasil B,Brasil A,A,1,2025,2025,jun26,2026,1,2026,Coritiba,Coritiba,Maicon - Coritiba - Brasil B,Maicon - Coritiba - Brasil A,3021,1135,31.0,13.0,0,0,900,426,0,0,1,0,-0.2568,-0.7675,-0.511,38.0,25.8,37.0,37.0,0.0,0.0,medida (111 pares),referência,36.0,37.0,1.0,0,0,-0.0388,0.0,-0.4722,0.0323,-0.7998,única; único,única; único,72,53,0,7.21,6.9,0.69,2.83,2.14,3.87,2.38,45.14,10.38,-34.76,0.03,0.08,11.11,27.36,16.25,0.0,0.0,34.03,28.3,-5.73,0.09,0.08,3.47,2.83,-0.64,8.67,4.2,77.08,12.26,-64.82,28.39,13.24,63.19,0.94,-62.25,0.21,0.32,6.25,18.87,12.62,0.01,0.01,6.25,9.43,3.18,0.06,0.0,64.58,25.47,-39.11,39.35,21.73,46.53,0.94,-45.59,5.54,6.74,0.69,33.02,32.33,88.64,86.13,72.92,30.19,-42.73,62.81,59.77,68.75,44.34,-24.41,63.85,63.33,61.81,58.49,-3.32,66.67,61.76,63.89,36.79,-27.1,100.0,0.0,88.19,14.15,-74.04,66.67,0.0,95.14,15.09,-80.05,33.333,0.0,95.14,29.25,-65.89,25.0,0.0,47.22,23.58,-23.64,78.69,60.38,93.75,16.04,-77.71,67.44,70.0,50.69,43.4,-7.29,22,1
J08-0311,Matheus Felipe,matheus felipe,ZAG,ZAG,0,Zagueiro - Esquerda,Zagueiro - Direita,Brasil A,Brasil B,B,1,2023,2023,2024,2024,1,2024,Athletico Paranaense,Ceará,Matheus Felipe - Athletico Paranaense - Brasil A,Matheus Felipe - Ceará - Brasil B,594,1983,9.0,22.0,0,1,900,900,0,1,0,0,-0.6574,-1.1949,-0.538,28.2,13.7,27.0,27.0,0.0,0.0,medida (82 pares),medida (76 pares),24.0,25.0,1.0,0,0,0.0152,0.0,-0.5532,-0.1039,-1.091,única; único,única; único,74,69,0,10.3,9.94,18.92,31.16,12.24,3.48,3.72,28.38,32.61,4.23,0.15,0.18,25.68,34.78,9.1,0.0,0.0,11.49,18.84,7.35,0.3,0.32,39.19,52.17,12.98,5.3,5.49,14.86,16.67,1.81,22.88,22.65,22.97,28.26,5.29,0.15,0.41,9.46,42.75,33.29,0.0,0.02,2.03,13.04,11.01,0.3,0.0,100.0,28.99,-71.01,33.18,33.9,17.57,19.57,2.0,8.33,6.04,63.51,6.52,-56.99,87.21,90.23,41.89,86.23,44.34,52.94,55.71,12.16,12.32,0.16,60.87,51.22,67.57,13.77,-53.8,58.06,63.54,17.57,29.71,12.14,100.0,50.0,95.27,26.09,-69.18,50.0,0.0,83.11,5.07,-78.04,0.0,0.0,27.03,20.29,-6.74,0.0,50.0,21.62,73.19,51.57,54.29,75.21,2.7,73.19,70.49,68.18,73.91,39.19,81.88,42.69,22,1
J08-0312,Edson Felipe,edson felipe,ZAG,ZAG,0,Zagueiro - Direita,Zagueiro - Esquerda,Brasil A,Brasil B,B,1,2022,2022,2024,2024,2,2024,Atlético GO,Goiás,Edson Felipe - Atlético GO - Brasil A,Edson Felipe - Goiás - Brasil B,1574,1934,17.0,28.0,0,0,900,900,0,0,0,0,-0.717,-0.0492,0.668,14.8,43.6,34.0,34.0,0.0,0.0,medida (79 pares),medida (76 pares),30.0,32.0,2.0,0,0,-0.0682,0.0,0.7362,0.0774,-0.1266,única; único,única; único,67,69,0,14.07,10.1,82.84,35.51,-47.33,4.46,3.02,59.7,15.22,-44.48,0.57,0.05,86.57,6.52,-80.05,0.23,0.0,79.85,18.84,-61.01,0.29,0.56,38.81,89.13,50.32,7.6,7.12,63.43,48.55,-14.88,34.25,28.85,84.33,57.25,-27.08,0.23,0.6,6.72,72.46,65.74,0.02,0.05,14.93,59.42,44.49,0.0,0.0,25.37,28.99,3.62,48.6,41.04,85.82,48.55,-37.27,10.64,7.63,94.78,45.65,-49.13,90.47,89.46,69.4,76.09,6.69,61.79,53.46,64.93,6.52,-58.41,48.72,60.0,11.19,41.3,30.11,76.84,54.29,97.76,0.72,-97.04,70.0,0.0,48.51,4.35,-44.16,20.0,25.0,20.9,32.61,11.71,0.0,16.667,32.09,71.01,38.92,0.0,0.0,23.13,23.19,0.06,78.2,76.47,78.36,84.06,5.7,79.75,72.0,88.81,74.64,-14.17,22,1
J08-0313,Lucas Gazal,lucas gazal,ZAG,ZAG,0,Zagueiro - Direita,Zagueiro - Esquerda,China,Brasil B,B,0,2025,2025,jun26,2026,1,2026,Shandong Taishan,Fortaleza,Lucas Gazal - Shandong Taishan - China,Lucas Gazal - Fortaleza - Brasil B,1752,919,17.0,9.0,0,0,711,284,0,0,1,0,0.123,0.7355,0.613,57.1,70.0,26.0,26.0,0.0,0.0,medida (108 pares),referência,25.0,26.0,1.0,0,0,0.0061,0.0,0.6069,0.1614,0.5741,única; único,única; único,67,67,0,11.82,10.58,57.46,47.01,-10.45,5.09,4.8,80.6,85.82,5.22,0.0,0.0,3.73,17.91,14.18,0.0,0.0,29.1,41.79,12.69,0.46,0.69,70.15,84.33,14.18,6.22,9.5,32.09,85.82,53.73,20.6,33.98,26.12,81.34,55.22,0.51,0.69,55.22,70.9,15.68,0.05,0.04,67.91,50.0,-17.91,0.21,0.0,96.27,38.06,-58.21,33.29,44.56,29.1,66.42,37.32,6.27,5.39,8.21,5.22,-2.99,86.42,90.55,52.99,81.34,28.35,60.87,61.11,64.93,55.97,-8.96,61.62,73.47,75.37,94.78,19.41,53.42,50.0,0.75,12.69,11.94,0.0,0.0,5.97,23.88,17.91,44.44,0.0,77.61,22.39,-55.22,11.111,0.0,78.36,44.03,-34.33,75.0,100.0,88.06,97.01,8.95,76.03,78.35,84.33,82.84,-1.49,64.95,75.0,42.54,77.61,35.07,22,1
J08-0314,Yan Souto,yan souto,ZAG,ZAG,0,Zagueiro - Direita,Zagueiro - Direita,Brasil B,Brasil C,C,1,2025,2025,jun26,2026,1,2026,Criciúma,Botafogo PB,Yan Souto - Criciúma - Brasil B,Yan Souto - Botafogo PB - Brasil C,712,658,18.0,7.0,1,1,900,213,0,1,1,0,-0.8123,0.6677,1.48,16.0,76.7,24.0,24.0,0.0,0.0,medida (111 pares),referência,23.0,24.0,1.0,0,0,0.0152,0.0,1.4648,-0.1565,0.8242,única; único,única; único,72,63,0,13.9,11.08,90.28,37.3,-52.98,4.55,4.92,70.83,64.29,-6.54,0.38,0.27,81.94,64.29,-17.65,0.0,0.0,34.03,38.1,4.07,0.51,1.09,75.69,88.1,12.41,5.44,8.21,13.89,61.11,47.22,17.32,25.85,2.78,54.76,51.98,1.14,1.64,98.61,96.03,-2.58,0.08,0.07,83.33,73.81,-9.52,0.0,0.0,18.75,35.71,16.96,27.94,42.67,1.39,69.05,67.66,8.34,8.62,76.39,72.22,-4.17,80.54,83.65,7.64,40.48,32.84,55.45,58.02,13.89,34.13,20.24,69.44,52.78,90.28,26.19,-64.09,52.27,70.37,0.0,65.87,65.87,100.0,100.0,88.19,84.92,-3.27,25.0,12.5,39.58,56.35,16.77,0.0,0.0,22.92,43.65,20.73,100.0,0.0,94.44,38.1,-56.34,55.81,70.0,4.17,50.0,45.83,53.33,58.06,2.78,32.54,29.76,22,1
J08-0315,Da Silva,da silva,ZAG,ZAG,0,Zagueiro - Direita,Zagueiro - Esquerda,Brasil A,Brasil C,C,1,2022,2022,2024,2024,2,2024,Goiás,Aparecidense,Da Silva - Goiás - Brasil A,Da Silva - Aparecidense - Brasil C,635,731,7.0,10.0,1,1,900,592,0,1,0,0,-0.6006,0.2216,0.822,18.5,62.8,25.0,25.0,0.0,0.0,medida (79 pares),medida (53 pares),21.0,23.0,2.0,0,0,0.1018,0.0,0.7202,0.0909,0.1307,única; único,única; único,67,57,0,11.34,8.99,40.3,9.65,-30.65,4.68,4.56,64.18,53.51,-10.67,0.28,0.12,50.75,45.61,-5.14,0.14,0.0,63.43,34.21,-29.22,0.43,0.49,58.21,82.46,24.25,6.52,10.1,46.27,88.6,42.33,20.13,31.52,16.42,85.09,68.67,0.14,0.37,2.99,42.98,39.99,0.02,0.06,14.93,74.56,59.63,0.0,0.0,25.37,28.95,3.58,31.46,44.2,16.42,81.58,65.16,9.21,7.51,80.6,46.49,-34.11,82.88,86.91,5.97,69.3,63.33,66.25,61.64,89.55,55.26,-34.29,63.64,64.86,80.6,72.81,-7.79,66.67,61.54,47.76,21.93,-25.83,50.0,0.0,22.39,13.16,-9.23,66.67,0.0,96.27,19.3,-76.97,33.333,0.0,91.04,34.21,-56.83,0.0,0.0,23.13,24.56,1.43,58.7,80.49,4.48,97.37,92.89,60.0,76.19,14.18,93.86,79.68,22,1
J08-0316,Sidimar,sidimar,ZAG,ZAG,0,Zagueiro - Direita,Zagueiro - Esquerda,Brasil A,Brasil C,C,1,2023,2023,2024,2024,1,2024,Goiás,Athletic Club,Sidimar - Goiás - Brasil A,Sidimar - Athletic Club - Brasil C,1181,545,18.0,7.0,1,0,900,592,1,0,0,0,-0.0472,0.1169,0.164,45.3,55.8,33.0,33.0,0.0,0.0,medida (82 pares),medida (53 pares),30.0,31.0,1.0,0,0,0.0066,0.0,0.1574,0.1036,0.0133,única; único,única; único,74,57,0,11.43,9.91,42.57,22.81,-19.76,5.03,3.47,88.51,16.67,-71.84,0.15,0.0,25.68,8.77,-16.91,0.08,0.0,54.73,34.21,-20.52,0.38,0.5,56.08,85.96,29.88,5.18,9.25,11.49,78.95,67.46,16.69,26.75,4.73,63.16,58.43,0.38,0.5,35.81,67.54,31.73,0.05,0.09,58.78,87.72,28.94,0.08,0.0,71.62,28.95,-42.67,27.97,43.6,7.43,80.7,73.27,7.01,5.94,22.3,1.75,-20.55,88.83,86.36,58.78,64.91,6.13,56.67,56.67,31.76,19.3,-12.46,62.12,61.9,69.59,57.02,-12.57,60.47,66.67,29.05,49.12,20.07,100.0,0.0,95.27,13.16,-82.11,20.0,0.0,20.95,19.3,-1.65,0.0,0.0,27.03,34.21,7.18,0.0,0.0,21.62,24.56,2.94,66.18,62.5,25.0,18.42,-6.58,70.97,71.43,50.68,82.46,31.78,22,1
J08-0317,Sidimar,sidimar,ZAG,ZAG,0,Zagueiro - Esquerda,Zagueiro - Esquerda,Brasil C,Brasil B,B,1,2024,2024,2025,2025,1,2025,Athletic Club,Athletic Club,Sidimar - Athletic Club - Brasil C,Sidimar - Athletic Club - Brasil B,545,3401,7.0,35.0,0,1,592,900,0,1,0,0,0.1169,0.0999,-0.017,55.8,57.5,33.0,33.0,0.0,0.0,medida (53 pares),medida (111 pares),31.0,32.0,1.0,0,0,-0.0748,0.0,0.0578,0.1593,-0.0594,única; único,única; único,57,72,0,9.91,10.0,22.81,31.25,8.44,3.47,3.73,16.67,36.81,20.14,0.0,0.16,8.77,41.67,32.9,0.0,0.0,34.21,34.03,-0.18,0.5,0.19,85.96,13.19,-72.77,9.25,6.09,78.95,18.75,-60.2,26.75,26.94,63.16,49.31,-13.85,0.5,0.4,67.54,38.19,-29.35,0.09,0.01,87.72,6.25,-81.47,0.0,0.03,28.95,43.06,14.11,43.6,39.01,80.7,42.36,-38.34,5.94,7.04,1.75,35.42,33.67,86.36,89.48,64.91,85.42,20.51,56.67,62.96,19.3,71.53,52.23,61.9,64.54,57.02,70.14,13.12,66.67,69.33,49.12,77.08,27.96,0.0,66.67,13.16,57.64,44.48,0.0,28.57,19.3,51.39,32.09,0.0,28.571,34.21,90.97,56.76,0.0,0.0,24.56,17.36,-7.2,62.5,67.83,18.42,42.36,23.94,71.43,71.17,82.46,74.31,-8.15,22,1
J08-0318,A. Robles,a robles,ZAG,ZAG,0,Zagueiro - Direita,Zagueiro - Direita,Chile,Brasil C,C,0,2022,2022,2025,2025,3,2025,Antofagasta,Botafogo PB,A. Robles - Antofagasta - Chile,A. Robles - Botafogo PB - Brasil C,1221,336,13.0,5.0,1,0,711,616,1,0,0,0,1.1577,0.1862,-0.971,80.6,57.4,28.0,32.0,4.0,0.0,medida (58 pares),medida (70 pares),28.0,31.0,3.0,0,0,-0.0644,-0.1796,-0.9066,0.2195,-0.0333,única; único,única; único,60,52,0,17.69,8.3,78.33,1.92,-76.41,4.28,2.41,59.17,0.0,-59.17,0.22,0.0,15.83,6.73,-9.1,0.15,0.0,55.0,33.65,-21.35,0.44,0.54,67.5,74.04,6.54,9.21,5.89,85.83,21.15,-64.68,20.2,17.68,55.83,25.0,-30.83,0.66,0.54,79.17,62.5,-16.67,0.03,0.04,47.5,41.35,-6.15,0.0,0.0,25.0,25.0,0.0,37.22,27.86,64.17,21.15,-43.02,11.2,6.43,55.83,11.54,-44.29,77.82,76.92,10.83,13.46,2.63,62.08,58.06,60.83,26.92,-33.91,44.83,55.56,9.17,26.92,17.75,66.3,61.54,24.17,17.31,-6.86,66.67,0.0,45.0,10.58,-34.42,16.67,0.0,30.83,8.65,-22.18,0.0,0.0,31.67,25.96,-5.71,50.0,0.0,80.0,30.77,-49.23,68.8,59.09,62.5,15.38,-47.12,54.74,30.77,15.83,0.0,-15.83,22,1
J08-0319,J. Cuenú,j cuenu,ZAG,ZAG,0,Zagueiro - Esquerda,Zagueiro - Direita,Colombia A,Brasil B,B,0,2025,2025,jun26,2026,1,2026,Junior,Operário PR,J. Cuenú - Junior - Colombia A,J. Cuenú - Operário PR - Brasil B,1395,903,17.0,9.0,0,0,900,284,0,0,1,0,-0.8273,-0.7573,0.07,17.8,16.2,31.0,31.0,0.0,0.0,medida (156 pares),referência,30.0,31.0,1.0,0,0,0.0066,0.0,0.0634,-0.1616,-0.5957,única; único,única; único,84,67,0,9.48,7.08,19.64,5.22,-14.42,3.81,2.89,67.86,24.63,-43.23,0.06,0.0,16.07,17.91,1.84,0.0,0.0,31.55,41.79,10.24,0.65,0.1,79.17,9.7,-69.47,6.26,8.37,36.31,70.9,34.59,20.06,30.7,31.55,67.91,36.36,0.9,0.1,87.5,6.72,-80.78,0.09,0.01,89.29,15.67,-73.62,0.06,0.0,74.4,38.06,-36.34,30.39,41.06,26.79,51.49,24.7,8.13,8.17,63.69,73.88,10.19,80.68,85.68,12.5,29.1,16.6,55.1,59.15,7.74,41.04,33.3,55.93,62.07,45.83,57.46,11.63,57.81,70.37,2.98,76.87,73.89,0.0,0.0,6.55,23.88,17.33,20.0,0.0,32.14,22.39,-9.75,0.0,0.0,22.62,44.03,21.41,50.0,0.0,81.55,35.82,-45.73,59.79,75.0,16.07,72.39,56.32,49.02,63.16,5.36,26.87,21.51,22,1
J08-0320,J. Barreto,j barreto,ZAG,ZAG,0,Zagueiro - Direita,Zagueiro - Esquerda,Paraguai,Brasil B,B,0,2025,2025,jun26,2026,1,2026,Olimpia,Atlético GO,J. Barreto - Olimpia - Paraguai,J. Barreto - Atlético GO - Brasil B,1985,671,23.0,7.0,1,0,900,284,0,0,1,0,0.7398,0.7432,0.003,79.5,73.3,28.0,28.0,0.0,0.0,medida (108 pares),referência,27.0,28.0,1.0,0,0,-0.0776,0.0,0.0806,0.3711,0.3721,única; único,única; único,48,67,0,15.05,10.6,64.58,49.25,-15.33,6.12,4.69,69.79,82.84,13.05,0.23,0.4,48.96,79.85,30.89,0.0,0.0,31.25,41.79,10.54,0.27,0.27,46.88,40.3,-6.58,10.84,7.51,91.67,57.46,-34.21,26.48,22.8,78.12,21.64,-56.48,0.36,0.4,26.04,36.57,10.53,0.01,0.02,16.67,26.87,10.2,0.05,0.13,62.5,87.31,24.81,45.88,34.87,84.38,20.15,-64.23,9.52,8.18,76.04,76.12,0.08,85.57,83.08,78.12,11.19,-66.93,65.06,58.23,78.12,39.55,-38.57,69.63,54.29,94.79,24.63,-70.16,70.94,62.5,55.21,44.03,-11.18,80.0,66.67,79.17,66.42,-12.75,50.0,0.0,84.38,22.39,-61.99,0.0,0.0,27.08,44.03,16.95,11.11,0.0,32.29,35.82,3.53,75.73,60.71,90.62,10.45,-80.17,69.66,54.29,82.29,14.18,-68.11,22,1
J08-0321,Léo Coelho,leo coelho,ZAG,ZAG,0,Zagueiro - Direita,Zagueiro - Esquerda,Uruguai,Brasil B,B,0,2024,2024,2025,2025,1,2025,Peñarol,Amazonas,Léo Coelho - Peñarol - Uruguai,Léo Coelho - Amazonas - Brasil B,1910,1315,23.0,14.0,0,0,876,900,0,0,0,0,2.3686,-0.6423,-3.011,97.6,30.0,33.0,33.0,0.0,0.0,medida (72 pares),medida (111 pares),31.0,32.0,1.0,0,0,-0.0748,0.0,-2.9362,0.9247,-1.567,única; único,única; único,59,72,0,14.56,11.7,56.78,70.14,13.36,5.32,5.48,72.03,92.36,20.33,0.24,0.07,35.59,22.22,-13.37,0.05,0.0,57.63,34.03,-23.6,0.42,0.48,61.02,71.53,10.51,8.95,5.34,65.25,10.42,-54.83,23.09,15.54,63.56,0.69,-62.87,0.57,0.75,62.71,86.11,23.4,0.08,0.05,88.14,59.72,-28.42,0.0,0.07,25.42,70.14,44.72,41.04,26.49,72.03,0.69,-71.34,9.94,7.73,65.25,53.47,-11.78,82.2,78.04,72.03,2.08,-69.95,73.46,60.82,99.15,49.31,-49.84,72.57,63.75,95.76,60.42,-35.34,79.49,65.15,90.68,43.75,-46.93,80.0,100.0,68.64,88.19,19.55,33.33,28.57,55.08,51.39,-3.69,33.333,14.286,89.83,72.92,-16.91,0.0,0.0,18.64,17.36,-1.28,68.95,60.26,68.64,10.42,-58.22,62.59,54.93,68.64,7.64,-61.0,22,1
J08-0322,Léo Coelho,leo coelho,ZAG,ZAG,0,Zagueiro - Esquerda,Zagueiro - Direita,Brasil B,Brasil C,C,1,2025,2025,jun26,2026,1,2026,Amazonas,Amazonas,Léo Coelho - Amazonas - Brasil B,Léo Coelho - Amazonas - Brasil C,1315,657,14.0,7.0,1,0,900,213,0,0,1,0,-0.6423,1.5688,2.211,30.0,96.7,33.0,33.0,0.0,0.0,medida (111 pares),referência,32.0,33.0,1.0,0,0,-0.0748,0.0,2.2858,-0.0987,1.6675,única; único,única; único,72,63,0,11.7,11.23,70.14,41.27,-28.87,5.48,3.84,92.36,32.54,-59.82,0.07,0.14,22.22,45.24,23.02,0.0,0.14,34.03,81.75,47.72,0.48,0.27,71.53,27.78,-43.75,5.34,11.23,10.42,97.62,87.2,15.54,32.47,0.69,80.16,79.47,0.75,0.27,86.11,11.9,-74.21,0.05,0.02,59.72,31.75,-27.97,0.07,0.0,70.14,35.71,-34.43,26.49,48.9,0.69,81.75,81.06,7.73,5.89,53.47,18.25,-35.22,78.04,82.91,2.08,34.13,32.05,60.82,52.44,49.31,15.08,-34.23,63.75,53.57,60.42,30.95,-29.47,65.15,52.78,43.75,16.67,-27.08,100.0,100.0,88.19,84.92,-3.27,28.57,50.0,51.39,85.71,34.32,14.286,50.0,72.92,97.62,24.7,0.0,0.0,17.36,38.1,20.74,60.26,78.05,10.42,83.33,72.91,54.93,68.0,7.64,57.94,50.3,22,1
J08-0323,E. Brítez,e britez,ZAG,ZAG,0,Zagueiro - Esquerda,Zagueiro - Direita,Argentina A,Brasil B,B,0,2022,2022,jun26,2026,4,2026,Unión Santa Fe,Fortaleza,E. Brítez - Unión Santa Fe - Argentina A,E. Brítez - Fortaleza - Brasil B,1444,1017,18.0,10.0,0,0,900,284,0,0,1,0,0.5429,0.2199,-0.323,75.0,59.5,30.0,34.0,4.0,0.0,medida (77 pares),referência,30.0,34.0,4.0,0,0,-0.381,-0.2095,0.058,0.186,0.0339,única; único,única; único,92,67,0,14.77,9.38,33.15,33.58,0.43,3.61,2.74,13.59,20.15,6.56,1.25,0.0,94.02,17.91,-76.11,0.37,0.0,84.78,41.79,-42.99,0.44,0.27,52.72,40.3,-12.42,8.41,8.05,58.15,67.91,9.76,15.64,31.06,22.28,70.9,48.62,0.56,0.44,39.13,40.3,1.17,0.05,0.1,50.54,88.81,38.27,0.0,0.09,18.48,78.36,59.88,27.86,46.81,15.76,78.36,62.6,9.6,7.61,32.07,60.45,28.38,74.94,86.2,11.41,33.58,22.17,53.16,61.32,2.72,57.46,54.74,48.28,54.84,11.41,32.09,20.68,74.32,64.44,73.37,51.49,-21.88,40.0,0.0,14.67,23.88,9.21,28.57,0.0,41.3,22.39,-18.91,14.286,0.0,70.11,44.03,-26.08,0.0,50.0,15.76,87.31,71.55,74.81,76.92,91.3,76.87,-14.43,65.74,66.67,70.11,44.78,-25.33,22,1
J08-0324,J. Novillo,j novillo,ZAG,ZAG,0,Zagueiro - Esquerda,Zagueiro - Esquerda,Chile,Brasil B,B,0,2024,2024,2025,2025,1,2025,Deportes Iquique,Paysandu,J. Novillo - Deportes Iquique - Chile,J. Novillo - Paysandu - Brasil B,449,1361,5.0,16.0,0,1,711,900,0,1,0,0,0.6533,-1.3405,-1.994,66.7,17.5,28.0,28.0,0.0,0.0,medida (99 pares),medida (111 pares),26.0,27.0,1.0,0,0,0.0061,0.0,-2.0001,0.3417,-1.6822,única; único,única; único,50,72,0,12.43,7.67,18.0,3.47,-14.53,4.41,3.24,48.0,18.75,-29.25,0.0,0.07,0.0,22.22,22.22,0.0,0.0,23.0,34.03,11.03,0.6,0.26,92.0,24.31,-67.69,9.22,4.89,86.0,3.47,-82.53,30.67,20.5,96.0,9.03,-86.97,0.8,0.53,94.0,60.42,-33.58,0.03,0.04,30.0,43.75,13.75,0.0,0.0,25.0,18.75,-6.25,49.91,30.48,96.0,6.25,-89.75,10.02,6.48,66.0,21.53,-44.47,86.75,84.6,66.0,25.69,-40.31,66.13,62.07,84.0,65.97,-18.03,54.55,71.43,42.0,93.75,51.75,74.19,60.0,68.0,21.53,-46.47,0.0,100.0,4.0,88.19,84.19,33.33,25.0,42.0,39.58,-2.42,0.0,0.0,22.0,22.92,0.92,0.0,0.0,19.0,17.36,-1.64,76.09,63.51,96.0,20.14,-75.86,74.19,56.1,94.0,10.42,-83.58,22,1
J08-0325,L. Villalba,l villalba,ZAG,ZAG,0,Zagueiro - Esquerda,Zagueiro - Esquerda,Argentina A,Brasil A,A,0,2023,2023,2024,2024,1,2024,Argentinos Juniors,Cruzeiro,L. Villalba - Argentinos Juniors - Argentina A,L. Villalba - Cruzeiro - Brasil A,3528,1514,36.0,23.0,0,0,900,900,0,0,0,0,4.0,-0.1052,-4.105,97.6,43.5,29.0,31.0,3.0,0.0,medida (91 pares),medida (113 pares),29.0,29.0,0.0,-1,0,0.0,-0.1426,-4.105,1.4792,-1.5844,única; único,única; único,97,73,0,18.01,12.72,85.05,69.18,-15.87,5.31,5.41,63.4,93.84,30.44,1.12,0.18,95.88,36.3,-59.58,0.26,0.18,84.54,86.99,2.45,0.46,0.36,72.68,44.52,-28.16,17.6,8.44,99.48,76.03,-23.45,42.6,35.85,99.48,74.66,-24.82,0.56,0.54,58.25,58.9,0.65,0.04,0.03,50.0,28.77,-21.23,0.23,0.06,97.94,69.86,-28.08,63.67,51.48,99.48,84.25,-15.23,9.97,8.38,47.94,60.96,13.02,81.97,89.95,43.81,62.33,18.52,59.35,61.21,26.29,51.37,25.08,54.81,56.04,33.51,25.34,-8.17,68.78,71.95,29.38,81.51,52.13,65.91,66.67,66.49,52.74,-13.75,11.11,16.67,14.43,13.01,-1.42,5.556,0.0,47.94,23.97,-23.97,50.0,33.33,79.38,53.42,-25.96,78.26,71.13,96.39,41.78,-54.61,66.93,76.53,75.77,67.81,-7.96,22,1
J08-0326,Reynaldo,reynaldo,ZAG,ZAG,0,Zagueiro - Esquerda,Zagueiro - Esquerda,Brasil A,Brasil B,B,1,2022,2022,2024,2024,2,2024,Goiás,Goiás,Reynaldo - Goiás - Brasil A,Reynaldo - Goiás - Brasil B,3038,400,32.0,6.0,1,0,900,900,1,0,0,0,-1.847,-0.1807,1.666,2.9,41.0,29.0,29.0,0.0,0.0,medida (79 pares),medida (76 pares),25.0,27.0,2.0,0,0,0.0122,0.0,1.6538,-0.0531,-0.1276,única; único,única; único,67,69,0,11.23,12.6,35.82,62.32,26.5,3.47,3.83,21.64,39.13,17.49,0.06,0.0,7.46,1.45,-6.01,0.0,0.0,13.43,18.84,5.41,0.15,0.23,8.96,27.54,18.58,4.59,4.95,3.73,8.7,4.97,15.46,21.15,0.75,20.29,19.54,0.33,0.23,23.13,6.52,-16.61,0.01,0.02,4.48,13.04,8.56,0.0,0.0,25.37,28.99,3.62,24.88,30.15,0.75,11.59,10.84,8.71,8.78,63.43,72.46,9.03,84.64,85.82,20.15,33.33,13.18,62.27,55.36,70.9,11.59,-59.31,62.39,52.94,76.87,18.84,-58.03,64.1,60.87,35.07,13.04,-22.03,100.0,0.0,89.55,4.35,-85.2,40.0,0.0,58.96,5.07,-53.89,0.0,0.0,32.09,20.29,-11.8,50.0,0.0,72.39,23.19,-49.2,54.84,54.55,0.75,4.35,3.6,56.94,60.0,6.72,24.64,17.92,22,1
J08-0327,Joaquim,joaquim,ZAG,ZAG,0,Zagueiro - Direita,Zagueiro - Esquerda,Brasil A,Brasil B,B,1,2023,2023,2024,2024,1,2024,Santos,Santos,Joaquim - Santos - Brasil A,Joaquim - Santos - Brasil B,3104,1189,31.0,12.0,0,0,900,900,0,0,0,0,-0.5307,0.7926,1.323,26.4,84.6,27.0,27.0,0.0,0.0,medida (82 pares),medida (76 pares),24.0,25.0,1.0,0,0,0.0152,0.0,1.3078,-0.0608,0.8534,única; único,única; único,74,69,0,17.25,14.53,95.27,90.58,-4.69,7.19,6.96,99.32,96.38,-2.94,0.81,0.53,87.16,89.13,1.97,0.06,0.3,39.19,94.93,55.74,0.72,0.68,95.27,96.38,1.11,7.45,8.48,54.73,70.29,15.56,19.92,32.7,14.19,76.09,61.9,1.01,0.98,93.92,97.83,3.91,0.07,0.1,78.38,93.48,15.1,0.0,0.0,20.27,28.99,8.72,31.89,46.7,12.84,74.64,61.8,9.34,7.87,84.46,51.45,-33.01,78.82,82.66,2.03,9.42,7.39,69.08,65.63,99.32,81.88,-17.44,66.53,64.13,84.46,57.25,-27.21,74.13,76.79,97.97,92.03,-5.94,75.0,57.14,70.95,35.51,-35.44,40.0,33.33,67.57,52.17,-15.4,4.0,11.111,54.73,52.9,-1.83,33.33,50.0,62.16,73.19,11.03,62.65,58.04,8.78,10.87,2.09,47.62,55.0,0.68,10.87,10.19,22,1
J08-0328,Robert Renan,robert renan,ZAG,ZAG,0,Zagueiro - Esquerda,Zagueiro - Esquerda,Arabia Saudita A,Brasil A,A,0,2025,2025,jun26,2026,1,2026,Al Shabab,Vasco da Gama,Robert Renan - Al Shabab - Arabia Saudita A,Robert Renan - Vasco da Gama - Brasil A,3154,1830,31.0,18.0,0,0,805,426,0,0,1,0,1.1834,0.2417,-0.942,92.6,73.9,22.0,22.0,0.0,0.0,medida (108 pares),referência,21.0,22.0,1.0,0,0,0.0509,0.0,-0.9929,0.5218,-0.2801,única; único,única; único,59,53,0,10.22,9.39,58.47,33.02,-25.45,1.54,2.31,4.24,8.49,4.25,0.97,0.15,98.31,50.94,-47.37,0.14,0.05,94.07,58.49,-35.58,0.23,0.3,36.44,40.57,4.13,7.79,9.15,83.9,83.96,0.06,35.33,35.85,88.98,80.19,-8.79,0.6,0.3,76.27,16.04,-60.23,0.03,0.03,38.14,39.62,1.48,0.14,0.05,93.22,51.89,-41.33,46.8,51.2,83.9,83.96,0.06,7.19,7.33,33.05,55.66,22.61,89.33,87.03,63.56,40.57,-22.99,55.87,61.78,12.71,61.32,48.61,62.96,63.83,90.68,63.21,-27.47,57.56,68.37,5.93,74.53,68.6,64.71,33.33,56.78,37.74,-19.04,12.5,33.33,26.27,61.32,35.05,0.0,16.667,23.73,75.47,51.74,26.47,28.57,53.39,53.77,0.38,79.85,78.49,94.07,91.51,-2.56,76.03,73.81,80.51,65.09,-15.42,22,1
J08-0329,Robert Renan,robert renan,ZAG,ZAG,0,Zagueiro - Esquerda,Zagueiro - Esquerda,Russia,Brasil A,A,0,2024,2024,2025,2025,1,2025,Zenit,Vasco da Gama,Robert Renan - Zenit - Russia,Robert Renan - Vasco da Gama - Brasil A,347,1408,4.0,15.0,0,1,426,900,0,1,0,0,1.176,1.1496,-0.026,86.1,74.2,20.0,22.0,2.0,0.0,medida (74 pares),medida (156 pares),20.0,21.0,1.0,0,0,0.0089,0.0947,-0.0349,0.5193,0.6303,única; único,única; único,55,74,0,12.71,11.19,20.0,57.43,37.43,2.85,3.39,7.27,34.46,27.19,1.04,0.32,94.55,72.3,-22.25,0.26,0.0,71.82,29.05,-42.77,0.26,0.38,29.09,41.89,12.8,11.15,10.16,96.36,92.57,-3.79,57.58,44.49,100.0,92.57,-7.43,0.26,0.26,17.27,3.38,-13.89,0.0,0.03,3.64,23.65,20.01,0.0,0.06,22.73,61.49,38.76,72.62,57.78,98.18,91.22,-6.96,6.22,7.8,3.64,65.54,61.9,91.79,88.38,100.0,41.22,-58.78,57.14,58.29,25.45,31.76,6.31,45.45,69.81,10.91,89.86,78.95,72.22,65.22,69.09,49.32,-19.77,50.0,40.0,43.64,22.3,-21.34,0.0,16.67,12.73,17.57,4.84,0.0,0.0,34.55,25.0,-9.55,100.0,28.57,96.36,58.11,-38.25,88.37,75.47,100.0,81.76,-18.24,71.79,71.09,63.64,42.57,-21.07,22,1
J08-0330,F. Torres,f torres,ZAG,ZAG,0,Zagueiro - Direita,Zagueiro - Direita,Mexico,Brasil A,A,0,2023,2023,2024,2024,1,2024,Santos Laguna,Corinthians,F. Torres - Santos Laguna - Mexico,F. Torres - Corinthians - Brasil A,3173,1977,35.0,22.0,0,0,900,900,0,0,0,0,0.5982,-1.013,-1.611,74.2,14.9,26.0,29.0,3.0,0.0,medida (77 pares),medida (113 pares),26.0,27.0,1.0,0,0,0.0061,-0.1177,-1.6171,0.3229,-1.3359,única; único,única; único,59,73,0,14.69,11.97,60.17,56.85,-3.32,5.96,3.82,97.46,47.26,-50.2,0.31,0.36,44.07,61.64,17.57,0.06,0.05,28.81,56.16,27.35,0.51,0.14,67.8,7.53,-60.27,8.57,6.19,75.42,29.45,-45.97,17.5,23.99,2.54,23.97,21.43,0.68,0.46,71.19,36.3,-34.89,0.08,0.01,88.14,4.11,-84.03,0.03,0.05,38.98,62.33,23.35,31.37,39.06,11.02,41.78,30.76,10.27,8.06,78.81,52.74,-26.07,78.3,87.76,2.54,37.67,35.13,64.09,57.79,85.59,22.6,-62.99,59.52,54.76,77.12,21.23,-55.89,73.06,66.04,70.34,28.08,-42.26,54.55,75.0,33.05,61.64,28.59,38.89,33.33,61.86,48.63,-13.23,33.333,0.0,97.46,23.97,-73.49,42.86,33.33,66.1,53.42,-12.68,70.2,68.38,29.66,32.19,2.53,59.47,68.89,12.71,26.71,14.0,22,1
J08-0331,L. Segovia,l segovia,ZAG,ZAG,0,Zagueiro - Esquerda,Zagueiro - Esquerda,Belgica A,Brasil B,B,0,2023,2023,2024,2024,1,2024,RWD Molenbeek,CRB,L. Segovia - RWD Molenbeek - Belgica A,L. Segovia - CRB - Brasil B,1125,1229,12.0,13.0,0,0,379,900,0,0,0,0,0.4899,0.9907,0.501,65.2,92.3,26.0,28.0,2.0,0.0,medida (40 pares),medida (76 pares),25.0,26.0,1.0,0,0,0.0061,-0.0653,0.4949,0.2861,0.7046,única; único,única; único,53,69,0,13.36,11.13,41.51,50.0,8.49,4.56,4.83,72.64,73.91,1.27,0.24,0.29,22.64,62.32,39.68,0.08,0.15,39.62,89.13,49.51,0.16,0.44,27.36,67.39,40.03,10.08,8.35,82.08,67.39,-14.69,33.28,24.9,64.15,39.86,-24.29,0.32,0.51,21.7,65.22,43.52,0.03,0.07,40.57,76.09,35.52,0.0,0.0,28.3,28.99,0.69,48.4,39.18,65.09,44.2,-20.89,12.24,6.37,87.74,12.32,-75.42,86.94,85.79,53.77,32.61,-21.16,57.49,55.26,25.47,10.87,-14.6,54.39,53.03,38.68,19.57,-19.11,67.95,67.35,57.55,47.83,-9.72,33.33,50.0,10.38,26.09,15.71,50.0,33.33,72.64,52.17,-20.47,50.0,16.667,97.17,71.01,-26.16,0.0,50.0,24.53,73.19,48.66,75.4,75.44,80.19,75.36,-4.83,72.62,68.81,65.09,60.14,-4.95,22,1
J08-0332,M. Gamarra,m gamarra,ZAG,ZAG,0,Zagueiro - Esquerda,Zagueiro - Esquerda,Paraguai,Brasil A,A,0,2023,2023,2024,2024,1,2024,Olimpia,Athletico Paranaense,M. Gamarra - Olimpia - Paraguai,M. Gamarra - Athletico Paranaense - Brasil A,3343,1671,34.0,19.0,0,0,900,900,0,0,0,0,2.247,2.4479,0.201,92.0,95.7,23.0,25.0,3.0,0.0,medida (48 pares),medida (113 pares),23.0,23.0,0.0,-1,0,0.0,0.1012,0.201,0.8834,1.5645,única; único,única; único,49,73,0,19.39,13.73,84.69,78.77,-5.92,6.86,4.85,68.37,81.51,13.14,0.58,0.11,65.31,19.18,-46.13,0.08,0.05,48.98,56.16,7.18,0.75,0.97,95.92,99.32,3.4,10.93,9.59,92.86,88.36,-4.5,38.95,27.68,96.94,48.63,-48.31,0.86,0.75,94.9,88.36,-6.54,0.07,0.09,79.59,88.36,8.77,0.06,0.0,59.18,18.49,-40.69,57.21,41.42,96.94,51.37,-45.57,9.9,9.48,61.22,87.67,26.45,87.04,85.44,84.69,15.75,-68.94,63.2,59.61,76.53,43.15,-33.38,62.1,58.89,80.61,43.15,-37.46,74.32,67.27,76.53,43.15,-33.38,57.14,100.0,40.82,89.73,48.91,22.22,33.33,33.67,48.63,14.96,3.704,0.0,60.2,23.97,-36.23,33.33,33.33,44.9,53.42,8.52,73.16,74.72,78.57,67.81,-10.76,65.44,70.59,54.08,37.67,-16.41,22,1
J08-0333,J. Aguirre,j aguirre,ZAG,ZAG,0,Zagueiro - Esquerda,Zagueiro - Direita,Colombia A,Brasil B,B,0,2024,2024,2025,2025,1,2025,Atlético Nacional,Athletico Paranaense,J. Aguirre - Atlético Nacional - Colombia A,J. Aguirre - Athletico Paranaense - Brasil B,489,1310,5.0,16.0,0,1,237,900,0,0,0,0,0.5868,0.7658,0.179,73.2,76.0,27.0,29.0,2.0,0.0,medida (69 pares),medida (111 pares),27.0,28.0,1.0,0,0,-0.0776,-0.1048,0.2566,0.3191,0.4467,única; homônimo resolvido pelo clube,única; único,64,72,0,9.02,11.61,10.16,66.67,56.51,3.31,5.36,32.03,87.5,55.47,0.0,0.07,7.81,22.22,14.41,0.0,0.0,34.38,34.03,-0.35,0.18,0.27,26.56,29.86,3.3,6.63,5.43,39.84,13.19,-26.65,30.55,24.11,88.28,27.08,-61.2,0.18,0.55,17.19,63.89,46.7,0.03,0.05,43.75,59.72,15.97,0.18,0.0,89.84,18.75,-71.09,40.49,35.59,74.22,24.31,-49.91,8.65,7.42,63.28,43.75,-19.53,91.82,89.96,99.22,88.19,-11.03,38.78,56.21,0.78,14.58,13.8,44.44,48.72,10.16,7.64,-2.52,45.0,71.93,0.78,85.42,84.64,0.0,100.0,17.19,88.19,71.0,100.0,50.0,96.09,84.72,-11.37,100.0,0.0,99.22,22.92,-76.3,0.0,100.0,28.91,94.44,65.53,77.78,63.29,85.16,17.36,-67.8,77.27,75.68,89.84,89.58,-0.26,22,1
J08-0334,J. Aguirre,j aguirre,ZAG,ZAG,0,Zagueiro - Direita,Zagueiro - Direita,Brasil B,Brasil A,A,1,2025,2025,jun26,2026,1,2026,Athletico Paranaense,Athletico Paranaense,J. Aguirre - Athletico Paranaense - Brasil B,J. Aguirre - Athletico Paranaense - Brasil A,1310,1312,16.0,14.0,0,0,900,426,0,0,1,0,0.7658,0.0,-0.766,76.0,51.6,29.0,29.0,0.0,0.0,medida (111 pares),referência,28.0,29.0,1.0,0,0,-0.0776,0.0,-0.6884,0.3799,-0.3799,única; único,única; único,72,53,0,11.61,10.36,66.67,61.32,-5.35,5.36,3.91,87.5,76.42,-11.08,0.07,0.14,22.22,46.23,24.01,0.0,0.0,34.03,28.3,-5.73,0.27,0.55,29.86,68.87,39.01,5.43,3.84,13.19,4.72,-8.47,24.11,24.56,27.08,27.36,0.28,0.55,0.75,63.89,77.36,13.47,0.05,0.06,59.72,72.64,12.92,0.0,0.0,18.75,25.47,6.72,35.59,34.78,24.31,25.47,1.16,7.42,7.48,43.75,61.32,17.57,89.96,94.28,88.19,99.06,10.87,56.21,58.94,14.58,33.02,18.44,48.72,61.4,7.64,51.89,44.25,71.93,60.27,85.42,34.91,-50.51,100.0,0.0,88.19,14.15,-74.04,50.0,50.0,84.72,82.08,-2.64,0.0,12.5,22.92,68.87,45.95,100.0,0.0,94.44,23.58,-70.86,63.29,71.43,17.36,60.38,43.02,75.68,87.5,89.58,94.34,4.76,22,1
J08-0335,P. Vegetti,p vegetti,ATA,ATA,0,Atacante,Atacante,Argentina A,Brasil A,A,0,2023,2023,2024,2024,1,2024,Belgrano,Vasco da Gama,P. Vegetti - Belgrano - Argentina A,P. Vegetti - Vasco da Gama - Brasil A,2579,3347,27.0,35.0,0,0,900,900,0,0,0,0,0.8573,1.0933,0.236,84.8,81.2,34.0,37.0,3.0,0.0,medida (91 pares),medida (113 pares),34.0,35.0,1.0,0,0,-0.2795,-0.8565,0.5155,0.4829,0.6104,única; único,única; único,66,49,0,28.48,22.45,64.39,76.53,12.14,9.07,9.71,79.55,96.94,17.39,1.64,0.91,29.55,14.29,-15.26,0.14,0.08,23.48,19.39,-4.09,2.55,2.39,84.09,82.65,-1.44,1.08,0.91,11.36,3.06,-8.3,8.55,7.34,18.94,5.1,-13.84,3.28,3.23,65.91,64.29,-1.62,0.44,0.38,81.82,72.45,-9.37,0.17,0.16,17.42,21.43,4.01,14.17,11.8,18.94,5.1,-13.84,2.79,2.85,14.39,26.53,12.14,67.24,71.75,14.39,11.22,-3.17,37.87,37.25,71.97,60.2,-11.77,46.15,40.72,93.18,76.53,-16.65,49.37,59.15,14.39,76.53,62.14,57.45,41.18,90.15,21.43,-68.72,39.73,37.08,38.64,31.63,-7.01,17.808,13.483,70.45,43.88,-26.57,28.13,17.65,53.79,18.37,-35.42,58.06,67.65,14.39,41.84,27.45,48.39,58.97,8.33,13.27,4.94,22,1
J08-0336,I. Machuca,i machuca,ATA,ATA,0,Atacante,Atacante,Argentina A,Brasil A,A,0,2023,2023,2024,2024,1,2024,Unión Santa Fe,Fortaleza,I. Machuca - Unión Santa Fe - Argentina A,I. Machuca - Fortaleza - Brasil A,1984,523,22.0,15.0,1,0,900,900,1,0,0,0,-1.7339,-0.3609,1.373,6.1,36.2,23.0,26.0,3.0,0.0,medida (91 pares),medida (113 pares),23.0,24.0,1.0,0,0,-0.017,0.0595,1.39,-0.253,-0.1079,única; único,única; único,66,49,0,28.53,22.89,65.91,81.63,15.72,1.59,1.72,2.27,6.12,3.85,8.62,6.02,99.24,100.0,0.76,2.18,1.72,97.73,100.0,2.27,1.32,0.86,13.64,0.0,-13.64,3.18,3.61,91.67,87.76,-3.91,10.21,18.24,32.58,83.67,51.09,1.91,1.72,3.79,4.08,0.29,0.14,0.09,6.06,0.0,-6.06,0.36,0.69,62.12,97.96,35.84,21.14,27.88,73.48,85.71,12.23,4.35,4.3,64.39,73.47,9.08,71.46,73.46,43.18,28.57,-14.61,45.63,48.87,99.24,100.0,0.76,14.29,20.0,2.27,6.12,3.85,61.54,66.67,82.58,93.88,11.3,65.79,74.29,97.73,97.96,0.23,41.38,60.0,53.79,97.96,44.17,13.793,20.0,46.21,82.65,36.44,40.35,40.0,87.12,84.69,-2.43,77.14,76.19,76.52,71.43,-5.09,64.29,77.78,67.42,81.63,14.21,22,1
J08-0337,F. Avenatti,f avenatti,ATA,ATA,0,Atacante,Atacante,Uruguai,Brasil B,B,0,2025,2025,jun26,2026,1,2026,Boston River,Avaí,F. Avenatti - Boston River - Uruguai,F. Avenatti - Avaí - Brasil B,1262,381,21.0,8.0,1,0,900,284,0,0,1,0,1.7286,-1.1132,-2.842,86.2,18.2,33.0,33.0,0.0,0.0,medida (89 pares),referência,32.0,33.0,1.0,0,0,-0.3218,0.0,-2.5202,0.7303,-1.8435,única; único,única; único,43,33,0,21.54,13.7,38.37,16.67,-21.7,8.13,4.02,75.58,46.97,-28.61,0.57,0.0,3.49,1.52,-1.97,0.14,0.0,60.47,30.3,-30.17,1.43,1.18,9.3,18.18,8.88,3.28,0.71,82.56,28.79,-53.77,15.26,11.1,76.74,68.18,-8.56,2.28,2.6,5.81,48.48,42.67,0.29,0.22,50.0,19.7,-30.3,0.43,0.0,70.93,13.64,-57.29,27.39,14.65,87.21,56.06,-31.15,4.21,2.83,61.63,56.06,-5.57,68.75,69.35,43.02,10.61,-32.41,44.7,36.21,96.51,42.42,-54.09,56.14,41.18,98.84,80.3,-18.54,71.43,85.71,96.51,98.48,1.97,62.5,0.0,96.51,7.58,-88.93,35.0,40.0,19.77,42.42,22.65,25.0,20.0,89.53,63.64,-25.89,0.0,0.0,5.81,16.67,10.86,56.52,66.67,22.09,48.48,26.39,67.8,33.33,80.23,9.09,-71.14,22,1
J08-0338,Lelê,lele,ATA,ATA,0,Atacante,Atacante,Brasil A,Brasil B,B,1,2023,2023,2025,2025,2,2025,Fluminense,Atlético GO,Lelê - Fluminense - Brasil A,Lelê - Atlético GO - Brasil B,1351,1559,29.0,17.0,0,0,900,900,0,0,0,0,-0.5811,0.052,0.633,31.9,53.7,28.0,28.0,0.0,0.0,medida (82 pares),medida (111 pares),25.0,27.0,2.0,0,0,-0.129,0.0,0.762,0.2605,-0.2085,única; único,única; único,41,44,0,22.65,15.41,69.51,17.05,-52.46,6.93,5.54,81.71,46.59,-35.12,3.13,1.15,64.63,35.23,-29.4,0.87,0.12,74.39,55.68,-18.71,2.6,2.94,84.15,94.32,10.17,1.4,1.21,40.24,46.59,6.35,9.39,10.62,30.49,67.05,36.56,3.86,3.46,79.27,76.14,-3.13,0.41,0.31,69.51,51.14,-18.37,0.4,0.06,63.41,7.95,-55.46,12.06,13.45,10.98,46.59,35.61,5.13,1.96,96.34,14.77,-81.57,76.24,77.25,47.56,73.86,26.3,34.71,37.45,28.05,60.23,32.18,34.62,40.63,57.32,87.5,30.18,59.15,56.25,84.15,60.23,-23.92,29.79,60.0,3.66,85.23,81.57,38.46,41.18,31.71,52.27,20.56,5.128,11.765,3.66,39.77,36.11,23.08,14.29,34.15,29.55,-4.6,57.14,61.9,10.98,30.68,19.7,100.0,66.67,98.78,69.32,-29.46,22,1
J08-0339,Alef Manga,alef manga,ATA,ATA,0,Atacante,Atacante,Brasil B,Brasil A,A,1,2025,2025,jun26,2026,1,2026,Avaí,Remo,Alef Manga - Avaí - Brasil B,Alef Manga - Remo - Brasil A,1096,1465,23.0,18.0,0,0,900,426,0,0,1,0,3.369,-1.2828,-4.652,97.0,9.1,31.0,31.0,0.0,0.0,medida (111 pares),referência,30.0,31.0,1.0,0,0,-0.0849,0.0,-4.5671,1.1962,-2.479,única; único,única; único,44,33,0,14.53,16.53,12.5,50.0,37.5,2.63,2.58,5.68,25.76,20.08,2.3,2.4,80.68,80.3,-0.38,0.16,0.49,69.32,95.45,26.13,2.79,2.15,88.64,65.15,-23.49,2.3,2.15,85.23,74.24,-10.99,14.12,13.21,89.77,62.12,-27.65,3.78,2.46,80.68,25.76,-54.92,0.38,0.25,80.68,27.27,-53.41,0.41,0.8,81.82,95.45,13.63,18.56,20.4,87.5,77.27,-10.23,4.6,3.87,92.05,83.33,-8.72,76.55,79.52,67.05,74.24,7.19,42.37,42.38,80.68,84.85,4.17,28.13,38.1,26.14,62.12,35.98,58.7,57.14,76.14,77.27,1.13,67.86,61.54,94.32,89.39,-4.93,41.18,34.29,52.27,22.73,-29.54,8.824,11.429,19.32,31.82,12.5,35.71,36.36,87.5,87.88,0.38,71.43,80.0,63.64,74.24,10.6,78.95,68.18,86.36,50.0,-36.36,22,1
J08-0340,Vinicius Mingotti,vinicius mingotti,ATA,ATA,0,Atacante,Atacante,Brasil A,Brasil B,B,1,2023,2023,2024,2024,1,2024,Bahia,Operário PR,Vinicius Mingotti - Bahia - Brasil A,Vinicius Mingotti - Operário PR - Brasil B,768,545,17.0,10.0,1,1,900,900,1,1,0,0,-1.5009,-0.2417,1.259,8.7,43.2,26.0,26.0,0.0,0.0,medida (82 pares),medida (76 pares),23.0,24.0,1.0,0,0,-0.017,0.0,1.276,-0.1869,-0.0548,única; único,única; único,41,45,0,14.65,14.53,7.32,6.67,-0.65,5.16,4.13,67.07,37.78,-29.29,0.23,0.33,0.0,0.0,0.0,0.35,0.0,51.22,11.11,-40.11,1.17,1.65,2.44,31.11,28.67,0.47,0.83,0.0,8.89,8.89,5.04,9.08,2.44,36.67,34.23,2.93,2.64,34.15,51.11,16.96,0.19,0.38,9.76,83.33,73.57,0.12,0.17,0.0,35.56,35.56,9.14,13.54,0.0,35.56,35.56,2.7,3.96,31.71,68.89,37.18,76.92,84.15,53.66,91.11,37.45,33.6,46.59,17.07,100.0,82.93,18.18,48.0,2.44,100.0,97.56,51.85,93.33,60.98,100.0,39.02,50.0,100.0,58.54,100.0,41.46,60.0,30.0,100.0,22.22,-77.78,20.0,20.0,78.05,84.44,6.39,50.0,25.0,91.46,37.78,-53.68,50.0,40.0,3.66,0.0,-3.66,40.0,100.0,0.0,100.0,100.0,22,1
J08-0341,Julio Furch,julio furch,ATA,ATA,0,Atacante,Atacante,Brasil A,Brasil B,B,1,2023,2023,2024,2024,1,2024,Santos,Santos,Julio Furch - Santos - Brasil A,Julio Furch - Santos - Brasil B,760,1314,22.0,28.0,0,1,900,900,0,1,0,0,0.7335,0.4607,-0.273,73.9,63.0,36.0,36.0,0.0,0.0,medida (82 pares),medida (76 pares),33.0,34.0,1.0,0,0,-0.2795,0.0,0.0065,0.4477,0.013,única; único,única; único,41,45,0,22.26,25.07,65.85,90.0,24.15,7.46,10.14,82.93,96.67,13.74,0.83,0.68,9.76,12.22,2.46,0.12,0.0,17.07,11.11,-5.96,2.37,1.64,67.07,27.78,-39.29,1.78,1.37,56.1,43.33,-12.77,13.5,12.05,60.98,52.22,-8.76,5.09,3.22,97.56,76.67,-20.89,0.51,0.32,96.34,62.22,-34.12,0.36,0.55,58.54,92.22,33.68,20.96,17.47,70.73,58.89,-11.84,4.38,3.56,87.8,63.33,-24.47,72.88,80.0,12.2,70.0,57.8,38.3,35.52,60.98,45.56,-15.42,38.1,41.22,65.85,87.78,21.93,73.91,54.76,97.56,61.11,-36.45,42.86,30.0,15.85,3.33,-12.52,50.0,41.67,79.27,66.67,-12.6,15.0,12.5,51.22,48.89,-2.33,22.22,0.0,30.49,4.44,-26.05,66.67,60.0,32.93,15.56,-17.37,80.0,77.27,84.15,85.56,1.41,22,1
J08-0342,Lucca,lucca,ATA,ATA,0,Atacante,Atacante,Brasil B,Brasil C,C,1,2025,2025,jun26,2026,1,2026,Grêmio Novorizontino,Guarani,Lucca - Grêmio Novorizontino - Brasil B,Lucca - Guarani - Brasil C,577,309,18.0,6.0,1,1,900,213,0,1,1,0,0.0,-0.0025,-0.003,50.7,50.0,36.0,36.0,0.0,0.0,medida (111 pares),referência,35.0,36.0,1.0,0,0,-0.6627,0.0,0.6597,0.2394,-0.2419,única; único,única; único,44,44,0,12.17,12.23,4.55,5.68,1.13,3.43,4.37,15.91,29.55,13.64,0.31,0.87,0.0,29.55,29.55,0.0,0.0,11.36,28.41,17.05,1.72,1.75,29.55,42.05,12.5,1.4,1.46,59.09,51.14,-7.95,10.61,11.65,65.91,62.5,-3.41,2.34,2.91,11.36,68.18,56.82,0.41,0.21,90.91,36.36,-54.55,0.16,0.58,31.82,80.68,48.86,13.1,16.31,45.45,60.23,14.78,2.34,3.5,17.05,57.95,40.9,77.38,76.79,75.0,60.23,-14.77,30.77,52.38,14.77,98.86,84.09,22.73,46.67,13.64,94.32,80.68,35.71,71.43,0.0,92.05,92.05,50.0,66.67,44.32,86.36,42.04,45.45,0.0,79.55,2.27,-77.28,18.182,0.0,70.45,12.5,-57.95,28.57,25.0,65.91,54.55,-11.36,77.78,100.0,90.91,93.18,2.27,70.0,75.0,72.73,76.14,3.41,22,1
J08-0343,Renato Marques,renato marques,ATA,ATA,0,Atacante,Atacante,Brasil A,Brasil B,B,1,2023,2023,2024,2024,1,2024,América Mineiro,América Mineiro,Renato Marques - América Mineiro - Brasil A,Renato Marques - América Mineiro - Brasil B,593,1423,12.0,27.0,0,1,900,900,0,1,0,0,-0.8744,1.8852,2.76,18.8,87.7,22.0,22.0,0.0,0.0,medida (82 pares),medida (76 pares),19.0,20.0,1.0,0,0,0.2833,0.0,2.4767,-0.0089,1.8941,única; único,única; único,41,45,0,17.0,16.25,29.27,25.56,-3.71,3.79,5.38,37.8,48.89,11.09,2.12,1.64,51.22,54.44,3.22,0.15,0.19,23.17,56.67,33.5,1.97,2.85,28.05,94.44,66.39,2.58,1.08,70.73,21.11,-49.62,13.05,13.6,56.1,65.56,9.46,1.52,3.48,2.44,90.0,87.56,0.18,0.28,7.32,48.89,41.57,0.15,0.13,6.1,25.56,19.46,16.24,16.19,48.78,50.0,1.22,3.04,2.59,39.02,32.22,-6.8,62.62,72.27,0.0,16.67,16.67,36.61,33.85,48.78,38.89,-9.89,36.0,42.35,60.98,90.0,29.02,57.89,50.0,80.49,35.56,-44.93,57.14,30.77,80.49,6.67,-73.82,46.15,28.89,68.29,21.11,-47.18,23.077,8.889,90.24,27.78,-62.46,0.0,27.27,3.66,47.78,44.12,52.94,76.47,6.1,53.33,47.23,31.25,48.0,0.0,14.44,14.44,22,1
J08-0344,Ronaldo,ronaldo,ATA,ATA,0,Atacante,Atacante,Brasil B,Brasil C,C,1,2025,2025,jun26,2026,1,2026,Ferroviária,Amazonas,Ronaldo - Ferroviária - Brasil B,Ronaldo - Amazonas - Brasil C,559,267,20.0,6.0,1,1,900,213,0,1,1,0,0.0743,0.1678,0.093,55.2,59.1,35.0,35.0,0.0,0.0,medida (111 pares),referência,34.0,35.0,1.0,0,0,-0.2795,0.0,0.3725,0.2605,-0.0927,única; único,única; único,44,44,0,23.67,24.27,95.45,80.68,-14.77,10.63,8.09,97.73,78.41,-19.32,0.48,0.34,2.27,12.5,10.23,0.16,0.0,69.32,28.41,-40.91,1.93,1.69,50.0,39.77,-10.23,2.09,0.67,81.82,18.18,-63.64,11.11,6.07,72.73,19.32,-53.41,4.03,2.7,93.18,56.82,-36.36,0.24,0.17,21.59,30.68,9.09,0.32,0.34,70.45,64.77,-5.68,16.91,12.47,76.14,39.77,-36.37,3.86,4.38,72.73,76.14,3.41,76.19,67.57,65.91,17.05,-48.86,38.78,31.94,70.45,32.95,-37.5,40.91,29.17,88.64,57.95,-30.69,60.0,50.0,79.55,46.59,-32.96,66.67,0.0,93.18,4.55,-88.63,33.33,40.0,18.18,44.32,26.14,8.333,40.0,18.18,95.45,77.27,50.0,100.0,98.86,94.32,-4.54,53.85,50.0,11.36,27.27,15.91,80.0,33.33,88.64,12.5,-76.14,22,1
J08-0345,Derek,derek,ATA,ATA,0,Atacante,Atacante,Brasil B,Brasil A,A,1,2023,2023,2024,2024,1,2024,Guarani,Atlético GO,Derek - Guarani - Brasil B,Derek - Atlético GO - Brasil A,2252,1128,34.0,25.0,0,0,900,900,0,0,0,0,0.6889,-0.2113,-0.9,79.6,46.4,25.0,28.0,2.0,0.0,medida (60 pares),medida (113 pares),24.0,26.0,2.0,1,0,-0.0815,-0.2557,-0.8185,0.435,-0.6463,única; único,única; único,49,49,0,23.22,25.85,60.2,92.86,32.66,5.91,7.1,54.08,79.59,25.51,3.24,2.55,80.61,73.47,-7.14,0.6,0.32,90.82,79.59,-11.23,2.2,2.07,78.57,59.18,-19.39,0.76,1.12,7.14,11.22,4.08,6.35,6.38,9.18,3.06,-6.12,3.28,3.03,87.76,54.08,-33.68,0.28,0.34,54.08,68.37,14.29,0.12,0.24,11.22,37.76,26.54,10.03,11.25,5.1,3.06,-2.04,3.96,4.71,66.33,87.76,21.43,76.89,82.27,56.12,84.69,28.57,34.42,32.41,32.65,15.31,-17.34,27.7,21.35,29.59,7.14,-22.45,47.52,52.94,37.76,43.88,6.12,46.91,50.0,50.0,54.08,4.08,45.45,34.62,76.53,19.39,-57.14,18.182,11.538,75.51,35.71,-39.8,15.79,22.22,21.43,38.78,17.35,63.16,71.43,21.43,59.18,37.75,56.25,90.91,16.33,94.9,78.57,22,1
J08-0346,Derek,derek,ATA,ATA,0,Atacante,Atacante,Brasil A,Brasil B,B,1,2024,2024,jun26,2026,2,2026,Atlético GO,Náutico,Derek - Atlético GO - Brasil A,Derek - Náutico - Brasil B,1128,484,25.0,8.0,1,0,900,284,0,0,1,0,-0.2113,-0.1798,0.032,46.4,39.4,28.0,28.0,0.0,0.0,medida (113 pares),referência,26.0,28.0,2.0,0,0,-0.3219,0.0,0.3539,0.2903,-0.4701,única; único,única; único,49,33,0,25.85,19.15,92.86,68.18,-24.68,7.1,4.46,79.59,56.06,-23.53,2.55,2.42,73.47,80.3,6.83,0.32,0.37,79.59,83.33,3.74,2.07,2.79,59.18,89.39,30.21,1.12,0.0,11.22,1.52,-9.7,6.38,8.37,3.06,43.94,40.88,3.03,5.39,54.08,98.48,44.4,0.34,0.43,68.37,75.76,7.39,0.24,0.37,37.76,68.18,30.42,11.25,11.71,3.06,37.88,34.82,4.71,6.32,87.76,95.45,7.69,82.27,79.37,84.69,83.33,-1.36,32.41,35.92,15.31,37.88,22.57,21.35,33.33,7.14,53.03,45.89,52.94,71.43,43.88,93.94,50.06,50.0,53.85,54.08,74.24,20.16,34.62,6.67,19.39,4.55,-14.84,11.538,6.667,35.71,13.64,-22.07,22.22,33.33,38.78,60.61,21.83,71.43,0.0,59.18,1.52,-57.66,90.91,100.0,94.9,95.45,0.55,22,1
J08-0347,Eliel,eliel,ATA,ATA,0,Atacante,Atacante,Brasil B,Brasil C,C,1,2023,2023,2025,2025,2,2025,Ponte Preta,Londrina,Eliel - Ponte Preta - Brasil B,Eliel - Londrina - Brasil C,2185,749,31.0,14.0,1,0,900,616,0,0,0,0,-0.1736,-0.6732,-0.5,49.0,26.8,20.0,23.0,2.0,0.0,medida (60 pares),medida (70 pares),19.0,22.0,3.0,1,0,0.7685,1.0519,-1.2685,0.2934,-0.9666,única; único,única; único,49,28,0,19.48,12.02,33.67,5.36,-28.31,5.73,4.09,50.0,19.64,-30.36,2.55,0.84,62.24,33.93,-28.31,0.62,0.24,93.88,78.57,-15.31,1.32,1.92,11.22,58.93,47.71,1.15,1.32,25.51,51.79,26.28,6.22,8.65,5.1,33.93,28.83,2.27,2.16,23.47,23.21,-0.26,0.22,0.23,29.59,23.21,-6.38,0.16,0.0,23.47,5.36,-18.11,9.47,10.81,3.06,12.5,9.44,3.42,3.0,50.0,51.79,1.79,75.22,73.33,41.84,44.64,2.8,32.35,46.0,17.35,98.21,80.86,21.58,44.12,11.22,91.07,79.85,53.41,64.71,64.29,98.21,33.92,54.84,71.43,67.35,94.64,27.29,37.5,31.25,33.67,26.79,-6.88,12.5,12.5,39.8,58.93,19.13,26.92,12.5,43.88,39.29,-4.59,71.43,90.91,41.84,92.86,51.02,80.0,87.5,90.82,94.64,3.82,22,1
J08-0348,Salatiel,salatiel,ATA,ATA,0,Atacante,Atacante,Brasil B,Brasil C,C,1,2024,2024,jun26,2026,2,2026,Ituano,Caxias,Salatiel - Ituano - Brasil B,Salatiel - Caxias - Brasil C,981,695,20.0,7.0,1,0,900,213,0,0,1,0,-0.1256,-2.2849,-2.159,46.9,2.3,33.0,33.0,0.0,0.0,medida (76 pares),referência,31.0,33.0,2.0,0,0,-0.6436,0.0,-1.5154,0.2973,-2.5822,única; único,única; único,45,44,0,22.84,21.76,78.89,67.05,-11.84,5.87,5.96,61.11,53.41,-7.7,1.74,1.29,56.67,48.86,-7.81,0.37,0.13,86.67,60.23,-26.44,1.28,1.55,6.67,28.41,21.74,1.38,1.29,45.56,39.77,-5.79,7.8,11.78,25.56,64.77,39.21,3.03,3.37,68.89,82.95,14.06,0.24,0.34,34.44,78.41,43.97,0.46,0.65,81.11,87.5,6.39,14.04,18.78,36.67,69.32,32.65,4.13,2.85,72.22,30.68,-41.54,77.78,73.79,50.0,42.05,-7.95,32.93,35.12,31.11,51.14,20.03,25.0,28.26,25.56,53.41,27.85,50.0,78.95,35.56,96.59,61.03,47.37,60.0,56.67,79.55,22.88,21.43,58.33,5.56,85.23,79.67,14.286,25.0,63.33,78.41,15.08,37.5,20.0,72.22,48.86,-23.36,80.0,50.0,74.44,27.27,-47.17,84.62,60.0,96.67,47.73,-48.94,22,1
J08-0349,Jeh,jeh,ATA,ATA,0,Atacante,Atacante,Brasil B,Brasil C,C,1,2024,2024,2025,2025,1,2025,Ponte Preta,Ponte Preta,Jeh - Ponte Preta - Brasil B,Jeh - Ponte Preta - Brasil C,1638,1322,18.0,17.0,0,0,900,616,0,0,0,0,3.021,-0.6745,-3.696,98.8,25.4,26.0,26.0,0.0,0.0,medida (76 pares),medida (70 pares),24.0,25.0,1.0,0,0,-0.017,0.0,-3.679,1.0974,-1.7719,única; único,única; único,45,28,0,31.48,30.84,96.67,98.21,1.54,7.97,9.6,87.78,73.21,-14.57,3.63,4.02,90.0,98.21,8.21,0.27,0.14,66.67,48.21,-18.46,3.3,3.13,98.89,98.21,-0.68,0.88,0.68,12.22,19.64,7.42,7.03,8.78,12.22,41.07,28.85,4.34,4.15,98.89,91.07,-7.82,0.39,0.24,85.56,37.5,-48.06,0.49,0.07,85.56,23.21,-62.35,13.24,12.59,32.22,41.07,8.85,2.47,3.2,25.56,55.36,29.8,72.61,69.19,20.0,26.79,6.79,30.72,35.98,18.89,62.5,43.61,24.14,36.17,18.89,62.5,43.61,40.63,51.43,5.56,62.5,56.94,51.52,59.32,67.78,87.5,19.72,41.67,36.96,66.67,41.07,-25.6,11.667,4.348,38.89,8.93,-29.96,30.77,15.0,58.89,44.64,-14.25,81.25,60.0,78.89,32.14,-46.75,44.44,66.67,3.33,51.79,48.46,22,1
J08-0350,Vinícius Alves,vinicius alves,ATA,ATA,0,Atacante,Atacante,Brasil B,Brasil C,C,1,2023,2023,2024,2024,1,2024,Sampaio Corrêa,Ferroviário,Vinícius Alves - Sampaio Corrêa - Brasil B,Vinícius Alves - Ferroviário - Brasil C,1336,904,23.0,14.0,0,0,900,592,0,0,0,0,0.2038,-1.4459,-1.65,59.2,3.2,24.0,26.0,2.0,0.0,medida (60 pares),medida (53 pares),23.0,24.0,1.0,0,0,-0.017,0.0016,-1.633,0.2973,-1.7432,única; único,única; único,49,36,0,24.93,25.98,80.61,90.28,9.67,5.32,8.66,43.88,79.17,35.29,3.1,3.48,78.57,93.06,14.49,0.4,0.2,66.33,76.39,10.06,2.02,1.29,72.45,6.94,-65.51,1.28,2.59,34.69,84.72,50.03,12.53,10.65,63.27,59.72,-3.55,2.36,1.69,31.63,6.94,-24.69,0.31,0.16,72.45,9.72,-62.73,0.13,0.2,13.27,41.67,28.4,15.97,17.62,43.88,70.83,26.95,7.54,5.67,96.94,90.28,-6.66,85.23,77.4,91.84,59.72,-32.12,38.11,34.87,66.33,37.5,-28.83,16.46,26.44,1.02,29.17,28.15,58.82,52.17,88.78,37.5,-51.28,43.48,51.43,39.8,62.5,22.7,30.0,46.15,15.31,62.5,47.19,3.333,7.692,5.1,12.5,7.4,40.0,40.0,74.49,81.94,7.45,78.95,65.38,65.31,37.5,-27.81,85.0,66.67,96.94,61.11,-35.83,22,1
J08-0351,Paulo Sérgio,paulo sergio,ATA,ATA,0,Atacante,Atacante,Brasil B,Brasil C,C,1,2023,2023,2024,2024,1,2024,ABC,Náutico,Paulo Sérgio - ABC - Brasil B,Paulo Sérgio - Náutico - Brasil C,1257,1261,18.0,15.0,0,0,900,592,0,0,0,0,-0.2203,3.5024,3.723,46.9,100.0,34.0,37.0,2.0,0.0,medida (60 pares),medida (53 pares),33.0,35.0,2.0,1,0,-0.559,-0.8565,4.282,0.1768,3.3256,única; único,única; único,49,36,0,18.62,15.77,25.51,23.61,-1.9,5.16,4.78,37.76,34.72,-3.04,1.07,1.07,15.31,31.94,16.63,0.14,0.14,20.41,63.89,43.48,1.93,3.14,64.29,93.06,28.77,2.08,2.57,62.24,81.94,19.7,14.11,14.7,70.41,84.72,14.31,2.29,3.35,25.51,80.56,55.05,0.28,0.5,54.08,95.83,41.75,0.07,0.57,5.1,98.61,93.51,20.98,19.48,72.45,81.94,9.49,2.94,3.07,31.63,43.06,11.43,77.82,77.66,62.24,65.28,3.04,33.85,32.58,27.55,26.39,-1.16,23.61,26.87,13.27,31.94,18.67,53.13,51.85,62.24,31.94,-30.3,66.67,46.67,93.88,45.83,-48.05,29.63,54.55,13.27,86.11,72.84,14.815,20.455,53.06,62.5,9.44,28.57,61.54,52.04,95.83,43.79,62.07,80.56,19.39,73.61,54.22,67.74,71.88,50.0,73.61,23.61,22,1
J08-0352,Felipe Garcia,felipe garcia,ATA,ATA,0,Atacante,Atacante,Brasil B,Brasil C,C,1,2023,2023,2025,2025,2,2025,ABC,São Bernardo FC,Felipe Garcia - ABC - Brasil B,Felipe Garcia - São Bernardo FC - Brasil C,1142,854,13.0,21.0,1,0,900,616,0,0,0,0,0.4213,1.5211,1.1,67.3,81.7,32.0,35.0,2.0,0.0,medida (60 pares),medida (70 pares),31.0,34.0,3.0,1,0,-0.9231,-0.9524,2.0231,0.3414,1.1797,única; homônimo resolvido pelo clube,única; homônimo resolvido pelo clube,49,28,0,24.9,17.28,78.57,23.21,-55.36,8.59,6.22,80.61,33.93,-46.68,2.44,0.74,60.2,19.64,-40.56,0.0,0.21,3.06,69.64,66.58,1.89,1.9,60.2,55.36,-4.84,1.81,2.11,56.12,83.93,27.81,11.03,11.49,52.04,80.36,28.32,2.99,2.85,76.53,55.36,-21.17,0.21,0.3,24.49,62.5,38.01,0.16,0.53,23.47,94.64,71.17,17.02,17.28,56.12,80.36,24.24,4.33,2.63,70.41,26.79,-43.62,68.06,73.78,7.14,48.21,41.07,35.44,36.59,39.8,69.64,29.84,28.44,38.98,39.8,80.36,40.56,54.72,38.71,74.49,19.64,-54.85,51.61,57.14,58.16,82.14,23.98,25.0,38.89,3.06,51.79,48.73,8.333,5.556,23.47,16.07,-7.4,0.0,16.67,4.08,51.79,47.71,60.87,70.0,17.35,66.07,48.72,55.56,41.67,13.27,12.5,-0.77,22,1
J08-0353,Gabriel Taliari,gabriel taliari,ATA,ATA,0,Atacante,Atacante,Brasil C,Brasil A,A,1,2023,2023,2024,2024,1,2024,CSA,Juventude,Gabriel Taliari - CSA - Brasil C,Gabriel Taliari - Juventude - Brasil A,1303,1042,14.0,21.0,0,0,545,900,0,0,0,0,-1.2085,-0.5331,0.675,13.9,29.0,26.0,29.0,3.0,0.0,medida (23 pares),medida (113 pares),26.0,27.0,1.0,0,0,-0.0645,-0.3425,0.7395,-0.1038,-0.4293,única; único,única; único,36,49,0,22.1,19.95,81.94,56.12,-25.82,4.9,3.28,56.94,19.39,-37.55,3.25,1.3,81.94,29.59,-52.35,0.41,0.09,58.33,25.51,-32.82,2.35,2.07,65.28,59.18,-6.1,2.14,1.73,51.39,55.1,3.71,12.09,9.5,54.17,25.51,-28.66,3.04,2.07,81.94,11.22,-70.72,0.23,0.29,47.22,53.06,5.84,0.62,0.26,95.83,46.94,-48.89,15.68,12.01,48.61,7.14,-41.47,3.25,3.97,52.78,66.33,13.55,76.65,73.38,51.39,25.51,-25.88,36.25,35.93,51.39,47.96,-3.43,21.13,34.21,34.72,43.88,9.16,55.1,50.0,65.28,28.57,-36.71,51.06,53.33,61.11,70.41,9.3,35.29,29.17,43.06,7.14,-35.92,14.706,8.333,56.94,13.27,-43.67,18.18,60.0,31.94,90.82,58.88,77.42,65.0,51.39,37.76,-13.63,65.63,58.82,45.83,11.22,-34.61,22,1
J08-0354,Edson Cariús,edson carius,ATA,ATA,0,Atacante,Atacante,Brasil B,Brasil C,C,1,2023,2023,2024,2024,1,2024,Botafogo SP,Ypiranga Erechim,Edson Cariús - Botafogo SP - Brasil B,Edson Cariús - Ypiranga Erechim - Brasil C,1070,1070,19.0,21.0,0,0,900,592,0,0,0,0,-1.139,0.1903,1.329,14.3,62.9,35.0,37.0,2.0,0.0,medida (60 pares),medida (53 pares),34.0,35.0,1.0,0,0,-0.2795,-0.556,1.6085,-0.0841,0.2744,única; único,única; único,49,36,0,23.55,27.25,64.29,93.06,28.77,12.11,12.62,96.94,95.83,-1.11,1.01,1.68,13.27,63.89,50.62,0.17,0.0,28.57,15.28,-13.29,1.09,2.1,3.06,59.72,56.66,0.59,1.01,1.02,18.06,17.04,3.7,6.9,1.02,15.28,14.26,1.85,2.94,15.31,70.83,55.52,0.16,0.37,7.14,73.61,66.47,0.34,0.17,72.45,36.11,-36.34,8.07,11.36,1.02,15.28,14.26,2.86,3.11,25.51,45.83,20.32,76.04,77.04,45.92,56.94,11.02,32.86,37.04,23.47,48.61,25.14,28.47,39.33,41.84,79.17,37.33,46.51,45.45,29.59,9.72,-19.87,41.67,25.0,28.57,5.56,-23.01,53.85,36.0,94.9,23.61,-71.29,7.692,8.0,18.37,15.28,-3.09,50.0,0.0,92.86,13.89,-78.97,57.14,75.0,15.31,61.11,45.8,60.0,50.0,29.59,16.67,-12.92,22,1
J08-0355,Wallyson,wallyson,ATA,ATA,0,Atacante,Atacante,Brasil B,Brasil C,C,1,2023,2023,2024,2024,1,2024,ABC,ABC,Wallyson - ABC - Brasil B,Wallyson - ABC - Brasil C,1034,453,15.0,11.0,1,0,900,592,1,0,0,0,-0.607,0.0386,0.646,30.6,51.6,35.0,37.0,2.0,0.0,medida (60 pares),medida (53 pares),34.0,35.0,1.0,0,0,-0.2795,-0.556,0.9255,0.067,-0.0284,única; único,única; único,49,36,0,9.92,10.93,1.02,2.78,1.76,1.83,1.79,1.02,11.11,10.09,1.91,2.58,47.96,86.11,38.15,0.44,0.2,75.51,76.39,0.88,1.65,1.99,37.76,50.0,12.24,4.0,5.76,82.65,100.0,17.35,17.06,20.66,82.65,91.67,9.02,1.65,1.39,11.22,5.56,-5.66,0.25,0.14,37.76,5.56,-32.2,0.17,0.2,28.57,41.67,13.1,23.07,28.61,78.57,88.89,10.32,2.79,3.58,18.37,58.33,39.96,72.08,75.69,19.39,41.67,22.28,37.72,36.36,60.2,38.89,-21.31,42.86,33.33,90.82,48.61,-42.21,45.45,66.67,19.39,79.17,59.78,50.0,46.15,55.1,44.44,-10.66,42.11,20.0,58.16,2.78,-55.38,5.263,10.0,11.22,16.67,5.45,13.64,42.86,17.35,86.11,68.76,78.26,86.21,62.24,91.67,29.43,63.46,75.0,39.8,83.33,43.53,22,1
J08-0356,Mário Sérgio,mario sergio,ATA,ATA,0,Atacante,Atacante,Brasil C,Brasil B,B,1,2023,2023,2024,2024,1,2024,Paysandu,Chapecoense,Mário Sérgio - Paysandu - Brasil C,Mário Sérgio - Chapecoense - Brasil B,2049,2212,20.0,29.0,0,0,545,900,0,0,0,0,0.9318,0.3711,-0.561,94.4,60.5,28.0,30.0,3.0,0.0,medida (23 pares),medida (76 pares),28.0,28.0,0.0,-1,0,0.0,-0.2988,-0.561,0.504,-0.1329,única; único,única; homônimo resolvido pelo clube,36,45,0,18.88,20.14,40.28,56.67,16.39,7.86,8.79,84.72,92.22,7.5,1.24,0.65,34.72,7.78,-26.94,0.41,0.04,58.33,26.67,-31.66,1.84,1.91,51.39,54.44,3.05,1.15,0.81,31.94,7.78,-24.16,5.33,5.94,9.72,3.33,-6.39,2.85,3.01,70.83,63.33,-7.5,0.42,0.42,80.56,90.0,9.44,0.14,0.16,25.0,32.22,7.22,7.3,9.64,9.72,3.33,-6.39,3.77,2.81,65.28,38.89,-26.39,72.33,78.06,31.94,52.22,20.28,37.47,30.91,56.94,21.11,-35.83,29.24,28.24,48.61,36.67,-11.94,55.07,48.1,62.5,18.89,-43.61,59.26,87.5,79.17,98.89,19.72,47.5,38.3,87.5,50.0,-37.5,20.0,14.894,79.17,65.56,-13.61,40.0,0.0,84.72,4.44,-80.28,56.0,50.0,18.06,2.22,-15.84,53.33,55.56,15.28,23.33,8.05,22,1
J08-0357,William Barbio,william barbio,ATA,ATA,0,Atacante,Atacante,Brasil C,Brasil B,B,1,2023,2023,2024,2024,1,2024,Ypiranga Erechim,Amazonas,William Barbio - Ypiranga Erechim - Brasil C,William Barbio - Amazonas - Brasil B,1493,483,19.0,16.0,1,0,545,900,1,0,0,0,1.1158,-0.2949,-1.411,97.2,38.3,30.0,33.0,3.0,0.0,medida (23 pares),medida (76 pares),30.0,31.0,1.0,0,0,-0.0849,-0.8585,-1.3261,0.5563,-0.8512,única; único,única; único,36,45,0,19.58,26.65,56.94,91.11,34.17,4.7,7.27,54.17,75.56,21.39,1.46,2.05,40.28,64.44,24.16,0.32,0.0,50.0,11.11,-38.89,1.59,1.3,29.17,8.89,-20.28,2.99,4.84,68.06,88.89,20.83,18.69,22.92,76.39,88.89,12.5,1.59,2.42,34.72,35.56,0.84,0.22,0.16,43.06,21.11,-21.95,0.19,0.19,31.94,41.11,9.17,24.22,30.37,73.61,86.67,13.06,3.81,7.08,68.06,100.0,31.94,82.68,80.37,93.06,77.78,-15.28,35.06,44.06,40.28,91.11,50.83,17.57,33.33,12.5,61.11,48.61,58.18,58.33,79.17,73.33,-5.84,65.22,72.73,87.5,95.56,8.06,48.0,42.86,90.28,71.11,-19.17,24.0,0.0,84.72,1.11,-83.61,33.33,30.77,76.39,58.89,-17.5,87.23,84.62,95.83,88.89,-6.94,78.72,70.83,84.72,58.89,-25.83,22,1
J08-0358,Guilherme Queiróz,guilherme queiroz,ATA,ATA,0,Atacante,Atacante,Brasil C,Brasil B,B,1,2023,2023,2024,2024,1,2024,Brusque,Brusque,Guilherme Queiróz - Brusque - Brasil C,Guilherme Queiróz - Brusque - Brasil B,1406,1410,19.0,25.0,0,0,545,900,0,0,0,0,0.1568,-2.392,-2.549,61.1,1.2,33.0,36.0,3.0,0.0,medida (23 pares),medida (76 pares),33.0,34.0,1.0,0,0,-0.2795,-0.879,-2.2695,0.2839,-2.6759,única; único,única; único,36,45,0,15.67,15.38,20.83,10.0,-10.83,3.43,4.72,43.06,43.33,0.27,2.22,2.23,62.5,65.56,3.06,0.47,0.38,68.06,91.11,23.05,1.61,1.34,31.94,10.0,-21.94,0.94,1.28,23.61,36.67,13.06,6.66,7.85,23.61,27.78,4.17,2.35,1.79,51.39,16.67,-34.72,0.43,0.14,86.11,13.33,-72.78,0.27,0.13,50.0,25.56,-24.44,10.16,12.38,20.83,21.11,0.28,2.35,2.43,33.33,21.11,-12.22,78.81,78.35,62.5,56.67,-5.83,29.18,29.46,1.39,7.78,6.39,27.45,16.22,45.83,1.11,-44.72,40.43,50.0,20.83,35.56,14.73,42.42,42.86,36.11,37.78,1.67,54.17,19.05,95.83,3.33,-92.5,37.5,9.524,98.61,30.0,-68.61,57.14,0.0,95.83,4.44,-91.39,85.71,60.0,91.67,15.56,-76.11,75.0,73.91,72.22,70.0,-2.22,22,1
J08-0359,Bruno Santos,bruno santos,ATA,ATA,0,Atacante,Atacante,Brasil C,Brasil B,B,1,2025,2025,jun26,2026,1,2026,Guarani,Londrina,Bruno Santos - Guarani - Brasil C,Bruno Santos - Londrina - Brasil B,1524,1157,16.0,12.0,0,0,616,284,0,0,1,0,-0.8739,-0.0177,0.856,22.5,48.5,29.0,29.0,0.0,0.0,medida (70 pares),referência,28.0,29.0,1.0,0,0,-0.2574,0.0,1.1134,-0.0088,-0.0089,única; único,única; único,28,33,0,16.65,15.79,19.64,40.91,21.27,6.26,5.21,37.5,63.64,26.14,1.42,1.94,58.93,71.21,12.28,0.24,0.7,78.57,98.48,19.91,1.65,2.18,32.14,65.15,33.01,1.48,1.79,64.29,65.15,0.86,9.15,9.41,55.36,50.0,-5.36,2.01,2.64,19.64,53.03,33.39,0.34,0.43,78.57,75.76,-2.81,0.06,0.47,16.07,84.85,68.78,12.17,13.92,33.93,50.0,16.07,2.19,2.64,16.07,43.94,27.87,72.82,72.63,41.07,37.88,-3.19,33.33,47.78,39.29,95.45,56.16,34.91,47.76,55.36,89.39,34.03,41.38,66.67,37.5,84.85,47.35,45.83,44.0,44.64,46.97,2.33,50.0,35.71,82.14,30.3,-51.84,21.429,14.286,80.36,39.39,-40.97,11.11,25.0,33.93,48.48,14.55,60.0,52.17,32.14,28.79,-3.35,70.37,66.67,62.5,65.15,2.65,22,1
J08-0360,Olávio,olavio,ATA,ATA,0,Atacante,Atacante,Brasil C,Brasil B,B,1,2023,2023,2024,2024,1,2024,Brusque,Brusque,Olávio - Brusque - Brasil C,Olávio - Brusque - Brasil B,908,707,19.0,12.0,1,0,545,900,1,0,0,0,0.3665,0.5074,0.141,72.2,64.2,30.0,32.0,3.0,0.0,medida (23 pares),medida (76 pares),30.0,30.0,0.0,-1,0,0.0,-0.5071,0.141,0.3435,0.1639,única; único,única; único,36,45,0,21.53,15.4,79.17,13.33,-65.84,6.81,5.73,70.83,55.56,-15.27,1.22,0.38,31.94,0.0,-31.94,0.1,0.13,23.61,43.33,19.72,2.64,2.55,93.06,91.11,-1.95,0.51,1.27,1.39,35.56,34.17,5.08,5.98,6.94,4.44,-2.5,3.25,3.69,90.28,95.56,5.28,0.45,0.48,91.67,98.89,7.22,0.3,0.0,59.72,2.22,-57.5,6.81,9.04,6.94,0.0,-6.94,1.73,1.27,9.72,0.0,-9.72,71.64,69.01,29.17,6.67,-22.5,29.25,33.88,4.17,40.0,35.83,23.88,31.11,40.28,51.11,10.83,53.33,38.46,54.17,4.44,-49.73,58.33,66.67,76.39,92.22,15.83,34.62,40.0,40.28,57.78,17.5,19.231,5.0,72.22,10.0,-62.22,0.0,0.0,11.11,4.44,-6.67,80.0,80.0,65.28,74.44,9.16,33.33,54.55,5.56,20.0,14.44,22,1
J08-0361,Olávio,olavio,ATA,ATA,0,Atacante,Atacante,Brasil B,Brasil C,C,1,2024,2024,2025,2025,1,2025,Brusque,Brusque,Olávio - Brusque - Brasil B,Olávio - Brusque - Brasil C,707,936,12.0,12.0,0,1,900,616,0,1,0,0,0.5074,-2.4264,-2.934,64.2,2.8,32.0,32.0,0.0,0.0,medida (76 pares),medida (70 pares),30.0,31.0,1.0,0,0,-0.0849,0.0,-2.8491,0.3835,-2.8099,única; único,única; único,45,28,0,15.4,20.77,13.33,48.21,34.88,5.73,7.21,55.56,62.5,6.94,0.38,0.38,0.0,1.79,1.79,0.13,0.0,43.33,14.29,-29.04,2.55,1.06,91.11,1.79,-89.32,1.27,1.15,35.56,44.64,9.08,5.98,4.33,4.44,1.79,-2.65,3.69,1.35,95.56,12.5,-83.06,0.48,0.11,98.89,1.79,-97.1,0.0,0.19,2.22,46.43,44.21,9.04,9.23,0.0,5.36,5.36,1.27,2.02,0.0,8.93,8.93,69.01,66.67,6.67,12.5,5.83,33.88,27.31,40.0,8.93,-31.07,31.11,20.0,51.11,1.79,-49.32,38.46,43.33,4.44,41.07,36.63,66.67,25.0,92.22,7.14,-85.08,40.0,36.36,57.78,37.5,-20.28,5.0,9.091,10.0,32.14,22.14,0.0,33.33,4.44,75.0,70.56,80.0,66.67,74.44,55.36,-19.08,54.55,70.0,20.0,58.93,38.93,22,1
J08-0362,K. Viveros,k viveros,ATA,ATA,0,Atacante,Atacante,Colombia A,Brasil B,B,0,2024,2024,2025,2025,1,2025,La Equidad,Athletico Paranaense,K. Viveros - La Equidad - Colombia A,K. Viveros - Athletico Paranaense - Brasil B,747,1855,10.0,21.0,0,1,237,900,0,0,0,0,2.3576,-0.844,-3.202,94.6,14.9,23.0,26.0,2.0,0.0,medida (69 pares),medida (111 pares),23.0,25.0,2.0,1,0,-0.034,0.0595,-3.168,0.909,-1.753,única; único,única; único,40,44,0,30.0,19.5,96.25,62.5,-33.75,4.22,3.64,56.25,23.86,-32.39,4.94,2.62,88.75,88.64,-0.11,0.12,0.19,47.5,80.68,33.18,3.13,2.13,78.75,64.77,-13.98,0.84,0.73,21.25,14.77,-6.48,8.31,7.76,23.75,14.77,-8.98,4.94,3.35,91.25,69.32,-21.93,0.51,0.34,77.5,70.45,-7.05,0.48,0.15,76.25,29.55,-46.7,11.93,10.77,18.75,12.5,-6.25,2.05,1.75,33.75,10.23,-23.52,64.65,75.23,6.25,60.23,53.98,30.92,32.09,32.5,21.59,-10.91,22.86,22.67,31.25,12.5,-18.75,50.0,41.67,48.75,14.77,-33.98,48.78,44.44,48.75,29.55,-19.2,42.31,36.36,63.75,32.95,-30.8,15.385,20.455,65.0,80.68,15.68,18.75,11.11,53.75,22.73,-31.02,85.71,66.67,67.5,40.91,-26.59,44.44,85.71,22.5,97.73,75.23,22,1
J08-0363,K. Viveros,k viveros,ATA,ATA,0,Atacante,Atacante,Brasil B,Brasil A,A,1,2025,2025,jun26,2026,1,2026,Athletico Paranaense,Athletico Paranaense,K. Viveros - Athletico Paranaense - Brasil B,K. Viveros - Athletico Paranaense - Brasil A,1855,1734,21.0,17.0,0,0,900,426,0,0,1,0,-0.844,0.6719,1.516,14.9,78.8,26.0,26.0,0.0,0.0,medida (111 pares),referência,25.0,26.0,1.0,0,0,-0.0645,0.0,1.5805,-0.0003,0.6722,única; único,única; único,44,33,0,19.5,19.15,62.5,74.24,11.74,3.64,2.44,23.86,19.7,-4.16,2.62,2.7,88.64,86.36,-2.28,0.19,0.21,80.68,65.15,-15.53,2.13,2.54,64.77,86.36,21.59,0.73,0.42,14.77,4.55,-10.22,7.76,7.47,14.77,16.67,1.9,3.35,3.58,69.32,83.33,14.01,0.34,0.6,70.45,98.48,28.03,0.15,0.42,29.55,68.18,38.63,10.77,8.98,12.5,7.58,-4.92,1.75,1.76,10.23,19.7,9.47,75.23,74.57,60.23,43.94,-16.29,32.09,33.88,21.59,25.76,4.17,22.67,14.89,12.5,9.09,-3.41,41.67,34.29,14.77,7.58,-7.19,44.44,53.85,29.55,77.27,47.72,36.36,59.18,32.95,86.36,53.41,20.455,22.449,80.68,74.24,-6.44,11.11,11.76,22.73,25.76,3.03,66.67,75.0,40.91,54.55,13.64,85.71,75.0,97.73,68.18,-29.55,22,1
J08-0364,Hernandes,hernandes,ATA,ATA,0,Atacante,Atacante,Coreia A,Brasil B,B,0,2023,2023,jun26,2026,3,2026,Incheon United,Cuiabá,Hernandes - Incheon United - Coreia A,Hernandes - Cuiabá - Brasil B,2417,390,32.0,5.0,1,0,876,284,0,0,1,0,-0.6502,-0.5526,0.098,28.2,30.3,24.0,26.0,3.0,0.0,medida (41 pares),referência,24.0,26.0,2.0,-1,0,-0.0815,0.0016,0.1795,0.3118,-0.8644,única; único,única; único,30,33,0,18.36,15.46,8.33,37.88,29.55,2.46,1.62,15.0,4.55,-10.45,3.65,2.31,75.0,74.24,-0.76,1.45,0.23,95.0,77.27,-17.73,2.38,1.62,61.67,34.85,-26.82,3.91,3.69,88.33,89.39,1.06,21.11,17.31,88.33,89.39,1.06,3.17,3.46,38.33,80.3,41.97,0.2,0.32,16.67,54.55,37.88,0.52,0.92,71.67,95.45,23.78,30.42,21.23,88.33,86.36,-1.97,3.5,2.77,38.33,53.03,14.7,77.85,70.65,68.33,22.73,-45.6,41.18,40.3,71.67,68.18,-3.49,25.76,28.57,18.33,42.42,24.09,56.63,58.33,31.67,68.18,36.51,63.27,30.0,88.33,28.79,-59.54,20.31,57.14,5.0,83.33,78.33,7.813,28.571,15.0,81.82,66.82,21.62,36.36,31.67,72.73,41.06,76.19,68.75,78.33,53.03,-25.3,63.86,71.43,55.0,75.76,20.76,22,1
J08-0365,Rafa Silva,rafa silva,ATA,ATA,0,Atacante,Atacante,Coreia A,Brasil B,B,0,2023,2023,jun26,2026,3,2026,Jeonbuk Motors,Vila Nova,Rafa Silva - Jeonbuk Motors - Coreia A,Rafa Silva - Vila Nova - Brasil B,1370,432,24.0,5.0,1,0,876,284,0,0,1,0,-0.5757,0.5977,1.173,30.8,72.7,31.0,34.0,3.0,0.0,medida (41 pares),referência,31.0,34.0,3.0,0,0,-0.9231,-1.0033,2.0961,0.3135,0.2842,única; único,única; único,30,33,0,20.76,16.04,25.0,50.0,25.0,5.32,5.21,31.67,63.64,31.97,2.76,0.83,65.0,31.82,-33.18,0.59,0.0,71.67,30.3,-41.37,2.69,2.5,86.67,77.27,-9.4,1.25,0.42,15.0,4.55,-10.45,14.26,6.88,68.33,13.64,-54.69,3.55,3.13,68.33,74.24,5.91,0.33,0.5,58.33,89.39,31.06,0.07,0.0,5.0,13.64,8.64,18.99,9.17,45.0,16.67,-28.33,3.68,2.29,55.0,22.73,-32.27,83.04,79.55,95.0,86.36,-8.64,32.28,32.47,8.33,25.76,17.43,19.75,24.0,8.33,25.76,17.43,52.17,60.0,15.0,71.21,56.21,52.38,25.0,51.67,22.73,-28.94,36.59,50.0,35.0,56.06,21.06,7.317,25.0,11.67,72.73,61.06,0.0,0.0,8.33,16.67,8.34,73.68,50.0,68.33,24.24,-44.09,66.67,50.0,63.33,25.76,-37.57,22,1
J08-0366,Sandro Lima,sandro lima,ATA,ATA,0,Atacante,Atacante,Coreia A,Brasil B,B,0,2023,2023,2025,2025,2,2025,Gwangju,Atlético GO,Sandro Lima - Gwangju - Coreia A,Sandro Lima - Atlético GO - Brasil B,795,1203,12.0,17.0,0,1,876,900,0,1,0,0,-0.1484,0.2266,0.375,48.7,59.7,32.0,35.0,3.0,0.0,medida (41 pares),medida (111 pares),32.0,34.0,2.0,0,0,-0.6013,-0.9524,0.9763,0.2954,-0.0688,única; único,única; único,30,44,0,21.74,19.08,40.0,48.86,8.86,5.89,6.96,36.67,67.05,30.38,2.72,0.52,60.0,3.41,-56.59,0.91,0.0,83.33,11.36,-71.97,2.04,1.5,26.67,21.59,-5.08,2.26,0.9,66.67,23.86,-42.81,15.4,10.47,70.0,64.77,-5.23,2.72,2.84,30.0,46.59,16.59,0.28,0.14,35.0,5.68,-29.32,0.23,0.6,20.0,96.59,76.59,20.26,16.38,56.67,71.59,14.92,3.06,2.99,26.67,44.32,17.65,81.01,78.54,76.67,82.95,6.28,25.52,30.59,0.0,12.5,12.5,32.69,29.03,30.0,30.68,0.68,25.0,36.11,0.0,1.14,1.14,29.17,85.71,3.33,98.86,95.53,22.22,35.0,10.0,25.0,15.0,5.556,15.0,6.67,55.68,49.01,66.67,33.33,100.0,82.95,-17.05,70.0,75.0,63.33,73.86,10.53,66.67,71.43,63.33,76.14,12.81,22,1
J08-0367,Talles Magno,talles magno,ATA,ATA,0,Atacante,Atacante,EUA,Brasil A,A,0,2023,2023,2024,2024,1,2024,New York City,Corinthians,Talles Magno - New York City - EUA,Talles Magno - Corinthians - Brasil A,2094,565,30.0,14.0,1,0,900,900,1,0,0,0,0.0257,0.0786,0.053,54.1,53.6,21.0,23.0,3.0,0.0,medida (110 pares),medida (113 pares),21.0,21.0,0.0,-1,0,0.0,0.6674,0.053,0.2467,-0.1681,única; único,única; único,72,49,0,22.95,23.73,78.47,83.67,5.2,2.84,4.14,34.03,42.86,8.83,4.43,3.98,92.36,93.88,1.52,0.64,0.16,68.75,47.96,-20.79,1.98,1.75,52.78,33.67,-19.11,3.09,3.19,86.81,85.71,-1.1,21.02,17.36,88.19,83.67,-4.52,3.57,3.03,61.81,54.08,-7.73,0.26,0.25,28.47,41.84,13.37,0.52,0.64,79.86,95.92,16.06,26.22,24.05,85.42,85.71,0.29,3.83,6.21,64.58,97.96,33.38,83.28,79.47,90.97,67.35,-23.62,41.39,38.93,84.03,69.39,-14.64,31.82,30.77,35.42,34.69,-0.73,65.79,59.38,96.53,79.59,-16.94,51.46,56.0,60.42,81.63,21.21,60.87,45.45,93.75,55.1,-38.65,8.696,18.182,15.97,78.57,62.6,41.18,0.0,82.64,3.06,-79.58,80.56,75.0,84.03,68.37,-15.66,82.14,78.95,90.97,83.67,-7.3,22,1
J08-0368,R. Carrillo,r carrillo,ATA,ATA,0,Atacante,Atacante,Portugal A,Brasil B,B,0,2024,2024,2025,2025,1,2025,Portimonense,Botafogo SP,R. Carrillo - Portimonense - Portugal A,R. Carrillo - Botafogo SP - Brasil B,1172,987,19.0,23.0,0,0,568,900,0,0,0,0,-1.7788,0.81,2.589,4.3,74.6,27.0,29.0,2.0,0.0,medida (44 pares),medida (111 pares),27.0,28.0,1.0,0,0,-0.2574,-0.2862,2.8464,-0.2658,1.0758,única; único,única; único,35,44,0,22.65,22.71,60.0,92.05,32.05,7.14,8.94,70.0,89.77,19.77,1.08,1.73,12.86,62.5,49.64,0.15,0.18,20.0,76.14,56.14,1.46,1.82,18.57,32.95,14.38,1.84,1.91,75.71,78.41,2.7,9.68,14.41,44.29,92.05,47.76,2.92,2.74,38.57,37.5,-1.07,0.21,0.39,15.71,86.36,70.65,0.31,0.27,60.0,59.09,-0.91,17.2,20.61,72.86,92.05,19.19,4.68,2.74,81.43,36.36,-45.07,70.98,68.14,32.86,5.68,-27.18,29.83,36.14,12.86,46.59,33.73,27.96,31.63,21.43,51.14,29.71,44.44,59.38,32.86,78.41,45.55,28.57,47.37,8.57,32.95,24.38,47.37,45.0,64.29,76.14,11.85,21.053,20.0,67.14,78.41,11.27,75.0,9.09,98.57,14.77,-83.8,33.33,71.43,1.43,63.64,62.21,50.0,48.28,25.71,14.77,-10.94,22,1
J08-0369,Willian José,willian jose,ATA,ATA,0,Atacante,Atacante,Espanha A,Brasil A,A,0,2024,2024,2025,2025,1,2025,Real Betis,Bahia,Willian José - Real Betis - Espanha A,Willian José - Bahia - Brasil A,1459,2351,23.0,33.0,0,0,639,900,0,0,0,0,1.8035,1.843,0.039,82.7,84.4,32.0,34.0,2.0,0.0,medida (126 pares),medida (156 pares),32.0,33.0,1.0,0,0,-0.3218,-0.6519,0.3608,0.7516,1.0914,única; único,única; único,47,50,0,16.66,12.67,24.47,7.0,-17.47,4.56,3.68,47.87,43.0,-4.87,0.49,0.5,1.06,9.0,7.94,0.06,0.0,7.45,12.0,4.55,2.28,2.14,62.77,49.0,-13.77,1.73,1.53,59.57,48.0,-11.57,13.2,15.01,62.77,73.0,10.23,3.7,3.71,68.09,77.0,8.91,0.41,0.53,55.32,93.0,37.68,0.37,0.38,62.77,69.0,6.23,20.85,20.02,75.53,73.0,-2.53,1.97,2.07,7.45,9.0,1.55,83.43,81.45,92.55,79.0,-13.55,31.11,32.93,22.34,18.0,-4.34,32.43,36.46,41.49,67.0,25.51,52.38,46.81,37.23,27.0,-10.23,37.5,53.85,30.85,65.0,34.15,54.05,44.64,86.17,67.0,-19.17,18.919,19.643,56.38,75.0,18.62,60.0,28.57,91.49,49.0,-42.49,75.0,77.5,81.91,75.0,-6.91,66.67,70.97,58.51,69.0,10.49,22,1
J08-0370,M. Braithwaite,m braithwaite,ATA,ATA,0,Atacante,Atacante,Espanha B,Brasil A,A,0,2024,2024,2025,2025,1,2025,Espanyol,Grêmio,M. Braithwaite - Espanyol - Espanha B,M. Braithwaite - Grêmio - Brasil A,2654,1602,27.0,18.0,0,0,687,900,0,0,0,0,2.472,-0.8919,-3.364,98.8,14.1,32.0,35.0,2.0,0.0,medida (81 pares),medida (156 pares),32.0,34.0,2.0,1,0,-0.6013,-0.9524,-2.7627,0.9414,-1.8333,única; único,única; único,56,50,0,19.36,16.8,15.18,33.0,17.82,4.17,3.48,40.18,37.0,-3.18,1.73,1.24,32.14,33.0,0.86,0.24,0.06,37.5,29.0,-8.5,2.41,1.85,88.39,39.0,-49.39,1.46,1.29,52.68,41.0,-11.68,9.7,8.65,45.54,23.0,-22.54,3.02,3.31,52.68,54.0,1.32,0.53,0.4,99.11,69.0,-30.11,0.17,0.11,29.46,11.0,-18.46,13.19,13.99,25.89,31.0,5.11,2.95,2.87,15.18,39.0,23.82,75.06,81.93,47.32,87.0,39.68,37.3,37.12,59.82,47.0,-12.82,37.4,33.87,59.82,47.0,-12.82,64.18,57.69,90.18,83.0,-7.18,52.94,40.91,75.89,17.0,-58.89,46.48,48.48,72.32,83.0,10.68,23.944,18.182,88.39,73.0,-15.39,20.0,44.44,30.36,86.0,55.64,67.44,69.57,56.25,55.0,-1.25,57.58,72.0,38.39,74.0,35.61,22,1
J08-0371,J. Miritello,j miritello,ATA,ATA,0,Atacante,Atacante,Argentina A,Brasil B,B,0,2025,2025,jun26,2026,1,2026,Defensa y Justicia,Fortaleza,J. Miritello - Defensa y Justicia - Argentina A,J. Miritello - Fortaleza - Brasil B,1512,636,26.0,9.0,1,0,876,284,0,0,1,0,-0.0701,0.2925,0.363,45.6,63.6,27.0,27.0,0.0,0.0,medida (197 pares),referência,26.0,27.0,1.0,0,0,-0.0645,0.0,0.4275,0.2195,0.073,única; único,única; único,68,33,0,20.0,15.99,18.38,43.94,25.56,7.14,4.39,50.74,53.03,2.29,0.6,0.14,3.68,4.55,0.87,0.0,0.0,13.24,30.3,17.06,1.96,2.55,44.85,83.33,38.48,0.89,0.57,12.5,12.12,-0.38,13.15,11.04,68.38,62.12,-6.26,3.33,3.54,69.85,83.33,13.48,0.38,0.4,88.24,68.18,-20.06,0.12,0.0,11.76,13.64,1.88,19.82,15.0,77.21,62.12,-15.09,2.38,0.99,7.35,1.52,-5.83,83.18,88.68,99.26,98.48,-0.78,30.36,31.86,18.38,22.73,4.35,42.5,38.71,87.5,71.21,-16.29,44.12,38.46,3.68,13.64,9.96,40.0,0.0,29.41,7.58,-21.83,57.58,55.56,93.38,75.76,-17.62,24.242,16.667,91.91,53.03,-38.88,0.0,100.0,3.68,96.97,93.29,33.33,100.0,0.74,92.42,91.68,73.68,50.0,84.56,25.76,-58.8,22,1
J08-0372,Arthur Caíke,arthur caike,ATA,ATA,0,Atacante,Atacante,Japao A,Brasil A,A,0,2023,2023,2024,2024,1,2024,Kashima Antlers,Criciúma,Arthur Caíke - Kashima Antlers - Japao A,Arthur Caíke - Criciúma - Brasil A,363,1886,13.0,33.0,0,1,805,900,0,1,0,0,0.9242,-0.5973,-1.522,78.5,26.1,31.0,34.0,2.0,0.0,medida (122 pares),medida (113 pares),30.0,32.0,2.0,1,0,-0.4067,-1.0033,-1.1153,0.5019,-1.0992,única; único,única; único,41,49,0,29.26,19.61,78.05,52.04,-26.01,10.66,6.2,90.24,64.29,-25.95,1.49,0.91,26.83,14.29,-12.54,0.5,0.14,62.2,44.9,-17.3,3.47,1.72,100.0,31.63,-68.37,2.48,1.15,65.85,15.31,-50.54,12.15,8.11,31.71,9.18,-22.53,3.97,2.91,71.95,50.0,-21.95,0.65,0.21,100.0,24.49,-75.51,0.5,0.14,82.93,18.37,-64.56,15.62,12.6,17.07,9.18,-7.89,4.71,3.58,75.61,54.08,-21.53,73.02,77.65,31.71,56.12,24.41,34.75,37.47,43.9,62.24,18.34,53.49,37.69,95.12,66.33,-28.79,40.0,52.56,0.0,41.84,41.84,33.33,42.11,12.2,23.47,11.27,21.43,36.11,2.44,27.55,25.11,7.143,13.889,12.2,47.96,35.76,0.0,25.0,6.1,48.98,42.88,60.0,58.33,19.51,15.31,-4.2,60.0,68.42,34.15,48.98,14.83,22,1
J08-0373,Arthur Caíke,arthur caike,ATA,ATA,0,Atacante,Atacante,Brasil A,Brasil B,B,1,2024,2024,2025,2025,1,2025,Criciúma,Goiás,Arthur Caíke - Criciúma - Brasil A,Arthur Caíke - Goiás - Brasil B,1886,892,33.0,23.0,1,0,900,900,1,0,0,0,-0.5973,0.6263,1.224,26.1,71.6,34.0,34.0,0.0,0.0,medida (113 pares),medida (111 pares),32.0,33.0,1.0,0,0,-0.3218,0.0,1.5458,0.0698,0.5565,única; único,única; único,49,44,0,19.61,18.67,52.04,45.45,-6.59,6.2,7.06,64.29,72.73,8.44,0.91,0.81,14.29,21.59,7.3,0.14,0.1,44.9,46.59,1.69,1.72,2.22,31.63,65.91,34.28,1.15,1.61,15.31,68.18,52.87,8.11,8.88,9.18,47.73,38.55,2.91,2.93,50.0,54.55,4.55,0.21,0.24,24.49,21.59,-2.9,0.14,0.3,18.37,65.91,47.54,12.6,12.41,9.18,29.55,20.37,3.58,3.33,54.08,56.82,2.74,77.65,72.36,56.12,34.09,-22.03,37.47,41.08,62.24,77.27,15.03,37.69,47.14,66.33,97.73,31.4,52.56,56.25,41.84,60.23,18.39,42.11,37.5,23.47,18.18,-5.29,36.11,40.91,27.55,50.0,22.45,13.889,13.636,47.96,52.27,4.31,25.0,28.57,48.98,65.91,16.93,58.33,81.25,15.31,93.18,77.87,68.42,87.5,48.98,100.0,51.02,22,1
J08-0374,Gustavo Nescau,gustavo nescau,ATA,ATA,0,Atacante,Atacante,Japao A,Brasil C,C,0,2023,2023,2025,2025,2,2025,Albirex Niigata,Caxias,Gustavo Nescau - Albirex Niigata - Japao A,Gustavo Nescau - Caxias - Brasil C,275,383,8.0,11.0,1,1,805,616,1,1,0,0,-0.1215,-0.5003,-0.379,41.8,33.8,23.0,26.0,2.0,0.0,medida (122 pares),medida (70 pares),22.0,25.0,3.0,1,0,0.1679,0.0595,-0.5469,0.2976,-0.7979,única; único,única; único,41,28,0,34.69,26.79,92.68,78.57,-14.11,14.4,11.75,95.12,85.71,-9.41,1.64,1.41,30.49,57.14,26.65,0.0,0.23,1.22,73.21,71.99,0.98,2.82,2.44,92.86,90.42,2.29,0.94,58.54,28.57,-29.97,5.89,8.69,0.0,35.71,35.71,1.96,3.52,4.88,80.36,75.48,0.07,0.32,0.0,67.86,67.86,0.0,0.23,1.22,57.14,55.92,10.8,12.22,0.0,35.71,35.71,3.27,4.23,32.93,85.71,52.78,81.82,59.62,80.49,0.0,-80.49,25.47,30.7,2.44,17.86,15.42,29.55,32.0,36.59,42.86,6.27,25.0,57.14,0.0,71.43,71.43,20.0,50.0,0.0,57.14,57.14,0.0,41.67,0.0,64.29,64.29,0.0,8.333,1.22,26.79,25.57,100.0,0.0,98.78,16.07,-82.71,85.71,50.0,97.56,8.93,-88.63,100.0,42.86,100.0,14.29,-85.71,22,1
J08-0375,Alisson Safira,alisson safira,ATA,ATA,0,Atacante,Atacante,Portugal B,Brasil B,B,0,2024,2024,2025,2025,1,2025,Santa Clara,Cuiabá,Alisson Safira - Santa Clara - Portugal B,Alisson Safira - Cuiabá - Brasil B,670,1742,8.0,22.0,0,1,568,900,0,0,0,0,2.303,2.226,-0.077,96.4,91.0,28.0,31.0,2.0,0.0,medida (43 pares),medida (111 pares),28.0,30.0,2.0,1,0,-0.3423,-0.4545,0.2653,0.8935,1.3325,única; único,única; único,43,44,0,24.58,21.91,68.6,87.5,18.9,11.28,8.16,96.51,82.95,-13.56,2.15,1.45,47.67,46.59,-1.08,0.0,0.0,10.47,11.36,0.89,2.96,2.69,91.86,85.23,-6.63,2.01,1.08,68.6,30.68,-37.92,9.94,7.18,54.65,7.95,-46.7,4.03,3.41,89.53,73.86,-15.67,0.69,0.57,96.51,98.86,2.35,0.27,0.41,51.16,81.82,30.66,15.18,11.0,45.35,17.05,-28.3,3.49,3.36,40.7,60.23,19.53,72.57,76.06,38.37,64.77,26.4,39.34,44.34,70.93,87.5,16.57,32.14,45.57,38.37,96.59,58.22,41.38,52.38,8.14,42.05,33.91,56.25,42.86,66.28,25.0,-41.28,50.0,44.23,86.05,71.59,-14.46,18.182,19.231,83.72,76.14,-7.58,20.0,0.0,39.53,6.82,-32.71,86.67,76.19,89.53,82.95,-6.58,85.71,57.89,96.51,35.23,-61.28,22,1
J08-0376,Nenê,nene,ATA,ATA,0,Atacante,Atacante,Portugal A,Brasil C,C,0,2025,2025,jun26,2026,1,2026,AVS ,Botafogo PB,Nenê - AVS  - Portugal A,Nenê - Botafogo PB - Brasil C,954,523,18.0,6.0,1,0,805,213,0,0,1,0,0.9869,-0.4005,-1.387,78.1,31.8,42.0,44.0,0.0,0.0,medida (116 pares),referência,41.0,44.0,3.0,2,1,0.0,0.0,-1.387,0.5197,-0.9202,única; único,única; único,35,44,0,22.45,14.11,58.57,10.23,-48.34,7.17,1.2,75.71,1.14,-74.57,0.57,2.41,1.43,71.59,70.16,0.0,0.34,14.29,85.23,70.94,3.21,2.41,92.86,73.86,-19.0,1.51,7.92,61.43,98.86,37.43,12.92,24.95,75.71,94.32,18.61,2.64,1.55,44.29,19.32,-24.97,0.32,0.69,48.57,98.86,50.29,0.38,1.03,87.14,92.05,4.91,15.09,36.48,61.43,96.59,35.16,1.89,2.41,7.14,19.32,12.18,79.38,75.47,90.0,55.68,-34.32,29.83,31.71,10.0,30.68,20.68,38.16,28.57,70.0,55.68,-14.32,34.62,45.45,1.43,35.23,33.8,16.67,42.86,1.43,32.95,31.52,23.53,50.0,7.14,65.91,58.77,11.765,35.714,32.86,89.77,56.91,33.33,51.72,71.43,85.23,13.8,81.25,84.78,92.86,73.86,-19.0,66.67,59.38,70.0,44.32,-25.68,22,0
J08-0377,João Celeri,joao celeri,ATA,ATA,0,Atacante,Atacante,Portugal B,Brasil C,C,0,2024,2024,2025,2025,1,2025,Paços de Ferreira,Anápolis,João Celeri - Paços de Ferreira - Portugal B,João Celeri - Anápolis - Brasil C,574,466,11.0,7.0,1,1,568,616,1,0,0,0,-0.3465,-1.7045,-1.358,30.1,4.2,24.0,27.0,2.0,0.0,medida (43 pares),medida (70 pares),24.0,26.0,2.0,1,0,-0.0815,-0.0547,-1.2765,0.141,-1.8455,única; único,única; único,43,28,0,15.52,19.12,8.14,39.29,31.15,3.61,7.15,19.77,57.14,37.37,0.63,0.97,8.14,42.86,34.72,0.0,0.0,10.47,14.29,3.82,1.57,0.77,15.12,0.0,-15.12,1.1,0.58,19.77,10.71,-9.06,6.59,6.57,8.14,10.71,2.57,3.92,1.55,86.05,14.29,-71.76,0.44,0.09,80.23,0.0,-80.23,0.0,0.0,6.98,5.36,-1.62,11.6,11.2,15.12,14.29,-0.83,1.72,1.35,1.16,0.0,-1.16,77.03,70.69,70.93,32.14,-38.79,21.21,29.29,1.16,14.29,13.13,13.04,29.73,2.33,28.57,26.24,25.0,25.0,1.16,0.0,-1.16,25.0,40.0,3.49,28.57,25.08,40.0,25.0,59.3,12.5,-46.8,10.0,25.0,39.53,85.71,46.18,0.0,0.0,11.63,16.07,4.44,42.86,100.0,6.98,98.21,91.23,50.0,33.33,13.95,3.57,-10.38,22,1
J08-0378,M. Cassierra,m cassierra,ATA,ATA,0,Atacante,Atacante,Russia,Brasil A,A,0,2025,2025,jun26,2026,1,2026,Zenit,Atlético Mineiro,M. Cassierra - Zenit - Russia,M. Cassierra - Atlético Mineiro - Brasil A,1976,759,30.0,14.0,1,0,711,426,0,0,1,0,2.8996,-1.0646,-3.964,95.0,18.2,29.0,29.0,0.0,0.0,medida (129 pares),referência,28.0,29.0,1.0,0,0,-0.2574,0.0,-3.7066,1.0629,-2.1275,única; único,única; único,38,33,0,15.99,15.18,11.84,37.88,26.04,4.6,6.28,38.16,92.42,54.26,1.0,0.71,17.11,22.73,5.62,0.09,0.12,40.79,48.48,7.69,2.14,1.54,53.95,10.61,-43.34,1.87,1.19,48.68,24.24,-24.44,17.72,9.72,85.53,40.91,-44.62,4.33,2.25,72.37,19.7,-52.67,0.53,0.21,89.47,16.67,-72.8,0.36,0.24,36.84,24.24,-12.6,23.09,13.87,80.26,37.88,-42.38,2.6,1.3,9.21,7.58,-1.63,87.97,88.89,98.68,98.48,-0.2,33.9,35.94,27.63,43.94,16.31,33.66,24.53,56.58,25.76,-30.82,58.49,42.86,61.84,21.21,-40.63,50.0,50.0,50.0,56.06,6.06,38.3,38.46,25.0,31.82,6.82,17.021,15.385,61.84,39.39,-22.45,50.0,0.0,85.53,12.12,-73.41,80.49,70.0,90.79,36.36,-54.43,86.96,88.89,93.42,92.42,-1.0,22,1
J08-0379,N. Schiappacasse,n schiappacasse,ATA,ATA,0,Atacante,Atacante,Uruguai,Brasil C,C,0,2025,2025,jun26,2026,1,2026,River Plate,Amazonas,N. Schiappacasse - River Plate - Uruguai,N. Schiappacasse - Amazonas - Brasil C,254,363,7.0,6.0,1,1,900,213,0,1,1,0,-0.3861,-0.0104,0.376,33.9,47.7,27.0,27.0,0.0,0.0,medida (89 pares),referência,26.0,27.0,1.0,0,0,-0.0645,0.0,0.4405,0.1297,-0.1401,única; único,única; único,43,44,0,20.2,21.57,29.07,62.5,33.43,3.54,6.2,25.58,57.95,32.37,4.61,1.98,95.35,64.77,-30.58,0.35,0.25,88.37,71.59,-16.78,1.42,2.73,6.98,81.82,74.84,2.13,1.49,60.47,55.68,-4.79,13.82,11.9,69.77,67.05,-2.72,2.83,2.98,23.26,73.86,50.6,0.09,0.3,0.0,71.59,71.59,0.0,0.25,0.0,51.14,51.14,20.2,18.84,69.77,71.59,1.82,2.83,3.22,13.95,51.14,37.19,71.93,78.95,58.14,78.41,20.27,26.32,36.78,0.0,56.82,56.82,20.0,20.0,6.98,22.73,15.75,38.46,63.64,2.33,78.41,76.08,38.46,37.5,31.4,25.0,-6.4,0.0,54.55,0.0,78.41,78.41,0.0,27.273,3.49,82.95,79.46,20.0,50.0,32.56,79.55,46.99,66.67,100.0,44.19,93.18,48.99,50.0,50.0,20.93,29.55,8.62,22,1
J08-0380,M. Sanabria,m sanabria,EXT,EXT,0,Extremo - Esquerda,Extremo - Esquerda,Argentina A,Brasil A,A,0,2024,2024,2025,2025,1,2025,Central Córdoba SdE,Bahia,M. Sanabria - Central Córdoba SdE - Argentina A,M. Sanabria - Bahia - Brasil A,320,623,6.0,10.0,1,1,213,900,1,0,0,0,-1.3341,-0.4537,0.88,11.8,42.6,19.0,22.0,2.0,0.0,medida (108 pares),medida (156 pares),19.0,21.0,2.0,1,0,0.2806,0.6303,0.5994,-0.3419,-0.1118,única; único,única; único,63,57,0,30.09,24.7,89.68,94.74,5.06,1.41,1.01,26.19,13.16,-13.03,8.44,9.1,88.1,98.25,10.15,1.97,1.01,85.71,98.25,12.54,2.81,1.44,86.51,19.3,-67.21,2.81,2.46,15.87,7.89,-7.98,12.94,17.34,15.08,24.56,9.48,1.97,2.89,49.21,54.39,5.18,0.28,0.11,84.92,9.65,-75.27,0.0,0.14,11.11,1.75,-9.36,17.72,22.83,3.97,22.81,18.84,6.75,4.33,54.76,31.58,-23.18,57.14,70.89,2.38,12.28,9.9,42.06,46.2,48.41,64.91,16.5,20.0,14.29,34.92,7.89,-27.03,50.0,54.84,25.4,41.23,15.83,53.33,61.9,50.79,87.72,36.93,20.0,30.0,18.25,23.68,5.43,0.0,10.0,27.78,53.51,25.73,20.0,9.68,26.19,1.75,-24.44,60.0,70.59,17.46,36.84,19.38,44.44,71.43,7.14,42.11,34.97,22,1
J08-0381,Allano,allano,EXT,EXT,0,Extremo - Direita,Extremo - Direita,Brasil A,Brasil B,B,1,2024,2024,2025,2025,1,2025,Criciúma,Operário PR,Allano - Criciúma - Brasil A,Allano - Operário PR - Brasil B,1443,876,24.0,12.0,1,0,900,900,1,0,0,0,-0.7584,-0.3862,0.372,17.9,38.8,31.0,31.0,0.0,0.0,medida (113 pares),medida (111 pares),29.0,30.0,1.0,0,0,-0.0127,0.0,0.3847,-0.0886,-0.2976,única; único,única; único,58,56,0,30.06,24.97,99.14,98.21,-0.93,3.99,2.57,90.52,66.07,-24.45,4.12,4.01,43.97,71.43,27.46,0.69,0.1,74.14,12.5,-61.64,1.87,1.85,56.03,50.0,-6.03,3.99,2.98,42.24,26.79,-15.45,21.77,21.99,59.48,76.79,17.31,3.24,2.05,76.72,44.64,-32.08,0.18,0.12,59.48,25.0,-34.48,0.62,0.1,83.62,3.57,-80.05,28.81,29.49,59.48,78.57,19.09,7.73,7.5,95.69,98.21,2.52,83.98,78.05,88.79,58.93,-29.86,42.32,48.56,40.52,96.43,55.91,31.25,56.0,46.55,100.0,53.45,59.52,61.29,54.31,78.57,24.26,57.58,46.15,75.0,21.43,-53.57,30.0,27.78,21.55,17.86,-3.69,3.333,5.556,14.66,28.57,13.91,36.67,8.33,64.66,0.0,-64.66,90.63,72.41,99.14,42.86,-56.28,79.17,60.61,76.72,23.21,-53.51,22,1
J08-0382,Luiz Araújo,luiz araujo,EXT,EXT,0,Extremo - Direita,Extremo - Direita,EUA,Brasil A,A,0,2023,2023,2024,2024,1,2024,Atlanta United,Flamengo,Luiz Araújo - Atlanta United - EUA,Luiz Araújo - Flamengo - Brasil A,1375,1762,16.0,25.0,0,0,900,900,0,0,0,0,-1.1322,0.4967,1.629,15.4,74.4,27.0,30.0,3.0,0.0,medida (110 pares),medida (113 pares),27.0,28.0,1.0,0,0,-0.0687,-0.1226,1.6977,-0.2531,0.7498,única; único,única; único,66,58,0,21.34,19.51,73.48,45.69,-27.79,0.79,1.48,9.85,30.17,20.32,6.09,4.6,84.09,59.48,-24.61,2.49,0.56,97.73,58.62,-39.11,2.55,2.45,87.12,90.52,3.4,5.04,4.04,71.97,45.69,-26.28,24.74,22.68,65.91,68.1,2.19,2.29,2.55,26.52,53.45,26.93,0.2,0.13,59.85,25.0,-34.85,0.26,0.51,9.09,75.0,65.91,33.51,30.03,70.45,61.21,-9.24,4.25,7.66,18.94,92.24,73.3,80.47,77.72,70.45,37.07,-33.38,44.79,48.43,62.88,83.62,20.74,25.0,27.59,39.39,31.9,-7.49,50.0,60.87,24.24,62.93,38.69,56.99,66.67,73.48,99.14,25.66,33.33,35.42,25.0,31.9,6.9,7.692,8.333,28.03,39.66,11.63,28.57,29.79,37.88,31.03,-6.85,80.52,72.15,76.52,25.0,-51.52,70.45,68.52,53.79,33.62,-20.17,22,1
J08-0383,Emerson Negueba,emerson negueba,EXT,EXT,0,Extremo - Direita,Extremo - Esquerda,Brasil A,Brasil B,B,1,2023,2023,2025,2025,2,2025,Cuiabá,Avaí,Emerson Negueba - Cuiabá - Brasil A,Emerson Negueba - Avaí - Brasil B,553,2076,10.0,29.0,0,1,900,900,0,1,0,0,-1.4659,0.3825,1.848,4.3,64.9,25.0,25.0,0.0,0.0,medida (82 pares),medida (111 pares),22.0,24.0,2.0,0,0,0.1216,0.0,1.7264,0.0691,0.3134,única; único,única; único,59,56,0,22.62,18.6,64.41,49.11,-15.3,3.74,2.86,88.14,74.11,-14.03,3.74,3.77,30.51,66.96,36.45,0.49,0.65,16.95,95.54,78.59,1.79,2.17,50.85,63.39,12.54,2.93,3.73,8.47,52.68,44.21,14.81,20.51,5.08,68.75,63.67,2.12,2.34,38.98,58.04,19.06,0.16,0.2,43.22,62.5,19.28,0.0,0.35,0.0,35.71,35.71,21.97,27.14,10.17,66.96,56.79,5.7,4.34,61.02,38.39,-22.63,78.52,80.19,42.37,70.54,28.17,35.25,48.02,0.0,91.96,91.96,30.43,42.42,42.37,90.18,47.81,50.0,54.41,29.66,47.32,17.66,43.48,68.97,3.39,99.11,95.72,36.36,36.0,50.0,65.18,15.18,0.0,8.0,5.93,50.0,44.07,10.0,33.9,0.0,56.25,56.25,66.67,66.28,8.47,16.96,8.49,80.0,73.68,78.81,74.11,-4.7,22,1
J08-0384,Negueba,negueba,EXT,EXT,0,Extremo - Direita,Extremo - Direita,Brasil B,Brasil A,A,1,2024,2024,2025,2025,1,2025,Mirassol,Mirassol,Negueba - Mirassol - Brasil B,Negueba - Mirassol - Brasil A,1798,2330,24.0,33.0,0,0,900,900,0,0,0,0,-1.4832,-0.3021,1.181,11.4,41.7,26.0,26.0,0.0,0.0,medida (76 pares),medida (156 pares),24.0,25.0,1.0,0,0,0.0306,0.0,1.1504,-0.4075,0.1054,única; único,única; único,60,57,0,16.57,16.96,17.5,34.21,16.71,2.55,1.55,62.5,34.21,-28.29,1.85,2.94,7.5,23.68,16.18,0.15,0.35,11.67,48.25,36.58,1.8,1.85,56.67,57.02,0.35,3.25,3.86,40.83,58.77,17.94,18.72,21.24,57.5,60.53,3.03,1.6,2.51,18.33,39.47,21.14,0.11,0.17,15.83,44.74,28.91,0.15,0.42,5.83,39.47,33.64,24.63,28.16,54.17,64.04,9.87,6.86,5.21,87.5,50.0,-37.5,78.46,78.74,62.5,48.25,-14.25,48.04,45.33,89.17,55.26,-33.91,29.41,27.5,50.83,41.23,-9.6,62.5,54.31,74.17,37.72,-36.45,72.97,51.32,99.17,35.96,-63.21,30.56,37.5,30.83,54.39,23.56,5.556,14.583,32.5,76.32,43.82,38.46,32.47,82.5,57.02,-25.48,69.23,69.0,24.17,30.7,6.53,73.47,78.79,57.5,81.58,24.08,22,1
J08-0385,Hélio Borges,helio borges,EXT,EXT,0,Extremo - Direita,Extremo - Direita,Brasil B,Brasil C,C,1,2023,2023,2025,2025,2,2025,Ituano,Náutico,Hélio Borges - Ituano - Brasil B,Hélio Borges - Náutico - Brasil C,2186,1179,33.0,19.0,0,0,900,616,0,0,0,0,-0.1606,3.2315,3.392,42.9,95.2,23.0,26.0,2.0,0.0,medida (60 pares),medida (70 pares),22.0,25.0,3.0,1,0,0.1522,0.1252,3.2398,0.3219,2.9096,única; único,única; único,57,44,0,22.64,26.95,72.81,96.59,23.78,3.38,4.5,74.56,87.5,12.94,5.39,5.5,62.28,87.5,25.22,1.15,0.15,62.28,17.05,-45.23,1.32,2.37,13.16,87.5,74.34,3.79,3.44,48.25,45.45,-2.8,16.84,18.02,48.25,69.32,21.07,1.56,3.21,11.4,92.05,80.65,0.09,0.17,14.91,68.18,53.27,0.45,0.53,50.0,82.95,32.95,25.36,25.5,62.28,73.86,11.58,6.59,6.34,79.82,78.41,-1.41,74.84,74.85,44.74,46.59,1.85,42.73,42.49,46.49,44.32,-2.17,39.02,35.59,83.33,55.68,-27.65,54.68,62.2,57.02,82.95,25.93,54.96,48.61,46.49,32.95,-13.54,31.25,35.48,35.96,71.59,35.63,0.0,6.452,6.14,44.32,38.18,38.46,43.48,67.54,94.32,26.78,78.26,68.89,51.75,28.41,-23.34,80.65,71.43,92.11,59.09,-33.02,22,1
J08-0386,Pimentinha,pimentinha,EXT,EXT,0,Extremo - Direita,Extremo - Direita,Brasil B,Brasil C,C,1,2023,2023,2024,2024,1,2024,Sampaio Corrêa,Sampaio Corrêa,Pimentinha - Sampaio Corrêa - Brasil B,Pimentinha - Sampaio Corrêa - Brasil C,1863,1355,23.0,15.0,0,0,900,592,0,0,0,0,1.1285,1.0455,-0.083,85.7,86.0,36.0,38.0,2.0,0.0,medida (60 pares),medida (53 pares),35.0,36.0,1.0,0,0,-0.0518,-0.0154,-0.0312,0.7416,0.3039,única; único,única; único,57,49,0,25.65,18.86,79.82,25.51,-54.31,2.13,1.33,31.58,12.24,-19.34,11.16,8.57,99.12,92.86,-6.26,1.45,0.4,86.84,39.8,-47.04,2.27,1.86,76.32,43.88,-32.44,3.86,5.11,50.0,90.82,40.82,19.23,17.47,67.54,52.04,-15.5,4.69,4.32,97.37,98.98,1.61,0.13,0.15,35.96,44.9,8.94,0.68,0.33,90.35,62.24,-28.11,23.72,23.65,50.0,45.92,-4.08,2.22,2.52,0.88,1.02,0.14,77.6,68.82,58.77,13.27,-45.5,35.97,45.77,4.39,76.53,72.14,11.36,40.0,0.88,65.31,64.43,53.19,60.0,42.98,74.49,31.51,45.02,55.04,14.91,54.08,39.17,17.02,39.29,4.39,66.33,61.94,2.128,7.143,13.16,40.82,27.66,40.28,32.35,74.56,47.96,-26.6,93.75,81.82,99.12,84.69,-14.43,64.0,66.67,34.21,38.78,4.57,22,1
J08-0387,Fábio Lima,fabio lima,EXT,EXT,0,Extremo - Esquerda,Extremo - Direita,Bulgaria,Brasil B,B,0,2025,2025,jun26,2026,1,2026,Levski Sofia,Juventude,Fábio Lima - Levski Sofia - Bulgaria,Fábio Lima - Juventude - Brasil B,712,513,20.0,10.0,1,1,876,284,0,1,1,0,0.5448,-0.4222,-0.967,68.2,33.3,29.0,29.0,0.0,0.0,medida (109 pares),referência,28.0,29.0,1.0,0,0,-0.0687,0.0,-0.8983,0.4848,-0.907,única; único,única; único,42,43,0,13.15,12.63,4.76,17.44,12.68,2.15,1.93,59.52,63.95,4.43,1.52,2.63,0.0,31.4,31.4,0.13,0.18,7.14,43.02,35.88,0.88,1.75,11.9,40.7,28.8,3.92,2.28,38.1,24.42,-13.68,23.64,14.39,85.71,19.77,-65.94,1.77,3.68,28.57,94.19,65.62,0.12,0.21,33.33,67.44,34.11,0.51,0.35,67.86,40.7,-27.16,29.58,19.3,71.43,22.09,-49.34,4.8,3.68,19.05,19.77,0.72,75.64,70.0,45.24,10.47,-34.77,46.15,44.44,64.29,54.65,-9.64,52.94,27.27,92.86,54.65,-38.21,56.67,50.0,26.19,29.07,2.88,75.0,33.33,100.0,3.49,-96.51,42.86,50.0,70.24,82.56,12.32,14.286,0.0,69.05,19.77,-49.28,25.71,22.22,20.24,24.42,4.18,80.65,61.54,76.19,12.79,-63.4,81.25,57.14,90.48,20.93,-69.55,22,1
J08-0388,Éverton Brito,everton brito,EXT,EXT,0,Extremo - Direita,Extremo - Esquerda,Brasil B,Brasil C,C,1,2024,2024,2025,2025,1,2025,Ponte Preta,Ponte Preta,Éverton Brito - Ponte Preta - Brasil B,Éverton Brito - Ponte Preta - Brasil C,1063,782,18.0,12.0,1,0,900,616,0,0,0,0,0.2102,-1.3376,-1.548,59.1,10.2,31.0,31.0,0.0,0.0,medida (76 pares),medida (70 pares),29.0,30.0,1.0,0,0,-0.0127,0.0,-1.5353,0.3376,-1.6752,única; único,única; único,60,44,0,22.1,23.48,69.17,76.14,6.97,1.35,2.53,10.83,55.68,44.85,2.37,2.42,13.33,19.32,5.99,0.08,0.46,2.5,71.59,69.09,0.59,0.69,0.83,3.41,2.58,5.0,3.8,84.17,64.77,-19.4,18.12,14.5,52.5,28.41,-24.09,1.19,1.73,5.83,32.95,27.12,0.03,0.06,0.83,14.77,13.94,0.34,0.23,58.33,36.36,-21.97,27.77,22.44,69.17,39.77,-29.4,6.69,5.75,84.17,67.05,-17.12,82.01,78.46,87.5,71.59,-15.91,42.53,44.12,38.33,57.95,19.62,6.25,27.27,0.83,26.14,25.31,52.81,54.0,19.17,46.59,27.42,50.0,47.62,28.33,30.68,2.35,28.57,33.33,18.33,60.23,41.9,0.0,16.667,4.17,80.68,76.51,71.43,21.43,99.17,19.32,-79.85,76.27,66.67,58.33,22.73,-35.6,84.85,63.64,95.83,32.95,-62.88,22,1
J08-0389,Éverton Brito,everton brito,EXT,EXT,0,Extremo - Esquerda,Extremo - Esquerda,Brasil C,Brasil B,B,1,2025,2025,jun26,2026,1,2026,Ponte Preta,América Mineiro,Éverton Brito - Ponte Preta - Brasil C,Éverton Brito - América Mineiro - Brasil B,782,364,12.0,5.0,1,1,616,284,0,0,1,0,-1.3376,-0.6779,0.66,10.2,22.7,31.0,31.0,0.0,0.0,medida (70 pares),referência,30.0,31.0,1.0,0,0,-0.0127,0.0,0.6727,-0.3434,-0.3345,única; único,única; único,44,43,0,23.48,18.05,76.14,59.3,-16.84,2.53,1.24,55.68,31.4,-24.28,2.42,1.98,19.32,22.09,2.77,0.46,0.0,71.59,12.79,-58.8,0.69,0.99,3.41,12.79,9.38,3.8,3.21,64.77,50.0,-14.77,14.5,19.53,28.41,77.91,49.5,1.73,1.98,32.95,32.56,-0.39,0.06,0.06,14.77,6.98,-7.79,0.23,0.0,36.36,5.81,-30.55,22.44,24.97,39.77,70.93,31.16,5.75,4.45,67.05,43.02,-24.03,78.46,85.15,71.59,94.19,22.6,44.12,36.99,57.95,15.12,-42.83,27.27,0.0,26.14,1.16,-24.98,54.0,38.46,46.59,5.81,-40.78,47.62,62.5,30.68,70.93,40.25,33.33,50.0,60.23,82.56,22.33,16.667,0.0,80.68,19.77,-60.91,21.43,57.14,19.32,89.53,70.21,66.67,84.62,22.73,87.21,64.48,63.64,70.0,32.95,63.95,31.0,22,1
J08-0390,Felipe Ferreira,felipe ferreira,EXT,EXT,0,Extremo - Direita,Extremo - Esquerda,Brasil B,Brasil C,C,1,2023,2023,2024,2024,1,2024,Chapecoense,Náutico,Felipe Ferreira - Chapecoense - Brasil B,Felipe Ferreira - Náutico - Brasil C,1211,352,26.0,8.0,1,0,900,592,1,0,0,0,-0.6431,-0.219,0.424,32.1,40.0,29.0,32.0,2.0,0.0,medida (60 pares),medida (53 pares),28.0,30.0,2.0,1,0,-0.0814,-0.2844,0.5054,-0.0379,-0.1811,única; homônimo resolvido pelo clube,única; único,57,49,0,15.38,13.55,9.65,2.04,-7.61,1.56,2.56,19.3,55.1,35.8,3.64,1.28,32.46,1.02,-31.44,0.67,0.0,33.33,3.06,-30.27,2.3,1.53,78.07,28.57,-49.5,3.94,2.81,53.51,24.49,-29.02,18.73,9.72,60.53,2.04,-58.49,2.3,2.3,37.72,61.22,23.5,0.12,0.07,28.07,6.12,-21.95,0.52,0.0,69.3,4.08,-65.22,25.79,17.39,69.3,6.12,-63.18,3.42,4.09,6.14,23.47,17.33,79.25,72.06,76.32,20.41,-55.91,43.96,39.62,58.77,26.53,-32.24,23.81,30.0,34.21,38.78,4.57,57.58,70.0,70.18,100.0,29.82,63.27,60.0,90.35,79.59,-10.76,25.81,50.0,18.42,90.82,72.4,3.226,33.333,16.67,100.0,83.33,43.75,20.0,86.84,15.31,-71.53,79.25,72.73,58.77,36.73,-22.04,78.05,80.0,85.09,90.82,5.73,22,1
J08-0391,Thayllon,thayllon,EXT,EXT,0,Extremo - Direita,Extremo - Esquerda,Brasil C,Brasil B,B,1,2024,2024,2025,2025,1,2025,Ferroviária,Ferroviária,Thayllon - Ferroviária - Brasil C,Thayllon - Ferroviária - Brasil B,275,595,6.0,12.0,1,1,592,900,1,1,0,0,-0.6632,0.3029,0.966,26.3,62.2,24.0,24.0,0.0,0.0,medida (53 pares),medida (111 pares),22.0,23.0,1.0,0,0,0.091,0.0,0.875,-0.0467,0.3496,única; único,única; único,49,56,0,14.07,17.55,4.08,41.07,36.99,0.65,3.03,0.0,75.89,75.89,1.64,3.18,12.24,55.36,43.12,0.0,0.91,3.06,100.0,96.94,1.64,1.82,34.69,48.21,13.52,1.96,3.18,2.04,32.14,30.1,18.33,16.79,57.14,30.36,-26.78,3.6,2.57,93.88,65.18,-28.7,0.26,0.32,89.8,94.64,4.84,0.0,0.76,4.08,91.07,86.99,22.91,19.66,36.73,17.86,-18.87,4.91,7.26,40.82,98.21,57.39,75.71,76.15,51.02,39.29,-11.73,51.16,38.79,97.96,10.71,-87.25,0.0,15.0,1.02,1.79,0.77,60.0,50.0,74.49,19.64,-54.85,80.0,47.62,100.0,23.21,-76.79,20.0,33.33,8.16,43.75,35.59,0.0,25.0,6.12,100.0,93.88,0.0,22.22,1.02,13.39,12.37,66.67,61.9,12.24,7.14,-5.1,80.0,84.62,90.82,97.32,6.5,22,1
J08-0392,Diego Tavares,diego tavares,EXT,EXT,0,Extremo - Direita,Extremo - Direita,Brasil C,Brasil B,B,1,2023,2023,2024,2024,1,2024,Brusque,Brusque,Diego Tavares - Brusque - Brasil C,Diego Tavares - Brusque - Brasil B,1058,1101,19.0,30.0,0,0,545,900,0,0,0,0,0.5748,-1.3923,-1.967,70.8,13.6,32.0,34.0,3.0,0.0,medida (23 pares),medida (76 pares),32.0,32.0,0.0,-1,0,0.0,-0.2577,-1.967,0.498,-1.8903,única; único,única; único,43,60,0,21.84,17.98,52.33,24.17,-28.16,2.46,1.96,43.02,30.83,-12.19,5.35,3.92,77.91,45.83,-32.08,1.4,0.9,87.21,90.83,3.62,1.67,1.31,47.67,17.5,-30.17,3.42,3.43,45.35,45.83,0.48,18.25,17.66,61.63,50.83,-10.8,2.19,1.8,63.95,30.83,-33.12,0.13,0.11,53.49,15.83,-37.66,0.79,0.49,91.86,78.33,-13.53,25.26,21.74,61.63,35.83,-25.8,3.6,4.41,8.14,37.5,29.36,68.75,67.67,19.77,5.83,-13.94,48.59,48.64,82.56,94.17,11.61,42.86,41.67,87.21,87.5,0.29,59.57,59.26,70.93,55.83,-15.1,62.3,60.42,84.88,72.5,-12.38,21.05,37.5,15.12,59.17,44.05,5.263,0.0,43.02,4.17,-38.85,24.53,30.19,24.42,44.17,19.75,53.85,71.43,1.16,28.33,27.17,55.0,50.0,12.79,4.17,-8.62,22,1
J08-0393,Diego Tavares,diego tavares,EXT,EXT,0,Extremo - Direita,Extremo - Direita,Brasil B,Brasil C,C,1,2024,2024,2025,2025,1,2025,Brusque,Ponte Preta,Diego Tavares - Brusque - Brasil B,Diego Tavares - Ponte Preta - Brasil C,1101,745,30.0,19.0,1,0,900,616,0,0,0,0,-1.3923,-0.3812,1.011,13.6,31.0,34.0,34.0,0.0,0.0,medida (76 pares),medida (70 pares),32.0,33.0,1.0,0,0,-0.3983,0.0,1.4093,-0.3675,-0.0137,única; único,única; único,60,44,0,17.98,16.19,24.17,17.05,-7.12,1.96,1.93,30.83,32.95,2.12,3.92,2.66,45.83,21.59,-24.24,0.9,0.36,90.83,52.27,-38.56,1.31,0.97,17.5,10.23,-7.27,3.43,2.42,45.83,14.77,-31.06,17.66,11.84,50.83,10.23,-40.6,1.8,1.45,30.83,14.77,-16.06,0.11,0.06,15.83,14.77,-1.06,0.49,0.12,78.33,11.36,-66.97,21.74,16.91,35.83,5.68,-30.15,4.41,3.5,37.5,5.68,-31.82,67.67,65.0,5.83,7.95,2.12,48.64,43.28,94.17,53.41,-40.76,41.67,18.75,87.5,7.95,-79.55,59.26,44.44,55.83,7.95,-47.88,60.42,50.0,72.5,37.5,-35.0,37.5,25.0,59.17,31.82,-27.35,0.0,12.5,4.17,65.91,61.74,30.19,15.38,44.17,1.14,-43.03,71.43,70.0,28.33,32.95,4.62,50.0,63.16,4.17,30.68,26.51,22,1
J08-0394,Pedro Vitor,pedro vitor,EXT,EXT,0,Extremo - Direita,Extremo - Direita,Coreia B,Brasil B,B,0,2025,2025,jun26,2026,1,2026,Chungbuk Cheongju,São Bernardo FC,Pedro Vitor - Chungbuk Cheongju - Coreia B,Pedro Vitor - São Bernardo FC - Brasil B,2386,647,35.0,10.0,1,0,900,284,0,0,1,0,1.3627,1.9898,0.627,84.4,90.5,28.0,28.0,0.0,0.0,medida (111 pares),referência,27.0,28.0,1.0,0,0,-0.0687,0.0,0.6957,0.8447,1.1451,única; único,única; único,39,43,0,23.05,28.1,91.03,98.84,7.81,3.39,4.31,83.33,96.51,13.18,4.34,4.31,70.51,73.26,2.75,0.19,0.14,29.49,37.21,7.72,2.38,2.64,78.21,84.88,6.67,3.51,3.34,56.41,54.65,-1.76,16.14,16.97,32.05,52.33,20.28,2.98,2.78,70.51,75.58,5.07,0.23,0.3,60.26,88.37,28.11,0.3,0.7,30.77,87.21,56.44,22.07,23.09,29.49,59.3,29.81,5.62,9.74,57.69,98.84,41.15,69.74,71.08,8.97,12.79,3.82,43.37,48.51,47.44,75.58,28.14,38.89,41.94,80.77,91.86,11.09,61.19,58.67,47.44,63.95,16.51,52.17,48.39,47.44,26.74,-20.7,26.98,31.58,6.41,41.86,35.45,6.349,10.526,19.23,68.6,49.37,38.89,38.89,75.64,70.93,-4.71,73.12,75.0,62.82,45.35,-17.47,56.25,58.33,26.92,25.58,-1.34,22,1
J08-0395,E. Batalla,e batalla,EXT,EXT,0,Extremo - Direita,Extremo - Direita,Colombia A,Brasil A,A,0,2024,2024,2025,2025,1,2025,Alianza,Juventude,E. Batalla - Alianza - Colombia A,E. Batalla - Juventude - Brasil A,713,1445,9.0,22.0,0,1,237,900,0,0,0,0,-0.0945,-1.5674,-1.473,40.4,11.1,22.0,24.0,2.0,0.0,medida (69 pares),medida (156 pares),22.0,23.0,1.0,0,0,0.091,0.1394,-1.564,0.2035,-1.7709,única; único,única; único,57,57,0,22.22,18.5,71.05,41.23,-29.82,1.26,1.56,33.33,36.84,3.51,5.93,3.67,74.56,35.96,-38.6,1.01,0.19,81.58,23.68,-57.9,1.39,1.43,50.0,18.42,-31.58,2.65,2.87,16.67,21.93,5.26,13.38,15.57,13.16,16.67,3.51,0.88,2.12,9.65,20.18,10.53,0.08,0.11,28.07,9.65,-18.42,0.63,0.31,74.56,15.79,-58.77,20.83,19.99,23.68,16.67,-7.01,3.41,4.42,14.91,35.96,21.05,74.55,73.52,34.21,20.18,-14.03,44.32,44.11,62.28,44.74,-17.54,20.0,20.0,21.05,14.91,-6.14,68.0,58.57,78.07,55.26,-22.81,57.45,52.54,67.54,41.23,-26.31,27.27,52.17,34.21,97.37,63.16,9.091,17.391,63.16,86.84,23.68,40.0,34.88,63.16,67.54,4.38,80.95,73.91,55.26,51.75,-3.51,52.94,67.65,18.42,25.44,7.02,22,1
J08-0396,Gabriel Honório,gabriel honorio,EXT,EXT,0,Extremo - Direita,Extremo - Direita,Coreia B,Brasil C,C,0,2023,2023,2025,2025,2,2025,Seongnam,Botafogo PB,Gabriel Honório - Seongnam - Coreia B,Gabriel Honório - Botafogo PB - Brasil C,2128,1050,29.0,17.0,0,0,853,616,0,0,0,0,1.6097,1.8619,0.252,95.2,88.1,27.0,29.0,3.0,0.0,medida (34 pares),medida (70 pares),27.0,28.0,1.0,-1,0,-0.0687,-0.0074,0.3207,0.6646,1.1973,única; único,única; único,38,44,0,35.19,25.89,96.05,94.32,-1.73,1.65,1.11,14.47,7.95,-6.52,10.91,6.51,98.68,98.86,0.18,0.59,0.17,25.0,19.32,-5.68,2.88,1.97,98.68,69.32,-29.36,4.82,3.6,85.53,53.41,-32.12,18.23,18.17,59.21,71.59,12.38,2.58,1.11,43.42,6.82,-36.6,0.26,0.11,86.84,39.77,-47.07,0.59,0.34,76.32,57.95,-18.37,27.96,22.8,59.21,46.59,-12.62,4.02,6.17,17.11,71.59,54.48,75.04,77.82,40.79,67.05,26.26,39.66,43.38,19.74,55.68,35.94,20.51,38.46,17.11,60.23,43.12,58.1,58.11,38.16,57.95,19.79,51.55,47.37,40.79,28.41,-12.38,41.18,34.78,52.63,69.32,16.69,11.765,8.696,48.68,53.41,4.73,48.84,46.15,90.79,96.59,5.8,83.33,73.81,96.05,48.86,-47.19,66.32,75.0,53.95,69.32,15.37,22,1
J08-0397,F. Torres,f torres,EXT,EXT,0,Extremo - Direita,Extremo - Direita,EUA,Brasil A,A,0,2024,2024,2025,2025,1,2025,Orlando City,Palmeiras,F. Torres - Orlando City - EUA,F. Torres - Palmeiras - Brasil A,3406,1825,37.0,29.0,0,0,900,900,0,0,0,0,2.0128,-0.3439,-2.357,80.6,36.1,26.0,26.0,0.0,0.0,medida (132 pares),medida (156 pares),24.0,25.0,1.0,0,0,0.0306,0.0,-2.3876,1.1307,-1.4746,única; único,única; homônimo resolvido pelo clube,66,57,0,12.63,14.6,9.85,11.4,1.55,1.64,2.32,55.3,64.04,8.74,2.19,2.52,18.94,14.91,-4.03,0.21,0.3,16.67,42.98,26.31,1.9,1.53,58.33,25.44,-32.89,5.81,4.83,90.15,72.81,-17.34,37.13,25.79,93.18,81.58,-11.6,3.83,2.52,70.45,41.23,-29.22,0.35,0.18,78.03,49.12,-28.91,0.48,0.59,51.52,69.3,17.78,44.29,33.63,94.7,83.33,-11.37,3.7,3.8,15.91,14.91,-1.0,84.31,84.9,84.09,95.61,11.52,43.51,44.59,56.06,53.51,-2.55,35.48,27.66,71.97,42.98,-28.99,58.41,58.82,58.33,57.02,-1.31,49.4,54.9,32.58,50.0,17.42,51.39,45.16,88.64,90.35,1.71,22.222,19.355,97.73,95.61,-2.12,31.97,33.33,58.33,60.53,2.2,79.55,75.51,81.06,62.28,-18.78,80.27,76.06,90.15,65.79,-24.36,22,1
J08-0398,A. Gómez,a gomez,EXT,EXT,0,Extremo - Direita,Extremo - Direita,EUA,Brasil A,A,0,2024,2024,2025,2025,1,2025,Real Salt Lake,Vasco da Gama,A. Gómez - Real Salt Lake - EUA,A. Gómez - Vasco da Gama - Brasil A,2000,1123,23.0,16.0,0,0,900,900,0,0,0,0,2.6331,0.9225,-1.711,90.3,83.3,23.0,23.0,0.0,0.0,medida (132 pares),medida (156 pares),21.0,22.0,1.0,0,0,0.091,0.0,-1.802,1.4037,-0.4812,única; único,única; único,66,57,0,25.29,21.72,97.73,74.56,-23.17,1.13,1.76,29.55,46.49,16.94,8.19,5.21,97.73,78.07,-19.66,1.13,0.88,94.7,95.61,0.91,2.93,2.16,91.67,76.32,-15.35,4.46,2.8,66.67,18.42,-48.25,22.05,15.95,55.3,18.42,-36.88,4.37,3.93,88.64,93.86,5.22,0.36,0.21,81.06,61.4,-19.66,0.95,0.64,96.21,79.82,-16.39,27.5,19.72,47.73,14.91,-32.82,6.39,4.25,79.55,28.95,-50.6,70.05,70.73,8.33,11.4,3.07,42.53,39.48,43.18,9.65,-33.53,20.0,13.64,24.24,6.14,-18.1,63.57,44.64,94.7,4.39,-90.31,51.65,60.0,46.21,76.32,30.11,50.77,37.04,84.09,48.25,-35.84,20.0,3.704,90.15,17.54,-72.61,28.07,35.56,32.58,74.56,41.98,74.75,62.86,44.7,12.28,-32.42,75.51,77.78,71.97,77.19,5.22,22,1
J08-0399,C. Olivera,c olivera,EXT,EXT,0,Extremo - Direita,Extremo - Esquerda,EUA,Brasil A,A,0,2024,2024,2025,2025,1,2025,Los Angeles FC,Grêmio,C. Olivera - Los Angeles FC - EUA,C. Olivera - Grêmio - Brasil A,2145,1409,25.0,22.0,0,0,900,900,0,0,0,0,-1.2956,-2.1336,-0.838,3.2,2.1,24.0,24.0,0.0,0.0,medida (132 pares),medida (156 pares),22.0,23.0,1.0,0,0,0.091,0.0,-0.929,-0.325,-1.8086,única; único,única; único,66,57,0,19.47,21.91,76.52,76.32,-0.2,1.55,2.56,51.52,69.3,17.78,5.33,5.88,85.61,85.09,-0.52,0.63,0.64,59.85,81.58,21.73,2.56,1.66,81.82,39.47,-42.35,2.64,3.83,14.39,53.51,39.12,16.28,16.54,11.36,20.18,8.82,4.28,1.72,87.12,8.77,-78.35,0.31,0.16,72.73,38.6,-34.13,0.55,0.26,56.82,8.77,-48.05,20.9,19.48,12.88,11.4,-1.48,5.66,5.56,64.39,63.16,-1.23,72.89,72.46,17.42,18.42,1.0,46.77,42.27,87.12,30.7,-56.42,16.22,20.0,11.36,14.91,3.55,58.06,55.79,53.03,44.74,-8.29,61.42,51.09,91.67,34.21,-57.46,50.82,38.46,85.61,62.28,-23.33,11.475,7.692,40.15,38.6,-1.55,29.9,35.0,42.42,69.3,26.88,85.71,60.0,96.21,4.39,-91.82,56.67,73.68,17.42,46.49,29.07,22,1
J08-0400,Felipe Anderson,felipe anderson,EXT,EXT,0,Extremo - Direita,Extremo - Esquerda,Italia A,Brasil A,A,0,2024,2024,2025,2025,1,2025,Lazio,Palmeiras,Felipe Anderson - Lazio - Italia A,Felipe Anderson - Palmeiras - Brasil A,2159,1934,27.0,31.0,0,0,639,900,0,0,0,0,2.8168,0.0468,-2.77,91.3,59.6,30.0,33.0,2.0,0.0,medida (122 pares),medida (156 pares),30.0,32.0,2.0,1,0,-0.411,-0.2232,-2.359,1.4845,-1.4377,única; único,única; único,34,57,0,19.59,16.52,39.71,27.19,-12.52,1.21,0.93,29.41,10.53,-18.88,4.21,3.16,25.0,28.95,3.95,1.13,0.51,63.24,70.18,6.94,0.96,1.72,4.41,50.0,45.59,5.29,5.72,75.0,90.35,15.35,30.64,27.08,86.76,83.33,-3.43,2.54,1.58,36.76,6.14,-30.62,0.13,0.12,20.59,15.79,-4.8,0.88,0.33,92.65,20.18,-72.47,38.27,38.95,89.71,92.11,2.4,8.3,7.21,98.53,90.35,-8.18,78.0,83.51,42.65,93.86,51.21,46.38,49.3,66.18,86.84,20.66,37.93,45.0,67.65,80.7,13.05,64.46,58.91,80.88,58.77,-22.11,47.52,54.41,30.88,48.25,17.37,26.09,29.73,27.94,21.93,-6.01,13.043,10.811,80.88,55.26,-25.62,19.15,26.47,10.29,32.46,22.17,72.44,72.36,27.94,42.98,15.04,64.47,70.51,42.65,39.47,-3.18,22,1
J08-0401,K. Serna,k serna,EXT,EXT,0,Extremo - Direita,Extremo - Esquerda,Peru,Brasil A,A,0,2023,2023,2024,2024,1,2024,ADT,Fluminense,K. Serna - ADT - Peru,K. Serna - Fluminense - Brasil A,3613,962,36.0,16.0,0,0,876,900,0,0,0,0,2.3395,1.0976,-1.242,96.4,78.3,25.0,28.0,3.0,0.0,medida (70 pares),medida (113 pares),25.0,26.0,1.0,0,0,-0.0553,-0.1193,-1.1867,1.2745,-0.1769,única; único,única; único,44,58,0,25.51,25.17,96.59,83.62,-12.97,2.09,2.99,64.77,78.45,13.68,10.81,6.83,98.86,81.9,-16.96,2.67,1.03,98.86,93.97,-4.89,2.02,1.68,62.5,47.41,-15.09,3.81,2.71,46.59,8.62,-37.97,11.18,17.59,10.23,23.28,13.05,3.56,3.84,96.59,93.1,-3.49,0.18,0.29,46.59,92.24,45.65,0.85,0.84,96.59,93.97,-2.62,17.44,24.42,12.5,28.45,15.95,4.73,6.74,60.23,81.9,21.67,64.43,67.82,3.41,0.86,-2.55,46.19,44.61,69.32,57.76,-11.56,55.95,34.38,96.59,62.07,-34.52,63.7,60.29,92.05,57.76,-34.29,50.0,52.05,30.68,38.79,8.11,49.38,38.89,89.77,50.0,-39.77,7.407,16.667,32.95,87.07,54.12,41.08,31.91,89.77,42.24,-47.53,80.39,75.86,67.05,40.52,-26.53,69.23,52.63,43.18,0.86,-42.32,22,1
J08-0402,Nuno Moreira,nuno moreira,EXT,EXT,0,Extremo - Direita,Extremo - Esquerda,Portugal A,Brasil A,A,0,2024,2024,2025,2025,1,2025,Casa Pia AC,Vasco da Gama,Nuno Moreira - Casa Pia AC - Portugal A,Nuno Moreira - Vasco da Gama - Brasil A,1348,2744,20.0,36.0,0,0,568,900,0,0,0,0,-1.2816,1.7725,3.054,15.4,87.2,24.0,27.0,2.0,0.0,medida (44 pares),medida (156 pares),24.0,26.0,2.0,1,0,-0.0247,-0.0241,3.0787,-0.3188,2.0913,única; único,única; único,50,57,0,18.09,14.56,35.0,9.65,-25.35,1.6,1.21,45.0,20.18,-24.82,3.87,2.66,43.0,16.67,-26.33,0.2,0.52,7.0,72.81,65.81,2.14,1.12,61.0,4.39,-56.61,4.27,4.99,67.0,76.32,9.32,19.9,28.6,69.0,90.35,21.35,2.34,2.03,45.0,16.67,-28.33,0.2,0.1,55.0,6.14,-48.86,0.47,0.36,43.0,27.19,-15.81,25.97,36.44,65.0,90.35,25.35,7.01,4.99,85.0,44.74,-40.26,77.38,82.99,57.0,92.11,35.11,45.39,43.47,63.0,41.23,-21.77,29.17,37.84,45.0,68.42,23.42,57.32,53.73,71.0,35.96,-35.04,48.28,59.26,39.0,68.42,29.42,28.13,50.0,19.0,94.74,75.74,3.125,20.588,11.0,97.37,86.37,39.13,26.67,81.0,35.96,-45.04,79.69,76.97,67.0,69.3,2.3,66.13,79.66,43.0,83.33,40.33,22,1
J08-0403,Gabriel Silva,gabriel silva,EXT,EXT,0,Extremo - Esquerda,Extremo - Esquerda,Portugal A,Brasil C,C,0,2025,2025,jun26,2026,1,2026,Santa Clara,Barra,Gabriel Silva - Santa Clara - Portugal A,Gabriel Silva - Barra - Brasil C,2939,504,32.0,7.0,1,0,805,213,0,0,1,0,0.6745,-0.259,-0.933,74.5,40.0,24.0,27.0,0.0,0.0,medida (116 pares),referência,23.0,27.0,4.0,3,1,-0.0494,-0.0241,-0.8836,0.5419,-0.8009,única; único,única; único,54,50,0,21.74,19.29,63.89,57.0,-6.89,2.97,3.57,76.85,77.0,0.15,3.86,2.14,52.78,35.0,-17.78,0.7,0.71,82.41,89.0,6.59,2.48,2.14,87.96,57.0,-30.96,2.14,4.82,8.33,77.0,68.67,10.84,20.54,8.33,75.0,66.67,2.39,1.43,56.48,21.0,-35.48,0.26,0.11,82.41,40.0,-42.41,0.34,0.54,38.89,72.0,33.11,15.07,25.18,2.78,67.0,64.22,3.83,3.57,10.19,20.0,9.81,67.48,75.89,6.48,55.0,48.52,40.56,37.96,17.59,15.0,-2.59,31.96,20.0,39.81,21.0,-18.81,58.5,45.83,54.63,21.0,-33.63,48.41,41.67,34.26,27.0,-7.26,28.4,33.33,19.44,47.0,27.56,7.407,0.0,34.26,25.0,-9.26,34.21,44.44,67.59,83.0,15.41,68.57,85.19,36.11,87.0,50.89,58.82,67.74,12.96,57.0,44.04,22,0
J08-0404,F. Amuzu,f amuzu,EXT,EXT,0,Extremo - Esquerda,Extremo - Esquerda,Belgica A,Brasil A,A,0,2024,2024,2025,2025,1,2025,Anderlecht,Grêmio,F. Amuzu - Anderlecht - Belgica A,F. Amuzu - Grêmio - Brasil A,653,1270,12.0,22.0,0,1,663,900,0,1,0,0,-0.4373,0.5899,1.027,34.3,74.5,24.0,26.0,2.0,0.0,medida (58 pares),medida (156 pares),24.0,25.0,1.0,0,0,0.0306,0.0337,0.9964,0.0527,0.5372,única; único,única; único,32,57,0,22.33,16.94,50.0,32.46,-17.54,0.96,1.28,15.62,23.68,8.06,8.13,6.24,87.5,88.6,1.1,1.93,0.14,100.0,14.91,-85.09,2.62,2.98,90.62,99.12,8.5,2.76,2.69,6.25,14.91,8.66,15.71,18.43,21.88,39.47,17.59,3.31,2.48,53.12,35.96,-17.16,0.24,0.21,71.88,61.4,-10.48,0.55,0.5,37.5,54.39,16.89,22.47,23.67,12.5,30.7,18.2,2.76,2.55,3.12,4.39,1.27,80.37,79.64,71.88,62.28,-9.6,46.91,46.86,87.5,72.81,-14.69,28.57,16.67,43.75,9.65,-34.1,58.82,62.5,53.12,78.95,25.83,61.02,64.77,93.75,95.61,1.86,31.58,40.48,15.62,75.44,59.82,15.789,9.524,75.0,51.75,-23.25,24.0,28.57,26.56,46.49,19.93,85.0,60.53,100.0,7.89,-92.11,100.0,70.0,100.0,37.72,-62.28,22,1
J08-0405,Maurício Garcez,mauricio garcez,EXT,EXT,0,Extremo - Esquerda,Extremo - Esquerda,Brasil A,Brasil B,B,1,2023,2023,2024,2024,1,2024,Coritiba,Avaí,Maurício Garcez - Coritiba - Brasil A,Maurício Garcez - Avaí - Brasil B,692,2570,14.0,33.0,0,1,900,900,0,1,0,0,-0.749,-0.8222,-0.073,25.0,17.5,29.0,29.0,0.0,0.0,medida (82 pares),medida (76 pares),26.0,27.0,1.0,0,0,-0.0553,0.0,-0.0177,-0.0845,-0.7377,única; único,única; único,59,60,0,23.41,23.81,67.8,84.17,16.37,7.15,8.12,100.0,99.17,-0.83,3.77,3.43,30.51,32.5,1.99,0.52,0.28,19.49,32.5,13.01,1.82,1.75,55.93,53.33,-2.6,2.08,2.45,2.54,10.83,8.29,9.62,13.03,0.0,12.5,12.5,2.34,3.54,44.92,94.17,49.25,0.17,0.17,45.76,55.83,10.07,0.13,0.21,0.0,23.33,23.33,15.22,17.4,0.0,5.83,5.83,4.94,4.87,32.2,49.17,16.97,72.65,75.65,8.47,40.83,32.36,44.44,40.29,52.54,24.17,-28.37,41.82,40.09,84.75,82.5,-2.25,64.86,54.03,98.31,25.83,-72.48,44.83,55.1,6.78,52.5,45.72,14.29,32.0,1.69,39.17,37.48,7.143,10.0,41.53,55.83,14.3,40.0,35.71,80.51,69.17,-11.34,68.75,58.57,10.17,4.17,-6.0,57.14,60.0,3.39,16.67,13.28,22,1
J08-0406,Marcos Paulo,marcos paulo,EXT,EXT,0,Extremo - Esquerda,Extremo - Esquerda,Brasil A,Brasil B,B,1,2023,2023,2025,2025,2,2025,São Paulo,Operário PR,Marcos Paulo - São Paulo - Brasil A,Marcos Paulo - Operário PR - Brasil B,617,630,15.0,11.0,1,1,900,900,1,1,0,0,0.2226,0.0,-0.223,68.2,51.4,25.0,25.0,0.0,0.0,medida (82 pares),medida (111 pares),22.0,24.0,2.0,0,0,0.1216,0.0,-0.3446,0.396,-0.396,única; único,única; único,59,56,0,24.94,18.57,84.75,48.21,-36.54,2.48,1.57,67.8,33.04,-34.76,5.4,2.0,59.32,21.43,-37.89,0.15,0.0,1.69,2.68,0.99,1.6,0.71,42.37,1.79,-40.58,4.23,4.86,45.76,82.14,36.38,21.44,18.86,47.46,42.86,-4.6,4.23,2.14,100.0,48.21,-51.79,0.16,0.2,43.22,62.5,19.28,0.88,0.14,94.92,4.46,-90.46,28.01,28.14,47.46,76.79,29.33,6.86,6.43,79.66,92.86,13.2,78.13,80.71,35.59,75.0,39.41,36.84,47.69,0.0,89.29,89.29,29.41,45.45,37.29,92.86,55.57,48.65,55.56,25.42,52.68,27.26,51.35,64.29,33.9,83.93,50.03,36.36,60.0,50.0,100.0,50.0,18.182,20.0,94.07,99.11,5.04,0.0,28.57,0.0,27.68,27.68,82.76,70.59,80.51,33.93,-46.58,80.0,60.71,78.81,23.21,-55.6,22,1
J08-0407,Marcelinho,marcelinho,EXT,EXT,0,Extremo - Esquerda,Extremo - Esquerda,Brasil B,Brasil A,A,1,2023,2023,2024,2024,1,2024,Tombense,Juventude,Marcelinho - Tombense - Brasil B,Marcelinho - Juventude - Brasil A,1901,1237,35.0,26.0,0,0,900,900,0,0,0,0,1.3792,-0.848,-2.227,93.1,13.0,20.0,23.0,2.0,0.0,medida (60 pares),medida (113 pares),19.0,21.0,2.0,1,0,0.2806,0.387,-2.5076,0.8519,-1.6999,única; homônimo resolvido pelo clube,única; único,57,58,0,18.37,17.83,30.7,30.17,-0.53,1.56,1.75,19.3,45.69,26.39,5.63,4.22,65.79,50.0,-15.79,1.18,0.51,64.91,52.59,-12.32,2.98,2.26,93.86,76.72,-17.14,3.6,3.13,44.74,16.38,-28.36,19.69,14.19,74.56,9.48,-65.08,2.41,1.6,44.74,14.66,-30.08,0.18,0.14,60.53,32.76,-27.77,0.47,0.22,56.14,13.79,-42.35,25.71,18.77,67.54,6.03,-61.51,4.36,5.02,28.95,40.52,11.57,72.01,76.74,18.42,28.45,10.03,49.23,47.35,95.61,80.17,-15.44,18.18,33.33,14.91,56.03,41.12,61.76,56.92,86.84,40.52,-46.32,63.03,53.45,88.6,49.14,-39.46,23.81,35.48,13.16,33.62,20.46,6.349,6.452,39.47,30.17,-9.3,29.23,50.0,35.96,96.55,60.59,80.26,67.44,67.54,14.66,-52.88,61.43,69.7,25.44,38.79,13.35,22,1
J08-0408,Marcelinho,marcelinho,EXT,EXT,0,Extremo - Esquerda,Extremo - Esquerda,Brasil A,Brasil B,B,1,2024,2024,2025,2025,1,2025,Juventude,Atlético GO,Marcelinho - Juventude - Brasil A,Marcelinho - Atlético GO - Brasil B,1237,1150,26.0,14.0,0,0,900,900,0,0,0,0,-0.848,0.8765,1.724,13.0,81.1,23.0,23.0,0.0,0.0,medida (113 pares),medida (111 pares),21.0,22.0,1.0,0,0,0.091,0.0,1.633,-0.128,1.0045,única; único,homônimo resolvido por qz+minutos; homônimo resolvido pelo clube,58,56,0,17.83,20.58,30.17,84.82,54.65,1.75,1.25,45.69,20.54,-25.15,4.22,6.03,50.0,95.54,45.54,0.51,0.47,52.59,76.79,24.2,2.26,2.74,76.72,86.61,9.89,3.13,4.7,16.38,81.25,64.87,14.19,19.02,9.48,50.0,40.52,1.6,1.57,14.66,15.18,0.52,0.14,0.22,32.76,70.54,37.78,0.22,0.7,13.79,90.18,76.39,18.77,25.12,6.03,49.11,43.08,5.02,3.91,40.52,16.96,-23.56,76.74,74.77,28.45,33.04,4.59,47.35,50.95,80.17,99.11,18.94,33.33,18.75,56.03,7.14,-48.89,56.92,66.0,40.52,97.32,56.8,53.45,68.83,49.14,97.32,48.18,35.48,42.86,33.62,86.61,52.99,6.452,14.286,30.17,89.29,59.12,50.0,34.04,96.55,58.04,-38.51,67.44,83.33,14.66,86.61,71.95,69.7,69.77,38.79,58.04,19.25,22,1
J08-0409,Marcelinho,marcelinho,EXT,EXT,0,Extremo - Direita,Extremo - Direita,Brasil B,Brasil C,C,1,2025,2025,jun26,2026,1,2026,Paysandu,Barra,Marcelinho - Paysandu - Brasil B,Marcelinho - Barra - Brasil C,882,497,21.0,8.0,1,1,900,213,0,1,1,0,0.4983,-0.7202,-1.218,79.6,32.0,27.0,27.0,0.0,0.0,medida (111 pares),referência,26.0,27.0,1.0,0,0,-0.0553,0.0,-1.1627,0.4644,-1.1846,homônimo resolvido por qz+minutos; homônimo resolvido pelo clube,única; homônimo resolvido pelo clube,56,50,0,19.69,18.83,69.64,53.0,-16.64,2.76,3.98,69.64,83.0,13.36,5.0,1.99,82.14,26.0,-56.14,0.61,0.36,90.18,65.0,-25.18,3.57,2.35,100.0,73.0,-27.0,3.88,1.99,61.61,11.0,-50.61,16.33,15.21,21.43,31.0,9.57,1.84,1.63,33.93,25.0,-8.93,0.12,0.26,25.0,78.0,53.0,0.41,0.54,55.36,72.0,16.64,21.94,18.83,26.79,13.0,-13.79,6.22,5.25,91.96,69.0,-22.96,76.28,73.08,41.07,41.0,-0.07,44.04,42.31,55.36,43.0,-12.36,11.11,13.64,0.0,9.0,9.0,61.36,61.29,78.57,68.0,-10.57,59.18,45.45,66.07,31.0,-35.07,20.0,38.46,5.36,59.0,53.64,2.857,7.692,12.5,57.0,44.5,33.33,25.0,50.89,34.0,-16.89,71.05,36.36,33.93,3.0,-30.93,66.67,37.5,46.43,6.0,-40.43,22,1
J08-0410,Lucas Cardoso,lucas cardoso,EXT,EXT,0,Extremo - Esquerda,Extremo - Esquerda,Brasil B,Brasil C,C,1,2023,2023,jun26,2026,3,2026,Botafogo SP,Paysandu,Lucas Cardoso - Botafogo SP - Brasil B,Lucas Cardoso - Paysandu - Brasil C,1586,310,29.0,8.0,1,0,900,213,0,0,1,0,0.0449,-0.4206,-0.465,55.2,36.0,23.0,25.0,2.0,0.0,medida (60 pares),referência,22.0,25.0,3.0,0,0,0.1522,0.183,-0.6172,0.4042,-0.8248,única; único,única; único,57,50,0,20.15,19.45,48.25,62.0,13.75,2.27,3.77,37.72,79.0,41.28,4.99,3.77,58.77,61.0,2.23,0.91,0.0,51.75,16.0,-35.75,1.7,1.16,35.09,21.0,-14.09,4.99,3.19,83.33,37.0,-46.33,14.58,15.39,18.42,33.0,14.58,2.55,2.03,56.14,36.0,-20.14,0.16,0.18,50.88,67.0,16.12,0.62,0.0,85.09,15.0,-70.09,22.19,21.19,34.21,39.0,4.79,5.05,6.39,42.98,83.0,40.02,74.68,75.34,41.23,51.0,9.77,43.38,40.3,48.25,29.0,-19.25,40.0,38.46,85.96,67.0,-18.96,59.78,76.92,76.32,97.0,20.68,47.73,61.54,18.42,76.0,57.58,33.33,75.0,50.0,95.0,45.0,0.0,0.0,6.14,25.0,18.86,48.48,20.0,97.37,25.0,-72.37,79.55,72.73,62.28,45.0,-17.28,53.85,63.64,6.14,41.0,34.86,22,1
J08-0411,Kleiton,kleiton,EXT,EXT,0,Extremo - Esquerda,Extremo - Esquerda,Brasil B,Brasil C,C,1,2025,2025,jun26,2026,1,2026,Operário PR,Paysandu,Kleiton - Operário PR - Brasil B,Kleiton - Paysandu - Brasil C,609,616,15.0,7.0,1,1,900,213,0,1,1,0,-0.7186,-0.0595,0.659,24.3,48.0,27.0,27.0,0.0,0.0,medida (111 pares),referência,26.0,27.0,1.0,0,0,-0.0553,0.0,0.7143,-0.0711,0.0116,única; único,única; único,56,50,0,25.27,28.64,98.21,99.0,0.79,7.09,6.28,100.0,97.0,-3.0,4.14,3.36,71.43,55.0,-16.43,0.15,0.29,21.43,53.0,31.57,1.92,2.34,50.0,71.0,21.0,1.33,1.31,1.79,3.0,1.21,9.75,11.4,0.0,7.0,7.0,2.81,3.94,69.64,95.0,25.36,0.22,0.17,70.54,63.0,-7.54,0.15,0.29,5.36,51.0,45.64,13.74,17.68,0.0,9.0,9.0,5.17,5.11,69.64,67.0,-2.64,82.8,82.64,89.29,93.0,3.71,36.26,36.73,5.36,9.0,3.64,39.58,37.21,78.57,63.0,-15.57,58.33,68.18,61.61,89.0,27.39,42.86,39.13,7.14,19.0,11.86,15.38,50.0,3.57,80.0,76.43,0.0,25.0,5.36,88.0,82.64,0.0,28.57,0.0,48.0,48.0,44.44,77.78,0.0,61.0,61.0,75.0,60.0,76.79,36.0,-40.79,22,1
J08-0412,Paulo Baya,paulo baya,EXT,EXT,0,Extremo - Esquerda,Extremo - Esquerda,Brasil B,Brasil A,A,1,2024,2024,2025,2025,1,2025,Goiás,Ceará,Paulo Baya - Goiás - Brasil B,Paulo Baya - Ceará - Brasil A,2169,582,33.0,19.0,1,0,900,900,1,0,0,0,1.2189,-0.6732,-1.892,85.0,31.9,26.0,26.0,0.0,0.0,medida (76 pares),medida (156 pares),24.0,25.0,1.0,0,0,0.0306,0.0,-1.9226,0.7814,-1.4546,única; único,única; único,60,57,0,14.56,12.22,4.17,5.26,1.09,1.83,1.86,27.5,47.37,19.87,3.98,2.94,49.17,23.68,-25.49,0.79,0.93,82.5,96.49,13.99,2.78,2.16,94.17,76.32,-17.85,4.07,3.4,67.5,35.09,-32.41,17.63,18.87,49.17,42.11,-7.06,1.66,2.78,25.0,50.0,25.0,0.17,0.13,55.83,21.05,-34.78,0.46,0.62,75.83,74.56,-1.27,23.03,24.9,39.17,49.12,9.95,3.82,2.78,14.17,5.26,-8.91,73.87,73.29,32.5,19.3,-13.2,44.73,39.24,52.5,7.89,-44.61,38.64,16.67,79.17,9.65,-69.52,60.56,57.89,62.5,52.63,-9.87,57.29,63.16,60.83,92.98,32.15,31.34,50.0,35.83,94.74,58.91,10.448,7.143,60.83,33.33,-27.5,37.97,40.0,79.17,85.96,6.79,71.43,63.64,28.33,14.04,-14.29,71.15,37.5,50.83,0.0,-50.83,22,1
J08-0413,Felipinho,felipinho,EXT,EXT,0,Extremo - Esquerda,Extremo - Direita,Brasil B,Brasil C,C,1,2023,2023,2024,2024,1,2024,Avaí,Tombense,Felipinho - Avaí - Brasil B,Felipinho - Tombense - Brasil C,1049,705,24.0,11.0,1,0,900,592,0,0,0,0,0.445,0.3826,-0.062,72.4,61.4,21.0,23.0,2.0,0.0,medida (60 pares),medida (53 pares),20.0,21.0,1.0,0,0,0.1403,0.0958,-0.2023,0.4409,-0.0583,única; homônimo resolvido pelo clube,homônimo resolvido por qz+minutos; homônimo resolvido pelo clube,57,49,0,27.45,26.04,92.11,82.65,-9.46,3.26,1.66,72.81,21.43,-51.38,6.35,4.09,79.82,52.04,-27.78,0.51,0.38,24.56,33.67,9.11,2.4,2.43,83.33,82.65,-0.68,2.75,4.21,27.19,72.45,45.26,14.76,15.45,20.18,27.55,7.37,2.49,2.43,50.0,66.33,16.33,0.27,0.16,92.11,48.98,-43.13,0.09,0.13,2.63,19.39,16.76,18.7,23.23,14.91,43.88,28.97,8.15,6.0,97.37,73.47,-23.9,72.94,72.53,32.46,23.47,-8.99,36.88,43.14,7.89,54.08,46.19,13.16,23.08,4.39,19.39,15.0,52.83,56.52,37.72,58.16,20.44,41.89,37.5,7.89,7.14,-0.75,28.57,31.58,28.07,41.84,13.77,7.143,10.526,42.11,63.27,21.16,35.29,25.0,56.14,21.43,-34.71,68.75,72.73,9.65,36.73,27.08,50.0,60.0,3.51,25.51,22.0,22,1
J08-0414,MV,mv,EXT,EXT,0,Extremo - Esquerda,Extremo - Esquerda,Brasil C,Brasil B,B,1,2024,2024,2025,2025,1,2025,Volta Redonda,Volta Redonda,MV - Volta Redonda - Brasil C,MV - Volta Redonda - Brasil B,2119,1757,22.0,22.0,0,0,592,900,0,0,0,0,1.3552,-0.321,-1.676,91.1,40.5,27.0,27.0,0.0,0.0,medida (53 pares),medida (111 pares),25.0,26.0,1.0,0,0,-0.0553,0.0,-1.6207,0.8414,-1.1624,única; único,única; único,49,56,0,17.67,16.8,19.39,38.39,19.0,1.53,1.13,17.35,16.96,-0.39,3.99,3.64,50.0,63.39,13.39,0.51,0.2,56.12,27.68,-28.44,2.38,2.41,78.57,72.32,-6.25,2.8,2.2,23.47,9.82,-13.65,14.19,16.39,19.39,22.32,2.93,1.61,2.61,27.55,66.96,39.41,0.18,0.19,60.2,58.04,-2.16,0.25,0.2,44.9,8.04,-36.86,18.86,19.72,17.35,18.75,1.4,3.78,3.48,17.35,8.04,-9.31,73.65,82.6,33.67,88.39,54.72,44.71,47.56,66.33,88.39,22.06,30.56,22.73,39.8,15.18,-24.62,49.38,46.51,23.47,6.25,-17.22,58.51,67.61,72.45,93.75,21.3,41.07,34.04,74.49,50.89,-23.6,5.357,6.383,23.47,36.61,13.14,33.33,33.33,58.16,50.89,-7.27,72.73,79.07,36.73,70.54,33.81,56.67,84.62,19.39,97.32,77.93,22,1
J08-0415,MV,mv,EXT,EXT,0,Extremo - Esquerda,Extremo - Direita,Brasil B,Brasil C,C,1,2025,2025,jun26,2026,1,2026,Volta Redonda,Volta Redonda,MV - Volta Redonda - Brasil B,MV - Volta Redonda - Brasil C,1757,298,22.0,4.0,1,0,900,213,0,0,1,0,-0.321,-1.0611,-0.74,40.5,16.0,27.0,27.0,0.0,0.0,medida (111 pares),referência,26.0,27.0,1.0,0,0,-0.0553,0.0,-0.6847,0.1039,-1.165,única; único,única; único,56,50,0,16.8,12.08,38.39,3.0,-35.39,1.13,1.21,16.96,13.0,-3.96,3.64,3.02,63.39,51.0,-12.39,0.2,0.0,27.68,16.0,-11.68,2.41,1.81,72.32,41.0,-31.32,2.2,2.11,9.82,13.0,3.18,16.39,16.91,22.32,51.0,28.68,2.61,0.6,66.96,5.0,-61.96,0.19,0.2,58.04,71.0,12.96,0.2,0.0,8.04,15.0,6.96,19.72,21.44,18.75,45.0,26.25,3.48,2.42,8.04,5.0,-3.04,82.6,87.32,88.39,99.0,10.61,47.56,37.5,88.39,13.0,-75.39,22.73,25.0,15.18,35.0,19.82,46.51,27.27,6.25,5.0,-1.25,67.61,40.0,93.75,23.0,-70.75,34.04,33.33,50.89,47.0,-3.89,6.383,0.0,36.61,25.0,-11.61,33.33,0.0,50.89,5.0,-45.89,79.07,71.43,70.54,40.0,-30.54,84.62,87.5,97.32,87.0,-10.32,22,1
J08-0416,Iago Teles,iago teles,EXT,EXT,0,Extremo - Esquerda,Extremo - Esquerda,Brasil C,Brasil B,B,1,2025,2025,jun26,2026,1,2026,Londrina,Londrina,Iago Teles - Londrina - Brasil C,Iago Teles - Londrina - Brasil B,2005,852,21.0,10.0,1,0,616,284,0,0,1,0,3.8535,1.1787,-2.675,100.0,77.3,25.0,25.0,0.0,0.0,medida (70 pares),referência,24.0,25.0,1.0,0,0,0.0306,0.0,-2.7056,1.9406,-0.7619,única; único,única; único,44,43,0,25.36,23.56,89.77,87.21,-2.56,2.69,3.49,64.77,84.88,20.11,4.17,3.91,62.5,56.98,-5.52,0.18,0.11,22.73,27.91,5.18,3.5,2.96,96.59,98.84,2.25,4.4,3.38,82.95,56.98,-25.97,17.15,17.01,54.55,54.65,0.1,2.38,2.11,80.68,40.7,-39.98,0.28,0.17,94.32,54.65,-39.67,0.4,0.42,63.64,52.33,-11.31,22.58,23.03,42.05,56.98,14.93,4.71,5.28,51.14,82.56,31.42,78.53,80.73,76.14,66.28,-9.86,47.96,47.53,85.23,73.26,-11.97,43.33,36.36,80.68,79.07,-1.61,45.08,51.79,12.5,36.05,23.55,67.74,83.78,89.77,96.51,6.74,29.49,42.86,48.86,68.6,19.74,8.974,7.143,55.68,50.0,-5.68,35.71,25.0,71.59,36.05,-35.54,74.49,71.88,53.41,33.72,-19.69,74.07,68.75,64.77,52.33,-12.44,22,1
J08-0417,Giovanny,giovanny,EXT,EXT,0,Extremo - Esquerda,Extremo - Esquerda,Bulgaria,Brasil A,A,0,2024,2024,2025,2025,1,2025,Lokomotiv Plovdiv,Juventude,Giovanny - Lokomotiv Plovdiv - Bulgaria,Giovanny - Juventude - Brasil A,1710,763,20.0,19.0,1,0,545,900,1,0,0,0,4.0,-0.9034,-4.903,100.0,27.7,26.0,28.0,2.0,0.0,medida (56 pares),medida (156 pares),26.0,27.0,1.0,0,0,-0.0553,-0.0615,-4.8477,2.0051,-2.9085,única; único,única; único,43,57,0,13.37,17.69,3.49,38.6,35.11,0.79,0.94,2.33,12.28,9.95,5.26,3.77,66.28,38.6,-27.68,0.74,0.24,59.3,32.46,-26.84,2.16,1.89,77.91,60.53,-17.38,7.05,5.43,96.51,85.96,-10.55,33.89,24.53,98.84,75.44,-23.4,2.05,2.12,43.02,20.18,-22.84,0.26,0.08,82.56,2.63,-79.93,0.68,0.59,90.7,69.3,-21.4,42.16,28.43,98.84,64.91,-33.93,3.53,5.66,5.81,66.67,60.86,80.65,77.18,87.21,35.09,-52.12,45.28,40.0,73.26,14.04,-59.22,13.33,25.0,9.3,35.96,26.66,62.07,56.0,70.93,47.37,-23.56,51.0,34.38,59.3,0.0,-59.3,41.46,18.75,63.95,1.75,-62.2,14.634,0.0,77.91,6.14,-71.77,37.5,40.0,70.93,85.96,15.03,79.85,69.57,73.26,31.58,-41.68,61.82,46.67,36.05,0.0,-36.05,22,1
J08-0418,Jader,jader,EXT,EXT,0,Extremo - Esquerda,Extremo - Direita,Chile,Brasil B,B,0,2024,2024,2025,2025,1,2025,Universidad Católica,Cuiabá,Jader - Universidad Católica - Chile,Jader - Cuiabá - Brasil B,419,700,8.0,14.0,1,1,711,900,1,1,0,0,-1.1449,-1.104,0.041,11.4,8.2,22.0,22.0,0.0,0.0,medida (99 pares),medida (111 pares),20.0,21.0,1.0,0,0,0.1403,0.0,-0.0993,-0.2587,-0.8453,única; único,única; único,42,56,0,15.68,17.49,19.05,41.07,22.02,1.29,2.06,22.62,48.21,25.59,1.5,2.57,7.14,30.36,23.22,0.43,0.26,35.71,43.75,8.04,1.5,1.93,44.05,50.0,5.95,4.3,3.6,47.62,46.43,-1.19,16.97,21.86,39.29,75.0,35.71,1.07,2.06,2.38,44.64,42.26,0.13,0.22,20.24,70.54,50.3,0.21,0.13,19.05,3.57,-15.48,22.98,24.43,28.57,46.43,17.86,5.16,5.4,47.62,78.57,30.95,80.37,82.63,92.86,89.29,-3.57,49.32,41.91,97.62,39.29,-58.33,66.67,18.75,100.0,7.14,-92.86,70.0,56.52,92.86,53.57,-39.29,85.71,40.0,100.0,3.57,-96.43,14.29,40.0,2.38,78.57,76.19,14.286,13.333,78.57,83.93,5.36,50.0,50.0,96.43,98.21,1.78,75.0,71.43,29.76,37.5,7.74,61.11,74.07,35.71,75.0,39.29,22,1
J08-0419,J. Herrera,j herrera,EXT,EXT,0,Extremo - Direita,Extremo - Direita,Argentina A,Brasil A,A,0,2024,2024,2025,2025,1,2025,Argentinos Juniors,Fortaleza,J. Herrera - Argentinos Juniors - Argentina A,J. Herrera - Fortaleza - Brasil A,213,1157,8.0,19.0,0,1,213,900,0,0,0,0,1.272,0.013,-1.259,88.9,55.6,20.0,23.0,2.0,0.0,medida (108 pares),medida (156 pares),20.0,22.0,2.0,1,0,0.2313,0.387,-1.4903,0.8048,-0.7918,única; homônimo resolvido pelo clube,única; único,63,57,0,30.42,22.48,92.86,79.82,-13.04,5.07,3.58,91.27,86.84,-4.43,6.76,4.59,72.22,67.54,-4.68,2.11,0.54,89.68,76.32,-13.36,0.85,2.72,16.67,95.61,78.94,2.96,3.27,23.02,32.46,9.44,21.55,19.29,69.05,44.74,-24.31,0.85,2.41,11.9,27.19,15.29,0.13,0.22,46.03,69.3,23.27,0.0,0.31,11.11,15.79,4.68,30.0,24.81,70.63,46.49,-24.14,3.8,6.53,13.49,86.84,73.35,78.87,73.98,83.33,23.68,-59.65,37.5,46.37,15.08,69.3,54.22,25.0,47.83,42.06,88.6,46.54,61.54,59.52,78.57,62.28,-16.29,43.75,55.93,23.02,51.75,28.73,0.0,28.57,6.35,19.3,12.95,0.0,5.714,27.78,25.44,-2.34,33.33,19.23,59.52,11.4,-48.12,57.14,64.29,10.32,14.91,4.59,83.33,46.88,86.51,0.88,-85.63,22,1
J08-0420,D. Vera,d vera,EXT,EXT,0,Extremo - Esquerda,Extremo - Esquerda,Equador A,Brasil B,B,0,2025,2025,jun26,2026,1,2026,Técnico Universitario,Athletic Club,D. Vera - Técnico Universitario - Equador A,D. Vera - Athletic Club - Brasil B,2506,379,32.0,8.0,1,0,900,284,0,0,1,0,0.5096,-0.3919,-0.902,74.4,36.4,23.0,23.0,0.0,0.0,medida (116 pares),referência,22.0,23.0,1.0,0,0,0.091,0.0,-0.993,0.4693,-0.8612,única; único,única; único,42,43,0,23.77,18.76,96.43,68.6,-27.83,0.79,1.66,10.71,48.84,38.13,5.6,3.56,91.67,40.7,-50.97,0.22,0.24,38.1,56.98,18.88,2.01,0.95,70.24,8.14,-62.1,4.6,3.32,36.9,52.33,15.43,17.71,13.06,25.0,12.79,-12.21,1.98,1.9,32.14,26.74,-5.4,0.13,0.1,41.67,25.58,-16.09,0.47,0.47,46.43,59.3,12.87,23.77,21.61,22.62,47.67,25.05,7.29,5.94,96.43,91.86,-4.57,72.81,75.82,36.9,40.7,3.8,45.02,37.97,55.95,17.44,-38.51,31.82,28.57,48.81,59.3,10.49,55.71,51.72,27.38,33.72,6.34,53.21,53.33,58.33,38.37,-19.96,39.29,50.0,53.57,82.56,28.99,7.143,25.0,30.95,97.67,66.72,21.21,25.0,8.33,36.05,27.72,72.66,85.71,15.48,89.53,74.05,53.92,58.33,5.95,25.58,19.63,22,1
J08-0421,Lucas Paquetà,lucas paqueta,EXT,EXT,0,Extremo - Esquerda,Extremo - Direita,Inglaterra A,Brasil A,A,0,2024,2024,jun26,2026,2,2026,West Ham United,Flamengo,Lucas Paquetà - West Ham United - Inglaterra A,Lucas Paquetà - Flamengo - Brasil A,1810,924,20.0,12.0,0,0,639,426,0,0,1,0,-0.0098,1.2552,1.265,50.0,91.3,26.0,28.0,2.0,0.0,medida (123 pares),referência,26.0,28.0,2.0,0,0,-0.124,-0.0615,1.389,0.351,0.9042,única; único,única; único,53,46,0,29.49,22.21,93.4,90.22,-3.18,3.83,2.82,91.51,88.04,-3.47,2.73,1.46,8.49,14.13,5.64,0.4,0.1,9.43,7.61,-1.82,1.14,2.44,10.38,88.04,77.66,8.5,7.31,99.06,94.57,-4.49,30.08,38.67,86.79,96.74,9.95,1.74,1.75,8.49,18.48,9.99,0.16,0.24,24.53,86.96,62.43,0.9,0.49,82.08,57.61,-24.47,44.01,47.14,95.28,96.74,1.46,8.3,6.92,99.06,90.22,-8.84,78.98,84.3,48.11,83.7,35.59,44.69,48.68,68.87,77.17,8.3,41.56,44.83,83.96,88.04,4.08,64.81,57.97,91.51,72.83,-18.68,61.82,53.33,83.96,42.39,-41.57,21.74,32.0,0.94,31.52,30.58,8.696,12.0,30.19,55.43,25.24,40.91,28.57,78.3,48.91,-29.39,77.78,80.0,55.66,76.09,20.43,65.99,82.93,34.91,83.7,48.79,22,1
J08-0422,Getúlio,getulio,EXT,EXT,0,Extremo - Esquerda,Extremo - Esquerda,Japao B,Brasil C,C,0,2023,2023,jun26,2026,3,2026,Ventforet Kofu,Inter de Limeira,Getúlio - Ventforet Kofu - Japao B,Getúlio - Inter de Limeira - Brasil C,954,315,24.0,7.0,1,0,900,213,0,0,1,0,0.0,-0.714,-0.714,51.5,32.0,26.0,28.0,2.0,0.0,medida (91 pares),referência,25.0,28.0,3.0,0,0,-0.1793,-0.0615,-0.5347,0.4004,-1.1144,única; único,única; único,62,50,0,23.68,15.43,85.48,29.0,-56.48,8.21,5.14,97.58,93.0,-4.58,2.08,0.86,21.77,7.0,-14.77,0.19,0.0,5.65,16.0,10.35,1.79,1.43,73.39,31.0,-42.39,2.83,4.29,7.26,67.0,59.74,8.02,14.57,0.81,25.0,24.19,2.74,2.57,63.71,59.0,-4.71,0.28,0.09,86.29,25.0,-61.29,0.28,0.0,20.16,15.0,-5.16,14.53,21.14,0.81,37.0,36.19,8.87,6.0,94.35,79.0,-15.35,68.83,74.32,10.48,45.0,34.52,39.04,46.3,19.35,71.0,51.65,34.48,44.44,65.32,77.0,11.68,52.0,66.67,16.94,83.0,66.06,50.0,66.67,40.32,88.0,47.68,26.32,20.0,21.77,12.0,-9.77,15.789,0.0,71.77,25.0,-46.77,44.44,0.0,78.23,5.0,-73.23,76.67,80.0,75.0,70.0,-5.0,45.0,64.29,2.42,43.0,40.58,22,1
J08-0423,Jefferson Nem,jefferson nem,EXT,EXT,0,Extremo - Direita,Extremo - Esquerda,Portugal C,Brasil B,B,0,2024,2024,2025,2025,1,2025,Lusitania FC Lourosa,Botafogo SP,Jefferson Nem - Lusitania FC Lourosa - Portugal C,Jefferson Nem - Botafogo SP - Brasil B,1514,2512,19.0,31.0,0,0,521,900,0,0,0,0,2.6266,-0.3415,-2.968,100.0,37.8,27.0,30.0,2.0,0.0,medida (41 pares),medida (111 pares),27.0,29.0,2.0,1,0,-0.1374,-0.1226,-2.8306,1.4008,-1.7423,única; único,única; único,41,56,0,24.08,18.88,67.07,53.57,-13.5,2.08,1.97,56.1,45.54,-10.56,6.0,4.3,71.95,72.32,0.37,0.89,0.25,62.2,41.07,-21.13,2.68,1.79,89.02,43.75,-45.27,6.3,3.26,91.46,36.61,-54.85,22.05,20.28,79.27,65.18,-14.09,2.91,1.86,76.83,34.82,-42.01,0.24,0.13,73.17,31.25,-41.92,0.65,0.21,85.37,9.82,-75.55,33.65,29.63,91.46,81.25,-10.21,5.94,4.94,40.24,59.82,19.58,78.09,80.89,67.07,75.89,8.82,43.46,43.07,45.12,52.68,7.56,37.14,34.55,71.95,61.61,-10.34,62.35,57.89,84.15,58.93,-25.22,53.47,57.5,62.2,58.04,-4.16,37.78,38.0,59.76,69.64,9.88,8.889,6.0,47.56,31.25,-16.31,24.32,31.58,18.29,43.75,25.46,70.75,63.74,28.05,8.04,-20.01,62.96,67.14,50.0,47.32,-2.68,22,1
J08-0424,J. Lavega,j lavega,EXT,EXT,0,Extremo - Esquerda,Extremo - Esquerda,Uruguai,Brasil A,A,0,2023,2023,jun26,2026,3,2026,River Plate,Coritiba,J. Lavega - River Plate - Uruguai,J. Lavega - Coritiba - Brasil A,1659,947,29.0,17.0,0,0,876,426,0,0,1,0,-0.9252,-1.0742,-0.149,21.7,26.1,18.0,21.0,3.0,0.0,medida (47 pares),referência,18.0,21.0,3.0,0,0,0.6146,0.5824,-0.7636,0.3216,-1.3958,única; único,única; único,39,46,0,17.31,10.36,19.23,3.26,-15.97,2.28,1.52,50.0,61.96,11.96,3.85,0.95,26.92,5.43,-21.49,1.08,0.29,53.85,26.09,-27.76,1.36,1.24,29.49,17.39,-12.1,3.8,3.04,29.49,27.17,-2.32,14.7,17.39,39.74,22.83,-16.91,2.33,1.43,47.44,11.96,-35.48,0.11,0.23,26.92,82.61,55.69,0.27,0.29,20.51,25.0,4.49,20.99,21.86,24.36,16.3,-8.06,4.67,4.18,19.23,31.52,12.29,60.47,74.78,6.41,27.17,20.76,40.13,45.87,26.92,53.26,26.34,28.57,25.0,42.31,30.43,-11.88,60.98,59.18,62.82,81.52,18.7,49.3,80.0,32.05,98.91,66.86,32.0,53.85,39.74,88.04,48.3,4.0,38.462,23.08,96.74,73.66,33.73,33.33,65.38,60.87,-4.51,74.29,56.25,47.44,5.43,-42.01,42.5,43.48,8.97,1.09,-7.88,22,1
J08-0425,E. Mancuso,e mancuso,LAT,LAT,0,Lateral Direito,Lateral Esquerdo,Argentina A,Brasil A,A,0,2023,2023,2024,2024,1,2024,Estudiantes,Fortaleza,E. Mancuso - Estudiantes - Argentina A,E. Mancuso - Fortaleza - Brasil A,1468,1010,23.0,12.0,0,0,900,900,0,0,0,0,-0.1112,-0.8004,-0.689,45.7,25.0,24.0,27.0,3.0,0.0,medida (91 pares),medida (113 pares),24.0,25.0,1.0,0,0,0.0243,-0.0227,-0.7133,0.0868,-0.8872,única; único,única; único,90,67,0,20.29,16.57,77.22,66.42,-10.8,2.51,0.71,45.0,2.24,-42.76,2.64,1.07,70.56,23.13,-47.43,0.18,0.36,10.56,65.67,55.11,1.29,1.25,93.89,87.31,-6.58,8.03,6.33,47.22,17.16,-30.06,26.36,23.17,76.11,21.64,-54.47,2.15,0.53,97.22,18.66,-78.56,0.09,0.05,95.56,57.46,-38.1,0.55,0.45,92.78,80.6,-12.18,37.95,32.61,78.33,23.13,-55.2,10.85,10.07,76.11,81.34,5.23,76.09,78.42,62.78,30.6,-32.18,50.15,47.31,29.44,5.22,-24.22,31.71,50.0,8.33,54.48,46.15,65.71,57.69,65.0,11.19,-53.81,48.84,33.33,26.11,0.75,-25.36,33.33,35.71,69.44,73.88,4.44,4.762,7.143,63.33,63.43,0.1,34.85,42.86,51.67,91.79,40.12,70.99,64.79,50.56,9.7,-40.86,55.56,59.18,10.56,5.22,-5.34,22,1
J08-0426,Gabriel Inocêncio,gabriel inocencio,LAT,LAT,0,Lateral Esquerdo,Lateral Direito,Brasil A,Brasil B,B,1,2024,2024,2025,2025,1,2025,Juventude,Chapecoense,Gabriel Inocêncio - Juventude - Brasil A,Gabriel Inocêncio - Chapecoense - Brasil B,1027,566,17.0,14.0,1,0,900,900,1,0,0,0,-1.2575,0.5067,1.764,13.6,65.9,31.0,31.0,0.0,0.0,medida (113 pares),medida (111 pares),29.0,30.0,1.0,0,0,-0.1028,0.0,1.8668,-0.3965,0.9032,única; único,única; único,67,68,0,20.59,19.4,90.3,97.06,6.76,3.07,2.86,75.37,61.03,-14.34,3.59,3.66,93.28,92.65,-0.63,1.05,0.8,99.25,97.06,-2.19,0.26,1.11,11.19,86.76,75.57,4.47,5.72,0.75,8.82,8.07,23.22,18.45,23.13,5.88,-17.25,0.09,1.91,0.75,97.06,96.31,0.01,0.09,13.43,86.03,72.6,0.26,1.11,41.79,100.0,58.21,32.86,23.85,27.61,1.47,-26.14,7.8,6.2,39.55,16.18,-23.37,84.53,76.67,85.82,42.65,-43.17,51.06,42.62,30.6,1.47,-29.13,60.0,27.78,91.79,4.41,-87.38,57.83,61.11,12.69,49.26,36.57,56.1,56.52,47.01,48.53,1.52,33.33,71.43,69.4,98.53,29.13,0.0,14.286,19.4,94.12,74.72,35.29,47.62,36.57,97.06,60.49,60.78,63.89,3.73,7.35,3.62,80.49,80.0,88.81,97.06,8.25,22,1
J08-0427,Cicinho,cicinho,LAT,LAT,0,Lateral Direito,Lateral Direito,Brasil A,Brasil C,C,1,2023,2023,2025,2025,2,2025,Bahia,Guarani,Cicinho - Bahia - Brasil A,Cicinho - Guarani - Brasil C,875,898,13.0,12.0,1,1,900,616,0,1,0,0,-0.5686,2.1197,2.688,25.0,91.3,37.0,37.0,0.0,0.0,medida (82 pares),medida (70 pares),34.0,36.0,2.0,0,0,-0.4515,0.0,3.1395,0.089,2.0307,única; único,única; único,62,47,0,20.47,21.75,77.42,98.94,21.52,2.26,2.81,40.32,60.64,20.32,3.5,2.61,80.65,92.55,11.9,0.31,0.0,27.42,8.51,-18.91,0.41,0.3,26.61,18.09,-8.52,5.66,8.92,12.9,67.02,54.12,22.01,22.95,22.58,52.13,29.55,0.51,0.9,13.71,69.15,55.44,0.05,0.05,72.58,79.79,7.21,0.1,0.6,1.61,86.17,84.56,31.06,34.88,17.74,60.64,42.9,8.95,10.52,53.23,94.68,41.45,77.15,78.45,22.58,67.02,44.44,50.25,48.39,24.19,15.96,-8.23,59.09,35.71,91.13,18.09,-73.04,57.5,60.71,30.65,37.23,6.58,64.71,57.69,66.13,50.0,-16.13,50.0,0.0,91.13,12.77,-78.36,0.0,0.0,21.77,35.11,13.34,16.67,29.17,4.84,24.47,19.63,69.09,64.04,24.19,15.96,-8.23,77.78,67.31,77.42,50.0,-27.42,22,1
J08-0428,Mateus Henrique,mateus henrique,LAT,LAT,0,Lateral Direito,Lateral Direito,Brasil A,Brasil B,B,1,2023,2023,2024,2024,1,2024,América Mineiro,América Mineiro,Mateus Henrique - América Mineiro - Brasil A,Mateus Henrique - América Mineiro - Brasil B,612,2585,12.0,29.0,0,1,900,900,0,1,0,0,0.0035,2.8816,2.878,52.3,100.0,23.0,23.0,0.0,0.0,medida (82 pares),medida (76 pares),20.0,21.0,1.0,0,0,0.0816,0.0,2.7964,0.1352,2.7464,única; único,única; único,62,63,0,18.82,17.09,62.9,62.7,-0.2,2.21,1.78,37.9,13.49,-24.41,1.32,1.71,25.81,57.94,32.13,0.59,0.21,52.42,53.17,0.75,0.29,0.59,12.9,38.89,25.99,10.0,11.49,90.32,96.03,5.71,24.12,43.59,35.48,99.21,63.73,0.74,0.63,37.1,41.27,4.17,0.06,0.03,79.03,48.41,-30.62,0.44,0.35,63.71,80.95,17.24,33.09,57.17,24.19,99.21,75.02,12.21,10.65,95.16,89.68,-5.48,76.44,81.97,16.13,80.16,64.03,53.13,52.55,51.61,29.37,-22.24,53.33,64.71,77.42,96.03,18.61,48.48,57.85,3.23,23.02,19.79,55.56,48.98,45.16,23.02,-22.14,0.0,11.76,5.65,11.9,6.25,0.0,0.0,21.77,22.22,0.45,66.67,31.68,100.0,34.13,-65.87,66.18,77.58,12.9,81.75,68.85,69.57,75.39,35.48,84.92,49.44,22,1
J08-0429,Diogo Batista,diogo batista,LAT,LAT,0,Lateral Direito,Lateral Direito,Brasil A,Brasil C,C,1,2023,2023,2024,2024,1,2024,Coritiba,Remo,Diogo Batista - Coritiba - Brasil A,Diogo Batista - Remo - Brasil C,602,1555,11.0,17.0,0,1,900,592,0,1,0,0,-0.7096,2.2004,2.91,20.5,97.8,22.0,22.0,0.0,0.0,medida (82 pares),medida (53 pares),19.0,20.0,1.0,0,0,0.0816,0.0,2.8284,-0.1655,2.3659,única; único,única; único,62,60,0,15.85,18.41,43.55,75.83,32.28,1.64,2.2,9.68,32.5,22.82,1.79,1.62,41.94,45.83,3.89,0.15,0.23,8.06,39.17,31.11,0.9,1.33,80.65,89.17,8.52,8.67,5.5,75.81,5.83,-69.98,24.52,16.61,35.48,0.83,-34.65,0.75,1.45,37.1,97.5,60.4,0.03,0.05,41.13,71.67,30.54,0.45,0.52,64.52,86.67,22.15,33.19,25.76,24.19,4.17,-20.02,10.32,9.67,82.26,65.0,-17.26,73.42,66.29,6.45,0.83,-5.62,45.28,47.48,3.23,10.83,7.6,45.45,18.42,44.35,0.83,-43.52,54.24,63.83,8.06,60.83,52.77,41.67,46.43,6.45,10.83,4.38,33.33,13.04,62.9,35.83,-27.07,0.0,4.348,21.77,65.83,44.06,35.71,34.85,61.29,59.17,-2.12,70.69,70.53,30.65,32.5,1.85,59.46,48.19,3.23,2.5,-0.73,22,1
J08-0430,Diogo Batista,diogo batista,LAT,LAT,0,Lateral Direito,Lateral Direito,Brasil C,Brasil B,B,1,2025,2025,jun26,2026,1,2026,CSA,Athletic Club,Diogo Batista - CSA - Brasil C,Diogo Batista - Athletic Club - Brasil B,322,916,6.0,10.0,0,1,616,284,0,1,1,0,3.7047,-2.3659,-6.071,100.0,6.1,22.0,22.0,0.0,0.0,medida (70 pares),referência,21.0,22.0,1.0,0,0,0.0523,0.0,-6.1233,1.6956,-4.0615,única; único,única; único,47,63,0,22.64,17.39,100.0,83.33,-16.67,0.56,2.16,0.0,57.94,57.94,1.96,1.28,76.6,30.95,-45.65,0.28,0.0,71.28,17.46,-53.82,0.84,1.08,70.21,81.75,11.54,9.5,6.19,74.47,24.6,-49.87,21.8,22.21,46.81,26.19,-20.62,1.96,0.49,97.87,23.02,-74.85,0.01,0.04,13.83,58.73,44.9,0.84,0.29,97.87,57.94,-39.93,32.98,28.4,53.19,13.49,-39.7,10.06,7.27,91.49,50.0,-41.49,68.64,73.36,6.38,11.9,5.52,56.79,50.28,78.72,34.13,-44.59,50.0,18.18,55.32,6.35,-48.97,60.47,61.36,36.17,54.76,18.59,57.14,53.85,48.94,43.65,-5.29,0.0,36.36,12.77,70.63,57.86,0.0,9.091,35.11,81.75,46.64,50.0,21.05,97.87,24.6,-73.27,79.41,69.84,85.11,42.06,-43.05,64.71,50.0,31.91,7.14,-24.77,22,1
J08-0431,Mateusinho,mateusinho,LAT,LAT,0,Lateral Direito,Lateral Direito,Brasil A,Brasil B,B,1,2023,2023,2025,2025,2,2025,Cuiabá,Cuiabá,Mateusinho - Cuiabá - Brasil A,Mateusinho - Cuiabá - Brasil B,508,2859,5.0,31.0,0,1,900,900,0,1,0,0,-0.5491,3.1825,3.732,27.3,97.7,27.0,27.0,0.0,0.0,medida (82 pares),medida (111 pares),24.0,26.0,2.0,0,0,-0.0574,0.0,3.7894,0.0925,3.09,única; único,única; único,62,68,0,19.13,16.46,63.71,78.68,14.97,2.66,3.75,56.45,87.5,31.05,2.13,2.33,58.06,77.21,19.15,1.06,0.35,88.71,75.0,-13.71,0.89,1.04,79.84,81.62,1.78,10.45,7.96,90.32,56.62,-33.7,24.09,22.13,35.48,19.85,-15.63,1.24,0.91,74.19,55.88,-18.31,0.09,0.06,89.52,71.32,-18.2,0.53,0.69,79.84,93.38,13.54,35.79,31.64,41.94,22.79,-19.15,9.92,7.62,74.19,50.74,-23.45,76.73,71.74,19.35,9.56,-9.79,55.56,51.63,77.42,34.56,-42.86,66.67,54.62,98.39,78.68,-19.71,58.0,52.5,30.65,12.5,-18.15,41.67,55.41,6.45,41.91,35.46,40.0,33.33,79.84,63.24,-16.6,20.0,12.121,91.94,90.44,-1.5,41.67,38.03,80.65,61.03,-19.62,71.19,74.7,33.87,59.56,25.69,83.87,58.55,91.94,19.85,-72.09,22,1
J08-0432,Willean Lepo,willean lepo,LAT,LAT,0,Lateral Direito,Lateral Direito,Brasil B,Brasil A,A,1,2023,2023,2024,2024,1,2024,Grêmio Novorizontino,Vitória,Willean Lepo - Grêmio Novorizontino - Brasil B,Willean Lepo - Vitória - Brasil A,3055,2052,33.0,28.0,0,0,900,900,0,0,0,0,0.291,0.3029,0.012,61.1,60.5,26.0,29.0,2.0,0.0,medida (60 pares),medida (113 pares),25.0,27.0,2.0,1,0,-0.1634,-0.2081,0.1754,0.2564,0.0465,única; único,única; único,74,67,0,21.0,22.46,92.57,96.27,3.7,4.21,4.47,87.16,94.78,7.62,3.65,3.9,92.57,94.78,2.21,0.59,0.75,62.84,96.27,33.43,0.71,0.44,62.84,24.63,-38.21,9.04,7.76,73.65,47.01,-26.64,23.86,23.16,41.22,20.15,-21.07,1.44,1.18,93.92,63.43,-30.49,0.04,0.03,62.16,38.81,-23.35,0.68,0.26,99.32,41.79,-57.53,36.29,35.18,54.73,42.54,-12.19,9.16,11.4,68.24,97.76,29.52,73.78,78.55,12.84,32.09,19.25,47.27,52.73,6.08,42.54,36.46,52.45,48.04,53.38,48.51,-4.87,63.04,67.53,73.65,80.6,6.95,50.0,58.43,18.24,57.46,39.22,20.83,40.0,46.62,82.84,36.22,0.0,0.0,32.43,19.4,-13.03,37.79,40.0,58.78,74.63,15.85,79.8,64.97,89.86,11.19,-78.67,65.17,67.74,26.35,29.1,2.75,22,1
J08-0433,Willean Lepo,willean lepo,LAT,LAT,0,Lateral Direito,Lateral Esquerdo,Brasil A,Brasil B,B,1,2024,2024,2025,2025,1,2025,Vitória,Goiás,Willean Lepo - Vitória - Brasil A,Willean Lepo - Goiás - Brasil B,2052,2962,28.0,31.0,0,0,900,900,0,0,0,0,0.3029,1.2625,0.96,60.5,90.0,29.0,29.0,0.0,0.0,medida (113 pares),medida (111 pares),27.0,28.0,1.0,0,0,-0.1006,0.0,1.0606,0.2614,1.0011,única; único,única; único,67,68,0,22.46,21.15,96.27,99.26,2.99,4.47,3.1,94.78,74.26,-20.52,3.9,5.14,94.78,97.79,3.01,0.75,0.46,96.27,88.24,-8.03,0.44,0.79,24.63,58.82,34.19,7.76,9.39,47.01,83.09,36.08,23.16,23.85,20.15,31.62,11.47,1.18,1.31,63.43,83.82,20.39,0.03,0.04,38.81,57.35,18.54,0.26,0.49,41.79,73.53,31.74,35.18,37.46,42.54,59.56,17.02,11.4,8.3,97.76,63.97,-33.79,78.55,75.1,32.09,28.68,-3.41,52.73,47.27,42.54,11.03,-31.51,48.04,47.06,48.51,54.41,5.9,67.53,58.0,80.6,25.74,-54.86,58.43,54.44,57.46,38.97,-18.49,40.0,42.31,82.84,81.62,-1.22,0.0,3.846,19.4,55.88,36.48,40.0,37.65,74.63,59.56,-15.07,64.97,76.7,11.19,75.74,64.55,67.74,75.53,29.1,86.03,56.93,22,1
J08-0434,Reginaldo,reginaldo,LAT,LAT,0,Lateral Direito,Lateral Direito,Brasil B,Brasil A,A,1,2023,2023,2025,2025,2,2025,Juventude,Juventude,Reginaldo - Juventude - Brasil B,Reginaldo - Juventude - Brasil A,3040,1299,33.0,18.0,0,0,900,900,0,0,0,0,-0.5829,-0.1857,0.397,27.8,46.9,30.0,33.0,2.0,0.0,medida (60 pares),medida (156 pares),29.0,32.0,3.0,1,0,-0.2984,-0.2241,0.6954,0.0865,-0.2722,única; único,única; único,74,72,0,13.35,9.21,11.49,0.69,-10.8,3.2,1.45,60.81,9.72,-51.09,1.69,0.9,39.86,24.31,-15.55,0.89,0.69,91.22,99.31,8.09,0.27,0.28,16.22,7.64,-8.58,5.42,5.75,3.38,15.97,12.59,23.27,22.93,37.16,24.31,-12.85,0.56,0.35,39.19,3.47,-35.72,0.01,0.01,18.92,11.81,-7.11,0.41,0.48,76.35,75.69,-0.66,30.82,29.45,18.24,10.42,-7.82,5.92,5.89,0.68,7.64,6.96,78.96,82.12,52.7,63.19,10.49,49.89,54.14,22.3,67.36,45.06,38.89,47.62,9.46,50.0,40.54,57.23,63.93,29.05,72.92,43.87,56.14,46.15,38.51,20.14,-18.37,11.11,50.0,23.65,88.89,65.24,0.0,0.0,32.43,22.92,-9.51,27.73,48.08,11.49,95.14,83.65,72.68,69.88,47.97,40.97,-7.0,76.83,82.35,87.16,89.58,2.42,22,1
J08-0435,Reginaldo,reginaldo,LAT,LAT,0,Lateral Direito,Lateral Direito,Brasil A,Brasil B,B,1,2025,2025,jun26,2026,1,2026,Juventude,Náutico,Reginaldo - Juventude - Brasil A,Reginaldo - Náutico - Brasil B,1299,429,18.0,5.0,1,0,900,284,0,0,1,0,-0.1857,1.626,1.812,46.9,97.0,33.0,33.0,0.0,0.0,medida (156 pares),referência,32.0,33.0,1.0,0,0,-0.0928,0.0,1.9048,0.0554,1.5706,única; único,única; único,72,63,0,9.21,7.76,0.69,0.79,0.1,1.45,1.68,9.72,34.13,24.41,0.9,0.42,24.31,7.14,-17.17,0.69,0.42,99.31,85.71,-13.6,0.28,0.21,7.64,23.81,16.17,5.75,9.02,15.97,83.33,67.36,22.93,29.37,24.31,81.75,57.44,0.35,0.84,3.47,51.59,48.12,0.01,0.04,11.81,58.73,46.92,0.48,0.21,75.69,40.48,-35.21,29.45,38.6,10.42,76.98,66.56,5.89,6.5,7.64,30.95,23.31,82.12,82.07,63.19,73.81,10.62,54.14,64.86,67.36,92.86,25.5,47.62,50.0,50.0,42.06,-7.94,63.93,88.24,72.92,99.21,26.29,46.15,100.0,20.14,96.83,76.69,50.0,100.0,88.89,94.44,5.55,0.0,100.0,22.92,99.21,76.29,48.08,40.0,95.14,63.49,-31.65,69.88,76.74,40.97,75.4,34.43,82.35,92.0,89.58,92.86,3.28,22,1
J08-0436,Pedro Costa,pedro costa,LAT,LAT,0,Lateral Direito,Lateral Direito,Brasil B,Brasil C,C,1,2023,2023,2024,2024,1,2024,Tombense,Tombense,Pedro Costa - Tombense - Brasil B,Pedro Costa - Tombense - Brasil C,2853,1083,34.0,12.0,0,0,900,592,0,0,0,0,3.4201,0.5831,-2.837,94.4,68.9,30.0,32.0,2.0,0.0,medida (60 pares),medida (53 pares),29.0,30.0,1.0,0,0,-0.1028,-0.1585,-2.7342,1.5756,-0.9925,única; único,única; único,74,60,0,18.96,15.54,83.11,39.17,-43.94,2.18,1.25,14.19,2.5,-11.69,4.54,2.91,97.97,89.17,-8.8,1.29,0.66,99.32,87.5,-11.82,0.44,0.17,38.51,12.5,-26.01,10.09,15.87,91.22,99.17,7.95,25.27,35.48,51.35,95.83,44.48,0.63,0.42,54.05,40.0,-14.05,0.02,0.0,39.19,6.67,-32.52,0.5,0.66,87.16,97.5,10.34,36.72,47.29,60.14,99.17,39.03,9.18,9.31,69.59,55.83,-13.76,73.37,78.03,7.43,55.83,48.4,49.92,57.22,23.65,74.17,50.52,40.58,40.0,14.19,28.33,14.14,62.98,66.67,72.3,77.5,5.2,52.08,60.0,27.7,50.83,23.13,28.57,50.0,64.19,86.67,22.48,7.143,0.0,82.43,31.67,-50.76,38.64,50.0,64.19,94.17,29.98,72.19,75.92,45.27,70.83,25.56,71.15,70.71,65.54,64.17,-1.37,22,1
J08-0437,Pedro Costa,pedro costa,LAT,LAT,0,Lateral Direito,Lateral Direito,Brasil C,Brasil B,B,1,2024,2024,2025,2025,1,2025,Tombense,Remo,Pedro Costa - Tombense - Brasil C,Pedro Costa - Remo - Brasil B,1083,681,12.0,13.0,1,0,592,900,1,0,0,0,0.5831,-0.4725,-1.056,68.9,34.1,32.0,32.0,0.0,0.0,medida (53 pares),medida (111 pares),30.0,31.0,1.0,0,0,-0.1028,0.0,-0.9532,0.3795,-0.852,única; único,única; único,60,68,0,15.54,15.46,39.17,69.85,30.68,1.25,1.98,2.5,30.88,28.38,2.91,1.72,89.17,52.21,-36.96,0.66,0.26,87.5,58.09,-29.41,0.17,0.13,12.5,4.41,-8.09,15.87,6.74,99.17,29.41,-69.76,35.48,17.58,95.83,1.47,-94.36,0.42,0.4,40.0,8.82,-31.18,0.0,0.0,6.67,5.88,-0.79,0.66,0.53,97.5,80.88,-16.62,47.29,26.96,99.17,1.47,-97.7,9.31,9.12,55.83,80.88,25.05,78.03,69.61,55.83,7.35,-48.48,57.22,50.43,74.17,25.0,-49.17,40.0,46.67,28.33,49.26,20.93,66.67,64.15,77.5,69.12,-8.38,60.0,46.15,50.83,14.71,-36.12,50.0,0.0,86.67,5.15,-81.52,0.0,0.0,31.67,25.74,-5.93,50.0,38.46,94.17,64.71,-29.46,75.92,70.59,70.83,35.29,-35.54,70.71,70.0,64.17,67.65,3.48,22,1
J08-0438,Pedro Costa,pedro costa,LAT,LAT,0,Lateral Direito,Lateral Direito,Brasil B,Brasil C,C,1,2025,2025,jun26,2026,1,2026,Remo,Volta Redonda,Pedro Costa - Remo - Brasil B,Pedro Costa - Volta Redonda - Brasil C,681,562,13.0,6.0,1,1,900,213,0,1,1,0,-0.4725,-0.073,0.399,34.1,45.8,32.0,32.0,0.0,0.0,medida (111 pares),referência,31.0,32.0,1.0,0,0,-0.0928,0.0,0.4918,-0.0655,-0.0075,única; único,única; único,68,56,0,15.46,11.21,69.85,15.18,-54.67,1.98,1.44,30.88,11.61,-19.27,1.72,0.96,52.21,37.5,-14.71,0.26,0.48,58.09,90.18,32.09,0.13,0.8,4.41,69.64,65.23,6.74,7.21,29.41,22.32,-7.09,17.58,23.22,1.47,38.39,36.92,0.4,0.0,8.82,3.57,-5.25,0.0,0.02,5.88,49.11,43.23,0.53,0.0,80.88,11.61,-69.27,26.96,29.63,1.47,20.54,19.07,9.12,5.93,80.88,20.54,-60.34,69.61,81.08,7.35,77.68,70.33,50.43,44.29,25.0,5.36,-19.64,46.67,77.78,49.26,95.54,46.28,64.15,65.38,69.12,65.18,-3.94,46.15,50.0,14.71,39.29,24.58,0.0,20.0,5.15,53.57,48.42,0.0,20.0,25.74,94.64,68.9,38.46,28.57,64.71,24.11,-40.6,70.59,84.44,35.29,91.96,56.67,70.0,82.61,67.65,95.54,27.89,22,1
J08-0439,Bruno Tubarão,bruno tubarao,LAT,LAT,0,Lateral Direito,Lateral Direito,Brasil B,Brasil A,A,1,2023,2023,2024,2024,1,2024,Atlético GO,Atlético GO,Bruno Tubarão - Atlético GO - Brasil B,Bruno Tubarão - Atlético GO - Brasil A,2767,1788,34.0,23.0,0,0,900,900,0,0,0,0,4.0,-0.2872,-4.287,100.0,39.5,28.0,31.0,2.0,0.0,medida (60 pares),medida (113 pares),27.0,29.0,2.0,1,0,-0.2012,-0.2659,-4.0858,1.8201,-2.1073,única; único,única; único,74,67,0,17.95,15.0,72.3,44.03,-28.27,3.06,2.42,54.05,55.22,1.17,2.8,2.52,79.73,76.87,-2.86,1.04,0.3,95.95,53.73,-42.22,0.65,0.76,58.11,64.18,6.07,9.3,8.96,79.05,75.37,-3.68,32.17,30.15,88.51,66.42,-22.09,0.85,0.4,65.54,6.72,-58.82,0.04,0.04,62.16,48.51,-13.65,0.42,0.5,79.05,85.07,6.02,44.82,41.28,93.92,69.4,-24.52,8.59,6.64,52.7,12.69,-40.01,83.96,82.2,91.22,66.42,-24.8,52.72,52.68,39.86,39.55,-0.31,53.19,50.0,54.73,54.48,-0.25,59.57,60.68,43.92,27.61,-16.31,70.93,60.0,97.97,65.67,-32.3,50.0,40.0,94.59,82.84,-11.75,10.0,0.0,94.59,19.4,-75.19,39.33,46.58,68.24,94.78,26.54,77.27,76.4,77.7,75.37,-2.33,79.44,81.68,95.27,93.28,-1.99,22,1
J08-0440,Thassio,thassio,LAT,LAT,0,Lateral Direito,Lateral Direito,Brasil B,Brasil C,C,1,2023,2023,2025,2025,2,2025,Botafogo SP,Ituano,Thassio - Botafogo SP - Brasil B,Thassio - Ituano - Brasil C,2404,1518,30.0,16.0,0,0,900,616,0,0,0,0,-0.3088,0.2751,0.584,36.1,58.7,23.0,25.0,2.0,0.0,medida (60 pares),medida (70 pares),22.0,24.0,2.0,0,0,0.0766,0.1462,0.5074,0.1352,0.1399,única; único,única; único,74,47,0,13.44,15.77,14.19,69.15,54.96,2.51,2.61,30.41,47.87,17.46,1.01,2.25,12.84,84.04,71.2,0.52,0.12,55.41,46.81,-8.6,0.49,0.47,41.22,39.36,-1.86,5.73,7.94,7.43,45.74,38.31,16.96,16.3,2.03,7.45,5.42,0.67,0.24,61.49,7.45,-54.04,0.06,0.01,81.08,13.83,-67.25,0.26,0.12,48.65,12.77,-35.88,25.57,25.49,3.38,9.57,6.19,6.63,8.12,8.78,56.38,47.6,76.72,69.3,23.65,7.45,-16.2,48.47,52.63,15.54,43.62,28.08,40.3,47.73,12.84,47.87,35.03,52.26,62.18,11.49,43.62,32.13,66.67,52.63,84.46,37.23,-47.23,30.77,12.5,71.62,28.72,-42.9,7.692,0.0,86.49,35.11,-51.38,38.24,37.78,60.14,64.89,4.75,77.12,65.67,75.0,22.34,-52.66,68.42,52.05,49.32,5.32,-44.0,22,1
J08-0441,Léo Duarte,leo duarte,LAT,LAT,0,Lateral Direito,Lateral Direito,Brasil B,Brasil C,C,1,2023,2023,2025,2025,2,2025,Vila Nova,São Bernardo FC,Léo Duarte - Vila Nova - Brasil B,Léo Duarte - São Bernardo FC - Brasil C,2313,233,29.0,3.0,1,0,900,616,1,0,0,0,-0.8952,-0.8389,0.056,11.1,17.4,24.0,27.0,2.0,0.0,medida (60 pares),medida (70 pares),23.0,26.0,3.0,1,0,-0.0331,-0.0227,0.0891,0.0309,-0.8698,única; único,única; único,74,47,0,20.23,12.75,91.22,27.66,-63.56,4.55,3.48,91.22,82.98,-8.24,2.26,0.39,65.54,3.19,-62.35,0.23,0.0,20.95,8.51,-12.44,0.58,0.39,52.03,29.79,-22.24,10.08,8.88,89.86,65.96,-23.9,24.86,24.72,46.62,65.96,19.34,0.58,0.77,47.3,53.19,5.89,0.02,0.06,39.19,85.11,45.92,0.27,0.0,51.35,1.06,-50.29,35.18,32.45,50.68,48.94,-1.74,10.31,5.79,88.51,6.38,-82.13,74.89,73.81,19.59,29.79,10.2,54.81,39.39,68.24,2.13,-66.11,51.28,33.33,46.62,14.89,-31.73,61.54,50.0,60.14,8.51,-51.63,58.62,0.0,47.97,0.0,-47.97,6.67,100.0,16.89,100.0,83.11,0.0,0.0,32.43,35.11,2.68,35.0,50.0,43.92,97.87,53.95,75.68,56.52,65.54,0.0,-65.54,66.67,50.0,37.84,4.26,-33.58,22,1
J08-0442,Pacheco,pacheco,LAT,LAT,0,Lateral Direito,Lateral Direito,Brasil B,Brasil C,C,1,2024,2024,2025,2025,1,2025,Guarani,Ponte Preta,Pacheco - Guarani - Brasil B,Pacheco - Ponte Preta - Brasil C,1969,1227,24.0,18.0,0,0,900,616,0,0,0,0,-1.1107,-0.4008,0.71,4.3,37.0,35.0,35.0,0.0,0.0,medida (76 pares),medida (70 pares),33.0,34.0,1.0,0,0,-0.1525,0.0,0.8625,-0.3346,-0.0662,única; único,única; único,63,47,0,12.71,10.56,14.29,3.19,-11.1,2.01,2.13,21.43,26.6,5.17,0.96,0.51,16.67,5.32,-11.35,0.18,0.07,46.03,21.28,-24.75,0.41,0.51,19.84,45.74,25.9,10.6,7.78,91.27,40.43,-50.84,30.76,20.76,81.75,35.11,-46.64,0.32,0.59,11.9,38.3,26.4,0.01,0.02,11.9,36.17,24.27,0.27,0.22,51.59,32.98,-18.61,41.73,29.27,81.75,28.72,-53.03,8.36,6.31,42.06,11.7,-30.36,79.96,73.93,59.52,30.85,-28.67,57.91,54.17,94.44,55.32,-39.12,52.27,44.83,54.76,41.49,-13.27,69.93,71.64,89.68,92.55,2.87,61.9,71.43,67.46,85.11,17.65,11.11,57.14,10.32,96.81,86.49,0.0,0.0,22.22,35.11,12.89,38.18,37.04,62.7,58.51,-4.19,75.86,71.7,72.22,43.62,-28.6,65.91,48.57,37.3,3.19,-34.11,22,1
J08-0443,Hereda,hereda,LAT,LAT,0,Lateral Direito,Lateral Direito,Brasil B,Brasil A,A,1,2024,2024,2025,2025,1,2025,CRB,Sport Recife,Hereda - CRB - Brasil B,Hereda - Sport Recife - Brasil A,3078,937,33.0,11.0,0,0,900,900,0,0,0,0,1.395,0.5123,-0.883,91.5,67.3,27.0,27.0,0.0,0.0,medida (76 pares),medida (156 pares),25.0,26.0,1.0,0,0,-0.0817,0.0,-0.8013,0.7218,-0.2095,única; único,única; único,63,72,0,20.29,18.83,89.68,90.97,1.29,3.77,2.5,88.1,69.44,-18.66,3.04,3.36,86.51,93.75,7.24,0.64,0.19,94.44,50.0,-44.44,0.64,1.06,53.17,84.03,30.86,8.63,6.24,62.7,27.08,-35.62,27.25,25.55,61.11,39.58,-21.53,0.99,1.25,73.81,70.14,-3.67,0.02,0.03,29.37,45.14,15.77,0.26,0.58,47.62,88.19,40.57,38.33,35.54,69.05,39.58,-29.47,8.51,8.84,45.24,71.53,26.29,80.55,78.65,69.05,31.25,-37.8,55.91,58.16,78.57,93.75,15.18,54.26,50.0,62.7,60.42,-2.28,65.79,72.0,70.63,99.31,28.68,61.54,68.57,65.87,81.25,15.38,22.73,18.18,45.24,21.53,-23.71,13.636,0.0,88.1,22.92,-65.18,39.83,27.78,67.46,18.06,-49.4,76.61,66.15,75.4,15.97,-59.43,74.25,77.78,80.16,74.31,-5.85,22,1
J08-0444,Hereda,hereda,LAT,LAT,0,Lateral Direito,Lateral Direito,Brasil A,Brasil B,B,1,2025,2025,jun26,2026,1,2026,Sport Recife,CRB,Hereda - Sport Recife - Brasil A,Hereda - CRB - Brasil B,937,834,11.0,9.0,1,0,900,284,0,0,1,0,0.5123,0.1528,-0.359,67.3,60.6,27.0,27.0,0.0,0.0,medida (156 pares),referência,26.0,27.0,1.0,0,0,-0.0817,0.0,-0.2773,0.3497,-0.1969,única; único,única; único,72,63,0,18.83,17.81,90.97,84.92,-6.05,2.5,2.48,69.44,69.84,0.4,3.36,1.94,93.75,65.87,-27.88,0.19,0.32,50.0,76.19,26.19,1.06,0.32,84.03,34.92,-49.11,6.24,8.09,27.08,69.05,41.97,25.55,28.38,39.58,76.98,37.4,1.25,0.76,70.14,44.44,-25.7,0.03,0.01,45.14,26.98,-18.16,0.58,0.76,88.19,92.06,3.87,35.54,36.8,39.58,61.11,21.53,8.84,5.94,71.53,18.25,-53.28,78.65,82.7,31.25,75.4,44.15,58.16,52.12,93.75,42.06,-51.69,50.0,43.48,60.42,30.95,-29.47,72.0,55.22,99.31,26.19,-73.12,68.57,66.67,81.25,66.67,-14.58,18.18,66.67,21.53,84.13,62.6,0.0,0.0,22.92,38.89,15.97,27.78,43.9,18.06,75.4,57.34,66.15,72.0,15.97,57.94,41.97,77.78,76.92,74.31,73.81,-0.5,22,1
J08-0445,Claudinho,claudinho,LAT,LAT,0,Lateral Direito,Lateral Direito,Brasil B,Brasil A,A,1,2023,2023,2024,2024,1,2024,Criciúma,Criciúma,Claudinho - Criciúma - Brasil B,Claudinho - Criciúma - Brasil A,2074,2286,32.0,34.0,0,0,900,900,0,0,0,0,1.4467,-0.2274,-1.674,80.6,41.9,23.0,25.0,2.0,0.0,medida (60 pares),medida (113 pares),22.0,23.0,1.0,0,0,0.0523,0.1462,-1.7263,0.7436,-0.971,única; homônimo resolvido pelo clube,única; único,74,67,0,18.23,13.94,76.35,28.36,-47.99,1.87,1.34,8.78,8.21,-0.57,2.73,1.3,77.7,36.57,-41.13,0.26,0.35,27.7,61.94,34.24,1.0,0.87,85.81,73.13,-12.68,8.68,8.9,66.89,72.39,5.5,25.3,27.44,53.38,55.97,2.59,1.39,0.87,92.57,44.03,-48.54,0.09,0.03,91.22,38.81,-52.41,0.39,0.35,69.59,65.67,-3.92,35.15,37.95,49.32,55.97,6.65,9.2,9.33,70.95,71.64,0.69,78.15,81.12,41.22,55.97,14.75,45.0,48.59,2.03,11.19,9.16,37.21,29.41,7.43,3.73,-3.7,53.71,59.18,14.19,14.18,-0.01,58.73,45.45,49.32,6.72,-42.6,17.39,22.73,35.81,37.31,1.5,13.043,9.091,97.97,73.13,-24.84,37.14,41.51,57.43,85.82,28.39,78.5,73.01,85.81,35.07,-50.74,73.98,76.0,76.35,60.45,-15.9,22,1
J08-0446,Gedeílson,gedeilson,LAT,LAT,0,Lateral Direito,Lateral Direito,Brasil B,Brasil C,C,1,2023,2023,2024,2024,1,2024,ABC,Ypiranga Erechim,Gedeílson - ABC - Brasil B,Gedeílson - Ypiranga Erechim - Brasil C,2029,1445,26.0,18.0,0,0,900,592,0,0,0,0,-0.622,-2.3003,-1.678,25.0,2.2,31.0,33.0,2.0,0.0,medida (60 pares),medida (53 pares),30.0,31.0,1.0,0,0,-0.1028,-0.1312,-1.5752,-0.1285,-2.1718,única; único,única; único,74,60,0,15.39,11.71,37.16,9.17,-27.99,3.68,2.37,75.0,40.83,-34.17,1.77,1.18,41.22,20.83,-20.39,0.4,0.12,41.22,20.0,-21.22,0.4,0.5,35.14,40.83,5.69,5.99,6.35,11.49,17.5,6.01,19.92,17.13,8.78,4.17,-4.61,0.4,0.75,25.0,78.33,53.33,0.05,0.03,73.65,51.67,-21.98,0.22,0.25,37.16,39.17,2.01,29.59,26.22,10.14,7.5,-2.64,7.36,5.92,19.59,4.17,-15.42,80.36,75.77,72.3,32.5,-39.8,58.79,53.19,93.92,44.17,-49.75,67.47,52.63,96.62,59.17,-37.45,62.96,61.29,70.95,42.5,-28.45,67.5,73.68,88.51,82.5,-6.01,22.22,37.5,50.68,74.17,23.49,0.0,0.0,32.43,31.67,-0.76,40.48,35.48,77.7,60.83,-16.87,66.67,61.76,10.14,10.83,0.69,67.12,61.9,42.57,25.0,-17.57,22,1
J08-0447,Railan,railan,LAT,LAT,0,Lateral Direito,Lateral Direito,Brasil B,Brasil A,A,1,2023,2023,2024,2024,1,2024,Vitória,Cuiabá,Railan - Vitória - Brasil B,Railan - Cuiabá - Brasil A,1525,1379,24.0,23.0,0,0,900,900,0,0,0,0,0.1046,0.0404,-0.064,52.8,53.5,23.0,26.0,2.0,0.0,medida (60 pares),medida (113 pares),22.0,24.0,2.0,1,0,0.0766,0.0983,-0.1406,0.1778,-0.1374,única; único,única; único,74,67,0,17.94,20.43,70.27,88.81,18.54,2.36,3.26,23.65,81.34,57.69,3.54,3.39,91.22,91.79,0.57,0.81,0.59,83.11,90.3,7.19,0.56,0.65,49.32,50.0,0.68,6.7,7.9,15.54,52.99,37.45,25.2,23.23,49.32,24.63,-24.69,0.99,0.65,72.97,29.1,-43.87,0.04,0.01,62.16,13.43,-48.73,0.19,0.13,26.35,6.72,-19.63,34.39,33.61,41.22,29.1,-12.12,7.7,9.33,29.05,71.64,42.59,77.08,76.7,27.7,21.64,-6.06,52.25,50.16,37.16,21.64,-15.52,47.37,38.0,28.38,12.69,-15.69,60.0,69.31,47.97,87.31,39.34,57.89,55.77,45.27,45.52,0.25,11.11,30.0,23.65,60.45,36.8,0.0,0.0,32.43,19.4,-13.03,35.85,31.11,52.03,20.15,-31.88,69.44,63.64,25.0,8.21,-16.79,65.08,74.29,25.0,52.99,27.99,22,1
J08-0448,Railan,railan,LAT,LAT,0,Lateral Direito,Lateral Direito,Brasil A,Brasil B,B,1,2024,2024,2025,2025,1,2025,Cuiabá,Avaí,Railan - Cuiabá - Brasil A,Railan - Avaí - Brasil B,1379,837,23.0,21.0,1,0,900,900,1,0,0,0,0.0404,-0.4782,-0.519,53.5,31.8,26.0,26.0,0.0,0.0,medida (113 pares),medida (111 pares),24.0,25.0,1.0,0,0,0.0243,0.0,-0.5433,0.1507,-0.6289,única; único,única; único,67,68,0,20.43,20.11,88.81,98.53,9.72,3.26,2.04,81.34,33.82,-47.52,3.39,2.8,91.79,91.18,-0.61,0.59,0.22,90.3,50.74,-39.56,0.65,0.75,50.0,55.88,5.88,7.9,8.82,52.99,73.53,20.54,23.23,29.68,24.63,80.88,56.25,0.65,0.86,29.1,52.21,23.11,0.01,0.05,13.43,66.91,53.48,0.13,0.22,6.72,23.53,16.81,33.61,44.73,29.1,91.18,62.08,9.33,12.15,71.64,100.0,28.36,76.7,82.69,21.64,85.29,63.65,50.16,52.94,21.64,51.47,29.83,38.0,52.63,12.69,71.32,58.63,69.31,66.2,87.31,76.47,-10.84,55.77,57.69,45.52,52.21,6.69,30.0,42.86,60.45,83.82,23.37,0.0,14.286,19.4,94.12,74.72,31.11,41.67,20.15,80.15,60.0,63.64,78.05,8.21,82.35,74.14,74.29,78.33,52.99,94.12,41.13,22,1
J08-0449,Ronei,ronei,LAT,LAT,0,Lateral Direito,Lateral Direito,Brasil B,Brasil C,C,1,2024,2024,2025,2025,1,2025,Brusque,Caxias,Ronei - Brusque - Brasil B,Ronei - Caxias - Brasil C,411,279,11.0,4.0,1,1,900,616,1,1,0,0,-0.1413,-0.5407,-0.399,48.9,28.3,28.0,28.0,0.0,0.0,medida (76 pares),medida (70 pares),26.0,27.0,1.0,0,0,-0.0817,0.0,-0.3173,0.0741,-0.6148,única; único,única; único,63,47,0,18.61,19.68,80.95,95.74,14.79,1.97,5.48,19.05,100.0,80.95,1.75,0.32,58.73,2.13,-56.6,0.22,0.32,56.35,84.04,27.69,1.31,0.32,92.86,22.34,-70.52,6.57,6.13,19.05,8.51,-10.54,15.99,22.26,3.17,46.81,43.64,1.53,0.65,95.24,42.55,-52.69,0.05,0.01,71.43,13.83,-57.6,0.0,0.0,1.59,1.06,-0.53,26.5,34.19,7.94,57.45,49.51,9.64,9.68,71.43,78.72,7.29,76.86,76.42,38.1,51.06,12.96,58.82,55.74,98.41,72.34,-26.07,55.56,52.94,69.05,65.96,-3.09,71.88,62.5,98.41,45.74,-52.67,87.5,100.0,100.0,97.87,-2.13,33.33,0.0,68.25,12.77,-55.48,0.0,0.0,22.22,35.11,12.89,50.0,33.33,97.62,40.43,-57.19,66.67,63.16,15.08,14.89,-0.19,81.25,55.56,96.83,14.89,-81.94,22,1
J08-0450,Caique,caique,LAT,LAT,0,Lateral Direito,Lateral Esquerdo,Brasil B,Brasil C,C,1,2023,2023,2025,2025,2,2025,Ceará,Ypiranga Erechim,Caique - Ceará - Brasil B,Caique - Ypiranga Erechim - Brasil C,1500,962,20.0,12.0,0,0,900,616,0,0,0,0,-0.2968,-0.6745,-0.378,38.9,22.0,28.0,28.0,2.0,0.0,medida (60 pares),medida (70 pares),27.0,27.0,0.0,-2,1,0.0,0.0,-0.378,0.1373,-0.8118,única; único,única; único,74,47,0,19.38,11.79,85.81,11.7,-74.11,3.0,3.27,50.68,73.4,22.72,2.1,0.84,55.41,21.28,-34.13,0.54,0.0,61.49,8.51,-52.98,0.12,0.37,4.05,26.6,22.55,7.02,7.3,23.65,28.72,5.07,25.56,20.77,54.73,37.23,-17.5,0.36,0.37,22.3,13.83,-8.47,0.0,0.02,4.05,36.17,32.12,0.06,0.0,2.03,1.06,-0.97,40.08,30.5,84.46,37.23,-47.23,11.58,7.3,96.62,32.98,-63.64,88.17,75.15,99.32,37.23,-62.09,56.66,57.14,83.11,81.91,-1.2,50.0,48.57,40.54,54.26,13.72,63.38,74.0,77.7,98.94,21.24,65.71,33.33,81.76,6.38,-75.38,0.0,25.0,8.11,47.87,39.76,0.0,0.0,32.43,35.11,2.68,10.53,7.14,0.68,1.06,0.38,81.2,60.26,95.27,5.32,-89.95,79.07,70.0,93.92,64.89,-29.03,22,0
J08-0451,Felipe Albuquerque,felipe albuquerque,LAT,LAT,0,Lateral Direito,Lateral Direito,Brasil B,Brasil C,C,1,2023,2023,2024,2024,1,2024,Chapecoense,ABC,Felipe Albuquerque - Chapecoense - Brasil B,Felipe Albuquerque - ABC - Brasil C,1437,967,22.0,12.0,0,0,900,592,0,0,0,0,-0.1046,-1.2163,-1.112,50.0,17.8,24.0,26.0,2.0,0.0,medida (60 pares),medida (53 pares),23.0,24.0,1.0,0,0,0.0243,0.0252,-1.1363,0.0896,-1.3059,única; único,única; único,74,60,0,14.37,16.38,25.0,55.83,30.83,2.37,3.35,25.0,80.83,55.83,1.03,1.21,14.19,24.17,9.98,0.19,0.28,16.22,49.17,32.95,0.51,0.84,45.27,65.83,20.56,8.21,10.33,52.03,90.83,38.8,25.27,21.41,51.35,37.5,-13.85,0.13,0.37,3.38,32.5,29.12,0.01,0.03,18.92,51.67,32.75,0.19,0.56,26.35,90.83,64.48,37.27,34.34,61.49,49.17,-12.32,8.92,10.7,61.49,84.17,22.68,78.31,72.63,45.95,19.17,-26.78,60.71,61.36,99.32,90.83,-8.49,72.97,52.78,97.97,60.83,-37.14,64.41,77.03,81.76,97.5,15.74,62.5,76.92,68.24,91.67,23.43,12.5,11.11,27.03,30.0,2.97,0.0,0.0,32.43,31.67,-0.76,34.09,46.81,39.86,90.83,50.97,71.09,73.87,30.41,54.17,23.76,55.22,62.3,3.38,30.83,27.45,22,1
J08-0452,Marcelinho,marcelinho,LAT,LAT,0,Lateral Direito,Lateral Direito,Brasil B,Brasil A,A,1,2025,2025,jun26,2026,1,2026,Remo,Remo,Marcelinho - Remo - Brasil B,Marcelinho - Remo - Brasil A,1923,1362,25.0,15.0,0,0,900,426,0,0,1,0,-0.7612,-1.4559,-0.695,20.5,13.0,27.0,27.0,0.0,0.0,medida (111 pares),referência,26.0,27.0,1.0,0,0,-0.0817,0.0,-0.6133,-0.1872,-1.2687,única; homônimo resolvido pelo clube,única; único,68,49,0,13.95,13.28,46.32,54.08,7.76,3.32,3.3,77.21,90.82,13.61,1.78,1.59,53.68,64.29,10.61,0.47,0.4,90.44,84.69,-5.75,0.8,1.12,61.76,87.76,26.0,6.37,5.68,16.91,19.39,2.48,21.25,21.34,12.5,11.22,-1.28,0.84,0.73,50.0,33.67,-16.33,0.05,0.07,66.91,81.63,14.72,0.37,0.33,52.21,61.22,9.01,27.89,28.28,2.21,7.14,4.93,6.46,6.61,22.79,29.59,6.8,76.01,72.66,38.97,9.18,-29.79,51.01,46.77,30.15,13.27,-16.88,45.07,40.0,43.38,25.51,-17.87,50.49,63.79,8.09,68.37,60.28,63.16,54.17,72.06,41.84,-30.22,47.06,35.29,92.65,66.33,-26.32,11.765,11.765,87.5,78.57,-8.93,40.91,28.0,75.0,25.51,-49.49,68.38,69.77,19.85,43.88,24.03,61.11,60.0,27.21,12.24,-14.97,22,1
J08-0453,Vidal,vidal,LAT,LAT,0,Lateral Direito,Lateral Direito,Brasil B,Brasil C,C,1,2023,2023,2024,2024,1,2024,Botafogo SP,Remo,Vidal - Botafogo SP - Brasil B,Vidal - Remo - Brasil C,1015,353,16.0,8.0,1,0,900,592,1,0,0,0,-1.2506,-0.4135,0.837,2.8,40.0,27.0,29.0,2.0,0.0,medida (60 pares),medida (53 pares),26.0,27.0,1.0,0,0,-0.0817,-0.1602,0.9187,-0.3936,-0.0199,única; único,única; único,74,60,0,11.17,13.0,2.03,11.67,9.64,2.13,2.29,12.84,35.83,22.99,0.53,2.04,4.73,66.67,61.94,0.62,0.51,65.54,72.5,6.96,0.53,0.51,47.97,44.17,-3.8,6.92,3.82,20.27,0.0,-20.27,21.1,16.57,15.54,0.0,-15.54,0.44,1.27,29.05,93.33,64.28,0.01,0.05,18.92,71.67,52.75,0.27,0.0,51.35,4.17,-47.18,30.68,24.73,16.89,1.67,-15.22,6.83,9.43,11.49,58.33,46.84,83.53,78.35,85.81,58.33,-27.48,59.52,52.94,96.62,41.67,-54.95,45.83,55.56,19.59,68.33,48.74,65.67,62.5,85.81,49.17,-36.64,66.67,50.0,84.46,20.83,-63.63,0.0,0.0,8.11,13.33,5.22,0.0,0.0,32.43,31.67,-0.76,40.0,28.57,72.97,26.67,-46.3,78.21,80.0,84.46,92.5,8.04,78.38,60.0,92.57,17.5,-75.07,22,1
J08-0454,Elias,elias,LAT,LAT,0,Lateral Direito,Lateral Direito,Brasil C,Brasil B,B,1,2023,2023,2024,2024,1,2024,Figueirense,Vila Nova,Elias - Figueirense - Brasil C,Elias - Vila Nova - Brasil B,1665,2943,17.0,31.0,0,0,545,900,0,0,0,0,-1.1449,0.9617,2.107,11.1,83.0,24.0,26.0,3.0,0.0,medida (23 pares),medida (76 pares),24.0,24.0,0.0,-1,0,0.0,0.0252,2.107,-0.349,1.3107,única; único,única; homônimo resolvido pelo clube,53,63,0,19.03,20.8,80.19,94.44,14.25,3.66,5.66,75.47,97.62,22.15,1.89,1.96,48.11,67.46,19.35,0.34,0.37,37.74,73.02,35.28,0.74,0.73,77.36,67.46,-9.9,8.69,6.94,60.38,26.19,-34.19,17.31,19.11,8.49,8.73,0.24,0.74,1.44,64.15,89.68,25.53,0.05,0.06,79.25,79.37,0.12,0.17,0.34,30.19,75.4,45.21,28.74,28.17,10.38,11.9,1.52,11.43,10.58,94.34,86.51,-7.83,71.17,66.99,7.55,2.38,-5.17,57.06,57.65,83.96,92.86,8.9,57.81,58.92,76.42,83.33,6.91,66.91,74.6,80.19,99.21,19.02,63.64,51.56,66.98,34.13,-32.85,30.77,33.33,67.92,68.25,0.33,7.692,8.333,78.3,73.81,-4.49,38.18,36.44,59.43,57.94,-1.49,67.76,66.96,10.38,18.25,7.87,67.07,48.84,38.68,2.38,-36.3,22,1
J08-0455,Wellington Silva,wellington silva,LAT,LAT,0,Lateral Direito,Lateral Direito,Brasil C,Brasil B,B,1,2024,2024,2025,2025,1,2025,Volta Redonda,Volta Redonda,Wellington Silva - Volta Redonda - Brasil C,Wellington Silva - Volta Redonda - Brasil B,2107,1282,23.0,20.0,0,0,592,900,0,0,0,0,-1.4359,0.6859,2.122,8.9,75.0,38.0,38.0,0.0,0.0,medida (53 pares),medida (111 pares),36.0,37.0,1.0,0,0,-0.299,0.0,2.421,-0.4717,1.1576,única; único,única; único,60,68,0,15.63,15.51,45.0,71.32,26.32,2.05,2.11,25.83,36.03,10.2,1.67,1.83,47.5,58.09,10.59,0.09,0.0,15.83,5.88,-9.95,0.38,0.21,23.33,9.56,-13.77,8.67,7.02,69.17,31.62,-37.55,27.38,28.64,74.17,68.38,-5.79,0.68,0.49,69.17,18.38,-50.79,0.01,0.01,23.33,18.38,-4.95,0.3,0.49,50.83,73.53,22.7,39.17,38.82,75.83,69.85,-5.98,8.84,8.78,44.17,72.79,28.62,83.21,86.44,92.5,97.79,5.29,58.47,55.2,82.5,74.26,-8.24,56.25,43.33,70.0,41.91,-28.09,67.48,72.62,80.83,97.79,16.96,66.67,65.38,68.33,80.15,11.82,44.44,33.33,79.17,63.24,-15.93,0.0,0.0,31.67,25.74,-5.93,36.92,48.98,64.17,97.79,33.62,78.33,84.0,84.17,96.32,12.15,71.74,78.85,70.83,94.85,24.02,22,1
J08-0456,Thalys,thalys,LAT,LAT,0,Lateral Direito,Lateral Direito,Brasil C,Brasil B,B,1,2024,2024,jun26,2026,2,2026,Remo,Ponte Preta,Thalys - Remo - Brasil C,Thalys - Ponte Preta - Brasil B,454,640,5.0,8.0,1,1,592,284,0,1,1,0,0.6235,-1.5292,-2.153,75.6,12.1,26.0,26.0,0.0,0.0,medida (53 pares),referência,24.0,26.0,2.0,0,0,-0.0574,0.0,-2.0956,0.3009,-1.8301,única; único,única; único,60,63,0,19.43,18.42,88.33,88.1,-0.23,2.38,2.39,42.5,64.29,21.79,3.96,2.39,98.33,76.98,-21.35,0.0,0.14,3.33,42.86,39.53,0.79,0.0,65.0,4.76,-60.24,7.14,5.63,33.33,18.25,-15.08,21.01,14.63,36.67,0.79,-35.88,1.59,0.14,98.33,5.56,-92.77,0.04,0.0,58.33,9.52,-48.81,0.2,0.42,32.5,72.22,39.72,35.09,26.16,58.33,3.97,-54.36,7.73,11.11,29.17,99.21,70.04,79.1,74.73,63.33,18.25,-45.08,56.12,52.67,67.5,45.24,-22.26,58.33,41.18,79.17,26.98,-52.19,66.67,60.94,77.5,53.17,-24.33,65.0,52.94,61.67,36.51,-25.16,25.0,0.0,53.33,17.46,-35.87,0.0,0.0,31.67,38.89,7.22,34.62,23.81,56.67,31.75,-24.92,72.22,62.5,43.33,18.25,-25.08,76.19,72.22,90.0,62.7,-27.3,22,1
J08-0457,Carlos Akapo,carlos akapo,LAT,LAT,0,Lateral Direito,Lateral Direito,EUA,Brasil B,B,0,2024,2024,2025,2025,1,2025,SJ Earthquakes,Amazonas,Carlos Akapo - SJ Earthquakes - EUA,Carlos Akapo - Amazonas - Brasil B,1753,1062,21.0,16.0,0,0,900,900,0,0,0,0,0.8339,-1.1699,-2.004,87.8,9.1,33.0,33.0,0.0,0.0,medida (132 pares),medida (111 pares),31.0,32.0,1.0,0,0,-0.0928,0.0,-1.9112,0.4853,-1.6552,única; único,única; único,84,68,0,20.48,15.25,92.26,66.91,-25.35,4.42,4.75,99.4,99.26,-0.14,1.44,0.85,49.4,21.32,-28.08,0.15,0.08,22.62,20.59,-2.03,0.51,0.25,44.05,11.76,-32.29,7.19,5.42,52.98,5.15,-47.83,29.32,17.88,50.6,2.21,-48.39,0.92,0.68,33.33,37.5,4.17,0.1,0.01,81.55,18.38,-63.17,0.21,0.08,20.83,5.88,-14.95,42.0,30.17,71.43,15.44,-55.99,12.58,9.32,98.21,84.56,-13.65,80.44,80.62,33.93,69.85,35.92,55.89,53.33,75.6,55.88,-19.72,48.84,60.71,54.76,91.91,37.15,64.74,60.0,79.17,38.24,-40.93,60.71,40.0,61.31,7.35,-53.96,20.0,33.33,29.17,63.24,34.07,0.0,0.0,15.48,25.74,10.26,33.33,38.1,44.05,62.5,18.45,58.57,68.75,2.98,22.79,19.81,69.7,79.41,49.4,96.32,46.92,22,1
J08-0458,S. Arias,s arias,LAT,LAT,0,Lateral Direito,Lateral Direito,EUA,Brasil A,A,0,2023,2023,2024,2024,1,2024,Cincinnati,Bahia,S. Arias - Cincinnati - EUA,S. Arias - Bahia - Brasil A,1990,2109,29.0,23.0,0,0,900,900,0,0,0,0,0.1204,-0.8419,-0.962,53.8,16.3,31.0,34.0,3.0,0.0,medida (110 pares),medida (113 pares),31.0,32.0,1.0,0,0,-0.0928,-0.3057,-0.8692,0.1845,-1.0264,única; único,única; único,95,67,0,13.79,11.82,34.21,8.21,-26.0,2.13,1.88,56.84,30.6,-26.24,1.45,0.85,37.89,14.18,-23.71,0.77,0.26,77.89,45.52,-32.37,1.13,0.43,93.16,23.13,-70.03,8.1,11.22,67.89,96.27,28.38,27.09,38.19,43.68,93.28,49.6,2.35,1.28,94.21,70.9,-23.31,0.16,0.03,97.89,38.81,-59.08,0.41,0.43,62.11,77.61,15.5,35.86,47.67,38.42,87.31,48.89,7.28,7.38,19.47,25.37,5.9,78.06,83.62,32.11,75.37,43.26,51.8,56.68,44.74,82.09,37.35,51.06,45.45,63.68,40.3,-23.38,56.88,61.65,36.32,39.55,3.23,62.5,60.0,66.84,65.67,-1.17,44.0,20.0,80.53,25.37,-55.16,8.0,0.0,62.63,19.4,-43.23,36.17,48.78,63.68,96.27,32.59,79.89,80.23,95.26,94.78,-0.48,69.15,75.83,56.32,57.46,1.14,22,1
J08-0459,Ruan,ruan,LAT,LAT,0,Lateral Direito,Lateral Direito,EUA,Brasil B,B,0,2024,2024,2025,2025,1,2025,Dallas,Atlético GO,Ruan - Dallas - EUA,Ruan - Atlético GO - Brasil B,2672,1040,31.0,16.0,0,0,900,900,0,0,0,0,0.2519,-0.2837,-0.536,56.1,36.4,31.0,31.0,0.0,0.0,medida (132 pares),medida (111 pares),29.0,30.0,1.0,0,0,-0.1028,0.0,-0.4332,0.2399,-0.5236,única; único,única; único,84,68,0,10.88,11.16,10.71,24.26,13.55,0.67,1.04,1.79,6.62,4.83,2.36,1.21,72.02,37.5,-34.52,0.98,0.35,94.64,75.0,-19.64,0.3,0.09,17.86,3.68,-14.18,3.91,6.06,5.36,11.03,5.67,25.36,23.02,24.4,24.26,-0.14,1.85,0.95,80.36,61.03,-19.33,0.06,0.0,65.48,5.88,-59.6,0.47,0.26,75.0,31.62,-43.38,33.01,29.94,13.69,12.5,-1.19,5.12,5.97,5.36,9.56,4.2,80.92,82.08,37.5,75.74,38.24,53.56,58.91,60.12,94.85,34.73,35.0,41.67,13.1,33.09,19.99,64.71,67.19,77.98,81.62,3.64,57.14,35.71,50.6,2.94,-47.66,22.22,100.0,34.52,99.26,64.74,22.222,0.0,92.26,25.74,-66.52,27.27,31.43,17.26,24.26,7.0,69.83,74.29,36.31,56.62,20.31,71.15,90.91,57.74,99.26,41.52,22,1
J08-0460,Léo Alaba,leo alaba,LAT,LAT,0,Lateral Direito,Lateral Direito,Portugal B,Brasil B,B,0,2024,2024,2025,2025,1,2025,AVS ,Criciúma,Léo Alaba - AVS  - Portugal B,Léo Alaba - Criciúma - Brasil B,1676,884,18.0,17.0,1,0,568,900,1,0,0,0,-0.2831,-0.605,-0.322,40.5,27.3,24.0,26.0,2.0,0.0,medida (43 pares),medida (111 pares),24.0,25.0,1.0,0,0,0.0243,0.0252,-0.3463,0.0143,-0.6193,única; único,única; único,67,68,0,15.14,14.15,29.1,47.06,17.96,2.2,3.26,30.6,75.0,44.4,0.91,2.14,11.19,70.59,59.4,0.11,0.1,5.97,25.0,19.03,0.27,0.81,21.64,63.24,41.6,9.24,7.23,88.81,36.03,-52.78,22.61,22.5,50.0,22.06,-27.94,0.48,1.32,25.37,85.29,59.92,0.02,0.05,35.82,66.91,31.09,0.38,0.31,68.66,41.18,-27.48,34.69,32.38,57.46,26.47,-30.99,10.15,8.65,70.9,71.32,0.42,70.43,72.33,14.18,11.76,-2.42,54.61,56.12,62.69,80.88,18.19,51.22,62.5,66.42,94.12,27.7,56.17,60.42,26.12,41.18,15.06,58.82,61.9,55.97,69.12,13.15,20.0,12.5,38.06,14.71,-23.35,0.0,0.0,28.36,25.74,-2.62,32.84,27.27,47.01,16.18,-30.83,67.44,69.01,36.57,25.0,-11.57,58.76,57.89,35.07,14.71,-20.36,22,1
J08-0461,Alex Telles,alex telles,LAT,LAT,0,Lateral Esquerdo,Lateral Esquerdo,Arabia Saudita A,Brasil A,A,0,2024,2024,2025,2025,1,2025,Al Nassr,Botafogo,Alex Telles - Al Nassr - Arabia Saudita A,Alex Telles - Botafogo - Brasil A,1597,1846,17.0,27.0,0,0,521,900,0,0,0,0,2.7591,0.6763,-2.083,96.4,78.0,31.0,33.0,2.0,0.0,medida (65 pares),medida (156 pares),31.0,32.0,1.0,0,0,-0.0928,-0.1312,-1.9902,1.2969,-0.6206,única; único,única; único,63,72,0,12.45,9.51,21.43,3.47,-17.96,1.86,1.37,66.67,7.64,-59.03,1.52,0.54,40.48,6.25,-34.23,0.45,0.24,67.46,68.75,1.29,0.51,1.22,76.98,90.97,13.99,9.92,7.22,96.03,49.31,-46.72,35.95,31.45,91.27,68.75,-22.52,0.34,0.44,18.25,7.64,-10.61,0.02,0.19,54.76,97.92,43.16,0.56,0.63,86.51,92.36,5.85,46.78,39.0,94.44,60.42,-34.02,7.55,5.07,18.25,0.69,-17.56,83.86,86.13,76.98,88.19,11.21,58.37,49.23,88.1,20.14,-67.96,57.58,60.71,88.1,92.36,4.26,62.38,50.0,61.11,4.86,-56.25,74.07,63.64,87.3,70.83,-16.47,33.33,32.0,57.94,54.86,-3.08,22.222,20.0,91.27,93.06,1.79,40.32,35.29,83.33,43.75,-39.58,77.84,81.08,84.92,95.14,10.22,72.44,81.19,53.17,86.81,33.64,22,1
J08-0462,Jamerson,jamerson,LAT,LAT,0,Lateral Esquerdo,Lateral Esquerdo,Brasil A,Brasil B,B,1,2023,2023,2024,2024,1,2024,Coritiba,Coritiba,Jamerson - Coritiba - Brasil A,Jamerson - Coritiba - Brasil B,2147,1204,29.0,18.0,0,0,900,900,0,0,0,0,-0.9526,0.9616,1.914,16.7,80.4,27.0,27.0,0.0,0.0,medida (82 pares),medida (76 pares),24.0,25.0,1.0,0,0,0.0243,0.0,1.8897,-0.2679,1.2295,única; único,única; único,62,63,0,19.58,18.54,71.77,80.16,8.39,2.31,2.24,42.74,30.95,-11.79,4.74,4.19,94.35,92.86,-1.49,1.17,0.3,92.74,63.49,-29.25,0.63,0.45,58.87,23.81,-35.06,6.58,8.3,33.06,55.56,22.5,18.44,29.45,7.26,76.98,69.72,0.63,0.45,31.45,26.19,-5.26,0.03,0.02,41.13,29.37,-11.76,0.25,0.22,34.68,37.3,2.62,30.1,41.04,16.94,79.37,62.43,8.8,8.82,49.19,54.76,5.57,81.34,83.42,58.87,88.1,29.23,53.1,54.44,50.81,46.83,-3.98,47.27,50.0,49.19,50.0,0.81,60.95,67.74,54.03,81.75,27.72,65.49,46.43,73.39,18.25,-55.14,40.0,50.0,79.84,92.06,12.22,0.0,16.667,21.77,96.03,74.26,41.18,45.45,79.84,89.68,9.84,72.61,77.48,41.13,80.16,39.03,83.72,74.14,91.13,78.57,-12.56,22,1
J08-0463,Jamerson,jamerson,LAT,LAT,0,Lateral Esquerdo,Lateral Esquerdo,Brasil B,Brasil A,A,1,2024,2024,2025,2025,1,2025,Coritiba,Vitória,Jamerson - Coritiba - Brasil B,Jamerson - Vitória - Brasil A,1204,1141,18.0,12.0,0,0,900,900,0,0,0,0,0.9616,-0.1003,-1.062,80.4,46.3,27.0,27.0,0.0,0.0,medida (76 pares),medida (156 pares),25.0,26.0,1.0,0,0,-0.0817,0.0,-0.9803,0.5391,-0.6394,única; único,única; único,63,72,0,18.54,15.7,80.16,63.19,-16.97,2.24,2.21,30.95,53.47,22.52,4.19,3.39,92.86,95.14,2.28,0.3,0.16,63.49,36.81,-26.68,0.45,1.1,23.81,86.11,62.3,8.3,7.34,55.56,54.86,-0.7,29.45,28.0,76.98,54.86,-22.12,0.45,0.55,26.19,13.19,-13.0,0.02,0.04,29.37,61.11,31.74,0.22,0.24,37.3,27.78,-9.52,41.04,40.07,79.37,65.97,-13.4,8.82,7.34,54.76,35.42,-19.34,83.42,82.09,88.1,61.81,-26.29,54.44,52.26,46.83,43.75,-3.08,50.0,46.43,50.0,41.67,-8.33,67.74,57.58,81.75,28.47,-53.28,46.43,69.77,18.25,85.42,67.17,50.0,35.71,92.06,66.67,-25.39,16.667,0.0,96.03,22.92,-73.11,45.45,40.82,89.68,75.69,-13.99,77.48,69.89,80.16,43.06,-37.1,74.14,75.0,78.57,59.72,-18.85,22,1
J08-0464,Gonzalo Escobar,gonzalo escobar,LAT,LAT,0,Lateral Esquerdo,Lateral Esquerdo,Brasil A,Brasil B,B,1,2023,2023,2024,2024,1,2024,Fortaleza,Santos,Gonzalo Escobar - Fortaleza - Brasil A,Gonzalo Escobar - Santos - Brasil B,696,3172,13.0,33.0,0,1,900,900,0,1,0,0,-0.4376,0.8287,1.266,40.5,73.9,29.0,29.0,0.0,0.0,medida (82 pares),medida (76 pares),26.0,27.0,1.0,0,0,-0.0817,0.0,1.3477,-0.0508,0.8795,única; único,única; único,62,63,0,19.27,17.22,64.52,64.29,-0.23,2.72,2.53,56.45,49.21,-7.24,1.55,2.1,33.87,69.05,35.18,0.91,0.37,85.48,73.02,-12.46,0.91,0.51,80.65,34.92,-45.73,7.5,8.11,50.0,51.59,1.59,27.93,29.65,56.45,78.57,22.12,0.91,0.85,56.45,61.9,5.45,0.03,0.04,41.13,62.7,21.57,0.26,0.34,37.1,75.4,38.3,38.79,42.53,59.68,84.92,25.24,9.44,10.9,64.52,92.86,28.34,80.67,79.99,53.23,61.11,7.88,51.68,55.85,33.87,76.98,43.11,57.14,47.19,88.71,38.89,-49.82,56.41,65.13,22.58,61.11,38.53,75.0,62.16,92.74,69.05,-23.69,14.29,38.89,18.55,76.98,58.43,0.0,5.556,21.77,57.14,35.37,38.1,33.05,70.97,45.24,-25.73,77.59,69.58,74.19,30.95,-43.24,70.59,71.58,46.77,64.29,17.52,22,1
J08-0465,Gonzalo Escobar,gonzalo escobar,LAT,LAT,0,Lateral Esquerdo,Lateral Esquerdo,Brasil B,Brasil A,A,1,2024,2024,2025,2025,1,2025,Santos,Santos,Gonzalo Escobar - Santos - Brasil B,Gonzalo Escobar - Santos - Brasil A,3172,2239,33.0,30.0,0,0,900,900,0,0,0,0,0.8287,-1.2993,-2.128,73.9,12.2,29.0,29.0,0.0,0.0,medida (76 pares),medida (156 pares),27.0,28.0,1.0,0,0,-0.1006,0.0,-2.0274,0.4831,-1.7824,única; único,única; único,63,72,0,17.22,17.0,64.29,81.25,16.96,2.53,2.77,49.21,79.86,30.65,2.1,1.81,69.05,72.92,3.87,0.37,0.48,73.02,93.75,20.73,0.51,0.64,34.92,52.08,17.16,8.11,8.4,51.59,74.31,22.72,29.65,27.53,78.57,52.08,-26.49,0.85,0.92,61.9,47.22,-14.68,0.04,0.03,62.7,45.14,-17.56,0.34,0.2,75.4,19.44,-55.96,42.53,40.16,84.92,67.36,-17.56,10.9,11.46,92.86,99.31,6.45,79.99,82.18,61.11,64.58,3.47,55.85,51.54,76.98,35.42,-41.56,47.19,46.38,38.89,39.58,0.69,65.13,66.02,61.11,84.03,22.92,62.16,35.56,69.05,6.25,-62.8,38.89,18.75,76.98,24.31,-52.67,5.556,0.0,57.14,22.92,-34.22,33.05,40.63,45.24,72.92,27.68,69.58,63.64,30.95,10.42,-20.53,71.58,79.0,64.29,81.25,16.96,22,1
J08-0466,Ryan,ryan,LAT,LAT,0,Lateral Esquerdo,Lateral Esquerdo,Brasil A,Brasil B,B,1,2023,2023,2024,2024,1,2024,Bahia,CRB,Ryan - Bahia - Brasil A,Ryan - CRB - Brasil B,682,1278,9.0,21.0,0,1,900,900,0,1,0,0,0.1494,0.1344,-0.015,61.9,56.5,24.0,24.0,0.0,0.0,medida (82 pares),medida (76 pares),21.0,22.0,1.0,0,0,0.0523,0.0,-0.0673,0.1967,-0.0623,única; único,única; único,62,63,0,14.38,13.87,30.65,27.78,-2.87,2.64,2.61,56.45,54.76,-1.69,1.32,1.41,25.81,42.06,16.25,0.79,0.49,72.58,84.92,12.34,0.26,0.63,12.1,50.79,38.69,10.69,9.86,90.32,84.92,-5.4,35.1,28.03,90.32,70.63,-19.69,0.79,0.49,39.52,32.54,-6.98,0.01,0.05,8.87,71.43,62.56,0.0,0.35,0.81,80.95,80.14,44.21,39.01,79.03,72.22,-6.81,6.47,6.9,4.84,11.9,7.06,83.28,80.87,75.81,70.63,-5.18,41.28,45.18,0.0,2.38,2.38,60.0,45.95,91.94,34.13,-57.81,44.44,50.53,0.0,0.79,0.79,60.0,60.0,60.48,57.14,-3.34,50.0,33.33,91.13,68.25,-22.88,0.0,0.0,21.77,22.22,0.45,34.38,39.53,51.61,65.87,14.26,79.01,82.86,80.65,99.21,18.56,85.29,72.73,96.77,73.81,-22.96,22,1
J08-0467,Ryan,ryan,LAT,LAT,0,Lateral Esquerdo,Lateral Esquerdo,Ucrania,Brasil C,C,0,2025,2025,jun26,2026,1,2026,Chornomorets,Figueirense,Ryan - Chornomorets - Ucrania,Ryan - Figueirense - Brasil C,745,461,11.0,6.0,1,1,711,213,0,0,1,0,-0.4256,-0.5271,-0.102,44.7,37.5,24.0,24.0,0.0,0.0,medida (127 pares),referência,23.0,24.0,1.0,0,0,0.0243,0.0,-0.1263,-0.0457,-0.4814,única; único,única; homônimo resolvido pelo clube,47,56,0,13.41,11.32,26.6,16.96,-9.64,2.54,2.73,58.51,63.39,4.88,0.72,0.98,24.47,40.18,15.71,0.6,0.59,92.55,93.75,1.2,0.48,0.2,43.62,9.82,-33.8,9.91,9.96,84.04,81.25,-2.79,27.18,30.07,60.64,81.25,20.61,0.24,0.2,13.83,11.61,-2.22,0.02,0.0,35.11,12.5,-22.61,0.24,0.78,52.13,90.18,38.05,39.5,42.56,62.77,88.39,25.62,7.37,7.03,22.34,41.96,19.62,78.9,78.9,58.51,68.75,10.24,51.35,46.55,22.34,22.32,-0.02,38.1,50.0,7.45,47.32,39.87,65.22,56.52,52.13,45.54,-6.59,33.33,40.0,1.06,23.21,22.15,25.0,0.0,48.94,19.64,-29.3,0.0,0.0,31.91,40.18,8.27,42.11,41.67,81.91,64.29,-17.62,71.95,66.67,67.02,15.18,-51.84,78.18,70.0,96.81,60.71,-36.1,22,1
J08-0468,Dalbert,dalbert,LAT,LAT,0,Lateral Esquerdo,Lateral Esquerdo,Brasil A,Brasil B,B,1,2023,2023,2024,2024,1,2024,Internacional,Sport Recife,Dalbert - Internacional - Brasil A,Dalbert - Sport Recife - Brasil B,565,1585,9.0,23.0,0,1,900,900,0,1,0,0,-0.8946,-0.1759,0.719,19.0,43.5,32.0,32.0,0.0,0.0,medida (82 pares),medida (76 pares),29.0,30.0,1.0,0,0,-0.1028,0.0,0.8218,-0.2435,0.0676,única; único,única; único,62,63,0,18.16,17.38,54.84,65.87,11.03,2.39,2.95,46.77,67.46,20.69,2.23,0.79,59.68,11.9,-47.78,0.16,0.0,11.29,5.56,-5.73,0.32,0.45,18.55,23.81,5.26,7.65,8.23,54.84,53.17,-1.67,31.54,26.18,74.19,59.52,-14.67,0.16,0.68,0.0,49.21,49.21,0.02,0.02,24.19,29.37,5.18,0.32,0.06,50.81,6.35,-44.46,40.94,37.48,67.74,56.35,-11.39,10.51,10.39,83.87,83.33,-0.54,79.38,80.45,38.71,67.46,28.75,52.63,55.56,45.16,63.49,18.33,60.0,59.62,91.94,86.51,-5.43,64.81,63.31,83.87,50.0,-33.87,42.86,50.0,8.87,27.78,18.91,0.0,12.5,5.65,13.49,7.84,0.0,0.0,21.77,22.22,0.45,21.43,32.65,11.29,41.27,29.98,58.33,71.72,0.81,42.06,41.25,75.0,66.99,69.35,45.24,-24.11,22,1
J08-0469,Fernando,fernando,LAT,LAT,0,Lateral Esquerdo,Lateral Esquerdo,Brasil A,Brasil B,B,1,2024,2024,2025,2025,1,2025,Athletico Paranaense,Athletico Paranaense,Fernando - Athletico Paranaense - Brasil A,Fernando - Athletico Paranaense - Brasil B,846,510,16.0,8.0,1,1,900,900,1,1,0,0,-0.6792,-0.0775,0.602,31.8,46.0,26.0,26.0,0.0,0.0,medida (113 pares),medida (111 pares),24.0,25.0,1.0,0,0,0.0243,0.0,0.5777,-0.1527,0.0752,única; homônimo resolvido pelo clube,única; único,67,68,0,17.34,17.82,74.63,85.29,10.66,2.87,3.0,70.15,69.12,-1.03,1.91,2.29,62.69,76.47,13.78,0.96,0.18,98.51,41.18,-57.33,0.11,0.0,1.49,0.74,-0.75,7.77,8.65,47.76,72.06,24.3,25.21,26.65,41.79,52.21,10.42,0.0,0.0,0.0,0.0,0.0,0.0,0.0,2.24,5.88,3.64,0.32,0.53,55.22,80.88,25.66,35.53,39.71,47.76,77.94,30.18,7.66,7.76,31.34,55.15,23.81,83.23,85.33,74.63,95.59,20.96,47.85,47.52,7.46,12.5,5.04,51.85,64.71,67.16,95.59,28.43,50.72,52.94,0.0,13.24,13.24,44.44,23.08,5.97,0.0,-5.97,0.0,0.0,4.48,5.15,0.67,0.0,0.0,19.4,25.74,6.34,37.04,47.37,53.73,94.12,40.39,72.6,75.51,32.84,69.12,36.28,78.72,70.37,82.09,69.12,-12.97,22,1
J08-0470,Artur,artur,LAT,LAT,0,Lateral Esquerdo,Lateral Esquerdo,Brasil B,Brasil C,C,1,2023,2023,2025,2025,2,2025,Ponte Preta,Ponte Preta,Artur - Ponte Preta - Brasil B,Artur - Ponte Preta - Brasil C,3442,2100,34.0,23.0,0,0,900,616,0,0,0,0,-0.2702,-0.5707,-0.3,42.1,26.8,29.0,31.0,2.0,0.0,medida (60 pares),medida (70 pares),28.0,30.0,2.0,0,0,-0.2034,-0.1858,-0.0966,0.142,-0.7127,única; único,única; único,74,47,0,15.87,13.37,47.97,32.98,-14.99,3.43,2.74,66.89,54.26,-12.63,1.2,0.39,23.65,3.19,-20.46,0.34,0.09,35.81,35.11,-0.7,0.37,0.26,31.08,7.45,-23.63,12.24,8.7,97.97,62.77,-35.2,26.3,24.51,60.14,62.77,2.63,0.63,1.11,54.05,84.04,29.99,0.03,0.01,52.7,13.83,-38.87,0.44,0.26,83.11,37.23,-45.88,38.44,35.01,73.65,62.77,-10.88,9.65,8.01,77.7,50.0,-27.7,79.52,80.66,60.14,84.04,23.9,54.37,56.09,61.49,73.4,11.91,59.54,57.81,89.86,77.66,-12.2,60.33,66.01,53.38,67.02,13.64,56.52,66.67,39.86,74.47,34.61,14.29,0.0,29.05,12.77,-16.28,0.0,0.0,32.43,35.11,2.68,48.96,34.55,93.92,43.62,-50.3,77.78,76.85,80.41,73.4,-7.01,73.66,68.91,73.65,58.51,-15.14,22,1
J08-0471,Mayk,mayk,LAT,LAT,0,Lateral Esquerdo,Lateral Esquerdo,Brasil B,Brasil A,A,1,2025,2025,jun26,2026,1,2026,Grêmio Novorizontino,Remo,Mayk - Grêmio Novorizontino - Brasil B,Mayk - Remo - Brasil A,1739,999,21.0,10.0,0,0,900,426,0,0,1,0,0.0963,-2.7672,-2.863,56.0,3.8,26.0,26.0,0.0,0.0,medida (111 pares),referência,25.0,26.0,1.0,0,0,-0.0817,0.0,-2.7813,0.1743,-2.9415,única; único,única; único,68,49,0,10.92,7.84,18.38,3.06,-15.32,2.69,2.52,53.68,72.45,18.77,0.78,0.09,18.38,1.02,-17.36,0.05,0.09,14.71,24.49,9.78,0.41,0.18,25.74,13.27,-12.47,8.23,7.57,63.97,68.37,4.4,23.6,21.89,30.15,19.39,-10.76,0.57,0.0,25.0,2.04,-22.96,0.01,0.0,18.38,5.1,-13.28,0.21,0.18,19.12,23.47,4.35,33.43,32.34,30.15,29.59,-0.56,5.9,6.22,8.09,19.39,11.3,74.15,74.93,19.85,17.35,-2.5,60.19,57.47,96.32,82.65,-13.67,59.62,53.57,87.5,66.33,-21.17,73.53,70.59,99.26,96.94,-2.32,53.33,100.0,31.62,98.98,67.36,0.0,0.0,5.15,10.2,5.05,0.0,0.0,25.74,33.67,7.93,35.71,28.57,44.85,28.57,-16.28,74.84,75.0,62.5,80.61,18.11,59.32,54.93,24.26,3.06,-21.2,22,1
J08-0472,Guilherme Romão,guilherme romao,LAT,LAT,0,Lateral Esquerdo,Lateral Esquerdo,Brasil B,Brasil A,A,1,2023,2023,2024,2024,1,2024,CRB,Atlético GO,Guilherme Romão - CRB - Brasil B,Guilherme Romão - Atlético GO - Brasil A,2058,3110,24.0,32.0,0,0,900,900,0,0,0,0,0.2626,-1.095,-1.358,63.2,18.2,26.0,28.0,2.0,0.0,medida (60 pares),medida (113 pares),25.0,26.0,1.0,0,0,-0.0817,-0.128,-1.2763,0.2444,-1.3394,única; único,única; único,74,67,0,18.59,16.0,80.41,58.96,-21.45,3.06,4.2,54.05,91.79,37.74,3.19,2.32,88.51,72.39,-16.12,0.87,0.46,89.86,73.88,-15.98,0.96,0.98,81.76,78.36,-3.4,8.31,7.18,58.78,36.57,-22.21,23.09,23.44,35.81,29.1,-6.71,1.31,1.48,87.16,84.33,-2.83,0.07,0.06,83.78,67.91,-15.87,0.31,0.17,57.43,18.66,-38.77,32.32,31.46,31.76,14.18,-17.58,6.6,6.77,6.08,17.16,11.08,78.62,82.24,49.32,67.91,18.59,50.82,53.71,29.05,50.0,20.95,55.71,51.72,72.3,66.42,-5.88,50.7,63.58,8.78,58.96,50.18,58.9,51.25,50.68,23.13,-27.55,31.82,38.24,75.0,78.36,3.36,4.545,2.941,69.59,39.55,-30.04,41.27,41.79,79.05,88.81,9.76,70.53,77.02,26.35,79.85,53.5,69.79,73.53,57.43,50.0,-7.43,22,1
J08-0473,Guilherme Romão,guilherme romao,LAT,LAT,0,Lateral Esquerdo,Lateral Esquerdo,Brasil A,Brasil B,B,1,2024,2024,2025,2025,1,2025,Atlético GO,Atlético GO,Guilherme Romão - Atlético GO - Brasil A,Guilherme Romão - Atlético GO - Brasil B,3110,2764,32.0,30.0,0,0,900,900,0,0,0,0,-1.095,0.8428,1.938,18.2,80.0,28.0,28.0,0.0,0.0,medida (113 pares),medida (111 pares),26.0,27.0,1.0,0,0,-0.0817,0.0,2.0197,-0.328,1.1708,única; único,única; único,67,68,0,16.0,14.91,58.96,61.03,2.07,4.2,3.48,91.79,81.62,-10.17,2.32,2.25,72.39,75.74,3.35,0.46,0.2,73.88,44.85,-29.03,0.98,0.62,78.36,44.85,-33.51,7.18,7.91,36.57,52.21,15.64,23.44,26.15,29.1,49.26,20.16,1.48,1.17,84.33,75.74,-8.59,0.06,0.08,67.91,77.94,10.03,0.17,0.39,18.66,59.56,40.9,31.46,33.99,14.18,33.82,19.64,6.77,5.86,17.16,6.62,-10.54,82.24,82.57,67.91,84.56,16.65,53.71,49.78,50.0,24.26,-25.74,51.72,46.73,66.42,50.74,-15.68,63.58,59.68,58.96,36.03,-22.93,51.25,53.62,23.13,36.03,12.9,38.24,31.58,78.36,58.09,-20.27,2.941,10.526,39.55,83.09,43.54,41.79,45.16,88.81,87.5,-1.31,77.02,80.66,79.85,88.97,9.12,73.53,76.67,50.0,88.97,38.97,22,1
J08-0474,Vitinho,vitinho,LAT,LAT,0,Lateral Direito,Lateral Direito,Inglaterra A,Brasil A,A,0,2024,2024,2025,2025,1,2025,Burnley,Botafogo,Vitinho - Burnley - Inglaterra A,Vitinho - Botafogo - Brasil A,1712,3105,21.0,36.0,0,0,639,900,0,0,0,0,2.1791,0.6474,-1.532,87.0,73.5,24.0,26.0,2.0,0.0,medida (123 pares),medida (156 pares),24.0,25.0,1.0,0,0,0.0243,0.0252,-1.5563,1.0524,-0.405,única; único,única; homônimo resolvido pelo clube,68,72,0,16.61,12.96,63.24,28.47,-34.77,1.42,1.45,13.97,9.72,-4.25,2.31,1.45,72.79,56.25,-16.54,0.53,0.38,44.12,87.5,43.38,0.68,0.46,71.32,34.72,-36.6,5.52,6.23,21.32,25.69,4.37,21.13,26.87,28.68,46.53,17.85,1.16,2.09,50.74,92.36,41.62,0.04,0.04,48.53,61.11,12.58,0.0,0.61,2.94,90.97,88.03,29.86,34.96,24.26,36.81,12.55,8.73,8.06,47.79,45.83,-1.96,77.82,80.27,27.21,40.97,13.76,48.42,51.68,18.38,36.81,18.43,51.85,38.0,65.44,13.19,-52.25,53.85,63.68,12.5,71.53,59.03,65.91,54.0,78.68,38.19,-40.49,7.69,25.0,17.65,37.5,19.85,0.0,6.25,26.47,61.11,34.64,25.0,35.51,21.32,45.14,23.82,59.05,76.28,19.85,78.47,58.62,71.7,85.45,49.26,92.36,43.1,22,1
J08-0475,Marcelo,marcelo,LAT,LAT,0,Lateral Esquerdo,Lateral Esquerdo,Brasil B,Brasil C,C,1,2024,2024,2025,2025,1,2025,Brusque,Caxias,Marcelo - Brusque - Brasil B,Marcelo - Caxias - Brasil C,639,2111,9.0,23.0,0,1,900,616,0,1,0,0,-1.0807,-2.1248,-1.044,8.7,4.9,27.0,27.0,0.0,0.0,medida (76 pares),medida (70 pares),25.0,26.0,1.0,0,0,-0.0817,0.0,-0.9623,-0.3219,-1.8029,única; único,única; homônimo resolvido pelo clube,63,47,0,11.83,10.36,9.52,1.06,-8.46,1.27,2.05,6.35,20.21,13.86,1.69,0.85,56.35,24.47,-31.88,0.42,0.3,77.78,78.72,0.94,0.42,0.3,20.63,18.09,-2.54,6.2,7.97,14.29,47.87,33.58,21.27,26.99,22.22,73.4,51.18,1.27,0.38,85.71,15.96,-69.75,0.06,0.01,79.37,13.83,-65.54,0.42,0.17,88.89,19.15,-69.74,29.72,35.86,15.87,67.02,51.15,6.48,6.78,9.52,22.34,12.82,80.57,80.5,69.84,80.85,11.01,41.67,59.26,0.0,94.68,94.68,44.44,54.17,30.16,70.21,40.05,45.24,69.16,0.0,86.17,86.17,41.67,85.0,7.94,94.68,86.74,0.0,0.0,3.97,12.77,8.8,0.0,0.0,22.22,35.11,12.89,50.0,41.84,97.62,79.79,-17.83,70.45,73.26,33.33,56.38,23.05,81.48,77.0,96.83,88.3,-8.53,22,1
J08-0476,Manoel,manoel,LAT,LAT,0,Lateral Esquerdo,Lateral Esquerdo,Brasil B,Brasil C,C,1,2023,2023,2024,2024,1,2024,Mirassol,ABC,Manoel - Mirassol - Brasil B,Manoel - ABC - Brasil C,1196,352,18.0,7.0,1,0,900,592,1,0,0,0,-0.7074,-0.3896,0.318,23.7,31.8,27.0,30.0,2.0,0.0,medida (60 pares),medida (53 pares),26.0,28.0,2.0,1,0,-0.1823,-0.2531,0.5003,-0.1645,-0.2251,única; único,única; único,74,60,0,13.85,12.78,16.89,11.67,-5.22,3.76,5.37,76.35,100.0,23.65,1.28,1.28,27.03,31.67,4.64,0.3,0.26,31.08,47.5,16.42,1.05,1.02,88.51,79.17,-9.34,9.26,5.11,77.7,5.0,-72.7,34.31,20.2,93.92,30.0,-63.92,0.23,1.02,10.14,89.17,79.03,0.03,0.04,52.7,58.33,5.63,0.15,0.26,14.19,40.83,26.64,42.22,28.38,85.81,18.33,-67.48,7.6,5.88,27.7,3.33,-24.37,82.17,72.07,81.76,15.0,-66.76,47.28,56.0,7.43,66.67,59.24,46.0,61.9,22.3,86.67,64.37,56.25,55.56,25.0,13.33,-11.67,35.29,80.0,2.03,94.17,92.14,7.14,25.0,18.24,53.33,35.09,0.0,0.0,32.43,31.67,-0.76,32.35,40.0,33.11,69.17,36.06,72.36,65.0,46.62,14.17,-32.45,75.0,33.33,81.76,0.0,-81.76,22,1
J08-0477,Jean Victor,jean victor,LAT,LAT,0,Lateral Esquerdo,Lateral Esquerdo,Brasil B,Brasil C,C,1,2025,2025,jun26,2026,1,2026,Botafogo SP,Volta Redonda,Jean Victor - Botafogo SP - Brasil B,Jean Victor - Volta Redonda - Brasil C,788,628,16.0,7.0,1,1,900,213,0,1,1,0,0.2667,-1.2834,-1.55,62.0,18.8,31.0,31.0,0.0,0.0,medida (111 pares),referência,30.0,31.0,1.0,0,0,-0.1028,0.0,-1.4472,0.2461,-1.5295,única; único,única; único,68,56,0,10.05,9.75,8.82,9.82,1.0,1.71,1.86,27.21,33.04,5.83,1.03,0.29,27.94,8.04,-19.9,0.23,0.0,54.41,24.11,-30.3,1.37,0.72,91.18,58.93,-32.25,7.88,8.03,51.47,45.54,-5.93,31.18,20.21,85.29,16.96,-68.33,0.46,0.86,16.18,66.96,50.78,0.04,0.05,57.35,68.75,11.4,0.23,0.0,27.21,11.61,-15.6,42.03,28.95,85.29,16.96,-68.33,6.62,8.03,29.41,68.75,39.34,79.89,76.73,63.24,45.54,-17.7,60.23,45.59,97.79,15.18,-82.61,46.67,46.15,49.26,38.39,-10.87,69.57,51.35,88.24,22.32,-65.92,77.78,50.0,98.53,39.29,-59.24,25.0,60.0,42.65,89.29,46.64,0.0,0.0,25.74,40.18,14.44,18.52,28.57,6.62,24.11,17.49,68.12,71.43,19.12,41.96,22.84,66.67,76.19,47.79,81.25,33.46,22,1
J08-0478,Roberto,roberto,LAT,LAT,0,Lateral Esquerdo,Lateral Esquerdo,Brasil B,Brasil C,C,1,2023,2023,2024,2024,1,2024,Grêmio Novorizontino,CSA,Roberto - Grêmio Novorizontino - Brasil B,Roberto - CSA - Brasil C,977,956,13.0,10.0,0,0,900,592,0,0,0,0,0.0284,1.2071,1.179,52.6,88.6,32.0,35.0,2.0,0.0,medida (60 pares),medida (53 pares),31.0,33.0,2.0,1,0,-0.1856,-0.4146,1.3646,0.1457,1.0614,única; homônimo resolvido pelo clube,única; único,74,60,0,15.2,15.72,34.46,47.5,13.04,4.33,2.82,88.51,62.5,-26.01,1.2,1.88,23.65,55.83,32.18,0.46,0.75,45.95,92.5,46.55,1.01,0.85,87.16,67.5,-19.66,8.01,10.54,44.59,94.17,49.58,20.54,25.61,11.49,64.17,52.68,1.11,0.47,80.41,47.5,-32.91,0.07,0.05,83.78,71.67,-12.11,0.55,0.28,93.92,45.0,-48.92,30.21,38.03,12.84,72.5,59.66,6.54,8.47,4.73,37.5,32.77,78.96,82.67,52.7,87.5,34.8,58.18,65.87,89.86,99.17,9.31,76.6,56.67,99.32,74.17,-25.15,60.32,77.42,52.03,99.17,47.14,46.15,60.0,10.14,50.83,40.69,18.18,33.33,37.84,63.33,25.49,0.0,11.111,32.43,75.83,43.4,53.85,50.0,99.32,94.17,-5.15,79.31,80.36,87.16,94.17,7.01,67.65,76.71,45.27,90.83,45.56,22,1
J08-0479,Zé Mário,ze mario,LAT,LAT,0,Lateral Esquerdo,Lateral Esquerdo,Brasil C,Brasil B,B,1,2023,2023,2025,2025,2,2025,Botafogo PB,Ferroviária,Zé Mário - Botafogo PB - Brasil C,Zé Mário - Ferroviária - Brasil B,2072,1406,21.0,21.0,0,0,545,900,0,0,0,0,0.7363,0.7717,0.035,69.2,76.0,31.0,34.0,3.0,0.0,medida (23 pares),medida (111 pares),31.0,33.0,2.0,0,0,-0.1856,-0.3057,0.2206,0.3209,0.4508,única; único,única; único,53,68,0,15.03,14.72,42.45,55.15,12.7,2.45,3.07,33.02,72.06,39.04,1.59,1.15,38.68,36.03,-2.65,1.32,0.32,91.51,69.12,-22.39,0.23,0.9,15.09,73.53,58.44,9.54,8.83,85.85,74.26,-11.59,27.06,31.37,76.42,86.03,9.61,0.5,0.96,34.91,63.97,29.06,0.0,0.05,4.72,66.91,62.19,0.41,0.26,75.47,31.62,-43.85,39.23,43.78,85.85,86.03,0.18,9.63,9.73,78.3,90.44,12.14,80.44,83.33,66.98,91.91,24.93,56.5,54.78,78.3,69.85,-8.45,59.26,45.83,83.96,46.32,-37.64,59.33,58.1,34.91,27.21,-7.7,60.0,50.0,58.49,23.53,-34.96,20.0,21.43,35.85,31.62,-4.23,0.0,0.0,37.74,25.74,-12.0,35.29,27.08,46.23,13.97,-32.26,73.33,75.36,41.51,68.38,26.87,76.67,73.17,80.19,77.21,-2.98,22,1
J08-0480,Zé Mário,ze mario,LAT,LAT,0,Lateral Esquerdo,Lateral Esquerdo,Brasil B,Brasil C,C,1,2025,2025,jun26,2026,1,2026,Ferroviária,Santa Cruz,Zé Mário - Ferroviária - Brasil B,Zé Mário - Santa Cruz - Brasil C,1406,671,21.0,8.0,1,0,900,213,0,0,1,0,0.7717,-1.3875,-2.159,76.0,12.5,34.0,34.0,0.0,0.0,medida (111 pares),referência,33.0,34.0,1.0,0,0,-0.1525,0.0,-2.0065,0.459,-1.8465,única; único,única; único,68,56,0,14.72,11.13,55.15,13.39,-41.76,3.07,1.48,72.06,15.18,-56.88,1.15,0.67,36.03,25.89,-10.14,0.32,0.0,69.12,24.11,-45.01,0.9,0.8,73.53,69.64,-3.89,8.83,10.19,74.26,88.39,14.13,31.37,30.31,86.03,83.04,-2.99,0.96,0.4,63.97,27.68,-36.29,0.05,0.01,66.91,33.93,-32.98,0.26,0.0,31.62,11.61,-20.01,43.78,42.25,86.03,86.61,0.58,9.73,7.65,90.44,56.25,-34.19,83.33,82.22,91.91,86.61,-5.3,54.78,49.4,69.85,34.82,-35.03,45.83,27.27,46.32,6.25,-40.07,58.1,53.19,27.21,29.46,2.25,50.0,40.0,23.53,23.21,-0.32,21.43,16.67,31.62,50.0,18.38,0.0,0.0,25.74,40.18,14.44,27.08,35.29,13.97,38.39,24.42,75.36,75.0,68.38,58.93,-9.45,73.17,73.58,77.21,72.32,-4.89,22,1
J08-0481,Alex Ruan,alex ruan,LAT,LAT,0,Lateral Esquerdo,Lateral Esquerdo,Brasil C,Brasil B,B,1,2023,2023,2024,2024,1,2024,Brusque,Brusque,Alex Ruan - Brusque - Brasil C,Alex Ruan - Brusque - Brasil B,1567,1205,21.0,15.0,0,0,545,900,0,0,0,0,2.298,0.8027,-1.495,100.0,71.7,30.0,33.0,3.0,0.0,medida (23 pares),medida (76 pares),30.0,31.0,1.0,0,0,-0.1028,-0.2241,-1.3922,1.1025,-0.2998,única; único,única; único,53,63,0,16.33,14.86,59.43,34.13,-25.3,2.86,2.39,53.77,40.48,-13.29,1.1,1.42,25.47,44.44,18.97,0.61,0.0,70.75,5.56,-65.19,1.58,0.97,97.17,80.16,-17.01,6.46,5.68,17.92,10.32,-7.6,25.9,27.71,61.32,69.05,7.73,1.04,0.9,87.74,68.25,-19.49,0.17,0.1,97.17,96.03,-1.14,0.37,0.15,68.87,19.84,-49.03,35.04,36.82,46.23,54.76,8.53,6.89,7.69,23.58,27.78,4.2,79.65,82.15,55.66,83.33,27.67,43.28,47.24,2.83,8.73,5.9,36.17,40.63,14.15,26.19,12.04,45.95,61.54,0.94,34.13,33.19,50.0,52.63,24.53,37.3,12.77,30.77,30.77,67.92,59.52,-8.4,7.692,7.692,78.3,67.46,-10.84,43.86,43.48,78.3,80.16,1.86,80.19,75.0,87.74,65.08,-22.66,65.45,60.34,31.13,19.84,-11.29,22,1
J08-0482,Alex Ruan,alex ruan,LAT,LAT,0,Lateral Esquerdo,Lateral Esquerdo,Brasil B,Brasil C,C,1,2024,2024,2025,2025,1,2025,Brusque,Brusque,Alex Ruan - Brusque - Brasil B,Alex Ruan - Brusque - Brasil C,1205,1296,15.0,13.0,0,0,900,616,0,0,0,0,0.8027,0.6665,-0.136,71.7,70.7,33.0,33.0,0.0,0.0,medida (76 pares),medida (70 pares),31.0,32.0,1.0,0,0,-0.0928,0.0,-0.0432,0.4721,0.1944,única; único,única; único,63,47,0,14.86,13.61,34.13,37.23,3.1,2.39,3.19,40.48,69.15,28.67,1.42,0.69,44.44,11.7,-32.74,0.0,0.07,5.56,21.28,15.72,0.97,0.69,80.16,64.89,-15.27,5.68,10.07,10.32,88.3,77.98,27.71,27.57,69.05,75.53,6.48,0.9,0.9,68.25,69.15,0.9,0.1,0.04,96.03,69.15,-26.88,0.15,0.35,19.84,62.77,42.93,36.82,38.33,54.76,77.66,22.9,7.69,8.68,27.78,64.89,37.11,82.15,76.45,83.33,52.13,-31.2,47.24,56.12,8.73,75.53,66.8,40.63,41.3,26.19,35.11,8.92,61.54,62.77,34.13,47.87,13.74,52.63,70.0,37.3,81.91,44.61,30.77,30.0,59.52,60.64,1.12,7.692,10.0,67.46,77.66,10.2,43.48,28.0,80.16,20.21,-59.95,75.0,71.72,65.08,45.74,-19.34,60.34,70.83,19.84,67.02,47.18,22,1
J08-0483,Renan Castro,renan castro,LAT,LAT,0,Lateral Esquerdo,Lateral Esquerdo,Brasil C,Brasil B,B,1,2023,2023,2024,2024,1,2024,Amazonas,Amazonas,Renan Castro - Amazonas - Brasil C,Renan Castro - Amazonas - Brasil B,1450,1120,17.0,16.0,0,0,545,900,0,0,0,0,0.0205,1.9661,1.946,57.7,89.1,28.0,30.0,3.0,0.0,medida (23 pares),medida (76 pares),28.0,28.0,0.0,-1,0,0.0,-0.173,1.946,0.1423,1.8238,única; único,única; único,53,63,0,13.22,10.93,14.15,5.56,-8.59,2.42,2.09,31.13,26.19,-4.94,0.68,0.32,8.49,0.79,-7.7,0.25,0.08,22.64,20.63,-2.01,0.74,0.4,77.36,18.25,-59.11,8.07,11.65,50.0,97.62,47.62,29.42,35.92,91.51,96.03,4.52,0.62,0.16,48.11,0.79,-47.32,0.03,0.0,65.09,2.38,-62.71,0.31,0.48,53.77,96.03,42.26,37.06,44.6,74.53,89.68,15.15,6.58,7.39,12.26,22.22,9.96,79.06,84.68,48.11,96.03,47.92,53.99,57.35,53.77,88.1,34.33,43.59,53.85,30.19,59.52,29.33,57.41,62.82,23.58,46.83,23.25,45.45,50.0,13.21,27.78,14.57,25.0,20.0,50.0,33.33,-16.67,0.0,0.0,37.74,22.22,-15.52,40.68,45.71,68.87,92.86,23.99,78.46,82.76,80.19,97.62,17.43,65.82,72.97,36.79,75.4,38.61,22,1
J08-0484,Renan Castro,renan castro,LAT,LAT,0,Lateral Esquerdo,Lateral Esquerdo,Brasil B,Brasil C,C,1,2024,2024,jun26,2026,2,2026,Amazonas,Guarani,Renan Castro - Amazonas - Brasil B,Renan Castro - Guarani - Brasil C,1120,256,16.0,3.0,1,0,900,213,0,0,1,0,1.9661,-0.5149,-2.481,89.1,40.6,30.0,30.0,0.0,0.0,medida (76 pares),referência,28.0,30.0,2.0,0,0,-0.2034,0.0,-2.2776,0.5395,-1.0544,única; único,única; único,63,56,0,10.93,13.01,5.56,38.39,32.83,2.09,3.52,26.19,81.25,55.06,0.32,1.05,0.79,45.54,44.75,0.08,0.0,20.63,24.11,3.48,0.4,0.0,18.25,3.57,-14.68,11.65,11.6,97.62,97.32,-0.3,35.92,29.18,96.03,77.68,-18.35,0.16,0.0,0.79,3.57,2.78,0.0,0.0,2.38,12.5,10.12,0.48,0.0,96.03,11.61,-84.42,44.6,39.02,89.68,72.32,-17.36,7.39,7.38,22.22,49.11,26.89,84.68,83.78,96.03,91.96,-4.07,57.35,54.05,88.1,52.68,-35.42,53.85,60.0,59.52,66.07,6.55,62.82,56.25,46.83,42.86,-3.97,50.0,33.33,27.78,16.96,-10.82,20.0,0.0,33.33,19.64,-13.69,0.0,0.0,22.22,40.18,17.96,45.71,33.33,92.86,36.61,-56.25,82.76,72.73,97.62,52.68,-44.94,72.97,76.92,75.4,83.04,7.64,22,1
J08-0485,Lucas Lovat,lucas lovat,LAT,LAT,0,Lateral Esquerdo,Lateral Esquerdo,Eslovaquia,Brasil B,B,0,2024,2024,2025,2025,1,2025,Slovan Bratislava,Goiás,Lucas Lovat - Slovan Bratislava - Eslovaquia,Lucas Lovat - Goiás - Brasil B,671,836,10.0,12.0,1,1,758,900,1,1,0,0,2.8371,-0.8432,-3.68,100.0,18.0,29.0,29.0,0.0,0.0,medida (67 pares),medida (111 pares),27.0,28.0,1.0,0,0,-0.1006,0.0,-3.5794,1.3298,-2.173,única; único,única; único,41,68,0,13.68,15.29,9.76,67.65,57.89,0.54,1.83,0.0,27.94,27.94,2.82,1.29,80.49,41.18,-39.31,0.67,0.11,73.17,25.74,-47.43,1.48,0.75,85.37,55.88,-29.49,9.93,7.54,82.93,47.06,-35.87,44.8,18.73,97.56,5.88,-91.68,0.94,0.32,41.46,4.41,-37.05,0.03,0.0,20.73,5.88,-14.85,0.54,0.11,85.37,7.35,-78.02,58.21,29.5,97.56,11.76,-85.8,6.84,10.23,14.63,94.12,79.49,79.03,70.44,70.73,7.35,-63.38,53.92,45.77,75.61,4.41,-71.2,0.0,23.53,0.0,4.41,4.41,63.16,58.57,73.17,30.88,-42.29,57.14,58.33,41.46,56.62,15.16,18.18,14.29,12.2,14.71,2.51,9.091,14.286,56.1,94.12,38.02,30.23,35.48,26.83,42.65,15.82,79.73,70.0,90.24,31.62,-58.62,55.32,53.57,17.07,4.41,-12.66,22,1
J08-0486,A. Cruz,a cruz,LAT,LAT,0,Lateral Esquerdo,Lateral Esquerdo,Mexico,Brasil A,A,0,2023,2023,2024,2024,1,2024,Juárez,Atlético GO,A. Cruz - Juárez - Mexico,A. Cruz - Atlético GO - Brasil A,870,2414,11.0,36.0,0,1,900,900,0,1,0,0,-0.5969,0.421,1.018,26.7,65.9,26.0,25.0,3.0,0.0,medida (77 pares),medida (113 pares),26.0,23.0,-3.0,-4,1,0.0331,0.0479,0.9849,-0.118,0.539,única; único,única; único,54,67,0,14.28,13.91,24.07,23.88,-0.19,1.34,1.9,7.41,32.09,24.68,0.41,2.91,3.7,82.84,79.14,0.21,0.52,22.22,80.6,58.38,0.21,1.16,7.41,82.84,75.43,7.86,6.64,57.41,26.12,-31.29,20.9,25.35,27.78,44.03,16.25,0.1,1.23,0.0,67.91,67.91,0.01,0.1,14.81,86.57,71.76,0.0,0.37,1.85,68.66,66.81,29.9,32.66,16.67,24.63,7.96,8.9,5.78,53.7,3.73,-49.97,76.82,76.48,16.67,18.66,1.99,61.59,49.6,100.0,17.16,-82.84,46.15,49.02,50.0,51.49,1.49,74.29,60.17,100.0,23.13,-76.87,50.0,57.69,27.78,53.73,25.95,0.0,25.81,3.7,48.51,44.81,0.0,6.452,25.93,58.21,32.28,61.54,37.21,100.0,56.72,-43.28,64.47,75.84,3.7,67.91,64.21,72.5,71.77,59.26,45.52,-13.74,22,0
J08-0487,Wendell,wendell,LAT,LAT,0,Lateral Esquerdo,Lateral Esquerdo,Portugal A,Brasil A,A,0,2024,2024,2025,2025,1,2025,Porto,São Paulo,Wendell - Porto - Portugal A,Wendell - São Paulo - Brasil A,1465,931,16.0,16.0,0,0,568,900,0,0,0,0,3.3538,0.5212,-2.833,97.8,70.7,30.0,32.0,2.0,0.0,medida (44 pares),medida (156 pares),30.0,31.0,1.0,0,0,-0.1028,-0.1585,-2.7302,1.5477,-1.0265,única; único,única; único,54,72,0,16.16,13.53,62.04,35.42,-26.62,2.4,2.03,63.89,43.75,-20.14,2.76,0.87,71.3,21.53,-49.77,1.17,0.39,93.52,89.58,-3.94,0.92,0.39,87.96,22.92,-65.04,7.25,5.7,47.22,14.58,-32.64,33.36,28.52,89.81,59.03,-30.78,1.72,1.26,84.26,71.53,-12.73,0.06,0.02,75.93,26.39,-49.54,0.31,0.39,48.15,57.64,9.49,46.75,37.6,93.52,49.31,-44.21,7.68,8.99,25.0,75.0,50.0,84.63,83.55,97.22,75.69,-21.53,58.56,59.29,93.52,96.53,3.01,71.79,57.14,97.22,86.81,-10.41,60.64,64.62,58.33,78.47,20.14,64.44,55.56,89.81,42.36,-47.45,46.67,0.0,80.56,4.17,-76.39,26.667,0.0,95.37,22.92,-72.45,33.33,11.11,49.07,0.69,-48.38,80.51,74.58,93.52,64.58,-28.94,71.43,79.41,84.26,84.03,-0.23,22,1
J08-0488,Matheus Mascarenhas,matheus mascarenhas,LAT,LAT,0,Lateral Esquerdo,Lateral Esquerdo,Romenia,Brasil C,C,0,2024,2024,2025,2025,1,2025,U Craiova 1948,Figueirense,Matheus Mascarenhas - U Craiova 1948 - Romenia,Matheus Mascarenhas - Figueirense - Brasil C,2014,479,27.0,5.0,1,0,900,616,1,0,0,0,0.6641,-0.399,-1.063,80.0,34.1,27.0,27.0,0.0,0.0,medida (82 pares),medida (70 pares),25.0,26.0,1.0,0,0,-0.0817,0.0,-0.9813,0.4137,-0.8127,única; único,única; único,56,47,0,16.18,12.03,41.96,12.77,-29.19,2.5,2.07,72.32,22.34,-49.98,2.32,1.5,65.18,61.7,-3.48,0.27,0.19,20.54,61.7,41.16,0.8,0.0,81.25,0.0,-81.25,10.5,9.21,91.96,70.21,-21.75,27.39,17.85,74.11,14.89,-59.22,0.4,0.0,8.04,0.0,-8.04,0.03,0.0,59.82,2.13,-57.69,0.31,0.19,46.43,23.4,-23.03,38.43,28.56,59.82,25.53,-34.29,8.58,7.52,38.39,36.17,-2.22,75.58,69.08,45.54,6.38,-39.16,56.08,45.31,84.82,4.26,-80.56,55.36,36.36,77.68,20.21,-57.47,66.91,50.0,83.04,8.51,-74.53,57.69,50.0,54.46,31.91,-22.55,27.78,0.0,47.32,12.77,-34.55,0.0,0.0,30.36,35.11,4.75,43.75,55.56,84.82,100.0,15.18,74.04,59.18,76.79,2.13,-74.66,66.89,53.33,70.54,10.64,-59.9,22,1
J08-0489,Guilherme,guilherme,LAT,LAT,0,Lateral Esquerdo,Lateral Esquerdo,Brasil A,Brasil B,B,1,2025,2025,jun26,2026,1,2026,Red Bull Bragantino,Atlético GO,Guilherme - Red Bull Bragantino - Brasil A,Guilherme - Atlético GO - Brasil B,724,982,11.0,10.0,0,1,900,284,0,1,1,0,-0.3498,-0.9606,-0.611,39.0,23.3,24.0,24.0,0.0,0.0,medida (156 pares),referência,23.0,24.0,1.0,0,0,0.0243,0.0,-0.6353,-0.0138,-0.9468,única; homônimo resolvido pelo clube,única; único,72,63,0,15.91,15.31,66.67,65.87,-0.8,2.73,1.83,76.39,43.65,-32.74,1.37,2.29,52.78,73.81,21.03,0.37,0.27,85.42,70.63,-14.79,0.37,0.27,18.75,30.16,11.41,6.71,5.96,34.72,21.43,-13.29,33.07,19.61,75.0,13.49,-61.51,0.37,0.64,4.17,27.78,23.61,0.06,0.02,72.22,38.1,-34.12,0.37,0.37,52.78,64.29,11.51,42.76,27.95,70.83,10.32,-60.51,9.57,8.07,90.28,72.22,-18.06,81.69,77.05,54.17,34.13,-20.04,48.44,46.71,16.67,18.25,1.58,40.91,50.0,23.61,42.06,18.45,56.25,56.98,25.0,37.3,12.3,45.45,44.0,13.19,18.25,5.06,33.33,33.33,59.03,65.87,6.84,33.333,33.333,99.31,94.44,-4.87,38.46,34.29,63.89,52.38,-11.51,64.81,69.23,13.19,40.48,27.29,65.79,75.76,20.83,72.22,51.39,22,1
J08-0490,Everton Morelli,everton morelli,MED,MED,0,Medio,Medio,Brasil A,Brasil B,B,1,2023,2023,2024,2024,1,2024,Goiás,Coritiba,Everton Morelli - Goiás - Brasil A,Everton Morelli - Coritiba - Brasil B,2897,1776,32.0,26.0,0,0,900,900,0,0,0,0,-1.6123,-0.4786,1.134,3.4,25.8,28.0,28.0,0.0,0.0,medida (82 pares),medida (76 pares),25.0,26.0,1.0,0,0,0.0427,0.0,1.0913,-0.9139,0.4353,única; único,única; único,41,42,0,18.64,20.78,62.2,94.05,31.85,1.9,3.55,41.46,84.52,43.06,1.43,1.06,42.68,58.33,15.65,0.56,0.25,74.39,70.24,-4.15,0.87,0.76,47.56,25.0,-22.56,4.35,5.42,18.29,41.67,23.38,19.26,23.36,6.1,41.67,35.57,1.03,1.32,69.51,82.14,12.63,0.05,0.08,37.8,52.38,14.58,0.09,0.1,19.51,32.14,12.63,28.46,34.36,8.54,36.9,28.36,9.23,9.93,67.07,89.29,22.22,86.57,81.71,52.44,27.38,-25.06,53.67,54.15,79.27,82.14,2.87,50.82,50.0,74.39,64.29,-10.1,60.23,65.54,67.07,91.67,24.6,63.04,42.86,74.39,29.76,-44.63,21.43,33.33,20.73,64.29,43.56,10.714,6.667,74.39,44.05,-30.34,63.64,50.0,91.46,91.67,0.21,68.57,59.81,28.05,3.57,-24.48,74.59,67.26,30.49,8.33,-22.16,22,1
J08-0491,S. Gómez,s gomez,MED,MED,0,Medio,Medio,Brasil A,Brasil B,B,1,2023,2023,2024,2024,1,2024,Coritiba,Coritiba,S. Gómez - Coritiba - Brasil A,S. Gómez - Coritiba - Brasil B,1591,2445,20.0,29.0,0,0,900,900,0,0,0,0,-1.0699,0.2408,1.311,18.6,58.1,30.0,30.0,0.0,0.0,medida (82 pares),medida (76 pares),27.0,28.0,1.0,0,0,-0.0327,0.0,1.3437,-0.5701,0.8109,única; único,única; único,41,42,0,16.18,18.77,40.24,79.76,39.52,2.21,2.02,67.07,46.43,-20.64,1.3,1.03,32.93,54.76,21.83,0.0,0.15,2.44,52.38,49.94,0.68,0.74,26.83,22.62,-4.21,3.17,5.41,1.22,39.29,38.07,21.33,27.72,20.73,65.48,44.75,0.51,0.63,25.61,30.95,5.34,0.07,0.04,53.66,21.43,-32.23,0.06,0.22,10.98,70.24,59.26,29.3,40.01,13.41,67.86,54.45,7.92,9.28,47.56,79.76,32.2,87.26,90.8,69.51,98.81,29.3,53.15,50.98,71.95,60.71,-11.24,46.15,47.27,62.2,51.19,-11.01,61.65,57.09,84.15,27.38,-56.77,43.48,60.71,10.98,84.52,73.54,33.33,25.0,63.41,30.95,-32.46,16.667,0.0,85.37,10.71,-74.66,45.45,40.0,71.95,78.57,6.62,71.43,85.03,35.37,94.05,58.68,71.43,85.71,20.73,95.24,74.51,22,1
J08-0492,Paulinho,paulinho,MED,MED,0,Medio,Medio,Portugal B,Brasil A,A,0,2025,2025,jun26,2026,1,2026,Leixões,Internacional,Paulinho - Leixões - Portugal B,Paulinho - Internacional - Brasil A,1045,777,15.0,12.0,1,0,805,426,0,0,1,0,-0.1043,-0.4712,-0.367,42.9,32.4,28.0,29.0,0.0,0.0,medida (99 pares),referência,27.0,29.0,2.0,1,0,-0.0654,-0.0215,-0.3016,0.0419,-0.5131,única; homônimo resolvido pelo clube,única; único,44,34,0,15.07,18.19,28.41,95.59,67.18,1.98,2.2,31.82,83.82,52.0,0.95,2.2,35.23,95.59,60.36,0.34,0.23,90.91,83.82,-7.09,0.86,1.27,54.55,80.88,26.33,3.88,6.25,17.05,80.88,63.83,21.44,30.81,55.68,69.12,13.44,0.95,1.62,67.05,86.76,19.71,0.08,0.1,71.59,66.18,-5.41,0.09,0.23,29.55,51.47,21.92,32.12,42.16,46.59,69.12,22.53,7.84,9.5,51.14,95.59,44.45,84.18,85.99,69.32,33.82,-35.5,46.29,55.41,21.59,80.88,59.29,47.83,52.63,67.05,66.18,-0.87,52.27,56.94,12.5,57.35,44.85,72.73,57.89,92.05,42.65,-49.4,30.0,36.36,53.41,72.06,18.65,20.0,0.0,95.45,25.0,-70.45,20.0,36.36,21.59,50.0,28.41,57.78,72.22,5.68,27.94,22.26,69.35,86.21,55.68,86.76,31.08,22,1
J08-0493,Paulinho,paulinho,MED,MED,0,Medio,Medio,Portugal B,Brasil C,C,0,2024,2024,2025,2025,1,2025,Leixões,Anápolis,Paulinho - Leixões - Portugal B,Paulinho - Anápolis - Brasil C,427,800,6.0,9.0,1,1,568,616,0,1,0,0,-0.2922,-2.0565,-1.764,43.8,1.5,26.0,27.0,2.0,0.0,medida (43 pares),medida (70 pares),26.0,26.0,0.0,-1,0,0.0,0.044,-1.764,-0.0772,-1.9793,única; homônimo resolvido pelos minutos,única; único,37,39,0,17.92,15.75,51.35,42.31,-9.04,2.53,2.93,70.27,55.13,-15.14,0.21,0.23,0.0,1.28,1.28,0.21,0.23,43.24,80.77,37.53,0.0,1.46,0.0,65.38,65.38,2.95,5.29,0.0,37.18,37.18,20.87,13.05,37.84,1.28,-36.56,1.26,0.56,83.78,32.05,-51.73,0.0,0.04,0.0,30.77,30.77,0.21,0.0,54.05,14.1,-39.95,32.46,24.53,37.84,6.41,-31.43,10.96,10.01,91.89,88.46,-3.43,85.06,75.23,70.27,8.97,-61.3,58.82,46.43,97.3,16.67,-80.63,50.0,42.31,66.22,46.15,-20.07,70.73,58.21,94.59,50.0,-44.59,0.0,50.0,0.0,30.77,30.77,0.0,0.0,1.35,3.85,2.5,0.0,0.0,17.57,17.95,0.38,50.0,0.0,86.49,7.69,-78.8,64.29,65.96,13.51,11.54,-1.97,64.29,65.79,13.51,24.36,10.85,22,1
J08-0494,Zé Ricardo,ze ricardo,MED,MED,0,Medio,Medio,Brasil A,Brasil B,B,1,2023,2023,2024,2024,1,2024,Goiás,Avaí,Zé Ricardo - Goiás - Brasil A,Zé Ricardo - Avaí - Brasil B,1199,1993,13.0,25.0,0,0,900,900,0,0,0,0,-0.3538,0.8577,1.212,40.7,75.8,27.0,30.0,0.0,0.0,medida (82 pares),medida (76 pares),24.0,28.0,4.0,3,1,0.1344,-0.0814,1.0776,-0.1162,0.9739,única; único,única; único,41,42,0,22.59,14.68,86.59,41.67,-44.92,2.03,1.9,51.22,40.48,-10.74,3.68,0.72,91.46,27.38,-64.08,0.08,0.32,8.54,91.67,83.13,1.2,0.36,64.63,5.95,-58.68,8.33,5.24,96.34,34.52,-61.82,30.78,30.08,71.95,75.0,3.05,0.15,0.09,3.66,3.57,-0.09,0.03,0.01,10.98,2.38,-8.6,0.08,0.32,15.85,84.52,68.67,44.89,44.62,71.95,84.52,12.57,9.83,9.12,74.39,72.62,-1.77,86.62,85.12,54.88,51.19,-3.69,54.82,50.77,86.59,58.33,-28.26,62.96,35.71,96.34,25.0,-71.34,54.4,58.08,23.17,41.67,18.5,65.31,43.75,79.27,32.14,-47.13,43.75,12.5,98.78,13.1,-85.68,0.0,12.5,14.63,82.14,67.51,40.0,75.0,57.32,96.43,39.11,80.18,69.83,65.85,20.24,-45.61,79.65,67.5,59.76,10.71,-49.05,22,0
J08-0495,Luís Oyama,luis oyama,MED,MED,0,Medio,Medio,Brasil A,Brasil B,B,1,2023,2023,2025,2025,2,2025,Goiás,Grêmio Novorizontino,Luís Oyama - Goiás - Brasil A,Luís Oyama - Grêmio Novorizontino - Brasil B,630,2530,9.0,35.0,0,1,900,900,0,1,0,0,-0.6723,0.9504,1.623,30.5,72.3,29.0,29.0,0.0,0.0,medida (82 pares),medida (111 pares),26.0,28.0,2.0,0,0,0.01,0.0,1.613,-0.0936,1.044,única; único,única; único,41,48,0,16.57,14.83,41.46,61.46,20.0,0.86,1.6,2.44,23.96,21.52,2.0,1.25,59.76,63.54,3.78,1.43,0.14,100.0,80.21,-19.79,0.71,1.07,36.59,43.75,7.16,4.14,5.76,9.76,69.79,60.03,21.14,25.86,17.07,57.29,40.22,0.86,1.25,65.85,65.62,-0.23,0.03,0.08,10.98,61.46,50.48,0.29,0.25,60.98,69.79,8.81,33.43,37.57,29.27,67.71,38.44,9.57,8.11,68.29,80.21,11.92,84.19,84.66,26.83,44.79,17.96,42.24,50.36,4.88,44.79,39.91,50.0,33.33,71.95,25.0,-46.95,51.02,62.57,4.88,80.21,75.33,42.86,45.71,9.76,15.62,5.86,40.0,16.67,86.59,20.83,-65.76,20.0,6.667,95.12,55.21,-39.91,33.33,34.62,48.78,48.96,0.18,65.52,77.78,12.2,73.96,61.76,70.97,74.18,19.51,53.12,33.61,22,1
J08-0496,Lucas Lima,lucas lima,MED,MED,0,Medio,Medio,Brasil B,Brasil C,C,1,2023,2023,2024,2024,1,2024,CRB,São Bernardo FC,Lucas Lima - CRB - Brasil B,Lucas Lima - São Bernardo FC - Brasil C,2802,1225,35.0,15.0,0,0,900,592,0,0,0,0,0.638,1.2928,0.655,71.4,82.1,23.0,25.0,2.0,0.0,medida (60 pares),medida (53 pares),22.0,23.0,1.0,0,0,0.0945,0.2522,0.5605,0.5124,0.7804,única; único,única; único,42,44,0,19.27,18.37,75.0,76.14,1.14,3.15,2.57,63.1,44.32,-18.78,1.38,1.69,53.57,76.14,22.57,0.13,0.15,22.62,67.05,44.43,1.25,1.62,72.62,80.68,8.06,4.27,6.47,17.86,62.5,44.64,19.37,29.53,20.24,80.68,60.44,1.19,1.47,84.52,94.32,9.8,0.09,0.11,82.14,80.68,-1.46,0.19,0.22,63.1,69.32,6.22,29.13,38.72,15.48,60.23,44.75,8.93,7.57,65.48,44.32,-21.16,84.9,86.53,46.43,75.0,28.57,47.0,45.2,22.62,17.05,-5.57,41.84,37.14,34.52,26.14,-8.38,60.54,59.14,75.0,44.32,-30.68,51.16,47.83,20.24,28.41,8.17,30.77,40.91,71.43,87.5,16.07,5.128,13.636,55.95,87.5,31.55,21.43,11.11,25.0,25.0,0.0,70.68,82.95,32.14,82.95,50.81,77.0,77.23,70.24,69.32,-0.92,22,1
J08-0497,Giovanni Pavani,giovanni pavani,MED,MED,0,Medio,Medio,Brasil B,Brasil C,C,1,2023,2023,2024,2024,1,2024,Chapecoense,Remo,Giovanni Pavani - Chapecoense - Brasil B,Giovanni Pavani - Remo - Brasil C,2566,2117,32.0,23.0,0,0,900,592,0,0,0,0,0.4875,0.9536,0.466,66.7,77.6,27.0,29.0,2.0,0.0,medida (60 pares),medida (53 pares),26.0,27.0,1.0,0,0,0.0427,-0.043,0.4233,0.417,0.5366,única; único,única; único,42,44,0,24.54,20.75,94.05,87.5,-6.55,5.13,5.53,94.05,98.86,4.81,4.11,2.81,98.81,94.32,-4.49,0.87,0.34,98.81,92.05,-6.76,1.56,2.04,82.14,94.32,12.18,7.38,7.31,94.05,80.68,-13.37,24.83,25.08,61.9,55.68,-6.22,1.05,0.68,79.76,48.86,-30.9,0.06,0.1,52.38,75.0,22.62,0.11,0.26,44.05,82.95,38.9,39.47,38.77,82.14,62.5,-19.64,7.52,7.52,29.76,40.91,11.15,80.48,82.79,13.1,37.5,24.4,49.48,48.98,38.1,26.14,-11.96,52.48,50.0,86.9,68.18,-18.72,52.33,57.48,32.14,35.23,3.09,56.64,62.12,29.76,60.23,30.47,32.56,22.92,82.14,51.14,-31.0,4.651,4.167,51.19,62.5,11.31,21.88,23.53,29.76,32.95,3.19,72.91,76.74,39.29,46.59,7.3,68.32,71.35,10.71,28.41,17.7,22,1
J08-0498,Giovanni Pavani,giovanni pavani,MED,MED,0,Medio,Medio,Brasil C,Brasil B,B,1,2024,2024,2025,2025,1,2025,Remo,Remo,Giovanni Pavani - Remo - Brasil C,Giovanni Pavani - Remo - Brasil B,2117,1329,23.0,24.0,0,0,592,900,0,0,0,0,0.9536,0.0947,-0.859,77.6,56.9,29.0,29.0,0.0,0.0,medida (53 pares),medida (111 pares),27.0,28.0,1.0,0,0,-0.0327,0.0,-0.8263,0.7124,-0.6177,única; único,única; único,44,48,0,20.75,17.27,87.5,82.29,-5.21,5.53,5.35,98.86,98.96,0.1,2.81,0.47,94.32,16.67,-77.65,0.34,0.0,92.05,13.54,-78.51,2.04,1.29,94.32,62.5,-31.82,7.31,5.96,80.68,76.04,-4.64,25.08,24.92,55.68,53.12,-2.56,0.68,0.88,48.86,51.04,2.18,0.1,0.07,75.0,47.92,-27.08,0.26,0.27,82.95,71.88,-11.07,38.77,37.31,62.5,65.62,3.12,7.52,8.6,40.91,90.62,49.71,82.79,87.3,37.5,73.96,36.46,48.98,49.41,26.14,34.38,8.24,50.0,51.9,68.18,80.21,12.03,57.48,49.46,35.23,9.38,-25.85,62.12,71.43,60.23,86.46,26.23,22.92,26.32,51.14,53.12,1.98,4.167,10.526,62.5,86.46,23.96,23.53,33.33,32.95,41.67,8.72,76.74,78.41,46.59,76.04,29.45,71.35,82.11,28.41,88.54,60.13,22,1
J08-0499,Ramon,ramon,MED,MED,0,Medio,Medio,Brasil B,Brasil C,C,1,2023,2023,2025,2025,2,2025,ABC,Figueirense,Ramon - ABC - Brasil B,Ramon - Figueirense - Brasil C,2404,380,30.0,7.0,1,0,900,616,1,0,0,0,-0.0572,-0.5952,-0.538,47.6,30.3,23.0,26.0,2.0,0.0,medida (60 pares),medida (70 pares),22.0,25.0,3.0,1,0,0.2579,0.2962,-0.7959,0.1535,-0.7487,única; homônimo resolvido pelo clube,única; homônimo resolvido pelo clube,42,39,0,12.84,16.11,8.33,46.15,37.82,0.71,0.71,1.19,0.0,-1.19,0.86,0.24,17.86,2.56,-15.3,0.22,0.0,45.24,25.64,-19.6,0.41,0.24,20.24,2.56,-17.68,4.98,4.74,34.52,23.08,-11.44,26.84,20.13,82.14,38.46,-43.68,0.19,0.95,9.52,66.67,57.15,0.02,0.02,19.05,17.95,-1.1,0.07,0.0,28.57,14.1,-14.47,38.9,31.97,72.62,43.59,-29.03,7.49,7.58,27.38,51.28,23.9,89.7,82.96,96.43,58.97,-37.46,53.64,41.18,84.52,0.0,-84.52,42.11,33.33,36.9,17.95,-18.95,58.82,53.85,65.48,29.49,-35.99,65.22,0.0,60.71,0.0,-60.71,18.18,0.0,25.0,3.85,-21.15,9.091,0.0,72.62,17.95,-54.67,42.86,50.0,72.62,76.92,4.3,72.93,70.0,41.67,25.64,-16.03,80.65,90.48,89.29,100.0,10.71,22,1
J08-0500,Dudu,dudu,MED,MED,0,Medio,Medio,Uruguai,Brasil C,C,0,2024,2024,2025,2025,1,2025,Fénix,Ponte Preta,Dudu - Fénix - Uruguai,Dudu - Ponte Preta - Brasil C,1231,769,19.0,12.0,1,0,876,616,0,0,0,0,1.2823,0.996,-0.286,81.0,81.8,23.0,27.0,0.0,0.0,medida (72 pares),medida (70 pares),21.0,26.0,5.0,4,1,0.3951,0.3402,-0.6811,0.9207,0.0753,única; único,única; único,45,39,0,26.1,21.18,96.67,96.15,-0.52,3.87,2.81,74.44,52.56,-21.88,3.73,1.76,96.67,91.03,-5.64,0.29,0.0,62.22,25.64,-36.58,1.75,0.7,90.0,29.49,-60.51,3.14,9.13,3.33,93.59,90.26,14.7,30.78,14.44,83.33,68.89,2.49,0.94,96.67,64.1,-32.57,0.25,0.06,98.89,44.87,-54.02,0.29,0.23,81.11,76.92,-4.19,24.05,44.59,7.78,83.33,75.55,7.53,8.43,30.0,70.51,40.51,70.21,79.0,7.78,26.92,19.14,42.58,47.51,5.56,26.92,21.36,33.96,33.33,21.11,17.95,-3.16,67.86,47.06,78.89,3.85,-75.04,52.94,66.67,38.89,80.77,41.88,54.17,33.33,96.67,66.67,-30.0,16.667,16.667,92.22,88.46,-3.76,24.32,0.0,30.0,7.69,-22.31,65.12,83.33,18.89,75.64,56.75,55.56,64.13,1.11,8.97,7.86,22,0
J08-0501,Robinho,robinho,MED,MED,0,Medio,Medio,Brasil C,Brasil B,B,1,2024,2024,2025,2025,1,2025,Volta Redonda,Volta Redonda,Robinho - Volta Redonda - Brasil C,Robinho - Volta Redonda - Brasil B,2282,1163,25.0,15.0,0,0,592,900,0,0,0,0,1.305,1.1775,-0.127,83.6,80.0,23.0,23.0,0.0,0.0,medida (53 pares),medida (111 pares),21.0,22.0,1.0,0,0,0.0945,0.0,-0.2215,0.9351,0.2424,única; homônimo resolvido pelo clube,única; homônimo resolvido pelo clube,44,48,0,16.96,16.95,64.77,80.21,15.44,2.17,2.63,28.41,71.88,43.47,1.89,2.24,81.82,90.62,8.8,0.16,0.08,72.73,63.54,-9.19,1.14,1.55,62.5,79.17,16.67,6.74,5.8,71.59,71.88,0.29,26.98,31.5,67.05,84.38,17.33,0.99,2.32,78.41,98.96,20.55,0.12,0.09,86.36,70.83,-15.53,0.12,0.39,44.32,88.54,44.22,38.81,40.78,64.77,78.12,13.35,9.19,6.42,73.86,41.67,-32.19,84.35,83.3,53.41,34.38,-19.03,50.47,45.21,42.05,13.54,-28.51,36.36,29.41,21.59,17.71,-3.88,55.19,54.29,26.14,26.04,-0.1,58.33,65.52,48.86,71.88,23.02,20.69,20.0,44.32,35.42,-8.9,6.897,0.0,71.59,15.62,-55.97,52.94,33.33,84.09,41.67,-42.42,73.68,73.33,23.86,44.79,20.93,80.73,72.5,82.95,40.62,-42.33,22,1
J08-0502,Ferreira,ferreira,MED,MED,0,Medio,Medio,Brasil B,Brasil C,C,1,2023,2023,2024,2024,1,2024,Sampaio Corrêa,Sampaio Corrêa,Ferreira - Sampaio Corrêa - Brasil B,Ferreira - Sampaio Corrêa - Brasil C,1339,872,17.0,14.0,1,0,900,592,0,0,0,0,-0.358,-0.451,-0.093,33.3,32.8,37.0,39.0,2.0,0.0,medida (60 pares),medida (53 pares),36.0,37.0,1.0,0,0,-0.3775,-0.8566,0.2845,-0.1189,-0.3321,única; único,única; único,42,44,0,21.37,20.02,86.9,80.68,-6.22,4.44,3.92,86.9,82.95,-3.95,1.14,0.62,39.29,26.14,-13.15,0.27,0.41,51.19,94.32,43.13,0.4,0.52,16.67,19.32,2.65,4.77,3.92,27.38,10.23,-17.15,29.64,18.47,89.29,21.59,-67.7,0.4,1.24,32.14,89.77,57.63,0.02,0.02,19.05,20.45,1.4,0.07,0.31,28.57,90.91,62.34,42.88,28.18,89.29,10.23,-79.06,7.66,10.01,33.33,85.23,51.9,88.4,80.59,86.9,12.5,-74.4,44.65,55.15,10.71,71.59,60.88,37.88,36.84,22.62,23.86,1.24,45.6,71.28,3.57,98.86,95.29,76.47,66.67,91.67,71.59,-20.08,0.0,40.0,7.14,85.23,78.09,0.0,0.0,19.05,27.27,8.22,21.43,25.0,25.0,37.5,12.5,76.06,65.79,58.33,3.41,-54.92,80.52,67.35,86.9,5.68,-81.22,22,1
J08-0503,Mandaca,mandaca,MED,MED,0,Medio,Medio,Brasil B,Brasil A,A,1,2023,2023,2025,2025,2,2025,Juventude,Juventude,Mandaca - Juventude - Brasil B,Mandaca - Juventude - Brasil A,1320,2692,23.0,32.0,0,0,900,900,0,0,0,0,0.3206,-0.088,-0.409,64.3,44.7,22.0,24.0,2.0,0.0,medida (60 pares),medida (156 pares),21.0,23.0,2.0,0,0,0.189,0.2541,-0.598,0.3052,-0.3932,única; único,única; único,42,32,0,26.32,20.83,98.81,95.31,-3.5,4.64,2.71,89.29,79.69,-9.6,3.07,2.61,94.05,92.19,-1.86,0.75,0.47,92.86,95.31,2.45,1.16,1.47,65.48,89.06,23.58,5.25,4.18,44.05,10.94,-33.11,16.77,16.28,5.95,1.56,-4.39,1.64,2.27,96.43,98.44,2.01,0.06,0.13,52.38,89.06,36.68,0.27,0.17,78.57,46.88,-31.69,27.61,24.37,8.33,1.56,-6.77,9.75,6.95,79.76,42.19,-37.57,75.56,80.52,1.19,4.69,3.5,49.48,48.64,38.1,32.81,-5.29,41.18,51.85,27.38,70.31,42.93,56.92,56.31,55.95,26.56,-29.39,60.0,52.56,44.05,32.81,-11.24,17.65,36.36,22.62,75.0,52.38,5.882,4.545,63.1,32.81,-30.29,46.67,30.77,79.76,42.19,-37.57,68.83,68.0,22.62,10.94,-11.68,60.0,80.85,3.57,48.44,44.87,22,1
J08-0504,Mandaca,mandaca,MED,MED,0,Medio,Medio,Brasil A,Brasil B,B,1,2025,2025,jun26,2026,1,2026,Juventude,Juventude,Mandaca - Juventude - Brasil A,Mandaca - Juventude - Brasil B,2692,495,32.0,5.0,1,0,900,284,0,0,1,0,-0.088,0.5817,0.67,44.7,76.5,24.0,24.0,0.0,0.0,medida (156 pares),referência,23.0,24.0,1.0,0,0,0.0817,0.0,0.5883,0.0522,0.5295,única; único,única; único,32,34,0,20.83,15.82,95.31,77.94,-17.37,2.71,1.82,79.69,67.65,-12.04,2.61,1.64,92.19,95.59,3.4,0.47,0.91,95.31,98.53,3.22,1.47,0.91,89.06,48.53,-40.53,4.18,5.82,10.94,60.29,49.35,16.28,22.73,1.56,27.94,26.38,2.27,1.64,98.44,89.71,-8.73,0.13,0.06,89.06,52.94,-36.12,0.17,0.18,46.88,60.29,13.41,24.37,29.82,1.56,13.24,11.68,6.95,6.55,42.19,48.53,6.34,80.52,82.32,4.69,30.88,26.19,48.64,40.23,32.81,10.29,-22.52,51.85,70.0,70.31,80.88,10.57,56.31,51.85,26.56,45.59,19.03,52.56,44.44,32.81,26.47,-6.34,36.36,0.0,75.0,10.29,-64.71,4.545,0.0,32.81,32.35,-0.46,30.77,0.0,42.19,20.59,-21.6,68.0,78.13,10.94,75.0,64.06,80.85,70.0,48.44,27.94,-20.5,22,1
J08-0505,Wellington Reis,wellington reis,MED,MED,0,Medio,Medio,Brasil B,Brasil C,C,1,2023,2023,2024,2024,1,2024,ABC,ABC,Wellington Reis - ABC - Brasil B,Wellington Reis - ABC - Brasil C,1130,319,19.0,6.0,1,0,900,592,1,0,0,0,-0.7673,-0.4434,0.324,19.0,34.3,31.0,34.0,2.0,0.0,medida (60 pares),medida (53 pares),30.0,32.0,2.0,1,0,-0.3873,-0.541,0.7113,-0.3783,-0.0651,única; único,única; único,42,44,0,15.93,13.54,29.76,22.73,-7.03,2.23,1.97,32.14,22.73,-9.41,1.83,2.54,75.0,90.91,15.91,0.48,0.0,80.95,11.36,-69.59,1.19,0.0,67.86,1.14,-66.72,5.34,4.51,51.19,20.45,-30.74,21.11,15.8,29.76,4.55,-25.21,0.64,0.28,55.95,22.73,-33.22,0.06,0.0,52.38,2.27,-50.11,0.16,0.28,53.57,84.09,30.52,31.38,27.93,20.24,9.09,-11.15,7.17,7.05,20.24,34.09,13.85,85.03,82.83,51.19,38.64,-12.55,49.5,52.08,41.67,50.0,8.33,46.43,42.86,65.48,48.86,-16.62,43.42,59.09,1.19,43.18,41.99,78.26,55.56,94.05,45.45,-48.6,20.0,0.0,30.95,6.82,-24.13,0.0,0.0,19.05,27.27,8.22,18.18,40.0,17.86,71.59,53.73,77.61,75.0,72.62,28.41,-44.21,78.21,70.59,79.76,20.45,-59.31,22,1
J08-0506,Madison,madison,MED,MED,0,Medio,Medio,Brasil C,Brasil B,B,1,2023,2023,2024,2024,1,2024,Brusque,Brusque,Madison - Brusque - Brasil C,Madison - Brusque - Brasil B,1454,401,22.0,15.0,1,0,545,900,1,0,0,0,-0.5972,-0.8023,-0.205,26.2,17.7,25.0,27.0,3.0,0.0,medida (23 pares),medida (76 pares),25.0,25.0,0.0,-1,0,0.0,0.088,-0.205,-0.2705,-0.5318,única; único,única; único,42,42,0,17.92,22.67,72.62,95.24,22.62,1.81,2.92,17.86,79.76,61.9,0.58,1.35,17.86,69.05,51.19,0.32,0.0,82.14,4.76,-77.38,0.97,0.9,55.95,41.67,-14.28,2.85,3.59,1.19,7.14,5.95,18.5,17.96,13.1,14.29,1.19,0.78,1.35,80.95,83.33,2.38,0.06,0.12,63.1,82.14,19.04,0.06,0.0,25.0,7.14,-17.86,27.69,26.03,8.33,4.76,-3.57,7.7,9.65,39.29,83.33,44.04,80.37,78.45,13.1,10.71,-2.39,46.21,45.54,15.48,19.05,3.57,42.86,69.23,29.76,100.0,70.24,50.37,53.33,17.86,14.29,-3.57,55.56,66.67,29.76,95.24,65.48,40.0,25.0,82.14,30.95,-51.19,13.333,0.0,89.29,10.71,-78.58,20.0,0.0,34.52,1.19,-33.33,54.55,56.25,1.19,2.38,1.19,61.67,41.18,3.57,0.0,-3.57,22,1
J08-0507,Netinho,netinho,MED,MED,0,Medio,Medio,Brasil C,Brasil B,B,1,2023,2023,2025,2025,2,2025,Botafogo PB,Ferroviária,Netinho - Botafogo PB - Brasil C,Netinho - Ferroviária - Brasil B,1360,2462,17.0,31.0,0,0,545,900,0,0,0,0,1.0162,1.9161,0.9,71.4,87.7,25.0,28.0,3.0,0.0,medida (23 pares),medida (111 pares),25.0,27.0,2.0,0,0,0.0854,0.0665,0.8146,0.5847,1.3314,única; único,única; único,42,48,0,16.02,13.16,41.67,34.38,-7.29,1.66,1.06,10.71,7.29,-3.42,2.91,1.65,96.43,78.12,-18.31,0.49,0.22,91.67,94.79,3.12,2.36,2.6,94.05,98.96,4.91,7.9,6.84,86.9,88.54,1.64,24.13,37.98,39.29,92.71,53.42,0.35,0.29,34.52,7.29,-27.23,0.07,0.1,75.0,75.0,0.0,0.21,0.15,79.76,41.67,-38.09,41.05,49.9,65.48,96.88,31.4,6.1,5.37,13.1,11.46,-1.64,83.78,88.64,36.9,92.71,55.81,48.48,51.11,34.52,59.38,24.86,50.0,31.03,53.57,19.79,-33.78,48.75,53.68,15.48,23.96,8.48,61.9,73.33,63.1,92.71,29.61,29.41,33.8,72.62,90.62,18.0,2.941,5.634,60.71,48.96,-11.75,35.71,33.33,60.71,41.67,-19.04,76.32,79.14,66.67,78.12,11.45,76.42,78.76,65.48,71.88,6.4,22,1
J08-0508,J. Jiménez,j jimenez,MED,MED,0,Medio,Medio,Brasil C,Brasil B,B,1,2023,2023,2024,2024,1,2024,Amazonas,Amazonas,J. Jiménez - Amazonas - Brasil C,J. Jiménez - Amazonas - Brasil B,823,1461,15.0,23.0,0,1,545,900,0,0,0,0,-0.1768,-0.5195,-0.343,42.9,24.2,30.0,33.0,3.0,0.0,medida (23 pares),medida (76 pares),30.0,31.0,1.0,0,0,-0.0894,-0.356,-0.2536,-0.0041,-0.5154,única; único,única; único,42,42,0,16.62,16.08,50.0,54.76,4.76,2.73,2.71,65.48,75.0,9.52,1.09,0.49,46.43,10.71,-35.72,0.11,0.06,33.33,19.05,-14.28,0.55,0.68,17.86,17.86,0.0,7.0,6.96,64.29,77.38,13.09,32.04,31.72,86.9,84.52,-2.38,0.0,0.43,4.76,22.62,17.86,0.02,0.03,17.86,15.48,-2.38,0.11,0.06,52.38,23.81,-28.57,45.38,45.83,84.52,86.9,2.38,10.94,10.66,96.43,94.05,-2.38,89.4,89.52,98.81,94.05,-4.76,53.29,55.56,67.86,86.9,19.04,60.0,50.0,82.14,64.29,-17.85,53.41,59.29,32.14,48.81,16.67,60.0,50.0,52.38,52.38,0.0,20.0,45.45,39.29,94.05,54.76,0.0,9.091,29.76,64.29,34.53,100.0,50.0,97.62,91.67,-5.95,81.25,76.11,85.71,48.81,-36.9,82.89,81.82,91.67,89.29,-2.38,22,1
J08-0509,D. Torres,d torres,MED,MED,0,Medio,Medio,Colombia A,Brasil C,C,0,2024,2024,2025,2025,1,2025,Santa Fe,Guarani,D. Torres - Santa Fe - Colombia A,D. Torres - Guarani - Brasil C,988,1455,10.0,17.0,0,0,237,616,0,0,0,0,-0.3039,2.4349,2.739,39.7,98.5,34.0,35.0,2.0,0.0,medida (69 pares),medida (70 pares),34.0,34.0,0.0,-1,0,0.0,-0.2234,2.739,-0.0846,2.5195,única; único,única; único,45,39,0,18.04,9.9,65.56,3.85,-61.71,3.73,1.48,90.0,16.67,-73.33,1.18,0.74,45.56,39.74,-5.82,0.0,0.12,23.33,66.67,43.34,0.18,1.05,16.67,50.0,33.33,7.93,6.19,83.33,57.69,-25.64,28.88,26.54,54.44,67.95,13.51,1.28,0.68,83.33,44.87,-38.46,0.01,0.09,14.44,69.23,54.79,0.09,0.25,32.22,82.05,49.83,42.36,34.89,67.78,60.26,-7.52,7.2,4.64,43.33,8.97,-34.36,83.44,80.5,32.22,44.87,12.65,45.96,47.5,30.0,24.36,-5.64,41.46,33.33,43.33,17.95,-25.38,58.82,65.0,45.56,91.03,45.47,38.46,50.0,30.0,30.77,0.77,0.0,23.53,11.11,32.05,20.94,0.0,17.647,31.11,96.15,65.04,16.67,28.57,40.0,34.62,-5.38,86.21,78.0,88.89,50.0,-38.89,75.28,58.68,41.11,1.28,-39.83,22,1
J08-0510,G. Cabezas,g cabezas,MED,MED,0,Medio,Medio,Colombia A,Brasil B,B,0,2025,2025,jun26,2026,1,2026,Deportivo Cali,Athletic Club,G. Cabezas - Deportivo Cali - Colombia A,G. Cabezas - Athletic Club - Brasil B,573,572,10.0,10.0,1,1,900,284,0,1,1,0,0.6957,-1.1934,-1.889,75.0,11.8,23.0,23.0,0.0,0.0,medida (156 pares),referência,22.0,23.0,1.0,0,0,0.0945,0.0,-1.9835,0.5489,-1.7423,única; único,única; único,33,34,0,14.92,9.76,72.73,16.18,-56.55,0.79,1.42,0.0,50.0,50.0,2.36,0.79,100.0,33.82,-66.18,0.16,0.0,87.88,30.88,-57.0,1.26,0.47,75.76,19.12,-56.64,6.13,3.62,57.58,7.35,-50.23,30.47,22.19,60.61,22.06,-38.55,1.57,0.63,90.91,33.82,-57.09,0.1,0.04,86.36,33.82,-52.54,0.0,0.16,3.03,51.47,48.44,42.72,31.47,69.7,30.88,-38.82,5.81,6.92,15.15,63.24,48.09,85.66,82.5,42.42,39.71,-2.71,46.32,41.94,9.09,22.06,12.97,40.0,44.44,25.76,51.47,25.71,62.96,54.17,75.76,54.41,-21.35,73.33,40.0,83.33,17.65,-65.68,37.5,0.0,80.3,10.29,-70.01,0.0,0.0,16.67,32.35,15.68,0.0,25.0,4.55,60.29,55.74,76.92,65.22,53.03,19.12,-33.91,78.05,73.08,48.48,45.59,-2.89,22,1
J08-0511,Higor Meritão,higor meritao,MED,MED,0,Medio,Medio,Mexico,Brasil A,A,0,2023,2023,jun26,2026,3,2026,Goiás,Chapecoense,Higor Meritão - Goiás - Mexico,Higor Meritão - Chapecoense - Brasil A,873,700,12.0,11.0,1,1,900,426,0,1,1,0,-0.1374,-0.8469,-0.71,47.4,17.6,29.0,31.0,3.0,0.0,medida (77 pares),referência,29.0,31.0,2.0,-1,0,-0.1788,-0.0768,-0.5312,0.1849,-1.0318,única; único,única; único,49,34,0,22.78,14.66,97.96,75.0,-22.96,1.96,2.44,38.78,86.76,47.98,1.24,0.64,48.98,30.88,-18.1,0.41,0.0,71.43,19.12,-52.31,1.03,0.9,59.18,57.35,-1.83,6.19,3.99,63.27,30.88,-32.39,25.05,21.6,28.57,25.0,-3.57,0.31,1.29,28.57,66.18,37.61,0.07,0.18,57.14,97.06,39.92,0.21,0.0,51.02,7.35,-43.67,41.13,30.6,51.02,27.94,-23.08,12.58,9.0,97.96,92.65,-5.31,84.21,87.82,24.49,60.29,35.8,50.23,52.63,36.73,63.24,26.51,57.89,36.84,91.84,33.82,-58.02,57.58,65.22,24.49,92.65,68.16,75.0,60.0,95.92,47.06,-48.86,20.0,57.14,26.53,98.53,72.0,0.0,14.286,19.39,75.0,55.61,33.33,0.0,45.92,5.88,-40.04,68.33,67.74,14.29,7.35,-6.94,75.47,70.97,38.78,7.35,-31.43,22,1
J08-0512,João Paulo,joao paulo,MEI,MEI,0,Meia,Meia,Brasil B,Brasil C,C,1,2023,2023,jun26,2026,3,2026,CRB,Guarani,João Paulo - CRB - Brasil B,João Paulo - Guarani - Brasil C,3058,730,35.0,8.0,1,0,900,213,0,0,1,0,0.3744,0.855,0.481,59.1,80.0,33.0,36.0,2.0,0.0,medida (60 pares),referência,32.0,36.0,4.0,1,0,-0.0117,0.3909,0.4927,0.5596,0.2954,única; homônimo resolvido pelo clube,única; único,22,15,0,18.36,16.27,75.0,43.33,-31.67,1.74,1.36,56.82,16.67,-40.15,3.27,2.1,70.45,50.0,-20.45,0.65,0.0,75.0,26.67,-48.33,2.27,1.97,93.18,43.33,-49.85,5.18,5.3,56.82,50.0,-6.82,25.52,33.66,75.0,96.67,21.67,1.74,1.36,70.45,50.0,-20.45,0.19,0.21,72.73,76.67,3.94,0.29,0.37,34.09,70.0,35.91,35.64,42.78,75.0,96.67,21.67,3.74,2.59,38.64,10.0,-28.64,81.67,80.12,52.27,63.33,11.06,42.79,46.21,47.73,63.33,15.6,23.73,9.09,34.09,10.0,-24.09,48.5,45.0,34.09,30.0,-4.09,53.15,76.47,34.09,96.67,62.58,32.47,18.75,56.82,3.33,-53.49,6.494,12.5,52.27,70.0,17.73,27.66,27.27,20.45,50.0,29.55,82.95,83.72,75.0,70.0,-5.0,73.82,62.5,43.18,30.0,-13.18,22,1
J08-0513,Jean Carlos,jean carlos,MEI,MEI,0,Meia,Meia,Brasil B,Brasil A,A,1,2023,2023,2024,2024,1,2024,Ceará,Juventude,Jean Carlos - Ceará - Brasil B,Jean Carlos - Juventude - Brasil A,2641,1167,36.0,22.0,0,0,900,900,0,0,0,0,1.2253,0.1897,-1.036,81.8,64.3,31.0,34.0,2.0,0.0,medida (60 pares),medida (113 pares),30.0,32.0,2.0,1,0,-0.2335,-0.1695,-0.8025,0.9656,-0.7759,única; único,única; único,22,22,0,14.24,10.33,20.45,6.82,-13.63,1.53,1.16,25.0,20.45,-4.55,1.33,1.7,6.82,38.64,31.82,0.48,0.39,47.73,84.09,36.36,2.08,2.08,70.45,79.55,9.1,7.53,5.32,93.18,34.09,-59.09,21.98,18.89,43.18,6.82,-36.36,0.92,0.77,11.36,6.82,-4.54,0.13,0.12,40.91,31.82,-9.09,0.41,0.31,63.64,34.09,-29.55,30.87,26.3,47.73,6.82,-40.91,5.18,3.08,70.45,15.91,-54.54,77.92,72.14,25.0,6.82,-18.18,43.54,46.27,56.82,75.0,18.18,46.67,40.0,88.64,84.09,-4.55,49.04,47.22,38.64,6.82,-31.82,56.41,77.27,61.36,97.73,36.37,32.79,33.33,61.36,38.64,-22.72,4.918,14.815,25.0,56.82,31.82,41.1,35.14,56.82,34.09,-22.73,84.16,76.81,79.55,29.55,-50.0,73.85,62.3,47.73,6.82,-40.91,22,1
J08-0514,Marcinho,marcinho,MEI,MEI,0,Meia,Meia,Bahrain,Brasil C,C,0,2025,2025,jun26,2026,1,2026,Manama,Paysandu,Marcinho - Manama - Bahrain,Marcinho - Paysandu - Brasil C,351,690,4.0,8.0,1,1,521,213,0,1,1,0,1.555,0.6745,-0.88,95.5,73.3,30.0,30.0,0.0,0.0,medida (68 pares),referência,29.0,30.0,1.0,0,0,-0.1135,0.0,-0.7665,1.1573,-0.4828,única; único,única; único,11,15,0,12.56,13.43,0.0,16.67,16.67,0.26,0.39,0.0,3.33,3.33,1.54,1.43,0.0,23.33,23.33,0.0,0.0,13.64,26.67,13.03,3.59,2.48,100.0,63.33,-36.67,11.03,8.22,100.0,90.0,-10.0,30.77,28.04,63.64,83.33,19.69,1.79,1.57,54.55,70.0,15.45,0.22,0.06,81.82,23.33,-58.49,0.77,0.26,90.91,56.67,-34.24,41.54,41.22,63.64,90.0,26.36,3.33,2.61,0.0,16.67,16.67,78.4,75.63,45.45,50.0,4.55,53.06,40.78,90.91,16.67,-74.24,0.0,0.0,0.0,3.33,3.33,75.0,40.0,100.0,16.67,-83.33,50.0,45.45,63.64,16.67,-46.97,35.71,21.05,27.27,10.0,-17.27,0.0,0.0,13.64,16.67,3.03,20.0,13.04,27.27,16.67,-10.6,81.4,84.13,63.64,76.67,13.03,72.34,77.05,63.64,70.0,6.36,22,1
J08-0515,Wellington Nem,wellington nem,MEI,MEI,0,Meia,Meia,Brasil B,Brasil C,C,1,2023,2023,2025,2025,2,2025,Vitória,Figueirense,Wellington Nem - Vitória - Brasil B,Wellington Nem - Figueirense - Brasil C,1477,291,25.0,9.0,1,0,900,616,1,0,0,0,-0.0077,-0.139,-0.131,50.0,47.6,31.0,34.0,2.0,0.0,medida (60 pares),medida (70 pares),30.0,33.0,3.0,1,0,-0.3535,-0.1695,0.2225,0.3978,-0.5368,única; único,única; único,22,7,1,18.89,22.27,84.09,85.71,1.62,2.07,3.09,75.0,100.0,25.0,4.45,2.47,97.73,42.86,-54.87,1.4,0.31,97.73,57.14,-40.59,2.25,0.93,86.36,14.29,-72.07,2.92,4.95,11.36,42.86,31.5,23.83,17.94,52.27,14.29,-37.98,2.07,1.24,79.55,42.86,-36.69,0.25,0.07,88.64,28.57,-60.07,0.24,0.62,25.0,100.0,75.0,28.09,23.2,38.64,0.0,-38.64,2.32,7.42,11.36,100.0,88.64,86.12,93.33,88.64,100.0,11.36,46.77,50.0,70.45,78.57,8.12,38.24,10.0,79.55,7.14,-72.41,39.58,76.47,6.82,85.71,78.89,64.38,37.5,93.18,14.29,-78.89,24.32,0.0,25.0,0.0,-25.0,5.405,0.0,29.55,7.14,-22.41,21.74,50.0,2.27,85.71,83.44,93.75,87.5,97.73,85.71,-12.02,80.36,92.86,88.64,100.0,11.36,22,0
J08-0516,Rafael Tavares,rafael tavares,MEI,MEI,0,Meia,Meia,Brasil C,Brasil B,B,1,2023,2023,2024,2024,1,2024,Amazonas,Amazonas,Rafael Tavares - Amazonas - Brasil C,Rafael Tavares - Amazonas - Brasil B,1181,1528,18.0,28.0,0,0,545,900,0,0,0,0,0.7727,-0.4161,-1.189,75.0,35.3,32.0,35.0,3.0,0.0,medida (23 pares),medida (76 pares),32.0,33.0,1.0,0,0,-0.12,-0.075,-1.069,0.7024,-1.1185,única; único,única; único,8,14,1,21.34,16.73,68.75,67.86,-0.89,2.82,3.3,68.75,89.29,20.54,1.52,0.77,18.75,7.14,-11.61,0.3,0.12,18.75,17.86,-0.89,1.98,1.88,81.25,60.71,-20.54,7.85,7.42,68.75,75.0,6.25,35.89,34.52,81.25,82.14,0.89,1.52,1.59,56.25,53.57,-2.68,0.13,0.09,43.75,17.86,-25.89,0.46,0.12,81.25,17.86,-63.39,46.49,43.88,81.25,82.14,0.89,5.87,3.95,68.75,39.29,-29.46,81.64,83.49,81.25,39.29,-41.96,46.79,41.2,81.25,25.0,-56.25,32.43,44.64,68.75,82.14,13.39,59.38,45.31,68.75,10.71,-58.04,65.0,53.85,93.75,35.71,-58.04,30.77,28.13,43.75,17.86,-25.89,0.0,3.125,18.75,46.43,27.68,23.81,40.0,31.25,82.14,50.89,81.55,78.57,43.75,25.0,-18.75,71.68,72.41,56.25,17.86,-38.39,22,0
J08-0517,Rafael Tavares,rafael tavares,MEI,MEI,0,Meia,Meia,Brasil B,Brasil C,C,1,2024,2024,jun26,2026,2,2026,Amazonas,Amazonas,Rafael Tavares - Amazonas - Brasil B,Rafael Tavares - Amazonas - Brasil C,1528,365,28.0,8.0,1,0,900,213,0,0,1,0,-0.4161,1.0575,1.474,35.3,86.7,35.0,35.0,0.0,0.0,medida (76 pares),referência,33.0,35.0,2.0,0,0,0.1592,0.0,1.3148,0.2598,0.7977,única; único,única; único,14,15,0,16.73,19.23,67.86,56.67,-11.19,3.3,3.21,89.29,83.33,-5.96,0.77,0.74,7.14,10.0,2.86,0.12,0.0,17.86,26.67,8.81,1.88,2.71,60.71,70.0,9.29,7.42,5.92,75.0,70.0,-5.0,34.52,29.84,82.14,90.0,7.86,1.59,2.47,53.57,76.67,23.1,0.09,0.31,17.86,90.0,72.14,0.12,0.25,17.86,50.0,32.14,43.88,36.0,82.14,76.67,-5.47,3.95,6.16,39.29,76.67,37.38,83.49,73.97,39.29,23.33,-15.96,41.2,42.31,25.0,30.0,5.0,44.64,15.38,82.14,30.0,-52.14,45.31,64.71,10.71,76.67,65.96,53.85,66.67,35.71,66.67,30.96,28.13,63.64,17.86,83.33,65.47,3.125,9.091,46.43,43.33,-3.1,40.0,66.67,82.14,93.33,11.19,78.57,70.83,25.0,23.33,-1.67,72.41,50.0,17.86,6.67,-11.19,22,1
J08-0518,M. Monsalve,m monsalve,MEI,MEI,0,Meia,Meia,Colombia A,Brasil A,A,0,2023,2023,2024,2024,1,2024,Medellín,Grêmio,M. Monsalve - Medellín - Colombia A,M. Monsalve - Grêmio - Brasil A,1049,1075,22.0,19.0,0,0,900,900,0,0,0,0,-0.6651,-0.6002,0.065,23.8,28.6,19.0,22.0,3.0,0.0,medida (68 pares),medida (113 pares),19.0,20.0,1.0,0,0,0.3163,0.1118,-0.2513,-0.1335,-0.4667,única; único,única; único,21,22,0,20.93,23.94,78.57,97.73,19.16,1.29,1.42,45.24,43.18,-2.06,4.46,4.35,76.19,93.18,16.99,1.2,0.33,83.33,65.91,-17.42,1.2,1.42,7.14,34.09,26.95,3.26,4.6,2.38,25.0,22.62,22.22,22.69,7.14,25.0,17.86,2.32,1.67,88.1,47.73,-40.37,0.29,0.26,92.86,79.55,-13.31,0.6,0.08,54.76,6.82,-47.94,29.08,30.39,7.14,29.55,22.41,3.43,4.52,21.43,43.18,21.75,85.55,86.78,83.33,88.64,5.31,36.89,43.01,7.14,43.18,36.04,46.67,5.88,97.62,2.27,-95.35,52.94,58.73,30.95,70.45,39.5,51.92,59.62,45.24,75.0,29.76,42.86,29.41,76.19,20.45,-55.74,21.429,17.647,97.62,81.82,-15.8,0.0,25.0,2.38,11.36,8.98,81.58,81.82,21.43,65.91,44.48,76.47,85.19,59.52,88.64,29.12,22,1
J08-0519,L. Acosta,l acosta,MEI,MEI,0,Meia,Meia,EUA,Brasil A,A,0,2025,2025,jun26,2026,1,2026,Dallas,Fluminense,L. Acosta - Dallas - EUA,L. Acosta - Fluminense - Brasil A,1892,1010,21.0,14.0,0,0,900,426,0,0,1,0,0.0423,1.4979,1.456,55.6,90.9,32.0,32.0,0.0,0.0,medida (217 pares),referência,31.0,32.0,1.0,0,0,-0.12,0.0,1.576,0.2778,1.2201,única; único,única; único,18,22,0,16.65,13.72,86.11,56.82,-29.29,0.71,0.71,38.89,11.36,-27.53,4.28,2.76,91.67,84.09,-7.58,0.38,0.36,86.11,93.18,7.07,1.43,2.05,36.11,70.45,34.34,7.8,7.66,86.11,84.09,-2.02,31.82,40.28,36.11,97.73,61.62,2.76,3.03,69.44,88.64,19.2,0.26,0.19,83.33,68.18,-15.15,0.24,1.34,2.78,97.73,94.95,39.2,48.3,36.11,88.64,52.53,4.38,4.54,69.44,70.45,1.01,74.15,84.32,2.78,70.45,67.67,40.0,45.45,13.89,56.82,42.93,20.0,0.0,27.78,4.55,-23.23,47.12,56.52,8.33,68.18,59.85,46.67,54.84,25.0,61.36,36.36,46.67,30.43,86.11,38.64,-47.47,16.667,13.043,69.44,70.45,1.01,33.33,61.54,36.11,97.73,61.62,84.15,87.21,69.44,88.64,19.2,72.22,82.28,19.44,75.0,55.56,22,1
J08-0520,Bernard,bernard,MEI,MEI,0,Meia,Meia,Grecia,Brasil A,A,0,2024,2024,2025,2025,1,2025,Panathinaikos,Atlético Mineiro,Bernard - Panathinaikos - Grecia,Bernard - Atlético Mineiro - Brasil A,1669,1387,22.0,30.0,0,0,616,900,0,0,0,0,3.6959,0.0,-3.696,97.1,51.4,31.0,33.0,2.0,0.0,medida (50 pares),medida (156 pares),31.0,32.0,1.0,0,0,-0.12,-0.176,-3.576,2.402,-2.402,única; único,única; único,18,24,0,15.8,13.56,13.89,27.08,13.19,0.54,0.65,8.33,10.42,2.09,3.56,2.21,69.44,52.08,-17.36,1.02,0.26,69.44,68.75,-0.69,1.29,1.04,41.67,18.75,-22.92,8.25,5.52,91.67,56.25,-35.42,38.88,31.47,91.67,81.25,-10.42,2.05,2.21,41.67,64.58,22.91,0.15,0.15,33.33,37.5,4.17,0.43,0.71,52.78,85.42,32.64,50.85,40.62,91.67,81.25,-10.42,5.18,5.84,41.67,89.58,47.91,85.47,83.07,75.0,52.08,-22.92,47.78,46.89,69.44,60.42,-9.02,30.0,10.0,36.11,2.08,-34.03,50.94,59.34,36.11,56.25,20.14,71.21,55.88,80.56,47.92,-32.64,37.5,18.75,58.33,6.25,-52.08,20.833,6.25,80.56,14.58,-65.98,31.25,34.38,36.11,43.75,7.64,90.2,81.18,86.11,52.08,-34.03,87.5,84.48,91.67,89.58,-2.09,22,1
J08-0521,Andreas Pereira,andreas pereira,MEI,MEI,0,Meia,Meia,Inglaterra A,Brasil A,A,0,2024,2024,2025,2025,1,2025,Fulham,Palmeiras,Andreas Pereira - Fulham - Inglaterra A,Andreas Pereira - Palmeiras - Brasil A,2049,1108,27.0,15.0,0,0,639,900,0,0,0,0,1.4423,0.6745,-0.768,84.2,71.4,28.0,30.0,2.0,0.0,medida (123 pares),medida (156 pares),28.0,29.0,1.0,0,0,-0.1499,-0.2601,-0.6181,1.0918,-0.4173,única; único,única; único,13,24,0,14.63,11.21,26.92,18.75,-8.17,1.8,1.62,57.69,64.58,6.89,2.11,0.81,42.31,6.25,-36.06,0.61,0.16,50.0,22.92,-27.08,1.41,1.54,42.31,52.08,9.77,4.44,7.8,57.69,85.42,27.73,24.2,27.05,50.0,39.58,-10.42,1.84,0.32,19.23,2.08,-17.15,0.11,0.07,15.38,6.25,-9.13,0.75,0.49,84.62,43.75,-40.87,30.88,39.4,50.0,68.75,18.75,4.61,5.52,26.92,85.42,58.5,79.23,84.74,42.31,68.75,26.44,42.04,55.8,26.92,93.75,66.83,26.83,60.0,34.62,95.83,61.21,62.37,65.52,80.77,93.75,12.98,54.17,70.0,57.69,89.58,31.89,28.13,36.84,19.23,50.0,30.77,3.125,10.526,11.54,47.92,36.38,33.87,50.0,57.69,83.33,25.64,83.17,88.54,80.77,97.92,17.15,68.04,78.1,19.23,72.92,53.69,22,1
J08-0522,Ricardo Ryller,ricardo ryller,VOL,VOL,0,Volante,Volante,Arabia Saudita A,Brasil A,A,0,2023,2023,2024,2024,1,2024,Al Feiha,Vitória,Ricardo Ryller - Al Feiha - Arabia Saudita A,Ricardo Ryller - Vitória - Brasil A,800,1152,9.0,19.0,0,1,379,900,0,0,0,0,-0.1322,-0.7924,-0.66,45.0,25.0,29.0,32.0,3.0,0.0,medida (41 pares),medida (113 pares),29.0,30.0,1.0,0,0,-0.0956,-0.4082,-0.5644,0.2041,-0.9965,única; único,única; único,20,50,0,13.95,18.44,72.5,87.0,14.5,2.03,3.44,92.5,83.0,-9.5,0.56,0.7,25.0,31.0,6.0,0.11,0.0,37.5,12.0,-25.5,0.34,0.94,27.5,69.0,41.5,7.09,6.64,60.0,69.0,9.0,23.18,25.0,2.5,31.0,28.5,0.45,0.23,62.5,19.0,-43.5,0.01,0.02,22.5,21.0,-1.5,0.11,0.16,37.5,69.0,31.5,33.3,36.48,2.5,27.0,24.5,8.89,11.33,72.5,92.0,19.5,81.76,82.87,2.5,7.0,4.5,45.16,52.12,12.5,41.0,28.5,50.0,34.09,52.5,11.0,-41.5,52.54,61.95,17.5,53.0,35.5,40.0,77.78,2.5,95.0,92.5,33.33,8.33,47.5,11.0,-36.5,33.333,0.0,97.5,22.0,-75.5,0.0,30.0,17.5,38.0,20.5,68.25,68.24,7.5,15.0,7.5,66.07,72.53,7.5,5.0,-2.5,22,1
J08-0523,J. Sforza,j sforza,VOL,VOL,0,Volante,Volante,Argentina A,Brasil A,A,0,2023,2023,2024,2024,1,2024,Newell's Old Boys,Vasco da Gama,J. Sforza - Newell's Old Boys - Argentina A,J. Sforza - Vasco da Gama - Brasil A,3285,1454,36.0,26.0,0,0,900,900,0,0,0,0,1.4678,0.4921,-0.976,78.9,65.0,21.0,24.0,3.0,0.0,medida (91 pares),medida (113 pares),21.0,22.0,1.0,0,0,0.1643,0.3453,-1.1403,0.5604,-0.0683,única; único,única; único,38,50,0,16.52,15.04,22.37,51.0,28.63,2.93,3.16,39.47,81.0,41.53,0.44,0.31,9.21,3.0,-6.21,0.03,0.06,14.47,38.0,23.53,0.27,0.62,9.21,37.0,27.79,7.1,6.38,72.37,59.0,-13.37,32.38,36.02,75.0,73.0,-2.0,0.3,0.31,35.53,33.0,-2.53,0.06,0.04,78.95,44.0,-34.95,0.05,0.0,34.21,11.0,-23.21,48.99,48.78,77.63,75.0,-2.63,10.85,8.17,40.79,39.0,-1.79,86.41,89.72,67.11,71.0,3.89,60.7,51.44,93.42,33.0,-60.42,57.94,56.86,82.89,75.0,-7.89,69.96,52.13,88.16,11.0,-77.16,68.75,60.0,93.42,66.0,-27.42,30.0,20.0,75.0,28.0,-47.0,20.0,10.0,98.68,74.0,-24.68,40.0,40.0,64.47,71.0,6.53,71.04,73.79,46.05,31.0,-15.05,66.43,76.42,19.74,29.0,9.26,22,1
J08-0524,L. Picco,l picco,VOL,VOL,0,Volante,Volante,Argentina A,Brasil A,A,0,2023,2023,jun26,2026,3,2026,Platense,Remo,L. Picco - Platense - Argentina A,L. Picco - Remo - Brasil A,1434,797,22.0,15.0,1,0,900,426,0,0,1,0,-0.6487,-1.5726,-0.924,13.2,6.7,25.0,27.0,3.0,0.0,medida (91 pares),referência,25.0,27.0,2.0,-1,0,0.2568,-0.0728,-1.1808,0.2899,-1.8625,única; único,única; único,38,30,0,22.85,14.57,85.53,78.33,-7.2,3.7,1.47,64.47,38.33,-26.14,0.5,0.11,15.79,5.0,-10.79,0.0,0.0,5.26,30.0,24.74,0.19,1.02,2.63,71.67,69.04,5.71,3.61,43.42,15.0,-28.42,14.12,14.68,3.95,5.0,1.05,0.31,0.68,38.16,61.67,23.51,0.05,0.15,69.74,91.67,21.93,0.06,0.0,39.47,13.33,-26.14,31.69,26.31,14.47,8.33,-6.14,16.13,11.74,98.68,98.33,-0.35,81.58,84.12,32.89,21.67,-11.22,59.07,55.81,90.79,75.0,-15.79,55.93,61.54,71.05,71.67,0.62,70.49,64.63,93.42,85.0,-8.42,62.5,100.0,72.37,91.67,19.3,33.33,22.22,82.89,56.67,-26.22,0.0,11.111,27.63,75.0,47.37,0.0,0.0,3.95,25.0,21.05,68.13,75.0,32.89,56.67,23.78,71.25,64.71,48.68,5.0,-43.68,22,1
J08-0525,Filipe Machado,filipe machado,VOL,VOL,0,Volante,Volante,Brasil A,Brasil B,B,1,2024,2024,2025,2025,1,2025,Vitória,Coritiba,Filipe Machado - Vitória - Brasil A,Filipe Machado - Coritiba - Brasil B,1132,2056,24.0,35.0,0,0,900,900,0,0,0,0,-0.9779,0.0103,0.988,16.7,52.5,30.0,30.0,0.0,0.0,medida (113 pares),medida (111 pares),28.0,29.0,1.0,0,0,0.0271,0.0,0.9609,0.0157,-0.0054,única; único,única; único,50,30,0,12.08,10.07,11.0,11.67,0.67,1.43,1.49,27.0,11.67,-15.33,1.19,0.44,65.0,45.0,-20.0,0.08,0.0,49.0,28.33,-20.67,1.03,0.44,75.0,8.33,-66.67,6.2,8.14,55.0,95.0,40.0,23.77,36.25,25.0,98.33,73.33,0.24,0.13,21.0,8.33,-12.67,0.02,0.02,21.0,18.33,-2.67,0.08,0.09,35.0,41.67,6.67,36.17,49.86,25.0,98.33,73.33,7.31,6.74,25.0,18.33,-6.67,88.35,87.88,51.0,71.67,20.67,53.95,48.7,59.0,28.33,-30.67,50.0,50.0,54.0,63.33,9.33,65.08,56.52,77.0,41.67,-35.33,60.0,40.0,66.0,26.67,-39.33,30.77,20.0,61.0,36.67,-24.33,0.0,0.0,22.0,16.67,-5.33,30.0,38.46,38.0,65.0,27.0,76.92,77.42,53.0,68.33,15.33,83.1,75.94,75.0,55.0,-20.0,22,1
J08-0526,Zé Gabriel,ze gabriel,VOL,VOL,0,Volante,Volante,Brasil A,Brasil B,B,1,2023,2023,2024,2024,1,2024,Vasco da Gama,Coritiba,Zé Gabriel - Vasco da Gama - Brasil A,Zé Gabriel - Coritiba - Brasil B,2191,1293,27.0,17.0,0,0,900,900,0,0,0,0,-0.497,1.3489,1.846,32.6,92.5,27.0,27.0,0.0,0.0,medida (82 pares),medida (76 pares),24.0,25.0,1.0,0,0,-0.0535,0.0,1.8995,0.1228,1.2261,única; único,única; único,36,31,0,12.77,11.21,15.28,11.29,-3.99,2.01,2.02,40.28,37.1,-3.18,0.78,0.9,31.94,50.0,18.06,0.41,0.07,75.0,45.16,-29.84,0.53,0.56,15.28,24.19,8.91,5.63,7.66,48.61,79.03,30.42,30.19,35.85,56.94,82.26,25.32,0.29,0.42,12.5,40.32,27.82,0.03,0.03,20.83,38.71,17.88,0.04,0.07,12.5,45.16,32.66,42.02,47.82,54.17,79.03,24.86,8.54,6.4,47.22,8.06,-39.16,91.01,90.68,84.72,91.94,7.22,51.77,59.01,56.94,91.94,35.0,46.94,55.17,48.61,56.45,7.84,58.33,60.0,68.06,50.0,-18.06,73.68,69.23,87.5,79.03,-8.47,15.38,12.5,15.28,20.97,5.69,7.692,12.5,63.89,87.1,23.21,0.0,0.0,2.78,8.06,5.28,76.64,81.82,56.94,79.03,22.09,84.44,83.02,62.5,88.71,26.21,22,1
J08-0527,Zé Gabriel,ze gabriel,VOL,VOL,0,Volante,Volante,Brasil A,Brasil B,B,1,2024,2024,jun26,2026,2,2026,Vasco da Gama,Sport Recife,Zé Gabriel - Vasco da Gama - Brasil A,Zé Gabriel - Sport Recife - Brasil B,522,574,14.0,9.0,1,1,900,284,0,1,1,0,-0.828,-0.66,0.168,21.7,30.6,27.0,27.0,0.0,0.0,medida (113 pares),referência,25.0,27.0,2.0,0,0,0.2568,0.0,-0.0888,0.2444,-0.9044,única; único,única; único,50,36,0,14.66,10.03,40.0,12.5,-27.5,3.28,2.2,82.0,56.94,-25.06,1.21,0.31,68.0,20.83,-47.17,0.17,0.0,74.0,30.56,-43.44,1.03,0.16,75.0,4.17,-70.83,3.79,6.59,8.0,93.06,85.06,22.07,29.16,18.0,79.17,61.17,0.52,0.16,49.0,12.5,-36.5,0.09,0.04,84.0,40.28,-43.72,0.0,0.0,11.0,16.67,5.67,32.93,38.73,18.0,73.61,55.61,8.1,7.37,38.0,51.39,13.39,84.29,89.88,14.0,79.17,65.17,45.88,54.69,10.0,70.83,60.83,57.89,64.29,82.0,90.28,8.28,51.52,62.5,8.0,63.89,55.89,28.57,50.0,2.0,31.94,29.94,33.33,100.0,66.0,98.61,32.61,0.0,0.0,22.0,33.33,11.33,0.0,0.0,8.0,23.61,15.61,54.55,73.81,0.0,44.44,44.44,71.43,74.19,2.0,40.28,38.28,22,1
J08-0528,Alê,ale,VOL,VOL,0,Volante,Volante,Brasil A,Brasil B,B,1,2023,2023,2024,2024,1,2024,América Mineiro,América Mineiro,Alê - América Mineiro - Brasil A,Alê - América Mineiro - Brasil B,1657,3124,27.0,34.0,0,0,900,900,0,0,0,0,0.2922,3.2712,2.979,58.7,100.0,36.0,36.0,0.0,0.0,medida (82 pares),medida (76 pares),33.0,34.0,1.0,0,0,-0.2198,0.0,3.1988,0.2986,2.9726,única; único,única; único,36,31,0,21.62,15.93,93.06,62.9,-30.16,2.61,1.81,66.67,24.19,-42.48,1.03,1.04,37.5,61.29,23.79,0.43,0.2,79.17,75.81,-3.36,0.6,0.89,20.83,67.74,46.91,6.41,7.38,68.06,69.35,1.29,29.0,37.83,48.61,88.71,40.1,1.25,1.04,93.06,88.71,-4.35,0.11,0.15,90.28,95.16,4.88,0.22,0.09,54.17,58.06,3.89,45.68,54.13,70.83,95.16,24.33,10.16,7.38,79.17,40.32,-38.85,89.42,91.38,70.83,98.39,27.56,54.02,54.97,76.39,59.68,-16.71,54.17,44.44,79.17,20.97,-58.2,62.58,63.96,90.28,75.81,-14.47,57.89,50.0,51.39,20.97,-30.42,9.09,35.48,8.33,72.58,64.25,9.091,12.903,68.06,91.94,23.88,21.43,42.31,20.83,82.26,61.43,76.27,84.38,50.0,95.16,45.16,87.7,86.94,90.28,98.39,8.11,22,1
J08-0529,T. Rincón,t rincon,VOL,VOL,0,Volante,Volante,Brasil A,Brasil B,B,1,2023,2023,2024,2024,1,2024,Santos,Santos,T. Rincón - Santos - Brasil A,T. Rincón - Santos - Brasil B,1332,474,16.0,14.0,1,0,900,900,1,0,0,0,0.0051,-0.4481,-0.453,52.2,30.0,38.0,38.0,0.0,0.0,medida (82 pares),medida (76 pares),35.0,36.0,1.0,0,0,0.2792,0.0,-0.7322,0.2346,-0.6827,única; único,única; único,36,31,0,17.97,15.38,59.72,51.61,-8.11,2.16,2.85,54.17,70.97,16.8,1.28,1.33,48.61,70.97,22.36,0.14,0.19,29.17,70.97,41.8,0.74,0.0,45.83,0.0,-45.83,4.05,7.78,6.94,83.87,76.93,23.78,37.97,18.06,93.55,75.49,0.81,0.38,66.67,35.48,-31.19,0.09,0.0,79.17,1.61,-77.56,0.2,0.0,50.0,11.29,-38.71,36.49,51.08,12.5,93.55,81.05,8.99,6.65,62.5,19.35,-43.15,90.19,91.82,79.17,100.0,20.83,54.89,50.62,84.72,22.58,-62.14,59.38,66.67,87.5,93.55,6.05,56.41,48.48,43.06,3.23,-39.83,63.16,42.86,70.83,11.29,-59.54,27.27,0.0,58.33,4.84,-53.49,18.182,0.0,95.83,24.19,-71.64,37.5,0.0,59.72,8.06,-51.66,76.67,87.8,59.72,100.0,40.28,75.0,82.86,26.39,87.1,60.71,22,1
J08-0530,T. Rincón,t rincon,VOL,VOL,0,Volante,Volante,Brasil B,Brasil A,A,1,2024,2024,2025,2025,1,2025,Santos,Santos,T. Rincón - Santos - Brasil B,T. Rincón - Santos - Brasil A,474,1022,14.0,17.0,0,1,900,900,0,1,0,0,-0.4481,-0.479,-0.031,30.0,29.8,38.0,38.0,0.0,0.0,medida (76 pares),medida (156 pares),36.0,37.0,1.0,0,0,0.2792,0.0,-0.3102,0.1337,-0.6127,única; único,única; único,31,45,0,15.38,16.2,51.61,83.33,31.72,2.85,2.73,70.97,90.0,19.03,1.33,1.06,70.97,71.11,0.14,0.19,0.0,70.97,15.56,-55.41,0.0,0.44,0.0,22.22,22.22,7.78,5.28,83.87,32.22,-51.65,37.97,29.94,93.55,41.11,-52.44,0.38,0.7,35.48,66.67,31.19,0.0,0.03,1.61,43.33,41.72,0.0,0.0,11.29,7.78,-3.51,51.08,43.06,93.55,45.56,-47.99,6.65,8.19,19.35,63.33,43.98,91.82,86.71,100.0,34.44,-65.56,50.62,50.0,22.58,41.11,18.53,66.67,48.39,93.55,61.11,-32.44,48.48,55.95,3.23,32.22,28.99,42.86,66.67,11.29,68.89,57.6,0.0,0.0,4.84,6.67,1.83,0.0,0.0,24.19,25.56,1.37,0.0,44.44,8.06,65.56,57.5,87.8,68.33,100.0,18.89,-81.11,82.86,78.38,87.1,36.67,-50.43,22,1
J08-0531,Neto Moura,neto moura,VOL,VOL,0,Volante,Volante,Brasil A,Brasil B,B,1,2023,2023,2024,2024,1,2024,Cruzeiro,Mirassol,Neto Moura - Cruzeiro - Brasil A,Neto Moura - Mirassol - Brasil B,588,2445,13.0,33.0,0,1,900,900,0,1,0,0,-0.9198,1.2585,2.178,13.0,85.0,29.0,29.0,0.0,0.0,medida (82 pares),medida (76 pares),26.0,27.0,1.0,0,0,0.1284,0.0,2.0496,0.0287,1.2298,única; único,única; único,36,31,0,15.61,12.48,33.33,27.42,-5.91,1.68,2.32,19.44,46.77,27.33,1.07,0.22,38.89,11.29,-27.6,0.15,0.04,31.94,30.65,-1.29,1.07,0.44,72.22,11.29,-60.93,4.9,8.83,27.78,88.71,60.93,26.79,34.67,33.33,75.81,42.48,0.61,0.11,44.44,11.29,-33.15,0.05,0.01,37.5,8.06,-29.44,0.46,0.04,94.44,29.03,-65.41,37.04,47.12,16.67,75.81,59.14,7.19,9.24,19.44,72.58,53.14,88.02,86.25,55.56,56.45,0.89,41.18,51.33,0.0,30.65,30.65,36.36,57.14,9.72,67.74,58.02,44.44,57.14,0.0,29.03,29.03,42.86,66.67,8.33,67.74,59.41,14.29,25.0,13.89,48.39,34.5,0.0,16.667,15.28,98.39,83.11,40.0,55.56,63.89,95.16,31.27,87.5,78.33,100.0,62.9,-37.1,81.4,79.47,52.78,69.35,16.57,22,1
J08-0532,Neto Moura,neto moura,VOL,VOL,0,Volante,Volante,Brasil B,Brasil A,A,1,2024,2024,2025,2025,1,2025,Mirassol,Mirassol,Neto Moura - Mirassol - Brasil B,Neto Moura - Mirassol - Brasil A,2445,2615,33.0,34.0,0,0,900,900,0,0,0,0,1.2585,0.1127,-1.146,85.0,56.1,29.0,29.0,0.0,0.0,medida (76 pares),medida (156 pares),27.0,28.0,1.0,0,0,0.0271,0.0,-1.1731,0.5138,-0.4011,única; único,única; único,31,45,0,12.48,11.43,27.42,22.22,-5.2,2.32,1.58,46.77,43.33,-3.44,0.22,0.17,11.29,1.11,-10.18,0.04,0.0,30.65,15.56,-15.09,0.44,0.41,11.29,16.67,5.38,8.83,9.95,88.71,96.67,7.96,34.67,39.82,75.81,78.89,3.08,0.11,0.1,11.29,7.78,-3.51,0.01,0.01,8.06,8.89,0.83,0.04,0.03,29.03,16.67,-12.36,47.12,53.31,75.81,78.89,3.08,9.24,9.88,72.58,94.44,21.86,86.25,86.57,56.45,30.0,-26.45,51.33,58.13,30.65,94.44,63.79,57.14,63.04,67.74,92.22,24.48,57.14,61.05,29.03,67.78,38.75,66.67,80.0,67.74,96.67,28.93,25.0,8.33,48.39,14.44,-33.95,16.667,8.333,98.39,73.33,-25.06,55.56,20.0,95.16,18.89,-76.27,78.33,76.47,62.9,43.33,-19.57,79.47,77.24,69.35,30.0,-39.35,22,1
J08-0533,José Aldo,jose aldo,VOL,VOL,0,Volante,Volante,Brasil B,Brasil A,A,1,2023,2023,2025,2025,2,2025,Ituano,Mirassol,José Aldo - Ituano - Brasil B,José Aldo - Mirassol - Brasil A,2327,1549,27.0,30.0,0,0,900,900,0,0,0,0,-0.5095,1.4976,2.007,30.0,82.5,25.0,27.0,2.0,0.0,medida (60 pares),medida (156 pares),24.0,26.0,2.0,0,0,0.0749,-0.0728,1.9321,0.2602,1.2374,única; único,única; único,30,45,0,21.16,19.46,85.0,96.67,11.67,3.25,2.15,71.67,70.0,-1.67,1.78,1.86,81.67,94.44,12.77,0.43,0.06,81.67,38.89,-42.78,0.73,1.22,63.33,91.11,27.78,7.35,8.77,80.0,90.0,10.0,22.74,33.93,28.33,54.44,26.11,0.35,0.99,48.33,83.33,35.0,0.03,0.07,36.67,78.89,42.22,0.04,0.17,18.33,62.22,43.89,39.49,48.98,51.67,65.56,13.89,10.95,9.35,81.67,87.78,6.11,82.86,86.24,18.33,25.56,7.23,49.18,50.15,18.33,45.56,27.23,48.81,51.35,45.0,70.0,25.0,52.81,59.2,15.0,54.44,39.44,60.87,65.63,48.33,65.56,17.23,5.26,28.57,16.67,48.89,32.22,0.0,0.0,23.33,25.56,2.23,38.46,46.15,61.67,67.78,6.11,75.79,77.48,48.33,54.44,6.11,71.2,79.07,15.0,41.11,26.11,22,1
J08-0534,Bruno Silva,bruno silva,VOL,VOL,0,Volante,Volante,Brasil B,Brasil C,C,1,2023,2023,2025,2025,2,2025,Tombense,Ituano,Bruno Silva - Tombense - Brasil B,Bruno Silva - Ituano - Brasil C,2310,1143,25.0,12.0,0,0,900,616,0,0,0,0,0.0131,-0.3523,-0.365,53.3,40.5,37.0,38.0,2.0,0.0,medida (60 pares),medida (70 pares),36.0,37.0,1.0,-1,0,0.2792,0.401,-0.6442,0.2862,-0.6385,única; único,única; único,30,28,0,16.68,12.13,48.33,12.5,-35.83,3.66,3.07,88.33,55.36,-32.97,0.7,0.16,21.67,1.79,-19.88,0.08,0.0,26.67,32.14,5.47,0.12,0.08,1.67,1.79,0.12,5.53,5.35,38.33,23.21,-15.12,24.62,17.4,41.67,19.64,-22.03,0.08,0.16,5.0,19.64,14.64,0.0,0.02,1.67,33.93,32.26,0.0,0.0,6.67,21.43,14.76,39.0,33.39,41.67,26.79,-14.88,10.29,9.92,78.33,69.64,-8.69,88.31,83.02,75.0,33.93,-41.07,58.41,61.04,95.0,94.64,-0.36,61.7,66.67,95.0,94.64,-0.36,58.05,60.0,48.33,37.5,-10.83,72.22,50.0,81.67,25.0,-56.67,0.0,100.0,6.67,98.21,91.54,0.0,100.0,23.33,98.21,74.88,33.33,50.0,58.33,82.14,23.81,65.49,61.76,11.67,16.07,4.4,78.26,68.97,68.33,26.79,-41.54,22,1
J08-0535,Jhony Douglas,jhony douglas,VOL,VOL,0,Volante,Volante,Brasil B,Brasil C,C,1,2023,2023,2024,2024,1,2024,Sampaio Corrêa,Figueirense,Jhony Douglas - Sampaio Corrêa - Brasil B,Jhony Douglas - Figueirense - Brasil C,908,321,15.0,6.0,1,0,900,592,1,0,0,0,-1.3072,0.1618,1.469,3.3,60.7,26.0,29.0,2.0,0.0,medida (60 pares),medida (53 pares),25.0,27.0,2.0,1,0,0.2568,0.2714,1.2122,-0.0576,0.2194,única; único,única; único,30,12,0,20.02,17.38,75.0,75.0,0.0,3.17,2.24,65.0,8.33,-56.67,0.59,0.28,11.67,37.5,25.83,0.0,0.28,6.67,91.67,85.0,1.69,0.28,91.67,0.0,-91.67,5.85,6.73,58.33,50.0,-8.33,25.08,24.95,45.0,66.67,21.67,0.3,0.0,38.33,0.0,-38.33,0.02,0.0,16.67,0.0,-16.67,0.0,0.0,6.67,25.0,18.33,40.74,41.21,68.33,66.67,-1.66,12.09,13.74,98.33,100.0,1.67,84.67,82.99,28.33,41.67,13.34,54.46,53.23,68.33,33.33,-35.0,53.13,37.5,61.67,8.33,-53.34,59.18,55.26,60.0,25.0,-35.0,66.67,0.0,71.67,4.17,-67.5,17.65,0.0,30.0,0.0,-30.0,0.0,0.0,23.33,29.17,5.84,0.0,0.0,6.67,16.67,10.0,72.88,62.5,38.33,0.0,-38.33,82.86,66.67,91.67,12.5,-79.17,22,1
J08-0536,Bruno Barra,bruno barra,VOL,VOL,0,Volante,Volante,Brasil C,Brasil B,B,1,2024,2024,2025,2025,1,2025,Volta Redonda,Volta Redonda,Bruno Barra - Volta Redonda - Brasil C,Bruno Barra - Volta Redonda - Brasil B,2125,1346,22.0,17.0,0,0,592,900,0,0,0,0,2.6171,-0.5002,-3.117,96.4,30.0,40.0,40.0,0.0,0.0,medida (53 pares),medida (111 pares),38.0,39.0,1.0,0,0,0.0,0.0,-3.117,0.8163,-1.3165,única; único,única; único,12,30,0,11.1,10.03,12.5,8.33,-4.17,3.35,3.01,45.83,68.33,22.5,0.42,0.33,54.17,21.67,-32.5,0.0,0.0,25.0,28.33,3.33,0.76,0.8,54.17,53.33,-0.84,7.2,8.29,54.17,98.33,44.16,27.4,32.9,70.83,88.33,17.5,0.38,0.6,54.17,45.0,-9.17,0.08,0.07,70.83,61.67,-9.16,0.08,0.07,62.5,31.67,-30.83,42.27,49.41,70.83,95.0,24.17,8.3,7.36,54.17,41.67,-12.5,84.67,85.66,62.5,51.67,-10.83,58.02,46.67,87.5,5.0,-82.5,50.63,33.33,62.5,10.0,-52.5,71.3,60.71,95.83,81.67,-14.16,50.0,60.0,20.83,58.33,37.5,33.33,25.0,66.67,60.0,-6.67,11.111,8.333,79.17,75.0,-4.17,0.0,40.0,16.67,68.33,51.66,65.29,62.9,12.5,11.67,-0.83,65.03,67.03,4.17,11.67,7.5,22,1
J08-0537,Jacy,jacy,VOL,VOL,0,Volante,Volante,Brasil C,Brasil B,B,1,2023,2023,2024,2024,1,2024,Paysandu,Operário PR,Jacy - Paysandu - Brasil C,Jacy - Operário PR - Brasil B,1050,2000,16.0,29.0,0,0,545,900,0,0,0,0,-1.9762,1.0368,3.013,18.2,80.0,26.0,28.0,3.0,0.0,medida (23 pares),medida (76 pares),26.0,26.0,0.0,-1,0,0.0,0.1175,3.013,-0.2066,1.2434,única; único,única; único,11,31,0,20.74,20.52,86.36,98.39,12.03,6.44,6.8,95.45,98.39,2.94,0.71,1.08,59.09,66.13,7.04,0.0,0.23,18.18,82.26,64.08,1.32,0.45,95.45,14.52,-80.93,3.09,3.69,4.55,11.29,6.74,14.12,18.49,4.55,8.06,3.51,1.15,0.54,95.45,46.77,-48.68,0.14,0.03,86.36,38.71,-47.65,0.0,0.0,27.27,11.29,-15.98,23.21,27.86,4.55,8.06,3.51,8.21,9.99,40.91,85.48,44.57,80.61,81.91,4.55,17.74,13.19,53.19,61.18,50.0,95.16,45.16,73.97,71.52,95.45,98.39,2.94,55.95,64.41,40.91,79.03,38.12,37.5,58.33,4.55,43.55,39.0,20.0,10.0,31.82,14.52,-17.3,6.667,0.0,59.09,24.19,-34.9,0.0,11.11,22.73,17.74,-4.99,45.71,71.95,4.55,25.81,21.26,60.0,71.7,4.55,37.1,32.55,22,1
J08-0538,Arthur,arthur,VOL,VOL,0,Volante,Volante,Italia A,Brasil A,A,0,2024,2024,2025,2025,1,2025,Fiorentina,Grêmio,Arthur - Fiorentina - Italia A,Arthur - Grêmio - Brasil A,1769,1214,26.0,13.0,0,0,639,900,0,0,0,0,0.8187,-0.1754,-0.994,77.1,43.9,27.0,29.0,2.0,0.0,medida (122 pares),medida (156 pares),27.0,28.0,1.0,0,0,0.0271,0.3078,-1.0211,0.4158,-0.5912,única; único,única; único,25,45,0,14.19,15.05,46.0,70.0,24.0,0.76,0.67,6.0,5.56,-0.44,0.97,1.48,50.0,83.33,33.33,0.05,0.67,14.0,96.67,82.67,0.31,0.89,6.0,72.22,66.22,5.6,6.23,38.0,61.11,23.11,44.16,38.62,86.0,74.44,-11.56,0.25,0.52,22.0,54.44,32.44,0.01,0.04,2.0,56.67,54.67,0.1,0.0,42.0,7.78,-34.22,58.56,52.49,86.0,76.67,-9.33,8.14,5.49,42.0,10.0,-32.0,93.74,94.07,98.0,98.89,0.89,61.65,55.17,98.0,78.89,-19.11,53.33,44.44,66.0,50.0,-16.0,67.74,57.14,94.0,38.89,-55.11,63.16,75.0,70.0,91.11,21.11,33.33,33.33,76.0,68.89,-7.11,0.0,0.0,22.0,25.56,3.56,72.73,0.0,98.0,4.44,-93.56,80.0,83.33,70.0,83.33,13.33,90.97,96.33,90.0,98.89,8.89,22,1
J08-0539,Matheus Rossetto,matheus rossetto,VOL,VOL,0,Volante,Volante,EUA,Brasil A,A,0,2023,2023,2024,2024,1,2024,Atlanta United,Fortaleza,Matheus Rossetto - Atlanta United - EUA,Matheus Rossetto - Fortaleza - Brasil A,2180,1690,32.0,22.0,0,0,900,900,0,0,0,0,1.5503,0.8842,-0.666,97.5,90.0,27.0,30.0,3.0,0.0,medida (110 pares),medida (113 pares),27.0,28.0,1.0,0,0,0.0271,0.2224,-0.6931,0.5788,0.3054,única; único,única; único,40,50,0,14.66,13.53,38.75,21.0,-17.75,1.16,1.33,8.75,23.0,14.25,0.87,1.38,38.75,79.0,40.25,0.17,0.11,53.75,64.0,10.25,0.62,0.11,56.25,1.0,-55.25,6.73,6.5,66.25,63.0,-3.25,42.32,38.72,86.25,81.0,-5.25,0.5,0.0,48.75,3.0,-45.75,0.05,0.0,60.0,4.0,-56.0,0.17,0.0,61.25,11.0,-50.25,56.52,54.59,83.75,85.0,1.25,7.39,6.55,13.75,15.0,1.25,92.77,93.27,96.25,95.0,-1.25,47.89,52.76,11.25,45.0,33.75,35.71,40.0,23.75,23.0,-0.75,58.13,68.69,31.25,97.0,65.75,71.43,61.54,87.5,70.0,-17.5,46.67,0.0,93.75,5.0,-88.75,6.667,0.0,62.5,22.0,-40.5,50.0,0.0,87.5,8.0,-79.5,71.17,82.79,26.25,83.0,56.75,91.16,86.36,96.25,87.0,-9.25,22,1
J08-0540,Walace,walace,VOL,VOL,0,Volante,Volante,Italia A,Brasil A,A,0,2024,2024,2025,2025,1,2025,Udinese,Cruzeiro,Walace - Udinese - Italia A,Walace - Cruzeiro - Brasil A,2552,466,27.0,17.0,1,0,639,900,1,0,0,0,0.9543,-0.5997,-1.554,82.9,28.1,28.0,31.0,2.0,0.0,medida (122 pares),medida (156 pares),28.0,30.0,2.0,1,0,-0.0685,-0.0169,-1.4855,0.446,-1.0457,única; único,única; único,25,45,0,14.57,15.06,62.0,71.11,9.11,1.23,1.93,26.0,62.22,36.22,1.02,0.19,60.0,3.33,-56.67,0.04,0.0,6.0,15.56,9.56,0.81,0.39,60.0,12.22,-47.78,6.38,7.53,58.0,80.0,22.0,22.54,30.32,18.0,44.44,26.44,0.32,0.19,34.0,13.33,-20.67,0.05,0.0,54.0,2.22,-51.78,0.04,0.0,18.0,7.78,-10.22,35.69,45.19,22.0,53.33,31.33,9.06,9.27,58.0,86.67,28.67,83.6,88.03,22.0,45.56,23.56,52.54,44.87,54.0,6.67,-47.33,54.29,50.0,74.0,64.44,-9.56,60.84,48.84,54.0,2.22,-51.78,51.72,100.0,46.0,98.89,52.89,30.43,0.0,62.0,6.67,-55.33,8.696,0.0,70.0,25.56,-44.44,28.57,0.0,26.0,4.44,-21.56,71.27,76.92,26.0,48.89,22.89,72.32,85.71,26.0,82.22,56.22,22,1
J08-0541,João Schmidt,joao schmidt,VOL,VOL,0,Volante,Volante,Japao A,Brasil B,B,0,2023,2023,2024,2024,1,2024,Kawasaki Frontale,Santos,João Schmidt - Kawasaki Frontale - Japao A,João Schmidt - Santos - Brasil B,1977,3154,30.0,33.0,0,0,805,900,0,0,0,0,0.5809,1.702,1.121,69.4,95.0,30.0,33.0,2.0,0.0,medida (122 pares),medida (76 pares),29.0,31.0,2.0,1,0,-0.1912,-0.5602,1.3122,0.3629,1.3391,única; único,única; único,28,31,0,19.12,16.55,98.21,79.03,-19.18,5.1,3.85,94.64,91.94,-2.7,0.5,0.34,8.93,14.52,5.59,0.14,0.03,35.71,24.19,-11.52,0.82,0.57,67.86,27.42,-40.44,9.47,9.9,94.64,91.94,-2.7,44.61,39.69,87.5,98.39,10.89,0.86,0.57,66.07,51.61,-14.46,0.09,0.05,89.29,62.9,-26.39,0.32,0.09,75.0,58.06,-16.94,64.32,55.1,94.64,98.39,3.75,10.61,10.53,83.93,91.94,8.01,88.75,89.59,69.64,79.03,9.39,49.52,56.21,41.07,72.58,31.51,47.32,57.04,69.64,62.9,-6.74,61.97,63.5,48.21,72.58,24.37,54.55,50.0,33.93,20.97,-12.96,16.67,20.0,25.0,32.26,7.26,5.556,0.0,58.93,24.19,-34.74,50.0,33.33,73.21,58.06,-15.15,74.04,84.15,69.64,91.94,22.3,72.37,81.09,41.07,79.03,37.96,22,1
J08-0542,Ronaldo,ronaldo,VOL,VOL,0,Volante,Volante,Japao B,Brasil A,A,0,2023,2023,2024,2024,1,2024,Shimizu S-Pulse,Juventude,Ronaldo - Shimizu S-Pulse - Japao B,Ronaldo - Juventude - Brasil A,3466,1291,41.0,13.0,0,0,900,900,0,0,0,0,-0.0536,0.61,0.664,45.8,73.3,27.0,29.0,2.0,0.0,medida (91 pares),medida (113 pares),26.0,27.0,1.0,0,0,0.1284,0.3078,0.5356,0.2216,0.3884,única; único,única; homônimo resolvido pelo clube,24,50,0,19.06,14.99,97.92,49.0,-48.92,2.88,4.11,85.42,95.0,9.58,1.74,0.77,85.42,39.0,-46.42,0.21,0.07,83.33,43.0,-40.33,0.83,0.49,64.58,23.0,-41.58,6.23,5.09,22.92,33.0,10.08,40.3,24.19,81.25,27.0,-54.25,0.57,0.35,60.42,39.0,-21.42,0.05,0.05,56.25,54.0,-2.25,0.1,0.14,12.5,63.0,50.5,54.19,36.95,81.25,29.0,-52.25,10.05,8.92,85.42,61.0,-24.42,89.46,87.92,68.75,47.0,-21.75,52.18,55.81,31.25,75.0,43.75,52.25,45.76,81.25,43.0,-38.25,62.02,64.29,47.92,74.0,26.08,56.72,63.64,68.75,80.0,11.25,34.38,42.86,81.25,85.0,3.75,0.0,28.571,18.75,97.0,78.25,23.53,0.0,18.75,8.0,-10.75,73.75,71.23,35.42,21.0,-14.42,84.21,73.97,89.58,17.0,-72.58,22,1
J08-0543,Luizão,luizao,VOL,VOL,0,Volante,Volante,Polonia,Brasil B,B,0,2024,2024,2025,2025,1,2025,Radomiak Radom,Atlético GO,Luizão - Radomiak Radom - Polonia,Luizão - Atlético GO - Brasil B,1679,2159,18.0,28.0,0,0,545,900,0,0,0,0,-0.1341,1.5212,1.655,47.2,87.5,26.0,28.0,2.0,0.0,medida (64 pares),medida (111 pares),26.0,27.0,1.0,0,0,0.1284,0.1175,1.5266,0.2036,1.3176,única; único,única; único,23,30,0,16.72,12.51,67.39,28.33,-39.06,3.54,1.71,76.09,31.67,-44.42,0.91,0.58,36.96,60.0,23.04,0.11,0.0,17.39,28.33,10.94,0.91,0.58,54.35,31.67,-22.68,6.81,5.54,67.39,55.0,-12.39,22.19,24.68,28.26,38.33,10.07,0.16,0.38,10.87,26.67,15.8,0.03,0.04,15.22,35.0,19.78,0.11,0.13,30.43,61.67,31.24,36.02,37.1,32.61,48.33,15.72,9.7,6.75,67.39,21.67,-45.72,83.63,86.52,45.65,58.33,12.68,56.09,52.67,80.43,61.67,-18.76,56.06,53.66,67.39,81.67,14.28,61.03,48.85,63.04,8.33,-54.71,64.71,57.14,69.57,48.33,-21.24,5.88,28.57,6.52,75.0,68.48,0.0,14.286,23.91,91.67,67.76,47.06,42.86,67.39,71.67,4.28,77.17,74.44,76.09,55.0,-21.09,65.25,68.7,19.57,18.33,-1.24,22,1
J08-0544,Vitinho,vitinho,VOL,VOL,0,Volante,Volante,Portugal C,Brasil C,C,0,2023,2023,2025,2025,2,2025,Alverca,Confiança,Vitinho - Alverca - Portugal C,Vitinho - Confiança - Brasil C,565,604,12.0,12.0,1,1,308,616,1,0,0,0,0.6081,0.5754,-0.033,68.8,69.0,21.0,25.0,2.0,0.0,medida (27 pares),medida (70 pares),20.0,24.0,4.0,2,1,0.4953,0.5202,-0.5283,0.3157,0.2597,única; único,única; homônimo resolvido pelo clube,16,28,0,21.19,27.42,65.62,100.0,34.38,3.82,2.83,65.62,46.43,-19.19,0.96,0.89,46.88,71.43,24.55,0.16,0.0,59.38,32.14,-27.24,0.8,0.6,68.75,32.14,-36.61,4.78,6.26,28.12,46.43,18.31,26.12,27.72,71.88,75.0,3.12,1.27,0.89,90.62,78.57,-12.05,0.07,0.03,59.38,44.64,-14.74,0.16,0.0,78.12,21.43,-56.69,39.03,41.27,71.88,82.14,10.26,10.04,7.45,46.88,28.57,-18.31,82.86,84.12,53.12,50.0,-3.12,44.36,44.57,15.62,3.57,-12.05,41.67,26.32,25.0,0.0,-25.0,53.85,53.19,21.88,21.43,-0.45,33.33,33.33,15.62,3.57,-12.05,20.0,25.0,28.12,55.36,27.24,20.0,0.0,84.38,30.36,-54.02,22.22,66.67,53.12,98.21,45.09,76.67,80.95,65.62,89.29,23.67,66.67,68.52,59.38,25.0,-34.38,22,0
J08-0545,A. Rodríguez,a rodriguez,VOL,VOL,0,Volante,Volante,Uruguai,Brasil A,A,0,2023,2023,2025,2025,2,2025,Racing,Internacional,A. Rodríguez - Racing - Uruguai,A. Rodríguez - Internacional - Brasil A,605,1014,12.0,15.0,0,1,876,900,0,1,0,0,-0.6657,1.6594,2.325,24.1,84.2,23.0,26.0,3.0,0.0,medida (47 pares),medida (156 pares),23.0,25.0,2.0,0,0,-0.107,0.3134,2.432,0.2525,1.4069,única; único,única; único,19,45,0,18.0,19.97,52.63,98.89,46.26,3.57,2.13,71.05,67.78,-3.27,0.15,2.04,0.0,98.89,98.89,0.0,0.27,13.16,92.22,79.06,0.15,0.98,0.0,78.89,78.89,4.31,3.02,5.26,1.11,-4.15,16.81,24.23,21.05,16.67,-4.38,0.15,1.69,5.26,98.89,93.63,0.0,0.05,0.0,65.56,65.56,0.0,0.18,10.53,66.67,56.14,31.54,35.41,21.05,21.11,0.06,9.97,8.7,47.37,81.11,33.74,78.77,82.46,21.05,3.33,-17.72,55.37,48.44,57.89,16.67,-41.22,50.0,25.0,47.37,7.78,-39.59,61.54,70.51,36.84,98.89,62.05,100.0,47.83,97.37,14.44,-82.93,0.0,18.18,5.26,27.78,22.52,0.0,0.0,21.05,25.56,4.51,0.0,29.41,2.63,36.67,34.04,62.07,64.71,10.53,10.0,-0.53,57.5,83.87,15.79,67.78,51.99,22,1
J08-0546,C. Cuesta,c cuesta,ZAG,ZAG,0,Zagueiro - Direita,Zagueiro - Direita,Belgica A,Brasil A,A,0,2024,2024,2025,2025,1,2025,Genk,Vasco da Gama,C. Cuesta - Genk - Belgica A,C. Cuesta - Vasco da Gama - Brasil A,2100,1203,21.0,13.0,0,0,663,900,0,0,0,0,-1.1407,-0.108,1.033,10.0,43.1,24.0,27.0,2.0,0.0,medida (58 pares),medida (156 pares),24.0,26.0,2.0,1,0,0.0213,0.0248,1.0117,-0.2681,0.1601,única; único,única; único,57,74,0,12.26,9.95,20.18,34.46,14.28,3.26,2.77,32.46,15.54,-16.92,0.51,0.3,58.77,68.92,10.15,0.34,0.0,83.33,29.05,-54.28,0.3,0.3,44.74,25.68,-19.06,6.17,6.88,16.67,47.97,31.3,33.47,29.93,64.04,50.68,-13.36,0.47,0.37,44.74,18.24,-26.5,0.04,0.08,54.39,83.11,28.72,0.0,0.07,16.67,68.92,52.25,46.67,39.95,53.51,35.81,-17.7,7.46,7.03,4.39,27.03,22.64,89.72,90.07,85.09,72.3,-12.79,55.59,54.14,16.67,6.08,-10.59,51.32,51.35,18.42,14.19,-4.23,62.31,57.58,14.91,12.84,-2.07,66.67,50.0,42.98,32.43,-10.55,28.57,25.0,46.49,30.41,-16.08,14.286,25.0,78.95,89.19,10.24,0.0,37.5,17.54,66.22,48.68,63.89,73.91,37.72,72.3,34.58,75.94,80.0,88.6,82.43,-6.17,22,1
J08-0547,João Basso,joao basso,ZAG,ZAG,0,Zagueiro - Direita,Zagueiro - Direita,Portugal A,Brasil B,B,0,2023,2023,2024,2024,1,2024,Santos,Santos,João Basso - Santos - Portugal A,João Basso - Santos - Brasil B,1626,687,17.0,8.0,1,0,829,900,1,0,0,0,0.0,0.8013,0.801,51.3,86.3,26.0,29.0,2.0,0.0,medida (31 pares),medida (76 pares),25.0,27.0,2.0,1,0,0.0122,-0.1177,0.7888,0.1196,0.6817,única; único,única; único,69,69,0,13.17,15.33,58.7,97.1,38.4,3.6,4.45,41.3,57.97,16.67,0.61,0.39,73.91,76.81,2.9,0.0,0.13,12.32,86.23,73.91,0.33,0.39,44.2,63.04,18.84,8.14,9.3,73.19,86.96,13.77,32.93,33.41,64.49,82.61,18.12,0.61,0.79,57.25,88.41,31.16,0.11,0.08,95.65,81.88,-13.77,0.0,0.0,19.57,28.99,9.42,46.49,49.65,63.04,89.86,26.82,10.68,9.56,94.93,86.96,-7.97,90.36,87.07,76.09,52.17,-23.92,70.17,70.94,99.28,97.1,-2.18,66.15,64.71,90.58,60.87,-29.71,76.7,80.36,97.83,97.1,-0.73,63.64,100.0,60.14,93.48,33.34,33.33,66.67,49.28,92.03,42.75,16.667,66.667,78.26,100.0,21.74,66.67,50.0,92.03,73.19,-18.84,75.51,84.51,81.16,100.0,18.84,67.09,64.29,65.94,39.13,-26.81,22,1
J08-0548,João Basso,joao basso,ZAG,ZAG,0,Zagueiro - Direita,Zagueiro - Direita,Brasil B,Brasil A,A,1,2024,2024,2025,2025,1,2025,Santos,Santos,João Basso - Santos - Brasil B,João Basso - Santos - Brasil A,687,566,8.0,6.0,1,1,900,900,1,1,0,0,0.8013,0.2355,-0.566,86.3,58.6,29.0,29.0,0.0,0.0,medida (76 pares),medida (156 pares),27.0,28.0,1.0,0,0,-0.0776,0.0,-0.4884,0.392,-0.1565,única; único,única; único,69,74,0,15.33,11.29,97.1,59.46,-37.64,4.45,3.5,57.97,41.89,-16.08,0.39,0.0,76.81,2.7,-74.11,0.13,0.0,86.23,29.05,-57.18,0.39,0.16,63.04,5.41,-57.63,9.3,5.88,86.96,25.68,-61.28,33.41,25.92,82.61,31.08,-51.53,0.79,0.48,88.41,37.84,-50.57,0.08,0.05,81.88,52.03,-29.85,0.0,0.0,28.99,24.32,-4.67,49.65,36.89,89.86,22.97,-66.89,9.56,7.0,86.96,25.0,-61.96,87.07,87.5,52.17,32.43,-19.74,70.94,63.38,97.1,82.43,-14.67,64.71,50.0,60.87,9.46,-51.41,80.36,64.52,97.1,45.95,-51.15,100.0,0.0,93.48,5.41,-88.07,66.67,100.0,92.03,100.0,7.97,66.667,100.0,100.0,100.0,0.0,50.0,0.0,73.19,20.95,-52.24,84.51,75.68,100.0,82.43,-17.57,64.29,67.74,39.13,29.05,-10.08,22,1
J08-0549,João Basso,joao basso,ZAG,ZAG,0,Zagueiro - Direita,Zagueiro - Direita,Brasil A,Brasil B,B,1,2025,2025,jun26,2026,1,2026,Santos,Cuiabá,João Basso - Santos - Brasil A,João Basso - Cuiabá - Brasil B,566,935,6.0,10.0,0,1,900,284,0,1,1,0,0.2355,0.7276,0.492,58.6,73.0,29.0,29.0,0.0,0.0,medida (156 pares),referência,28.0,29.0,1.0,0,0,-0.0776,0.0,0.5696,0.1996,0.528,única; único,única; único,74,67,0,11.29,10.01,59.46,42.54,-16.92,3.5,3.75,41.89,54.48,12.59,0.0,0.1,2.7,41.04,38.34,0.0,0.0,29.05,41.79,12.74,0.16,0.48,5.41,70.15,64.74,5.88,6.26,25.68,33.58,7.9,25.92,26.28,31.08,42.54,11.46,0.48,1.06,37.84,91.79,53.95,0.05,0.09,52.03,85.07,33.04,0.0,0.1,24.32,82.09,57.77,36.89,38.31,22.97,36.57,13.6,7.0,6.55,25.0,33.58,8.58,87.5,86.43,32.43,39.55,7.12,63.38,59.62,82.43,45.52,-36.91,50.0,66.67,9.46,79.85,70.39,64.52,58.14,45.95,30.6,-15.35,0.0,0.0,5.41,23.88,18.47,100.0,60.0,100.0,85.07,-14.93,100.0,20.0,100.0,91.04,-8.96,0.0,25.0,20.95,73.13,52.18,75.68,60.0,82.43,8.21,-74.22,67.74,64.44,29.05,33.58,4.53,22,1
J08-0550,Allyson,allyson,ZAG,ZAG,0,Zagueiro - Direita,Zagueiro - Direita,Brasil A,Brasil B,B,1,2023,2023,2024,2024,1,2024,Cuiabá,Sport Recife,Allyson - Cuiabá - Brasil A,Allyson - Sport Recife - Brasil B,1279,486,16.0,7.0,1,0,900,900,1,0,0,0,-1.3885,-0.9931,0.395,7.5,23.5,35.0,35.0,0.0,0.0,medida (82 pares),medida (76 pares),32.0,33.0,1.0,0,0,-0.0748,0.0,0.4698,-0.3524,-0.6407,única; único,única; único,74,69,0,11.54,14.44,49.32,89.86,40.54,3.59,5.0,33.11,78.26,45.15,0.28,0.56,40.54,91.3,50.76,0.0,0.0,11.49,18.84,7.35,0.21,0.0,19.59,0.72,-18.87,3.52,7.41,0.68,51.45,50.77,21.25,33.89,19.59,85.51,65.92,0.42,0.37,42.57,31.88,-10.69,0.04,0.0,45.95,2.17,-43.78,0.0,0.0,20.27,28.99,8.72,32.93,51.48,16.89,94.2,77.31,8.94,7.96,79.73,54.35,-25.38,91.88,93.17,88.51,98.55,10.04,60.37,65.38,56.08,78.26,22.18,66.67,66.67,86.49,74.64,-11.85,63.79,90.48,45.27,100.0,54.73,50.0,33.33,27.03,13.77,-13.26,0.0,0.0,6.08,5.07,-1.01,0.0,0.0,27.03,20.29,-6.74,0.0,100.0,21.62,97.1,75.48,72.0,77.5,47.3,91.3,44.0,73.53,78.26,66.89,97.1,30.21,22,1
J08-0551,Allyson,allyson,ZAG,ZAG,0,Zagueiro - Direita,Zagueiro - Esquerda,Brasil B,Brasil C,C,1,2024,2024,2025,2025,1,2025,Sport Recife,Guarani,Allyson - Sport Recife - Brasil B,Allyson - Guarani - Brasil C,486,355,7.0,6.0,1,1,900,616,1,1,0,0,-0.9931,0.0253,1.018,23.5,55.0,35.0,35.0,0.0,0.0,medida (76 pares),medida (70 pares),33.0,34.0,1.0,0,0,-0.238,0.0,1.256,-0.218,0.2433,única; único,única; único,69,52,0,14.44,19.01,89.86,96.15,6.29,5.0,7.61,78.26,98.08,19.82,0.56,0.25,91.3,65.38,-25.92,0.0,0.0,18.84,33.65,14.81,0.0,0.0,0.72,2.88,2.16,7.41,6.08,51.45,21.15,-30.3,33.89,27.89,85.51,73.08,-12.43,0.37,0.0,31.88,0.96,-30.92,0.0,0.0,2.17,3.85,1.68,0.0,0.0,28.99,25.0,-3.99,51.48,40.31,94.2,65.38,-28.82,7.96,9.13,54.35,69.23,14.88,93.17,90.57,98.55,92.31,-6.24,65.38,70.67,78.26,96.15,17.89,66.67,60.0,74.64,50.0,-24.64,90.48,86.96,100.0,100.0,0.0,33.33,0.0,13.77,10.58,-3.19,0.0,0.0,5.07,8.65,3.58,0.0,0.0,20.29,25.96,5.67,100.0,0.0,97.1,30.77,-66.33,77.5,83.33,91.3,100.0,8.7,78.26,80.0,97.1,98.08,0.98,22,1
J08-0552,Marlon,marlon,ZAG,ZAG,0,Zagueiro - Direita,Zagueiro - Esquerda,Brasil A,Brasil B,B,1,2023,2023,jun26,2026,3,2026,Fluminense,Cuiabá,Marlon - Fluminense - Brasil A,Marlon - Cuiabá - Brasil B,1062,883,15.0,9.0,1,0,900,284,0,0,1,0,1.9876,1.3505,-0.637,84.9,96.7,30.0,32.0,0.0,0.0,medida (82 pares),referência,27.0,32.0,5.0,2,1,-0.2168,-0.0559,-0.4202,0.2521,1.0984,única; homônimo resolvido pelo clube,única; homônimo resolvido pelo clube,74,67,0,11.44,11.11,43.92,60.45,16.53,3.56,1.83,31.76,3.73,-28.03,0.76,0.51,85.81,88.06,2.25,0.17,0.1,77.03,88.06,11.03,0.25,0.2,29.73,27.61,-2.12,6.95,7.85,47.97,64.93,16.96,51.78,30.78,97.97,69.4,-28.57,0.34,0.2,25.68,15.67,-10.01,0.03,0.0,29.05,5.97,-23.08,0.08,0.31,71.62,96.27,24.65,65.17,42.3,96.62,57.46,-39.16,5.93,8.97,4.73,90.3,85.57,94.54,86.02,97.97,30.6,-67.37,48.89,55.96,2.03,31.34,29.31,54.76,55.56,31.08,34.33,3.25,53.19,67.86,7.43,62.69,55.26,44.44,40.0,16.22,51.49,35.27,33.33,50.0,49.32,73.88,24.56,0.0,0.0,27.03,44.03,17.0,33.33,33.33,62.16,77.61,15.45,76.83,74.03,77.7,66.42,-11.28,86.57,72.88,96.62,70.9,-25.72,22,0
J08-0553,Rafael Donato,rafael donato,ZAG,ZAG,0,Zagueiro - Direita,Zagueiro - Direita,Brasil B,Brasil C,C,1,2025,2025,jun26,2026,1,2026,Grêmio Novorizontino,Guarani,Rafael Donato - Grêmio Novorizontino - Brasil B,Rafael Donato - Guarani - Brasil C,1020,412,14.0,7.0,1,0,900,213,0,0,1,0,1.4255,1.6516,0.226,84.0,100.0,37.0,37.0,0.0,0.0,medida (111 pares),referência,36.0,37.0,1.0,0,0,-0.0388,0.0,0.2648,0.6041,1.0475,única; único,única; único,72,63,0,12.71,12.23,81.25,59.52,-21.73,5.56,5.46,93.75,73.81,-19.94,0.0,0.0,4.17,18.25,14.08,0.0,0.0,34.03,38.1,4.07,1.15,1.75,99.31,97.62,-1.69,6.97,9.83,42.36,91.27,48.91,25.85,42.82,42.36,99.21,56.85,1.15,1.97,99.31,99.21,-0.1,0.18,0.16,99.31,97.62,-1.69,0.0,0.0,18.75,35.71,16.96,40.32,58.54,49.31,99.21,49.9,8.91,5.68,88.19,13.49,-74.7,84.68,91.79,27.08,92.86,65.78,72.92,62.5,97.92,58.73,-39.19,77.78,80.0,97.22,97.62,0.4,74.55,50.0,90.97,12.7,-78.27,0.0,0.0,9.72,24.6,14.88,23.08,50.0,33.33,85.71,52.38,7.692,0.0,56.94,43.65,-13.29,0.0,100.0,17.36,97.62,80.26,64.56,88.89,24.31,97.62,73.31,62.34,82.14,29.86,92.86,63.0,22,1
J08-0554,Rodrigo,rodrigo,ZAG,ZAG,0,Zagueiro - Direita,Zagueiro - Direita,Brasil B,Brasil A,A,1,2023,2023,2024,2024,1,2024,Criciúma,Criciúma,Rodrigo - Criciúma - Brasil B,Rodrigo - Criciúma - Brasil A,3587,3267,35.0,32.0,0,0,900,900,0,0,0,0,2.8959,2.5953,-0.301,100.0,95.7,36.0,39.0,2.0,0.0,medida (60 pares),medida (113 pares),35.0,37.0,2.0,1,0,-0.0776,-0.3418,-0.2234,1.1039,1.4914,única; homônimo resolvido pelo clube,única; único,70,73,0,12.02,13.42,52.86,73.29,20.43,4.69,4.66,45.0,78.77,33.77,0.23,0.47,35.0,81.51,46.51,0.05,0.11,42.14,72.6,30.46,0.45,0.47,65.0,65.75,0.75,9.01,8.26,89.29,73.29,-16.0,27.05,23.42,45.0,21.23,-23.77,0.55,0.63,55.0,69.86,14.86,0.05,0.08,57.86,84.93,27.07,0.13,0.03,93.57,44.52,-49.05,41.52,38.48,50.71,29.45,-21.26,8.53,10.33,69.29,97.95,28.66,85.44,85.25,36.43,14.38,-22.05,63.67,60.16,72.14,48.63,-23.51,66.31,65.09,80.71,71.92,-8.79,68.6,65.92,70.71,26.71,-44.0,77.78,64.71,71.43,48.63,-22.8,38.89,52.94,70.71,86.99,16.28,0.0,17.647,31.43,76.03,44.6,62.5,50.0,86.43,82.88,-3.55,74.65,74.33,79.29,65.07,-14.22,66.78,72.69,56.43,45.89,-10.54,22,1
J08-0555,Rodrigo,rodrigo,ZAG,ZAG,0,Zagueiro - Direita,Zagueiro - Direita,Brasil A,Brasil B,B,1,2024,2024,2025,2025,1,2025,Criciúma,Criciúma,Rodrigo - Criciúma - Brasil A,Rodrigo - Criciúma - Brasil B,3267,3611,32.0,36.0,0,0,900,900,0,0,0,0,2.5953,1.5475,-1.048,95.7,86.0,39.0,39.0,0.0,0.0,medida (113 pares),medida (111 pares),37.0,38.0,1.0,0,0,-0.1322,0.0,-0.9158,1.0017,0.5458,única; único,única; único,73,72,0,13.42,13.48,73.29,88.19,14.9,4.66,6.46,78.77,97.92,19.15,0.47,0.32,81.51,72.92,-8.59,0.11,0.02,72.6,69.44,-3.16,0.47,0.62,65.75,85.42,19.67,8.26,6.18,73.29,21.53,-51.76,23.42,21.88,21.23,17.36,-3.87,0.63,0.87,69.86,93.75,23.89,0.08,0.11,84.93,95.14,10.21,0.03,0.05,44.52,60.42,15.9,38.48,38.01,29.45,32.64,3.19,10.33,8.5,97.95,78.47,-19.48,85.25,86.1,14.38,43.75,29.37,60.16,60.07,48.63,38.19,-10.44,65.09,64.48,71.92,68.75,-3.17,65.92,62.67,26.71,27.08,0.37,64.71,46.15,48.63,29.86,-18.77,52.94,40.0,86.99,76.39,-10.6,17.647,28.0,76.03,89.58,13.55,50.0,0.0,82.88,17.36,-65.52,74.33,65.32,65.07,31.94,-33.13,72.69,67.18,45.89,46.53,0.64,22,1
J08-0556,Adriano Martins,adriano martins,ZAG,ZAG,0,Zagueiro - Direita,Zagueiro - Direita,Brasil B,Brasil A,A,1,2023,2023,2024,2024,1,2024,Grêmio Novorizontino,Atlético GO,Adriano Martins - Grêmio Novorizontino - Brasil B,Adriano Martins - Atlético GO - Brasil A,3420,3370,35.0,34.0,0,0,900,900,0,0,0,0,1.9867,0.0702,-1.916,97.2,57.4,26.0,29.0,2.0,0.0,medida (60 pares),medida (113 pares),25.0,27.0,2.0,1,0,0.0122,-0.1177,-1.9282,0.7949,-0.7247,única; único,única; único,70,73,0,15.34,9.51,90.71,11.64,-79.07,5.11,3.02,68.57,15.75,-52.82,0.61,0.29,79.29,51.37,-27.92,0.13,0.03,67.86,43.84,-24.02,0.68,0.45,89.29,60.96,-28.33,10.45,8.25,92.14,71.92,-20.22,24.16,24.06,30.71,25.34,-5.37,0.68,0.69,71.43,78.08,6.65,0.1,0.05,91.43,61.64,-29.79,0.05,0.03,67.86,44.52,-23.34,38.16,36.48,35.0,22.6,-12.4,9.61,7.66,95.0,40.41,-54.59,83.93,87.19,17.86,32.19,14.33,63.81,62.64,73.57,63.7,-9.87,60.31,67.26,50.0,81.51,31.51,68.09,65.84,66.43,25.34,-41.09,78.26,90.91,73.57,78.77,5.2,30.77,41.18,57.86,67.81,9.95,3.846,0.0,65.0,23.97,-41.03,18.18,37.5,65.0,63.01,-1.99,83.38,78.64,97.86,86.99,-10.87,70.57,69.6,75.0,32.19,-42.81,22,1
J08-0557,Adriano Martins,adriano martins,ZAG,ZAG,0,Zagueiro - Direita,Zagueiro - Esquerda,Brasil A,Brasil B,B,1,2024,2024,2025,2025,1,2025,Atlético GO,Atlético GO,Adriano Martins - Atlético GO - Brasil A,Adriano Martins - Atlético GO - Brasil B,3370,1955,34.0,20.0,0,0,900,900,0,0,0,0,0.0702,0.578,0.508,57.4,72.5,29.0,29.0,0.0,0.0,medida (113 pares),medida (111 pares),27.0,28.0,1.0,0,0,-0.0776,0.0,0.5856,0.1435,0.4345,única; único,única; único,73,72,0,9.51,8.88,11.64,15.97,4.33,3.02,2.95,15.75,11.81,-3.94,0.29,0.28,51.37,68.75,17.38,0.03,0.0,43.84,34.03,-9.81,0.45,0.46,60.96,70.14,9.18,8.25,6.45,71.92,31.25,-40.67,24.06,26.42,25.34,46.53,21.19,0.69,0.55,78.08,63.89,-14.19,0.05,0.09,61.64,86.11,24.47,0.03,0.0,44.52,18.75,-25.77,36.48,39.31,22.6,44.44,21.84,7.66,6.86,40.41,31.94,-8.47,87.19,89.46,32.19,84.03,51.84,62.64,60.1,63.7,39.58,-24.12,67.26,59.38,81.51,42.36,-39.15,65.84,58.21,25.34,14.58,-10.76,90.91,66.67,78.77,57.64,-21.13,41.18,30.0,67.81,54.86,-12.95,0.0,20.0,23.97,82.64,58.67,37.5,33.33,63.01,58.33,-4.68,78.64,74.29,86.99,76.39,-10.6,69.6,67.46,32.19,52.08,19.89,22,1
J08-0558,Camutanga,camutanga,ZAG,ZAG,0,Zagueiro - Direita,Zagueiro - Direita,Brasil B,Brasil A,A,1,2023,2023,2024,2024,1,2024,Vitória,Vitória,Camutanga - Vitória - Brasil B,Camutanga - Vitória - Brasil A,3069,510,33.0,5.0,1,0,900,900,1,0,0,0,-0.3698,-0.0929,0.277,33.3,46.8,30.0,32.0,2.0,0.0,medida (60 pares),medida (113 pares),29.0,30.0,1.0,0,0,0.0066,-0.0559,0.2704,-0.0061,-0.0868,única; único,única; único,70,73,0,11.96,10.41,50.71,30.14,-20.57,3.78,4.06,20.71,54.79,34.08,0.41,0.18,65.0,36.3,-28.7,0.06,0.18,49.29,86.99,37.7,0.21,0.88,18.57,98.63,80.06,6.72,5.65,36.43,21.92,-14.51,24.08,20.29,29.29,13.7,-15.59,0.26,0.71,12.14,82.88,70.74,0.04,0.05,43.57,61.64,18.07,0.03,0.0,50.0,18.49,-31.51,36.92,29.12,27.86,2.74,-25.12,9.47,6.53,90.71,10.96,-79.75,85.46,89.7,37.86,60.27,22.41,66.67,54.24,92.14,6.85,-85.29,65.89,47.83,79.29,8.22,-71.07,71.27,63.64,87.86,21.92,-65.94,78.57,100.0,75.0,89.73,14.73,57.14,20.0,96.43,19.86,-76.57,28.571,0.0,98.57,23.97,-74.6,0.0,0.0,28.57,17.81,-10.76,64.63,71.88,25.0,48.63,23.63,62.4,81.82,37.86,91.1,53.24,22,1
J08-0559,Claudinho,claudinho,ZAG,ZAG,0,Zagueiro - Esquerda,Zagueiro - Direita,Brasil B,Brasil C,C,1,2024,2024,2025,2025,1,2025,Ituano,Retrô,Claudinho - Ituano - Brasil B,Claudinho - Retrô - Brasil C,3015,563,31.0,7.0,1,0,900,616,1,0,0,0,-0.0021,0.1018,0.104,48.7,55.3,36.0,36.0,0.0,0.0,medida (76 pares),medida (70 pares),34.0,35.0,1.0,0,0,-0.238,0.0,0.342,0.1189,-0.0171,única; único,única; único,69,52,0,10.03,12.31,32.61,48.08,15.47,4.06,5.28,45.65,73.08,27.43,0.12,0.16,21.74,45.19,23.45,0.0,0.0,18.84,33.65,14.81,0.21,0.32,22.46,26.92,4.46,4.96,6.39,9.42,28.85,19.43,22.24,33.09,21.01,94.23,73.22,0.45,0.48,48.55,50.0,1.45,0.01,0.06,7.25,58.65,51.4,0.0,0.0,28.99,25.0,-3.99,32.69,47.32,13.77,88.46,74.69,8.54,6.71,67.39,18.27,-49.12,88.95,91.22,70.29,96.15,25.86,67.86,59.74,92.03,36.54,-55.49,67.65,54.55,77.54,23.08,-54.46,71.43,56.67,71.74,7.69,-64.05,75.0,100.0,66.67,80.77,14.1,14.29,50.0,16.67,88.46,71.79,0.0,0.0,20.29,25.96,5.67,0.0,0.0,23.19,30.77,7.58,68.67,75.0,42.75,88.46,45.71,61.54,73.68,28.99,86.54,57.55,22,1
J08-0560,Mateus Silva,mateus silva,ZAG,ZAG,0,Zagueiro - Direita,Zagueiro - Direita,Brasil B,Brasil C,C,1,2024,2024,2025,2025,1,2025,Ponte Preta,Náutico,Mateus Silva - Ponte Preta - Brasil B,Mateus Silva - Náutico - Brasil C,1966,725,21.0,9.0,1,0,900,616,0,0,0,0,0.674,0.4294,-0.245,80.4,70.2,30.0,30.0,0.0,0.0,medida (76 pares),medida (70 pares),28.0,29.0,1.0,0,0,-0.0776,0.0,-0.1674,0.3487,0.0807,única; único,única; único,69,52,0,9.8,13.16,22.46,60.58,38.12,2.66,4.59,7.97,45.19,37.22,0.18,0.12,34.78,35.58,0.8,0.0,0.25,18.84,99.04,80.2,0.37,0.37,61.59,43.27,-18.32,7.51,11.67,52.9,97.12,44.22,23.26,30.17,32.61,83.65,51.04,0.46,0.37,50.72,31.73,-18.99,0.04,0.03,46.38,25.0,-21.38,0.05,0.0,81.16,25.0,-56.16,36.07,48.79,31.16,93.27,62.11,9.29,8.94,81.88,64.42,-17.46,84.26,85.75,16.67,56.73,40.06,62.62,55.66,51.45,12.5,-38.95,63.79,59.46,55.07,45.19,-9.88,68.57,56.52,57.25,6.73,-50.52,50.0,100.0,26.09,80.77,54.68,25.0,0.0,32.61,8.65,-23.96,12.5,0.0,55.07,25.96,-29.11,66.67,0.0,90.58,30.77,-59.81,71.95,80.85,58.7,97.12,38.42,62.2,78.75,32.61,95.19,62.58,22,1
J08-0561,Mateus Silva,mateus silva,ZAG,ZAG,0,Zagueiro - Direita,Zagueiro - Direita,Brasil C,Brasil B,B,1,2025,2025,jun26,2026,1,2026,Náutico,Náutico,Mateus Silva - Náutico - Brasil C,Mateus Silva - Náutico - Brasil B,725,732,9.0,8.0,1,1,616,284,0,0,1,0,0.4294,-0.075,-0.504,70.2,45.9,30.0,30.0,0.0,0.0,medida (70 pares),referência,29.0,30.0,1.0,0,0,0.0066,0.0,-0.5106,0.2656,-0.3406,única; único,única; único,52,67,0,13.16,9.71,60.58,38.06,-22.52,4.59,3.57,45.19,44.03,-1.16,0.12,0.0,35.58,17.91,-17.67,0.25,0.0,99.04,41.79,-57.25,0.37,0.49,43.27,73.13,29.86,11.67,8.61,97.12,72.39,-24.73,30.17,31.72,83.65,73.88,-9.77,0.37,0.74,31.73,73.88,42.15,0.03,0.08,25.0,81.34,56.34,0.0,0.0,25.0,38.06,13.06,48.79,47.34,93.27,79.85,-13.42,8.94,7.13,64.42,50.0,-14.42,85.75,88.31,56.73,57.46,0.73,55.66,65.82,12.5,87.31,74.81,59.46,65.52,45.19,72.39,27.2,56.52,69.7,6.73,72.39,65.66,100.0,0.0,80.77,23.88,-56.89,0.0,0.0,8.65,22.39,13.74,0.0,0.0,25.96,44.03,18.07,0.0,0.0,30.77,35.82,5.05,80.85,72.86,97.12,63.43,-33.69,78.75,69.23,95.19,57.46,-37.73,22,1
J08-0562,Diogo Silva,diogo silva,ZAG,ZAG,0,Zagueiro - Esquerda,Zagueiro - Direita,Brasil B,Brasil C,C,1,2024,2024,2025,2025,1,2025,Amazonas,Guarani,Diogo Silva - Amazonas - Brasil B,Diogo Silva - Guarani - Brasil C,1364,324,14.0,4.0,1,0,900,616,1,0,0,0,-0.5875,0.5724,1.16,25.6,78.7,31.0,31.0,0.0,0.0,medida (76 pares),medida (70 pares),29.0,30.0,1.0,0,0,0.0066,0.0,1.1534,-0.0801,0.6525,única; homônimo resolvido pelo clube,única; homônimo resolvido pelo clube,69,52,0,7.92,10.83,0.72,28.85,28.13,3.17,4.44,19.57,42.31,22.74,0.0,0.0,1.45,6.73,5.28,0.07,0.0,67.39,33.65,-33.74,0.53,0.0,83.33,2.88,-80.45,6.2,7.22,29.71,58.65,28.94,27.71,26.11,52.9,61.54,8.64,0.86,0.0,92.03,0.96,-91.07,0.07,0.0,76.09,3.85,-72.24,0.0,0.0,28.99,25.0,-3.99,42.1,38.89,58.7,59.62,0.92,6.2,8.61,7.97,57.69,49.72,89.81,83.57,80.43,44.23,-36.2,59.17,64.1,28.26,51.92,23.66,52.08,62.5,15.22,57.69,42.47,69.39,83.33,60.14,100.0,39.86,0.0,0.0,4.35,10.58,6.23,12.5,0.0,13.77,8.65,-5.12,0.0,0.0,20.29,25.96,5.67,100.0,0.0,97.1,30.77,-66.33,60.64,53.85,12.32,4.81,-7.51,59.46,30.0,23.91,0.0,-23.91,22,1
J08-0563,Alan Santos,alan santos,ZAG,ZAG,0,Zagueiro - Direita,Zagueiro - Direita,Brasil B,Brasil C,C,1,2023,2023,2024,2024,1,2024,Guarani,São Bernardo FC,Alan Santos - Guarani - Brasil B,Alan Santos - São Bernardo FC - Brasil C,2361,439,24.0,7.0,1,0,900,592,1,0,0,0,-0.9271,0.4514,1.379,13.9,61.7,32.0,35.0,2.0,0.0,medida (60 pares),medida (53 pares),31.0,33.0,2.0,1,0,-0.1496,-0.3226,1.5286,-0.1955,0.6469,única; único,única; único,70,57,0,12.39,12.3,59.29,67.54,8.25,4.76,3.28,46.43,10.53,-35.9,0.15,0.0,22.14,8.77,-13.37,0.08,0.21,53.57,98.25,44.68,0.27,0.41,29.29,71.93,42.64,6.94,7.59,43.57,53.51,9.94,34.76,31.57,93.57,85.96,-7.61,0.34,0.41,20.71,52.63,31.92,0.05,0.08,57.86,85.96,28.1,0.0,0.0,22.86,28.95,6.09,50.74,46.33,97.86,85.96,-11.9,7.59,8.2,44.29,64.91,20.62,90.38,85.84,83.57,52.63,-30.94,58.15,58.33,30.71,27.19,-3.52,59.2,68.75,45.0,87.72,42.72,60.87,62.5,17.86,25.44,7.58,100.0,0.0,95.71,13.16,-82.55,71.43,50.0,99.29,87.72,-11.57,0.0,0.0,31.43,34.21,2.78,50.0,0.0,80.0,24.56,-55.44,60.44,72.97,9.29,68.42,59.13,67.33,71.43,59.29,82.46,23.17,22,1
J08-0564,Augusto,augusto,ZAG,ZAG,0,Zagueiro - Direita,Zagueiro - Direita,Brasil B,Brasil C,C,1,2023,2023,2024,2024,1,2024,Tombense,São Bernardo FC,Augusto - Tombense - Brasil B,Augusto - São Bernardo FC - Brasil C,2308,1774,23.0,20.0,0,0,900,592,0,0,0,0,0.2684,-0.0514,-0.32,58.3,46.8,26.0,29.0,2.0,0.0,medida (60 pares),medida (53 pares),25.0,27.0,2.0,1,0,0.0122,-0.1177,-0.3322,0.2108,-0.2622,única; único,única; único,70,57,0,16.77,13.6,96.43,79.82,-16.61,4.84,5.38,52.14,79.82,27.68,1.4,0.41,99.29,78.07,-21.22,0.19,0.05,79.29,72.81,-6.48,0.58,0.36,81.43,65.79,-15.64,7.25,9.13,50.71,77.19,26.48,24.76,30.9,36.43,78.07,41.64,0.9,0.46,89.29,56.14,-33.15,0.09,0.1,85.0,90.35,5.35,0.04,0.0,57.86,28.95,-28.91,38.45,42.87,36.43,78.07,41.64,9.51,7.56,92.14,48.25,-43.89,85.19,87.1,32.14,71.05,38.91,61.16,61.19,56.43,44.74,-11.69,60.48,63.21,52.14,69.3,17.16,67.63,62.14,59.29,23.68,-35.61,69.44,50.0,60.71,41.23,-19.48,6.67,28.57,20.71,62.28,41.57,0.0,14.286,31.43,77.19,45.76,0.0,66.67,28.57,89.47,60.9,68.82,76.67,43.57,81.58,38.01,57.14,60.95,16.43,40.35,23.92,22,1
J08-0565,Augusto,augusto,ZAG,ZAG,0,Zagueiro - Esquerda,Zagueiro - Esquerda,Brasil C,Brasil B,B,1,2025,2025,jun26,2026,1,2026,São Bernardo FC,São Bernardo FC,Augusto - São Bernardo FC - Brasil C,Augusto - São Bernardo FC - Brasil B,557,1120,7.0,11.0,0,1,616,284,0,1,1,0,1.1496,-0.6393,-1.789,85.0,20.0,29.0,29.0,0.0,0.0,medida (70 pares),referência,28.0,29.0,1.0,0,0,-0.0776,0.0,-1.7114,0.5103,-1.1496,única; único,única; único,52,67,0,14.22,10.85,76.92,54.48,-22.44,8.89,4.34,98.08,73.88,-24.2,0.32,0.16,73.08,48.51,-24.57,0.0,0.0,33.65,41.79,8.14,0.48,0.08,64.42,6.72,-57.7,11.47,9.88,96.15,94.78,-1.37,22.78,32.95,50.0,76.87,26.87,0.81,0.08,88.46,5.22,-83.24,0.05,0.02,51.92,26.87,-25.05,0.0,0.16,25.0,88.81,63.81,39.59,47.89,61.54,82.84,21.3,5.17,7.47,0.0,55.97,55.97,83.27,86.74,42.31,42.54,0.23,65.91,54.07,75.0,20.15,-54.85,70.91,59.26,86.54,51.49,-35.05,50.0,57.14,1.92,26.87,24.95,100.0,50.0,80.77,57.46,-23.31,66.67,100.0,98.08,94.03,-4.05,0.0,0.0,25.96,44.03,18.07,0.0,50.0,30.77,87.31,56.54,77.46,59.35,96.15,6.72,-89.43,69.77,68.18,74.04,52.24,-21.8,22,1
J08-0566,Bruno Leonardo,bruno leonardo,ZAG,ZAG,0,Zagueiro - Direita,Zagueiro - Direita,Brasil B,Brasil A,A,1,2025,2025,jun26,2026,1,2026,Chapecoense,Chapecoense,Bruno Leonardo - Chapecoense - Brasil B,Bruno Leonardo - Chapecoense - Brasil A,2314,1378,28.0,14.0,0,0,900,426,0,0,1,0,0.7261,0.084,-0.642,74.0,54.8,30.0,30.0,0.0,0.0,medida (111 pares),referência,29.0,30.0,1.0,0,0,0.0066,0.0,-0.6486,0.3664,-0.2824,única; único,única; único,72,53,0,10.93,9.6,44.44,42.45,-1.99,4.04,3.4,52.08,50.0,-2.08,0.16,0.07,41.67,21.7,-19.97,0.08,0.0,89.58,28.3,-61.28,0.27,0.13,29.86,10.38,-19.48,4.43,4.38,2.08,17.92,15.84,26.53,25.73,47.92,36.79,-11.13,0.35,0.26,28.47,7.55,-20.92,0.04,0.02,43.75,24.53,-19.22,0.0,0.0,18.75,25.47,6.72,38.54,37.49,35.42,33.02,-2.4,8.13,6.86,72.92,38.68,-34.24,88.4,90.77,68.06,76.42,8.36,55.16,63.27,7.64,78.3,70.66,57.69,61.54,32.64,53.77,21.13,57.84,54.72,9.03,17.92,8.89,50.0,100.0,34.72,84.91,50.19,14.29,0.0,15.28,15.09,-0.19,0.0,0.0,22.92,29.25,6.33,50.0,100.0,77.08,99.06,21.98,56.14,65.67,4.86,25.47,20.61,57.14,69.57,15.97,40.57,24.6,22,1
J08-0567,Rodrigo Sam,rodrigo sam,ZAG,ZAG,0,Zagueiro - Direita,Zagueiro - Esquerda,Brasil B,Brasil A,A,1,2023,2023,2024,2024,1,2024,Mirassol,Juventude,Rodrigo Sam - Mirassol - Brasil B,Rodrigo Sam - Juventude - Brasil A,1630,921,23.0,13.0,0,0,900,900,0,0,0,0,-0.5379,0.2868,0.825,27.8,63.0,28.0,30.0,2.0,0.0,medida (60 pares),medida (113 pares),27.0,28.0,1.0,0,0,-0.0776,-0.1237,0.9026,-0.0632,0.35,única; único,única; único,70,73,0,16.9,14.95,97.86,93.84,-4.02,5.74,4.2,85.0,60.96,-24.04,0.99,0.1,95.0,17.12,-77.88,0.22,0.2,85.71,89.73,4.02,0.33,0.2,35.71,12.33,-23.38,4.36,4.4,4.29,2.05,-2.24,30.04,25.9,63.57,34.93,-28.64,0.44,0.78,27.86,95.21,67.35,0.04,0.03,43.57,28.77,-14.8,0.0,0.1,22.86,80.14,57.28,44.67,38.6,70.71,32.19,-38.52,8.39,9.87,62.86,95.21,32.35,92.83,89.11,99.29,52.74,-46.55,63.07,62.09,67.86,58.22,-9.64,68.27,76.74,85.0,99.32,14.32,61.29,67.65,20.71,45.89,25.18,77.78,0.0,71.43,3.42,-68.01,0.0,50.0,10.0,81.51,71.51,0.0,50.0,31.43,98.63,67.2,100.0,0.0,97.14,17.81,-79.33,70.89,57.78,55.0,3.42,-51.58,74.07,56.52,87.86,4.79,-83.07,22,1
J08-0568,Rodrigo Sam,rodrigo sam,ZAG,ZAG,0,Zagueiro - Direita,Zagueiro - Direita,Brasil A,Brasil B,B,1,2025,2025,jun26,2026,1,2026,Juventude,Juventude,Rodrigo Sam - Juventude - Brasil A,Rodrigo Sam - Juventude - Brasil B,1632,973,18.0,10.0,0,0,900,284,0,0,1,0,-0.1317,-0.1164,0.015,41.4,43.2,30.0,30.0,0.0,0.0,medida (156 pares),referência,29.0,30.0,1.0,0,0,0.0066,0.0,0.0084,0.0748,-0.1912,única; único,única; único,74,67,0,13.84,13.41,89.86,91.79,1.93,4.08,2.87,68.24,22.39,-45.85,0.33,0.09,75.68,38.81,-36.87,0.0,0.18,29.05,94.78,65.73,0.5,0.28,69.59,44.03,-25.56,3.97,7.31,0.68,50.0,49.32,21.84,33.02,14.19,78.36,64.17,0.61,1.11,63.51,93.28,29.77,0.06,0.0,62.16,5.97,-56.19,0.0,0.0,24.32,38.06,13.74,35.07,47.64,19.59,81.34,61.75,8.77,8.23,87.16,78.36,-8.8,89.78,88.54,61.49,60.45,-1.04,58.57,63.45,41.22,70.9,29.68,62.16,64.52,69.59,64.93,-4.66,57.14,62.5,11.49,44.03,32.54,83.33,100.0,72.3,86.57,14.27,44.44,0.0,78.38,22.39,-55.99,11.111,0.0,67.57,44.03,-23.54,0.0,0.0,20.95,35.82,14.87,62.5,67.09,11.49,32.09,20.6,56.52,61.54,3.38,23.13,19.75,22,1
J08-0569,Afonso,afonso,ZAG,ZAG,0,Zagueiro - Direita,Zagueiro - Direita,Brasil B,Brasil C,C,1,2023,2023,2024,2024,1,2024,ABC,Confiança,Afonso - ABC - Brasil B,Afonso - Confiança - Brasil C,1550,502,16.0,7.0,1,0,900,592,1,0,0,0,-1.3909,0.0,1.391,2.8,51.1,29.0,32.0,2.0,0.0,medida (60 pares),medida (53 pares),28.0,30.0,2.0,1,0,-0.071,-0.1272,1.462,-0.3532,0.3532,única; único,única; único,70,57,0,12.72,11.29,62.14,42.11,-20.03,3.72,3.94,19.29,28.07,8.78,0.23,0.0,35.0,8.77,-26.23,0.0,0.0,13.57,34.21,20.64,0.17,0.54,10.71,85.96,75.25,4.94,8.07,10.71,61.4,50.69,20.15,38.55,10.71,98.25,87.54,0.23,0.54,7.86,71.05,63.19,0.02,0.04,16.43,61.4,44.97,0.0,0.0,22.86,28.95,6.09,32.57,52.35,9.29,96.49,87.2,7.37,8.78,37.86,77.19,39.33,89.48,83.9,76.43,33.33,-43.1,57.53,63.49,25.0,71.93,46.93,62.5,72.73,59.29,93.86,34.57,62.75,65.38,25.0,43.86,18.86,25.0,0.0,10.71,13.16,2.45,33.33,0.0,62.86,19.3,-43.56,0.0,0.0,31.43,34.21,2.78,100.0,0.0,97.14,24.56,-72.58,69.41,48.89,45.0,1.75,-43.25,75.47,45.95,90.71,10.53,-80.18,22,1
J08-0570,Lucas Dias,lucas dias,ZAG,ZAG,0,Zagueiro - Direita,Zagueiro - Direita,Brasil B,Brasil C,C,1,2024,2024,2025,2025,1,2025,Botafogo SP,Figueirense,Lucas Dias - Botafogo SP - Brasil B,Lucas Dias - Figueirense - Brasil C,1386,1817,15.0,18.0,0,0,900,616,0,0,0,0,0.6604,-0.1394,-0.8,78.4,40.4,30.0,30.0,0.0,0.0,medida (76 pares),medida (70 pares),28.0,29.0,1.0,0,0,-0.0776,0.0,-0.7224,0.3441,-0.4835,única; único,única; único,69,52,0,13.25,12.63,74.64,56.73,-17.91,4.48,5.35,58.7,79.81,21.11,0.32,0.35,68.84,78.85,10.01,0.0,0.05,18.84,71.15,52.31,0.45,0.74,71.01,91.35,20.34,6.75,6.54,42.75,35.58,-7.17,22.4,18.38,23.91,25.96,2.05,0.91,1.14,95.65,97.12,1.47,0.03,0.15,27.54,97.12,69.58,0.0,0.05,28.99,59.62,30.63,35.52,32.74,25.36,35.58,10.22,9.55,9.06,86.23,68.27,-17.96,81.72,76.85,6.52,12.5,5.98,55.88,58.04,13.77,25.96,12.19,43.48,50.93,3.62,12.5,8.88,64.37,66.32,32.61,33.65,1.04,80.0,71.43,76.09,48.08,-28.01,14.29,33.33,16.67,63.46,46.79,14.286,20.0,62.32,83.65,21.33,0.0,50.0,23.19,80.77,57.58,62.5,57.58,19.57,10.58,-8.99,55.71,42.2,15.22,2.88,-12.34,22,1
J08-0571,Saimon,saimon,ZAG,ZAG,0,Zagueiro - Direita,Zagueiro - Esquerda,Brasil B,Brasil C,C,1,2024,2024,2025,2025,1,2025,CRB,Ponte Preta,Saimon - CRB - Brasil B,Saimon - Ponte Preta - Brasil C,2271,1103,23.0,12.0,0,0,900,616,0,0,0,0,0.1379,-1.7752,-1.913,58.8,15.0,35.0,35.0,0.0,0.0,medida (76 pares),medida (70 pares),33.0,34.0,1.0,0,0,-0.238,0.0,-1.675,0.1665,-1.9417,única; único,única; único,69,52,0,12.96,10.93,65.94,31.73,-34.21,5.19,4.24,80.43,35.58,-44.85,0.2,0.0,37.68,6.73,-30.95,0.04,0.0,47.83,33.65,-14.18,0.2,0.33,18.84,27.88,9.04,11.45,6.45,99.28,31.73,-67.55,31.27,19.66,63.04,35.58,-27.46,0.36,0.49,28.26,52.88,24.62,0.04,0.04,46.38,41.35,-5.03,0.0,0.0,28.99,25.0,-3.99,46.57,30.6,73.19,25.96,-47.23,6.94,7.1,29.71,24.04,-5.67,83.49,80.53,12.32,25.96,13.64,57.19,56.72,21.01,18.27,-2.74,57.25,53.85,29.71,20.19,-9.52,57.26,49.06,6.52,0.96,-5.56,100.0,0.0,93.48,10.58,-82.9,40.0,0.0,63.77,8.65,-55.12,40.0,0.0,97.83,25.96,-71.87,50.0,0.0,73.19,30.77,-42.42,76.47,62.03,84.06,20.19,-63.87,65.38,48.78,44.2,8.65,-35.55,22,1
J08-0572,Luiz Gustavo,luiz gustavo,ZAG,ZAG,0,Zagueiro - Esquerda,Zagueiro - Direita,Brasil B,Brasil C,C,1,2024,2024,2025,2025,1,2025,Ituano,Ituano,Luiz Gustavo - Ituano - Brasil B,Luiz Gustavo - Ituano - Brasil C,622,561,7.0,6.0,1,1,900,616,1,1,0,0,-0.6745,-0.1539,0.521,23.1,36.2,32.0,32.0,0.0,0.0,medida (76 pares),medida (70 pares),30.0,31.0,1.0,0,0,0.0066,0.0,0.5144,-0.1097,-0.0442,única; único,homônimo resolvido por qz+minutos; homônimo resolvido pelo clube,69,52,0,11.43,11.23,55.07,34.62,-20.45,3.18,3.69,21.01,17.31,-3.7,0.43,0.16,84.78,45.19,-39.59,0.0,0.0,18.84,33.65,14.81,0.0,0.48,0.72,64.42,63.7,6.51,5.94,36.23,21.15,-15.08,22.57,18.13,27.54,25.0,-2.54,0.58,0.32,71.01,22.12,-48.89,0.0,0.05,2.17,51.92,49.75,0.0,0.0,28.99,25.0,-3.99,35.74,33.21,26.09,36.54,10.45,8.54,10.27,67.39,88.46,21.07,85.02,84.06,21.74,46.15,24.41,49.37,55.71,0.0,13.46,13.46,50.0,47.83,10.14,9.62,-0.52,51.72,61.54,0.0,17.31,17.31,66.67,100.0,52.17,80.77,28.6,0.0,33.33,5.07,63.46,58.39,0.0,0.0,20.29,25.96,5.67,0.0,0.0,23.19,30.77,7.58,48.89,70.27,2.9,57.69,54.79,59.09,56.67,23.19,32.69,9.5,22,1
J08-0573,Ícaro,icaro,ZAG,ZAG,0,Zagueiro - Direita,Zagueiro - Direita,Brasil B,Brasil C,C,1,2023,2023,2024,2024,1,2024,Sampaio Corrêa,Floresta EC,Ícaro - Sampaio Corrêa - Brasil B,Ícaro - Floresta EC - Brasil C,998,1122,10.0,12.0,0,0,900,592,0,0,0,0,-0.1578,0.9277,1.085,41.7,78.7,30.0,32.0,2.0,0.0,medida (60 pares),medida (53 pares),29.0,30.0,1.0,0,0,0.0066,-0.0559,1.0784,0.066,0.8617,única; único,única; único,70,57,0,9.38,9.47,10.71,14.91,4.2,2.89,4.25,3.57,41.23,37.66,0.09,0.0,7.86,8.77,0.91,0.09,0.0,57.14,34.21,-22.93,0.18,0.8,12.86,99.12,86.26,8.57,9.71,80.71,85.09,4.38,28.59,28.56,53.57,74.56,20.99,0.09,0.64,2.86,79.82,76.96,0.01,0.21,6.43,99.12,92.69,0.18,0.08,97.86,71.93,-25.93,42.93,43.32,57.86,79.82,21.96,8.39,6.98,62.86,21.93,-40.93,89.5,87.41,77.86,72.81,-5.05,59.62,60.17,42.14,34.21,-7.93,53.13,60.38,16.43,41.23,24.8,63.04,65.31,26.43,42.11,15.68,0.0,0.0,4.29,13.16,8.87,0.0,10.0,10.0,39.47,29.47,0.0,10.0,31.43,71.93,40.5,0.0,0.0,28.57,24.56,-4.01,77.89,79.34,86.43,90.35,3.92,68.97,69.33,65.71,72.81,7.1,22,1
J08-0574,Éverton Alemão,everton alemao,ZAG,ZAG,0,Zagueiro - Direita,Zagueiro - Direita,Brasil C,Brasil B,B,1,2023,2023,2024,2024,1,2024,Brusque,Brusque,Éverton Alemão - Brusque - Brasil C,Éverton Alemão - Brusque - Brasil B,2203,1675,22.0,21.0,0,0,545,900,0,0,0,0,-0.1064,-0.4975,-0.391,37.5,35.3,30.0,33.0,3.0,0.0,medida (23 pares),medida (76 pares),30.0,31.0,1.0,0,0,0.0066,-0.0405,-0.3976,0.0834,-0.5809,única; único,única; único,56,69,0,12.05,13.7,45.54,83.33,37.79,4.69,4.57,61.61,61.59,-0.02,0.64,0.38,80.36,75.36,-5.0,0.09,0.05,71.43,55.07,-16.36,0.47,0.16,75.0,10.14,-64.86,5.88,6.34,25.89,32.61,6.72,25.3,21.01,56.25,19.57,-36.68,0.47,0.21,50.0,5.07,-44.93,0.08,0.06,91.07,68.84,-22.23,0.04,0.0,68.75,28.99,-39.76,40.38,33.74,63.39,16.67,-46.72,9.54,10.64,91.96,99.28,7.32,87.03,85.35,65.18,28.26,-36.92,64.66,65.49,72.32,78.99,6.67,62.73,62.35,50.89,47.1,-3.79,73.53,75.41,88.39,89.13,0.74,86.67,42.86,67.86,18.12,-49.74,27.27,66.67,46.43,92.03,45.6,18.182,0.0,75.89,20.29,-55.6,0.0,0.0,30.36,23.19,-7.17,67.39,61.86,43.75,16.67,-27.08,58.02,63.33,43.75,36.96,-6.79,22,1
J08-0575,Éverton Alemão,everton alemao,ZAG,ZAG,0,Zagueiro - Direita,Zagueiro - Direita,Brasil B,Brasil C,C,1,2024,2024,2025,2025,1,2025,Brusque,Brusque,Éverton Alemão - Brusque - Brasil B,Éverton Alemão - Brusque - Brasil C,1675,2129,21.0,21.0,0,0,900,616,0,0,0,0,-0.4975,-2.3111,-1.814,35.3,4.3,33.0,33.0,0.0,0.0,medida (76 pares),medida (70 pares),31.0,32.0,1.0,0,0,-0.0748,0.0,-1.7392,-0.0495,-2.2616,única; único,única; único,69,52,0,13.7,8.67,83.33,2.88,-80.45,4.57,4.06,61.59,25.0,-36.59,0.38,0.3,75.36,70.19,-5.17,0.05,0.08,55.07,82.69,27.62,0.16,0.34,10.14,31.73,21.59,6.34,7.36,32.61,64.42,31.81,21.01,19.07,19.57,29.81,10.24,0.21,0.38,5.07,35.58,30.51,0.06,0.06,68.84,58.65,-10.19,0.0,0.04,28.99,54.81,25.82,33.74,31.87,16.67,29.81,13.14,10.64,5.75,99.28,2.88,-96.4,85.35,83.02,28.26,37.5,9.24,65.49,66.83,78.99,85.58,6.59,62.35,68.75,47.1,77.88,30.78,75.41,74.24,89.13,83.65,-5.48,42.86,71.43,18.12,48.08,29.96,66.67,12.5,92.03,22.12,-69.91,0.0,12.5,20.29,64.42,44.13,0.0,0.0,23.19,30.77,7.58,61.86,64.37,16.67,33.65,16.98,63.33,62.73,36.96,52.88,15.92,22,1
J08-0576,Matheus Salustiano,matheus salustiano,ZAG,ZAG,0,Zagueiro - Direita,Zagueiro - Esquerda,Brasil C,Brasil B,B,1,2023,2023,2024,2024,1,2024,São Bernardo FC,Guarani,Matheus Salustiano - São Bernardo FC - Brasil C,Matheus Salustiano - Guarani - Brasil B,2008,2588,20.0,26.0,0,0,545,900,0,0,0,0,-1.2379,-1.5173,-0.279,9.4,2.6,30.0,33.0,3.0,0.0,medida (23 pares),medida (76 pares),30.0,31.0,1.0,0,0,0.0066,-0.0405,-0.2856,-0.3012,-1.2161,única; único,única; único,56,69,0,11.97,13.18,43.75,71.01,27.26,3.85,4.66,33.93,64.49,30.56,0.19,0.28,33.04,57.25,24.21,0.09,0.03,71.43,40.58,-30.85,0.28,0.24,37.5,31.88,-5.62,5.54,5.53,18.75,19.57,0.82,21.02,20.97,34.82,18.12,-16.7,0.28,0.35,19.64,24.64,5.0,0.02,0.03,20.54,27.54,7.0,0.0,0.0,33.93,28.99,-4.94,34.44,33.87,33.04,18.12,-14.92,9.2,8.69,86.61,71.74,-14.87,83.79,85.83,33.04,34.06,1.02,63.92,63.85,65.18,67.39,2.21,68.29,58.96,74.11,36.96,-37.15,71.82,71.52,84.82,73.19,-11.63,75.0,62.5,49.11,42.03,-7.08,33.33,42.86,57.14,68.12,10.98,0.0,28.571,27.68,89.86,62.18,0.0,0.0,30.36,23.19,-7.17,61.02,57.86,16.96,9.42,-7.54,53.52,66.23,22.32,48.55,26.23,22,1
J08-0577,Matheus Salustiano,matheus salustiano,ZAG,ZAG,0,Zagueiro - Esquerda,Zagueiro - Esquerda,Brasil B,Brasil C,C,1,2024,2024,2025,2025,1,2025,Guarani,São Bernardo FC,Matheus Salustiano - Guarani - Brasil B,Matheus Salustiano - São Bernardo FC - Brasil C,2588,796,26.0,10.0,1,0,900,616,0,0,0,0,-1.5173,-0.1964,1.321,2.6,42.5,33.0,33.0,0.0,0.0,medida (76 pares),medida (70 pares),31.0,32.0,1.0,0,0,-0.0748,0.0,1.3958,-0.3961,0.1997,única; único,única; único,69,52,0,13.18,11.42,71.01,35.58,-35.43,4.66,5.31,64.49,75.96,11.47,0.28,0.34,57.25,75.96,18.71,0.03,0.11,40.58,90.38,49.8,0.24,0.34,31.88,31.73,-0.15,5.53,8.03,19.57,75.96,56.39,20.97,37.42,18.12,95.19,77.07,0.35,0.34,24.64,26.92,2.28,0.03,0.04,27.54,41.35,13.81,0.0,0.0,28.99,25.0,-3.99,33.87,52.58,18.12,95.19,77.07,8.69,7.46,71.74,29.81,-41.93,85.83,88.6,34.06,83.65,49.59,63.85,62.38,67.39,41.35,-26.04,58.96,70.21,36.96,85.58,48.62,71.52,62.86,73.19,20.19,-53.0,62.5,33.33,42.03,31.73,-10.3,42.86,33.33,68.12,63.46,-4.66,28.571,0.0,89.86,25.96,-63.9,0.0,0.0,23.19,30.77,7.58,57.86,64.79,9.42,35.58,26.16,66.23,73.17,48.55,83.65,35.1,22,1
J08-0578,Marcelo,marcelo,ZAG,ZAG,0,Zagueiro - Esquerda,Zagueiro - Direita,Emirados,Brasil C,C,0,2024,2024,2025,2025,1,2025,Moreirense,Botafogo PB,Marcelo - Moreirense - Emirados,Marcelo - Botafogo PB - Brasil C,810,834,8.0,10.0,1,1,545,616,0,0,0,0,0.7661,-0.7377,-1.504,84.4,25.5,34.0,33.0,2.0,0.0,medida (67 pares),medida (70 pares),34.0,32.0,-2.0,-3,1,0.3128,0.169,-1.8168,0.38,-1.1177,única; único,única; homônimo resolvido pelo clube,51,52,0,14.78,13.6,95.1,68.27,-26.83,5.56,5.29,95.1,74.04,-21.06,0.11,0.0,15.69,6.73,-8.96,0.22,0.0,89.22,33.65,-55.57,0.78,0.54,96.08,74.04,-22.04,6.78,7.34,42.16,62.5,20.34,16.11,25.14,6.86,54.81,47.95,1.11,0.54,95.1,62.5,-32.6,0.11,0.07,93.14,71.15,-21.99,0.11,0.11,76.47,76.92,0.45,30.67,37.99,18.63,56.73,38.1,8.89,10.04,75.49,85.58,10.09,81.16,83.52,8.82,43.27,34.45,60.15,62.7,59.8,47.12,-12.68,50.0,59.18,43.14,43.27,0.13,68.0,72.73,63.73,71.15,7.42,100.0,0.0,91.18,10.58,-80.6,14.29,20.0,42.16,39.42,-2.74,0.0,0.0,34.31,25.96,-8.35,0.0,66.67,25.49,96.15,70.66,63.93,67.65,22.55,49.04,26.49,56.52,70.91,14.71,75.96,61.25,22,0
J08-0579,Hélder Maciel,helder maciel,ZAG,ZAG,0,Zagueiro - Direita,Zagueiro - Direita,Brasil C,Brasil B,B,1,2025,2025,jun26,2026,1,2026,São Bernardo FC,São Bernardo FC,Hélder Maciel - São Bernardo FC - Brasil C,Hélder Maciel - São Bernardo FC - Brasil B,1992,535,20.0,6.0,1,0,616,284,0,0,1,0,-0.1358,0.6745,0.81,42.6,70.3,36.0,36.0,0.0,0.0,medida (70 pares),referência,35.0,36.0,1.0,0,0,-0.0388,0.0,0.8488,0.0734,0.6011,única; único,única; único,52,67,0,10.26,11.1,16.35,58.96,42.61,4.25,3.7,37.5,51.49,13.99,0.27,0.17,67.31,50.75,-16.56,0.05,0.0,71.15,41.79,-29.36,0.63,0.34,81.73,51.49,-30.24,6.78,7.74,37.5,61.94,24.44,39.76,28.09,97.12,54.48,-42.64,1.08,0.84,92.31,81.34,-10.97,0.07,0.04,71.15,50.0,-21.15,0.14,0.17,88.46,90.3,1.84,56.07,44.92,97.12,72.39,-24.73,6.28,8.07,6.73,69.4,62.67,94.04,94.01,99.04,97.76,-1.28,65.64,62.12,74.04,64.93,-9.11,69.15,54.55,79.81,28.36,-51.45,76.56,65.22,93.27,54.48,-38.79,83.33,0.0,56.73,23.88,-32.85,14.29,50.0,24.04,73.88,49.84,0.0,0.0,25.96,44.03,18.07,37.5,0.0,70.19,35.82,-34.37,81.33,80.43,99.04,94.78,-4.26,83.02,90.0,99.04,98.51,-0.53,22,1
J08-0580,Allan Godói,allan godoi,ZAG,ZAG,0,Zagueiro - Direita,Zagueiro - Direita,Brasil C,Brasil B,B,1,2023,2023,2024,2024,1,2024,Operário PR,Operário PR,Allan Godói - Operário PR - Brasil C,Allan Godói - Operário PR - Brasil B,1083,855,12.0,10.0,1,0,545,900,1,0,0,0,-1.4234,-0.9978,0.426,6.2,21.6,30.0,33.0,3.0,0.0,medida (23 pares),medida (76 pares),30.0,31.0,1.0,0,0,0.0066,-0.0405,0.4194,-0.3642,-0.6336,única; único,única; único,56,69,0,13.65,14.84,72.32,91.3,18.98,3.29,4.32,16.96,56.52,39.56,2.69,0.63,99.11,94.2,-4.91,0.4,0.53,97.32,98.55,1.23,0.1,0.0,8.04,0.72,-7.32,5.38,6.84,11.61,46.38,34.77,21.03,22.84,36.61,31.88,-4.73,0.4,0.32,34.82,18.84,-15.98,0.0,0.0,2.68,2.17,-0.51,0.0,0.0,33.93,28.99,-4.94,34.29,37.89,31.25,39.13,7.88,7.97,7.79,50.89,50.72,-0.17,85.76,83.89,49.11,13.04,-36.07,67.15,65.25,90.18,76.81,-13.37,72.73,58.54,90.18,34.78,-55.4,77.78,89.13,95.54,100.0,4.46,74.07,83.33,45.54,84.06,38.52,100.0,0.0,97.32,5.07,-92.25,0.0,0.0,27.68,20.29,-7.39,100.0,50.0,91.07,73.19,-17.88,44.44,64.62,0.89,26.09,25.2,52.0,58.14,18.75,20.29,1.54,22,1
J08-0581,Eduardo,eduardo,ZAG,ZAG,0,Zagueiro - Direita,Zagueiro - Direita,Coreia B,Brasil C,C,0,2025,2025,jun26,2026,1,2026,Ansan Greeners,Floresta EC,Eduardo - Ansan Greeners - Coreia B,Eduardo - Floresta EC - Brasil C,821,532,17.0,6.0,1,1,900,213,0,1,1,0,-0.2652,-0.0935,0.172,40.0,46.7,23.0,23.0,0.0,0.0,medida (111 pares),referência,22.0,23.0,1.0,0,0,0.0509,0.0,0.1211,0.0295,-0.123,única; único,única; único,67,63,0,13.15,9.81,80.6,21.43,-59.17,3.4,4.4,38.06,50.0,11.94,1.1,0.0,97.01,18.25,-78.76,0.11,0.0,88.06,38.1,-49.96,0.66,0.0,94.03,6.35,-87.68,7.13,5.92,35.82,24.6,-11.22,25.32,20.47,8.96,30.95,21.99,0.66,0.0,83.58,4.76,-78.82,0.06,0.0,74.63,9.52,-65.11,0.22,0.0,94.03,35.71,-58.32,37.71,32.65,8.96,29.37,20.41,8.77,7.11,85.07,40.48,-44.59,77.33,86.01,0.0,56.35,56.35,60.0,56.9,67.91,26.98,-40.93,64.52,57.69,92.54,45.24,-47.3,58.14,62.5,10.45,39.68,29.23,80.0,0.0,72.39,24.6,-47.79,33.33,0.0,55.97,26.98,-28.99,16.667,0.0,79.85,43.65,-36.2,25.0,0.0,30.6,38.1,7.5,46.15,60.0,0.0,23.02,23.02,41.67,62.5,0.0,43.65,43.65,22,1
J08-0582,Jonathan Costa,jonathan costa,ZAG,ZAG,0,Zagueiro - Direita,Zagueiro - Direita,Brasil C,Brasil B,B,1,2023,2023,2024,2024,1,2024,Operário PR,Avaí,Jonathan Costa - Operário PR - Brasil C,Jonathan Costa - Avaí - Brasil B,786,1090,9.0,13.0,0,1,545,900,0,0,0,0,1.6148,0.1651,-1.45,93.8,60.8,28.0,31.0,3.0,0.0,medida (23 pares),medida (76 pares),28.0,29.0,1.0,0,0,-0.0776,-0.195,-1.3724,0.6685,-0.5034,única; único,única; único,56,69,0,16.15,12.55,91.96,61.59,-30.37,6.07,3.8,95.54,36.23,-59.31,1.37,0.83,94.64,94.93,0.29,0.46,0.08,99.11,71.74,-27.37,0.69,0.5,91.07,81.16,-9.91,6.41,7.84,34.82,57.25,22.43,36.18,32.45,99.11,73.19,-25.92,0.69,0.74,86.61,84.78,-1.83,0.06,0.09,72.32,86.23,13.91,0.0,0.0,33.93,28.99,-4.94,50.27,47.72,93.75,81.88,-11.87,6.53,9.33,16.96,84.78,67.82,93.17,87.54,99.11,55.8,-43.31,67.38,63.16,91.96,58.7,-33.26,73.58,60.87,91.96,42.75,-49.21,69.44,70.69,65.18,64.49,-0.69,75.0,70.0,49.11,58.7,9.59,50.0,50.0,75.0,76.81,1.81,16.667,16.667,70.54,71.01,0.47,0.0,0.0,30.36,23.19,-7.17,76.79,68.42,86.61,38.41,-48.2,82.5,76.74,97.32,94.93,-2.39,22,1
J08-0583,Jonathan Costa,jonathan costa,ZAG,ZAG,0,Zagueiro - Direita,Zagueiro - Esquerda,Brasil B,Brasil C,C,1,2025,2025,jun26,2026,1,2026,Avaí,Guarani,Jonathan Costa - Avaí - Brasil B,Jonathan Costa - Guarani - Brasil C,2758,805,30.0,8.0,1,0,900,213,0,0,1,0,1.9933,2.7221,0.729,96.0,100.0,31.0,31.0,0.0,0.0,medida (111 pares),referência,30.0,31.0,1.0,0,0,0.0066,0.0,0.7224,0.7971,1.925,única; único,única; único,72,63,0,13.02,13.98,82.64,80.16,-2.48,4.41,4.47,67.36,56.35,-11.01,0.42,0.45,86.81,84.13,-2.68,0.0,0.11,34.03,79.37,45.34,0.42,1.23,60.42,91.27,30.85,7.99,9.28,65.97,83.33,17.36,31.26,37.01,77.08,92.86,15.78,0.59,1.34,71.53,92.86,21.33,0.05,0.14,59.72,96.03,36.31,0.0,0.11,18.75,76.19,57.44,46.21,53.55,81.25,94.44,13.19,8.84,7.83,85.42,54.76,-30.66,90.4,92.07,90.97,94.44,3.47,60.65,68.8,46.53,91.27,44.74,51.11,55.0,13.19,35.71,22.52,72.6,75.0,86.81,86.51,-0.3,53.85,100.0,39.58,84.92,45.34,23.08,45.45,33.33,80.16,46.83,7.692,18.182,56.94,91.27,34.33,33.33,0.0,58.33,38.1,-20.23,71.02,79.52,60.42,89.68,29.26,80.45,87.5,95.14,99.21,4.07,22,1
J08-0584,A. Saldivia,a saldivia,ZAG,ZAG,0,Zagueiro - Direita,Zagueiro - Direita,Chile,Brasil A,A,0,2025,2025,jun26,2026,1,2026,Colo Colo,Vasco da Gama,A. Saldivia - Colo Colo - Chile,A. Saldivia - Vasco da Gama - Brasil A,1782,1027,19.0,10.0,0,0,711,426,0,0,1,0,3.2244,-0.0465,-3.271,100.0,45.2,24.0,24.0,0.0,0.0,medida (138 pares),referência,23.0,24.0,1.0,0,0,0.0152,0.0,-3.2862,1.2156,-1.2621,única; único,única; único,54,53,0,15.81,13.41,87.96,93.4,5.44,4.34,3.77,56.48,68.87,12.39,0.71,0.18,91.67,57.55,-34.12,0.2,0.18,95.37,93.4,-1.97,0.81,0.53,97.22,65.09,-32.13,8.94,7.8,84.26,57.55,-26.71,40.2,29.09,99.07,55.66,-43.41,0.91,0.44,87.96,39.62,-48.34,0.06,0.06,65.74,72.64,6.9,0.1,0.0,84.26,25.47,-58.79,56.67,42.15,99.07,63.21,-35.86,8.79,7.71,45.37,69.81,24.44,89.84,85.65,95.37,25.47,-69.9,58.79,61.44,23.15,55.66,32.51,59.3,67.44,65.74,76.42,10.68,72.8,55.74,45.37,19.81,-25.56,35.71,100.0,19.44,84.91,65.47,18.75,16.67,23.15,34.91,11.76,0.0,0.0,26.85,29.25,2.4,50.0,0.0,77.78,23.58,-54.2,75.71,70.79,84.26,53.77,-30.49,75.93,75.9,88.89,68.87,-20.02,22,1
J08-0585,L. Haquín,l haquin,ZAG,ZAG,0,Zagueiro - Direita,Zagueiro - Direita,Colombia A,Brasil B,B,0,2023,2023,2024,2024,1,2024,Deportivo Cali,Ponte Preta,L. Haquín - Deportivo Cali - Colombia A,L. Haquín - Ponte Preta - Brasil B,1460,603,15.0,7.0,1,0,900,900,1,0,0,0,-0.4769,-0.2884,0.189,38.1,45.1,26.0,28.0,3.0,0.0,medida (68 pares),medida (76 pares),26.0,26.0,0.0,-1,0,0.0,-0.0653,0.189,-0.0425,-0.2459,única; único,única; único,79,69,0,12.27,10.45,50.0,42.03,-7.97,4.75,2.09,83.54,2.9,-80.64,0.25,0.6,35.44,92.03,56.59,0.0,0.0,13.92,18.84,4.92,0.43,0.15,48.73,8.7,-40.03,5.73,8.21,22.15,63.77,41.62,16.27,31.19,15.82,62.32,46.5,0.74,0.45,74.68,48.55,-26.13,0.05,0.01,54.43,7.25,-47.18,0.06,0.0,74.05,28.99,-45.06,28.66,41.79,23.42,56.52,33.1,7.64,9.1,19.62,79.71,60.09,87.96,87.14,82.91,52.17,-30.74,55.28,71.43,14.56,98.55,83.99,55.84,57.14,46.2,28.26,-17.94,57.78,76.19,6.96,91.3,84.34,50.0,100.0,18.99,93.48,74.49,42.86,0.0,85.44,5.07,-80.37,0.0,0.0,24.05,20.29,-3.76,100.0,0.0,91.77,23.19,-68.58,69.89,76.36,55.06,82.61,27.55,68.09,64.29,79.11,39.13,-39.98,22,1
J08-0586,C. Terán,c teran,ZAG,ZAG,0,Zagueiro - Direita,Zagueiro - Direita,EUA,Brasil B,B,0,2024,2024,2025,2025,1,2025,Chicago Fire,Athletico Paranaense,C. Terán - Chicago Fire - EUA,C. Terán - Athletico Paranaense - Brasil B,1355,837,18.0,10.0,1,0,900,900,1,0,0,0,2.2429,-0.4938,-2.737,90.0,32.0,25.0,25.0,0.0,0.0,medida (132 pares),medida (111 pares),23.0,24.0,1.0,0,0,0.0152,0.0,-2.7522,0.882,-1.3758,única; único,única; único,109,72,0,15.87,8.28,93.12,8.33,-84.79,4.18,2.69,78.9,5.56,-73.34,0.4,0.22,69.72,56.94,-12.78,0.0,0.0,20.64,34.03,13.39,0.46,0.32,83.94,42.36,-41.58,7.7,7.85,69.27,62.5,-6.77,39.19,27.85,76.61,54.17,-22.44,0.8,0.0,85.32,0.69,-84.63,0.07,0.01,85.32,6.25,-79.07,0.27,0.0,98.17,18.75,-79.42,55.33,41.83,85.78,56.94,-28.84,9.17,5.48,76.61,0.0,-76.61,87.52,84.83,35.32,27.78,-7.54,56.49,61.04,25.23,53.47,28.24,57.14,52.0,60.55,13.89,-46.66,61.9,64.52,18.81,36.11,17.3,83.33,100.0,78.9,88.19,9.29,42.86,0.0,71.56,3.47,-68.09,14.286,0.0,73.85,22.92,-50.93,33.33,100.0,66.97,94.44,27.47,66.38,68.49,39.91,47.22,7.31,56.79,60.38,10.55,20.83,10.28,22,1
J08-0587,C. Terán,c teran,ZAG,ZAG,0,Zagueiro - Direita,Zagueiro - Direita,Brasil B,Brasil A,A,1,2025,2025,jun26,2026,1,2026,Athletico Paranaense,Athletico Paranaense,C. Terán - Athletico Paranaense - Brasil B,C. Terán - Athletico Paranaense - Brasil A,837,882,10.0,12.0,1,1,900,426,0,1,1,0,-0.4938,-1.0889,-0.595,32.0,19.4,25.0,25.0,0.0,0.0,medida (111 pares),referência,24.0,25.0,1.0,0,0,0.0152,0.0,-0.6102,-0.0482,-1.0407,única; único,única; único,72,53,0,8.28,10.51,8.33,67.92,59.59,2.69,3.06,5.56,38.68,33.12,0.22,0.1,56.94,35.85,-21.09,0.0,0.0,34.03,28.3,-5.73,0.32,0.61,42.36,80.19,37.83,7.85,6.63,62.5,46.23,-16.27,27.85,24.59,54.17,29.25,-24.92,0.0,0.51,0.69,49.06,48.37,0.01,0.11,6.25,95.28,89.03,0.0,0.0,18.75,25.47,6.72,41.83,35.2,56.94,29.25,-27.69,5.48,5.41,0.0,2.83,2.83,84.83,80.58,27.78,4.72,-23.06,61.04,57.28,53.47,23.58,-29.89,52.0,43.33,13.89,2.83,-11.06,64.52,58.97,36.11,31.13,-4.98,100.0,100.0,88.19,84.91,-3.28,0.0,50.0,3.47,82.08,78.61,0.0,0.0,22.92,29.25,6.33,100.0,25.0,94.44,50.94,-43.5,68.49,56.92,47.22,10.38,-36.84,60.38,53.06,20.83,8.49,-12.34,22,1
J08-0588,Matheus Costa,matheus costa,ZAG,ZAG,0,Zagueiro - Direita,Zagueiro - Direita,Portugal B,Brasil B,B,0,2023,2023,2024,2024,1,2024,Marítimo,Botafogo SP,Matheus Costa - Marítimo - Portugal B,Matheus Costa - Botafogo SP - Brasil B,1218,1775,12.0,21.0,0,0,308,900,0,0,0,0,1.8781,-1.0158,-2.894,100.0,17.6,28.0,31.0,3.0,0.0,medida (31 pares),medida (76 pares),28.0,29.0,1.0,0,0,-0.0776,-0.195,-2.8164,0.758,-1.7738,única; único,única; único,48,69,0,12.93,12.83,65.62,64.49,-1.13,4.88,3.85,70.83,39.86,-30.97,0.52,0.46,73.96,86.23,12.27,0.15,0.2,66.67,92.03,25.36,1.03,0.46,98.96,73.19,-25.77,6.5,7.15,35.42,50.0,14.58,34.51,26.26,84.38,44.2,-40.18,1.26,0.81,96.88,90.58,-6.3,0.19,0.04,96.88,46.38,-50.5,0.22,0.05,92.71,81.16,-11.55,47.36,41.22,84.38,51.45,-32.93,7.32,7.55,27.08,44.2,17.12,90.64,86.96,88.54,50.0,-38.54,61.14,56.13,76.04,15.22,-60.82,71.21,56.58,96.88,25.36,-71.52,60.34,55.45,21.88,5.07,-16.81,71.43,66.67,67.71,52.17,-15.54,28.57,22.22,61.46,25.36,-36.1,14.286,0.0,70.83,20.29,-50.54,100.0,33.33,92.71,58.7,-34.01,77.27,62.41,79.17,18.12,-61.05,72.6,69.57,86.46,63.04,-23.42,22,1
J08-0589,Gustavo Marques,gustavo marques,ZAG,ZAG,0,Zagueiro - Direita,Zagueiro - Esquerda,Portugal B,Brasil A,A,0,2025,2025,jun26,2026,1,2026,Benfica II,Red Bull Bragantino,Gustavo Marques - Benfica II - Portugal B,Gustavo Marques - Red Bull Bragantino - Brasil A,3042,1559,32.0,16.0,0,0,805,426,0,0,1,0,0.2311,-1.16,-1.391,60.9,8.7,24.0,24.0,0.0,0.0,medida (99 pares),referência,23.0,24.0,1.0,0,0,0.0152,0.0,-1.4062,0.1982,-1.3582,única; único,única; único,64,53,0,12.81,8.83,66.41,25.47,-40.94,5.89,3.18,92.97,43.4,-49.57,0.06,0.12,22.66,39.62,16.96,0.0,0.0,22.66,28.3,5.64,0.5,0.58,70.31,76.42,6.11,9.17,7.22,78.91,51.89,-27.02,35.09,27.83,88.28,48.11,-40.17,0.62,0.92,60.16,85.85,25.69,0.07,0.05,71.09,66.04,-5.05,0.12,0.0,89.84,25.47,-64.37,48.64,40.93,88.28,52.83,-35.45,7.72,6.58,46.09,25.47,-20.62,87.53,88.29,78.91,50.0,-28.91,60.05,54.9,50.78,12.26,-38.52,62.81,52.73,71.09,16.04,-55.05,64.96,57.89,35.16,25.47,-9.69,100.0,50.0,89.84,50.0,-39.84,17.65,40.0,25.78,73.58,47.8,5.882,0.0,56.25,29.25,-27.0,25.0,25.0,46.09,50.94,4.85,76.13,71.2,89.84,57.55,-32.29,63.1,67.71,53.91,33.02,-20.89,22,1
J08-0590,Eurico,eurico,ZAG,ZAG,0,Zagueiro - Direita,Zagueiro - Direita,Portugal C,Brasil C,C,0,2023,2023,jun26,2026,3,2026,Anadia,Santa Cruz,Eurico - Anadia - Portugal C,Eurico - Santa Cruz - Brasil C,568,872,7.0,9.0,1,1,308,213,0,0,1,0,-0.4203,0.4528,0.873,34.3,66.7,29.0,32.0,2.0,0.0,medida (27 pares),referência,28.0,32.0,4.0,1,0,-0.1392,-0.1272,1.0122,0.1576,0.2952,única; único,única; único,58,63,0,16.16,9.39,79.31,15.08,-64.23,5.86,4.44,87.07,53.97,-33.1,0.48,0.0,62.93,18.25,-44.68,0.0,0.1,24.14,76.98,52.84,0.95,0.41,97.41,43.65,-53.76,5.23,4.85,11.21,7.14,-4.07,20.6,25.18,28.45,48.41,19.96,0.95,0.62,85.34,56.35,-28.99,0.11,0.07,89.66,73.81,-15.85,0.0,0.1,31.9,73.02,41.12,35.02,37.36,26.72,45.24,18.52,10.46,5.16,68.1,3.97,-64.13,84.16,83.43,54.31,38.89,-15.42,56.86,53.85,25.0,16.67,-8.33,59.46,58.14,57.76,48.41,-9.35,54.05,43.33,4.31,2.38,-1.93,100.0,0.0,86.21,24.6,-61.61,50.0,25.0,84.48,58.73,-25.75,0.0,0.0,36.21,43.65,7.44,0.0,50.0,31.03,88.89,57.86,54.55,57.45,9.48,16.67,7.19,59.09,42.55,35.34,7.14,-28.2,22,1
J08-0591,Y. Quintana,y quintana,ZAG,ZAG,0,Zagueiro - Direita,Zagueiro - Direita,Uruguai,Brasil B,B,0,2023,2023,2024,2024,1,2024,Defensor Sporting,Paysandu,Y. Quintana - Defensor Sporting - Uruguai,Y. Quintana - Paysandu - Brasil B,1152,2143,17.0,23.0,0,0,876,900,0,0,0,0,0.3853,0.0392,-0.346,71.1,52.9,27.0,30.0,3.0,0.0,medida (47 pares),medida (76 pares),27.0,28.0,1.0,0,0,-0.0776,-0.1761,-0.2684,0.2506,-0.2114,única; único,única; único,68,69,0,18.67,15.12,87.5,93.48,5.98,5.78,5.75,88.97,89.13,0.16,0.39,0.25,52.21,51.45,-0.76,0.23,0.04,78.68,47.83,-30.85,0.31,0.21,44.12,22.46,-21.66,13.2,8.74,94.85,73.19,-21.66,24.69,28.01,74.26,55.8,-18.46,0.63,0.38,69.12,34.78,-34.34,0.08,0.03,82.35,27.54,-54.81,0.0,0.04,22.79,71.74,48.95,44.3,42.0,80.15,57.25,-22.9,11.56,9.95,90.44,93.48,3.04,77.78,86.6,41.91,44.2,2.29,66.53,65.28,93.38,77.54,-15.84,60.81,68.61,71.32,84.78,13.46,76.42,71.33,86.03,68.84,-17.19,100.0,83.33,94.85,84.06,-10.79,50.0,20.0,75.74,23.19,-52.55,0.0,20.0,27.21,80.43,53.22,66.67,100.0,83.82,97.1,13.28,74.56,76.92,91.91,89.13,-2.78,64.52,69.77,71.32,64.49,-6.83,22,1
J08-0592,Y. Quintana,y quintana,ZAG,ZAG,0,Zagueiro - Esquerda,Zagueiro - Esquerda,Brasil B,Brasil C,C,1,2025,2025,jun26,2026,1,2026,Paysandu,Paysandu,Y. Quintana - Paysandu - Brasil B,Y. Quintana - Paysandu - Brasil C,755,251,10.0,3.0,1,1,900,213,0,1,1,0,0.0583,0.544,0.486,55.0,66.7,30.0,30.0,0.0,0.0,medida (111 pares),referência,29.0,30.0,1.0,0,0,0.0066,0.0,0.4794,0.1394,0.4046,única; único,única; único,72,63,0,11.44,11.47,59.72,45.24,-14.48,4.17,5.02,56.94,65.87,8.93,0.12,0.0,36.11,18.25,-17.86,0.0,0.0,34.03,38.1,4.07,0.36,1.08,50.0,86.51,36.51,7.75,6.81,62.5,43.65,-18.85,27.18,23.67,52.78,42.06,-10.72,0.48,1.08,53.47,85.71,32.24,0.04,0.13,43.75,93.65,49.9,0.0,0.0,18.75,35.71,16.96,40.29,40.16,48.61,61.11,12.5,9.89,4.3,100.0,0.79,-99.21,89.05,90.18,79.17,86.51,7.34,69.79,62.5,95.83,58.73,-37.1,68.57,71.43,88.89,84.92,-3.97,76.32,46.15,94.44,7.14,-87.3,100.0,0.0,88.19,24.6,-63.59,33.33,66.67,65.97,94.44,28.47,33.333,0.0,95.14,43.65,-51.49,0.0,0.0,17.36,38.1,20.74,75.38,78.95,87.5,88.1,0.6,62.86,72.73,31.94,73.81,41.87,22,1
J08-0593,T. Cardona,t cardona,ZAG,ZAG,0,Zagueiro - Esquerda,Zagueiro - Esquerda,Argentina A,Brasil A,A,0,2023,2023,2024,2024,1,2024,Defensa y Justicia,Fortaleza,T. Cardona - Defensa y Justicia - Argentina A,T. Cardona - Fortaleza - Brasil A,2705,1617,30.0,17.0,0,0,900,900,0,0,0,0,1.6346,-0.0049,-1.639,90.5,50.0,28.0,30.0,3.0,0.0,medida (91 pares),medida (113 pares),28.0,28.0,0.0,-1,0,0.0,-0.1237,-1.639,0.6752,-0.6801,única; único,única; único,97,73,0,14.44,12.58,29.38,67.81,38.43,5.92,4.51,74.74,73.29,-1.45,0.37,0.06,44.85,7.53,-37.32,0.23,0.0,81.96,20.55,-61.41,0.4,0.33,59.79,38.36,-21.43,10.95,8.91,90.21,80.14,-10.07,27.02,27.44,76.8,45.89,-30.91,0.43,0.39,32.47,27.4,-5.07,0.08,0.05,86.6,61.64,-24.96,0.03,0.06,45.88,69.86,23.98,43.92,41.13,76.8,48.63,-28.17,9.52,9.29,32.99,85.62,52.63,82.05,82.14,45.88,3.42,-42.46,63.36,59.73,67.53,44.52,-23.01,58.99,56.79,59.79,32.19,-27.6,71.7,67.96,54.12,49.32,-4.8,63.64,0.0,64.43,3.42,-61.01,50.0,50.0,89.18,81.51,-7.67,25.0,16.667,95.36,72.6,-22.76,0.0,0.0,21.13,17.81,-3.32,70.21,71.88,64.43,48.63,-15.8,64.17,58.33,60.31,6.16,-54.15,22,1
J08-0594,Bruno Melo,bruno melo,ZAG,ZAG,0,Zagueiro - Esquerda,Zagueiro - Esquerda,Brasil A,Brasil B,B,1,2023,2023,2024,2024,1,2024,Goiás,Coritiba,Bruno Melo - Goiás - Brasil A,Bruno Melo - Coritiba - Brasil B,3299,3472,33.0,35.0,0,0,900,900,0,0,0,0,1.1892,0.7682,-0.421,89.7,76.9,33.0,33.0,0.0,0.0,medida (82 pares),medida (76 pares),30.0,31.0,1.0,0,0,0.0066,0.0,-0.4276,0.5238,0.2444,única; único,única; único,74,69,0,8.84,8.32,6.08,3.62,-2.46,3.76,2.9,42.57,9.42,-33.15,0.08,0.21,10.81,41.3,30.49,0.05,0.0,33.11,18.84,-14.27,0.71,0.31,93.92,48.55,-45.37,7.17,9.31,52.03,87.68,35.65,25.94,33.05,41.22,80.43,39.21,0.68,0.62,71.62,78.26,6.64,0.09,0.06,89.86,68.84,-21.02,0.08,0.1,71.62,95.65,24.03,36.5,45.03,29.05,67.39,38.34,5.65,6.27,2.7,9.42,6.72,89.91,90.16,66.22,83.33,17.11,56.17,59.19,27.7,29.71,2.01,50.72,58.04,16.89,32.61,15.72,62.07,71.76,34.46,74.64,40.18,66.67,25.0,60.14,10.14,-50.0,23.08,25.0,26.35,32.61,6.26,7.692,25.0,65.54,86.23,20.69,66.67,53.57,89.19,80.43,-8.76,76.43,79.39,75.0,96.38,21.38,75.15,78.44,72.3,97.83,25.53,22,1
J08-0595,André,andre,ZAG,ZAG,0,Zagueiro - Esquerda,Zagueiro - Esquerda,Brasil A,Brasil C,C,1,2023,2023,2025,2025,2,2025,Fluminense,Anápolis,André - Fluminense - Brasil A,André - Anápolis - Brasil C,3024,1104,31.0,12.0,0,0,900,616,0,0,0,0,1.728,0.7452,-0.983,97.4,75.0,24.0,27.0,0.0,0.0,medida (82 pares),medida (70 pares),21.0,26.0,5.0,3,1,0.1383,0.0248,-1.1213,0.3599,0.3853,única; único,única; único,74,52,0,14.14,15.98,83.11,91.35,8.24,1.04,3.34,0.68,6.73,6.05,1.58,0.33,96.62,74.04,-22.58,0.39,0.0,92.57,33.65,-58.92,0.36,0.57,50.68,78.85,28.17,6.43,6.36,34.46,27.88,-6.58,54.88,17.36,99.32,24.04,-75.28,0.03,0.24,2.03,12.5,10.47,0.02,0.03,14.86,25.0,10.14,0.03,0.0,45.27,25.0,-20.27,71.55,30.49,99.32,24.04,-75.28,7.32,11.41,30.41,95.19,64.78,95.09,83.16,99.32,41.35,-57.97,52.42,64.8,8.78,56.73,47.95,40.0,60.98,3.38,50.96,47.58,56.98,74.49,15.54,89.42,73.88,71.7,50.0,66.89,39.42,-27.47,25.0,28.57,31.08,51.92,20.84,0.0,14.286,27.03,69.23,42.2,50.0,0.0,79.73,30.77,-48.96,80.56,76.92,95.27,93.27,-2.0,88.55,58.49,97.97,35.58,-62.39,22,0
J08-0596,Júlio César,julio cesar,ZAG,ZAG,0,Zagueiro - Esquerda,Zagueiro - Direita,Brasil A,Brasil B,B,1,2023,2023,2024,2024,1,2024,América Mineiro,América Mineiro,Júlio César - América Mineiro - Brasil A,Júlio César - América Mineiro - Brasil B,669,547,9.0,7.0,1,1,900,900,1,1,0,0,-0.6745,-0.3288,0.346,25.6,43.1,22.0,22.0,0.0,0.0,medida (82 pares),medida (76 pares),19.0,20.0,1.0,0,0,0.0089,0.0,0.3371,-0.1097,-0.2191,única; único,única; único,74,69,0,12.91,7.07,62.16,0.0,-62.16,4.3,2.14,68.92,2.9,-66.02,0.81,0.49,87.16,86.96,-0.2,0.13,0.16,66.89,89.86,22.97,0.27,0.49,33.11,78.26,45.15,6.19,6.25,29.05,30.43,1.38,27.58,37.35,54.05,94.2,40.15,0.54,0.49,57.43,60.14,2.71,0.03,0.04,29.05,46.38,17.33,0.13,0.0,87.84,28.99,-58.85,39.42,49.69,47.3,89.86,42.56,10.36,6.42,94.59,13.77,-80.82,90.78,91.39,77.03,95.65,18.62,59.38,74.42,43.92,100.0,56.08,62.5,69.23,74.32,85.51,11.19,63.41,88.89,43.24,100.0,56.76,66.67,66.67,60.14,52.17,-7.97,0.0,0.0,6.08,5.07,-1.01,0.0,0.0,27.03,20.29,-6.74,0.0,100.0,21.62,97.1,75.48,63.04,71.05,10.81,55.8,44.99,86.36,68.0,95.95,56.52,-39.43,22,1
J08-0597,Walisson Maia,walisson maia,ZAG,ZAG,0,Zagueiro - Esquerda,Zagueiro - Esquerda,Brasil B,Brasil A,A,1,2023,2023,2024,2024,1,2024,Criciúma,Criciúma,Walisson Maia - Criciúma - Brasil B,Walisson Maia - Criciúma - Brasil A,3090,1100,32.0,16.0,0,0,900,900,0,0,0,0,-0.7379,-0.7916,-0.054,17.6,17.4,32.0,34.0,2.0,0.0,medida (60 pares),medida (113 pares),31.0,32.0,1.0,0,0,-0.0748,-0.1536,0.0208,-0.1312,-0.6604,única; único,única; único,70,73,0,13.22,10.96,69.29,36.3,-32.99,5.88,4.25,87.86,62.33,-25.53,0.12,0.08,18.57,13.7,-4.87,0.03,0.0,30.0,20.55,-9.45,0.2,0.25,16.43,19.86,3.43,5.65,7.2,17.86,54.79,36.93,23.88,20.21,27.86,13.01,-14.85,0.41,0.33,24.29,21.23,-3.06,0.02,0.02,16.43,14.38,-2.05,0.06,0.0,74.29,18.49,-55.8,34.86,31.99,16.43,14.38,-2.05,7.63,8.51,47.86,66.44,18.58,87.22,83.63,54.29,6.16,-48.13,61.01,70.9,53.57,99.32,45.75,57.43,71.15,39.29,92.47,53.18,67.74,71.64,63.57,78.77,15.2,75.0,100.0,66.43,89.73,23.3,57.14,0.0,96.43,4.11,-92.32,0.0,0.0,31.43,23.97,-7.46,0.0,0.0,28.57,17.81,-10.76,64.43,67.05,22.14,28.08,5.94,57.94,71.79,19.29,41.78,22.49,22,1
J08-0598,Walisson Maia,walisson maia,ZAG,ZAG,0,Zagueiro - Esquerda,Zagueiro - Esquerda,Brasil A,Brasil B,B,1,2024,2024,2025,2025,1,2025,Criciúma,Vila Nova,Walisson Maia - Criciúma - Brasil A,Walisson Maia - Vila Nova - Brasil B,1100,1179,16.0,16.0,0,0,900,900,0,0,0,0,-0.7916,-1.7561,-0.965,17.4,5.0,34.0,34.0,0.0,0.0,medida (113 pares),medida (111 pares),32.0,33.0,1.0,0,0,-0.0748,0.0,-0.8902,-0.1495,-1.6066,única; único,única; único,73,72,0,10.96,10.23,36.3,33.33,-2.97,4.25,4.5,62.33,68.75,6.42,0.08,0.08,13.7,27.78,14.08,0.0,0.0,20.55,34.03,13.48,0.25,0.0,19.86,0.69,-19.17,7.2,7.48,54.79,56.25,1.46,20.21,17.71,13.01,3.47,-9.54,0.33,0.0,21.23,0.69,-20.54,0.02,0.0,14.38,0.69,-13.69,0.0,0.0,18.49,18.75,0.26,31.99,28.78,14.38,2.08,-12.3,8.51,7.33,66.44,40.97,-25.47,83.63,80.11,6.16,6.25,0.09,70.9,64.93,99.32,84.03,-15.29,71.15,61.02,92.47,49.31,-43.16,71.64,69.35,78.77,78.47,-0.3,100.0,100.0,89.73,88.19,-1.54,0.0,0.0,4.11,3.47,-0.64,0.0,0.0,23.97,22.92,-1.05,0.0,0.0,17.81,17.36,-0.45,67.05,58.16,28.08,7.64,-20.44,71.79,56.82,41.78,13.19,-28.59,22,1
J08-0599,Zé Marcos,ze marcos,ZAG,ZAG,0,Zagueiro - Esquerda,Zagueiro - Esquerda,Brasil B,Brasil A,A,1,2023,2023,2024,2024,1,2024,Juventude,Juventude,Zé Marcos - Juventude - Brasil B,Zé Marcos - Juventude - Brasil A,2704,2232,29.0,25.0,0,0,900,900,0,0,0,0,-0.0465,-0.2192,-0.173,50.0,39.1,25.0,28.0,2.0,0.0,medida (60 pares),medida (113 pares),24.0,26.0,2.0,1,0,0.0213,-0.0782,-0.1943,0.1038,-0.323,única; único,única; único,70,73,0,15.01,11.33,86.43,45.89,-40.54,6.56,3.51,95.0,39.04,-55.96,0.57,0.48,76.43,84.93,8.5,0.1,0.0,61.43,20.55,-40.88,0.63,0.44,87.14,59.59,-27.55,8.85,6.53,86.43,39.04,-47.39,32.49,25.56,83.57,32.19,-51.38,0.73,0.48,82.14,43.84,-38.3,0.08,0.04,78.57,43.84,-34.73,0.03,0.0,50.0,18.49,-31.51,47.56,37.42,87.86,25.34,-62.52,7.36,7.42,36.43,29.45,-6.98,84.53,87.07,25.0,30.82,5.82,56.54,63.7,15.0,73.29,58.29,59.9,64.37,46.43,67.81,21.38,61.97,67.89,22.14,47.26,25.12,58.82,66.67,33.57,52.74,19.17,21.05,9.09,43.57,8.9,-34.67,0.0,0.0,31.43,23.97,-7.46,20.0,0.0,66.43,17.81,-48.62,60.9,67.9,12.14,29.45,17.31,57.06,61.36,15.0,7.53,-7.47,22,1
J08-0600,Zé Marcos,ze marcos,ZAG,ZAG,0,Zagueiro - Esquerda,Zagueiro - Esquerda,Brasil A,Brasil B,B,1,2025,2025,jun26,2026,1,2026,Vitória,Sport Recife,Zé Marcos - Vitória - Brasil A,Zé Marcos - Sport Recife - Brasil B,2687,675,28.0,8.0,1,0,900,284,0,0,1,0,-2.0783,0.3675,2.446,3.2,60.0,28.0,28.0,0.0,0.0,medida (156 pares),referência,27.0,28.0,1.0,0,0,-0.0776,0.0,2.5236,-0.5868,0.9543,única; único,única; único,74,67,0,10.48,8.53,42.57,18.66,-23.91,3.89,3.33,57.43,38.06,-19.37,0.33,0.27,75.68,70.15,-5.53,0.0,0.0,29.05,41.79,12.74,0.2,0.27,10.14,40.3,30.16,7.97,7.87,61.49,66.42,4.93,24.15,34.53,20.95,84.33,63.38,0.37,0.27,18.24,21.64,3.4,0.03,0.02,23.65,26.87,3.22,0.0,0.0,24.32,38.06,13.74,36.94,44.8,23.65,70.9,47.25,7.23,6.53,35.81,31.34,-4.47,82.05,87.2,3.38,47.01,43.63,57.83,51.56,27.7,14.18,-13.52,56.9,44.0,41.22,9.7,-31.52,63.11,72.0,37.16,85.82,48.66,90.0,0.0,77.7,23.88,-53.82,16.67,0.0,17.57,22.39,4.82,0.0,0.0,25.0,44.03,19.03,40.0,100.0,69.59,97.01,27.42,63.87,71.19,15.54,50.0,34.46,57.64,47.5,6.08,6.72,0.64,22,1
J08-0601,Marcel Scalese,marcel scalese,ZAG,ZAG,0,Zagueiro - Esquerda,Zagueiro - Esquerda,Japao B,Brasil C,C,0,2025,2025,jun26,2026,1,2026,Ehime,Amazonas,Marcel Scalese - Ehime - Japao B,Marcel Scalese - Amazonas - Brasil C,374,297,7.0,3.0,1,1,900,213,0,1,1,0,-0.2489,-0.5057,-0.257,38.1,30.3,30.0,30.0,0.0,0.0,medida (297 pares),referência,29.0,30.0,1.0,0,0,0.0066,0.0,-0.2636,0.035,-0.5407,única; único,única; único,79,63,0,17.33,7.27,93.67,0.79,-92.88,5.29,2.12,40.51,2.38,-38.13,0.72,0.0,96.84,18.25,-78.59,0.0,0.0,31.65,38.1,6.45,0.24,0.0,24.68,6.35,-18.33,6.5,5.76,27.85,23.02,-4.83,22.62,18.18,24.05,18.25,-5.8,0.72,0.0,56.96,4.76,-52.2,0.09,0.0,82.91,9.52,-73.39,0.0,0.0,10.13,35.71,25.58,38.02,27.88,31.65,13.49,-18.16,10.59,5.45,94.94,10.32,-84.62,85.44,89.13,60.76,81.75,20.99,61.11,58.33,50.63,38.1,-12.53,50.0,28.57,8.23,3.17,-5.06,82.14,73.33,98.73,78.57,-20.16,33.33,0.0,31.01,24.6,-6.41,0.0,0.0,3.8,26.98,23.18,0.0,0.0,18.35,43.65,25.3,0.0,0.0,11.39,38.1,26.71,74.07,73.68,94.94,69.05,-25.89,57.89,76.92,29.11,83.33,54.22,22,1
J08-0602,Lucas Freitas,lucas freitas,ZAG,ZAG,0,Zagueiro - Esquerda,Zagueiro - Esquerda,Brasil B,Brasil A,A,1,2023,2023,2024,2024,1,2024,Chapecoense,Juventude,Lucas Freitas - Chapecoense - Brasil B,Lucas Freitas - Juventude - Brasil A,2335,1415,23.0,16.0,0,0,900,900,0,0,0,0,-0.2203,-1.7419,-1.522,35.3,4.3,22.0,25.0,2.0,0.0,medida (60 pares),medida (113 pares),21.0,23.0,2.0,1,0,0.1018,0.1496,-1.6238,0.0447,-1.7866,única; único,única; único,70,73,0,9.22,9.99,9.29,21.23,11.94,2.41,2.8,0.71,11.64,10.93,0.44,0.32,69.29,57.53,-11.76,0.2,0.13,82.14,77.4,-4.74,0.12,0.13,9.29,6.16,-3.13,7.82,6.81,66.43,47.26,-19.17,26.9,27.86,43.57,51.37,7.8,0.24,0.51,9.29,52.05,42.76,0.04,0.01,43.57,4.11,-39.46,0.04,0.0,57.86,18.49,-39.37,39.45,38.8,45.0,37.67,-7.33,7.34,7.63,34.29,37.67,3.38,88.62,88.36,66.43,47.26,-19.17,57.39,54.78,23.57,10.27,-13.3,60.0,40.91,47.86,2.05,-45.81,60.55,70.42,15.0,71.92,56.92,54.55,80.0,26.43,69.18,42.75,0.0,0.0,10.0,4.11,-5.89,0.0,0.0,31.43,23.97,-7.46,0.0,0.0,28.57,17.81,-10.76,73.85,71.96,77.86,50.0,-27.86,70.27,73.33,73.57,48.63,-24.94,22,1
J08-0603,David Ricardo,david ricardo,ZAG,ZAG,0,Zagueiro - Esquerda,Zagueiro - Esquerda,Brasil B,Brasil A,A,1,2024,2024,2025,2025,1,2025,Ceará,Botafogo,David Ricardo - Ceará - Brasil B,David Ricardo - Botafogo - Brasil A,3218,2025,33.0,22.0,0,0,900,900,0,0,0,0,1.3166,1.5964,0.28,94.9,87.1,23.0,23.0,0.0,0.0,medida (76 pares),medida (156 pares),21.0,22.0,1.0,0,0,0.0509,0.0,0.2291,0.5671,1.0293,única; único,única; único,69,74,0,13.54,9.87,81.88,33.11,-48.77,5.2,2.62,81.88,10.14,-71.74,0.31,0.36,67.39,83.11,15.72,0.06,0.0,61.59,29.05,-32.54,0.34,0.36,56.52,39.19,-17.33,9.12,7.82,83.33,58.78,-24.55,30.82,34.49,61.59,72.3,10.71,0.5,0.53,62.32,48.65,-13.67,0.03,0.04,27.54,40.54,13.0,0.0,0.0,28.99,24.32,-4.67,43.6,47.96,63.04,75.0,11.96,7.78,7.64,50.0,58.11,8.11,82.68,88.79,10.87,49.32,38.45,68.6,62.16,94.93,68.24,-26.69,68.28,67.8,80.43,84.46,4.03,77.9,64.65,93.48,46.62,-46.86,72.73,50.0,61.59,32.43,-29.16,16.67,37.5,20.29,64.86,44.57,8.333,12.5,45.65,69.59,23.94,18.18,0.0,48.55,20.95,-27.6,70.25,68.18,51.45,37.16,-14.29,61.96,70.64,31.16,41.22,10.06,22,1
J08-0604,Alix,alix,ZAG,ZAG,0,Zagueiro - Esquerda,Zagueiro - Esquerda,Brasil B,Brasil A,A,1,2023,2023,2024,2024,1,2024,Atlético GO,Atlético GO,Alix - Atlético GO - Brasil B,Alix - Atlético GO - Brasil A,1439,2289,18.0,25.0,0,0,900,900,0,0,0,0,0.9105,-0.3405,-1.251,73.5,34.8,24.0,26.0,2.0,0.0,medida (60 pares),medida (113 pares),23.0,24.0,1.0,0,0,0.0152,0.0377,-1.2662,0.4291,-0.7696,única; único,única; único,70,73,0,11.01,11.6,30.0,51.37,21.37,3.63,4.33,17.86,66.44,48.58,0.69,0.39,88.57,67.12,-21.45,0.06,0.08,49.29,64.38,15.09,0.63,0.31,87.14,34.25,-52.89,6.38,6.25,30.71,33.56,2.85,29.52,21.15,60.71,17.12,-43.59,0.56,0.63,56.43,69.86,13.43,0.16,0.03,97.14,28.77,-68.37,0.0,0.08,22.86,76.03,53.17,41.53,33.62,52.14,18.49,-33.65,7.13,9.67,30.71,90.41,59.7,89.46,87.49,75.0,34.93,-40.07,56.82,56.61,16.43,15.75,-0.68,53.45,58.18,19.29,39.04,19.75,70.97,59.02,86.43,10.27,-76.16,54.55,90.0,26.43,77.4,50.97,50.0,12.5,88.57,10.27,-78.3,20.0,0.0,88.57,23.97,-64.6,0.0,50.0,28.57,82.88,54.31,70.59,67.92,49.29,30.82,-18.47,69.57,73.73,70.71,54.11,-16.6,22,1
J08-0605,Alix,alix,ZAG,ZAG,0,Zagueiro - Esquerda,Zagueiro - Direita,Brasil A,Brasil B,B,1,2024,2024,2025,2025,1,2025,Atlético GO,Atlético GO,Alix - Atlético GO - Brasil A,Alix - Atlético GO - Brasil B,2289,1838,25.0,19.0,0,0,900,900,0,0,0,0,-0.3405,0.3402,0.681,34.8,64.0,26.0,26.0,0.0,0.0,medida (113 pares),medida (111 pares),24.0,25.0,1.0,0,0,0.0152,0.0,0.6658,0.0039,0.3363,única; único,única; único,73,72,0,11.6,15.23,51.37,96.53,45.16,4.33,5.39,66.44,89.58,23.14,0.39,0.39,67.12,84.72,17.6,0.08,0.05,64.38,77.08,12.7,0.31,0.64,34.25,87.5,53.25,6.25,8.57,33.56,73.61,40.05,21.15,24.43,17.12,29.86,12.74,0.63,0.83,69.86,92.36,22.5,0.03,0.11,28.77,95.14,66.37,0.08,0.0,76.03,18.75,-57.28,33.62,39.81,18.49,47.92,29.43,9.67,9.16,90.41,92.36,1.95,87.49,80.07,34.93,4.86,-30.07,56.61,64.63,15.75,81.25,65.5,58.18,68.18,39.04,85.42,46.38,59.02,66.07,10.27,56.25,45.98,90.0,75.0,77.4,67.36,-10.04,12.5,30.77,10.27,56.25,45.98,0.0,7.692,23.97,56.94,32.97,50.0,0.0,82.88,17.36,-65.52,67.92,69.71,30.82,52.08,21.26,73.73,58.72,54.11,18.75,-35.36,22,1
J08-0606,Alix,alix,ZAG,ZAG,0,Zagueiro - Direita,Zagueiro - Direita,Brasil B,Brasil A,A,1,2025,2025,jun26,2026,1,2026,Atlético GO,Red Bull Bragantino,Alix - Atlético GO - Brasil B,Alix - Red Bull Bragantino - Brasil A,1838,1311,19.0,15.0,0,0,900,426,0,0,1,0,0.3402,-2.0324,-2.373,64.0,3.2,26.0,26.0,0.0,0.0,medida (111 pares),referência,25.0,26.0,1.0,0,0,0.0061,0.0,-2.3791,0.2352,-2.2676,única; único,única; único,72,53,0,15.23,13.25,96.53,91.51,-5.02,5.39,3.71,89.58,63.21,-26.37,0.39,0.82,84.72,97.17,12.45,0.05,0.0,77.08,28.3,-48.78,0.64,0.34,87.5,48.11,-39.39,8.57,7.96,73.61,63.21,-10.4,24.43,24.23,29.86,25.47,-4.39,0.83,0.55,92.36,58.49,-33.87,0.11,0.04,95.14,54.72,-40.42,0.0,0.14,18.75,85.85,67.1,39.81,38.99,47.92,36.79,-11.13,9.16,8.58,92.36,88.68,-3.68,80.07,83.45,4.86,12.26,7.4,64.63,53.37,81.25,8.49,-72.76,68.18,64.81,85.42,66.98,-18.44,66.07,50.63,56.25,6.6,-49.65,75.0,66.67,67.36,60.38,-6.98,30.77,40.0,56.25,73.58,17.33,7.692,0.0,56.94,29.25,-27.69,0.0,0.0,17.36,23.58,6.22,69.71,71.55,52.08,63.21,11.13,58.72,63.92,18.75,27.36,8.61,22,1
J08-0607,Fabrício,fabricio,ZAG,ZAG,0,Zagueiro - Esquerda,Zagueiro - Esquerda,Brasil B,Brasil C,C,1,2023,2023,2024,2024,1,2024,ABC,Volta Redonda,Fabrício - ABC - Brasil B,Fabrício - Volta Redonda - Brasil C,1430,325,16.0,4.0,1,0,900,592,1,0,0,0,-0.3166,0.5824,0.899,29.4,81.4,33.0,36.0,2.0,0.0,medida (60 pares),medida (53 pares),32.0,34.0,2.0,1,0,-0.3128,-0.4726,1.2118,0.012,0.5704,única; único,única; homônimo resolvido pelo clube,70,57,0,9.5,8.86,13.57,8.77,-4.8,3.46,2.49,8.57,1.75,-6.82,0.38,0.0,62.14,8.77,-53.37,0.06,0.0,49.29,34.21,-15.08,0.38,0.55,50.0,85.96,35.96,8.69,8.31,83.57,63.16,-20.41,20.71,16.89,12.14,7.02,-5.12,0.0,0.0,0.71,1.75,1.04,0.02,0.22,16.43,100.0,83.57,0.06,0.0,74.29,28.95,-45.34,35.12,28.8,17.86,10.53,-7.33,7.49,7.75,40.71,51.75,11.04,82.97,84.62,10.71,38.6,27.89,55.63,50.0,12.14,5.26,-6.88,54.55,55.56,22.14,24.56,2.42,58.93,43.75,10.71,1.75,-8.96,83.33,0.0,81.43,13.16,-68.27,50.0,100.0,88.57,99.12,10.55,0.0,50.0,31.43,99.12,67.69,0.0,0.0,28.57,24.56,-4.01,65.22,86.67,29.29,100.0,70.71,66.67,57.69,55.0,24.56,-30.44,22,1
J08-0608,Fabrício,fabricio,ZAG,ZAG,0,Zagueiro - Esquerda,Zagueiro - Esquerda,Brasil C,Brasil B,B,1,2024,2024,2025,2025,1,2025,Volta Redonda,Volta Redonda,Fabrício - Volta Redonda - Brasil C,Fabrício - Volta Redonda - Brasil B,325,1054,4.0,13.0,0,1,592,900,0,1,0,0,0.5824,1.3804,0.798,81.4,90.0,36.0,36.0,0.0,0.0,medida (53 pares),medida (111 pares),34.0,35.0,1.0,0,0,-0.238,0.0,1.036,0.3176,1.0628,única; homônimo resolvido pelo clube,única; único,57,72,0,8.86,8.2,8.77,7.64,-1.13,2.49,3.07,1.75,15.97,14.22,0.0,0.17,8.77,45.83,37.06,0.0,0.0,34.21,34.03,-0.18,0.55,0.85,85.96,97.22,11.26,8.31,10.76,63.16,97.92,34.76,16.89,35.86,7.02,90.97,83.95,0.0,0.51,1.75,56.94,55.19,0.22,0.05,100.0,59.72,-40.28,0.0,0.09,28.95,81.25,52.3,28.8,52.6,10.53,92.36,81.83,7.75,6.15,51.75,11.11,-40.64,84.62,85.39,38.6,32.64,-5.96,50.0,59.38,5.26,31.25,25.99,55.56,63.89,24.56,64.58,40.02,43.75,55.26,1.75,2.08,0.33,0.0,100.0,13.16,88.19,75.03,100.0,20.0,99.12,26.39,-72.73,50.0,0.0,99.12,22.92,-76.2,0.0,100.0,24.56,94.44,69.88,86.67,70.63,100.0,59.03,-40.97,57.69,72.0,24.56,79.86,55.3,22,1
J08-0609,Richardson,richardson,ZAG,ZAG,0,Zagueiro - Esquerda,Zagueiro - Direita,Brasil B,Brasil C,C,1,2023,2023,2024,2024,1,2024,ABC,ABC,Richardson - ABC - Brasil B,Richardson - ABC - Brasil C,1219,1295,14.0,14.0,0,0,900,592,0,0,0,0,-1.6606,-0.5452,1.115,5.9,27.7,31.0,34.0,2.0,0.0,medida (60 pares),medida (53 pares),30.0,32.0,2.0,1,0,-0.0682,-0.1382,1.1832,-0.4448,-0.1004,única; homônimo resolvido pelo clube,única; único,70,57,0,15.87,9.87,92.14,21.93,-70.21,4.87,4.59,54.29,55.26,0.97,0.66,0.07,83.57,21.93,-61.64,0.22,0.0,85.71,34.21,-51.5,0.3,0.28,32.14,48.25,16.11,6.13,6.32,25.0,27.19,2.19,18.01,17.72,6.43,7.89,1.46,0.37,0.28,22.14,26.32,4.18,0.04,0.06,43.57,74.56,30.99,0.0,0.0,22.86,28.95,6.09,29.75,28.01,6.43,9.65,3.22,9.3,6.39,88.57,9.65,-78.92,80.65,81.39,6.43,18.42,11.99,66.51,58.45,90.71,28.95,-61.76,65.15,56.06,73.57,27.19,-46.38,72.22,69.05,92.14,60.53,-31.61,88.89,100.0,87.86,85.96,-1.9,25.0,0.0,47.14,19.3,-27.84,0.0,0.0,31.43,34.21,2.78,0.0,33.33,28.57,64.91,36.34,56.63,71.43,3.57,50.88,47.31,58.33,53.66,21.43,16.67,-4.76,22,1
J08-0610,Joécio,joecio,ZAG,ZAG,0,Zagueiro - Esquerda,Zagueiro - Direita,Brasil B,Brasil C,C,1,2023,2023,2024,2024,1,2024,Sampaio Corrêa,Náutico,Joécio - Sampaio Corrêa - Brasil B,Joécio - Náutico - Brasil C,942,343,11.0,4.0,1,0,900,592,1,0,0,0,0.6111,-0.6264,-1.237,67.6,21.3,38.0,40.0,2.0,0.0,medida (60 pares),medida (53 pares),37.0,38.0,1.0,0,0,-0.1322,-0.5537,-1.1048,0.3273,-0.9537,única; único,única; único,70,57,0,13.09,8.13,67.86,1.75,-66.11,6.31,3.41,93.57,15.79,-77.78,0.19,0.0,24.29,8.77,-15.52,0.19,0.0,79.29,34.21,-45.08,0.48,0.26,71.43,42.11,-29.32,7.45,7.08,59.29,49.12,-10.17,30.86,29.13,75.0,77.19,2.19,0.67,0.26,69.29,24.56,-44.73,0.07,0.03,72.86,51.75,-21.11,0.0,0.0,22.86,28.95,6.09,44.62,40.41,69.29,62.28,-7.01,7.07,6.56,29.29,15.79,-13.5,91.22,85.71,90.71,52.63,-38.08,61.31,64.52,59.29,85.96,26.67,62.12,76.92,56.43,100.0,43.57,66.67,53.33,50.71,7.02,-43.69,100.0,0.0,95.71,13.16,-82.55,40.0,0.0,73.57,19.3,-54.27,20.0,0.0,88.57,34.21,-54.36,0.0,0.0,28.57,24.56,-4.01,73.08,81.48,70.71,98.25,27.54,70.97,58.82,77.86,26.32,-51.54,22,1
J08-0611,Willian Machado,willian machado,ZAG,ZAG,0,Zagueiro - Esquerda,Zagueiro - Esquerda,Brasil C,Brasil B,B,1,2023,2023,2024,2024,1,2024,Operário PR,Operário PR,Willian Machado - Operário PR - Brasil C,Willian Machado - Operário PR - Brasil B,2066,3431,21.0,34.0,0,0,545,900,0,0,0,0,1.1504,0.7855,-0.365,87.5,82.1,26.0,29.0,3.0,0.0,medida (23 pares),medida (76 pares),26.0,27.0,1.0,0,0,0.0061,-0.1177,-0.3711,0.5106,0.2749,única; único,única; único,56,69,0,12.12,11.02,47.32,48.55,1.23,4.44,4.83,52.68,73.91,21.23,0.14,0.29,20.54,62.32,41.78,0.0,0.05,19.64,55.07,35.43,0.24,0.55,24.11,86.96,62.85,8.54,9.73,79.46,93.48,14.02,34.55,36.57,93.75,93.48,-0.27,0.52,0.47,63.39,55.07,-8.32,0.03,0.04,34.82,46.38,11.56,0.05,0.0,74.11,28.99,-45.12,49.96,53.75,88.39,99.28,10.89,8.3,6.87,60.71,22.46,-38.25,89.3,87.95,84.82,63.04,-21.78,66.54,65.71,86.61,83.33,-3.28,77.42,69.57,95.54,87.68,-7.86,70.0,62.61,72.32,16.67,-55.65,0.0,90.91,4.46,86.23,81.77,20.0,28.57,35.71,42.75,7.04,0.0,9.524,27.68,51.45,23.77,0.0,22.22,30.36,50.0,19.64,74.86,72.78,83.04,61.59,-21.45,75.0,73.5,91.96,77.54,-14.42,22,1
J08-0612,Willian Machado,willian machado,ZAG,ZAG,0,Zagueiro - Esquerda,Zagueiro - Esquerda,Brasil B,Brasil A,A,1,2024,2024,2025,2025,1,2025,Operário PR,Ceará,Willian Machado - Operário PR - Brasil B,Willian Machado - Ceará - Brasil A,3431,3619,34.0,36.0,0,0,900,900,0,0,0,0,0.7855,-0.2153,-1.001,82.1,38.7,29.0,29.0,0.0,0.0,medida (76 pares),medida (156 pares),27.0,28.0,1.0,0,0,-0.0776,0.0,-0.9234,0.3866,-0.6019,única; único,única; único,69,74,0,11.02,9.82,48.55,31.76,-16.79,4.83,4.28,73.91,79.05,5.14,0.29,0.15,62.32,33.11,-29.21,0.05,0.0,55.07,29.05,-26.02,0.55,0.42,86.96,53.38,-33.58,9.73,5.99,93.48,26.35,-67.13,36.57,20.49,93.48,6.08,-87.4,0.47,0.67,55.07,75.0,19.93,0.04,0.04,46.38,40.54,-5.84,0.0,0.07,28.99,68.92,39.93,53.75,31.61,99.28,7.43,-91.85,6.87,7.36,22.46,46.62,24.16,87.95,86.0,63.04,18.24,-44.8,65.71,71.14,83.33,99.32,15.99,69.57,76.16,87.68,97.97,10.29,62.61,71.83,16.67,88.51,71.84,90.91,66.67,86.23,54.73,-31.5,28.57,47.06,42.75,83.11,40.36,9.524,0.0,51.45,25.0,-26.45,22.22,33.33,50.0,61.49,11.49,72.78,67.63,61.59,33.11,-28.48,73.5,71.7,77.54,47.97,-29.57,22,1
J08-0613,Wallace,wallace,ZAG,ZAG,0,Zagueiro - Esquerda,Zagueiro - Esquerda,Brasil C,Brasil B,B,1,2023,2023,2024,2024,1,2024,Brusque,Brusque,Wallace - Brusque - Brasil C,Wallace - Brusque - Brasil B,2034,3333,21.0,34.0,0,0,545,900,0,0,0,0,-0.2424,-1.4471,-1.205,45.8,5.1,35.0,38.0,3.0,0.0,medida (23 pares),medida (76 pares),35.0,36.0,1.0,0,0,-0.0388,-0.3728,-1.1662,0.0372,-1.4843,única; único,única; único,56,69,0,13.8,10.91,75.89,45.65,-30.24,3.8,3.11,29.46,18.12,-11.34,0.51,0.43,74.11,84.78,10.67,0.05,0.11,44.64,81.16,36.52,0.28,0.08,37.5,6.52,-30.98,8.66,8.94,83.04,80.43,-2.61,34.12,27.35,91.96,51.45,-40.51,0.51,0.32,59.82,18.84,-40.98,0.04,0.01,50.0,7.25,-42.75,0.05,0.0,74.11,28.99,-45.12,50.14,41.77,90.18,55.8,-34.38,9.03,7.24,78.57,35.51,-43.06,90.03,86.17,90.18,39.13,-51.05,66.78,59.65,88.39,31.16,-57.23,67.07,49.57,68.75,9.42,-59.33,69.17,68.92,58.04,58.7,0.66,90.91,56.25,72.32,34.06,-38.26,50.0,33.33,75.0,52.17,-22.83,16.667,0.0,70.54,20.29,-50.25,0.0,0.0,30.36,23.19,-7.17,72.73,68.58,75.89,41.3,-34.59,86.24,73.63,99.11,78.99,-20.12,22,1
J08-0614,Wallace,wallace,ZAG,ZAG,0,Zagueiro - Esquerda,Zagueiro - Esquerda,Brasil B,Brasil C,C,1,2024,2024,2025,2025,1,2025,Brusque,Londrina,Wallace - Brusque - Brasil B,Wallace - Londrina - Brasil C,3333,2293,34.0,23.0,0,0,900,616,0,0,0,0,-1.4471,2.6085,4.056,5.1,100.0,38.0,38.0,0.0,0.0,medida (76 pares),medida (70 pares),36.0,37.0,1.0,0,0,-0.0388,0.0,4.0948,-0.3723,2.9808,única; único,única; único,69,52,0,10.91,10.68,45.65,25.96,-19.69,3.11,4.04,18.12,22.12,4.0,0.43,0.39,84.78,83.65,-1.13,0.11,0.0,81.16,33.65,-47.51,0.08,0.31,6.52,25.96,19.44,8.94,9.15,80.43,87.5,7.07,27.35,30.65,51.45,87.5,36.05,0.32,0.43,18.84,44.23,25.39,0.01,0.03,7.25,25.0,17.75,0.0,0.08,28.99,74.04,45.05,41.77,47.14,55.8,87.5,31.7,7.24,6.71,35.51,18.27,-17.24,86.17,89.68,39.13,89.42,50.29,59.65,65.07,31.16,60.58,29.42,49.57,66.99,9.42,72.12,62.7,68.92,72.94,58.7,74.04,15.34,56.25,50.0,34.06,39.42,5.36,33.33,37.5,52.17,74.04,21.87,0.0,12.5,20.29,64.42,44.13,0.0,0.0,23.19,30.77,7.58,68.58,71.24,41.3,62.5,21.2,73.63,77.19,78.99,91.35,12.36,22,1
J08-0615,Wallace,wallace,ZAG,ZAG,0,Zagueiro - Esquerda,Zagueiro - Esquerda,Brasil C,Brasil B,B,1,2025,2025,jun26,2026,1,2026,Londrina,Londrina,Wallace - Londrina - Brasil C,Wallace - Londrina - Brasil B,2293,352,23.0,4.0,1,0,616,284,0,0,1,0,2.6085,0.758,-1.85,100.0,76.7,38.0,38.0,0.0,0.0,medida (70 pares),referência,37.0,38.0,1.0,0,0,-0.1322,0.0,-1.7178,1.0062,-0.2482,única; único,homônimo resolvido por qz+minutos; homônimo resolvido pelo clube,52,67,0,10.68,6.39,25.96,2.24,-23.72,4.04,1.53,22.12,0.75,-21.37,0.39,0.51,83.65,88.06,4.41,0.0,0.0,33.65,41.79,8.14,0.31,0.51,25.96,77.61,51.65,9.15,5.88,87.5,23.13,-64.37,30.65,29.4,87.5,60.45,-27.05,0.43,1.02,44.23,90.3,46.07,0.03,0.03,25.0,38.81,13.81,0.08,0.26,74.04,94.78,20.74,47.14,42.19,87.5,55.97,-31.53,6.71,8.69,18.27,87.31,69.04,89.68,88.48,89.42,58.96,-30.46,65.07,72.0,60.58,94.78,34.2,66.99,33.33,72.12,1.49,-70.63,72.94,80.0,74.04,96.27,22.23,50.0,100.0,39.42,86.57,47.15,37.5,0.0,74.04,22.39,-51.65,12.5,0.0,64.42,44.03,-20.39,0.0,50.0,30.77,87.31,56.54,71.24,69.57,62.5,45.52,-16.98,77.19,83.33,91.35,94.78,3.43,22,1
J08-0616,Wallace,wallace,ZAG,ZAG,0,Zagueiro - Esquerda,Zagueiro - Esquerda,Emirados,Brasil B,B,0,2024,2024,2025,2025,1,2025,Al Ittihad Kalba,Atlético GO,Wallace - Al Ittihad Kalba - Emirados,Wallace - Atlético GO - Brasil B,936,728,10.0,9.0,1,0,545,900,1,0,0,0,-0.7237,-0.6004,0.123,31.2,35.0,29.0,31.0,2.0,0.0,medida (67 pares),medida (111 pares),29.0,30.0,1.0,0,0,0.0066,-0.1426,0.1164,-0.1264,-0.474,única; único,única; único,51,72,0,9.23,8.16,22.55,6.94,-15.61,3.75,2.6,69.61,2.78,-66.83,0.0,0.25,4.9,63.19,58.29,0.19,0.0,75.49,34.03,-41.46,0.0,0.12,3.92,4.86,0.94,8.75,9.15,75.49,81.94,6.45,23.85,25.71,42.16,41.67,-0.49,0.38,0.0,34.31,0.69,-33.62,0.0,0.0,5.88,0.69,-5.19,0.1,0.0,69.61,18.75,-50.86,39.52,39.31,51.96,44.44,-7.52,7.79,7.54,34.31,46.53,12.22,87.35,84.59,42.16,25.0,-17.16,57.29,60.61,46.08,45.83,-0.25,56.41,42.86,65.69,1.39,-64.3,63.89,64.0,40.2,34.72,-5.48,0.0,100.0,11.76,88.19,76.43,0.0,0.0,18.63,3.47,-15.16,0.0,0.0,34.31,22.92,-11.39,100.0,0.0,90.2,17.36,-72.84,78.02,77.03,83.33,93.06,9.73,70.59,74.0,61.76,86.81,25.05,22,1
J08-0617,Maycon,maycon,ZAG,ZAG,0,Zagueiro - Esquerda,Zagueiro - Esquerda,Brasil C,Brasil B,B,1,2023,2023,2025,2025,2,2025,Amazonas,Ferroviária,Maycon - Amazonas - Brasil C,Maycon - Ferroviária - Brasil B,805,1497,10.0,18.0,0,1,545,900,0,0,0,0,-0.8027,-1.4208,-0.618,25.0,12.5,25.0,28.0,3.0,0.0,medida (23 pares),medida (111 pares),25.0,27.0,2.0,0,0,0.0122,-0.0782,-0.6302,0.0675,-1.4883,única; único,única; único,56,72,0,7.6,9.26,2.68,18.75,16.07,3.13,2.77,9.82,9.03,-0.79,0.22,0.24,41.96,61.11,19.15,0.0,0.06,19.64,80.56,60.92,0.34,0.24,51.79,21.53,-30.26,5.48,6.25,15.18,22.92,7.74,20.46,25.37,29.46,38.19,8.73,0.78,0.24,91.96,9.03,-82.93,0.07,0.03,82.14,31.25,-50.89,0.0,0.0,33.93,18.75,-15.18,35.33,40.64,38.39,53.47,15.08,5.81,7.82,8.04,56.25,48.21,82.59,88.17,20.54,65.97,45.43,58.82,61.04,33.04,53.47,20.43,71.43,65.22,85.71,75.69,-10.02,65.22,64.06,40.18,35.42,-4.76,50.0,100.0,21.43,88.19,66.76,66.67,25.0,88.39,39.58,-48.81,33.333,0.0,88.39,22.92,-65.47,0.0,0.0,30.36,17.36,-13.0,48.98,53.85,2.68,3.47,0.79,62.07,65.12,50.89,39.58,-11.31,22,1
J08-0618,J. Freytes,j freytes,ZAG,ZAG,0,Zagueiro - Esquerda,Zagueiro - Esquerda,Chile,Brasil A,A,0,2023,2023,2025,2025,2,2025,Unión La Calera,Fluminense,J. Freytes - Unión La Calera - Chile,J. Freytes - Fluminense - Brasil A,1975,3260,23.0,33.0,0,0,687,900,0,0,0,0,0.811,-0.0335,-0.845,85.7,48.4,23.0,26.0,3.0,0.0,medida (56 pares),medida (156 pares),23.0,25.0,2.0,0,0,0.0304,0.0883,-0.8754,0.2539,-0.2874,única; único,única; único,52,74,0,14.99,9.99,50.96,37.16,-13.8,4.24,3.59,52.88,47.97,-4.91,1.28,0.19,91.35,45.27,-46.08,0.68,0.14,99.04,89.19,-9.85,0.59,0.55,83.65,79.73,-3.92,13.81,11.04,99.04,96.62,-2.42,24.65,43.56,79.81,91.22,11.41,0.46,0.52,50.96,45.27,-5.69,0.04,0.04,48.08,40.54,-7.54,0.14,0.11,91.35,87.16,-4.19,41.47,57.98,87.5,92.57,5.07,11.48,5.99,72.12,7.43,-64.69,75.93,87.05,4.81,27.7,22.89,58.66,60.5,16.35,49.32,32.97,56.99,55.38,43.27,34.46,-8.81,69.34,63.64,29.81,43.24,13.43,60.71,71.43,47.12,64.19,17.07,30.77,30.0,48.08,44.59,-3.49,15.385,0.0,79.81,25.0,-54.81,23.81,37.5,35.58,66.22,30.64,67.33,68.75,49.04,39.86,-9.18,65.57,66.03,70.19,18.24,-51.95,22,1
J08-0619,Micael,micael,ZAG,ZAG,0,Zagueiro - Esquerda,Zagueiro - Esquerda,EUA,Brasil A,A,0,2024,2024,2025,2025,1,2025,Houston Dynamo,Palmeiras,Micael - Houston Dynamo - EUA,Micael - Palmeiras - Brasil A,3298,1442,34.0,16.0,0,0,900,900,0,0,0,0,-0.1585,-0.1728,-0.014,34.0,45.2,25.0,25.0,0.0,0.0,medida (132 pares),medida (156 pares),23.0,24.0,1.0,0,0,0.0152,0.0,-0.0292,0.0657,-0.2385,única; único,única; único,109,74,0,11.84,14.73,52.75,93.92,41.17,3.36,4.56,55.5,87.16,31.66,0.3,0.19,55.5,45.27,-10.23,0.03,0.0,47.25,29.05,-18.2,0.14,0.19,16.51,8.11,-8.4,8.35,5.87,77.06,25.0,-52.06,44.84,31.46,90.37,57.43,-32.94,0.33,0.69,22.48,77.03,54.55,0.02,0.03,24.77,23.65,-1.12,0.03,0.19,39.45,97.3,57.85,59.95,44.38,89.45,56.08,-33.37,8.21,8.74,43.58,85.81,42.23,91.58,90.72,84.4,81.76,-2.64,60.37,60.59,61.01,52.03,-8.98,55.28,54.79,50.0,31.76,-18.24,69.06,69.83,65.6,75.0,9.4,63.64,100.0,48.62,89.19,40.57,40.0,33.33,66.97,54.05,-12.92,20.0,0.0,83.49,25.0,-58.49,0.0,50.0,22.94,79.05,56.11,62.09,71.28,18.81,53.38,34.57,73.91,73.63,70.18,60.14,-10.04,22,1
J08-0620,W. Ángel,w angel,ZAG,ZAG,0,Zagueiro - Esquerda,Zagueiro - Esquerda,Equador A,Brasil A,A,0,2023,2023,2024,2024,1,2024,Aucas,Criciúma,W. Ángel - Aucas - Equador A,W. Ángel - Criciúma - Brasil A,1009,1112,11.0,13.0,0,0,711,900,0,0,0,0,-0.5451,0.8661,1.411,37.0,80.4,30.0,33.0,3.0,0.0,medida (58 pares),medida (113 pares),30.0,31.0,1.0,0,0,0.0066,-0.0405,1.4044,-0.0657,0.9318,única; único,única; único,52,73,0,12.31,10.68,49.04,32.19,-16.85,4.73,4.29,82.69,65.07,-17.62,0.0,0.08,3.85,13.7,9.85,0.0,0.0,19.23,20.55,1.32,0.18,0.81,23.08,96.58,73.5,5.44,4.94,20.19,8.9,-11.29,18.55,16.59,58.65,2.05,-56.6,0.18,0.73,6.73,85.62,78.89,0.02,0.11,23.08,93.15,70.07,0.0,0.0,25.96,18.49,-7.47,28.36,26.95,43.27,0.68,-42.59,8.56,8.5,52.88,65.07,12.19,87.74,86.19,75.96,25.34,-50.62,61.59,56.82,68.27,18.49,-49.78,54.72,64.15,35.58,66.44,30.86,70.18,57.69,70.19,5.48,-64.71,0.0,100.0,7.69,89.73,82.04,0.0,50.0,8.65,81.51,72.86,0.0,10.0,26.92,58.22,31.3,0.0,0.0,24.04,17.81,-6.23,60.66,63.93,12.5,15.75,3.25,58.62,62.5,25.0,13.7,-11.3,22,1
J08-0621,Gabriel Paulista,gabriel paulista,ZAG,ZAG,0,Zagueiro - Direita,Zagueiro - Direita,Turquia,Brasil A,A,0,2025,2025,jun26,2026,1,2026,Beşiktaş,Corinthians,Gabriel Paulista - Beşiktaş - Turquia,Gabriel Paulista - Corinthians - Brasil A,1821,1454,20.0,14.0,0,0,853,426,0,0,1,0,2.0789,1.1676,-0.911,100.0,83.9,35.0,35.0,0.0,0.0,medida (111 pares),referência,34.0,35.0,1.0,0,0,-0.238,0.0,-0.673,0.8262,0.3414,única; único,única; único,62,53,0,10.77,7.92,31.45,8.49,-22.96,5.34,3.03,83.06,36.79,-46.27,0.2,0.19,51.61,62.26,10.65,0.0,0.0,23.39,28.3,4.91,0.44,0.62,62.9,83.02,20.12,6.47,6.19,36.29,41.51,5.22,30.69,29.22,70.16,57.55,-12.61,0.49,0.62,47.58,66.98,19.4,0.04,0.07,39.52,80.19,40.67,0.1,0.0,83.87,25.47,-58.4,44.98,41.41,68.55,57.55,-11.0,7.07,5.69,15.32,4.72,-10.6,91.43,89.84,97.58,72.64,-24.94,64.68,62.5,94.35,69.81,-24.54,62.96,69.39,78.23,80.19,1.96,65.0,62.0,40.32,40.57,0.25,100.0,33.33,91.94,37.74,-54.2,22.22,20.0,26.61,38.68,12.07,11.111,10.0,54.03,63.21,9.18,100.0,50.0,95.97,82.08,-13.89,78.63,67.0,92.74,36.79,-55.95,80.36,74.65,95.97,66.98,-28.99,22,1
J08-0622,Thiago Silva,thiago silva,ZAG,ZAG,0,Zagueiro - Esquerda,Zagueiro - Direita,Inglaterra A,Brasil A,A,0,2024,2024,2025,2025,1,2025,Chelsea,Fluminense,Thiago Silva - Chelsea - Inglaterra A,Thiago Silva - Fluminense - Brasil A,2271,2384,23.0,25.0,0,0,639,900,0,0,0,0,0.6247,1.4111,0.786,76.5,87.9,39.0,41.0,2.0,0.0,medida (123 pares),medida (156 pares),39.0,40.0,1.0,0,0,0.0,-0.9002,0.786,0.3319,1.0792,única; único,única; único,65,74,0,8.48,7.44,2.31,0.68,-1.63,2.38,3.36,11.54,31.76,20.22,0.16,0.19,16.15,45.27,29.12,0.0,0.0,7.69,29.05,21.36,0.28,0.49,33.85,65.54,31.69,7.17,8.27,56.15,73.65,17.5,49.89,41.0,85.38,88.51,3.13,0.48,0.83,23.08,87.84,64.76,0.02,0.09,8.46,91.89,83.43,0.08,0.04,53.85,56.08,2.23,64.44,56.4,86.92,89.86,2.94,7.81,5.51,31.54,3.38,-28.16,95.45,93.71,97.69,95.27,-2.42,63.08,61.42,80.77,60.14,-20.63,70.0,58.43,93.08,50.68,-42.4,61.11,59.32,19.23,18.24,-0.99,100.0,60.0,93.08,45.95,-47.13,42.86,38.46,69.23,68.24,-0.99,28.571,15.385,89.23,79.05,-10.18,0.0,60.0,20.77,85.81,65.04,80.66,79.0,90.0,92.57,2.57,86.96,78.05,88.46,75.0,-13.46,22,1
J08-0623,Danilo,danilo,ZAG,ZAG,0,Zagueiro - Esquerda,Zagueiro - Direita,Italia A,Brasil A,A,0,2024,2024,2025,2025,1,2025,Juventus,Flamengo,Danilo - Juventus - Italia A,Danilo - Flamengo - Brasil A,1704,1548,19.0,20.0,0,0,639,900,0,0,0,0,1.1377,3.2479,2.11,84.6,98.3,32.0,34.0,2.0,0.0,medida (122 pares),medida (156 pares),32.0,33.0,1.0,0,0,-0.0748,-0.1536,2.1848,0.5063,2.7416,única; único,única; homônimo resolvido pelo clube,79,74,0,10.93,7.97,8.23,3.38,-4.85,3.01,2.97,27.22,18.24,-8.98,0.42,0.06,60.13,10.81,-49.32,0.11,0.0,53.16,29.05,-24.11,0.53,0.41,84.81,51.35,-33.46,10.4,13.95,98.1,99.32,1.22,39.3,62.44,71.52,99.32,27.8,0.58,0.58,57.59,58.11,0.52,0.06,0.09,63.92,91.89,27.97,0.26,0.17,91.77,95.27,3.5,54.67,79.59,77.85,99.32,21.47,8.71,5.06,39.87,0.68,-39.19,88.41,93.79,43.67,96.62,52.95,59.9,53.28,51.27,3.38,-47.89,63.16,50.98,84.81,10.14,-74.67,63.95,53.06,29.75,0.68,-29.07,75.0,100.0,74.68,89.19,14.51,10.0,42.86,20.89,75.68,54.79,10.0,14.286,59.49,76.35,16.86,45.45,61.54,65.82,87.16,21.34,75.63,86.25,76.58,99.32,22.74,71.07,84.93,56.33,96.62,40.29,22,1
J08-0624,O. Blanco,o blanco,ATA,ATA,0,Atacante,Atacante,Bolivia,Brasil C,C,0,2025,2025,jun26,2026,1,2026,Aurora,Volta Redonda,O. Blanco - Aurora - Bolivia,O. Blanco - Volta Redonda - Brasil C,1232,406,23.0,6.0,1,0,687,213,0,0,1,0,-0.5451,-0.5553,-0.01,26.6,27.3,36.0,36.0,0.0,0.0,medida (91 pares),referência,35.0,36.0,1.0,0,0,-0.6627,0.0,0.6527,0.0846,-0.6399,única; único,única; único,38,44,0,19.65,19.73,77.63,50.0,-27.63,2.48,5.99,46.05,55.68,9.63,2.92,1.33,80.26,51.14,-29.12,0.22,0.22,75.0,68.18,-6.82,2.41,0.89,48.68,5.68,-43.0,1.53,0.44,46.05,10.23,-35.82,10.37,5.76,32.89,14.77,-18.12,4.02,1.33,63.16,12.5,-50.66,0.7,0.07,93.42,4.55,-88.87,0.22,0.0,19.74,12.5,-7.24,15.63,8.65,46.05,11.36,-34.69,1.75,2.88,6.58,34.09,27.51,80.84,79.49,72.37,82.95,10.58,32.71,34.83,11.84,47.73,35.89,38.24,18.52,59.21,14.77,-44.44,46.67,38.89,19.74,15.91,-3.83,50.0,83.33,38.16,93.18,55.02,54.55,25.0,72.37,18.18,-54.19,21.212,0.0,67.11,12.5,-54.61,25.0,100.0,39.47,94.32,54.85,66.67,100.0,14.47,93.18,78.71,87.5,66.67,96.05,63.64,-32.41,22,1
J08-0625,Francisco da Costa,francisco da costa,ATA,ATA,0,Atacante,Atacante,Bolivia,Brasil A,A,0,2024,2024,2025,2025,1,2025,Bolívar,Mirassol,Francisco da Costa - Bolívar - Bolivia,Francisco da Costa - Mirassol - Brasil A,867,1293,10.0,20.0,0,1,900,900,0,1,0,0,1.2444,-0.2691,-1.514,81.7,37.5,31.0,31.0,0.0,0.0,medida (72 pares),medida (156 pares),29.0,30.0,1.0,0,0,-0.0849,0.0,-1.4291,0.5928,-0.8619,única; único,única; único,45,50,0,14.74,13.36,22.22,11.0,-11.22,3.11,3.76,35.56,45.0,9.44,3.63,1.88,77.78,61.0,-16.78,0.21,0.0,60.0,12.0,-48.0,3.01,1.53,86.67,13.0,-73.67,1.04,0.97,11.11,14.0,2.89,10.8,10.02,48.89,37.0,-11.89,4.78,2.85,97.78,33.0,-64.78,0.48,0.25,72.22,26.0,-46.22,0.73,0.14,93.33,17.0,-76.33,13.49,14.97,22.22,41.0,18.78,1.87,1.6,2.22,5.0,2.78,72.31,75.35,24.44,35.0,10.56,40.14,30.21,48.89,5.0,-43.89,50.0,38.89,85.56,75.0,-10.56,62.5,20.83,76.67,1.0,-75.67,45.71,37.04,28.89,5.0,-23.89,44.83,31.82,64.44,13.0,-51.44,24.138,27.273,84.44,93.0,8.56,50.0,0.0,94.44,7.0,-87.44,60.0,50.0,6.67,12.0,5.33,50.0,83.33,8.89,90.0,81.11,22,1
J08-0626,Alan Kardec,alan kardec,ATA,ATA,0,Atacante,Atacante,Brasil A,Brasil B,B,1,2024,2024,2025,2025,1,2025,Atlético Mineiro,Athletico Paranaense,Alan Kardec - Atlético Mineiro - Brasil A,Alan Kardec - Athletico Paranaense - Brasil B,532,1238,18.0,26.0,0,1,900,900,0,1,0,0,-0.4355,-0.436,-0.001,33.3,32.8,37.0,37.0,0.0,0.0,medida (113 pares),medida (111 pares),35.0,36.0,1.0,0,0,-0.6627,0.0,0.6617,0.1157,-0.5517,única; único,única; único,49,44,0,19.12,21.3,43.88,85.23,41.35,8.8,9.38,93.88,94.32,0.44,0.51,0.65,0.0,12.5,12.5,0.0,0.0,3.06,11.36,8.3,1.35,2.33,16.33,73.86,57.53,0.51,0.8,0.0,19.32,19.32,5.08,8.43,0.0,32.95,32.95,2.88,3.2,48.98,67.05,18.07,0.14,0.39,9.18,86.36,77.18,0.68,0.15,97.96,29.55,-68.41,8.97,12.07,0.0,26.14,26.14,2.2,2.91,5.1,39.77,34.67,81.13,72.89,80.61,39.77,-40.84,43.36,39.25,93.88,71.59,-22.29,55.77,34.11,100.0,71.59,-28.41,45.45,68.97,8.16,96.59,88.43,66.67,33.33,97.96,11.36,-86.6,12.5,28.13,0.0,10.23,10.23,0.0,15.625,1.02,62.5,61.48,50.0,28.57,88.78,65.91,-22.87,66.67,72.73,38.78,69.32,30.54,33.33,45.45,0.0,7.95,7.95,22,1
J08-0627,Élvis,elvis,ATA,ATA,0,Atacante,Atacante,Brasil B,Brasil C,C,1,2024,2024,2025,2025,1,2025,Ponte Preta,Ponte Preta,Élvis - Ponte Preta - Brasil B,Élvis - Ponte Preta - Brasil C,2537,1891,32.0,23.0,0,0,900,616,0,0,0,0,1.0202,2.3963,1.376,75.3,95.8,35.0,35.0,0.0,0.0,medida (76 pares),medida (70 pares),33.0,34.0,1.0,0,0,-0.2795,0.0,1.6555,0.5291,1.8672,única; único,única; único,45,28,0,10.0,9.09,1.11,1.79,0.68,1.31,0.95,3.33,1.79,-1.54,0.82,1.0,14.44,44.64,30.2,0.11,0.0,41.11,14.29,-26.82,1.28,1.19,6.67,8.93,2.26,8.48,7.95,98.89,98.21,-0.68,28.06,28.6,92.22,98.21,5.99,0.46,0.71,1.11,1.79,0.68,0.18,0.22,25.56,14.29,-11.27,0.71,0.57,96.67,98.21,1.54,37.6,37.22,92.22,98.21,5.99,2.2,1.62,14.44,5.36,-9.08,79.34,78.77,63.33,76.79,13.46,40.43,30.37,85.56,16.07,-69.49,35.14,30.0,70.0,30.36,-39.64,56.41,37.5,67.78,16.07,-51.71,73.91,38.1,96.67,19.64,-77.03,41.67,40.0,66.67,55.36,-11.31,8.333,28.0,24.44,94.64,70.2,41.67,40.63,78.89,83.93,5.04,89.54,88.02,98.89,87.5,-11.39,76.72,71.79,83.33,66.07,-17.26,22,1
J08-0628,Élvis,elvis,ATA,ATA,0,Atacante,Atacante,Brasil C,Brasil B,B,1,2025,2025,jun26,2026,1,2026,Ponte Preta,Ponte Preta,Élvis - Ponte Preta - Brasil C,Élvis - Ponte Preta - Brasil B,1891,527,23.0,8.0,1,0,616,284,0,0,1,0,2.3963,-2.0179,-4.414,95.8,6.1,35.0,35.0,0.0,0.0,medida (70 pares),referência,34.0,35.0,1.0,0,0,-0.2795,0.0,-4.1345,0.9199,-2.9378,única; único,única; único,28,33,0,9.09,9.05,1.79,1.52,-0.27,0.95,1.88,1.79,9.09,7.3,1.0,0.85,44.64,34.85,-9.79,0.0,0.17,14.29,71.21,56.92,1.19,1.02,8.93,10.61,1.68,7.95,7.69,98.21,98.48,0.27,28.6,25.96,98.21,95.45,-2.76,0.71,0.51,1.79,1.52,-0.27,0.22,0.03,14.29,3.03,-11.26,0.57,0.51,98.21,89.39,-8.82,37.22,32.45,98.21,95.45,-2.76,1.62,2.22,5.36,19.7,14.34,78.77,78.42,76.79,74.24,-2.55,30.37,45.28,16.07,92.42,76.35,30.0,36.36,30.36,57.58,27.22,37.5,46.67,16.07,28.79,12.72,38.1,40.0,19.64,37.88,18.24,40.0,33.33,55.36,25.76,-29.6,28.0,16.667,94.64,53.03,-41.61,40.63,21.43,83.93,43.94,-39.99,88.02,82.22,87.5,74.24,-13.26,71.79,75.93,66.07,89.39,23.32,22,1
J08-0629,Luan Silva,luan silva,ATA,ATA,0,Atacante,Atacante,Brasil B,Brasil C,C,1,2025,2025,jun26,2026,1,2026,Amazonas,Itabaiana,Luan Silva - Amazonas - Brasil B,Luan Silva - Itabaiana - Brasil C,1388,313,25.0,7.0,1,0,900,213,0,0,1,0,-0.0572,0.807,0.864,47.8,72.7,33.0,33.0,0.0,0.0,medida (111 pares),referência,32.0,33.0,1.0,0,0,-0.3218,0.0,1.1858,0.2232,0.5838,única; único,única; único,44,44,0,19.52,23.29,64.77,78.41,13.64,6.81,7.19,64.77,64.77,0.0,1.75,0.86,64.77,26.14,-38.63,0.0,0.0,11.36,28.41,17.05,2.53,2.01,82.95,64.77,-18.18,1.62,2.01,69.32,71.59,2.27,8.69,10.35,44.32,57.95,13.63,1.82,1.44,7.95,14.77,6.82,0.28,0.15,30.68,21.59,-9.09,0.32,0.0,70.45,12.5,-57.95,13.03,15.81,39.77,57.95,18.18,3.37,4.31,63.64,72.73,9.09,72.64,65.45,37.5,7.95,-29.55,33.89,28.4,28.41,17.05,-11.36,32.38,20.0,60.23,22.73,-37.5,36.96,41.67,7.95,23.86,15.91,48.15,0.0,36.36,4.55,-31.81,25.64,14.29,3.41,5.68,2.27,15.385,0.0,60.23,12.5,-47.73,30.77,0.0,71.59,21.59,-50.0,76.0,42.86,80.68,19.32,-61.36,63.16,40.0,57.95,18.18,-39.77,22,1
J08-0630,Zé Eduardo,ze eduardo,ATA,ATA,0,Atacante,Atacante,Brasil B,Brasil C,C,1,2024,2024,2025,2025,1,2025,Ituano,Tombense,Zé Eduardo - Ituano - Brasil B,Zé Eduardo - Tombense - Brasil C,551,549,11.0,10.0,1,1,900,616,1,1,0,0,-0.2893,-1.2066,-0.917,39.5,11.3,26.0,26.0,0.0,0.0,medida (76 pares),medida (70 pares),24.0,25.0,1.0,0,0,-0.017,0.0,-0.9,0.1572,-1.3638,única; único,única; único,45,28,0,17.15,16.07,26.67,17.86,-8.81,5.23,5.25,46.67,32.14,-14.53,0.98,0.98,20.0,42.86,22.86,0.16,0.0,48.89,14.29,-34.6,2.61,1.64,91.11,28.57,-62.54,0.98,1.15,16.67,44.64,27.97,7.68,8.69,20.0,35.71,15.71,2.29,1.48,28.89,14.29,-14.6,0.26,0.22,41.11,14.29,-26.82,0.0,0.0,2.22,5.36,3.14,9.15,10.0,0.0,7.14,7.14,3.43,3.11,62.22,53.57,-8.65,60.71,80.33,0.0,92.86,92.86,45.71,40.82,100.0,89.29,-10.71,34.38,31.25,64.44,35.71,-28.73,58.82,50.0,75.56,57.14,-18.42,33.33,83.33,13.33,100.0,86.67,31.25,40.0,23.33,55.36,32.03,12.5,0.0,48.89,3.57,-45.32,25.0,0.0,37.78,16.07,-21.71,83.33,85.71,86.67,83.93,-2.74,45.45,66.67,5.56,51.79,46.23,22,1
J08-0631,Quirino,quirino,ATA,ATA,0,Atacante,Atacante,Brasil B,Brasil C,C,1,2024,2024,2025,2025,1,2025,Mirassol,Londrina,Quirino - Mirassol - Brasil B,Quirino - Londrina - Brasil C,507,925,17.0,13.0,0,1,900,616,0,1,0,0,-1.2417,-0.897,0.345,4.9,18.3,32.0,32.0,0.0,0.0,medida (76 pares),medida (70 pares),30.0,31.0,1.0,0,0,-0.0849,0.0,0.4299,-0.1132,-0.7838,única; único,única; único,45,28,0,23.96,22.18,86.67,58.93,-27.74,5.33,7.2,46.67,58.93,12.26,1.6,0.78,51.11,30.36,-20.75,0.53,0.1,100.0,41.07,-58.93,1.24,1.65,2.22,32.14,29.92,1.24,0.88,32.22,26.79,-5.43,6.57,8.85,4.44,44.64,40.2,2.66,2.34,51.11,37.5,-13.61,0.24,0.33,34.44,71.43,36.99,0.18,0.19,38.89,46.43,7.54,11.54,14.79,15.56,58.93,43.37,3.73,2.24,64.44,19.64,-44.8,75.38,80.26,33.33,87.5,54.17,35.56,34.65,46.67,55.36,8.69,23.33,28.38,17.78,26.79,9.01,52.17,50.0,44.44,57.14,12.7,77.78,50.0,97.78,57.14,-40.64,57.14,47.06,100.0,76.79,-23.21,0.0,11.765,1.11,51.79,50.68,0.0,12.5,4.44,39.29,34.85,28.57,55.56,0.0,16.07,16.07,100.0,53.85,100.0,26.79,-73.21,22,1
J08-0632,Carlão,carlao,ATA,ATA,0,Atacante,Atacante,Brasil C,Brasil B,B,1,2024,2024,2025,2025,1,2025,Ferroviária,Ferroviária,Carlão - Ferroviária - Brasil C,Carlão - Ferroviária - Brasil B,2013,3375,23.0,36.0,0,0,592,900,0,0,0,0,0.7081,0.2384,-0.47,72.6,61.2,33.0,33.0,0.0,0.0,medida (53 pares),medida (111 pares),31.0,32.0,1.0,0,0,-0.3218,0.0,-0.1482,0.4405,-0.2021,única; único,única; homônimo resolvido pelo clube,36,44,0,18.96,17.15,40.28,32.95,-7.33,8.05,6.99,70.83,69.32,-1.51,0.54,0.75,9.72,17.05,7.33,0.0,0.05,15.28,28.41,13.13,1.79,1.6,37.5,23.86,-13.64,1.12,1.23,31.94,48.86,16.92,10.1,9.49,54.17,53.41,-0.76,3.4,2.8,86.11,39.77,-46.34,0.25,0.35,23.61,77.27,53.66,0.13,0.19,27.78,42.05,14.27,15.69,14.48,59.72,57.95,-1.77,4.16,3.97,66.67,73.86,7.19,80.63,76.98,79.17,69.32,-9.85,34.43,39.81,34.72,73.86,39.14,31.11,33.59,45.83,67.05,21.22,46.91,47.33,12.5,28.41,15.91,41.67,42.86,29.17,25.0,-4.17,50.0,38.33,73.61,39.77,-33.84,22.5,21.667,68.06,85.23,17.17,20.0,37.5,43.06,89.77,46.71,72.0,58.7,51.39,19.32,-32.07,57.14,46.3,30.56,10.23,-20.33,22,1
J08-0633,Ítalo,italo,ATA,ATA,0,Atacante,Atacante,Brasil C,Brasil B,B,1,2024,2024,2025,2025,1,2025,Volta Redonda,Volta Redonda,Ítalo - Volta Redonda - Brasil C,Ítalo - Volta Redonda - Brasil B,1061,1274,11.0,18.0,0,0,592,900,0,0,0,0,1.468,-1.306,-2.774,88.7,4.5,29.0,29.0,0.0,0.0,medida (53 pares),medida (111 pares),27.0,28.0,1.0,0,0,-0.2574,0.0,-2.5166,0.6563,-1.9623,homônimo resolvido por qz+minutos; homônimo resolvido pelo clube,homônimo resolvido por qz+minutos; homônimo resolvido pelo clube,36,44,0,15.18,16.53,15.28,28.41,13.13,3.56,4.8,26.39,42.05,15.66,0.85,1.91,15.28,67.05,51.77,0.0,0.21,15.28,85.23,69.95,1.87,1.41,47.22,17.05,-30.17,0.59,1.41,1.39,60.23,58.84,7.72,8.76,23.61,46.59,22.98,3.05,2.83,73.61,44.32,-29.29,0.48,0.17,90.28,9.09,-81.19,0.25,0.14,52.78,26.14,-26.64,12.55,15.33,23.61,64.77,41.16,1.87,1.48,4.17,3.41,-0.76,75.0,74.65,37.5,55.68,18.18,37.99,28.21,62.5,3.41,-59.09,19.05,13.24,9.72,1.14,-8.58,63.64,50.0,73.61,35.23,-38.38,70.0,48.15,91.67,36.36,-55.31,54.55,50.0,86.11,86.36,0.25,36.364,10.0,95.83,25.0,-70.83,0.0,20.0,13.89,37.5,23.61,71.43,75.0,47.22,73.86,26.64,66.67,47.06,61.11,12.5,-48.61,22,1
J08-0634,Ítalo,italo,ATA,ATA,0,Atacante,Atacante,Brasil B,Brasil C,C,1,2025,2025,jun26,2026,1,2026,Volta Redonda,Paysandu,Ítalo - Volta Redonda - Brasil B,Ítalo - Paysandu - Brasil C,1274,500,18.0,6.0,1,0,900,213,0,0,1,0,-1.306,-0.3323,0.974,4.5,38.6,29.0,29.0,0.0,0.0,medida (111 pares),referência,28.0,29.0,1.0,0,0,-0.2574,0.0,1.2314,-0.1315,-0.2008,homônimo resolvido por qz+minutos; homônimo resolvido pelo clube,única; homônimo resolvido pelo clube,44,44,0,16.53,15.66,28.41,17.05,-11.36,4.8,5.04,42.05,39.77,-2.28,1.91,0.9,67.05,35.23,-31.82,0.21,0.0,85.23,28.41,-56.82,1.41,1.44,17.05,26.14,9.09,1.41,1.26,60.23,35.23,-25.0,8.76,7.02,46.59,32.95,-13.64,2.83,2.7,44.32,56.82,12.5,0.17,0.43,9.09,89.77,80.68,0.14,0.18,26.14,31.82,5.68,15.33,11.52,64.77,32.95,-31.82,1.48,2.34,3.41,17.05,13.64,74.65,67.19,55.68,12.5,-43.18,28.21,26.44,3.41,12.5,9.09,13.24,21.43,1.14,28.41,27.27,50.0,25.0,35.23,3.41,-31.82,48.15,40.0,36.36,30.68,-5.68,50.0,75.0,86.36,98.86,12.5,10.0,37.5,25.0,92.05,67.05,20.0,50.0,37.5,79.55,42.05,75.0,85.71,73.86,76.14,2.28,47.06,66.67,12.5,63.64,51.14,22,1
J08-0635,Renê,rene,ATA,ATA,0,Atacante,Atacante,Brasil C,Brasil A,A,1,2024,2024,jun26,2026,2,2026,EC São José,Vitória,Renê - EC São José - Brasil C,Renê - Vitória - Brasil A,1035,765,15.0,10.0,1,0,592,426,0,0,1,0,-1.0226,0.6745,1.697,12.9,81.8,22.0,22.0,0.0,0.0,medida (53 pares),referência,20.0,22.0,2.0,0,0,0.4852,0.0,1.2118,0.2249,0.4496,única; único,única; homônimo resolvido pelo clube,36,33,0,23.91,17.18,76.39,59.09,-17.3,6.43,4.59,48.61,59.09,10.48,2.09,2.35,76.39,74.24,-2.15,0.43,0.24,90.28,69.7,-20.58,1.65,2.47,27.78,80.3,52.52,1.39,0.94,48.61,10.61,-38.0,7.83,9.41,29.17,34.85,5.68,2.61,3.29,34.72,53.03,18.31,0.29,0.32,40.28,40.91,0.63,0.0,0.24,6.94,24.24,17.3,13.65,10.47,37.5,16.67,-20.83,4.96,4.0,79.17,86.36,7.19,71.97,71.91,15.28,31.82,16.54,36.73,39.73,43.06,74.24,31.18,17.57,25.64,6.94,31.82,24.88,69.57,60.0,93.06,86.36,-6.7,45.83,55.0,43.06,80.3,37.24,47.37,66.67,65.28,95.45,30.17,5.263,23.81,6.94,83.33,76.39,23.81,20.0,51.39,46.97,-4.42,68.75,37.5,43.06,1.52,-41.54,25.0,33.33,1.39,4.55,3.16,22,1
J08-0636,Cristian Renato,cristian renato,ATA,ATA,0,Atacante,Atacante,Brasil C,Brasil A,A,1,2024,2024,2025,2025,1,2025,Figueirense,Mirassol,Cristian Renato - Figueirense - Brasil C,Cristian Renato - Mirassol - Brasil A,513,1568,11.0,32.0,0,1,592,900,0,1,0,0,-0.3376,-0.3262,0.011,33.9,31.2,26.0,26.0,0.0,0.0,medida (53 pares),medida (156 pares),24.0,25.0,1.0,0,0,-0.017,0.0,0.028,0.1435,-0.4697,única; único,única; único,36,50,0,27.02,16.76,91.67,31.0,-60.67,9.82,4.3,80.56,55.0,-25.56,1.58,1.38,58.33,45.0,-13.33,0.0,0.06,15.28,29.0,13.72,1.4,2.24,8.33,59.0,50.67,0.53,0.8,0.0,2.0,2.0,5.61,7.98,8.33,9.0,0.67,3.68,2.76,91.67,29.0,-62.67,0.21,0.36,19.44,58.0,38.56,0.18,0.23,38.89,36.0,-2.89,13.33,11.14,36.11,5.0,-31.11,3.86,2.18,61.11,15.0,-46.11,71.05,75.77,8.33,39.0,30.67,31.82,31.51,19.44,11.0,-8.44,28.57,36.0,38.89,61.0,22.11,54.55,42.86,45.83,11.0,-34.83,44.44,37.5,34.72,8.0,-26.72,25.0,51.28,5.56,87.0,81.44,12.5,12.821,27.78,33.0,5.22,0.0,50.0,13.89,91.0,77.11,66.67,42.86,38.89,5.0,-33.89,0.0,58.82,0.0,29.0,29.0,22,1
J08-0637,Neto Costa,neto costa,ATA,ATA,0,Atacante,Atacante,Brasil C,Brasil B,B,1,2024,2024,2025,2025,1,2025,Athletic Club,Athletic Club,Neto Costa - Athletic Club - Brasil C,Neto Costa - Athletic Club - Brasil B,452,1502,14.0,33.0,0,1,592,900,0,1,0,0,0.0981,-0.8454,-0.944,54.8,13.4,29.0,29.0,0.0,0.0,medida (53 pares),medida (111 pares),27.0,28.0,1.0,0,0,-0.2574,0.0,-0.6866,0.2673,-1.1127,única; único,única; único,36,44,0,21.7,19.41,63.89,57.95,-5.94,6.97,5.81,58.33,51.14,-7.19,0.6,0.72,11.11,14.77,3.66,0.0,0.0,15.28,11.36,-3.92,2.59,1.62,83.33,27.27,-56.06,0.4,1.8,0.0,73.86,73.86,6.97,8.57,16.67,37.5,20.83,3.38,2.4,83.33,12.5,-70.83,0.44,0.34,84.72,70.45,-14.27,0.2,0.0,41.67,3.41,-38.26,13.54,14.14,36.11,51.14,15.03,3.98,3.66,61.11,71.59,10.48,73.53,77.54,27.78,76.14,48.36,37.61,37.35,58.33,57.95,-0.38,28.57,25.77,38.89,21.59,-17.3,55.0,55.0,50.0,57.95,7.95,33.33,58.33,16.67,79.55,62.88,38.46,48.15,36.11,82.95,46.84,23.077,22.222,75.0,89.77,14.77,0.0,0.0,13.89,6.82,-7.07,50.0,60.0,9.72,23.86,14.14,42.86,70.83,11.11,73.86,62.75,22,1
J08-0638,Matheus Lucas,matheus lucas,ATA,ATA,0,Atacante,Atacante,Brasil C,Brasil B,B,1,2024,2024,2025,2025,1,2025,Volta Redonda,Volta Redonda,Matheus Lucas - Volta Redonda - Brasil C,Matheus Lucas - Volta Redonda - Brasil B,404,850,8.0,23.0,1,1,592,900,1,1,0,0,-0.9053,-0.7178,0.188,16.1,22.4,27.0,27.0,0.0,0.0,medida (53 pares),medida (111 pares),25.0,26.0,1.0,0,0,-0.0645,0.0,0.2525,-0.0177,-0.7001,única; único,única; único,36,44,0,18.27,20.75,33.33,84.09,50.76,5.12,4.34,36.11,34.09,-2.02,0.45,1.91,8.33,67.05,58.72,0.0,0.11,15.28,52.27,36.99,2.0,2.75,50.0,86.36,36.36,0.67,0.53,2.78,6.82,4.04,8.69,8.26,41.67,25.0,-16.67,1.56,3.28,5.56,68.18,62.62,0.17,0.43,11.11,95.45,84.34,0.0,0.0,6.94,3.41,-3.53,11.36,11.96,15.28,25.0,9.72,1.78,3.81,2.78,72.73,69.95,80.39,77.88,77.78,79.55,1.77,36.59,38.78,38.89,70.45,31.56,34.78,26.83,59.72,22.73,-36.99,36.36,47.73,0.0,29.55,29.55,100.0,66.67,100.0,93.18,-6.82,22.22,34.62,2.78,22.73,19.95,11.111,15.385,20.83,60.23,39.4,0.0,25.0,13.89,57.95,44.06,66.67,80.0,38.89,90.91,52.02,100.0,66.67,100.0,69.32,-30.68,22,1
J08-0639,G. Tapia,g tapia,ATA,ATA,0,Atacante,Atacante,Chile,Brasil A,A,0,2024,2024,2025,2025,1,2025,Universidad Católica,São Paulo,G. Tapia - Universidad Católica - Chile,G. Tapia - São Paulo - Brasil A,2402,1252,29.0,20.0,0,0,711,900,0,0,0,0,1.1454,0.3809,-0.764,81.5,57.8,24.0,24.0,0.0,0.0,medida (99 pares),medida (156 pares),22.0,23.0,1.0,0,0,0.2019,0.0,-0.9659,0.5647,-0.1838,única; único,única; único,53,50,0,22.89,20.06,46.23,61.0,14.77,4.2,5.1,29.25,61.0,31.75,3.75,2.16,83.96,67.0,-16.96,0.56,0.72,87.74,99.0,11.26,2.59,2.3,72.64,67.0,-5.64,2.02,1.08,50.0,23.0,-27.0,10.49,10.85,36.79,43.0,6.21,3.63,3.81,55.66,83.0,27.34,0.28,0.34,31.13,47.0,15.87,0.64,0.14,89.62,17.0,-72.62,15.29,17.11,33.02,59.0,25.98,4.16,2.44,59.43,25.0,-34.43,71.08,73.95,44.34,17.0,-27.34,43.04,42.65,87.74,83.0,-4.74,52.68,40.85,95.28,81.0,-14.28,57.73,46.34,57.55,20.0,-37.55,55.0,66.67,72.64,91.0,18.36,46.38,40.63,82.08,49.0,-33.08,13.043,15.625,46.23,59.0,12.77,23.94,20.0,38.68,31.0,-7.68,77.78,53.33,69.81,16.0,-53.81,72.73,60.0,85.85,32.0,-53.85,22,1
J08-0640,Carlos Vinícius,carlos vinicius,ATA,ATA,0,Atacante,Atacante,Inglaterra A,Brasil A,A,0,2024,2024,2025,2025,1,2025,Fulham,Grêmio,Carlos Vinícius - Fulham - Inglaterra A,Carlos Vinícius - Grêmio - Brasil A,406,1025,13.0,14.0,0,1,639,900,0,1,0,0,-0.4034,0.6424,1.046,30.9,65.6,28.0,31.0,2.0,0.0,medida (123 pares),medida (156 pares),28.0,30.0,2.0,1,0,-0.3423,-0.4545,1.3883,0.1248,0.5176,única; único,única; único,44,50,0,21.95,19.14,50.0,53.0,3.0,3.33,2.9,36.36,26.0,-10.36,2.0,1.76,32.95,57.0,24.05,0.22,0.0,17.05,12.0,-5.05,2.0,2.37,38.64,71.0,32.36,0.67,0.97,6.82,14.0,7.18,7.98,7.64,13.64,7.0,-6.64,2.88,3.07,18.18,43.0,24.82,0.43,0.57,67.05,95.0,27.95,0.22,0.26,19.32,43.0,23.68,12.19,11.41,15.91,9.0,-6.91,2.44,1.49,9.09,1.0,-8.09,81.82,76.92,81.82,49.0,-32.82,23.23,29.82,0.0,3.0,3.0,13.33,42.42,6.82,87.0,80.18,42.86,43.48,2.27,13.0,10.73,44.44,35.0,18.18,3.0,-15.18,55.56,59.26,87.5,95.0,7.5,22.222,44.444,81.82,99.0,17.18,0.0,25.0,4.55,39.0,34.45,66.67,81.82,39.77,84.0,44.23,75.0,61.11,65.91,36.0,-29.91,22,1
J08-0641,Ronaldo Tavares,ronaldo tavares,ATA,ATA,0,Atacante,Atacante,Portugal A,Brasil B,B,0,2024,2024,2025,2025,1,2025,Estrela Amadora,Athletic Club,Ronaldo Tavares - Estrela Amadora - Portugal A,Ronaldo Tavares - Athletic Club - Brasil B,1143,2037,20.0,25.0,0,0,568,900,0,0,0,0,0.1878,2.7785,2.591,59.4,94.0,26.0,28.0,2.0,0.0,medida (44 pares),medida (111 pares),26.0,27.0,1.0,0,0,-0.0645,-0.1994,2.6555,0.2927,2.4858,única; único,única; único,35,44,0,26.22,15.77,87.14,21.59,-65.55,7.09,5.35,67.14,44.32,-22.82,5.75,2.12,95.71,72.73,-22.98,0.63,0.27,84.29,87.5,3.21,2.13,1.86,50.0,37.5,-12.5,1.73,1.24,67.14,51.14,-16.0,8.98,9.01,30.0,48.86,18.86,4.8,3.93,90.0,92.05,2.05,0.34,0.39,42.86,86.36,43.5,0.24,0.35,38.57,78.41,39.84,14.25,12.55,38.57,34.09,-4.48,3.23,2.74,52.86,36.36,-16.5,59.12,63.38,7.14,1.14,-6.0,36.34,42.02,52.86,78.41,25.55,45.56,52.07,81.43,98.86,17.43,53.85,57.41,72.86,69.32,-3.54,45.21,41.67,35.71,21.59,-14.12,25.93,50.0,4.29,86.36,82.07,11.111,21.429,21.43,82.95,61.52,26.92,22.58,58.57,48.86,-9.71,68.18,67.86,51.43,48.86,-2.57,53.85,54.17,32.86,28.41,-4.45,22,1
J08-0642,Bruno Tabata,bruno tabata,EXT,EXT,0,Extremo - Direita,Extremo - Direita,Catar,Brasil A,A,0,2024,2024,2025,2025,1,2025,Qatar SC,Internacional,Bruno Tabata - Qatar SC - Catar,Bruno Tabata - Internacional - Brasil A,1991,1229,21.0,24.0,0,0,521,900,0,0,0,0,3.1625,-0.005,-3.167,94.6,50.0,29.0,29.0,0.0,0.0,medida (66 pares),medida (156 pares),27.0,28.0,1.0,0,0,-0.0687,0.0,-3.0983,1.6366,-1.6416,única; único,única; único,36,57,0,24.09,23.07,87.5,88.6,1.1,1.18,2.05,34.72,57.02,22.3,8.45,4.1,95.83,51.75,-44.08,1.58,0.0,93.06,0.88,-92.18,2.76,2.71,84.72,93.86,9.14,8.32,5.64,95.83,86.84,-8.99,22.74,31.78,68.06,95.61,27.55,2.17,2.42,31.94,29.82,-2.12,0.24,0.22,66.67,69.3,2.63,0.59,0.37,62.5,31.58,-30.92,34.67,42.62,90.28,97.37,7.09,4.38,6.08,18.06,78.07,60.01,74.05,80.41,15.28,65.79,50.51,48.22,41.27,87.5,20.18,-67.32,30.77,21.43,43.06,23.68,-19.38,63.83,63.51,79.17,83.33,4.16,58.82,62.5,81.94,90.35,8.41,37.7,35.14,40.28,44.74,4.46,13.115,8.108,51.39,42.98,-8.41,36.75,30.95,70.83,50.0,-20.83,83.7,75.32,79.17,58.77,-20.4,72.92,76.92,59.72,69.3,9.58,22,1
J08-0643,Lucas Ronier,lucas ronier,EXT,EXT,0,Extremo - Direita,Extremo - Direita,Brasil B,Brasil A,A,1,2025,2025,jun26,2026,1,2026,Coritiba,Coritiba,Lucas Ronier - Coritiba - Brasil B,Lucas Ronier - Coritiba - Brasil A,2612,1368,29.0,15.0,0,0,900,426,0,0,1,0,0.334,0.6745,0.34,73.5,69.6,21.0,21.0,0.0,0.0,medida (111 pares),referência,20.0,21.0,1.0,0,0,0.1403,0.0,0.1997,0.3921,0.2824,única; único,única; único,56,46,0,23.43,22.5,95.54,94.57,-0.97,2.17,2.76,50.89,83.7,32.81,4.55,3.82,81.25,57.61,-23.64,0.48,0.26,80.36,22.83,-57.53,2.31,1.84,66.96,56.52,-10.44,4.24,3.55,70.54,46.74,-23.8,22.47,19.01,81.25,31.52,-49.73,3.1,2.76,81.25,59.78,-21.47,0.19,0.15,58.04,42.39,-15.65,0.31,0.46,29.46,51.09,21.63,31.29,25.39,86.61,36.96,-49.65,7.61,7.24,99.11,92.39,-6.72,77.64,76.17,49.11,35.87,-13.24,47.94,45.91,90.18,55.43,-34.75,34.92,28.57,63.39,38.04,-25.35,64.97,58.82,93.75,79.35,-14.4,57.58,60.34,59.82,68.48,8.66,29.85,25.0,25.89,10.87,-15.02,5.97,3.571,29.46,18.48,-10.98,27.69,33.33,24.11,60.87,36.76,71.54,59.26,38.39,11.96,-26.43,70.71,76.92,59.82,66.3,6.48,22,1
J08-0644,Enio,enio,EXT,EXT,0,Extremo - Direita,Extremo - Esquerda,Brasil B,Brasil A,A,1,2024,2024,2025,2025,1,2025,Amazonas,Juventude,Enio - Amazonas - Brasil B,Enio - Juventude - Brasil A,2843,1263,36.0,26.0,0,0,900,900,0,0,0,0,3.3641,-0.1575,-3.522,97.7,48.9,25.0,25.0,0.0,0.0,medida (76 pares),medida (156 pares),23.0,24.0,1.0,0,0,0.0306,0.0,-3.5526,1.7253,-1.8828,única; único,única; único,60,57,0,22.19,18.95,70.83,46.49,-24.34,2.09,2.07,34.17,58.77,24.6,4.97,3.85,75.83,39.47,-36.36,0.35,0.21,45.0,30.7,-14.3,1.23,1.64,15.83,35.96,20.13,4.81,4.06,79.17,61.4,-17.77,25.83,17.32,92.5,23.68,-68.82,2.25,2.64,47.5,45.61,-1.89,0.12,0.19,21.67,52.63,30.96,0.32,0.43,55.0,42.98,-12.02,33.18,25.01,87.5,51.75,-35.75,4.02,2.92,17.5,7.89,-9.61,84.92,78.06,97.5,42.98,-54.52,45.79,41.35,69.17,21.93,-47.24,16.67,20.69,11.67,18.42,6.75,65.25,54.35,90.83,39.47,-51.36,65.61,59.26,87.5,68.42,-19.08,41.03,39.13,75.0,68.42,-6.58,5.128,13.043,27.5,72.81,45.31,32.81,39.29,59.17,81.58,22.41,84.21,66.67,90.83,21.05,-69.78,82.91,76.0,92.5,64.04,-28.46,22,1
J08-0645,Diego Mathias,diego mathias,EXT,EXT,0,Extremo - Direita,Extremo - Direita,Brasil B,Brasil C,C,1,2024,2024,2025,2025,1,2025,Brusque,Brusque,Diego Mathias - Brusque - Brasil B,Diego Mathias - Brusque - Brasil C,2067,1734,29.0,22.0,0,0,900,616,0,0,0,0,-0.6767,0.3997,1.076,31.8,64.3,27.0,27.0,0.0,0.0,medida (76 pares),medida (70 pares),25.0,26.0,1.0,0,0,-0.0553,0.0,1.1313,-0.0526,0.4523,única; único,única; único,60,44,0,20.73,15.99,51.67,7.95,-43.72,2.87,3.11,70.83,67.05,-3.78,3.66,3.17,42.5,35.23,-7.27,0.04,0.0,0.83,3.41,2.58,1.87,2.34,59.17,85.23,26.06,5.27,3.74,89.17,60.23,-28.94,20.77,17.34,69.17,60.23,-8.94,1.61,1.66,20.83,28.41,7.58,0.11,0.23,15.83,85.23,69.4,0.3,0.26,47.5,45.45,-2.05,28.74,22.94,75.83,51.14,-24.69,6.66,4.15,80.83,23.86,-56.97,78.18,69.23,60.83,19.32,-41.51,41.18,40.58,29.17,28.41,-0.76,28.79,31.67,47.5,42.05,-5.45,60.74,47.76,65.83,19.32,-46.51,51.19,55.74,39.17,57.95,18.78,30.23,31.11,29.17,53.41,24.24,6.977,15.556,40.83,73.86,33.03,37.5,25.81,77.5,37.5,-40.0,74.38,61.11,45.83,12.5,-33.33,63.83,53.57,27.5,14.77,-12.73,22,1
J08-0646,Dentinho,dentinho,EXT,EXT,0,Extremo - Direita,Extremo - Esquerda,Brasil B,Brasil C,C,1,2024,2024,2025,2025,1,2025,Brusque,Guarani,Dentinho - Brusque - Brasil B,Dentinho - Guarani - Brasil C,1800,322,24.0,6.0,1,0,900,616,1,0,0,0,-0.7663,-0.1923,0.574,27.3,40.8,29.0,29.0,0.0,0.0,medida (76 pares),medida (70 pares),27.0,28.0,1.0,0,0,-0.0687,0.0,0.6427,-0.0921,-0.1002,única; único,única; único,60,44,0,21.2,22.64,64.17,65.91,1.74,2.4,2.24,52.5,40.91,-11.59,4.5,4.75,60.83,75.0,14.17,0.55,0.28,63.33,45.45,-17.88,1.8,1.68,56.67,59.09,2.42,3.2,0.84,38.33,0.0,-38.33,22.35,12.86,79.17,15.91,-63.26,1.45,2.24,10.83,56.82,45.99,0.13,0.1,29.17,32.95,3.78,0.2,0.0,20.83,1.14,-19.69,30.5,19.01,80.83,15.91,-64.92,5.55,4.19,62.5,27.27,-35.23,81.97,69.12,85.83,18.18,-67.65,39.15,44.44,12.5,60.23,47.73,18.75,62.5,16.67,100.0,83.33,64.44,68.75,87.5,97.73,10.23,50.0,64.71,28.33,79.55,51.22,38.89,33.33,64.17,60.23,-3.94,2.778,16.667,10.0,80.68,70.68,24.24,0.0,15.83,0.0,-15.83,67.19,66.67,15.83,22.73,6.9,78.72,54.55,80.83,19.32,-61.51,22,1
J08-0647,Jean Dias,jean dias,EXT,EXT,0,Extremo - Direita,Extremo - Direita,Brasil B,Brasil C,C,1,2024,2024,2025,2025,1,2025,Paysandu,Ponte Preta,Jean Dias - Paysandu - Brasil B,Jean Dias - Ponte Preta - Brasil C,1516,1072,28.0,14.0,0,0,900,616,0,0,0,0,0.234,4.0,3.766,61.4,100.0,35.0,35.0,0.0,0.0,medida (76 pares),medida (70 pares),33.0,34.0,1.0,0,0,0.1403,0.0,3.6257,0.3481,3.6519,única; único,única; único,60,44,0,16.03,16.04,10.83,10.23,-0.6,1.31,1.76,9.17,23.86,14.69,4.81,3.86,70.0,54.55,-15.45,0.53,0.42,59.17,69.32,10.15,2.02,1.43,67.5,42.05,-25.45,5.7,3.11,92.5,30.68,-61.82,23.27,22.75,85.83,94.32,8.49,1.66,1.6,25.0,23.86,-1.14,0.14,0.08,40.0,25.0,-15.0,0.3,0.5,47.5,78.41,30.91,29.21,28.21,77.5,89.77,12.27,4.1,3.19,25.0,1.14,-23.86,77.85,76.79,55.83,60.23,4.4,54.81,44.5,99.17,62.5,-36.67,40.91,23.81,84.17,19.32,-64.85,65.52,42.5,92.5,1.14,-91.36,66.67,52.17,91.67,46.59,-45.08,32.35,17.65,43.33,7.95,-35.38,11.765,0.0,71.67,11.36,-60.31,29.23,27.91,40.83,42.05,1.22,80.21,64.86,77.5,17.05,-60.45,78.95,70.37,82.5,55.68,-26.82,22,1
J08-0648,Ignacio Laquintana,ignacio laquintana,EXT,EXT,0,Extremo - Direita,Extremo - Direita,Brasil B,Brasil A,A,1,2024,2024,2025,2025,1,2025,Santos,Red Bull Bragantino,Ignacio Laquintana - Santos - Brasil B,Ignacio Laquintana - Red Bull Bragantino - Brasil A,406,1147,11.0,23.0,0,1,900,900,0,1,0,0,-1.1812,-0.4059,0.775,18.2,33.3,27.0,27.0,0.0,0.0,medida (76 pares),medida (156 pares),25.0,26.0,1.0,0,0,-0.0553,0.0,0.8303,-0.2746,-0.1313,única; único,única; único,60,57,0,15.74,10.59,10.0,2.63,-7.37,2.0,1.26,33.33,21.93,-11.4,2.88,2.2,18.33,11.4,-6.93,0.22,0.08,21.67,9.65,-12.02,1.33,2.04,20.0,74.56,54.56,3.33,4.71,45.0,69.3,24.3,18.84,19.77,58.33,51.75,-6.58,3.1,3.45,86.67,86.84,0.17,0.06,0.14,5.0,24.56,19.56,0.44,0.71,72.5,90.35,17.85,26.16,24.09,65.0,35.96,-29.04,4.43,4.0,38.33,20.18,-18.15,70.34,70.68,18.33,9.65,-8.68,36.62,42.22,3.33,28.95,25.62,11.11,31.25,1.67,50.0,48.33,57.14,50.0,41.67,16.67,-25.0,61.54,57.14,76.67,57.02,-19.65,33.33,38.46,50.0,62.28,12.28,0.0,15.385,4.17,79.82,75.65,28.57,23.81,35.0,21.93,-13.07,86.67,75.0,98.33,57.02,-41.31,66.67,57.89,46.67,9.65,-37.02,22,1
J08-0649,Vitor Barreto,vitor barreto,EXT,EXT,0,Extremo - Direita,Extremo - Esquerda,Brasil C,Brasil B,B,1,2024,2024,2025,2025,1,2025,Ferroviária,Ferroviária,Vitor Barreto - Ferroviária - Brasil C,Vitor Barreto - Ferroviária - Brasil B,1731,516,21.0,14.0,1,0,592,900,1,0,0,0,-1.4095,-0.4167,0.993,5.3,35.1,26.0,26.0,0.0,0.0,medida (53 pares),medida (111 pares),24.0,25.0,1.0,0,0,0.0306,0.0,0.9624,-0.3751,-0.0416,única; único,única; único,49,56,0,27.61,20.58,92.86,84.82,-8.04,6.03,3.31,92.86,80.36,-12.5,5.62,4.36,74.49,75.0,0.51,0.47,0.17,52.04,24.11,-27.93,2.18,2.62,71.43,76.79,5.36,3.22,3.66,39.8,48.21,8.41,16.17,16.57,31.63,27.68,-3.95,2.5,1.74,70.41,30.36,-40.05,0.24,0.18,83.67,51.79,-31.88,0.1,0.52,11.22,71.43,60.21,20.9,19.71,27.55,17.86,-9.69,4.16,5.93,27.55,89.29,61.74,75.87,75.22,52.04,33.93,-18.11,35.97,41.53,9.18,33.93,24.75,39.66,31.58,60.2,38.39,-21.81,48.31,54.84,17.35,50.0,32.65,44.44,52.0,13.27,28.57,15.3,40.48,46.67,70.41,91.07,20.66,9.524,6.667,57.14,40.18,-16.96,37.21,50.0,72.45,98.21,25.76,77.42,80.95,68.37,83.04,14.67,71.43,85.71,63.27,100.0,36.73,22,1
J08-0650,Vitor Barreto,vitor barreto,EXT,EXT,0,Extremo - Esquerda,Extremo - Esquerda,Brasil B,Brasil C,C,1,2025,2025,jun26,2026,1,2026,Ferroviária,Ferroviária,Vitor Barreto - Ferroviária - Brasil B,Vitor Barreto - Ferroviária - Brasil C,516,329,14.0,5.0,1,1,900,213,0,1,1,0,-0.4167,0.461,0.878,35.1,64.0,26.0,26.0,0.0,0.0,medida (111 pares),referência,25.0,26.0,1.0,0,0,-0.0553,0.0,0.9333,0.0618,0.3992,única; único,única; único,56,50,0,20.58,17.51,84.82,45.0,-39.82,3.31,2.74,80.36,65.0,-15.36,4.36,4.1,75.0,67.0,-8.0,0.17,1.09,24.11,99.0,74.89,2.62,3.01,76.79,93.0,16.21,3.66,5.74,48.21,92.0,43.79,16.57,17.51,27.68,53.0,25.32,1.74,3.56,30.36,83.0,52.64,0.18,0.29,51.79,85.0,33.21,0.52,0.0,71.43,15.0,-56.43,19.71,22.98,17.86,53.0,35.14,5.93,4.1,89.29,43.0,-46.29,75.22,72.62,33.93,31.0,-2.93,41.53,46.88,33.93,78.0,44.07,31.58,30.0,38.39,42.0,3.61,54.84,38.46,50.0,9.0,-41.0,52.0,66.67,28.57,88.0,59.43,46.67,45.45,91.07,71.0,-20.07,6.667,9.091,40.18,59.0,18.82,50.0,25.0,98.21,34.0,-64.21,80.95,71.43,83.04,40.0,-43.04,85.71,81.25,100.0,79.0,-21.0,22,1
J08-0651,Welinton Torrão,welinton torrao,EXT,EXT,0,Extremo - Direita,Extremo - Direita,Brasil C,Brasil B,B,1,2024,2024,2025,2025,1,2025,Athletic Club,Athletic Club,Welinton Torrão - Athletic Club - Brasil C,Welinton Torrão - Athletic Club - Brasil B,1252,2366,18.0,31.0,0,0,592,900,0,0,0,0,1.7624,1.1969,-0.565,98.2,91.8,26.0,26.0,0.0,0.0,medida (53 pares),medida (111 pares),24.0,25.0,1.0,0,0,0.0306,0.0,-0.5956,1.0206,0.1763,única; único,única; único,49,56,0,16.25,15.75,13.27,27.68,14.41,3.52,3.61,72.45,84.82,12.37,3.09,2.85,27.55,45.54,17.99,0.86,0.46,80.61,73.21,-7.4,1.29,1.29,19.39,19.64,0.25,5.03,3.58,88.78,45.54,-43.24,21.13,16.74,80.61,29.46,-51.15,2.88,3.08,84.69,79.46,-5.23,0.12,0.14,29.59,35.71,6.12,0.86,0.8,98.98,91.96,-7.02,27.24,22.56,74.49,31.25,-43.24,3.67,4.72,13.27,54.46,41.19,73.88,69.98,37.76,9.82,-27.94,42.48,46.14,47.96,74.11,26.15,51.02,48.42,96.94,97.32,0.38,50.88,53.64,33.67,40.18,6.51,58.14,56.0,68.37,50.89,-17.48,22.22,44.12,12.24,90.18,77.94,11.111,8.824,70.41,54.46,-15.95,35.29,24.73,68.37,18.75,-49.62,85.71,71.28,96.94,36.61,-60.33,78.95,52.78,84.69,4.46,-80.23,22,1
J08-0652,Thiaguinho,thiaguinho,EXT,EXT,0,Extremo - Esquerda,Extremo - Direita,Bahrain,Brasil B,B,0,2024,2024,2025,2025,1,2025,Manama,CRB,Thiaguinho - Manama - Bahrain,Thiaguinho - CRB - Brasil B,935,2730,15.0,37.0,0,0,474,900,0,0,0,0,0.5923,0.062,-0.53,68.9,61.2,26.0,25.0,0.0,0.0,medida (38 pares),medida (111 pares),24.0,24.0,0.0,-1,0,0.0,0.0578,-0.53,0.5057,-0.4437,única; único,única; único,36,56,0,21.08,16.15,54.17,33.04,-21.13,1.64,1.85,48.61,40.18,-8.43,6.35,3.49,73.61,59.82,-13.79,1.44,0.79,76.39,99.11,22.72,2.6,2.93,88.89,91.96,3.07,4.33,4.19,45.83,66.96,21.13,18.29,24.2,56.94,87.5,30.56,3.18,3.49,81.94,91.07,9.13,0.14,0.27,40.28,84.82,44.54,0.29,0.26,37.5,13.39,-24.11,23.78,30.89,40.28,84.82,44.54,5.87,3.86,59.72,15.18,-44.54,76.92,83.14,59.72,93.75,34.03,43.38,46.12,45.83,72.32,26.49,47.06,35.71,84.72,66.96,-17.76,57.41,59.6,51.39,66.96,15.57,42.42,60.38,23.61,70.54,46.93,29.63,33.71,40.28,47.32,7.04,11.111,8.989,65.28,56.25,-9.03,22.22,27.12,16.67,22.32,5.65,71.11,79.53,20.83,74.11,53.28,74.36,73.13,76.39,70.54,-5.85,22,1
J08-0653,Alason Carioca,alason carioca,EXT,EXT,0,Extremo - Direita,Extremo - Esquerda,Brasil C,Brasil B,B,1,2024,2024,2025,2025,1,2025,Athletic Club,Athletic Club,Alason Carioca - Athletic Club - Brasil C,Alason Carioca - Athletic Club - Brasil B,323,640,8.0,18.0,1,1,592,900,1,1,0,0,-0.5183,-0.7857,-0.267,36.8,18.9,27.0,27.0,0.0,0.0,medida (53 pares),medida (111 pares),25.0,26.0,1.0,0,0,-0.0553,0.0,-0.2117,0.017,-0.8027,única; único,única; único,49,56,0,20.34,23.48,36.73,96.43,59.7,2.23,3.66,39.8,87.5,47.7,4.18,2.25,56.12,25.0,-31.12,0.84,0.42,77.55,64.29,-13.26,1.39,1.69,27.55,37.5,9.95,5.29,5.06,93.88,89.29,-4.59,18.39,15.89,57.14,20.54,-36.6,1.67,2.39,34.69,58.93,24.24,0.17,0.08,55.1,6.25,-48.85,0.28,0.0,50.0,0.0,-50.0,23.96,20.39,51.02,21.43,-29.59,4.74,6.05,38.78,89.29,50.51,70.93,82.07,16.33,87.5,71.17,42.47,38.32,46.94,10.71,-36.23,37.5,38.46,57.14,77.68,20.54,52.63,41.03,40.82,0.0,-40.82,46.67,37.5,18.37,3.57,-14.8,40.0,25.0,68.37,10.71,-57.66,20.0,0.0,95.92,5.36,-90.56,26.32,45.45,30.61,93.75,63.14,89.47,83.33,100.0,86.61,-13.39,63.64,83.33,28.57,95.54,66.97,22,1
J08-0654,Thiago Lopes,thiago lopes,EXT,EXT,0,Extremo - Direita,Extremo - Direita,Brasil C,Brasil B,B,1,2024,2024,2025,2025,1,2025,Náutico,Ferroviária,Thiago Lopes - Náutico - Brasil C,Thiago Lopes - Ferroviária - Brasil B,248,1820,5.0,34.0,0,1,592,900,0,1,0,0,0.269,-0.6646,-0.934,59.6,32.7,29.0,29.0,0.0,0.0,medida (53 pares),medida (111 pares),27.0,28.0,1.0,0,0,-0.0687,0.0,-0.8653,0.3635,-1.0281,única; único,única; único,49,56,0,19.96,13.95,32.65,15.18,-17.47,3.27,1.68,69.39,36.61,-32.78,2.18,1.53,16.33,2.68,-13.65,0.0,0.25,3.06,41.07,38.01,0.73,1.48,0.0,30.36,30.36,1.81,3.86,2.04,59.82,57.78,23.95,22.3,95.92,77.68,-18.24,1.45,1.83,20.41,33.04,12.63,0.11,0.16,23.47,42.86,19.39,0.0,0.45,4.08,61.61,57.53,27.58,28.53,77.55,77.68,0.13,5.81,4.99,65.31,62.5,-2.81,75.0,82.84,45.92,90.18,44.26,32.73,48.23,2.04,93.75,91.71,33.33,29.41,52.04,29.46,-22.58,41.18,64.47,8.16,90.18,82.02,66.67,61.29,92.86,75.89,-16.97,50.0,30.0,90.82,29.46,-61.36,50.0,13.333,100.0,83.93,-16.07,33.33,25.0,58.16,20.54,-37.62,60.0,70.51,6.12,33.04,26.92,70.0,72.73,59.18,66.07,6.89,22,1
J08-0655,Gonzalo Plata,gonzalo plata,EXT,EXT,0,Extremo - Direita,Extremo - Direita,Catar,Brasil A,A,0,2024,2024,jun26,2026,2,2026,Al Sadd,Flamengo,Gonzalo Plata - Al Sadd - Catar,Gonzalo Plata - Flamengo - Brasil A,1890,632,21.0,10.0,1,0,521,426,0,0,1,0,4.0,2.4012,-1.599,100.0,100.0,25.0,25.0,0.0,0.0,medida (66 pares),referência,23.0,25.0,2.0,0,0,0.0612,0.0,-1.6602,1.1273,1.2739,única; único,única; único,36,46,0,18.9,22.07,37.5,88.04,50.54,1.24,1.71,37.5,66.3,28.8,6.05,4.98,79.17,79.35,0.18,0.81,0.43,56.94,55.43,-1.51,2.29,2.85,79.17,96.74,17.57,3.62,2.85,48.61,20.65,-27.96,23.57,28.77,70.83,85.87,15.04,4.29,4.56,90.28,94.57,4.29,0.34,0.35,83.33,98.91,15.58,0.81,0.57,87.5,76.09,-11.41,31.67,34.75,76.39,81.52,5.13,6.52,8.83,79.17,98.91,19.74,83.16,81.97,90.28,64.13,-26.15,47.61,44.52,76.39,38.04,-38.35,30.77,25.0,43.06,30.43,-12.63,63.25,64.15,70.83,91.3,20.47,53.54,48.57,50.0,25.0,-25.0,39.58,60.0,45.83,92.39,46.56,16.667,10.0,61.11,46.74,-14.37,41.46,42.86,76.39,85.87,9.48,80.26,70.0,54.17,42.39,-11.78,73.47,75.0,62.5,55.43,-7.07,22,1
J08-0656,J. Torres,j torres,EXT,EXT,0,Extremo - Direita,Extremo - Direita,Chile,Brasil B,B,0,2024,2024,2025,2025,1,2025,Universidad Católica,Amazonas,J. Torres - Universidad Católica - Chile,J. Torres - Amazonas - Brasil B,515,1413,13.0,24.0,0,1,711,900,0,1,0,0,0.5303,0.101,-0.429,73.2,65.3,29.0,29.0,0.0,0.0,medida (99 pares),medida (111 pares),27.0,28.0,1.0,0,0,-0.0687,0.0,-0.3603,0.4784,-0.3774,única; único,única; único,42,56,0,16.78,14.78,28.57,24.11,-4.46,0.7,0.38,0.0,0.89,0.89,4.89,4.52,64.29,78.57,14.28,1.22,0.45,85.71,68.75,-16.96,0.7,2.1,2.38,59.82,57.44,6.12,4.97,83.33,86.61,3.28,19.22,20.57,54.76,70.54,15.78,1.05,1.72,2.38,29.46,27.08,0.04,0.15,0.0,39.29,39.29,0.52,0.32,60.71,31.25,-29.46,27.61,25.61,59.52,54.46,-5.06,4.72,3.95,35.71,18.75,-16.96,68.35,73.38,16.67,25.89,9.22,44.79,40.09,71.43,20.54,-50.89,0.0,33.33,0.0,53.57,53.57,60.0,48.89,53.57,16.96,-36.61,35.71,42.25,2.38,6.25,3.87,25.0,24.24,14.29,9.82,-4.47,0.0,9.091,10.71,58.04,47.33,30.77,38.1,42.86,76.79,33.93,80.0,76.92,60.71,58.04,-2.67,70.83,57.78,66.67,18.75,-47.92,22,1
J08-0657,Guilherme Marques,guilherme marques,EXT,EXT,0,Extremo - Direita,Extremo - Direita,China,Brasil B,B,0,2024,2024,jun26,2026,2,2026,Changchun Yatai,Atlético GO,Guilherme Marques - Changchun Yatai - China,Guilherme Marques - Atlético GO - Brasil B,958,429,12.0,9.0,1,0,711,284,0,0,1,0,0.0112,0.4613,0.45,52.1,66.7,35.0,35.0,0.0,0.0,medida (89 pares),referência,33.0,35.0,2.0,0,0,0.2806,0.0,0.1694,0.3551,0.1062,única; único,única; único,49,43,0,20.76,14.9,52.04,31.4,-20.64,2.63,1.26,78.57,36.05,-42.52,2.91,1.68,29.59,15.12,-14.47,0.47,0.21,50.0,47.67,-2.33,0.94,2.31,19.39,73.26,53.87,5.07,5.87,82.65,94.19,11.54,18.7,21.4,63.27,87.21,23.94,1.78,2.31,25.51,52.33,26.82,0.17,0.28,46.94,84.88,37.94,0.47,0.21,58.16,22.09,-36.07,31.75,28.74,84.69,87.21,2.52,6.2,6.71,66.33,96.51,30.18,74.85,76.64,37.76,45.35,7.59,54.75,52.11,98.98,89.53,-9.45,42.86,66.67,74.49,98.84,24.35,55.93,61.29,34.69,75.58,40.89,77.42,62.5,98.98,70.93,-28.05,40.0,45.45,45.92,73.26,27.34,30.0,18.182,96.94,87.21,-9.73,42.86,30.0,86.73,51.16,-35.57,70.37,78.57,43.88,61.63,17.75,61.7,73.91,29.59,72.09,42.5,22,1
J08-0658,Breiner Camilo,breiner camilo,EXT,EXT,0,Extremo - Direita,Extremo - Esquerda,Colombia B,Brasil C,C,0,2024,2024,2025,2025,1,2025,Atlético,Confiança,Breiner Camilo - Atlético - Colombia B,Breiner Camilo - Confiança - Brasil C,2040,913,26.0,12.0,0,0,900,616,0,0,0,0,-0.8504,-0.9181,-0.068,14.3,18.4,25.0,25.0,0.0,0.0,medida (55 pares),medida (70 pares),23.0,24.0,1.0,0,0,0.0306,0.0,-0.0986,-0.1291,-0.789,única; único,única; único,39,44,0,23.07,24.15,67.95,80.68,12.73,1.68,0.99,29.49,5.68,-23.81,3.71,4.63,44.87,69.32,24.45,0.49,0.69,62.82,92.05,29.23,1.81,1.87,44.87,67.05,22.18,4.81,2.86,75.64,23.86,-51.78,27.57,17.15,96.15,54.55,-41.6,1.46,2.27,17.95,63.64,45.69,0.11,0.11,12.82,39.77,26.95,0.18,0.2,14.1,30.68,16.58,35.69,24.25,96.15,67.05,-29.1,6.75,6.7,83.33,85.23,1.9,79.11,79.67,83.33,82.95,-0.38,44.74,41.22,70.51,32.95,-37.56,23.68,30.0,24.36,35.23,10.87,63.95,66.15,78.21,94.32,16.11,50.0,53.19,44.87,52.27,7.4,29.27,26.32,14.1,37.5,23.4,2.439,5.263,3.85,38.64,34.79,30.14,28.57,52.56,45.45,-7.11,77.06,82.76,52.56,87.5,34.94,59.55,60.0,16.67,26.14,9.47,22,1
J08-0659,Keny Arroyo,keny arroyo,EXT,EXT,0,Extremo - Direita,Extremo - Esquerda,Equador A,Brasil A,A,0,2024,2024,2025,2025,1,2025,Independiente del Valle,Cruzeiro,Keny Arroyo - Independiente del Valle - Equador A,Keny Arroyo - Cruzeiro - Brasil A,1899,703,30.0,13.0,1,0,758,900,1,0,0,0,2.4203,0.0047,-2.416,96.2,53.2,20.0,20.0,0.0,0.0,medida (91 pares),medida (156 pares),18.0,19.0,1.0,0,0,0.334,0.0,-2.75,1.31,-1.3053,única; único,única; único,50,57,0,14.41,17.54,15.0,38.6,23.6,1.37,3.33,39.0,82.46,43.46,3.84,4.99,50.0,73.68,23.68,0.38,0.13,39.0,14.04,-24.96,2.56,2.56,90.0,91.23,1.23,6.07,3.2,81.0,31.58,-49.42,28.96,22.28,97.0,70.18,-26.82,3.13,3.84,85.0,92.98,7.98,0.19,0.27,71.0,93.86,22.86,0.62,0.51,77.0,57.02,-19.98,35.88,25.99,95.0,57.02,-37.98,4.88,4.86,46.0,40.35,-5.65,84.15,77.34,95.0,36.84,-58.16,50.33,44.53,97.0,52.63,-44.37,24.14,34.62,23.0,59.65,36.65,63.41,50.0,75.0,16.67,-58.33,61.73,53.85,83.0,43.86,-39.14,53.7,55.0,95.0,98.25,3.25,5.556,10.0,37.0,53.51,16.51,35.38,20.0,57.0,12.28,-44.72,88.28,80.0,93.0,82.46,-10.54,83.33,66.67,95.0,24.56,-70.44,22,1
J08-0660,S. Rodríguez,s rodriguez,EXT,EXT,0,Extremo - Direita,Extremo - Direita,Venezuela,Brasil A,A,0,2024,2024,2025,2025,1,2025,Carabobo,Botafogo,S. Rodríguez - Carabobo - Venezuela,S. Rodríguez - Botafogo - Brasil A,894,1474,18.0,26.0,0,1,900,900,0,1,0,0,0.1132,0.8914,0.778,54.8,80.6,25.0,26.0,0.0,0.0,medida (79 pares),medida (156 pares),23.0,25.0,2.0,1,0,0.0612,-0.0578,0.7168,0.2949,0.5965,única; único,única; único,30,57,0,21.74,20.88,76.67,64.04,-12.63,1.41,2.44,16.67,67.54,50.87,5.34,2.38,90.0,13.16,-76.84,2.01,0.37,100.0,55.26,-44.74,1.81,1.77,66.67,55.26,-11.41,3.02,5.01,26.67,80.7,54.03,19.73,27.17,73.33,85.09,11.76,1.51,1.83,6.67,11.4,4.73,0.21,0.12,83.33,15.79,-67.54,0.4,0.67,43.33,83.33,40.0,25.47,33.22,60.0,79.82,19.82,5.84,5.98,76.67,74.56,-2.11,79.84,80.88,73.33,74.56,1.23,41.2,47.66,26.67,78.07,51.4,14.29,42.5,3.33,74.56,71.23,58.0,53.27,66.67,28.95,-37.72,49.06,58.97,30.0,65.79,35.79,50.0,37.93,93.33,58.77,-34.56,16.667,6.897,83.33,30.7,-52.63,14.29,4.17,0.0,0.88,0.88,83.33,79.27,73.33,79.82,6.49,65.63,81.97,40.0,90.35,50.35,22,1
J08-0661,A. Montoro,a montoro,EXT,EXT,0,Extremo - Esquerda,Extremo - Esquerda,Argentina RESERVAS,Brasil A,A,0,2024,2024,2025,2025,1,2025,Vélez Sársfield Res.,Botafogo,A. Montoro - Vélez Sársfield Res. - Argentina RESERVAS,A. Montoro - Botafogo - Brasil A,424,1026,5.0,16.0,0,1,403,900,0,0,0,0,1.9566,1.6503,-0.306,86.8,85.1,19.0,19.0,0.0,0.0,medida (47 pares),medida (156 pares),17.0,18.0,1.0,0,0,0.334,0.0,-0.64,1.106,0.5443,única; único,única; único,53,57,0,27.59,17.28,74.53,35.96,-38.57,0.64,0.79,8.49,7.89,-0.6,10.61,4.39,97.17,60.53,-36.64,0.21,0.09,33.02,12.28,-20.74,2.55,1.4,80.19,16.67,-63.52,7.85,5.88,95.28,93.86,-1.42,32.05,30.7,97.17,93.86,-3.31,2.97,2.46,78.3,34.21,-44.09,0.15,0.2,41.51,57.02,15.51,0.85,0.53,93.4,59.65,-33.75,48.18,40.26,97.17,95.61,-1.56,3.61,5.79,2.83,68.42,65.59,84.58,85.19,97.17,97.37,0.2,46.15,48.22,53.77,79.82,26.05,0.0,11.11,3.77,4.39,0.62,53.33,66.67,12.26,95.61,83.35,60.0,60.0,78.3,76.32,-1.98,25.0,43.75,16.98,86.84,69.86,0.0,18.75,10.38,93.86,83.48,40.0,47.37,73.58,97.37,23.79,91.89,86.57,95.28,95.61,0.33,78.26,80.36,87.74,88.6,0.86,22,1
J08-0662,Alexander Aravena,alexander aravena,EXT,EXT,0,Extremo - Esquerda,Extremo - Esquerda,Chile,Brasil A,A,0,2024,2024,2025,2025,1,2025,Universidad Católica,Grêmio,Alexander Aravena - Universidad Católica - Chile,Alexander Aravena - Grêmio - Brasil A,1035,720,13.0,22.0,1,0,711,900,1,0,0,0,-0.7194,0.0,0.719,25.0,51.1,23.0,23.0,0.0,0.0,medida (99 pares),medida (156 pares),21.0,22.0,1.0,0,0,0.091,0.0,0.628,-0.0714,0.0714,única; único,única; único,42,57,0,16.52,13.88,22.62,8.77,-13.85,1.04,2.5,10.71,68.42,57.71,3.57,2.25,32.14,12.28,-19.86,0.35,0.0,20.24,0.88,-19.36,2.0,2.13,78.57,75.44,-3.13,2.78,2.25,10.71,3.51,-7.2,18.7,18.13,51.19,31.58,-19.61,3.3,4.0,82.14,94.74,12.6,0.21,0.41,63.1,100.0,36.9,0.26,0.25,25.0,6.14,-18.86,24.61,23.38,41.67,29.82,-11.85,3.57,2.75,5.95,5.26,-0.69,77.39,79.14,79.76,52.63,-27.13,34.74,40.54,1.19,17.54,16.35,16.67,25.0,10.71,35.96,25.25,56.76,58.33,28.57,53.51,24.94,43.9,50.0,22.62,28.95,6.33,39.13,35.29,46.43,45.61,-0.82,13.043,17.647,70.24,88.6,18.36,23.53,25.0,9.52,27.19,17.67,59.38,44.44,1.19,0.0,-1.19,83.33,80.0,98.81,85.96,-12.85,22,1
J08-0663,E. Pulga,e pulga,EXT,EXT,0,Extremo - Esquerda,Extremo - Esquerda,Brasil B,Brasil A,A,1,2024,2024,2025,2025,1,2025,Ceará,Bahia,E. Pulga - Ceará - Brasil B,E. Pulga - Bahia - Brasil A,3465,1862,35.0,24.0,0,0,900,900,0,0,0,0,2.6382,1.8451,-0.793,97.5,89.4,25.0,25.0,0.0,0.0,medida (76 pares),medida (156 pares),23.0,24.0,1.0,0,0,0.0306,0.0,-0.8236,1.4059,0.4392,única; único,única; único,60,57,0,20.73,20.25,51.67,58.77,7.1,2.47,1.98,57.5,53.51,-3.99,5.4,5.32,79.17,79.82,0.65,0.83,1.02,87.5,99.12,11.62,2.34,2.22,82.5,78.07,-4.43,2.88,3.05,24.17,25.44,1.27,15.66,20.45,32.5,53.51,21.01,3.97,4.3,99.17,97.37,-1.8,0.28,0.31,93.33,98.25,4.92,0.57,0.63,88.33,77.19,-11.14,20.83,24.75,29.17,42.98,13.81,4.1,5.17,25.0,48.25,23.25,75.81,82.62,42.5,90.35,47.85,44.11,48.93,47.5,85.09,37.59,22.11,21.95,25.83,27.19,1.36,62.84,59.63,75.83,64.04,-11.79,56.73,62.73,59.17,92.11,32.94,36.67,41.3,55.83,78.07,22.24,14.444,6.522,79.17,28.95,-50.22,28.81,36.67,35.83,79.82,43.99,81.08,80.95,84.17,85.09,0.92,79.45,82.61,84.17,92.11,7.94,22,1
J08-0664,Chrystian Barletta,chrystian barletta,EXT,EXT,0,Extremo - Esquerda,Extremo - Esquerda,Brasil B,Brasil A,A,1,2024,2024,2025,2025,1,2025,Sport Recife,Sport Recife,Chrystian Barletta - Sport Recife - Brasil B,Chrystian Barletta - Sport Recife - Brasil A,2443,1702,32.0,34.0,0,0,900,900,0,0,0,0,0.8263,0.1867,-0.64,77.5,66.0,24.0,24.0,0.0,0.0,medida (76 pares),medida (156 pares),22.0,23.0,1.0,0,0,0.091,0.0,-0.731,0.6087,-0.422,única; único,única; único,60,57,0,19.67,21.42,39.17,67.54,28.37,1.77,1.75,25.83,44.74,18.91,4.02,6.19,52.5,86.84,34.34,0.85,0.53,89.17,74.56,-14.61,1.62,2.54,38.33,89.47,51.14,3.72,3.17,55.83,30.7,-25.13,19.16,21.05,60.83,57.02,-3.81,2.8,3.81,78.33,92.11,13.78,0.21,0.23,75.0,78.07,3.07,0.18,0.37,14.17,31.58,17.41,25.46,24.85,59.17,48.25,-10.92,5.42,5.5,60.83,60.53,-0.3,72.79,69.57,22.5,6.14,-16.36,39.33,45.68,17.5,62.28,44.78,22.92,36.36,27.5,65.79,38.29,55.42,61.54,34.17,76.32,42.15,46.79,52.14,17.5,37.72,20.22,38.64,41.67,60.83,79.82,18.99,20.455,4.167,90.83,21.93,-68.9,27.63,15.38,29.17,7.02,-22.15,75.25,73.33,52.5,50.0,-2.5,59.57,72.97,14.17,44.74,30.57,22,1
J08-0665,Chrystian Barletta,chrystian barletta,EXT,EXT,0,Extremo - Esquerda,Extremo - Direita,Brasil A,Brasil B,B,1,2025,2025,jun26,2026,1,2026,Sport Recife,Sport Recife,Chrystian Barletta - Sport Recife - Brasil A,Chrystian Barletta - Sport Recife - Brasil B,1702,885,34.0,9.0,1,0,900,284,0,0,1,0,0.1867,1.321,1.134,66.0,81.0,24.0,24.0,0.0,0.0,medida (156 pares),referência,23.0,24.0,1.0,0,0,0.0306,0.0,1.1034,0.3272,0.9938,única; único,única; único,57,43,0,21.42,17.69,67.54,54.65,-12.89,1.75,0.81,44.74,5.81,-38.93,6.19,4.17,86.84,66.28,-20.56,0.53,1.02,74.56,98.84,24.28,2.54,2.54,89.47,80.23,-9.24,3.17,3.66,30.7,63.95,33.25,21.05,18.51,57.02,70.93,13.91,3.81,1.83,92.11,22.09,-70.02,0.23,0.54,78.07,98.84,20.77,0.37,0.51,31.58,63.95,32.37,24.85,22.98,48.25,54.65,6.4,5.5,4.98,60.53,73.26,12.73,69.57,72.57,6.14,22.09,15.95,45.68,45.98,62.28,63.95,1.67,36.36,25.0,65.79,48.84,-16.95,61.54,63.64,76.32,84.88,8.56,52.14,56.1,37.72,45.35,7.63,41.67,40.0,79.82,63.95,-15.87,4.167,24.0,21.93,94.19,72.26,15.38,40.0,7.02,74.42,67.4,73.33,66.67,50.0,23.26,-26.74,72.97,55.17,44.74,15.12,-29.62,22,1
J08-0666,Victor Andrade,victor andrade,EXT,EXT,0,Extremo - Esquerda,Extremo - Esquerda,Brasil B,Brasil C,C,1,2024,2024,2025,2025,1,2025,Botafogo SP,São Bernardo FC,Victor Andrade - Botafogo SP - Brasil B,Victor Andrade - São Bernardo FC - Brasil C,1263,587,15.0,14.0,1,0,900,616,1,0,0,0,0.5387,1.9202,1.381,72.5,89.8,30.0,30.0,0.0,0.0,medida (76 pares),medida (70 pares),28.0,29.0,1.0,0,0,-0.0687,0.0,1.4497,0.4821,1.4381,única; único,única; único,60,44,0,26.86,28.52,94.17,100.0,5.83,2.21,2.45,35.83,50.0,14.17,8.41,7.36,97.5,100.0,2.5,0.29,0.15,34.17,17.05,-17.12,1.71,2.61,47.5,90.91,43.41,2.92,1.69,26.67,0.0,-26.67,14.47,13.19,25.83,18.18,-7.65,2.21,3.68,40.83,97.73,56.9,0.18,0.58,60.83,100.0,39.17,0.5,0.31,81.67,54.55,-27.12,20.02,17.17,27.5,9.09,-18.41,3.78,5.67,12.5,65.91,53.41,76.51,70.54,45.83,25.0,-20.83,49.34,45.7,95.83,70.45,-25.38,19.35,43.75,19.17,81.82,62.65,71.43,42.5,99.17,1.14,-98.03,59.32,52.08,67.5,45.45,-22.05,20.83,35.29,5.83,70.45,64.62,8.333,5.882,50.0,42.05,-7.95,34.09,21.43,64.17,19.32,-44.85,85.37,72.73,94.17,43.18,-50.99,77.78,100.0,75.83,100.0,24.17,22,1
J08-0667,Victor Andrade,victor andrade,EXT,EXT,0,Extremo - Esquerda,Extremo - Esquerda,Brasil C,Brasil B,B,1,2025,2025,jun26,2026,1,2026,São Bernardo FC,Náutico,Victor Andrade - São Bernardo FC - Brasil C,Victor Andrade - Náutico - Brasil B,587,531,14.0,10.0,1,1,616,284,0,1,1,0,1.9202,-0.4524,-2.373,89.8,31.8,30.0,30.0,0.0,0.0,medida (70 pares),referência,29.0,30.0,1.0,0,0,-0.0127,0.0,-2.3603,1.09,-1.5424,única; único,única; único,44,43,0,28.52,25.93,100.0,89.53,-10.47,2.45,1.19,50.0,27.91,-22.09,7.36,8.47,100.0,96.51,-3.49,0.15,0.34,17.05,68.6,51.55,2.61,2.88,90.91,94.19,3.28,1.69,1.36,0.0,5.81,5.81,13.19,15.59,18.18,33.72,15.54,3.68,2.37,97.73,56.98,-40.75,0.58,0.13,100.0,39.53,-60.47,0.31,0.17,54.55,18.6,-35.95,17.17,18.31,9.09,15.12,6.03,5.67,4.58,65.91,47.67,-18.24,70.54,71.3,25.0,15.12,-9.88,45.7,54.25,70.45,94.19,23.74,43.75,42.86,81.82,94.19,12.37,42.5,64.0,1.14,87.21,86.07,52.08,64.0,45.45,77.91,32.46,35.29,29.41,70.45,38.37,-32.08,5.882,5.882,42.05,44.19,2.14,21.43,23.08,19.32,29.07,9.75,72.73,100.0,43.18,97.67,54.49,100.0,52.94,100.0,8.14,-91.86,22,1
J08-0668,Italo,italo,EXT,EXT,0,Extremo - Esquerda,Extremo - Esquerda,Brasil B,Brasil A,A,1,2024,2024,jun26,2026,2,2026,Chapecoense,Chapecoense,Italo - Chapecoense - Brasil B,Italo - Chapecoense - Brasil A,784,831,13.0,15.0,1,1,900,426,0,1,1,0,-1.1897,-1.8261,-0.636,7.5,8.7,23.0,23.0,0.0,0.0,medida (76 pares),referência,21.0,23.0,2.0,0,0,0.182,0.0,-0.818,0.1226,-1.9487,única; único,única; único,60,46,0,19.86,12.89,46.67,18.48,-28.19,5.28,2.6,95.0,79.35,-15.65,2.76,3.14,18.33,38.04,19.71,0.23,0.32,21.67,34.78,13.11,1.84,1.62,58.33,35.87,-22.46,2.53,1.84,12.5,3.26,-9.24,8.04,16.03,0.0,9.78,9.78,2.3,2.17,48.33,40.22,-8.11,0.06,0.1,5.0,17.39,12.39,0.23,0.11,27.5,5.43,-22.07,14.81,19.06,0.0,5.43,5.43,6.43,4.55,78.33,42.39,-35.94,72.09,75.57,21.67,33.7,12.03,44.51,43.7,50.0,29.35,-20.65,39.13,29.17,80.0,40.22,-39.78,68.57,58.33,96.67,75.0,-21.67,54.17,58.62,47.5,57.61,10.11,25.0,6.67,10.0,1.09,-8.91,6.25,0.0,35.83,8.7,-27.13,23.08,18.18,11.67,15.22,3.55,45.45,70.59,0.0,44.57,44.57,44.44,60.0,1.67,8.7,7.03,22,1
J08-0669,Gaspar,gaspar,EXT,EXT,0,Extremo - Esquerda,Extremo - Esquerda,Brasil B,Brasil C,C,1,2024,2024,jun26,2026,2,2026,Avaí,Caxias,Gaspar - Avaí - Brasil B,Gaspar - Caxias - Brasil C,650,621,10.0,7.0,1,1,900,213,0,1,1,0,0.0881,0.0,-0.088,57.5,52.0,23.0,23.0,0.0,0.0,medida (76 pares),referência,21.0,23.0,2.0,0,0,0.182,0.0,-0.27,0.37,-0.37,única; único,única; único,60,50,0,22.57,18.84,76.67,55.0,-21.67,3.46,2.9,88.33,70.0,-18.33,5.26,4.35,78.33,69.0,-9.33,0.14,0.14,6.67,36.0,29.33,2.08,2.17,69.17,59.0,-10.17,3.05,1.74,30.83,7.0,-23.83,19.38,14.49,66.67,23.0,-43.67,2.77,3.33,76.67,79.0,2.33,0.09,0.13,8.33,46.0,37.67,0.14,0.43,4.17,61.0,56.83,24.51,19.86,53.33,25.0,-28.33,4.85,4.06,48.33,40.0,-8.33,76.27,75.18,45.0,47.0,2.0,41.72,40.77,33.33,35.0,1.67,16.0,50.0,10.0,86.0,76.0,52.78,46.43,18.33,25.0,6.67,63.16,46.67,80.0,36.0,-44.0,33.33,26.67,50.0,24.0,-26.0,13.333,0.0,78.33,25.0,-53.33,20.0,40.0,7.5,76.0,68.5,81.82,75.0,90.0,52.0,-38.0,57.14,77.78,10.0,74.0,64.0,22,1
J08-0670,Neto Berola,neto berola,EXT,EXT,0,Extremo - Esquerda,Extremo - Esquerda,Brasil B,Brasil C,C,1,2024,2024,2025,2025,1,2025,Ituano,Ituano,Neto Berola - Ituano - Brasil B,Neto Berola - Ituano - Brasil C,583,948,18.0,15.0,0,1,900,616,0,1,0,0,0.619,1.9128,1.294,75.0,87.8,38.0,38.0,0.0,0.0,medida (76 pares),medida (70 pares),36.0,37.0,1.0,0,0,-0.0518,0.0,1.3458,0.5175,1.3953,única; único,única; único,60,44,0,24.39,23.92,85.0,78.41,-6.59,1.7,2.47,25.0,51.14,26.14,6.48,6.46,91.67,96.59,4.92,0.31,0.19,37.5,26.14,-11.36,2.16,2.28,76.67,80.68,4.01,4.63,3.13,76.67,32.95,-43.72,15.9,13.58,35.0,19.32,-15.68,2.78,2.94,76.67,87.5,10.83,0.16,0.4,50.83,98.86,48.03,1.08,0.47,98.33,75.0,-23.33,20.22,19.08,28.33,17.05,-11.28,3.55,3.7,6.67,10.23,3.56,78.63,63.68,65.0,1.14,-63.86,43.04,44.44,45.0,60.23,15.23,45.45,42.31,95.0,73.86,-21.14,50.0,52.38,6.67,34.09,27.42,47.62,44.12,20.0,19.32,-0.68,35.71,29.17,53.33,46.59,-6.74,0.0,16.667,4.17,80.68,76.51,42.86,25.0,90.83,32.95,-57.88,90.0,75.76,100.0,62.5,-37.5,82.35,64.0,91.67,35.23,-56.44,22,1
J08-0671,Igor Bolt,igor bolt,EXT,EXT,0,Extremo - Esquerda,Extremo - Direita,Brasil B,Brasil C,C,1,2024,2024,2025,2025,1,2025,Amazonas,Náutico,Igor Bolt - Amazonas - Brasil B,Igor Bolt - Náutico - Brasil C,482,522,15.0,10.0,1,1,900,616,1,1,0,0,-0.2245,-0.7593,-0.535,42.5,16.7,25.0,25.0,0.0,0.0,medida (76 pares),medida (70 pares),23.0,24.0,1.0,0,0,0.0306,0.0,-0.5656,0.1463,-0.9056,única; único,única; único,60,44,0,24.46,26.72,85.0,95.45,10.45,2.24,5.17,40.0,93.18,53.18,6.54,5.0,91.67,86.36,-5.31,0.37,0.0,47.5,3.41,-44.09,2.43,2.41,85.0,88.64,3.64,4.29,4.31,73.33,81.82,8.49,18.67,16.21,56.67,45.45,-11.22,1.12,2.76,3.33,84.09,80.76,0.04,0.3,1.67,97.73,96.06,0.56,0.0,86.67,1.14,-85.53,28.38,24.83,73.33,68.18,-5.15,6.16,4.66,71.67,50.0,-21.67,79.61,74.31,70.0,40.91,-29.09,48.09,49.03,90.0,88.64,-1.36,25.0,36.67,34.17,56.82,22.65,65.52,65.52,92.5,93.18,0.68,51.43,62.07,40.0,79.55,39.55,15.38,50.0,0.0,87.5,87.5,0.0,7.143,4.17,45.45,41.28,41.67,18.18,90.0,10.23,-79.77,78.26,84.0,73.33,88.64,15.31,68.42,71.43,46.67,59.09,12.42,22,1
J08-0672,Echaporã,echapora,EXT,EXT,0,Extremo - Direita,Extremo - Esquerda,Brasil C,Brasil B,B,1,2025,2025,jun26,2026,1,2026,São Bernardo FC,São Bernardo FC,Echaporã - São Bernardo FC - Brasil C,Echaporã - São Bernardo FC - Brasil B,550,600,14.0,10.0,1,1,616,284,0,1,1,0,1.4538,0.3012,-1.153,81.0,63.6,26.0,26.0,0.0,0.0,medida (70 pares),referência,25.0,26.0,1.0,0,0,-0.0553,0.0,-1.0977,0.8848,-0.5836,única; único,única; único,44,43,0,21.44,17.1,56.82,50.0,-6.82,2.62,2.85,63.64,82.56,18.92,4.42,2.1,68.18,26.74,-41.44,0.65,0.15,88.64,40.7,-47.94,1.64,0.75,56.82,1.16,-55.66,3.11,2.7,30.68,31.4,0.72,19.96,16.65,86.36,47.67,-38.69,3.93,1.65,100.0,15.12,-84.88,0.39,0.12,97.73,34.88,-62.85,0.49,0.3,77.27,36.05,-41.22,26.51,21.15,81.82,38.37,-43.45,8.02,5.25,97.73,80.23,-17.5,70.99,82.27,29.55,75.58,46.03,54.2,36.84,100.0,12.79,-87.21,37.5,15.79,56.82,17.44,-39.38,69.23,56.41,97.73,54.65,-43.08,51.85,57.14,45.45,52.33,6.88,30.0,100.0,50.0,98.84,48.84,20.0,0.0,90.91,19.77,-71.14,17.65,22.22,7.95,24.42,16.47,84.21,61.11,88.64,8.14,-80.5,60.0,60.0,26.14,30.23,4.09,22,1
J08-0673,Jája Silva,jaja silva,EXT,EXT,0,Extremo - Esquerda,Extremo - Direita,Emirados,Brasil B,B,0,2024,2024,2025,2025,1,2025,Tokyo,Goiás,Jája Silva - Tokyo - Emirados,Jája Silva - Goiás - Brasil B,609,1486,7.0,31.0,0,1,545,900,0,0,0,0,-2.5016,-0.2584,2.243,16.3,42.9,25.0,27.0,2.0,0.0,medida (67 pares),medida (111 pares),25.0,26.0,1.0,0,0,-0.0553,-0.1156,2.2983,-0.8556,0.5972,única; único,única; único,41,56,0,26.01,19.74,93.9,70.54,-23.36,3.4,2.54,86.59,63.39,-23.2,6.5,5.27,81.71,86.61,4.9,1.18,0.61,84.15,90.18,6.03,2.66,3.45,86.59,99.11,12.52,1.48,2.0,1.22,6.25,5.03,8.87,11.33,1.22,2.68,1.46,2.51,3.63,40.24,95.54,55.3,0.21,0.43,53.66,99.11,45.45,0.15,0.3,1.22,25.89,24.67,16.4,14.78,1.22,0.89,-0.33,7.09,4.0,86.59,24.11,-62.48,66.67,64.75,1.22,0.89,-0.33,48.3,42.02,74.39,43.75,-30.64,39.13,11.9,54.88,0.89,-53.99,64.86,54.84,81.71,50.0,-31.71,68.18,55.17,93.9,45.54,-48.36,61.11,31.58,96.34,34.82,-61.52,16.667,7.018,71.95,43.75,-28.2,41.67,28.89,87.8,31.25,-56.55,60.0,60.61,3.66,2.68,-0.98,60.0,43.75,25.61,0.89,-24.72,22,1
J08-0674,Jája Silva,jaja silva,EXT,EXT,0,Extremo - Direita,Extremo - Esquerda,Brasil B,Brasil A,A,1,2025,2025,jun26,2026,1,2026,Goiás,Remo,Jája Silva - Goiás - Brasil B,Jája Silva - Remo - Brasil A,1486,994,31.0,14.0,0,0,900,426,0,0,1,0,-0.2584,-1.2694,-1.011,42.9,17.4,27.0,27.0,0.0,0.0,medida (111 pares),referência,26.0,27.0,1.0,0,0,-0.0553,0.0,-0.9557,0.1314,-1.4008,única; único,única; único,56,46,0,19.74,17.02,70.54,46.74,-23.8,2.54,1.09,63.39,30.43,-32.96,5.27,3.71,86.61,55.43,-31.18,0.61,0.81,90.18,98.91,8.73,3.45,1.99,99.11,75.0,-24.11,2.0,2.54,6.25,11.96,5.71,11.33,13.13,2.68,1.09,-1.59,3.63,2.44,95.54,46.74,-48.8,0.43,0.27,99.11,92.39,-6.72,0.3,0.36,25.89,35.87,9.98,14.78,17.38,0.89,1.09,0.2,4.0,5.52,24.11,66.3,42.19,64.75,72.4,0.89,18.48,17.59,42.02,46.28,43.75,57.61,13.86,11.9,16.67,0.89,20.65,19.76,54.84,64.15,50.0,91.3,41.3,55.17,53.66,45.54,44.57,-0.97,31.58,45.45,34.82,72.83,38.01,7.018,18.182,43.75,79.35,35.6,28.89,36.0,31.25,68.48,37.23,60.61,82.14,2.68,83.7,81.02,43.75,72.73,0.89,53.26,52.37,22,1
J08-0675,Aitor Cantalapiedra,aitor cantalapiedra,EXT,EXT,0,Extremo - Esquerda,Extremo - Esquerda,Grecia,Brasil A,A,0,2024,2024,2025,2025,1,2025,Panathinaikos,Vitória,Aitor Cantalapiedra - Panathinaikos - Grecia,Aitor Cantalapiedra - Vitória - Brasil A,633,1387,13.0,19.0,0,1,616,900,0,0,0,0,1.7144,-0.1593,-1.874,91.1,46.8,28.0,30.0,2.0,0.0,medida (50 pares),medida (156 pares),28.0,29.0,1.0,0,0,-0.0687,-0.1189,-1.8053,0.9994,-1.1587,única; único,única; único,42,57,0,15.5,9.47,10.71,0.88,-9.83,1.42,1.56,19.05,36.84,17.79,3.84,1.3,32.14,2.63,-29.51,0.85,0.26,63.1,37.72,-25.38,2.7,1.69,94.05,43.86,-50.19,5.4,4.35,77.38,65.79,-11.59,32.13,18.17,94.05,32.46,-61.59,3.98,2.21,79.76,21.93,-57.83,0.32,0.16,89.29,38.6,-50.69,0.28,0.45,22.62,49.12,26.5,39.38,22.84,79.76,23.68,-56.08,3.84,4.09,8.33,23.68,15.35,79.78,75.85,72.62,27.19,-45.43,52.29,48.63,96.43,83.33,-13.1,50.0,20.83,91.67,20.18,-71.49,51.61,68.57,29.76,99.12,69.36,70.37,60.0,96.43,76.32,-20.11,42.11,38.46,53.57,62.28,8.71,15.789,11.538,60.71,62.28,1.57,36.67,39.53,65.48,83.33,17.85,78.95,80.6,60.71,83.33,22.62,57.69,75.68,8.33,62.28,53.95,22,1
J08-0676,Diego Zabala,diego zabala,EXT,EXT,0,Extremo - Esquerda,Extremo - Esquerda,Uruguai,Brasil B,B,0,2024,2024,2025,2025,1,2025,Nacional,Amazonas,Diego Zabala - Nacional - Uruguai,Diego Zabala - Amazonas - Brasil B,1599,906,33.0,17.0,0,0,876,900,0,0,0,0,3.7694,0.4784,-3.291,100.0,67.6,34.0,34.0,0.0,0.0,medida (72 pares),medida (111 pares),32.0,33.0,1.0,0,0,-0.3983,0.0,-2.8927,1.9036,-1.4252,única; único,única; único,37,56,0,18.86,13.41,25.68,11.61,-14.07,1.91,1.59,31.08,34.82,3.74,4.0,1.99,39.19,20.54,-18.65,0.28,0.4,24.32,61.61,37.29,1.97,1.79,71.62,43.75,-27.87,7.15,4.97,87.84,86.61,-1.23,29.94,20.36,95.95,66.96,-28.99,4.05,2.28,95.95,54.46,-41.49,0.26,0.19,87.84,58.04,-29.8,0.68,0.5,90.54,69.64,-20.9,40.08,27.22,93.24,68.75,-24.49,4.17,3.97,6.76,22.32,15.56,76.26,72.99,93.24,20.54,-72.7,41.19,36.3,25.68,6.25,-19.43,35.29,18.75,39.19,7.14,-32.05,66.67,60.61,82.43,74.11,-8.32,50.7,35.0,47.3,2.68,-44.62,57.14,38.89,98.65,76.79,-21.86,17.143,0.0,90.54,5.36,-85.18,41.51,45.45,87.84,93.75,5.91,88.19,88.0,98.65,95.54,-3.11,75.73,62.5,90.54,32.14,-58.4,22,1
J08-0677,Mateus Pivô,mateus pivo,LAT,LAT,0,Lateral Direito,Lateral Direito,Brasil B,Brasil C,C,1,2024,2024,2025,2025,1,2025,Brusque,Brusque,Mateus Pivô - Brusque - Brasil B,Mateus Pivô - Brusque - Brasil C,2291,1481,26.0,16.0,0,0,900,616,0,0,0,0,-0.6551,-2.5968,-1.942,27.7,2.2,28.0,28.0,0.0,0.0,medida (76 pares),medida (70 pares),26.0,27.0,1.0,0,0,-0.0817,0.0,-1.8603,-0.1425,-2.4543,única; único,única; único,63,47,0,19.68,15.25,84.92,64.89,-20.03,4.6,4.8,92.86,98.94,6.08,1.61,0.73,53.17,15.96,-37.21,0.31,0.12,65.87,46.81,-19.06,0.47,0.61,30.95,56.38,25.43,6.76,6.99,21.43,22.34,0.91,20.98,18.96,19.84,26.6,6.76,0.86,0.67,65.08,43.62,-21.46,0.03,0.08,48.41,90.43,42.02,0.31,0.06,63.49,3.19,-60.3,30.21,27.22,19.84,15.96,-3.88,9.51,6.68,70.63,20.21,-50.42,76.07,76.34,29.37,47.87,18.5,54.49,48.61,48.41,20.21,-28.2,56.41,50.63,75.4,56.38,-19.02,59.07,47.06,29.37,3.19,-26.18,73.17,58.33,92.86,53.19,-39.67,16.67,40.0,21.43,78.72,57.29,8.333,0.0,73.81,35.11,-38.7,32.65,36.36,41.27,55.32,14.05,66.86,73.04,16.67,54.26,37.59,67.62,62.86,46.83,30.85,-15.98,22,1
J08-0678,João Pedro Chermont,joao pedro chermont,LAT,LAT,0,Lateral Direito,Lateral Direito,Brasil B,Brasil A,A,1,2024,2024,jun26,2026,2,2026,Santos,Coritiba,João Pedro Chermont - Santos - Brasil B,João Pedro Chermont - Coritiba - Brasil A,2107,763,31.0,11.0,1,0,900,426,0,0,1,0,0.405,-0.4353,-0.84,66.0,34.8,20.0,20.0,0.0,0.0,medida (76 pares),referência,18.0,20.0,2.0,0,0,0.0816,0.0,-0.9216,0.2621,-0.6974,única; único,única; único,63,49,0,19.78,9.55,86.51,13.27,-73.24,2.9,1.53,65.87,31.63,-34.24,2.43,0.71,75.4,20.41,-54.99,0.13,0.12,32.54,32.65,0.11,0.6,0.47,42.06,40.82,-1.24,7.43,4.84,37.3,5.1,-32.2,29.3,18.75,75.4,5.1,-70.3,1.11,0.71,80.16,29.59,-50.57,0.03,0.03,48.41,46.94,-1.47,0.43,0.24,91.27,41.84,-49.43,39.43,25.12,73.81,3.06,-70.75,10.04,7.9,76.98,62.24,-14.74,77.36,74.18,40.48,13.27,-27.21,54.86,56.79,56.35,76.53,20.18,57.35,61.54,79.37,85.71,6.34,63.55,68.29,53.17,92.86,39.69,64.91,50.0,78.57,26.53,-52.04,50.0,25.0,92.06,43.88,-48.18,14.286,0.0,91.27,33.67,-57.6,33.33,29.41,47.62,34.69,-12.93,67.24,51.22,23.02,3.06,-19.96,66.67,73.68,43.65,62.24,18.59,22,1
J08-0679,João Gabriel,joao gabriel,LAT,LAT,0,Lateral Direito,Lateral Direito,Brasil B,Brasil C,C,1,2024,2024,2025,2025,1,2025,Ponte Preta,Ponte Preta,João Gabriel - Ponte Preta - Brasil B,João Gabriel - Ponte Preta - Brasil C,971,313,14.0,8.0,1,0,900,616,1,0,0,0,-0.9632,0.7839,1.747,12.8,76.1,21.0,21.0,0.0,0.0,medida (76 pares),medida (70 pares),19.0,20.0,1.0,0,0,0.0816,0.0,1.6654,-0.2724,1.0563,única; único,única; único,63,47,0,13.53,15.53,21.43,65.96,44.53,1.2,2.3,5.56,31.91,26.35,1.2,0.58,30.95,7.45,-23.5,0.09,0.0,23.81,8.51,-15.3,0.46,0.58,28.57,52.13,23.56,6.86,5.18,23.02,4.26,-18.76,21.32,21.28,23.02,38.3,15.28,0.28,0.86,10.32,57.45,47.13,0.05,0.02,71.43,36.17,-35.26,0.19,0.58,34.13,85.11,50.98,29.66,27.89,15.08,23.4,8.32,9.27,10.35,65.87,93.62,27.75,75.31,82.47,23.02,95.74,72.72,54.79,57.41,54.76,82.98,28.22,30.77,25.0,1.59,5.32,3.73,62.07,91.67,37.3,100.0,62.7,84.62,50.0,98.41,31.91,-66.5,20.0,0.0,33.33,12.77,-20.56,0.0,0.0,22.22,35.11,12.89,26.32,55.56,13.49,100.0,86.51,66.22,83.33,11.9,95.74,83.84,58.0,50.0,11.9,4.26,-7.64,22,1
J08-0680,Igor Formiga,igor formiga,LAT,LAT,0,Lateral Direito,Lateral Direito,Portugal A,Brasil A,A,0,2024,2024,2025,2025,1,2025,Portimonense,Juventude,Igor Formiga - Portimonense - Portugal A,Igor Formiga - Juventude - Brasil A,1192,1576,19.0,19.0,0,0,568,900,0,0,0,0,0.5481,0.7844,0.236,67.4,83.7,25.0,27.0,2.0,0.0,medida (44 pares),medida (156 pares),25.0,26.0,1.0,0,0,-0.0817,-0.0958,0.3177,0.3648,0.4196,única; único,única; único,54,72,0,22.12,18.73,97.22,89.58,-7.64,3.17,2.74,82.41,77.08,-5.33,2.87,2.4,76.85,86.81,9.96,0.76,0.11,75.93,27.08,-48.85,0.23,0.8,13.89,67.36,53.47,7.63,6.62,54.63,31.94,-22.69,20.61,22.44,25.0,17.36,-7.64,0.53,1.03,28.7,53.47,24.77,0.01,0.03,18.52,45.14,26.62,0.45,0.51,65.74,81.25,15.51,32.92,31.98,37.96,25.69,-12.27,14.5,9.08,99.07,77.08,-21.99,74.08,76.43,30.56,17.36,-13.2,55.97,45.43,80.56,6.25,-74.31,54.76,50.0,76.85,60.42,-16.43,66.19,55.07,85.19,20.14,-65.05,55.26,59.52,50.93,52.08,1.15,0.0,57.14,11.11,95.14,84.03,0.0,14.286,25.0,83.33,58.33,26.32,39.22,25.0,67.36,42.36,60.4,67.24,19.44,24.31,4.87,65.52,68.85,65.74,35.42,-30.32,22,1
J08-0681,Rodrigo Ferreira,rodrigo ferreira,LAT,LAT,0,Lateral Direito,Lateral Direito,Brasil B,Brasil C,C,1,2024,2024,2025,2025,1,2025,Santos,São Bernardo FC,Rodrigo Ferreira - Santos - Brasil B,Rodrigo Ferreira - São Bernardo FC - Brasil C,861,639,21.0,11.0,1,1,900,616,0,1,0,0,-0.7448,0.9286,1.673,19.1,80.4,31.0,31.0,0.0,0.0,medida (76 pares),medida (70 pares),29.0,30.0,1.0,0,0,-0.1028,0.0,1.7758,-0.1803,1.1089,única; único,única; único,63,47,0,16.93,13.52,61.9,35.11,-26.79,4.6,2.54,92.86,42.55,-50.31,0.84,1.41,12.7,58.51,45.81,0.1,0.28,26.19,71.28,45.09,1.25,0.99,92.06,88.3,-3.76,7.94,12.39,47.62,98.94,51.32,29.16,47.32,74.6,98.94,24.34,0.84,1.13,60.32,87.23,26.91,0.06,0.02,79.37,36.17,-43.2,0.1,0.7,12.7,94.68,81.98,40.35,57.18,77.78,98.94,21.16,10.56,8.03,85.71,52.13,-33.58,83.68,82.76,88.89,96.81,7.92,51.85,54.17,28.57,55.32,26.75,38.64,77.78,20.63,98.94,78.31,68.06,71.88,84.13,94.68,10.55,62.5,50.0,70.63,31.91,-38.72,33.33,0.0,68.25,12.77,-55.48,0.0,0.0,22.22,35.11,12.89,43.33,37.5,79.37,62.77,-16.6,73.68,75.0,57.14,65.96,8.82,72.5,80.56,71.43,98.94,27.51,22,1
J08-0682,Rodrigo Ferreira,rodrigo ferreira,LAT,LAT,0,Lateral Direito,Lateral Direito,Brasil C,Brasil B,B,1,2025,2025,jun26,2026,1,2026,São Bernardo FC,São Bernardo FC,Rodrigo Ferreira - São Bernardo FC - Brasil C,Rodrigo Ferreira - São Bernardo FC - Brasil B,639,1120,11.0,11.0,0,1,616,284,0,0,1,0,0.9286,0.5975,-0.331,80.4,69.7,31.0,31.0,0.0,0.0,medida (70 pares),referência,30.0,31.0,1.0,0,0,-0.1028,0.0,-0.2282,0.5252,0.0723,única; único,única; único,47,63,0,13.52,9.72,35.11,13.49,-21.62,2.54,1.93,42.55,50.79,8.24,1.41,0.56,58.51,13.49,-45.02,0.28,0.0,71.28,17.46,-53.82,0.99,0.96,88.3,75.4,-12.9,12.39,8.84,98.94,80.95,-17.99,47.32,33.43,98.94,94.44,-4.5,1.13,1.13,87.23,69.05,-18.18,0.02,0.12,36.17,92.06,55.89,0.7,0.16,94.68,26.98,-67.7,57.18,42.51,98.94,92.86,-6.08,8.03,7.79,52.13,61.9,9.77,82.76,81.29,96.81,67.46,-29.35,54.17,54.55,55.32,62.7,7.38,77.78,58.33,98.94,61.9,-37.04,71.88,60.32,94.68,48.41,-46.27,50.0,57.14,31.91,50.0,18.09,0.0,25.0,12.77,56.35,43.58,0.0,8.333,35.11,80.16,45.05,37.5,33.33,62.77,49.21,-13.56,75.0,61.82,65.96,13.49,-52.47,80.56,71.05,98.94,57.94,-41.0,22,1
J08-0683,JP Galvão,jp galvao,LAT,LAT,0,Lateral Direito,Lateral Direito,Brasil B,Brasil C,C,1,2024,2024,2025,2025,1,2025,Chapecoense,Guarani,JP Galvão - Chapecoense - Brasil B,JP Galvão - Guarani - Brasil C,836,313,14.0,7.0,1,1,900,616,1,1,0,0,-0.3228,-0.5415,-0.219,44.7,26.1,25.0,25.0,0.0,0.0,medida (76 pares),medida (70 pares),23.0,24.0,1.0,0,0,0.0243,0.0,-0.2433,-0.0024,-0.5391,única; único,única; único,63,47,0,19.16,13.51,82.54,34.04,-48.5,3.12,2.01,69.84,19.15,-50.69,0.97,0.58,17.46,7.45,-10.01,0.0,0.29,5.56,73.4,67.84,0.43,0.29,20.63,13.83,-6.8,4.95,4.31,3.17,0.0,-3.17,20.78,25.02,17.46,65.96,48.5,0.54,0.29,34.13,8.51,-25.62,0.01,0.0,11.9,2.13,-9.77,0.11,0.0,13.49,1.06,-12.43,30.79,30.19,25.4,36.17,10.77,9.15,8.05,63.49,55.32,-8.17,80.42,77.14,66.67,57.45,-9.22,50.0,44.68,19.05,4.26,-14.79,51.72,28.57,52.38,10.64,-41.74,55.56,47.83,17.46,4.26,-13.2,55.56,50.0,46.03,31.91,-14.12,50.0,0.0,92.06,12.77,-79.29,0.0,0.0,22.22,35.11,12.89,33.33,0.0,47.62,0.0,-47.62,63.04,80.0,1.59,87.23,85.64,51.52,40.0,3.17,0.0,-3.17,22,1
J08-0684,Lucas Rodrigues,lucas rodrigues,LAT,LAT,0,Lateral Direito,Lateral Direito,Brasil C,Brasil B,B,1,2024,2024,2025,2025,1,2025,Ferroviária,Ferroviária,Lucas Rodrigues - Ferroviária - Brasil C,Lucas Rodrigues - Ferroviária - Brasil B,1619,3319,17.0,35.0,0,0,592,900,0,0,0,0,-0.6745,0.8858,1.56,28.9,77.3,26.0,26.0,0.0,0.0,medida (53 pares),medida (111 pares),24.0,25.0,1.0,0,0,0.0243,0.0,1.5357,-0.1507,1.0365,única; único,única; único,60,68,0,15.95,18.47,52.5,94.85,42.35,2.78,4.2,55.83,94.85,39.02,1.78,2.49,52.5,83.09,30.59,0.17,0.54,32.5,94.85,62.35,0.56,0.79,47.5,58.82,11.32,9.62,8.62,84.17,71.32,-12.85,30.96,27.6,87.5,61.03,-26.47,0.28,0.57,17.5,25.0,7.5,0.01,0.03,23.33,45.59,22.26,0.28,0.62,45.0,88.24,43.24,42.14,37.64,89.17,61.03,-28.14,9.67,10.3,65.0,94.85,29.85,78.76,76.51,62.5,41.91,-20.59,57.14,55.07,71.67,71.32,-0.35,62.0,50.97,87.5,63.97,-23.53,61.87,64.24,45.83,71.32,25.49,65.63,60.87,65.83,62.5,-3.33,30.0,27.59,57.5,50.74,-6.76,0.0,0.0,31.67,25.74,-5.93,50.0,33.73,94.17,33.09,-61.08,74.57,72.01,55.83,43.38,-12.45,64.15,69.13,41.67,65.44,23.77,22,1
J08-0685,Douglas Pelé,douglas pele,LAT,LAT,0,Lateral Direito,Lateral Direito,Brasil C,Brasil B,B,1,2024,2024,2025,2025,1,2025,Athletic Club,Athletic Club,Douglas Pelé - Athletic Club - Brasil C,Douglas Pelé - Athletic Club - Brasil B,553,2688,12.0,32.0,0,1,592,900,0,1,0,0,1.9467,0.6631,-1.284,93.3,72.7,26.0,26.0,0.0,0.0,medida (53 pares),medida (111 pares),24.0,25.0,1.0,0,0,0.0243,0.0,-1.3083,0.9544,-0.2913,única; único,única; único,60,68,0,21.97,17.34,100.0,83.09,-16.91,4.39,2.85,93.33,59.56,-33.77,3.09,3.21,90.0,91.91,1.91,0.81,0.87,95.0,99.26,4.26,0.81,1.1,65.0,86.03,21.03,11.07,9.51,95.0,86.03,-8.97,29.95,27.42,83.33,58.09,-25.24,0.81,0.94,81.67,58.09,-23.58,0.04,0.08,58.33,77.94,19.61,0.49,0.5,83.33,76.47,-6.86,40.04,37.73,80.0,63.97,-16.03,9.6,8.37,60.83,66.18,5.35,76.83,78.79,45.0,55.15,10.15,49.63,52.7,21.67,49.26,27.59,40.74,40.0,30.0,26.47,-3.53,60.42,62.94,40.0,63.97,23.97,63.16,56.25,58.33,46.32,-12.01,20.0,27.27,45.0,48.53,3.53,0.0,6.061,31.67,68.38,36.71,45.45,46.67,88.33,93.38,5.05,70.59,75.0,35.0,64.71,29.71,68.89,67.05,56.67,52.21,-4.46,22,1
J08-0686,Valdir Júnior,valdir junior,LAT,LAT,0,Lateral Direito,Lateral Direito,Portugal B,Brasil C,C,0,2024,2024,2025,2025,1,2025,União de Leiria,Confiança,Valdir Júnior - União de Leiria - Portugal B,Valdir Júnior - Confiança - Brasil C,718,1002,14.0,11.0,0,1,568,616,0,0,0,0,-0.1568,0.5922,0.749,42.9,69.6,23.0,26.0,2.0,0.0,medida (43 pares),medida (70 pares),23.0,25.0,2.0,1,0,0.0486,0.0983,0.7004,0.0676,0.5246,única; único,única; único,67,47,0,16.55,15.54,48.51,67.02,18.51,2.51,1.89,52.99,15.96,-37.03,2.13,1.89,52.99,71.28,18.29,0.38,0.09,34.33,35.11,0.78,0.5,1.35,50.0,92.55,42.55,3.89,9.52,0.75,75.53,74.78,22.19,33.59,47.01,92.55,45.54,2.51,1.53,97.76,96.81,-0.95,0.07,0.09,79.1,93.62,14.52,0.5,0.27,91.79,42.55,-49.24,31.59,43.11,38.06,90.43,52.37,6.77,5.03,8.21,5.32,-2.89,82.14,81.88,91.04,92.55,1.51,45.45,47.98,8.21,11.7,3.49,15.0,61.9,2.24,92.55,90.31,50.98,48.28,5.22,5.32,0.1,58.82,76.19,55.97,90.43,34.46,75.0,46.67,97.76,84.04,-13.72,25.0,13.333,92.54,84.04,-8.5,45.83,26.67,88.81,15.96,-72.85,64.52,82.08,20.15,90.43,70.28,52.38,80.0,3.73,95.74,92.01,22,1
J08-0687,Kevyn,kevyn,LAT,LAT,0,Lateral Esquerdo,Lateral Esquerdo,Brasil B,Brasil C,C,1,2024,2024,2025,2025,1,2025,Paysandu,Ponte Preta,Kevyn - Paysandu - Brasil B,Kevyn - Ponte Preta - Brasil C,2407,386,31.0,8.0,1,0,900,616,1,0,0,0,-2.1243,-0.6984,1.426,4.3,19.5,28.0,28.0,0.0,0.0,medida (76 pares),medida (70 pares),26.0,27.0,1.0,0,0,-0.0817,0.0,1.5077,-0.7619,0.0635,única; único,única; homônimo resolvido pelo clube,63,47,0,16.41,14.92,56.35,59.57,3.22,3.37,3.03,77.78,68.09,-9.69,1.65,0.7,54.76,12.77,-41.99,0.07,0.0,17.46,8.51,-8.95,0.37,0.23,15.08,6.38,-8.7,4.11,4.9,2.38,2.13,-0.25,15.41,14.22,0.79,4.26,3.47,0.71,0.7,54.76,45.74,-9.02,0.06,0.02,79.37,36.17,-43.2,0.0,0.0,1.59,1.06,-0.53,21.99,22.38,0.79,2.13,1.34,7.85,7.93,30.95,48.94,17.99,79.42,79.17,53.17,76.6,23.43,53.99,48.44,43.65,17.02,-26.63,48.89,46.15,46.83,44.68,-2.15,65.52,44.83,67.46,2.13,-65.33,54.55,66.67,43.65,74.47,30.82,30.0,0.0,57.14,12.77,-44.37,20.0,0.0,97.62,35.11,-62.51,22.58,0.0,3.97,0.0,-3.97,61.82,42.86,0.79,0.0,-0.79,72.31,100.0,70.63,100.0,29.37,22,1
J08-0688,Kevyn,kevyn,LAT,LAT,0,Lateral Esquerdo,Lateral Esquerdo,Brasil C,Brasil B,B,1,2025,2025,jun26,2026,1,2026,Ponte Preta,Londrina,Kevyn - Ponte Preta - Brasil C,Kevyn - Londrina - Brasil B,386,475,8.0,6.0,1,1,616,284,0,1,1,0,-0.6984,0.0552,0.754,19.5,53.3,28.0,28.0,0.0,0.0,medida (70 pares),referência,27.0,28.0,1.0,0,0,-0.1006,0.0,0.8546,-0.1607,0.2159,única; homônimo resolvido pelo clube,única; único,47,63,0,14.92,15.35,59.57,69.05,9.48,3.03,3.6,68.09,88.1,20.01,0.7,1.89,12.77,59.52,46.75,0.0,0.19,8.51,56.35,47.84,0.23,0.19,6.38,20.63,14.25,4.9,6.63,2.13,35.71,33.58,14.22,16.11,4.26,2.38,-1.88,0.7,1.14,45.74,70.63,24.89,0.02,0.03,36.17,47.62,11.45,0.0,0.0,1.06,10.32,9.26,22.38,25.01,2.13,0.79,-1.34,7.93,7.77,48.94,59.52,10.58,79.17,76.52,76.6,27.78,-48.82,48.44,50.62,17.02,35.71,18.69,46.15,47.37,44.68,35.71,-8.97,44.83,56.52,2.13,34.13,32.0,66.67,40.0,74.47,15.08,-59.39,0.0,0.0,12.77,17.46,4.69,0.0,0.0,35.11,38.89,3.78,0.0,46.15,0.0,78.57,78.57,42.86,65.71,0.0,34.13,34.13,100.0,81.82,100.0,84.92,-15.08,22,1
J08-0689,Rhuan,rhuan,LAT,LAT,0,Lateral Esquerdo,Lateral Esquerdo,Brasil B,Brasil C,C,1,2024,2024,2025,2025,1,2025,Vila Nova,Maringá,Rhuan - Vila Nova - Brasil B,Rhuan - Maringá - Brasil C,2348,448,31.0,9.0,1,0,900,616,1,0,0,0,0.4662,0.8219,0.356,65.2,75.6,25.0,25.0,0.0,0.0,medida (76 pares),medida (70 pares),23.0,24.0,1.0,0,0,0.0243,0.0,0.3317,0.3302,0.4917,única; único,única; homônimo resolvido pelo clube,63,47,0,16.37,17.28,54.76,82.98,28.22,3.14,2.61,70.63,47.87,-22.76,1.07,1.41,24.6,58.51,33.91,0.0,0.0,5.56,8.51,2.95,0.73,0.8,67.46,70.21,2.75,8.32,10.25,57.94,89.36,31.42,25.41,21.09,50.0,38.3,-11.7,0.73,1.21,56.35,91.49,35.14,0.03,0.07,48.41,88.3,39.89,0.42,0.2,88.89,27.66,-61.23,34.11,32.14,40.48,46.81,6.33,11.0,7.03,96.03,27.66,-68.37,75.84,67.5,27.78,6.38,-21.4,55.04,50.0,59.52,24.47,-35.05,48.78,46.15,45.24,44.68,-0.56,65.14,62.5,62.7,45.74,-16.96,53.57,57.14,40.48,48.94,8.46,21.05,50.0,42.06,90.43,48.37,5.263,0.0,53.97,35.11,-18.86,36.05,33.33,56.35,40.43,-15.92,68.66,76.47,27.78,72.34,44.56,63.28,73.33,32.54,80.85,48.31,22,1
J08-0690,Maurício,mauricio,LAT,LAT,0,Lateral Esquerdo,Lateral Esquerdo,Brasil C,Brasil B,B,1,2025,2025,jun26,2026,1,2026,Londrina,Fortaleza,Maurício - Londrina - Brasil C,Maurício - Fortaleza - Brasil B,2039,682,21.0,9.0,1,0,616,284,0,0,1,0,1.06,2.0669,1.007,85.4,96.7,25.0,25.0,0.0,0.0,medida (70 pares),referência,24.0,25.0,1.0,0,0,0.0243,0.0,0.9827,0.5806,1.4863,única; homônimo resolvido pelo clube,única; único,47,63,0,16.38,19.13,73.4,92.86,19.46,2.69,1.85,52.13,45.24,-6.89,2.96,2.77,94.68,86.51,-8.17,0.09,0.26,35.11,69.05,33.94,1.37,1.32,94.68,89.68,-5.0,8.43,3.7,56.38,2.38,-54.0,24.59,18.08,64.89,3.97,-60.92,0.57,1.06,35.11,62.7,27.59,0.03,0.07,55.32,76.19,20.87,0.22,0.4,32.98,70.63,37.65,37.47,28.11,69.15,11.9,-57.25,7.77,5.81,37.23,13.49,-23.74,78.8,78.87,71.28,45.24,-26.04,55.26,58.62,69.15,80.16,11.01,57.38,57.14,75.53,57.14,-18.39,66.67,63.41,74.47,64.29,-10.18,61.19,71.43,58.51,75.4,16.89,16.13,10.0,32.98,35.71,2.73,3.226,0.0,71.28,38.89,-32.39,26.92,16.67,18.09,15.08,-3.01,71.73,71.43,47.87,52.38,4.51,72.66,44.44,73.4,2.38,-71.02,22,1
J08-0691,Sánchez,sanchez,LAT,LAT,0,Lateral Esquerdo,Lateral Esquerdo,Brasil C,Brasil B,B,1,2024,2024,2025,2025,1,2025,Volta Redonda,Volta Redonda,Sánchez - Volta Redonda - Brasil C,Sánchez - Volta Redonda - Brasil B,1496,2714,18.0,31.0,0,0,592,900,0,0,0,0,-0.8019,0.9131,1.715,13.6,82.0,30.0,30.0,0.0,0.0,medida (53 pares),medida (111 pares),28.0,29.0,1.0,0,0,-0.1006,0.0,1.8156,-0.2044,1.1175,única; único,única; único,60,68,0,13.72,11.81,14.17,28.68,14.51,4.75,3.05,95.83,69.85,-25.98,1.5,1.79,39.17,55.88,16.71,0.06,0.23,11.67,54.41,42.74,0.72,1.62,62.5,94.85,32.35,6.74,7.39,29.17,38.97,9.8,19.97,26.26,25.83,50.74,24.91,0.54,2.39,53.33,99.26,45.93,0.1,0.2,95.83,99.26,3.43,0.12,0.3,15.83,40.44,24.61,26.17,34.59,5.83,37.5,31.67,6.86,5.5,14.17,5.15,-9.02,76.55,74.98,42.5,25.74,-16.76,53.07,51.97,42.5,43.38,0.88,50.63,51.09,50.83,66.91,16.08,63.01,61.32,55.83,50.74,-5.09,48.0,55.56,14.17,43.38,29.21,41.67,28.57,77.5,53.68,-23.82,16.667,4.082,93.33,58.09,-35.24,32.43,35.16,50.83,40.44,-10.39,71.43,70.85,39.17,38.97,-0.2,64.15,58.51,41.67,18.38,-23.29,22,1
J08-0692,Edson Lucas,edson lucas,LAT,LAT,0,Lateral Esquerdo,Lateral Esquerdo,Brasil C,Brasil B,B,1,2024,2024,2025,2025,1,2025,Ferroviária,Ferroviária,Edson Lucas - Ferroviária - Brasil C,Edson Lucas - Ferroviária - Brasil B,529,1228,10.0,15.0,0,1,592,900,0,1,0,0,0.6849,0.1553,-0.53,72.7,58.0,25.0,25.0,0.0,0.0,medida (53 pares),medida (111 pares),23.0,24.0,1.0,0,0,0.0243,0.0,-0.5543,0.4225,-0.2672,única; único,única; único,60,68,0,14.46,16.05,23.33,74.26,50.93,1.53,2.86,8.33,61.03,52.7,3.4,1.91,95.0,63.24,-31.76,0.17,0.44,32.5,85.29,52.79,0.68,0.37,60.83,22.06,-38.77,9.19,8.57,78.33,69.85,-8.48,24.33,29.83,56.67,81.62,24.95,1.02,0.59,89.17,30.88,-58.29,0.01,0.05,23.33,66.91,43.58,0.17,0.51,31.67,79.41,47.74,34.71,40.82,56.67,82.35,25.68,8.34,10.63,35.83,99.26,63.43,78.92,82.94,63.33,88.97,25.64,55.29,51.14,60.0,31.62,-28.38,44.44,71.79,41.67,99.26,57.59,62.86,52.13,55.0,11.03,-43.97,50.0,53.85,20.83,37.5,16.67,25.0,40.0,53.33,75.74,22.41,0.0,20.0,31.67,96.32,64.65,40.0,31.58,69.17,26.47,-42.7,66.67,63.25,16.67,5.15,-11.52,63.16,76.36,36.67,87.5,50.83,22,1
J08-0693,Caio Roque,caio roque,LAT,LAT,0,Lateral Esquerdo,Lateral Esquerdo,Brasil C,Brasil B,B,1,2024,2024,2025,2025,1,2025,Londrina,Volta Redonda,Caio Roque - Londrina - Brasil C,Caio Roque - Volta Redonda - Brasil B,275,674,6.0,9.0,1,1,592,900,1,1,0,0,-0.6788,0.1904,0.869,20.5,60.0,24.0,24.0,0.0,0.0,medida (53 pares),medida (111 pares),22.0,23.0,1.0,0,0,0.0523,0.0,0.8167,-0.1525,0.3429,única; único,única; único,60,68,0,16.69,14.29,60.0,47.06,-12.94,3.93,2.54,90.0,50.0,-40.0,1.96,1.74,61.67,52.94,-8.73,0.0,0.27,3.33,60.29,56.96,0.65,0.53,58.33,36.03,-22.3,8.18,7.61,61.67,47.06,-14.61,15.38,23.1,0.0,26.47,26.47,0.65,1.2,63.33,79.41,16.08,0.05,0.01,71.67,18.38,-53.29,0.65,0.67,96.67,90.44,-6.23,26.18,32.31,6.67,26.47,19.8,7.2,8.68,18.33,72.06,53.73,73.75,76.03,21.67,39.71,18.04,41.18,58.88,0.0,94.12,94.12,41.67,57.89,30.83,84.56,53.73,50.0,67.35,3.33,82.35,79.02,50.0,61.54,20.83,66.91,46.08,0.0,0.0,13.33,5.15,-8.18,0.0,0.0,31.67,25.74,-5.93,31.25,39.53,48.33,67.65,19.32,76.0,63.16,71.67,4.41,-67.26,66.67,60.0,53.33,25.0,-28.33,22,1
J08-0694,Giva,giva,MED,MED,0,Medio,Medio,Bahrain,Brasil C,C,0,2024,2024,2025,2025,1,2025,Al Ahli,Guarani,Giva - Al Ahli - Bahrain,Giva - Guarani - Brasil C,1481,482,18.0,13.0,1,0,474,616,1,0,0,0,1.6053,0.4195,-1.186,92.5,65.2,27.0,27.0,0.0,0.0,medida (38 pares),medida (70 pares),25.0,26.0,1.0,0,0,0.0427,0.0,-1.2287,1.1254,-0.7059,única; único,única; único,26,39,0,18.96,18.49,78.85,76.92,-1.93,2.61,2.99,75.0,58.97,-16.03,1.82,0.75,55.77,41.03,-14.74,0.3,0.19,73.08,78.21,5.13,1.09,1.31,71.15,56.41,-14.74,6.5,7.1,65.38,76.92,11.54,28.74,31.37,71.15,89.74,18.59,0.55,0.93,59.62,61.54,1.92,0.06,0.01,69.23,5.13,-64.1,0.3,0.0,76.92,14.1,-62.82,43.27,42.2,71.15,76.92,5.77,8.2,7.66,67.31,53.85,-13.46,87.92,87.61,78.85,94.87,16.02,50.32,49.49,40.38,48.72,8.34,39.53,56.25,32.69,82.05,49.36,67.24,61.9,94.23,76.92,-17.31,60.0,75.0,51.92,89.74,37.82,27.78,0.0,63.46,3.85,-59.61,11.111,0.0,78.85,17.95,-60.9,50.0,25.0,75.0,28.21,-46.79,81.31,81.58,78.85,71.79,-7.06,78.05,82.22,75.0,94.87,19.87,22,1
J08-0695,Léo Naldi,leo naldi,MED,MED,0,Medio,Medio,Brasil A,Brasil B,B,1,2024,2024,2025,2025,1,2025,Vitória,Criciúma,Léo Naldi - Vitória - Brasil A,Léo Naldi - Criciúma - Brasil B,1255,1904,21.0,29.0,0,0,900,900,0,0,0,0,-2.0562,-1.6886,0.368,4.9,3.1,24.0,24.0,0.0,0.0,medida (113 pares),medida (111 pares),22.0,23.0,1.0,0,0,0.0945,0.0,0.2735,-1.1952,-0.4934,única; único,única; único,31,48,0,16.21,14.89,54.84,63.54,8.7,2.29,3.59,62.9,84.38,21.48,1.22,0.33,43.55,1.04,-42.51,0.14,0.19,40.32,88.54,48.22,0.93,1.18,53.23,56.25,3.02,4.09,2.98,20.97,7.29,-13.68,18.93,16.92,8.06,5.21,-2.85,0.43,0.99,14.52,58.33,43.81,0.04,0.08,29.03,61.46,32.43,0.0,0.09,3.23,28.12,24.89,27.11,24.86,4.84,9.38,4.54,9.54,7.89,79.03,76.04,-2.99,84.13,82.89,17.74,28.12,10.38,56.64,50.79,95.16,48.96,-46.2,43.75,44.74,72.58,51.04,-21.54,62.39,68.15,50.0,94.79,44.79,64.71,42.86,82.26,1.04,-81.22,23.08,16.0,25.81,17.71,-8.1,0.0,0.0,16.13,15.62,-0.51,11.11,36.36,6.45,55.21,48.76,64.91,61.9,8.06,7.29,-0.77,81.67,72.84,72.58,44.79,-27.79,22,1
J08-0696,Filipinho,filipinho,MED,MED,0,Medio,Medio,Brasil A,Brasil B,B,1,2024,2024,2025,2025,1,2025,Athletico Paranaense,Athletico Paranaense,Filipinho - Athletico Paranaense - Brasil A,Filipinho - Athletico Paranaense - Brasil B,1041,2340,18.0,31.0,0,0,900,900,0,0,0,0,-2.0984,-1.6132,0.485,2.4,4.6,24.0,24.0,0.0,0.0,medida (113 pares),medida (111 pares),22.0,23.0,1.0,0,0,0.0945,0.0,0.3905,-1.222,-0.3912,única; único,única; único,31,48,0,21.35,15.5,88.71,67.71,-21.0,1.56,2.08,33.87,44.79,10.92,1.9,0.85,79.03,38.54,-40.49,0.17,0.0,53.23,13.54,-39.69,1.04,0.73,66.13,15.62,-50.51,3.29,3.54,1.61,15.62,14.01,11.24,20.38,1.61,21.88,20.27,0.17,0.38,1.61,13.54,11.93,0.04,0.02,29.03,7.29,-21.74,0.0,0.04,3.23,9.38,6.15,21.27,30.77,1.61,28.12,26.51,12.45,8.81,98.39,92.71,-5.68,81.71,84.88,14.52,48.96,34.44,58.3,51.61,98.39,61.46,-36.93,38.89,48.15,46.77,63.54,16.77,67.19,59.44,91.94,61.46,-30.48,81.82,68.18,98.39,81.25,-17.14,25.0,31.58,35.48,79.17,43.69,0.0,0.0,16.13,15.62,-0.51,12.5,0.0,11.29,5.21,-6.08,65.79,66.3,11.29,15.62,4.33,77.78,71.31,50.0,34.38,-15.62,22,1
J08-0697,Paulo Vitor,paulo vitor,MED,MED,0,Medio,Medio,Brasil A,Brasil B,B,1,2024,2024,jun26,2026,2,2026,Atlético Mineiro,Avaí,Paulo Vitor - Atlético Mineiro - Brasil A,Paulo Vitor - Avaí - Brasil B,613,665,13.0,10.0,1,1,900,284,0,1,1,0,-0.6745,-0.4302,0.244,22.0,35.3,21.0,21.0,0.0,0.0,medida (113 pares),referência,19.0,21.0,2.0,0,0,0.4532,0.0,-0.2092,-0.0945,-0.3357,única; único,única; homônimo resolvido pelo clube,31,34,0,18.35,13.13,77.42,51.47,-25.95,3.23,3.79,93.55,89.71,-3.84,0.15,0.81,0.0,36.76,36.76,0.0,0.0,6.45,30.88,24.43,0.0,0.68,0.0,44.12,44.12,4.85,5.41,46.77,51.47,4.7,25.69,26.66,45.16,57.35,12.19,0.29,0.95,9.68,66.18,56.5,0.0,0.17,0.0,91.18,91.18,0.15,0.0,43.55,8.82,-34.73,36.56,38.44,48.39,60.29,11.9,9.4,7.71,77.42,77.94,0.52,80.32,83.1,9.68,42.65,32.97,48.0,55.67,35.48,77.94,42.46,59.09,78.57,96.77,89.71,-7.06,52.7,45.45,3.23,19.12,15.89,100.0,50.0,100.0,38.24,-61.76,0.0,60.0,1.61,92.65,91.04,0.0,40.0,16.13,97.06,80.93,50.0,25.0,83.87,60.29,-23.58,60.61,70.0,0.0,42.65,42.65,67.5,72.09,3.23,39.71,36.48,22,1
J08-0698,Ryan,ryan,MED,MED,0,Medio,Medio,Brasil A,Brasil B,B,1,2025,2025,jun26,2026,1,2026,Corinthians,Fortaleza,Ryan - Corinthians - Brasil A,Ryan - Fortaleza - Brasil B,633,542,16.0,9.0,1,1,900,284,0,1,1,0,-0.7419,1.2567,1.999,17.0,88.2,22.0,22.0,0.0,0.0,medida (156 pares),referência,21.0,22.0,1.0,0,0,0.0945,0.0,1.9045,-0.3622,1.6189,única; único,única; único,32,34,0,17.2,15.94,78.12,80.88,2.76,0.57,0.33,3.12,1.47,-1.65,0.71,0.83,42.19,41.18,-1.01,0.14,0.0,68.75,30.88,-37.87,0.14,0.5,0.0,22.06,22.06,2.99,5.81,0.0,57.35,57.35,21.18,25.9,12.5,48.53,36.03,0.57,1.16,21.88,72.06,50.18,0.04,0.04,34.38,33.82,-0.56,0.0,0.0,0.0,8.82,8.82,31.42,36.86,12.5,51.47,38.97,8.1,8.97,65.62,89.71,24.09,90.95,90.09,87.5,95.59,8.09,55.37,59.38,81.25,91.18,9.93,50.0,100.0,67.19,97.06,29.87,56.92,59.18,28.12,72.06,43.94,60.0,80.0,56.25,82.35,26.1,0.0,66.67,3.12,98.53,95.41,0.0,33.333,12.5,89.71,77.21,0.0,0.0,4.69,20.59,15.9,80.95,77.14,84.38,63.24,-21.14,81.82,78.79,59.38,72.06,12.68,22,1
J08-0699,Rafael Carvalheira,rafael carvalheira,MED,MED,0,Medio,Medio,Brasil B,Brasil A,A,1,2025,2025,jun26,2026,1,2026,Chapecoense,Chapecoense,Rafael Carvalheira - Chapecoense - Brasil B,Rafael Carvalheira - Chapecoense - Brasil A,3540,1013,38.0,14.0,0,0,900,426,0,0,1,0,-0.0411,-0.7063,-0.665,49.2,26.5,27.0,27.0,0.0,0.0,medida (111 pares),referência,26.0,27.0,1.0,0,0,0.0427,0.0,-0.7077,0.082,-0.7883,única; único,única; único,48,34,0,8.82,8.8,3.12,1.47,-1.65,1.22,0.71,11.46,7.35,-4.11,0.41,0.18,11.46,4.41,-7.05,0.03,0.0,28.12,19.12,-9.0,1.55,1.24,79.17,77.94,-1.23,2.95,3.2,5.21,10.29,5.08,17.19,18.66,7.29,7.35,0.06,0.99,0.36,58.33,20.59,-37.74,0.14,0.09,92.71,58.82,-33.89,0.08,0.0,23.96,7.35,-16.61,22.7,23.19,1.04,4.41,3.37,6.81,7.2,50.0,75.0,25.0,88.24,91.57,90.62,89.71,-0.91,49.57,51.52,36.46,54.41,17.95,18.75,62.5,5.21,86.76,81.55,61.11,45.83,67.71,10.29,-57.42,56.25,0.0,50.0,1.47,-48.53,36.07,28.57,96.88,55.88,-41.0,11.475,14.286,90.62,75.0,-15.62,38.89,100.0,61.46,97.06,35.6,76.72,77.78,64.58,60.29,-4.29,70.16,94.87,21.88,98.53,76.65,22,1
J08-0700,José Aldo,jose aldo,MED,MED,0,Medio,Medio,Brasil B,Brasil A,A,1,2024,2024,jun26,2026,2,2026,Ituano,Mirassol,José Aldo - Ituano - Brasil B,José Aldo - Mirassol - Brasil A,2395,1235,29.0,15.0,0,0,900,426,0,0,1,0,1.4976,1.279,-0.219,85.5,94.1,27.0,27.0,0.0,0.0,medida (76 pares),referência,25.0,27.0,2.0,0,0,0.0854,0.0,-0.3044,0.778,0.501,única; único,única; único,42,34,0,20.37,14.21,89.29,72.06,-17.23,2.22,2.48,60.71,89.71,29.0,1.69,1.38,78.57,77.94,-0.63,0.08,0.22,28.57,79.41,50.84,1.16,0.66,58.33,30.88,-27.45,6.76,9.4,72.62,95.59,22.97,21.87,36.22,39.29,77.94,38.65,0.79,0.36,45.24,20.59,-24.65,0.13,0.02,88.1,11.76,-76.34,0.19,0.44,63.1,85.29,22.19,35.81,50.72,46.43,83.82,37.39,10.22,7.14,91.67,72.06,-19.61,84.78,87.5,48.81,54.41,5.6,47.23,42.05,27.38,13.24,-14.14,40.68,52.94,34.52,69.12,34.6,60.66,52.5,63.1,33.82,-29.28,51.11,36.84,58.33,13.24,-45.09,32.26,33.33,58.33,64.71,6.38,19.355,0.0,89.29,25.0,-64.29,45.45,36.36,86.9,50.0,-36.9,78.33,82.95,70.24,80.88,10.64,73.08,77.61,34.52,33.82,-0.7,22,1
J08-0701,Dionísio,dionisio,MED,MED,0,Medio,Medio,Brasil B,Brasil C,C,1,2024,2024,2025,2025,1,2025,Brusque,Confiança,Dionísio - Brusque - Brasil B,Dionísio - Confiança - Brasil C,1250,1180,21.0,18.0,0,0,900,616,0,0,0,0,0.0716,0.4759,0.404,56.5,69.7,32.0,32.0,0.0,0.0,medida (76 pares),medida (70 pares),30.0,31.0,1.0,0,0,-0.0894,0.0,0.4934,0.1534,0.3225,única; único,única; único,42,39,0,18.0,19.37,70.24,83.33,13.09,1.08,1.22,8.33,6.41,-1.92,1.94,1.75,89.29,88.46,-0.83,0.22,0.46,63.1,98.72,35.62,1.73,2.44,96.43,93.59,-2.84,5.4,6.64,36.9,67.95,31.05,34.49,35.01,91.67,98.72,7.05,0.79,0.61,45.24,35.9,-9.34,0.07,0.1,42.86,80.77,37.91,0.14,0.0,44.05,14.1,-29.95,42.7,47.21,77.38,93.59,16.21,6.41,7.63,26.19,52.56,26.37,89.54,86.59,96.43,85.9,-10.53,50.4,55.91,53.57,93.59,40.02,26.67,37.5,10.71,29.49,18.78,57.89,61.39,35.71,70.51,34.8,48.15,60.87,46.43,65.38,18.95,20.83,37.5,20.24,78.21,57.97,0.0,3.125,10.71,37.18,26.47,36.84,50.0,65.48,76.92,11.44,72.0,85.06,29.76,88.46,58.7,75.38,81.45,63.1,93.59,30.49,22,1
J08-0702,Marco Antônio,marco antonio,MED,MED,0,Medio,Medio,Brasil B,Brasil C,C,1,2024,2024,2025,2025,1,2025,CRB,Náutico,Marco Antônio - CRB - Brasil B,Marco Antônio - Náutico - Brasil C,508,1581,10.0,19.0,0,1,900,616,0,1,0,0,-0.6989,-0.6197,0.079,19.4,28.8,25.0,25.0,0.0,0.0,medida (76 pares),medida (70 pares),23.0,24.0,1.0,0,0,0.0817,0.0,-0.0027,-0.335,-0.2847,única; único,única; único,42,39,0,14.17,11.95,35.71,14.1,-21.61,2.83,1.76,78.57,26.92,-51.65,1.06,0.91,58.33,52.56,-5.77,0.0,0.17,4.76,75.64,70.88,0.35,1.2,4.76,52.56,47.8,3.37,3.19,3.57,1.28,-2.29,15.77,13.83,4.76,3.85,-0.91,1.06,1.94,75.0,93.59,18.59,0.02,0.16,8.33,92.31,83.98,0.18,0.11,58.33,42.31,-16.02,23.92,19.41,2.38,1.28,-1.1,6.02,5.64,21.43,14.1,-7.33,83.7,76.25,40.48,14.1,-26.38,43.75,44.76,4.76,11.54,6.78,25.0,38.71,8.33,34.62,26.29,73.33,64.21,100.0,88.46,-11.54,33.33,31.25,7.14,6.41,-0.73,50.0,42.86,98.81,89.74,-9.07,0.0,19.048,10.71,98.72,88.01,16.67,22.73,7.14,20.51,13.37,57.89,73.21,2.38,32.05,29.67,86.67,74.6,97.62,70.51,-27.11,22,1
J08-0703,Pierre,pierre,MED,MED,0,Medio,Medio,Brasil C,Brasil B,B,1,2024,2024,2025,2025,1,2025,Tombense,Volta Redonda,Pierre - Tombense - Brasil C,Pierre - Volta Redonda - Brasil B,1172,1809,14.0,19.0,0,0,592,900,0,0,0,0,0.7869,1.5942,0.807,74.6,83.1,24.0,24.0,0.0,0.0,medida (53 pares),medida (111 pares),22.0,23.0,1.0,0,0,0.0945,0.0,0.7125,0.6067,0.9875,única; único,única; único,44,48,0,13.13,11.29,19.32,17.71,-1.61,1.77,1.49,15.91,17.71,1.8,0.84,0.65,46.59,29.17,-17.42,0.08,0.05,32.95,39.58,6.63,0.69,0.8,26.14,21.88,-4.26,6.68,8.56,69.32,98.96,29.64,38.78,39.7,98.86,98.96,0.1,0.15,0.7,12.5,41.67,29.17,0.03,0.04,30.68,22.92,-7.76,0.15,0.3,53.41,73.96,20.55,51.3,50.35,94.32,98.96,4.64,6.07,6.42,12.5,41.67,29.17,89.97,88.93,94.32,96.88,2.56,57.31,54.63,85.23,80.21,-5.02,60.87,50.0,85.23,67.71,-17.52,53.33,61.22,18.18,69.79,51.61,54.55,61.54,44.32,66.67,22.35,33.33,25.0,69.32,50.0,-19.32,0.0,0.0,27.27,15.62,-11.65,28.57,50.0,44.32,88.54,44.22,80.46,81.4,71.59,88.54,16.95,84.68,86.34,98.86,98.96,0.1,22,1
J08-0704,Pierre,pierre,MED,MED,0,Medio,Medio,Brasil B,Brasil A,A,1,2024,2024,2025,2025,1,2025,Guarani,Fortaleza,Pierre - Guarani - Brasil B,Pierre - Fortaleza - Brasil A,490,911,12.0,13.0,0,1,900,900,0,1,0,0,0.6694,0.162,-0.507,69.4,57.4,24.0,24.0,0.0,0.0,medida (76 pares),medida (156 pares),22.0,23.0,1.0,0,0,0.0945,0.0,-0.6015,0.5323,-0.3703,única; único,única; único,42,32,0,12.86,10.57,23.81,4.69,-19.12,1.65,0.89,27.38,10.94,-16.44,0.73,0.59,28.57,39.06,10.49,0.37,0.0,97.62,9.38,-88.24,0.55,0.3,7.14,10.94,3.8,7.9,6.82,97.62,79.69,-17.93,45.92,27.76,100.0,35.94,-64.06,0.18,0.4,9.52,17.19,7.67,0.02,0.01,8.33,3.12,-5.21,0.0,0.2,7.14,54.69,47.55,59.88,41.69,100.0,48.44,-51.56,7.16,9.68,45.24,89.06,43.82,91.41,89.1,100.0,70.31,-29.69,58.57,52.34,100.0,60.94,-39.06,33.33,22.22,21.43,10.94,-10.49,66.67,60.32,95.24,67.19,-28.05,75.0,33.33,100.0,4.69,-95.31,66.67,33.33,100.0,60.94,-39.06,0.0,0.0,10.71,12.5,1.79,0.0,62.5,1.19,95.31,94.12,86.05,75.36,95.24,51.56,-43.68,86.27,83.33,97.62,70.31,-27.31,22,1
J08-0705,Jáderson,jaderson,MED,MED,0,Medio,Medio,Brasil C,Brasil B,B,1,2024,2024,2025,2025,1,2025,Remo,Remo,Jáderson - Remo - Brasil C,Jáderson - Remo - Brasil B,2088,1679,23.0,26.0,0,0,592,900,0,0,0,0,2.8683,-0.3672,-3.236,100.0,24.6,25.0,25.0,0.0,0.0,medida (53 pares),medida (111 pares),23.0,24.0,1.0,0,0,0.0817,0.0,-3.3177,1.9259,-2.2931,única; único,única; único,44,48,0,21.68,16.24,92.05,73.96,-18.09,2.33,2.47,32.95,69.79,36.84,2.67,1.18,92.05,60.42,-31.63,0.3,0.21,87.5,92.71,5.21,1.64,0.86,84.09,26.04,-58.05,6.29,3.11,53.41,9.38,-44.03,23.19,19.83,44.32,19.79,-24.53,1.42,0.75,92.05,44.79,-47.26,0.1,0.07,75.0,47.92,-27.08,0.56,0.05,98.86,12.5,-86.36,34.7,30.13,39.77,26.04,-13.73,6.98,5.84,30.68,18.75,-11.93,83.11,85.41,42.05,57.29,15.24,51.29,47.85,46.59,26.04,-20.55,50.0,36.96,68.18,32.29,-35.89,65.93,57.3,85.23,43.75,-41.48,64.52,68.18,64.77,81.25,16.48,34.21,31.25,72.73,76.04,3.31,7.895,6.25,76.14,51.04,-25.1,32.14,15.38,51.14,16.67,-34.47,85.62,63.79,96.59,11.46,-85.13,80.58,75.38,80.68,61.46,-19.22,22,1
J08-0706,André Lima,andre lima,MED,MED,0,Medio,Medio,Brasil C,Brasil B,B,1,2024,2024,2025,2025,1,2025,Confiança,Paysandu,André Lima - Confiança - Brasil C,André Lima - Paysandu - Brasil B,1258,1581,13.0,23.0,0,0,592,900,0,0,0,0,0.3455,-0.1975,-0.543,65.7,35.4,26.0,26.0,0.0,0.0,medida (53 pares),medida (111 pares),24.0,25.0,1.0,0,0,0.0817,0.0,-0.6247,0.327,-0.5245,única; único,única; único,44,48,0,15.81,12.41,38.64,28.12,-10.52,1.43,1.14,3.41,9.38,5.97,2.22,0.91,87.5,42.71,-44.79,0.0,0.06,11.36,50.0,38.64,1.22,1.14,64.77,51.04,-13.73,6.37,5.07,56.82,48.96,-7.86,28.33,24.14,71.59,48.96,-22.63,0.57,0.51,37.5,26.04,-11.46,0.12,0.06,86.36,37.5,-48.86,0.0,0.06,12.5,16.67,4.17,41.35,34.67,76.14,46.88,-29.26,8.08,6.83,55.68,53.12,-2.56,83.39,84.07,44.32,40.62,-3.7,57.47,56.88,87.5,90.62,3.12,40.0,50.0,36.36,67.71,31.35,67.37,68.89,92.05,98.96,6.91,70.97,56.25,80.68,50.0,-30.68,35.29,35.0,76.14,94.79,18.65,17.647,10.0,94.32,84.38,-9.94,0.0,0.0,10.23,5.21,-5.02,75.28,74.16,30.68,46.88,16.2,79.59,72.17,78.41,38.54,-39.87,22,1
J08-0707,Miraíma,miraima,MED,MED,0,Medio,Medio,Brasil C,Brasil B,B,1,2025,2025,jun26,2026,1,2026,São Bernardo FC,São Bernardo FC,Miraíma - São Bernardo FC - Brasil C,Miraíma - São Bernardo FC - Brasil B,1249,920,19.0,11.0,0,0,616,284,0,0,1,0,2.0101,2.6793,0.669,92.4,94.1,26.0,25.0,0.0,0.0,medida (70 pares),referência,25.0,25.0,0.0,-1,0,0.0,-0.044,0.669,1.382,1.2973,única; único,única; único,39,34,0,13.04,12.13,20.51,39.71,19.2,1.95,0.59,32.05,4.41,-27.64,1.44,0.39,83.33,19.12,-64.21,0.0,0.0,25.64,30.88,5.24,2.67,1.47,96.15,69.12,-27.03,8.29,9.29,91.03,98.53,7.5,34.52,34.53,96.15,92.65,-3.5,0.65,0.2,39.74,10.29,-29.45,0.1,0.06,80.77,52.94,-27.83,0.36,0.2,93.59,66.18,-27.41,45.61,43.73,88.46,86.76,-1.7,6.41,6.85,26.92,57.35,30.43,83.73,86.58,67.95,75.0,7.05,41.44,46.77,1.28,36.76,35.48,22.22,16.67,3.85,4.41,0.56,54.79,53.85,32.05,51.47,19.42,60.0,50.0,58.97,38.24,-20.73,37.84,33.33,80.77,60.29,-20.48,8.108,13.333,65.38,72.06,6.68,38.46,50.0,57.69,86.76,29.07,91.3,76.84,98.72,60.29,-38.43,77.46,81.72,85.9,83.82,-2.08,22,1
J08-0708,Renan Areias,renan areias,MED,MED,0,Medio,Medio,Bulgaria,Brasil C,C,0,2024,2024,jun26,2026,2,2026,Krumovgrad,Figueirense,Renan Areias - Krumovgrad - Bulgaria,Renan Areias - Figueirense - Brasil C,875,409,13.0,7.0,1,1,545,213,0,0,1,0,0.9835,1.2565,0.273,83.0,94.7,26.0,28.0,2.0,0.0,medida (56 pares),referência,26.0,28.0,2.0,0,0,0.01,0.0225,0.263,0.5715,0.685,única; único,única; único,22,38,0,15.94,19.36,43.18,88.16,44.98,2.47,2.86,79.55,51.32,-28.23,0.93,1.1,6.82,67.11,60.29,0.31,0.44,56.82,98.68,41.86,0.93,0.44,61.36,25.0,-36.36,5.35,7.92,61.36,88.16,26.8,22.11,30.59,52.27,82.89,30.62,0.82,0.88,43.18,69.74,26.56,0.09,0.02,75.0,30.26,-44.74,0.31,0.22,88.64,61.84,-26.8,34.97,42.91,56.82,80.26,23.44,9.26,11.44,75.0,96.05,21.05,82.65,85.13,52.27,72.37,20.1,53.55,51.14,88.64,61.84,-26.8,45.83,38.46,75.0,30.26,-44.74,57.78,65.91,70.45,82.89,12.44,44.44,20.0,25.0,11.84,-13.16,66.67,50.0,93.18,89.47,-3.71,11.111,0.0,77.27,40.79,-36.48,50.0,20.0,61.36,35.53,-25.83,80.77,75.0,97.73,50.0,-47.73,72.73,80.0,65.91,75.0,9.09,22,1
J08-0709,Thiago Mendes,thiago mendes,MED,MED,0,Medio,Medio,Catar,Brasil A,A,0,2025,2025,jun26,2026,1,2026,Al Rayyan,Vasco da Gama,Thiago Mendes - Al Rayyan - Catar,Thiago Mendes - Vasco da Gama - Brasil A,362,1488,4.0,16.0,0,1,521,426,0,1,1,0,2.3649,0.6958,-1.669,91.1,79.4,34.0,34.0,0.0,0.0,medida (86 pares),referência,33.0,34.0,1.0,0,0,0.1331,0.0,-1.8021,1.6069,-0.9111,única; único,única; único,24,34,0,11.44,13.61,25.0,60.29,35.29,1.24,1.94,37.5,72.06,34.56,0.25,0.79,8.33,48.53,40.2,0.25,0.36,91.67,86.76,-4.91,0.99,0.79,58.33,39.71,-18.62,8.2,6.83,95.83,83.82,-12.01,59.42,42.28,100.0,92.65,-7.35,0.75,0.91,60.42,51.47,-8.95,0.04,0.06,43.75,41.18,-2.57,0.25,0.24,79.17,55.88,-23.29,70.86,54.07,100.0,92.65,-7.35,3.98,4.29,4.17,7.35,3.18,90.18,92.06,79.17,92.65,13.48,45.65,49.33,16.67,48.53,31.86,0.0,28.13,0.0,13.24,13.24,66.67,57.14,95.83,60.29,-35.54,0.0,61.54,2.08,55.88,53.8,50.0,46.15,91.67,86.76,-4.91,0.0,23.077,29.17,89.71,60.54,0.0,55.56,8.33,82.35,74.02,84.85,86.73,87.5,98.53,11.03,80.0,85.96,81.25,83.82,2.57,22,1
J08-0710,Pedro Castro,pedro castro,MED,MED,0,Medio,Medio,Emirados,Brasil B,B,0,2024,2024,2025,2025,1,2025,Avaí,Remo,Pedro Castro - Avaí - Emirados,Pedro Castro - Remo - Brasil B,992,1692,10.0,28.0,0,0,545,900,0,0,0,0,-0.8344,-0.3614,0.473,24.1,26.2,31.0,33.0,2.0,0.0,medida (67 pares),medida (111 pares),31.0,32.0,1.0,0,0,-0.2979,-0.3176,0.7709,-0.4208,0.0594,única; único,única; único,30,48,0,14.24,11.7,55.0,21.88,-33.12,3.08,2.02,85.0,42.71,-42.29,1.72,0.59,76.67,26.04,-50.63,0.36,0.05,68.33,39.58,-28.75,1.18,0.74,80.0,17.71,-62.29,7.17,4.73,78.33,42.71,-35.62,21.96,19.15,25.0,15.62,-9.38,0.27,0.37,21.67,11.46,-10.21,0.03,0.02,33.33,7.29,-26.04,0.09,0.21,18.33,61.46,43.13,32.93,28.46,31.67,19.79,-11.88,7.8,7.45,58.33,69.79,11.46,78.24,83.55,8.33,38.54,30.21,57.32,50.91,95.0,53.12,-41.88,38.24,42.11,28.33,42.71,14.38,72.73,66.28,98.33,88.54,-9.79,63.16,54.55,65.0,44.79,-20.21,23.08,21.43,35.0,40.62,5.62,0.0,7.143,28.33,62.5,34.17,31.25,50.0,45.0,88.54,43.54,77.22,68.54,68.33,26.04,-42.29,69.44,71.74,21.67,36.46,14.79,22,1
J08-0711,R. Atencio,r atencio,MEI,MEI,0,Meia,Meia,Argentina A,Brasil A,A,0,2024,2024,2025,2025,1,2025,Central Córdoba SdE,Sport Recife,R. Atencio - Central Córdoba SdE - Argentina A,R. Atencio - Sport Recife - Brasil A,558,668,8.0,19.0,1,1,213,900,1,0,0,0,-0.4243,0.7034,1.128,43.5,74.3,21.0,23.0,2.0,0.0,medida (108 pares),medida (156 pares),21.0,22.0,1.0,0,0,0.0032,0.2236,1.1248,0.0065,0.6969,única; único,única; único,20,24,0,21.29,17.25,42.5,87.5,45.0,1.61,0.81,42.5,20.83,-21.67,5.16,3.5,57.5,87.5,30.0,0.16,0.0,12.5,0.0,-12.5,1.13,2.56,17.5,95.83,78.33,4.68,6.06,47.5,66.67,19.17,21.45,31.66,47.5,83.33,35.83,0.48,1.35,12.5,20.83,8.33,0.07,0.22,22.5,87.5,65.0,0.16,0.4,22.5,20.83,-1.67,32.42,40.55,47.5,79.17,31.67,5.97,4.18,72.5,54.17,-18.33,78.11,83.06,52.5,50.0,-2.5,39.39,46.88,27.5,58.33,30.83,20.0,0.0,47.5,0.0,-47.5,42.22,58.54,7.5,41.67,34.17,53.13,57.69,42.5,62.5,20.0,14.29,26.32,7.5,18.75,11.25,0.0,0.0,20.0,2.08,-17.92,0.0,33.33,12.5,39.58,27.08,68.97,86.67,7.5,83.33,75.83,57.58,91.11,22.5,100.0,77.5,22,1
J08-0712,Philippe Coutinho,philippe coutinho,MEI,MEI,0,Meia,Meia,Catar,Brasil A,A,0,2024,2024,2025,2025,1,2025,Al Duhail,Vasco da Gama,Philippe Coutinho - Al Duhail - Catar,Philippe Coutinho - Vasco da Gama - Brasil A,1217,2589,16.0,30.0,0,0,521,900,0,0,0,0,0.732,1.105,0.373,80.0,80.0,34.0,34.0,0.0,0.0,medida (66 pares),medida (156 pares),32.0,33.0,1.0,0,0,-0.12,0.0,0.493,0.6788,0.4262,única; único,única; único,7,24,1,13.76,13.42,7.14,22.92,15.78,0.96,0.76,50.0,18.75,-31.25,3.11,3.44,50.0,85.42,35.42,0.37,0.17,7.14,31.25,24.11,2.44,2.19,78.57,89.58,11.01,7.91,6.67,64.29,81.25,16.96,39.34,41.37,64.29,97.92,33.63,2.88,1.63,78.57,35.42,-43.15,0.31,0.19,92.86,68.75,-24.11,0.96,0.24,78.57,6.25,-72.32,44.45,48.15,50.0,97.92,47.92,2.44,2.78,7.14,14.58,7.44,86.02,88.23,64.29,93.75,29.46,42.47,40.16,50.0,2.08,-47.92,38.46,27.27,92.86,31.25,-61.61,54.84,54.32,50.0,22.92,-27.08,54.76,46.46,64.29,22.92,-41.37,24.24,34.92,7.14,39.58,32.44,9.091,7.937,21.43,27.08,5.65,33.33,30.0,57.14,22.92,-34.22,90.65,86.98,78.57,93.75,15.18,75.0,86.64,50.0,97.92,47.92,22,0
J08-0713,Juninho,juninho,MEI,MEI,0,Meia,Meia,Brasil B,Brasil C,C,1,2024,2024,2025,2025,1,2025,Paysandu,ABC,Juninho - Paysandu - Brasil B,Juninho - ABC - Brasil C,1039,299,19.0,7.0,1,0,900,616,1,0,0,0,-0.6745,0.2137,0.888,11.8,71.4,27.0,27.0,0.0,0.0,medida (76 pares),medida (70 pares),25.0,26.0,1.0,0,0,0.0183,0.0,0.8697,-0.139,0.3527,única; homônimo resolvido pelo clube,única; único,14,7,1,23.73,20.47,96.43,85.71,-10.72,2.69,2.71,75.0,100.0,25.0,3.21,1.81,96.43,42.86,-53.57,0.52,0.6,89.29,85.71,-3.58,1.47,3.01,25.0,85.71,60.71,3.64,3.91,17.86,14.29,-3.57,21.92,27.39,17.86,85.71,67.85,3.03,4.21,96.43,100.0,3.57,0.12,0.29,39.29,100.0,60.71,0.17,0.0,35.71,0.0,-35.71,30.32,31.91,17.86,71.43,53.57,5.11,5.72,75.0,100.0,25.0,78.86,74.53,10.71,14.29,3.58,40.51,50.0,17.86,78.57,60.71,9.68,33.33,10.71,71.43,60.72,54.05,65.22,46.43,57.14,10.71,48.65,50.0,25.0,28.57,3.57,11.76,10.0,3.57,0.0,-3.57,0.0,10.0,21.43,71.43,50.0,28.0,0.0,32.14,0.0,-32.14,76.19,46.15,10.71,0.0,-10.71,61.54,30.0,3.57,0.0,-3.57,22,0
J08-0714,Josué,josue,MEI,MEI,0,Meia,Meia,Brasil B,Brasil A,A,1,2025,2025,jun26,2026,1,2026,Coritiba,Coritiba,Josué - Coritiba - Brasil B,Josué - Coritiba - Brasil A,2952,1406,34.0,17.0,0,0,900,426,0,0,1,0,3.6217,0.1873,-3.434,100.0,59.1,35.0,35.0,0.0,0.0,medida (111 pares),referência,34.0,35.0,1.0,0,0,0.0796,0.0,-3.5136,2.3589,-2.1716,única; único,única; único,16,22,0,13.14,10.69,21.88,20.45,-1.43,0.98,0.64,15.62,6.82,-8.8,1.62,0.96,34.38,20.45,-13.93,0.03,0.0,21.88,6.82,-15.06,1.55,0.64,53.12,6.82,-46.3,10.95,9.22,96.88,97.73,0.85,48.93,34.25,96.88,79.55,-17.33,1.13,0.45,40.62,6.82,-33.8,0.14,0.08,65.62,18.18,-47.44,0.73,0.64,84.38,79.55,-4.83,58.17,44.36,96.88,84.09,-12.79,2.59,3.71,9.38,47.73,38.35,85.06,82.97,84.38,56.82,-27.56,48.49,41.92,71.88,29.55,-42.33,21.88,10.0,28.12,13.64,-14.48,56.41,47.46,53.12,25.0,-28.12,62.26,53.33,78.12,56.82,-21.3,41.18,20.0,84.38,6.82,-77.56,11.765,10.0,81.25,47.73,-33.52,33.94,44.44,65.62,84.09,18.47,88.3,79.17,96.88,38.64,-58.24,77.69,69.66,65.62,15.91,-49.71,22,1
J08-0715,Marquinho,marquinho,MEI,MEI,0,Meia,Meia,Portugal B,Brasil B,B,0,2024,2024,2025,2025,1,2025,Academico Viseu,Botafogo SP,Marquinho - Academico Viseu - Portugal B,Marquinho - Botafogo SP - Brasil B,1213,1504,20.0,26.0,0,0,568,900,0,0,0,0,-0.6442,-0.4146,0.23,31.2,38.1,21.0,24.0,2.0,0.0,medida (43 pares),medida (111 pares),21.0,23.0,2.0,1,0,0.0064,0.4903,0.2236,-0.1213,-0.2933,única; único,única; único,13,16,0,12.91,10.71,11.54,3.12,-8.42,1.34,1.91,11.54,59.38,47.84,1.34,1.14,11.54,15.62,4.08,0.3,0.3,34.62,84.38,49.76,1.48,1.62,26.92,59.38,32.46,3.41,3.17,11.54,3.12,-8.42,16.17,20.53,26.92,21.88,-5.04,0.67,0.84,3.85,15.62,11.77,0.11,0.21,26.92,84.38,57.46,0.3,0.24,42.31,25.0,-17.31,22.04,27.47,11.54,15.62,4.08,4.45,2.15,11.54,3.12,-8.42,80.13,81.26,57.69,53.12,-4.57,37.93,40.22,3.85,9.38,5.53,5.56,18.75,3.85,15.62,11.77,50.0,50.0,19.23,15.62,-3.61,55.56,57.89,73.08,65.62,-7.46,40.0,18.52,80.77,15.62,-65.15,25.0,11.111,96.15,71.88,-24.27,33.33,12.5,50.0,3.12,-46.88,71.74,83.02,42.31,71.88,29.57,59.18,72.15,19.23,34.38,15.15,22,1
J08-0716,Higor Meritão,higor meritao,VOL,VOL,0,Volante,Volante,Brasil A,Brasil B,B,1,2024,2024,2025,2025,1,2025,Criciúma,CRB,Higor Meritão - Criciúma - Brasil A,Higor Meritão - CRB - Brasil B,1179,3283,17.0,35.0,0,0,900,900,0,0,0,0,0.4777,-0.9647,-1.442,63.3,17.5,31.0,31.0,0.0,0.0,medida (113 pares),medida (111 pares),29.0,30.0,1.0,0,0,-0.0956,0.0,-1.3464,0.3399,-1.3046,única; único,única; único,50,30,0,14.73,16.48,43.0,75.0,32.0,1.22,2.52,17.0,48.33,31.33,0.53,0.93,23.0,76.67,53.67,0.08,0.03,49.0,60.0,11.0,1.07,1.23,79.0,75.0,-4.0,5.8,5.87,49.0,68.33,19.33,27.25,35.04,41.0,91.67,50.67,0.46,0.8,43.0,70.0,27.0,0.11,0.08,90.0,70.0,-20.0,0.0,0.08,11.0,35.0,24.0,38.93,47.4,37.0,88.33,51.33,8.7,9.38,53.0,88.33,35.33,90.78,90.11,79.0,95.0,16.0,37.82,46.92,1.0,8.33,7.33,18.75,47.83,1.0,55.0,54.0,43.48,48.37,3.0,5.0,2.0,57.14,47.06,55.0,31.67,-23.33,28.57,11.11,53.0,5.0,-48.0,14.286,2.222,89.0,35.0,-54.0,100.0,30.0,98.0,53.33,-44.67,75.0,78.04,41.0,75.0,34.0,83.05,80.88,73.0,81.67,8.67,22,1
J08-0717,Gonzalo Freitas,gonzalo freitas,VOL,VOL,0,Volante,Volante,Uruguai,Brasil B,B,0,2024,2024,2025,2025,1,2025,Wanderers,Goiás,Gonzalo Freitas - Wanderers - Uruguai,Gonzalo Freitas - Goiás - Brasil B,1351,1255,14.0,22.0,0,0,876,900,0,0,0,0,1.2306,-0.4968,-1.727,100.0,32.5,34.0,34.0,0.0,0.0,medida (72 pares),medida (111 pares),32.0,33.0,1.0,0,0,-0.2145,0.0,-1.5125,0.5076,-1.0044,única; único,única; único,13,30,0,19.25,13.48,57.69,51.67,-6.02,4.8,5.24,80.77,95.0,14.23,0.87,0.22,42.31,11.67,-30.64,0.2,0.0,88.46,28.33,-60.13,2.13,1.0,96.15,71.67,-24.48,6.13,4.73,11.54,25.0,13.46,18.52,16.21,26.92,8.33,-18.59,0.93,0.72,96.15,58.33,-37.82,0.13,0.1,96.15,88.33,-7.82,0.07,0.14,53.85,66.67,12.82,33.11,27.54,19.23,11.67,-7.56,12.66,8.61,80.77,71.67,-9.1,83.1,81.25,57.69,8.33,-49.36,55.02,54.26,50.0,78.33,28.33,59.72,67.12,80.77,98.33,17.56,67.46,56.34,73.08,35.0,-38.08,46.15,33.33,19.23,8.33,-10.9,31.25,21.43,65.38,46.67,-18.71,12.5,7.143,80.77,66.67,-14.1,100.0,50.0,84.62,83.33,-1.29,68.48,53.03,34.62,1.67,-32.95,69.07,65.57,73.08,5.0,-68.08,22,1
J08-0718,Vini Paulista,vini paulista,VOL,VOL,0,Volante,Volante,Brasil B,Brasil A,A,1,2024,2024,jun26,2026,2,2026,Coritiba,Coritiba,Vini Paulista - Coritiba - Brasil B,Vini Paulista - Coritiba - Brasil A,1885,810,29.0,18.0,1,0,900,426,0,0,1,0,0.1214,0.0153,-0.106,60.0,53.3,25.0,25.0,0.0,0.0,medida (76 pares),referência,23.0,25.0,2.0,0,0,-0.107,0.0,0.001,0.2915,-0.2762,única; único,única; único,31,30,0,19.0,15.33,91.94,91.67,-0.27,1.96,1.0,30.65,5.0,-25.65,1.62,0.89,88.71,71.67,-17.04,0.72,0.33,98.39,95.0,-3.39,1.38,0.89,82.26,55.0,-27.26,3.58,2.22,8.06,1.67,-6.39,19.67,11.78,11.29,1.67,-9.62,1.53,0.89,98.39,85.0,-13.39,0.1,0.06,82.26,60.0,-22.26,0.19,0.11,83.87,46.67,-37.2,29.46,21.78,11.29,1.67,-9.62,9.88,9.44,82.26,91.67,9.41,87.03,84.69,59.68,25.0,-34.68,54.77,55.07,56.45,61.67,5.22,31.71,44.44,4.84,26.67,21.83,69.89,67.61,98.39,98.33,-0.06,64.71,62.5,59.68,56.67,-3.01,44.83,12.5,91.94,28.33,-63.61,3.448,0.0,56.45,35.0,-21.45,30.77,0.0,51.61,25.0,-26.61,77.33,70.0,56.45,35.0,-21.45,77.91,87.5,59.68,85.0,25.32,22,1
J08-0719,Emerson Santos,emerson santos,VOL,VOL,0,Volante,Volante,Brasil B,Brasil C,C,1,2024,2024,2025,2025,1,2025,Ponte Preta,São Bernardo FC,Emerson Santos - Ponte Preta - Brasil B,Emerson Santos - São Bernardo FC - Brasil C,1683,1058,26.0,15.0,0,0,900,616,0,0,0,0,-0.4739,-0.9379,-0.464,27.5,14.3,31.0,34.0,0.0,0.0,medida (76 pares),medida (70 pares),29.0,33.0,4.0,3,1,-0.6202,-0.5838,0.1562,0.128,-1.0659,única; homônimo resolvido pelos minutos,única; homônimo resolvido pelo clube,31,28,0,11.28,16.42,14.52,62.5,47.98,2.03,4.85,40.32,91.07,50.75,0.37,0.6,17.74,44.64,26.9,0.0,0.0,9.68,32.14,22.46,0.53,0.51,17.74,23.21,5.47,5.94,5.53,37.1,30.36,-6.74,23.42,28.41,33.87,80.36,46.49,0.59,0.43,58.06,44.64,-13.42,0.02,0.05,20.97,58.93,37.96,0.11,0.0,62.9,21.43,-41.47,36.42,40.92,37.1,80.36,43.26,7.54,9.95,46.77,73.21,26.44,83.11,85.45,30.65,83.93,53.28,46.45,54.4,8.06,58.93,50.87,36.84,50.88,14.52,62.5,47.98,49.54,64.79,4.84,76.79,71.95,57.14,71.43,38.71,76.79,38.08,30.0,16.67,59.68,32.14,-27.54,10.0,0.0,75.81,30.36,-45.45,0.0,0.0,8.06,3.57,-4.49,74.77,69.23,40.32,41.07,0.75,69.42,69.51,20.97,30.36,9.39,22,0
J08-0720,Luan Gonçalves,luan goncalves,VOL,VOL,0,Volante,Volante,Brasil C,Brasil B,B,1,2024,2024,2025,2025,1,2025,Aparecidense,Remo,Luan Gonçalves - Aparecidense - Brasil C,Luan Gonçalves - Remo - Brasil B,698,1015,12.0,14.0,0,1,592,900,0,0,0,0,-0.0232,1.2848,1.308,50.0,82.5,26.0,26.0,0.0,0.0,medida (53 pares),medida (111 pares),24.0,25.0,1.0,0,0,-0.0535,0.0,1.3615,0.2283,1.0565,única; único,única; único,12,30,0,18.7,14.01,87.5,58.33,-29.17,4.26,2.75,87.5,58.33,-29.17,1.16,0.62,87.5,65.0,-22.5,0.26,0.0,87.5,28.33,-59.17,0.77,0.8,62.5,53.33,-9.17,13.02,6.56,95.83,76.67,-19.16,32.88,32.81,87.5,85.0,-2.5,0.64,0.8,79.17,70.0,-9.17,0.04,0.1,62.5,88.33,25.83,0.0,0.09,25.0,41.67,16.67,49.9,45.31,87.5,78.33,-9.17,9.28,7.63,70.83,58.33,-12.5,85.53,84.74,79.17,45.0,-34.17,50.34,57.59,20.83,95.0,74.17,45.45,64.52,54.17,95.0,40.83,57.63,63.77,29.17,88.33,59.16,55.56,71.43,37.5,86.67,49.17,16.67,33.33,20.83,86.67,65.84,0.0,11.111,29.17,86.67,57.5,0.0,28.57,16.67,45.0,28.33,82.18,78.38,95.83,78.33,-17.5,79.76,69.15,87.5,25.0,-62.5,22,1
J08-0721,Jorginho,jorginho,VOL,VOL,0,Volante,Volante,Inglaterra A,Brasil A,A,0,2024,2024,2025,2025,1,2025,Arsenal,Flamengo,Jorginho - Arsenal - Inglaterra A,Jorginho - Flamengo - Brasil A,769,1465,17.0,18.0,0,1,639,900,0,0,0,0,0.372,2.886,2.514,74.0,96.5,32.0,34.0,2.0,0.0,medida (123 pares),medida (156 pares),32.0,33.0,1.0,0,0,-0.2145,-0.3464,2.7285,0.3163,2.5697,única; único,única; único,40,45,0,12.99,11.12,8.75,14.44,5.69,1.87,1.78,43.75,54.44,10.69,0.23,0.49,6.25,28.89,22.64,0.0,0.0,8.75,15.56,6.81,0.47,0.86,27.5,70.0,42.5,9.48,9.65,96.25,94.44,-1.81,56.29,68.25,93.75,98.89,5.14,0.23,0.25,12.5,15.56,3.06,0.0,0.16,1.25,94.44,93.19,0.12,0.31,36.25,86.67,50.42,67.3,83.86,91.25,98.89,7.64,9.13,6.39,51.25,26.67,-24.58,91.65,92.82,86.25,92.22,5.97,59.46,51.93,98.75,56.67,-42.08,12.5,48.28,1.25,58.89,57.64,78.33,60.98,98.75,65.56,-33.19,0.0,25.0,1.25,2.22,0.97,0.0,35.71,3.75,74.44,70.69,0.0,21.429,20.0,92.22,72.22,100.0,54.55,97.5,78.89,-18.61,85.19,89.81,93.75,98.89,5.14,85.0,84.89,73.75,76.67,2.92,22,1
J08-0722,André Ramalho,andre ramalho,ZAG,ZAG,0,Zagueiro - Direita,Zagueiro - Direita,Holanda,Brasil A,A,0,2024,2024,2025,2025,1,2025,PSV,Corinthians,André Ramalho - PSV - Holanda,André Ramalho - Corinthians - Brasil A,1897,2000,24.0,21.0,0,0,592,900,0,0,0,0,3.9199,2.8477,-1.072,97.5,96.6,32.0,34.0,2.0,0.0,medida (71 pares),medida (156 pares),32.0,33.0,1.0,0,0,-0.0748,-0.1536,-0.9972,1.452,1.3957,única; único,única; único,51,74,0,16.23,10.4,85.29,39.86,-45.43,5.22,3.65,85.29,50.0,-35.29,0.24,0.14,35.29,29.73,-5.56,0.05,0.05,29.41,68.92,39.51,1.04,0.5,95.1,69.59,-25.51,14.75,10.35,97.06,93.92,-3.14,52.28,45.63,91.18,93.92,2.74,1.28,0.54,95.1,51.35,-43.75,0.16,0.05,97.06,52.03,-45.03,0.05,0.0,37.25,24.32,-12.93,72.35,60.98,93.14,93.92,0.78,9.54,7.34,51.96,44.59,-7.37,90.62,92.62,79.41,92.57,13.16,62.57,63.64,65.69,83.78,18.09,59.09,58.02,69.61,43.92,-25.69,69.35,68.48,53.92,64.86,10.94,100.0,100.0,95.1,89.19,-5.91,31.82,9.09,46.08,8.78,-37.3,9.091,0.0,52.94,25.0,-27.94,33.33,50.0,55.88,79.05,23.17,81.35,77.83,93.14,89.86,-3.28,82.4,82.07,93.14,88.51,-4.63,22,1
J08-0723,Lucas Belezi,lucas belezi,ZAG,ZAG,0,Zagueiro - Direita,Zagueiro - Direita,Brasil A,Brasil B,B,1,2024,2024,2025,2025,1,2025,Athletico Paranaense,Athletico Paranaense,Lucas Belezi - Athletico Paranaense - Brasil A,Lucas Belezi - Athletico Paranaense - Brasil B,890,1120,9.0,15.0,0,1,900,900,0,1,0,0,0.7393,-0.5548,-1.294,80.9,28.0,23.0,23.0,0.0,0.0,medida (113 pares),medida (111 pares),21.0,22.0,1.0,0,0,0.0509,0.0,-1.3449,0.3709,-0.9257,única; único,única; único,73,72,0,8.7,10.77,4.11,40.97,36.86,3.74,3.78,45.21,39.58,-5.63,0.0,0.08,0.68,27.78,27.1,0.0,0.0,20.55,34.03,13.48,0.51,0.16,76.03,9.03,-67.0,6.17,10.21,27.4,93.75,66.35,15.17,31.02,0.0,74.31,74.31,0.61,0.16,68.49,3.47,-65.02,0.11,0.01,93.15,6.25,-86.9,0.0,0.0,18.49,18.75,0.26,25.58,45.72,0.0,77.08,77.08,9.4,6.35,86.3,17.36,-68.94,81.03,82.07,2.74,11.11,8.37,56.98,61.19,19.18,55.56,36.38,45.95,61.7,5.48,54.86,49.38,75.0,63.08,93.84,31.25,-62.59,0.0,0.0,3.42,9.72,6.3,40.0,50.0,63.7,84.72,21.02,20.0,0.0,81.51,22.92,-58.59,0.0,20.0,17.81,40.97,23.16,62.3,74.02,10.96,72.92,61.96,56.25,68.8,2.74,58.33,55.59,22,1
J08-0724,Luisão,luisao,ZAG,ZAG,0,Zagueiro - Direita,Zagueiro - Direita,Brasil B,Brasil A,A,1,2024,2024,2025,2025,1,2025,Grêmio Novorizontino,Santos,Luisão - Grêmio Novorizontino - Brasil B,Luisão - Santos - Brasil A,2956,475,32.0,6.0,1,0,900,900,1,0,0,0,1.4144,-1.1043,-2.519,92.2,12.1,22.0,22.0,0.0,0.0,medida (76 pares),medida (156 pares),20.0,21.0,1.0,0,0,0.0089,0.0,-2.5279,0.6004,-1.7047,única; único,única; único,69,74,0,15.31,12.32,96.38,68.92,-27.46,4.17,3.03,48.55,21.62,-26.93,0.55,0.19,90.58,45.27,-45.31,0.12,0.0,83.33,29.05,-54.28,0.43,0.38,64.49,41.89,-22.6,9.47,6.82,90.58,45.95,-44.63,20.16,21.6,15.22,12.16,-3.06,0.24,0.38,9.42,20.95,11.53,0.04,0.0,46.38,0.68,-45.7,0.06,0.0,86.96,24.32,-62.64,35.99,34.11,29.71,16.22,-13.49,9.9,8.53,92.03,79.73,-12.3,80.71,83.33,3.62,7.43,3.81,62.23,52.31,50.0,2.7,-47.3,59.85,43.75,39.86,1.35,-38.51,65.3,54.05,44.2,4.05,-40.15,61.11,100.0,39.86,89.19,49.33,57.14,0.0,84.78,4.05,-80.73,21.429,0.0,83.33,25.0,-58.33,55.56,100.0,81.88,96.62,14.74,76.53,72.22,86.23,57.43,-28.8,62.39,68.42,34.06,31.08,-2.98,22,1
J08-0725,Luisão,luisao,ZAG,ZAG,0,Zagueiro - Direita,Zagueiro - Esquerda,Brasil A,Brasil B,B,1,2025,2025,jun26,2026,1,2026,Santos,Goiás,Luisão - Santos - Brasil A,Luisão - Goiás - Brasil B,475,697,6.0,7.0,1,1,900,284,0,1,1,0,-1.1043,-0.3572,0.747,12.1,36.7,22.0,22.0,0.0,0.0,medida (156 pares),referência,21.0,22.0,1.0,0,0,0.0509,0.0,0.6961,-0.2558,-0.1014,única; único,única; homônimo resolvido pelo clube,74,67,0,12.32,9.04,68.92,27.61,-41.31,3.03,3.36,21.62,39.55,17.93,0.19,0.13,45.27,45.52,0.25,0.0,0.0,29.05,41.79,12.74,0.38,0.0,41.89,2.99,-38.9,6.82,9.56,45.95,88.81,42.86,21.6,37.83,12.16,93.28,81.12,0.38,0.0,20.95,2.24,-18.71,0.0,0.0,0.68,5.97,5.29,0.0,0.0,24.32,38.06,13.74,34.11,50.23,16.22,88.81,72.59,8.53,6.59,79.73,35.07,-44.66,83.33,91.0,7.43,87.31,79.88,52.31,51.43,2.7,12.69,9.99,43.75,50.0,1.35,20.15,18.8,54.05,44.83,4.05,2.24,-1.81,100.0,100.0,89.19,86.57,-2.62,0.0,0.0,4.05,22.39,18.34,0.0,0.0,25.0,44.03,19.03,100.0,100.0,96.62,97.01,0.39,72.22,79.73,57.43,88.81,31.38,68.42,81.67,31.08,90.3,59.22,22,1
J08-0726,Ianson,ianson,ZAG,ZAG,0,Zagueiro - Direita,Zagueiro - Direita,Brasil B,Brasil C,C,1,2024,2024,2025,2025,1,2025,Brusque,Tombense,Ianson - Brusque - Brasil B,Ianson - Tombense - Brasil C,2302,1273,24.0,13.0,0,0,900,616,0,0,0,0,0.0,3.766,3.766,51.0,100.0,30.0,30.0,0.0,0.0,medida (76 pares),medida (70 pares),28.0,29.0,1.0,0,0,-0.0776,0.0,3.8436,0.1196,3.6464,única; único,única; único,69,52,0,9.85,12.37,25.36,49.04,23.68,2.97,4.45,12.32,43.27,30.95,0.2,0.07,37.68,17.31,-20.37,0.0,0.07,18.84,77.88,59.04,0.23,0.49,27.54,66.35,38.81,6.33,8.48,31.16,81.73,50.57,20.17,32.31,16.67,93.27,76.6,0.31,0.57,16.67,71.15,54.48,0.05,0.04,59.42,41.35,-18.07,0.0,0.07,28.99,69.23,40.24,35.26,48.08,23.91,89.42,65.51,9.81,9.97,90.58,83.65,-6.93,87.58,86.47,58.7,64.42,5.72,66.27,67.43,86.23,87.5,1.27,63.16,74.6,50.0,97.12,47.12,71.79,69.01,76.09,50.96,-25.13,80.0,100.0,76.09,80.77,4.68,50.0,28.57,76.81,51.92,-24.89,16.667,0.0,71.01,25.96,-45.05,0.0,0.0,23.19,30.77,7.58,64.81,70.83,26.81,58.65,31.84,58.67,55.81,22.46,24.04,1.58,22,1
J08-0727,Maurício Antônio,mauricio antonio,ZAG,ZAG,0,Zagueiro - Esquerda,Zagueiro - Direita,Brasil B,Brasil C,C,1,2025,2025,jun26,2026,1,2026,Paysandu,Guarani,Maurício Antônio - Paysandu - Brasil B,Maurício Antônio - Guarani - Brasil C,1342,526,15.0,7.0,1,0,900,213,0,0,1,0,-0.6633,1.0248,1.688,27.5,83.3,34.0,34.0,0.0,0.0,medida (111 pares),referência,33.0,34.0,1.0,0,0,-0.238,0.0,1.926,-0.1059,1.1307,única; único,única; único,72,63,0,9.52,10.1,24.31,27.78,3.47,4.76,3.76,72.92,30.95,-41.97,0.0,0.17,4.17,51.59,47.42,0.07,0.17,86.11,86.51,0.4,0.6,0.51,81.25,59.52,-21.73,6.1,7.19,20.14,50.0,29.86,20.66,30.11,10.42,75.4,64.98,0.47,0.51,50.69,37.3,-13.39,0.05,0.02,59.72,31.75,-27.97,0.13,0.0,95.14,35.71,-59.43,34.2,43.8,17.36,75.4,58.04,7.91,5.65,63.19,11.9,-51.29,86.08,94.53,42.36,99.21,56.85,61.97,64.41,64.58,73.81,9.23,60.56,63.64,46.53,70.63,24.1,69.57,60.87,79.86,30.95,-48.91,0.0,100.0,9.72,84.92,75.2,33.33,33.33,65.97,68.25,2.28,0.0,0.0,22.92,43.65,20.73,0.0,0.0,17.36,38.1,20.74,60.44,90.48,11.81,99.21,87.4,57.5,68.42,17.36,61.11,43.75,22,1
J08-0728,Jair Cunha,jair cunha,ZAG,ZAG,0,Zagueiro - Direita,Zagueiro - Direita,Brasil B,Brasil A,A,1,2024,2024,2025,2025,1,2025,Santos,Botafogo,Jair Cunha - Santos - Brasil B,Jair Cunha - Botafogo - Brasil A,1909,1112,20.0,11.0,0,0,900,900,0,0,0,0,-1.7007,0.2987,1.999,3.9,60.3,21.0,21.0,0.0,0.0,medida (76 pares),medida (156 pares),19.0,20.0,1.0,0,0,0.0089,0.0,1.9901,-0.4585,0.7572,única; único,única; único,69,74,0,9.81,10.76,23.91,49.32,25.41,4.2,2.51,50.72,8.78,-41.94,0.38,0.32,75.36,72.3,-3.06,0.09,0.0,76.09,29.05,-47.04,0.05,0.49,3.62,65.54,61.92,8.82,8.42,76.09,77.7,1.61,33.71,35.85,84.78,79.05,-5.73,0.24,0.65,9.42,71.62,62.2,0.0,0.07,2.17,72.97,70.8,0.05,0.08,81.16,77.03,-4.13,47.24,50.02,80.43,81.76,1.33,6.55,7.12,16.67,29.05,12.38,85.33,88.67,26.81,46.62,19.81,67.79,65.41,90.58,92.57,1.99,66.29,77.42,71.01,99.32,28.31,73.75,70.91,87.68,82.43,-5.25,75.0,100.0,66.67,89.19,22.52,100.0,16.67,98.55,17.57,-80.98,0.0,0.0,20.29,25.0,4.71,50.0,66.67,73.19,89.19,16.0,68.45,70.19,39.86,46.62,6.76,63.49,65.45,38.41,15.54,-22.87,22,1
J08-0729,Tchoca,tchoca,ZAG,ZAG,0,Zagueiro - Direita,Zagueiro - Direita,Brasil B,Brasil A,A,1,2024,2024,2025,2025,1,2025,Ceará,Corinthians,Tchoca - Ceará - Brasil B,Tchoca - Corinthians - Brasil A,904,1386,10.0,16.0,0,0,900,900,0,0,0,0,-0.6245,-0.4856,0.139,33.3,31.0,22.0,22.0,0.0,0.0,medida (76 pares),medida (156 pares),20.0,21.0,1.0,0,0,0.0089,0.0,0.1301,-0.0927,-0.3929,única; único,única; único,69,74,0,12.64,9.55,63.04,26.35,-36.69,5.77,3.12,92.03,23.65,-68.38,0.4,0.13,78.99,26.35,-52.64,0.1,0.06,78.99,72.3,-6.69,0.2,0.39,18.84,45.95,27.11,6.67,7.01,39.86,50.68,10.82,29.67,30.71,60.14,52.03,-8.11,0.4,0.71,40.58,80.41,39.83,0.04,0.08,46.38,83.11,36.73,0.0,0.19,28.99,97.3,68.31,43.01,44.03,61.59,54.73,-6.86,7.67,7.34,47.1,44.59,-2.51,88.66,89.97,68.84,68.24,-0.6,70.08,58.5,96.38,39.19,-57.19,63.79,54.17,55.07,25.0,-30.07,83.72,63.51,97.83,41.22,-56.61,75.0,100.0,66.67,89.19,22.52,50.0,33.33,76.81,54.05,-22.76,0.0,0.0,20.29,25.0,4.71,66.67,50.0,90.58,79.05,-11.53,74.63,73.15,67.39,65.54,-1.85,55.56,79.66,13.77,80.41,66.64,22,1
J08-0730,Jonathan,jonathan,ZAG,ZAG,0,Zagueiro - Direita,Zagueiro - Direita,Brasil B,Brasil A,A,1,2024,2024,2025,2025,1,2025,Ceará,Cruzeiro,Jonathan - Ceará - Brasil B,Jonathan - Cruzeiro - Brasil A,538,901,6.0,13.0,0,1,900,900,0,1,0,0,-1.03,-1.0256,0.004,15.7,15.5,22.0,22.0,0.0,0.0,medida (76 pares),medida (156 pares),20.0,21.0,1.0,0,0,0.0089,0.0,-0.0049,-0.2305,-0.7951,única; único,única; único,69,74,0,13.05,11.59,68.12,64.19,-3.93,3.51,2.4,23.19,4.73,-18.46,0.67,0.9,94.2,97.97,3.77,0.0,0.1,18.84,84.46,65.62,0.17,0.0,13.04,0.68,-12.36,5.19,5.49,13.04,16.89,3.85,18.9,20.78,10.14,10.14,0.0,0.33,0.2,21.01,1.35,-19.66,0.07,0.0,76.09,0.68,-75.41,0.0,0.0,28.99,24.32,-4.67,30.45,31.76,13.04,8.78,-4.26,7.86,8.69,50.72,83.11,32.39,92.31,88.68,96.38,47.97,-48.41,60.26,50.0,34.78,0.68,-34.1,47.62,45.83,8.7,4.73,-3.97,74.29,53.45,88.41,3.38,-85.03,100.0,66.67,93.48,54.73,-38.75,0.0,0.0,5.07,4.05,-1.02,0.0,0.0,20.29,25.0,4.71,0.0,50.0,23.19,79.05,55.86,83.87,65.45,100.0,22.3,-77.7,80.0,74.29,98.55,65.54,-33.01,22,1
J08-0731,Gustavo Medina,gustavo medina,ZAG,ZAG,0,Zagueiro - Direita,Zagueiro - Direita,Brasil C,Brasil B,B,1,2024,2024,2025,2025,1,2025,Ferroviária,Ferroviária,Gustavo Medina - Ferroviária - Brasil C,Gustavo Medina - Ferroviária - Brasil B,2152,2556,23.0,27.0,0,0,592,900,0,0,0,0,-0.7265,-0.6989,0.028,12.8,20.0,24.0,24.0,0.0,0.0,medida (53 pares),medida (111 pares),22.0,23.0,1.0,0,0,0.0509,0.0,-0.0229,-0.1273,-0.5716,única; único,única; único,57,72,0,12.42,10.53,69.3,38.19,-31.11,4.64,3.59,57.89,32.64,-25.25,0.08,0.39,28.07,84.72,56.65,0.04,0.07,69.3,86.11,16.81,0.17,0.32,27.19,42.36,15.17,10.25,9.01,90.35,81.25,-9.1,31.37,27.89,83.33,54.86,-28.47,0.25,0.46,23.68,46.53,22.85,0.01,0.04,22.81,43.75,20.94,0.13,0.11,88.6,88.89,0.29,46.46,41.44,86.84,54.86,-31.98,8.41,8.8,71.05,82.64,11.59,84.34,83.86,34.21,18.75,-15.46,58.25,57.86,25.44,27.08,1.64,59.46,54.9,35.96,24.31,-11.65,64.96,63.71,39.47,34.03,-5.44,50.0,63.64,41.23,52.78,11.55,0.0,11.11,19.3,9.03,-10.27,0.0,11.111,34.21,63.89,29.68,55.56,30.0,85.09,52.08,-33.01,72.24,69.14,62.28,49.31,-12.97,62.64,69.57,53.51,68.06,14.55,22,1
J08-0732,Gustavo Medina,gustavo medina,ZAG,ZAG,0,Zagueiro - Direita,Zagueiro - Direita,Brasil B,Brasil C,C,1,2025,2025,jun26,2026,1,2026,Ferroviária,Ferroviária,Gustavo Medina - Ferroviária - Brasil B,Gustavo Medina - Ferroviária - Brasil C,2556,511,27.0,5.0,1,0,900,213,0,0,1,0,-0.6989,0.1496,0.849,20.0,56.7,24.0,24.0,0.0,0.0,medida (111 pares),referência,23.0,24.0,1.0,0,0,0.0152,0.0,0.8338,-0.118,0.2676,única; único,única; único,72,63,0,10.53,10.92,38.19,35.71,-2.48,3.59,3.17,32.64,18.25,-14.39,0.39,0.18,84.72,54.76,-29.96,0.07,0.18,86.11,88.89,2.78,0.32,0.7,42.36,73.81,31.45,9.01,8.98,81.25,76.98,-4.27,27.89,29.06,54.86,69.05,14.19,0.46,0.7,46.53,67.46,20.93,0.04,0.06,43.75,65.87,22.12,0.11,0.0,88.89,35.71,-53.18,41.44,42.97,54.86,72.22,17.36,8.8,8.81,82.64,76.98,-5.66,83.86,84.84,18.75,46.83,28.08,57.86,62.9,27.08,62.7,35.62,54.9,55.56,24.31,38.1,13.79,63.71,64.0,34.03,46.83,12.8,63.64,100.0,52.78,84.92,32.14,11.11,25.0,9.03,58.73,49.7,11.111,0.0,63.89,43.65,-20.24,30.0,0.0,52.08,38.1,-13.98,69.14,64.71,49.31,29.37,-19.94,69.57,71.88,68.06,69.05,0.99,22,1
J08-0733,Lucas Cunha,lucas cunha,ZAG,ZAG,0,Zagueiro - Direita,Zagueiro - Direita,Brasil A,Brasil B,B,1,2025,2025,jun26,2026,1,2026,Sport Recife,Ponte Preta,Lucas Cunha - Sport Recife - Brasil A,Lucas Cunha - Ponte Preta - Brasil B,472,705,6.0,7.0,1,1,900,284,0,1,1,0,-0.3663,-1.3801,-1.014,34.5,10.8,29.0,29.0,0.0,0.0,medida (156 pares),referência,28.0,29.0,1.0,0,0,-0.0776,0.0,-0.9364,-0.0049,-1.3752,única; único,única; único,74,67,0,8.77,7.02,12.16,3.73,-8.43,2.29,2.68,4.05,15.67,11.62,0.0,0.0,2.7,17.91,15.21,0.0,0.0,29.05,41.79,12.74,0.0,0.13,0.68,11.94,11.26,6.67,6.64,45.95,36.57,-9.38,31.65,21.96,59.46,15.67,-43.79,0.0,0.51,0.0,50.75,50.75,0.0,0.01,0.68,15.67,14.99,0.0,0.0,24.32,38.06,13.74,42.52,33.32,48.65,11.19,-37.46,6.1,7.79,8.11,63.43,55.32,87.44,82.76,32.43,6.72,-25.71,45.65,52.73,0.0,17.16,17.16,41.67,33.33,1.35,1.49,0.14,42.86,67.86,0.0,62.69,62.69,0.0,0.0,5.41,23.88,18.47,0.0,0.0,4.05,22.39,18.34,0.0,0.0,25.0,44.03,19.03,0.0,33.33,20.95,77.61,56.66,71.43,84.62,55.41,99.25,43.84,71.88,65.0,48.65,38.81,-9.84,22,1
J08-0734,Gabriel Bahia,gabriel bahia,ZAG,ZAG,0,Zagueiro - Direita,Zagueiro - Esquerda,Brasil C,Brasil B,B,1,2024,2024,2025,2025,1,2025,Volta Redonda,Volta Redonda,Gabriel Bahia - Volta Redonda - Brasil C,Gabriel Bahia - Volta Redonda - Brasil B,450,1593,9.0,17.0,0,1,592,900,0,1,0,0,1.5952,2.2193,0.624,93.6,100.0,27.0,27.0,0.0,0.0,medida (53 pares),medida (111 pares),25.0,26.0,1.0,0,0,0.0061,0.0,0.6179,0.6618,1.5575,única; único,única; único,57,72,0,11.4,11.02,45.61,49.31,3.7,4.2,5.14,37.72,82.64,44.92,0.2,0.11,54.39,33.33,-21.06,0.0,0.0,34.21,34.03,-0.18,0.8,0.85,99.12,97.22,-1.9,7.2,6.78,49.12,36.81,-12.31,30.0,38.76,77.19,93.75,16.56,1.0,0.68,100.0,80.56,-19.44,0.1,0.07,90.35,77.78,-12.57,0.2,0.06,93.86,64.58,-29.28,43.4,53.67,80.7,95.14,14.44,10.0,8.02,94.74,68.06,-26.68,90.32,93.05,96.49,99.31,2.82,70.18,61.54,100.0,59.72,-40.28,71.43,57.14,91.23,29.17,-62.06,66.67,76.81,49.12,95.14,46.02,100.0,50.0,85.96,34.72,-51.24,50.0,26.67,87.72,46.53,-41.19,25.0,6.667,89.47,52.08,-37.39,0.0,50.0,24.56,77.08,52.52,69.44,76.67,36.84,92.36,55.52,68.75,76.14,70.18,90.97,20.79,22,1
J08-0735,Lyanco,lyanco,ZAG,ZAG,0,Zagueiro - Direita,Zagueiro - Direita,Catar,Brasil A,A,0,2024,2024,2025,2025,1,2025,Al Gharafa,Atlético Mineiro,Lyanco - Al Gharafa - Catar,Lyanco - Atlético Mineiro - Brasil A,1357,1606,13.0,17.0,0,0,521,900,0,0,0,0,2.0266,-0.1642,-2.191,96.2,39.7,29.0,29.0,0.0,0.0,medida (66 pares),medida (156 pares),27.0,28.0,1.0,0,0,-0.0776,0.0,-2.1134,0.8084,-0.9726,única; único,única; único,32,74,0,12.93,14.91,73.44,96.62,23.18,3.38,3.53,51.56,43.24,-8.32,1.66,0.84,98.44,95.95,-2.49,0.33,0.17,95.31,91.89,-3.42,1.06,0.62,98.44,91.89,-6.55,6.5,6.84,48.44,46.62,-1.82,23.88,32.78,45.31,66.89,21.58,0.86,0.39,85.94,22.3,-63.64,0.09,0.04,85.94,40.54,-45.4,0.13,0.11,92.19,87.16,-5.03,38.33,46.12,48.44,66.89,18.45,6.96,9.36,23.44,95.27,71.83,87.54,89.06,51.56,52.03,0.47,55.38,60.53,10.94,50.68,39.74,47.06,58.73,17.19,54.73,37.54,57.53,66.04,4.69,52.03,47.34,68.0,66.67,60.94,54.73,-6.21,31.25,27.27,67.19,39.19,-28.0,6.25,0.0,57.81,25.0,-32.81,50.0,0.0,75.0,20.95,-54.05,75.51,72.95,70.31,61.49,-8.82,68.18,70.23,57.81,38.51,-19.3,22,1
J08-0736,I. Román,i roman,ZAG,ZAG,0,Zagueiro - Direita,Zagueiro - Direita,Chile,Brasil A,A,0,2024,2024,2025,2025,1,2025,Palestino,Atlético Mineiro,I. Román - Palestino - Chile,I. Román - Atlético Mineiro - Brasil A,2139,792,24.0,12.0,1,0,711,900,1,0,0,0,-0.3008,0.6091,0.91,38.9,69.0,19.0,19.0,0.0,0.0,medida (99 pares),medida (156 pares),17.0,18.0,1.0,0,0,-0.0104,0.0,0.9204,0.0174,0.5917,única; único,única; único,50,74,0,16.75,13.98,89.0,91.89,2.89,4.46,3.18,51.0,27.03,-23.97,0.42,0.11,75.0,20.95,-54.05,0.13,0.0,83.0,29.05,-53.95,0.25,0.45,36.0,57.43,21.43,8.67,9.55,79.0,89.19,10.19,20.53,38.75,63.0,83.78,20.78,0.46,0.34,43.0,14.86,-28.14,0.04,0.08,44.0,83.11,39.11,0.0,0.0,25.0,24.32,-0.68,33.53,50.34,57.0,82.43,25.43,10.56,10.0,77.0,97.3,20.3,80.3,89.84,17.0,64.86,47.86,59.3,65.04,38.0,88.51,50.51,47.17,53.57,15.0,23.65,8.65,72.32,64.94,51.0,47.3,-3.7,50.0,100.0,46.0,89.19,43.19,50.0,0.0,76.0,4.05,-71.95,16.667,0.0,74.0,25.0,-49.0,14.29,0.0,39.0,20.95,-18.05,70.39,77.38,77.0,89.19,12.19,61.04,76.32,43.0,68.92,25.92,22,1
J08-0737,Fabão,fabao,ZAG,ZAG,0,Zagueiro - Direita,Zagueiro - Direita,Portugal B,Brasil C,C,0,2024,2024,2025,2025,1,2025,CF Os Belenenses,Ypiranga Erechim,Fabão - CF Os Belenenses - Portugal B,Fabão - Ypiranga Erechim - Brasil C,208,318,3.0,8.0,1,1,568,616,1,1,0,0,-0.0806,0.3201,0.401,44.7,62.8,24.0,27.0,2.0,0.0,medida (43 pares),medida (70 pares),24.0,26.0,2.0,1,0,0.0213,0.0248,0.3797,0.0922,0.2279,única; homônimo resolvido pelos minutos,única; único,57,52,0,12.98,20.09,52.63,96.15,43.52,5.63,9.62,84.21,98.08,13.87,0.0,0.0,3.51,6.73,3.22,0.0,0.0,13.16,33.65,20.49,0.43,0.28,58.77,19.23,-39.54,4.33,4.53,0.0,5.77,5.77,27.26,19.53,56.14,34.62,-21.52,0.87,0.28,78.95,14.42,-64.53,0.03,0.0,24.56,3.85,-20.71,0.0,0.0,24.56,25.0,0.44,40.67,30.85,59.65,26.92,-32.73,9.52,11.32,82.46,94.23,11.77,85.11,85.32,50.88,51.92,1.04,70.0,70.42,100.0,96.15,-3.85,76.92,73.53,100.0,90.38,-9.62,61.54,80.0,17.54,98.08,80.54,0.0,0.0,7.02,10.58,3.56,0.0,0.0,8.77,8.65,-0.12,0.0,0.0,21.93,25.96,4.03,0.0,0.0,21.05,30.77,9.72,40.0,62.5,0.0,25.0,25.0,66.67,55.56,72.81,23.08,-49.73,22,1
J08-0738,S. Ramos Mingo,s ramos mingo,ZAG,ZAG,0,Zagueiro - Esquerda,Zagueiro - Esquerda,Argentina A,Brasil A,A,0,2024,2024,2025,2025,1,2025,Defensa y Justicia,Bahia,S. Ramos Mingo - Defensa y Justicia - Argentina A,S. Ramos Mingo - Bahia - Brasil A,777,3310,8.0,33.0,0,1,213,900,0,0,0,0,-0.875,-0.6745,0.201,26.8,19.4,22.0,24.0,2.0,0.0,medida (108 pares),medida (156 pares),22.0,23.0,1.0,0,0,0.0509,0.099,0.1501,-0.1778,-0.4967,única; único,única; único,84,74,0,13.55,9.79,29.17,30.41,1.24,3.47,4.4,27.98,82.43,54.45,0.58,0.11,68.45,20.95,-47.5,0.12,0.3,71.43,97.97,26.54,0.12,0.33,13.69,29.73,16.04,7.88,9.08,58.93,84.46,25.53,28.38,36.24,89.88,80.41,-9.47,0.23,0.52,19.64,45.27,25.63,0.05,0.04,70.24,40.54,-29.7,0.12,0.11,85.71,87.16,1.45,42.74,47.28,87.5,72.3,-15.2,10.31,6.42,72.02,12.84,-59.18,89.16,90.34,89.88,76.35,-13.53,61.54,58.33,45.24,35.14,-10.1,63.33,55.56,60.12,36.49,-23.63,74.55,66.37,62.5,54.73,-7.77,20.0,25.0,33.93,16.89,-17.04,100.0,33.33,94.05,54.05,-40.0,0.0,0.0,41.07,25.0,-16.07,0.0,33.33,37.5,61.49,23.99,72.06,75.45,63.69,80.41,16.72,72.73,82.14,78.57,89.86,11.29,22,1
J08-0739,Jemmes,jemmes,ZAG,ZAG,0,Zagueiro - Esquerda,Zagueiro - Esquerda,Brasil B,Brasil A,A,1,2024,2024,2025,2025,1,2025,Vila Nova,Mirassol,Jemmes - Vila Nova - Brasil B,Jemmes - Mirassol - Brasil A,3345,3664,35.0,37.0,0,0,900,900,0,0,0,0,-1.2194,-0.6607,0.559,10.3,22.6,26.0,26.0,0.0,0.0,medida (76 pares),medida (156 pares),24.0,25.0,1.0,0,0,0.0152,0.0,0.5438,-0.2949,-0.3658,única; único,única; único,69,74,0,11.81,10.46,57.25,41.22,-16.03,4.71,3.49,67.39,40.54,-26.85,0.4,0.54,78.99,92.57,13.58,0.13,0.27,86.23,96.62,10.39,0.27,0.29,37.68,22.97,-14.71,6.35,5.04,34.06,10.14,-23.92,22.39,27.93,22.46,42.57,20.11,0.4,0.37,40.58,18.24,-22.34,0.03,0.06,27.54,62.16,34.62,0.0,0.0,28.99,24.32,-4.67,36.08,40.8,32.61,42.57,9.96,8.34,7.64,63.77,58.11,-5.66,86.8,89.83,48.55,64.19,15.64,62.87,61.03,54.35,56.08,1.73,58.86,61.27,35.51,65.54,30.03,69.57,63.64,61.59,43.24,-18.35,80.0,68.18,76.09,60.14,-15.95,40.0,25.0,63.77,30.41,-33.36,30.0,16.667,92.03,80.41,-11.62,0.0,100.0,23.19,96.62,73.43,67.8,59.51,36.96,6.08,-30.88,75.16,77.24,86.23,72.3,-13.93,22,1
J08-0740,Sérgio Raphael,sergio raphael,ZAG,ZAG,0,Zagueiro - Esquerda,Zagueiro - Esquerda,Brasil B,Brasil C,C,1,2024,2024,2025,2025,1,2025,Ponte Preta,Ponte Preta,Sérgio Raphael - Ponte Preta - Brasil B,Sérgio Raphael - Ponte Preta - Brasil C,2087,494,23.0,8.0,1,0,900,616,1,0,0,0,-0.931,-0.5871,0.344,12.8,25.0,33.0,33.0,0.0,0.0,medida (76 pares),medida (70 pares),31.0,32.0,1.0,0,0,-0.0748,0.0,0.4188,-0.1968,-0.3903,única; único,única; único,69,52,0,12.42,14.21,60.14,76.92,16.78,3.75,4.92,34.06,64.42,30.36,0.52,0.18,87.68,47.12,-40.56,0.0,0.0,18.84,33.65,14.81,0.17,0.18,13.04,9.62,-3.42,7.81,6.92,55.8,45.19,-10.61,25.49,23.14,41.3,50.0,8.7,0.39,0.36,37.68,30.77,-6.91,0.04,0.0,46.38,3.85,-42.53,0.0,0.0,28.99,25.0,-3.99,40.75,37.17,47.1,53.85,6.75,8.88,10.57,74.64,93.27,18.63,82.65,84.8,7.97,50.0,42.03,61.81,64.1,44.2,51.92,7.72,57.47,55.56,31.16,26.92,-4.24,65.08,93.1,41.3,100.0,58.7,83.33,100.0,84.06,80.77,-3.29,50.0,0.0,76.81,8.65,-68.16,25.0,0.0,86.23,25.96,-60.27,0.0,0.0,23.19,30.77,7.58,56.35,60.53,6.52,15.38,8.86,48.05,73.91,3.62,86.54,82.92,22,1
J08-0741,Eduardo Doma,eduardo doma,ZAG,ZAG,0,Zagueiro - Direita,Zagueiro - Esquerda,Brasil B,Brasil A,A,1,2025,2025,jun26,2026,1,2026,Chapecoense,Chapecoense,Eduardo Doma - Chapecoense - Brasil B,Eduardo Doma - Chapecoense - Brasil A,2950,1434,32.0,15.0,0,0,900,426,0,0,1,0,0.2481,0.3278,0.08,58.0,78.3,27.0,27.0,0.0,0.0,medida (111 pares),referência,26.0,27.0,1.0,0,0,0.0061,0.0,0.0739,0.2039,0.1239,única; único,única; único,72,53,0,8.85,9.1,14.58,29.25,14.67,3.29,3.51,21.53,53.77,32.24,0.27,0.19,65.97,62.26,-3.71,0.03,0.06,72.92,62.26,-10.66,0.49,0.56,72.92,71.7,-1.22,7.72,8.97,61.81,81.13,19.32,31.12,30.5,75.69,65.09,-10.6,0.52,0.94,59.03,87.74,28.71,0.04,0.06,43.75,72.64,28.89,0.03,0.06,43.06,58.49,15.43,43.78,43.37,70.14,66.98,-3.16,7.57,7.78,47.92,75.47,27.55,85.02,86.25,29.86,34.91,5.05,58.28,60.0,28.47,48.11,19.64,53.7,58.93,18.75,38.68,19.93,65.83,69.81,52.08,80.19,28.11,55.56,33.33,40.97,37.74,-3.23,31.25,22.22,58.33,42.45,-15.88,18.75,11.111,81.25,65.09,-16.16,12.5,33.33,35.42,62.26,26.84,65.22,68.53,28.47,38.68,10.21,62.07,79.22,27.08,78.3,51.22,22,1
J08-0742,Lucas Adell,lucas adell,ZAG,ZAG,0,Zagueiro - Esquerda,Zagueiro - Esquerda,Brasil B,Brasil C,C,1,2025,2025,jun26,2026,1,2026,Volta Redonda,Volta Redonda,Lucas Adell - Volta Redonda - Brasil B,Lucas Adell - Volta Redonda - Brasil C,1458,390,17.0,4.0,1,0,900,213,0,0,1,0,-0.0576,-0.1513,-0.094,45.0,42.4,25.0,25.0,0.0,0.0,medida (111 pares),referência,24.0,25.0,1.0,0,0,0.0152,0.0,-0.1092,0.1,-0.2513,única; único,única; único,72,63,0,9.88,9.23,27.08,13.49,-13.59,3.27,3.23,20.14,20.63,0.49,0.31,1.15,71.53,96.03,24.5,0.12,0.0,95.14,38.1,-57.04,0.12,0.46,4.86,51.59,46.73,9.69,9.46,84.03,84.92,0.89,37.78,36.23,92.36,91.27,-1.09,0.31,0.69,21.53,65.87,44.34,0.03,0.03,31.25,42.86,11.61,0.12,0.0,91.67,35.71,-55.96,52.35,50.54,90.97,89.68,-1.29,5.93,5.77,3.47,16.67,13.2,88.68,89.5,74.31,84.92,10.61,56.88,62.5,20.14,58.73,38.59,52.83,57.14,17.36,42.06,24.7,62.69,66.67,28.47,58.73,30.26,60.0,60.0,47.22,61.9,14.68,50.0,0.0,84.72,26.98,-57.74,0.0,0.0,22.92,43.65,20.73,40.0,0.0,68.06,38.1,-29.96,75.16,70.73,84.03,51.59,-32.44,73.74,73.33,84.03,75.4,-8.63,22,1
J08-0743,Jhonnathan,jhonnathan,ZAG,ZAG,0,Zagueiro - Esquerda,Zagueiro - Esquerda,Brasil B,Brasil C,C,1,2024,2024,jun26,2026,2,2026,Chapecoense,Figueirense,Jhonnathan - Chapecoense - Brasil B,Jhonnathan - Figueirense - Brasil C,640,246,9.0,3.0,1,1,900,213,0,1,1,0,0.5828,0.2447,-0.338,69.2,60.6,25.0,25.0,0.0,0.0,medida (76 pares),referência,23.0,25.0,2.0,0,0,0.0304,0.0,-0.3684,0.2276,0.0171,única; único,única; único,69,63,0,12.8,13.17,63.77,73.81,10.04,4.22,4.39,52.17,48.41,-3.76,0.14,0.37,28.99,72.22,43.23,0.0,0.73,18.84,99.21,80.37,0.42,0.73,63.77,76.98,13.21,11.11,12.8,98.55,99.21,0.66,27.0,37.68,49.28,94.44,45.16,0.28,0.0,13.77,4.76,-9.01,0.02,0.02,13.04,31.75,18.71,0.0,0.0,28.99,35.71,6.72,37.83,56.34,39.13,97.62,58.49,8.44,10.61,65.22,92.86,27.64,79.93,92.21,2.9,96.03,93.13,62.64,55.56,52.17,21.43,-30.74,63.33,41.67,52.17,8.73,-43.44,66.67,61.54,44.93,32.54,-12.39,100.0,100.0,93.48,84.92,-8.56,66.67,0.0,92.03,26.98,-65.05,33.333,0.0,94.93,43.65,-51.28,60.0,0.0,86.23,38.1,-48.13,60.76,88.57,13.04,95.24,82.2,61.36,85.19,27.54,96.03,68.49,22,1
J08-0744,Zé Vitor,ze vitor,ZAG,ZAG,0,Zagueiro - Esquerda,Zagueiro - Esquerda,Portugal B,Brasil C,C,0,2025,2025,jun26,2026,1,2026,União de Leiria,Ferroviária,Zé Vitor - União de Leiria - Portugal B,Zé Vitor - Ferroviária - Brasil C,999,611,16.0,6.0,1,0,805,213,0,0,1,0,1.654,1.5873,-0.067,92.9,87.9,24.0,23.0,0.0,0.0,medida (99 pares),referência,23.0,23.0,0.0,-1,0,0.0,-0.0506,-0.067,0.6818,0.9055,única; único,única; único,64,63,0,12.97,10.75,69.53,32.54,-36.99,5.41,3.68,80.47,27.78,-52.69,0.18,0.15,57.81,48.41,-9.4,0.09,0.29,82.03,96.03,14.0,0.54,0.44,78.91,47.62,-31.29,9.82,9.72,92.97,89.68,-3.29,38.38,37.86,97.66,96.03,-1.63,0.45,0.44,39.06,28.57,-10.49,0.04,0.02,35.16,31.75,-3.41,0.18,0.15,95.31,84.13,-11.18,52.88,55.83,94.53,96.03,1.5,7.93,7.07,54.69,38.1,-16.59,85.86,88.92,60.16,80.16,20.0,53.47,67.12,10.16,88.1,77.94,63.33,60.0,74.22,59.52,-14.7,50.0,66.67,0.78,58.73,57.95,100.0,100.0,89.84,84.92,-4.92,16.67,33.33,24.22,68.25,44.03,0.0,0.0,25.78,43.65,17.87,0.0,75.0,17.97,94.44,76.47,62.39,75.76,24.22,78.57,54.35,56.67,76.09,27.34,81.75,54.41,22,1
J08-0745,Jaime Giraldo,jaime giraldo,ZAG,ZAG,0,Zagueiro - Esquerda,Zagueiro - Esquerda,Colombia B,Brasil B,B,0,2024,2024,2025,2025,1,2025,Unión Magdalena,Operário PR,Jaime Giraldo - Unión Magdalena - Colombia B,Jaime Giraldo - Operário PR - Brasil B,2660,1066,32.0,12.0,0,0,900,900,0,0,0,0,-0.956,0.1626,1.119,18.2,62.5,28.0,28.0,0.0,0.0,medida (55 pares),medida (111 pares),26.0,27.0,1.0,0,0,0.0061,0.0,1.1129,-0.2053,0.3679,única; único,única; único,55,72,0,14.31,10.38,75.45,36.81,-38.64,5.14,3.97,86.36,47.92,-38.44,0.74,0.08,86.36,27.78,-58.58,0.07,0.0,72.73,34.03,-38.7,0.47,0.51,70.91,75.69,4.78,8.7,7.18,72.73,49.31,-23.42,23.48,30.73,44.55,70.14,25.59,0.61,0.51,62.73,56.94,-5.79,0.03,0.07,33.64,77.78,44.14,0.03,0.08,58.18,75.69,17.51,36.74,42.72,39.09,60.42,21.33,8.97,6.75,77.27,25.0,-52.27,84.81,87.35,44.55,57.64,13.09,63.59,60.16,71.82,40.97,-30.85,65.79,59.57,79.09,43.75,-35.34,72.09,57.41,70.0,5.56,-64.44,59.09,100.0,35.45,88.19,52.74,14.29,0.0,20.91,3.47,-17.44,0.0,0.0,28.18,22.92,-5.26,50.0,100.0,70.0,94.44,24.44,73.15,63.53,70.0,21.53,-48.47,67.19,56.52,73.64,11.81,-61.83,22,1
J08-0746,Jhan Torres,jhan torres,ZAG,ZAG,0,Zagueiro - Esquerda,Zagueiro - Esquerda,Colombia B,Brasil C,C,0,2024,2024,2025,2025,1,2025,Barranquilla,Brusque,Jhan Torres - Barranquilla - Colombia B,Jhan Torres - Brusque - Brasil C,1723,2123,19.0,21.0,0,0,900,616,0,0,0,0,1.7014,-2.5977,-4.299,100.0,5.0,25.0,25.0,0.0,0.0,medida (55 pares),medida (70 pares),23.0,24.0,1.0,0,0,0.0152,0.0,-4.3142,0.6979,-3.2956,única; único,única; único,55,52,0,11.6,11.91,40.91,47.12,6.21,3.71,3.6,46.36,12.5,-33.86,0.78,0.55,88.18,95.19,7.01,0.05,0.0,61.82,33.65,-28.17,0.52,0.17,77.27,8.65,-68.62,10.34,7.93,95.45,72.12,-23.33,37.71,22.21,95.45,41.35,-54.1,0.94,0.17,91.82,4.81,-87.01,0.1,0.01,94.55,9.62,-84.93,0.16,0.0,97.27,25.0,-72.27,52.65,34.42,95.45,37.5,-57.95,7.05,7.5,15.45,31.73,16.28,86.71,81.65,71.82,33.65,-38.17,56.31,63.35,13.64,50.96,37.32,54.93,58.82,30.0,37.5,7.5,66.67,68.69,29.09,47.12,18.03,66.67,76.92,49.09,54.81,5.72,30.0,50.0,59.09,88.46,29.37,10.0,0.0,69.09,25.96,-43.13,50.0,33.33,70.0,67.31,-2.69,74.24,71.12,75.45,60.58,-14.87,68.15,62.39,79.09,50.96,-28.13,22,1
J08-0747,Rafael Costa,rafael costa,ZAG,ZAG,0,Zagueiro - Esquerda,Zagueiro - Direita,Japao B,Brasil C,C,0,2024,2024,2025,2025,1,2025,Tochigi SC,Anápolis,Rafael Costa - Tochigi SC - Japao B,Rafael Costa - Anápolis - Brasil C,2831,608,32.0,6.0,1,0,900,616,1,0,0,0,-0.9155,-1.099,-0.183,20.0,17.0,25.0,25.0,0.0,0.0,medida (128 pares),medida (70 pares),23.0,24.0,1.0,0,0,0.0152,0.0,-0.1982,-0.1916,-0.9074,única; único,única; único,77,52,0,18.03,14.65,94.16,83.65,-10.51,7.79,5.18,87.66,69.23,-18.43,0.19,0.3,39.61,70.19,30.58,0.0,0.0,24.68,33.65,8.97,0.86,0.3,95.45,24.04,-71.41,7.03,4.88,32.47,9.62,-22.85,22.0,10.51,17.53,1.92,-15.61,1.05,0.3,85.06,17.31,-67.75,0.08,0.03,79.22,25.0,-54.22,0.03,0.0,40.26,25.0,-15.26,34.75,19.69,17.53,1.92,-15.61,9.76,12.58,86.36,96.15,9.79,82.89,72.93,34.42,7.69,-26.73,57.85,69.7,35.71,96.15,60.44,60.0,68.57,66.88,76.92,10.04,67.37,77.08,33.12,94.23,61.11,50.0,50.0,31.17,39.42,8.25,33.33,0.0,61.69,8.65,-53.04,3.704,0.0,44.81,25.96,-18.85,27.27,0.0,38.31,30.77,-7.54,70.14,51.52,57.79,1.92,-55.87,65.36,31.58,55.19,0.0,-55.19,22,1
J08-0748,D. Tchamba,d tchamba,ZAG,ZAG,0,Zagueiro - Esquerda,Zagueiro - Esquerda,Portugal A,Brasil A,A,0,2025,2025,jun26,2026,1,2026,Casa Pia AC,Remo,D. Tchamba - Casa Pia AC - Portugal A,D. Tchamba - Remo - Brasil A,1968,1416,21.0,14.0,0,0,805,426,0,0,1,0,0.4548,-0.2918,-0.747,64.9,43.5,27.0,27.0,0.0,0.0,medida (116 pares),referência,26.0,27.0,1.0,0,0,0.0061,0.0,-0.7531,0.2742,-0.566,única; único,única; único,66,53,0,12.48,8.2,55.3,12.26,-43.04,3.8,3.56,52.27,57.55,5.28,0.27,0.32,62.88,83.96,21.08,0.0,0.13,28.79,87.74,58.95,0.41,0.25,62.12,29.25,-32.87,11.62,8.33,96.21,72.64,-23.57,30.32,21.67,55.3,16.04,-39.26,0.73,0.64,81.06,69.81,-11.25,0.04,0.02,50.0,24.53,-25.47,0.09,0.06,72.73,58.49,-14.24,45.37,34.32,55.3,23.58,-31.72,8.69,8.58,69.7,88.68,18.98,81.65,79.44,18.94,0.94,-18.0,62.27,58.91,64.39,31.13,-33.26,61.45,57.14,68.94,31.13,-37.81,63.79,57.69,26.52,23.58,-2.94,50.0,100.0,34.09,84.91,50.82,22.22,25.0,19.7,45.28,25.58,22.222,0.0,88.64,29.25,-59.39,33.33,42.86,51.52,74.53,23.01,68.11,66.41,47.73,31.13,-16.6,58.94,63.33,43.18,25.47,-17.71,22,1
J08-0749,Guzmán Rodríguez,guzman rodriguez,ZAG,ZAG,0,Zagueiro - Esquerda,Zagueiro - Esquerda,Uruguai,Brasil A,A,0,2024,2024,2025,2025,1,2025,Peñarol,Red Bull Bragantino,Guzmán Rodríguez - Peñarol - Uruguai,Guzmán Rodríguez - Red Bull Bragantino - Brasil A,2923,2307,31.0,23.0,0,0,876,900,0,0,0,0,-0.3223,-0.5506,-0.228,43.6,25.8,26.0,26.0,0.0,0.0,medida (72 pares),medida (156 pares),24.0,25.0,1.0,0,0,0.0152,0.0,-0.2432,0.0101,-0.5607,única; único,única; único,59,74,0,16.29,10.34,77.12,38.51,-38.61,5.45,3.0,75.42,20.95,-54.47,0.46,0.0,70.34,2.7,-67.64,0.0,0.04,22.88,65.54,42.66,0.31,0.35,44.07,35.14,-8.93,7.51,8.04,34.75,64.19,29.44,28.11,27.35,80.51,41.22,-39.29,0.49,0.31,52.54,7.43,-45.11,0.08,0.03,88.14,23.65,-64.49,0.03,0.0,55.08,24.32,-30.76,43.97,40.77,80.51,41.22,-39.29,8.44,6.98,21.19,23.65,2.46,85.29,87.85,88.98,34.46,-54.52,62.0,62.26,55.08,69.59,14.51,63.28,58.44,77.12,52.03,-25.09,77.58,69.72,83.9,73.65,-10.25,60.0,0.0,44.92,5.41,-39.51,30.0,33.33,48.31,54.05,5.74,10.0,11.111,55.93,67.57,11.64,100.0,25.0,93.22,52.03,-41.19,61.89,68.45,29.66,38.51,8.85,61.43,67.89,61.86,30.41,-31.45,22,1
J08-0750,R. Castillo,r castillo,ATA,ATA,0,Atacante,Atacante,Argentina A,Brasil A,A,0,2025,2025,jun26,2026,1,2026,Lanús,Fluminense,R. Castillo - Lanús - Argentina A,R. Castillo - Fluminense - Brasil A,2426,613,32.0,12.0,1,0,876,426,0,0,1,0,0.1838,-0.2154,-0.399,57.4,39.4,27.0,27.0,0.0,0.0,medida (197 pares),referência,26.0,27.0,1.0,0,0,-0.0645,0.0,-0.3345,0.2916,-0.507,única; único,única; único,68,33,0,27.9,23.34,81.62,98.48,16.86,10.02,7.63,83.09,98.48,15.39,1.67,0.59,54.41,15.15,-39.26,0.19,0.0,72.79,18.18,-54.61,2.0,2.35,50.0,71.21,21.21,1.22,1.17,31.62,16.67,-14.95,13.13,16.88,66.91,83.33,16.42,3.64,4.11,84.56,98.48,13.92,0.34,0.26,73.53,34.85,-38.68,0.22,0.29,51.47,39.39,-12.08,19.66,21.0,73.53,80.3,6.77,5.86,3.23,97.79,71.21,-26.58,74.91,83.92,77.21,86.36,9.15,34.71,36.48,59.56,50.0,-9.56,40.74,40.38,84.56,71.21,-13.35,56.6,47.62,52.21,42.42,-9.79,46.67,50.0,50.74,56.06,5.32,40.74,43.75,49.26,65.15,15.89,20.37,18.75,84.56,62.12,-22.44,20.0,0.0,37.5,12.12,-25.38,51.52,100.0,11.03,98.48,87.45,52.78,100.0,22.06,98.48,76.42,22,1
J08-0751,Ygor Catatau,ygor catatau,ATA,ATA,0,Atacante,Atacante,Brasil B,Brasil C,C,1,2025,2025,jun26,2026,1,2026,Volta Redonda,Volta Redonda,Ygor Catatau - Volta Redonda - Brasil B,Ygor Catatau - Volta Redonda - Brasil C,794,270,12.0,4.0,1,1,900,213,0,1,1,0,-0.284,1.3251,1.609,37.3,84.1,30.0,30.0,0.0,0.0,medida (111 pares),referência,29.0,30.0,1.0,0,0,-0.0849,0.0,1.6939,0.1587,1.1664,única; único,única; único,44,44,0,23.12,29.67,93.18,96.59,3.41,8.05,10.67,81.82,94.32,12.5,1.7,2.67,59.09,82.95,23.86,0.0,0.33,11.36,81.82,70.46,1.81,1.67,31.82,37.5,5.68,0.79,1.67,17.05,57.95,40.9,9.29,7.33,50.0,37.5,-12.5,3.17,1.67,65.91,23.86,-42.05,0.22,0.28,17.05,63.64,46.59,0.0,0.0,3.41,12.5,9.09,13.72,13.0,50.0,46.59,-3.41,3.17,3.33,51.14,53.41,2.27,67.77,69.23,4.55,26.14,21.59,46.57,34.83,93.18,47.73,-45.45,40.85,34.38,88.64,69.32,-19.32,66.67,55.56,95.45,61.36,-34.09,66.67,37.5,93.18,25.0,-68.18,50.0,40.0,86.36,44.32,-42.04,12.5,40.0,43.18,95.45,52.27,20.0,0.0,37.5,21.59,-15.91,71.43,40.0,63.64,13.64,-50.0,70.0,66.67,72.73,63.64,-9.09,22,1
J08-0752,Daniel Penha,daniel penha,ATA,ATA,0,Atacante,Atacante,China,Brasil B,B,0,2025,2025,jun26,2026,1,2026,Dalian Young Boy,Avaí,Daniel Penha - Dalian Young Boy - China,Daniel Penha - Avaí - Brasil B,1144,567,12.0,7.0,1,0,711,284,0,0,1,0,0.3459,1.6021,1.256,65.1,87.9,27.0,27.0,0.0,0.0,medida (108 pares),referência,26.0,27.0,1.0,0,0,-0.0645,0.0,1.3205,0.3376,1.2645,única; único,única; único,37,33,0,15.42,16.03,12.16,46.97,34.81,3.3,1.9,17.57,13.64,-3.93,1.97,3.02,41.89,92.42,50.53,0.55,0.48,95.95,89.39,-6.56,2.67,2.22,68.92,68.18,-0.74,6.22,6.98,95.95,95.45,-0.5,21.56,26.67,87.84,98.48,10.64,1.97,1.75,8.11,13.64,5.53,0.21,0.2,16.22,16.67,0.45,0.55,0.63,83.78,92.42,8.64,30.84,34.29,90.54,98.48,7.94,4.01,5.4,74.32,89.39,15.07,73.21,75.93,33.78,65.15,31.37,44.9,43.56,87.84,80.3,-7.54,35.71,25.0,44.59,31.82,-12.77,62.0,66.67,90.54,84.85,-5.69,56.0,47.37,64.86,59.09,-5.77,29.41,35.71,9.46,30.3,20.84,5.882,0.0,2.7,6.06,3.36,11.76,25.0,14.86,48.48,33.62,72.15,84.09,47.3,80.3,33.0,68.85,60.0,66.22,50.0,-16.22,22,1
J08-0753,N. Villarreal,n villarreal,ATA,ATA,0,Atacante,Atacante,Colombia A,Brasil A,A,0,2025,2025,jun26,2026,1,2026,Millonarios,Cruzeiro,N. Villarreal - Millonarios - Colombia A,N. Villarreal - Cruzeiro - Brasil A,1050,625,15.0,11.0,1,0,900,426,0,0,1,0,1.0915,-0.8147,-1.906,83.6,24.2,21.0,21.0,0.0,0.0,medida (156 pares),referência,20.0,21.0,1.0,0,0,0.2833,0.0,-2.1893,0.5494,-1.3641,única; único,única; único,46,33,0,16.37,12.96,35.87,19.7,-16.17,1.29,3.02,5.43,34.85,29.42,4.8,1.01,96.74,34.85,-61.89,0.26,0.43,85.87,90.91,5.04,2.23,2.59,64.13,89.39,25.26,2.66,0.72,72.83,7.58,-65.25,17.83,6.48,75.0,7.58,-67.42,3.0,4.03,57.61,95.45,37.84,0.2,0.54,17.39,95.45,78.06,0.6,0.72,90.22,89.39,-0.83,19.46,7.92,72.83,4.55,-68.28,3.0,2.59,48.91,45.45,-3.46,80.18,69.09,81.52,16.67,-64.85,45.55,34.44,94.57,28.79,-65.78,20.0,9.52,17.39,1.52,-15.87,64.52,46.67,85.87,34.85,-51.02,50.0,57.14,51.09,83.33,32.24,19.23,38.89,1.09,34.85,33.76,0.0,11.111,3.26,27.27,24.01,36.36,0.0,72.83,12.12,-60.71,83.87,60.0,75.0,15.15,-59.85,69.23,20.0,46.74,1.52,-45.22,22,1
J08-0754,Gonzalo Fornari,gonzalo fornari,ATA,ATA,0,Atacante,Atacante,Coreia B,Brasil C,C,0,2025,2025,jun26,2026,1,2026,Busan I'Park,Anápolis,Gonzalo Fornari - Busan I'Park - Coreia B,Gonzalo Fornari - Anápolis - Brasil C,2343,402,37.0,7.0,1,0,900,213,0,0,1,0,0.6772,1.7228,1.046,75.6,93.2,26.0,26.0,0.0,0.0,medida (111 pares),referência,25.0,26.0,1.0,0,0,-0.0645,0.0,1.1105,0.4317,1.2911,única; único,única; único,38,44,0,26.5,34.7,93.42,98.86,5.44,11.22,19.25,96.05,98.86,2.81,1.15,2.01,35.53,67.05,31.52,0.04,0.0,32.89,28.41,-4.48,3.38,2.91,96.05,92.05,-4.0,1.81,0.67,47.37,18.18,-29.19,13.21,8.51,59.21,50.0,-9.21,4.96,2.91,98.68,68.18,-30.5,0.44,0.18,85.53,32.95,-52.58,0.23,0.0,35.53,12.5,-23.03,18.75,15.22,53.95,53.41,-0.54,2.73,4.03,17.11,69.32,52.21,68.24,75.0,9.21,52.27,43.06,44.93,50.32,93.42,92.05,-1.37,59.59,61.63,98.68,98.86,0.18,64.1,50.0,80.26,46.59,-33.67,66.67,66.67,88.16,86.36,-1.8,38.64,46.15,43.42,57.95,14.53,7.955,0.0,17.11,12.5,-4.61,16.67,0.0,25.0,21.59,-3.41,59.57,33.33,32.89,5.68,-27.21,50.77,57.14,14.47,42.05,27.58,22,1
J08-0755,Reinier,reinier,ATA,ATA,0,Atacante,Atacante,Espanha B,Brasil A,A,0,2025,2025,jun26,2026,1,2026,Granada,Atlético Mineiro,Reinier - Granada - Espanha B,Reinier - Atlético Mineiro - Brasil A,1391,696,24.0,14.0,1,0,900,426,0,0,1,0,0.4136,-1.7992,-2.213,73.2,6.1,24.0,24.0,0.0,0.0,medida (135 pares),referência,23.0,24.0,1.0,0,0,-0.017,0.0,-2.196,0.3569,-2.1561,única; único,única; único,69,33,0,17.34,15.39,16.67,40.91,24.24,3.69,2.72,31.88,28.79,-3.09,1.62,1.16,39.13,40.91,1.78,0.06,0.26,21.74,77.27,55.53,1.16,2.07,10.87,62.12,51.25,3.62,3.1,92.03,86.36,-5.67,20.64,24.83,90.58,95.45,4.87,1.88,3.49,10.87,71.21,60.34,0.16,0.37,10.14,56.06,45.92,0.39,0.78,85.51,92.42,6.91,29.57,34.53,93.48,95.45,1.97,5.18,2.59,93.48,45.45,-48.03,82.28,88.76,92.03,95.45,3.42,42.16,35.29,81.88,34.85,-47.03,33.33,28.57,47.1,37.88,-9.22,73.13,45.83,99.28,31.82,-67.46,36.0,22.22,10.87,1.52,-9.35,33.33,56.25,21.01,83.33,62.32,5.556,6.25,11.59,19.7,8.11,41.67,0.0,88.41,12.12,-76.29,78.57,70.83,89.13,40.91,-48.22,60.0,84.38,43.48,86.36,42.88,22,1
J08-0756,Victor Hugo,victor hugo,EXT,EXT,0,Extremo - Direita,Extremo - Direita,Brasil C,Brasil B,B,1,2025,2025,jun26,2026,1,2026,Londrina,Londrina,Victor Hugo - Londrina - Brasil C,Victor Hugo - Londrina - Brasil B,1041,563,21.0,8.0,1,0,616,284,0,0,1,0,0.7291,0.3265,-0.403,73.8,57.1,22.0,22.0,0.0,0.0,medida (70 pares),referência,21.0,22.0,1.0,0,0,0.091,0.0,-0.494,0.5659,-0.2394,única; único,única; único,44,43,0,22.91,17.74,67.05,56.98,-10.07,2.42,1.92,48.86,61.63,12.77,4.67,3.68,71.59,50.0,-21.59,0.35,0.48,48.86,80.23,31.37,0.95,0.96,7.95,10.47,2.52,3.98,4.16,73.86,77.91,4.05,16.51,18.54,46.59,73.26,26.67,2.25,2.24,57.95,50.0,-7.95,0.06,0.04,14.77,2.33,-12.44,0.35,0.48,60.23,61.63,1.4,25.42,26.22,71.59,82.56,10.97,5.97,6.07,69.32,94.19,24.87,78.57,68.9,78.41,8.14,-70.27,42.26,43.24,42.05,47.67,5.62,32.14,8.33,44.32,8.14,-36.18,52.78,48.94,39.77,24.42,-15.35,57.41,60.87,67.05,63.95,-3.1,54.55,33.33,89.77,47.67,-42.1,18.182,0.0,88.64,19.77,-68.87,41.18,15.0,92.05,10.47,-81.58,73.91,57.69,51.14,5.81,-45.33,76.0,53.85,71.59,12.79,-58.8,22,1
J08-0757,Thauan,thauan,EXT,EXT,0,Extremo - Direita,Extremo - Esquerda,Brasil C,Brasil B,B,1,2025,2025,jun26,2026,1,2026,Londrina,América Mineiro,Thauan - Londrina - Brasil C,Thauan - América Mineiro - Brasil B,299,606,10.0,10.0,1,1,616,284,0,1,1,0,0.2412,-0.2063,-0.448,61.9,40.9,22.0,22.0,0.0,0.0,medida (70 pares),referência,21.0,22.0,1.0,0,0,0.091,0.0,-0.539,0.3512,-0.5575,única; único,única; único,44,43,0,21.97,26.58,59.09,91.86,32.77,0.6,0.89,2.27,10.47,8.2,5.72,9.36,90.91,98.84,7.93,0.3,0.45,47.73,75.58,27.85,3.01,2.82,93.18,91.86,-1.32,3.91,2.82,68.18,33.72,-34.46,20.17,17.38,86.36,59.3,-27.06,3.31,2.67,93.18,68.6,-24.58,0.11,0.1,39.77,25.58,-14.19,0.3,0.0,53.41,5.81,-47.6,22.58,23.91,42.05,66.28,24.23,4.52,5.2,43.18,77.91,34.73,70.67,68.32,29.55,5.81,-23.74,45.21,49.72,65.91,84.88,18.97,0.0,33.33,1.14,69.77,68.63,47.37,41.03,18.18,10.47,-7.71,63.16,60.32,79.55,61.63,-17.92,20.0,47.37,13.64,77.91,64.27,0.0,0.0,11.36,19.77,8.41,0.0,13.79,0.0,8.14,8.14,76.92,73.68,65.91,37.21,-28.7,80.0,50.0,85.23,3.49,-81.74,22,1
J08-0758,Samuel Lino,samuel lino,EXT,EXT,0,Extremo - Esquerda,Extremo - Esquerda,Espanha A,Brasil A,A,0,2025,2025,jun26,2026,1,2026,Atlético Madrid,Flamengo,Samuel Lino - Atlético Madrid - Espanha A,Samuel Lino - Flamengo - Brasil A,1685,1111,31.0,17.0,0,0,900,426,0,0,1,0,1.9386,2.451,0.512,91.5,100.0,26.0,26.0,0.0,0.0,medida (178 pares),referência,25.0,26.0,1.0,0,0,-0.0553,0.0,0.5673,1.0981,1.3529,única; único,única; único,61,46,0,20.35,18.55,64.75,55.43,-9.32,1.66,0.81,51.64,16.3,-35.34,4.59,3.48,61.48,48.91,-12.57,0.53,0.32,60.66,34.78,-25.88,2.24,1.94,84.43,66.3,-18.13,5.82,4.54,84.43,70.65,-13.78,33.01,31.67,90.98,94.57,3.59,3.63,3.24,86.07,80.43,-5.64,0.24,0.15,82.79,42.39,-40.4,0.53,1.13,61.48,98.91,37.43,41.98,37.59,90.98,94.57,3.59,7.37,6.72,86.07,85.87,-0.2,81.55,84.7,81.15,88.04,6.89,52.49,48.91,99.18,80.43,-18.75,48.39,40.0,89.34,80.43,-8.91,61.83,58.7,81.15,77.17,-3.98,58.14,48.84,71.31,27.17,-44.14,38.1,45.83,50.82,76.09,25.27,7.143,16.667,32.79,71.74,38.95,35.85,50.0,71.31,94.57,23.26,67.89,85.71,35.25,96.74,61.49,76.81,83.33,84.43,85.87,1.44,22,1
J08-0759,Gabriel Souza,gabriel souza,LAT,LAT,0,Lateral Direito,Lateral Direito,Brasil B,Brasil C,C,1,2025,2025,jun26,2026,1,2026,Operário PR,Maringá,Gabriel Souza - Operário PR - Brasil B,Gabriel Souza - Maringá - Brasil C,1230,258,20.0,5.0,1,0,900,213,0,0,1,0,-0.0767,0.3444,0.421,47.7,70.8,23.0,23.0,0.0,0.0,medida (111 pares),referência,22.0,23.0,1.0,0,0,0.0523,0.0,0.3687,0.1014,0.243,única; único,única; homônimo resolvido pelo clube,68,56,0,18.15,16.05,88.97,79.46,-9.51,3.07,4.88,72.06,95.54,23.48,4.1,3.14,93.38,93.75,0.37,0.51,0.35,93.38,79.46,-13.92,0.37,0.7,22.06,56.25,34.19,6.07,6.28,12.5,5.36,-7.14,25.46,20.23,40.44,18.75,-21.69,1.02,1.4,68.38,90.18,21.8,0.02,0.07,33.09,78.57,45.48,0.29,0.7,38.24,87.5,49.26,34.76,26.16,41.91,2.68,-39.23,9.0,5.58,78.68,16.96,-61.72,75.79,77.33,36.03,58.04,22.01,56.05,56.52,80.15,63.39,-16.76,52.38,50.0,69.85,47.32,-22.53,71.76,50.0,94.85,17.86,-76.99,53.57,66.67,34.56,75.89,41.33,0.0,0.0,5.15,19.64,14.49,0.0,0.0,25.74,40.18,14.44,18.52,50.0,6.62,83.93,77.31,73.49,72.22,50.74,50.0,-0.74,65.0,62.5,37.5,39.29,1.79,22,1
J08-0760,Everton,everton,LAT,LAT,0,Lateral Direito,Lateral Direito,Brasil B,Brasil A,A,1,2025,2025,jun26,2026,1,2026,Chapecoense,Chapecoense,Everton - Chapecoense - Brasil B,Everton - Chapecoense - Brasil A,1102,1056,24.0,14.0,0,0,900,426,0,0,1,0,-0.123,-1.8041,-1.681,45.5,4.3,31.0,31.0,0.0,0.0,medida (111 pares),referência,30.0,31.0,1.0,0,0,-0.1028,0.0,-1.5782,0.0818,-1.8859,única; único,única; único,68,49,0,14.37,14.57,47.79,70.41,22.62,3.35,2.9,78.68,84.69,6.01,2.61,2.39,86.03,92.86,6.83,0.41,0.09,80.15,24.49,-55.66,1.06,0.77,84.56,68.37,-16.19,5.47,6.39,6.62,45.92,39.3,16.09,18.49,0.74,3.06,2.32,1.55,0.77,91.91,37.76,-54.15,0.1,0.06,91.91,75.51,-16.4,0.41,0.26,63.24,45.92,-17.32,22.21,24.12,0.74,1.02,0.28,7.02,6.14,38.97,17.35,-21.62,63.97,67.14,0.74,1.02,0.28,51.7,47.95,36.03,19.39,-16.64,36.59,41.18,18.38,27.55,9.17,72.13,52.11,96.32,11.22,-85.1,56.25,53.57,46.32,39.8,-6.52,23.08,22.22,37.5,38.78,1.28,7.692,0.0,73.53,33.67,-39.86,25.0,33.33,9.56,51.02,41.46,56.72,60.0,1.47,11.22,9.75,47.06,57.45,0.74,5.1,4.36,22,1
J08-0761,Gabriel Fuentes,gabriel fuentes,LAT,LAT,0,Lateral Esquerdo,Lateral Esquerdo,Brasil A,Brasil B,B,1,2025,2025,jun26,2026,1,2026,Fluminense,Fortaleza,Gabriel Fuentes - Fluminense - Brasil A,Gabriel Fuentes - Fortaleza - Brasil B,930,416,11.0,5.0,1,0,900,284,0,0,1,0,0.2586,0.4264,0.168,63.4,73.3,29.0,29.0,0.0,0.0,medida (156 pares),referência,28.0,29.0,1.0,0,0,-0.1006,0.0,0.2686,0.2427,0.1837,única; único,única; único,72,63,0,14.32,13.41,47.22,46.83,-0.39,2.23,2.6,56.25,72.22,15.97,0.77,1.51,15.28,45.24,29.96,0.19,0.0,50.0,17.46,-32.54,0.48,0.22,37.5,26.19,-11.31,6.97,8.0,42.36,67.46,25.1,33.0,35.26,74.31,97.62,23.31,1.55,1.3,81.25,75.4,-5.85,0.03,0.0,45.14,9.52,-35.62,0.29,0.43,36.81,73.81,37.0,42.48,42.4,70.14,91.27,21.13,5.61,7.79,4.86,61.9,57.04,84.97,83.16,82.64,83.33,0.69,49.32,70.97,22.22,99.21,76.99,73.91,75.0,97.92,86.51,-11.41,60.34,66.67,47.92,80.16,32.24,62.5,71.43,66.67,75.4,8.73,60.0,0.0,96.53,17.46,-79.07,0.0,0.0,22.92,38.89,15.97,37.93,40.91,61.81,66.67,4.86,75.0,94.59,70.14,99.21,29.07,77.08,73.91,69.44,67.46,-1.98,22,1
J08-0762,Maykon,maykon,LAT,LAT,0,Lateral Esquerdo,Lateral Esquerdo,Brasil A,Brasil B,B,1,2025,2025,jun26,2026,1,2026,Vitória,Grêmio Novorizontino,Maykon - Vitória - Brasil A,Maykon - Grêmio Novorizontino - Brasil B,859,623,9.0,6.0,1,1,900,284,0,1,1,0,-1.4192,-1.4739,-0.055,7.3,13.3,20.0,20.0,0.0,0.0,medida (156 pares),referência,19.0,20.0,1.0,0,0,0.0816,0.0,-0.1366,-0.4646,-1.0093,única; único,única; único,72,63,0,15.3,12.42,58.33,34.13,-24.2,2.31,3.61,59.72,89.68,29.96,1.47,1.01,56.94,21.43,-35.51,0.1,0.14,25.69,42.86,17.17,0.42,0.14,27.08,11.9,-15.18,6.08,6.36,20.14,26.19,6.05,20.64,20.37,5.56,19.84,14.28,0.63,0.72,18.06,41.27,23.21,0.01,0.01,11.81,26.98,15.17,0.21,0.29,20.83,57.94,37.11,28.08,27.45,6.94,7.14,0.2,9.43,6.79,86.11,38.89,-47.22,66.04,66.32,0.0,5.56,5.56,51.37,55.81,34.72,73.81,39.09,50.0,52.0,60.42,48.41,-12.01,59.04,58.82,36.11,40.48,4.37,50.0,85.71,27.78,90.48,62.7,25.0,100.0,37.5,94.44,56.94,0.0,0.0,22.92,38.89,15.97,14.29,20.0,1.39,21.43,20.04,51.72,61.36,0.0,11.9,11.9,61.11,57.89,8.33,16.67,8.34,22,1
J08-0763,Alencar,alencar,MED,MED,0,Medio,Medio,Brasil B,Brasil C,C,1,2025,2025,jun26,2026,1,2026,Ferroviária,Ferroviária,Alencar - Ferroviária - Brasil B,Alencar - Ferroviária - Brasil C,2457,427,36.0,7.0,1,0,900,213,0,0,1,0,-0.7847,0.1217,0.906,15.4,60.5,23.0,23.0,0.0,0.0,medida (111 pares),referência,22.0,23.0,1.0,0,0,0.0945,0.0,0.8115,-0.3893,0.511,única; único,única; único,48,38,0,14.1,13.07,48.96,25.0,-23.96,1.76,2.32,30.21,43.42,13.21,0.95,0.0,47.92,1.32,-46.6,0.04,0.21,31.25,90.79,59.54,0.66,0.63,13.54,36.84,23.3,3.55,5.27,17.71,53.95,36.24,22.16,34.78,34.38,90.79,56.41,0.44,0.42,22.92,48.68,25.76,0.04,0.02,22.92,30.26,7.34,0.0,0.21,4.17,57.89,53.72,31.58,44.68,34.38,90.79,56.41,7.07,8.22,59.38,61.84,2.46,86.08,88.21,63.54,90.79,27.25,54.81,50.0,82.29,48.68,-33.61,43.75,36.36,48.96,25.0,-23.96,61.43,54.55,71.88,27.63,-44.25,53.85,0.0,42.71,5.26,-37.45,27.78,33.33,63.54,76.32,12.78,5.556,0.0,45.83,40.79,-5.04,0.0,0.0,5.21,15.79,10.58,59.79,56.0,5.21,14.47,9.26,79.78,65.22,78.12,22.37,-55.75,22,1
J08-0764,Gabriel Domingos,gabriel domingos,MED,MED,0,Medio,Medio,Brasil B,Brasil C,C,1,2025,2025,jun26,2026,1,2026,Amazonas,Amazonas,Gabriel Domingos - Amazonas - Brasil B,Gabriel Domingos - Amazonas - Brasil C,1180,790,19.0,8.0,1,0,900,213,0,0,1,0,-0.1091,-0.6512,-0.542,40.0,34.2,25.0,25.0,0.0,0.0,medida (111 pares),referência,24.0,25.0,1.0,0,0,0.0817,0.0,-0.6237,0.0389,-0.6901,única; único,única; único,48,38,0,20.75,15.15,96.88,51.32,-45.56,4.65,3.42,94.79,72.37,-22.42,2.06,1.25,86.46,75.0,-11.46,0.08,0.0,63.54,39.47,-24.07,1.68,1.82,84.38,77.63,-6.75,5.26,4.33,57.29,19.74,-37.55,22.65,23.47,40.62,56.58,15.96,1.3,1.14,71.88,77.63,5.75,0.12,0.1,85.42,77.63,-7.79,0.31,0.23,77.08,64.47,-12.61,32.11,35.32,36.46,53.95,17.49,7.47,7.86,71.88,51.32,-20.56,81.0,83.55,19.79,59.21,39.42,48.16,47.37,28.12,32.89,4.77,37.7,46.67,36.46,52.63,16.17,58.14,68.09,53.12,85.53,32.41,44.44,63.64,7.29,59.21,51.92,9.09,25.0,3.12,59.21,56.09,4.545,12.5,37.5,90.79,53.29,27.78,40.0,26.04,55.26,29.22,69.57,78.95,34.38,67.11,32.73,67.19,86.54,9.38,88.16,78.78,22,1
J08-0765,Zé Vitor,ze vitor,MED,MED,0,Medio,Medio,Brasil C,Brasil A,A,1,2025,2025,jun26,2026,1,2026,Maringá,Vitória,Zé Vitor - Maringá - Brasil C,Zé Vitor - Vitória - Brasil A,730,678,8.0,9.0,1,1,616,426,0,0,1,0,2.1205,-0.9177,-3.038,95.5,8.8,26.0,26.0,0.0,0.0,medida (70 pares),referência,25.0,26.0,1.0,0,0,0.0427,0.0,-3.0807,1.452,-2.3697,única; único,única; único,39,34,0,31.56,28.14,98.72,98.53,-0.19,7.27,9.03,98.72,98.53,-0.19,4.56,0.66,98.72,33.82,-64.9,0.37,0.13,93.59,64.71,-28.88,1.6,1.33,74.36,83.82,9.46,7.03,5.31,74.36,54.41,-19.95,20.34,25.75,42.31,45.59,3.28,1.6,1.06,85.9,57.35,-28.55,0.21,0.05,98.72,32.35,-66.37,0.74,0.27,98.72,61.76,-36.96,31.81,37.43,42.31,57.35,15.04,4.19,8.5,3.85,89.71,85.86,72.48,83.69,3.85,16.18,12.33,45.7,49.06,14.1,42.65,28.55,47.46,61.76,62.82,80.88,18.06,42.86,52.63,1.28,36.76,35.48,62.16,80.0,67.95,83.82,15.87,38.46,20.0,83.33,39.71,-43.62,7.692,10.0,61.54,54.41,-7.13,43.75,0.0,60.26,5.88,-54.38,87.72,70.0,93.59,16.18,-77.41,66.67,79.17,30.77,41.18,10.41,22,1
J08-0766,Val Soares,val soares,MED,MED,0,Medio,Medio,Japao B,Brasil B,B,0,2025,2025,jun26,2026,1,2026,Ventforet Kofu,América Mineiro,Val Soares - Ventforet Kofu - Japao B,Val Soares - América Mineiro - Brasil B,1020,330,18.0,5.0,1,0,900,284,0,0,1,0,0.1224,0.1295,0.007,57.8,61.8,29.0,29.0,0.0,0.0,medida (297 pares),referência,28.0,29.0,1.0,0,0,-0.0327,0.0,0.0397,0.1856,-0.0561,única; único,única; único,56,34,0,15.18,13.91,65.18,57.35,-7.83,1.85,1.09,18.75,35.29,16.54,2.21,1.36,93.75,80.88,-12.87,0.09,0.0,74.11,30.88,-43.23,1.59,2.73,95.54,98.53,2.99,8.65,8.45,93.75,95.59,1.84,37.24,43.91,91.96,98.53,6.57,0.35,0.82,11.61,54.41,42.8,0.04,0.09,39.29,70.59,31.3,0.35,0.27,80.36,77.94,-2.42,49.06,58.91,83.04,98.53,15.49,5.82,5.18,6.25,30.88,24.63,80.76,82.41,33.04,33.82,0.78,50.58,45.1,47.32,27.94,-19.38,47.62,25.0,65.18,8.82,-56.36,60.78,46.67,25.89,22.06,-3.83,52.0,60.0,49.11,55.88,6.77,27.78,60.0,59.82,92.65,32.83,0.0,0.0,17.86,32.35,14.49,35.29,20.0,45.54,51.47,5.93,74.49,77.42,75.89,69.12,-6.77,60.87,58.33,13.39,7.35,-6.04,22,1
J08-0767,Eduardo Nardini,eduardo nardini,MED,MED,0,Medio,Medio,Tcheca,Brasil C,C,0,2025,2025,jun26,2026,1,2026,Jablonec,Botafogo PB,Eduardo Nardini - Jablonec - Tcheca,Eduardo Nardini - Botafogo PB - Brasil C,301,846,11.0,9.0,1,1,829,213,0,1,1,0,-0.3695,-2.3476,-1.978,34.4,5.3,28.0,28.0,0.0,0.0,medida (134 pares),referência,27.0,28.0,1.0,0,0,-0.0327,0.0,-1.9453,-0.1262,-2.2214,única; único,única; único,38,38,0,16.15,13.3,71.05,32.89,-38.16,5.08,1.81,92.11,27.63,-64.48,0.6,0.74,18.42,46.05,27.63,0.0,0.0,13.16,39.47,26.31,1.79,1.17,96.05,64.47,-31.58,5.68,6.17,42.11,69.74,27.63,18.24,25.96,31.58,69.74,38.16,1.2,0.85,55.26,67.11,11.85,0.09,0.09,65.79,69.74,3.95,0.6,0.0,94.74,21.05,-73.69,30.2,40.32,36.84,72.37,35.53,8.97,7.98,89.47,53.95,-35.52,73.27,84.96,7.89,67.11,59.22,51.85,48.8,78.95,43.42,-35.53,58.82,35.29,94.74,22.37,-72.37,55.56,58.06,15.79,43.42,27.63,50.0,57.14,30.26,47.37,17.11,66.67,27.27,97.37,61.84,-35.53,16.667,0.0,88.16,40.79,-47.37,0.0,0.0,1.32,15.79,14.47,68.42,77.59,23.68,61.84,38.16,55.56,75.0,7.89,65.79,57.9,22,1
J08-0768,Lourenço,lourenco,MEI,MEI,0,Meia,Meia,Brasil A,Brasil B,B,1,2025,2025,jun26,2026,1,2026,Ceará,Goiás,Lourenço - Ceará - Brasil A,Lourenço - Goiás - Brasil B,1571,654,33.0,9.0,1,0,900,284,0,0,1,0,-1.0619,-0.1094,0.953,8.6,42.9,28.0,28.0,0.0,0.0,medida (156 pares),referência,27.0,28.0,1.0,0,0,-0.1499,0.0,1.1029,-0.3642,0.2548,única; único,única; único,24,21,0,15.41,11.01,60.42,11.9,-48.52,2.46,1.93,93.75,59.52,-34.23,1.03,0.41,14.58,7.14,-7.44,0.17,0.28,31.25,59.52,28.27,1.37,1.24,27.08,21.43,-5.65,5.79,6.19,64.58,92.86,28.28,22.11,26.42,14.58,88.1,73.52,0.4,0.41,6.25,2.38,-3.87,0.13,0.07,27.08,11.9,-15.18,0.29,0.14,16.67,16.67,0.0,33.17,37.16,35.42,88.1,52.68,7.85,3.99,93.75,40.48,-53.27,82.73,84.44,47.92,83.33,35.41,56.13,46.25,97.92,54.76,-43.16,55.81,21.43,89.58,16.67,-72.91,60.34,55.17,60.42,59.52,-0.9,83.33,66.67,97.92,71.43,-26.49,37.5,11.11,56.25,11.9,-44.35,8.333,0.0,35.42,14.29,-21.13,45.45,42.86,75.0,71.43,-3.57,72.28,82.22,18.75,59.52,40.77,70.91,80.0,27.08,76.19,49.11,22,1
J08-0769,Yago Felipe,yago felipe,MEI,MEI,0,Meia,Meia,Brasil A,Brasil B,B,1,2025,2025,jun26,2026,1,2026,Mirassol,Sport Recife,Yago Felipe - Mirassol - Brasil A,Yago Felipe - Sport Recife - Brasil B,738,589,19.0,10.0,1,1,900,284,0,1,1,0,-0.9196,-0.8476,0.072,14.3,4.8,31.0,31.0,0.0,0.0,medida (156 pares),referência,30.0,31.0,1.0,0,0,-0.1135,0.0,0.1855,-0.2815,-0.5661,única; único,única; único,24,21,0,14.76,13.14,45.83,35.71,-10.12,1.1,1.83,25.0,50.0,25.0,0.85,0.76,8.33,11.9,3.57,0.37,0.0,87.5,11.9,-75.6,0.98,1.07,16.67,16.67,0.0,4.39,4.43,29.17,59.52,30.35,30.0,21.09,75.0,64.29,-10.71,1.34,0.61,20.83,11.9,-8.93,0.07,0.1,6.25,26.19,19.94,0.24,0.0,6.25,4.76,-1.49,37.56,29.95,58.33,69.05,10.72,6.59,5.96,91.67,92.86,1.19,86.36,84.18,91.67,73.81,-17.86,44.63,50.0,33.33,90.48,57.15,55.56,33.33,87.5,59.52,-27.98,36.96,55.56,0.0,64.29,64.29,57.14,80.0,60.42,92.86,32.44,12.5,0.0,0.0,2.38,2.38,0.0,0.0,2.08,14.29,12.21,33.33,0.0,39.58,2.38,-37.2,61.11,68.97,0.0,26.19,26.19,87.18,62.96,100.0,19.05,-80.95,22,1
J08-0770,Victor Hugo,victor hugo,MEI,MEI,0,Meia,Meia,Turquia,Brasil A,A,0,2025,2025,jun26,2026,1,2026,Göztepe,Atlético Mineiro,Victor Hugo - Göztepe - Turquia,Victor Hugo - Atlético Mineiro - Brasil A,1137,1310,29.0,15.0,0,0,853,426,0,0,1,0,-0.1929,-0.755,-0.562,38.5,22.7,22.0,22.0,0.0,0.0,medida (111 pares),referência,21.0,22.0,1.0,0,0,0.0032,0.0,-0.5652,0.141,-0.896,única; único,única; único,20,22,0,24.62,14.56,97.5,70.45,-27.05,6.17,2.2,97.5,84.09,-13.41,2.22,2.68,67.5,75.0,7.5,0.32,0.21,77.5,56.82,-20.68,2.61,1.03,92.5,25.0,-67.5,3.96,4.4,32.5,29.55,-2.95,15.75,24.6,2.5,34.09,31.59,3.17,1.37,82.5,29.55,-52.95,0.36,0.12,92.5,27.27,-65.23,0.32,0.48,45.0,54.55,9.55,26.12,32.15,17.5,34.09,16.59,7.76,3.57,92.5,43.18,-49.32,76.36,81.84,22.5,38.64,16.14,47.27,45.75,82.5,61.36,-21.14,52.56,40.63,97.5,70.45,-27.05,70.59,57.14,97.5,75.0,-22.5,50.0,43.59,55.0,20.45,-34.55,21.21,60.0,7.5,97.73,90.23,6.061,20.0,37.5,93.18,55.68,33.33,27.78,55.0,34.09,-20.91,72.0,81.25,27.5,52.27,24.77,69.09,76.19,47.5,56.82,9.32,22,1
J08-0771,Dieguinho,dieguinho,VOL,VOL,0,Volante,Volante,Brasil A,Brasil B,B,1,2025,2025,jun26,2026,1,2026,Ceará,Ceará,Dieguinho - Ceará - Brasil A,Dieguinho - Ceará - Brasil B,2913,472,32.0,7.0,1,0,900,284,0,0,1,0,0.4434,1.1344,0.691,64.9,83.3,31.0,31.0,0.0,0.0,medida (156 pares),referência,30.0,31.0,1.0,0,0,-0.0956,0.0,0.7866,0.3322,0.8022,única; homônimo resolvido pelo clube,única; único,45,36,0,15.54,17.92,74.44,93.06,18.62,1.79,2.48,56.67,70.83,14.16,1.58,2.29,87.78,95.83,8.05,0.09,0.19,56.67,81.94,25.27,0.53,0.57,26.67,36.11,9.44,4.73,5.72,21.11,68.06,46.95,18.54,26.69,1.11,70.83,69.72,0.09,0.0,4.44,5.56,1.12,0.02,0.01,23.33,8.33,-15.0,0.15,0.38,56.67,87.5,30.83,30.31,40.04,7.78,81.94,74.16,7.94,5.91,54.44,23.61,-30.83,85.93,90.95,23.33,90.28,66.95,56.46,48.94,87.78,31.94,-55.84,53.45,38.46,72.22,26.39,-45.83,63.91,57.69,87.78,54.17,-33.61,64.71,83.33,63.33,79.17,15.84,29.41,33.33,55.56,75.0,19.44,0.0,0.0,25.56,33.33,7.77,61.54,16.67,90.0,51.39,-38.61,68.63,86.67,21.11,93.06,71.95,75.61,88.0,23.33,87.5,64.17,22,1
J08-0772,Zé Lucas,ze lucas,VOL,VOL,0,Volante,Volante,Brasil A,Brasil B,B,1,2025,2025,jun26,2026,1,2026,Sport Recife,Sport Recife,Zé Lucas - Sport Recife - Brasil A,Zé Lucas - Sport Recife - Brasil B,1736,859,24.0,10.0,1,0,900,284,0,0,1,0,-0.828,-0.4188,0.409,21.1,33.3,18.0,18.0,0.0,0.0,medida (156 pares),referência,17.0,18.0,1.0,0,0,0.0,0.0,0.409,0.0491,-0.4679,única; único,única; único,45,36,0,16.59,13.41,87.78,59.72,-28.06,2.28,1.99,76.67,51.39,-25.28,1.09,1.26,76.67,93.06,16.39,0.31,0.0,94.44,30.56,-63.88,0.67,0.31,50.0,12.5,-37.5,4.82,4.82,25.56,48.61,23.05,21.57,17.92,10.0,15.28,5.28,0.99,0.52,83.33,37.5,-45.83,0.06,0.03,73.33,27.78,-45.55,0.1,0.1,42.22,38.89,-3.33,32.71,27.45,10.0,18.06,8.06,9.54,6.81,90.0,43.06,-46.94,80.35,82.82,1.11,29.17,28.06,49.06,46.88,22.22,20.83,-1.39,31.82,26.32,12.22,15.28,3.06,64.57,50.94,90.0,23.61,-66.39,52.38,25.0,30.0,12.5,-17.5,23.08,33.33,34.44,75.0,40.56,0.0,0.0,25.56,33.33,7.77,14.29,80.0,12.22,93.06,80.84,53.76,67.39,1.11,20.83,19.72,71.76,80.0,10.0,61.11,51.11,22,1
J08-0773,Wenderson,wenderson,VOL,VOL,0,Volante,Volante,Brasil C,Brasil B,B,1,2025,2025,jun26,2026,1,2026,Náutico,Náutico,Wenderson - Náutico - Brasil C,Wenderson - Náutico - Brasil B,703,928,15.0,10.0,0,1,616,284,0,0,1,0,1.8592,0.7121,-1.147,95.2,80.6,28.0,28.0,0.0,0.0,medida (70 pares),referência,27.0,28.0,1.0,0,0,0.0271,0.0,-1.1741,0.6475,0.0646,única; único,única; homônimo resolvido pelo clube,28,36,0,14.08,11.25,37.5,34.72,-2.78,2.05,1.55,23.21,34.72,11.51,1.28,1.16,91.07,81.94,-9.13,0.38,0.0,94.64,30.56,-64.08,1.28,0.68,80.36,45.83,-34.53,6.66,4.07,55.36,23.61,-31.75,28.68,24.73,83.93,54.17,-29.76,0.77,0.19,76.79,16.67,-60.12,0.03,0.04,44.64,40.28,-4.36,0.0,0.29,21.43,79.17,57.74,45.58,40.15,91.07,84.72,-6.35,8.96,7.56,48.21,62.5,14.29,87.92,90.34,91.07,84.72,-6.35,61.82,47.41,98.21,23.61,-74.6,43.75,31.25,33.93,20.83,-13.1,78.05,46.15,98.21,4.17,-94.04,80.0,58.33,89.29,48.61,-40.68,30.0,14.29,67.86,33.33,-34.53,0.0,0.0,30.36,33.33,2.97,60.0,33.33,94.64,63.89,-30.75,80.77,80.95,85.71,81.94,-3.77,73.44,86.21,41.07,79.17,38.1,22,1
J08-0774,Victor Caetano,victor caetano,ZAG,ZAG,0,Zagueiro - Direita,Zagueiro - Direita,Brasil B,Brasil A,A,1,2025,2025,jun26,2026,1,2026,Chapecoense,Chapecoense,Victor Caetano - Chapecoense - Brasil B,Victor Caetano - Chapecoense - Brasil A,2514,719,28.0,8.0,1,0,900,426,0,0,1,0,-0.9216,-1.2223,-0.301,12.0,12.9,28.0,28.0,0.0,0.0,medida (111 pares),referência,27.0,28.0,1.0,0,0,-0.0776,0.0,-0.2234,-0.1937,-1.0286,única; único,única; único,72,53,0,9.99,10.26,29.86,55.66,25.8,4.01,3.0,49.31,33.02,-16.29,0.36,0.63,79.86,95.28,15.42,0.0,0.0,34.03,28.3,-5.73,0.29,0.0,35.42,0.94,-34.48,6.44,6.01,29.86,36.79,6.93,21.87,19.53,15.97,10.38,-5.59,0.36,0.0,29.86,0.94,-28.92,0.03,0.0,31.25,1.89,-29.36,0.04,0.0,53.47,25.47,-28.0,32.22,30.42,13.19,12.26,-0.93,6.77,7.51,28.47,65.09,36.62,82.89,80.25,13.19,2.83,-10.36,59.86,56.1,35.42,16.04,-19.38,58.93,70.83,39.58,83.96,44.38,62.04,47.83,24.31,2.83,-21.48,80.0,100.0,70.83,84.91,14.08,25.0,0.0,39.58,15.09,-24.49,12.5,0.0,68.06,29.25,-38.81,40.0,0.0,68.06,23.58,-44.48,63.33,62.5,18.75,19.81,1.06,55.26,51.22,9.03,6.6,-2.43,22,1
J08-0775,Tito,tito,ZAG,ZAG,0,Zagueiro - Direita,Zagueiro - Direita,Brasil C,Brasil B,B,1,2025,2025,jun26,2026,1,2026,Maringá,Atlético GO,Tito - Maringá - Brasil C,Tito - Atlético GO - Brasil B,1407,1104,16.0,11.0,0,0,616,284,0,0,1,0,1.019,-1.7388,-2.758,85.1,2.7,25.0,25.0,0.0,0.0,medida (70 pares),referência,24.0,25.0,1.0,0,0,0.0152,0.0,-2.7732,0.466,-2.2048,única; único,única; único,52,67,0,23.92,11.33,97.12,63.43,-33.69,7.29,3.67,97.12,50.0,-47.12,0.19,0.0,50.0,17.91,-32.09,0.0,0.0,33.65,41.79,8.14,1.02,0.33,99.04,50.0,-49.04,9.08,5.46,85.58,20.15,-65.43,12.54,21.77,10.58,14.18,3.6,1.15,0.33,99.04,26.12,-72.92,0.16,0.05,99.04,58.96,-40.08,0.0,0.0,25.0,38.06,13.06,29.23,33.59,22.12,12.69,-9.43,14.01,7.01,99.04,42.54,-56.5,75.27,84.22,8.65,21.64,12.99,64.97,57.55,58.65,35.07,-23.58,61.4,62.22,52.88,58.96,6.08,70.31,57.81,56.73,29.1,-27.63,66.67,0.0,45.19,23.88,-21.31,18.75,25.0,33.65,50.75,17.1,12.5,0.0,64.42,44.03,-20.39,50.0,0.0,80.77,35.82,-44.95,66.2,67.16,43.27,33.58,-9.69,59.52,54.1,37.5,12.69,-24.81,22,1
J08-0776,Yago Lincoln,yago lincoln,ZAG,ZAG,0,Zagueiro - Direita,Zagueiro - Direita,Brasil C,Brasil B,B,1,2025,2025,jun26,2026,1,2026,Londrina,Londrina,Yago Lincoln - Londrina - Brasil C,Yago Lincoln - Londrina - Brasil B,789,955,12.0,10.0,0,1,616,284,0,0,1,0,0.4279,-0.2793,-0.707,68.1,32.4,23.0,23.0,0.0,0.0,medida (70 pares),referência,22.0,23.0,1.0,0,0,0.0509,0.0,-0.7579,0.265,-0.5443,única; único,única; único,52,67,0,13.23,11.5,62.5,66.42,3.92,5.7,4.9,83.65,87.31,3.66,0.23,0.09,58.65,38.81,-19.84,0.0,0.0,33.65,41.79,8.14,0.34,0.19,31.73,23.13,-8.6,7.64,7.54,66.35,58.96,-7.39,27.72,29.21,72.12,57.46,-14.66,0.34,0.38,26.92,32.84,5.92,0.04,0.03,41.35,38.81,-2.54,0.0,0.0,25.0,38.06,13.06,42.09,42.97,72.12,60.45,-11.67,7.87,8.58,43.27,81.34,38.07,85.91,88.82,58.65,61.94,3.29,68.1,59.84,89.42,47.01,-42.41,74.0,57.69,93.27,42.54,-50.73,72.09,72.34,66.35,87.31,20.96,100.0,100.0,80.77,86.57,5.8,0.0,0.0,8.65,22.39,13.74,0.0,0.0,25.96,44.03,18.07,0.0,0.0,30.77,35.82,5.05,62.69,72.5,25.96,58.96,33.0,56.25,65.0,29.81,38.81,9.0,22,1
J08-0777,Jacy,jacy,ZAG,ZAG,0,Zagueiro - Esquerda,Zagueiro - Esquerda,Brasil B,Brasil A,A,1,2025,2025,jun26,2026,1,2026,Coritiba,Coritiba,Jacy - Coritiba - Brasil B,Jacy - Coritiba - Brasil A,3017,1257,32.0,15.0,0,0,900,426,0,0,1,0,-0.6857,-0.0595,0.626,25.0,47.8,28.0,28.0,0.0,0.0,medida (111 pares),referência,27.0,28.0,1.0,0,0,-0.0776,0.0,0.7036,-0.1135,0.054,única; único,única; único,72,53,0,13.66,12.96,89.58,89.62,0.04,5.43,4.73,90.97,91.51,0.54,0.33,0.14,74.31,46.23,-28.08,0.03,0.07,72.92,67.92,-5.0,0.6,0.5,81.25,62.26,-18.99,4.12,4.51,0.69,19.81,19.12,27.15,17.11,52.08,6.6,-45.48,0.92,0.72,95.14,74.53,-20.61,0.07,0.04,77.78,54.72,-23.06,0.03,0.0,43.06,25.47,-17.59,37.2,26.28,28.47,4.72,-23.75,7.99,10.6,65.97,99.06,33.09,90.14,84.74,89.58,19.81,-69.77,65.5,59.12,88.19,34.91,-53.28,65.93,59.09,77.08,40.57,-36.51,73.84,63.16,88.19,48.11,-40.08,63.64,100.0,52.78,84.91,32.13,35.0,14.29,71.53,33.02,-38.51,5.0,14.286,47.92,72.64,24.72,0.0,0.0,17.36,23.58,6.22,63.04,60.32,14.58,14.15,-0.43,64.04,58.33,35.42,16.04,-19.38,22,1
J08-0778,Arthur Dias,arthur dias,ZAG,ZAG,0,Zagueiro - Esquerda,Zagueiro - Direita,Brasil B,Brasil A,A,1,2025,2025,jun26,2026,1,2026,Athletico Paranaense,Athletico Paranaense,Arthur Dias - Athletico Paranaense - Brasil B,Arthur Dias - Athletico Paranaense - Brasil A,1529,1713,17.0,17.0,0,0,900,426,0,0,1,0,0.5785,-0.3411,-0.92,75.0,38.7,19.0,19.0,0.0,0.0,medida (111 pares),referência,18.0,19.0,1.0,0,0,-0.0104,0.0,-0.9096,0.3162,-0.6573,única; único,única; único,72,53,0,10.24,8.46,35.42,19.81,-15.61,3.3,1.68,22.92,2.83,-20.09,0.35,0.26,77.78,76.42,-1.36,0.0,0.05,34.03,58.49,24.46,0.59,0.26,78.47,32.08,-46.39,8.77,7.93,79.86,61.32,-18.54,28.14,28.16,57.64,51.89,-5.75,0.65,0.32,76.39,18.87,-57.52,0.04,0.02,43.75,24.53,-19.22,0.0,0.11,18.75,74.53,55.78,42.44,40.4,57.64,48.11,-9.53,7.83,6.99,57.64,48.11,-9.53,84.88,88.56,28.47,53.77,25.3,66.09,55.28,89.58,14.15,-75.43,67.86,43.75,84.03,4.72,-79.31,75.71,68.18,93.75,72.64,-21.11,66.67,40.0,57.64,42.45,-15.19,40.0,0.0,76.39,15.09,-61.3,0.0,0.0,22.92,29.25,6.33,0.0,33.33,17.36,62.26,44.9,72.48,72.85,67.36,68.87,1.51,69.3,78.1,65.97,76.42,10.45,22,1
J08-0779,Rafael Milhorim,rafael milhorim,ZAG,ZAG,0,Zagueiro - Esquerda,Zagueiro - Esquerda,Brasil B,Brasil C,C,1,2025,2025,jun26,2026,1,2026,Botafogo SP,Brusque,Rafael Milhorim - Botafogo SP - Brasil B,Rafael Milhorim - Brusque - Brasil C,1261,541,17.0,7.0,1,0,900,213,0,0,1,0,-0.0335,-0.4135,-0.38,50.0,36.4,27.0,27.0,0.0,0.0,medida (111 pares),referência,26.0,27.0,1.0,0,0,0.0061,0.0,-0.3861,0.1082,-0.5217,única; único,única; único,72,63,0,13.92,8.32,90.97,7.14,-83.83,4.21,3.16,60.42,16.67,-43.75,0.21,0.0,53.47,18.25,-35.22,0.0,0.0,34.03,38.1,4.07,0.21,0.5,17.36,57.14,39.78,7.71,6.65,60.42,37.3,-23.12,25.48,18.63,39.58,19.84,-19.74,0.29,0.67,17.36,60.32,42.96,0.01,0.05,6.25,59.52,53.27,0.07,0.0,70.14,35.71,-34.43,38.97,32.11,40.97,26.19,-14.78,8.78,8.82,81.25,78.57,-2.68,83.33,79.79,14.58,15.08,0.5,61.03,52.0,52.08,13.49,-38.59,64.41,47.37,67.36,15.87,-51.49,68.6,72.22,72.92,76.98,4.06,100.0,0.0,88.19,24.6,-63.59,66.67,33.33,95.14,68.25,-26.89,0.0,0.0,22.92,43.65,20.73,50.0,50.0,77.08,88.89,11.81,68.52,50.0,47.92,3.97,-43.95,47.54,54.17,0.69,18.25,17.56,22,1
J08-0780,Rafael Vitor,rafael vitor,ZAG,ZAG,0,Zagueiro - Esquerda,Zagueiro - Esquerda,Brasil B,Brasil C,C,1,2025,2025,jun26,2026,1,2026,Amazonas,Amazonas,Rafael Vitor - Amazonas - Brasil B,Rafael Vitor - Amazonas - Brasil C,899,889,12.0,9.0,1,1,900,213,0,1,1,0,-0.604,-1.1222,-0.518,32.5,18.2,33.0,33.0,0.0,0.0,medida (111 pares),referência,32.0,33.0,1.0,0,0,-0.0748,0.0,-0.4432,-0.0857,-1.0365,única; único,única; único,72,63,0,11.91,12.25,75.0,61.11,-13.89,4.51,6.18,69.44,86.51,17.07,0.3,0.1,70.83,38.1,-32.73,0.0,0.0,34.03,38.1,4.07,0.3,0.0,36.11,6.35,-29.76,7.11,9.11,47.22,80.16,32.94,20.52,22.98,9.72,40.48,30.76,0.4,0.4,38.19,24.6,-13.59,0.01,0.0,6.25,9.52,3.27,0.0,0.0,18.75,35.71,16.96,35.54,38.88,23.61,51.59,27.98,9.51,5.97,97.22,19.84,-77.38,81.97,83.07,9.72,35.71,25.99,60.5,57.85,45.83,30.95,-14.88,51.11,63.93,13.19,72.22,59.03,71.15,50.0,83.33,12.7,-70.63,66.67,100.0,57.64,84.92,27.28,0.0,0.0,3.47,26.98,23.51,0.0,0.0,22.92,43.65,20.73,0.0,20.0,17.36,76.98,59.62,61.97,71.11,12.5,53.17,40.67,53.66,58.73,2.78,34.13,31.35,22,1
J08-0781,Carlinhos,carlinhos,ZAG,ZAG,0,Zagueiro - Esquerda,Zagueiro - Direita,Brasil C,Brasil B,B,1,2025,2025,jun26,2026,1,2026,Náutico,Grêmio Novorizontino,Carlinhos - Náutico - Brasil C,Carlinhos - Grêmio Novorizontino - Brasil B,1755,627,18.0,7.0,1,0,616,284,0,0,1,0,0.1312,-0.4362,-0.567,60.0,27.0,31.0,30.0,0.0,0.0,medida (70 pares),referência,30.0,30.0,0.0,-1,0,0.0,0.0713,-0.567,0.1642,-0.6004,única; único,única; único,52,67,0,14.51,12.34,79.81,81.34,1.53,4.21,4.59,29.81,81.34,51.53,0.31,0.0,72.12,17.91,-54.21,0.0,0.0,33.65,41.79,8.14,0.21,0.0,11.54,2.99,-8.55,9.9,8.9,89.42,76.87,-12.55,23.64,23.83,50.96,26.12,-24.84,0.31,0.14,19.23,11.19,-8.04,0.04,0.0,41.35,5.97,-35.38,0.0,0.0,25.0,38.06,13.06,41.18,36.46,66.35,30.6,-35.75,10.51,8.18,91.35,76.12,-15.23,85.93,88.19,60.58,55.97,-4.61,57.95,61.63,24.04,60.45,36.41,65.85,56.25,66.35,37.31,-29.04,58.21,63.89,12.5,50.0,37.5,16.67,0.0,22.12,23.88,1.76,50.0,0.0,88.46,22.39,-66.07,25.0,0.0,91.35,44.03,-47.32,0.0,0.0,30.77,35.82,5.05,73.58,74.19,77.88,69.4,-8.48,79.59,74.29,97.12,75.37,-21.75,22,1
J08-0782,Caio Marcelo,caio marcelo,ZAG,ZAG,0,Zagueiro - Esquerda,Zagueiro - Esquerda,Coreia A,Brasil B,B,0,2025,2025,jun26,2026,1,2026,Daegu,Vila Nova,Caio Marcelo - Daegu - Coreia A,Caio Marcelo - Vila Nova - Brasil B,3144,480,32.0,7.0,1,0,900,284,0,0,1,0,1.8641,-0.3747,-2.239,96.4,33.3,28.0,28.0,0.0,0.0,medida (104 pares),referência,27.0,28.0,1.0,0,0,-0.0776,0.0,-2.1614,0.7532,-1.1279,única; único,única; único,39,67,0,13.71,11.06,73.08,57.46,-15.62,4.75,3.19,62.82,34.33,-28.49,0.26,0.0,57.69,17.91,-39.78,0.0,0.0,25.64,41.79,16.15,0.49,0.19,83.33,23.13,-60.2,8.7,6.19,78.21,32.09,-46.12,25.88,29.44,16.67,61.94,45.27,0.69,0.38,78.21,32.84,-45.37,0.09,0.08,87.18,81.34,-5.84,0.09,0.0,76.92,38.06,-38.86,39.93,44.63,21.79,69.4,47.61,9.27,8.81,88.46,88.81,0.35,84.8,89.92,21.79,78.36,56.57,65.97,67.8,93.59,91.79,-1.8,66.27,64.71,96.15,66.42,-29.73,77.71,70.97,93.59,79.85,-13.74,66.67,0.0,71.79,23.88,-47.91,64.71,0.0,93.59,22.39,-71.2,29.412,0.0,98.72,44.03,-54.69,0.0,0.0,11.54,35.82,24.28,69.08,78.79,55.13,87.31,32.18,66.21,66.67,24.36,44.78,20.42,22,1
