temporada,clube_wyscout,rodada,data,treinador,clube_tm,interino,inicio,fim,fim_inferido
2023,ABC,1,2023-04-16,Fernando Marchiori,ABC FC,0,2022-03-29,2023-05-15,0
2023,ABC,2,2023-04-23,Fernando Marchiori,ABC FC,0,2022-03-29,2023-05-15,0
2023,ABC,3,2023-04-30,Fernando Marchiori,ABC FC,0,2022-03-29,2023-05-15,0
2023,ABC,4,2023-05-04,Fernando Marchiori,ABC FC,0,2022-03-29,2023-05-15,0
2023,ABC,5,2023-05-07,Fernando Marchiori,ABC FC,0,2022-03-29,2023-05-15,0
2023,ABC,6,2023-05-14,Fernando Marchiori,ABC FC,0,2022-03-29,2023-05-15,0
2023,ABC,7,2023-05-20,Jonydei Matos,ABC FC,1,2023-05-16,2023-05-23,0
2023,ABC,8,2023-05-24,Allan Aal,ABC FC,0,2023-05-24,2023-09-04,0
2023,ABC,9,2023-05-28,Allan Aal,ABC FC,0,2023-05-24,2023-09-04,0
2023,ABC,10,2023-06-03,Allan Aal,ABC FC,0,2023-05-24,2023-09-04,0
2023,ABC,11,2023-06-07,Allan Aal,ABC FC,0,2023-05-24,2023-09-04,0
2023,ABC,12,2023-06-10,Allan Aal,ABC FC,0,2023-05-24,2023-09-04,0
2023,ABC,13,2023-06-25,Allan Aal,ABC FC,0,2023-05-24,2023-09-04,0
2023,ABC,14,2023-06-29,Allan Aal,ABC FC,0,2023-05-24,2023-09-04,0
2023,ABC,15,2023-07-01,Allan Aal,ABC FC,0,2023-05-24,2023-09-04,0
2023,ABC,16,2023-07-08,Allan Aal,ABC FC,0,2023-05-24,2023-09-04,0
2023,ABC,17,2023-07-15,Allan Aal,ABC FC,0,2023-05-24,2023-09-04,0
2023,ABC,18,2023-07-20,Allan Aal,ABC FC,0,2023-05-24,2023-09-04,0
2023,ABC,19,2023-07-22,Allan Aal,ABC FC,0,2023-05-24,2023-09-04,0
2023,ABC,20,2023-07-29,Allan Aal,ABC FC,0,2023-05-24,2023-09-04,0
2023,ABC,21,2023-08-03,Allan Aal,ABC FC,0,2023-05-24,2023-09-04,0
2023,ABC,22,2023-08-06,Allan Aal,ABC FC,0,2023-05-24,2023-09-04,0
2023,ABC,23,2023-08-15,Allan Aal,ABC FC,0,2023-05-24,2023-09-04,0
2023,ABC,24,2023-08-19,Allan Aal,ABC FC,0,2023-05-24,2023-09-04,0
2023,ABC,25,2023-08-29,Allan Aal,ABC FC,0,2023-05-24,2023-09-04,0
2023,ABC,26,2023-09-02,Allan Aal,ABC FC,0,2023-05-24,2023-09-04,0
2023,ABC,27,2023-09-07,Argel Fuchs,ABC FC,0,2023-09-04,2023-11-22,0
2023,ABC,28,2023-09-16,Argel Fuchs,ABC FC,0,2023-09-04,2023-11-22,0
2023,ABC,29,2023-09-26,Argel Fuchs,ABC FC,0,2023-09-04,2023-11-22,0
2023,ABC,30,2023-09-30,Argel Fuchs,ABC FC,0,2023-09-04,2023-11-22,0
2023,ABC,31,2023-10-06,Argel Fuchs,ABC FC,0,2023-09-04,2023-11-22,0
2023,ABC,32,2023-10-11,Argel Fuchs,ABC FC,0,2023-09-04,2023-11-22,0
2023,ABC,33,2023-10-20,Argel Fuchs,ABC FC,0,2023-09-04,2023-11-22,0
2023,ABC,34,2023-10-27,Argel Fuchs,ABC FC,0,2023-09-04,2023-11-22,0
2023,ABC,35,2023-11-08,Argel Fuchs,ABC FC,0,2023-09-04,2023-11-22,0
2023,ABC,36,2023-11-15,Argel Fuchs,ABC FC,0,2023-09-04,2023-11-22,0
2023,ABC,37,2023-11-19,Argel Fuchs,ABC FC,0,2023-09-04,2023-11-22,0
2023,ABC,38,2023-11-25,Rafael Lacerda,ABC FC,0,2023-11-24,2024-03-11,0
2024,Amazonas,1,2024-04-20,Adilson Batista,Amazonas FC,0,2024-04-19,2024-05-23,0
2024,Amazonas,2,2024-04-27,Adilson Batista,Amazonas FC,0,2024-04-19,2024-05-23,0
2024,Amazonas,3,2024-05-07,Adilson Batista,Amazonas FC,0,2024-04-19,2024-05-23,0
2024,Amazonas,4,2024-05-11,Adilson Batista,Amazonas FC,0,2024-04-19,2024-05-23,0
2024,Amazonas,5,2024-05-16,Adilson Batista,Amazonas FC,0,2024-04-19,2024-05-23,0
2024,Amazonas,6,2024-05-18,Adilson Batista,Amazonas FC,0,2024-04-19,2024-05-23,0
2024,Amazonas,7,2024-05-29,Rafael Lacerda,Amazonas FC,0,2024-05-27,2024-11-19,0
2024,Amazonas,8,2024-06-04,Rafael Lacerda,Amazonas FC,0,2024-05-27,2024-11-19,0
2024,Amazonas,9,2024-06-08,Rafael Lacerda,Amazonas FC,0,2024-05-27,2024-11-19,0
2024,Amazonas,10,2024-06-14,Rafael Lacerda,Amazonas FC,0,2024-05-27,2024-11-19,0
2024,Amazonas,11,2024-06-19,Rafael Lacerda,Amazonas FC,0,2024-05-27,2024-11-19,0
2024,Amazonas,12,2024-06-26,Rafael Lacerda,Amazonas FC,0,2024-05-27,2024-11-19,0
2024,Amazonas,13,2024-06-30,Rafael Lacerda,Amazonas FC,0,2024-05-27,2024-11-19,0
2024,Amazonas,14,2024-07-09,Rafael Lacerda,Amazonas FC,0,2024-05-27,2024-11-19,0
2024,Amazonas,15,2024-07-13,Rafael Lacerda,Amazonas FC,0,2024-05-27,2024-11-19,0
2024,Amazonas,16,2024-07-20,Rafael Lacerda,Amazonas FC,0,2024-05-27,2024-11-19,0
2024,Amazonas,17,2024-07-25,Rafael Lacerda,Amazonas FC,0,2024-05-27,2024-11-19,0
2024,Amazonas,18,2024-08-04,Rafael Lacerda,Amazonas FC,0,2024-05-27,2024-11-19,0
2024,Amazonas,19,2024-08-10,Rafael Lacerda,Amazonas FC,0,2024-05-27,2024-11-19,0
2024,Amazonas,20,2024-08-17,Rafael Lacerda,Amazonas FC,0,2024-05-27,2024-11-19,0
2024,Amazonas,21,2024-08-21,Rafael Lacerda,Amazonas FC,0,2024-05-27,2024-11-19,0
2024,Amazonas,22,2024-08-24,Rafael Lacerda,Amazonas FC,0,2024-05-27,2024-11-19,0
2024,Amazonas,23,2024-09-01,Rafael Lacerda,Amazonas FC,0,2024-05-27,2024-11-19,0
2024,Amazonas,24,2024-09-06,Rafael Lacerda,Amazonas FC,0,2024-05-27,2024-11-19,0
2024,Amazonas,25,2024-09-14,Rafael Lacerda,Amazonas FC,0,2024-05-27,2024-11-19,0
2024,Amazonas,26,2024-09-19,Rafael Lacerda,Amazonas FC,0,2024-05-27,2024-11-19,0
2024,Amazonas,27,2024-09-24,Rafael Lacerda,Amazonas FC,0,2024-05-27,2024-11-19,0
2024,Amazonas,28,2024-09-27,Rafael Lacerda,Amazonas FC,0,2024-05-27,2024-11-19,0
2024,Amazonas,29,2024-10-05,Rafael Lacerda,Amazonas FC,0,2024-05-27,2024-11-19,0
2024,Amazonas,30,2024-10-13,Rafael Lacerda,Amazonas FC,0,2024-05-27,2024-11-19,0
2024,Amazonas,31,2024-10-19,Rafael Lacerda,Amazonas FC,0,2024-05-27,2024-11-19,0
2024,Amazonas,32,2024-10-23,Rafael Lacerda,Amazonas FC,0,2024-05-27,2024-11-19,0
2024,Amazonas,33,2024-10-26,Rafael Lacerda,Amazonas FC,0,2024-05-27,2024-11-19,0
2024,Amazonas,34,2024-10-30,Rafael Lacerda,Amazonas FC,0,2024-05-27,2024-11-19,0
2024,Amazonas,35,2024-11-05,Rafael Lacerda,Amazonas FC,0,2024-05-27,2024-11-19,0
2024,Amazonas,36,2024-11-13,Rafael Lacerda,Amazonas FC,0,2024-05-27,2024-11-19,0
2024,Amazonas,37,2024-11-16,Rafael Lacerda,Amazonas FC,0,2024-05-27,2024-11-19,0
2024,Amazonas,38,2024-11-23,Ibson,Amazonas FC,1,2024-11-20,2024-12-31,0
2025,Amazonas,1,2025-04-05,Eduardo Barros,Amazonas FC,0,2025-02-23,2025-04-20,0
2025,Amazonas,2,2025-04-13,Eduardo Barros,Amazonas FC,0,2025-02-23,2025-04-20,0
2025,Amazonas,3,2025-04-18,Eduardo Barros,Amazonas FC,0,2025-02-23,2025-04-20,0
2025,Amazonas,4,2025-04-21,Ibson,Amazonas FC,1,2025-04-20,2025-04-22,0
2025,Amazonas,5,2025-04-27,Guilherme Alves,Amazonas FC,0,2025-04-23,2025-07-06,0
2025,Amazonas,6,2025-05-03,Guilherme Alves,Amazonas FC,0,2025-04-23,2025-07-06,0
2025,Amazonas,7,2025-05-13,Guilherme Alves,Amazonas FC,0,2025-04-23,2025-07-06,0
2025,Amazonas,8,2025-05-20,Guilherme Alves,Amazonas FC,0,2025-04-23,2025-07-06,0
2025,Amazonas,9,2025-05-25,Guilherme Alves,Amazonas FC,0,2025-04-23,2025-07-06,0
2025,Amazonas,10,2025-06-03,Guilherme Alves,Amazonas FC,0,2025-04-23,2025-07-06,0
2025,Amazonas,11,2025-06-10,Guilherme Alves,Amazonas FC,0,2025-04-23,2025-07-06,0
2025,Amazonas,12,2025-06-16,Guilherme Alves,Amazonas FC,0,2025-04-23,2025-07-06,0
2025,Amazonas,13,2025-06-22,Guilherme Alves,Amazonas FC,0,2025-04-23,2025-07-06,0
2025,Amazonas,14,2025-06-30,Guilherme Alves,Amazonas FC,0,2025-04-23,2025-07-06,0
2025,Amazonas,15,2025-07-06,Guilherme Alves,Amazonas FC,0,2025-04-23,2025-07-06,0
2025,Amazonas,16,2025-07-16,Márcio Zanardi,Amazonas FC,0,2025-07-08,2025-10-29,0
2025,Amazonas,17,2025-07-20,Márcio Zanardi,Amazonas FC,0,2025-07-08,2025-10-29,0
2025,Amazonas,18,2025-07-24,Márcio Zanardi,Amazonas FC,0,2025-07-08,2025-10-29,0
2025,Amazonas,19,2025-07-27,Márcio Zanardi,Amazonas FC,0,2025-07-08,2025-10-29,0
2025,Amazonas,20,2025-08-03,Márcio Zanardi,Amazonas FC,0,2025-07-08,2025-10-29,0
2025,Amazonas,21,2025-08-09,Márcio Zanardi,Amazonas FC,0,2025-07-08,2025-10-29,0
2025,Amazonas,22,2025-08-16,Márcio Zanardi,Amazonas FC,0,2025-07-08,2025-10-29,0
2025,Amazonas,23,2025-08-26,Márcio Zanardi,Amazonas FC,0,2025-07-08,2025-10-29,0
2025,Amazonas,24,2025-08-31,Márcio Zanardi,Amazonas FC,0,2025-07-08,2025-10-29,0
2025,Amazonas,25,2025-09-05,Márcio Zanardi,Amazonas FC,0,2025-07-08,2025-10-29,0
2025,Amazonas,26,2025-09-16,Márcio Zanardi,Amazonas FC,0,2025-07-08,2025-10-29,0
2025,Amazonas,27,2025-09-20,Márcio Zanardi,Amazonas FC,0,2025-07-08,2025-10-29,0
2025,Amazonas,28,2025-09-25,Márcio Zanardi,Amazonas FC,0,2025-07-08,2025-10-29,0
2025,Amazonas,29,2025-09-29,Márcio Zanardi,Amazonas FC,0,2025-07-08,2025-10-29,0
2025,Amazonas,30,2025-10-04,Márcio Zanardi,Amazonas FC,0,2025-07-08,2025-10-29,0
2025,Amazonas,31,2025-10-08,Márcio Zanardi,Amazonas FC,0,2025-07-08,2025-10-29,0
2025,Amazonas,32,2025-10-12,Márcio Zanardi,Amazonas FC,0,2025-07-08,2025-10-29,0
2025,Amazonas,33,2025-10-18,Márcio Zanardi,Amazonas FC,0,2025-07-08,2025-10-29,0
2025,Amazonas,34,2025-10-28,Márcio Zanardi,Amazonas FC,0,2025-07-08,2025-10-29,0
2025,Amazonas,35,2025-11-02,Aderbal Lana,Amazonas FC,0,2025-10-30,2025-12-31,0
2025,Amazonas,36,2025-11-10,Aderbal Lana,Amazonas FC,0,2025-10-30,2025-12-31,0
2025,Amazonas,37,2025-11-15,Aderbal Lana,Amazonas FC,0,2025-10-30,2025-12-31,0
2025,Amazonas,38,2025-11-23,Aderbal Lana,Amazonas FC,0,2025-10-30,2025-12-31,0
2019,América-MG,1,2019-04-27,Givanildo Oliveira,América Mineiro,0,2018-11-11,2019-05-01,0
2019,América-MG,2,2019-05-01,Givanildo Oliveira,América Mineiro,0,2018-11-11,2019-05-01,0
2019,América-MG,3,2019-05-11,Maurício Barbieri,América Mineiro,0,2019-05-06,2019-07-15,0
2019,América-MG,4,2019-05-19,Maurício Barbieri,América Mineiro,0,2019-05-06,2019-07-15,0
2019,América-MG,5,2019-05-26,Maurício Barbieri,América Mineiro,0,2019-05-06,2019-07-15,0
2019,América-MG,6,2019-06-04,Maurício Barbieri,América Mineiro,0,2019-05-06,2019-07-15,0
2019,América-MG,7,2019-06-09,Maurício Barbieri,América Mineiro,0,2019-05-06,2019-07-15,0
2019,América-MG,8,2019-06-12,Maurício Barbieri,América Mineiro,0,2019-05-06,2019-07-15,0
2019,América-MG,9,2019-07-13,Maurício Barbieri,América Mineiro,0,2019-05-06,2019-07-15,0
2019,América-MG,10,2019-07-20,Felipe Conceição,América Mineiro,0,2019-07-19,2020-01-24,0
2019,América-MG,11,2019-07-24,Felipe Conceição,América Mineiro,0,2019-07-19,2020-01-24,0
2019,América-MG,12,2019-07-27,Felipe Conceição,América Mineiro,0,2019-07-19,2020-01-24,0
2019,América-MG,13,2019-07-31,Felipe Conceição,América Mineiro,0,2019-07-19,2020-01-24,0
2019,América-MG,14,2019-08-03,Felipe Conceição,América Mineiro,0,2019-07-19,2020-01-24,0
2019,América-MG,15,2019-08-07,Felipe Conceição,América Mineiro,0,2019-07-19,2020-01-24,0
2019,América-MG,16,2019-08-18,Felipe Conceição,América Mineiro,0,2019-07-19,2020-01-24,0
2019,América-MG,17,2019-08-22,Felipe Conceição,América Mineiro,0,2019-07-19,2020-01-24,0
2019,América-MG,18,2019-08-25,Felipe Conceição,América Mineiro,0,2019-07-19,2020-01-24,0
2019,América-MG,19,2019-08-29,Felipe Conceição,América Mineiro,0,2019-07-19,2020-01-24,0
2019,América-MG,20,2019-09-01,Felipe Conceição,América Mineiro,0,2019-07-19,2020-01-24,0
2019,América-MG,21,2019-09-07,Felipe Conceição,América Mineiro,0,2019-07-19,2020-01-24,0
2019,América-MG,22,2019-09-11,Felipe Conceição,América Mineiro,0,2019-07-19,2020-01-24,0
2019,América-MG,23,2019-09-21,Felipe Conceição,América Mineiro,0,2019-07-19,2020-01-24,0
2019,América-MG,24,2019-09-25,Felipe Conceição,América Mineiro,0,2019-07-19,2020-01-24,0
2019,América-MG,25,2019-09-28,Felipe Conceição,América Mineiro,0,2019-07-19,2020-01-24,0
2019,América-MG,26,2019-10-04,Felipe Conceição,América Mineiro,0,2019-07-19,2020-01-24,0
2019,América-MG,27,2019-10-09,Felipe Conceição,América Mineiro,0,2019-07-19,2020-01-24,0
2019,América-MG,28,2019-10-13,Felipe Conceição,América Mineiro,0,2019-07-19,2020-01-24,0
2019,América-MG,29,2019-10-16,Felipe Conceição,América Mineiro,0,2019-07-19,2020-01-24,0
2019,América-MG,30,2019-10-19,Felipe Conceição,América Mineiro,0,2019-07-19,2020-01-24,0
2019,América-MG,31,2019-10-26,Felipe Conceição,América Mineiro,0,2019-07-19,2020-01-24,0
2019,América-MG,32,2019-11-02,Felipe Conceição,América Mineiro,0,2019-07-19,2020-01-24,0
2019,América-MG,33,2019-11-06,Felipe Conceição,América Mineiro,0,2019-07-19,2020-01-24,0
2019,América-MG,34,2019-11-09,Felipe Conceição,América Mineiro,0,2019-07-19,2020-01-24,0
2019,América-MG,35,2019-11-12,Felipe Conceição,América Mineiro,0,2019-07-19,2020-01-24,0
2019,América-MG,36,2019-11-15,Felipe Conceição,América Mineiro,0,2019-07-19,2020-01-24,0
2019,América-MG,37,2019-11-23,Felipe Conceição,América Mineiro,0,2019-07-19,2020-01-24,0
2019,América-MG,38,2019-11-30,Felipe Conceição,América Mineiro,0,2019-07-19,2020-01-24,0
2020,América-MG,1,2020-08-09,Lisca,América Mineiro,0,2020-01-31,2021-06-14,0
2020,América-MG,2,2020-08-12,Lisca,América Mineiro,0,2020-01-31,2021-06-14,0
2020,América-MG,3,2020-08-15,Lisca,América Mineiro,0,2020-01-31,2021-06-14,0
2020,América-MG,4,2020-08-18,Lisca,América Mineiro,0,2020-01-31,2021-06-14,0
2020,América-MG,5,2020-08-22,Lisca,América Mineiro,0,2020-01-31,2021-06-14,0
2020,América-MG,6,2020-08-30,Lisca,América Mineiro,0,2020-01-31,2021-06-14,0
2020,América-MG,7,2020-09-02,Lisca,América Mineiro,0,2020-01-31,2021-06-14,0
2020,América-MG,8,2020-09-06,Lisca,América Mineiro,0,2020-01-31,2021-06-14,0
2020,América-MG,9,2020-09-10,Lisca,América Mineiro,0,2020-01-31,2021-06-14,0
2020,América-MG,10,2020-09-19,Lisca,América Mineiro,0,2020-01-31,2021-06-14,0
2020,América-MG,11,2020-09-26,Lisca,América Mineiro,0,2020-01-31,2021-06-14,0
2020,América-MG,12,2020-09-29,Lisca,América Mineiro,0,2020-01-31,2021-06-14,0
2020,América-MG,13,2020-10-03,Lisca,América Mineiro,0,2020-01-31,2021-06-14,0
2020,América-MG,14,2020-10-07,Lisca,América Mineiro,0,2020-01-31,2021-06-14,0
2020,América-MG,15,2020-10-10,Lisca,América Mineiro,0,2020-01-31,2021-06-14,0
2020,América-MG,16,2020-10-17,Lisca,América Mineiro,0,2020-01-31,2021-06-14,0
2020,América-MG,17,2020-10-20,Lisca,América Mineiro,0,2020-01-31,2021-06-14,0
2020,América-MG,18,2020-10-25,Lisca,América Mineiro,0,2020-01-31,2021-06-14,0
2020,América-MG,19,2020-10-31,Lisca,América Mineiro,0,2020-01-31,2021-06-14,0
2020,América-MG,20,2020-11-07,Lisca,América Mineiro,0,2020-01-31,2021-06-14,0
2020,América-MG,21,2020-11-15,Lisca,América Mineiro,0,2020-01-31,2021-06-14,0
2020,América-MG,22,2020-11-21,Lisca,América Mineiro,0,2020-01-31,2021-06-14,0
2020,América-MG,23,2020-11-25,Lisca,América Mineiro,0,2020-01-31,2021-06-14,0
2020,América-MG,24,2020-11-27,Lisca,América Mineiro,0,2020-01-31,2021-06-14,0
2020,América-MG,25,2020-12-03,Lisca,América Mineiro,0,2020-01-31,2021-06-14,0
2020,América-MG,26,2020-12-05,Lisca,América Mineiro,0,2020-01-31,2021-06-14,0
2020,América-MG,27,2020-12-08,Lisca,América Mineiro,0,2020-01-31,2021-06-14,0
2020,América-MG,28,2020-12-12,Lisca,América Mineiro,0,2020-01-31,2021-06-14,0
2020,América-MG,29,2020-12-17,Lisca,América Mineiro,0,2020-01-31,2021-06-14,0
2020,América-MG,30,2020-12-20,Lisca,América Mineiro,0,2020-01-31,2021-06-14,0
2020,América-MG,31,2020-12-26,Lisca,América Mineiro,0,2020-01-31,2021-06-14,0
2021,América-MG,1,2021-01-03,Lisca,América Mineiro,0,2020-01-31,2021-06-14,0
2021,América-MG,2,2021-01-09,Lisca,América Mineiro,0,2020-01-31,2021-06-14,0
2021,América-MG,3,2021-01-12,Lisca,América Mineiro,0,2020-01-31,2021-06-14,0
2021,América-MG,4,2021-01-16,Lisca,América Mineiro,0,2020-01-31,2021-06-14,0
2021,América-MG,5,2021-01-19,Lisca,América Mineiro,0,2020-01-31,2021-06-14,0
2021,América-MG,6,2021-01-23,Lisca,América Mineiro,0,2020-01-31,2021-06-14,0
2021,América-MG,7,2021-01-30,Lisca,América Mineiro,0,2020-01-31,2021-06-14,0
2024,América-MG,1,2024-04-20,Cauan de Almeida,América Mineiro,0,2023-12-20,2024-08-27,0
2024,América-MG,2,2024-04-27,Cauan de Almeida,América Mineiro,0,2023-12-20,2024-08-27,0
2024,América-MG,3,2024-05-04,Cauan de Almeida,América Mineiro,0,2023-12-20,2024-08-27,0
2024,América-MG,4,2024-05-09,Cauan de Almeida,América Mineiro,0,2023-12-20,2024-08-27,0
2024,América-MG,5,2024-05-16,Cauan de Almeida,América Mineiro,0,2023-12-20,2024-08-27,0
2024,América-MG,6,2024-05-21,Cauan de Almeida,América Mineiro,0,2023-12-20,2024-08-27,0
2024,América-MG,7,2024-05-25,Cauan de Almeida,América Mineiro,0,2023-12-20,2024-08-27,0
2024,América-MG,8,2024-06-05,Cauan de Almeida,América Mineiro,0,2023-12-20,2024-08-27,0
2024,América-MG,9,2024-06-09,Cauan de Almeida,América Mineiro,0,2023-12-20,2024-08-27,0
2024,América-MG,10,2024-06-15,Cauan de Almeida,América Mineiro,0,2023-12-20,2024-08-27,0
2024,América-MG,11,2024-06-20,Cauan de Almeida,América Mineiro,0,2023-12-20,2024-08-27,0
2024,América-MG,12,2024-06-26,Cauan de Almeida,América Mineiro,0,2023-12-20,2024-08-27,0
2024,América-MG,13,2024-07-02,Cauan de Almeida,América Mineiro,0,2023-12-20,2024-08-27,0
2024,América-MG,14,2024-07-06,Cauan de Almeida,América Mineiro,0,2023-12-20,2024-08-27,0
2024,América-MG,15,2024-07-13,Cauan de Almeida,América Mineiro,0,2023-12-20,2024-08-27,0
2024,América-MG,16,2024-07-20,Cauan de Almeida,América Mineiro,0,2023-12-20,2024-08-27,0
2024,América-MG,17,2024-07-24,Cauan de Almeida,América Mineiro,0,2023-12-20,2024-08-27,0
2024,América-MG,18,2024-07-28,Cauan de Almeida,América Mineiro,0,2023-12-20,2024-08-27,0
2024,América-MG,19,2024-08-03,Cauan de Almeida,América Mineiro,0,2023-12-20,2024-08-27,0
2024,América-MG,20,2024-08-10,Cauan de Almeida,América Mineiro,0,2023-12-20,2024-08-27,0
2024,América-MG,21,2024-08-17,Cauan de Almeida,América Mineiro,0,2023-12-20,2024-08-27,0
2024,América-MG,22,2024-08-22,Cauan de Almeida,América Mineiro,0,2023-12-20,2024-08-27,0
2024,América-MG,23,2024-08-25,Cauan de Almeida,América Mineiro,0,2023-12-20,2024-08-27,0
2024,América-MG,24,2024-09-04,Lisca,América Mineiro,0,2024-08-29,2024-11-19,0
2024,América-MG,25,2024-09-08,Lisca,América Mineiro,0,2024-08-29,2024-11-19,0
2024,América-MG,26,2024-09-15,Lisca,América Mineiro,0,2024-08-29,2024-11-19,0
2024,América-MG,27,2024-09-19,Lisca,América Mineiro,0,2024-08-29,2024-11-19,0
2024,América-MG,28,2024-09-25,Lisca,América Mineiro,0,2024-08-29,2024-11-19,0
2024,América-MG,29,2024-09-29,Lisca,América Mineiro,0,2024-08-29,2024-11-19,0
2024,América-MG,30,2024-10-05,Lisca,América Mineiro,0,2024-08-29,2024-11-19,0
2024,América-MG,31,2024-10-12,Lisca,América Mineiro,0,2024-08-29,2024-11-19,0
2024,América-MG,32,2024-10-18,Lisca,América Mineiro,0,2024-08-29,2024-11-19,0
2024,América-MG,33,2024-10-24,Lisca,América Mineiro,0,2024-08-29,2024-11-19,0
2024,América-MG,34,2024-10-29,Lisca,América Mineiro,0,2024-08-29,2024-11-19,0
2024,América-MG,35,2024-11-05,Lisca,América Mineiro,0,2024-08-29,2024-11-19,0
2024,América-MG,36,2024-11-12,Lisca,América Mineiro,0,2024-08-29,2024-11-19,0
2024,América-MG,37,2024-11-19,Lisca,América Mineiro,0,2024-08-29,2024-11-19,0
2025,América-MG,1,2025-04-05,William Batista,América Mineiro,0,2025-01-01,2025-06-02,0
2025,América-MG,2,2025-04-13,William Batista,América Mineiro,0,2025-01-01,2025-06-02,0
2025,América-MG,3,2025-04-18,William Batista,América Mineiro,0,2025-01-01,2025-06-02,0
2025,América-MG,4,2025-04-21,William Batista,América Mineiro,0,2025-01-01,2025-06-02,0
2025,América-MG,5,2025-04-27,William Batista,América Mineiro,0,2025-01-01,2025-06-02,0
2025,América-MG,6,2025-05-05,William Batista,América Mineiro,0,2025-01-01,2025-06-02,0
2025,América-MG,7,2025-05-15,William Batista,América Mineiro,0,2025-01-01,2025-06-02,0
2025,América-MG,8,2025-05-20,William Batista,América Mineiro,0,2025-01-01,2025-06-02,0
2025,América-MG,9,2025-05-28,William Batista,América Mineiro,0,2025-01-01,2025-06-02,0
2025,América-MG,10,2025-06-02,William Batista,América Mineiro,0,2025-01-01,2025-06-02,0
2025,América-MG,11,2025-06-07,Enderson Moreira,América Mineiro,0,2025-06-03,2025-08-11,0
2025,América-MG,12,2025-06-14,Enderson Moreira,América Mineiro,0,2025-06-03,2025-08-11,0
2025,América-MG,13,2025-06-21,Enderson Moreira,América Mineiro,0,2025-06-03,2025-08-11,0
2025,América-MG,14,2025-06-27,Enderson Moreira,América Mineiro,0,2025-06-03,2025-08-11,0
2025,América-MG,15,2025-07-08,Enderson Moreira,América Mineiro,0,2025-06-03,2025-08-11,0
2025,América-MG,16,2025-07-12,Enderson Moreira,América Mineiro,0,2025-06-03,2025-08-11,0
2025,América-MG,17,2025-07-20,Enderson Moreira,América Mineiro,0,2025-06-03,2025-08-11,0
2025,América-MG,18,2025-07-24,Enderson Moreira,América Mineiro,0,2025-06-03,2025-08-11,0
2025,América-MG,19,2025-07-27,Enderson Moreira,América Mineiro,0,2025-06-03,2025-08-11,0
2025,América-MG,20,2025-08-02,Enderson Moreira,América Mineiro,0,2025-06-03,2025-08-11,0
2025,América-MG,21,2025-08-09,Enderson Moreira,América Mineiro,0,2025-06-03,2025-08-11,0
2025,América-MG,22,2025-08-16,Alberto Valentim,América Mineiro,0,2025-08-12,2026-04-13,0
2025,América-MG,23,2025-08-23,Alberto Valentim,América Mineiro,0,2025-08-12,2026-04-13,0
2025,América-MG,24,2025-09-03,Alberto Valentim,América Mineiro,0,2025-08-12,2026-04-13,0
2025,América-MG,25,2025-09-07,Alberto Valentim,América Mineiro,0,2025-08-12,2026-04-13,0
2025,América-MG,26,2025-09-13,Alberto Valentim,América Mineiro,0,2025-08-12,2026-04-13,0
2025,América-MG,27,2025-09-21,Alberto Valentim,América Mineiro,0,2025-08-12,2026-04-13,0
2025,América-MG,28,2025-09-26,Alberto Valentim,América Mineiro,0,2025-08-12,2026-04-13,0
2025,América-MG,29,2025-09-30,Alberto Valentim,América Mineiro,0,2025-08-12,2026-04-13,0
2025,América-MG,30,2025-10-05,Alberto Valentim,América Mineiro,0,2025-08-12,2026-04-13,0
2025,América-MG,31,2025-10-09,Alberto Valentim,América Mineiro,0,2025-08-12,2026-04-13,0
2025,América-MG,32,2025-10-12,Alberto Valentim,América Mineiro,0,2025-08-12,2026-04-13,0
2025,América-MG,33,2025-10-18,Alberto Valentim,América Mineiro,0,2025-08-12,2026-04-13,0
2025,América-MG,34,2025-10-25,Alberto Valentim,América Mineiro,0,2025-08-12,2026-04-13,0
2025,América-MG,35,2025-11-03,Alberto Valentim,América Mineiro,0,2025-08-12,2026-04-13,0
2025,América-MG,36,2025-11-10,Alberto Valentim,América Mineiro,0,2025-08-12,2026-04-13,0
2025,América-MG,37,2025-11-16,Alberto Valentim,América Mineiro,0,2025-08-12,2026-04-13,0
2025,América-MG,38,2025-11-23,Alberto Valentim,América Mineiro,0,2025-08-12,2026-04-13,0
2026,América-MG,1,2026-03-22,Alberto Valentim,América Mineiro,0,2025-08-12,2026-04-13,0
2026,América-MG,2,2026-04-01,Alberto Valentim,América Mineiro,0,2025-08-12,2026-04-13,0
2026,América-MG,3,2026-04-06,Alberto Valentim,América Mineiro,0,2025-08-12,2026-04-13,0
2026,América-MG,4,2026-04-12,Alberto Valentim,América Mineiro,0,2025-08-12,2026-04-13,0
2026,América-MG,5,2026-04-18,Roger Silva,América Mineiro,0,2026-04-13,2026-05-31,0
2026,América-MG,6,2026-04-25,Roger Silva,América Mineiro,0,2026-04-13,2026-05-31,0
2026,América-MG,7,2026-05-04,Roger Silva,América Mineiro,0,2026-04-13,2026-05-31,0
2026,América-MG,8,2026-05-10,Roger Silva,América Mineiro,0,2026-04-13,2026-05-31,0
2026,América-MG,9,2026-05-16,Roger Silva,América Mineiro,0,2026-04-13,2026-05-31,0
2026,América-MG,10,2026-05-24,Roger Silva,América Mineiro,0,2026-04-13,2026-05-31,0
2026,América-MG,11,2026-05-30,Roger Silva,América Mineiro,0,2026-04-13,2026-05-31,0
2026,América-MG,12,2026-06-09,Umberto Louzer,América Mineiro,0,2026-06-03,2026-08-21,0
2026,América-MG,13,2026-06-17,Umberto Louzer,América Mineiro,0,2026-06-03,2026-08-21,0
2026,América-MG,14,2026-06-24,Umberto Louzer,América Mineiro,0,2026-06-03,2026-08-21,0
2026,América-MG,15,2026-06-27,Umberto Louzer,América Mineiro,0,2026-06-03,2026-08-21,0
2026,América-MG,16,2026-07-03,Umberto Louzer,América Mineiro,0,2026-06-03,2026-08-21,0
2026,América-MG,17,2026-07-14,Umberto Louzer,América Mineiro,0,2026-06-03,2026-08-21,0
2026,América-MG,18,2026-07-18,Umberto Louzer,América Mineiro,0,2026-06-03,2026-08-21,0
2026,América-MG,19,2026-07-22,Umberto Louzer,América Mineiro,0,2026-06-03,2026-08-21,0
2026,América-MG,20,2026-07-26,Umberto Louzer,América Mineiro,0,2026-06-03,2026-08-21,0
2026,América-MG,21,2026-08-08,Umberto Louzer,América Mineiro,0,2026-06-03,2026-08-21,0
2026,América-MG,22,2026-08-16,Umberto Louzer,América Mineiro,0,2026-06-03,2026-08-21,0
2026,América-MG,23,2026-08-21,Umberto Louzer,América Mineiro,0,2026-06-03,2026-08-21,0
2026,América-MG,24,2026-08-25,Douglas Leite,América Mineiro,1,2026-08-24,,0
2026,América-MG,25,2026-08-30,Douglas Leite,América Mineiro,1,2026-08-24,,0
2026,América-MG,26,2026-09-05,Douglas Leite,América Mineiro,1,2026-08-24,,0
2026,América-MG,27,2026-09-10,Douglas Leite,América Mineiro,1,2026-08-24,,0
2025,Athletic,1,2025-04-08,Roger Silva,Athletic Club,0,2024-03-08,2025-06-02,0
2025,Athletic,2,2025-04-13,Roger Silva,Athletic Club,0,2024-03-08,2025-06-02,0
2025,Athletic,3,2025-04-18,Roger Silva,Athletic Club,0,2024-03-08,2025-06-02,0
2025,Athletic,4,2025-04-20,Roger Silva,Athletic Club,0,2024-03-08,2025-06-02,0
2025,Athletic,5,2025-04-27,Roger Silva,Athletic Club,0,2024-03-08,2025-06-02,0
2025,Athletic,6,2025-05-07,Roger Silva,Athletic Club,0,2024-03-08,2025-06-02,0
2025,Athletic,7,2025-05-13,Roger Silva,Athletic Club,0,2024-03-08,2025-06-02,0
2025,Athletic,8,2025-05-18,Roger Silva,Athletic Club,0,2024-03-08,2025-06-02,0
2025,Athletic,9,2025-05-24,Roger Silva,Athletic Club,0,2024-03-08,2025-06-02,0
2025,Athletic,10,2025-06-01,Roger Silva,Athletic Club,0,2024-03-08,2025-06-02,0
2025,Athletic,11,2025-06-10,Rui Duarte,Athletic Club,0,2025-06-04,2026-02-17,0
2025,Athletic,12,2025-06-15,Rui Duarte,Athletic Club,0,2025-06-04,2026-02-17,0
2025,Athletic,13,2025-06-24,Rui Duarte,Athletic Club,0,2025-06-04,2026-02-17,0
2025,Athletic,14,2025-06-29,Rui Duarte,Athletic Club,0,2025-06-04,2026-02-17,0
2025,Athletic,15,2025-07-08,Rui Duarte,Athletic Club,0,2025-06-04,2026-02-17,0
2025,Athletic,16,2025-07-15,Rui Duarte,Athletic Club,0,2025-06-04,2026-02-17,0
2025,Athletic,17,2025-07-19,Rui Duarte,Athletic Club,0,2025-06-04,2026-02-17,0
2025,Athletic,18,2025-07-23,Rui Duarte,Athletic Club,0,2025-06-04,2026-02-17,0
2025,Athletic,19,2025-07-29,Rui Duarte,Athletic Club,0,2025-06-04,2026-02-17,0
2025,Athletic,20,2025-08-05,Rui Duarte,Athletic Club,0,2025-06-04,2026-02-17,0
2025,Athletic,21,2025-08-13,Rui Duarte,Athletic Club,0,2025-06-04,2026-02-17,0
2025,Athletic,22,2025-08-19,Rui Duarte,Athletic Club,0,2025-06-04,2026-02-17,0
2025,Athletic,23,2025-08-23,Rui Duarte,Athletic Club,0,2025-06-04,2026-02-17,0
2025,Athletic,24,2025-08-31,Rui Duarte,Athletic Club,0,2025-06-04,2026-02-17,0
2025,Athletic,25,2025-09-09,Rui Duarte,Athletic Club,0,2025-06-04,2026-02-17,0
2025,Athletic,26,2025-09-14,Rui Duarte,Athletic Club,0,2025-06-04,2026-02-17,0
2025,Athletic,27,2025-09-20,Rui Duarte,Athletic Club,0,2025-06-04,2026-02-17,0
2025,Athletic,28,2025-09-25,Rui Duarte,Athletic Club,0,2025-06-04,2026-02-17,0
2025,Athletic,29,2025-09-29,Rui Duarte,Athletic Club,0,2025-06-04,2026-02-17,0
2025,Athletic,30,2025-10-04,Rui Duarte,Athletic Club,0,2025-06-04,2026-02-17,0
2025,Athletic,31,2025-10-09,Rui Duarte,Athletic Club,0,2025-06-04,2026-02-17,0
2025,Athletic,32,2025-10-11,Rui Duarte,Athletic Club,0,2025-06-04,2026-02-17,0
2025,Athletic,33,2025-10-19,Rui Duarte,Athletic Club,0,2025-06-04,2026-02-17,0
2025,Athletic,34,2025-10-25,Rui Duarte,Athletic Club,0,2025-06-04,2026-02-17,0
2025,Athletic,35,2025-11-01,Rui Duarte,Athletic Club,0,2025-06-04,2026-02-17,0
2025,Athletic,36,2025-11-07,Rui Duarte,Athletic Club,0,2025-06-04,2026-02-17,0
2025,Athletic,37,2025-11-15,Rui Duarte,Athletic Club,0,2025-06-04,2026-02-17,0
2025,Athletic,38,2025-11-23,Rui Duarte,Athletic Club,0,2025-06-04,2026-02-17,0
2026,Athletic,1,2026-03-22,Alex,Athletic Club,0,2026-02-21,,0
2026,Athletic,2,2026-04-02,Alex,Athletic Club,0,2026-02-21,,0
2026,Athletic,3,2026-04-06,Alex,Athletic Club,0,2026-02-21,,0
2026,Athletic,4,2026-04-13,Alex,Athletic Club,0,2026-02-21,,0
2026,Athletic,5,2026-04-20,Alex,Athletic Club,0,2026-02-21,,0
2026,Athletic,6,2026-04-28,Alex,Athletic Club,0,2026-02-21,,0
2026,Athletic,7,2026-05-05,Alex,Athletic Club,0,2026-02-21,,0
2026,Athletic,8,2026-05-09,Alex,Athletic Club,0,2026-02-21,,0
2026,Athletic,9,2026-05-17,Alex,Athletic Club,0,2026-02-21,,0
2026,Athletic,10,2026-05-26,Alex,Athletic Club,0,2026-02-21,,0
2026,Athletic,11,2026-05-30,Alex,Athletic Club,0,2026-02-21,,0
2026,Athletic,12,2026-06-11,Alex,Athletic Club,0,2026-02-21,,0
2026,Athletic,13,2026-06-14,Alex,Athletic Club,0,2026-02-21,,0
2026,Athletic,14,2026-06-20,Alex,Athletic Club,0,2026-02-21,,0
2026,Athletic,15,2026-06-28,Alex,Athletic Club,0,2026-02-21,,0
2026,Athletic,16,2026-07-08,Alex,Athletic Club,0,2026-02-21,,0
2026,Athletic,17,2026-07-14,Alex,Athletic Club,0,2026-02-21,,0
2026,Athletic,18,2026-07-18,Alex,Athletic Club,0,2026-02-21,,0
2026,Athletic,19,2026-07-24,Alex,Athletic Club,0,2026-02-21,,0
2026,Athletic,20,2026-07-29,Alex,Athletic Club,0,2026-02-21,,0
2026,Athletic,21,2026-08-09,Alex,Athletic Club,0,2026-02-21,,0
2026,Athletic,22,2026-08-16,Alex,Athletic Club,0,2026-02-21,,0
2026,Athletic,23,2026-08-21,Alex,Athletic Club,0,2026-02-21,,0
2026,Athletic,24,2026-08-25,Alex,Athletic Club,0,2026-02-21,,0
2026,Athletic,25,2026-08-29,Alex,Athletic Club,0,2026-02-21,,0
2026,Athletic,26,2026-09-05,Alex,Athletic Club,0,2026-02-21,,0
2026,Athletic,27,2026-09-09,Alex,Athletic Club,0,2026-02-21,,0
2025,Athletico-PR,1,2025-04-05,Maurício Barbieri,Athletico Paranaense,0,2024-12-16,2025-05-04,0
2025,Athletico-PR,2,2025-04-11,Maurício Barbieri,Athletico Paranaense,0,2024-12-16,2025-05-04,0
2025,Athletico-PR,3,2025-04-16,Maurício Barbieri,Athletico Paranaense,0,2024-12-16,2025-05-04,0
2025,Athletico-PR,4,2025-04-21,Maurício Barbieri,Athletico Paranaense,0,2024-12-16,2025-05-04,0
2025,Athletico-PR,5,2025-04-25,Maurício Barbieri,Athletico Paranaense,0,2024-12-16,2025-05-04,0
2025,Athletico-PR,6,2025-05-04,Maurício Barbieri,Athletico Paranaense,0,2024-12-16,2025-05-04,0
2025,Athletico-PR,7,2025-05-09,João Correia,Athletico Paranaense,1,2025-05-05,2025-05-22,0
2025,Athletico-PR,8,2025-05-17,João Correia,Athletico Paranaense,1,2025-05-05,2025-05-22,0
2025,Athletico-PR,9,2025-05-24,Odair Hellmann,Athletico Paranaense,0,2025-05-22,2026-01-05,1
2025,Athletico-PR,10,2025-06-01,Odair Hellmann,Athletico Paranaense,0,2025-05-22,2026-01-05,1
2025,Athletico-PR,11,2025-06-08,Odair Hellmann,Athletico Paranaense,0,2025-05-22,2026-01-05,1
2025,Athletico-PR,12,2025-06-14,Odair Hellmann,Athletico Paranaense,0,2025-05-22,2026-01-05,1
2025,Athletico-PR,13,2025-06-21,Odair Hellmann,Athletico Paranaense,0,2025-05-22,2026-01-05,1
2025,Athletico-PR,14,2025-06-28,Odair Hellmann,Athletico Paranaense,0,2025-05-22,2026-01-05,1
2025,Athletico-PR,15,2025-07-06,Odair Hellmann,Athletico Paranaense,0,2025-05-22,2026-01-05,1
2025,Athletico-PR,16,2025-07-13,Odair Hellmann,Athletico Paranaense,0,2025-05-22,2026-01-05,1
2025,Athletico-PR,17,2025-07-20,Odair Hellmann,Athletico Paranaense,0,2025-05-22,2026-01-05,1
2025,Athletico-PR,18,2025-07-23,Odair Hellmann,Athletico Paranaense,0,2025-05-22,2026-01-05,1
2025,Athletico-PR,19,2025-07-27,Odair Hellmann,Athletico Paranaense,0,2025-05-22,2026-01-05,1
2025,Athletico-PR,20,2025-08-03,Odair Hellmann,Athletico Paranaense,0,2025-05-22,2026-01-05,1
2025,Athletico-PR,21,2025-08-12,Odair Hellmann,Athletico Paranaense,0,2025-05-22,2026-01-05,1
2025,Athletico-PR,22,2025-08-17,Odair Hellmann,Athletico Paranaense,0,2025-05-22,2026-01-05,1
2025,Athletico-PR,23,2025-08-24,Odair Hellmann,Athletico Paranaense,0,2025-05-22,2026-01-05,1
2025,Athletico-PR,24,2025-08-31,Odair Hellmann,Athletico Paranaense,0,2025-05-22,2026-01-05,1
2025,Athletico-PR,25,2025-09-06,Odair Hellmann,Athletico Paranaense,0,2025-05-22,2026-01-05,1
2025,Athletico-PR,26,2025-09-17,Odair Hellmann,Athletico Paranaense,0,2025-05-22,2026-01-05,1
2025,Athletico-PR,27,2025-09-22,Odair Hellmann,Athletico Paranaense,0,2025-05-22,2026-01-05,1
2025,Athletico-PR,28,2025-09-25,Odair Hellmann,Athletico Paranaense,0,2025-05-22,2026-01-05,1
2025,Athletico-PR,29,2025-09-28,Odair Hellmann,Athletico Paranaense,0,2025-05-22,2026-01-05,1
2025,Athletico-PR,30,2025-10-06,Odair Hellmann,Athletico Paranaense,0,2025-05-22,2026-01-05,1
2025,Athletico-PR,31,2025-10-10,Odair Hellmann,Athletico Paranaense,0,2025-05-22,2026-01-05,1
2025,Athletico-PR,32,2025-10-15,Odair Hellmann,Athletico Paranaense,0,2025-05-22,2026-01-05,1
2025,Athletico-PR,33,2025-10-19,Odair Hellmann,Athletico Paranaense,0,2025-05-22,2026-01-05,1
2025,Athletico-PR,34,2025-10-28,Odair Hellmann,Athletico Paranaense,0,2025-05-22,2026-01-05,1
2025,Athletico-PR,35,2025-11-01,Odair Hellmann,Athletico Paranaense,0,2025-05-22,2026-01-05,1
2025,Athletico-PR,36,2025-11-08,Odair Hellmann,Athletico Paranaense,0,2025-05-22,2026-01-05,1
2025,Athletico-PR,37,2025-11-16,Odair Hellmann,Athletico Paranaense,0,2025-05-22,2026-01-05,1
2025,Athletico-PR,38,2025-11-23,Odair Hellmann,Athletico Paranaense,0,2025-05-22,2026-01-05,1
2018,Atlético-GO,1,2018-04-14,Claudio Tencati,Atlético Goianiense,0,2018-01-30,2018-10-13,0
2018,Atlético-GO,2,2018-04-18,Claudio Tencati,Atlético Goianiense,0,2018-01-30,2018-10-13,0
2018,Atlético-GO,3,2018-04-25,Claudio Tencati,Atlético Goianiense,0,2018-01-30,2018-10-13,0
2018,Atlético-GO,4,2018-05-05,Claudio Tencati,Atlético Goianiense,0,2018-01-30,2018-10-13,0
2018,Atlético-GO,5,2018-05-12,Claudio Tencati,Atlético Goianiense,0,2018-01-30,2018-10-13,0
2018,Atlético-GO,6,2018-05-19,Claudio Tencati,Atlético Goianiense,0,2018-01-30,2018-10-13,0
2018,Atlético-GO,7,2018-05-26,Claudio Tencati,Atlético Goianiense,0,2018-01-30,2018-10-13,0
2018,Atlético-GO,8,2018-06-02,Claudio Tencati,Atlético Goianiense,0,2018-01-30,2018-10-13,0
2018,Atlético-GO,9,2018-06-06,Claudio Tencati,Atlético Goianiense,0,2018-01-30,2018-10-13,0
2018,Atlético-GO,10,2018-06-10,Claudio Tencati,Atlético Goianiense,0,2018-01-30,2018-10-13,0
2018,Atlético-GO,11,2018-06-16,Claudio Tencati,Atlético Goianiense,0,2018-01-30,2018-10-13,0
2018,Atlético-GO,12,2018-06-24,Claudio Tencati,Atlético Goianiense,0,2018-01-30,2018-10-13,0
2018,Atlético-GO,13,2018-06-30,Claudio Tencati,Atlético Goianiense,0,2018-01-30,2018-10-13,0
2018,Atlético-GO,14,2018-07-05,Claudio Tencati,Atlético Goianiense,0,2018-01-30,2018-10-13,0
2018,Atlético-GO,15,2018-07-14,Claudio Tencati,Atlético Goianiense,0,2018-01-30,2018-10-13,0
2018,Atlético-GO,16,2018-07-18,Claudio Tencati,Atlético Goianiense,0,2018-01-30,2018-10-13,0
2018,Atlético-GO,17,2018-07-24,Claudio Tencati,Atlético Goianiense,0,2018-01-30,2018-10-13,0
2018,Atlético-GO,18,2018-07-28,Claudio Tencati,Atlético Goianiense,0,2018-01-30,2018-10-13,0
2018,Atlético-GO,19,2018-08-01,Claudio Tencati,Atlético Goianiense,0,2018-01-30,2018-10-13,0
2018,Atlético-GO,20,2018-08-11,Claudio Tencati,Atlético Goianiense,0,2018-01-30,2018-10-13,0
2018,Atlético-GO,21,2018-08-18,Claudio Tencati,Atlético Goianiense,0,2018-01-30,2018-10-13,0
2018,Atlético-GO,22,2018-08-22,Claudio Tencati,Atlético Goianiense,0,2018-01-30,2018-10-13,0
2018,Atlético-GO,23,2018-08-25,Claudio Tencati,Atlético Goianiense,0,2018-01-30,2018-10-13,0
2018,Atlético-GO,24,2018-09-01,Claudio Tencati,Atlético Goianiense,0,2018-01-30,2018-10-13,0
2018,Atlético-GO,25,2018-09-05,Claudio Tencati,Atlético Goianiense,0,2018-01-30,2018-10-13,0
2018,Atlético-GO,26,2018-09-07,Claudio Tencati,Atlético Goianiense,0,2018-01-30,2018-10-13,0
2018,Atlético-GO,27,2018-09-16,Claudio Tencati,Atlético Goianiense,0,2018-01-30,2018-10-13,0
2018,Atlético-GO,28,2018-09-19,Claudio Tencati,Atlético Goianiense,0,2018-01-30,2018-10-13,0
2018,Atlético-GO,29,2018-09-29,Claudio Tencati,Atlético Goianiense,0,2018-01-30,2018-10-13,0
2018,Atlético-GO,30,2018-10-06,Claudio Tencati,Atlético Goianiense,0,2018-01-30,2018-10-13,0
2018,Atlético-GO,31,2018-10-13,Claudio Tencati,Atlético Goianiense,0,2018-01-30,2018-10-13,0
2018,Atlético-GO,32,2018-10-17,Wagner Lopes,Atlético Goianiense,0,2018-10-14,2019-10-13,0
2018,Atlético-GO,33,2018-10-27,Wagner Lopes,Atlético Goianiense,0,2018-10-14,2019-10-13,0
2018,Atlético-GO,34,2018-11-03,Wagner Lopes,Atlético Goianiense,0,2018-10-14,2019-10-13,0
2018,Atlético-GO,35,2018-11-06,Wagner Lopes,Atlético Goianiense,0,2018-10-14,2019-10-13,0
2018,Atlético-GO,36,2018-11-10,Wagner Lopes,Atlético Goianiense,0,2018-10-14,2019-10-13,0
2018,Atlético-GO,37,2018-11-16,Wagner Lopes,Atlético Goianiense,0,2018-10-14,2019-10-13,0
2018,Atlético-GO,38,2018-11-24,Wagner Lopes,Atlético Goianiense,0,2018-10-14,2019-10-13,0
2019,Atlético-GO,1,2019-04-27,Wagner Lopes,Atlético Goianiense,0,2018-10-14,2019-10-13,0
2019,Atlético-GO,2,2019-05-04,Wagner Lopes,Atlético Goianiense,0,2018-10-14,2019-10-13,0
2019,Atlético-GO,3,2019-05-11,Wagner Lopes,Atlético Goianiense,0,2018-10-14,2019-10-13,0
2019,Atlético-GO,4,2019-05-18,Wagner Lopes,Atlético Goianiense,0,2018-10-14,2019-10-13,0
2019,Atlético-GO,5,2019-05-26,Wagner Lopes,Atlético Goianiense,0,2018-10-14,2019-10-13,0
2019,Atlético-GO,6,2019-06-01,Wagner Lopes,Atlético Goianiense,0,2018-10-14,2019-10-13,0
2019,Atlético-GO,7,2019-06-07,Wagner Lopes,Atlético Goianiense,0,2018-10-14,2019-10-13,0
2019,Atlético-GO,8,2019-06-12,Wagner Lopes,Atlético Goianiense,0,2018-10-14,2019-10-13,0
2019,Atlético-GO,9,2019-07-13,Wagner Lopes,Atlético Goianiense,0,2018-10-14,2019-10-13,0
2019,Atlético-GO,10,2019-07-17,Wagner Lopes,Atlético Goianiense,0,2018-10-14,2019-10-13,0
2019,Atlético-GO,11,2019-07-24,Wagner Lopes,Atlético Goianiense,0,2018-10-14,2019-10-13,0
2019,Atlético-GO,12,2019-07-27,Wagner Lopes,Atlético Goianiense,0,2018-10-14,2019-10-13,0
2019,Atlético-GO,13,2019-07-31,Wagner Lopes,Atlético Goianiense,0,2018-10-14,2019-10-13,0
2019,Atlético-GO,14,2019-08-03,Wagner Lopes,Atlético Goianiense,0,2018-10-14,2019-10-13,0
2019,Atlético-GO,15,2019-08-07,Wagner Lopes,Atlético Goianiense,0,2018-10-14,2019-10-13,0
2019,Atlético-GO,16,2019-08-14,Wagner Lopes,Atlético Goianiense,0,2018-10-14,2019-10-13,0
2019,Atlético-GO,17,2019-08-21,Wagner Lopes,Atlético Goianiense,0,2018-10-14,2019-10-13,0
2019,Atlético-GO,18,2019-08-24,Wagner Lopes,Atlético Goianiense,0,2018-10-14,2019-10-13,0
2019,Atlético-GO,19,2019-08-28,Wagner Lopes,Atlético Goianiense,0,2018-10-14,2019-10-13,0
2019,Atlético-GO,20,2019-08-31,Wagner Lopes,Atlético Goianiense,0,2018-10-14,2019-10-13,0
2019,Atlético-GO,21,2019-09-08,Wagner Lopes,Atlético Goianiense,0,2018-10-14,2019-10-13,0
2019,Atlético-GO,22,2019-09-14,Wagner Lopes,Atlético Goianiense,0,2018-10-14,2019-10-13,0
2019,Atlético-GO,23,2019-09-21,Wagner Lopes,Atlético Goianiense,0,2018-10-14,2019-10-13,0
2019,Atlético-GO,24,2019-09-25,Wagner Lopes,Atlético Goianiense,0,2018-10-14,2019-10-13,0
2019,Atlético-GO,25,2019-09-28,Wagner Lopes,Atlético Goianiense,0,2018-10-14,2019-10-13,0
2019,Atlético-GO,26,2019-10-01,Wagner Lopes,Atlético Goianiense,0,2018-10-14,2019-10-13,0
2019,Atlético-GO,27,2019-10-09,Wagner Lopes,Atlético Goianiense,0,2018-10-14,2019-10-13,0
2019,Atlético-GO,28,2019-10-12,Wagner Lopes,Atlético Goianiense,0,2018-10-14,2019-10-13,0
2019,Atlético-GO,29,2019-10-15,Eduardo Souza,Atlético Goianiense,1,2019-10-15,2019-10-17,0
2019,Atlético-GO,30,2019-10-18,Eduardo Barroca,Atlético Goianiense,0,2019-10-17,2019-12-01,0
2019,Atlético-GO,31,2019-10-26,Eduardo Barroca,Atlético Goianiense,0,2019-10-17,2019-12-01,0
2019,Atlético-GO,32,2019-11-02,Eduardo Barroca,Atlético Goianiense,0,2019-10-17,2019-12-01,0
2019,Atlético-GO,33,2019-11-05,Eduardo Barroca,Atlético Goianiense,0,2019-10-17,2019-12-01,0
2019,Atlético-GO,34,2019-11-09,Eduardo Barroca,Atlético Goianiense,0,2019-10-17,2019-12-01,0
2019,Atlético-GO,35,2019-11-12,Eduardo Barroca,Atlético Goianiense,0,2019-10-17,2019-12-01,0
2019,Atlético-GO,36,2019-11-16,Eduardo Barroca,Atlético Goianiense,0,2019-10-17,2019-12-01,0
2019,Atlético-GO,37,2019-11-22,Eduardo Barroca,Atlético Goianiense,0,2019-10-17,2019-12-01,0
2019,Atlético-GO,38,2019-11-30,Eduardo Barroca,Atlético Goianiense,0,2019-10-17,2019-12-01,0
2023,Atlético-GO,1,2023-04-15,Mozart,Atlético Goianiense,0,2023-03-14,2023-05-01,0
2023,Atlético-GO,2,2023-04-21,Mozart,Atlético Goianiense,0,2023-03-14,2023-05-01,0
2023,Atlético-GO,3,2023-04-29,Mozart,Atlético Goianiense,0,2023-03-14,2023-05-01,0
2023,Atlético-GO,4,2023-05-03,Anderson Gomes,Atlético Goianiense,1,2023-05-01,2023-05-05,0
2023,Atlético-GO,5,2023-05-09,Alberto Valentim,Atlético Goianiense,0,2023-05-05,2023-07-11,0
2023,Atlético-GO,6,2023-05-14,Alberto Valentim,Atlético Goianiense,0,2023-05-05,2023-07-11,0
2023,Atlético-GO,7,2023-05-20,Alberto Valentim,Atlético Goianiense,0,2023-05-05,2023-07-11,0
2023,Atlético-GO,8,2023-05-25,Alberto Valentim,Atlético Goianiense,0,2023-05-05,2023-07-11,0
2023,Atlético-GO,9,2023-05-27,Alberto Valentim,Atlético Goianiense,0,2023-05-05,2023-07-11,0
2023,Atlético-GO,10,2023-06-03,Alberto Valentim,Atlético Goianiense,0,2023-05-05,2023-07-11,0
2023,Atlético-GO,11,2023-06-07,Alberto Valentim,Atlético Goianiense,0,2023-05-05,2023-07-11,0
2023,Atlético-GO,12,2023-06-10,Alberto Valentim,Atlético Goianiense,0,2023-05-05,2023-07-11,0
2023,Atlético-GO,13,2023-06-24,Alberto Valentim,Atlético Goianiense,0,2023-05-05,2023-07-11,0
2023,Atlético-GO,14,2023-06-29,Alberto Valentim,Atlético Goianiense,0,2023-05-05,2023-07-11,0
2023,Atlético-GO,15,2023-07-01,Alberto Valentim,Atlético Goianiense,0,2023-05-05,2023-07-11,0
2023,Atlético-GO,16,2023-07-08,Alberto Valentim,Atlético Goianiense,0,2023-05-05,2023-07-11,0
2023,Atlético-GO,17,2023-07-15,Anderson Gomes,Atlético Goianiense,0,2023-07-12,2023-07-26,0
2023,Atlético-GO,18,2023-07-20,Anderson Gomes,Atlético Goianiense,0,2023-07-12,2023-07-26,0
2023,Atlético-GO,19,2023-07-23,Anderson Gomes,Atlético Goianiense,0,2023-07-12,2023-07-26,0
2023,Atlético-GO,20,2023-07-29,Jair Ventura,Atlético Goianiense,0,2023-07-27,2024-06-21,0
2023,Atlético-GO,21,2023-08-02,Jair Ventura,Atlético Goianiense,0,2023-07-27,2024-06-21,0
2023,Atlético-GO,22,2023-08-08,Jair Ventura,Atlético Goianiense,0,2023-07-27,2024-06-21,0
2023,Atlético-GO,23,2023-08-13,Jair Ventura,Atlético Goianiense,0,2023-07-27,2024-06-21,0
2023,Atlético-GO,24,2023-08-18,Jair Ventura,Atlético Goianiense,0,2023-07-27,2024-06-21,0
2023,Atlético-GO,25,2023-08-27,Jair Ventura,Atlético Goianiense,0,2023-07-27,2024-06-21,0
2023,Atlético-GO,26,2023-09-02,Jair Ventura,Atlético Goianiense,0,2023-07-27,2024-06-21,0
2023,Atlético-GO,27,2023-09-10,Jair Ventura,Atlético Goianiense,0,2023-07-27,2024-06-21,0
2023,Atlético-GO,28,2023-09-16,Jair Ventura,Atlético Goianiense,0,2023-07-27,2024-06-21,0
2023,Atlético-GO,29,2023-09-23,Jair Ventura,Atlético Goianiense,0,2023-07-27,2024-06-21,0
2023,Atlético-GO,30,2023-10-01,Jair Ventura,Atlético Goianiense,0,2023-07-27,2024-06-21,0
2023,Atlético-GO,31,2023-10-07,Jair Ventura,Atlético Goianiense,0,2023-07-27,2024-06-21,0
2023,Atlético-GO,32,2023-10-15,Jair Ventura,Atlético Goianiense,0,2023-07-27,2024-06-21,0
2023,Atlético-GO,33,2023-10-20,Jair Ventura,Atlético Goianiense,0,2023-07-27,2024-06-21,0
2023,Atlético-GO,34,2023-10-29,Jair Ventura,Atlético Goianiense,0,2023-07-27,2024-06-21,0
2023,Atlético-GO,35,2023-11-02,Jair Ventura,Atlético Goianiense,0,2023-07-27,2024-06-21,0
2023,Atlético-GO,36,2023-11-11,Jair Ventura,Atlético Goianiense,0,2023-07-27,2024-06-21,0
2023,Atlético-GO,37,2023-11-18,Jair Ventura,Atlético Goianiense,0,2023-07-27,2024-06-21,0
2023,Atlético-GO,38,2023-11-25,Jair Ventura,Atlético Goianiense,0,2023-07-27,2024-06-21,0
2025,Atlético-GO,1,2025-04-08,Claudio Tencati,Atlético Goianiense,0,2025-03-14,2025-05-13,0
2025,Atlético-GO,2,2025-04-14,Claudio Tencati,Atlético Goianiense,0,2025-03-14,2025-05-13,0
2025,Atlético-GO,3,2025-04-18,Claudio Tencati,Atlético Goianiense,0,2025-03-14,2025-05-13,0
2025,Atlético-GO,4,2025-04-23,Claudio Tencati,Atlético Goianiense,0,2025-03-14,2025-05-13,0
2025,Atlético-GO,5,2025-04-27,Claudio Tencati,Atlético Goianiense,0,2025-03-14,2025-05-13,0
2025,Atlético-GO,6,2025-05-04,Claudio Tencati,Atlético Goianiense,0,2025-03-14,2025-05-13,0
2025,Atlético-GO,7,2025-05-10,Claudio Tencati,Atlético Goianiense,0,2025-03-14,2025-05-13,0
2025,Atlético-GO,8,2025-05-18,Anderson Gomes,Atlético Goianiense,1,2025-05-14,2025-05-19,0
2025,Atlético-GO,9,2025-05-28,Fábio Matias,Atlético Goianiense,0,2025-05-20,2025-07-19,0
2025,Atlético-GO,10,2025-05-31,Fábio Matias,Atlético Goianiense,0,2025-05-20,2025-07-19,0
2025,Atlético-GO,11,2025-06-08,Fábio Matias,Atlético Goianiense,0,2025-05-20,2025-07-19,0
2025,Atlético-GO,12,2025-06-15,Fábio Matias,Atlético Goianiense,0,2025-05-20,2025-07-19,0
2025,Atlético-GO,13,2025-06-22,Fábio Matias,Atlético Goianiense,0,2025-05-20,2025-07-19,0
2025,Atlético-GO,14,2025-06-28,Fábio Matias,Atlético Goianiense,0,2025-05-20,2025-07-19,0
2025,Atlético-GO,15,2025-07-04,Fábio Matias,Atlético Goianiense,0,2025-05-20,2025-07-19,0
2025,Atlético-GO,16,2025-07-12,Fábio Matias,Atlético Goianiense,0,2025-05-20,2025-07-19,0
2025,Atlético-GO,17,2025-07-19,Fábio Matias,Atlético Goianiense,0,2025-05-20,2025-07-19,0
2025,Atlético-GO,18,2025-07-23,Rafael Lacerda,Atlético Goianiense,0,2025-07-21,2026-03-09,0
2025,Atlético-GO,19,2025-07-28,Rafael Lacerda,Atlético Goianiense,0,2025-07-21,2026-03-09,0
2025,Atlético-GO,20,2025-08-05,Rafael Lacerda,Atlético Goianiense,0,2025-07-21,2026-03-09,0
2025,Atlético-GO,21,2025-08-10,Rafael Lacerda,Atlético Goianiense,0,2025-07-21,2026-03-09,0
2025,Atlético-GO,22,2025-08-17,Rafael Lacerda,Atlético Goianiense,0,2025-07-21,2026-03-09,0
2025,Atlético-GO,23,2025-08-25,Rafael Lacerda,Atlético Goianiense,0,2025-07-21,2026-03-09,0
2025,Atlético-GO,24,2025-08-31,Rafael Lacerda,Atlético Goianiense,0,2025-07-21,2026-03-09,0
2025,Atlético-GO,25,2025-09-09,Rafael Lacerda,Atlético Goianiense,0,2025-07-21,2026-03-09,0
2025,Atlético-GO,26,2025-09-17,Rafael Lacerda,Atlético Goianiense,0,2025-07-21,2026-03-09,0
2025,Atlético-GO,27,2025-09-21,Rafael Lacerda,Atlético Goianiense,0,2025-07-21,2026-03-09,0
2025,Atlético-GO,28,2025-09-26,Rafael Lacerda,Atlético Goianiense,0,2025-07-21,2026-03-09,0
2025,Atlético-GO,29,2025-10-01,Rafael Lacerda,Atlético Goianiense,0,2025-07-21,2026-03-09,0
2025,Atlético-GO,30,2025-10-06,Rafael Lacerda,Atlético Goianiense,0,2025-07-21,2026-03-09,0
2025,Atlético-GO,31,2025-10-10,Rafael Lacerda,Atlético Goianiense,0,2025-07-21,2026-03-09,0
2025,Atlético-GO,32,2025-10-14,Rafael Lacerda,Atlético Goianiense,0,2025-07-21,2026-03-09,0
2025,Atlético-GO,33,2025-10-18,Rafael Lacerda,Atlético Goianiense,0,2025-07-21,2026-03-09,0
2025,Atlético-GO,34,2025-10-26,Rafael Lacerda,Atlético Goianiense,0,2025-07-21,2026-03-09,0
2025,Atlético-GO,35,2025-10-31,Rafael Lacerda,Atlético Goianiense,0,2025-07-21,2026-03-09,0
2025,Atlético-GO,36,2025-11-09,Rafael Lacerda,Atlético Goianiense,0,2025-07-21,2026-03-09,0
2025,Atlético-GO,37,2025-11-15,Rafael Lacerda,Atlético Goianiense,0,2025-07-21,2026-03-09,0
2025,Atlético-GO,38,2025-11-23,Rafael Lacerda,Atlético Goianiense,0,2025-07-21,2026-03-09,0
2026,Atlético-GO,1,2026-03-21,Eduardo Souza,Atlético Goianiense,0,2026-03-10,2026-06-14,0
2026,Atlético-GO,2,2026-04-02,William Sander,Atlético Goianiense,1,2026-03-27,2026-04-18,0
2026,Atlético-GO,3,2026-04-05,William Sander,Atlético Goianiense,1,2026-03-27,2026-04-18,0
2026,Atlético-GO,4,2026-04-13,William Sander,Atlético Goianiense,1,2026-03-27,2026-04-18,0
2026,Atlético-GO,5,2026-04-19,Eduardo Souza,Atlético Goianiense,0,2026-03-10,2026-06-14,0
2026,Atlético-GO,6,2026-04-27,Eduardo Souza,Atlético Goianiense,0,2026-03-10,2026-06-14,0
2026,Atlético-GO,7,2026-05-03,Eduardo Souza,Atlético Goianiense,0,2026-03-10,2026-06-14,0
2026,Atlético-GO,8,2026-05-10,Eduardo Souza,Atlético Goianiense,0,2026-03-10,2026-06-14,0
2026,Atlético-GO,9,2026-05-17,Eduardo Souza,Atlético Goianiense,0,2026-03-10,2026-06-14,0
2026,Atlético-GO,10,2026-05-24,Eduardo Souza,Atlético Goianiense,0,2026-03-10,2026-06-14,0
2026,Atlético-GO,11,2026-05-30,Eduardo Souza,Atlético Goianiense,0,2026-03-10,2026-06-14,0
2026,Atlético-GO,12,2026-06-09,Eduardo Souza,Atlético Goianiense,0,2026-03-10,2026-06-14,0
2026,Atlético-GO,13,2026-06-13,Eduardo Souza,Atlético Goianiense,0,2026-03-10,2026-06-14,0
2026,Atlético-GO,14,2026-06-19,Renan Brito,Atlético Goianiense,1,2026-06-16,2026-07-06,0
2026,Atlético-GO,15,2026-06-28,Renan Brito,Atlético Goianiense,1,2026-06-16,2026-07-06,0
2026,Atlético-GO,16,2026-07-04,Renan Brito,Atlético Goianiense,1,2026-06-16,2026-07-06,0
2026,Atlético-GO,17,2026-07-12,Roger Silva,Atlético Goianiense,0,2026-07-07,,0
2026,Atlético-GO,18,2026-07-18,Roger Silva,Atlético Goianiense,0,2026-07-07,,0
2026,Atlético-GO,19,2026-07-24,Roger Silva,Atlético Goianiense,0,2026-07-07,,0
2026,Atlético-GO,20,2026-07-28,Roger Silva,Atlético Goianiense,0,2026-07-07,,0
2026,Atlético-GO,21,2026-08-09,Roger Silva,Atlético Goianiense,0,2026-07-07,,0
2026,Atlético-GO,22,2026-08-15,Roger Silva,Atlético Goianiense,0,2026-07-07,,0
2026,Atlético-GO,23,2026-08-19,Roger Silva,Atlético Goianiense,0,2026-07-07,,0
2026,Atlético-GO,24,2026-08-26,Roger Silva,Atlético Goianiense,0,2026-07-07,,0
2026,Atlético-GO,25,2026-08-30,Roger Silva,Atlético Goianiense,0,2026-07-07,,0
2026,Atlético-GO,26,2026-09-05,Roger Silva,Atlético Goianiense,0,2026-07-07,,0
2018,Avaí,1,2018-04-14,Claudinei Oliveira,Avaí FC,0,2016-08-24,2018-04-19,0
2018,Avaí,2,2018-04-21,Geninho,Avaí FC,0,2018-04-19,2019-06-17,0
2018,Avaí,3,2018-04-28,Geninho,Avaí FC,0,2018-04-19,2019-06-17,0
2018,Avaí,4,2018-05-05,Geninho,Avaí FC,0,2018-04-19,2019-06-17,0
2018,Avaí,5,2018-05-12,Geninho,Avaí FC,0,2018-04-19,2019-06-17,0
2018,Avaí,6,2018-05-16,Geninho,Avaí FC,0,2018-04-19,2019-06-17,0
2018,Avaí,7,2018-05-26,Geninho,Avaí FC,0,2018-04-19,2019-06-17,0
2018,Avaí,8,2018-06-02,Geninho,Avaí FC,0,2018-04-19,2019-06-17,0
2018,Avaí,9,2018-06-06,Geninho,Avaí FC,0,2018-04-19,2019-06-17,0
2018,Avaí,10,2018-06-09,Geninho,Avaí FC,0,2018-04-19,2019-06-17,0
2018,Avaí,11,2018-06-16,Geninho,Avaí FC,0,2018-04-19,2019-06-17,0
2018,Avaí,12,2018-06-20,Geninho,Avaí FC,0,2018-04-19,2019-06-17,0
2018,Avaí,13,2018-06-27,Geninho,Avaí FC,0,2018-04-19,2019-06-17,0
2018,Avaí,14,2018-07-05,Geninho,Avaí FC,0,2018-04-19,2019-06-17,0
2018,Avaí,15,2018-07-12,Geninho,Avaí FC,0,2018-04-19,2019-06-17,0
2018,Avaí,16,2018-07-18,Geninho,Avaí FC,0,2018-04-19,2019-06-17,0
2018,Avaí,17,2018-07-25,Geninho,Avaí FC,0,2018-04-19,2019-06-17,0
2018,Avaí,18,2018-07-28,Geninho,Avaí FC,0,2018-04-19,2019-06-17,0
2018,Avaí,19,2018-08-05,Geninho,Avaí FC,0,2018-04-19,2019-06-17,0
2018,Avaí,20,2018-08-08,Geninho,Avaí FC,0,2018-04-19,2019-06-17,0
2018,Avaí,21,2018-08-15,Geninho,Avaí FC,0,2018-04-19,2019-06-17,0
2018,Avaí,22,2018-08-22,Geninho,Avaí FC,0,2018-04-19,2019-06-17,0
2018,Avaí,23,2018-08-25,Geninho,Avaí FC,0,2018-04-19,2019-06-17,0
2018,Avaí,24,2018-09-01,Geninho,Avaí FC,0,2018-04-19,2019-06-17,0
2018,Avaí,25,2018-09-05,Geninho,Avaí FC,0,2018-04-19,2019-06-17,0
2018,Avaí,26,2018-09-07,Geninho,Avaí FC,0,2018-04-19,2019-06-17,0
2018,Avaí,27,2018-09-15,Geninho,Avaí FC,0,2018-04-19,2019-06-17,0
2018,Avaí,28,2018-09-23,Geninho,Avaí FC,0,2018-04-19,2019-06-17,0
2018,Avaí,29,2018-09-30,Geninho,Avaí FC,0,2018-04-19,2019-06-17,0
2018,Avaí,30,2018-10-06,Geninho,Avaí FC,0,2018-04-19,2019-06-17,0
2018,Avaí,31,2018-10-13,Geninho,Avaí FC,0,2018-04-19,2019-06-17,0
2018,Avaí,32,2018-10-20,Geninho,Avaí FC,0,2018-04-19,2019-06-17,0
2018,Avaí,33,2018-10-27,Geninho,Avaí FC,0,2018-04-19,2019-06-17,0
2018,Avaí,34,2018-11-03,Geninho,Avaí FC,0,2018-04-19,2019-06-17,0
2018,Avaí,35,2018-11-06,Geninho,Avaí FC,0,2018-04-19,2019-06-17,0
2018,Avaí,36,2018-11-10,Geninho,Avaí FC,0,2018-04-19,2019-06-17,0
2018,Avaí,37,2018-11-17,Geninho,Avaí FC,0,2018-04-19,2019-06-17,0
2018,Avaí,38,2018-11-24,Geninho,Avaí FC,0,2018-04-19,2019-06-17,0
2020,Avaí,1,2020-08-09,Geninho,Avaí FC,0,2020-08-05,2020-12-04,0
2020,Avaí,2,2020-08-12,Geninho,Avaí FC,0,2020-08-05,2020-12-04,0
2020,Avaí,3,2020-08-19,Geninho,Avaí FC,0,2020-08-05,2020-12-04,0
2020,Avaí,4,2020-08-22,Geninho,Avaí FC,0,2020-08-05,2020-12-04,0
2020,Avaí,5,2020-08-29,Geninho,Avaí FC,0,2020-08-05,2020-12-04,0
2020,Avaí,6,2020-09-02,Geninho,Avaí FC,0,2020-08-05,2020-12-04,0
2020,Avaí,7,2020-09-06,Geninho,Avaí FC,0,2020-08-05,2020-12-04,0
2020,Avaí,8,2020-09-12,Geninho,Avaí FC,0,2020-08-05,2020-12-04,0
2020,Avaí,9,2020-09-16,Geninho,Avaí FC,0,2020-08-05,2020-12-04,0
2020,Avaí,10,2020-09-20,Geninho,Avaí FC,0,2020-08-05,2020-12-04,0
2020,Avaí,11,2020-09-26,Geninho,Avaí FC,0,2020-08-05,2020-12-04,0
2020,Avaí,12,2020-09-30,Geninho,Avaí FC,0,2020-08-05,2020-12-04,0
2020,Avaí,13,2020-10-03,Geninho,Avaí FC,0,2020-08-05,2020-12-04,0
2020,Avaí,14,2020-10-07,Geninho,Avaí FC,0,2020-08-05,2020-12-04,0
2020,Avaí,15,2020-10-10,Geninho,Avaí FC,0,2020-08-05,2020-12-04,0
2020,Avaí,16,2020-10-14,Geninho,Avaí FC,0,2020-08-05,2020-12-04,0
2020,Avaí,17,2020-10-21,Geninho,Avaí FC,0,2020-08-05,2020-12-04,0
2020,Avaí,18,2020-10-25,Geninho,Avaí FC,0,2020-08-05,2020-12-04,0
2020,Avaí,19,2020-10-31,Geninho,Avaí FC,0,2020-08-05,2020-12-04,0
2020,Avaí,20,2020-11-06,Geninho,Avaí FC,0,2020-08-05,2020-12-04,0
2020,Avaí,21,2020-11-13,Geninho,Avaí FC,0,2020-08-05,2020-12-04,0
2020,Avaí,22,2020-11-20,Geninho,Avaí FC,0,2020-08-05,2020-12-04,0
2020,Avaí,23,2020-11-24,Geninho,Avaí FC,0,2020-08-05,2020-12-04,0
2020,Avaí,24,2020-11-28,Geninho,Avaí FC,0,2020-08-05,2020-12-04,0
2020,Avaí,25,2020-12-01,Geninho,Avaí FC,0,2020-08-05,2020-12-04,0
2020,Avaí,26,2020-12-04,Evando,Avaí FC,1,2020-12-04,2020-12-10,0
2020,Avaí,27,2020-12-09,Evando,Avaí FC,1,2020-12-04,2020-12-10,0
2020,Avaí,28,2020-12-11,Claudinei Oliveira,Avaí FC,0,2020-12-10,2022-02-07,0
2020,Avaí,29,2020-12-15,Claudinei Oliveira,Avaí FC,0,2020-12-10,2022-02-07,0
2020,Avaí,30,2020-12-19,Claudinei Oliveira,Avaí FC,0,2020-12-10,2022-02-07,0
2020,Avaí,31,2020-12-26,Claudinei Oliveira,Avaí FC,0,2020-12-10,2022-02-07,0
2020,Avaí,32,2020-12-29,Claudinei Oliveira,Avaí FC,0,2020-12-10,2022-02-07,0
2021,Avaí,1,2021-01-08,Claudinei Oliveira,Avaí FC,0,2020-12-10,2022-02-07,0
2021,Avaí,2,2021-01-13,Claudinei Oliveira,Avaí FC,0,2020-12-10,2022-02-07,0
2021,Avaí,3,2021-01-16,Claudinei Oliveira,Avaí FC,0,2020-12-10,2022-02-07,0
2021,Avaí,4,2021-01-19,Claudinei Oliveira,Avaí FC,0,2020-12-10,2022-02-07,0
2021,Avaí,5,2021-01-23,Claudinei Oliveira,Avaí FC,0,2020-12-10,2022-02-07,0
2021,Avaí,6,2021-01-30,Claudinei Oliveira,Avaí FC,0,2020-12-10,2022-02-07,0
2021,Avaí,7,2021-05-29,Claudinei Oliveira,Avaí FC,0,2020-12-10,2022-02-07,0
2021,Avaí,8,2021-06-07,Claudinei Oliveira,Avaí FC,0,2020-12-10,2022-02-07,0
2021,Avaí,9,2021-06-13,Claudinei Oliveira,Avaí FC,0,2020-12-10,2022-02-07,0
2021,Avaí,10,2021-06-17,Claudinei Oliveira,Avaí FC,0,2020-12-10,2022-02-07,0
2021,Avaí,11,2021-06-23,Claudinei Oliveira,Avaí FC,0,2020-12-10,2022-02-07,0
2021,Avaí,12,2021-06-25,Claudinei Oliveira,Avaí FC,0,2020-12-10,2022-02-07,0
2021,Avaí,13,2021-07-01,Claudinei Oliveira,Avaí FC,0,2020-12-10,2022-02-07,0
2021,Avaí,14,2021-07-04,Claudinei Oliveira,Avaí FC,0,2020-12-10,2022-02-07,0
2021,Avaí,15,2021-07-07,Claudinei Oliveira,Avaí FC,0,2020-12-10,2022-02-07,0
2021,Avaí,16,2021-07-14,Claudinei Oliveira,Avaí FC,0,2020-12-10,2022-02-07,0
2021,Avaí,17,2021-07-17,Claudinei Oliveira,Avaí FC,0,2020-12-10,2022-02-07,0
2021,Avaí,18,2021-07-23,Claudinei Oliveira,Avaí FC,0,2020-12-10,2022-02-07,0
2021,Avaí,19,2021-07-26,Claudinei Oliveira,Avaí FC,0,2020-12-10,2022-02-07,0
2021,Avaí,20,2021-07-29,Claudinei Oliveira,Avaí FC,0,2020-12-10,2022-02-07,0
2021,Avaí,21,2021-07-31,Claudinei Oliveira,Avaí FC,0,2020-12-10,2022-02-07,0
2021,Avaí,22,2021-08-08,Claudinei Oliveira,Avaí FC,0,2020-12-10,2022-02-07,0
2021,Avaí,23,2021-08-11,Claudinei Oliveira,Avaí FC,0,2020-12-10,2022-02-07,0
2021,Avaí,24,2021-08-15,Claudinei Oliveira,Avaí FC,0,2020-12-10,2022-02-07,0
2021,Avaí,25,2021-08-18,Claudinei Oliveira,Avaí FC,0,2020-12-10,2022-02-07,0
2021,Avaí,26,2021-08-21,Claudinei Oliveira,Avaí FC,0,2020-12-10,2022-02-07,0
2021,Avaí,27,2021-08-25,Claudinei Oliveira,Avaí FC,0,2020-12-10,2022-02-07,0
2021,Avaí,28,2021-09-04,Claudinei Oliveira,Avaí FC,0,2020-12-10,2022-02-07,0
2021,Avaí,29,2021-09-07,Claudinei Oliveira,Avaí FC,0,2020-12-10,2022-02-07,0
2021,Avaí,30,2021-09-17,Claudinei Oliveira,Avaí FC,0,2020-12-10,2022-02-07,0
2021,Avaí,31,2021-09-22,Claudinei Oliveira,Avaí FC,0,2020-12-10,2022-02-07,0
2021,Avaí,32,2021-09-25,Claudinei Oliveira,Avaí FC,0,2020-12-10,2022-02-07,0
2021,Avaí,33,2021-09-28,Claudinei Oliveira,Avaí FC,0,2020-12-10,2022-02-07,0
2021,Avaí,34,2021-10-03,Claudinei Oliveira,Avaí FC,0,2020-12-10,2022-02-07,0
2021,Avaí,35,2021-10-06,Claudinei Oliveira,Avaí FC,0,2020-12-10,2022-02-07,0
2021,Avaí,36,2021-10-17,Claudinei Oliveira,Avaí FC,0,2020-12-10,2022-02-07,0
2021,Avaí,37,2021-10-23,Claudinei Oliveira,Avaí FC,0,2020-12-10,2022-02-07,0
2021,Avaí,38,2021-10-30,Claudinei Oliveira,Avaí FC,0,2020-12-10,2022-02-07,0
2021,Avaí,39,2021-11-02,Claudinei Oliveira,Avaí FC,0,2020-12-10,2022-02-07,0
2021,Avaí,40,2021-11-05,Claudinei Oliveira,Avaí FC,0,2020-12-10,2022-02-07,0
2021,Avaí,41,2021-11-09,Claudinei Oliveira,Avaí FC,0,2020-12-10,2022-02-07,0
2021,Avaí,42,2021-11-13,Claudinei Oliveira,Avaí FC,0,2020-12-10,2022-02-07,0
2021,Avaí,43,2021-11-21,Claudinei Oliveira,Avaí FC,0,2020-12-10,2022-02-07,0
2021,Avaí,44,2021-11-28,Claudinei Oliveira,Avaí FC,0,2020-12-10,2022-02-07,0
2023,Avaí,1,2023-04-15,Alex,Avaí FC,0,2023-01-01,2023-05-04,0
2023,Avaí,2,2023-04-22,Alex,Avaí FC,0,2023-01-01,2023-05-04,0
2023,Avaí,3,2023-04-29,Alex,Avaí FC,0,2023-01-01,2023-05-04,0
2023,Avaí,4,2023-05-04,Alex,Avaí FC,0,2023-01-01,2023-05-04,0
2023,Avaí,5,2023-05-06,Marquinhos,Avaí FC,1,2023-05-05,2023-05-15,0
2023,Avaí,6,2023-05-13,Marquinhos,Avaí FC,1,2023-05-05,2023-05-15,0
2023,Avaí,7,2023-05-20,Gustavo Morínigo,Avaí FC,0,2023-05-16,2023-07-03,0
2023,Avaí,8,2023-05-24,Gustavo Morínigo,Avaí FC,0,2023-05-16,2023-07-03,0
2023,Avaí,9,2023-05-27,Gustavo Morínigo,Avaí FC,0,2023-05-16,2023-07-03,0
2023,Avaí,10,2023-06-03,Gustavo Morínigo,Avaí FC,0,2023-05-16,2023-07-03,0
2023,Avaí,11,2023-06-08,Gustavo Morínigo,Avaí FC,0,2023-05-16,2023-07-03,0
2023,Avaí,12,2023-06-11,Gustavo Morínigo,Avaí FC,0,2023-05-16,2023-07-03,0
2023,Avaí,13,2023-06-24,Gustavo Morínigo,Avaí FC,0,2023-05-16,2023-07-03,0
2023,Avaí,14,2023-06-29,Gustavo Morínigo,Avaí FC,0,2023-05-16,2023-07-03,0
2023,Avaí,15,2023-07-01,Gustavo Morínigo,Avaí FC,0,2023-05-16,2023-07-03,0
2023,Avaí,16,2023-07-08,Eduardo Barroca,Avaí FC,0,2023-07-07,2024-04-27,0
2023,Avaí,17,2023-07-20,Eduardo Barroca,Avaí FC,0,2023-07-07,2024-04-27,0
2023,Avaí,18,2023-07-22,Eduardo Barroca,Avaí FC,0,2023-07-07,2024-04-27,0
2023,Avaí,19,2023-07-29,Eduardo Barroca,Avaí FC,0,2023-07-07,2024-04-27,0
2023,Avaí,20,2023-08-02,Eduardo Barroca,Avaí FC,0,2023-07-07,2024-04-27,0
2023,Avaí,21,2023-08-05,Eduardo Barroca,Avaí FC,0,2023-07-07,2024-04-27,0
2023,Avaí,22,2023-08-12,Eduardo Barroca,Avaí FC,0,2023-07-07,2024-04-27,0
2023,Avaí,23,2023-08-19,Eduardo Barroca,Avaí FC,0,2023-07-07,2024-04-27,0
2023,Avaí,24,2023-08-24,Eduardo Barroca,Avaí FC,0,2023-07-07,2024-04-27,0
2023,Avaí,25,2023-08-27,Eduardo Barroca,Avaí FC,0,2023-07-07,2024-04-27,0
2023,Avaí,26,2023-09-02,Eduardo Barroca,Avaí FC,0,2023-07-07,2024-04-27,0
2023,Avaí,27,2023-09-12,Eduardo Barroca,Avaí FC,0,2023-07-07,2024-04-27,0
2023,Avaí,28,2023-09-17,Eduardo Barroca,Avaí FC,0,2023-07-07,2024-04-27,0
2023,Avaí,29,2023-09-25,Eduardo Barroca,Avaí FC,0,2023-07-07,2024-04-27,0
2023,Avaí,30,2023-09-30,Eduardo Barroca,Avaí FC,0,2023-07-07,2024-04-27,0
2023,Avaí,31,2023-10-07,Eduardo Barroca,Avaí FC,0,2023-07-07,2024-04-27,0
2023,Avaí,32,2023-10-15,Eduardo Barroca,Avaí FC,0,2023-07-07,2024-04-27,0
2023,Avaí,33,2023-10-22,Eduardo Barroca,Avaí FC,0,2023-07-07,2024-04-27,0
2023,Avaí,34,2023-10-27,Eduardo Barroca,Avaí FC,0,2023-07-07,2024-04-27,0
2023,Avaí,35,2023-11-04,Eduardo Barroca,Avaí FC,0,2023-07-07,2024-04-27,0
2023,Avaí,36,2023-11-11,Eduardo Barroca,Avaí FC,0,2023-07-07,2024-04-27,0
2023,Avaí,37,2023-11-21,Eduardo Barroca,Avaí FC,0,2023-07-07,2024-04-27,0
2023,Avaí,38,2023-11-25,Eduardo Barroca,Avaí FC,0,2023-07-07,2024-04-27,0
2024,Avaí,1,2024-04-20,Eduardo Barroca,Avaí FC,0,2023-07-07,2024-04-27,0
2024,Avaí,2,2024-04-27,Eduardo Barroca,Avaí FC,0,2023-07-07,2024-04-27,0
2024,Avaí,3,2024-05-04,Marquinhos,Avaí FC,0,2024-05-02,2024-05-05,0
2024,Avaí,4,2024-05-12,Gilmar Dal Pozzo,Avaí FC,0,2024-05-06,2024-08-05,0
2024,Avaí,5,2024-05-15,Gilmar Dal Pozzo,Avaí FC,0,2024-05-06,2024-08-05,0
2024,Avaí,6,2024-05-19,Gilmar Dal Pozzo,Avaí FC,0,2024-05-06,2024-08-05,0
2024,Avaí,7,2024-05-28,Gilmar Dal Pozzo,Avaí FC,0,2024-05-06,2024-08-05,0
2024,Avaí,8,2024-06-02,Gilmar Dal Pozzo,Avaí FC,0,2024-05-06,2024-08-05,0
2024,Avaí,9,2024-06-09,Gilmar Dal Pozzo,Avaí FC,0,2024-05-06,2024-08-05,0
2024,Avaí,10,2024-06-15,Gilmar Dal Pozzo,Avaí FC,0,2024-05-06,2024-08-05,0
2024,Avaí,11,2024-06-20,Gilmar Dal Pozzo,Avaí FC,0,2024-05-06,2024-08-05,0
2024,Avaí,12,2024-06-26,Gilmar Dal Pozzo,Avaí FC,0,2024-05-06,2024-08-05,0
2024,Avaí,13,2024-06-30,Gilmar Dal Pozzo,Avaí FC,0,2024-05-06,2024-08-05,0
2024,Avaí,14,2024-07-09,Gilmar Dal Pozzo,Avaí FC,0,2024-05-06,2024-08-05,0
2024,Avaí,15,2024-07-14,Gilmar Dal Pozzo,Avaí FC,0,2024-05-06,2024-08-05,0
2024,Avaí,16,2024-07-20,Gilmar Dal Pozzo,Avaí FC,0,2024-05-06,2024-08-05,0
2024,Avaí,17,2024-07-24,Gilmar Dal Pozzo,Avaí FC,0,2024-05-06,2024-08-05,0
2024,Avaí,18,2024-07-31,Gilmar Dal Pozzo,Avaí FC,0,2024-05-06,2024-08-05,0
2024,Avaí,19,2024-08-04,Gilmar Dal Pozzo,Avaí FC,0,2024-05-06,2024-08-05,0
2024,Avaí,20,2024-08-10,Enderson Moreira,Avaí FC,0,2024-08-05,2025-03-24,0
2024,Avaí,21,2024-08-17,Enderson Moreira,Avaí FC,0,2024-08-05,2025-03-24,0
2024,Avaí,22,2024-08-23,Enderson Moreira,Avaí FC,0,2024-08-05,2025-03-24,0
2024,Avaí,23,2024-08-28,Enderson Moreira,Avaí FC,0,2024-08-05,2025-03-24,0
2024,Avaí,24,2024-08-31,Enderson Moreira,Avaí FC,0,2024-08-05,2025-03-24,0
2024,Avaí,25,2024-09-08,Enderson Moreira,Avaí FC,0,2024-08-05,2025-03-24,0
2024,Avaí,26,2024-09-14,Enderson Moreira,Avaí FC,0,2024-08-05,2025-03-24,0
2024,Avaí,27,2024-09-18,Enderson Moreira,Avaí FC,0,2024-08-05,2025-03-24,0
2024,Avaí,28,2024-09-22,Enderson Moreira,Avaí FC,0,2024-08-05,2025-03-24,0
2024,Avaí,29,2024-10-01,Enderson Moreira,Avaí FC,0,2024-08-05,2025-03-24,0
2024,Avaí,30,2024-10-05,Enderson Moreira,Avaí FC,0,2024-08-05,2025-03-24,0
2024,Avaí,31,2024-10-12,Enderson Moreira,Avaí FC,0,2024-08-05,2025-03-24,0
2024,Avaí,32,2024-10-19,Enderson Moreira,Avaí FC,0,2024-08-05,2025-03-24,0
2024,Avaí,33,2024-10-23,Enderson Moreira,Avaí FC,0,2024-08-05,2025-03-24,0
2024,Avaí,34,2024-10-26,Enderson Moreira,Avaí FC,0,2024-08-05,2025-03-24,0
2024,Avaí,35,2024-11-03,Enderson Moreira,Avaí FC,0,2024-08-05,2025-03-24,0
2024,Avaí,36,2024-11-10,Enderson Moreira,Avaí FC,0,2024-08-05,2025-03-24,0
2024,Avaí,37,2024-11-19,Enderson Moreira,Avaí FC,0,2024-08-05,2025-03-24,0
2024,Avaí,38,2024-11-23,Enderson Moreira,Avaí FC,0,2024-08-05,2025-03-24,0
2025,Avaí,1,2025-04-07,Jair Ventura,Avaí FC,0,2025-03-31,2025-09-22,0
2025,Avaí,2,2025-04-11,Jair Ventura,Avaí FC,0,2025-03-31,2025-09-22,0
2025,Avaí,3,2025-04-17,Jair Ventura,Avaí FC,0,2025-03-31,2025-09-22,0
2025,Avaí,4,2025-04-21,Jair Ventura,Avaí FC,0,2025-03-31,2025-09-22,0
2025,Avaí,5,2025-04-27,Jair Ventura,Avaí FC,0,2025-03-31,2025-09-22,0
2025,Avaí,6,2025-05-06,Jair Ventura,Avaí FC,0,2025-03-31,2025-09-22,0
2025,Avaí,7,2025-05-10,Jair Ventura,Avaí FC,0,2025-03-31,2025-09-22,0
2025,Avaí,8,2025-05-16,Jair Ventura,Avaí FC,0,2025-03-31,2025-09-22,0
2025,Avaí,9,2025-05-24,Jair Ventura,Avaí FC,0,2025-03-31,2025-09-22,0
2025,Avaí,10,2025-05-31,Jair Ventura,Avaí FC,0,2025-03-31,2025-09-22,0
2025,Avaí,11,2025-06-08,Jair Ventura,Avaí FC,0,2025-03-31,2025-09-22,0
2025,Avaí,12,2025-06-18,Jair Ventura,Avaí FC,0,2025-03-31,2025-09-22,0
2025,Avaí,13,2025-06-21,Jair Ventura,Avaí FC,0,2025-03-31,2025-09-22,0
2025,Avaí,14,2025-06-28,Jair Ventura,Avaí FC,0,2025-03-31,2025-09-22,0
2025,Avaí,15,2025-07-06,Jair Ventura,Avaí FC,0,2025-03-31,2025-09-22,0
2025,Avaí,16,2025-07-15,Jair Ventura,Avaí FC,0,2025-03-31,2025-09-22,0
2025,Avaí,17,2025-07-19,Jair Ventura,Avaí FC,0,2025-03-31,2025-09-22,0
2025,Avaí,18,2025-07-25,Jair Ventura,Avaí FC,0,2025-03-31,2025-09-22,0
2025,Avaí,19,2025-07-29,Jair Ventura,Avaí FC,0,2025-03-31,2025-09-22,0
2025,Avaí,20,2025-08-03,Jair Ventura,Avaí FC,0,2025-03-31,2025-09-22,0
2025,Avaí,21,2025-08-10,Jair Ventura,Avaí FC,0,2025-03-31,2025-09-22,0
2025,Avaí,22,2025-08-20,Jair Ventura,Avaí FC,0,2025-03-31,2025-09-22,0
2025,Avaí,23,2025-08-26,Jair Ventura,Avaí FC,0,2025-03-31,2025-09-22,0
2025,Avaí,24,2025-09-03,Jair Ventura,Avaí FC,0,2025-03-31,2025-09-22,0
2025,Avaí,25,2025-09-08,Jair Ventura,Avaí FC,0,2025-03-31,2025-09-22,0
2025,Avaí,26,2025-09-17,Jair Ventura,Avaí FC,0,2025-03-31,2025-09-22,0
2025,Avaí,27,2025-09-20,Jair Ventura,Avaí FC,0,2025-03-31,2025-09-22,0
2025,Avaí,28,2025-09-26,Vinícius,Avaí FC,0,2025-09-25,2025-11-28,0
2025,Avaí,29,2025-09-30,Vinícius,Avaí FC,0,2025-09-25,2025-11-28,0
2025,Avaí,30,2025-10-04,Vinícius,Avaí FC,0,2025-09-25,2025-11-28,0
2025,Avaí,31,2025-10-09,Vinícius,Avaí FC,0,2025-09-25,2025-11-28,0
2025,Avaí,32,2025-10-15,Vinícius,Avaí FC,0,2025-09-25,2025-11-28,0
2025,Avaí,33,2025-10-19,Vinícius,Avaí FC,0,2025-09-25,2025-11-28,0
2025,Avaí,34,2025-10-25,Vinícius,Avaí FC,0,2025-09-25,2025-11-28,0
2025,Avaí,35,2025-11-01,Vinícius,Avaí FC,0,2025-09-25,2025-11-28,0
2025,Avaí,36,2025-11-09,Vinícius,Avaí FC,0,2025-09-25,2025-11-28,0
2025,Avaí,37,2025-11-15,Vinícius,Avaí FC,0,2025-09-25,2025-11-28,0
2025,Avaí,38,2025-11-23,Vinícius,Avaí FC,0,2025-09-25,2025-11-28,0
2026,Avaí,1,2026-03-22,Cauan de Almeida,Avaí FC,0,2025-12-02,2026-07-06,0
2026,Avaí,2,2026-04-02,Cauan de Almeida,Avaí FC,0,2025-12-02,2026-07-06,0
2026,Avaí,3,2026-04-05,Cauan de Almeida,Avaí FC,0,2025-12-02,2026-07-06,0
2026,Avaí,4,2026-04-11,Cauan de Almeida,Avaí FC,0,2025-12-02,2026-07-06,0
2026,Avaí,5,2026-04-19,Cauan de Almeida,Avaí FC,0,2025-12-02,2026-07-06,0
2026,Avaí,6,2026-04-27,Cauan de Almeida,Avaí FC,0,2025-12-02,2026-07-06,0
2026,Avaí,7,2026-05-04,Cauan de Almeida,Avaí FC,0,2025-12-02,2026-07-06,0
2026,Avaí,8,2026-05-10,Cauan de Almeida,Avaí FC,0,2025-12-02,2026-07-06,0
2026,Avaí,9,2026-05-17,Cauan de Almeida,Avaí FC,0,2025-12-02,2026-07-06,0
2026,Avaí,10,2026-05-25,Cauan de Almeida,Avaí FC,0,2025-12-02,2026-07-06,0
2026,Avaí,11,2026-05-30,Cauan de Almeida,Avaí FC,0,2025-12-02,2026-07-06,0
2026,Avaí,12,2026-06-11,Cauan de Almeida,Avaí FC,0,2025-12-02,2026-07-06,0
2026,Avaí,13,2026-06-16,Cauan de Almeida,Avaí FC,0,2025-12-02,2026-07-06,0
2026,Avaí,14,2026-06-21,Cauan de Almeida,Avaí FC,0,2025-12-02,2026-07-06,0
2026,Avaí,15,2026-06-28,Cauan de Almeida,Avaí FC,0,2025-12-02,2026-07-06,0
2026,Avaí,17,2026-07-12,Allan Aal,Avaí FC,0,2026-07-09,,0
2026,Avaí,18,2026-07-18,Allan Aal,Avaí FC,0,2026-07-09,,0
2026,Avaí,19,2026-07-22,Allan Aal,Avaí FC,0,2026-07-09,,0
2026,Avaí,20,2026-07-29,Allan Aal,Avaí FC,0,2026-07-09,,0
2026,Avaí,21,2026-08-12,Allan Aal,Avaí FC,0,2026-07-09,,0
2026,Avaí,22,2026-08-16,Allan Aal,Avaí FC,0,2026-07-09,,0
2026,Avaí,23,2026-08-20,Allan Aal,Avaí FC,0,2026-07-09,,0
2026,Avaí,24,2026-08-23,Allan Aal,Avaí FC,0,2026-07-09,,0
2026,Avaí,25,2026-08-30,Allan Aal,Avaí FC,0,2026-07-09,,0
2026,Avaí,26,2026-09-05,Allan Aal,Avaí FC,0,2026-07-09,,0
2026,Avaí,27,2026-09-10,Allan Aal,Avaí FC,0,2026-07-09,,0
2022,Bahia,1,2022-04-09,Guto Ferreira,EC Bahia,0,2021-10-08,2022-06-26,0
2022,Bahia,2,2022-04-16,Guto Ferreira,EC Bahia,0,2021-10-08,2022-06-26,0
2022,Bahia,3,2022-04-23,Guto Ferreira,EC Bahia,0,2021-10-08,2022-06-26,0
2022,Bahia,4,2022-04-27,Guto Ferreira,EC Bahia,0,2021-10-08,2022-06-26,0
2022,Bahia,5,2022-04-30,Guto Ferreira,EC Bahia,0,2021-10-08,2022-06-26,0
2022,Bahia,6,2022-05-04,Guto Ferreira,EC Bahia,0,2021-10-08,2022-06-26,0
2022,Bahia,7,2022-05-15,Guto Ferreira,EC Bahia,0,2021-10-08,2022-06-26,0
2022,Bahia,8,2022-05-21,Guto Ferreira,EC Bahia,0,2021-10-08,2022-06-26,0
2022,Bahia,9,2022-05-28,Guto Ferreira,EC Bahia,0,2021-10-08,2022-06-26,0
2022,Bahia,10,2022-06-04,Guto Ferreira,EC Bahia,0,2021-10-08,2022-06-26,0
2022,Bahia,11,2022-06-09,Guto Ferreira,EC Bahia,0,2021-10-08,2022-06-26,0
2022,Bahia,12,2022-06-11,Guto Ferreira,EC Bahia,0,2021-10-08,2022-06-26,0
2022,Bahia,13,2022-06-15,Guto Ferreira,EC Bahia,0,2021-10-08,2022-06-26,0
2022,Bahia,14,2022-06-25,Guto Ferreira,EC Bahia,0,2021-10-08,2022-06-26,0
2022,Bahia,16,2022-07-03,Enderson Moreira,EC Bahia,0,2022-07-01,2022-10-01,0
2022,Bahia,17,2022-07-09,Enderson Moreira,EC Bahia,0,2022-07-01,2022-10-01,0
2022,Bahia,18,2022-07-16,Enderson Moreira,EC Bahia,0,2022-07-01,2022-10-01,0
2022,Bahia,19,2022-07-20,Enderson Moreira,EC Bahia,0,2022-07-01,2022-10-01,0
2022,Bahia,20,2022-07-23,Enderson Moreira,EC Bahia,0,2022-07-01,2022-10-01,0
2022,Bahia,21,2022-07-30,Enderson Moreira,EC Bahia,0,2022-07-01,2022-10-01,0
2022,Bahia,22,2022-08-06,Enderson Moreira,EC Bahia,0,2022-07-01,2022-10-01,0
2022,Bahia,23,2022-08-10,Enderson Moreira,EC Bahia,0,2022-07-01,2022-10-01,0
2022,Bahia,24,2022-08-13,Enderson Moreira,EC Bahia,0,2022-07-01,2022-10-01,0
2022,Bahia,25,2022-08-17,Enderson Moreira,EC Bahia,0,2022-07-01,2022-10-01,0
2022,Bahia,26,2022-08-28,Enderson Moreira,EC Bahia,0,2022-07-01,2022-10-01,0
2022,Bahia,27,2022-09-01,Enderson Moreira,EC Bahia,0,2022-07-01,2022-10-01,0
2022,Bahia,28,2022-09-04,Enderson Moreira,EC Bahia,0,2022-07-01,2022-10-01,0
2022,Bahia,29,2022-09-09,Enderson Moreira,EC Bahia,0,2022-07-01,2022-10-01,0
2022,Bahia,30,2022-09-13,Enderson Moreira,EC Bahia,0,2022-07-01,2022-10-01,0
2022,Bahia,31,2022-09-24,Enderson Moreira,EC Bahia,0,2022-07-01,2022-10-01,0
2022,Bahia,32,2022-10-01,Enderson Moreira,EC Bahia,0,2022-07-01,2022-10-01,0
2022,Bahia,33,2022-10-05,Eduardo Barroca,EC Bahia,0,2022-10-03,2022-12-06,0
2022,Bahia,34,2022-10-08,Eduardo Barroca,EC Bahia,0,2022-10-03,2022-12-06,0
2022,Bahia,35,2022-10-16,Eduardo Barroca,EC Bahia,0,2022-10-03,2022-12-06,0
2022,Bahia,36,2022-10-22,Eduardo Barroca,EC Bahia,0,2022-10-03,2022-12-06,0
2022,Bahia,37,2022-10-29,Eduardo Barroca,EC Bahia,0,2022-10-03,2022-12-06,0
2022,Bahia,38,2022-11-06,Eduardo Barroca,EC Bahia,0,2022-10-03,2022-12-06,0
2018,Boa,1,2018-04-14,Sidney Moraes,Boa EC,0,2017-11-09,2018-05-06,0
2018,Boa,2,2018-04-18,Sidney Moraes,Boa EC,0,2017-11-09,2018-05-06,0
2018,Boa,3,2018-04-28,Sidney Moraes,Boa EC,0,2017-11-09,2018-05-06,0
2018,Boa,4,2018-05-01,Sidney Moraes,Boa EC,0,2017-11-09,2018-05-06,0
2018,Boa,5,2018-05-12,Daniel Paulista,Boa EC,0,2018-05-07,2018-06-24,0
2018,Boa,6,2018-05-20,Daniel Paulista,Boa EC,0,2018-05-07,2018-06-24,0
2018,Boa,7,2018-05-26,Daniel Paulista,Boa EC,0,2018-05-07,2018-06-24,0
2018,Boa,8,2018-06-02,Daniel Paulista,Boa EC,0,2018-05-07,2018-06-24,0
2018,Boa,9,2018-06-06,Daniel Paulista,Boa EC,0,2018-05-07,2018-06-24,0
2018,Boa,10,2018-06-09,Daniel Paulista,Boa EC,0,2018-05-07,2018-06-24,0
2018,Boa,11,2018-06-16,Daniel Paulista,Boa EC,0,2018-05-07,2018-06-24,0
2018,Boa,12,2018-06-24,Daniel Paulista,Boa EC,0,2018-05-07,2018-06-24,0
2018,Boa,13,2018-06-30,Ney da Matta,Boa EC,0,2018-06-26,2018-10-09,0
2018,Boa,14,2018-07-05,Ney da Matta,Boa EC,0,2018-06-26,2018-10-09,0
2018,Boa,15,2018-07-14,Ney da Matta,Boa EC,0,2018-06-26,2018-10-09,0
2018,Boa,16,2018-07-22,Ney da Matta,Boa EC,0,2018-06-26,2018-10-09,0
2018,Boa,17,2018-07-25,Ney da Matta,Boa EC,0,2018-06-26,2018-10-09,0
2018,Boa,18,2018-07-29,Ney da Matta,Boa EC,0,2018-06-26,2018-10-09,0
2018,Boa,19,2018-08-04,Ney da Matta,Boa EC,0,2018-06-26,2018-10-09,0
2018,Boa,20,2018-08-11,Ney da Matta,Boa EC,0,2018-06-26,2018-10-09,0
2018,Boa,21,2018-08-18,Ney da Matta,Boa EC,0,2018-06-26,2018-10-09,0
2018,Boa,22,2018-08-22,Ney da Matta,Boa EC,0,2018-06-26,2018-10-09,0
2018,Boa,23,2018-08-26,Ney da Matta,Boa EC,0,2018-06-26,2018-10-09,0
2018,Boa,24,2018-09-02,Ney da Matta,Boa EC,0,2018-06-26,2018-10-09,0
2018,Boa,25,2018-09-05,Ney da Matta,Boa EC,0,2018-06-26,2018-10-09,0
2018,Boa,26,2018-09-07,Ney da Matta,Boa EC,0,2018-06-26,2018-10-09,0
2018,Boa,27,2018-09-15,Ney da Matta,Boa EC,0,2018-06-26,2018-10-09,0
2018,Boa,28,2018-09-22,Ney da Matta,Boa EC,0,2018-06-26,2018-10-09,0
2018,Boa,29,2018-09-30,Ney da Matta,Boa EC,0,2018-06-26,2018-10-09,0
2018,Boa,30,2018-10-06,Ney da Matta,Boa EC,0,2018-06-26,2018-10-09,0
2018,Boa,31,2018-10-13,Tuca Guimarães,Boa EC,0,2018-10-09,2019-02-25,0
2018,Boa,32,2018-10-20,Tuca Guimarães,Boa EC,0,2018-10-09,2019-02-25,0
2018,Boa,33,2018-10-27,Tuca Guimarães,Boa EC,0,2018-10-09,2019-02-25,0
2018,Boa,34,2018-11-03,Tuca Guimarães,Boa EC,0,2018-10-09,2019-02-25,0
2018,Boa,35,2018-11-06,Tuca Guimarães,Boa EC,0,2018-10-09,2019-02-25,0
2018,Boa,36,2018-11-09,Tuca Guimarães,Boa EC,0,2018-10-09,2019-02-25,0
2018,Boa,37,2018-11-17,Tuca Guimarães,Boa EC,0,2018-10-09,2019-02-25,0
2018,Boa,38,2018-11-24,Tuca Guimarães,Boa EC,0,2018-10-09,2019-02-25,0
2021,Botafogo,1,2021-05-29,Marcelo Chamusca,Botafogo FR,0,2021-03-09,2021-07-13,0
2021,Botafogo,2,2021-06-06,Marcelo Chamusca,Botafogo FR,0,2021-03-09,2021-07-13,0
2021,Botafogo,3,2021-06-13,Marcelo Chamusca,Botafogo FR,0,2021-03-09,2021-07-13,0
2021,Botafogo,4,2021-06-18,Marcelo Chamusca,Botafogo FR,0,2021-03-09,2021-07-13,0
2021,Botafogo,5,2021-06-20,Marcelo Chamusca,Botafogo FR,0,2021-03-09,2021-07-13,0
2021,Botafogo,6,2021-06-26,Marcelo Chamusca,Botafogo FR,0,2021-03-09,2021-07-13,0
2021,Botafogo,7,2021-07-01,Marcelo Chamusca,Botafogo FR,0,2021-03-09,2021-07-13,0
2021,Botafogo,8,2021-07-04,Marcelo Chamusca,Botafogo FR,0,2021-03-09,2021-07-13,0
2021,Botafogo,9,2021-07-07,Marcelo Chamusca,Botafogo FR,0,2021-03-09,2021-07-13,0
2021,Botafogo,10,2021-07-10,Marcelo Chamusca,Botafogo FR,0,2021-03-09,2021-07-13,0
2021,Botafogo,11,2021-07-18,Ricardo Resende,Botafogo FR,1,2021-07-16,2022-03-27,0
2021,Botafogo,12,2021-07-21,Ricardo Resende,Botafogo FR,1,2021-07-16,2022-03-27,0
2021,Botafogo,13,2021-07-24,Ricardo Resende,Botafogo FR,1,2021-07-16,2022-03-27,0
2021,Botafogo,14,2021-07-28,Ricardo Resende,Botafogo FR,1,2021-07-16,2022-03-27,0
2021,Botafogo,15,2021-08-01,Ricardo Resende,Botafogo FR,1,2021-07-16,2022-03-27,0
2021,Botafogo,16,2021-08-09,Ricardo Resende,Botafogo FR,1,2021-07-16,2022-03-27,0
2021,Botafogo,17,2021-08-13,Ricardo Resende,Botafogo FR,1,2021-07-16,2022-03-27,0
2021,Botafogo,18,2021-08-15,Ricardo Resende,Botafogo FR,1,2021-07-16,2022-03-27,0
2021,Botafogo,19,2021-08-19,Ricardo Resende,Botafogo FR,1,2021-07-16,2022-03-27,0
2021,Botafogo,20,2021-08-22,Ricardo Resende,Botafogo FR,1,2021-07-16,2022-03-27,0
2021,Botafogo,21,2021-08-28,Ricardo Resende,Botafogo FR,1,2021-07-16,2022-03-27,0
2021,Botafogo,22,2021-09-05,Ricardo Resende,Botafogo FR,1,2021-07-16,2022-03-27,0
2021,Botafogo,23,2021-09-11,Ricardo Resende,Botafogo FR,1,2021-07-16,2022-03-27,0
2021,Botafogo,24,2021-09-18,Ricardo Resende,Botafogo FR,1,2021-07-16,2022-03-27,0
2021,Botafogo,25,2021-09-24,Ricardo Resende,Botafogo FR,1,2021-07-16,2022-03-27,0
2021,Botafogo,26,2021-09-26,Ricardo Resende,Botafogo FR,1,2021-07-16,2022-03-27,0
2021,Botafogo,27,2021-09-30,Ricardo Resende,Botafogo FR,1,2021-07-16,2022-03-27,0
2021,Botafogo,28,2021-10-03,Ricardo Resende,Botafogo FR,1,2021-07-16,2022-03-27,0
2021,Botafogo,29,2021-10-09,Ricardo Resende,Botafogo FR,1,2021-07-16,2022-03-27,0
2021,Botafogo,30,2021-10-13,Ricardo Resende,Botafogo FR,1,2021-07-16,2022-03-27,0
2021,Botafogo,31,2021-10-21,Ricardo Resende,Botafogo FR,1,2021-07-16,2022-03-27,0
2021,Botafogo,32,2021-10-27,Ricardo Resende,Botafogo FR,1,2021-07-16,2022-03-27,0
2021,Botafogo,33,2021-11-03,Ricardo Resende,Botafogo FR,1,2021-07-16,2022-03-27,0
2021,Botafogo,34,2021-11-07,Ricardo Resende,Botafogo FR,1,2021-07-16,2022-03-27,0
2021,Botafogo,35,2021-11-11,Ricardo Resende,Botafogo FR,1,2021-07-16,2022-03-27,0
2021,Botafogo,36,2021-11-15,Ricardo Resende,Botafogo FR,1,2021-07-16,2022-03-27,0
2021,Botafogo,37,2021-11-21,Ricardo Resende,Botafogo FR,1,2021-07-16,2022-03-27,0
2021,Botafogo,38,2021-11-28,Ricardo Resende,Botafogo FR,1,2021-07-16,2022-03-27,0
2019,Botafogo-SP,1,2019-04-27,Roberto Cavalo,Botafogo FC,0,2019-02-19,2019-08-06,0
2019,Botafogo-SP,2,2019-05-01,Roberto Cavalo,Botafogo FC,0,2019-02-19,2019-08-06,0
2019,Botafogo-SP,3,2019-05-10,Roberto Cavalo,Botafogo FC,0,2019-02-19,2019-08-06,0
2019,Botafogo-SP,4,2019-05-19,Roberto Cavalo,Botafogo FC,0,2019-02-19,2019-08-06,0
2019,Botafogo-SP,5,2019-05-26,Roberto Cavalo,Botafogo FC,0,2019-02-19,2019-08-06,0
2019,Botafogo-SP,6,2019-06-01,Roberto Cavalo,Botafogo FC,0,2019-02-19,2019-08-06,0
2019,Botafogo-SP,7,2019-06-08,Roberto Cavalo,Botafogo FC,0,2019-02-19,2019-08-06,0
2019,Botafogo-SP,8,2019-06-12,Roberto Cavalo,Botafogo FC,0,2019-02-19,2019-08-06,0
2019,Botafogo-SP,9,2019-07-13,Roberto Cavalo,Botafogo FC,0,2019-02-19,2019-08-06,0
2019,Botafogo-SP,10,2019-07-21,Roberto Cavalo,Botafogo FC,0,2019-02-19,2019-08-06,0
2019,Botafogo-SP,11,2019-07-24,Roberto Cavalo,Botafogo FC,0,2019-02-19,2019-08-06,0
2019,Botafogo-SP,12,2019-07-27,Roberto Cavalo,Botafogo FC,0,2019-02-19,2019-08-06,0
2019,Botafogo-SP,13,2019-07-30,Roberto Cavalo,Botafogo FC,0,2019-02-19,2019-08-06,0
2019,Botafogo-SP,14,2019-08-03,Roberto Cavalo,Botafogo FC,0,2019-02-19,2019-08-06,0
2019,Botafogo-SP,15,2019-08-10,Émerson Nunes,Botafogo FC,1,2019-08-09,2019-08-13,0
2019,Botafogo-SP,16,2019-08-17,Hemerson Maria,Botafogo FC,0,2019-08-14,2019-12-03,0
2019,Botafogo-SP,17,2019-08-21,Hemerson Maria,Botafogo FC,0,2019-08-14,2019-12-03,0
2019,Botafogo-SP,18,2019-08-24,Hemerson Maria,Botafogo FC,0,2019-08-14,2019-12-03,0
2019,Botafogo-SP,19,2019-08-28,Hemerson Maria,Botafogo FC,0,2019-08-14,2019-12-03,0
2019,Botafogo-SP,20,2019-08-31,Hemerson Maria,Botafogo FC,0,2019-08-14,2019-12-03,0
2019,Botafogo-SP,21,2019-09-07,Hemerson Maria,Botafogo FC,0,2019-08-14,2019-12-03,0
2019,Botafogo-SP,22,2019-09-14,Hemerson Maria,Botafogo FC,0,2019-08-14,2019-12-03,0
2019,Botafogo-SP,23,2019-09-18,Hemerson Maria,Botafogo FC,0,2019-08-14,2019-12-03,0
2019,Botafogo-SP,24,2019-09-25,Hemerson Maria,Botafogo FC,0,2019-08-14,2019-12-03,0
2019,Botafogo-SP,25,2019-09-28,Hemerson Maria,Botafogo FC,0,2019-08-14,2019-12-03,0
2019,Botafogo-SP,26,2019-10-05,Hemerson Maria,Botafogo FC,0,2019-08-14,2019-12-03,0
2019,Botafogo-SP,27,2019-10-09,Hemerson Maria,Botafogo FC,0,2019-08-14,2019-12-03,0
2019,Botafogo-SP,28,2019-10-12,Hemerson Maria,Botafogo FC,0,2019-08-14,2019-12-03,0
2019,Botafogo-SP,29,2019-10-15,Hemerson Maria,Botafogo FC,0,2019-08-14,2019-12-03,0
2019,Botafogo-SP,30,2019-10-18,Hemerson Maria,Botafogo FC,0,2019-08-14,2019-12-03,0
2019,Botafogo-SP,31,2019-10-25,Hemerson Maria,Botafogo FC,0,2019-08-14,2019-12-03,0
2019,Botafogo-SP,32,2019-11-01,Hemerson Maria,Botafogo FC,0,2019-08-14,2019-12-03,0
2019,Botafogo-SP,33,2019-11-05,Hemerson Maria,Botafogo FC,0,2019-08-14,2019-12-03,0
2019,Botafogo-SP,34,2019-11-08,Hemerson Maria,Botafogo FC,0,2019-08-14,2019-12-03,0
2019,Botafogo-SP,35,2019-11-14,Hemerson Maria,Botafogo FC,0,2019-08-14,2019-12-03,0
2019,Botafogo-SP,36,2019-11-16,Hemerson Maria,Botafogo FC,0,2019-08-14,2019-12-03,0
2019,Botafogo-SP,37,2019-11-23,Hemerson Maria,Botafogo FC,0,2019-08-14,2019-12-03,0
2019,Botafogo-SP,38,2019-11-29,Hemerson Maria,Botafogo FC,0,2019-08-14,2019-12-03,0
2020,Botafogo-SP,1,2020-08-09,Claudinei Oliveira,Botafogo FC,0,2020-02-17,2020-11-21,0
2020,Botafogo-SP,2,2020-08-12,Claudinei Oliveira,Botafogo FC,0,2020-02-17,2020-11-21,0
2020,Botafogo-SP,3,2020-08-15,Claudinei Oliveira,Botafogo FC,0,2020-02-17,2020-11-21,0
2020,Botafogo-SP,4,2020-08-19,Claudinei Oliveira,Botafogo FC,0,2020-02-17,2020-11-21,0
2020,Botafogo-SP,5,2020-08-22,Claudinei Oliveira,Botafogo FC,0,2020-02-17,2020-11-21,0
2020,Botafogo-SP,6,2020-08-29,Claudinei Oliveira,Botafogo FC,0,2020-02-17,2020-11-21,0
2020,Botafogo-SP,7,2020-09-01,Claudinei Oliveira,Botafogo FC,0,2020-02-17,2020-11-21,0
2020,Botafogo-SP,8,2020-09-05,Claudinei Oliveira,Botafogo FC,0,2020-02-17,2020-11-21,0
2020,Botafogo-SP,9,2020-09-13,Claudinei Oliveira,Botafogo FC,0,2020-02-17,2020-11-21,0
2020,Botafogo-SP,10,2020-09-22,Claudinei Oliveira,Botafogo FC,0,2020-02-17,2020-11-21,0
2020,Botafogo-SP,11,2020-09-26,Claudinei Oliveira,Botafogo FC,0,2020-02-17,2020-11-21,0
2020,Botafogo-SP,12,2020-09-30,Claudinei Oliveira,Botafogo FC,0,2020-02-17,2020-11-21,0
2020,Botafogo-SP,13,2020-10-03,Claudinei Oliveira,Botafogo FC,0,2020-02-17,2020-11-21,0
2020,Botafogo-SP,14,2020-10-06,Claudinei Oliveira,Botafogo FC,0,2020-02-17,2020-11-21,0
2020,Botafogo-SP,15,2020-10-12,Claudinei Oliveira,Botafogo FC,0,2020-02-17,2020-11-21,0
2020,Botafogo-SP,16,2020-10-17,Claudinei Oliveira,Botafogo FC,0,2020-02-17,2020-11-21,0
2020,Botafogo-SP,17,2020-10-21,Claudinei Oliveira,Botafogo FC,0,2020-02-17,2020-11-21,0
2020,Botafogo-SP,18,2020-10-26,Claudinei Oliveira,Botafogo FC,0,2020-02-17,2020-11-21,0
2020,Botafogo-SP,19,2020-10-31,Claudinei Oliveira,Botafogo FC,0,2020-02-17,2020-11-21,0
2020,Botafogo-SP,20,2020-11-06,Claudinei Oliveira,Botafogo FC,0,2020-02-17,2020-11-21,0
2020,Botafogo-SP,21,2020-11-11,Claudinei Oliveira,Botafogo FC,0,2020-02-17,2020-11-21,0
2020,Botafogo-SP,22,2020-11-20,Claudinei Oliveira,Botafogo FC,0,2020-02-17,2020-11-21,0
2020,Botafogo-SP,23,2020-11-24,Moacir Júnior,Botafogo FC,0,2020-11-23,2021-01-28,0
2020,Botafogo-SP,24,2020-11-27,Moacir Júnior,Botafogo FC,0,2020-11-23,2021-01-28,0
2020,Botafogo-SP,25,2020-12-02,Moacir Júnior,Botafogo FC,0,2020-11-23,2021-01-28,0
2020,Botafogo-SP,26,2020-12-06,Moacir Júnior,Botafogo FC,0,2020-11-23,2021-01-28,0
2020,Botafogo-SP,27,2020-12-08,Moacir Júnior,Botafogo FC,0,2020-11-23,2021-01-28,0
2020,Botafogo-SP,28,2020-12-13,Moacir Júnior,Botafogo FC,0,2020-11-23,2021-01-28,0
2020,Botafogo-SP,29,2020-12-16,Moacir Júnior,Botafogo FC,0,2020-11-23,2021-01-28,0
2020,Botafogo-SP,30,2020-12-20,Moacir Júnior,Botafogo FC,0,2020-11-23,2021-01-28,0
2020,Botafogo-SP,31,2020-12-23,Moacir Júnior,Botafogo FC,0,2020-11-23,2021-01-28,0
2021,Botafogo-SP,1,2021-01-04,Moacir Júnior,Botafogo FC,0,2020-11-23,2021-01-28,0
2021,Botafogo-SP,2,2021-01-10,Moacir Júnior,Botafogo FC,0,2020-11-23,2021-01-28,0
2021,Botafogo-SP,3,2021-01-12,Moacir Júnior,Botafogo FC,0,2020-11-23,2021-01-28,0
2021,Botafogo-SP,4,2021-01-16,Moacir Júnior,Botafogo FC,0,2020-11-23,2021-01-28,0
2021,Botafogo-SP,5,2021-01-19,Moacir Júnior,Botafogo FC,0,2020-11-23,2021-01-28,0
2021,Botafogo-SP,6,2021-01-27,Moacir Júnior,Botafogo FC,0,2020-11-23,2021-01-28,0
2023,Botafogo-SP,1,2023-04-15,Adilson Batista,Botafogo FC,0,2023-02-28,2023-06-24,0
2023,Botafogo-SP,2,2023-04-22,Adilson Batista,Botafogo FC,0,2023-02-28,2023-06-24,0
2023,Botafogo-SP,3,2023-04-29,Adilson Batista,Botafogo FC,0,2023-02-28,2023-06-24,0
2023,Botafogo-SP,4,2023-05-03,Adilson Batista,Botafogo FC,0,2023-02-28,2023-06-24,0
2023,Botafogo-SP,5,2023-05-06,Adilson Batista,Botafogo FC,0,2023-02-28,2023-06-24,0
2023,Botafogo-SP,6,2023-05-14,Adilson Batista,Botafogo FC,0,2023-02-28,2023-06-24,0
2023,Botafogo-SP,7,2023-05-20,Adilson Batista,Botafogo FC,0,2023-02-28,2023-06-24,0
2023,Botafogo-SP,8,2023-05-24,Adilson Batista,Botafogo FC,0,2023-02-28,2023-06-24,0
2023,Botafogo-SP,9,2023-05-27,Adilson Batista,Botafogo FC,0,2023-02-28,2023-06-24,0
2023,Botafogo-SP,10,2023-06-03,Adilson Batista,Botafogo FC,0,2023-02-28,2023-06-24,0
2023,Botafogo-SP,11,2023-06-07,Adilson Batista,Botafogo FC,0,2023-02-28,2023-06-24,0
2023,Botafogo-SP,12,2023-06-11,Adilson Batista,Botafogo FC,0,2023-02-28,2023-06-24,0
2023,Botafogo-SP,13,2023-06-24,Adilson Batista,Botafogo FC,0,2023-02-28,2023-06-24,0
2023,Botafogo-SP,14,2023-06-28,José Leão,Botafogo FC,1,2023-06-27,2023-06-29,0
2023,Botafogo-SP,15,2023-07-04,Marcelo Chamusca,Botafogo FC,0,2023-06-30,2023-11-22,0
2023,Botafogo-SP,16,2023-07-08,Marcelo Chamusca,Botafogo FC,0,2023-06-30,2023-11-22,0
2023,Botafogo-SP,17,2023-07-18,Marcelo Chamusca,Botafogo FC,0,2023-06-30,2023-11-22,0
2023,Botafogo-SP,18,2023-07-25,Marcelo Chamusca,Botafogo FC,0,2023-06-30,2023-11-22,0
2023,Botafogo-SP,19,2023-07-29,Marcelo Chamusca,Botafogo FC,0,2023-06-30,2023-11-22,0
2023,Botafogo-SP,20,2023-08-02,Marcelo Chamusca,Botafogo FC,0,2023-06-30,2023-11-22,0
2023,Botafogo-SP,21,2023-08-05,Marcelo Chamusca,Botafogo FC,0,2023-06-30,2023-11-22,0
2023,Botafogo-SP,22,2023-08-12,Marcelo Chamusca,Botafogo FC,0,2023-06-30,2023-11-22,0
2023,Botafogo-SP,23,2023-08-19,Marcelo Chamusca,Botafogo FC,0,2023-06-30,2023-11-22,0
2023,Botafogo-SP,24,2023-08-24,Marcelo Chamusca,Botafogo FC,0,2023-06-30,2023-11-22,0
2023,Botafogo-SP,25,2023-08-29,Marcelo Chamusca,Botafogo FC,0,2023-06-30,2023-11-22,0
2023,Botafogo-SP,26,2023-09-03,Marcelo Chamusca,Botafogo FC,0,2023-06-30,2023-11-22,0
2023,Botafogo-SP,27,2023-09-10,Marcelo Chamusca,Botafogo FC,0,2023-06-30,2023-11-22,0
2023,Botafogo-SP,28,2023-09-16,Marcelo Chamusca,Botafogo FC,0,2023-06-30,2023-11-22,0
2023,Botafogo-SP,29,2023-09-23,Marcelo Chamusca,Botafogo FC,0,2023-06-30,2023-11-22,0
2023,Botafogo-SP,30,2023-09-30,Marcelo Chamusca,Botafogo FC,0,2023-06-30,2023-11-22,0
2023,Botafogo-SP,31,2023-10-07,Marcelo Chamusca,Botafogo FC,0,2023-06-30,2023-11-22,0
2023,Botafogo-SP,32,2023-10-12,Marcelo Chamusca,Botafogo FC,0,2023-06-30,2023-11-22,0
2023,Botafogo-SP,33,2023-10-21,Marcelo Chamusca,Botafogo FC,0,2023-06-30,2023-11-22,0
2023,Botafogo-SP,34,2023-10-28,Marcelo Chamusca,Botafogo FC,0,2023-06-30,2023-11-22,0
2023,Botafogo-SP,35,2023-11-04,Marcelo Chamusca,Botafogo FC,0,2023-06-30,2023-11-22,0
2023,Botafogo-SP,36,2023-11-11,Marcelo Chamusca,Botafogo FC,0,2023-06-30,2023-11-22,0
2023,Botafogo-SP,37,2023-11-18,Marcelo Chamusca,Botafogo FC,0,2023-06-30,2023-11-22,0
2023,Botafogo-SP,38,2023-11-25,José Leão,Botafogo FC,1,2023-11-23,2023-11-27,0
2024,Botafogo-SP,1,2024-04-20,Paulo Gomes,Botafogo FC,0,2023-12-07,2024-10-01,0
2024,Botafogo-SP,2,2024-04-27,Paulo Gomes,Botafogo FC,0,2023-12-07,2024-10-01,0
2024,Botafogo-SP,3,2024-05-08,Paulo Gomes,Botafogo FC,0,2023-12-07,2024-10-01,0
2024,Botafogo-SP,4,2024-05-11,Paulo Gomes,Botafogo FC,0,2023-12-07,2024-10-01,0
2024,Botafogo-SP,5,2024-05-15,Paulo Gomes,Botafogo FC,0,2023-12-07,2024-10-01,0
2024,Botafogo-SP,6,2024-05-18,Paulo Gomes,Botafogo FC,0,2023-12-07,2024-10-01,0
2024,Botafogo-SP,7,2024-05-28,Paulo Gomes,Botafogo FC,0,2023-12-07,2024-10-01,0
2024,Botafogo-SP,8,2024-06-04,Paulo Gomes,Botafogo FC,0,2023-12-07,2024-10-01,0
2024,Botafogo-SP,9,2024-06-16,Paulo Gomes,Botafogo FC,0,2023-12-07,2024-10-01,0
2024,Botafogo-SP,10,2024-06-20,Paulo Gomes,Botafogo FC,0,2023-12-07,2024-10-01,0
2024,Botafogo-SP,11,2024-06-22,Paulo Gomes,Botafogo FC,0,2023-12-07,2024-10-01,0
2024,Botafogo-SP,12,2024-06-29,Paulo Gomes,Botafogo FC,0,2023-12-07,2024-10-01,0
2024,Botafogo-SP,13,2024-07-07,Paulo Gomes,Botafogo FC,0,2023-12-07,2024-10-01,0
2024,Botafogo-SP,14,2024-07-13,Paulo Gomes,Botafogo FC,0,2023-12-07,2024-10-01,0
2024,Botafogo-SP,15,2024-07-18,Paulo Gomes,Botafogo FC,0,2023-12-07,2024-10-01,0
2024,Botafogo-SP,16,2024-07-21,Paulo Gomes,Botafogo FC,0,2023-12-07,2024-10-01,0
2024,Botafogo-SP,17,2024-07-26,Paulo Gomes,Botafogo FC,0,2023-12-07,2024-10-01,0
2024,Botafogo-SP,18,2024-07-31,Paulo Gomes,Botafogo FC,0,2023-12-07,2024-10-01,0
2024,Botafogo-SP,19,2024-08-03,Paulo Gomes,Botafogo FC,0,2023-12-07,2024-10-01,0
2024,Botafogo-SP,20,2024-08-10,Paulo Gomes,Botafogo FC,0,2023-12-07,2024-10-01,0
2024,Botafogo-SP,21,2024-08-18,Paulo Gomes,Botafogo FC,0,2023-12-07,2024-10-01,0
2024,Botafogo-SP,22,2024-08-22,Paulo Gomes,Botafogo FC,0,2023-12-07,2024-10-01,0
2024,Botafogo-SP,23,2024-08-31,Paulo Gomes,Botafogo FC,0,2023-12-07,2024-10-01,0
2024,Botafogo-SP,24,2024-09-10,Paulo Gomes,Botafogo FC,0,2023-12-07,2024-10-01,0
2024,Botafogo-SP,25,2024-09-14,Paulo Gomes,Botafogo FC,0,2023-12-07,2024-10-01,0
2024,Botafogo-SP,26,2024-09-20,Paulo Gomes,Botafogo FC,0,2023-12-07,2024-10-01,0
2024,Botafogo-SP,27,2024-09-25,Paulo Gomes,Botafogo FC,0,2023-12-07,2024-10-01,0
2024,Botafogo-SP,28,2024-09-28,Paulo Gomes,Botafogo FC,0,2023-12-07,2024-10-01,0
2024,Botafogo-SP,29,2024-10-05,Márcio Zanardi,Botafogo FC,0,2024-10-03,2025-05-18,0
2024,Botafogo-SP,30,2024-10-10,Márcio Zanardi,Botafogo FC,0,2024-10-03,2025-05-18,0
2024,Botafogo-SP,31,2024-10-13,Márcio Zanardi,Botafogo FC,0,2024-10-03,2025-05-18,0
2024,Botafogo-SP,32,2024-10-21,Márcio Zanardi,Botafogo FC,0,2024-10-03,2025-05-18,0
2024,Botafogo-SP,33,2024-10-24,Márcio Zanardi,Botafogo FC,0,2024-10-03,2025-05-18,0
2024,Botafogo-SP,34,2024-10-30,Márcio Zanardi,Botafogo FC,0,2024-10-03,2025-05-18,0
2024,Botafogo-SP,35,2024-11-06,Márcio Zanardi,Botafogo FC,0,2024-10-03,2025-05-18,0
2024,Botafogo-SP,36,2024-11-13,Márcio Zanardi,Botafogo FC,0,2024-10-03,2025-05-18,0
2024,Botafogo-SP,37,2024-11-19,Márcio Zanardi,Botafogo FC,0,2024-10-03,2025-05-18,0
2024,Botafogo-SP,38,2024-11-22,Márcio Zanardi,Botafogo FC,0,2024-10-03,2025-05-18,0
2025,Botafogo-SP,1,2025-04-05,Márcio Zanardi,Botafogo FC,0,2024-10-03,2025-05-18,0
2025,Botafogo-SP,2,2025-04-14,Márcio Zanardi,Botafogo FC,0,2024-10-03,2025-05-18,0
2025,Botafogo-SP,3,2025-04-18,Márcio Zanardi,Botafogo FC,0,2024-10-03,2025-05-18,0
2025,Botafogo-SP,4,2025-04-20,Márcio Zanardi,Botafogo FC,0,2024-10-03,2025-05-18,0
2025,Botafogo-SP,5,2025-04-29,Márcio Zanardi,Botafogo FC,0,2024-10-03,2025-05-18,0
2025,Botafogo-SP,6,2025-05-04,Márcio Zanardi,Botafogo FC,0,2024-10-03,2025-05-18,0
2025,Botafogo-SP,7,2025-05-13,Márcio Zanardi,Botafogo FC,0,2024-10-03,2025-05-18,0
2025,Botafogo-SP,8,2025-05-17,Márcio Zanardi,Botafogo FC,0,2024-10-03,2025-05-18,0
2025,Botafogo-SP,9,2025-05-27,Allan Aal,Botafogo FC,0,2025-05-20,2025-10-06,0
2025,Botafogo-SP,10,2025-05-30,Allan Aal,Botafogo FC,0,2025-05-20,2025-10-06,0
2025,Botafogo-SP,11,2025-06-05,Allan Aal,Botafogo FC,0,2025-05-20,2025-10-06,0
2025,Botafogo-SP,12,2025-06-14,Allan Aal,Botafogo FC,0,2025-05-20,2025-10-06,0
2025,Botafogo-SP,13,2025-06-21,Allan Aal,Botafogo FC,0,2025-05-20,2025-10-06,0
2025,Botafogo-SP,14,2025-07-01,Allan Aal,Botafogo FC,0,2025-05-20,2025-10-06,0
2025,Botafogo-SP,15,2025-07-06,Allan Aal,Botafogo FC,0,2025-05-20,2025-10-06,0
2025,Botafogo-SP,16,2025-07-15,Allan Aal,Botafogo FC,0,2025-05-20,2025-10-06,0
2025,Botafogo-SP,17,2025-07-20,Allan Aal,Botafogo FC,0,2025-05-20,2025-10-06,0
2025,Botafogo-SP,18,2025-07-25,Allan Aal,Botafogo FC,0,2025-05-20,2025-10-06,0
2025,Botafogo-SP,19,2025-07-29,Allan Aal,Botafogo FC,0,2025-05-20,2025-10-06,0
2025,Botafogo-SP,20,2025-08-02,Allan Aal,Botafogo FC,0,2025-05-20,2025-10-06,0
2025,Botafogo-SP,21,2025-08-10,Allan Aal,Botafogo FC,0,2025-05-20,2025-10-06,0
2025,Botafogo-SP,22,2025-08-16,Allan Aal,Botafogo FC,0,2025-05-20,2025-10-06,0
2025,Botafogo-SP,23,2025-08-26,Allan Aal,Botafogo FC,0,2025-05-20,2025-10-06,0
2025,Botafogo-SP,24,2025-08-30,Allan Aal,Botafogo FC,0,2025-05-20,2025-10-06,0
2025,Botafogo-SP,25,2025-09-06,Allan Aal,Botafogo FC,0,2025-05-20,2025-10-06,0
2025,Botafogo-SP,26,2025-09-14,Allan Aal,Botafogo FC,0,2025-05-20,2025-10-06,0
2025,Botafogo-SP,27,2025-09-19,Allan Aal,Botafogo FC,0,2025-05-20,2025-10-06,0
2025,Botafogo-SP,28,2025-09-25,Allan Aal,Botafogo FC,0,2025-05-20,2025-10-06,0
2025,Botafogo-SP,29,2025-09-28,Allan Aal,Botafogo FC,0,2025-05-20,2025-10-06,0
2025,Botafogo-SP,30,2025-10-04,Allan Aal,Botafogo FC,0,2025-05-20,2025-10-06,0
2026,Botafogo-SP,1,2026-03-21,Claudio Tencati,Botafogo FC,0,2025-11-24,,0
2026,Botafogo-SP,2,2026-04-01,Claudio Tencati,Botafogo FC,0,2025-11-24,,0
2026,Botafogo-SP,3,2026-04-06,Claudio Tencati,Botafogo FC,0,2025-11-24,,0
2026,Botafogo-SP,4,2026-04-11,Claudio Tencati,Botafogo FC,0,2025-11-24,,0
2026,Botafogo-SP,5,2026-04-19,Claudio Tencati,Botafogo FC,0,2025-11-24,,0
2026,Botafogo-SP,6,2026-04-23,Claudio Tencati,Botafogo FC,0,2025-11-24,,0
2026,Botafogo-SP,7,2026-05-02,Claudio Tencati,Botafogo FC,0,2025-11-24,,0
2026,Botafogo-SP,8,2026-05-11,Claudio Tencati,Botafogo FC,0,2025-11-24,,0
2026,Botafogo-SP,9,2026-05-16,Claudio Tencati,Botafogo FC,0,2025-11-24,,0
2026,Botafogo-SP,10,2026-05-26,Claudio Tencati,Botafogo FC,0,2025-11-24,,0
2026,Botafogo-SP,11,2026-06-02,Claudio Tencati,Botafogo FC,0,2025-11-24,,0
2026,Botafogo-SP,12,2026-06-09,Claudio Tencati,Botafogo FC,0,2025-11-24,,0
2026,Botafogo-SP,13,2026-06-15,Claudio Tencati,Botafogo FC,0,2025-11-24,,0
2026,Botafogo-SP,14,2026-06-21,Claudio Tencati,Botafogo FC,0,2025-11-24,,0
2026,Botafogo-SP,15,2026-07-01,Claudio Tencati,Botafogo FC,0,2025-11-24,,0
2026,Botafogo-SP,16,2026-07-07,Claudio Tencati,Botafogo FC,0,2025-11-24,,0
2026,Botafogo-SP,17,2026-07-11,Claudio Tencati,Botafogo FC,0,2025-11-24,,0
2026,Botafogo-SP,18,2026-07-18,Claudio Tencati,Botafogo FC,0,2025-11-24,,0
2026,Botafogo-SP,19,2026-07-24,Claudio Tencati,Botafogo FC,0,2025-11-24,,0
2026,Botafogo-SP,20,2026-07-29,Claudio Tencati,Botafogo FC,0,2025-11-24,,0
2026,Botafogo-SP,21,2026-08-08,Claudio Tencati,Botafogo FC,0,2025-11-24,,0
2026,Botafogo-SP,22,2026-08-15,Claudio Tencati,Botafogo FC,0,2025-11-24,,0
2026,Botafogo-SP,23,2026-08-20,Claudio Tencati,Botafogo FC,0,2025-11-24,,0
2026,Botafogo-SP,24,2026-08-26,Claudio Tencati,Botafogo FC,0,2025-11-24,,0
2026,Botafogo-SP,25,2026-08-29,Claudio Tencati,Botafogo FC,0,2025-11-24,,0
2026,Botafogo-SP,26,2026-09-04,Claudio Tencati,Botafogo FC,0,2025-11-24,,0
2026,Botafogo-SP,27,2026-09-10,Claudio Tencati,Botafogo FC,0,2025-11-24,,0
2019,Bragantino,1,2019-04-27,Antônio Carlos Zago,CA Bragantino,0,2019-04-23,2020-01-01,0
2019,Bragantino,2,2019-05-07,Antônio Carlos Zago,CA Bragantino,0,2019-04-23,2020-01-01,0
2019,Bragantino,3,2019-05-11,Antônio Carlos Zago,CA Bragantino,0,2019-04-23,2020-01-01,0
2019,Bragantino,4,2019-05-18,Antônio Carlos Zago,CA Bragantino,0,2019-04-23,2020-01-01,0
2019,Bragantino,5,2019-05-22,Antônio Carlos Zago,CA Bragantino,0,2019-04-23,2020-01-01,0
2019,Bragantino,6,2019-06-01,Antônio Carlos Zago,CA Bragantino,0,2019-04-23,2020-01-01,0
2019,Bragantino,7,2019-06-05,Antônio Carlos Zago,CA Bragantino,0,2019-04-23,2020-01-01,0
2019,Bragantino,8,2019-06-12,Antônio Carlos Zago,CA Bragantino,0,2019-04-23,2020-01-01,0
2019,Bragantino,9,2019-07-14,Antônio Carlos Zago,CA Bragantino,0,2019-04-23,2020-01-01,0
2019,Bragantino,10,2019-07-20,Antônio Carlos Zago,CA Bragantino,0,2019-04-23,2020-01-01,0
2019,Bragantino,11,2019-07-24,Antônio Carlos Zago,CA Bragantino,0,2019-04-23,2020-01-01,0
2019,Bragantino,12,2019-07-28,Antônio Carlos Zago,CA Bragantino,0,2019-04-23,2020-01-01,0
2019,Bragantino,13,2019-07-31,Antônio Carlos Zago,CA Bragantino,0,2019-04-23,2020-01-01,0
2019,Bragantino,14,2019-08-03,Antônio Carlos Zago,CA Bragantino,0,2019-04-23,2020-01-01,0
2019,Bragantino,15,2019-08-10,Antônio Carlos Zago,CA Bragantino,0,2019-04-23,2020-01-01,0
2019,Bragantino,16,2019-08-13,Antônio Carlos Zago,CA Bragantino,0,2019-04-23,2020-01-01,0
2019,Bragantino,17,2019-08-20,Antônio Carlos Zago,CA Bragantino,0,2019-04-23,2020-01-01,0
2019,Bragantino,18,2019-08-23,Antônio Carlos Zago,CA Bragantino,0,2019-04-23,2020-01-01,0
2019,Bragantino,19,2019-08-27,Antônio Carlos Zago,CA Bragantino,0,2019-04-23,2020-01-01,0
2019,Bragantino,20,2019-09-01,Antônio Carlos Zago,CA Bragantino,0,2019-04-23,2020-01-01,0
2019,Bragantino,21,2019-09-08,Antônio Carlos Zago,CA Bragantino,0,2019-04-23,2020-01-01,0
2019,Bragantino,22,2019-09-14,Antônio Carlos Zago,CA Bragantino,0,2019-04-23,2020-01-01,0
2019,Bragantino,23,2019-09-21,Antônio Carlos Zago,CA Bragantino,0,2019-04-23,2020-01-01,0
2019,Bragantino,24,2019-09-25,Antônio Carlos Zago,CA Bragantino,0,2019-04-23,2020-01-01,0
2019,Bragantino,25,2019-09-29,Antônio Carlos Zago,CA Bragantino,0,2019-04-23,2020-01-01,0
2019,Bragantino,26,2019-10-05,Antônio Carlos Zago,CA Bragantino,0,2019-04-23,2020-01-01,0
2019,Bragantino,27,2019-10-09,Antônio Carlos Zago,CA Bragantino,0,2019-04-23,2020-01-01,0
2019,Bragantino,28,2019-10-12,Antônio Carlos Zago,CA Bragantino,0,2019-04-23,2020-01-01,0
2019,Bragantino,29,2019-10-16,Antônio Carlos Zago,CA Bragantino,0,2019-04-23,2020-01-01,0
2019,Bragantino,30,2019-10-19,Antônio Carlos Zago,CA Bragantino,0,2019-04-23,2020-01-01,0
2019,Bragantino,31,2019-10-26,Antônio Carlos Zago,CA Bragantino,0,2019-04-23,2020-01-01,0
2019,Bragantino,32,2019-11-02,Antônio Carlos Zago,CA Bragantino,0,2019-04-23,2020-01-01,0
2019,Bragantino,33,2019-11-06,Antônio Carlos Zago,CA Bragantino,0,2019-04-23,2020-01-01,0
2019,Bragantino,34,2019-11-08,Antônio Carlos Zago,CA Bragantino,0,2019-04-23,2020-01-01,0
2019,Bragantino,35,2019-11-13,Antônio Carlos Zago,CA Bragantino,0,2019-04-23,2020-01-01,0
2019,Bragantino,36,2019-11-15,Antônio Carlos Zago,CA Bragantino,0,2019-04-23,2020-01-01,0
2019,Bragantino,37,2019-11-24,Antônio Carlos Zago,CA Bragantino,0,2019-04-23,2020-01-01,0
2019,Bragantino,38,2019-11-30,Antônio Carlos Zago,CA Bragantino,0,2019-04-23,2020-01-01,0
2018,Brasil de Pelotas,1,2018-04-14,Clemer,GE Brasil,0,2017-07-21,2018-06-17,0
2018,Brasil de Pelotas,2,2018-04-21,Clemer,GE Brasil,0,2017-07-21,2018-06-17,0
2018,Brasil de Pelotas,3,2018-04-28,Clemer,GE Brasil,0,2017-07-21,2018-06-17,0
2018,Brasil de Pelotas,4,2018-05-01,Clemer,GE Brasil,0,2017-07-21,2018-06-17,0
2018,Brasil de Pelotas,5,2018-05-09,Clemer,GE Brasil,0,2017-07-21,2018-06-17,0
2018,Brasil de Pelotas,6,2018-05-20,Clemer,GE Brasil,0,2017-07-21,2018-06-17,0
2018,Brasil de Pelotas,7,2018-05-26,Clemer,GE Brasil,0,2017-07-21,2018-06-17,0
2018,Brasil de Pelotas,8,2018-06-02,Clemer,GE Brasil,0,2017-07-21,2018-06-17,0
2018,Brasil de Pelotas,9,2018-06-06,Clemer,GE Brasil,0,2017-07-21,2018-06-17,0
2018,Brasil de Pelotas,10,2018-06-10,Clemer,GE Brasil,0,2017-07-21,2018-06-17,0
2018,Brasil de Pelotas,11,2018-06-16,Clemer,GE Brasil,0,2017-07-21,2018-06-17,0
2018,Brasil de Pelotas,12,2018-06-22,Gustavo Papa,GE Brasil,1,2018-06-22,2018-06-24,0
2018,Brasil de Pelotas,13,2018-06-30,Gilmar Dal Pozzo,GE Brasil,0,2018-06-19,2018-08-29,0
2018,Brasil de Pelotas,14,2018-07-06,Gilmar Dal Pozzo,GE Brasil,0,2018-06-19,2018-08-29,0
2018,Brasil de Pelotas,15,2018-07-13,Gilmar Dal Pozzo,GE Brasil,0,2018-06-19,2018-08-29,0
2018,Brasil de Pelotas,16,2018-07-18,Gilmar Dal Pozzo,GE Brasil,0,2018-06-19,2018-08-29,0
2018,Brasil de Pelotas,17,2018-07-25,Gilmar Dal Pozzo,GE Brasil,0,2018-06-19,2018-08-29,0
2018,Brasil de Pelotas,18,2018-07-28,Gilmar Dal Pozzo,GE Brasil,0,2018-06-19,2018-08-29,0
2018,Brasil de Pelotas,19,2018-08-04,Gilmar Dal Pozzo,GE Brasil,0,2018-06-19,2018-08-29,0
2018,Brasil de Pelotas,20,2018-08-11,Gilmar Dal Pozzo,GE Brasil,0,2018-06-19,2018-08-29,0
2018,Brasil de Pelotas,21,2018-08-15,Gilmar Dal Pozzo,GE Brasil,0,2018-06-19,2018-08-29,0
2018,Brasil de Pelotas,22,2018-08-22,Gilmar Dal Pozzo,GE Brasil,0,2018-06-19,2018-08-29,0
2018,Brasil de Pelotas,23,2018-08-25,Gilmar Dal Pozzo,GE Brasil,0,2018-06-19,2018-08-29,0
2018,Brasil de Pelotas,24,2018-08-28,Gilmar Dal Pozzo,GE Brasil,0,2018-06-19,2018-08-29,0
2018,Brasil de Pelotas,25,2018-09-05,Rogério Zimermann,GE Brasil,0,2018-08-29,2018-11-26,0
2018,Brasil de Pelotas,26,2018-09-08,Rogério Zimermann,GE Brasil,0,2018-08-29,2018-11-26,0
2018,Brasil de Pelotas,27,2018-09-15,Rogério Zimermann,GE Brasil,0,2018-08-29,2018-11-26,0
2018,Brasil de Pelotas,28,2018-09-22,Rogério Zimermann,GE Brasil,0,2018-08-29,2018-11-26,0
2018,Brasil de Pelotas,29,2018-09-26,Rogério Zimermann,GE Brasil,0,2018-08-29,2018-11-26,0
2018,Brasil de Pelotas,30,2018-10-06,Rogério Zimermann,GE Brasil,0,2018-08-29,2018-11-26,0
2018,Brasil de Pelotas,31,2018-10-10,Rogério Zimermann,GE Brasil,0,2018-08-29,2018-11-26,0
2018,Brasil de Pelotas,32,2018-10-17,Rogério Zimermann,GE Brasil,0,2018-08-29,2018-11-26,0
2018,Brasil de Pelotas,33,2018-10-24,Rogério Zimermann,GE Brasil,0,2018-08-29,2018-11-26,0
2018,Brasil de Pelotas,34,2018-11-02,Rogério Zimermann,GE Brasil,0,2018-08-29,2018-11-26,0
2018,Brasil de Pelotas,35,2018-11-06,Rogério Zimermann,GE Brasil,0,2018-08-29,2018-11-26,0
2018,Brasil de Pelotas,36,2018-11-09,Rogério Zimermann,GE Brasil,0,2018-08-29,2018-11-26,0
2018,Brasil de Pelotas,37,2018-11-17,Rogério Zimermann,GE Brasil,0,2018-08-29,2018-11-26,0
2018,Brasil de Pelotas,38,2018-11-24,Rogério Zimermann,GE Brasil,0,2018-08-29,2018-11-26,0
2019,Brasil de Pelotas,1,2019-04-27,Rogério Zimermann,GE Brasil,0,2019-03-27,2019-07-09,0
2019,Brasil de Pelotas,2,2019-05-04,Rogério Zimermann,GE Brasil,0,2019-03-27,2019-07-09,0
2019,Brasil de Pelotas,3,2019-05-12,Rogério Zimermann,GE Brasil,0,2019-03-27,2019-07-09,0
2019,Brasil de Pelotas,4,2019-05-15,Rogério Zimermann,GE Brasil,0,2019-03-27,2019-07-09,0
2019,Brasil de Pelotas,5,2019-05-26,Rogério Zimermann,GE Brasil,0,2019-03-27,2019-07-09,0
2019,Brasil de Pelotas,6,2019-05-29,Rogério Zimermann,GE Brasil,0,2019-03-27,2019-07-09,0
2019,Brasil de Pelotas,7,2019-06-08,Rogério Zimermann,GE Brasil,0,2019-03-27,2019-07-09,0
2019,Brasil de Pelotas,8,2019-06-12,Rogério Zimermann,GE Brasil,0,2019-03-27,2019-07-09,0
2019,Brasil de Pelotas,9,2019-07-13,Gustavo Papa,GE Brasil,1,2019-07-09,2019-07-16,0
2019,Brasil de Pelotas,10,2019-07-19,Bolívar,GE Brasil,0,2019-07-17,2019-12-03,0
2019,Brasil de Pelotas,11,2019-07-23,Bolívar,GE Brasil,0,2019-07-17,2019-12-03,0
2019,Brasil de Pelotas,12,2019-07-28,Bolívar,GE Brasil,0,2019-07-17,2019-12-03,0
2019,Brasil de Pelotas,13,2019-07-31,Bolívar,GE Brasil,0,2019-07-17,2019-12-03,0
2019,Brasil de Pelotas,14,2019-08-03,Bolívar,GE Brasil,0,2019-07-17,2019-12-03,0
2019,Brasil de Pelotas,15,2019-08-09,Bolívar,GE Brasil,0,2019-07-17,2019-12-03,0
2019,Brasil de Pelotas,16,2019-08-14,Bolívar,GE Brasil,0,2019-07-17,2019-12-03,0
2019,Brasil de Pelotas,17,2019-08-21,Bolívar,GE Brasil,0,2019-07-17,2019-12-03,0
2019,Brasil de Pelotas,18,2019-08-24,Bolívar,GE Brasil,0,2019-07-17,2019-12-03,0
2019,Brasil de Pelotas,19,2019-08-28,Bolívar,GE Brasil,0,2019-07-17,2019-12-03,0
2019,Brasil de Pelotas,20,2019-09-01,Bolívar,GE Brasil,0,2019-07-17,2019-12-03,0
2019,Brasil de Pelotas,21,2019-09-04,Bolívar,GE Brasil,0,2019-07-17,2019-12-03,0
2019,Brasil de Pelotas,22,2019-09-10,Bolívar,GE Brasil,0,2019-07-17,2019-12-03,0
2019,Brasil de Pelotas,23,2019-09-20,Bolívar,GE Brasil,0,2019-07-17,2019-12-03,0
2019,Brasil de Pelotas,24,2019-09-25,Bolívar,GE Brasil,0,2019-07-17,2019-12-03,0
2019,Brasil de Pelotas,25,2019-09-28,Bolívar,GE Brasil,0,2019-07-17,2019-12-03,0
2019,Brasil de Pelotas,26,2019-10-06,Bolívar,GE Brasil,0,2019-07-17,2019-12-03,0
2019,Brasil de Pelotas,27,2019-10-09,Bolívar,GE Brasil,0,2019-07-17,2019-12-03,0
2019,Brasil de Pelotas,28,2019-10-12,Bolívar,GE Brasil,0,2019-07-17,2019-12-03,0
2019,Brasil de Pelotas,29,2019-10-16,Bolívar,GE Brasil,0,2019-07-17,2019-12-03,0
2019,Brasil de Pelotas,30,2019-10-20,Bolívar,GE Brasil,0,2019-07-17,2019-12-03,0
2019,Brasil de Pelotas,31,2019-10-26,Bolívar,GE Brasil,0,2019-07-17,2019-12-03,0
2019,Brasil de Pelotas,32,2019-10-29,Bolívar,GE Brasil,0,2019-07-17,2019-12-03,0
2019,Brasil de Pelotas,33,2019-11-06,Bolívar,GE Brasil,0,2019-07-17,2019-12-03,0
2019,Brasil de Pelotas,34,2019-11-09,Bolívar,GE Brasil,0,2019-07-17,2019-12-03,0
2019,Brasil de Pelotas,35,2019-11-12,Bolívar,GE Brasil,0,2019-07-17,2019-12-03,0
2019,Brasil de Pelotas,36,2019-11-17,Bolívar,GE Brasil,0,2019-07-17,2019-12-03,0
2019,Brasil de Pelotas,37,2019-11-22,Bolívar,GE Brasil,0,2019-07-17,2019-12-03,0
2019,Brasil de Pelotas,38,2019-11-26,Bolívar,GE Brasil,0,2019-07-17,2019-12-03,0
2020,Brasil de Pelotas,1,2020-08-08,Hemerson Maria,GE Brasil,0,2020-03-30,2020-10-28,0
2020,Brasil de Pelotas,2,2020-08-12,Hemerson Maria,GE Brasil,0,2020-03-30,2020-10-28,0
2020,Brasil de Pelotas,3,2020-08-15,Hemerson Maria,GE Brasil,0,2020-03-30,2020-10-28,0
2020,Brasil de Pelotas,4,2020-08-19,Hemerson Maria,GE Brasil,0,2020-03-30,2020-10-28,0
2020,Brasil de Pelotas,5,2020-08-31,Hemerson Maria,GE Brasil,0,2020-03-30,2020-10-28,0
2020,Brasil de Pelotas,6,2020-09-03,Hemerson Maria,GE Brasil,0,2020-03-30,2020-10-28,0
2020,Brasil de Pelotas,7,2020-09-06,Hemerson Maria,GE Brasil,0,2020-03-30,2020-10-28,0
2020,Brasil de Pelotas,8,2020-09-12,Hemerson Maria,GE Brasil,0,2020-03-30,2020-10-28,0
2020,Brasil de Pelotas,9,2020-09-22,Hemerson Maria,GE Brasil,0,2020-03-30,2020-10-28,0
2020,Brasil de Pelotas,10,2020-09-26,Hemerson Maria,GE Brasil,0,2020-03-30,2020-10-28,0
2020,Brasil de Pelotas,11,2020-09-30,Hemerson Maria,GE Brasil,0,2020-03-30,2020-10-28,0
2020,Brasil de Pelotas,12,2020-10-03,Hemerson Maria,GE Brasil,0,2020-03-30,2020-10-28,0
2020,Brasil de Pelotas,13,2020-10-07,Hemerson Maria,GE Brasil,0,2020-03-30,2020-10-28,0
2020,Brasil de Pelotas,14,2020-10-10,Hemerson Maria,GE Brasil,0,2020-03-30,2020-10-28,0
2020,Brasil de Pelotas,15,2020-10-17,Hemerson Maria,GE Brasil,0,2020-03-30,2020-10-28,0
2020,Brasil de Pelotas,16,2020-10-20,Hemerson Maria,GE Brasil,0,2020-03-30,2020-10-28,0
2020,Brasil de Pelotas,17,2020-10-24,Hemerson Maria,GE Brasil,0,2020-03-30,2020-10-28,0
2020,Brasil de Pelotas,18,2020-10-30,Cirilo,GE Brasil,1,2020-10-30,2020-11-05,0
2020,Brasil de Pelotas,19,2020-11-03,Cirilo,GE Brasil,1,2020-10-30,2020-11-05,0
2020,Brasil de Pelotas,20,2020-11-07,Claudio Tencati,GE Brasil,0,2020-11-05,2021-07-29,0
2020,Brasil de Pelotas,21,2020-11-13,Claudio Tencati,GE Brasil,0,2020-11-05,2021-07-29,0
2020,Brasil de Pelotas,22,2020-11-21,Claudio Tencati,GE Brasil,0,2020-11-05,2021-07-29,0
2020,Brasil de Pelotas,23,2020-11-25,Claudio Tencati,GE Brasil,0,2020-11-05,2021-07-29,0
2020,Brasil de Pelotas,24,2020-11-27,Claudio Tencati,GE Brasil,0,2020-11-05,2021-07-29,0
2020,Brasil de Pelotas,25,2020-11-30,Claudio Tencati,GE Brasil,0,2020-11-05,2021-07-29,0
2020,Brasil de Pelotas,26,2020-12-06,Claudio Tencati,GE Brasil,0,2020-11-05,2021-07-29,0
2020,Brasil de Pelotas,27,2020-12-11,Claudio Tencati,GE Brasil,0,2020-11-05,2021-07-29,0
2020,Brasil de Pelotas,28,2020-12-14,Claudio Tencati,GE Brasil,0,2020-11-05,2021-07-29,0
2020,Brasil de Pelotas,29,2020-12-16,Claudio Tencati,GE Brasil,0,2020-11-05,2021-07-29,0
2020,Brasil de Pelotas,30,2020-12-21,Claudio Tencati,GE Brasil,0,2020-11-05,2021-07-29,0
2020,Brasil de Pelotas,31,2020-12-28,Claudio Tencati,GE Brasil,0,2020-11-05,2021-07-29,0
2021,Brasil de Pelotas,1,2021-01-03,Claudio Tencati,GE Brasil,0,2020-11-05,2021-07-29,0
2021,Brasil de Pelotas,2,2021-01-08,Claudio Tencati,GE Brasil,0,2020-11-05,2021-07-29,0
2021,Brasil de Pelotas,3,2021-01-12,Claudio Tencati,GE Brasil,0,2020-11-05,2021-07-29,0
2021,Brasil de Pelotas,4,2021-01-15,Claudio Tencati,GE Brasil,0,2020-11-05,2021-07-29,0
2021,Brasil de Pelotas,5,2021-01-19,Claudio Tencati,GE Brasil,0,2020-11-05,2021-07-29,0
2021,Brasil de Pelotas,6,2021-01-22,Claudio Tencati,GE Brasil,0,2020-11-05,2021-07-29,0
2021,Brasil de Pelotas,7,2021-01-30,Claudio Tencati,GE Brasil,0,2020-11-05,2021-07-29,0
2021,Brasil de Pelotas,8,2021-05-28,Claudio Tencati,GE Brasil,0,2020-11-05,2021-07-29,0
2021,Brasil de Pelotas,9,2021-06-06,Claudio Tencati,GE Brasil,0,2020-11-05,2021-07-29,0
2021,Brasil de Pelotas,10,2021-06-13,Claudio Tencati,GE Brasil,0,2020-11-05,2021-07-29,0
2021,Brasil de Pelotas,11,2021-06-16,Claudio Tencati,GE Brasil,0,2020-11-05,2021-07-29,0
2021,Brasil de Pelotas,12,2021-06-19,Claudio Tencati,GE Brasil,0,2020-11-05,2021-07-29,0
2021,Brasil de Pelotas,13,2021-06-23,Claudio Tencati,GE Brasil,0,2020-11-05,2021-07-29,0
2021,Brasil de Pelotas,14,2021-06-26,Claudio Tencati,GE Brasil,0,2020-11-05,2021-07-29,0
2021,Brasil de Pelotas,15,2021-06-30,Claudio Tencati,GE Brasil,0,2020-11-05,2021-07-29,0
2021,Brasil de Pelotas,16,2021-07-04,Claudio Tencati,GE Brasil,0,2020-11-05,2021-07-29,0
2021,Brasil de Pelotas,17,2021-07-10,Claudio Tencati,GE Brasil,0,2020-11-05,2021-07-29,0
2021,Brasil de Pelotas,18,2021-07-13,Claudio Tencati,GE Brasil,0,2020-11-05,2021-07-29,0
2021,Brasil de Pelotas,19,2021-07-17,Claudio Tencati,GE Brasil,0,2020-11-05,2021-07-29,0
2021,Brasil de Pelotas,20,2021-07-22,Claudio Tencati,GE Brasil,0,2020-11-05,2021-07-29,0
2021,Brasil de Pelotas,21,2021-07-26,Claudio Tencati,GE Brasil,0,2020-11-05,2021-07-29,0
2021,Brasil de Pelotas,22,2021-08-01,Cirilo,GE Brasil,1,2021-07-30,2021-08-02,0
2021,Brasil de Pelotas,23,2021-08-07,Cléber Gaúcho,GE Brasil,0,2021-08-03,2021-09-27,0
2021,Brasil de Pelotas,24,2021-08-11,Cléber Gaúcho,GE Brasil,0,2021-08-03,2021-09-27,0
2021,Brasil de Pelotas,25,2021-08-15,Cléber Gaúcho,GE Brasil,0,2021-08-03,2021-09-27,0
2021,Brasil de Pelotas,26,2021-08-20,Cléber Gaúcho,GE Brasil,0,2021-08-03,2021-09-27,0
2021,Brasil de Pelotas,27,2021-08-22,Cléber Gaúcho,GE Brasil,0,2021-08-03,2021-09-27,0
2021,Brasil de Pelotas,28,2021-08-28,Cléber Gaúcho,GE Brasil,0,2021-08-03,2021-09-27,0
2021,Brasil de Pelotas,29,2021-09-04,Cléber Gaúcho,GE Brasil,0,2021-08-03,2021-09-27,0
2021,Brasil de Pelotas,30,2021-09-07,Cléber Gaúcho,GE Brasil,0,2021-08-03,2021-09-27,0
2021,Brasil de Pelotas,31,2021-09-19,Cléber Gaúcho,GE Brasil,0,2021-08-03,2021-09-27,0
2021,Brasil de Pelotas,32,2021-09-22,Cléber Gaúcho,GE Brasil,0,2021-08-03,2021-09-27,0
2021,Brasil de Pelotas,33,2021-09-26,Cléber Gaúcho,GE Brasil,0,2021-08-03,2021-09-27,0
2021,Brasil de Pelotas,34,2021-09-30,Jerson Testoni,GE Brasil,0,2021-09-28,2022-05-30,0
2021,Brasil de Pelotas,35,2021-10-03,Jerson Testoni,GE Brasil,0,2021-09-28,2022-05-30,0
2021,Brasil de Pelotas,36,2021-10-06,Jerson Testoni,GE Brasil,0,2021-09-28,2022-05-30,0
2021,Brasil de Pelotas,37,2021-10-16,Jerson Testoni,GE Brasil,0,2021-09-28,2022-05-30,0
2021,Brasil de Pelotas,38,2021-10-23,Jerson Testoni,GE Brasil,0,2021-09-28,2022-05-30,0
2021,Brasil de Pelotas,39,2021-10-29,Jerson Testoni,GE Brasil,0,2021-09-28,2022-05-30,0
2021,Brasil de Pelotas,40,2021-11-02,Jerson Testoni,GE Brasil,0,2021-09-28,2022-05-30,0
2021,Brasil de Pelotas,41,2021-11-07,Jerson Testoni,GE Brasil,0,2021-09-28,2022-05-30,0
2021,Brasil de Pelotas,42,2021-11-10,Jerson Testoni,GE Brasil,0,2021-09-28,2022-05-30,0
2021,Brasil de Pelotas,43,2021-11-14,Jerson Testoni,GE Brasil,0,2021-09-28,2022-05-30,0
2021,Brasil de Pelotas,44,2021-11-21,Jerson Testoni,GE Brasil,0,2021-09-28,2022-05-30,0
2021,Brasil de Pelotas,45,2021-11-28,Jerson Testoni,GE Brasil,0,2021-09-28,2022-05-30,0
2021,Brusque,1,2021-05-30,Jerson Testoni,Brusque FC,0,2019-09-30,2021-09-14,0
2021,Brusque,2,2021-06-05,Jerson Testoni,Brusque FC,0,2019-09-30,2021-09-14,0
2021,Brusque,3,2021-06-13,Jerson Testoni,Brusque FC,0,2019-09-30,2021-09-14,0
2021,Brusque,4,2021-06-20,Jerson Testoni,Brusque FC,0,2019-09-30,2021-09-14,0
2021,Brusque,5,2021-06-22,Jerson Testoni,Brusque FC,0,2019-09-30,2021-09-14,0
2021,Brusque,6,2021-06-28,Jerson Testoni,Brusque FC,0,2019-09-30,2021-09-14,0
2021,Brusque,7,2021-06-30,Jerson Testoni,Brusque FC,0,2019-09-30,2021-09-14,0
2021,Brusque,8,2021-07-04,Jerson Testoni,Brusque FC,0,2019-09-30,2021-09-14,0
2021,Brusque,9,2021-07-12,Jerson Testoni,Brusque FC,0,2019-09-30,2021-09-14,0
2021,Brusque,10,2021-07-15,Jerson Testoni,Brusque FC,0,2019-09-30,2021-09-14,0
2021,Brusque,11,2021-07-18,Jerson Testoni,Brusque FC,0,2019-09-30,2021-09-14,0
2021,Brusque,12,2021-07-21,Jerson Testoni,Brusque FC,0,2019-09-30,2021-09-14,0
2021,Brusque,13,2021-07-25,Jerson Testoni,Brusque FC,0,2019-09-30,2021-09-14,0
2021,Brusque,14,2021-08-01,Jerson Testoni,Brusque FC,0,2019-09-30,2021-09-14,0
2021,Brusque,15,2021-08-04,Jerson Testoni,Brusque FC,0,2019-09-30,2021-09-14,0
2021,Brusque,16,2021-08-07,Jerson Testoni,Brusque FC,0,2019-09-30,2021-09-14,0
2021,Brusque,17,2021-08-13,Jerson Testoni,Brusque FC,0,2019-09-30,2021-09-14,0
2021,Brusque,18,2021-08-16,Jerson Testoni,Brusque FC,0,2019-09-30,2021-09-14,0
2021,Brusque,19,2021-08-20,Jerson Testoni,Brusque FC,0,2019-09-30,2021-09-14,0
2021,Brusque,20,2021-08-23,Jerson Testoni,Brusque FC,0,2019-09-30,2021-09-14,0
2021,Brusque,21,2021-08-28,Jerson Testoni,Brusque FC,0,2019-09-30,2021-09-14,0
2021,Brusque,22,2021-09-04,Jerson Testoni,Brusque FC,0,2019-09-30,2021-09-14,0
2021,Brusque,23,2021-09-08,Jerson Testoni,Brusque FC,0,2019-09-30,2021-09-14,0
2021,Brusque,24,2021-09-17,Waguinho Dias,Brusque FC,0,2021-09-15,2022-05-15,0
2021,Brusque,25,2021-09-22,Waguinho Dias,Brusque FC,0,2021-09-15,2022-05-15,0
2021,Brusque,26,2021-09-25,Waguinho Dias,Brusque FC,0,2021-09-15,2022-05-15,0
2021,Brusque,27,2021-09-30,Waguinho Dias,Brusque FC,0,2021-09-15,2022-05-15,0
2021,Brusque,28,2021-10-02,Waguinho Dias,Brusque FC,0,2021-09-15,2022-05-15,0
2021,Brusque,29,2021-10-10,Waguinho Dias,Brusque FC,0,2021-09-15,2022-05-15,0
2021,Brusque,30,2021-10-15,Waguinho Dias,Brusque FC,0,2021-09-15,2022-05-15,0
2021,Brusque,31,2021-10-21,Waguinho Dias,Brusque FC,0,2021-09-15,2022-05-15,0
2021,Brusque,32,2021-10-25,Waguinho Dias,Brusque FC,0,2021-09-15,2022-05-15,0
2021,Brusque,33,2021-11-02,Waguinho Dias,Brusque FC,0,2021-09-15,2022-05-15,0
2021,Brusque,34,2021-11-06,Waguinho Dias,Brusque FC,0,2021-09-15,2022-05-15,0
2021,Brusque,35,2021-11-10,Waguinho Dias,Brusque FC,0,2021-09-15,2022-05-15,0
2021,Brusque,36,2021-11-15,Waguinho Dias,Brusque FC,0,2021-09-15,2022-05-15,0
2021,Brusque,37,2021-11-19,Waguinho Dias,Brusque FC,0,2021-09-15,2022-05-15,0
2021,Brusque,38,2021-11-28,Waguinho Dias,Brusque FC,0,2021-09-15,2022-05-15,0
2022,Brusque,1,2022-04-09,Waguinho Dias,Brusque FC,0,2021-09-15,2022-05-15,0
2022,Brusque,2,2022-04-13,Waguinho Dias,Brusque FC,0,2021-09-15,2022-05-15,0
2022,Brusque,3,2022-04-23,Waguinho Dias,Brusque FC,0,2021-09-15,2022-05-15,0
2022,Brusque,4,2022-04-27,Waguinho Dias,Brusque FC,0,2021-09-15,2022-05-15,0
2022,Brusque,5,2022-05-01,Waguinho Dias,Brusque FC,0,2021-09-15,2022-05-15,0
2022,Brusque,6,2022-05-06,Waguinho Dias,Brusque FC,0,2021-09-15,2022-05-15,0
2022,Brusque,7,2022-05-14,Waguinho Dias,Brusque FC,0,2021-09-15,2022-05-15,0
2022,Brusque,8,2022-05-21,Luan Carlos,Brusque FC,0,2022-05-17,2022-08-31,0
2022,Brusque,9,2022-05-27,Luan Carlos,Brusque FC,0,2022-05-17,2022-08-31,0
2022,Brusque,10,2022-06-05,Luan Carlos,Brusque FC,0,2022-05-17,2022-08-31,0
2022,Brusque,11,2022-06-08,Luan Carlos,Brusque FC,0,2022-05-17,2022-08-31,0
2022,Brusque,12,2022-06-11,Luan Carlos,Brusque FC,0,2022-05-17,2022-08-31,0
2022,Brusque,13,2022-06-18,Luan Carlos,Brusque FC,0,2022-05-17,2022-08-31,0
2022,Brusque,14,2022-06-25,Luan Carlos,Brusque FC,0,2022-05-17,2022-08-31,0
2022,Brusque,15,2022-06-29,Luan Carlos,Brusque FC,0,2022-05-17,2022-08-31,0
2022,Brusque,16,2022-07-02,Luan Carlos,Brusque FC,0,2022-05-17,2022-08-31,0
2022,Brusque,17,2022-07-07,Luan Carlos,Brusque FC,0,2022-05-17,2022-08-31,0
2022,Brusque,18,2022-07-16,Luan Carlos,Brusque FC,0,2022-05-17,2022-08-31,0
2022,Brusque,19,2022-07-20,Luan Carlos,Brusque FC,0,2022-05-17,2022-08-31,0
2022,Brusque,20,2022-07-24,Luan Carlos,Brusque FC,0,2022-05-17,2022-08-31,0
2022,Brusque,21,2022-07-30,Luan Carlos,Brusque FC,0,2022-05-17,2022-08-31,0
2022,Brusque,22,2022-08-05,Luan Carlos,Brusque FC,0,2022-05-17,2022-08-31,0
2022,Brusque,23,2022-08-10,Luan Carlos,Brusque FC,0,2022-05-17,2022-08-31,0
2022,Brusque,24,2022-08-13,Luan Carlos,Brusque FC,0,2022-05-17,2022-08-31,0
2022,Brusque,25,2022-08-20,Luan Carlos,Brusque FC,0,2022-05-17,2022-08-31,0
2022,Brusque,26,2022-08-27,Luan Carlos,Brusque FC,0,2022-05-17,2022-08-31,0
2022,Brusque,27,2022-08-31,Luan Carlos,Brusque FC,0,2022-05-17,2022-08-31,0
2022,Brusque,28,2022-09-03,Gilson Kleina,Brusque FC,0,2022-09-02,2022-11-07,0
2022,Brusque,29,2022-09-10,Gilson Kleina,Brusque FC,0,2022-09-02,2022-11-07,0
2022,Brusque,30,2022-09-17,Gilson Kleina,Brusque FC,0,2022-09-02,2022-11-07,0
2022,Brusque,31,2022-09-24,Gilson Kleina,Brusque FC,0,2022-09-02,2022-11-07,0
2022,Brusque,32,2022-10-01,Gilson Kleina,Brusque FC,0,2022-09-02,2022-11-07,0
2022,Brusque,33,2022-10-05,Gilson Kleina,Brusque FC,0,2022-09-02,2022-11-07,0
2022,Brusque,34,2022-10-08,Gilson Kleina,Brusque FC,0,2022-09-02,2022-11-07,0
2022,Brusque,35,2022-10-14,Gilson Kleina,Brusque FC,0,2022-09-02,2022-11-07,0
2022,Brusque,36,2022-10-19,Gilson Kleina,Brusque FC,0,2022-09-02,2022-11-07,0
2022,Brusque,37,2022-10-26,Gilson Kleina,Brusque FC,0,2022-09-02,2022-11-07,0
2022,Brusque,38,2022-11-04,Gilson Kleina,Brusque FC,0,2022-09-02,2022-11-07,0
2024,Brusque,1,2024-04-24,Luizinho Lopes,Brusque FC,0,2022-11-11,2024-05-20,0
2024,Brusque,2,2024-04-28,Luizinho Lopes,Brusque FC,0,2022-11-11,2024-05-20,0
2024,Brusque,3,2024-05-05,Luizinho Lopes,Brusque FC,0,2022-11-11,2024-05-20,0
2024,Brusque,4,2024-05-11,Luizinho Lopes,Brusque FC,0,2022-11-11,2024-05-20,0
2024,Brusque,5,2024-05-16,Luizinho Lopes,Brusque FC,0,2022-11-11,2024-05-20,0
2024,Brusque,6,2024-05-19,Luizinho Lopes,Brusque FC,0,2022-11-11,2024-05-20,0
2024,Brusque,7,2024-05-26,Luizinho Vieira,Brusque FC,0,2024-05-20,2024-09-09,0
2024,Brusque,8,2024-06-01,Luizinho Vieira,Brusque FC,0,2024-05-20,2024-09-09,0
2024,Brusque,9,2024-06-08,Luizinho Vieira,Brusque FC,0,2024-05-20,2024-09-09,0
2024,Brusque,10,2024-06-16,Luizinho Vieira,Brusque FC,0,2024-05-20,2024-09-09,0
2024,Brusque,11,2024-06-20,Luizinho Vieira,Brusque FC,0,2024-05-20,2024-09-09,0
2024,Brusque,12,2024-06-23,Luizinho Vieira,Brusque FC,0,2024-05-20,2024-09-09,0
2024,Brusque,13,2024-07-02,Luizinho Vieira,Brusque FC,0,2024-05-20,2024-09-09,0
2024,Brusque,14,2024-07-06,Luizinho Vieira,Brusque FC,0,2024-05-20,2024-09-09,0
2024,Brusque,15,2024-07-15,Luizinho Vieira,Brusque FC,0,2024-05-20,2024-09-09,0
2024,Brusque,16,2024-07-21,Luizinho Vieira,Brusque FC,0,2024-05-20,2024-09-09,0
2024,Brusque,17,2024-07-25,Luizinho Vieira,Brusque FC,0,2024-05-20,2024-09-09,0
2024,Brusque,18,2024-07-28,Luizinho Vieira,Brusque FC,0,2024-05-20,2024-09-09,0
2024,Brusque,19,2024-08-03,Luizinho Vieira,Brusque FC,0,2024-05-20,2024-09-09,0
2024,Brusque,20,2024-08-10,Luizinho Vieira,Brusque FC,0,2024-05-20,2024-09-09,0
2024,Brusque,21,2024-08-18,Luizinho Vieira,Brusque FC,0,2024-05-20,2024-09-09,0
2024,Brusque,22,2024-08-22,Luizinho Vieira,Brusque FC,0,2024-05-20,2024-09-09,0
2024,Brusque,23,2024-08-28,Luizinho Vieira,Brusque FC,0,2024-05-20,2024-09-09,0
2024,Brusque,24,2024-09-03,Luizinho Vieira,Brusque FC,0,2024-05-20,2024-09-09,0
2024,Brusque,25,2024-09-07,Luizinho Vieira,Brusque FC,0,2024-05-20,2024-09-09,0
2024,Brusque,26,2024-09-14,Marcelo Cabo,Brusque FC,0,2024-09-09,2024-11-25,0
2024,Brusque,27,2024-09-18,Marcelo Cabo,Brusque FC,0,2024-09-09,2024-11-25,0
2024,Brusque,28,2024-09-24,Marcelo Cabo,Brusque FC,0,2024-09-09,2024-11-25,0
2024,Brusque,29,2024-09-28,Marcelo Cabo,Brusque FC,0,2024-09-09,2024-11-25,0
2024,Brusque,30,2024-10-05,Marcelo Cabo,Brusque FC,0,2024-09-09,2024-11-25,0
2024,Brusque,31,2024-10-14,Marcelo Cabo,Brusque FC,0,2024-09-09,2024-11-25,0
2024,Brusque,32,2024-10-19,Marcelo Cabo,Brusque FC,0,2024-09-09,2024-11-25,0
2024,Brusque,33,2024-10-24,Marcelo Cabo,Brusque FC,0,2024-09-09,2024-11-25,0
2024,Brusque,34,2024-10-29,Marcelo Cabo,Brusque FC,0,2024-09-09,2024-11-25,0
2024,Brusque,35,2024-11-06,Marcelo Cabo,Brusque FC,0,2024-09-09,2024-11-25,0
2024,Brusque,36,2024-11-12,Marcelo Cabo,Brusque FC,0,2024-09-09,2024-11-25,0
2024,Brusque,37,2024-11-17,Marcelo Cabo,Brusque FC,0,2024-09-09,2024-11-25,0
2024,Brusque,38,2024-11-24,Marcelo Cabo,Brusque FC,0,2024-09-09,2024-11-25,0
2018,CRB,1,2018-04-14,Mazola Júnior,CRB,0,2017-09-18,2018-04-14,0
2018,CRB,2,2018-04-21,Júnior Rocha,CRB,0,2018-04-16,2018-06-27,0
2018,CRB,3,2018-04-25,Júnior Rocha,CRB,0,2018-04-16,2018-06-27,0
2018,CRB,4,2018-05-05,Júnior Rocha,CRB,0,2018-04-16,2018-06-27,0
2018,CRB,5,2018-05-08,Júnior Rocha,CRB,0,2018-04-16,2018-06-27,0
2018,CRB,6,2018-05-16,Júnior Rocha,CRB,0,2018-04-16,2018-06-27,0
2018,CRB,7,2018-05-27,Júnior Rocha,CRB,0,2018-04-16,2018-06-27,0
2018,CRB,8,2018-06-02,Júnior Rocha,CRB,0,2018-04-16,2018-06-27,0
2018,CRB,9,2018-06-06,Júnior Rocha,CRB,0,2018-04-16,2018-06-27,0
2018,CRB,10,2018-06-09,Júnior Rocha,CRB,0,2018-04-16,2018-06-27,0
2018,CRB,11,2018-06-16,Júnior Rocha,CRB,0,2018-04-16,2018-06-27,0
2018,CRB,12,2018-06-24,Júnior Rocha,CRB,0,2018-04-16,2018-06-27,0
2018,CRB,13,2018-06-27,Júnior Rocha,CRB,0,2018-04-16,2018-06-27,0
2018,CRB,14,2018-07-05,Doriva,CRB,0,2018-06-28,2018-09-16,0
2018,CRB,15,2018-07-14,Doriva,CRB,0,2018-06-28,2018-09-16,0
2018,CRB,16,2018-07-21,Doriva,CRB,0,2018-06-28,2018-09-16,0
2018,CRB,17,2018-07-25,Doriva,CRB,0,2018-06-28,2018-09-16,0
2018,CRB,18,2018-07-28,Doriva,CRB,0,2018-06-28,2018-09-16,0
2018,CRB,19,2018-08-01,Doriva,CRB,0,2018-06-28,2018-09-16,0
2018,CRB,20,2018-08-11,Doriva,CRB,0,2018-06-28,2018-09-16,0
2018,CRB,21,2018-08-18,Doriva,CRB,0,2018-06-28,2018-09-16,0
2018,CRB,22,2018-08-22,Doriva,CRB,0,2018-06-28,2018-09-16,0
2018,CRB,23,2018-08-25,Doriva,CRB,0,2018-06-28,2018-09-16,0
2018,CRB,24,2018-09-01,Doriva,CRB,0,2018-06-28,2018-09-16,0
2018,CRB,25,2018-09-05,Doriva,CRB,0,2018-06-28,2018-09-16,0
2018,CRB,26,2018-09-07,Doriva,CRB,0,2018-06-28,2018-09-16,0
2018,CRB,27,2018-09-15,Doriva,CRB,0,2018-06-28,2018-09-16,0
2018,CRB,28,2018-09-22,Roberto Fernandes,CRB,0,2018-09-16,2019-04-06,0
2018,CRB,29,2018-09-29,Roberto Fernandes,CRB,0,2018-09-16,2019-04-06,0
2018,CRB,30,2018-10-06,Roberto Fernandes,CRB,0,2018-09-16,2019-04-06,0
2018,CRB,31,2018-10-10,Roberto Fernandes,CRB,0,2018-09-16,2019-04-06,0
2018,CRB,32,2018-10-20,Roberto Fernandes,CRB,0,2018-09-16,2019-04-06,0
2018,CRB,33,2018-10-27,Roberto Fernandes,CRB,0,2018-09-16,2019-04-06,0
2018,CRB,34,2018-11-03,Roberto Fernandes,CRB,0,2018-09-16,2019-04-06,0
2018,CRB,35,2018-11-07,Roberto Fernandes,CRB,0,2018-09-16,2019-04-06,0
2018,CRB,36,2018-11-10,Roberto Fernandes,CRB,0,2018-09-16,2019-04-06,0
2018,CRB,37,2018-11-17,Roberto Fernandes,CRB,0,2018-09-16,2019-04-06,0
2018,CRB,38,2018-11-24,Roberto Fernandes,CRB,0,2018-09-16,2019-04-06,0
2019,CRB,1,2019-04-28,Marcelo Chamusca,CRB,0,2019-04-07,2019-10-14,0
2019,CRB,2,2019-05-05,Marcelo Chamusca,CRB,0,2019-04-07,2019-10-14,0
2019,CRB,3,2019-05-12,Marcelo Chamusca,CRB,0,2019-04-07,2019-10-14,0
2019,CRB,4,2019-05-21,Marcelo Chamusca,CRB,0,2019-04-07,2019-10-14,0
2019,CRB,5,2019-05-25,Marcelo Chamusca,CRB,0,2019-04-07,2019-10-14,0
2019,CRB,6,2019-06-01,Marcelo Chamusca,CRB,0,2019-04-07,2019-10-14,0
2019,CRB,7,2019-06-09,Marcelo Chamusca,CRB,0,2019-04-07,2019-10-14,0
2019,CRB,8,2019-06-12,Marcelo Chamusca,CRB,0,2019-04-07,2019-10-14,0
2019,CRB,9,2019-07-13,Marcelo Chamusca,CRB,0,2019-04-07,2019-10-14,0
2019,CRB,10,2019-07-21,Marcelo Chamusca,CRB,0,2019-04-07,2019-10-14,0
2019,CRB,11,2019-07-24,Marcelo Chamusca,CRB,0,2019-04-07,2019-10-14,0
2019,CRB,12,2019-07-27,Marcelo Chamusca,CRB,0,2019-04-07,2019-10-14,0
2019,CRB,13,2019-07-31,Marcelo Chamusca,CRB,0,2019-04-07,2019-10-14,0
2019,CRB,14,2019-08-04,Marcelo Chamusca,CRB,0,2019-04-07,2019-10-14,0
2019,CRB,15,2019-08-07,Marcelo Chamusca,CRB,0,2019-04-07,2019-10-14,0
2019,CRB,16,2019-08-18,Marcelo Chamusca,CRB,0,2019-04-07,2019-10-14,0
2019,CRB,17,2019-08-22,Marcelo Chamusca,CRB,0,2019-04-07,2019-10-14,0
2019,CRB,18,2019-08-25,Marcelo Chamusca,CRB,0,2019-04-07,2019-10-14,0
2019,CRB,19,2019-08-27,Marcelo Chamusca,CRB,0,2019-04-07,2019-10-14,0
2019,CRB,20,2019-08-31,Marcelo Chamusca,CRB,0,2019-04-07,2019-10-14,0
2019,CRB,21,2019-09-06,Marcelo Chamusca,CRB,0,2019-04-07,2019-10-14,0
2019,CRB,22,2019-09-10,Marcelo Chamusca,CRB,0,2019-04-07,2019-10-14,0
2019,CRB,23,2019-09-22,Marcelo Chamusca,CRB,0,2019-04-07,2019-10-14,0
2019,CRB,24,2019-09-25,Marcelo Chamusca,CRB,0,2019-04-07,2019-10-14,0
2019,CRB,25,2019-09-29,Marcelo Chamusca,CRB,0,2019-04-07,2019-10-14,0
2019,CRB,26,2019-10-04,Marcelo Chamusca,CRB,0,2019-04-07,2019-10-14,0
2019,CRB,27,2019-10-08,Marcelo Chamusca,CRB,0,2019-04-07,2019-10-14,0
2019,CRB,28,2019-10-12,Marcelo Chamusca,CRB,0,2019-04-07,2019-10-14,0
2019,CRB,29,2019-10-16,Marcelo Cabo,CRB,0,2019-10-14,2020-11-08,0
2019,CRB,30,2019-10-19,Marcelo Cabo,CRB,0,2019-10-14,2020-11-08,0
2019,CRB,31,2019-10-25,Marcelo Cabo,CRB,0,2019-10-14,2020-11-08,0
2019,CRB,32,2019-11-02,Marcelo Cabo,CRB,0,2019-10-14,2020-11-08,0
2019,CRB,33,2019-11-06,Marcelo Cabo,CRB,0,2019-10-14,2020-11-08,0
2019,CRB,34,2019-11-09,Marcelo Cabo,CRB,0,2019-10-14,2020-11-08,0
2019,CRB,35,2019-11-12,Marcelo Cabo,CRB,0,2019-10-14,2020-11-08,0
2019,CRB,36,2019-11-16,Marcelo Cabo,CRB,0,2019-10-14,2020-11-08,0
2019,CRB,37,2019-11-22,Marcelo Cabo,CRB,0,2019-10-14,2020-11-08,0
2019,CRB,38,2019-11-30,Marcelo Cabo,CRB,0,2019-10-14,2020-11-08,0
2020,CRB,1,2020-08-08,Marcelo Cabo,CRB,0,2019-10-14,2020-11-08,0
2020,CRB,2,2020-08-12,Marcelo Cabo,CRB,0,2019-10-14,2020-11-08,0
2020,CRB,3,2020-08-16,Marcelo Cabo,CRB,0,2019-10-14,2020-11-08,0
2020,CRB,4,2020-08-19,Marcelo Cabo,CRB,0,2019-10-14,2020-11-08,0
2020,CRB,5,2020-08-23,Marcelo Cabo,CRB,0,2019-10-14,2020-11-08,0
2020,CRB,6,2020-08-31,Marcelo Cabo,CRB,0,2019-10-14,2020-11-08,0
2020,CRB,7,2020-09-03,Marcelo Cabo,CRB,0,2019-10-14,2020-11-08,0
2020,CRB,8,2020-09-08,Marcelo Cabo,CRB,0,2019-10-14,2020-11-08,0
2020,CRB,9,2020-09-15,Marcelo Cabo,CRB,0,2019-10-14,2020-11-08,0
2020,CRB,10,2020-09-26,Marcelo Cabo,CRB,0,2019-10-14,2020-11-08,0
2020,CRB,11,2020-09-29,Marcelo Cabo,CRB,0,2019-10-14,2020-11-08,0
2020,CRB,12,2020-10-03,Marcelo Cabo,CRB,0,2019-10-14,2020-11-08,0
2020,CRB,13,2020-10-06,Marcelo Cabo,CRB,0,2019-10-14,2020-11-08,0
2020,CRB,14,2020-10-10,Marcelo Cabo,CRB,0,2019-10-14,2020-11-08,0
2020,CRB,15,2020-10-15,Marcelo Cabo,CRB,0,2019-10-14,2020-11-08,0
2020,CRB,16,2020-10-17,Marcelo Cabo,CRB,0,2019-10-14,2020-11-08,0
2020,CRB,17,2020-10-21,Marcelo Cabo,CRB,0,2019-10-14,2020-11-08,0
2020,CRB,18,2020-10-24,Marcelo Cabo,CRB,0,2019-10-14,2020-11-08,0
2020,CRB,19,2020-11-01,Marcelo Cabo,CRB,0,2019-10-14,2020-11-08,0
2020,CRB,20,2020-11-08,Marcelo Cabo,CRB,0,2019-10-14,2020-11-08,0
2020,CRB,21,2020-11-13,Ramon Menezes,CRB,0,2020-11-11,2020-12-17,0
2020,CRB,22,2020-11-21,Ramon Menezes,CRB,0,2020-11-11,2020-12-17,0
2020,CRB,23,2020-11-25,Ramon Menezes,CRB,0,2020-11-11,2020-12-17,0
2020,CRB,24,2020-11-28,Ramon Menezes,CRB,0,2020-11-11,2020-12-17,0
2020,CRB,25,2020-12-01,Ramon Menezes,CRB,0,2020-11-11,2020-12-17,0
2020,CRB,26,2020-12-05,Ramon Menezes,CRB,0,2020-11-11,2020-12-17,0
2020,CRB,27,2020-12-09,Ramon Menezes,CRB,0,2020-11-11,2020-12-17,0
2020,CRB,28,2020-12-13,Ramon Menezes,CRB,0,2020-11-11,2020-12-17,0
2020,CRB,29,2020-12-18,Roberto Fernandes,CRB,0,2020-12-18,2021-05-24,0
2020,CRB,30,2020-12-20,Roberto Fernandes,CRB,0,2020-12-18,2021-05-24,0
2020,CRB,31,2020-12-26,Roberto Fernandes,CRB,0,2020-12-18,2021-05-24,0
2020,CRB,32,2020-12-29,Roberto Fernandes,CRB,0,2020-12-18,2021-05-24,0
2021,CRB,1,2021-01-08,Roberto Fernandes,CRB,0,2020-12-18,2021-05-24,0
2021,CRB,2,2021-01-12,Roberto Fernandes,CRB,0,2020-12-18,2021-05-24,0
2021,CRB,3,2021-01-14,Roberto Fernandes,CRB,0,2020-12-18,2021-05-24,0
2021,CRB,4,2021-01-19,Roberto Fernandes,CRB,0,2020-12-18,2021-05-24,0
2021,CRB,5,2021-01-24,Roberto Fernandes,CRB,0,2020-12-18,2021-05-24,0
2021,CRB,6,2021-01-29,Roberto Fernandes,CRB,0,2020-12-18,2021-05-24,0
2021,CRB,7,2021-05-29,Allan Aal,CRB,0,2021-05-27,2022-02-10,0
2021,CRB,8,2021-06-06,Allan Aal,CRB,0,2021-05-27,2022-02-10,0
2021,CRB,9,2021-06-12,Allan Aal,CRB,0,2021-05-27,2022-02-10,0
2021,CRB,10,2021-06-16,Allan Aal,CRB,0,2021-05-27,2022-02-10,0
2021,CRB,11,2021-06-19,Allan Aal,CRB,0,2021-05-27,2022-02-10,0
2021,CRB,12,2021-06-23,Allan Aal,CRB,0,2021-05-27,2022-02-10,0
2021,CRB,13,2021-06-25,Allan Aal,CRB,0,2021-05-27,2022-02-10,0
2021,CRB,14,2021-06-30,Allan Aal,CRB,0,2021-05-27,2022-02-10,0
2021,CRB,15,2021-07-03,Allan Aal,CRB,0,2021-05-27,2022-02-10,0
2021,CRB,16,2021-07-07,Allan Aal,CRB,0,2021-05-27,2022-02-10,0
2021,CRB,17,2021-07-14,Allan Aal,CRB,0,2021-05-27,2022-02-10,0
2021,CRB,18,2021-07-19,Allan Aal,CRB,0,2021-05-27,2022-02-10,0
2021,CRB,19,2021-07-23,Allan Aal,CRB,0,2021-05-27,2022-02-10,0
2021,CRB,20,2021-07-26,Allan Aal,CRB,0,2021-05-27,2022-02-10,0
2021,CRB,21,2021-08-01,Allan Aal,CRB,0,2021-05-27,2022-02-10,0
2021,CRB,22,2021-08-09,Allan Aal,CRB,0,2021-05-27,2022-02-10,0
2021,CRB,23,2021-08-13,Allan Aal,CRB,0,2021-05-27,2022-02-10,0
2021,CRB,24,2021-08-15,Allan Aal,CRB,0,2021-05-27,2022-02-10,0
2021,CRB,25,2021-08-19,Allan Aal,CRB,0,2021-05-27,2022-02-10,0
2021,CRB,26,2021-08-22,Allan Aal,CRB,0,2021-05-27,2022-02-10,0
2021,CRB,27,2021-08-29,Allan Aal,CRB,0,2021-05-27,2022-02-10,0
2021,CRB,28,2021-09-02,Allan Aal,CRB,0,2021-05-27,2022-02-10,0
2021,CRB,29,2021-09-12,Allan Aal,CRB,0,2021-05-27,2022-02-10,0
2021,CRB,30,2021-09-17,Allan Aal,CRB,0,2021-05-27,2022-02-10,0
2021,CRB,31,2021-09-22,Allan Aal,CRB,0,2021-05-27,2022-02-10,0
2021,CRB,32,2021-09-25,Allan Aal,CRB,0,2021-05-27,2022-02-10,0
2021,CRB,33,2021-09-29,Allan Aal,CRB,0,2021-05-27,2022-02-10,0
2021,CRB,34,2021-10-02,Allan Aal,CRB,0,2021-05-27,2022-02-10,0
2021,CRB,35,2021-10-09,Allan Aal,CRB,0,2021-05-27,2022-02-10,0
2021,CRB,36,2021-10-16,Allan Aal,CRB,0,2021-05-27,2022-02-10,0
2021,CRB,37,2021-10-19,Allan Aal,CRB,0,2021-05-27,2022-02-10,0
2021,CRB,38,2021-10-27,Allan Aal,CRB,0,2021-05-27,2022-02-10,0
2021,CRB,39,2021-11-05,Allan Aal,CRB,0,2021-05-27,2022-02-10,0
2021,CRB,40,2021-11-08,Allan Aal,CRB,0,2021-05-27,2022-02-10,0
2021,CRB,41,2021-11-11,Allan Aal,CRB,0,2021-05-27,2022-02-10,0
2021,CRB,42,2021-11-15,Allan Aal,CRB,0,2021-05-27,2022-02-10,0
2021,CRB,43,2021-11-22,Allan Aal,CRB,0,2021-05-27,2022-02-10,0
2021,CRB,44,2021-11-28,Allan Aal,CRB,0,2021-05-27,2022-02-10,0
2022,CRB,1,2022-04-17,Marcelo Cabo,CRB,0,2022-02-11,2022-05-15,0
2022,CRB,2,2022-04-23,Marcelo Cabo,CRB,0,2022-02-11,2022-05-15,0
2022,CRB,3,2022-04-28,Marcelo Cabo,CRB,0,2022-02-11,2022-05-15,0
2022,CRB,4,2022-04-30,Marcelo Cabo,CRB,0,2022-02-11,2022-05-15,0
2022,CRB,5,2022-05-05,Marcelo Cabo,CRB,0,2022-02-11,2022-05-15,0
2022,CRB,6,2022-05-10,Marcelo Cabo,CRB,0,2022-02-11,2022-05-15,0
2022,CRB,7,2022-05-14,Marcelo Cabo,CRB,0,2022-02-11,2022-05-15,0
2022,CRB,8,2022-05-19,Daniel Paulista,CRB,0,2022-05-16,2022-11-03,0
2022,CRB,9,2022-05-25,Daniel Paulista,CRB,0,2022-05-16,2022-11-03,0
2022,CRB,10,2022-06-02,Daniel Paulista,CRB,0,2022-05-16,2022-11-03,0
2022,CRB,11,2022-06-09,Daniel Paulista,CRB,0,2022-05-16,2022-11-03,0
2022,CRB,12,2022-06-11,Daniel Paulista,CRB,0,2022-05-16,2022-11-03,0
2022,CRB,13,2022-06-18,Daniel Paulista,CRB,0,2022-05-16,2022-11-03,0
2022,CRB,14,2022-06-22,Daniel Paulista,CRB,0,2022-05-16,2022-11-03,0
2022,CRB,15,2022-06-30,Daniel Paulista,CRB,0,2022-05-16,2022-11-03,0
2022,CRB,16,2022-07-03,Daniel Paulista,CRB,0,2022-05-16,2022-11-03,0
2022,CRB,17,2022-07-06,Daniel Paulista,CRB,0,2022-05-16,2022-11-03,0
2022,CRB,18,2022-07-16,Daniel Paulista,CRB,0,2022-05-16,2022-11-03,0
2022,CRB,19,2022-07-20,Daniel Paulista,CRB,0,2022-05-16,2022-11-03,0
2022,CRB,20,2022-07-24,Daniel Paulista,CRB,0,2022-05-16,2022-11-03,0
2022,CRB,21,2022-07-29,Daniel Paulista,CRB,0,2022-05-16,2022-11-03,0
2022,CRB,22,2022-08-05,Daniel Paulista,CRB,0,2022-05-16,2022-11-03,0
2022,CRB,23,2022-08-11,Daniel Paulista,CRB,0,2022-05-16,2022-11-03,0
2022,CRB,24,2022-08-14,Daniel Paulista,CRB,0,2022-05-16,2022-11-03,0
2022,CRB,25,2022-08-21,Daniel Paulista,CRB,0,2022-05-16,2022-11-03,0
2022,CRB,26,2022-08-27,Daniel Paulista,CRB,0,2022-05-16,2022-11-03,0
2022,CRB,27,2022-08-31,Daniel Paulista,CRB,0,2022-05-16,2022-11-03,0
2022,CRB,28,2022-09-03,Daniel Paulista,CRB,0,2022-05-16,2022-11-03,0
2022,CRB,29,2022-09-10,Daniel Paulista,CRB,0,2022-05-16,2022-11-03,0
2022,CRB,30,2022-09-18,Daniel Paulista,CRB,0,2022-05-16,2022-11-03,0
2022,CRB,31,2022-09-23,Daniel Paulista,CRB,0,2022-05-16,2022-11-03,0
2022,CRB,32,2022-10-01,Daniel Paulista,CRB,0,2022-05-16,2022-11-03,0
2022,CRB,33,2022-10-05,Daniel Paulista,CRB,0,2022-05-16,2022-11-03,0
2022,CRB,34,2022-10-08,Daniel Paulista,CRB,0,2022-05-16,2022-11-03,0
2022,CRB,35,2022-10-12,Daniel Paulista,CRB,0,2022-05-16,2022-11-03,0
2022,CRB,36,2022-10-22,Daniel Paulista,CRB,0,2022-05-16,2022-11-03,0
2022,CRB,37,2022-10-26,Daniel Paulista,CRB,0,2022-05-16,2022-11-03,0
2022,CRB,38,2022-11-06,Daniel Barboza,CRB,1,2022-11-04,2022-11-07,0
2023,CRB,1,2023-04-21,Umberto Louzer,CRB,0,2023-01-10,2023-05-28,0
2023,CRB,2,2023-04-29,Umberto Louzer,CRB,0,2023-01-10,2023-05-28,0
2023,CRB,3,2023-05-03,Umberto Louzer,CRB,0,2023-01-10,2023-05-28,0
2023,CRB,4,2023-05-07,Umberto Louzer,CRB,0,2023-01-10,2023-05-28,0
2023,CRB,5,2023-05-13,Umberto Louzer,CRB,0,2023-01-10,2023-05-28,0
2023,CRB,6,2023-05-21,Umberto Louzer,CRB,0,2023-01-10,2023-05-28,0
2023,CRB,7,2023-05-25,Umberto Louzer,CRB,0,2023-01-10,2023-05-28,0
2023,CRB,8,2023-05-27,Umberto Louzer,CRB,0,2023-01-10,2023-05-28,0
2023,CRB,9,2023-06-04,Daniel Paulista,CRB,0,2023-05-31,2024-09-05,0
2023,CRB,10,2023-06-08,Daniel Paulista,CRB,0,2023-05-31,2024-09-05,0
2023,CRB,11,2023-06-11,Daniel Paulista,CRB,0,2023-05-31,2024-09-05,0
2023,CRB,12,2023-06-22,Daniel Paulista,CRB,0,2023-05-31,2024-09-05,0
2023,CRB,13,2023-06-28,Daniel Paulista,CRB,0,2023-05-31,2024-09-05,0
2023,CRB,14,2023-07-01,Daniel Paulista,CRB,0,2023-05-31,2024-09-05,0
2023,CRB,15,2023-07-06,Daniel Paulista,CRB,0,2023-05-31,2024-09-05,0
2023,CRB,16,2023-07-09,Daniel Paulista,CRB,0,2023-05-31,2024-09-05,0
2023,CRB,17,2023-07-18,Daniel Paulista,CRB,0,2023-05-31,2024-09-05,0
2023,CRB,18,2023-07-22,Daniel Paulista,CRB,0,2023-05-31,2024-09-05,0
2023,CRB,19,2023-07-29,Daniel Paulista,CRB,0,2023-05-31,2024-09-05,0
2023,CRB,20,2023-08-02,Daniel Paulista,CRB,0,2023-05-31,2024-09-05,0
2023,CRB,21,2023-08-05,Daniel Paulista,CRB,0,2023-05-31,2024-09-05,0
2023,CRB,22,2023-08-12,Daniel Paulista,CRB,0,2023-05-31,2024-09-05,0
2023,CRB,23,2023-08-19,Daniel Paulista,CRB,0,2023-05-31,2024-09-05,0
2023,CRB,24,2023-08-24,Daniel Paulista,CRB,0,2023-05-31,2024-09-05,0
2023,CRB,25,2023-08-26,Daniel Paulista,CRB,0,2023-05-31,2024-09-05,0
2023,CRB,26,2023-09-03,Daniel Paulista,CRB,0,2023-05-31,2024-09-05,0
2023,CRB,27,2023-09-10,Daniel Paulista,CRB,0,2023-05-31,2024-09-05,0
2023,CRB,28,2023-09-16,Daniel Paulista,CRB,0,2023-05-31,2024-09-05,0
2023,CRB,29,2023-09-23,Daniel Paulista,CRB,0,2023-05-31,2024-09-05,0
2023,CRB,30,2023-09-29,Daniel Paulista,CRB,0,2023-05-31,2024-09-05,0
2023,CRB,31,2023-10-07,Daniel Paulista,CRB,0,2023-05-31,2024-09-05,0
2023,CRB,32,2023-10-14,Daniel Paulista,CRB,0,2023-05-31,2024-09-05,0
2023,CRB,33,2023-10-21,Daniel Paulista,CRB,0,2023-05-31,2024-09-05,0
2023,CRB,34,2023-10-29,Daniel Paulista,CRB,0,2023-05-31,2024-09-05,0
2023,CRB,35,2023-11-07,Daniel Paulista,CRB,0,2023-05-31,2024-09-05,0
2023,CRB,36,2023-11-11,Daniel Paulista,CRB,0,2023-05-31,2024-09-05,0
2023,CRB,37,2023-11-19,Daniel Paulista,CRB,0,2023-05-31,2024-09-05,0
2023,CRB,38,2023-11-25,Daniel Paulista,CRB,0,2023-05-31,2024-09-05,0
2024,CRB,1,2024-04-20,Daniel Paulista,CRB,0,2023-05-31,2024-09-05,0
2024,CRB,2,2024-04-27,Daniel Paulista,CRB,0,2023-05-31,2024-09-05,0
2024,CRB,3,2024-05-07,Daniel Paulista,CRB,0,2023-05-31,2024-09-05,0
2024,CRB,4,2024-05-11,Daniel Paulista,CRB,0,2023-05-31,2024-09-05,0
2024,CRB,5,2024-05-15,Daniel Paulista,CRB,0,2023-05-31,2024-09-05,0
2024,CRB,6,2024-05-18,Daniel Paulista,CRB,0,2023-05-31,2024-09-05,0
2024,CRB,7,2024-06-02,Daniel Paulista,CRB,0,2023-05-31,2024-09-05,0
2024,CRB,8,2024-06-15,Daniel Paulista,CRB,0,2023-05-31,2024-09-05,0
2024,CRB,9,2024-06-19,Daniel Paulista,CRB,0,2023-05-31,2024-09-05,0
2024,CRB,10,2024-06-22,Daniel Paulista,CRB,0,2023-05-31,2024-09-05,0
2024,CRB,11,2024-07-02,Daniel Paulista,CRB,0,2023-05-31,2024-09-05,0
2024,CRB,12,2024-07-10,Daniel Paulista,CRB,0,2023-05-31,2024-09-05,0
2024,CRB,13,2024-07-13,Daniel Paulista,CRB,0,2023-05-31,2024-09-05,0
2024,CRB,14,2024-07-18,Daniel Paulista,CRB,0,2023-05-31,2024-09-05,0
2024,CRB,15,2024-07-20,Daniel Paulista,CRB,0,2023-05-31,2024-09-05,0
2024,CRB,16,2024-07-26,Daniel Paulista,CRB,0,2023-05-31,2024-09-05,0
2024,CRB,17,2024-07-28,Daniel Paulista,CRB,0,2023-05-31,2024-09-05,0
2024,CRB,18,2024-08-04,Daniel Paulista,CRB,0,2023-05-31,2024-09-05,0
2024,CRB,19,2024-08-11,Daniel Paulista,CRB,0,2023-05-31,2024-09-05,0
2024,CRB,20,2024-08-17,Daniel Paulista,CRB,0,2023-05-31,2024-09-05,0
2024,CRB,21,2024-08-22,Daniel Paulista,CRB,0,2023-05-31,2024-09-05,0
2024,CRB,22,2024-08-25,Daniel Paulista,CRB,0,2023-05-31,2024-09-05,0
2024,CRB,23,2024-08-31,Daniel Paulista,CRB,0,2023-05-31,2024-09-05,0
2024,CRB,24,2024-09-05,Daniel Paulista,CRB,0,2023-05-31,2024-09-05,0
2024,CRB,25,2024-09-12,Bruno Pivetti,CRB,0,2024-09-09,2024-09-20,0
2024,CRB,26,2024-09-15,Bruno Pivetti,CRB,0,2024-09-09,2024-09-20,0
2024,CRB,27,2024-09-20,Bruno Pivetti,CRB,0,2024-09-09,2024-09-20,0
2024,CRB,28,2024-09-25,Hélio dos Anjos,CRB,0,2024-09-23,2024-11-30,0
2024,CRB,29,2024-09-29,Hélio dos Anjos,CRB,0,2024-09-23,2024-11-30,0
2024,CRB,30,2024-10-05,Hélio dos Anjos,CRB,0,2024-09-23,2024-11-30,0
2024,CRB,31,2024-10-15,Hélio dos Anjos,CRB,0,2024-09-23,2024-11-30,0
2024,CRB,32,2024-10-19,Hélio dos Anjos,CRB,0,2024-09-23,2024-11-30,0
2024,CRB,33,2024-10-23,Hélio dos Anjos,CRB,0,2024-09-23,2024-11-30,0
2024,CRB,34,2024-10-28,Hélio dos Anjos,CRB,0,2024-09-23,2024-11-30,0
2024,CRB,35,2024-11-05,Hélio dos Anjos,CRB,0,2024-09-23,2024-11-30,0
2024,CRB,36,2024-11-09,Hélio dos Anjos,CRB,0,2024-09-23,2024-11-30,0
2024,CRB,37,2024-11-17,Hélio dos Anjos,CRB,0,2024-09-23,2024-11-30,0
2024,CRB,38,2024-11-24,Hélio dos Anjos,CRB,0,2024-09-23,2024-11-30,0
2025,CRB,1,2025-04-05,Eduardo Barroca,CRB,0,2025-03-28,2026-07-04,0
2025,CRB,2,2025-04-13,Eduardo Barroca,CRB,0,2025-03-28,2026-07-04,0
2025,CRB,3,2025-04-18,Eduardo Barroca,CRB,0,2025-03-28,2026-07-04,0
2025,CRB,4,2025-04-21,Eduardo Barroca,CRB,0,2025-03-28,2026-07-04,0
2025,CRB,5,2025-04-27,Eduardo Barroca,CRB,0,2025-03-28,2026-07-04,0
2025,CRB,6,2025-05-07,Eduardo Barroca,CRB,0,2025-03-28,2026-07-04,0
2025,CRB,7,2025-05-13,Eduardo Barroca,CRB,0,2025-03-28,2026-07-04,0
2025,CRB,8,2025-05-18,Eduardo Barroca,CRB,0,2025-03-28,2026-07-04,0
2025,CRB,9,2025-05-27,Eduardo Barroca,CRB,0,2025-03-28,2026-07-04,0
2025,CRB,10,2025-06-01,Eduardo Barroca,CRB,0,2025-03-28,2026-07-04,0
2025,CRB,11,2025-06-08,Eduardo Barroca,CRB,0,2025-03-28,2026-07-04,0
2025,CRB,12,2025-06-14,Eduardo Barroca,CRB,0,2025-03-28,2026-07-04,0
2025,CRB,13,2025-06-22,Eduardo Barroca,CRB,0,2025-03-28,2026-07-04,0
2025,CRB,14,2025-06-27,Eduardo Barroca,CRB,0,2025-03-28,2026-07-04,0
2025,CRB,15,2025-07-04,Eduardo Barroca,CRB,0,2025-03-28,2026-07-04,0
2025,CRB,16,2025-07-11,Eduardo Barroca,CRB,0,2025-03-28,2026-07-04,0
2025,CRB,17,2025-07-18,Eduardo Barroca,CRB,0,2025-03-28,2026-07-04,0
2025,CRB,18,2025-07-23,Eduardo Barroca,CRB,0,2025-03-28,2026-07-04,0
2025,CRB,19,2025-07-27,Eduardo Barroca,CRB,0,2025-03-28,2026-07-04,0
2025,CRB,20,2025-08-03,Eduardo Barroca,CRB,0,2025-03-28,2026-07-04,0
2025,CRB,21,2025-08-13,Eduardo Barroca,CRB,0,2025-03-28,2026-07-04,0
2025,CRB,22,2025-08-19,Eduardo Barroca,CRB,0,2025-03-28,2026-07-04,0
2025,CRB,23,2025-08-24,Eduardo Barroca,CRB,0,2025-03-28,2026-07-04,0
2025,CRB,24,2025-08-30,Eduardo Barroca,CRB,0,2025-03-28,2026-07-04,0
2025,CRB,25,2025-09-09,Eduardo Barroca,CRB,0,2025-03-28,2026-07-04,0
2025,CRB,26,2025-09-16,Eduardo Barroca,CRB,0,2025-03-28,2026-07-04,0
2025,CRB,27,2025-09-21,Eduardo Barroca,CRB,0,2025-03-28,2026-07-04,0
2025,CRB,28,2025-09-25,Eduardo Barroca,CRB,0,2025-03-28,2026-07-04,0
2025,CRB,29,2025-09-28,Eduardo Barroca,CRB,0,2025-03-28,2026-07-04,0
2025,CRB,30,2025-10-04,Eduardo Barroca,CRB,0,2025-03-28,2026-07-04,0
2025,CRB,31,2025-10-08,Eduardo Barroca,CRB,0,2025-03-28,2026-07-04,0
2025,CRB,32,2025-10-14,Eduardo Barroca,CRB,0,2025-03-28,2026-07-04,0
2025,CRB,33,2025-10-18,Eduardo Barroca,CRB,0,2025-03-28,2026-07-04,0
2025,CRB,34,2025-10-26,Eduardo Barroca,CRB,0,2025-03-28,2026-07-04,0
2025,CRB,35,2025-10-31,Eduardo Barroca,CRB,0,2025-03-28,2026-07-04,0
2025,CRB,36,2025-11-09,Eduardo Barroca,CRB,0,2025-03-28,2026-07-04,0
2025,CRB,37,2025-11-15,Eduardo Barroca,CRB,0,2025-03-28,2026-07-04,0
2025,CRB,38,2025-11-22,Eduardo Barroca,CRB,0,2025-03-28,2026-07-04,0
2026,CRB,1,2026-03-21,Eduardo Barroca,CRB,0,2025-03-28,2026-07-04,0
2026,CRB,2,2026-04-02,Eduardo Barroca,CRB,0,2025-03-28,2026-07-04,0
2026,CRB,3,2026-04-05,Eduardo Barroca,CRB,0,2025-03-28,2026-07-04,0
2026,CRB,4,2026-04-13,Eduardo Barroca,CRB,0,2025-03-28,2026-07-04,0
2026,CRB,5,2026-04-19,Eduardo Barroca,CRB,0,2025-03-28,2026-07-04,0
2026,CRB,6,2026-04-27,Eduardo Barroca,CRB,0,2025-03-28,2026-07-04,0
2026,CRB,7,2026-05-04,Eduardo Barroca,CRB,0,2025-03-28,2026-07-04,0
2026,CRB,8,2026-05-10,Eduardo Barroca,CRB,0,2025-03-28,2026-07-04,0
2026,CRB,9,2026-05-18,Eduardo Barroca,CRB,0,2025-03-28,2026-07-04,0
2026,CRB,10,2026-05-24,Eduardo Barroca,CRB,0,2025-03-28,2026-07-04,0
2026,CRB,11,2026-06-01,Eduardo Barroca,CRB,0,2025-03-28,2026-07-04,0
2026,CRB,12,2026-06-07,Eduardo Barroca,CRB,0,2025-03-28,2026-07-04,0
2026,CRB,13,2026-06-13,Eduardo Barroca,CRB,0,2025-03-28,2026-07-04,0
2026,CRB,14,2026-06-21,Eduardo Barroca,CRB,0,2025-03-28,2026-07-04,0
2026,CRB,15,2026-07-01,Eduardo Barroca,CRB,0,2025-03-28,2026-07-04,0
2026,CRB,16,2026-07-04,Eduardo Barroca,CRB,0,2025-03-28,2026-07-04,0
2018,CSA,1,2018-04-14,Marcelo Cabo,CSA,0,2018-02-19,2019-06-30,0
2018,CSA,2,2018-04-21,Marcelo Cabo,CSA,0,2018-02-19,2019-06-30,0
2018,CSA,3,2018-04-28,Marcelo Cabo,CSA,0,2018-02-19,2019-06-30,0
2018,CSA,4,2018-05-01,Marcelo Cabo,CSA,0,2018-02-19,2019-06-30,0
2018,CSA,5,2018-05-12,Marcelo Cabo,CSA,0,2018-02-19,2019-06-30,0
2018,CSA,6,2018-05-19,Marcelo Cabo,CSA,0,2018-02-19,2019-06-30,0
2018,CSA,7,2018-05-23,Marcelo Cabo,CSA,0,2018-02-19,2019-06-30,0
2018,CSA,8,2018-06-02,Marcelo Cabo,CSA,0,2018-02-19,2019-06-30,0
2018,CSA,9,2018-06-06,Marcelo Cabo,CSA,0,2018-02-19,2019-06-30,0
2018,CSA,10,2018-06-09,Marcelo Cabo,CSA,0,2018-02-19,2019-06-30,0
2018,CSA,11,2018-06-17,Marcelo Cabo,CSA,0,2018-02-19,2019-06-30,0
2018,CSA,12,2018-06-20,Marcelo Cabo,CSA,0,2018-02-19,2019-06-30,0
2018,CSA,13,2018-06-29,Marcelo Cabo,CSA,0,2018-02-19,2019-06-30,0
2018,CSA,14,2018-07-06,Marcelo Cabo,CSA,0,2018-02-19,2019-06-30,0
2018,CSA,15,2018-07-14,Marcelo Cabo,CSA,0,2018-02-19,2019-06-30,0
2018,CSA,16,2018-07-21,Marcelo Cabo,CSA,0,2018-02-19,2019-06-30,0
2018,CSA,17,2018-07-24,Marcelo Cabo,CSA,0,2018-02-19,2019-06-30,0
2018,CSA,18,2018-07-28,Marcelo Cabo,CSA,0,2018-02-19,2019-06-30,0
2018,CSA,19,2018-08-04,Marcelo Cabo,CSA,0,2018-02-19,2019-06-30,0
2018,CSA,20,2018-08-11,Marcelo Cabo,CSA,0,2018-02-19,2019-06-30,0
2018,CSA,21,2018-08-19,Marcelo Cabo,CSA,0,2018-02-19,2019-06-30,0
2018,CSA,22,2018-08-22,Marcelo Cabo,CSA,0,2018-02-19,2019-06-30,0
2018,CSA,23,2018-08-25,Marcelo Cabo,CSA,0,2018-02-19,2019-06-30,0
2018,CSA,24,2018-09-02,Marcelo Cabo,CSA,0,2018-02-19,2019-06-30,0
2018,CSA,25,2018-09-05,Marcelo Cabo,CSA,0,2018-02-19,2019-06-30,0
2018,CSA,26,2018-09-08,Marcelo Cabo,CSA,0,2018-02-19,2019-06-30,0
2018,CSA,27,2018-09-12,Marcelo Cabo,CSA,0,2018-02-19,2019-06-30,0
2018,CSA,28,2018-09-23,Marcelo Cabo,CSA,0,2018-02-19,2019-06-30,0
2018,CSA,29,2018-09-29,Marcelo Cabo,CSA,0,2018-02-19,2019-06-30,0
2018,CSA,30,2018-10-03,Marcelo Cabo,CSA,0,2018-02-19,2019-06-30,0
2018,CSA,31,2018-10-13,Marcelo Cabo,CSA,0,2018-02-19,2019-06-30,0
2018,CSA,32,2018-10-17,Marcelo Cabo,CSA,0,2018-02-19,2019-06-30,0
2018,CSA,33,2018-10-24,Marcelo Cabo,CSA,0,2018-02-19,2019-06-30,0
2018,CSA,34,2018-11-03,Marcelo Cabo,CSA,0,2018-02-19,2019-06-30,0
2018,CSA,35,2018-11-07,Marcelo Cabo,CSA,0,2018-02-19,2019-06-30,0
2018,CSA,36,2018-11-10,Marcelo Cabo,CSA,0,2018-02-19,2019-06-30,0
2018,CSA,37,2018-11-17,Marcelo Cabo,CSA,0,2018-02-19,2019-06-30,0
2018,CSA,38,2018-11-24,Marcelo Cabo,CSA,0,2018-02-19,2019-06-30,0
2020,CSA,1,2020-08-09,Eduardo Baptista,CSA,0,2020-02-11,2020-08-30,0
2020,CSA,2,2020-08-19,Eduardo Baptista,CSA,0,2020-02-11,2020-08-30,0
2020,CSA,3,2020-08-22,Eduardo Baptista,CSA,0,2020-02-11,2020-08-30,0
2020,CSA,4,2020-08-31,Argel Fuchs,CSA,0,2020-08-31,2020-09-16,0
2020,CSA,5,2020-09-02,Argel Fuchs,CSA,0,2020-08-31,2020-09-16,0
2020,CSA,6,2020-09-05,Argel Fuchs,CSA,0,2020-08-31,2020-09-16,0
2020,CSA,7,2020-09-13,Argel Fuchs,CSA,0,2020-08-31,2020-09-16,0
2020,CSA,8,2020-09-17,Adriano Rodrigues,CSA,1,2020-09-17,2020-09-23,0
2020,CSA,9,2020-09-20,Adriano Rodrigues,CSA,1,2020-09-17,2020-09-23,0
2020,CSA,10,2020-09-26,Mozart,CSA,0,2020-09-24,2021-04-18,0
2020,CSA,11,2020-09-30,Mozart,CSA,0,2020-09-24,2021-04-18,0
2020,CSA,12,2020-10-03,Mozart,CSA,0,2020-09-24,2021-04-18,0
2020,CSA,13,2020-10-07,Mozart,CSA,0,2020-09-24,2021-04-18,0
2020,CSA,14,2020-10-10,Mozart,CSA,0,2020-09-24,2021-04-18,0
2020,CSA,15,2020-10-14,Mozart,CSA,0,2020-09-24,2021-04-18,0
2020,CSA,16,2020-10-21,Mozart,CSA,0,2020-09-24,2021-04-18,0
2020,CSA,17,2020-10-24,Mozart,CSA,0,2020-09-24,2021-04-18,0
2020,CSA,18,2020-10-27,Mozart,CSA,0,2020-09-24,2021-04-18,0
2020,CSA,19,2020-11-01,Mozart,CSA,0,2020-09-24,2021-04-18,0
2020,CSA,20,2020-11-06,Mozart,CSA,0,2020-09-24,2021-04-18,0
2020,CSA,21,2020-11-10,Mozart,CSA,0,2020-09-24,2021-04-18,0
2020,CSA,22,2020-11-21,Mozart,CSA,0,2020-09-24,2021-04-18,0
2020,CSA,23,2020-11-24,Mozart,CSA,0,2020-09-24,2021-04-18,0
2020,CSA,24,2020-11-28,Mozart,CSA,0,2020-09-24,2021-04-18,0
2020,CSA,25,2020-12-01,Mozart,CSA,0,2020-09-24,2021-04-18,0
2020,CSA,26,2020-12-05,Mozart,CSA,0,2020-09-24,2021-04-18,0
2020,CSA,27,2020-12-09,Mozart,CSA,0,2020-09-24,2021-04-18,0
2020,CSA,28,2020-12-11,Mozart,CSA,0,2020-09-24,2021-04-18,0
2020,CSA,29,2020-12-16,Mozart,CSA,0,2020-09-24,2021-04-18,0
2020,CSA,30,2020-12-18,Mozart,CSA,0,2020-09-24,2021-04-18,0
2020,CSA,31,2020-12-22,Mozart,CSA,0,2020-09-24,2021-04-18,0
2021,CSA,1,2021-01-02,Mozart,CSA,0,2020-09-24,2021-04-18,0
2021,CSA,2,2021-01-09,Mozart,CSA,0,2020-09-24,2021-04-18,0
2021,CSA,3,2021-01-12,Mozart,CSA,0,2020-09-24,2021-04-18,0
2021,CSA,4,2021-01-16,Mozart,CSA,0,2020-09-24,2021-04-18,0
2021,CSA,5,2021-01-19,Mozart,CSA,0,2020-09-24,2021-04-18,0
2021,CSA,6,2021-01-22,Mozart,CSA,0,2020-09-24,2021-04-18,0
2021,CSA,7,2021-01-30,Mozart,CSA,0,2020-09-24,2021-04-18,0
2021,CSA,8,2021-05-29,Bruno Pivetti,CSA,0,2021-04-30,2021-07-04,0
2021,CSA,9,2021-06-05,Bruno Pivetti,CSA,0,2021-04-30,2021-07-04,0
2021,CSA,10,2021-06-13,Bruno Pivetti,CSA,0,2021-04-30,2021-07-04,0
2021,CSA,11,2021-06-16,Bruno Pivetti,CSA,0,2021-04-30,2021-07-04,0
2021,CSA,12,2021-06-21,Bruno Pivetti,CSA,0,2021-04-30,2021-07-04,0
2021,CSA,13,2021-06-28,Bruno Pivetti,CSA,0,2021-04-30,2021-07-04,0
2021,CSA,14,2021-06-30,Bruno Pivetti,CSA,0,2021-04-30,2021-07-04,0
2021,CSA,15,2021-07-03,Bruno Pivetti,CSA,0,2021-04-30,2021-07-04,0
2021,CSA,16,2021-07-12,Adriano Rodrigues,CSA,1,2021-07-05,2021-07-12,0
2021,CSA,17,2021-07-15,Ney Franco,CSA,0,2021-07-12,2021-09-01,0
2021,CSA,18,2021-07-18,Ney Franco,CSA,0,2021-07-12,2021-09-01,0
2021,CSA,19,2021-07-22,Ney Franco,CSA,0,2021-07-12,2021-09-01,0
2021,CSA,20,2021-07-25,Ney Franco,CSA,0,2021-07-12,2021-09-01,0
2021,CSA,21,2021-07-28,Ney Franco,CSA,0,2021-07-12,2021-09-01,0
2021,CSA,22,2021-08-01,Ney Franco,CSA,0,2021-07-12,2021-09-01,0
2021,CSA,23,2021-08-08,Ney Franco,CSA,0,2021-07-12,2021-09-01,0
2021,CSA,24,2021-08-11,Ney Franco,CSA,0,2021-07-12,2021-09-01,0
2021,CSA,25,2021-08-14,Ney Franco,CSA,0,2021-07-12,2021-09-01,0
2021,CSA,26,2021-08-20,Ney Franco,CSA,0,2021-07-12,2021-09-01,0
2021,CSA,27,2021-08-25,Ney Franco,CSA,0,2021-07-12,2021-09-01,0
2021,CSA,28,2021-08-29,Ney Franco,CSA,0,2021-07-12,2021-09-01,0
2021,CSA,29,2021-09-04,Mozart,CSA,0,2021-09-02,2022-06-13,0
2021,CSA,30,2021-09-07,Mozart,CSA,0,2021-09-02,2022-06-13,0
2021,CSA,31,2021-09-18,Mozart,CSA,0,2021-09-02,2022-06-13,0
2021,CSA,32,2021-09-24,Mozart,CSA,0,2021-09-02,2022-06-13,0
2021,CSA,33,2021-09-26,Mozart,CSA,0,2021-09-02,2022-06-13,0
2021,CSA,34,2021-09-30,Mozart,CSA,0,2021-09-02,2022-06-13,0
2021,CSA,35,2021-10-02,Mozart,CSA,0,2021-09-02,2022-06-13,0
2021,CSA,36,2021-10-10,Mozart,CSA,0,2021-09-02,2022-06-13,0
2021,CSA,37,2021-10-16,Mozart,CSA,0,2021-09-02,2022-06-13,0
2021,CSA,38,2021-10-24,Mozart,CSA,0,2021-09-02,2022-06-13,0
2021,CSA,39,2021-10-30,Mozart,CSA,0,2021-09-02,2022-06-13,0
2021,CSA,40,2021-11-02,Mozart,CSA,0,2021-09-02,2022-06-13,0
2021,CSA,41,2021-11-05,Mozart,CSA,0,2021-09-02,2022-06-13,0
2021,CSA,42,2021-11-09,Mozart,CSA,0,2021-09-02,2022-06-13,0
2021,CSA,43,2021-11-13,Mozart,CSA,0,2021-09-02,2022-06-13,0
2021,CSA,44,2021-11-21,Mozart,CSA,0,2021-09-02,2022-06-13,0
2021,CSA,45,2021-11-28,Mozart,CSA,0,2021-09-02,2022-06-13,0
2022,CSA,1,2022-04-16,Mozart,CSA,0,2021-09-02,2022-06-13,0
2022,CSA,2,2022-04-23,Mozart,CSA,0,2021-09-02,2022-06-13,0
2022,CSA,3,2022-04-27,Mozart,CSA,0,2021-09-02,2022-06-13,0
2022,CSA,4,2022-04-30,Mozart,CSA,0,2021-09-02,2022-06-13,0
2022,CSA,5,2022-05-05,Mozart,CSA,0,2021-09-02,2022-06-13,0
2022,CSA,6,2022-05-08,Mozart,CSA,0,2021-09-02,2022-06-13,0
2022,CSA,7,2022-05-15,Mozart,CSA,0,2021-09-02,2022-06-13,0
2022,CSA,8,2022-05-20,Mozart,CSA,0,2021-09-02,2022-06-13,0
2022,CSA,9,2022-05-28,Mozart,CSA,0,2021-09-02,2022-06-13,0
2022,CSA,10,2022-06-02,Mozart,CSA,0,2021-09-02,2022-06-13,0
2022,CSA,11,2022-06-08,Mozart,CSA,0,2021-09-02,2022-06-13,0
2022,CSA,12,2022-06-13,Mozart,CSA,0,2021-09-02,2022-06-13,0
2022,CSA,13,2022-06-19,Alberto Valentim,CSA,0,2022-06-17,2022-08-08,0
2022,CSA,14,2022-06-24,Alberto Valentim,CSA,0,2022-06-17,2022-08-08,0
2022,CSA,15,2022-06-28,Alberto Valentim,CSA,0,2022-06-17,2022-08-08,0
2022,CSA,16,2022-07-02,Alberto Valentim,CSA,0,2022-06-17,2022-08-08,0
2022,CSA,17,2022-07-08,Alberto Valentim,CSA,0,2022-06-17,2022-08-08,0
2022,CSA,18,2022-07-16,Alberto Valentim,CSA,0,2022-06-17,2022-08-08,0
2022,CSA,19,2022-07-21,Alberto Valentim,CSA,0,2022-06-17,2022-08-08,0
2022,CSA,20,2022-07-26,Alberto Valentim,CSA,0,2022-06-17,2022-08-08,0
2022,CSA,21,2022-07-31,Alberto Valentim,CSA,0,2022-06-17,2022-08-08,0
2022,CSA,22,2022-08-06,Alberto Valentim,CSA,0,2022-06-17,2022-08-08,0
2022,CSA,23,2022-08-10,Adriano Rodrigues,CSA,1,2022-08-08,2022-08-11,0
2022,CSA,24,2022-08-13,Roberto Fernandes,CSA,0,2022-08-08,2022-10-15,0
2022,CSA,25,2022-08-19,Roberto Fernandes,CSA,0,2022-08-08,2022-10-15,0
2022,CSA,26,2022-08-27,Roberto Fernandes,CSA,0,2022-08-08,2022-10-15,0
2022,CSA,27,2022-08-31,Roberto Fernandes,CSA,0,2022-08-08,2022-10-15,0
2022,CSA,28,2022-09-03,Roberto Fernandes,CSA,0,2022-08-08,2022-10-15,0
2022,CSA,29,2022-09-10,Roberto Fernandes,CSA,0,2022-08-08,2022-10-15,0
2022,CSA,30,2022-09-17,Roberto Fernandes,CSA,0,2022-08-08,2022-10-15,0
2022,CSA,31,2022-09-27,Roberto Fernandes,CSA,0,2022-08-08,2022-10-15,0
2022,CSA,32,2022-10-01,Roberto Fernandes,CSA,0,2022-08-08,2022-10-15,0
2022,CSA,33,2022-10-05,Roberto Fernandes,CSA,0,2022-08-08,2022-10-15,0
2022,CSA,34,2022-10-08,Roberto Fernandes,CSA,0,2022-08-08,2022-10-15,0
2022,CSA,35,2022-10-15,Adriano Rodrigues,CSA,0,2022-10-15,2022-12-05,0
2022,CSA,36,2022-10-21,Adriano Rodrigues,CSA,0,2022-10-15,2022-12-05,0
2022,CSA,37,2022-10-26,Adriano Rodrigues,CSA,0,2022-10-15,2022-12-05,0
2022,CSA,38,2022-11-06,Adriano Rodrigues,CSA,0,2022-10-15,2022-12-05,0
2023,Ceará,1,2023-04-15,Gustavo Morínigo,Ceará SC,0,2022-11-22,2023-04-24,0
2023,Ceará,2,2023-04-22,Gustavo Morínigo,Ceará SC,0,2022-11-22,2023-04-24,0
2023,Ceará,3,2023-04-30,Eduardo Barroca,Ceará SC,0,2023-04-27,2023-06-29,0
2023,Ceará,4,2023-05-07,Eduardo Barroca,Ceará SC,0,2023-04-27,2023-06-29,0
2023,Ceará,5,2023-05-11,Eduardo Barroca,Ceará SC,0,2023-04-27,2023-06-29,0
2023,Ceará,6,2023-05-13,Eduardo Barroca,Ceará SC,0,2023-04-27,2023-06-29,0
2023,Ceará,7,2023-05-21,Eduardo Barroca,Ceará SC,0,2023-04-27,2023-06-29,0
2023,Ceará,8,2023-05-25,Eduardo Barroca,Ceará SC,0,2023-04-27,2023-06-29,0
2023,Ceará,9,2023-05-28,Eduardo Barroca,Ceará SC,0,2023-04-27,2023-06-29,0
2023,Ceará,10,2023-06-03,Eduardo Barroca,Ceará SC,0,2023-04-27,2023-06-29,0
2023,Ceará,11,2023-06-07,Eduardo Barroca,Ceará SC,0,2023-04-27,2023-06-29,0
2023,Ceará,12,2023-06-11,Eduardo Barroca,Ceará SC,0,2023-04-27,2023-06-29,0
2023,Ceará,13,2023-06-25,Eduardo Barroca,Ceará SC,0,2023-04-27,2023-06-29,0
2023,Ceará,14,2023-06-29,Eduardo Barroca,Ceará SC,0,2023-04-27,2023-06-29,0
2023,Ceará,15,2023-07-02,Guto Ferreira,Ceará SC,0,2023-06-30,2023-08-28,0
2023,Ceará,16,2023-07-08,Guto Ferreira,Ceará SC,0,2023-06-30,2023-08-28,0
2023,Ceará,17,2023-07-16,Guto Ferreira,Ceará SC,0,2023-06-30,2023-08-28,0
2023,Ceará,18,2023-07-20,Guto Ferreira,Ceará SC,0,2023-06-30,2023-08-28,0
2023,Ceará,19,2023-07-23,Guto Ferreira,Ceará SC,0,2023-06-30,2023-08-28,0
2023,Ceará,20,2023-07-29,Guto Ferreira,Ceará SC,0,2023-06-30,2023-08-28,0
2023,Ceará,21,2023-08-03,Guto Ferreira,Ceará SC,0,2023-06-30,2023-08-28,0
2023,Ceará,22,2023-08-06,Guto Ferreira,Ceará SC,0,2023-06-30,2023-08-28,0
2023,Ceará,23,2023-08-13,Guto Ferreira,Ceará SC,0,2023-06-30,2023-08-28,0
2023,Ceará,24,2023-08-20,Guto Ferreira,Ceará SC,0,2023-06-30,2023-08-28,0
2023,Ceará,25,2023-08-26,Guto Ferreira,Ceará SC,0,2023-06-30,2023-08-28,0
2023,Ceará,26,2023-09-02,Vagner Mancini,Ceará SC,0,2023-09-01,2024-06-26,0
2023,Ceará,27,2023-09-07,Vagner Mancini,Ceará SC,0,2023-09-01,2024-06-26,0
2023,Ceará,28,2023-09-19,Vagner Mancini,Ceará SC,0,2023-09-01,2024-06-26,0
2023,Ceará,29,2023-09-23,Vagner Mancini,Ceará SC,0,2023-09-01,2024-06-26,0
2023,Ceará,30,2023-10-01,Vagner Mancini,Ceará SC,0,2023-09-01,2024-06-26,0
2023,Ceará,31,2023-10-07,Vagner Mancini,Ceará SC,0,2023-09-01,2024-06-26,0
2023,Ceará,32,2023-10-14,Vagner Mancini,Ceará SC,0,2023-09-01,2024-06-26,0
2023,Ceará,33,2023-10-22,Vagner Mancini,Ceará SC,0,2023-09-01,2024-06-26,0
2023,Ceará,34,2023-10-28,Vagner Mancini,Ceará SC,0,2023-09-01,2024-06-26,0
2023,Ceará,35,2023-11-04,Vagner Mancini,Ceará SC,0,2023-09-01,2024-06-26,0
2023,Ceará,36,2023-11-12,Vagner Mancini,Ceará SC,0,2023-09-01,2024-06-26,0
2023,Ceará,37,2023-11-18,Vagner Mancini,Ceará SC,0,2023-09-01,2024-06-26,0
2023,Ceará,38,2023-11-25,Vagner Mancini,Ceará SC,0,2023-09-01,2024-06-26,0
2024,Ceará,1,2024-04-20,Vagner Mancini,Ceará SC,0,2023-09-01,2024-06-26,0
2024,Ceará,2,2024-04-30,Vagner Mancini,Ceará SC,0,2023-09-01,2024-06-26,0
2024,Ceará,3,2024-05-07,Vagner Mancini,Ceará SC,0,2023-09-01,2024-06-26,0
2024,Ceará,4,2024-05-11,Vagner Mancini,Ceará SC,0,2023-09-01,2024-06-26,0
2024,Ceará,5,2024-05-16,Vagner Mancini,Ceará SC,0,2023-09-01,2024-06-26,0
2024,Ceará,6,2024-05-19,Vagner Mancini,Ceará SC,0,2023-09-01,2024-06-26,0
2024,Ceará,7,2024-05-26,Vagner Mancini,Ceará SC,0,2023-09-01,2024-06-26,0
2024,Ceará,8,2024-06-01,Vagner Mancini,Ceará SC,0,2023-09-01,2024-06-26,0
2024,Ceará,9,2024-06-11,Vagner Mancini,Ceará SC,0,2023-09-01,2024-06-26,0
2024,Ceará,10,2024-06-16,Vagner Mancini,Ceará SC,0,2023-09-01,2024-06-26,0
2024,Ceará,11,2024-06-21,Vagner Mancini,Ceará SC,0,2023-09-01,2024-06-26,0
2024,Ceará,12,2024-06-26,Vagner Mancini,Ceará SC,0,2023-09-01,2024-06-26,0
2024,Ceará,13,2024-06-30,Anderson Batatais,Ceará SC,0,2024-06-28,2024-07-02,0
2024,Ceará,14,2024-07-06,Léo Condé,Ceará SC,0,2024-07-04,2025-12-10,0
2024,Ceará,15,2024-07-13,Léo Condé,Ceará SC,0,2024-07-04,2025-12-10,0
2024,Ceará,16,2024-07-20,Léo Condé,Ceará SC,0,2024-07-04,2025-12-10,0
2024,Ceará,17,2024-07-26,Léo Condé,Ceará SC,0,2024-07-04,2025-12-10,0
2024,Ceará,18,2024-07-28,Léo Condé,Ceará SC,0,2024-07-04,2025-12-10,0
2024,Ceará,19,2024-08-07,Léo Condé,Ceará SC,0,2024-07-04,2025-12-10,0
2024,Ceará,20,2024-08-13,Léo Condé,Ceará SC,0,2024-07-04,2025-12-10,0
2024,Ceará,21,2024-08-17,Léo Condé,Ceará SC,0,2024-07-04,2025-12-10,0
2024,Ceará,22,2024-08-22,Léo Condé,Ceará SC,0,2024-07-04,2025-12-10,0
2024,Ceará,23,2024-08-27,Léo Condé,Ceará SC,0,2024-07-04,2025-12-10,0
2024,Ceará,24,2024-09-01,Léo Condé,Ceará SC,0,2024-07-04,2025-12-10,0
2024,Ceará,25,2024-09-08,Léo Condé,Ceará SC,0,2024-07-04,2025-12-10,0
2024,Ceará,26,2024-09-15,Léo Condé,Ceará SC,0,2024-07-04,2025-12-10,0
2024,Ceará,27,2024-09-19,Léo Condé,Ceará SC,0,2024-07-04,2025-12-10,0
2024,Ceará,28,2024-09-22,Léo Condé,Ceará SC,0,2024-07-04,2025-12-10,0
2024,Ceará,29,2024-09-28,Léo Condé,Ceará SC,0,2024-07-04,2025-12-10,0
2024,Ceará,30,2024-10-08,Léo Condé,Ceará SC,0,2024-07-04,2025-12-10,0
2024,Ceará,31,2024-10-12,Léo Condé,Ceará SC,0,2024-07-04,2025-12-10,0
2024,Ceará,32,2024-10-19,Léo Condé,Ceará SC,0,2024-07-04,2025-12-10,0
2024,Ceará,33,2024-10-23,Léo Condé,Ceará SC,0,2024-07-04,2025-12-10,0
2024,Ceará,34,2024-10-26,Léo Condé,Ceará SC,0,2024-07-04,2025-12-10,0
2024,Ceará,35,2024-11-03,Léo Condé,Ceará SC,0,2024-07-04,2025-12-10,0
2024,Ceará,36,2024-11-13,Léo Condé,Ceará SC,0,2024-07-04,2025-12-10,0
2024,Ceará,37,2024-11-19,Léo Condé,Ceará SC,0,2024-07-04,2025-12-10,0
2024,Ceará,38,2024-11-24,Léo Condé,Ceará SC,0,2024-07-04,2025-12-10,0
2026,Ceará,1,2026-03-21,Mozart,Ceará SC,0,2025-12-12,2026-06-01,0
2026,Ceará,2,2026-04-02,Mozart,Ceará SC,0,2025-12-12,2026-06-01,0
2026,Ceará,3,2026-04-04,Mozart,Ceará SC,0,2025-12-12,2026-06-01,0
2026,Ceará,4,2026-04-12,Mozart,Ceará SC,0,2025-12-12,2026-06-01,0
2026,Ceará,5,2026-04-19,Mozart,Ceará SC,0,2025-12-12,2026-06-01,0
2026,Ceará,6,2026-04-26,Mozart,Ceará SC,0,2025-12-12,2026-06-01,0
2026,Ceará,7,2026-05-03,Mozart,Ceará SC,0,2025-12-12,2026-06-01,0
2026,Ceará,8,2026-05-10,Mozart,Ceará SC,0,2025-12-12,2026-06-01,0
2026,Ceará,9,2026-05-17,Mozart,Ceará SC,0,2025-12-12,2026-06-01,0
2026,Ceará,10,2026-05-23,Mozart,Ceará SC,0,2025-12-12,2026-06-01,0
2026,Ceará,11,2026-05-31,Mozart,Ceará SC,0,2025-12-12,2026-06-01,0
2026,Ceará,15,2026-06-28,Daniel Paulista,Ceará SC,0,2026-06-25,,0
2026,Ceará,16,2026-07-05,Daniel Paulista,Ceará SC,0,2026-06-25,,0
2026,Ceará,17,2026-07-14,Daniel Paulista,Ceará SC,0,2026-06-25,,0
2026,Ceará,18,2026-07-18,Daniel Paulista,Ceará SC,0,2026-06-25,,0
2026,Ceará,19,2026-07-23,Daniel Paulista,Ceará SC,0,2026-06-25,,0
2026,Ceará,20,2026-07-26,Daniel Paulista,Ceará SC,0,2026-06-25,,0
2026,Ceará,21,2026-08-08,Daniel Paulista,Ceará SC,0,2026-06-25,,0
2026,Ceará,22,2026-08-15,Daniel Paulista,Ceará SC,0,2026-06-25,,0
2026,Ceará,23,2026-08-19,Daniel Paulista,Ceará SC,0,2026-06-25,,0
2026,Ceará,24,2026-08-22,Daniel Paulista,Ceará SC,0,2026-06-25,,0
2026,Ceará,25,2026-08-30,Daniel Paulista,Ceará SC,0,2026-06-25,,0
2026,Ceará,26,2026-09-05,Daniel Paulista,Ceará SC,0,2026-06-25,,0
2020,Chapecoense,1,2020-08-09,Umberto Louzer,Chapecoense,0,2020-02-16,2021-04-14,0
2020,Chapecoense,2,2020-08-16,Umberto Louzer,Chapecoense,0,2020-02-16,2021-04-14,0
2020,Chapecoense,3,2020-08-21,Umberto Louzer,Chapecoense,0,2020-02-16,2021-04-14,0
2020,Chapecoense,4,2020-08-25,Umberto Louzer,Chapecoense,0,2020-02-16,2021-04-14,0
2020,Chapecoense,5,2020-08-29,Umberto Louzer,Chapecoense,0,2020-02-16,2021-04-14,0
2020,Chapecoense,6,2020-09-02,Umberto Louzer,Chapecoense,0,2020-02-16,2021-04-14,0
2020,Chapecoense,7,2020-09-06,Umberto Louzer,Chapecoense,0,2020-02-16,2021-04-14,0
2020,Chapecoense,8,2020-09-19,Umberto Louzer,Chapecoense,0,2020-02-16,2021-04-14,0
2020,Chapecoense,9,2020-09-26,Umberto Louzer,Chapecoense,0,2020-02-16,2021-04-14,0
2020,Chapecoense,10,2020-09-30,Umberto Louzer,Chapecoense,0,2020-02-16,2021-04-14,0
2020,Chapecoense,11,2020-10-03,Umberto Louzer,Chapecoense,0,2020-02-16,2021-04-14,0
2020,Chapecoense,12,2020-10-06,Umberto Louzer,Chapecoense,0,2020-02-16,2021-04-14,0
2020,Chapecoense,13,2020-10-09,Umberto Louzer,Chapecoense,0,2020-02-16,2021-04-14,0
2020,Chapecoense,14,2020-10-15,Umberto Louzer,Chapecoense,0,2020-02-16,2021-04-14,0
2020,Chapecoense,15,2020-10-17,Umberto Louzer,Chapecoense,0,2020-02-16,2021-04-14,0
2020,Chapecoense,16,2020-10-21,Umberto Louzer,Chapecoense,0,2020-02-16,2021-04-14,0
2020,Chapecoense,17,2020-10-24,Umberto Louzer,Chapecoense,0,2020-02-16,2021-04-14,0
2020,Chapecoense,18,2020-10-27,Umberto Louzer,Chapecoense,0,2020-02-16,2021-04-14,0
2020,Chapecoense,19,2020-10-31,Umberto Louzer,Chapecoense,0,2020-02-16,2021-04-14,0
2020,Chapecoense,20,2020-11-08,Umberto Louzer,Chapecoense,0,2020-02-16,2021-04-14,0
2020,Chapecoense,21,2020-11-10,Umberto Louzer,Chapecoense,0,2020-02-16,2021-04-14,0
2020,Chapecoense,22,2020-11-20,Umberto Louzer,Chapecoense,0,2020-02-16,2021-04-14,0
2020,Chapecoense,23,2020-11-25,Umberto Louzer,Chapecoense,0,2020-02-16,2021-04-14,0
2020,Chapecoense,24,2020-11-29,Umberto Louzer,Chapecoense,0,2020-02-16,2021-04-14,0
2020,Chapecoense,25,2020-12-01,Umberto Louzer,Chapecoense,0,2020-02-16,2021-04-14,0
2020,Chapecoense,26,2020-12-05,Umberto Louzer,Chapecoense,0,2020-02-16,2021-04-14,0
2020,Chapecoense,27,2020-12-09,Umberto Louzer,Chapecoense,0,2020-02-16,2021-04-14,0
2020,Chapecoense,28,2020-12-13,Umberto Louzer,Chapecoense,0,2020-02-16,2021-04-14,0
2020,Chapecoense,29,2020-12-16,Umberto Louzer,Chapecoense,0,2020-02-16,2021-04-14,0
2020,Chapecoense,30,2020-12-20,Umberto Louzer,Chapecoense,0,2020-02-16,2021-04-14,0
2020,Chapecoense,31,2020-12-29,Umberto Louzer,Chapecoense,0,2020-02-16,2021-04-14,0
2021,Chapecoense,1,2021-01-03,Umberto Louzer,Chapecoense,0,2020-02-16,2021-04-14,0
2021,Chapecoense,2,2021-01-10,Umberto Louzer,Chapecoense,0,2020-02-16,2021-04-14,0
2021,Chapecoense,3,2021-01-13,Umberto Louzer,Chapecoense,0,2020-02-16,2021-04-14,0
2021,Chapecoense,4,2021-01-17,Umberto Louzer,Chapecoense,0,2020-02-16,2021-04-14,0
2021,Chapecoense,5,2021-01-21,Umberto Louzer,Chapecoense,0,2020-02-16,2021-04-14,0
2021,Chapecoense,6,2021-01-25,Umberto Louzer,Chapecoense,0,2020-02-16,2021-04-14,0
2021,Chapecoense,7,2021-01-30,Umberto Louzer,Chapecoense,0,2020-02-16,2021-04-14,0
2022,Chapecoense,1,2022-04-09,Gilson Kleina,Chapecoense,0,2022-04-08,2022-07-05,0
2022,Chapecoense,2,2022-04-16,Gilson Kleina,Chapecoense,0,2022-04-08,2022-07-05,0
2022,Chapecoense,3,2022-04-23,Gilson Kleina,Chapecoense,0,2022-04-08,2022-07-05,0
2022,Chapecoense,4,2022-04-27,Gilson Kleina,Chapecoense,0,2022-04-08,2022-07-05,0
2022,Chapecoense,5,2022-05-01,Gilson Kleina,Chapecoense,0,2022-04-08,2022-07-05,0
2022,Chapecoense,6,2022-05-06,Gilson Kleina,Chapecoense,0,2022-04-08,2022-07-05,0
2022,Chapecoense,7,2022-05-14,Gilson Kleina,Chapecoense,0,2022-04-08,2022-07-05,0
2022,Chapecoense,8,2022-05-20,Gilson Kleina,Chapecoense,0,2022-04-08,2022-07-05,0
2022,Chapecoense,9,2022-05-25,Gilson Kleina,Chapecoense,0,2022-04-08,2022-07-05,0
2022,Chapecoense,10,2022-06-08,Gilson Kleina,Chapecoense,0,2022-04-08,2022-07-05,0
2022,Chapecoense,11,2022-06-11,Gilson Kleina,Chapecoense,0,2022-04-08,2022-07-05,0
2022,Chapecoense,12,2022-06-15,Gilson Kleina,Chapecoense,0,2022-04-08,2022-07-05,0
2022,Chapecoense,13,2022-06-22,Gilson Kleina,Chapecoense,0,2022-04-08,2022-07-05,0
2022,Chapecoense,14,2022-06-28,Gilson Kleina,Chapecoense,0,2022-04-08,2022-07-05,0
2022,Chapecoense,15,2022-07-02,Gilson Kleina,Chapecoense,0,2022-04-08,2022-07-05,0
2022,Chapecoense,17,2022-07-09,Bolívar,Chapecoense,1,2022-07-07,2022-07-11,0
2022,Chapecoense,18,2022-07-17,Marcelo Cabo,Chapecoense,0,2022-07-11,2022-08-30,0
2022,Chapecoense,19,2022-07-21,Marcelo Cabo,Chapecoense,0,2022-07-11,2022-08-30,0
2022,Chapecoense,20,2022-07-24,Marcelo Cabo,Chapecoense,0,2022-07-11,2022-08-30,0
2022,Chapecoense,21,2022-07-26,Marcelo Cabo,Chapecoense,0,2022-07-11,2022-08-30,0
2022,Chapecoense,22,2022-07-31,Marcelo Cabo,Chapecoense,0,2022-07-11,2022-08-30,0
2022,Chapecoense,23,2022-08-11,Marcelo Cabo,Chapecoense,0,2022-07-11,2022-08-30,0
2022,Chapecoense,24,2022-08-13,Marcelo Cabo,Chapecoense,0,2022-07-11,2022-08-30,0
2022,Chapecoense,25,2022-08-20,Marcelo Cabo,Chapecoense,0,2022-07-11,2022-08-30,0
2022,Chapecoense,26,2022-08-24,Marcelo Cabo,Chapecoense,0,2022-07-11,2022-08-30,0
2022,Chapecoense,27,2022-08-30,Marcelo Cabo,Chapecoense,0,2022-07-11,2022-08-30,0
2022,Chapecoense,28,2022-09-04,Gilmar Dal Pozzo,Chapecoense,0,2022-09-02,2022-11-08,0
2022,Chapecoense,29,2022-09-10,Gilmar Dal Pozzo,Chapecoense,0,2022-09-02,2022-11-08,0
2022,Chapecoense,30,2022-09-17,Gilmar Dal Pozzo,Chapecoense,0,2022-09-02,2022-11-08,0
2022,Chapecoense,31,2022-09-25,Gilmar Dal Pozzo,Chapecoense,0,2022-09-02,2022-11-08,0
2022,Chapecoense,32,2022-10-01,Gilmar Dal Pozzo,Chapecoense,0,2022-09-02,2022-11-08,0
2022,Chapecoense,33,2022-10-05,Gilmar Dal Pozzo,Chapecoense,0,2022-09-02,2022-11-08,0
2022,Chapecoense,34,2022-10-08,Gilmar Dal Pozzo,Chapecoense,0,2022-09-02,2022-11-08,0
2022,Chapecoense,35,2022-10-12,Gilmar Dal Pozzo,Chapecoense,0,2022-09-02,2022-11-08,0
2022,Chapecoense,36,2022-10-22,Gilmar Dal Pozzo,Chapecoense,0,2022-09-02,2022-11-08,0
2022,Chapecoense,37,2022-10-30,Gilmar Dal Pozzo,Chapecoense,0,2022-09-02,2022-11-08,0
2022,Chapecoense,38,2022-11-06,Gilmar Dal Pozzo,Chapecoense,0,2022-09-02,2022-11-08,0
2023,Chapecoense,1,2023-04-15,Argel Fuchs,Chapecoense,0,2023-03-21,2023-05-29,0
2023,Chapecoense,2,2023-04-23,Argel Fuchs,Chapecoense,0,2023-03-21,2023-05-29,0
2023,Chapecoense,3,2023-04-29,Argel Fuchs,Chapecoense,0,2023-03-21,2023-05-29,0
2023,Chapecoense,4,2023-05-03,Argel Fuchs,Chapecoense,0,2023-03-21,2023-05-29,0
2023,Chapecoense,5,2023-05-07,Argel Fuchs,Chapecoense,0,2023-03-21,2023-05-29,0
2023,Chapecoense,6,2023-05-13,Argel Fuchs,Chapecoense,0,2023-03-21,2023-05-29,0
2023,Chapecoense,7,2023-05-21,Argel Fuchs,Chapecoense,0,2023-03-21,2023-05-29,0
2023,Chapecoense,8,2023-05-25,Argel Fuchs,Chapecoense,0,2023-03-21,2023-05-29,0
2023,Chapecoense,11,2023-06-07,Gilmar Dal Pozzo,Chapecoense,0,2023-06-05,2023-08-07,0
2023,Chapecoense,12,2023-06-10,Gilmar Dal Pozzo,Chapecoense,0,2023-06-05,2023-08-07,0
2023,Chapecoense,13,2023-06-24,Gilmar Dal Pozzo,Chapecoense,0,2023-06-05,2023-08-07,0
2023,Chapecoense,14,2023-06-28,Gilmar Dal Pozzo,Chapecoense,0,2023-06-05,2023-08-07,0
2023,Chapecoense,15,2023-07-01,Gilmar Dal Pozzo,Chapecoense,0,2023-06-05,2023-08-07,0
2023,Chapecoense,16,2023-07-09,Gilmar Dal Pozzo,Chapecoense,0,2023-06-05,2023-08-07,0
2023,Chapecoense,17,2023-07-19,Gilmar Dal Pozzo,Chapecoense,0,2023-06-05,2023-08-07,0
2023,Chapecoense,18,2023-07-25,Gilmar Dal Pozzo,Chapecoense,0,2023-06-05,2023-08-07,0
2023,Chapecoense,19,2023-07-29,Gilmar Dal Pozzo,Chapecoense,0,2023-06-05,2023-08-07,0
2023,Chapecoense,20,2023-08-03,Gilmar Dal Pozzo,Chapecoense,0,2023-06-05,2023-08-07,0
2023,Chapecoense,21,2023-08-06,Gilmar Dal Pozzo,Chapecoense,0,2023-06-05,2023-08-07,0
2023,Chapecoense,22,2023-08-13,Claudinei Oliveira,Chapecoense,0,2023-08-10,2024-02-11,0
2023,Chapecoense,23,2023-08-20,Claudinei Oliveira,Chapecoense,0,2023-08-10,2024-02-11,0
2023,Chapecoense,24,2023-08-24,Claudinei Oliveira,Chapecoense,0,2023-08-10,2024-02-11,0
2023,Chapecoense,25,2023-08-27,Claudinei Oliveira,Chapecoense,0,2023-08-10,2024-02-11,0
2023,Chapecoense,26,2023-09-01,Claudinei Oliveira,Chapecoense,0,2023-08-10,2024-02-11,0
2023,Chapecoense,27,2023-09-06,Claudinei Oliveira,Chapecoense,0,2023-08-10,2024-02-11,0
2023,Chapecoense,28,2023-09-16,Claudinei Oliveira,Chapecoense,0,2023-08-10,2024-02-11,0
2023,Chapecoense,29,2023-09-23,Claudinei Oliveira,Chapecoense,0,2023-08-10,2024-02-11,0
2023,Chapecoense,30,2023-10-01,Claudinei Oliveira,Chapecoense,0,2023-08-10,2024-02-11,0
2023,Chapecoense,31,2023-10-06,Claudinei Oliveira,Chapecoense,0,2023-08-10,2024-02-11,0
2023,Chapecoense,32,2023-10-14,Claudinei Oliveira,Chapecoense,0,2023-08-10,2024-02-11,0
2023,Chapecoense,33,2023-10-22,Claudinei Oliveira,Chapecoense,0,2023-08-10,2024-02-11,0
2023,Chapecoense,34,2023-10-31,Claudinei Oliveira,Chapecoense,0,2023-08-10,2024-02-11,0
2023,Chapecoense,35,2023-11-07,Claudinei Oliveira,Chapecoense,0,2023-08-10,2024-02-11,0
2023,Chapecoense,36,2023-11-11,Claudinei Oliveira,Chapecoense,0,2023-08-10,2024-02-11,0
2023,Chapecoense,37,2023-11-17,Claudinei Oliveira,Chapecoense,0,2023-08-10,2024-02-11,0
2023,Chapecoense,38,2023-11-25,Claudinei Oliveira,Chapecoense,0,2023-08-10,2024-02-11,0
2024,Chapecoense,1,2024-04-20,Umberto Louzer,Chapecoense,0,2024-02-16,2024-08-04,0
2024,Chapecoense,2,2024-04-27,Umberto Louzer,Chapecoense,0,2024-02-16,2024-08-04,0
2024,Chapecoense,3,2024-05-04,Umberto Louzer,Chapecoense,0,2024-02-16,2024-08-04,0
2024,Chapecoense,4,2024-05-11,Umberto Louzer,Chapecoense,0,2024-02-16,2024-08-04,0
2024,Chapecoense,5,2024-05-15,Umberto Louzer,Chapecoense,0,2024-02-16,2024-08-04,0
2024,Chapecoense,6,2024-05-21,Umberto Louzer,Chapecoense,0,2024-02-16,2024-08-04,0
2024,Chapecoense,7,2024-05-26,Umberto Louzer,Chapecoense,0,2024-02-16,2024-08-04,0
2024,Chapecoense,8,2024-06-02,Ricardo Chuva,Chapecoense,1,2024-05-31,2024-06-03,0
2024,Chapecoense,9,2024-06-09,Umberto Louzer,Chapecoense,0,2024-02-16,2024-08-04,0
2024,Chapecoense,10,2024-06-14,Umberto Louzer,Chapecoense,0,2024-02-16,2024-08-04,0
2024,Chapecoense,11,2024-06-18,Umberto Louzer,Chapecoense,0,2024-02-16,2024-08-04,0
2024,Chapecoense,12,2024-06-23,Umberto Louzer,Chapecoense,0,2024-02-16,2024-08-04,0
2024,Chapecoense,13,2024-07-02,Umberto Louzer,Chapecoense,0,2024-02-16,2024-08-04,0
2024,Chapecoense,14,2024-07-06,Umberto Louzer,Chapecoense,0,2024-02-16,2024-08-04,0
2024,Chapecoense,15,2024-07-15,Umberto Louzer,Chapecoense,0,2024-02-16,2024-08-04,0
2024,Chapecoense,16,2024-07-19,Umberto Louzer,Chapecoense,0,2024-02-16,2024-08-04,0
2024,Chapecoense,17,2024-07-24,Umberto Louzer,Chapecoense,0,2024-02-16,2024-08-04,0
2024,Chapecoense,18,2024-07-27,Umberto Louzer,Chapecoense,0,2024-02-16,2024-08-04,0
2024,Chapecoense,19,2024-08-05,Celso Rodrigues,Chapecoense,1,2024-08-04,2024-08-06,0
2024,Chapecoense,20,2024-08-10,Tcheco,Chapecoense,0,2024-08-07,2024-08-18,0
2024,Chapecoense,21,2024-08-17,Tcheco,Chapecoense,0,2024-08-07,2024-08-18,0
2024,Chapecoense,22,2024-08-22,Celso Rodrigues,Chapecoense,1,2024-08-20,2024-08-22,0
2024,Chapecoense,23,2024-08-25,Gilmar Dal Pozzo,Chapecoense,0,2024-08-20,2026-04-03,0
2024,Chapecoense,24,2024-08-31,Gilmar Dal Pozzo,Chapecoense,0,2024-08-20,2026-04-03,0
2024,Chapecoense,25,2024-09-10,Gilmar Dal Pozzo,Chapecoense,0,2024-08-20,2026-04-03,0
2024,Chapecoense,26,2024-09-15,Gilmar Dal Pozzo,Chapecoense,0,2024-08-20,2026-04-03,0
2024,Chapecoense,27,2024-09-19,Gilmar Dal Pozzo,Chapecoense,0,2024-08-20,2026-04-03,0
2024,Chapecoense,28,2024-09-22,Gilmar Dal Pozzo,Chapecoense,0,2024-08-20,2026-04-03,0
2024,Chapecoense,29,2024-09-27,Gilmar Dal Pozzo,Chapecoense,0,2024-08-20,2026-04-03,0
2024,Chapecoense,30,2024-10-10,Gilmar Dal Pozzo,Chapecoense,0,2024-08-20,2026-04-03,0
2024,Chapecoense,31,2024-10-17,Gilmar Dal Pozzo,Chapecoense,0,2024-08-20,2026-04-03,0
2024,Chapecoense,32,2024-10-22,Gilmar Dal Pozzo,Chapecoense,0,2024-08-20,2026-04-03,0
2024,Chapecoense,33,2024-10-29,Gilmar Dal Pozzo,Chapecoense,0,2024-08-20,2026-04-03,0
2024,Chapecoense,34,2024-11-02,Gilmar Dal Pozzo,Chapecoense,0,2024-08-20,2026-04-03,0
2024,Chapecoense,35,2024-11-10,Gilmar Dal Pozzo,Chapecoense,0,2024-08-20,2026-04-03,0
2024,Chapecoense,36,2024-11-17,Gilmar Dal Pozzo,Chapecoense,0,2024-08-20,2026-04-03,0
2024,Chapecoense,37,2024-11-24,Gilmar Dal Pozzo,Chapecoense,0,2024-08-20,2026-04-03,0
2025,Chapecoense,1,2025-04-05,Gilmar Dal Pozzo,Chapecoense,0,2024-08-20,2026-04-03,0
2025,Chapecoense,2,2025-04-12,Gilmar Dal Pozzo,Chapecoense,0,2024-08-20,2026-04-03,0
2025,Chapecoense,3,2025-04-17,Gilmar Dal Pozzo,Chapecoense,0,2024-08-20,2026-04-03,0
2025,Chapecoense,4,2025-04-20,Gilmar Dal Pozzo,Chapecoense,0,2024-08-20,2026-04-03,0
2025,Chapecoense,5,2025-04-26,Gilmar Dal Pozzo,Chapecoense,0,2024-08-20,2026-04-03,0
2025,Chapecoense,6,2025-05-04,Gilmar Dal Pozzo,Chapecoense,0,2024-08-20,2026-04-03,0
2025,Chapecoense,7,2025-05-09,Gilmar Dal Pozzo,Chapecoense,0,2024-08-20,2026-04-03,0
2025,Chapecoense,8,2025-05-17,Gilmar Dal Pozzo,Chapecoense,0,2024-08-20,2026-04-03,0
2025,Chapecoense,9,2025-05-24,Gilmar Dal Pozzo,Chapecoense,0,2024-08-20,2026-04-03,0
2025,Chapecoense,10,2025-06-03,Gilmar Dal Pozzo,Chapecoense,0,2024-08-20,2026-04-03,0
2025,Chapecoense,11,2025-06-07,Gilmar Dal Pozzo,Chapecoense,0,2024-08-20,2026-04-03,0
2025,Chapecoense,12,2025-06-17,Gilmar Dal Pozzo,Chapecoense,0,2024-08-20,2026-04-03,0
2025,Chapecoense,13,2025-06-21,Gilmar Dal Pozzo,Chapecoense,0,2024-08-20,2026-04-03,0
2025,Chapecoense,14,2025-06-30,Gilmar Dal Pozzo,Chapecoense,0,2024-08-20,2026-04-03,0
2025,Chapecoense,15,2025-07-08,Gilmar Dal Pozzo,Chapecoense,0,2024-08-20,2026-04-03,0
2025,Chapecoense,16,2025-07-13,Gilmar Dal Pozzo,Chapecoense,0,2024-08-20,2026-04-03,0
2025,Chapecoense,17,2025-07-20,Gilmar Dal Pozzo,Chapecoense,0,2024-08-20,2026-04-03,0
2025,Chapecoense,18,2025-07-24,Gilmar Dal Pozzo,Chapecoense,0,2024-08-20,2026-04-03,0
2025,Chapecoense,19,2025-07-28,Gilmar Dal Pozzo,Chapecoense,0,2024-08-20,2026-04-03,0
2025,Chapecoense,20,2025-08-03,Gilmar Dal Pozzo,Chapecoense,0,2024-08-20,2026-04-03,0
2025,Chapecoense,21,2025-08-09,Gilmar Dal Pozzo,Chapecoense,0,2024-08-20,2026-04-03,0
2025,Chapecoense,22,2025-08-17,Gilmar Dal Pozzo,Chapecoense,0,2024-08-20,2026-04-03,0
2025,Chapecoense,23,2025-08-23,Gilmar Dal Pozzo,Chapecoense,0,2024-08-20,2026-04-03,0
2025,Chapecoense,24,2025-09-02,Gilmar Dal Pozzo,Chapecoense,0,2024-08-20,2026-04-03,0
2025,Chapecoense,25,2025-09-07,Gilmar Dal Pozzo,Chapecoense,0,2024-08-20,2026-04-03,0
2025,Chapecoense,26,2025-09-17,Gilmar Dal Pozzo,Chapecoense,0,2024-08-20,2026-04-03,0
2025,Chapecoense,27,2025-09-22,Gilmar Dal Pozzo,Chapecoense,0,2024-08-20,2026-04-03,0
2025,Chapecoense,28,2025-09-26,Gilmar Dal Pozzo,Chapecoense,0,2024-08-20,2026-04-03,0
2025,Chapecoense,29,2025-09-29,Gilmar Dal Pozzo,Chapecoense,0,2024-08-20,2026-04-03,0
2025,Chapecoense,30,2025-10-04,Gilmar Dal Pozzo,Chapecoense,0,2024-08-20,2026-04-03,0
2025,Chapecoense,31,2025-10-10,Gilmar Dal Pozzo,Chapecoense,0,2024-08-20,2026-04-03,0
2025,Chapecoense,32,2025-10-15,Gilmar Dal Pozzo,Chapecoense,0,2024-08-20,2026-04-03,0
2025,Chapecoense,33,2025-10-20,Gilmar Dal Pozzo,Chapecoense,0,2024-08-20,2026-04-03,0
2025,Chapecoense,34,2025-10-27,Gilmar Dal Pozzo,Chapecoense,0,2024-08-20,2026-04-03,0
2025,Chapecoense,35,2025-11-02,Gilmar Dal Pozzo,Chapecoense,0,2024-08-20,2026-04-03,0
2025,Chapecoense,36,2025-11-10,Gilmar Dal Pozzo,Chapecoense,0,2024-08-20,2026-04-03,0
2025,Chapecoense,37,2025-11-15,Gilmar Dal Pozzo,Chapecoense,0,2024-08-20,2026-04-03,0
2025,Chapecoense,38,2025-11-23,Gilmar Dal Pozzo,Chapecoense,0,2024-08-20,2026-04-03,0
2020,Confiança,1,2020-08-08,Matheus Costa,AD Confiança,0,2020-02-16,2020-09-16,0
2020,Confiança,2,2020-08-12,Matheus Costa,AD Confiança,0,2020-02-16,2020-09-16,0
2020,Confiança,3,2020-08-19,Matheus Costa,AD Confiança,0,2020-02-16,2020-09-16,0
2020,Confiança,4,2020-08-23,Matheus Costa,AD Confiança,0,2020-02-16,2020-09-16,0
2020,Confiança,5,2020-08-30,Matheus Costa,AD Confiança,0,2020-02-16,2020-09-16,0
2020,Confiança,6,2020-09-02,Matheus Costa,AD Confiança,0,2020-02-16,2020-09-16,0
2020,Confiança,7,2020-09-05,Matheus Costa,AD Confiança,0,2020-02-16,2020-09-16,0
2020,Confiança,8,2020-09-09,Matheus Costa,AD Confiança,0,2020-02-16,2020-09-16,0
2020,Confiança,9,2020-09-16,Matheus Costa,AD Confiança,0,2020-02-16,2020-09-16,0
2020,Confiança,10,2020-09-19,Daniel Paulista,AD Confiança,0,2020-09-17,2021-05-10,0
2020,Confiança,11,2020-09-28,Daniel Paulista,AD Confiança,0,2020-09-17,2021-05-10,0
2020,Confiança,12,2020-09-30,Daniel Paulista,AD Confiança,0,2020-09-17,2021-05-10,0
2020,Confiança,13,2020-10-03,Daniel Paulista,AD Confiança,0,2020-09-17,2021-05-10,0
2020,Confiança,14,2020-10-06,Daniel Paulista,AD Confiança,0,2020-09-17,2021-05-10,0
2020,Confiança,15,2020-10-09,Daniel Paulista,AD Confiança,0,2020-09-17,2021-05-10,0
2020,Confiança,16,2020-10-17,Daniel Paulista,AD Confiança,0,2020-09-17,2021-05-10,0
2020,Confiança,17,2020-10-22,Daniel Paulista,AD Confiança,0,2020-09-17,2021-05-10,0
2020,Confiança,18,2020-10-25,Daniel Paulista,AD Confiança,0,2020-09-17,2021-05-10,0
2020,Confiança,19,2020-10-31,Daniel Paulista,AD Confiança,0,2020-09-17,2021-05-10,0
2020,Confiança,20,2020-11-07,Daniel Paulista,AD Confiança,0,2020-09-17,2021-05-10,0
2020,Confiança,21,2020-11-11,Daniel Paulista,AD Confiança,0,2020-09-17,2021-05-10,0
2020,Confiança,22,2020-11-20,Daniel Paulista,AD Confiança,0,2020-09-17,2021-05-10,0
2020,Confiança,23,2020-11-24,Daniel Paulista,AD Confiança,0,2020-09-17,2021-05-10,0
2020,Confiança,24,2020-11-28,Daniel Paulista,AD Confiança,0,2020-09-17,2021-05-10,0
2020,Confiança,25,2020-12-01,Daniel Paulista,AD Confiança,0,2020-09-17,2021-05-10,0
2020,Confiança,26,2020-12-04,Daniel Paulista,AD Confiança,0,2020-09-17,2021-05-10,0
2020,Confiança,27,2020-12-09,Daniel Paulista,AD Confiança,0,2020-09-17,2021-05-10,0
2020,Confiança,28,2020-12-12,Daniel Paulista,AD Confiança,0,2020-09-17,2021-05-10,0
2020,Confiança,29,2020-12-16,Daniel Paulista,AD Confiança,0,2020-09-17,2021-05-10,0
2020,Confiança,30,2020-12-19,Daniel Paulista,AD Confiança,0,2020-09-17,2021-05-10,0
2020,Confiança,31,2020-12-28,Daniel Paulista,AD Confiança,0,2020-09-17,2021-05-10,0
2021,Confiança,1,2021-01-05,Daniel Paulista,AD Confiança,0,2020-09-17,2021-05-10,0
2021,Confiança,2,2021-01-08,Daniel Paulista,AD Confiança,0,2020-09-17,2021-05-10,0
2021,Confiança,3,2021-01-12,Daniel Paulista,AD Confiança,0,2020-09-17,2021-05-10,0
2021,Confiança,4,2021-01-17,Daniel Paulista,AD Confiança,0,2020-09-17,2021-05-10,0
2021,Confiança,5,2021-01-19,Daniel Paulista,AD Confiança,0,2020-09-17,2021-05-10,0
2021,Confiança,6,2021-01-23,Daniel Paulista,AD Confiança,0,2020-09-17,2021-05-10,0
2021,Confiança,7,2021-01-30,Daniel Paulista,AD Confiança,0,2020-09-17,2021-05-10,0
2021,Confiança,8,2021-05-29,Rodrigo Santana,AD Confiança,0,2021-05-26,2021-07-26,0
2021,Confiança,9,2021-06-04,Rodrigo Santana,AD Confiança,0,2021-05-26,2021-07-26,0
2021,Confiança,10,2021-06-12,Rodrigo Santana,AD Confiança,0,2021-05-26,2021-07-26,0
2021,Confiança,11,2021-06-16,Rodrigo Santana,AD Confiança,0,2021-05-26,2021-07-26,0
2021,Confiança,12,2021-06-20,Rodrigo Santana,AD Confiança,0,2021-05-26,2021-07-26,0
2021,Confiança,13,2021-06-22,Rodrigo Santana,AD Confiança,0,2021-05-26,2021-07-26,0
2021,Confiança,14,2021-06-26,Rodrigo Santana,AD Confiança,0,2021-05-26,2021-07-26,0
2021,Confiança,15,2021-06-30,Rodrigo Santana,AD Confiança,0,2021-05-26,2021-07-26,0
2021,Confiança,16,2021-07-03,Rodrigo Santana,AD Confiança,0,2021-05-26,2021-07-26,0
2021,Confiança,17,2021-07-11,Rodrigo Santana,AD Confiança,0,2021-05-26,2021-07-26,0
2021,Confiança,18,2021-07-14,Rodrigo Santana,AD Confiança,0,2021-05-26,2021-07-26,0
2021,Confiança,19,2021-07-17,Rodrigo Santana,AD Confiança,0,2021-05-26,2021-07-26,0
2021,Confiança,20,2021-07-21,Rodrigo Santana,AD Confiança,0,2021-05-26,2021-07-26,0
2021,Confiança,21,2021-07-24,Rodrigo Santana,AD Confiança,0,2021-05-26,2021-07-26,0
2021,Confiança,22,2021-08-01,Zé Carlos,AD Confiança,1,2021-07-27,2021-08-30,0
2021,Confiança,23,2021-08-07,Zé Carlos,AD Confiança,1,2021-07-27,2021-08-30,0
2021,Confiança,24,2021-08-11,Zé Carlos,AD Confiança,1,2021-07-27,2021-08-30,0
2021,Confiança,25,2021-08-14,Zé Carlos,AD Confiança,1,2021-07-27,2021-08-30,0
2021,Confiança,26,2021-08-18,Zé Carlos,AD Confiança,1,2021-07-27,2021-08-30,0
2021,Confiança,27,2021-08-21,Zé Carlos,AD Confiança,1,2021-07-27,2021-08-30,0
2021,Confiança,28,2021-08-26,Zé Carlos,AD Confiança,1,2021-07-27,2021-08-30,0
2021,Confiança,29,2021-09-02,Luizinho Lopes,AD Confiança,0,2021-08-31,2022-04-13,0
2021,Confiança,30,2021-09-07,Luizinho Lopes,AD Confiança,0,2021-08-31,2022-04-13,0
2021,Confiança,31,2021-09-18,Luizinho Lopes,AD Confiança,0,2021-08-31,2022-04-13,0
2021,Confiança,32,2021-09-22,Luizinho Lopes,AD Confiança,0,2021-08-31,2022-04-13,0
2021,Confiança,33,2021-09-25,Luizinho Lopes,AD Confiança,0,2021-08-31,2022-04-13,0
2021,Confiança,34,2021-09-29,Luizinho Lopes,AD Confiança,0,2021-08-31,2022-04-13,0
2021,Confiança,35,2021-10-03,Luizinho Lopes,AD Confiança,0,2021-08-31,2022-04-13,0
2021,Confiança,36,2021-10-10,Luizinho Lopes,AD Confiança,0,2021-08-31,2022-04-13,0
2021,Confiança,37,2021-10-17,Luizinho Lopes,AD Confiança,0,2021-08-31,2022-04-13,0
2021,Confiança,38,2021-10-23,Luizinho Lopes,AD Confiança,0,2021-08-31,2022-04-13,0
2021,Confiança,39,2021-10-30,Luizinho Lopes,AD Confiança,0,2021-08-31,2022-04-13,0
2021,Confiança,40,2021-11-03,Luizinho Lopes,AD Confiança,0,2021-08-31,2022-04-13,0
2021,Confiança,41,2021-11-06,Luizinho Lopes,AD Confiança,0,2021-08-31,2022-04-13,0
2021,Confiança,42,2021-11-09,Luizinho Lopes,AD Confiança,0,2021-08-31,2022-04-13,0
2021,Confiança,43,2021-11-13,Luizinho Lopes,AD Confiança,0,2021-08-31,2022-04-13,0
2021,Confiança,44,2021-11-20,Luizinho Lopes,AD Confiança,0,2021-08-31,2022-04-13,0
2021,Confiança,45,2021-11-28,Luizinho Lopes,AD Confiança,0,2021-08-31,2022-04-13,0
2018,Coritiba,1,2018-04-15,Tcheco,Coritiba FC,1,2018-04-15,2018-04-18,0
2018,Coritiba,2,2018-04-18,Tcheco,Coritiba FC,1,2018-04-15,2018-04-18,0
2018,Coritiba,3,2018-04-28,Eduardo Baptista,Coritiba FC,0,2018-04-16,2018-08-11,0
2018,Coritiba,4,2018-05-05,Eduardo Baptista,Coritiba FC,0,2018-04-16,2018-08-11,0
2018,Coritiba,5,2018-05-09,Eduardo Baptista,Coritiba FC,0,2018-04-16,2018-08-11,0
2018,Coritiba,6,2018-05-20,Eduardo Baptista,Coritiba FC,0,2018-04-16,2018-08-11,0
2018,Coritiba,7,2018-05-26,Eduardo Baptista,Coritiba FC,0,2018-04-16,2018-08-11,0
2018,Coritiba,8,2018-05-30,Eduardo Baptista,Coritiba FC,0,2018-04-16,2018-08-11,0
2018,Coritiba,9,2018-06-06,Eduardo Baptista,Coritiba FC,0,2018-04-16,2018-08-11,0
2018,Coritiba,10,2018-06-09,Eduardo Baptista,Coritiba FC,0,2018-04-16,2018-08-11,0
2018,Coritiba,11,2018-06-11,Eduardo Baptista,Coritiba FC,0,2018-04-16,2018-08-11,0
2018,Coritiba,12,2018-06-23,Eduardo Baptista,Coritiba FC,0,2018-04-16,2018-08-11,0
2018,Coritiba,13,2018-06-29,Eduardo Baptista,Coritiba FC,0,2018-04-16,2018-08-11,0
2018,Coritiba,14,2018-07-04,Eduardo Baptista,Coritiba FC,0,2018-04-16,2018-08-11,0
2018,Coritiba,15,2018-07-09,Eduardo Baptista,Coritiba FC,0,2018-04-16,2018-08-11,0
2018,Coritiba,16,2018-07-21,Eduardo Baptista,Coritiba FC,0,2018-04-16,2018-08-11,0
2018,Coritiba,17,2018-07-25,Eduardo Baptista,Coritiba FC,0,2018-04-16,2018-08-11,0
2018,Coritiba,18,2018-07-29,Eduardo Baptista,Coritiba FC,0,2018-04-16,2018-08-11,0
2018,Coritiba,19,2018-08-04,Eduardo Baptista,Coritiba FC,0,2018-04-16,2018-08-11,0
2018,Coritiba,20,2018-08-11,Eduardo Baptista,Coritiba FC,0,2018-04-16,2018-08-11,0
2018,Coritiba,21,2018-08-18,Tcheco,Coritiba FC,0,2018-08-12,2018-09-17,0
2018,Coritiba,22,2018-08-22,Tcheco,Coritiba FC,0,2018-08-12,2018-09-17,0
2018,Coritiba,23,2018-08-25,Tcheco,Coritiba FC,0,2018-08-12,2018-09-17,0
2018,Coritiba,24,2018-08-28,Tcheco,Coritiba FC,0,2018-08-12,2018-09-17,0
2018,Coritiba,25,2018-09-05,Tcheco,Coritiba FC,0,2018-08-12,2018-09-17,0
2018,Coritiba,26,2018-09-09,Tcheco,Coritiba FC,0,2018-08-12,2018-09-17,0
2018,Coritiba,27,2018-09-15,Tcheco,Coritiba FC,0,2018-08-12,2018-09-17,0
2018,Coritiba,28,2018-09-22,Argel Fuchs,Coritiba FC,0,2018-09-17,2019-02-15,0
2018,Coritiba,29,2018-09-30,Argel Fuchs,Coritiba FC,0,2018-09-17,2019-02-15,0
2018,Coritiba,30,2018-10-06,Argel Fuchs,Coritiba FC,0,2018-09-17,2019-02-15,0
2018,Coritiba,31,2018-10-14,Argel Fuchs,Coritiba FC,0,2018-09-17,2019-02-15,0
2018,Coritiba,32,2018-10-17,Argel Fuchs,Coritiba FC,0,2018-09-17,2019-02-15,0
2018,Coritiba,33,2018-10-27,Argel Fuchs,Coritiba FC,0,2018-09-17,2019-02-15,0
2018,Coritiba,34,2018-11-03,Argel Fuchs,Coritiba FC,0,2018-09-17,2019-02-15,0
2018,Coritiba,35,2018-11-06,Argel Fuchs,Coritiba FC,0,2018-09-17,2019-02-15,0
2018,Coritiba,36,2018-11-10,Argel Fuchs,Coritiba FC,0,2018-09-17,2019-02-15,0
2018,Coritiba,37,2018-11-14,Argel Fuchs,Coritiba FC,0,2018-09-17,2019-02-15,0
2018,Coritiba,38,2018-11-23,Argel Fuchs,Coritiba FC,0,2018-09-17,2019-02-15,0
2019,Coritiba,1,2019-04-30,Umberto Louzer,Coritiba FC,0,2019-02-25,2019-09-23,0
2019,Coritiba,2,2019-05-04,Umberto Louzer,Coritiba FC,0,2019-02-25,2019-09-23,0
2019,Coritiba,3,2019-05-10,Umberto Louzer,Coritiba FC,0,2019-02-25,2019-09-23,0
2019,Coritiba,4,2019-05-21,Umberto Louzer,Coritiba FC,0,2019-02-25,2019-09-23,0
2019,Coritiba,5,2019-05-25,Umberto Louzer,Coritiba FC,0,2019-02-25,2019-09-23,0
2019,Coritiba,6,2019-06-04,Umberto Louzer,Coritiba FC,0,2019-02-25,2019-09-23,0
2019,Coritiba,7,2019-06-08,Umberto Louzer,Coritiba FC,0,2019-02-25,2019-09-23,0
2019,Coritiba,8,2019-06-12,Umberto Louzer,Coritiba FC,0,2019-02-25,2019-09-23,0
2019,Coritiba,9,2019-07-10,Umberto Louzer,Coritiba FC,0,2019-02-25,2019-09-23,0
2019,Coritiba,10,2019-07-17,Umberto Louzer,Coritiba FC,0,2019-02-25,2019-09-23,0
2019,Coritiba,11,2019-07-24,Umberto Louzer,Coritiba FC,0,2019-02-25,2019-09-23,0
2019,Coritiba,12,2019-07-27,Umberto Louzer,Coritiba FC,0,2019-02-25,2019-09-23,0
2019,Coritiba,13,2019-07-30,Umberto Louzer,Coritiba FC,0,2019-02-25,2019-09-23,0
2019,Coritiba,14,2019-08-02,Umberto Louzer,Coritiba FC,0,2019-02-25,2019-09-23,0
2019,Coritiba,15,2019-08-10,Umberto Louzer,Coritiba FC,0,2019-02-25,2019-09-23,0
2019,Coritiba,16,2019-08-14,Umberto Louzer,Coritiba FC,0,2019-02-25,2019-09-23,0
2019,Coritiba,17,2019-08-20,Umberto Louzer,Coritiba FC,0,2019-02-25,2019-09-23,0
2019,Coritiba,18,2019-08-23,Umberto Louzer,Coritiba FC,0,2019-02-25,2019-09-23,0
2019,Coritiba,19,2019-08-28,Umberto Louzer,Coritiba FC,0,2019-02-25,2019-09-23,0
2019,Coritiba,20,2019-08-31,Umberto Louzer,Coritiba FC,0,2019-02-25,2019-09-23,0
2019,Coritiba,21,2019-09-08,Umberto Louzer,Coritiba FC,0,2019-02-25,2019-09-23,0
2019,Coritiba,22,2019-09-14,Umberto Louzer,Coritiba FC,0,2019-02-25,2019-09-23,0
2019,Coritiba,23,2019-09-22,Umberto Louzer,Coritiba FC,0,2019-02-25,2019-09-23,0
2019,Coritiba,24,2019-09-28,Jorginho,Coritiba FC,0,2019-09-25,2019-12-31,0
2019,Coritiba,25,2019-10-05,Jorginho,Coritiba FC,0,2019-09-25,2019-12-31,0
2019,Coritiba,26,2019-10-09,Jorginho,Coritiba FC,0,2019-09-25,2019-12-31,0
2019,Coritiba,27,2019-10-12,Jorginho,Coritiba FC,0,2019-09-25,2019-12-31,0
2019,Coritiba,28,2019-10-16,Jorginho,Coritiba FC,0,2019-09-25,2019-12-31,0
2019,Coritiba,29,2019-10-19,Jorginho,Coritiba FC,0,2019-09-25,2019-12-31,0
2019,Coritiba,30,2019-10-25,Jorginho,Coritiba FC,0,2019-09-25,2019-12-31,0
2019,Coritiba,31,2019-10-30,Jorginho,Coritiba FC,0,2019-09-25,2019-12-31,0
2019,Coritiba,32,2019-11-01,Jorginho,Coritiba FC,0,2019-09-25,2019-12-31,0
2019,Coritiba,33,2019-11-05,Jorginho,Coritiba FC,0,2019-09-25,2019-12-31,0
2019,Coritiba,34,2019-11-09,Jorginho,Coritiba FC,0,2019-09-25,2019-12-31,0
2019,Coritiba,35,2019-11-12,Jorginho,Coritiba FC,0,2019-09-25,2019-12-31,0
2019,Coritiba,36,2019-11-16,Jorginho,Coritiba FC,0,2019-09-25,2019-12-31,0
2019,Coritiba,37,2019-11-24,Jorginho,Coritiba FC,0,2019-09-25,2019-12-31,0
2019,Coritiba,38,2019-11-30,Jorginho,Coritiba FC,0,2019-09-25,2019-12-31,0
2021,Coritiba,1,2021-05-29,Gustavo Morínigo,Coritiba FC,0,2021-01-15,2022-08-15,0
2021,Coritiba,2,2021-06-06,Gustavo Morínigo,Coritiba FC,0,2021-01-15,2022-08-15,0
2021,Coritiba,3,2021-06-14,Gustavo Morínigo,Coritiba FC,0,2021-01-15,2022-08-15,0
2021,Coritiba,4,2021-06-20,Gustavo Morínigo,Coritiba FC,0,2021-01-15,2022-08-15,0
2021,Coritiba,5,2021-06-23,Gustavo Morínigo,Coritiba FC,0,2021-01-15,2022-08-15,0
2021,Coritiba,6,2021-06-26,Gustavo Morínigo,Coritiba FC,0,2021-01-15,2022-08-15,0
2021,Coritiba,7,2021-06-30,Gustavo Morínigo,Coritiba FC,0,2021-01-15,2022-08-15,0
2021,Coritiba,8,2021-07-03,Gustavo Morínigo,Coritiba FC,0,2021-01-15,2022-08-15,0
2021,Coritiba,9,2021-07-07,Gustavo Morínigo,Coritiba FC,0,2021-01-15,2022-08-15,0
2021,Coritiba,10,2021-07-14,Gustavo Morínigo,Coritiba FC,0,2021-01-15,2022-08-15,0
2021,Coritiba,11,2021-07-17,Gustavo Morínigo,Coritiba FC,0,2021-01-15,2022-08-15,0
2021,Coritiba,12,2021-07-23,Gustavo Morínigo,Coritiba FC,0,2021-01-15,2022-08-15,0
2021,Coritiba,13,2021-07-25,Gustavo Morínigo,Coritiba FC,0,2021-01-15,2022-08-15,0
2021,Coritiba,14,2021-07-31,Gustavo Morínigo,Coritiba FC,0,2021-01-15,2022-08-15,0
2021,Coritiba,15,2021-08-04,Gustavo Morínigo,Coritiba FC,0,2021-01-15,2022-08-15,0
2021,Coritiba,16,2021-08-07,Gustavo Morínigo,Coritiba FC,0,2021-01-15,2022-08-15,0
2021,Coritiba,17,2021-08-11,Gustavo Morínigo,Coritiba FC,0,2021-01-15,2022-08-15,0
2021,Coritiba,18,2021-08-14,Gustavo Morínigo,Coritiba FC,0,2021-01-15,2022-08-15,0
2021,Coritiba,19,2021-08-18,Gustavo Morínigo,Coritiba FC,0,2021-01-15,2022-08-15,0
2021,Coritiba,20,2021-08-21,Gustavo Morínigo,Coritiba FC,0,2021-01-15,2022-08-15,0
2021,Coritiba,21,2021-08-28,Gustavo Morínigo,Coritiba FC,0,2021-01-15,2022-08-15,0
2021,Coritiba,22,2021-09-02,Gustavo Morínigo,Coritiba FC,0,2021-01-15,2022-08-15,0
2021,Coritiba,23,2021-09-08,Gustavo Morínigo,Coritiba FC,0,2021-01-15,2022-08-15,0
2021,Coritiba,24,2021-09-18,Gustavo Morínigo,Coritiba FC,0,2021-01-15,2022-08-15,0
2021,Coritiba,25,2021-09-23,Gustavo Morínigo,Coritiba FC,0,2021-01-15,2022-08-15,0
2021,Coritiba,26,2021-09-26,Gustavo Morínigo,Coritiba FC,0,2021-01-15,2022-08-15,0
2021,Coritiba,27,2021-09-29,Gustavo Morínigo,Coritiba FC,0,2021-01-15,2022-08-15,0
2021,Coritiba,28,2021-10-05,Gustavo Morínigo,Coritiba FC,0,2021-01-15,2022-08-15,0
2021,Coritiba,29,2021-10-09,Gustavo Morínigo,Coritiba FC,0,2021-01-15,2022-08-15,0
2021,Coritiba,30,2021-10-16,Gustavo Morínigo,Coritiba FC,0,2021-01-15,2022-08-15,0
2021,Coritiba,31,2021-10-20,Gustavo Morínigo,Coritiba FC,0,2021-01-15,2022-08-15,0
2021,Coritiba,32,2021-10-27,Gustavo Morínigo,Coritiba FC,0,2021-01-15,2022-08-15,0
2021,Coritiba,33,2021-11-03,Gustavo Morínigo,Coritiba FC,0,2021-01-15,2022-08-15,0
2021,Coritiba,34,2021-11-06,Gustavo Morínigo,Coritiba FC,0,2021-01-15,2022-08-15,0
2021,Coritiba,35,2021-11-11,Gustavo Morínigo,Coritiba FC,0,2021-01-15,2022-08-15,0
2021,Coritiba,36,2021-11-14,Gustavo Morínigo,Coritiba FC,0,2021-01-15,2022-08-15,0
2021,Coritiba,37,2021-11-21,Gustavo Morínigo,Coritiba FC,0,2021-01-15,2022-08-15,0
2021,Coritiba,38,2021-11-26,Gustavo Morínigo,Coritiba FC,0,2021-01-15,2022-08-15,0
2024,Coritiba,1,2024-04-21,Guto Ferreira,Coritiba FC,0,2023-11-27,2024-05-04,0
2024,Coritiba,2,2024-04-28,Guto Ferreira,Coritiba FC,0,2023-11-27,2024-05-04,0
2024,Coritiba,3,2024-05-04,Guto Ferreira,Coritiba FC,0,2023-11-27,2024-05-04,0
2024,Coritiba,10,2024-06-16,Fábio Matias,Coritiba FC,0,2024-06-13,2024-07-24,0
2024,Coritiba,11,2024-06-20,Fábio Matias,Coritiba FC,0,2024-06-13,2024-07-24,0
2024,Coritiba,12,2024-06-26,Fábio Matias,Coritiba FC,0,2024-06-13,2024-07-24,0
2024,Coritiba,13,2024-06-29,Fábio Matias,Coritiba FC,0,2024-06-13,2024-07-24,0
2024,Coritiba,14,2024-07-07,Fábio Matias,Coritiba FC,0,2024-06-13,2024-07-24,0
2024,Coritiba,15,2024-07-13,Fábio Matias,Coritiba FC,0,2024-06-13,2024-07-24,0
2024,Coritiba,16,2024-07-20,Fábio Matias,Coritiba FC,0,2024-06-13,2024-07-24,0
2024,Coritiba,17,2024-07-23,Fábio Matias,Coritiba FC,0,2024-06-13,2024-07-24,0
2024,Coritiba,18,2024-07-27,Jorginho,Coritiba FC,0,2024-07-27,2024-11-13,0
2024,Coritiba,19,2024-08-03,Jorginho,Coritiba FC,0,2024-07-27,2024-11-13,0
2024,Coritiba,20,2024-08-11,Jorginho,Coritiba FC,0,2024-07-27,2024-11-13,0
2024,Coritiba,21,2024-08-18,Jorginho,Coritiba FC,0,2024-07-27,2024-11-13,0
2024,Coritiba,22,2024-08-23,Jorginho,Coritiba FC,0,2024-07-27,2024-11-13,0
2024,Coritiba,23,2024-08-28,Jorginho,Coritiba FC,0,2024-07-27,2024-11-13,0
2024,Coritiba,24,2024-09-04,Jorginho,Coritiba FC,0,2024-07-27,2024-11-13,0
2024,Coritiba,25,2024-09-08,Jorginho,Coritiba FC,0,2024-07-27,2024-11-13,0
2024,Coritiba,26,2024-09-15,Jorginho,Coritiba FC,0,2024-07-27,2024-11-13,0
2024,Coritiba,27,2024-09-19,Jorginho,Coritiba FC,0,2024-07-27,2024-11-13,0
2024,Coritiba,28,2024-09-21,Jorginho,Coritiba FC,0,2024-07-27,2024-11-13,0
2024,Coritiba,29,2024-09-28,Jorginho,Coritiba FC,0,2024-07-27,2024-11-13,0
2024,Coritiba,30,2024-10-05,Jorginho,Coritiba FC,0,2024-07-27,2024-11-13,0
2024,Coritiba,31,2024-10-13,Jorginho,Coritiba FC,0,2024-07-27,2024-11-13,0
2024,Coritiba,32,2024-10-19,Jorginho,Coritiba FC,0,2024-07-27,2024-11-13,0
2024,Coritiba,33,2024-10-24,Jorginho,Coritiba FC,0,2024-07-27,2024-11-13,0
2024,Coritiba,34,2024-10-28,Jorginho,Coritiba FC,0,2024-07-27,2024-11-13,0
2024,Coritiba,35,2024-11-06,Jorginho,Coritiba FC,0,2024-07-27,2024-11-13,0
2024,Coritiba,36,2024-11-12,Jorginho,Coritiba FC,0,2024-07-27,2024-11-13,0
2024,Coritiba,37,2024-11-17,Guila Bossle,Coritiba FC,0,2024-11-14,2024-11-29,0
2024,Coritiba,38,2024-11-22,Guila Bossle,Coritiba FC,0,2024-11-14,2024-11-29,0
2025,Coritiba,1,2025-04-05,Mozart,Coritiba FC,0,2024-12-04,2025-11-28,0
2025,Coritiba,2,2025-04-12,Mozart,Coritiba FC,0,2024-12-04,2025-11-28,0
2025,Coritiba,3,2025-04-17,Mozart,Coritiba FC,0,2024-12-04,2025-11-28,0
2025,Coritiba,4,2025-04-22,Mozart,Coritiba FC,0,2024-12-04,2025-11-28,0
2025,Coritiba,5,2025-04-26,Mozart,Coritiba FC,0,2024-12-04,2025-11-28,0
2025,Coritiba,6,2025-05-03,Mozart,Coritiba FC,0,2024-12-04,2025-11-28,0
2025,Coritiba,7,2025-05-10,Mozart,Coritiba FC,0,2024-12-04,2025-11-28,0
2025,Coritiba,8,2025-05-20,Mozart,Coritiba FC,0,2024-12-04,2025-11-28,0
2025,Coritiba,9,2025-05-27,Mozart,Coritiba FC,0,2024-12-04,2025-11-28,0
2025,Coritiba,10,2025-05-31,Mozart,Coritiba FC,0,2024-12-04,2025-11-28,0
2025,Coritiba,11,2025-06-05,Mozart,Coritiba FC,0,2024-12-04,2025-11-28,0
2025,Coritiba,12,2025-06-15,Mozart,Coritiba FC,0,2024-12-04,2025-11-28,0
2025,Coritiba,13,2025-06-22,Mozart,Coritiba FC,0,2024-12-04,2025-11-28,0
2025,Coritiba,14,2025-06-28,Mozart,Coritiba FC,0,2024-12-04,2025-11-28,0
2025,Coritiba,15,2025-07-05,Mozart,Coritiba FC,0,2024-12-04,2025-11-28,0
2025,Coritiba,16,2025-07-11,Mozart,Coritiba FC,0,2024-12-04,2025-11-28,0
2025,Coritiba,17,2025-07-19,Mozart,Coritiba FC,0,2024-12-04,2025-11-28,0
2025,Coritiba,18,2025-07-23,Mozart,Coritiba FC,0,2024-12-04,2025-11-28,0
2025,Coritiba,19,2025-07-27,Mozart,Coritiba FC,0,2024-12-04,2025-11-28,0
2025,Coritiba,20,2025-08-01,Mozart,Coritiba FC,0,2024-12-04,2025-11-28,0
2025,Coritiba,21,2025-08-09,Mozart,Coritiba FC,0,2024-12-04,2025-11-28,0
2025,Coritiba,22,2025-08-15,Mozart,Coritiba FC,0,2024-12-04,2025-11-28,0
2025,Coritiba,23,2025-08-23,Mozart,Coritiba FC,0,2024-12-04,2025-11-28,0
2025,Coritiba,24,2025-08-30,Mozart,Coritiba FC,0,2024-12-04,2025-11-28,0
2025,Coritiba,25,2025-09-06,Mozart,Coritiba FC,0,2024-12-04,2025-11-28,0
2025,Coritiba,26,2025-09-13,Mozart,Coritiba FC,0,2024-12-04,2025-11-28,0
2025,Coritiba,27,2025-09-21,Mozart,Coritiba FC,0,2024-12-04,2025-11-28,0
2025,Coritiba,28,2025-09-26,Mozart,Coritiba FC,0,2024-12-04,2025-11-28,0
2025,Coritiba,29,2025-09-30,Mozart,Coritiba FC,0,2024-12-04,2025-11-28,0
2025,Coritiba,30,2025-10-04,Mozart,Coritiba FC,0,2024-12-04,2025-11-28,0
2025,Coritiba,31,2025-10-10,Mozart,Coritiba FC,0,2024-12-04,2025-11-28,0
2025,Coritiba,32,2025-10-13,Mozart,Coritiba FC,0,2024-12-04,2025-11-28,0
2025,Coritiba,33,2025-10-19,Mozart,Coritiba FC,0,2024-12-04,2025-11-28,0
2025,Coritiba,34,2025-10-25,Mozart,Coritiba FC,0,2024-12-04,2025-11-28,0
2025,Coritiba,35,2025-10-31,Mozart,Coritiba FC,0,2024-12-04,2025-11-28,0
2025,Coritiba,36,2025-11-10,Mozart,Coritiba FC,0,2024-12-04,2025-11-28,0
2025,Coritiba,37,2025-11-15,Mozart,Coritiba FC,0,2024-12-04,2025-11-28,0
2025,Coritiba,38,2025-11-23,Mozart,Coritiba FC,0,2024-12-04,2025-11-28,0
2018,Criciúma,1,2018-04-14,Argel Fuchs,Criciúma EC,0,2018-02-22,2018-05-09,0
2018,Criciúma,2,2018-04-22,Argel Fuchs,Criciúma EC,0,2018-02-22,2018-05-09,0
2018,Criciúma,3,2018-04-28,Argel Fuchs,Criciúma EC,0,2018-02-22,2018-05-09,0
2018,Criciúma,4,2018-05-01,Argel Fuchs,Criciúma EC,0,2018-02-22,2018-05-09,0
2018,Criciúma,5,2018-05-09,Argel Fuchs,Criciúma EC,0,2018-02-22,2018-05-09,0
2018,Criciúma,6,2018-05-16,Mazola Júnior,Criciúma EC,0,2018-05-12,2018-12-02,0
2018,Criciúma,7,2018-05-23,Mazola Júnior,Criciúma EC,0,2018-05-12,2018-12-02,0
2018,Criciúma,8,2018-06-02,Mazola Júnior,Criciúma EC,0,2018-05-12,2018-12-02,0
2018,Criciúma,9,2018-06-06,Mazola Júnior,Criciúma EC,0,2018-05-12,2018-12-02,0
2018,Criciúma,10,2018-06-09,Mazola Júnior,Criciúma EC,0,2018-05-12,2018-12-02,0
2018,Criciúma,11,2018-06-17,Mazola Júnior,Criciúma EC,0,2018-05-12,2018-12-02,0
2018,Criciúma,12,2018-06-22,Mazola Júnior,Criciúma EC,0,2018-05-12,2018-12-02,0
2018,Criciúma,13,2018-06-30,Mazola Júnior,Criciúma EC,0,2018-05-12,2018-12-02,0
2018,Criciúma,14,2018-07-06,Mazola Júnior,Criciúma EC,0,2018-05-12,2018-12-02,0
2018,Criciúma,15,2018-07-14,Mazola Júnior,Criciúma EC,0,2018-05-12,2018-12-02,0
2018,Criciúma,16,2018-07-21,Mazola Júnior,Criciúma EC,0,2018-05-12,2018-12-02,0
2018,Criciúma,17,2018-07-25,Mazola Júnior,Criciúma EC,0,2018-05-12,2018-12-02,0
2018,Criciúma,18,2018-07-29,Mazola Júnior,Criciúma EC,0,2018-05-12,2018-12-02,0
2018,Criciúma,19,2018-08-05,Mazola Júnior,Criciúma EC,0,2018-05-12,2018-12-02,0
2018,Criciúma,20,2018-08-11,Mazola Júnior,Criciúma EC,0,2018-05-12,2018-12-02,0
2018,Criciúma,21,2018-08-15,Mazola Júnior,Criciúma EC,0,2018-05-12,2018-12-02,0
2018,Criciúma,22,2018-08-22,Mazola Júnior,Criciúma EC,0,2018-05-12,2018-12-02,0
2018,Criciúma,23,2018-08-25,Mazola Júnior,Criciúma EC,0,2018-05-12,2018-12-02,0
2018,Criciúma,24,2018-08-29,Mazola Júnior,Criciúma EC,0,2018-05-12,2018-12-02,0
2018,Criciúma,25,2018-09-05,Mazola Júnior,Criciúma EC,0,2018-05-12,2018-12-02,0
2018,Criciúma,26,2018-09-08,Mazola Júnior,Criciúma EC,0,2018-05-12,2018-12-02,0
2018,Criciúma,27,2018-09-15,Mazola Júnior,Criciúma EC,0,2018-05-12,2018-12-02,0
2018,Criciúma,28,2018-09-22,Mazola Júnior,Criciúma EC,0,2018-05-12,2018-12-02,0
2018,Criciúma,29,2018-09-30,Mazola Júnior,Criciúma EC,0,2018-05-12,2018-12-02,0
2018,Criciúma,30,2018-10-03,Mazola Júnior,Criciúma EC,0,2018-05-12,2018-12-02,0
2018,Criciúma,31,2018-10-10,Mazola Júnior,Criciúma EC,0,2018-05-12,2018-12-02,0
2018,Criciúma,32,2018-10-20,Mazola Júnior,Criciúma EC,0,2018-05-12,2018-12-02,0
2018,Criciúma,33,2018-10-27,Mazola Júnior,Criciúma EC,0,2018-05-12,2018-12-02,0
2018,Criciúma,34,2018-11-01,Mazola Júnior,Criciúma EC,0,2018-05-12,2018-12-02,0
2018,Criciúma,35,2018-11-06,Mazola Júnior,Criciúma EC,0,2018-05-12,2018-12-02,0
2018,Criciúma,36,2018-11-10,Mazola Júnior,Criciúma EC,0,2018-05-12,2018-12-02,0
2018,Criciúma,37,2018-11-17,Mazola Júnior,Criciúma EC,0,2018-05-12,2018-12-02,0
2018,Criciúma,38,2018-11-24,Mazola Júnior,Criciúma EC,0,2018-05-12,2018-12-02,0
2019,Criciúma,1,2019-04-27,Gilson Kleina,Criciúma EC,0,2019-03-18,2019-08-05,0
2019,Criciúma,2,2019-05-03,Gilson Kleina,Criciúma EC,0,2019-03-18,2019-08-05,0
2019,Criciúma,3,2019-05-11,Gilson Kleina,Criciúma EC,0,2019-03-18,2019-08-05,0
2019,Criciúma,4,2019-05-18,Gilson Kleina,Criciúma EC,0,2019-03-18,2019-08-05,0
2019,Criciúma,5,2019-05-22,Gilson Kleina,Criciúma EC,0,2019-03-18,2019-08-05,0
2019,Criciúma,6,2019-06-01,Gilson Kleina,Criciúma EC,0,2019-03-18,2019-08-05,0
2019,Criciúma,7,2019-06-08,Gilson Kleina,Criciúma EC,0,2019-03-18,2019-08-05,0
2019,Criciúma,8,2019-06-12,Gilson Kleina,Criciúma EC,0,2019-03-18,2019-08-05,0
2019,Criciúma,9,2019-07-10,Gilson Kleina,Criciúma EC,0,2019-03-18,2019-08-05,0
2019,Criciúma,10,2019-07-20,Gilson Kleina,Criciúma EC,0,2019-03-18,2019-08-05,0
2019,Criciúma,11,2019-07-24,Gilson Kleina,Criciúma EC,0,2019-03-18,2019-08-05,0
2019,Criciúma,12,2019-07-27,Gilson Kleina,Criciúma EC,0,2019-03-18,2019-08-05,0
2019,Criciúma,13,2019-07-31,Gilson Kleina,Criciúma EC,0,2019-03-18,2019-08-05,0
2019,Criciúma,14,2019-08-03,Gilson Kleina,Criciúma EC,0,2019-03-18,2019-08-05,0
2019,Criciúma,15,2019-08-11,Wilsão,Criciúma EC,1,2019-08-09,2019-08-29,0
2019,Criciúma,16,2019-08-17,Wilsão,Criciúma EC,1,2019-08-09,2019-08-29,0
2019,Criciúma,17,2019-08-20,Wilsão,Criciúma EC,1,2019-08-09,2019-08-29,0
2019,Criciúma,18,2019-08-24,Wilsão,Criciúma EC,1,2019-08-09,2019-08-29,0
2019,Criciúma,19,2019-08-28,Wilsão,Criciúma EC,1,2019-08-09,2019-08-29,0
2019,Criciúma,20,2019-08-31,Waguinho Dias,Criciúma EC,0,2019-08-29,2019-09-26,0
2019,Criciúma,21,2019-09-04,Waguinho Dias,Criciúma EC,0,2019-08-29,2019-09-26,0
2019,Criciúma,22,2019-09-11,Waguinho Dias,Criciúma EC,0,2019-08-29,2019-09-26,0
2019,Criciúma,23,2019-09-21,Waguinho Dias,Criciúma EC,0,2019-08-29,2019-09-26,0
2019,Criciúma,24,2019-09-25,Waguinho Dias,Criciúma EC,0,2019-08-29,2019-09-26,0
2019,Criciúma,25,2019-09-28,Roberto Cavalo,Criciúma EC,0,2019-09-27,2020-10-07,0
2019,Criciúma,26,2019-10-02,Roberto Cavalo,Criciúma EC,0,2019-09-27,2020-10-07,0
2019,Criciúma,27,2019-10-09,Roberto Cavalo,Criciúma EC,0,2019-09-27,2020-10-07,0
2019,Criciúma,28,2019-10-12,Roberto Cavalo,Criciúma EC,0,2019-09-27,2020-10-07,0
2019,Criciúma,29,2019-10-16,Roberto Cavalo,Criciúma EC,0,2019-09-27,2020-10-07,0
2019,Criciúma,30,2019-10-19,Roberto Cavalo,Criciúma EC,0,2019-09-27,2020-10-07,0
2019,Criciúma,31,2019-10-26,Roberto Cavalo,Criciúma EC,0,2019-09-27,2020-10-07,0
2019,Criciúma,32,2019-11-02,Roberto Cavalo,Criciúma EC,0,2019-09-27,2020-10-07,0
2019,Criciúma,33,2019-11-06,Roberto Cavalo,Criciúma EC,0,2019-09-27,2020-10-07,0
2019,Criciúma,34,2019-11-09,Roberto Cavalo,Criciúma EC,0,2019-09-27,2020-10-07,0
2019,Criciúma,35,2019-11-13,Roberto Cavalo,Criciúma EC,0,2019-09-27,2020-10-07,0
2019,Criciúma,36,2019-11-15,Roberto Cavalo,Criciúma EC,0,2019-09-27,2020-10-07,0
2019,Criciúma,37,2019-11-19,Roberto Cavalo,Criciúma EC,0,2019-09-27,2020-10-07,0
2019,Criciúma,38,2019-11-30,Roberto Cavalo,Criciúma EC,0,2019-09-27,2020-10-07,0
2022,Criciúma,1,2022-04-15,Claudio Tencati,Criciúma EC,0,2021-10-07,2024-12-31,0
2022,Criciúma,2,2022-04-23,Claudio Tencati,Criciúma EC,0,2021-10-07,2024-12-31,0
2022,Criciúma,3,2022-04-28,Claudio Tencati,Criciúma EC,0,2021-10-07,2024-12-31,0
2022,Criciúma,4,2022-05-01,Claudio Tencati,Criciúma EC,0,2021-10-07,2024-12-31,0
2022,Criciúma,5,2022-05-05,Claudio Tencati,Criciúma EC,0,2021-10-07,2024-12-31,0
2022,Criciúma,6,2022-05-07,Claudio Tencati,Criciúma EC,0,2021-10-07,2024-12-31,0
2022,Criciúma,7,2022-05-14,Claudio Tencati,Criciúma EC,0,2021-10-07,2024-12-31,0
2022,Criciúma,8,2022-05-20,Claudio Tencati,Criciúma EC,0,2021-10-07,2024-12-31,0
2022,Criciúma,9,2022-05-28,Claudio Tencati,Criciúma EC,0,2021-10-07,2024-12-31,0
2022,Criciúma,10,2022-06-04,Claudio Tencati,Criciúma EC,0,2021-10-07,2024-12-31,0
2022,Criciúma,11,2022-06-08,Claudio Tencati,Criciúma EC,0,2021-10-07,2024-12-31,0
2022,Criciúma,12,2022-06-11,Claudio Tencati,Criciúma EC,0,2021-10-07,2024-12-31,0
2022,Criciúma,13,2022-06-18,Claudio Tencati,Criciúma EC,0,2021-10-07,2024-12-31,0
2022,Criciúma,14,2022-06-25,Claudio Tencati,Criciúma EC,0,2021-10-07,2024-12-31,0
2022,Criciúma,15,2022-06-30,Claudio Tencati,Criciúma EC,0,2021-10-07,2024-12-31,0
2022,Criciúma,16,2022-07-02,Claudio Tencati,Criciúma EC,0,2021-10-07,2024-12-31,0
2022,Criciúma,17,2022-07-09,Claudio Tencati,Criciúma EC,0,2021-10-07,2024-12-31,0
2022,Criciúma,18,2022-07-16,Claudio Tencati,Criciúma EC,0,2021-10-07,2024-12-31,0
2022,Criciúma,19,2022-07-20,Claudio Tencati,Criciúma EC,0,2021-10-07,2024-12-31,0
2022,Criciúma,20,2022-07-26,Claudio Tencati,Criciúma EC,0,2021-10-07,2024-12-31,0
2022,Criciúma,21,2022-07-30,Claudio Tencati,Criciúma EC,0,2021-10-07,2024-12-31,0
2022,Criciúma,22,2022-08-03,Claudio Tencati,Criciúma EC,0,2021-10-07,2024-12-31,0
2022,Criciúma,23,2022-08-11,Claudio Tencati,Criciúma EC,0,2021-10-07,2024-12-31,0
2022,Criciúma,24,2022-08-14,Claudio Tencati,Criciúma EC,0,2021-10-07,2024-12-31,0
2022,Criciúma,25,2022-08-18,Claudio Tencati,Criciúma EC,0,2021-10-07,2024-12-31,0
2022,Criciúma,26,2022-08-27,Claudio Tencati,Criciúma EC,0,2021-10-07,2024-12-31,0
2022,Criciúma,27,2022-08-31,Claudio Tencati,Criciúma EC,0,2021-10-07,2024-12-31,0
2022,Criciúma,28,2022-09-04,Claudio Tencati,Criciúma EC,0,2021-10-07,2024-12-31,0
2022,Criciúma,29,2022-09-09,Claudio Tencati,Criciúma EC,0,2021-10-07,2024-12-31,0
2022,Criciúma,30,2022-09-18,Claudio Tencati,Criciúma EC,0,2021-10-07,2024-12-31,0
2022,Criciúma,31,2022-09-25,Claudio Tencati,Criciúma EC,0,2021-10-07,2024-12-31,0
2022,Criciúma,32,2022-10-01,Claudio Tencati,Criciúma EC,0,2021-10-07,2024-12-31,0
2022,Criciúma,33,2022-10-05,Claudio Tencati,Criciúma EC,0,2021-10-07,2024-12-31,0
2022,Criciúma,34,2022-10-08,Claudio Tencati,Criciúma EC,0,2021-10-07,2024-12-31,0
2022,Criciúma,35,2022-10-16,Claudio Tencati,Criciúma EC,0,2021-10-07,2024-12-31,0
2022,Criciúma,36,2022-10-22,Claudio Tencati,Criciúma EC,0,2021-10-07,2024-12-31,0
2022,Criciúma,37,2022-10-29,Claudio Tencati,Criciúma EC,0,2021-10-07,2024-12-31,0
2022,Criciúma,38,2022-11-05,Claudio Tencati,Criciúma EC,0,2021-10-07,2024-12-31,0
2023,Criciúma,1,2023-04-16,Claudio Tencati,Criciúma EC,0,2021-10-07,2024-12-31,0
2023,Criciúma,2,2023-04-22,Claudio Tencati,Criciúma EC,0,2021-10-07,2024-12-31,0
2023,Criciúma,3,2023-04-29,Claudio Tencati,Criciúma EC,0,2021-10-07,2024-12-31,0
2023,Criciúma,4,2023-05-01,Claudio Tencati,Criciúma EC,0,2021-10-07,2024-12-31,0
2023,Criciúma,5,2023-05-06,Claudio Tencati,Criciúma EC,0,2021-10-07,2024-12-31,0
2023,Criciúma,6,2023-05-13,Claudio Tencati,Criciúma EC,0,2021-10-07,2024-12-31,0
2023,Criciúma,7,2023-05-21,Claudio Tencati,Criciúma EC,0,2021-10-07,2024-12-31,0
2023,Criciúma,8,2023-05-25,Claudio Tencati,Criciúma EC,0,2021-10-07,2024-12-31,0
2023,Criciúma,9,2023-05-28,Claudio Tencati,Criciúma EC,0,2021-10-07,2024-12-31,0
2023,Criciúma,10,2023-06-03,Claudio Tencati,Criciúma EC,0,2021-10-07,2024-12-31,0
2023,Criciúma,11,2023-06-08,Claudio Tencati,Criciúma EC,0,2021-10-07,2024-12-31,0
2023,Criciúma,12,2023-06-11,Claudio Tencati,Criciúma EC,0,2021-10-07,2024-12-31,0
2023,Criciúma,13,2023-06-24,Claudio Tencati,Criciúma EC,0,2021-10-07,2024-12-31,0
2023,Criciúma,14,2023-06-28,Claudio Tencati,Criciúma EC,0,2021-10-07,2024-12-31,0
2023,Criciúma,15,2023-07-01,Claudio Tencati,Criciúma EC,0,2021-10-07,2024-12-31,0
2023,Criciúma,16,2023-07-08,Claudio Tencati,Criciúma EC,0,2021-10-07,2024-12-31,0
2023,Criciúma,17,2023-07-14,Claudio Tencati,Criciúma EC,0,2021-10-07,2024-12-31,0
2023,Criciúma,18,2023-07-18,Claudio Tencati,Criciúma EC,0,2021-10-07,2024-12-31,0
2023,Criciúma,19,2023-07-22,Claudio Tencati,Criciúma EC,0,2021-10-07,2024-12-31,0
2023,Criciúma,20,2023-07-30,Claudio Tencati,Criciúma EC,0,2021-10-07,2024-12-31,0
2023,Criciúma,21,2023-08-03,Claudio Tencati,Criciúma EC,0,2021-10-07,2024-12-31,0
2023,Criciúma,22,2023-08-05,Claudio Tencati,Criciúma EC,0,2021-10-07,2024-12-31,0
2023,Criciúma,23,2023-08-12,Claudio Tencati,Criciúma EC,0,2021-10-07,2024-12-31,0
2023,Criciúma,24,2023-08-19,Claudio Tencati,Criciúma EC,0,2021-10-07,2024-12-31,0
2023,Criciúma,25,2023-08-23,Claudio Tencati,Criciúma EC,0,2021-10-07,2024-12-31,0
2023,Criciúma,26,2023-09-02,Claudio Tencati,Criciúma EC,0,2021-10-07,2024-12-31,0
2023,Criciúma,27,2023-09-10,Claudio Tencati,Criciúma EC,0,2021-10-07,2024-12-31,0
2023,Criciúma,28,2023-09-16,Claudio Tencati,Criciúma EC,0,2021-10-07,2024-12-31,0
2023,Criciúma,29,2023-09-23,Claudio Tencati,Criciúma EC,0,2021-10-07,2024-12-31,0
2023,Criciúma,30,2023-09-30,Claudio Tencati,Criciúma EC,0,2021-10-07,2024-12-31,0
2023,Criciúma,31,2023-10-08,Claudio Tencati,Criciúma EC,0,2021-10-07,2024-12-31,0
2023,Criciúma,32,2023-10-14,Claudio Tencati,Criciúma EC,0,2021-10-07,2024-12-31,0
2023,Criciúma,33,2023-10-21,Claudio Tencati,Criciúma EC,0,2021-10-07,2024-12-31,0
2023,Criciúma,34,2023-10-28,Claudio Tencati,Criciúma EC,0,2021-10-07,2024-12-31,0
2023,Criciúma,35,2023-11-08,Claudio Tencati,Criciúma EC,0,2021-10-07,2024-12-31,0
2023,Criciúma,36,2023-11-14,Claudio Tencati,Criciúma EC,0,2021-10-07,2024-12-31,0
2023,Criciúma,37,2023-11-18,Claudio Tencati,Criciúma EC,0,2021-10-07,2024-12-31,0
2023,Criciúma,38,2023-11-25,Claudio Tencati,Criciúma EC,0,2021-10-07,2024-12-31,0
2025,Criciúma,1,2025-04-05,Zé Ricardo,Criciúma EC,0,2025-01-01,2025-05-05,0
2025,Criciúma,2,2025-04-11,Zé Ricardo,Criciúma EC,0,2025-01-01,2025-05-05,0
2025,Criciúma,3,2025-04-18,Zé Ricardo,Criciúma EC,0,2025-01-01,2025-05-05,0
2025,Criciúma,4,2025-04-22,Zé Ricardo,Criciúma EC,0,2025-01-01,2025-05-05,0
2025,Criciúma,5,2025-04-26,Zé Ricardo,Criciúma EC,0,2025-01-01,2025-05-05,0
2025,Criciúma,6,2025-05-04,Zé Ricardo,Criciúma EC,0,2025-01-01,2025-05-05,0
2025,Criciúma,7,2025-05-11,Eduardo Baptista,Criciúma EC,0,2025-05-07,,0
2025,Criciúma,8,2025-05-18,Eduardo Baptista,Criciúma EC,0,2025-05-07,,0
2025,Criciúma,9,2025-05-27,Eduardo Baptista,Criciúma EC,0,2025-05-07,,0
2025,Criciúma,10,2025-06-03,Eduardo Baptista,Criciúma EC,0,2025-05-07,,0
2025,Criciúma,11,2025-06-10,Eduardo Baptista,Criciúma EC,0,2025-05-07,,0
2025,Criciúma,12,2025-06-16,Eduardo Baptista,Criciúma EC,0,2025-05-07,,0
2025,Criciúma,13,2025-06-21,Eduardo Baptista,Criciúma EC,0,2025-05-07,,0
2025,Criciúma,14,2025-06-28,Eduardo Baptista,Criciúma EC,0,2025-05-07,,0
2025,Criciúma,15,2025-07-09,Eduardo Baptista,Criciúma EC,0,2025-05-07,,0
2025,Criciúma,16,2025-07-13,Eduardo Baptista,Criciúma EC,0,2025-05-07,,0
2025,Criciúma,17,2025-07-19,Eduardo Baptista,Criciúma EC,0,2025-05-07,,0
2025,Criciúma,18,2025-07-25,Eduardo Baptista,Criciúma EC,0,2025-05-07,,0
2025,Criciúma,19,2025-07-30,Eduardo Baptista,Criciúma EC,0,2025-05-07,,0
2025,Criciúma,20,2025-08-02,Eduardo Baptista,Criciúma EC,0,2025-05-07,,0
2025,Criciúma,21,2025-08-12,Eduardo Baptista,Criciúma EC,0,2025-05-07,,0
2025,Criciúma,22,2025-08-19,Eduardo Baptista,Criciúma EC,0,2025-05-07,,0
2025,Criciúma,23,2025-08-23,Eduardo Baptista,Criciúma EC,0,2025-05-07,,0
2025,Criciúma,24,2025-08-29,Eduardo Baptista,Criciúma EC,0,2025-05-07,,0
2025,Criciúma,25,2025-09-07,Eduardo Baptista,Criciúma EC,0,2025-05-07,,0
2025,Criciúma,26,2025-09-13,Eduardo Baptista,Criciúma EC,0,2025-05-07,,0
2025,Criciúma,27,2025-09-21,Eduardo Baptista,Criciúma EC,0,2025-05-07,,0
2025,Criciúma,28,2025-09-26,Eduardo Baptista,Criciúma EC,0,2025-05-07,,0
2025,Criciúma,29,2025-09-28,Eduardo Baptista,Criciúma EC,0,2025-05-07,,0
2025,Criciúma,30,2025-10-03,Eduardo Baptista,Criciúma EC,0,2025-05-07,,0
2025,Criciúma,31,2025-10-08,Eduardo Baptista,Criciúma EC,0,2025-05-07,,0
2025,Criciúma,32,2025-10-12,Eduardo Baptista,Criciúma EC,0,2025-05-07,,0
2025,Criciúma,33,2025-10-19,Eduardo Baptista,Criciúma EC,0,2025-05-07,,0
2025,Criciúma,34,2025-10-26,Eduardo Baptista,Criciúma EC,0,2025-05-07,,0
2025,Criciúma,35,2025-11-01,Eduardo Baptista,Criciúma EC,0,2025-05-07,,0
2025,Criciúma,36,2025-11-09,Eduardo Baptista,Criciúma EC,0,2025-05-07,,0
2025,Criciúma,37,2025-11-16,Eduardo Baptista,Criciúma EC,0,2025-05-07,,0
2025,Criciúma,38,2025-11-23,Eduardo Baptista,Criciúma EC,0,2025-05-07,,0
2026,Criciúma,1,2026-03-22,Eduardo Baptista,Criciúma EC,0,2025-05-07,,0
2026,Criciúma,2,2026-04-02,Eduardo Baptista,Criciúma EC,0,2025-05-07,,0
2026,Criciúma,3,2026-04-07,Eduardo Baptista,Criciúma EC,0,2025-05-07,,0
2026,Criciúma,4,2026-04-11,Eduardo Baptista,Criciúma EC,0,2025-05-07,,0
2026,Criciúma,5,2026-04-20,Eduardo Baptista,Criciúma EC,0,2025-05-07,,0
2026,Criciúma,6,2026-04-27,Eduardo Baptista,Criciúma EC,0,2025-05-07,,0
2026,Criciúma,7,2026-05-02,Eduardo Baptista,Criciúma EC,0,2025-05-07,,0
2026,Criciúma,8,2026-05-10,Eduardo Baptista,Criciúma EC,0,2025-05-07,,0
2026,Criciúma,9,2026-05-17,Eduardo Baptista,Criciúma EC,0,2025-05-07,,0
2026,Criciúma,10,2026-05-25,Eduardo Baptista,Criciúma EC,0,2025-05-07,,0
2026,Criciúma,11,2026-05-30,Eduardo Baptista,Criciúma EC,0,2025-05-07,,0
2026,Criciúma,12,2026-06-06,Eduardo Baptista,Criciúma EC,0,2025-05-07,,0
2026,Criciúma,13,2026-06-16,Eduardo Baptista,Criciúma EC,0,2025-05-07,,0
2026,Criciúma,14,2026-06-24,Eduardo Baptista,Criciúma EC,0,2025-05-07,,0
2026,Criciúma,15,2026-06-27,Eduardo Baptista,Criciúma EC,0,2025-05-07,,0
2026,Criciúma,16,2026-07-04,Eduardo Baptista,Criciúma EC,0,2025-05-07,,0
2026,Criciúma,17,2026-07-09,Eduardo Baptista,Criciúma EC,0,2025-05-07,,0
2026,Criciúma,18,2026-07-22,Eduardo Baptista,Criciúma EC,0,2025-05-07,,0
2026,Criciúma,19,2026-07-26,Eduardo Baptista,Criciúma EC,0,2025-05-07,,0
2026,Criciúma,20,2026-08-09,Eduardo Baptista,Criciúma EC,0,2025-05-07,,0
2026,Criciúma,21,2026-08-15,Eduardo Baptista,Criciúma EC,0,2025-05-07,,0
2026,Criciúma,22,2026-08-20,Eduardo Baptista,Criciúma EC,0,2025-05-07,,0
2026,Criciúma,23,2026-08-23,Eduardo Baptista,Criciúma EC,0,2025-05-07,,0
2026,Criciúma,24,2026-08-30,Eduardo Baptista,Criciúma EC,0,2025-05-07,,0
2026,Criciúma,25,2026-09-05,Eduardo Baptista,Criciúma EC,0,2025-05-07,,0
2026,Criciúma,26,2026-09-09,Eduardo Baptista,Criciúma EC,0,2025-05-07,,0
2020,Cruzeiro,1,2020-08-09,Enderson Moreira,Cruzeiro EC,0,2020-03-23,2020-09-08,0
2020,Cruzeiro,2,2020-08-12,Enderson Moreira,Cruzeiro EC,0,2020-03-23,2020-09-08,0
2020,Cruzeiro,3,2020-08-16,Enderson Moreira,Cruzeiro EC,0,2020-03-23,2020-09-08,0
2020,Cruzeiro,4,2020-08-21,Enderson Moreira,Cruzeiro EC,0,2020-03-23,2020-09-08,0
2020,Cruzeiro,5,2020-08-23,Enderson Moreira,Cruzeiro EC,0,2020-03-23,2020-09-08,0
2020,Cruzeiro,6,2020-08-30,Enderson Moreira,Cruzeiro EC,0,2020-03-23,2020-09-08,0
2020,Cruzeiro,7,2020-09-03,Enderson Moreira,Cruzeiro EC,0,2020-03-23,2020-09-08,0
2020,Cruzeiro,8,2020-09-08,Enderson Moreira,Cruzeiro EC,0,2020-03-23,2020-09-08,0
2020,Cruzeiro,9,2020-09-12,Ney Franco,Cruzeiro EC,0,2020-09-10,2020-10-11,0
2020,Cruzeiro,10,2020-09-20,Ney Franco,Cruzeiro EC,0,2020-09-10,2020-10-11,0
2020,Cruzeiro,11,2020-09-26,Ney Franco,Cruzeiro EC,0,2020-09-10,2020-10-11,0
2020,Cruzeiro,12,2020-10-01,Ney Franco,Cruzeiro EC,0,2020-09-10,2020-10-11,0
2020,Cruzeiro,13,2020-10-04,Ney Franco,Cruzeiro EC,0,2020-09-10,2020-10-11,0
2020,Cruzeiro,14,2020-10-08,Ney Franco,Cruzeiro EC,0,2020-09-10,2020-10-11,0
2020,Cruzeiro,15,2020-10-11,Ney Franco,Cruzeiro EC,0,2020-09-10,2020-10-11,0
2020,Cruzeiro,16,2020-10-17,Célio Lúcio,Cruzeiro EC,1,2020-10-15,2020-10-19,0
2020,Cruzeiro,17,2020-10-21,Luiz Felipe Scolari,Cruzeiro EC,0,2020-10-19,2021-01-25,0
2020,Cruzeiro,18,2020-10-25,Luiz Felipe Scolari,Cruzeiro EC,0,2020-10-19,2021-01-25,0
2020,Cruzeiro,19,2020-10-31,Luiz Felipe Scolari,Cruzeiro EC,0,2020-10-19,2021-01-25,0
2020,Cruzeiro,20,2020-11-06,Luiz Felipe Scolari,Cruzeiro EC,0,2020-10-19,2021-01-25,0
2020,Cruzeiro,21,2020-11-10,Luiz Felipe Scolari,Cruzeiro EC,0,2020-10-19,2021-01-25,0
2020,Cruzeiro,22,2020-11-21,Luiz Felipe Scolari,Cruzeiro EC,0,2020-10-19,2021-01-25,0
2020,Cruzeiro,23,2020-11-25,Luiz Felipe Scolari,Cruzeiro EC,0,2020-10-19,2021-01-25,0
2020,Cruzeiro,24,2020-11-28,Luiz Felipe Scolari,Cruzeiro EC,0,2020-10-19,2021-01-25,0
2020,Cruzeiro,25,2020-12-03,Luiz Felipe Scolari,Cruzeiro EC,0,2020-10-19,2021-01-25,0
2020,Cruzeiro,26,2020-12-06,Luiz Felipe Scolari,Cruzeiro EC,0,2020-10-19,2021-01-25,0
2020,Cruzeiro,27,2020-12-09,Luiz Felipe Scolari,Cruzeiro EC,0,2020-10-19,2021-01-25,0
2020,Cruzeiro,28,2020-12-12,Luiz Felipe Scolari,Cruzeiro EC,0,2020-10-19,2021-01-25,0
2020,Cruzeiro,29,2020-12-16,Luiz Felipe Scolari,Cruzeiro EC,0,2020-10-19,2021-01-25,0
2020,Cruzeiro,30,2020-12-19,Luiz Felipe Scolari,Cruzeiro EC,0,2020-10-19,2021-01-25,0
2020,Cruzeiro,31,2020-12-23,Luiz Felipe Scolari,Cruzeiro EC,0,2020-10-19,2021-01-25,0
2020,Cruzeiro,32,2020-12-30,Luiz Felipe Scolari,Cruzeiro EC,0,2020-10-19,2021-01-25,0
2021,Cruzeiro,1,2021-01-09,Luiz Felipe Scolari,Cruzeiro EC,0,2020-10-19,2021-01-25,0
2021,Cruzeiro,2,2021-01-14,Luiz Felipe Scolari,Cruzeiro EC,0,2020-10-19,2021-01-25,0
2021,Cruzeiro,3,2021-01-16,Luiz Felipe Scolari,Cruzeiro EC,0,2020-10-19,2021-01-25,0
2021,Cruzeiro,4,2021-01-21,Luiz Felipe Scolari,Cruzeiro EC,0,2020-10-19,2021-01-25,0
2021,Cruzeiro,5,2021-01-24,Luiz Felipe Scolari,Cruzeiro EC,0,2020-10-19,2021-01-25,0
2021,Cruzeiro,6,2021-01-30,Célio Lúcio,Cruzeiro EC,1,2021-01-26,2021-01-31,0
2021,Cruzeiro,7,2021-05-29,Felipe Conceição,Cruzeiro EC,0,2021-02-01,2021-06-10,0
2021,Cruzeiro,8,2021-06-06,Felipe Conceição,Cruzeiro EC,0,2021-02-01,2021-06-10,0
2021,Cruzeiro,9,2021-06-13,Mozart,Cruzeiro EC,0,2021-06-11,2021-08-01,0
2021,Cruzeiro,10,2021-06-17,Mozart,Cruzeiro EC,0,2021-06-11,2021-08-01,0
2021,Cruzeiro,11,2021-06-20,Mozart,Cruzeiro EC,0,2021-06-11,2021-08-01,0
2021,Cruzeiro,12,2021-06-25,Mozart,Cruzeiro EC,0,2021-06-11,2021-08-01,0
2021,Cruzeiro,13,2021-06-28,Mozart,Cruzeiro EC,0,2021-06-11,2021-08-01,0
2021,Cruzeiro,14,2021-07-01,Mozart,Cruzeiro EC,0,2021-06-11,2021-08-01,0
2021,Cruzeiro,15,2021-07-04,Mozart,Cruzeiro EC,0,2021-06-11,2021-08-01,0
2021,Cruzeiro,16,2021-07-07,Mozart,Cruzeiro EC,0,2021-06-11,2021-08-01,0
2021,Cruzeiro,17,2021-07-10,Mozart,Cruzeiro EC,0,2021-06-11,2021-08-01,0
2021,Cruzeiro,18,2021-07-17,Mozart,Cruzeiro EC,0,2021-06-11,2021-08-01,0
2021,Cruzeiro,19,2021-07-21,Mozart,Cruzeiro EC,0,2021-06-11,2021-08-01,0
2021,Cruzeiro,20,2021-07-24,Mozart,Cruzeiro EC,0,2021-06-11,2021-08-01,0
2021,Cruzeiro,21,2021-07-31,Mozart,Cruzeiro EC,0,2021-06-11,2021-08-01,0
2021,Cruzeiro,22,2021-08-07,Vanderlei Luxemburgo,Cruzeiro EC,0,2021-08-06,2021-12-28,0
2021,Cruzeiro,23,2021-08-12,Vanderlei Luxemburgo,Cruzeiro EC,0,2021-08-06,2021-12-28,0
2021,Cruzeiro,24,2021-08-14,Vanderlei Luxemburgo,Cruzeiro EC,0,2021-08-06,2021-12-28,0
2021,Cruzeiro,25,2021-08-18,Vanderlei Luxemburgo,Cruzeiro EC,0,2021-08-06,2021-12-28,0
2021,Cruzeiro,26,2021-08-21,Vanderlei Luxemburgo,Cruzeiro EC,0,2021-08-06,2021-12-28,0
2021,Cruzeiro,27,2021-08-29,Vanderlei Luxemburgo,Cruzeiro EC,0,2021-08-06,2021-12-28,0
2021,Cruzeiro,28,2021-09-08,Vanderlei Luxemburgo,Cruzeiro EC,0,2021-08-06,2021-12-28,0
2021,Cruzeiro,29,2021-09-11,Vanderlei Luxemburgo,Cruzeiro EC,0,2021-08-06,2021-12-28,0
2021,Cruzeiro,30,2021-09-17,Vanderlei Luxemburgo,Cruzeiro EC,0,2021-08-06,2021-12-28,0
2021,Cruzeiro,31,2021-09-19,Vanderlei Luxemburgo,Cruzeiro EC,0,2021-08-06,2021-12-28,0
2021,Cruzeiro,32,2021-09-26,Vanderlei Luxemburgo,Cruzeiro EC,0,2021-08-06,2021-12-28,0
2021,Cruzeiro,33,2021-09-30,Vanderlei Luxemburgo,Cruzeiro EC,0,2021-08-06,2021-12-28,0
2021,Cruzeiro,34,2021-10-03,Vanderlei Luxemburgo,Cruzeiro EC,0,2021-08-06,2021-12-28,0
2021,Cruzeiro,35,2021-10-09,Vanderlei Luxemburgo,Cruzeiro EC,0,2021-08-06,2021-12-28,0
2021,Cruzeiro,36,2021-10-13,Vanderlei Luxemburgo,Cruzeiro EC,0,2021-08-06,2021-12-28,0
2021,Cruzeiro,37,2021-10-23,Vanderlei Luxemburgo,Cruzeiro EC,0,2021-08-06,2021-12-28,0
2021,Cruzeiro,38,2021-10-29,Vanderlei Luxemburgo,Cruzeiro EC,0,2021-08-06,2021-12-28,0
2021,Cruzeiro,39,2021-11-01,Vanderlei Luxemburgo,Cruzeiro EC,0,2021-08-06,2021-12-28,0
2021,Cruzeiro,40,2021-11-06,Vanderlei Luxemburgo,Cruzeiro EC,0,2021-08-06,2021-12-28,0
2021,Cruzeiro,41,2021-11-10,Vanderlei Luxemburgo,Cruzeiro EC,0,2021-08-06,2021-12-28,0
2021,Cruzeiro,42,2021-11-14,Vanderlei Luxemburgo,Cruzeiro EC,0,2021-08-06,2021-12-28,0
2021,Cruzeiro,43,2021-11-19,Vanderlei Luxemburgo,Cruzeiro EC,0,2021-08-06,2021-12-28,0
2021,Cruzeiro,44,2021-11-26,Vanderlei Luxemburgo,Cruzeiro EC,0,2021-08-06,2021-12-28,0
2022,Cruzeiro,1,2022-04-09,Paulo Pezzolano,Cruzeiro EC,0,2022-01-04,2023-03-19,0
2022,Cruzeiro,2,2022-04-13,Paulo Pezzolano,Cruzeiro EC,0,2022-01-04,2023-03-19,0
2022,Cruzeiro,3,2022-04-24,Paulo Pezzolano,Cruzeiro EC,0,2022-01-04,2023-03-19,0
2022,Cruzeiro,4,2022-04-27,Paulo Pezzolano,Cruzeiro EC,0,2022-01-04,2023-03-19,0
2022,Cruzeiro,5,2022-05-01,Paulo Pezzolano,Cruzeiro EC,0,2022-01-04,2023-03-19,0
2022,Cruzeiro,6,2022-05-08,Paulo Pezzolano,Cruzeiro EC,0,2022-01-04,2023-03-19,0
2022,Cruzeiro,7,2022-05-15,Paulo Pezzolano,Cruzeiro EC,0,2022-01-04,2023-03-19,0
2022,Cruzeiro,8,2022-05-22,Paulo Pezzolano,Cruzeiro EC,0,2022-01-04,2023-03-19,0
2022,Cruzeiro,9,2022-05-28,Paulo Pezzolano,Cruzeiro EC,0,2022-01-04,2023-03-19,0
2022,Cruzeiro,10,2022-06-04,Paulo Pezzolano,Cruzeiro EC,0,2022-01-04,2023-03-19,0
2022,Cruzeiro,11,2022-06-09,Paulo Pezzolano,Cruzeiro EC,0,2022-01-04,2023-03-19,0
2022,Cruzeiro,12,2022-06-12,Paulo Pezzolano,Cruzeiro EC,0,2022-01-04,2023-03-19,0
2022,Cruzeiro,13,2022-06-16,Paulo Pezzolano,Cruzeiro EC,0,2022-01-04,2023-03-19,0
2022,Cruzeiro,14,2022-06-29,Paulo Pezzolano,Cruzeiro EC,0,2022-01-04,2023-03-19,0
2022,Cruzeiro,15,2022-07-02,Paulo Pezzolano,Cruzeiro EC,0,2022-01-04,2023-03-19,0
2022,Cruzeiro,16,2022-07-06,Paulo Pezzolano,Cruzeiro EC,0,2022-01-04,2023-03-19,0
2022,Cruzeiro,17,2022-07-09,Paulo Pezzolano,Cruzeiro EC,0,2022-01-04,2023-03-19,0
2022,Cruzeiro,18,2022-07-17,Paulo Pezzolano,Cruzeiro EC,0,2022-01-04,2023-03-19,0
2022,Cruzeiro,19,2022-07-21,Paulo Pezzolano,Cruzeiro EC,0,2022-01-04,2023-03-19,0
2022,Cruzeiro,20,2022-07-23,Paulo Pezzolano,Cruzeiro EC,0,2022-01-04,2023-03-19,0
2022,Cruzeiro,21,2022-07-30,Paulo Pezzolano,Cruzeiro EC,0,2022-01-04,2023-03-19,0
2022,Cruzeiro,22,2022-08-07,Paulo Pezzolano,Cruzeiro EC,0,2022-01-04,2023-03-19,0
2022,Cruzeiro,23,2022-08-10,Paulo Pezzolano,Cruzeiro EC,0,2022-01-04,2023-03-19,0
2022,Cruzeiro,24,2022-08-13,Paulo Pezzolano,Cruzeiro EC,0,2022-01-04,2023-03-19,0
2022,Cruzeiro,25,2022-08-21,Paulo Pezzolano,Cruzeiro EC,0,2022-01-04,2023-03-19,0
2022,Cruzeiro,26,2022-08-27,Paulo Pezzolano,Cruzeiro EC,0,2022-01-04,2023-03-19,0
2022,Cruzeiro,27,2022-08-31,Paulo Pezzolano,Cruzeiro EC,0,2022-01-04,2023-03-19,0
2022,Cruzeiro,28,2022-09-04,Paulo Pezzolano,Cruzeiro EC,0,2022-01-04,2023-03-19,0
2022,Cruzeiro,29,2022-09-09,Paulo Pezzolano,Cruzeiro EC,0,2022-01-04,2023-03-19,0
2022,Cruzeiro,30,2022-09-18,Paulo Pezzolano,Cruzeiro EC,0,2022-01-04,2023-03-19,0
2022,Cruzeiro,31,2022-09-22,Paulo Pezzolano,Cruzeiro EC,0,2022-01-04,2023-03-19,0
2022,Cruzeiro,32,2022-09-29,Paulo Pezzolano,Cruzeiro EC,0,2022-01-04,2023-03-19,0
2022,Cruzeiro,33,2022-10-06,Paulo Pezzolano,Cruzeiro EC,0,2022-01-04,2023-03-19,0
2022,Cruzeiro,34,2022-10-09,Paulo Pezzolano,Cruzeiro EC,0,2022-01-04,2023-03-19,0
2022,Cruzeiro,35,2022-10-15,Paulo Pezzolano,Cruzeiro EC,0,2022-01-04,2023-03-19,0
2022,Cruzeiro,36,2022-10-19,Paulo Pezzolano,Cruzeiro EC,0,2022-01-04,2023-03-19,0
2022,Cruzeiro,37,2022-10-28,Paulo Pezzolano,Cruzeiro EC,0,2022-01-04,2023-03-19,0
2022,Cruzeiro,38,2022-11-06,Paulo Pezzolano,Cruzeiro EC,0,2022-01-04,2023-03-19,0
2019,Cuiabá,1,2019-04-27,Itamar Schulle,Cuiabá EC,0,2017-11-29,2019-10-13,0
2019,Cuiabá,2,2019-05-05,Itamar Schulle,Cuiabá EC,0,2017-11-29,2019-10-13,0
2019,Cuiabá,3,2019-05-12,Itamar Schulle,Cuiabá EC,0,2017-11-29,2019-10-13,0
2019,Cuiabá,4,2019-05-15,Itamar Schulle,Cuiabá EC,0,2017-11-29,2019-10-13,0
2019,Cuiabá,5,2019-05-25,Itamar Schulle,Cuiabá EC,0,2017-11-29,2019-10-13,0
2019,Cuiabá,6,2019-06-02,Itamar Schulle,Cuiabá EC,0,2017-11-29,2019-10-13,0
2019,Cuiabá,7,2019-06-08,Itamar Schulle,Cuiabá EC,0,2017-11-29,2019-10-13,0
2019,Cuiabá,8,2019-06-12,Itamar Schulle,Cuiabá EC,0,2017-11-29,2019-10-13,0
2019,Cuiabá,9,2019-07-10,Itamar Schulle,Cuiabá EC,0,2017-11-29,2019-10-13,0
2019,Cuiabá,10,2019-07-16,Itamar Schulle,Cuiabá EC,0,2017-11-29,2019-10-13,0
2019,Cuiabá,11,2019-07-24,Itamar Schulle,Cuiabá EC,0,2017-11-29,2019-10-13,0
2019,Cuiabá,12,2019-07-28,Itamar Schulle,Cuiabá EC,0,2017-11-29,2019-10-13,0
2019,Cuiabá,13,2019-07-31,Itamar Schulle,Cuiabá EC,0,2017-11-29,2019-10-13,0
2019,Cuiabá,14,2019-08-04,Itamar Schulle,Cuiabá EC,0,2017-11-29,2019-10-13,0
2019,Cuiabá,15,2019-08-11,Itamar Schulle,Cuiabá EC,0,2017-11-29,2019-10-13,0
2019,Cuiabá,16,2019-08-18,Itamar Schulle,Cuiabá EC,0,2017-11-29,2019-10-13,0
2019,Cuiabá,17,2019-08-24,Itamar Schulle,Cuiabá EC,0,2017-11-29,2019-10-13,0
2019,Cuiabá,18,2019-08-28,Itamar Schulle,Cuiabá EC,0,2017-11-29,2019-10-13,0
2019,Cuiabá,19,2019-08-31,Itamar Schulle,Cuiabá EC,0,2017-11-29,2019-10-13,0
2019,Cuiabá,20,2019-09-07,Itamar Schulle,Cuiabá EC,0,2017-11-29,2019-10-13,0
2019,Cuiabá,21,2019-09-15,Itamar Schulle,Cuiabá EC,0,2017-11-29,2019-10-13,0
2019,Cuiabá,22,2019-09-22,Itamar Schulle,Cuiabá EC,0,2017-11-29,2019-10-13,0
2019,Cuiabá,23,2019-09-28,Itamar Schulle,Cuiabá EC,0,2017-11-29,2019-10-13,0
2019,Cuiabá,24,2019-10-06,Itamar Schulle,Cuiabá EC,0,2017-11-29,2019-10-13,0
2019,Cuiabá,25,2019-10-09,Itamar Schulle,Cuiabá EC,0,2017-11-29,2019-10-13,0
2019,Cuiabá,26,2019-10-12,Itamar Schulle,Cuiabá EC,0,2017-11-29,2019-10-13,0
2019,Cuiabá,27,2019-10-15,Eduardo Henrique,Cuiabá EC,1,2019-10-14,2019-10-15,0
2019,Cuiabá,28,2019-10-18,Marcelo Chamusca,Cuiabá EC,0,2019-10-15,2020-11-12,0
2019,Cuiabá,29,2019-10-26,Marcelo Chamusca,Cuiabá EC,0,2019-10-15,2020-11-12,0
2019,Cuiabá,30,2019-10-30,Marcelo Chamusca,Cuiabá EC,0,2019-10-15,2020-11-12,0
2019,Cuiabá,31,2019-11-02,Marcelo Chamusca,Cuiabá EC,0,2019-10-15,2020-11-12,0
2019,Cuiabá,32,2019-11-06,Marcelo Chamusca,Cuiabá EC,0,2019-10-15,2020-11-12,0
2019,Cuiabá,33,2019-11-09,Marcelo Chamusca,Cuiabá EC,0,2019-10-15,2020-11-12,0
2019,Cuiabá,34,2019-11-12,Marcelo Chamusca,Cuiabá EC,0,2019-10-15,2020-11-12,0
2019,Cuiabá,35,2019-11-17,Marcelo Chamusca,Cuiabá EC,0,2019-10-15,2020-11-12,0
2019,Cuiabá,36,2019-11-23,Marcelo Chamusca,Cuiabá EC,0,2019-10-15,2020-11-12,0
2019,Cuiabá,37,2019-11-30,Marcelo Chamusca,Cuiabá EC,0,2019-10-15,2020-11-12,0
2020,Cuiabá,1,2020-08-08,Marcelo Chamusca,Cuiabá EC,0,2019-10-15,2020-11-12,0
2020,Cuiabá,2,2020-08-12,Marcelo Chamusca,Cuiabá EC,0,2019-10-15,2020-11-12,0
2020,Cuiabá,3,2020-08-19,Marcelo Chamusca,Cuiabá EC,0,2019-10-15,2020-11-12,0
2020,Cuiabá,4,2020-08-22,Marcelo Chamusca,Cuiabá EC,0,2019-10-15,2020-11-12,0
2020,Cuiabá,5,2020-08-29,Marcelo Chamusca,Cuiabá EC,0,2019-10-15,2020-11-12,0
2020,Cuiabá,6,2020-09-01,Marcelo Chamusca,Cuiabá EC,0,2019-10-15,2020-11-12,0
2020,Cuiabá,7,2020-09-05,Marcelo Chamusca,Cuiabá EC,0,2019-10-15,2020-11-12,0
2020,Cuiabá,8,2020-09-09,Marcelo Chamusca,Cuiabá EC,0,2019-10-15,2020-11-12,0
2020,Cuiabá,9,2020-09-17,Marcelo Chamusca,Cuiabá EC,0,2019-10-15,2020-11-12,0
2020,Cuiabá,10,2020-09-20,Marcelo Chamusca,Cuiabá EC,0,2019-10-15,2020-11-12,0
2020,Cuiabá,11,2020-09-23,Marcelo Chamusca,Cuiabá EC,0,2019-10-15,2020-11-12,0
2020,Cuiabá,12,2020-09-30,Marcelo Chamusca,Cuiabá EC,0,2019-10-15,2020-11-12,0
2020,Cuiabá,13,2020-10-04,Marcelo Chamusca,Cuiabá EC,0,2019-10-15,2020-11-12,0
2020,Cuiabá,14,2020-10-07,Marcelo Chamusca,Cuiabá EC,0,2019-10-15,2020-11-12,0
2020,Cuiabá,15,2020-10-09,Marcelo Chamusca,Cuiabá EC,0,2019-10-15,2020-11-12,0
2020,Cuiabá,16,2020-10-14,Marcelo Chamusca,Cuiabá EC,0,2019-10-15,2020-11-12,0
2020,Cuiabá,17,2020-10-22,Marcelo Chamusca,Cuiabá EC,0,2019-10-15,2020-11-12,0
2020,Cuiabá,18,2020-10-24,Marcelo Chamusca,Cuiabá EC,0,2019-10-15,2020-11-12,0
2020,Cuiabá,19,2020-11-01,Marcelo Chamusca,Cuiabá EC,0,2019-10-15,2020-11-12,0
2020,Cuiabá,20,2020-11-07,Marcelo Chamusca,Cuiabá EC,0,2019-10-15,2020-11-12,0
2020,Cuiabá,21,2020-11-15,Franco Muller,Cuiabá EC,1,2020-11-13,2020-11-16,0
2020,Cuiabá,22,2020-11-21,Allan Aal,Cuiabá EC,0,2020-11-16,2021-02-01,0
2020,Cuiabá,23,2020-11-24,Allan Aal,Cuiabá EC,0,2020-11-16,2021-02-01,0
2020,Cuiabá,24,2020-11-28,Allan Aal,Cuiabá EC,0,2020-11-16,2021-02-01,0
2020,Cuiabá,25,2020-12-01,Allan Aal,Cuiabá EC,0,2020-11-16,2021-02-01,0
2020,Cuiabá,26,2020-12-06,Mário Henrique,Cuiabá EC,0,2020-12-04,2020-12-10,0
2020,Cuiabá,27,2020-12-09,Mário Henrique,Cuiabá EC,0,2020-12-04,2020-12-10,0
2020,Cuiabá,28,2020-12-12,Allan Aal,Cuiabá EC,0,2020-11-16,2021-02-01,0
2020,Cuiabá,29,2020-12-15,Allan Aal,Cuiabá EC,0,2020-11-16,2021-02-01,0
2020,Cuiabá,30,2020-12-19,Allan Aal,Cuiabá EC,0,2020-11-16,2021-02-01,0
2020,Cuiabá,31,2020-12-23,Allan Aal,Cuiabá EC,0,2020-11-16,2021-02-01,0
2020,Cuiabá,32,2020-12-30,Allan Aal,Cuiabá EC,0,2020-11-16,2021-02-01,0
2021,Cuiabá,1,2021-01-06,Allan Aal,Cuiabá EC,0,2020-11-16,2021-02-01,0
2021,Cuiabá,2,2021-01-11,Allan Aal,Cuiabá EC,0,2020-11-16,2021-02-01,0
2021,Cuiabá,3,2021-01-15,Allan Aal,Cuiabá EC,0,2020-11-16,2021-02-01,0
2021,Cuiabá,4,2021-01-20,Allan Aal,Cuiabá EC,0,2020-11-16,2021-02-01,0
2021,Cuiabá,5,2021-01-23,Allan Aal,Cuiabá EC,0,2020-11-16,2021-02-01,0
2021,Cuiabá,6,2021-01-29,Allan Aal,Cuiabá EC,0,2020-11-16,2021-02-01,0
2025,Cuiabá,1,2025-04-07,Guto Ferreira,Cuiabá EC,0,2025-02-21,2025-08-10,0
2025,Cuiabá,2,2025-04-11,Guto Ferreira,Cuiabá EC,0,2025-02-21,2025-08-10,0
2025,Cuiabá,3,2025-04-16,Guto Ferreira,Cuiabá EC,0,2025-02-21,2025-08-10,0
2025,Cuiabá,4,2025-04-23,Guto Ferreira,Cuiabá EC,0,2025-02-21,2025-08-10,0
2025,Cuiabá,5,2025-04-28,Guto Ferreira,Cuiabá EC,0,2025-02-21,2025-08-10,0
2025,Cuiabá,6,2025-05-07,Guto Ferreira,Cuiabá EC,0,2025-02-21,2025-08-10,0
2025,Cuiabá,7,2025-05-11,Guto Ferreira,Cuiabá EC,0,2025-02-21,2025-08-10,0
2025,Cuiabá,8,2025-05-17,Guto Ferreira,Cuiabá EC,0,2025-02-21,2025-08-10,0
2025,Cuiabá,9,2025-05-27,Guto Ferreira,Cuiabá EC,0,2025-02-21,2025-08-10,0
2025,Cuiabá,10,2025-06-01,Guto Ferreira,Cuiabá EC,0,2025-02-21,2025-08-10,0
2025,Cuiabá,11,2025-06-07,Guto Ferreira,Cuiabá EC,0,2025-02-21,2025-08-10,0
2025,Cuiabá,12,2025-06-15,Guto Ferreira,Cuiabá EC,0,2025-02-21,2025-08-10,0
2025,Cuiabá,13,2025-06-22,Guto Ferreira,Cuiabá EC,0,2025-02-21,2025-08-10,0
2025,Cuiabá,14,2025-07-01,Guto Ferreira,Cuiabá EC,0,2025-02-21,2025-08-10,0
2025,Cuiabá,15,2025-07-05,Guto Ferreira,Cuiabá EC,0,2025-02-21,2025-08-10,0
2025,Cuiabá,16,2025-07-16,Guto Ferreira,Cuiabá EC,0,2025-02-21,2025-08-10,0
2025,Cuiabá,17,2025-07-19,Guto Ferreira,Cuiabá EC,0,2025-02-21,2025-08-10,0
2025,Cuiabá,18,2025-07-24,Guto Ferreira,Cuiabá EC,0,2025-02-21,2025-08-10,0
2025,Cuiabá,19,2025-07-30,Guto Ferreira,Cuiabá EC,0,2025-02-21,2025-08-10,0
2025,Cuiabá,20,2025-08-05,Guto Ferreira,Cuiabá EC,0,2025-02-21,2025-08-10,0
2025,Cuiabá,21,2025-08-10,Guto Ferreira,Cuiabá EC,0,2025-02-21,2025-08-10,0
2025,Cuiabá,22,2025-08-17,Eduardo Barros,Cuiabá EC,0,2025-08-13,,0
2025,Cuiabá,23,2025-08-25,Eduardo Barros,Cuiabá EC,0,2025-08-13,,0
2025,Cuiabá,24,2025-09-02,Eduardo Barros,Cuiabá EC,0,2025-08-13,,0
2025,Cuiabá,25,2025-09-09,Eduardo Barros,Cuiabá EC,0,2025-08-13,,0
2025,Cuiabá,26,2025-09-14,Eduardo Barros,Cuiabá EC,0,2025-08-13,,0
2025,Cuiabá,27,2025-09-22,Eduardo Barros,Cuiabá EC,0,2025-08-13,,0
2025,Cuiabá,28,2025-09-25,Eduardo Barros,Cuiabá EC,0,2025-08-13,,0
2025,Cuiabá,29,2025-09-29,Eduardo Barros,Cuiabá EC,0,2025-08-13,,0
2025,Cuiabá,30,2025-10-03,Eduardo Barros,Cuiabá EC,0,2025-08-13,,0
2025,Cuiabá,31,2025-10-09,Eduardo Barros,Cuiabá EC,0,2025-08-13,,0
2025,Cuiabá,32,2025-10-13,Eduardo Barros,Cuiabá EC,0,2025-08-13,,0
2025,Cuiabá,33,2025-10-19,Eduardo Barros,Cuiabá EC,0,2025-08-13,,0
2025,Cuiabá,34,2025-10-25,Eduardo Barros,Cuiabá EC,0,2025-08-13,,0
2025,Cuiabá,35,2025-11-02,Eduardo Barros,Cuiabá EC,0,2025-08-13,,0
2025,Cuiabá,36,2025-11-08,Eduardo Barros,Cuiabá EC,0,2025-08-13,,0
2025,Cuiabá,37,2025-11-16,Eduardo Barros,Cuiabá EC,0,2025-08-13,,0
2025,Cuiabá,38,2025-11-23,Eduardo Barros,Cuiabá EC,0,2025-08-13,,0
2026,Cuiabá,1,2026-03-22,Eduardo Barros,Cuiabá EC,0,2025-08-13,,0
2026,Cuiabá,2,2026-04-01,Eduardo Barros,Cuiabá EC,0,2025-08-13,,0
2026,Cuiabá,3,2026-04-04,Gustavo Almeida,Cuiabá EC,1,2026-04-03,2026-04-05,0
2026,Cuiabá,4,2026-04-12,Lucas Silveira,Cuiabá EC,1,2026-04-06,2026-04-30,0
2026,Cuiabá,5,2026-04-19,Lucas Silveira,Cuiabá EC,1,2026-04-06,2026-04-30,0
2026,Cuiabá,6,2026-04-23,Lucas Silveira,Cuiabá EC,1,2026-04-06,2026-04-30,0
2026,Cuiabá,7,2026-05-02,Eduardo Barros,Cuiabá EC,0,2025-08-13,,0
2026,Cuiabá,8,2026-05-09,Eduardo Barros,Cuiabá EC,0,2025-08-13,,0
2026,Cuiabá,9,2026-05-17,Eduardo Barros,Cuiabá EC,0,2025-08-13,,0
2026,Cuiabá,10,2026-05-23,Eduardo Barros,Cuiabá EC,0,2025-08-13,,0
2026,Cuiabá,11,2026-06-01,Eduardo Barros,Cuiabá EC,0,2025-08-13,,0
2026,Cuiabá,12,2026-06-10,Eduardo Barros,Cuiabá EC,0,2025-08-13,,0
2026,Cuiabá,13,2026-06-14,Eduardo Barros,Cuiabá EC,0,2025-08-13,,0
2026,Cuiabá,14,2026-06-21,Eduardo Barros,Cuiabá EC,0,2025-08-13,,0
2026,Cuiabá,15,2026-06-26,Eduardo Barros,Cuiabá EC,0,2025-08-13,,0
2026,Cuiabá,16,2026-07-03,Eduardo Barros,Cuiabá EC,0,2025-08-13,,0
2026,Cuiabá,17,2026-07-12,Eduardo Barros,Cuiabá EC,0,2025-08-13,,0
2026,Cuiabá,18,2026-07-18,Eduardo Barros,Cuiabá EC,0,2025-08-13,,0
2026,Cuiabá,19,2026-07-24,Eduardo Barros,Cuiabá EC,0,2025-08-13,,0
2026,Cuiabá,20,2026-07-28,Eduardo Barros,Cuiabá EC,0,2025-08-13,,0
2026,Cuiabá,21,2026-08-09,Eduardo Barros,Cuiabá EC,0,2025-08-13,,0
2026,Cuiabá,22,2026-08-15,Eduardo Barros,Cuiabá EC,0,2025-08-13,,0
2026,Cuiabá,23,2026-08-20,Eduardo Barros,Cuiabá EC,0,2025-08-13,,0
2026,Cuiabá,24,2026-08-22,Eduardo Barros,Cuiabá EC,0,2025-08-13,,0
2026,Cuiabá,25,2026-08-29,Eduardo Barros,Cuiabá EC,0,2025-08-13,,0
2026,Cuiabá,26,2026-09-05,Eduardo Barros,Cuiabá EC,0,2025-08-13,,0
2026,Cuiabá,27,2026-09-09,Eduardo Barros,Cuiabá EC,0,2025-08-13,,0
2025,Ferroviária,1,2025-04-07,Vinícius,Ferroviária,0,2025-02-17,2025-09-15,0
2025,Ferroviária,2,2025-04-13,Vinícius,Ferroviária,0,2025-02-17,2025-09-15,0
2025,Ferroviária,3,2025-04-18,Vinícius,Ferroviária,0,2025-02-17,2025-09-15,0
2025,Ferroviária,4,2025-04-23,Vinícius,Ferroviária,0,2025-02-17,2025-09-15,0
2025,Ferroviária,5,2025-04-28,Vinícius,Ferroviária,0,2025-02-17,2025-09-15,0
2025,Ferroviária,6,2025-05-03,Vinícius,Ferroviária,0,2025-02-17,2025-09-15,0
2025,Ferroviária,7,2025-05-11,Vinícius,Ferroviária,0,2025-02-17,2025-09-15,0
2025,Ferroviária,8,2025-05-16,Vinícius,Ferroviária,0,2025-02-17,2025-09-15,0
2025,Ferroviária,9,2025-05-24,Vinícius,Ferroviária,0,2025-02-17,2025-09-15,0
2025,Ferroviária,10,2025-05-30,Vinícius,Ferroviária,0,2025-02-17,2025-09-15,0
2025,Ferroviária,11,2025-06-07,Vinícius,Ferroviária,0,2025-02-17,2025-09-15,0
2025,Ferroviária,12,2025-06-17,Vinícius,Ferroviária,0,2025-02-17,2025-09-15,0
2025,Ferroviária,13,2025-06-22,Vinícius,Ferroviária,0,2025-02-17,2025-09-15,0
2025,Ferroviária,14,2025-07-01,Vinícius,Ferroviária,0,2025-02-17,2025-09-15,0
2025,Ferroviária,15,2025-07-06,Vinícius,Ferroviária,0,2025-02-17,2025-09-15,0
2025,Ferroviária,16,2025-07-13,Vinícius,Ferroviária,0,2025-02-17,2025-09-15,0
2025,Ferroviária,17,2025-07-19,Vinícius,Ferroviária,0,2025-02-17,2025-09-15,0
2025,Ferroviária,18,2025-07-23,Vinícius,Ferroviária,0,2025-02-17,2025-09-15,0
2025,Ferroviária,19,2025-07-26,Vinícius,Ferroviária,0,2025-02-17,2025-09-15,0
2025,Ferroviária,20,2025-08-02,Vinícius,Ferroviária,0,2025-02-17,2025-09-15,0
2025,Ferroviária,21,2025-08-09,Vinícius,Ferroviária,0,2025-02-17,2025-09-15,0
2025,Ferroviária,22,2025-08-17,Vinícius,Ferroviária,0,2025-02-17,2025-09-15,0
2025,Ferroviária,23,2025-08-24,Vinícius,Ferroviária,0,2025-02-17,2025-09-15,0
2025,Ferroviária,24,2025-09-02,Vinícius,Ferroviária,0,2025-02-17,2025-09-15,0
2025,Ferroviária,25,2025-09-06,Vinícius,Ferroviária,0,2025-02-17,2025-09-15,0
2025,Ferroviária,27,2025-09-20,Daniel Azambuja,Ferroviária,1,2025-09-19,2025-11-24,0
2025,Ferroviária,28,2025-09-24,Daniel Azambuja,Ferroviária,1,2025-09-19,2025-11-24,0
2025,Ferroviária,29,2025-09-28,Daniel Azambuja,Ferroviária,1,2025-09-19,2025-11-24,0
2025,Ferroviária,30,2025-10-05,Daniel Azambuja,Ferroviária,1,2025-09-19,2025-11-24,0
2025,Ferroviária,31,2025-10-10,Daniel Azambuja,Ferroviária,1,2025-09-19,2025-11-24,0
2025,Ferroviária,32,2025-10-14,Daniel Azambuja,Ferroviária,1,2025-09-19,2025-11-24,0
2025,Ferroviária,33,2025-10-21,Daniel Azambuja,Ferroviária,1,2025-09-19,2025-11-24,0
2025,Ferroviária,34,2025-10-26,Daniel Azambuja,Ferroviária,1,2025-09-19,2025-11-24,0
2025,Ferroviária,35,2025-11-01,Daniel Azambuja,Ferroviária,1,2025-09-19,2025-11-24,0
2025,Ferroviária,36,2025-11-07,Daniel Azambuja,Ferroviária,1,2025-09-19,2025-11-24,0
2025,Ferroviária,37,2025-11-16,Daniel Azambuja,Ferroviária,1,2025-09-19,2025-11-24,0
2025,Ferroviária,38,2025-11-23,Daniel Azambuja,Ferroviária,1,2025-09-19,2025-11-24,0
2018,Figueirense,1,2018-04-14,Milton Cruz,Figueirense FC,0,2017-08-08,2018-09-10,0
2018,Figueirense,2,2018-04-21,Milton Cruz,Figueirense FC,0,2017-08-08,2018-09-10,0
2018,Figueirense,3,2018-04-28,Milton Cruz,Figueirense FC,0,2017-08-08,2018-09-10,0
2018,Figueirense,4,2018-05-01,Milton Cruz,Figueirense FC,0,2017-08-08,2018-09-10,0
2018,Figueirense,5,2018-05-12,Milton Cruz,Figueirense FC,0,2017-08-08,2018-09-10,0
2018,Figueirense,6,2018-05-19,Milton Cruz,Figueirense FC,0,2017-08-08,2018-09-10,0
2018,Figueirense,7,2018-05-23,Milton Cruz,Figueirense FC,0,2017-08-08,2018-09-10,0
2018,Figueirense,8,2018-05-30,Milton Cruz,Figueirense FC,0,2017-08-08,2018-09-10,0
2018,Figueirense,9,2018-06-06,Milton Cruz,Figueirense FC,0,2017-08-08,2018-09-10,0
2018,Figueirense,10,2018-06-10,Milton Cruz,Figueirense FC,0,2017-08-08,2018-09-10,0
2018,Figueirense,11,2018-06-13,Milton Cruz,Figueirense FC,0,2017-08-08,2018-09-10,0
2018,Figueirense,12,2018-06-23,Milton Cruz,Figueirense FC,0,2017-08-08,2018-09-10,0
2018,Figueirense,13,2018-06-30,Milton Cruz,Figueirense FC,0,2017-08-08,2018-09-10,0
2018,Figueirense,14,2018-07-06,Milton Cruz,Figueirense FC,0,2017-08-08,2018-09-10,0
2018,Figueirense,15,2018-07-10,Milton Cruz,Figueirense FC,0,2017-08-08,2018-09-10,0
2018,Figueirense,16,2018-07-18,Milton Cruz,Figueirense FC,0,2017-08-08,2018-09-10,0
2018,Figueirense,17,2018-07-25,Milton Cruz,Figueirense FC,0,2017-08-08,2018-09-10,0
2018,Figueirense,18,2018-07-28,Milton Cruz,Figueirense FC,0,2017-08-08,2018-09-10,0
2018,Figueirense,19,2018-08-01,Milton Cruz,Figueirense FC,0,2017-08-08,2018-09-10,0
2018,Figueirense,20,2018-08-12,Milton Cruz,Figueirense FC,0,2017-08-08,2018-09-10,0
2018,Figueirense,21,2018-08-18,Milton Cruz,Figueirense FC,0,2017-08-08,2018-09-10,0
2018,Figueirense,22,2018-08-22,Milton Cruz,Figueirense FC,0,2017-08-08,2018-09-10,0
2018,Figueirense,23,2018-08-25,Milton Cruz,Figueirense FC,0,2017-08-08,2018-09-10,0
2018,Figueirense,24,2018-09-01,Milton Cruz,Figueirense FC,0,2017-08-08,2018-09-10,0
2018,Figueirense,25,2018-09-05,Milton Cruz,Figueirense FC,0,2017-08-08,2018-09-10,0
2018,Figueirense,26,2018-09-08,Milton Cruz,Figueirense FC,0,2017-08-08,2018-09-10,0
2018,Figueirense,27,2018-09-15,Rogério Micale,Figueirense FC,0,2018-09-10,2018-11-28,0
2018,Figueirense,28,2018-09-19,Rogério Micale,Figueirense FC,0,2018-09-10,2018-11-28,0
2018,Figueirense,29,2018-09-29,Rogério Micale,Figueirense FC,0,2018-09-10,2018-11-28,0
2018,Figueirense,30,2018-10-03,Rogério Micale,Figueirense FC,0,2018-09-10,2018-11-28,0
2018,Figueirense,31,2018-10-14,Rogério Micale,Figueirense FC,0,2018-09-10,2018-11-28,0
2018,Figueirense,32,2018-10-20,Rogério Micale,Figueirense FC,0,2018-09-10,2018-11-28,0
2018,Figueirense,33,2018-10-27,Rogério Micale,Figueirense FC,0,2018-09-10,2018-11-28,0
2018,Figueirense,34,2018-11-03,Rogério Micale,Figueirense FC,0,2018-09-10,2018-11-28,0
2018,Figueirense,35,2018-11-07,Rogério Micale,Figueirense FC,0,2018-09-10,2018-11-28,0
2018,Figueirense,36,2018-11-09,Rogério Micale,Figueirense FC,0,2018-09-10,2018-11-28,0
2018,Figueirense,37,2018-11-13,Rogério Micale,Figueirense FC,0,2018-09-10,2018-11-28,0
2018,Figueirense,38,2018-11-24,Rogério Micale,Figueirense FC,0,2018-09-10,2018-11-28,0
2019,Figueirense,1,2019-04-27,Hemerson Maria,Figueirense FC,0,2018-11-29,2019-07-29,0
2019,Figueirense,2,2019-05-04,Hemerson Maria,Figueirense FC,0,2018-11-29,2019-07-29,0
2019,Figueirense,3,2019-05-11,Hemerson Maria,Figueirense FC,0,2018-11-29,2019-07-29,0
2019,Figueirense,4,2019-05-15,Hemerson Maria,Figueirense FC,0,2018-11-29,2019-07-29,0
2019,Figueirense,5,2019-05-22,Hemerson Maria,Figueirense FC,0,2018-11-29,2019-07-29,0
2019,Figueirense,6,2019-06-01,Hemerson Maria,Figueirense FC,0,2018-11-29,2019-07-29,0
2019,Figueirense,7,2019-06-08,Hemerson Maria,Figueirense FC,0,2018-11-29,2019-07-29,0
2019,Figueirense,8,2019-06-12,Hemerson Maria,Figueirense FC,0,2018-11-29,2019-07-29,0
2019,Figueirense,9,2019-07-13,Hemerson Maria,Figueirense FC,0,2018-11-29,2019-07-29,0
2019,Figueirense,10,2019-07-20,Hemerson Maria,Figueirense FC,0,2018-11-29,2019-07-29,0
2019,Figueirense,11,2019-07-24,Hemerson Maria,Figueirense FC,0,2018-11-29,2019-07-29,0
2019,Figueirense,12,2019-07-27,Hemerson Maria,Figueirense FC,0,2018-11-29,2019-07-29,0
2019,Figueirense,13,2019-07-31,Marcio Coelho,Figueirense FC,1,2019-07-29,2019-08-03,0
2019,Figueirense,14,2019-08-04,Evandro,Figueirense FC,1,2019-08-03,2019-08-07,0
2019,Figueirense,15,2019-08-10,Vinícius Eutrópio,Figueirense FC,0,2019-08-08,2019-09-17,0
2019,Figueirense,16,2019-08-16,Vinícius Eutrópio,Figueirense FC,0,2019-08-08,2019-09-17,0
2019,Figueirense,17,2019-08-25,Vinícius Eutrópio,Figueirense FC,0,2019-08-08,2019-09-17,0
2019,Figueirense,18,2019-08-28,Vinícius Eutrópio,Figueirense FC,0,2019-08-08,2019-09-17,0
2019,Figueirense,19,2019-08-31,Vinícius Eutrópio,Figueirense FC,0,2019-08-08,2019-09-17,0
2019,Figueirense,20,2019-09-06,Vinícius Eutrópio,Figueirense FC,0,2019-08-08,2019-09-17,0
2019,Figueirense,21,2019-09-15,Vinícius Eutrópio,Figueirense FC,0,2019-08-08,2019-09-17,0
2019,Figueirense,22,2019-09-20,Marcio Coelho,Figueirense FC,0,2019-09-18,2020-08-27,0
2019,Figueirense,23,2019-09-25,Marcio Coelho,Figueirense FC,0,2019-09-18,2020-08-27,0
2019,Figueirense,24,2019-09-28,Marcio Coelho,Figueirense FC,0,2019-09-18,2020-08-27,0
2019,Figueirense,25,2019-10-05,Marcio Coelho,Figueirense FC,0,2019-09-18,2020-08-27,0
2019,Figueirense,26,2019-10-09,Marcio Coelho,Figueirense FC,0,2019-09-18,2020-08-27,0
2019,Figueirense,27,2019-10-13,Marcio Coelho,Figueirense FC,0,2019-09-18,2020-08-27,0
2019,Figueirense,28,2019-10-16,Marcio Coelho,Figueirense FC,0,2019-09-18,2020-08-27,0
2019,Figueirense,29,2019-10-20,Pintado,Figueirense FC,0,2019-10-17,2019-12-31,0
2019,Figueirense,30,2019-10-26,Pintado,Figueirense FC,0,2019-10-17,2019-12-31,0
2019,Figueirense,31,2019-11-02,Pintado,Figueirense FC,0,2019-10-17,2019-12-31,0
2019,Figueirense,32,2019-11-06,Pintado,Figueirense FC,0,2019-10-17,2019-12-31,0
2019,Figueirense,33,2019-11-09,Pintado,Figueirense FC,0,2019-10-17,2019-12-31,0
2019,Figueirense,34,2019-11-13,Pintado,Figueirense FC,0,2019-10-17,2019-12-31,0
2019,Figueirense,35,2019-11-17,Pintado,Figueirense FC,0,2019-10-17,2019-12-31,0
2019,Figueirense,36,2019-11-22,Pintado,Figueirense FC,0,2019-10-17,2019-12-31,0
2019,Figueirense,37,2019-11-30,Pintado,Figueirense FC,0,2019-10-17,2019-12-31,0
2020,Figueirense,1,2020-08-08,Marcio Coelho,Figueirense FC,0,2019-09-18,2020-08-27,0
2020,Figueirense,2,2020-08-12,Marcio Coelho,Figueirense FC,0,2019-09-18,2020-08-27,0
2020,Figueirense,3,2020-08-16,Marcio Coelho,Figueirense FC,0,2019-09-18,2020-08-27,0
2020,Figueirense,4,2020-08-22,Marcio Coelho,Figueirense FC,0,2019-09-18,2020-08-27,0
2020,Figueirense,5,2020-08-30,Elano,Figueirense FC,0,2020-08-28,2020-11-13,0
2020,Figueirense,6,2020-09-02,Elano,Figueirense FC,0,2020-08-28,2020-11-13,0
2020,Figueirense,7,2020-09-05,Elano,Figueirense FC,0,2020-08-28,2020-11-13,0
2020,Figueirense,8,2020-09-09,Elano,Figueirense FC,0,2020-08-28,2020-11-13,0
2020,Figueirense,9,2020-09-19,Elano,Figueirense FC,0,2020-08-28,2020-11-13,0
2020,Figueirense,10,2020-09-26,Elano,Figueirense FC,0,2020-08-28,2020-11-13,0
2020,Figueirense,11,2020-09-30,Elano,Figueirense FC,0,2020-08-28,2020-11-13,0
2020,Figueirense,12,2020-10-02,Elano,Figueirense FC,0,2020-08-28,2020-11-13,0
2020,Figueirense,13,2020-10-07,Elano,Figueirense FC,0,2020-08-28,2020-11-13,0
2020,Figueirense,14,2020-10-09,Elano,Figueirense FC,0,2020-08-28,2020-11-13,0
2020,Figueirense,15,2020-10-14,Elano,Figueirense FC,0,2020-08-28,2020-11-13,0
2020,Figueirense,16,2020-10-17,Elano,Figueirense FC,0,2020-08-28,2020-11-13,0
2020,Figueirense,17,2020-10-21,Elano,Figueirense FC,0,2020-08-28,2020-11-13,0
2020,Figueirense,18,2020-10-25,Elano,Figueirense FC,0,2020-08-28,2020-11-13,0
2020,Figueirense,19,2020-11-02,Elano,Figueirense FC,0,2020-08-28,2020-11-13,0
2020,Figueirense,20,2020-11-07,Elano,Figueirense FC,0,2020-08-28,2020-11-13,0
2020,Figueirense,21,2020-11-13,Elano,Figueirense FC,0,2020-08-28,2020-11-13,0
2020,Figueirense,22,2020-11-21,Jorginho Cantinflas,Figueirense FC,0,2020-11-19,2021-11-18,0
2020,Figueirense,23,2020-11-23,Jorginho Cantinflas,Figueirense FC,0,2020-11-19,2021-11-18,0
2020,Figueirense,24,2020-11-27,Jorginho Cantinflas,Figueirense FC,0,2020-11-19,2021-11-18,0
2020,Figueirense,25,2020-12-01,Jorginho Cantinflas,Figueirense FC,0,2020-11-19,2021-11-18,0
2020,Figueirense,26,2020-12-06,Jorginho Cantinflas,Figueirense FC,0,2020-11-19,2021-11-18,0
2020,Figueirense,27,2020-12-09,Jorginho Cantinflas,Figueirense FC,0,2020-11-19,2021-11-18,0
2020,Figueirense,28,2020-12-12,Jorginho Cantinflas,Figueirense FC,0,2020-11-19,2021-11-18,0
2020,Figueirense,29,2020-12-17,Jorginho Cantinflas,Figueirense FC,0,2020-11-19,2021-11-18,0
2020,Figueirense,30,2020-12-20,Jorginho Cantinflas,Figueirense FC,0,2020-11-19,2021-11-18,0
2020,Figueirense,31,2020-12-26,Jorginho Cantinflas,Figueirense FC,0,2020-11-19,2021-11-18,0
2021,Figueirense,1,2021-01-02,Jorginho Cantinflas,Figueirense FC,0,2020-11-19,2021-11-18,0
2021,Figueirense,2,2021-01-09,Jorginho Cantinflas,Figueirense FC,0,2020-11-19,2021-11-18,0
2021,Figueirense,3,2021-01-13,Jorginho Cantinflas,Figueirense FC,0,2020-11-19,2021-11-18,0
2021,Figueirense,4,2021-01-15,Jorginho Cantinflas,Figueirense FC,0,2020-11-19,2021-11-18,0
2021,Figueirense,5,2021-01-19,Jorginho Cantinflas,Figueirense FC,0,2020-11-19,2021-11-18,0
2021,Figueirense,6,2021-01-22,Jorginho Cantinflas,Figueirense FC,0,2020-11-19,2021-11-18,0
2021,Figueirense,7,2021-01-29,Jorginho Cantinflas,Figueirense FC,0,2020-11-19,2021-11-18,0
2018,Fortaleza,1,2018-04-14,Rogério Ceni,Fortaleza EC,0,2017-11-10,2019-08-11,0
2018,Fortaleza,2,2018-04-18,Rogério Ceni,Fortaleza EC,0,2017-11-10,2019-08-11,0
2018,Fortaleza,3,2018-04-25,Rogério Ceni,Fortaleza EC,0,2017-11-10,2019-08-11,0
2018,Fortaleza,4,2018-05-01,Rogério Ceni,Fortaleza EC,0,2017-11-10,2019-08-11,0
2018,Fortaleza,5,2018-05-13,Rogério Ceni,Fortaleza EC,0,2017-11-10,2019-08-11,0
2018,Fortaleza,6,2018-05-19,Rogério Ceni,Fortaleza EC,0,2017-11-10,2019-08-11,0
2018,Fortaleza,7,2018-05-23,Rogério Ceni,Fortaleza EC,0,2017-11-10,2019-08-11,0
2018,Fortaleza,8,2018-06-02,Rogério Ceni,Fortaleza EC,0,2017-11-10,2019-08-11,0
2018,Fortaleza,9,2018-06-06,Rogério Ceni,Fortaleza EC,0,2017-11-10,2019-08-11,0
2018,Fortaleza,10,2018-06-09,Rogério Ceni,Fortaleza EC,0,2017-11-10,2019-08-11,0
2018,Fortaleza,11,2018-06-16,Rogério Ceni,Fortaleza EC,0,2017-11-10,2019-08-11,0
2018,Fortaleza,12,2018-06-24,Rogério Ceni,Fortaleza EC,0,2017-11-10,2019-08-11,0
2018,Fortaleza,13,2018-07-01,Rogério Ceni,Fortaleza EC,0,2017-11-10,2019-08-11,0
2018,Fortaleza,14,2018-07-08,Rogério Ceni,Fortaleza EC,0,2017-11-10,2019-08-11,0
2018,Fortaleza,15,2018-07-14,Rogério Ceni,Fortaleza EC,0,2017-11-10,2019-08-11,0
2018,Fortaleza,16,2018-07-21,Rogério Ceni,Fortaleza EC,0,2017-11-10,2019-08-11,0
2018,Fortaleza,17,2018-07-25,Rogério Ceni,Fortaleza EC,0,2017-11-10,2019-08-11,0
2018,Fortaleza,18,2018-07-28,Rogério Ceni,Fortaleza EC,0,2017-11-10,2019-08-11,0
2018,Fortaleza,19,2018-08-04,Rogério Ceni,Fortaleza EC,0,2017-11-10,2019-08-11,0
2018,Fortaleza,20,2018-08-11,Rogério Ceni,Fortaleza EC,0,2017-11-10,2019-08-11,0
2018,Fortaleza,21,2018-08-18,Rogério Ceni,Fortaleza EC,0,2017-11-10,2019-08-11,0
2018,Fortaleza,22,2018-08-22,Rogério Ceni,Fortaleza EC,0,2017-11-10,2019-08-11,0
2018,Fortaleza,23,2018-08-26,Rogério Ceni,Fortaleza EC,0,2017-11-10,2019-08-11,0
2018,Fortaleza,24,2018-09-02,Rogério Ceni,Fortaleza EC,0,2017-11-10,2019-08-11,0
2018,Fortaleza,25,2018-09-05,Rogério Ceni,Fortaleza EC,0,2017-11-10,2019-08-11,0
2018,Fortaleza,26,2018-09-08,Rogério Ceni,Fortaleza EC,0,2017-11-10,2019-08-11,0
2018,Fortaleza,27,2018-09-15,Rogério Ceni,Fortaleza EC,0,2017-11-10,2019-08-11,0
2018,Fortaleza,28,2018-09-22,Rogério Ceni,Fortaleza EC,0,2017-11-10,2019-08-11,0
2018,Fortaleza,29,2018-09-26,Rogério Ceni,Fortaleza EC,0,2017-11-10,2019-08-11,0
2018,Fortaleza,30,2018-10-06,Rogério Ceni,Fortaleza EC,0,2017-11-10,2019-08-11,0
2018,Fortaleza,31,2018-10-13,Rogério Ceni,Fortaleza EC,0,2017-11-10,2019-08-11,0
2018,Fortaleza,32,2018-10-21,Rogério Ceni,Fortaleza EC,0,2017-11-10,2019-08-11,0
2018,Fortaleza,33,2018-10-27,Rogério Ceni,Fortaleza EC,0,2017-11-10,2019-08-11,0
2018,Fortaleza,34,2018-11-03,Rogério Ceni,Fortaleza EC,0,2017-11-10,2019-08-11,0
2018,Fortaleza,35,2018-11-07,Rogério Ceni,Fortaleza EC,0,2017-11-10,2019-08-11,0
2018,Fortaleza,36,2018-11-10,Rogério Ceni,Fortaleza EC,0,2017-11-10,2019-08-11,0
2018,Fortaleza,37,2018-11-15,Rogério Ceni,Fortaleza EC,0,2017-11-10,2019-08-11,0
2018,Fortaleza,38,2018-11-23,Rogério Ceni,Fortaleza EC,0,2017-11-10,2019-08-11,0
2026,Fortaleza,1,2026-03-21,Thiago Carpini,Fortaleza EC,0,2025-12-11,2026-07-23,0
2026,Fortaleza,2,2026-04-01,Thiago Carpini,Fortaleza EC,0,2025-12-11,2026-07-23,0
2026,Fortaleza,3,2026-04-04,Thiago Carpini,Fortaleza EC,0,2025-12-11,2026-07-23,0
2026,Fortaleza,4,2026-04-12,Thiago Carpini,Fortaleza EC,0,2025-12-11,2026-07-23,0
2026,Fortaleza,5,2026-04-20,Thiago Carpini,Fortaleza EC,0,2025-12-11,2026-07-23,0
2026,Fortaleza,6,2026-04-26,Thiago Carpini,Fortaleza EC,0,2025-12-11,2026-07-23,0
2026,Fortaleza,7,2026-05-03,Thiago Carpini,Fortaleza EC,0,2025-12-11,2026-07-23,0
2026,Fortaleza,8,2026-05-10,Thiago Carpini,Fortaleza EC,0,2025-12-11,2026-07-23,0
2026,Fortaleza,9,2026-05-17,Thiago Carpini,Fortaleza EC,0,2025-12-11,2026-07-23,0
2026,Fortaleza,10,2026-05-23,Thiago Carpini,Fortaleza EC,0,2025-12-11,2026-07-23,0
2026,Fortaleza,11,2026-05-30,Thiago Carpini,Fortaleza EC,0,2025-12-11,2026-07-23,0
2026,Fortaleza,12,2026-06-10,Thiago Carpini,Fortaleza EC,0,2025-12-11,2026-07-23,0
2026,Fortaleza,13,2026-06-17,Thiago Carpini,Fortaleza EC,0,2025-12-11,2026-07-23,0
2026,Fortaleza,14,2026-06-21,Thiago Carpini,Fortaleza EC,0,2025-12-11,2026-07-23,0
2026,Fortaleza,15,2026-06-28,Thiago Carpini,Fortaleza EC,0,2025-12-11,2026-07-23,0
2026,Fortaleza,16,2026-07-03,Thiago Carpini,Fortaleza EC,0,2025-12-11,2026-07-23,0
2026,Fortaleza,17,2026-07-12,Thiago Carpini,Fortaleza EC,0,2025-12-11,2026-07-23,0
2026,Fortaleza,18,2026-07-18,Thiago Carpini,Fortaleza EC,0,2025-12-11,2026-07-23,0
2026,Fortaleza,19,2026-07-22,Thiago Carpini,Fortaleza EC,0,2025-12-11,2026-07-23,0
2026,Fortaleza,21,2026-08-09,Paulo Autuori,Fortaleza EC,0,2026-07-30,,0
2026,Fortaleza,22,2026-08-15,Paulo Autuori,Fortaleza EC,0,2026-07-30,,0
2026,Fortaleza,23,2026-08-20,Paulo Autuori,Fortaleza EC,0,2026-07-30,,0
2026,Fortaleza,24,2026-08-23,Paulo Autuori,Fortaleza EC,0,2026-07-30,,0
2026,Fortaleza,25,2026-09-01,Paulo Autuori,Fortaleza EC,0,2026-07-30,,0
2026,Fortaleza,26,2026-09-05,Paulo Autuori,Fortaleza EC,0,2026-07-30,,0
2026,Fortaleza,27,2026-09-10,Paulo Autuori,Fortaleza EC,0,2026-07-30,,0
2018,Goiás,1,2018-04-14,Hélio dos Anjos,Goiás EC,0,2017-09-16,2018-05-06,0
2018,Goiás,2,2018-04-21,Hélio dos Anjos,Goiás EC,0,2017-09-16,2018-05-06,0
2018,Goiás,3,2018-04-29,Hélio dos Anjos,Goiás EC,0,2017-09-16,2018-05-06,0
2018,Goiás,4,2018-05-05,Hélio dos Anjos,Goiás EC,0,2017-09-16,2018-05-06,0
2018,Goiás,5,2018-05-13,Ney Franco,Goiás EC,0,2018-05-06,2018-11-26,0
2018,Goiás,6,2018-05-19,Ney Franco,Goiás EC,0,2018-05-06,2018-11-26,0
2018,Goiás,7,2018-05-26,Ney Franco,Goiás EC,0,2018-05-06,2018-11-26,0
2018,Goiás,8,2018-06-02,Ney Franco,Goiás EC,0,2018-05-06,2018-11-26,0
2018,Goiás,9,2018-06-06,Ney Franco,Goiás EC,0,2018-05-06,2018-11-26,0
2018,Goiás,10,2018-06-09,Ney Franco,Goiás EC,0,2018-05-06,2018-11-26,0
2018,Goiás,11,2018-06-12,Ney Franco,Goiás EC,0,2018-05-06,2018-11-26,0
2018,Goiás,12,2018-06-22,Ney Franco,Goiás EC,0,2018-05-06,2018-11-26,0
2018,Goiás,13,2018-06-27,Ney Franco,Goiás EC,0,2018-05-06,2018-11-26,0
2018,Goiás,14,2018-07-05,Ney Franco,Goiás EC,0,2018-05-06,2018-11-26,0
2018,Goiás,15,2018-07-14,Ney Franco,Goiás EC,0,2018-05-06,2018-11-26,0
2018,Goiás,16,2018-07-21,Ney Franco,Goiás EC,0,2018-05-06,2018-11-26,0
2018,Goiás,17,2018-07-25,Ney Franco,Goiás EC,0,2018-05-06,2018-11-26,0
2018,Goiás,18,2018-07-28,Ney Franco,Goiás EC,0,2018-05-06,2018-11-26,0
2018,Goiás,19,2018-08-04,Ney Franco,Goiás EC,0,2018-05-06,2018-11-26,0
2018,Goiás,20,2018-08-11,Ney Franco,Goiás EC,0,2018-05-06,2018-11-26,0
2018,Goiás,21,2018-08-18,Ney Franco,Goiás EC,0,2018-05-06,2018-11-26,0
2018,Goiás,22,2018-08-22,Ney Franco,Goiás EC,0,2018-05-06,2018-11-26,0
2018,Goiás,23,2018-08-25,Ney Franco,Goiás EC,0,2018-05-06,2018-11-26,0
2018,Goiás,24,2018-09-02,Ney Franco,Goiás EC,0,2018-05-06,2018-11-26,0
2018,Goiás,25,2018-09-05,Ney Franco,Goiás EC,0,2018-05-06,2018-11-26,0
2018,Goiás,26,2018-09-07,Ney Franco,Goiás EC,0,2018-05-06,2018-11-26,0
2018,Goiás,27,2018-09-16,Ney Franco,Goiás EC,0,2018-05-06,2018-11-26,0
2018,Goiás,28,2018-09-22,Ney Franco,Goiás EC,0,2018-05-06,2018-11-26,0
2018,Goiás,29,2018-09-29,Ney Franco,Goiás EC,0,2018-05-06,2018-11-26,0
2018,Goiás,30,2018-10-03,Ney Franco,Goiás EC,0,2018-05-06,2018-11-26,0
2018,Goiás,31,2018-10-13,Ney Franco,Goiás EC,0,2018-05-06,2018-11-26,0
2018,Goiás,32,2018-10-20,Ney Franco,Goiás EC,0,2018-05-06,2018-11-26,0
2018,Goiás,33,2018-10-27,Ney Franco,Goiás EC,0,2018-05-06,2018-11-26,0
2018,Goiás,34,2018-11-01,Ney Franco,Goiás EC,0,2018-05-06,2018-11-26,0
2018,Goiás,35,2018-11-05,Ney Franco,Goiás EC,0,2018-05-06,2018-11-26,0
2018,Goiás,36,2018-11-10,Ney Franco,Goiás EC,0,2018-05-06,2018-11-26,0
2018,Goiás,37,2018-11-18,Ney Franco,Goiás EC,0,2018-05-06,2018-11-26,0
2018,Goiás,38,2018-11-24,Ney Franco,Goiás EC,0,2018-05-06,2018-11-26,0
2021,Goiás,1,2021-06-01,Pintado,Goiás EC,0,2021-04-30,2021-07-18,0
2021,Goiás,2,2021-06-04,Pintado,Goiás EC,0,2021-04-30,2021-07-18,0
2021,Goiás,3,2021-06-13,Pintado,Goiás EC,0,2021-04-30,2021-07-18,0
2021,Goiás,4,2021-06-16,Pintado,Goiás EC,0,2021-04-30,2021-07-18,0
2021,Goiás,5,2021-06-19,Pintado,Goiás EC,0,2021-04-30,2021-07-18,0
2021,Goiás,6,2021-06-23,Pintado,Goiás EC,0,2021-04-30,2021-07-18,0
2021,Goiás,7,2021-06-26,Pintado,Goiás EC,0,2021-04-30,2021-07-18,0
2021,Goiás,8,2021-07-01,Pintado,Goiás EC,0,2021-04-30,2021-07-18,0
2021,Goiás,9,2021-07-04,Pintado,Goiás EC,0,2021-04-30,2021-07-18,0
2021,Goiás,10,2021-07-10,Pintado,Goiás EC,0,2021-04-30,2021-07-18,0
2021,Goiás,11,2021-07-15,Pintado,Goiás EC,0,2021-04-30,2021-07-18,0
2021,Goiás,12,2021-07-17,Pintado,Goiás EC,0,2021-04-30,2021-07-18,0
2021,Goiás,14,2021-07-24,Marcelo Cabo,Goiás EC,1,2021-07-22,2021-10-28,0
2021,Goiás,15,2021-07-30,Marcelo Cabo,Goiás EC,1,2021-07-22,2021-10-28,0
2021,Goiás,16,2021-08-07,Marcelo Cabo,Goiás EC,1,2021-07-22,2021-10-28,0
2021,Goiás,17,2021-08-11,Marcelo Cabo,Goiás EC,1,2021-07-22,2021-10-28,0
2021,Goiás,18,2021-08-14,Marcelo Cabo,Goiás EC,1,2021-07-22,2021-10-28,0
2021,Goiás,19,2021-08-20,Marcelo Cabo,Goiás EC,1,2021-07-22,2021-10-28,0
2021,Goiás,20,2021-08-22,Marcelo Cabo,Goiás EC,1,2021-07-22,2021-10-28,0
2021,Goiás,21,2021-08-26,Marcelo Cabo,Goiás EC,1,2021-07-22,2021-10-28,0
2021,Goiás,22,2021-09-08,Marcelo Cabo,Goiás EC,1,2021-07-22,2021-10-28,0
2021,Goiás,23,2021-09-12,Marcelo Cabo,Goiás EC,1,2021-07-22,2021-10-28,0
2021,Goiás,24,2021-09-19,Marcelo Cabo,Goiás EC,1,2021-07-22,2021-10-28,0
2021,Goiás,25,2021-09-22,Marcelo Cabo,Goiás EC,1,2021-07-22,2021-10-28,0
2021,Goiás,26,2021-09-25,Marcelo Cabo,Goiás EC,1,2021-07-22,2021-10-28,0
2021,Goiás,27,2021-09-28,Marcelo Cabo,Goiás EC,1,2021-07-22,2021-10-28,0
2021,Goiás,28,2021-10-02,Marcelo Cabo,Goiás EC,1,2021-07-22,2021-10-28,0
2021,Goiás,29,2021-10-06,Marcelo Cabo,Goiás EC,1,2021-07-22,2021-10-28,0
2021,Goiás,30,2021-10-16,Marcelo Cabo,Goiás EC,1,2021-07-22,2021-10-28,0
2021,Goiás,31,2021-10-20,Marcelo Cabo,Goiás EC,1,2021-07-22,2021-10-28,0
2021,Goiás,32,2021-10-27,Marcelo Cabo,Goiás EC,1,2021-07-22,2021-10-28,0
2021,Goiás,33,2021-11-03,Glauber Ramos,Goiás EC,1,2021-11-01,2022-02-24,0
2021,Goiás,34,2021-11-06,Glauber Ramos,Goiás EC,1,2021-11-01,2022-02-24,0
2021,Goiás,35,2021-11-11,Glauber Ramos,Goiás EC,1,2021-11-01,2022-02-24,0
2021,Goiás,36,2021-11-16,Glauber Ramos,Goiás EC,1,2021-11-01,2022-02-24,0
2021,Goiás,37,2021-11-23,Glauber Ramos,Goiás EC,1,2021-11-01,2022-02-24,0
2021,Goiás,38,2021-11-28,Glauber Ramos,Goiás EC,1,2021-11-01,2022-02-24,0
2024,Goiás,1,2024-04-20,Márcio Zanardi,Goiás EC,0,2024-04-05,2024-08-05,0
2024,Goiás,2,2024-04-28,Márcio Zanardi,Goiás EC,0,2024-04-05,2024-08-05,0
2024,Goiás,3,2024-05-05,Márcio Zanardi,Goiás EC,0,2024-04-05,2024-08-05,0
2024,Goiás,4,2024-05-11,Márcio Zanardi,Goiás EC,0,2024-04-05,2024-08-05,0
2024,Goiás,5,2024-05-16,Márcio Zanardi,Goiás EC,0,2024-04-05,2024-08-05,0
2024,Goiás,6,2024-05-18,Márcio Zanardi,Goiás EC,0,2024-04-05,2024-08-05,0
2024,Goiás,7,2024-05-28,Márcio Zanardi,Goiás EC,0,2024-04-05,2024-08-05,0
2024,Goiás,8,2024-06-01,Márcio Zanardi,Goiás EC,0,2024-04-05,2024-08-05,0
2024,Goiás,9,2024-06-12,Márcio Zanardi,Goiás EC,0,2024-04-05,2024-08-05,0
2024,Goiás,10,2024-06-16,Márcio Zanardi,Goiás EC,0,2024-04-05,2024-08-05,0
2024,Goiás,11,2024-06-20,Márcio Zanardi,Goiás EC,0,2024-04-05,2024-08-05,0
2024,Goiás,12,2024-06-23,Márcio Zanardi,Goiás EC,0,2024-04-05,2024-08-05,0
2024,Goiás,13,2024-07-02,Márcio Zanardi,Goiás EC,0,2024-04-05,2024-08-05,0
2024,Goiás,14,2024-07-06,Márcio Zanardi,Goiás EC,0,2024-04-05,2024-08-05,0
2024,Goiás,15,2024-07-18,Márcio Zanardi,Goiás EC,0,2024-04-05,2024-08-05,0
2024,Goiás,16,2024-07-21,Márcio Zanardi,Goiás EC,0,2024-04-05,2024-08-05,0
2024,Goiás,17,2024-07-26,Márcio Zanardi,Goiás EC,0,2024-04-05,2024-08-05,0
2024,Goiás,18,2024-08-04,Márcio Zanardi,Goiás EC,0,2024-04-05,2024-08-05,0
2024,Goiás,19,2024-08-13,Vagner Mancini,Goiás EC,0,2024-08-06,2024-12-02,0
2024,Goiás,20,2024-08-17,Vagner Mancini,Goiás EC,0,2024-08-06,2024-12-02,0
2024,Goiás,21,2024-08-22,Vagner Mancini,Goiás EC,0,2024-08-06,2024-12-02,0
2024,Goiás,22,2024-08-24,Vagner Mancini,Goiás EC,0,2024-08-06,2024-12-02,0
2024,Goiás,23,2024-09-01,Vagner Mancini,Goiás EC,0,2024-08-06,2024-12-02,0
2024,Goiás,24,2024-09-10,Vagner Mancini,Goiás EC,0,2024-08-06,2024-12-02,0
2024,Goiás,25,2024-09-14,Vagner Mancini,Goiás EC,0,2024-08-06,2024-12-02,0
2024,Goiás,26,2024-09-19,Vagner Mancini,Goiás EC,0,2024-08-06,2024-12-02,0
2024,Goiás,27,2024-09-21,Vagner Mancini,Goiás EC,0,2024-08-06,2024-12-02,0
2024,Goiás,28,2024-09-28,Vagner Mancini,Goiás EC,0,2024-08-06,2024-12-02,0
2024,Goiás,29,2024-10-08,Vagner Mancini,Goiás EC,0,2024-08-06,2024-12-02,0
2024,Goiás,30,2024-10-13,Vagner Mancini,Goiás EC,0,2024-08-06,2024-12-02,0
2024,Goiás,31,2024-10-18,Vagner Mancini,Goiás EC,0,2024-08-06,2024-12-02,0
2024,Goiás,32,2024-10-22,Vagner Mancini,Goiás EC,0,2024-08-06,2024-12-02,0
2024,Goiás,33,2024-10-26,Vagner Mancini,Goiás EC,0,2024-08-06,2024-12-02,0
2024,Goiás,34,2024-10-29,Vagner Mancini,Goiás EC,0,2024-08-06,2024-12-02,0
2024,Goiás,35,2024-11-02,Vagner Mancini,Goiás EC,0,2024-08-06,2024-12-02,0
2024,Goiás,36,2024-11-09,Vagner Mancini,Goiás EC,0,2024-08-06,2024-12-02,0
2024,Goiás,37,2024-11-16,Vagner Mancini,Goiás EC,0,2024-08-06,2024-12-02,0
2024,Goiás,38,2024-11-24,Vagner Mancini,Goiás EC,0,2024-08-06,2024-12-02,0
2025,Goiás,1,2025-04-05,Vagner Mancini,Goiás EC,0,2025-03-26,2025-10-12,0
2025,Goiás,2,2025-04-13,Vagner Mancini,Goiás EC,0,2025-03-26,2025-10-12,0
2025,Goiás,3,2025-04-18,Vagner Mancini,Goiás EC,0,2025-03-26,2025-10-12,0
2025,Goiás,4,2025-04-21,Vagner Mancini,Goiás EC,0,2025-03-26,2025-10-12,0
2025,Goiás,5,2025-04-29,Vagner Mancini,Goiás EC,0,2025-03-26,2025-10-12,0
2025,Goiás,6,2025-05-06,Vagner Mancini,Goiás EC,0,2025-03-26,2025-10-12,0
2025,Goiás,7,2025-05-10,Vagner Mancini,Goiás EC,0,2025-03-26,2025-10-12,0
2025,Goiás,8,2025-05-18,Vagner Mancini,Goiás EC,0,2025-03-26,2025-10-12,0
2025,Goiás,9,2025-05-24,Vagner Mancini,Goiás EC,0,2025-03-26,2025-10-12,0
2025,Goiás,10,2025-05-31,Vagner Mancini,Goiás EC,0,2025-03-26,2025-10-12,0
2025,Goiás,11,2025-06-08,Vagner Mancini,Goiás EC,0,2025-03-26,2025-10-12,0
2025,Goiás,12,2025-06-14,Vagner Mancini,Goiás EC,0,2025-03-26,2025-10-12,0
2025,Goiás,13,2025-06-24,Vagner Mancini,Goiás EC,0,2025-03-26,2025-10-12,0
2025,Goiás,14,2025-06-30,Vagner Mancini,Goiás EC,0,2025-03-26,2025-10-12,0
2025,Goiás,15,2025-07-09,Vagner Mancini,Goiás EC,0,2025-03-26,2025-10-12,0
2025,Goiás,16,2025-07-13,Vagner Mancini,Goiás EC,0,2025-03-26,2025-10-12,0
2025,Goiás,17,2025-07-19,Vagner Mancini,Goiás EC,0,2025-03-26,2025-10-12,0
2025,Goiás,18,2025-07-24,Vagner Mancini,Goiás EC,0,2025-03-26,2025-10-12,0
2025,Goiás,19,2025-07-30,Vagner Mancini,Goiás EC,0,2025-03-26,2025-10-12,0
2025,Goiás,20,2025-08-03,Vagner Mancini,Goiás EC,0,2025-03-26,2025-10-12,0
2025,Goiás,21,2025-08-09,Vagner Mancini,Goiás EC,0,2025-03-26,2025-10-12,0
2025,Goiás,22,2025-08-16,Vagner Mancini,Goiás EC,0,2025-03-26,2025-10-12,0
2025,Goiás,23,2025-08-23,Vagner Mancini,Goiás EC,0,2025-03-26,2025-10-12,0
2025,Goiás,24,2025-08-30,Vagner Mancini,Goiás EC,0,2025-03-26,2025-10-12,0
2025,Goiás,25,2025-09-08,Vagner Mancini,Goiás EC,0,2025-03-26,2025-10-12,0
2025,Goiás,26,2025-09-13,Vagner Mancini,Goiás EC,0,2025-03-26,2025-10-12,0
2025,Goiás,27,2025-09-20,Vagner Mancini,Goiás EC,0,2025-03-26,2025-10-12,0
2025,Goiás,28,2025-09-24,Vagner Mancini,Goiás EC,0,2025-03-26,2025-10-12,0
2025,Goiás,29,2025-10-01,Vagner Mancini,Goiás EC,0,2025-03-26,2025-10-12,0
2025,Goiás,30,2025-10-04,Vagner Mancini,Goiás EC,0,2025-03-26,2025-10-12,0
2025,Goiás,31,2025-10-08,Vagner Mancini,Goiás EC,0,2025-03-26,2025-10-12,0
2025,Goiás,32,2025-10-11,Vagner Mancini,Goiás EC,0,2025-03-26,2025-10-12,0
2025,Goiás,33,2025-10-20,Fábio Carille,Goiás EC,0,2025-10-15,2025-12-08,0
2025,Goiás,34,2025-10-26,Fábio Carille,Goiás EC,0,2025-10-15,2025-12-08,0
2025,Goiás,35,2025-11-01,Fábio Carille,Goiás EC,0,2025-10-15,2025-12-08,0
2025,Goiás,36,2025-11-08,Fábio Carille,Goiás EC,0,2025-10-15,2025-12-08,0
2025,Goiás,37,2025-11-16,Fábio Carille,Goiás EC,0,2025-10-15,2025-12-08,0
2025,Goiás,38,2025-11-23,Fábio Carille,Goiás EC,0,2025-10-15,2025-12-08,0
2026,Goiás,1,2026-03-22,Daniel Paulista,Goiás EC,0,2025-12-09,2026-06-24,0
2026,Goiás,2,2026-04-02,Daniel Paulista,Goiás EC,0,2025-12-09,2026-06-24,0
2026,Goiás,3,2026-04-07,Daniel Paulista,Goiás EC,0,2025-12-09,2026-06-24,0
2026,Goiás,4,2026-04-11,Daniel Paulista,Goiás EC,0,2025-12-09,2026-06-24,0
2026,Goiás,5,2026-04-19,Daniel Paulista,Goiás EC,0,2025-12-09,2026-06-24,0
2026,Goiás,6,2026-04-26,Daniel Paulista,Goiás EC,0,2025-12-09,2026-06-24,0
2026,Goiás,7,2026-05-03,Daniel Paulista,Goiás EC,0,2025-12-09,2026-06-24,0
2026,Goiás,8,2026-05-09,Daniel Paulista,Goiás EC,0,2025-12-09,2026-06-24,0
2026,Goiás,9,2026-05-16,Daniel Paulista,Goiás EC,0,2025-12-09,2026-06-24,0
2026,Goiás,10,2026-05-25,Daniel Paulista,Goiás EC,0,2025-12-09,2026-06-24,0
2026,Goiás,11,2026-05-30,Daniel Paulista,Goiás EC,0,2025-12-09,2026-06-24,0
2026,Goiás,12,2026-06-11,Daniel Paulista,Goiás EC,0,2025-12-09,2026-06-24,0
2026,Goiás,13,2026-06-14,Daniel Paulista,Goiás EC,0,2025-12-09,2026-06-24,0
2026,Goiás,14,2026-06-21,Daniel Paulista,Goiás EC,0,2025-12-09,2026-06-24,0
2026,Goiás,15,2026-06-28,Mozart,Goiás EC,0,2026-06-25,,0
2026,Goiás,16,2026-07-05,Mozart,Goiás EC,0,2026-06-25,,0
2026,Goiás,17,2026-07-13,Mozart,Goiás EC,0,2026-06-25,,0
2026,Goiás,18,2026-07-18,Mozart,Goiás EC,0,2026-06-25,,0
2026,Goiás,19,2026-07-23,Mozart,Goiás EC,0,2026-06-25,,0
2026,Goiás,20,2026-07-26,Mozart,Goiás EC,0,2026-06-25,,0
2026,Goiás,21,2026-08-11,Mozart,Goiás EC,0,2026-06-25,,0
2026,Goiás,22,2026-08-15,Mozart,Goiás EC,0,2026-06-25,,0
2026,Goiás,23,2026-08-19,Mozart,Goiás EC,0,2026-06-25,,0
2026,Goiás,24,2026-08-22,Mozart,Goiás EC,0,2026-06-25,,0
2026,Goiás,25,2026-08-29,Mozart,Goiás EC,0,2026-06-25,,0
2026,Goiás,26,2026-09-05,Mozart,Goiás EC,0,2026-06-25,,0
2026,Goiás,27,2026-09-11,Mozart,Goiás EC,0,2026-06-25,,0
2022,Grêmio,1,2022-04-09,Roger Machado,Grêmio FBPA,0,2022-02-14,2022-09-01,0
2022,Grêmio,2,2022-04-16,Roger Machado,Grêmio FBPA,0,2022-02-14,2022-09-01,0
2022,Grêmio,3,2022-04-21,Roger Machado,Grêmio FBPA,0,2022-02-14,2022-09-01,0
2022,Grêmio,4,2022-04-28,Roger Machado,Grêmio FBPA,0,2022-02-14,2022-09-01,0
2022,Grêmio,5,2022-04-30,Roger Machado,Grêmio FBPA,0,2022-02-14,2022-09-01,0
2022,Grêmio,6,2022-05-08,Roger Machado,Grêmio FBPA,0,2022-02-14,2022-09-01,0
2022,Grêmio,7,2022-05-17,Roger Machado,Grêmio FBPA,0,2022-02-14,2022-09-01,0
2022,Grêmio,8,2022-05-20,Roger Machado,Grêmio FBPA,0,2022-02-14,2022-09-01,0
2022,Grêmio,9,2022-05-29,Roger Machado,Grêmio FBPA,0,2022-02-14,2022-09-01,0
2022,Grêmio,10,2022-06-03,Roger Machado,Grêmio FBPA,0,2022-02-14,2022-09-01,0
2022,Grêmio,11,2022-06-08,Roger Machado,Grêmio FBPA,0,2022-02-14,2022-09-01,0
2022,Grêmio,12,2022-06-14,Roger Machado,Grêmio FBPA,0,2022-02-14,2022-09-01,0
2022,Grêmio,13,2022-06-18,Roger Machado,Grêmio FBPA,0,2022-02-14,2022-09-01,0
2022,Grêmio,14,2022-06-24,Roger Machado,Grêmio FBPA,0,2022-02-14,2022-09-01,0
2022,Grêmio,15,2022-06-29,Roger Machado,Grêmio FBPA,0,2022-02-14,2022-09-01,0
2022,Grêmio,16,2022-07-03,Roger Machado,Grêmio FBPA,0,2022-02-14,2022-09-01,0
2022,Grêmio,17,2022-07-09,Roger Machado,Grêmio FBPA,0,2022-02-14,2022-09-01,0
2022,Grêmio,18,2022-07-16,Roger Machado,Grêmio FBPA,0,2022-02-14,2022-09-01,0
2022,Grêmio,19,2022-07-20,Roger Machado,Grêmio FBPA,0,2022-02-14,2022-09-01,0
2022,Grêmio,20,2022-07-23,Roger Machado,Grêmio FBPA,0,2022-02-14,2022-09-01,0
2022,Grêmio,21,2022-07-26,Roger Machado,Grêmio FBPA,0,2022-02-14,2022-09-01,0
2022,Grêmio,22,2022-08-06,Roger Machado,Grêmio FBPA,0,2022-02-14,2022-09-01,0
2022,Grêmio,23,2022-08-10,Roger Machado,Grêmio FBPA,0,2022-02-14,2022-09-01,0
2022,Grêmio,24,2022-08-14,Roger Machado,Grêmio FBPA,0,2022-02-14,2022-09-01,0
2022,Grêmio,25,2022-08-21,Roger Machado,Grêmio FBPA,0,2022-02-14,2022-09-01,0
2022,Grêmio,26,2022-08-27,Roger Machado,Grêmio FBPA,0,2022-02-14,2022-09-01,0
2022,Grêmio,27,2022-08-31,Roger Machado,Grêmio FBPA,0,2022-02-14,2022-09-01,0
2022,Grêmio,28,2022-09-03,César Lopes,Grêmio FBPA,1,2022-09-02,2022-09-07,0
2022,Grêmio,29,2022-09-11,Renato Gaúcho,Grêmio FBPA,0,2022-09-08,2024-12-10,0
2022,Grêmio,30,2022-09-17,Renato Gaúcho,Grêmio FBPA,0,2022-09-08,2024-12-10,0
2022,Grêmio,31,2022-09-21,Renato Gaúcho,Grêmio FBPA,0,2022-09-08,2024-12-10,0
2022,Grêmio,32,2022-10-01,Renato Gaúcho,Grêmio FBPA,0,2022-09-08,2024-12-10,0
2022,Grêmio,33,2022-10-05,Renato Gaúcho,Grêmio FBPA,0,2022-09-08,2024-12-10,0
2022,Grêmio,34,2022-10-08,Renato Gaúcho,Grêmio FBPA,0,2022-09-08,2024-12-10,0
2022,Grêmio,35,2022-10-16,Renato Gaúcho,Grêmio FBPA,0,2022-09-08,2024-12-10,0
2022,Grêmio,36,2022-10-23,Renato Gaúcho,Grêmio FBPA,0,2022-09-08,2024-12-10,0
2022,Grêmio,37,2022-10-29,Renato Gaúcho,Grêmio FBPA,0,2022-09-08,2024-12-10,0
2022,Grêmio,38,2022-11-04,Renato Gaúcho,Grêmio FBPA,0,2022-09-08,2024-12-10,0
2018,Guarani,1,2018-04-14,Umberto Louzer,Guarani FC,0,2018-01-03,2018-11-13,0
2018,Guarani,2,2018-04-21,Umberto Louzer,Guarani FC,0,2018-01-03,2018-11-13,0
2018,Guarani,3,2018-04-25,Umberto Louzer,Guarani FC,0,2018-01-03,2018-11-13,0
2018,Guarani,4,2018-05-06,Umberto Louzer,Guarani FC,0,2018-01-03,2018-11-13,0
2018,Guarani,5,2018-05-09,Umberto Louzer,Guarani FC,0,2018-01-03,2018-11-13,0
2018,Guarani,6,2018-05-19,Umberto Louzer,Guarani FC,0,2018-01-03,2018-11-13,0
2018,Guarani,7,2018-05-27,Umberto Louzer,Guarani FC,0,2018-01-03,2018-11-13,0
2018,Guarani,8,2018-06-02,Umberto Louzer,Guarani FC,0,2018-01-03,2018-11-13,0
2018,Guarani,9,2018-06-06,Umberto Louzer,Guarani FC,0,2018-01-03,2018-11-13,0
2018,Guarani,10,2018-06-09,Umberto Louzer,Guarani FC,0,2018-01-03,2018-11-13,0
2018,Guarani,11,2018-06-15,Umberto Louzer,Guarani FC,0,2018-01-03,2018-11-13,0
2018,Guarani,12,2018-06-20,Umberto Louzer,Guarani FC,0,2018-01-03,2018-11-13,0
2018,Guarani,13,2018-06-30,Umberto Louzer,Guarani FC,0,2018-01-03,2018-11-13,0
2018,Guarani,14,2018-07-05,Umberto Louzer,Guarani FC,0,2018-01-03,2018-11-13,0
2018,Guarani,15,2018-07-09,Umberto Louzer,Guarani FC,0,2018-01-03,2018-11-13,0
2018,Guarani,16,2018-07-18,Umberto Louzer,Guarani FC,0,2018-01-03,2018-11-13,0
2018,Guarani,17,2018-07-25,Umberto Louzer,Guarani FC,0,2018-01-03,2018-11-13,0
2018,Guarani,18,2018-07-28,Umberto Louzer,Guarani FC,0,2018-01-03,2018-11-13,0
2018,Guarani,19,2018-08-04,Umberto Louzer,Guarani FC,0,2018-01-03,2018-11-13,0
2018,Guarani,20,2018-08-11,Umberto Louzer,Guarani FC,0,2018-01-03,2018-11-13,0
2018,Guarani,21,2018-08-19,Umberto Louzer,Guarani FC,0,2018-01-03,2018-11-13,0
2018,Guarani,22,2018-08-22,Umberto Louzer,Guarani FC,0,2018-01-03,2018-11-13,0
2018,Guarani,23,2018-08-25,Umberto Louzer,Guarani FC,0,2018-01-03,2018-11-13,0
2018,Guarani,24,2018-08-29,Umberto Louzer,Guarani FC,0,2018-01-03,2018-11-13,0
2018,Guarani,25,2018-09-05,Umberto Louzer,Guarani FC,0,2018-01-03,2018-11-13,0
2018,Guarani,26,2018-09-07,Umberto Louzer,Guarani FC,0,2018-01-03,2018-11-13,0
2018,Guarani,27,2018-09-14,Umberto Louzer,Guarani FC,0,2018-01-03,2018-11-13,0
2018,Guarani,28,2018-09-23,Umberto Louzer,Guarani FC,0,2018-01-03,2018-11-13,0
2018,Guarani,29,2018-09-29,Umberto Louzer,Guarani FC,0,2018-01-03,2018-11-13,0
2018,Guarani,30,2018-10-06,Umberto Louzer,Guarani FC,0,2018-01-03,2018-11-13,0
2018,Guarani,31,2018-10-13,Umberto Louzer,Guarani FC,0,2018-01-03,2018-11-13,0
2018,Guarani,32,2018-10-20,Umberto Louzer,Guarani FC,0,2018-01-03,2018-11-13,0
2018,Guarani,33,2018-10-27,Umberto Louzer,Guarani FC,0,2018-01-03,2018-11-13,0
2018,Guarani,34,2018-11-03,Umberto Louzer,Guarani FC,0,2018-01-03,2018-11-13,0
2018,Guarani,35,2018-11-07,Umberto Louzer,Guarani FC,0,2018-01-03,2018-11-13,0
2018,Guarani,36,2018-11-11,Umberto Louzer,Guarani FC,0,2018-01-03,2018-11-13,0
2018,Guarani,37,2018-11-17,Marco Antônio,Guarani FC,1,2018-11-14,2018-11-17,0
2019,Guarani,1,2019-04-27,Vinícius Eutrópio,Guarani FC,0,2019-03-22,2019-06-12,0
2019,Guarani,2,2019-05-01,Vinícius Eutrópio,Guarani FC,0,2019-03-22,2019-06-12,0
2019,Guarani,3,2019-05-14,Vinícius Eutrópio,Guarani FC,0,2019-03-22,2019-06-12,0
2019,Guarani,4,2019-05-18,Vinícius Eutrópio,Guarani FC,0,2019-03-22,2019-06-12,0
2019,Guarani,5,2019-05-22,Vinícius Eutrópio,Guarani FC,0,2019-03-22,2019-06-12,0
2019,Guarani,6,2019-05-29,Vinícius Eutrópio,Guarani FC,0,2019-03-22,2019-06-12,0
2019,Guarani,7,2019-06-07,Vinícius Eutrópio,Guarani FC,0,2019-03-22,2019-06-12,0
2019,Guarani,8,2019-06-12,Vinícius Eutrópio,Guarani FC,0,2019-03-22,2019-06-12,0
2019,Guarani,9,2019-07-13,Roberto Fonseca,Guarani FC,0,2019-06-14,2019-08-21,0
2019,Guarani,10,2019-07-21,Roberto Fonseca,Guarani FC,0,2019-06-14,2019-08-21,0
2019,Guarani,11,2019-07-24,Roberto Fonseca,Guarani FC,0,2019-06-14,2019-08-21,0
2019,Guarani,12,2019-07-27,Roberto Fonseca,Guarani FC,0,2019-06-14,2019-08-21,0
2019,Guarani,13,2019-07-30,Roberto Fonseca,Guarani FC,0,2019-06-14,2019-08-21,0
2019,Guarani,14,2019-08-03,Roberto Fonseca,Guarani FC,0,2019-06-14,2019-08-21,0
2019,Guarani,15,2019-08-11,Roberto Fonseca,Guarani FC,0,2019-06-14,2019-08-21,0
2019,Guarani,16,2019-08-17,Roberto Fonseca,Guarani FC,0,2019-06-14,2019-08-21,0
2019,Guarani,17,2019-08-21,Roberto Fonseca,Guarani FC,0,2019-06-14,2019-08-21,0
2019,Guarani,18,2019-08-25,Thiago Carpini,Guarani FC,0,2019-08-22,2020-09-02,0
2019,Guarani,19,2019-08-29,Thiago Carpini,Guarani FC,0,2019-08-22,2020-09-02,0
2019,Guarani,20,2019-08-31,Thiago Carpini,Guarani FC,0,2019-08-22,2020-09-02,0
2019,Guarani,21,2019-09-07,Thiago Carpini,Guarani FC,0,2019-08-22,2020-09-02,0
2019,Guarani,22,2019-09-14,Thiago Carpini,Guarani FC,0,2019-08-22,2020-09-02,0
2019,Guarani,23,2019-09-21,Thiago Carpini,Guarani FC,0,2019-08-22,2020-09-02,0
2019,Guarani,24,2019-09-25,Thiago Carpini,Guarani FC,0,2019-08-22,2020-09-02,0
2019,Guarani,25,2019-09-28,Thiago Carpini,Guarani FC,0,2019-08-22,2020-09-02,0
2019,Guarani,26,2019-10-01,Thiago Carpini,Guarani FC,0,2019-08-22,2020-09-02,0
2019,Guarani,27,2019-10-09,Thiago Carpini,Guarani FC,0,2019-08-22,2020-09-02,0
2019,Guarani,28,2019-10-12,Thiago Carpini,Guarani FC,0,2019-08-22,2020-09-02,0
2019,Guarani,29,2019-10-15,Thiago Carpini,Guarani FC,0,2019-08-22,2020-09-02,0
2019,Guarani,30,2019-10-18,Thiago Carpini,Guarani FC,0,2019-08-22,2020-09-02,0
2019,Guarani,31,2019-10-26,Thiago Carpini,Guarani FC,0,2019-08-22,2020-09-02,0
2019,Guarani,32,2019-10-31,Thiago Carpini,Guarani FC,0,2019-08-22,2020-09-02,0
2019,Guarani,33,2019-11-06,Thiago Carpini,Guarani FC,0,2019-08-22,2020-09-02,0
2019,Guarani,34,2019-11-09,Thiago Carpini,Guarani FC,0,2019-08-22,2020-09-02,0
2019,Guarani,35,2019-11-13,Thiago Carpini,Guarani FC,0,2019-08-22,2020-09-02,0
2019,Guarani,36,2019-11-16,Thiago Carpini,Guarani FC,0,2019-08-22,2020-09-02,0
2019,Guarani,37,2019-11-23,Thiago Carpini,Guarani FC,0,2019-08-22,2020-09-02,0
2019,Guarani,38,2019-11-30,Thiago Carpini,Guarani FC,0,2019-08-22,2020-09-02,0
2020,Guarani,1,2020-08-09,Thiago Carpini,Guarani FC,0,2019-08-22,2020-09-02,0
2020,Guarani,2,2020-08-12,Thiago Carpini,Guarani FC,0,2019-08-22,2020-09-02,0
2020,Guarani,3,2020-08-15,Thiago Carpini,Guarani FC,0,2019-08-22,2020-09-02,0
2020,Guarani,4,2020-08-19,Thiago Carpini,Guarani FC,0,2019-08-22,2020-09-02,0
2020,Guarani,5,2020-08-25,Thiago Carpini,Guarani FC,0,2019-08-22,2020-09-02,0
2020,Guarani,6,2020-08-29,Thiago Carpini,Guarani FC,0,2019-08-22,2020-09-02,0
2020,Guarani,7,2020-09-01,Thiago Carpini,Guarani FC,0,2019-08-22,2020-09-02,0
2020,Guarani,8,2020-09-06,Ricardo Catalá,Guarani FC,0,2020-09-02,2020-10-07,0
2020,Guarani,9,2020-09-12,Ricardo Catalá,Guarani FC,0,2020-09-02,2020-10-07,0
2020,Guarani,10,2020-09-19,Ricardo Catalá,Guarani FC,0,2020-09-02,2020-10-07,0
2020,Guarani,11,2020-09-26,Ricardo Catalá,Guarani FC,0,2020-09-02,2020-10-07,0
2020,Guarani,12,2020-09-30,Ricardo Catalá,Guarani FC,0,2020-09-02,2020-10-07,0
2020,Guarani,13,2020-10-03,Ricardo Catalá,Guarani FC,0,2020-09-02,2020-10-07,0
2020,Guarani,14,2020-10-07,Ricardo Catalá,Guarani FC,0,2020-09-02,2020-10-07,0
2020,Guarani,16,2020-10-14,Felipe Conceição,Guarani FC,0,2020-10-13,2021-01-30,0
2020,Guarani,17,2020-10-23,Felipe Conceição,Guarani FC,0,2020-10-13,2021-01-30,0
2020,Guarani,18,2020-10-25,Felipe Conceição,Guarani FC,0,2020-10-13,2021-01-30,0
2020,Guarani,19,2020-11-01,Felipe Conceição,Guarani FC,0,2020-10-13,2021-01-30,0
2020,Guarani,20,2020-11-06,Felipe Conceição,Guarani FC,0,2020-10-13,2021-01-30,0
2020,Guarani,21,2020-11-10,Felipe Conceição,Guarani FC,0,2020-10-13,2021-01-30,0
2020,Guarani,22,2020-11-20,Felipe Conceição,Guarani FC,0,2020-10-13,2021-01-30,0
2020,Guarani,23,2020-11-24,Felipe Conceição,Guarani FC,0,2020-10-13,2021-01-30,0
2020,Guarani,24,2020-11-29,Felipe Conceição,Guarani FC,0,2020-10-13,2021-01-30,0
2020,Guarani,25,2020-12-01,Felipe Conceição,Guarani FC,0,2020-10-13,2021-01-30,0
2020,Guarani,26,2020-12-04,Felipe Conceição,Guarani FC,0,2020-10-13,2021-01-30,0
2020,Guarani,27,2020-12-08,Felipe Conceição,Guarani FC,0,2020-10-13,2021-01-30,0
2020,Guarani,28,2020-12-14,Felipe Conceição,Guarani FC,0,2020-10-13,2021-01-30,0
2020,Guarani,29,2020-12-16,Felipe Conceição,Guarani FC,0,2020-10-13,2021-01-30,0
2020,Guarani,30,2020-12-20,Felipe Conceição,Guarani FC,0,2020-10-13,2021-01-30,0
2020,Guarani,31,2020-12-23,Felipe Conceição,Guarani FC,0,2020-10-13,2021-01-30,0
2021,Guarani,1,2021-01-03,Felipe Conceição,Guarani FC,0,2020-10-13,2021-01-30,0
2021,Guarani,2,2021-01-05,Felipe Conceição,Guarani FC,0,2020-10-13,2021-01-30,0
2021,Guarani,3,2021-01-12,Felipe Conceição,Guarani FC,0,2020-10-13,2021-01-30,0
2021,Guarani,4,2021-01-15,Felipe Conceição,Guarani FC,0,2020-10-13,2021-01-30,0
2021,Guarani,5,2021-01-20,Felipe Conceição,Guarani FC,0,2020-10-13,2021-01-30,0
2021,Guarani,6,2021-01-23,Felipe Conceição,Guarani FC,0,2020-10-13,2021-01-30,0
2021,Guarani,7,2021-01-30,Felipe Conceição,Guarani FC,0,2020-10-13,2021-01-30,0
2021,Guarani,8,2021-05-29,Daniel Paulista,Guarani FC,0,2021-05-26,2022-05-04,0
2021,Guarani,9,2021-06-02,Daniel Paulista,Guarani FC,0,2021-05-26,2022-05-04,0
2021,Guarani,10,2021-06-12,Daniel Paulista,Guarani FC,0,2021-05-26,2022-05-04,0
2021,Guarani,11,2021-06-16,Daniel Paulista,Guarani FC,0,2021-05-26,2022-05-04,0
2021,Guarani,12,2021-06-19,Daniel Paulista,Guarani FC,0,2021-05-26,2022-05-04,0
2021,Guarani,13,2021-06-23,Daniel Paulista,Guarani FC,0,2021-05-26,2022-05-04,0
2021,Guarani,14,2021-06-26,Daniel Paulista,Guarani FC,0,2021-05-26,2022-05-04,0
2021,Guarani,15,2021-07-01,Daniel Paulista,Guarani FC,0,2021-05-26,2022-05-04,0
2021,Guarani,16,2021-07-04,Daniel Paulista,Guarani FC,0,2021-05-26,2022-05-04,0
2021,Guarani,17,2021-07-10,Daniel Paulista,Guarani FC,0,2021-05-26,2022-05-04,0
2021,Guarani,18,2021-07-14,Daniel Paulista,Guarani FC,0,2021-05-26,2022-05-04,0
2021,Guarani,19,2021-07-17,Daniel Paulista,Guarani FC,0,2021-05-26,2022-05-04,0
2021,Guarani,20,2021-07-21,Daniel Paulista,Guarani FC,0,2021-05-26,2022-05-04,0
2021,Guarani,21,2021-07-25,Daniel Paulista,Guarani FC,0,2021-05-26,2022-05-04,0
2021,Guarani,22,2021-07-31,Daniel Paulista,Guarani FC,0,2021-05-26,2022-05-04,0
2021,Guarani,23,2021-08-07,Daniel Paulista,Guarani FC,0,2021-05-26,2022-05-04,0
2021,Guarani,24,2021-08-11,Daniel Paulista,Guarani FC,0,2021-05-26,2022-05-04,0
2021,Guarani,25,2021-08-14,Daniel Paulista,Guarani FC,0,2021-05-26,2022-05-04,0
2021,Guarani,26,2021-08-19,Daniel Paulista,Guarani FC,0,2021-05-26,2022-05-04,0
2021,Guarani,27,2021-08-21,Daniel Paulista,Guarani FC,0,2021-05-26,2022-05-04,0
2021,Guarani,28,2021-08-25,Daniel Paulista,Guarani FC,0,2021-05-26,2022-05-04,0
2021,Guarani,29,2021-09-04,Daniel Paulista,Guarani FC,0,2021-05-26,2022-05-04,0
2021,Guarani,30,2021-09-07,Daniel Paulista,Guarani FC,0,2021-05-26,2022-05-04,0
2021,Guarani,31,2021-09-18,Daniel Paulista,Guarani FC,0,2021-05-26,2022-05-04,0
2021,Guarani,32,2021-09-21,Daniel Paulista,Guarani FC,0,2021-05-26,2022-05-04,0
2021,Guarani,33,2021-09-26,Daniel Paulista,Guarani FC,0,2021-05-26,2022-05-04,0
2021,Guarani,34,2021-09-30,Daniel Paulista,Guarani FC,0,2021-05-26,2022-05-04,0
2021,Guarani,35,2021-10-02,Daniel Paulista,Guarani FC,0,2021-05-26,2022-05-04,0
2021,Guarani,36,2021-10-09,Daniel Paulista,Guarani FC,0,2021-05-26,2022-05-04,0
2021,Guarani,37,2021-10-16,Daniel Paulista,Guarani FC,0,2021-05-26,2022-05-04,0
2021,Guarani,38,2021-10-23,Daniel Paulista,Guarani FC,0,2021-05-26,2022-05-04,0
2021,Guarani,39,2021-10-29,Daniel Paulista,Guarani FC,0,2021-05-26,2022-05-04,0
2021,Guarani,40,2021-11-04,Daniel Paulista,Guarani FC,0,2021-05-26,2022-05-04,0
2021,Guarani,41,2021-11-07,Daniel Paulista,Guarani FC,0,2021-05-26,2022-05-04,0
2021,Guarani,42,2021-11-10,Daniel Paulista,Guarani FC,0,2021-05-26,2022-05-04,0
2021,Guarani,43,2021-11-13,Daniel Paulista,Guarani FC,0,2021-05-26,2022-05-04,0
2021,Guarani,44,2021-11-23,Daniel Paulista,Guarani FC,0,2021-05-26,2022-05-04,0
2021,Guarani,45,2021-11-28,Daniel Paulista,Guarani FC,0,2021-05-26,2022-05-04,0
2022,Guarani,1,2022-04-09,Daniel Paulista,Guarani FC,0,2021-05-26,2022-05-04,0
2022,Guarani,2,2022-04-16,Daniel Paulista,Guarani FC,0,2021-05-26,2022-05-04,0
2022,Guarani,3,2022-04-21,Daniel Paulista,Guarani FC,0,2021-05-26,2022-05-04,0
2022,Guarani,4,2022-04-28,Daniel Paulista,Guarani FC,0,2021-05-26,2022-05-04,0
2022,Guarani,5,2022-05-04,Ben-Hur,Guarani FC,1,2022-05-04,2022-05-24,0
2022,Guarani,6,2022-05-08,Ben-Hur,Guarani FC,1,2022-05-04,2022-05-24,0
2022,Guarani,7,2022-05-14,Ben-Hur,Guarani FC,1,2022-05-04,2022-05-24,0
2022,Guarani,8,2022-05-20,Ben-Hur,Guarani FC,1,2022-05-04,2022-05-24,0
2022,Guarani,9,2022-05-29,Marcelo Chamusca,Guarani FC,0,2022-05-25,2022-06-26,0
2022,Guarani,10,2022-06-03,Marcelo Chamusca,Guarani FC,0,2022-05-25,2022-06-26,0
2022,Guarani,11,2022-06-07,Marcelo Chamusca,Guarani FC,0,2022-05-25,2022-06-26,0
2022,Guarani,12,2022-06-12,Marcelo Chamusca,Guarani FC,0,2022-05-25,2022-06-26,0
2022,Guarani,13,2022-06-19,Marcelo Chamusca,Guarani FC,0,2022-05-25,2022-06-26,0
2022,Guarani,14,2022-06-25,Marcelo Chamusca,Guarani FC,0,2022-05-25,2022-06-26,0
2022,Guarani,15,2022-06-29,Ben-Hur,Guarani FC,1,2022-06-27,2022-06-30,0
2022,Guarani,16,2022-07-03,Mozart,Guarani FC,0,2022-07-01,2023-02-20,0
2022,Guarani,17,2022-07-09,Mozart,Guarani FC,0,2022-07-01,2023-02-20,0
2022,Guarani,18,2022-07-16,Mozart,Guarani FC,0,2022-07-01,2023-02-20,0
2022,Guarani,19,2022-07-21,Mozart,Guarani FC,0,2022-07-01,2023-02-20,0
2022,Guarani,20,2022-07-24,Mozart,Guarani FC,0,2022-07-01,2023-02-20,0
2022,Guarani,21,2022-07-29,Mozart,Guarani FC,0,2022-07-01,2023-02-20,0
2022,Guarani,22,2022-08-06,Mozart,Guarani FC,0,2022-07-01,2023-02-20,0
2022,Guarani,23,2022-08-11,Mozart,Guarani FC,0,2022-07-01,2023-02-20,0
2022,Guarani,24,2022-08-13,Mozart,Guarani FC,0,2022-07-01,2023-02-20,0
2022,Guarani,25,2022-08-20,Mozart,Guarani FC,0,2022-07-01,2023-02-20,0
2022,Guarani,26,2022-08-27,Mozart,Guarani FC,0,2022-07-01,2023-02-20,0
2022,Guarani,27,2022-09-01,Mozart,Guarani FC,0,2022-07-01,2023-02-20,0
2022,Guarani,28,2022-09-03,Mozart,Guarani FC,0,2022-07-01,2023-02-20,0
2022,Guarani,29,2022-09-07,Mozart,Guarani FC,0,2022-07-01,2023-02-20,0
2022,Guarani,30,2022-09-14,Mozart,Guarani FC,0,2022-07-01,2023-02-20,0
2022,Guarani,31,2022-09-21,Mozart,Guarani FC,0,2022-07-01,2023-02-20,0
2022,Guarani,32,2022-10-01,Mozart,Guarani FC,0,2022-07-01,2023-02-20,0
2022,Guarani,33,2022-10-04,Mozart,Guarani FC,0,2022-07-01,2023-02-20,0
2022,Guarani,34,2022-10-08,Mozart,Guarani FC,0,2022-07-01,2023-02-20,0
2022,Guarani,35,2022-10-12,Mozart,Guarani FC,0,2022-07-01,2023-02-20,0
2022,Guarani,36,2022-10-19,Mozart,Guarani FC,0,2022-07-01,2023-02-20,0
2022,Guarani,37,2022-10-29,Mozart,Guarani FC,0,2022-07-01,2023-02-20,0
2022,Guarani,38,2022-11-06,Mozart,Guarani FC,0,2022-07-01,2023-02-20,0
2023,Guarani,1,2023-04-15,Bruno Pivetti,Guarani FC,0,2023-03-30,2023-06-08,0
2023,Guarani,2,2023-04-22,Bruno Pivetti,Guarani FC,0,2023-03-30,2023-06-08,0
2023,Guarani,3,2023-04-29,Bruno Pivetti,Guarani FC,0,2023-03-30,2023-06-08,0
2023,Guarani,4,2023-05-04,Bruno Pivetti,Guarani FC,0,2023-03-30,2023-06-08,0
2023,Guarani,5,2023-05-08,Bruno Pivetti,Guarani FC,0,2023-03-30,2023-06-08,0
2023,Guarani,6,2023-05-13,Bruno Pivetti,Guarani FC,0,2023-03-30,2023-06-08,0
2023,Guarani,7,2023-05-21,Bruno Pivetti,Guarani FC,0,2023-03-30,2023-06-08,0
2023,Guarani,8,2023-05-25,Bruno Pivetti,Guarani FC,0,2023-03-30,2023-06-08,0
2023,Guarani,9,2023-05-28,Bruno Pivetti,Guarani FC,0,2023-03-30,2023-06-08,0
2023,Guarani,10,2023-06-04,Bruno Pivetti,Guarani FC,0,2023-03-30,2023-06-08,0
2023,Guarani,11,2023-06-08,Ben-Hur,Guarani FC,1,2023-06-08,2023-06-22,0
2023,Guarani,12,2023-06-10,Ben-Hur,Guarani FC,1,2023-06-08,2023-06-22,0
2023,Guarani,13,2023-06-25,Umberto Louzer,Guarani FC,0,2023-06-23,2024-02-09,0
2023,Guarani,14,2023-06-29,Umberto Louzer,Guarani FC,0,2023-06-23,2024-02-09,0
2023,Guarani,15,2023-07-04,Umberto Louzer,Guarani FC,0,2023-06-23,2024-02-09,0
2023,Guarani,16,2023-07-08,Umberto Louzer,Guarani FC,0,2023-06-23,2024-02-09,0
2023,Guarani,17,2023-07-14,Umberto Louzer,Guarani FC,0,2023-06-23,2024-02-09,0
2023,Guarani,18,2023-07-20,Umberto Louzer,Guarani FC,0,2023-06-23,2024-02-09,0
2023,Guarani,19,2023-07-23,Umberto Louzer,Guarani FC,0,2023-06-23,2024-02-09,0
2023,Guarani,20,2023-07-29,Umberto Louzer,Guarani FC,0,2023-06-23,2024-02-09,0
2023,Guarani,21,2023-08-03,Umberto Louzer,Guarani FC,0,2023-06-23,2024-02-09,0
2023,Guarani,22,2023-08-05,Umberto Louzer,Guarani FC,0,2023-06-23,2024-02-09,0
2023,Guarani,23,2023-08-13,Umberto Louzer,Guarani FC,0,2023-06-23,2024-02-09,0
2023,Guarani,24,2023-08-19,Umberto Louzer,Guarani FC,0,2023-06-23,2024-02-09,0
2023,Guarani,25,2023-08-26,Umberto Louzer,Guarani FC,0,2023-06-23,2024-02-09,0
2023,Guarani,26,2023-09-02,Umberto Louzer,Guarani FC,0,2023-06-23,2024-02-09,0
2023,Guarani,27,2023-09-06,Umberto Louzer,Guarani FC,0,2023-06-23,2024-02-09,0
2023,Guarani,28,2023-09-17,Umberto Louzer,Guarani FC,0,2023-06-23,2024-02-09,0
2023,Guarani,29,2023-09-23,Umberto Louzer,Guarani FC,0,2023-06-23,2024-02-09,0
2023,Guarani,30,2023-09-30,Umberto Louzer,Guarani FC,0,2023-06-23,2024-02-09,0
2023,Guarani,31,2023-10-07,Umberto Louzer,Guarani FC,0,2023-06-23,2024-02-09,0
2023,Guarani,32,2023-10-15,Umberto Louzer,Guarani FC,0,2023-06-23,2024-02-09,0
2023,Guarani,33,2023-10-21,Umberto Louzer,Guarani FC,0,2023-06-23,2024-02-09,0
2023,Guarani,34,2023-10-28,Umberto Louzer,Guarani FC,0,2023-06-23,2024-02-09,0
2023,Guarani,35,2023-11-04,Umberto Louzer,Guarani FC,0,2023-06-23,2024-02-09,0
2023,Guarani,36,2023-11-14,Umberto Louzer,Guarani FC,0,2023-06-23,2024-02-09,0
2023,Guarani,37,2023-11-19,Umberto Louzer,Guarani FC,0,2023-06-23,2024-02-09,0
2023,Guarani,38,2023-11-25,Umberto Louzer,Guarani FC,0,2023-06-23,2024-02-09,0
2024,Guarani,1,2024-04-23,Claudinei Oliveira,Guarani FC,0,2024-02-12,2024-04-28,0
2024,Guarani,2,2024-04-27,Claudinei Oliveira,Guarani FC,0,2024-02-12,2024-04-28,0
2024,Guarani,3,2024-05-07,Júnior Rocha,Guarani FC,0,2024-05-02,2024-06-10,0
2024,Guarani,4,2024-05-11,Júnior Rocha,Guarani FC,0,2024-05-02,2024-06-10,0
2024,Guarani,5,2024-05-15,Júnior Rocha,Guarani FC,0,2024-05-02,2024-06-10,0
2024,Guarani,6,2024-05-21,Júnior Rocha,Guarani FC,0,2024-05-02,2024-06-10,0
2024,Guarani,7,2024-05-26,Júnior Rocha,Guarani FC,0,2024-05-02,2024-06-10,0
2024,Guarani,8,2024-06-05,Júnior Rocha,Guarani FC,0,2024-05-02,2024-06-10,0
2024,Guarani,9,2024-06-08,Júnior Rocha,Guarani FC,0,2024-05-02,2024-06-10,0
2024,Guarani,10,2024-06-15,Marcelo Cordeiro,Guarani FC,1,2024-06-14,2024-06-20,0
2024,Guarani,11,2024-06-19,Marcelo Cordeiro,Guarani FC,1,2024-06-14,2024-06-20,0
2024,Guarani,12,2024-06-22,Pintado,Guarani FC,0,2024-06-21,2024-07-26,0
2024,Guarani,13,2024-06-30,Pintado,Guarani FC,0,2024-06-21,2024-07-26,0
2024,Guarani,14,2024-07-07,Pintado,Guarani FC,0,2024-06-21,2024-07-26,0
2024,Guarani,15,2024-07-13,Pintado,Guarani FC,0,2024-06-21,2024-07-26,0
2024,Guarani,16,2024-07-21,Pintado,Guarani FC,0,2024-06-21,2024-07-26,0
2024,Guarani,17,2024-07-25,Pintado,Guarani FC,0,2024-06-21,2024-07-26,0
2024,Guarani,18,2024-07-28,Marcelo Cordeiro,Guarani FC,0,2024-07-26,2024-07-29,0
2024,Guarani,19,2024-08-07,Allan Aal,Guarani FC,0,2024-07-29,2024-11-29,0
2024,Guarani,20,2024-08-13,Allan Aal,Guarani FC,0,2024-07-29,2024-11-29,0
2024,Guarani,21,2024-08-17,Allan Aal,Guarani FC,0,2024-07-29,2024-11-29,0
2024,Guarani,22,2024-08-22,Allan Aal,Guarani FC,0,2024-07-29,2024-11-29,0
2024,Guarani,23,2024-09-04,Allan Aal,Guarani FC,0,2024-07-29,2024-11-29,0
2024,Guarani,24,2024-09-08,Allan Aal,Guarani FC,0,2024-07-29,2024-11-29,0
2024,Guarani,25,2024-09-14,Allan Aal,Guarani FC,0,2024-07-29,2024-11-29,0
2024,Guarani,26,2024-09-18,Allan Aal,Guarani FC,0,2024-07-29,2024-11-29,0
2024,Guarani,27,2024-09-25,Allan Aal,Guarani FC,0,2024-07-29,2024-11-29,0
2024,Guarani,28,2024-10-01,Allan Aal,Guarani FC,0,2024-07-29,2024-11-29,0
2024,Guarani,29,2024-10-05,Allan Aal,Guarani FC,0,2024-07-29,2024-11-29,0
2024,Guarani,30,2024-10-10,Allan Aal,Guarani FC,0,2024-07-29,2024-11-29,0
2024,Guarani,31,2024-10-15,Allan Aal,Guarani FC,0,2024-07-29,2024-11-29,0
2024,Guarani,32,2024-10-20,Allan Aal,Guarani FC,0,2024-07-29,2024-11-29,0
2024,Guarani,33,2024-10-25,Allan Aal,Guarani FC,0,2024-07-29,2024-11-29,0
2024,Guarani,34,2024-10-30,Allan Aal,Guarani FC,0,2024-07-29,2024-11-29,0
2024,Guarani,35,2024-11-02,Allan Aal,Guarani FC,0,2024-07-29,2024-11-29,0
2024,Guarani,36,2024-11-13,Allan Aal,Guarani FC,0,2024-07-29,2024-11-29,0
2024,Guarani,37,2024-11-17,Allan Aal,Guarani FC,0,2024-07-29,2024-11-29,0
2024,Guarani,38,2024-11-24,Allan Aal,Guarani FC,0,2024-07-29,2024-11-29,0
2022,Ituano,1,2022-04-09,Mazola Júnior,Ituano FC,0,2021-06-08,2022-07-12,0
2022,Ituano,2,2022-04-16,Mazola Júnior,Ituano FC,0,2021-06-08,2022-07-12,0
2022,Ituano,3,2022-04-24,Mazola Júnior,Ituano FC,0,2021-06-08,2022-07-12,0
2022,Ituano,4,2022-04-27,Mazola Júnior,Ituano FC,0,2021-06-08,2022-07-12,0
2022,Ituano,5,2022-04-30,Mazola Júnior,Ituano FC,0,2021-06-08,2022-07-12,0
2022,Ituano,6,2022-05-08,Mazola Júnior,Ituano FC,0,2021-06-08,2022-07-12,0
2022,Ituano,7,2022-05-17,Mazola Júnior,Ituano FC,0,2021-06-08,2022-07-12,0
2022,Ituano,8,2022-05-21,Mazola Júnior,Ituano FC,0,2021-06-08,2022-07-12,0
2022,Ituano,9,2022-05-27,Mazola Júnior,Ituano FC,0,2021-06-08,2022-07-12,0
2022,Ituano,10,2022-06-05,Mazola Júnior,Ituano FC,0,2021-06-08,2022-07-12,0
2022,Ituano,11,2022-06-08,Mazola Júnior,Ituano FC,0,2021-06-08,2022-07-12,0
2022,Ituano,12,2022-06-11,Mazola Júnior,Ituano FC,0,2021-06-08,2022-07-12,0
2022,Ituano,13,2022-06-18,Mazola Júnior,Ituano FC,0,2021-06-08,2022-07-12,0
2022,Ituano,14,2022-06-29,Mazola Júnior,Ituano FC,0,2021-06-08,2022-07-12,0
2022,Ituano,15,2022-07-02,Mazola Júnior,Ituano FC,0,2021-06-08,2022-07-12,0
2022,Ituano,16,2022-07-06,Mazola Júnior,Ituano FC,0,2021-06-08,2022-07-12,0
2022,Ituano,17,2022-07-09,Mazola Júnior,Ituano FC,0,2021-06-08,2022-07-12,0
2022,Ituano,18,2022-07-16,Carlos Pimentel,Ituano FC,0,2022-07-15,2023-02-06,0
2022,Ituano,19,2022-07-20,Carlos Pimentel,Ituano FC,0,2022-07-15,2023-02-06,0
2022,Ituano,20,2022-07-24,Carlos Pimentel,Ituano FC,0,2022-07-15,2023-02-06,0
2022,Ituano,21,2022-07-31,Carlos Pimentel,Ituano FC,0,2022-07-15,2023-02-06,0
2022,Ituano,22,2022-08-06,Carlos Pimentel,Ituano FC,0,2022-07-15,2023-02-06,0
2022,Ituano,23,2022-08-10,Carlos Pimentel,Ituano FC,0,2022-07-15,2023-02-06,0
2022,Ituano,24,2022-08-13,Carlos Pimentel,Ituano FC,0,2022-07-15,2023-02-06,0
2022,Ituano,25,2022-08-20,Carlos Pimentel,Ituano FC,0,2022-07-15,2023-02-06,0
2022,Ituano,26,2022-08-27,Carlos Pimentel,Ituano FC,0,2022-07-15,2023-02-06,0
2022,Ituano,27,2022-08-31,Carlos Pimentel,Ituano FC,0,2022-07-15,2023-02-06,0
2022,Ituano,28,2022-09-03,Carlos Pimentel,Ituano FC,0,2022-07-15,2023-02-06,0
2022,Ituano,29,2022-09-10,Carlos Pimentel,Ituano FC,0,2022-07-15,2023-02-06,0
2022,Ituano,30,2022-09-14,Carlos Pimentel,Ituano FC,0,2022-07-15,2023-02-06,0
2022,Ituano,31,2022-09-24,Carlos Pimentel,Ituano FC,0,2022-07-15,2023-02-06,0
2022,Ituano,32,2022-10-01,Carlos Pimentel,Ituano FC,0,2022-07-15,2023-02-06,0
2022,Ituano,33,2022-10-06,Carlos Pimentel,Ituano FC,0,2022-07-15,2023-02-06,0
2022,Ituano,34,2022-10-08,Carlos Pimentel,Ituano FC,0,2022-07-15,2023-02-06,0
2022,Ituano,35,2022-10-16,Carlos Pimentel,Ituano FC,0,2022-07-15,2023-02-06,0
2022,Ituano,36,2022-10-22,Carlos Pimentel,Ituano FC,0,2022-07-15,2023-02-06,0
2022,Ituano,37,2022-10-29,Carlos Pimentel,Ituano FC,0,2022-07-15,2023-02-06,0
2022,Ituano,38,2022-11-06,Carlos Pimentel,Ituano FC,0,2022-07-15,2023-02-06,0
2023,Ituano,1,2023-04-15,Gilmar Dal Pozzo,Ituano FC,0,2023-02-10,2023-05-21,0
2023,Ituano,2,2023-04-22,Gilmar Dal Pozzo,Ituano FC,0,2023-02-10,2023-05-21,0
2023,Ituano,3,2023-04-29,Gilmar Dal Pozzo,Ituano FC,0,2023-02-10,2023-05-21,0
2023,Ituano,4,2023-05-04,Gilmar Dal Pozzo,Ituano FC,0,2023-02-10,2023-05-21,0
2023,Ituano,5,2023-05-06,Gilmar Dal Pozzo,Ituano FC,0,2023-02-10,2023-05-21,0
2023,Ituano,6,2023-05-15,Gilmar Dal Pozzo,Ituano FC,0,2023-02-10,2023-05-21,0
2023,Ituano,7,2023-05-20,Gilmar Dal Pozzo,Ituano FC,0,2023-02-10,2023-05-21,0
2023,Ituano,8,2023-05-25,Douglas Leite,Ituano FC,1,2023-05-22,2023-05-25,0
2023,Ituano,9,2023-05-27,Marcinho,Ituano FC,0,2023-05-26,2024-02-23,0
2023,Ituano,10,2023-06-03,Marcinho,Ituano FC,0,2023-05-26,2024-02-23,0
2023,Ituano,11,2023-06-07,Marcinho,Ituano FC,0,2023-05-26,2024-02-23,0
2023,Ituano,12,2023-06-10,Marcinho,Ituano FC,0,2023-05-26,2024-02-23,0
2023,Ituano,13,2023-06-22,Marcinho,Ituano FC,0,2023-05-26,2024-02-23,0
2023,Ituano,14,2023-06-29,Marcinho,Ituano FC,0,2023-05-26,2024-02-23,0
2023,Ituano,15,2023-07-03,Marcinho,Ituano FC,0,2023-05-26,2024-02-23,0
2023,Ituano,16,2023-07-08,Marcinho,Ituano FC,0,2023-05-26,2024-02-23,0
2023,Ituano,17,2023-07-15,Marcinho,Ituano FC,0,2023-05-26,2024-02-23,0
2023,Ituano,18,2023-07-19,Marcinho,Ituano FC,0,2023-05-26,2024-02-23,0
2023,Ituano,19,2023-07-22,Marcinho,Ituano FC,0,2023-05-26,2024-02-23,0
2023,Ituano,20,2023-07-29,Marcinho,Ituano FC,0,2023-05-26,2024-02-23,0
2023,Ituano,21,2023-08-03,Marcinho,Ituano FC,0,2023-05-26,2024-02-23,0
2023,Ituano,22,2023-08-05,Marcinho,Ituano FC,0,2023-05-26,2024-02-23,0
2023,Ituano,23,2023-08-15,Marcinho,Ituano FC,0,2023-05-26,2024-02-23,0
2023,Ituano,24,2023-08-19,Marcinho,Ituano FC,0,2023-05-26,2024-02-23,0
2023,Ituano,25,2023-08-26,Marcinho,Ituano FC,0,2023-05-26,2024-02-23,0
2023,Ituano,26,2023-08-31,Marcinho,Ituano FC,0,2023-05-26,2024-02-23,0
2023,Ituano,27,2023-09-08,Marcinho,Ituano FC,0,2023-05-26,2024-02-23,0
2023,Ituano,28,2023-09-14,Marcinho,Ituano FC,0,2023-05-26,2024-02-23,0
2023,Ituano,29,2023-09-23,Marcinho,Ituano FC,0,2023-05-26,2024-02-23,0
2023,Ituano,30,2023-09-30,Marcinho,Ituano FC,0,2023-05-26,2024-02-23,0
2023,Ituano,31,2023-10-07,Marcinho,Ituano FC,0,2023-05-26,2024-02-23,0
2023,Ituano,32,2023-10-14,Marcinho,Ituano FC,0,2023-05-26,2024-02-23,0
2023,Ituano,33,2023-10-24,Marcinho,Ituano FC,0,2023-05-26,2024-02-23,0
2023,Ituano,34,2023-10-28,Marcinho,Ituano FC,0,2023-05-26,2024-02-23,0
2023,Ituano,35,2023-11-04,Marcinho,Ituano FC,0,2023-05-26,2024-02-23,0
2023,Ituano,36,2023-11-11,Marcinho,Ituano FC,0,2023-05-26,2024-02-23,0
2023,Ituano,37,2023-11-17,Marcinho,Ituano FC,0,2023-05-26,2024-02-23,0
2023,Ituano,38,2023-11-25,Marcinho,Ituano FC,0,2023-05-26,2024-02-23,0
2024,Ituano,1,2024-04-20,Alberto Valentim,Ituano FC,0,2024-02-29,2024-10-20,0
2024,Ituano,2,2024-04-27,Alberto Valentim,Ituano FC,0,2024-02-29,2024-10-20,0
2024,Ituano,3,2024-05-05,Alberto Valentim,Ituano FC,0,2024-02-29,2024-10-20,0
2024,Ituano,4,2024-05-11,Alberto Valentim,Ituano FC,0,2024-02-29,2024-10-20,0
2024,Ituano,5,2024-05-16,Alberto Valentim,Ituano FC,0,2024-02-29,2024-10-20,0
2024,Ituano,6,2024-05-19,Alberto Valentim,Ituano FC,0,2024-02-29,2024-10-20,0
2024,Ituano,7,2024-05-26,Alberto Valentim,Ituano FC,0,2024-02-29,2024-10-20,0
2024,Ituano,8,2024-06-02,Alberto Valentim,Ituano FC,0,2024-02-29,2024-10-20,0
2024,Ituano,9,2024-06-08,Alberto Valentim,Ituano FC,0,2024-02-29,2024-10-20,0
2024,Ituano,10,2024-06-15,Alberto Valentim,Ituano FC,0,2024-02-29,2024-10-20,0
2024,Ituano,11,2024-06-19,Alberto Valentim,Ituano FC,0,2024-02-29,2024-10-20,0
2024,Ituano,12,2024-06-23,Alberto Valentim,Ituano FC,0,2024-02-29,2024-10-20,0
2024,Ituano,13,2024-06-30,Alberto Valentim,Ituano FC,0,2024-02-29,2024-10-20,0
2024,Ituano,14,2024-07-07,Alberto Valentim,Ituano FC,0,2024-02-29,2024-10-20,0
2024,Ituano,15,2024-07-16,Alberto Valentim,Ituano FC,0,2024-02-29,2024-10-20,0
2024,Ituano,16,2024-07-20,Alberto Valentim,Ituano FC,0,2024-02-29,2024-10-20,0
2024,Ituano,17,2024-07-24,Alberto Valentim,Ituano FC,0,2024-02-29,2024-10-20,0
2024,Ituano,18,2024-07-27,Alberto Valentim,Ituano FC,0,2024-02-29,2024-10-20,0
2024,Ituano,19,2024-08-04,Alberto Valentim,Ituano FC,0,2024-02-29,2024-10-20,0
2024,Ituano,20,2024-08-10,Alberto Valentim,Ituano FC,0,2024-02-29,2024-10-20,0
2024,Ituano,21,2024-08-16,Alberto Valentim,Ituano FC,0,2024-02-29,2024-10-20,0
2024,Ituano,22,2024-08-21,Alberto Valentim,Ituano FC,0,2024-02-29,2024-10-20,0
2024,Ituano,23,2024-08-24,Alberto Valentim,Ituano FC,0,2024-02-29,2024-10-20,0
2024,Ituano,24,2024-09-03,Alberto Valentim,Ituano FC,0,2024-02-29,2024-10-20,0
2024,Ituano,25,2024-09-07,Alberto Valentim,Ituano FC,0,2024-02-29,2024-10-20,0
2024,Ituano,26,2024-09-14,Alberto Valentim,Ituano FC,0,2024-02-29,2024-10-20,0
2024,Ituano,27,2024-09-18,Alberto Valentim,Ituano FC,0,2024-02-29,2024-10-20,0
2024,Ituano,28,2024-09-21,Alberto Valentim,Ituano FC,0,2024-02-29,2024-10-20,0
2024,Ituano,29,2024-09-28,Alberto Valentim,Ituano FC,0,2024-02-29,2024-10-20,0
2024,Ituano,30,2024-10-05,Alberto Valentim,Ituano FC,0,2024-02-29,2024-10-20,0
2024,Ituano,31,2024-10-14,Alberto Valentim,Ituano FC,0,2024-02-29,2024-10-20,0
2024,Ituano,32,2024-10-19,Alberto Valentim,Ituano FC,0,2024-02-29,2024-10-20,0
2024,Ituano,33,2024-10-24,Chico Elias,Ituano FC,0,2024-10-22,2024-11-26,0
2024,Ituano,34,2024-10-28,Chico Elias,Ituano FC,0,2024-10-22,2024-11-26,0
2024,Ituano,35,2024-11-05,Chico Elias,Ituano FC,0,2024-10-22,2024-11-26,0
2024,Ituano,36,2024-11-12,Chico Elias,Ituano FC,0,2024-10-22,2024-11-26,0
2024,Ituano,37,2024-11-17,Chico Elias,Ituano FC,0,2024-10-22,2024-11-26,0
2024,Ituano,38,2024-11-23,Chico Elias,Ituano FC,0,2024-10-22,2024-11-26,0
2018,Juventude,1,2018-04-14,Julinho Camargo,EC Juventude,0,2018-02-26,2018-08-26,0
2018,Juventude,2,2018-04-21,Julinho Camargo,EC Juventude,0,2018-02-26,2018-08-26,0
2018,Juventude,3,2018-04-28,Julinho Camargo,EC Juventude,0,2018-02-26,2018-08-26,0
2018,Juventude,4,2018-05-01,Julinho Camargo,EC Juventude,0,2018-02-26,2018-08-26,0
2018,Juventude,5,2018-05-12,Julinho Camargo,EC Juventude,0,2018-02-26,2018-08-26,0
2018,Juventude,6,2018-05-16,Julinho Camargo,EC Juventude,0,2018-02-26,2018-08-26,0
2018,Juventude,7,2018-05-26,Julinho Camargo,EC Juventude,0,2018-02-26,2018-08-26,0
2018,Juventude,8,2018-06-02,Julinho Camargo,EC Juventude,0,2018-02-26,2018-08-26,0
2018,Juventude,9,2018-06-06,Julinho Camargo,EC Juventude,0,2018-02-26,2018-08-26,0
2018,Juventude,10,2018-06-09,Julinho Camargo,EC Juventude,0,2018-02-26,2018-08-26,0
2018,Juventude,11,2018-06-11,Julinho Camargo,EC Juventude,0,2018-02-26,2018-08-26,0
2018,Juventude,12,2018-06-22,Julinho Camargo,EC Juventude,0,2018-02-26,2018-08-26,0
2018,Juventude,13,2018-06-27,Julinho Camargo,EC Juventude,0,2018-02-26,2018-08-26,0
2018,Juventude,14,2018-07-13,Julinho Camargo,EC Juventude,0,2018-02-26,2018-08-26,0
2018,Juventude,15,2018-07-18,Julinho Camargo,EC Juventude,0,2018-02-26,2018-08-26,0
2018,Juventude,16,2018-07-21,Julinho Camargo,EC Juventude,0,2018-02-26,2018-08-26,0
2018,Juventude,17,2018-07-25,Julinho Camargo,EC Juventude,0,2018-02-26,2018-08-26,0
2018,Juventude,18,2018-07-28,Julinho Camargo,EC Juventude,0,2018-02-26,2018-08-26,0
2018,Juventude,19,2018-08-04,Julinho Camargo,EC Juventude,0,2018-02-26,2018-08-26,0
2018,Juventude,20,2018-08-12,Julinho Camargo,EC Juventude,0,2018-02-26,2018-08-26,0
2018,Juventude,21,2018-08-18,Julinho Camargo,EC Juventude,0,2018-02-26,2018-08-26,0
2018,Juventude,22,2018-08-22,Julinho Camargo,EC Juventude,0,2018-02-26,2018-08-26,0
2018,Juventude,23,2018-08-26,Julinho Camargo,EC Juventude,0,2018-02-26,2018-08-26,0
2018,Juventude,24,2018-09-01,Luiz Carlos Winck,EC Juventude,0,2018-08-27,2019-03-09,0
2018,Juventude,25,2018-09-05,Luiz Carlos Winck,EC Juventude,0,2018-08-27,2019-03-09,0
2018,Juventude,26,2018-09-08,Luiz Carlos Winck,EC Juventude,0,2018-08-27,2019-03-09,0
2018,Juventude,27,2018-09-14,Luiz Carlos Winck,EC Juventude,0,2018-08-27,2019-03-09,0
2018,Juventude,28,2018-09-19,Luiz Carlos Winck,EC Juventude,0,2018-08-27,2019-03-09,0
2018,Juventude,29,2018-09-28,Luiz Carlos Winck,EC Juventude,0,2018-08-27,2019-03-09,0
2018,Juventude,30,2018-10-06,Luiz Carlos Winck,EC Juventude,0,2018-08-27,2019-03-09,0
2018,Juventude,31,2018-10-13,Luiz Carlos Winck,EC Juventude,0,2018-08-27,2019-03-09,0
2018,Juventude,32,2018-10-20,Luiz Carlos Winck,EC Juventude,0,2018-08-27,2019-03-09,0
2018,Juventude,33,2018-10-27,Luiz Carlos Winck,EC Juventude,0,2018-08-27,2019-03-09,0
2018,Juventude,34,2018-11-02,Luiz Carlos Winck,EC Juventude,0,2018-08-27,2019-03-09,0
2018,Juventude,35,2018-11-07,Luiz Carlos Winck,EC Juventude,0,2018-08-27,2019-03-09,0
2018,Juventude,36,2018-11-09,Luiz Carlos Winck,EC Juventude,0,2018-08-27,2019-03-09,0
2018,Juventude,37,2018-11-15,Luiz Carlos Winck,EC Juventude,0,2018-08-27,2019-03-09,0
2018,Juventude,38,2018-11-24,Luiz Carlos Winck,EC Juventude,0,2018-08-27,2019-03-09,0
2020,Juventude,1,2020-08-08,Pintado,EC Juventude,0,2020-07-08,2021-02-01,0
2020,Juventude,2,2020-08-12,Pintado,EC Juventude,0,2020-07-08,2021-02-01,0
2020,Juventude,3,2020-08-15,Pintado,EC Juventude,0,2020-07-08,2021-02-01,0
2020,Juventude,4,2020-08-18,Pintado,EC Juventude,0,2020-07-08,2021-02-01,0
2020,Juventude,5,2020-08-22,Pintado,EC Juventude,0,2020-07-08,2021-02-01,0
2020,Juventude,6,2020-08-29,Pintado,EC Juventude,0,2020-07-08,2021-02-01,0
2020,Juventude,7,2020-09-02,Pintado,EC Juventude,0,2020-07-08,2021-02-01,0
2020,Juventude,8,2020-09-05,Pintado,EC Juventude,0,2020-07-08,2021-02-01,0
2020,Juventude,9,2020-09-09,Pintado,EC Juventude,0,2020-07-08,2021-02-01,0
2020,Juventude,10,2020-09-15,Pintado,EC Juventude,0,2020-07-08,2021-02-01,0
2020,Juventude,11,2020-09-26,Pintado,EC Juventude,0,2020-07-08,2021-02-01,0
2020,Juventude,12,2020-09-30,Pintado,EC Juventude,0,2020-07-08,2021-02-01,0
2020,Juventude,13,2020-10-04,Pintado,EC Juventude,0,2020-07-08,2021-02-01,0
2020,Juventude,14,2020-10-07,Pintado,EC Juventude,0,2020-07-08,2021-02-01,0
2020,Juventude,15,2020-10-10,Pintado,EC Juventude,0,2020-07-08,2021-02-01,0
2020,Juventude,16,2020-10-17,Pintado,EC Juventude,0,2020-07-08,2021-02-01,0
2020,Juventude,17,2020-10-21,Pintado,EC Juventude,0,2020-07-08,2021-02-01,0
2020,Juventude,18,2020-10-25,Pintado,EC Juventude,0,2020-07-08,2021-02-01,0
2020,Juventude,19,2020-11-01,Pintado,EC Juventude,0,2020-07-08,2021-02-01,0
2020,Juventude,20,2020-11-08,Pintado,EC Juventude,0,2020-07-08,2021-02-01,0
2020,Juventude,21,2020-11-14,Pintado,EC Juventude,0,2020-07-08,2021-02-01,0
2020,Juventude,22,2020-11-20,Pintado,EC Juventude,0,2020-07-08,2021-02-01,0
2020,Juventude,23,2020-11-25,Pintado,EC Juventude,0,2020-07-08,2021-02-01,0
2020,Juventude,24,2020-11-29,Pintado,EC Juventude,0,2020-07-08,2021-02-01,0
2020,Juventude,25,2020-12-02,Pintado,EC Juventude,0,2020-07-08,2021-02-01,0
2020,Juventude,26,2020-12-05,Pintado,EC Juventude,0,2020-07-08,2021-02-01,0
2020,Juventude,27,2020-12-08,Pintado,EC Juventude,0,2020-07-08,2021-02-01,0
2020,Juventude,28,2020-12-12,Pintado,EC Juventude,0,2020-07-08,2021-02-01,0
2020,Juventude,29,2020-12-16,Pintado,EC Juventude,0,2020-07-08,2021-02-01,0
2020,Juventude,30,2020-12-18,Pintado,EC Juventude,0,2020-07-08,2021-02-01,0
2020,Juventude,31,2020-12-22,Pintado,EC Juventude,0,2020-07-08,2021-02-01,0
2020,Juventude,32,2020-12-30,Pintado,EC Juventude,0,2020-07-08,2021-02-01,0
2021,Juventude,1,2021-01-06,Pintado,EC Juventude,0,2020-07-08,2021-02-01,0
2021,Juventude,2,2021-01-12,Pintado,EC Juventude,0,2020-07-08,2021-02-01,0
2021,Juventude,3,2021-01-16,Pintado,EC Juventude,0,2020-07-08,2021-02-01,0
2021,Juventude,4,2021-01-19,Pintado,EC Juventude,0,2020-07-08,2021-02-01,0
2021,Juventude,5,2021-01-22,Pintado,EC Juventude,0,2020-07-08,2021-02-01,0
2021,Juventude,6,2021-01-30,Pintado,EC Juventude,0,2020-07-08,2021-02-01,0
2023,Juventude,1,2023-04-15,Pintado,EC Juventude,0,2023-04-12,2023-05-08,0
2023,Juventude,2,2023-04-22,Pintado,EC Juventude,0,2023-04-12,2023-05-08,0
2023,Juventude,3,2023-04-30,Pintado,EC Juventude,0,2023-04-12,2023-05-08,0
2023,Juventude,4,2023-05-04,Pintado,EC Juventude,0,2023-04-12,2023-05-08,0
2023,Juventude,5,2023-05-06,Pintado,EC Juventude,0,2023-04-12,2023-05-08,0
2023,Juventude,6,2023-05-13,Adaílton,EC Juventude,1,2023-05-11,2023-05-16,0
2023,Juventude,7,2023-05-21,Thiago Carpini,EC Juventude,0,2023-05-17,2024-01-11,0
2023,Juventude,8,2023-05-25,Thiago Carpini,EC Juventude,0,2023-05-17,2024-01-11,0
2023,Juventude,9,2023-05-27,Thiago Carpini,EC Juventude,0,2023-05-17,2024-01-11,0
2023,Juventude,10,2023-06-03,Thiago Carpini,EC Juventude,0,2023-05-17,2024-01-11,0
2023,Juventude,11,2023-06-08,Thiago Carpini,EC Juventude,0,2023-05-17,2024-01-11,0
2023,Juventude,12,2023-06-11,Thiago Carpini,EC Juventude,0,2023-05-17,2024-01-11,0
2023,Juventude,13,2023-06-23,Thiago Carpini,EC Juventude,0,2023-05-17,2024-01-11,0
2023,Juventude,14,2023-06-29,Thiago Carpini,EC Juventude,0,2023-05-17,2024-01-11,0
2023,Juventude,15,2023-07-02,Thiago Carpini,EC Juventude,0,2023-05-17,2024-01-11,0
2023,Juventude,16,2023-07-08,Thiago Carpini,EC Juventude,0,2023-05-17,2024-01-11,0
2023,Juventude,17,2023-07-15,Thiago Carpini,EC Juventude,0,2023-05-17,2024-01-11,0
2023,Juventude,18,2023-07-19,Thiago Carpini,EC Juventude,0,2023-05-17,2024-01-11,0
2023,Juventude,19,2023-07-23,Thiago Carpini,EC Juventude,0,2023-05-17,2024-01-11,0
2023,Juventude,20,2023-07-29,Thiago Carpini,EC Juventude,0,2023-05-17,2024-01-11,0
2023,Juventude,21,2023-08-03,Thiago Carpini,EC Juventude,0,2023-05-17,2024-01-11,0
2023,Juventude,22,2023-08-07,Thiago Carpini,EC Juventude,0,2023-05-17,2024-01-11,0
2023,Juventude,23,2023-08-13,Thiago Carpini,EC Juventude,0,2023-05-17,2024-01-11,0
2023,Juventude,24,2023-08-19,Thiago Carpini,EC Juventude,0,2023-05-17,2024-01-11,0
2023,Juventude,25,2023-08-23,Thiago Carpini,EC Juventude,0,2023-05-17,2024-01-11,0
2023,Juventude,26,2023-09-01,Thiago Carpini,EC Juventude,0,2023-05-17,2024-01-11,0
2023,Juventude,27,2023-09-10,Thiago Carpini,EC Juventude,0,2023-05-17,2024-01-11,0
2023,Juventude,28,2023-09-16,Thiago Carpini,EC Juventude,0,2023-05-17,2024-01-11,0
2023,Juventude,29,2023-09-25,Thiago Carpini,EC Juventude,0,2023-05-17,2024-01-11,0
2023,Juventude,30,2023-09-30,Thiago Carpini,EC Juventude,0,2023-05-17,2024-01-11,0
2023,Juventude,31,2023-10-07,Thiago Carpini,EC Juventude,0,2023-05-17,2024-01-11,0
2023,Juventude,32,2023-10-17,Thiago Carpini,EC Juventude,0,2023-05-17,2024-01-11,0
2023,Juventude,33,2023-10-21,Thiago Carpini,EC Juventude,0,2023-05-17,2024-01-11,0
2023,Juventude,34,2023-10-29,Thiago Carpini,EC Juventude,0,2023-05-17,2024-01-11,0
2023,Juventude,35,2023-11-04,Thiago Carpini,EC Juventude,0,2023-05-17,2024-01-11,0
2023,Juventude,36,2023-11-15,Thiago Carpini,EC Juventude,0,2023-05-17,2024-01-11,0
2023,Juventude,37,2023-11-18,Thiago Carpini,EC Juventude,0,2023-05-17,2024-01-11,0
2023,Juventude,38,2023-11-25,Thiago Carpini,EC Juventude,0,2023-05-17,2024-01-11,0
2026,Juventude,1,2026-03-22,Maurício Barbieri,EC Juventude,0,2025-12-11,,0
2026,Juventude,2,2026-03-31,Maurício Barbieri,EC Juventude,0,2025-12-11,,0
2026,Juventude,3,2026-04-04,Maurício Barbieri,EC Juventude,0,2025-12-11,,0
2026,Juventude,4,2026-04-11,Maurício Barbieri,EC Juventude,0,2025-12-11,,0
2026,Juventude,5,2026-04-19,Gerson Ramos,EC Juventude,1,2026-04-14,2026-05-08,0
2026,Juventude,6,2026-04-26,Gerson Ramos,EC Juventude,1,2026-04-14,2026-05-08,0
2026,Juventude,7,2026-05-03,Gerson Ramos,EC Juventude,1,2026-04-14,2026-05-08,0
2026,Juventude,8,2026-05-10,Maurício Barbieri,EC Juventude,0,2025-12-11,,0
2026,Juventude,9,2026-05-17,Maurício Barbieri,EC Juventude,0,2025-12-11,,0
2026,Juventude,10,2026-05-24,Maurício Barbieri,EC Juventude,0,2025-12-11,,0
2026,Juventude,11,2026-05-30,Maurício Barbieri,EC Juventude,0,2025-12-11,,0
2026,Juventude,12,2026-06-06,Maurício Barbieri,EC Juventude,0,2025-12-11,,0
2026,Juventude,13,2026-06-14,Maurício Barbieri,EC Juventude,0,2025-12-11,,0
2026,Juventude,14,2026-06-21,Maurício Barbieri,EC Juventude,0,2025-12-11,,0
2026,Juventude,15,2026-06-28,Maurício Barbieri,EC Juventude,0,2025-12-11,,0
2026,Juventude,16,2026-07-06,Maurício Barbieri,EC Juventude,0,2025-12-11,,0
2026,Juventude,17,2026-07-11,Maurício Barbieri,EC Juventude,0,2025-12-11,,0
2026,Juventude,18,2026-07-18,Maurício Barbieri,EC Juventude,0,2025-12-11,,0
2026,Juventude,19,2026-07-24,Maurício Barbieri,EC Juventude,0,2025-12-11,,0
2026,Juventude,20,2026-07-29,Maurício Barbieri,EC Juventude,0,2025-12-11,,0
2026,Juventude,21,2026-08-09,Maurício Barbieri,EC Juventude,0,2025-12-11,,0
2026,Juventude,22,2026-08-15,Maurício Barbieri,EC Juventude,0,2025-12-11,,0
2026,Juventude,23,2026-08-19,Maurício Barbieri,EC Juventude,0,2025-12-11,,0
2026,Juventude,24,2026-08-26,Maurício Barbieri,EC Juventude,0,2025-12-11,,0
2026,Juventude,25,2026-09-02,Maurício Barbieri,EC Juventude,0,2025-12-11,,0
2026,Juventude,26,2026-09-05,Maurício Barbieri,EC Juventude,0,2025-12-11,,0
2026,Juventude,27,2026-09-09,Maurício Barbieri,EC Juventude,0,2025-12-11,,0
2018,Londrina,1,2018-04-14,Marquinhos Santos,Londrina EC,0,2018-03-08,2018-06-28,0
2018,Londrina,2,2018-04-21,Marquinhos Santos,Londrina EC,0,2018-03-08,2018-06-28,0
2018,Londrina,3,2018-04-29,Marquinhos Santos,Londrina EC,0,2018-03-08,2018-06-28,0
2018,Londrina,4,2018-05-01,Marquinhos Santos,Londrina EC,0,2018-03-08,2018-06-28,0
2018,Londrina,5,2018-05-12,Marquinhos Santos,Londrina EC,0,2018-03-08,2018-06-28,0
2018,Londrina,6,2018-05-19,Marquinhos Santos,Londrina EC,0,2018-03-08,2018-06-28,0
2018,Londrina,7,2018-05-26,Marquinhos Santos,Londrina EC,0,2018-03-08,2018-06-28,0
2018,Londrina,8,2018-05-30,Marquinhos Santos,Londrina EC,0,2018-03-08,2018-06-28,0
2018,Londrina,9,2018-06-06,Marquinhos Santos,Londrina EC,0,2018-03-08,2018-06-28,0
2018,Londrina,10,2018-06-09,Marquinhos Santos,Londrina EC,0,2018-03-08,2018-06-28,0
2018,Londrina,11,2018-06-12,Marquinhos Santos,Londrina EC,0,2018-03-08,2018-06-28,0
2018,Londrina,12,2018-06-24,Marquinhos Santos,Londrina EC,0,2018-03-08,2018-06-28,0
2018,Londrina,13,2018-07-01,Sérgio Soares,Londrina EC,0,2018-06-29,2018-08-04,0
2018,Londrina,14,2018-07-06,Sérgio Soares,Londrina EC,0,2018-06-29,2018-08-04,0
2018,Londrina,15,2018-07-12,Sérgio Soares,Londrina EC,0,2018-06-29,2018-08-04,0
2018,Londrina,16,2018-07-21,Sérgio Soares,Londrina EC,0,2018-06-29,2018-08-04,0
2018,Londrina,17,2018-07-25,Sérgio Soares,Londrina EC,0,2018-06-29,2018-08-04,0
2018,Londrina,18,2018-07-28,Sérgio Soares,Londrina EC,0,2018-06-29,2018-08-04,0
2018,Londrina,19,2018-08-04,Sérgio Soares,Londrina EC,0,2018-06-29,2018-08-04,0
2018,Londrina,20,2018-08-11,Roberto Fonseca,Londrina EC,0,2018-08-05,2018-11-27,0
2018,Londrina,21,2018-08-18,Roberto Fonseca,Londrina EC,0,2018-08-05,2018-11-27,0
2018,Londrina,22,2018-08-22,Roberto Fonseca,Londrina EC,0,2018-08-05,2018-11-27,0
2018,Londrina,23,2018-08-26,Roberto Fonseca,Londrina EC,0,2018-08-05,2018-11-27,0
2018,Londrina,24,2018-09-01,Roberto Fonseca,Londrina EC,0,2018-08-05,2018-11-27,0
2018,Londrina,25,2018-09-05,Roberto Fonseca,Londrina EC,0,2018-08-05,2018-11-27,0
2018,Londrina,26,2018-09-08,Roberto Fonseca,Londrina EC,0,2018-08-05,2018-11-27,0
2018,Londrina,27,2018-09-15,Roberto Fonseca,Londrina EC,0,2018-08-05,2018-11-27,0
2018,Londrina,28,2018-09-19,Roberto Fonseca,Londrina EC,0,2018-08-05,2018-11-27,0
2018,Londrina,29,2018-09-28,Roberto Fonseca,Londrina EC,0,2018-08-05,2018-11-27,0
2018,Londrina,30,2018-10-03,Roberto Fonseca,Londrina EC,0,2018-08-05,2018-11-27,0
2018,Londrina,31,2018-10-14,Roberto Fonseca,Londrina EC,0,2018-08-05,2018-11-27,0
2018,Londrina,32,2018-10-21,Roberto Fonseca,Londrina EC,0,2018-08-05,2018-11-27,0
2018,Londrina,33,2018-10-27,Roberto Fonseca,Londrina EC,0,2018-08-05,2018-11-27,0
2018,Londrina,34,2018-11-03,Roberto Fonseca,Londrina EC,0,2018-08-05,2018-11-27,0
2018,Londrina,35,2018-11-06,Roberto Fonseca,Londrina EC,0,2018-08-05,2018-11-27,0
2018,Londrina,36,2018-11-10,Roberto Fonseca,Londrina EC,0,2018-08-05,2018-11-27,0
2018,Londrina,37,2018-11-17,Roberto Fonseca,Londrina EC,0,2018-08-05,2018-11-27,0
2018,Londrina,38,2018-11-24,Roberto Fonseca,Londrina EC,0,2018-08-05,2018-11-27,0
2019,Londrina,1,2019-04-28,Alemão,Londrina EC,0,2019-04-20,2019-08-22,0
2019,Londrina,2,2019-05-04,Alemão,Londrina EC,0,2019-04-20,2019-08-22,0
2019,Londrina,3,2019-05-10,Alemão,Londrina EC,0,2019-04-20,2019-08-22,0
2019,Londrina,4,2019-05-18,Alemão,Londrina EC,0,2019-04-20,2019-08-22,0
2019,Londrina,5,2019-05-25,Alemão,Londrina EC,0,2019-04-20,2019-08-22,0
2019,Londrina,6,2019-06-01,Alemão,Londrina EC,0,2019-04-20,2019-08-22,0
2019,Londrina,7,2019-06-08,Alemão,Londrina EC,0,2019-04-20,2019-08-22,0
2019,Londrina,8,2019-06-11,Alemão,Londrina EC,0,2019-04-20,2019-08-22,0
2019,Londrina,9,2019-07-14,Alemão,Londrina EC,0,2019-04-20,2019-08-22,0
2019,Londrina,10,2019-07-20,Alemão,Londrina EC,0,2019-04-20,2019-08-22,0
2019,Londrina,11,2019-07-24,Alemão,Londrina EC,0,2019-04-20,2019-08-22,0
2019,Londrina,12,2019-07-27,Alemão,Londrina EC,0,2019-04-20,2019-08-22,0
2019,Londrina,13,2019-07-31,Alemão,Londrina EC,0,2019-04-20,2019-08-22,0
2019,Londrina,14,2019-08-03,Alemão,Londrina EC,0,2019-04-20,2019-08-22,0
2019,Londrina,15,2019-08-07,Alemão,Londrina EC,0,2019-04-20,2019-08-22,0
2019,Londrina,16,2019-08-17,Alemão,Londrina EC,0,2019-04-20,2019-08-22,0
2019,Londrina,17,2019-08-21,Alemão,Londrina EC,0,2019-04-20,2019-08-22,0
2019,Londrina,18,2019-08-24,Claudio Tencati,Londrina EC,0,2019-08-23,2019-09-29,0
2019,Londrina,19,2019-08-29,Claudio Tencati,Londrina EC,0,2019-08-23,2019-09-29,0
2019,Londrina,20,2019-08-31,Claudio Tencati,Londrina EC,0,2019-08-23,2019-09-29,0
2019,Londrina,21,2019-09-04,Claudio Tencati,Londrina EC,0,2019-08-23,2019-09-29,0
2019,Londrina,22,2019-09-14,Claudio Tencati,Londrina EC,0,2019-08-23,2019-09-29,0
2019,Londrina,23,2019-09-21,Claudio Tencati,Londrina EC,0,2019-08-23,2019-09-29,0
2019,Londrina,24,2019-09-25,Claudio Tencati,Londrina EC,0,2019-08-23,2019-09-29,0
2019,Londrina,25,2019-09-28,Claudio Tencati,Londrina EC,0,2019-08-23,2019-09-29,0
2019,Londrina,26,2019-10-06,Mazola Júnior,Londrina EC,0,2019-10-01,2019-11-11,0
2019,Londrina,27,2019-10-09,Mazola Júnior,Londrina EC,0,2019-10-01,2019-11-11,0
2019,Londrina,28,2019-10-12,Mazola Júnior,Londrina EC,0,2019-10-01,2019-11-11,0
2019,Londrina,29,2019-10-16,Mazola Júnior,Londrina EC,0,2019-10-01,2019-11-11,0
2019,Londrina,30,2019-10-19,Mazola Júnior,Londrina EC,0,2019-10-01,2019-11-11,0
2019,Londrina,31,2019-10-26,Mazola Júnior,Londrina EC,0,2019-10-01,2019-11-11,0
2019,Londrina,32,2019-10-29,Mazola Júnior,Londrina EC,0,2019-10-01,2019-11-11,0
2019,Londrina,33,2019-11-05,Mazola Júnior,Londrina EC,0,2019-10-01,2019-11-11,0
2019,Londrina,34,2019-11-09,Mazola Júnior,Londrina EC,0,2019-10-01,2019-11-11,0
2019,Londrina,35,2019-11-13,Silvinho,Londrina EC,1,2019-11-11,2019-12-01,0
2019,Londrina,36,2019-11-16,Silvinho,Londrina EC,1,2019-11-11,2019-12-01,0
2019,Londrina,37,2019-11-21,Silvinho,Londrina EC,1,2019-11-11,2019-12-01,0
2019,Londrina,38,2019-11-30,Silvinho,Londrina EC,1,2019-11-11,2019-12-01,0
2021,Londrina,1,2021-05-28,Roberto Fonseca,Londrina EC,0,2021-03-29,2021-07-10,0
2021,Londrina,2,2021-06-05,Roberto Fonseca,Londrina EC,0,2021-03-29,2021-07-10,0
2021,Londrina,3,2021-06-14,Roberto Fonseca,Londrina EC,0,2021-03-29,2021-07-10,0
2021,Londrina,4,2021-06-18,Roberto Fonseca,Londrina EC,0,2021-03-29,2021-07-10,0
2021,Londrina,5,2021-06-21,Roberto Fonseca,Londrina EC,0,2021-03-29,2021-07-10,0
2021,Londrina,6,2021-06-23,Roberto Fonseca,Londrina EC,0,2021-03-29,2021-07-10,0
2021,Londrina,7,2021-06-26,Roberto Fonseca,Londrina EC,0,2021-03-29,2021-07-10,0
2021,Londrina,8,2021-07-01,Roberto Fonseca,Londrina EC,0,2021-03-29,2021-07-10,0
2021,Londrina,9,2021-07-04,Roberto Fonseca,Londrina EC,0,2021-03-29,2021-07-10,0
2021,Londrina,10,2021-07-10,Roberto Fonseca,Londrina EC,0,2021-03-29,2021-07-10,0
2021,Londrina,12,2021-07-17,Márcio Fernandes,Londrina EC,0,2021-07-16,2021-12-01,0
2021,Londrina,13,2021-07-21,Márcio Fernandes,Londrina EC,0,2021-07-16,2021-12-01,0
2021,Londrina,14,2021-07-23,Márcio Fernandes,Londrina EC,0,2021-07-16,2021-12-01,0
2021,Londrina,15,2021-07-31,Márcio Fernandes,Londrina EC,0,2021-07-16,2021-12-01,0
2021,Londrina,16,2021-08-09,Márcio Fernandes,Londrina EC,0,2021-07-16,2021-12-01,0
2021,Londrina,17,2021-08-12,Márcio Fernandes,Londrina EC,0,2021-07-16,2021-12-01,0
2021,Londrina,18,2021-08-15,Márcio Fernandes,Londrina EC,0,2021-07-16,2021-12-01,0
2021,Londrina,19,2021-08-19,Márcio Fernandes,Londrina EC,0,2021-07-16,2021-12-01,0
2021,Londrina,20,2021-08-22,Márcio Fernandes,Londrina EC,0,2021-07-16,2021-12-01,0
2021,Londrina,21,2021-08-28,Márcio Fernandes,Londrina EC,0,2021-07-16,2021-12-01,0
2021,Londrina,22,2021-09-02,Márcio Fernandes,Londrina EC,0,2021-07-16,2021-12-01,0
2021,Londrina,23,2021-09-11,Márcio Fernandes,Londrina EC,0,2021-07-16,2021-12-01,0
2021,Londrina,24,2021-09-18,Márcio Fernandes,Londrina EC,0,2021-07-16,2021-12-01,0
2021,Londrina,25,2021-09-22,Márcio Fernandes,Londrina EC,0,2021-07-16,2021-12-01,0
2021,Londrina,26,2021-09-25,Márcio Fernandes,Londrina EC,0,2021-07-16,2021-12-01,0
2021,Londrina,27,2021-09-28,Márcio Fernandes,Londrina EC,0,2021-07-16,2021-12-01,0
2021,Londrina,28,2021-10-04,Márcio Fernandes,Londrina EC,0,2021-07-16,2021-12-01,0
2021,Londrina,29,2021-10-09,Márcio Fernandes,Londrina EC,0,2021-07-16,2021-12-01,0
2021,Londrina,30,2021-10-16,Márcio Fernandes,Londrina EC,0,2021-07-16,2021-12-01,0
2021,Londrina,31,2021-10-20,Márcio Fernandes,Londrina EC,0,2021-07-16,2021-12-01,0
2021,Londrina,32,2021-10-30,Márcio Fernandes,Londrina EC,0,2021-07-16,2021-12-01,0
2021,Londrina,33,2021-11-02,Márcio Fernandes,Londrina EC,0,2021-07-16,2021-12-01,0
2021,Londrina,34,2021-11-06,Márcio Fernandes,Londrina EC,0,2021-07-16,2021-12-01,0
2021,Londrina,35,2021-11-11,Márcio Fernandes,Londrina EC,0,2021-07-16,2021-12-01,0
2021,Londrina,36,2021-11-15,Márcio Fernandes,Londrina EC,0,2021-07-16,2021-12-01,0
2021,Londrina,37,2021-11-20,Márcio Fernandes,Londrina EC,0,2021-07-16,2021-12-01,0
2021,Londrina,38,2021-11-28,Márcio Fernandes,Londrina EC,0,2021-07-16,2021-12-01,0
2022,Londrina,1,2022-04-10,Adilson Batista,Londrina EC,0,2022-03-10,2022-12-31,0
2022,Londrina,2,2022-04-15,Adilson Batista,Londrina EC,0,2022-03-10,2022-12-31,0
2022,Londrina,3,2022-04-22,Adilson Batista,Londrina EC,0,2022-03-10,2022-12-31,0
2022,Londrina,4,2022-04-27,Adilson Batista,Londrina EC,0,2022-03-10,2022-12-31,0
2022,Londrina,5,2022-04-30,Adilson Batista,Londrina EC,0,2022-03-10,2022-12-31,0
2022,Londrina,6,2022-05-04,Adilson Batista,Londrina EC,0,2022-03-10,2022-12-31,0
2022,Londrina,7,2022-05-14,Adilson Batista,Londrina EC,0,2022-03-10,2022-12-31,0
2022,Londrina,8,2022-05-19,Adilson Batista,Londrina EC,0,2022-03-10,2022-12-31,0
2022,Londrina,9,2022-05-26,Adilson Batista,Londrina EC,0,2022-03-10,2022-12-31,0
2022,Londrina,10,2022-06-11,Adilson Batista,Londrina EC,0,2022-03-10,2022-12-31,0
2022,Londrina,11,2022-06-18,Adilson Batista,Londrina EC,0,2022-03-10,2022-12-31,0
2022,Londrina,12,2022-06-25,Adilson Batista,Londrina EC,0,2022-03-10,2022-12-31,0
2022,Londrina,13,2022-06-29,Adilson Batista,Londrina EC,0,2022-03-10,2022-12-31,0
2022,Londrina,14,2022-07-02,Adilson Batista,Londrina EC,0,2022-03-10,2022-12-31,0
2022,Londrina,15,2022-07-06,Adilson Batista,Londrina EC,0,2022-03-10,2022-12-31,0
2022,Londrina,16,2022-07-09,Adilson Batista,Londrina EC,0,2022-03-10,2022-12-31,0
2022,Londrina,17,2022-07-16,Adilson Batista,Londrina EC,0,2022-03-10,2022-12-31,0
2022,Londrina,18,2022-07-20,Adilson Batista,Londrina EC,0,2022-03-10,2022-12-31,0
2022,Londrina,19,2022-07-23,Adilson Batista,Londrina EC,0,2022-03-10,2022-12-31,0
2022,Londrina,20,2022-07-30,Adilson Batista,Londrina EC,0,2022-03-10,2022-12-31,0
2022,Londrina,21,2022-08-07,Adilson Batista,Londrina EC,0,2022-03-10,2022-12-31,0
2022,Londrina,22,2022-08-10,Adilson Batista,Londrina EC,0,2022-03-10,2022-12-31,0
2022,Londrina,23,2022-08-13,Adilson Batista,Londrina EC,0,2022-03-10,2022-12-31,0
2022,Londrina,24,2022-08-17,Adilson Batista,Londrina EC,0,2022-03-10,2022-12-31,0
2022,Londrina,25,2022-08-27,Adilson Batista,Londrina EC,0,2022-03-10,2022-12-31,0
2022,Londrina,26,2022-08-31,Adilson Batista,Londrina EC,0,2022-03-10,2022-12-31,0
2022,Londrina,27,2022-09-04,Adilson Batista,Londrina EC,0,2022-03-10,2022-12-31,0
2022,Londrina,28,2022-09-10,Adilson Batista,Londrina EC,0,2022-03-10,2022-12-31,0
2022,Londrina,29,2022-09-17,Adilson Batista,Londrina EC,0,2022-03-10,2022-12-31,0
2022,Londrina,30,2022-09-24,Adilson Batista,Londrina EC,0,2022-03-10,2022-12-31,0
2022,Londrina,31,2022-09-30,Adilson Batista,Londrina EC,0,2022-03-10,2022-12-31,0
2022,Londrina,32,2022-10-04,Adilson Batista,Londrina EC,0,2022-03-10,2022-12-31,0
2022,Londrina,33,2022-10-08,Adilson Batista,Londrina EC,0,2022-03-10,2022-12-31,0
2022,Londrina,34,2022-10-15,Adilson Batista,Londrina EC,0,2022-03-10,2022-12-31,0
2022,Londrina,35,2022-10-22,Adilson Batista,Londrina EC,0,2022-03-10,2022-12-31,0
2022,Londrina,36,2022-10-29,Adilson Batista,Londrina EC,0,2022-03-10,2022-12-31,0
2022,Londrina,37,2022-11-05,Adilson Batista,Londrina EC,0,2022-03-10,2022-12-31,0
2023,Londrina,1,2023-04-16,Alexandre Gallo,Londrina EC,0,2023-03-30,2023-05-10,0
2023,Londrina,2,2023-04-23,Alexandre Gallo,Londrina EC,0,2023-03-30,2023-05-10,0
2023,Londrina,3,2023-04-29,Alexandre Gallo,Londrina EC,0,2023-03-30,2023-05-10,0
2023,Londrina,4,2023-05-01,Alexandre Gallo,Londrina EC,0,2023-03-30,2023-05-10,0
2023,Londrina,5,2023-05-09,Alexandre Gallo,Londrina EC,0,2023-03-30,2023-05-10,0
2023,Londrina,6,2023-05-14,Edson Vieira,Londrina EC,1,2023-05-13,2023-05-30,0
2023,Londrina,7,2023-05-20,Edson Vieira,Londrina EC,1,2023-05-13,2023-05-30,0
2023,Londrina,8,2023-05-25,Edson Vieira,Londrina EC,1,2023-05-13,2023-05-30,0
2023,Londrina,9,2023-05-27,Edson Vieira,Londrina EC,1,2023-05-13,2023-05-30,0
2023,Londrina,10,2023-06-04,Paulo César Gusmão,Londrina EC,0,2023-06-01,2023-06-29,0
2023,Londrina,11,2023-06-08,Paulo César Gusmão,Londrina EC,0,2023-06-01,2023-06-29,0
2023,Londrina,12,2023-06-11,Paulo César Gusmão,Londrina EC,0,2023-06-01,2023-06-29,0
2023,Londrina,13,2023-06-24,Paulo César Gusmão,Londrina EC,0,2023-06-01,2023-06-29,0
2023,Londrina,14,2023-06-29,Paulo César Gusmão,Londrina EC,0,2023-06-01,2023-06-29,0
2023,Londrina,15,2023-07-01,Franco Muller,Londrina EC,1,2023-06-30,2023-07-02,0
2023,Londrina,16,2023-07-08,Eduardo Souza,Londrina EC,0,2023-07-07,2023-09-12,0
2023,Londrina,17,2023-07-15,Eduardo Souza,Londrina EC,0,2023-07-07,2023-09-12,0
2023,Londrina,18,2023-07-20,Eduardo Souza,Londrina EC,0,2023-07-07,2023-09-12,0
2023,Londrina,19,2023-07-25,Eduardo Souza,Londrina EC,0,2023-07-07,2023-09-12,0
2023,Londrina,20,2023-07-29,Eduardo Souza,Londrina EC,0,2023-07-07,2023-09-12,0
2023,Londrina,21,2023-08-03,Eduardo Souza,Londrina EC,0,2023-07-07,2023-09-12,0
2023,Londrina,22,2023-08-08,Eduardo Souza,Londrina EC,0,2023-07-07,2023-09-12,0
2023,Londrina,23,2023-08-12,Eduardo Souza,Londrina EC,0,2023-07-07,2023-09-12,0
2023,Londrina,24,2023-08-18,Eduardo Souza,Londrina EC,0,2023-07-07,2023-09-12,0
2023,Londrina,25,2023-08-26,Eduardo Souza,Londrina EC,0,2023-07-07,2023-09-12,0
2023,Londrina,26,2023-09-02,Eduardo Souza,Londrina EC,0,2023-07-07,2023-09-12,0
2023,Londrina,27,2023-09-07,Eduardo Souza,Londrina EC,0,2023-07-07,2023-09-12,0
2023,Londrina,28,2023-09-14,Roberto Fonseca,Londrina EC,0,2023-09-13,2023-11-30,0
2023,Londrina,29,2023-09-24,Roberto Fonseca,Londrina EC,0,2023-09-13,2023-11-30,0
2023,Londrina,30,2023-09-29,Roberto Fonseca,Londrina EC,0,2023-09-13,2023-11-30,0
2023,Londrina,31,2023-10-04,Roberto Fonseca,Londrina EC,0,2023-09-13,2023-11-30,0
2023,Londrina,32,2023-10-15,Roberto Fonseca,Londrina EC,0,2023-09-13,2023-11-30,0
2023,Londrina,33,2023-10-21,Roberto Fonseca,Londrina EC,0,2023-09-13,2023-11-30,0
2023,Londrina,34,2023-10-29,Roberto Fonseca,Londrina EC,0,2023-09-13,2023-11-30,0
2023,Londrina,35,2023-11-04,Roberto Fonseca,Londrina EC,0,2023-09-13,2023-11-30,0
2023,Londrina,36,2023-11-10,Roberto Fonseca,Londrina EC,0,2023-09-13,2023-11-30,0
2023,Londrina,37,2023-11-18,Roberto Fonseca,Londrina EC,0,2023-09-13,2023-11-30,0
2023,Londrina,38,2023-11-25,Roberto Fonseca,Londrina EC,0,2023-09-13,2023-11-30,0
2026,Londrina,1,2026-03-23,Allan Aal,Londrina EC,0,2025-12-30,2026-05-04,0
2026,Londrina,2,2026-04-02,Allan Aal,Londrina EC,0,2025-12-30,2026-05-04,0
2026,Londrina,3,2026-04-05,Allan Aal,Londrina EC,0,2025-12-30,2026-05-04,0
2026,Londrina,4,2026-04-13,Allan Aal,Londrina EC,0,2025-12-30,2026-05-04,0
2026,Londrina,5,2026-04-19,Allan Aal,Londrina EC,0,2025-12-30,2026-05-04,0
2026,Londrina,6,2026-04-26,Allan Aal,Londrina EC,0,2025-12-30,2026-05-04,0
2026,Londrina,7,2026-05-03,Allan Aal,Londrina EC,0,2025-12-30,2026-05-04,0
2026,Londrina,9,2026-05-19,Rogério Micale,Londrina EC,0,2026-05-14,,0
2026,Londrina,10,2026-05-23,Rogério Micale,Londrina EC,0,2026-05-14,,0
2026,Londrina,11,2026-05-31,Rogério Micale,Londrina EC,0,2026-05-14,,0
2026,Londrina,12,2026-06-06,Rogério Micale,Londrina EC,0,2026-05-14,,0
2026,Londrina,13,2026-06-16,Rogério Micale,Londrina EC,0,2026-05-14,,0
2026,Londrina,14,2026-06-20,Rogério Micale,Londrina EC,0,2026-05-14,,0
2026,Londrina,15,2026-06-26,Rogério Micale,Londrina EC,0,2026-05-14,,0
2026,Londrina,16,2026-07-04,Rogério Micale,Londrina EC,0,2026-05-14,,0
2026,Londrina,17,2026-07-14,Rogério Micale,Londrina EC,0,2026-05-14,,0
2026,Londrina,18,2026-07-18,Rogério Micale,Londrina EC,0,2026-05-14,,0
2026,Londrina,19,2026-07-23,Rogério Micale,Londrina EC,0,2026-05-14,,0
2026,Londrina,20,2026-07-26,Rogério Micale,Londrina EC,0,2026-05-14,,0
2026,Londrina,21,2026-08-11,Rogério Micale,Londrina EC,0,2026-05-14,,0
2026,Londrina,22,2026-08-15,Rogério Micale,Londrina EC,0,2026-05-14,,0
2026,Londrina,23,2026-08-19,Rogério Micale,Londrina EC,0,2026-05-14,,0
2026,Londrina,24,2026-08-22,Rogério Micale,Londrina EC,0,2026-05-14,,0
2026,Londrina,25,2026-09-02,Rogério Micale,Londrina EC,0,2026-05-14,,0
2026,Londrina,26,2026-09-06,Rogério Micale,Londrina EC,0,2026-05-14,,0
2023,Mirassol,1,2023-04-15,Ricardo Catalá,Mirassol FC,0,2022-03-24,2023-05-04,0
2023,Mirassol,2,2023-04-22,Ricardo Catalá,Mirassol FC,0,2022-03-24,2023-05-04,0
2023,Mirassol,3,2023-04-29,Ricardo Catalá,Mirassol FC,0,2022-03-24,2023-05-04,0
2023,Mirassol,4,2023-05-04,Mozart,Mirassol FC,0,2023-05-04,2024-11-25,0
2023,Mirassol,5,2023-05-06,Mozart,Mirassol FC,0,2023-05-04,2024-11-25,0
2023,Mirassol,6,2023-05-13,Mozart,Mirassol FC,0,2023-05-04,2024-11-25,0
2023,Mirassol,7,2023-05-20,Mozart,Mirassol FC,0,2023-05-04,2024-11-25,0
2023,Mirassol,8,2023-05-24,Mozart,Mirassol FC,0,2023-05-04,2024-11-25,0
2023,Mirassol,9,2023-05-28,Mozart,Mirassol FC,0,2023-05-04,2024-11-25,0
2023,Mirassol,10,2023-06-03,Mozart,Mirassol FC,0,2023-05-04,2024-11-25,0
2023,Mirassol,11,2023-06-08,Mozart,Mirassol FC,0,2023-05-04,2024-11-25,0
2023,Mirassol,12,2023-06-11,Mozart,Mirassol FC,0,2023-05-04,2024-11-25,0
2023,Mirassol,13,2023-06-25,Mozart,Mirassol FC,0,2023-05-04,2024-11-25,0
2023,Mirassol,14,2023-06-29,Mozart,Mirassol FC,0,2023-05-04,2024-11-25,0
2023,Mirassol,15,2023-07-03,Mozart,Mirassol FC,0,2023-05-04,2024-11-25,0
2023,Mirassol,16,2023-07-09,Mozart,Mirassol FC,0,2023-05-04,2024-11-25,0
2023,Mirassol,17,2023-07-16,Mozart,Mirassol FC,0,2023-05-04,2024-11-25,0
2023,Mirassol,18,2023-07-20,Mozart,Mirassol FC,0,2023-05-04,2024-11-25,0
2023,Mirassol,19,2023-07-22,Mozart,Mirassol FC,0,2023-05-04,2024-11-25,0
2023,Mirassol,20,2023-07-29,Mozart,Mirassol FC,0,2023-05-04,2024-11-25,0
2023,Mirassol,21,2023-08-02,Mozart,Mirassol FC,0,2023-05-04,2024-11-25,0
2023,Mirassol,22,2023-08-05,Mozart,Mirassol FC,0,2023-05-04,2024-11-25,0
2023,Mirassol,23,2023-08-12,Mozart,Mirassol FC,0,2023-05-04,2024-11-25,0
2023,Mirassol,24,2023-08-18,Mozart,Mirassol FC,0,2023-05-04,2024-11-25,0
2023,Mirassol,25,2023-08-23,Mozart,Mirassol FC,0,2023-05-04,2024-11-25,0
2023,Mirassol,26,2023-09-02,Mozart,Mirassol FC,0,2023-05-04,2024-11-25,0
2023,Mirassol,27,2023-09-10,Mozart,Mirassol FC,0,2023-05-04,2024-11-25,0
2023,Mirassol,28,2023-09-16,Mozart,Mirassol FC,0,2023-05-04,2024-11-25,0
2023,Mirassol,29,2023-09-23,Mozart,Mirassol FC,0,2023-05-04,2024-11-25,0
2023,Mirassol,30,2023-09-29,Mozart,Mirassol FC,0,2023-05-04,2024-11-25,0
2023,Mirassol,31,2023-10-04,Mozart,Mirassol FC,0,2023-05-04,2024-11-25,0
2023,Mirassol,32,2023-10-11,Mozart,Mirassol FC,0,2023-05-04,2024-11-25,0
2023,Mirassol,33,2023-10-21,Mozart,Mirassol FC,0,2023-05-04,2024-11-25,0
2023,Mirassol,34,2023-10-28,Mozart,Mirassol FC,0,2023-05-04,2024-11-25,0
2023,Mirassol,35,2023-11-03,Mozart,Mirassol FC,0,2023-05-04,2024-11-25,0
2023,Mirassol,36,2023-11-12,Mozart,Mirassol FC,0,2023-05-04,2024-11-25,0
2023,Mirassol,37,2023-11-18,Mozart,Mirassol FC,0,2023-05-04,2024-11-25,0
2023,Mirassol,38,2023-11-25,Mozart,Mirassol FC,0,2023-05-04,2024-11-25,0
2024,Mirassol,1,2024-04-24,Mozart,Mirassol FC,0,2023-05-04,2024-11-25,0
2024,Mirassol,2,2024-04-30,Mozart,Mirassol FC,0,2023-05-04,2024-11-25,0
2024,Mirassol,3,2024-05-08,Mozart,Mirassol FC,0,2023-05-04,2024-11-25,0
2024,Mirassol,4,2024-05-12,Mozart,Mirassol FC,0,2023-05-04,2024-11-25,0
2024,Mirassol,5,2024-05-16,Mozart,Mirassol FC,0,2023-05-04,2024-11-25,0
2024,Mirassol,6,2024-05-19,Mozart,Mirassol FC,0,2023-05-04,2024-11-25,0
2024,Mirassol,7,2024-05-29,Mozart,Mirassol FC,0,2023-05-04,2024-11-25,0
2024,Mirassol,8,2024-06-05,Mozart,Mirassol FC,0,2023-05-04,2024-11-25,0
2024,Mirassol,9,2024-06-12,Mozart,Mirassol FC,0,2023-05-04,2024-11-25,0
2024,Mirassol,10,2024-06-16,Mozart,Mirassol FC,0,2023-05-04,2024-11-25,0
2024,Mirassol,11,2024-06-21,Mozart,Mirassol FC,0,2023-05-04,2024-11-25,0
2024,Mirassol,12,2024-06-26,Mozart,Mirassol FC,0,2023-05-04,2024-11-25,0
2024,Mirassol,13,2024-07-03,Mozart,Mirassol FC,0,2023-05-04,2024-11-25,0
2024,Mirassol,14,2024-07-10,Mozart,Mirassol FC,0,2023-05-04,2024-11-25,0
2024,Mirassol,15,2024-07-13,Mozart,Mirassol FC,0,2023-05-04,2024-11-25,0
2024,Mirassol,16,2024-07-20,Mozart,Mirassol FC,0,2023-05-04,2024-11-25,0
2024,Mirassol,17,2024-07-24,Mozart,Mirassol FC,0,2023-05-04,2024-11-25,0
2024,Mirassol,18,2024-07-27,Mozart,Mirassol FC,0,2023-05-04,2024-11-25,0
2024,Mirassol,19,2024-08-05,Mozart,Mirassol FC,0,2023-05-04,2024-11-25,0
2024,Mirassol,20,2024-08-10,Mozart,Mirassol FC,0,2023-05-04,2024-11-25,0
2024,Mirassol,21,2024-08-17,Mozart,Mirassol FC,0,2023-05-04,2024-11-25,0
2024,Mirassol,22,2024-08-22,Mozart,Mirassol FC,0,2023-05-04,2024-11-25,0
2024,Mirassol,23,2024-08-26,Mozart,Mirassol FC,0,2023-05-04,2024-11-25,0
2024,Mirassol,24,2024-09-04,Mozart,Mirassol FC,0,2023-05-04,2024-11-25,0
2024,Mirassol,25,2024-09-07,Mozart,Mirassol FC,0,2023-05-04,2024-11-25,0
2024,Mirassol,26,2024-09-14,Mozart,Mirassol FC,0,2023-05-04,2024-11-25,0
2024,Mirassol,27,2024-09-18,Mozart,Mirassol FC,0,2023-05-04,2024-11-25,0
2024,Mirassol,28,2024-09-21,Mozart,Mirassol FC,0,2023-05-04,2024-11-25,0
2024,Mirassol,29,2024-09-29,Mozart,Mirassol FC,0,2023-05-04,2024-11-25,0
2024,Mirassol,30,2024-10-05,Mozart,Mirassol FC,0,2023-05-04,2024-11-25,0
2024,Mirassol,31,2024-10-12,Mozart,Mirassol FC,0,2023-05-04,2024-11-25,0
2024,Mirassol,32,2024-10-19,Mozart,Mirassol FC,0,2023-05-04,2024-11-25,0
2024,Mirassol,33,2024-10-23,Mozart,Mirassol FC,0,2023-05-04,2024-11-25,0
2024,Mirassol,34,2024-10-26,Mozart,Mirassol FC,0,2023-05-04,2024-11-25,0
2024,Mirassol,35,2024-11-06,Mozart,Mirassol FC,0,2023-05-04,2024-11-25,0
2024,Mirassol,36,2024-11-10,Mozart,Mirassol FC,0,2023-05-04,2024-11-25,0
2024,Mirassol,37,2024-11-15,Mozart,Mirassol FC,0,2023-05-04,2024-11-25,0
2024,Mirassol,38,2024-11-24,Mozart,Mirassol FC,0,2023-05-04,2024-11-25,0
2022,Novorizontino,1,2022-04-13,Allan Aal,Grêmio Novorizontino,0,2022-02-14,2022-06-19,0
2022,Novorizontino,2,2022-04-22,Allan Aal,Grêmio Novorizontino,0,2022-02-14,2022-06-19,0
2022,Novorizontino,3,2022-04-27,Allan Aal,Grêmio Novorizontino,0,2022-02-14,2022-06-19,0
2022,Novorizontino,4,2022-05-01,Allan Aal,Grêmio Novorizontino,0,2022-02-14,2022-06-19,0
2022,Novorizontino,5,2022-05-05,Allan Aal,Grêmio Novorizontino,0,2022-02-14,2022-06-19,0
2022,Novorizontino,6,2022-05-08,Allan Aal,Grêmio Novorizontino,0,2022-02-14,2022-06-19,0
2022,Novorizontino,7,2022-05-14,Allan Aal,Grêmio Novorizontino,0,2022-02-14,2022-06-19,0
2022,Novorizontino,8,2022-05-18,Allan Aal,Grêmio Novorizontino,0,2022-02-14,2022-06-19,0
2022,Novorizontino,9,2022-05-28,Allan Aal,Grêmio Novorizontino,0,2022-02-14,2022-06-19,0
2022,Novorizontino,10,2022-06-04,Allan Aal,Grêmio Novorizontino,0,2022-02-14,2022-06-19,0
2022,Novorizontino,11,2022-06-08,Allan Aal,Grêmio Novorizontino,0,2022-02-14,2022-06-19,0
2022,Novorizontino,12,2022-06-12,Allan Aal,Grêmio Novorizontino,0,2022-02-14,2022-06-19,0
2022,Novorizontino,13,2022-06-18,Allan Aal,Grêmio Novorizontino,0,2022-02-14,2022-06-19,0
2022,Novorizontino,14,2022-06-25,Rafael Guanaes,Grêmio Novorizontino,0,2022-06-22,2022-09-03,0
2022,Novorizontino,15,2022-06-30,Rafael Guanaes,Grêmio Novorizontino,0,2022-06-22,2022-09-03,0
2022,Novorizontino,16,2022-07-02,Rafael Guanaes,Grêmio Novorizontino,0,2022-06-22,2022-09-03,0
2022,Novorizontino,17,2022-07-07,Rafael Guanaes,Grêmio Novorizontino,0,2022-06-22,2022-09-03,0
2022,Novorizontino,18,2022-07-17,Rafael Guanaes,Grêmio Novorizontino,0,2022-06-22,2022-09-03,0
2022,Novorizontino,19,2022-07-21,Rafael Guanaes,Grêmio Novorizontino,0,2022-06-22,2022-09-03,0
2022,Novorizontino,20,2022-07-24,Rafael Guanaes,Grêmio Novorizontino,0,2022-06-22,2022-09-03,0
2022,Novorizontino,21,2022-07-30,Rafael Guanaes,Grêmio Novorizontino,0,2022-06-22,2022-09-03,0
2022,Novorizontino,22,2022-08-07,Rafael Guanaes,Grêmio Novorizontino,0,2022-06-22,2022-09-03,0
2022,Novorizontino,23,2022-08-11,Rafael Guanaes,Grêmio Novorizontino,0,2022-06-22,2022-09-03,0
2022,Novorizontino,24,2022-08-14,Rafael Guanaes,Grêmio Novorizontino,0,2022-06-22,2022-09-03,0
2022,Novorizontino,25,2022-08-20,Rafael Guanaes,Grêmio Novorizontino,0,2022-06-22,2022-09-03,0
2022,Novorizontino,26,2022-08-26,Rafael Guanaes,Grêmio Novorizontino,0,2022-06-22,2022-09-03,0
2022,Novorizontino,27,2022-08-31,Rafael Guanaes,Grêmio Novorizontino,0,2022-06-22,2022-09-03,0
2022,Novorizontino,28,2022-09-03,Rafael Guanaes,Grêmio Novorizontino,0,2022-06-22,2022-09-03,0
2022,Novorizontino,29,2022-09-08,Mazola Júnior,Grêmio Novorizontino,0,2022-09-05,2022-11-08,0
2022,Novorizontino,30,2022-09-17,Mazola Júnior,Grêmio Novorizontino,0,2022-09-05,2022-11-08,0
2022,Novorizontino,31,2022-09-21,Mazola Júnior,Grêmio Novorizontino,0,2022-09-05,2022-11-08,0
2022,Novorizontino,32,2022-09-30,Mazola Júnior,Grêmio Novorizontino,0,2022-09-05,2022-11-08,0
2022,Novorizontino,33,2022-10-05,Mazola Júnior,Grêmio Novorizontino,0,2022-09-05,2022-11-08,0
2022,Novorizontino,34,2022-10-08,Mazola Júnior,Grêmio Novorizontino,0,2022-09-05,2022-11-08,0
2022,Novorizontino,35,2022-10-15,Mazola Júnior,Grêmio Novorizontino,0,2022-09-05,2022-11-08,0
2022,Novorizontino,36,2022-10-19,Mazola Júnior,Grêmio Novorizontino,0,2022-09-05,2022-11-08,0
2022,Novorizontino,37,2022-10-28,Mazola Júnior,Grêmio Novorizontino,0,2022-09-05,2022-11-08,0
2022,Novorizontino,38,2022-11-06,Mazola Júnior,Grêmio Novorizontino,0,2022-09-05,2022-11-08,0
2023,Novorizontino,1,2023-04-15,Eduardo Baptista,Grêmio Novorizontino,0,2022-11-16,2025-04-03,0
2023,Novorizontino,2,2023-04-22,Eduardo Baptista,Grêmio Novorizontino,0,2022-11-16,2025-04-03,0
2023,Novorizontino,3,2023-04-30,Eduardo Baptista,Grêmio Novorizontino,0,2022-11-16,2025-04-03,0
2023,Novorizontino,4,2023-05-04,Eduardo Baptista,Grêmio Novorizontino,0,2022-11-16,2025-04-03,0
2023,Novorizontino,5,2023-05-07,Eduardo Baptista,Grêmio Novorizontino,0,2022-11-16,2025-04-03,0
2023,Novorizontino,6,2023-05-13,Eduardo Baptista,Grêmio Novorizontino,0,2022-11-16,2025-04-03,0
2023,Novorizontino,7,2023-05-20,Eduardo Baptista,Grêmio Novorizontino,0,2022-11-16,2025-04-03,0
2023,Novorizontino,8,2023-05-24,Eduardo Baptista,Grêmio Novorizontino,0,2022-11-16,2025-04-03,0
2023,Novorizontino,9,2023-05-28,Eduardo Baptista,Grêmio Novorizontino,0,2022-11-16,2025-04-03,0
2023,Novorizontino,10,2023-06-03,Eduardo Baptista,Grêmio Novorizontino,0,2022-11-16,2025-04-03,0
2023,Novorizontino,11,2023-06-08,Eduardo Baptista,Grêmio Novorizontino,0,2022-11-16,2025-04-03,0
2023,Novorizontino,12,2023-06-10,Eduardo Baptista,Grêmio Novorizontino,0,2022-11-16,2025-04-03,0
2023,Novorizontino,13,2023-06-24,Eduardo Baptista,Grêmio Novorizontino,0,2022-11-16,2025-04-03,0
2023,Novorizontino,14,2023-06-28,Eduardo Baptista,Grêmio Novorizontino,0,2022-11-16,2025-04-03,0
2023,Novorizontino,15,2023-07-03,Eduardo Baptista,Grêmio Novorizontino,0,2022-11-16,2025-04-03,0
2023,Novorizontino,16,2023-07-08,Eduardo Baptista,Grêmio Novorizontino,0,2022-11-16,2025-04-03,0
2023,Novorizontino,17,2023-07-16,Eduardo Baptista,Grêmio Novorizontino,0,2022-11-16,2025-04-03,0
2023,Novorizontino,18,2023-07-20,Eduardo Baptista,Grêmio Novorizontino,0,2022-11-16,2025-04-03,0
2023,Novorizontino,19,2023-07-22,Eduardo Baptista,Grêmio Novorizontino,0,2022-11-16,2025-04-03,0
2023,Novorizontino,20,2023-07-30,Eduardo Baptista,Grêmio Novorizontino,0,2022-11-16,2025-04-03,0
2023,Novorizontino,21,2023-08-03,Eduardo Baptista,Grêmio Novorizontino,0,2022-11-16,2025-04-03,0
2023,Novorizontino,22,2023-08-05,Eduardo Baptista,Grêmio Novorizontino,0,2022-11-16,2025-04-03,0
2023,Novorizontino,23,2023-08-12,Eduardo Baptista,Grêmio Novorizontino,0,2022-11-16,2025-04-03,0
2023,Novorizontino,24,2023-08-20,Eduardo Baptista,Grêmio Novorizontino,0,2022-11-16,2025-04-03,0
2023,Novorizontino,25,2023-08-26,Eduardo Baptista,Grêmio Novorizontino,0,2022-11-16,2025-04-03,0
2023,Novorizontino,26,2023-08-31,Eduardo Baptista,Grêmio Novorizontino,0,2022-11-16,2025-04-03,0
2023,Novorizontino,27,2023-09-12,Eduardo Baptista,Grêmio Novorizontino,0,2022-11-16,2025-04-03,0
2023,Novorizontino,28,2023-09-19,Eduardo Baptista,Grêmio Novorizontino,0,2022-11-16,2025-04-03,0
2023,Novorizontino,29,2023-09-26,Eduardo Baptista,Grêmio Novorizontino,0,2022-11-16,2025-04-03,0
2023,Novorizontino,30,2023-09-30,Eduardo Baptista,Grêmio Novorizontino,0,2022-11-16,2025-04-03,0
2023,Novorizontino,31,2023-10-07,Eduardo Baptista,Grêmio Novorizontino,0,2022-11-16,2025-04-03,0
2023,Novorizontino,32,2023-10-14,Eduardo Baptista,Grêmio Novorizontino,0,2022-11-16,2025-04-03,0
2023,Novorizontino,33,2023-10-21,Eduardo Baptista,Grêmio Novorizontino,0,2022-11-16,2025-04-03,0
2023,Novorizontino,34,2023-10-28,Eduardo Baptista,Grêmio Novorizontino,0,2022-11-16,2025-04-03,0
2023,Novorizontino,35,2023-11-02,Eduardo Baptista,Grêmio Novorizontino,0,2022-11-16,2025-04-03,0
2023,Novorizontino,36,2023-11-12,Eduardo Baptista,Grêmio Novorizontino,0,2022-11-16,2025-04-03,0
2023,Novorizontino,37,2023-11-18,Eduardo Baptista,Grêmio Novorizontino,0,2022-11-16,2025-04-03,0
2023,Novorizontino,38,2023-11-25,Eduardo Baptista,Grêmio Novorizontino,0,2022-11-16,2025-04-03,0
2024,Novorizontino,1,2024-04-20,Eduardo Baptista,Grêmio Novorizontino,0,2022-11-16,2025-04-03,0
2024,Novorizontino,2,2024-04-27,Eduardo Baptista,Grêmio Novorizontino,0,2022-11-16,2025-04-03,0
2024,Novorizontino,3,2024-05-05,Eduardo Baptista,Grêmio Novorizontino,0,2022-11-16,2025-04-03,0
2024,Novorizontino,4,2024-05-11,Eduardo Baptista,Grêmio Novorizontino,0,2022-11-16,2025-04-03,0
2024,Novorizontino,5,2024-05-15,Eduardo Baptista,Grêmio Novorizontino,0,2022-11-16,2025-04-03,0
2024,Novorizontino,6,2024-05-18,Eduardo Baptista,Grêmio Novorizontino,0,2022-11-16,2025-04-03,0
2024,Novorizontino,7,2024-05-28,Eduardo Baptista,Grêmio Novorizontino,0,2022-11-16,2025-04-03,0
2024,Novorizontino,8,2024-06-01,Eduardo Baptista,Grêmio Novorizontino,0,2022-11-16,2025-04-03,0
2024,Novorizontino,9,2024-06-08,Eduardo Baptista,Grêmio Novorizontino,0,2022-11-16,2025-04-03,0
2024,Novorizontino,10,2024-06-15,Eduardo Baptista,Grêmio Novorizontino,0,2022-11-16,2025-04-03,0
2024,Novorizontino,11,2024-06-19,Eduardo Baptista,Grêmio Novorizontino,0,2022-11-16,2025-04-03,0
2024,Novorizontino,12,2024-06-25,Eduardo Baptista,Grêmio Novorizontino,0,2022-11-16,2025-04-03,0
2024,Novorizontino,13,2024-07-03,Eduardo Baptista,Grêmio Novorizontino,0,2022-11-16,2025-04-03,0
2024,Novorizontino,14,2024-07-09,Eduardo Baptista,Grêmio Novorizontino,0,2022-11-16,2025-04-03,0
2024,Novorizontino,15,2024-07-13,Eduardo Baptista,Grêmio Novorizontino,0,2022-11-16,2025-04-03,0
2024,Novorizontino,16,2024-07-19,Eduardo Baptista,Grêmio Novorizontino,0,2022-11-16,2025-04-03,0
2024,Novorizontino,17,2024-07-24,Eduardo Baptista,Grêmio Novorizontino,0,2022-11-16,2025-04-03,0
2024,Novorizontino,18,2024-07-29,Eduardo Baptista,Grêmio Novorizontino,0,2022-11-16,2025-04-03,0
2024,Novorizontino,19,2024-08-04,Eduardo Baptista,Grêmio Novorizontino,0,2022-11-16,2025-04-03,0
2024,Novorizontino,20,2024-08-11,Eduardo Baptista,Grêmio Novorizontino,0,2022-11-16,2025-04-03,0
2024,Novorizontino,21,2024-08-17,Eduardo Baptista,Grêmio Novorizontino,0,2022-11-16,2025-04-03,0
2024,Novorizontino,22,2024-08-21,Eduardo Baptista,Grêmio Novorizontino,0,2022-11-16,2025-04-03,0
2024,Novorizontino,23,2024-08-27,Eduardo Baptista,Grêmio Novorizontino,0,2022-11-16,2025-04-03,0
2024,Novorizontino,24,2024-08-31,Eduardo Baptista,Grêmio Novorizontino,0,2022-11-16,2025-04-03,0
2024,Novorizontino,25,2024-09-08,Eduardo Baptista,Grêmio Novorizontino,0,2022-11-16,2025-04-03,0
2024,Novorizontino,26,2024-09-14,Eduardo Baptista,Grêmio Novorizontino,0,2022-11-16,2025-04-03,0
2024,Novorizontino,27,2024-09-18,Eduardo Baptista,Grêmio Novorizontino,0,2022-11-16,2025-04-03,0
2024,Novorizontino,28,2024-09-24,Eduardo Baptista,Grêmio Novorizontino,0,2022-11-16,2025-04-03,0
2024,Novorizontino,29,2024-10-01,Eduardo Baptista,Grêmio Novorizontino,0,2022-11-16,2025-04-03,0
2024,Novorizontino,30,2024-10-05,Eduardo Baptista,Grêmio Novorizontino,0,2022-11-16,2025-04-03,0
2024,Novorizontino,31,2024-10-11,Eduardo Baptista,Grêmio Novorizontino,0,2022-11-16,2025-04-03,0
2024,Novorizontino,32,2024-10-19,Eduardo Baptista,Grêmio Novorizontino,0,2022-11-16,2025-04-03,0
2024,Novorizontino,33,2024-10-23,Eduardo Baptista,Grêmio Novorizontino,0,2022-11-16,2025-04-03,0
2024,Novorizontino,34,2024-10-30,Eduardo Baptista,Grêmio Novorizontino,0,2022-11-16,2025-04-03,0
2024,Novorizontino,35,2024-11-02,Eduardo Baptista,Grêmio Novorizontino,0,2022-11-16,2025-04-03,0
2024,Novorizontino,36,2024-11-09,Eduardo Baptista,Grêmio Novorizontino,0,2022-11-16,2025-04-03,0
2024,Novorizontino,37,2024-11-16,Eduardo Baptista,Grêmio Novorizontino,0,2022-11-16,2025-04-03,0
2024,Novorizontino,38,2024-11-24,Eduardo Baptista,Grêmio Novorizontino,0,2022-11-16,2025-04-03,0
2025,Novorizontino,1,2025-04-07,Ben-Hur,Grêmio Novorizontino,1,2025-04-04,2025-04-07,0
2025,Novorizontino,2,2025-04-13,Umberto Louzer,Grêmio Novorizontino,0,2025-04-04,2025-08-25,0
2025,Novorizontino,3,2025-04-17,Umberto Louzer,Grêmio Novorizontino,0,2025-04-04,2025-08-25,0
2025,Novorizontino,4,2025-04-22,Umberto Louzer,Grêmio Novorizontino,0,2025-04-04,2025-08-25,0
2025,Novorizontino,5,2025-04-25,Umberto Louzer,Grêmio Novorizontino,0,2025-04-04,2025-08-25,0
2025,Novorizontino,6,2025-05-04,Umberto Louzer,Grêmio Novorizontino,0,2025-04-04,2025-08-25,0
2025,Novorizontino,7,2025-05-11,Umberto Louzer,Grêmio Novorizontino,0,2025-04-04,2025-08-25,0
2025,Novorizontino,8,2025-05-18,Umberto Louzer,Grêmio Novorizontino,0,2025-04-04,2025-08-25,0
2025,Novorizontino,9,2025-05-25,Umberto Louzer,Grêmio Novorizontino,0,2025-04-04,2025-08-25,0
2025,Novorizontino,10,2025-05-31,Umberto Louzer,Grêmio Novorizontino,0,2025-04-04,2025-08-25,0
2025,Novorizontino,11,2025-06-07,Umberto Louzer,Grêmio Novorizontino,0,2025-04-04,2025-08-25,0
2025,Novorizontino,12,2025-06-15,Umberto Louzer,Grêmio Novorizontino,0,2025-04-04,2025-08-25,0
2025,Novorizontino,13,2025-06-24,Umberto Louzer,Grêmio Novorizontino,0,2025-04-04,2025-08-25,0
2025,Novorizontino,14,2025-06-30,Umberto Louzer,Grêmio Novorizontino,0,2025-04-04,2025-08-25,0
2025,Novorizontino,15,2025-07-06,Umberto Louzer,Grêmio Novorizontino,0,2025-04-04,2025-08-25,0
2025,Novorizontino,16,2025-07-12,Umberto Louzer,Grêmio Novorizontino,0,2025-04-04,2025-08-25,0
2025,Novorizontino,17,2025-07-18,Umberto Louzer,Grêmio Novorizontino,0,2025-04-04,2025-08-25,0
2025,Novorizontino,18,2025-07-24,Umberto Louzer,Grêmio Novorizontino,0,2025-04-04,2025-08-25,0
2025,Novorizontino,19,2025-07-27,Umberto Louzer,Grêmio Novorizontino,0,2025-04-04,2025-08-25,0
2025,Novorizontino,20,2025-08-03,Umberto Louzer,Grêmio Novorizontino,0,2025-04-04,2025-08-25,0
2025,Novorizontino,21,2025-08-10,Umberto Louzer,Grêmio Novorizontino,0,2025-04-04,2025-08-25,0
2025,Novorizontino,22,2025-08-15,Umberto Louzer,Grêmio Novorizontino,0,2025-04-04,2025-08-25,0
2025,Novorizontino,23,2025-08-23,Umberto Louzer,Grêmio Novorizontino,0,2025-04-04,2025-08-25,0
2025,Novorizontino,24,2025-08-31,Enderson Moreira,Grêmio Novorizontino,0,2025-08-26,,0
2025,Novorizontino,25,2025-09-09,Enderson Moreira,Grêmio Novorizontino,0,2025-08-26,,0
2025,Novorizontino,26,2025-09-16,Enderson Moreira,Grêmio Novorizontino,0,2025-08-26,,0
2025,Novorizontino,27,2025-09-20,Enderson Moreira,Grêmio Novorizontino,0,2025-08-26,,0
2025,Novorizontino,28,2025-09-24,Enderson Moreira,Grêmio Novorizontino,0,2025-08-26,,0
2025,Novorizontino,29,2025-09-28,Enderson Moreira,Grêmio Novorizontino,0,2025-08-26,,0
2025,Novorizontino,30,2025-10-04,Enderson Moreira,Grêmio Novorizontino,0,2025-08-26,,0
2025,Novorizontino,31,2025-10-09,Enderson Moreira,Grêmio Novorizontino,0,2025-08-26,,0
2025,Novorizontino,32,2025-10-12,Enderson Moreira,Grêmio Novorizontino,0,2025-08-26,,0
2025,Novorizontino,33,2025-10-18,Enderson Moreira,Grêmio Novorizontino,0,2025-08-26,,0
2025,Novorizontino,34,2025-10-25,Enderson Moreira,Grêmio Novorizontino,0,2025-08-26,,0
2025,Novorizontino,35,2025-11-03,Enderson Moreira,Grêmio Novorizontino,0,2025-08-26,,0
2025,Novorizontino,36,2025-11-08,Enderson Moreira,Grêmio Novorizontino,0,2025-08-26,,0
2025,Novorizontino,37,2025-11-16,Enderson Moreira,Grêmio Novorizontino,0,2025-08-26,,0
2025,Novorizontino,38,2025-11-22,Enderson Moreira,Grêmio Novorizontino,0,2025-08-26,,0
2026,Novorizontino,1,2026-03-23,Enderson Moreira,Grêmio Novorizontino,0,2025-08-26,,0
2026,Novorizontino,2,2026-03-31,Enderson Moreira,Grêmio Novorizontino,0,2025-08-26,,0
2026,Novorizontino,3,2026-04-05,Enderson Moreira,Grêmio Novorizontino,0,2025-08-26,,0
2026,Novorizontino,4,2026-04-12,Jean Paulista,Grêmio Novorizontino,1,2026-04-08,2026-05-08,0
2026,Novorizontino,5,2026-04-20,Jean Paulista,Grêmio Novorizontino,1,2026-04-08,2026-05-08,0
2026,Novorizontino,6,2026-04-26,Jean Paulista,Grêmio Novorizontino,1,2026-04-08,2026-05-08,0
2026,Novorizontino,7,2026-05-04,Jean Paulista,Grêmio Novorizontino,1,2026-04-08,2026-05-08,0
2026,Novorizontino,8,2026-05-11,Enderson Moreira,Grêmio Novorizontino,0,2025-08-26,,0
2026,Novorizontino,9,2026-05-17,Enderson Moreira,Grêmio Novorizontino,0,2025-08-26,,0
2026,Novorizontino,10,2026-05-23,Enderson Moreira,Grêmio Novorizontino,0,2025-08-26,,0
2026,Novorizontino,11,2026-05-31,Enderson Moreira,Grêmio Novorizontino,0,2025-08-26,,0
2026,Novorizontino,12,2026-06-11,Enderson Moreira,Grêmio Novorizontino,0,2025-08-26,,0
2026,Novorizontino,13,2026-06-15,Enderson Moreira,Grêmio Novorizontino,0,2025-08-26,,0
2026,Novorizontino,14,2026-06-23,Enderson Moreira,Grêmio Novorizontino,0,2025-08-26,,0
2026,Novorizontino,15,2026-06-27,Enderson Moreira,Grêmio Novorizontino,0,2025-08-26,,0
2026,Novorizontino,16,2026-07-04,Enderson Moreira,Grêmio Novorizontino,0,2025-08-26,,0
2026,Novorizontino,17,2026-07-12,Enderson Moreira,Grêmio Novorizontino,0,2025-08-26,,0
2026,Novorizontino,18,2026-07-18,Enderson Moreira,Grêmio Novorizontino,0,2025-08-26,,0
2026,Novorizontino,19,2026-07-22,Enderson Moreira,Grêmio Novorizontino,0,2025-08-26,,0
2026,Novorizontino,20,2026-07-26,Enderson Moreira,Grêmio Novorizontino,0,2025-08-26,,0
2026,Novorizontino,21,2026-08-09,Enderson Moreira,Grêmio Novorizontino,0,2025-08-26,,0
2026,Novorizontino,22,2026-08-16,Enderson Moreira,Grêmio Novorizontino,0,2025-08-26,,0
2026,Novorizontino,23,2026-08-21,Enderson Moreira,Grêmio Novorizontino,0,2025-08-26,,0
2026,Novorizontino,24,2026-08-25,Enderson Moreira,Grêmio Novorizontino,0,2025-08-26,,0
2026,Novorizontino,25,2026-08-29,Enderson Moreira,Grêmio Novorizontino,0,2025-08-26,,0
2026,Novorizontino,26,2026-09-05,Enderson Moreira,Grêmio Novorizontino,0,2025-08-26,,0
2026,Novorizontino,27,2026-09-10,Enderson Moreira,Grêmio Novorizontino,0,2025-08-26,,0
2020,Náutico,1,2020-08-09,Gilmar Dal Pozzo,Náutico,0,2019-05-13,2020-08-12,0
2020,Náutico,2,2020-08-12,Gilmar Dal Pozzo,Náutico,0,2019-05-13,2020-08-12,0
2020,Náutico,3,2020-08-16,Dudu Capixaba,Náutico,1,2020-08-14,2020-08-20,0
2020,Náutico,4,2020-08-20,Dudu Capixaba,Náutico,1,2020-08-14,2020-08-20,0
2020,Náutico,5,2020-08-22,Gilson Kleina,Náutico,0,2020-08-21,2020-11-18,0
2020,Náutico,6,2020-08-29,Gilson Kleina,Náutico,0,2020-08-21,2020-11-18,0
2020,Náutico,7,2020-09-02,Gilson Kleina,Náutico,0,2020-08-21,2020-11-18,0
2020,Náutico,8,2020-09-06,Gilson Kleina,Náutico,0,2020-08-21,2020-11-18,0
2020,Náutico,9,2020-09-13,Gilson Kleina,Náutico,0,2020-08-21,2020-11-18,0
2020,Náutico,10,2020-09-19,Gilson Kleina,Náutico,0,2020-08-21,2020-11-18,0
2020,Náutico,11,2020-09-30,Gilson Kleina,Náutico,0,2020-08-21,2020-11-18,0
2020,Náutico,12,2020-10-03,Gilson Kleina,Náutico,0,2020-08-21,2020-11-18,0
2020,Náutico,13,2020-10-07,Gilson Kleina,Náutico,0,2020-08-21,2020-11-18,0
2020,Náutico,14,2020-10-10,Gilson Kleina,Náutico,0,2020-08-21,2020-11-18,0
2020,Náutico,15,2020-10-13,Gilson Kleina,Náutico,0,2020-08-21,2020-11-18,0
2020,Náutico,16,2020-10-21,Gilson Kleina,Náutico,0,2020-08-21,2020-11-18,0
2020,Náutico,17,2020-10-25,Gilson Kleina,Náutico,0,2020-08-21,2020-11-18,0
2020,Náutico,18,2020-11-01,Gilson Kleina,Náutico,0,2020-08-21,2020-11-18,0
2020,Náutico,19,2020-11-06,Gilson Kleina,Náutico,0,2020-08-21,2020-11-18,0
2020,Náutico,20,2020-11-13,Gilson Kleina,Náutico,0,2020-08-21,2020-11-18,0
2020,Náutico,21,2020-11-17,Gilson Kleina,Náutico,0,2020-08-21,2020-11-18,0
2020,Náutico,22,2020-11-21,Hélio dos Anjos,Náutico,0,2020-11-20,2021-08-18,0
2020,Náutico,23,2020-11-25,Hélio dos Anjos,Náutico,0,2020-11-20,2021-08-18,0
2020,Náutico,24,2020-11-29,Hélio dos Anjos,Náutico,0,2020-11-20,2021-08-18,0
2020,Náutico,25,2020-12-01,Hélio dos Anjos,Náutico,0,2020-11-20,2021-08-18,0
2020,Náutico,26,2020-12-06,Hélio dos Anjos,Náutico,0,2020-11-20,2021-08-18,0
2020,Náutico,27,2020-12-11,Hélio dos Anjos,Náutico,0,2020-11-20,2021-08-18,0
2020,Náutico,28,2020-12-13,Hélio dos Anjos,Náutico,0,2020-11-20,2021-08-18,0
2020,Náutico,29,2020-12-16,Hélio dos Anjos,Náutico,0,2020-11-20,2021-08-18,0
2020,Náutico,30,2020-12-19,Hélio dos Anjos,Náutico,0,2020-11-20,2021-08-18,0
2020,Náutico,31,2020-12-23,Hélio dos Anjos,Náutico,0,2020-11-20,2021-08-18,0
2021,Náutico,1,2021-01-05,Hélio dos Anjos,Náutico,0,2020-11-20,2021-08-18,0
2021,Náutico,2,2021-01-08,Hélio dos Anjos,Náutico,0,2020-11-20,2021-08-18,0
2021,Náutico,3,2021-01-12,Hélio dos Anjos,Náutico,0,2020-11-20,2021-08-18,0
2021,Náutico,4,2021-01-17,Hélio dos Anjos,Náutico,0,2020-11-20,2021-08-18,0
2021,Náutico,5,2021-01-20,Hélio dos Anjos,Náutico,0,2020-11-20,2021-08-18,0
2021,Náutico,6,2021-01-24,Hélio dos Anjos,Náutico,0,2020-11-20,2021-08-18,0
2021,Náutico,7,2021-01-30,Hélio dos Anjos,Náutico,0,2020-11-20,2021-08-18,0
2021,Náutico,8,2021-05-29,Hélio dos Anjos,Náutico,0,2020-11-20,2021-08-18,0
2021,Náutico,9,2021-06-08,Hélio dos Anjos,Náutico,0,2020-11-20,2021-08-18,0
2021,Náutico,10,2021-06-12,Hélio dos Anjos,Náutico,0,2020-11-20,2021-08-18,0
2021,Náutico,11,2021-06-16,Hélio dos Anjos,Náutico,0,2020-11-20,2021-08-18,0
2021,Náutico,12,2021-06-20,Hélio dos Anjos,Náutico,0,2020-11-20,2021-08-18,0
2021,Náutico,13,2021-06-23,Hélio dos Anjos,Náutico,0,2020-11-20,2021-08-18,0
2021,Náutico,14,2021-06-27,Hélio dos Anjos,Náutico,0,2020-11-20,2021-08-18,0
2021,Náutico,15,2021-06-30,Hélio dos Anjos,Náutico,0,2020-11-20,2021-08-18,0
2021,Náutico,16,2021-07-03,Hélio dos Anjos,Náutico,0,2020-11-20,2021-08-18,0
2021,Náutico,17,2021-07-10,Hélio dos Anjos,Náutico,0,2020-11-20,2021-08-18,0
2021,Náutico,18,2021-07-13,Hélio dos Anjos,Náutico,0,2020-11-20,2021-08-18,0
2021,Náutico,19,2021-07-18,Hélio dos Anjos,Náutico,0,2020-11-20,2021-08-18,0
2021,Náutico,20,2021-07-22,Hélio dos Anjos,Náutico,0,2020-11-20,2021-08-18,0
2021,Náutico,21,2021-07-25,Hélio dos Anjos,Náutico,0,2020-11-20,2021-08-18,0
2021,Náutico,22,2021-07-31,Hélio dos Anjos,Náutico,0,2020-11-20,2021-08-18,0
2021,Náutico,23,2021-08-07,Hélio dos Anjos,Náutico,0,2020-11-20,2021-08-18,0
2021,Náutico,24,2021-08-12,Hélio dos Anjos,Náutico,0,2020-11-20,2021-08-18,0
2021,Náutico,25,2021-08-15,Hélio dos Anjos,Náutico,0,2020-11-20,2021-08-18,0
2021,Náutico,26,2021-08-18,Hélio dos Anjos,Náutico,0,2020-11-20,2021-08-18,0
2021,Náutico,27,2021-08-25,Marcelo Chamusca,Náutico,0,2021-08-23,2021-09-22,0
2021,Náutico,28,2021-08-29,Marcelo Chamusca,Náutico,0,2021-08-23,2021-09-22,0
2021,Náutico,29,2021-09-04,Marcelo Chamusca,Náutico,0,2021-08-23,2021-09-22,0
2021,Náutico,30,2021-09-11,Marcelo Chamusca,Náutico,0,2021-08-23,2021-09-22,0
2021,Náutico,31,2021-09-18,Marcelo Chamusca,Náutico,0,2021-08-23,2021-09-22,0
2021,Náutico,32,2021-09-22,Marcelo Chamusca,Náutico,0,2021-08-23,2021-09-22,0
2021,Náutico,33,2021-09-25,Hélio dos Anjos,Náutico,0,2021-09-24,2022-02-10,0
2021,Náutico,34,2021-09-29,Hélio dos Anjos,Náutico,0,2021-09-24,2022-02-10,0
2021,Náutico,35,2021-10-02,Hélio dos Anjos,Náutico,0,2021-09-24,2022-02-10,0
2021,Náutico,36,2021-10-06,Hélio dos Anjos,Náutico,0,2021-09-24,2022-02-10,0
2021,Náutico,37,2021-10-16,Hélio dos Anjos,Náutico,0,2021-09-24,2022-02-10,0
2021,Náutico,38,2021-10-24,Hélio dos Anjos,Náutico,0,2021-09-24,2022-02-10,0
2021,Náutico,39,2021-10-29,Hélio dos Anjos,Náutico,0,2021-09-24,2022-02-10,0
2021,Náutico,40,2021-11-02,Hélio dos Anjos,Náutico,0,2021-09-24,2022-02-10,0
2021,Náutico,41,2021-11-06,Hélio dos Anjos,Náutico,0,2021-09-24,2022-02-10,0
2021,Náutico,42,2021-11-09,Hélio dos Anjos,Náutico,0,2021-09-24,2022-02-10,0
2021,Náutico,43,2021-11-15,Hélio dos Anjos,Náutico,0,2021-09-24,2022-02-10,0
2021,Náutico,44,2021-11-21,Hélio dos Anjos,Náutico,0,2021-09-24,2022-02-10,0
2021,Náutico,45,2021-11-26,Hélio dos Anjos,Náutico,0,2021-09-24,2022-02-10,0
2022,Náutico,1,2022-04-10,Felipe Conceição,Náutico,0,2022-02-16,2022-04-11,0
2022,Náutico,3,2022-04-24,Roberto Fernandes,Náutico,0,2022-04-19,2022-07-18,0
2022,Náutico,4,2022-04-28,Roberto Fernandes,Náutico,0,2022-04-19,2022-07-18,0
2022,Náutico,5,2022-05-04,Roberto Fernandes,Náutico,0,2022-04-19,2022-07-18,0
2022,Náutico,6,2022-05-07,Roberto Fernandes,Náutico,0,2022-04-19,2022-07-18,0
2022,Náutico,7,2022-05-15,Roberto Fernandes,Náutico,0,2022-04-19,2022-07-18,0
2022,Náutico,8,2022-05-20,Roberto Fernandes,Náutico,0,2022-04-19,2022-07-18,0
2022,Náutico,9,2022-05-27,Roberto Fernandes,Náutico,0,2022-04-19,2022-07-18,0
2022,Náutico,10,2022-06-05,Roberto Fernandes,Náutico,0,2022-04-19,2022-07-18,0
2022,Náutico,11,2022-06-08,Roberto Fernandes,Náutico,0,2022-04-19,2022-07-18,0
2022,Náutico,12,2022-06-11,Roberto Fernandes,Náutico,0,2022-04-19,2022-07-18,0
2022,Náutico,13,2022-06-18,Roberto Fernandes,Náutico,0,2022-04-19,2022-07-18,0
2022,Náutico,14,2022-06-26,Roberto Fernandes,Náutico,0,2022-04-19,2022-07-18,0
2022,Náutico,15,2022-06-30,Roberto Fernandes,Náutico,0,2022-04-19,2022-07-18,0
2022,Náutico,16,2022-07-02,Roberto Fernandes,Náutico,0,2022-04-19,2022-07-18,0
2022,Náutico,17,2022-07-09,Roberto Fernandes,Náutico,0,2022-04-19,2022-07-18,0
2022,Náutico,18,2022-07-17,Roberto Fernandes,Náutico,0,2022-04-19,2022-07-18,0
2022,Náutico,19,2022-07-21,Dudu Capixaba,Náutico,1,2022-07-18,2022-07-22,0
2022,Náutico,20,2022-07-23,Elano,Náutico,0,2022-07-22,2022-08-21,0
2022,Náutico,21,2022-07-30,Elano,Náutico,0,2022-07-22,2022-08-21,0
2022,Náutico,22,2022-08-06,Elano,Náutico,0,2022-07-22,2022-08-21,0
2022,Náutico,23,2022-08-11,Elano,Náutico,0,2022-07-22,2022-08-21,0
2022,Náutico,24,2022-08-13,Elano,Náutico,0,2022-07-22,2022-08-21,0
2022,Náutico,25,2022-08-20,Elano,Náutico,0,2022-07-22,2022-08-21,0
2022,Náutico,26,2022-08-27,Dado Cavalcanti,Náutico,0,2022-08-25,2023-05-15,0
2022,Náutico,27,2022-08-31,Dado Cavalcanti,Náutico,0,2022-08-25,2023-05-15,0
2022,Náutico,28,2022-09-03,Dado Cavalcanti,Náutico,0,2022-08-25,2023-05-15,0
2022,Náutico,29,2022-09-10,Dado Cavalcanti,Náutico,0,2022-08-25,2023-05-15,0
2022,Náutico,30,2022-09-17,Dado Cavalcanti,Náutico,0,2022-08-25,2023-05-15,0
2022,Náutico,31,2022-09-24,Dado Cavalcanti,Náutico,0,2022-08-25,2023-05-15,0
2022,Náutico,32,2022-09-29,Dado Cavalcanti,Náutico,0,2022-08-25,2023-05-15,0
2022,Náutico,33,2022-10-05,Dado Cavalcanti,Náutico,0,2022-08-25,2023-05-15,0
2022,Náutico,34,2022-10-08,Dado Cavalcanti,Náutico,0,2022-08-25,2023-05-15,0
2022,Náutico,35,2022-10-15,Dado Cavalcanti,Náutico,0,2022-08-25,2023-05-15,0
2022,Náutico,36,2022-10-23,Dado Cavalcanti,Náutico,0,2022-08-25,2023-05-15,0
2022,Náutico,37,2022-10-30,Dado Cavalcanti,Náutico,0,2022-08-25,2023-05-15,0
2022,Náutico,38,2022-11-05,Dado Cavalcanti,Náutico,0,2022-08-25,2023-05-15,0
2026,Náutico,1,2026-03-22,Hélio dos Anjos,Náutico,0,2025-04-15,,0
2026,Náutico,2,2026-04-02,Hélio dos Anjos,Náutico,0,2025-04-15,,0
2026,Náutico,3,2026-04-04,Hélio dos Anjos,Náutico,0,2025-04-15,,0
2026,Náutico,4,2026-04-12,Hélio dos Anjos,Náutico,0,2025-04-15,,0
2026,Náutico,5,2026-04-18,Hélio dos Anjos,Náutico,0,2025-04-15,,0
2026,Náutico,6,2026-04-28,Hélio dos Anjos,Náutico,0,2025-04-15,,0
2026,Náutico,7,2026-05-02,Hélio dos Anjos,Náutico,0,2025-04-15,,0
2026,Náutico,8,2026-05-10,Hélio dos Anjos,Náutico,0,2025-04-15,,0
2026,Náutico,9,2026-05-16,Hélio dos Anjos,Náutico,0,2025-04-15,,0
2026,Náutico,10,2026-05-23,Hélio dos Anjos,Náutico,0,2025-04-15,,0
2026,Náutico,11,2026-05-31,Hélio dos Anjos,Náutico,0,2025-04-15,,0
2026,Náutico,12,2026-06-10,Hélio dos Anjos,Náutico,0,2025-04-15,,0
2026,Náutico,13,2026-06-15,Hélio dos Anjos,Náutico,0,2025-04-15,,0
2026,Náutico,14,2026-06-21,Hélio dos Anjos,Náutico,0,2025-04-15,,0
2026,Náutico,15,2026-06-28,Hélio dos Anjos,Náutico,0,2025-04-15,,0
2026,Náutico,16,2026-07-06,Hélio dos Anjos,Náutico,0,2025-04-15,,0
2026,Náutico,17,2026-07-12,Hélio dos Anjos,Náutico,0,2025-04-15,,0
2026,Náutico,18,2026-07-17,Hélio dos Anjos,Náutico,0,2025-04-15,,0
2026,Náutico,19,2026-07-23,Hélio dos Anjos,Náutico,0,2025-04-15,,0
2026,Náutico,20,2026-07-26,Hélio dos Anjos,Náutico,0,2025-04-15,,0
2026,Náutico,21,2026-08-09,Hélio dos Anjos,Náutico,0,2025-04-15,,0
2026,Náutico,22,2026-08-15,Hélio dos Anjos,Náutico,0,2025-04-15,,0
2026,Náutico,23,2026-08-19,Hélio dos Anjos,Náutico,0,2025-04-15,,0
2026,Náutico,24,2026-08-23,Hélio dos Anjos,Náutico,0,2025-04-15,,0
2026,Náutico,25,2026-08-29,Hélio dos Anjos,Náutico,0,2025-04-15,,0
2026,Náutico,26,2026-09-04,Hélio dos Anjos,Náutico,0,2025-04-15,,0
2026,Náutico,27,2026-09-10,Hélio dos Anjos,Náutico,0,2025-04-15,,0
2018,Oeste,1,2018-04-14,Roberto Cavalo,Oeste FC,0,2017-01-01,2018-12-02,0
2018,Oeste,2,2018-04-21,Roberto Cavalo,Oeste FC,0,2017-01-01,2018-12-02,0
2018,Oeste,3,2018-04-28,Roberto Cavalo,Oeste FC,0,2017-01-01,2018-12-02,0
2018,Oeste,4,2018-05-05,Roberto Cavalo,Oeste FC,0,2017-01-01,2018-12-02,0
2018,Oeste,5,2018-05-12,Roberto Cavalo,Oeste FC,0,2017-01-01,2018-12-02,0
2018,Oeste,6,2018-05-19,Roberto Cavalo,Oeste FC,0,2017-01-01,2018-12-02,0
2018,Oeste,7,2018-05-26,Roberto Cavalo,Oeste FC,0,2017-01-01,2018-12-02,0
2018,Oeste,8,2018-06-03,Roberto Cavalo,Oeste FC,0,2017-01-01,2018-12-02,0
2018,Oeste,9,2018-06-06,Roberto Cavalo,Oeste FC,0,2017-01-01,2018-12-02,0
2018,Oeste,10,2018-06-09,Roberto Cavalo,Oeste FC,0,2017-01-01,2018-12-02,0
2018,Oeste,11,2018-06-17,Roberto Cavalo,Oeste FC,0,2017-01-01,2018-12-02,0
2018,Oeste,12,2018-06-24,Roberto Cavalo,Oeste FC,0,2017-01-01,2018-12-02,0
2018,Oeste,13,2018-06-27,Roberto Cavalo,Oeste FC,0,2017-01-01,2018-12-02,0
2018,Oeste,14,2018-07-05,Roberto Cavalo,Oeste FC,0,2017-01-01,2018-12-02,0
2018,Oeste,15,2018-07-10,Roberto Cavalo,Oeste FC,0,2017-01-01,2018-12-02,0
2018,Oeste,16,2018-07-22,Roberto Cavalo,Oeste FC,0,2017-01-01,2018-12-02,0
2018,Oeste,17,2018-07-25,Roberto Cavalo,Oeste FC,0,2017-01-01,2018-12-02,0
2018,Oeste,18,2018-07-28,Roberto Cavalo,Oeste FC,0,2017-01-01,2018-12-02,0
2018,Oeste,19,2018-08-04,Roberto Cavalo,Oeste FC,0,2017-01-01,2018-12-02,0
2018,Oeste,20,2018-08-11,Roberto Cavalo,Oeste FC,0,2017-01-01,2018-12-02,0
2018,Oeste,21,2018-08-18,Roberto Cavalo,Oeste FC,0,2017-01-01,2018-12-02,0
2018,Oeste,22,2018-08-22,Roberto Cavalo,Oeste FC,0,2017-01-01,2018-12-02,0
2018,Oeste,23,2018-08-25,Roberto Cavalo,Oeste FC,0,2017-01-01,2018-12-02,0
2018,Oeste,24,2018-08-29,Roberto Cavalo,Oeste FC,0,2017-01-01,2018-12-02,0
2018,Oeste,25,2018-09-04,Roberto Cavalo,Oeste FC,0,2017-01-01,2018-12-02,0
2018,Oeste,26,2018-09-07,Roberto Cavalo,Oeste FC,0,2017-01-01,2018-12-02,0
2018,Oeste,27,2018-09-16,Roberto Cavalo,Oeste FC,0,2017-01-01,2018-12-02,0
2018,Oeste,28,2018-09-22,Roberto Cavalo,Oeste FC,0,2017-01-01,2018-12-02,0
2018,Oeste,29,2018-09-29,Roberto Cavalo,Oeste FC,0,2017-01-01,2018-12-02,0
2018,Oeste,30,2018-10-03,Roberto Cavalo,Oeste FC,0,2017-01-01,2018-12-02,0
2018,Oeste,31,2018-10-13,Roberto Cavalo,Oeste FC,0,2017-01-01,2018-12-02,0
2018,Oeste,32,2018-10-20,Roberto Cavalo,Oeste FC,0,2017-01-01,2018-12-02,0
2018,Oeste,33,2018-10-27,Roberto Cavalo,Oeste FC,0,2017-01-01,2018-12-02,0
2018,Oeste,34,2018-11-03,Roberto Cavalo,Oeste FC,0,2017-01-01,2018-12-02,0
2018,Oeste,35,2018-11-07,Roberto Cavalo,Oeste FC,0,2017-01-01,2018-12-02,0
2018,Oeste,36,2018-11-10,Roberto Cavalo,Oeste FC,0,2017-01-01,2018-12-02,0
2018,Oeste,37,2018-11-18,Roberto Cavalo,Oeste FC,0,2017-01-01,2018-12-02,0
2018,Oeste,38,2018-11-24,Roberto Cavalo,Oeste FC,0,2017-01-01,2018-12-02,0
2019,Oeste,1,2019-04-27,Renan Freitas,Oeste FC,0,2018-12-07,2020-09-29,0
2019,Oeste,2,2019-05-01,Renan Freitas,Oeste FC,0,2018-12-07,2020-09-29,0
2019,Oeste,3,2019-05-12,Renan Freitas,Oeste FC,0,2018-12-07,2020-09-29,0
2019,Oeste,4,2019-05-15,Renan Freitas,Oeste FC,0,2018-12-07,2020-09-29,0
2019,Oeste,5,2019-05-25,Renan Freitas,Oeste FC,0,2018-12-07,2020-09-29,0
2019,Oeste,6,2019-06-01,Renan Freitas,Oeste FC,0,2018-12-07,2020-09-29,0
2019,Oeste,7,2019-06-08,Renan Freitas,Oeste FC,0,2018-12-07,2020-09-29,0
2019,Oeste,8,2019-06-12,Renan Freitas,Oeste FC,0,2018-12-07,2020-09-29,0
2019,Oeste,9,2019-07-13,Renan Freitas,Oeste FC,0,2018-12-07,2020-09-29,0
2019,Oeste,10,2019-07-20,Renan Freitas,Oeste FC,0,2018-12-07,2020-09-29,0
2019,Oeste,11,2019-07-24,Renan Freitas,Oeste FC,0,2018-12-07,2020-09-29,0
2019,Oeste,12,2019-07-27,Renan Freitas,Oeste FC,0,2018-12-07,2020-09-29,0
2019,Oeste,13,2019-07-31,Renan Freitas,Oeste FC,0,2018-12-07,2020-09-29,0
2019,Oeste,14,2019-08-03,Renan Freitas,Oeste FC,0,2018-12-07,2020-09-29,0
2019,Oeste,15,2019-08-09,Renan Freitas,Oeste FC,0,2018-12-07,2020-09-29,0
2019,Oeste,16,2019-08-14,Renan Freitas,Oeste FC,0,2018-12-07,2020-09-29,0
2019,Oeste,17,2019-08-20,Renan Freitas,Oeste FC,0,2018-12-07,2020-09-29,0
2019,Oeste,18,2019-08-24,Renan Freitas,Oeste FC,0,2018-12-07,2020-09-29,0
2019,Oeste,19,2019-08-28,Renan Freitas,Oeste FC,0,2018-12-07,2020-09-29,0
2019,Oeste,20,2019-08-31,Renan Freitas,Oeste FC,0,2018-12-07,2020-09-29,0
2019,Oeste,21,2019-09-07,Renan Freitas,Oeste FC,0,2018-12-07,2020-09-29,0
2019,Oeste,22,2019-09-14,Renan Freitas,Oeste FC,0,2018-12-07,2020-09-29,0
2019,Oeste,23,2019-09-22,Renan Freitas,Oeste FC,0,2018-12-07,2020-09-29,0
2019,Oeste,24,2019-09-25,Renan Freitas,Oeste FC,0,2018-12-07,2020-09-29,0
2019,Oeste,25,2019-09-29,Renan Freitas,Oeste FC,0,2018-12-07,2020-09-29,0
2019,Oeste,26,2019-10-05,Renan Freitas,Oeste FC,0,2018-12-07,2020-09-29,0
2019,Oeste,27,2019-10-09,Renan Freitas,Oeste FC,0,2018-12-07,2020-09-29,0
2019,Oeste,28,2019-10-12,Renan Freitas,Oeste FC,0,2018-12-07,2020-09-29,0
2019,Oeste,29,2019-10-16,Renan Freitas,Oeste FC,0,2018-12-07,2020-09-29,0
2019,Oeste,30,2019-10-19,Renan Freitas,Oeste FC,0,2018-12-07,2020-09-29,0
2019,Oeste,31,2019-10-26,Renan Freitas,Oeste FC,0,2018-12-07,2020-09-29,0
2019,Oeste,32,2019-11-02,Renan Freitas,Oeste FC,0,2018-12-07,2020-09-29,0
2019,Oeste,33,2019-11-05,Renan Freitas,Oeste FC,0,2018-12-07,2020-09-29,0
2019,Oeste,34,2019-11-09,Renan Freitas,Oeste FC,0,2018-12-07,2020-09-29,0
2019,Oeste,35,2019-11-12,Renan Freitas,Oeste FC,0,2018-12-07,2020-09-29,0
2019,Oeste,36,2019-11-16,Renan Freitas,Oeste FC,0,2018-12-07,2020-09-29,0
2019,Oeste,37,2019-11-20,Renan Freitas,Oeste FC,0,2018-12-07,2020-09-29,0
2019,Oeste,38,2019-11-30,Renan Freitas,Oeste FC,0,2018-12-07,2020-09-29,0
2020,Oeste,1,2020-08-09,Renan Freitas,Oeste FC,0,2018-12-07,2020-09-29,0
2020,Oeste,2,2020-08-12,Renan Freitas,Oeste FC,0,2018-12-07,2020-09-29,0
2020,Oeste,3,2020-08-15,Renan Freitas,Oeste FC,0,2018-12-07,2020-09-29,0
2020,Oeste,4,2020-08-19,Renan Freitas,Oeste FC,0,2018-12-07,2020-09-29,0
2020,Oeste,5,2020-08-22,Renan Freitas,Oeste FC,0,2018-12-07,2020-09-29,0
2020,Oeste,6,2020-08-29,Renan Freitas,Oeste FC,0,2018-12-07,2020-09-29,0
2020,Oeste,7,2020-09-01,Renan Freitas,Oeste FC,0,2018-12-07,2020-09-29,0
2020,Oeste,8,2020-09-05,Renan Freitas,Oeste FC,0,2018-12-07,2020-09-29,0
2020,Oeste,9,2020-09-13,Renan Freitas,Oeste FC,0,2018-12-07,2020-09-29,0
2020,Oeste,10,2020-09-20,Renan Freitas,Oeste FC,0,2018-12-07,2020-09-29,0
2020,Oeste,11,2020-09-26,Renan Freitas,Oeste FC,0,2018-12-07,2020-09-29,0
2020,Oeste,12,2020-09-30,Thiago Carpini,Oeste FC,0,2020-09-30,2020-10-19,0
2020,Oeste,13,2020-10-02,Thiago Carpini,Oeste FC,0,2020-09-30,2020-10-19,0
2020,Oeste,14,2020-10-06,Thiago Carpini,Oeste FC,0,2020-09-30,2020-10-19,0
2020,Oeste,15,2020-10-11,Thiago Carpini,Oeste FC,0,2020-09-30,2020-10-19,0
2020,Oeste,16,2020-10-17,Thiago Carpini,Oeste FC,0,2020-09-30,2020-10-19,0
2020,Oeste,17,2020-10-21,Sérgio Alexsandro,Oeste FC,1,2020-10-19,2020-10-23,0
2020,Oeste,18,2020-10-27,Roberto Cavalo,Oeste FC,0,2020-10-23,2021-07-09,0
2020,Oeste,19,2020-10-31,Roberto Cavalo,Oeste FC,0,2020-10-23,2021-07-09,0
2020,Oeste,20,2020-11-08,Roberto Cavalo,Oeste FC,0,2020-10-23,2021-07-09,0
2020,Oeste,21,2020-11-13,Roberto Cavalo,Oeste FC,0,2020-10-23,2021-07-09,0
2020,Oeste,22,2020-11-21,Roberto Cavalo,Oeste FC,0,2020-10-23,2021-07-09,0
2020,Oeste,23,2020-11-24,Roberto Cavalo,Oeste FC,0,2020-10-23,2021-07-09,0
2020,Oeste,24,2020-11-27,Roberto Cavalo,Oeste FC,0,2020-10-23,2021-07-09,0
2020,Oeste,25,2020-12-01,Roberto Cavalo,Oeste FC,0,2020-10-23,2021-07-09,0
2020,Oeste,26,2020-12-04,Roberto Cavalo,Oeste FC,0,2020-10-23,2021-07-09,0
2020,Oeste,27,2020-12-08,Roberto Cavalo,Oeste FC,0,2020-10-23,2021-07-09,0
2020,Oeste,28,2020-12-11,Roberto Cavalo,Oeste FC,0,2020-10-23,2021-07-09,0
2020,Oeste,29,2020-12-15,Roberto Cavalo,Oeste FC,0,2020-10-23,2021-07-09,0
2020,Oeste,30,2020-12-18,Roberto Cavalo,Oeste FC,0,2020-10-23,2021-07-09,0
2020,Oeste,31,2020-12-23,Roberto Cavalo,Oeste FC,0,2020-10-23,2021-07-09,0
2021,Oeste,1,2021-01-02,Roberto Cavalo,Oeste FC,0,2020-10-23,2021-07-09,0
2021,Oeste,2,2021-01-08,Roberto Cavalo,Oeste FC,0,2020-10-23,2021-07-09,0
2021,Oeste,3,2021-01-14,Roberto Cavalo,Oeste FC,0,2020-10-23,2021-07-09,0
2021,Oeste,4,2021-01-17,Roberto Cavalo,Oeste FC,0,2020-10-23,2021-07-09,0
2021,Oeste,5,2021-01-20,Roberto Cavalo,Oeste FC,0,2020-10-23,2021-07-09,0
2021,Oeste,6,2021-01-26,Roberto Cavalo,Oeste FC,0,2020-10-23,2021-07-09,0
2021,Oeste,7,2021-01-29,Roberto Cavalo,Oeste FC,0,2020-10-23,2021-07-09,0
2019,Operário-PR,1,2019-04-27,Gerson Gusmão,Operário FEC,0,2016-03-23,2020-10-21,0
2019,Operário-PR,2,2019-05-05,Gerson Gusmão,Operário FEC,0,2016-03-23,2020-10-21,0
2019,Operário-PR,3,2019-05-12,Gerson Gusmão,Operário FEC,0,2016-03-23,2020-10-21,0
2019,Operário-PR,4,2019-05-18,Gerson Gusmão,Operário FEC,0,2016-03-23,2020-10-21,0
2019,Operário-PR,5,2019-05-26,Gerson Gusmão,Operário FEC,0,2016-03-23,2020-10-21,0
2019,Operário-PR,6,2019-05-29,Gerson Gusmão,Operário FEC,0,2016-03-23,2020-10-21,0
2019,Operário-PR,7,2019-06-08,Gerson Gusmão,Operário FEC,0,2016-03-23,2020-10-21,0
2019,Operário-PR,8,2019-06-12,Gerson Gusmão,Operário FEC,0,2016-03-23,2020-10-21,0
2019,Operário-PR,9,2019-07-14,Gerson Gusmão,Operário FEC,0,2016-03-23,2020-10-21,0
2019,Operário-PR,10,2019-07-21,Gerson Gusmão,Operário FEC,0,2016-03-23,2020-10-21,0
2019,Operário-PR,11,2019-07-24,Gerson Gusmão,Operário FEC,0,2016-03-23,2020-10-21,0
2019,Operário-PR,12,2019-07-27,Gerson Gusmão,Operário FEC,0,2016-03-23,2020-10-21,0
2019,Operário-PR,13,2019-07-31,Gerson Gusmão,Operário FEC,0,2016-03-23,2020-10-21,0
2019,Operário-PR,14,2019-08-03,Gerson Gusmão,Operário FEC,0,2016-03-23,2020-10-21,0
2019,Operário-PR,15,2019-08-10,Gerson Gusmão,Operário FEC,0,2016-03-23,2020-10-21,0
2019,Operário-PR,16,2019-08-13,Gerson Gusmão,Operário FEC,0,2016-03-23,2020-10-21,0
2019,Operário-PR,17,2019-08-21,Gerson Gusmão,Operário FEC,0,2016-03-23,2020-10-21,0
2019,Operário-PR,18,2019-08-24,Gerson Gusmão,Operário FEC,0,2016-03-23,2020-10-21,0
2019,Operário-PR,19,2019-08-28,Gerson Gusmão,Operário FEC,0,2016-03-23,2020-10-21,0
2019,Operário-PR,20,2019-09-01,Gerson Gusmão,Operário FEC,0,2016-03-23,2020-10-21,0
2019,Operário-PR,21,2019-09-07,Gerson Gusmão,Operário FEC,0,2016-03-23,2020-10-21,0
2019,Operário-PR,22,2019-09-14,Gerson Gusmão,Operário FEC,0,2016-03-23,2020-10-21,0
2019,Operário-PR,23,2019-09-17,Gerson Gusmão,Operário FEC,0,2016-03-23,2020-10-21,0
2019,Operário-PR,24,2019-09-25,Gerson Gusmão,Operário FEC,0,2016-03-23,2020-10-21,0
2019,Operário-PR,25,2019-09-29,Gerson Gusmão,Operário FEC,0,2016-03-23,2020-10-21,0
2019,Operário-PR,26,2019-10-06,Gerson Gusmão,Operário FEC,0,2016-03-23,2020-10-21,0
2019,Operário-PR,27,2019-10-09,Gerson Gusmão,Operário FEC,0,2016-03-23,2020-10-21,0
2019,Operário-PR,28,2019-10-12,Gerson Gusmão,Operário FEC,0,2016-03-23,2020-10-21,0
2019,Operário-PR,29,2019-10-16,Gerson Gusmão,Operário FEC,0,2016-03-23,2020-10-21,0
2019,Operário-PR,30,2019-10-20,Gerson Gusmão,Operário FEC,0,2016-03-23,2020-10-21,0
2019,Operário-PR,31,2019-10-25,Gerson Gusmão,Operário FEC,0,2016-03-23,2020-10-21,0
2019,Operário-PR,32,2019-11-02,Gerson Gusmão,Operário FEC,0,2016-03-23,2020-10-21,0
2019,Operário-PR,33,2019-11-06,Gerson Gusmão,Operário FEC,0,2016-03-23,2020-10-21,0
2019,Operário-PR,34,2019-11-09,Gerson Gusmão,Operário FEC,0,2016-03-23,2020-10-21,0
2019,Operário-PR,35,2019-11-13,Gerson Gusmão,Operário FEC,0,2016-03-23,2020-10-21,0
2019,Operário-PR,36,2019-11-16,Gerson Gusmão,Operário FEC,0,2016-03-23,2020-10-21,0
2019,Operário-PR,37,2019-11-20,Gerson Gusmão,Operário FEC,0,2016-03-23,2020-10-21,0
2019,Operário-PR,38,2019-11-30,Gerson Gusmão,Operário FEC,0,2016-03-23,2020-10-21,0
2020,Operário-PR,1,2020-08-08,Gerson Gusmão,Operário FEC,0,2016-03-23,2020-10-21,0
2020,Operário-PR,2,2020-08-12,Gerson Gusmão,Operário FEC,0,2016-03-23,2020-10-21,0
2020,Operário-PR,3,2020-08-15,Gerson Gusmão,Operário FEC,0,2016-03-23,2020-10-21,0
2020,Operário-PR,4,2020-08-19,Gerson Gusmão,Operário FEC,0,2016-03-23,2020-10-21,0
2020,Operário-PR,5,2020-08-23,Gerson Gusmão,Operário FEC,0,2016-03-23,2020-10-21,0
2020,Operário-PR,6,2020-08-31,Gerson Gusmão,Operário FEC,0,2016-03-23,2020-10-21,0
2020,Operário-PR,7,2020-09-02,Gerson Gusmão,Operário FEC,0,2016-03-23,2020-10-21,0
2020,Operário-PR,8,2020-09-06,Gerson Gusmão,Operário FEC,0,2016-03-23,2020-10-21,0
2020,Operário-PR,9,2020-09-12,Gerson Gusmão,Operário FEC,0,2016-03-23,2020-10-21,0
2020,Operário-PR,10,2020-09-20,Gerson Gusmão,Operário FEC,0,2016-03-23,2020-10-21,0
2020,Operário-PR,11,2020-09-23,Gerson Gusmão,Operário FEC,0,2016-03-23,2020-10-21,0
2020,Operário-PR,12,2020-09-30,Gerson Gusmão,Operário FEC,0,2016-03-23,2020-10-21,0
2020,Operário-PR,13,2020-10-03,Gerson Gusmão,Operário FEC,0,2016-03-23,2020-10-21,0
2020,Operário-PR,14,2020-10-06,Gerson Gusmão,Operário FEC,0,2016-03-23,2020-10-21,0
2020,Operário-PR,15,2020-10-09,Gerson Gusmão,Operário FEC,0,2016-03-23,2020-10-21,0
2020,Operário-PR,16,2020-10-17,Gerson Gusmão,Operário FEC,0,2016-03-23,2020-10-21,0
2020,Operário-PR,17,2020-10-21,Gerson Gusmão,Operário FEC,0,2016-03-23,2020-10-21,0
2020,Operário-PR,18,2020-10-24,Matheus Costa,Operário FEC,0,2020-10-22,2021-09-29,0
2020,Operário-PR,19,2020-10-31,Matheus Costa,Operário FEC,0,2020-10-22,2021-09-29,0
2020,Operário-PR,20,2020-11-07,Matheus Costa,Operário FEC,0,2020-10-22,2021-09-29,0
2020,Operário-PR,21,2020-11-13,Matheus Costa,Operário FEC,0,2020-10-22,2021-09-29,0
2020,Operário-PR,22,2020-11-21,Matheus Costa,Operário FEC,0,2020-10-22,2021-09-29,0
2020,Operário-PR,23,2020-11-24,Matheus Costa,Operário FEC,0,2020-10-22,2021-09-29,0
2020,Operário-PR,24,2020-11-27,Matheus Costa,Operário FEC,0,2020-10-22,2021-09-29,0
2020,Operário-PR,25,2020-11-30,Matheus Costa,Operário FEC,0,2020-10-22,2021-09-29,0
2020,Operário-PR,26,2020-12-04,Matheus Costa,Operário FEC,0,2020-10-22,2021-09-29,0
2020,Operário-PR,27,2020-12-08,Matheus Costa,Operário FEC,0,2020-10-22,2021-09-29,0
2020,Operário-PR,28,2020-12-11,Matheus Costa,Operário FEC,0,2020-10-22,2021-09-29,0
2020,Operário-PR,29,2020-12-15,Matheus Costa,Operário FEC,0,2020-10-22,2021-09-29,0
2020,Operário-PR,30,2020-12-19,Matheus Costa,Operário FEC,0,2020-10-22,2021-09-29,0
2020,Operário-PR,31,2020-12-22,Matheus Costa,Operário FEC,0,2020-10-22,2021-09-29,0
2021,Operário-PR,1,2021-01-03,Matheus Costa,Operário FEC,0,2020-10-22,2021-09-29,0
2021,Operário-PR,2,2021-01-08,Matheus Costa,Operário FEC,0,2020-10-22,2021-09-29,0
2021,Operário-PR,3,2021-01-12,Matheus Costa,Operário FEC,0,2020-10-22,2021-09-29,0
2021,Operário-PR,4,2021-01-14,Matheus Costa,Operário FEC,0,2020-10-22,2021-09-29,0
2021,Operário-PR,5,2021-01-21,Matheus Costa,Operário FEC,0,2020-10-22,2021-09-29,0
2021,Operário-PR,6,2021-01-25,Matheus Costa,Operário FEC,0,2020-10-22,2021-09-29,0
2021,Operário-PR,7,2021-01-29,Matheus Costa,Operário FEC,0,2020-10-22,2021-09-29,0
2021,Operário-PR,8,2021-05-29,Matheus Costa,Operário FEC,0,2020-10-22,2021-09-29,0
2021,Operário-PR,9,2021-06-02,Matheus Costa,Operário FEC,0,2020-10-22,2021-09-29,0
2021,Operário-PR,10,2021-06-14,Matheus Costa,Operário FEC,0,2020-10-22,2021-09-29,0
2021,Operário-PR,11,2021-06-16,Matheus Costa,Operário FEC,0,2020-10-22,2021-09-29,0
2021,Operário-PR,12,2021-06-20,Matheus Costa,Operário FEC,0,2020-10-22,2021-09-29,0
2021,Operário-PR,13,2021-06-23,Matheus Costa,Operário FEC,0,2020-10-22,2021-09-29,0
2021,Operário-PR,14,2021-06-26,Matheus Costa,Operário FEC,0,2020-10-22,2021-09-29,0
2021,Operário-PR,15,2021-06-28,Matheus Costa,Operário FEC,0,2020-10-22,2021-09-29,0
2021,Operário-PR,16,2021-07-03,Matheus Costa,Operário FEC,0,2020-10-22,2021-09-29,0
2021,Operário-PR,17,2021-07-10,Matheus Costa,Operário FEC,0,2020-10-22,2021-09-29,0
2021,Operário-PR,18,2021-07-14,Matheus Costa,Operário FEC,0,2020-10-22,2021-09-29,0
2021,Operário-PR,19,2021-07-18,Matheus Costa,Operário FEC,0,2020-10-22,2021-09-29,0
2021,Operário-PR,20,2021-07-23,Matheus Costa,Operário FEC,0,2020-10-22,2021-09-29,0
2021,Operário-PR,21,2021-07-25,Matheus Costa,Operário FEC,0,2020-10-22,2021-09-29,0
2021,Operário-PR,22,2021-07-30,Matheus Costa,Operário FEC,0,2020-10-22,2021-09-29,0
2021,Operário-PR,23,2021-08-06,Matheus Costa,Operário FEC,0,2020-10-22,2021-09-29,0
2021,Operário-PR,24,2021-08-13,Matheus Costa,Operário FEC,0,2020-10-22,2021-09-29,0
2021,Operário-PR,25,2021-08-16,Matheus Costa,Operário FEC,0,2020-10-22,2021-09-29,0
2021,Operário-PR,26,2021-08-19,Matheus Costa,Operário FEC,0,2020-10-22,2021-09-29,0
2021,Operário-PR,27,2021-08-22,Matheus Costa,Operário FEC,0,2020-10-22,2021-09-29,0
2021,Operário-PR,28,2021-08-25,Matheus Costa,Operário FEC,0,2020-10-22,2021-09-29,0
2021,Operário-PR,29,2021-09-04,Matheus Costa,Operário FEC,0,2020-10-22,2021-09-29,0
2021,Operário-PR,30,2021-09-11,Matheus Costa,Operário FEC,0,2020-10-22,2021-09-29,0
2021,Operário-PR,31,2021-09-17,Matheus Costa,Operário FEC,0,2020-10-22,2021-09-29,0
2021,Operário-PR,32,2021-09-23,Matheus Costa,Operário FEC,0,2020-10-22,2021-09-29,0
2021,Operário-PR,33,2021-09-25,Matheus Costa,Operário FEC,0,2020-10-22,2021-09-29,0
2021,Operário-PR,34,2021-09-29,Matheus Costa,Operário FEC,0,2020-10-22,2021-09-29,0
2021,Operário-PR,36,2021-10-06,Ricardo Catalá,Operário FEC,0,2021-10-05,2022-03-21,0
2021,Operário-PR,37,2021-10-16,Ricardo Catalá,Operário FEC,0,2021-10-05,2022-03-21,0
2021,Operário-PR,38,2021-10-24,Ricardo Catalá,Operário FEC,0,2021-10-05,2022-03-21,0
2021,Operário-PR,39,2021-10-30,Ricardo Catalá,Operário FEC,0,2021-10-05,2022-03-21,0
2021,Operário-PR,40,2021-11-03,Ricardo Catalá,Operário FEC,0,2021-10-05,2022-03-21,0
2021,Operário-PR,41,2021-11-06,Ricardo Catalá,Operário FEC,0,2021-10-05,2022-03-21,0
2021,Operário-PR,42,2021-11-09,Ricardo Catalá,Operário FEC,0,2021-10-05,2022-03-21,0
2021,Operário-PR,43,2021-11-15,Ricardo Catalá,Operário FEC,0,2021-10-05,2022-03-21,0
2021,Operário-PR,44,2021-11-19,Ricardo Catalá,Operário FEC,0,2021-10-05,2022-03-21,0
2021,Operário-PR,45,2021-11-28,Ricardo Catalá,Operário FEC,0,2021-10-05,2022-03-21,0
2022,Operário-PR,1,2022-04-10,Claudinei Oliveira,Operário FEC,0,2022-03-23,2022-07-21,0
2022,Operário-PR,2,2022-04-16,Claudinei Oliveira,Operário FEC,0,2022-03-23,2022-07-21,0
2022,Operário-PR,3,2022-04-24,Claudinei Oliveira,Operário FEC,0,2022-03-23,2022-07-21,0
2022,Operário-PR,4,2022-04-28,Claudinei Oliveira,Operário FEC,0,2022-03-23,2022-07-21,0
2022,Operário-PR,5,2022-04-30,Claudinei Oliveira,Operário FEC,0,2022-03-23,2022-07-21,0
2022,Operário-PR,6,2022-05-07,Claudinei Oliveira,Operário FEC,0,2022-03-23,2022-07-21,0
2022,Operário-PR,7,2022-05-15,Claudinei Oliveira,Operário FEC,0,2022-03-23,2022-07-21,0
2022,Operário-PR,8,2022-05-21,Claudinei Oliveira,Operário FEC,0,2022-03-23,2022-07-21,0
2022,Operário-PR,9,2022-05-26,Claudinei Oliveira,Operário FEC,0,2022-03-23,2022-07-21,0
2022,Operário-PR,10,2022-06-04,Claudinei Oliveira,Operário FEC,0,2022-03-23,2022-07-21,0
2022,Operário-PR,11,2022-06-07,Claudinei Oliveira,Operário FEC,0,2022-03-23,2022-07-21,0
2022,Operário-PR,12,2022-06-11,Claudinei Oliveira,Operário FEC,0,2022-03-23,2022-07-21,0
2022,Operário-PR,13,2022-06-17,Claudinei Oliveira,Operário FEC,0,2022-03-23,2022-07-21,0
2022,Operário-PR,14,2022-06-25,Claudinei Oliveira,Operário FEC,0,2022-03-23,2022-07-21,0
2022,Operário-PR,15,2022-06-28,Claudinei Oliveira,Operário FEC,0,2022-03-23,2022-07-21,0
2022,Operário-PR,16,2022-07-02,Claudinei Oliveira,Operário FEC,0,2022-03-23,2022-07-21,0
2022,Operário-PR,17,2022-07-06,Claudinei Oliveira,Operário FEC,0,2022-03-23,2022-07-21,0
2022,Operário-PR,18,2022-07-14,Claudinei Oliveira,Operário FEC,0,2022-03-23,2022-07-21,0
2022,Operário-PR,19,2022-07-21,Claudinei Oliveira,Operário FEC,0,2022-03-23,2022-07-21,0
2022,Operário-PR,21,2022-07-31,Matheus Costa,Operário FEC,0,2022-07-29,2022-10-24,0
2022,Operário-PR,22,2022-08-06,Matheus Costa,Operário FEC,0,2022-07-29,2022-10-24,0
2022,Operário-PR,23,2022-08-10,Matheus Costa,Operário FEC,0,2022-07-29,2022-10-24,0
2022,Operário-PR,24,2022-08-13,Matheus Costa,Operário FEC,0,2022-07-29,2022-10-24,0
2022,Operário-PR,25,2022-08-18,Matheus Costa,Operário FEC,0,2022-07-29,2022-10-24,0
2022,Operário-PR,26,2022-08-27,Matheus Costa,Operário FEC,0,2022-07-29,2022-10-24,0
2022,Operário-PR,27,2022-08-31,Matheus Costa,Operário FEC,0,2022-07-29,2022-10-24,0
2022,Operário-PR,28,2022-09-04,Matheus Costa,Operário FEC,0,2022-07-29,2022-10-24,0
2022,Operário-PR,29,2022-09-09,Matheus Costa,Operário FEC,0,2022-07-29,2022-10-24,0
2022,Operário-PR,30,2022-09-14,Matheus Costa,Operário FEC,0,2022-07-29,2022-10-24,0
2022,Operário-PR,31,2022-09-24,Matheus Costa,Operário FEC,0,2022-07-29,2022-10-24,0
2022,Operário-PR,32,2022-10-01,Matheus Costa,Operário FEC,0,2022-07-29,2022-10-24,0
2022,Operário-PR,33,2022-10-05,Matheus Costa,Operário FEC,0,2022-07-29,2022-10-24,0
2022,Operário-PR,34,2022-10-08,Matheus Costa,Operário FEC,0,2022-07-29,2022-10-24,0
2022,Operário-PR,35,2022-10-14,Matheus Costa,Operário FEC,0,2022-07-29,2022-10-24,0
2022,Operário-PR,36,2022-10-22,Matheus Costa,Operário FEC,0,2022-07-29,2022-10-24,0
2022,Operário-PR,37,2022-10-29,Sandro Forner,Operário FEC,1,2022-10-25,2022-11-07,0
2022,Operário-PR,38,2022-11-06,Sandro Forner,Operário FEC,1,2022-10-25,2022-11-07,0
2024,Operário-PR,1,2024-04-20,Rafael Guanaes,Operário FEC,0,2023-01-10,2024-11-25,0
2024,Operário-PR,2,2024-04-27,Rafael Guanaes,Operário FEC,0,2023-01-10,2024-11-25,0
2024,Operário-PR,3,2024-05-04,Rafael Guanaes,Operário FEC,0,2023-01-10,2024-11-25,0
2024,Operário-PR,4,2024-05-11,Rafael Guanaes,Operário FEC,0,2023-01-10,2024-11-25,0
2024,Operário-PR,5,2024-05-16,Rafael Guanaes,Operário FEC,0,2023-01-10,2024-11-25,0
2024,Operário-PR,6,2024-05-19,Rafael Guanaes,Operário FEC,0,2023-01-10,2024-11-25,0
2024,Operário-PR,7,2024-05-28,Rafael Guanaes,Operário FEC,0,2023-01-10,2024-11-25,0
2024,Operário-PR,8,2024-06-04,Rafael Guanaes,Operário FEC,0,2023-01-10,2024-11-25,0
2024,Operário-PR,9,2024-06-08,Rafael Guanaes,Operário FEC,0,2023-01-10,2024-11-25,0
2024,Operário-PR,10,2024-06-15,Rafael Guanaes,Operário FEC,0,2023-01-10,2024-11-25,0
2024,Operário-PR,11,2024-06-18,Rafael Guanaes,Operário FEC,0,2023-01-10,2024-11-25,0
2024,Operário-PR,12,2024-06-22,Rafael Guanaes,Operário FEC,0,2023-01-10,2024-11-25,0
2024,Operário-PR,13,2024-06-30,Rafael Guanaes,Operário FEC,0,2023-01-10,2024-11-25,0
2024,Operário-PR,14,2024-07-06,Rafael Guanaes,Operário FEC,0,2023-01-10,2024-11-25,0
2024,Operário-PR,15,2024-07-18,Rafael Guanaes,Operário FEC,0,2023-01-10,2024-11-25,0
2024,Operário-PR,16,2024-07-24,Rafael Guanaes,Operário FEC,0,2023-01-10,2024-11-25,0
2024,Operário-PR,17,2024-07-27,Rafael Guanaes,Operário FEC,0,2023-01-10,2024-11-25,0
2024,Operário-PR,18,2024-08-04,Rafael Guanaes,Operário FEC,0,2023-01-10,2024-11-25,0
2024,Operário-PR,19,2024-08-10,Rafael Guanaes,Operário FEC,0,2023-01-10,2024-11-25,0
2024,Operário-PR,20,2024-08-16,Rafael Guanaes,Operário FEC,0,2023-01-10,2024-11-25,0
2024,Operário-PR,21,2024-08-21,Rafael Guanaes,Operário FEC,0,2023-01-10,2024-11-25,0
2024,Operário-PR,22,2024-08-24,Rafael Guanaes,Operário FEC,0,2023-01-10,2024-11-25,0
2024,Operário-PR,23,2024-09-03,Rafael Guanaes,Operário FEC,0,2023-01-10,2024-11-25,0
2024,Operário-PR,24,2024-09-08,Rafael Guanaes,Operário FEC,0,2023-01-10,2024-11-25,0
2024,Operário-PR,25,2024-09-15,Rafael Guanaes,Operário FEC,0,2023-01-10,2024-11-25,0
2024,Operário-PR,26,2024-09-19,Rafael Guanaes,Operário FEC,0,2023-01-10,2024-11-25,0
2024,Operário-PR,27,2024-09-25,Rafael Guanaes,Operário FEC,0,2023-01-10,2024-11-25,0
2024,Operário-PR,28,2024-09-28,Rafael Guanaes,Operário FEC,0,2023-01-10,2024-11-25,0
2024,Operário-PR,29,2024-10-13,Rafael Guanaes,Operário FEC,0,2023-01-10,2024-11-25,0
2024,Operário-PR,30,2024-10-17,Rafael Guanaes,Operário FEC,0,2023-01-10,2024-11-25,0
2024,Operário-PR,31,2024-10-20,Rafael Guanaes,Operário FEC,0,2023-01-10,2024-11-25,0
2024,Operário-PR,32,2024-10-24,Rafael Guanaes,Operário FEC,0,2023-01-10,2024-11-25,0
2024,Operário-PR,33,2024-10-29,Rafael Guanaes,Operário FEC,0,2023-01-10,2024-11-25,0
2024,Operário-PR,34,2024-11-04,Rafael Guanaes,Operário FEC,0,2023-01-10,2024-11-25,0
2024,Operário-PR,35,2024-11-09,Rafael Guanaes,Operário FEC,0,2023-01-10,2024-11-25,0
2024,Operário-PR,36,2024-11-15,Rafael Guanaes,Operário FEC,0,2023-01-10,2024-11-25,0
2024,Operário-PR,37,2024-11-24,Rafael Guanaes,Operário FEC,0,2023-01-10,2024-11-25,0
2025,Operário-PR,1,2025-04-05,Bruno Pivetti,Operário FEC,0,2024-11-29,2025-06-15,0
2025,Operário-PR,2,2025-04-13,Bruno Pivetti,Operário FEC,0,2024-11-29,2025-06-15,0
2025,Operário-PR,3,2025-04-17,Bruno Pivetti,Operário FEC,0,2024-11-29,2025-06-15,0
2025,Operário-PR,4,2025-04-19,Bruno Pivetti,Operário FEC,0,2024-11-29,2025-06-15,0
2025,Operário-PR,5,2025-04-26,Bruno Pivetti,Operário FEC,0,2024-11-29,2025-06-15,0
2025,Operário-PR,6,2025-05-05,Bruno Pivetti,Operário FEC,0,2024-11-29,2025-06-15,0
2025,Operário-PR,7,2025-05-11,Bruno Pivetti,Operário FEC,0,2024-11-29,2025-06-15,0
2025,Operário-PR,8,2025-05-17,Bruno Pivetti,Operário FEC,0,2024-11-29,2025-06-15,0
2025,Operário-PR,9,2025-05-25,Bruno Pivetti,Operário FEC,0,2024-11-29,2025-06-15,0
2025,Operário-PR,10,2025-06-01,Bruno Pivetti,Operário FEC,0,2024-11-29,2025-06-15,0
2025,Operário-PR,11,2025-06-09,Bruno Pivetti,Operário FEC,0,2024-11-29,2025-06-15,0
2025,Operário-PR,12,2025-06-15,Bruno Pivetti,Operário FEC,0,2024-11-29,2025-06-15,0
2025,Operário-PR,13,2025-06-24,Alex,Operário FEC,0,2025-06-16,2026-01-18,0
2025,Operário-PR,14,2025-06-29,Alex,Operário FEC,0,2025-06-16,2026-01-18,0
2025,Operário-PR,15,2025-07-08,Alex,Operário FEC,0,2025-06-16,2026-01-18,0
2025,Operário-PR,16,2025-07-12,Alex,Operário FEC,0,2025-06-16,2026-01-18,0
2025,Operário-PR,17,2025-07-18,Alex,Operário FEC,0,2025-06-16,2026-01-18,0
2025,Operário-PR,18,2025-07-23,Alex,Operário FEC,0,2025-06-16,2026-01-18,0
2025,Operário-PR,19,2025-07-26,Alex,Operário FEC,0,2025-06-16,2026-01-18,0
2025,Operário-PR,20,2025-08-02,Alex,Operário FEC,0,2025-06-16,2026-01-18,0
2025,Operário-PR,21,2025-08-09,Alex,Operário FEC,0,2025-06-16,2026-01-18,0
2025,Operário-PR,22,2025-08-20,Alex,Operário FEC,0,2025-06-16,2026-01-18,0
2025,Operário-PR,23,2025-08-24,Alex,Operário FEC,0,2025-06-16,2026-01-18,0
2025,Operário-PR,24,2025-08-30,Alex,Operário FEC,0,2025-06-16,2026-01-18,0
2025,Operário-PR,25,2025-09-07,Alex,Operário FEC,0,2025-06-16,2026-01-18,0
2025,Operário-PR,26,2025-09-14,Alex,Operário FEC,0,2025-06-16,2026-01-18,0
2025,Operário-PR,27,2025-09-19,Alex,Operário FEC,0,2025-06-16,2026-01-18,0
2025,Operário-PR,28,2025-09-25,Alex,Operário FEC,0,2025-06-16,2026-01-18,0
2025,Operário-PR,29,2025-09-28,Alex,Operário FEC,0,2025-06-16,2026-01-18,0
2025,Operário-PR,30,2025-10-05,Alex,Operário FEC,0,2025-06-16,2026-01-18,0
2025,Operário-PR,31,2025-10-09,Alex,Operário FEC,0,2025-06-16,2026-01-18,0
2025,Operário-PR,32,2025-10-12,Alex,Operário FEC,0,2025-06-16,2026-01-18,0
2025,Operário-PR,33,2025-10-19,Alex,Operário FEC,0,2025-06-16,2026-01-18,0
2025,Operário-PR,34,2025-10-27,Alex,Operário FEC,0,2025-06-16,2026-01-18,0
2025,Operário-PR,35,2025-11-03,Alex,Operário FEC,0,2025-06-16,2026-01-18,0
2025,Operário-PR,36,2025-11-09,Alex,Operário FEC,0,2025-06-16,2026-01-18,0
2025,Operário-PR,37,2025-11-15,Alex,Operário FEC,0,2025-06-16,2026-01-18,0
2025,Operário-PR,38,2025-11-23,Alex,Operário FEC,0,2025-06-16,2026-01-18,0
2026,Operário-PR,1,2026-03-21,Luizinho Lopes,Operário FEC,0,2026-01-20,,0
2026,Operário-PR,2,2026-04-03,Schumacher Santos,Operário FEC,1,2026-03-23,,0
2026,Operário-PR,3,2026-04-05,Schumacher Santos,Operário FEC,1,2026-03-23,,0
2026,Operário-PR,4,2026-04-12,Schumacher Santos,Operário FEC,1,2026-03-23,,0
2026,Operário-PR,5,2026-04-18,Schumacher Santos,Operário FEC,1,2026-03-23,,0
2026,Operário-PR,6,2026-04-26,Schumacher Santos,Operário FEC,1,2026-03-23,,0
2026,Operário-PR,7,2026-05-03,Schumacher Santos,Operário FEC,1,2026-03-23,,0
2026,Operário-PR,8,2026-05-10,Schumacher Santos,Operário FEC,1,2026-03-23,,0
2026,Operário-PR,9,2026-05-16,Schumacher Santos,Operário FEC,1,2026-03-23,,0
2026,Operário-PR,10,2026-05-25,Schumacher Santos,Operário FEC,1,2026-03-23,,0
2026,Operário-PR,11,2026-05-31,Schumacher Santos,Operário FEC,1,2026-03-23,,0
2026,Operário-PR,12,2026-06-06,Schumacher Santos,Operário FEC,1,2026-03-23,,0
2026,Operário-PR,13,2026-06-15,Schumacher Santos,Operário FEC,1,2026-03-23,,0
2026,Operário-PR,14,2026-06-21,Schumacher Santos,Operário FEC,1,2026-03-23,,0
2026,Operário-PR,15,2026-06-27,Schumacher Santos,Operário FEC,1,2026-03-23,,0
2026,Operário-PR,16,2026-07-08,Schumacher Santos,Operário FEC,1,2026-03-23,,0
2026,Operário-PR,17,2026-07-12,Schumacher Santos,Operário FEC,1,2026-03-23,,0
2026,Operário-PR,18,2026-07-18,Schumacher Santos,Operário FEC,1,2026-03-23,,0
2026,Operário-PR,19,2026-07-23,Schumacher Santos,Operário FEC,1,2026-03-23,,0
2026,Operário-PR,20,2026-07-28,Schumacher Santos,Operário FEC,1,2026-03-23,,0
2026,Operário-PR,21,2026-08-08,Schumacher Santos,Operário FEC,1,2026-03-23,,0
2026,Operário-PR,22,2026-08-16,Schumacher Santos,Operário FEC,1,2026-03-23,,0
2026,Operário-PR,23,2026-08-20,Schumacher Santos,Operário FEC,1,2026-03-23,,0
2026,Operário-PR,24,2026-08-23,Schumacher Santos,Operário FEC,1,2026-03-23,,0
2026,Operário-PR,25,2026-09-01,Schumacher Santos,Operário FEC,1,2026-03-23,,0
2026,Operário-PR,26,2026-09-06,Schumacher Santos,Operário FEC,1,2026-03-23,,0
2026,Operário-PR,27,2026-09-10,Schumacher Santos,Operário FEC,1,2026-03-23,,0
2019,Paraná,1,2019-04-28,Matheus Costa,Paraná Clube,0,2019-04-03,2019-12-03,0
2019,Paraná,2,2019-05-05,Matheus Costa,Paraná Clube,0,2019-04-03,2019-12-03,0
2019,Paraná,3,2019-05-12,Matheus Costa,Paraná Clube,0,2019-04-03,2019-12-03,0
2019,Paraná,4,2019-05-18,Matheus Costa,Paraná Clube,0,2019-04-03,2019-12-03,0
2019,Paraná,5,2019-05-25,Matheus Costa,Paraná Clube,0,2019-04-03,2019-12-03,0
2019,Paraná,6,2019-06-01,Matheus Costa,Paraná Clube,0,2019-04-03,2019-12-03,0
2019,Paraná,7,2019-06-08,Matheus Costa,Paraná Clube,0,2019-04-03,2019-12-03,0
2019,Paraná,8,2019-06-12,Matheus Costa,Paraná Clube,0,2019-04-03,2019-12-03,0
2019,Paraná,9,2019-07-14,Matheus Costa,Paraná Clube,0,2019-04-03,2019-12-03,0
2019,Paraná,10,2019-07-19,Matheus Costa,Paraná Clube,0,2019-04-03,2019-12-03,0
2019,Paraná,11,2019-07-24,Matheus Costa,Paraná Clube,0,2019-04-03,2019-12-03,0
2019,Paraná,12,2019-07-27,Matheus Costa,Paraná Clube,0,2019-04-03,2019-12-03,0
2019,Paraná,13,2019-07-31,Matheus Costa,Paraná Clube,0,2019-04-03,2019-12-03,0
2019,Paraná,14,2019-08-03,Matheus Costa,Paraná Clube,0,2019-04-03,2019-12-03,0
2019,Paraná,15,2019-08-11,Matheus Costa,Paraná Clube,0,2019-04-03,2019-12-03,0
2019,Paraná,16,2019-08-17,Matheus Costa,Paraná Clube,0,2019-04-03,2019-12-03,0
2019,Paraná,17,2019-08-21,Matheus Costa,Paraná Clube,0,2019-04-03,2019-12-03,0
2019,Paraná,18,2019-08-24,Matheus Costa,Paraná Clube,0,2019-04-03,2019-12-03,0
2019,Paraná,19,2019-08-28,Matheus Costa,Paraná Clube,0,2019-04-03,2019-12-03,0
2019,Paraná,20,2019-08-31,Matheus Costa,Paraná Clube,0,2019-04-03,2019-12-03,0
2019,Paraná,21,2019-09-06,Matheus Costa,Paraná Clube,0,2019-04-03,2019-12-03,0
2019,Paraná,22,2019-09-15,Matheus Costa,Paraná Clube,0,2019-04-03,2019-12-03,0
2019,Paraná,23,2019-09-21,Matheus Costa,Paraná Clube,0,2019-04-03,2019-12-03,0
2019,Paraná,24,2019-09-26,Matheus Costa,Paraná Clube,0,2019-04-03,2019-12-03,0
2019,Paraná,25,2019-09-29,Matheus Costa,Paraná Clube,0,2019-04-03,2019-12-03,0
2019,Paraná,26,2019-10-05,Matheus Costa,Paraná Clube,0,2019-04-03,2019-12-03,0
2019,Paraná,27,2019-10-09,Matheus Costa,Paraná Clube,0,2019-04-03,2019-12-03,0
2019,Paraná,28,2019-10-12,Matheus Costa,Paraná Clube,0,2019-04-03,2019-12-03,0
2019,Paraná,29,2019-10-16,Matheus Costa,Paraná Clube,0,2019-04-03,2019-12-03,0
2019,Paraná,30,2019-10-20,Matheus Costa,Paraná Clube,0,2019-04-03,2019-12-03,0
2019,Paraná,31,2019-10-24,Matheus Costa,Paraná Clube,0,2019-04-03,2019-12-03,0
2019,Paraná,32,2019-10-29,Matheus Costa,Paraná Clube,0,2019-04-03,2019-12-03,0
2019,Paraná,33,2019-11-06,Matheus Costa,Paraná Clube,0,2019-04-03,2019-12-03,0
2019,Paraná,34,2019-11-08,Matheus Costa,Paraná Clube,0,2019-04-03,2019-12-03,0
2019,Paraná,35,2019-11-13,Matheus Costa,Paraná Clube,0,2019-04-03,2019-12-03,0
2019,Paraná,36,2019-11-16,Matheus Costa,Paraná Clube,0,2019-04-03,2019-12-03,0
2019,Paraná,37,2019-11-19,Matheus Costa,Paraná Clube,0,2019-04-03,2019-12-03,0
2019,Paraná,38,2019-11-29,Matheus Costa,Paraná Clube,0,2019-04-03,2019-12-03,0
2020,Paraná,1,2020-08-08,Allan Aal,Paraná Clube,0,2020-01-01,2020-11-01,0
2020,Paraná,2,2020-08-12,Allan Aal,Paraná Clube,0,2020-01-01,2020-11-01,0
2020,Paraná,3,2020-08-15,Allan Aal,Paraná Clube,0,2020-01-01,2020-11-01,0
2020,Paraná,4,2020-08-19,Allan Aal,Paraná Clube,0,2020-01-01,2020-11-01,0
2020,Paraná,5,2020-08-23,Allan Aal,Paraná Clube,0,2020-01-01,2020-11-01,0
2020,Paraná,6,2020-08-29,Allan Aal,Paraná Clube,0,2020-01-01,2020-11-01,0
2020,Paraná,7,2020-09-02,Allan Aal,Paraná Clube,0,2020-01-01,2020-11-01,0
2020,Paraná,8,2020-09-05,Allan Aal,Paraná Clube,0,2020-01-01,2020-11-01,0
2020,Paraná,9,2020-09-10,Allan Aal,Paraná Clube,0,2020-01-01,2020-11-01,0
2020,Paraná,10,2020-09-15,Allan Aal,Paraná Clube,0,2020-01-01,2020-11-01,0
2020,Paraná,11,2020-09-26,Allan Aal,Paraná Clube,0,2020-01-01,2020-11-01,0
2020,Paraná,12,2020-09-30,Allan Aal,Paraná Clube,0,2020-01-01,2020-11-01,0
2020,Paraná,13,2020-10-03,Allan Aal,Paraná Clube,0,2020-01-01,2020-11-01,0
2020,Paraná,14,2020-10-07,Allan Aal,Paraná Clube,0,2020-01-01,2020-11-01,0
2020,Paraná,15,2020-10-10,Allan Aal,Paraná Clube,0,2020-01-01,2020-11-01,0
2020,Paraná,16,2020-10-19,Allan Aal,Paraná Clube,0,2020-01-01,2020-11-01,0
2020,Paraná,17,2020-10-22,Allan Aal,Paraná Clube,0,2020-01-01,2020-11-01,0
2020,Paraná,18,2020-10-27,Allan Aal,Paraná Clube,0,2020-01-01,2020-11-01,0
2020,Paraná,19,2020-10-31,Allan Aal,Paraná Clube,0,2020-01-01,2020-11-01,0
2020,Paraná,20,2020-11-07,Rogério Micale,Paraná Clube,0,2020-11-05,2020-12-02,0
2020,Paraná,21,2020-11-13,Rogério Micale,Paraná Clube,0,2020-11-05,2020-12-02,0
2020,Paraná,22,2020-11-20,Rogério Micale,Paraná Clube,0,2020-11-05,2020-12-02,0
2020,Paraná,23,2020-11-24,Rogério Micale,Paraná Clube,0,2020-11-05,2020-12-02,0
2020,Paraná,24,2020-11-27,Rogério Micale,Paraná Clube,0,2020-11-05,2020-12-02,0
2020,Paraná,25,2020-12-02,Rogério Micale,Paraná Clube,0,2020-11-05,2020-12-02,0
2020,Paraná,26,2020-12-05,Victor Annes,Paraná Clube,1,2020-12-04,2020-12-10,0
2020,Paraná,27,2020-12-09,Victor Annes,Paraná Clube,1,2020-12-04,2020-12-10,0
2020,Paraná,28,2020-12-12,Gilmar Dal Pozzo,Paraná Clube,0,2020-12-09,2021-01-05,0
2020,Paraná,29,2020-12-18,Gilmar Dal Pozzo,Paraná Clube,0,2020-12-09,2021-01-05,0
2020,Paraná,30,2020-12-21,Gilmar Dal Pozzo,Paraná Clube,0,2020-12-09,2021-01-05,0
2020,Paraná,31,2020-12-29,Gilmar Dal Pozzo,Paraná Clube,0,2020-12-09,2021-01-05,0
2021,Paraná,1,2021-01-04,Gilmar Dal Pozzo,Paraná Clube,0,2020-12-09,2021-01-05,0
2021,Paraná,2,2021-01-08,Marcio Coelho,Paraná Clube,0,2021-01-08,2021-02-01,0
2021,Paraná,3,2021-01-12,Marcio Coelho,Paraná Clube,0,2021-01-08,2021-02-01,0
2021,Paraná,4,2021-01-15,Marcio Coelho,Paraná Clube,0,2021-01-08,2021-02-01,0
2021,Paraná,5,2021-01-20,Marcio Coelho,Paraná Clube,0,2021-01-08,2021-02-01,0
2021,Paraná,6,2021-01-26,Marcio Coelho,Paraná Clube,0,2021-01-08,2021-02-01,0
2021,Paraná,7,2021-01-30,Marcio Coelho,Paraná Clube,0,2021-01-08,2021-02-01,0
2018,Paysandu,1,2018-04-15,Dado Cavalcanti,Paysandu SC,0,2018-02-13,2018-07-13,0
2018,Paysandu,2,2018-04-21,Dado Cavalcanti,Paysandu SC,0,2018-02-13,2018-07-13,0
2018,Paysandu,3,2018-04-28,Dado Cavalcanti,Paysandu SC,0,2018-02-13,2018-07-13,0
2018,Paysandu,4,2018-05-05,Dado Cavalcanti,Paysandu SC,0,2018-02-13,2018-07-13,0
2018,Paysandu,5,2018-05-12,Dado Cavalcanti,Paysandu SC,0,2018-02-13,2018-07-13,0
2018,Paysandu,6,2018-05-19,Dado Cavalcanti,Paysandu SC,0,2018-02-13,2018-07-13,0
2018,Paysandu,7,2018-05-26,Dado Cavalcanti,Paysandu SC,0,2018-02-13,2018-07-13,0
2018,Paysandu,8,2018-06-02,Dado Cavalcanti,Paysandu SC,0,2018-02-13,2018-07-13,0
2018,Paysandu,9,2018-06-06,Dado Cavalcanti,Paysandu SC,0,2018-02-13,2018-07-13,0
2018,Paysandu,10,2018-06-09,Dado Cavalcanti,Paysandu SC,0,2018-02-13,2018-07-13,0
2018,Paysandu,11,2018-06-17,Dado Cavalcanti,Paysandu SC,0,2018-02-13,2018-07-13,0
2018,Paysandu,12,2018-06-24,Dado Cavalcanti,Paysandu SC,0,2018-02-13,2018-07-13,0
2018,Paysandu,13,2018-07-01,Dado Cavalcanti,Paysandu SC,0,2018-02-13,2018-07-13,0
2018,Paysandu,14,2018-07-04,Dado Cavalcanti,Paysandu SC,0,2018-02-13,2018-07-13,0
2018,Paysandu,15,2018-07-13,Dado Cavalcanti,Paysandu SC,0,2018-02-13,2018-07-13,0
2018,Paysandu,16,2018-07-22,Guilherme Alves,Paysandu SC,0,2018-07-14,2018-08-25,0
2018,Paysandu,17,2018-07-25,Guilherme Alves,Paysandu SC,0,2018-07-14,2018-08-25,0
2018,Paysandu,18,2018-07-28,Guilherme Alves,Paysandu SC,0,2018-07-14,2018-08-25,0
2018,Paysandu,19,2018-08-01,Guilherme Alves,Paysandu SC,0,2018-07-14,2018-08-25,0
2018,Paysandu,20,2018-08-08,Guilherme Alves,Paysandu SC,0,2018-07-14,2018-08-25,0
2018,Paysandu,21,2018-08-18,Guilherme Alves,Paysandu SC,0,2018-07-14,2018-08-25,0
2018,Paysandu,22,2018-08-22,Guilherme Alves,Paysandu SC,0,2018-07-14,2018-08-25,0
2018,Paysandu,23,2018-08-25,Guilherme Alves,Paysandu SC,0,2018-07-14,2018-08-25,0
2018,Paysandu,24,2018-09-01,Aílton Costa,Paysandu SC,1,2018-08-26,2018-09-04,0
2018,Paysandu,25,2018-09-05,João Brigatti,Paysandu SC,0,2018-09-05,2019-03-17,0
2018,Paysandu,26,2018-09-07,João Brigatti,Paysandu SC,0,2018-09-05,2019-03-17,0
2018,Paysandu,27,2018-09-15,João Brigatti,Paysandu SC,0,2018-09-05,2019-03-17,0
2018,Paysandu,28,2018-09-22,João Brigatti,Paysandu SC,0,2018-09-05,2019-03-17,0
2018,Paysandu,29,2018-09-29,João Brigatti,Paysandu SC,0,2018-09-05,2019-03-17,0
2018,Paysandu,30,2018-10-03,João Brigatti,Paysandu SC,0,2018-09-05,2019-03-17,0
2018,Paysandu,31,2018-10-10,João Brigatti,Paysandu SC,0,2018-09-05,2019-03-17,0
2018,Paysandu,32,2018-10-21,João Brigatti,Paysandu SC,0,2018-09-05,2019-03-17,0
2018,Paysandu,33,2018-10-27,João Brigatti,Paysandu SC,0,2018-09-05,2019-03-17,0
2018,Paysandu,34,2018-11-02,João Brigatti,Paysandu SC,0,2018-09-05,2019-03-17,0
2018,Paysandu,35,2018-11-07,João Brigatti,Paysandu SC,0,2018-09-05,2019-03-17,0
2018,Paysandu,36,2018-11-11,João Brigatti,Paysandu SC,0,2018-09-05,2019-03-17,0
2018,Paysandu,37,2018-11-13,João Brigatti,Paysandu SC,0,2018-09-05,2019-03-17,0
2018,Paysandu,38,2018-11-24,João Brigatti,Paysandu SC,0,2018-09-05,2019-03-17,0
2024,Paysandu,1,2024-04-20,Hélio dos Anjos,Paysandu SC,0,2023-06-29,2024-09-06,0
2024,Paysandu,2,2024-04-27,Hélio dos Anjos,Paysandu SC,0,2023-06-29,2024-09-06,0
2024,Paysandu,3,2024-05-04,Hélio dos Anjos,Paysandu SC,0,2023-06-29,2024-09-06,0
2024,Paysandu,4,2024-05-12,Hélio dos Anjos,Paysandu SC,0,2023-06-29,2024-09-06,0
2024,Paysandu,5,2024-05-16,Hélio dos Anjos,Paysandu SC,0,2023-06-29,2024-09-06,0
2024,Paysandu,6,2024-05-18,Hélio dos Anjos,Paysandu SC,0,2023-06-29,2024-09-06,0
2024,Paysandu,7,2024-05-26,Hélio dos Anjos,Paysandu SC,0,2023-06-29,2024-09-06,0
2024,Paysandu,8,2024-06-05,Hélio dos Anjos,Paysandu SC,0,2023-06-29,2024-09-06,0
2024,Paysandu,9,2024-06-11,Hélio dos Anjos,Paysandu SC,0,2023-06-29,2024-09-06,0
2024,Paysandu,10,2024-06-15,Hélio dos Anjos,Paysandu SC,0,2023-06-29,2024-09-06,0
2024,Paysandu,11,2024-06-19,Hélio dos Anjos,Paysandu SC,0,2023-06-29,2024-09-06,0
2024,Paysandu,12,2024-06-23,Hélio dos Anjos,Paysandu SC,0,2023-06-29,2024-09-06,0
2024,Paysandu,13,2024-06-30,Hélio dos Anjos,Paysandu SC,0,2023-06-29,2024-09-06,0
2024,Paysandu,14,2024-07-07,Hélio dos Anjos,Paysandu SC,0,2023-06-29,2024-09-06,0
2024,Paysandu,15,2024-07-13,Hélio dos Anjos,Paysandu SC,0,2023-06-29,2024-09-06,0
2024,Paysandu,16,2024-07-20,Hélio dos Anjos,Paysandu SC,0,2023-06-29,2024-09-06,0
2024,Paysandu,17,2024-07-25,Hélio dos Anjos,Paysandu SC,0,2023-06-29,2024-09-06,0
2024,Paysandu,18,2024-07-29,Hélio dos Anjos,Paysandu SC,0,2023-06-29,2024-09-06,0
2024,Paysandu,19,2024-08-06,Hélio dos Anjos,Paysandu SC,0,2023-06-29,2024-09-06,0
2024,Paysandu,20,2024-08-10,Hélio dos Anjos,Paysandu SC,0,2023-06-29,2024-09-06,0
2024,Paysandu,21,2024-08-18,Hélio dos Anjos,Paysandu SC,0,2023-06-29,2024-09-06,0
2024,Paysandu,22,2024-08-23,Hélio dos Anjos,Paysandu SC,0,2023-06-29,2024-09-06,0
2024,Paysandu,23,2024-08-26,Hélio dos Anjos,Paysandu SC,0,2023-06-29,2024-09-06,0
2024,Paysandu,24,2024-09-01,Hélio dos Anjos,Paysandu SC,0,2023-06-29,2024-09-06,0
2024,Paysandu,25,2024-09-06,Hélio dos Anjos,Paysandu SC,0,2023-06-29,2024-09-06,0
2024,Paysandu,26,2024-09-14,Márcio Fernandes,Paysandu SC,0,2024-09-09,2025-02-10,0
2024,Paysandu,27,2024-09-19,Márcio Fernandes,Paysandu SC,0,2024-09-09,2025-02-10,0
2024,Paysandu,28,2024-09-23,Márcio Fernandes,Paysandu SC,0,2024-09-09,2025-02-10,0
2024,Paysandu,29,2024-09-28,Márcio Fernandes,Paysandu SC,0,2024-09-09,2025-02-10,0
2024,Paysandu,30,2024-10-05,Márcio Fernandes,Paysandu SC,0,2024-09-09,2025-02-10,0
2024,Paysandu,31,2024-10-10,Márcio Fernandes,Paysandu SC,0,2024-09-09,2025-02-10,0
2024,Paysandu,32,2024-10-20,Márcio Fernandes,Paysandu SC,0,2024-09-09,2025-02-10,0
2024,Paysandu,33,2024-10-24,Márcio Fernandes,Paysandu SC,0,2024-09-09,2025-02-10,0
2024,Paysandu,34,2024-10-26,Márcio Fernandes,Paysandu SC,0,2024-09-09,2025-02-10,0
2024,Paysandu,35,2024-11-05,Márcio Fernandes,Paysandu SC,0,2024-09-09,2025-02-10,0
2024,Paysandu,36,2024-11-12,Márcio Fernandes,Paysandu SC,0,2024-09-09,2025-02-10,0
2024,Paysandu,37,2024-11-16,Márcio Fernandes,Paysandu SC,0,2024-09-09,2025-02-10,0
2024,Paysandu,38,2024-11-24,Márcio Fernandes,Paysandu SC,0,2024-09-09,2025-02-10,0
2025,Paysandu,1,2025-04-05,Luizinho Lopes,Paysandu SC,0,2025-02-12,2025-06-02,0
2025,Paysandu,2,2025-04-12,Luizinho Lopes,Paysandu SC,0,2025-02-12,2025-06-02,0
2025,Paysandu,3,2025-04-17,Luizinho Lopes,Paysandu SC,0,2025-02-12,2025-06-02,0
2025,Paysandu,4,2025-04-19,Luizinho Lopes,Paysandu SC,0,2025-02-12,2025-06-02,0
2025,Paysandu,5,2025-04-27,Luizinho Lopes,Paysandu SC,0,2025-02-12,2025-06-02,0
2025,Paysandu,6,2025-05-04,Luizinho Lopes,Paysandu SC,0,2025-02-12,2025-06-02,0
2025,Paysandu,7,2025-05-15,Luizinho Lopes,Paysandu SC,0,2025-02-12,2025-06-02,0
2025,Paysandu,8,2025-05-18,Luizinho Lopes,Paysandu SC,0,2025-02-12,2025-06-02,0
2025,Paysandu,9,2025-05-25,Luizinho Lopes,Paysandu SC,0,2025-02-12,2025-06-02,0
2025,Paysandu,12,2025-06-14,Claudinei Oliveira,Paysandu SC,0,2025-06-08,2025-09-05,0
2025,Paysandu,13,2025-06-21,Claudinei Oliveira,Paysandu SC,0,2025-06-08,2025-09-05,0
2025,Paysandu,14,2025-07-01,Claudinei Oliveira,Paysandu SC,0,2025-06-08,2025-09-05,0
2025,Paysandu,15,2025-07-06,Claudinei Oliveira,Paysandu SC,0,2025-06-08,2025-09-05,0
2025,Paysandu,16,2025-07-12,Claudinei Oliveira,Paysandu SC,0,2025-06-08,2025-09-05,0
2025,Paysandu,17,2025-07-19,Claudinei Oliveira,Paysandu SC,0,2025-06-08,2025-09-05,0
2025,Paysandu,18,2025-07-24,Claudinei Oliveira,Paysandu SC,0,2025-06-08,2025-09-05,0
2025,Paysandu,19,2025-07-29,Claudinei Oliveira,Paysandu SC,0,2025-06-08,2025-09-05,0
2025,Paysandu,20,2025-08-03,Claudinei Oliveira,Paysandu SC,0,2025-06-08,2025-09-05,0
2025,Paysandu,21,2025-08-12,Claudinei Oliveira,Paysandu SC,0,2025-06-08,2025-09-05,0
2025,Paysandu,22,2025-08-17,Claudinei Oliveira,Paysandu SC,0,2025-06-08,2025-09-05,0
2025,Paysandu,23,2025-08-24,Claudinei Oliveira,Paysandu SC,0,2025-06-08,2025-09-05,0
2025,Paysandu,24,2025-08-30,Claudinei Oliveira,Paysandu SC,0,2025-06-08,2025-09-05,0
2025,Paysandu,26,2025-09-13,Márcio Fernandes,Paysandu SC,0,2025-09-09,2025-11-03,0
2025,Paysandu,27,2025-09-20,Márcio Fernandes,Paysandu SC,0,2025-09-09,2025-11-03,0
2025,Paysandu,28,2025-09-24,Márcio Fernandes,Paysandu SC,0,2025-09-09,2025-11-03,0
2025,Paysandu,29,2025-09-28,Márcio Fernandes,Paysandu SC,0,2025-09-09,2025-11-03,0
2025,Paysandu,30,2025-10-03,Márcio Fernandes,Paysandu SC,0,2025-09-09,2025-11-03,0
2025,Paysandu,31,2025-10-08,Márcio Fernandes,Paysandu SC,0,2025-09-09,2025-11-03,0
2025,Paysandu,32,2025-10-15,Márcio Fernandes,Paysandu SC,0,2025-09-09,2025-11-03,0
2025,Paysandu,33,2025-10-21,Márcio Fernandes,Paysandu SC,0,2025-09-09,2025-11-03,0
2025,Paysandu,34,2025-10-25,Márcio Fernandes,Paysandu SC,0,2025-09-09,2025-11-03,0
2025,Paysandu,35,2025-10-31,Márcio Fernandes,Paysandu SC,0,2025-09-09,2025-11-03,0
2018,Ponte Preta,1,2018-04-15,João Brigatti,AA Ponte Preta,1,2018-03-10,2018-09-02,0
2018,Ponte Preta,2,2018-04-22,João Brigatti,AA Ponte Preta,1,2018-03-10,2018-09-02,0
2018,Ponte Preta,3,2018-04-29,João Brigatti,AA Ponte Preta,1,2018-03-10,2018-09-02,0
2018,Ponte Preta,4,2018-05-06,João Brigatti,AA Ponte Preta,1,2018-03-10,2018-09-02,0
2018,Ponte Preta,5,2018-05-13,João Brigatti,AA Ponte Preta,1,2018-03-10,2018-09-02,0
2018,Ponte Preta,6,2018-05-19,João Brigatti,AA Ponte Preta,1,2018-03-10,2018-09-02,0
2018,Ponte Preta,7,2018-05-29,João Brigatti,AA Ponte Preta,1,2018-03-10,2018-09-02,0
2018,Ponte Preta,8,2018-06-03,João Brigatti,AA Ponte Preta,1,2018-03-10,2018-09-02,0
2018,Ponte Preta,9,2018-06-06,João Brigatti,AA Ponte Preta,1,2018-03-10,2018-09-02,0
2018,Ponte Preta,10,2018-06-10,João Brigatti,AA Ponte Preta,1,2018-03-10,2018-09-02,0
2018,Ponte Preta,11,2018-06-16,João Brigatti,AA Ponte Preta,1,2018-03-10,2018-09-02,0
2018,Ponte Preta,12,2018-06-20,João Brigatti,AA Ponte Preta,1,2018-03-10,2018-09-02,0
2018,Ponte Preta,13,2018-06-30,João Brigatti,AA Ponte Preta,1,2018-03-10,2018-09-02,0
2018,Ponte Preta,14,2018-07-08,João Brigatti,AA Ponte Preta,1,2018-03-10,2018-09-02,0
2018,Ponte Preta,15,2018-07-14,João Brigatti,AA Ponte Preta,1,2018-03-10,2018-09-02,0
2018,Ponte Preta,16,2018-07-22,João Brigatti,AA Ponte Preta,1,2018-03-10,2018-09-02,0
2018,Ponte Preta,17,2018-07-25,João Brigatti,AA Ponte Preta,1,2018-03-10,2018-09-02,0
2018,Ponte Preta,18,2018-07-29,João Brigatti,AA Ponte Preta,1,2018-03-10,2018-09-02,0
2018,Ponte Preta,19,2018-08-05,João Brigatti,AA Ponte Preta,1,2018-03-10,2018-09-02,0
2018,Ponte Preta,20,2018-08-08,João Brigatti,AA Ponte Preta,1,2018-03-10,2018-09-02,0
2018,Ponte Preta,21,2018-08-15,João Brigatti,AA Ponte Preta,1,2018-03-10,2018-09-02,0
2018,Ponte Preta,22,2018-08-22,João Brigatti,AA Ponte Preta,1,2018-03-10,2018-09-02,0
2018,Ponte Preta,23,2018-08-25,João Brigatti,AA Ponte Preta,1,2018-03-10,2018-09-02,0
2018,Ponte Preta,24,2018-09-01,João Brigatti,AA Ponte Preta,1,2018-03-10,2018-09-02,0
2018,Ponte Preta,25,2018-09-05,Marcelo Chamusca,AA Ponte Preta,0,2018-09-02,2018-09-26,0
2018,Ponte Preta,26,2018-09-09,Marcelo Chamusca,AA Ponte Preta,0,2018-09-02,2018-09-26,0
2018,Ponte Preta,27,2018-09-16,Marcelo Chamusca,AA Ponte Preta,0,2018-09-02,2018-09-26,0
2018,Ponte Preta,28,2018-09-22,Marcelo Chamusca,AA Ponte Preta,0,2018-09-02,2018-09-26,0
2018,Ponte Preta,29,2018-09-26,Marcelo Chamusca,AA Ponte Preta,0,2018-09-02,2018-09-26,0
2018,Ponte Preta,30,2018-10-06,Gilson Kleina,AA Ponte Preta,0,2018-10-03,2018-12-04,0
2018,Ponte Preta,31,2018-10-13,Gilson Kleina,AA Ponte Preta,0,2018-10-03,2018-12-04,0
2018,Ponte Preta,32,2018-10-20,Gilson Kleina,AA Ponte Preta,0,2018-10-03,2018-12-04,0
2018,Ponte Preta,33,2018-10-27,Gilson Kleina,AA Ponte Preta,0,2018-10-03,2018-12-04,0
2018,Ponte Preta,34,2018-11-02,Gilson Kleina,AA Ponte Preta,0,2018-10-03,2018-12-04,0
2018,Ponte Preta,35,2018-11-06,Gilson Kleina,AA Ponte Preta,0,2018-10-03,2018-12-04,0
2018,Ponte Preta,36,2018-11-09,Gilson Kleina,AA Ponte Preta,0,2018-10-03,2018-12-04,0
2018,Ponte Preta,37,2018-11-14,Gilson Kleina,AA Ponte Preta,0,2018-10-03,2018-12-04,0
2018,Ponte Preta,38,2018-11-24,Gilson Kleina,AA Ponte Preta,0,2018-10-03,2018-12-04,0
2019,Ponte Preta,1,2019-04-30,Jorginho,AA Ponte Preta,0,2019-02-08,2019-08-25,0
2019,Ponte Preta,2,2019-05-03,Jorginho,AA Ponte Preta,0,2019-02-08,2019-08-25,0
2019,Ponte Preta,3,2019-05-11,Jorginho,AA Ponte Preta,0,2019-02-08,2019-08-25,0
2019,Ponte Preta,4,2019-05-18,Jorginho,AA Ponte Preta,0,2019-02-08,2019-08-25,0
2019,Ponte Preta,5,2019-05-25,Jorginho,AA Ponte Preta,0,2019-02-08,2019-08-25,0
2019,Ponte Preta,6,2019-06-02,Jorginho,AA Ponte Preta,0,2019-02-08,2019-08-25,0
2019,Ponte Preta,7,2019-06-08,Jorginho,AA Ponte Preta,0,2019-02-08,2019-08-25,0
2019,Ponte Preta,8,2019-06-11,Jorginho,AA Ponte Preta,0,2019-02-08,2019-08-25,0
2019,Ponte Preta,9,2019-07-13,Jorginho,AA Ponte Preta,0,2019-02-08,2019-08-25,0
2019,Ponte Preta,10,2019-07-17,Jorginho,AA Ponte Preta,0,2019-02-08,2019-08-25,0
2019,Ponte Preta,11,2019-07-24,Jorginho,AA Ponte Preta,0,2019-02-08,2019-08-25,0
2019,Ponte Preta,12,2019-07-27,Jorginho,AA Ponte Preta,0,2019-02-08,2019-08-25,0
2019,Ponte Preta,13,2019-07-31,Jorginho,AA Ponte Preta,0,2019-02-08,2019-08-25,0
2019,Ponte Preta,14,2019-08-03,Jorginho,AA Ponte Preta,0,2019-02-08,2019-08-25,0
2019,Ponte Preta,15,2019-08-11,Jorginho,AA Ponte Preta,0,2019-02-08,2019-08-25,0
2019,Ponte Preta,16,2019-08-16,Jorginho,AA Ponte Preta,0,2019-02-08,2019-08-25,0
2019,Ponte Preta,17,2019-08-22,Jorginho,AA Ponte Preta,0,2019-02-08,2019-08-25,0
2019,Ponte Preta,18,2019-08-25,Jorginho,AA Ponte Preta,0,2019-02-08,2019-08-25,0
2019,Ponte Preta,20,2019-08-31,Gilson Kleina,AA Ponte Preta,0,2019-08-29,2020-02-18,0
2019,Ponte Preta,21,2019-09-04,Gilson Kleina,AA Ponte Preta,0,2019-08-29,2020-02-18,0
2019,Ponte Preta,22,2019-09-13,Gilson Kleina,AA Ponte Preta,0,2019-08-29,2020-02-18,0
2019,Ponte Preta,23,2019-09-17,Gilson Kleina,AA Ponte Preta,0,2019-08-29,2020-02-18,0
2019,Ponte Preta,24,2019-09-26,Gilson Kleina,AA Ponte Preta,0,2019-08-29,2020-02-18,0
2019,Ponte Preta,25,2019-09-28,Gilson Kleina,AA Ponte Preta,0,2019-08-29,2020-02-18,0
2019,Ponte Preta,26,2019-10-05,Gilson Kleina,AA Ponte Preta,0,2019-08-29,2020-02-18,0
2019,Ponte Preta,27,2019-10-09,Gilson Kleina,AA Ponte Preta,0,2019-08-29,2020-02-18,0
2019,Ponte Preta,28,2019-10-12,Gilson Kleina,AA Ponte Preta,0,2019-08-29,2020-02-18,0
2019,Ponte Preta,29,2019-10-15,Gilson Kleina,AA Ponte Preta,0,2019-08-29,2020-02-18,0
2019,Ponte Preta,30,2019-10-19,Gilson Kleina,AA Ponte Preta,0,2019-08-29,2020-02-18,0
2019,Ponte Preta,31,2019-10-27,Gilson Kleina,AA Ponte Preta,0,2019-08-29,2020-02-18,0
2019,Ponte Preta,32,2019-11-02,Gilson Kleina,AA Ponte Preta,0,2019-08-29,2020-02-18,0
2019,Ponte Preta,33,2019-11-06,Gilson Kleina,AA Ponte Preta,0,2019-08-29,2020-02-18,0
2019,Ponte Preta,34,2019-11-09,Gilson Kleina,AA Ponte Preta,0,2019-08-29,2020-02-18,0
2019,Ponte Preta,35,2019-11-13,Gilson Kleina,AA Ponte Preta,0,2019-08-29,2020-02-18,0
2019,Ponte Preta,36,2019-11-16,Gilson Kleina,AA Ponte Preta,0,2019-08-29,2020-02-18,0
2019,Ponte Preta,37,2019-11-21,Gilson Kleina,AA Ponte Preta,0,2019-08-29,2020-02-18,0
2019,Ponte Preta,38,2019-11-26,Gilson Kleina,AA Ponte Preta,0,2019-08-29,2020-02-18,0
2020,Ponte Preta,1,2020-08-09,João Brigatti,AA Ponte Preta,0,2020-02-20,2020-10-05,0
2020,Ponte Preta,2,2020-08-12,João Brigatti,AA Ponte Preta,0,2020-02-20,2020-10-05,0
2020,Ponte Preta,3,2020-08-15,João Brigatti,AA Ponte Preta,0,2020-02-20,2020-10-05,0
2020,Ponte Preta,4,2020-08-19,João Brigatti,AA Ponte Preta,0,2020-02-20,2020-10-05,0
2020,Ponte Preta,5,2020-08-22,João Brigatti,AA Ponte Preta,0,2020-02-20,2020-10-05,0
2020,Ponte Preta,6,2020-08-30,João Brigatti,AA Ponte Preta,0,2020-02-20,2020-10-05,0
2020,Ponte Preta,7,2020-09-02,João Brigatti,AA Ponte Preta,0,2020-02-20,2020-10-05,0
2020,Ponte Preta,8,2020-09-05,João Brigatti,AA Ponte Preta,0,2020-02-20,2020-10-05,0
2020,Ponte Preta,9,2020-09-12,João Brigatti,AA Ponte Preta,0,2020-02-20,2020-10-05,0
2020,Ponte Preta,10,2020-09-20,João Brigatti,AA Ponte Preta,0,2020-02-20,2020-10-05,0
2020,Ponte Preta,11,2020-09-28,João Brigatti,AA Ponte Preta,0,2020-02-20,2020-10-05,0
2020,Ponte Preta,12,2020-10-01,João Brigatti,AA Ponte Preta,0,2020-02-20,2020-10-05,0
2020,Ponte Preta,13,2020-10-04,João Brigatti,AA Ponte Preta,0,2020-02-20,2020-10-05,0
2020,Ponte Preta,15,2020-10-09,Marcelo Oliveira,AA Ponte Preta,0,2020-10-08,2020-12-11,0
2020,Ponte Preta,16,2020-10-13,Marcelo Oliveira,AA Ponte Preta,0,2020-10-08,2020-12-11,0
2020,Ponte Preta,17,2020-10-21,Marcelo Oliveira,AA Ponte Preta,0,2020-10-08,2020-12-11,0
2020,Ponte Preta,18,2020-10-24,Marcelo Oliveira,AA Ponte Preta,0,2020-10-08,2020-12-11,0
2020,Ponte Preta,19,2020-11-02,Marcelo Oliveira,AA Ponte Preta,0,2020-10-08,2020-12-11,0
2020,Ponte Preta,20,2020-11-07,Marcelo Oliveira,AA Ponte Preta,0,2020-10-08,2020-12-11,0
2020,Ponte Preta,21,2020-11-13,Marcelo Oliveira,AA Ponte Preta,0,2020-10-08,2020-12-11,0
2020,Ponte Preta,22,2020-11-20,Marcelo Oliveira,AA Ponte Preta,0,2020-10-08,2020-12-11,0
2020,Ponte Preta,23,2020-11-24,Marcelo Oliveira,AA Ponte Preta,0,2020-10-08,2020-12-11,0
2020,Ponte Preta,24,2020-11-28,Marcelo Oliveira,AA Ponte Preta,0,2020-10-08,2020-12-11,0
2020,Ponte Preta,25,2020-12-02,Marcelo Oliveira,AA Ponte Preta,0,2020-10-08,2020-12-11,0
2020,Ponte Preta,26,2020-12-05,Marcelo Oliveira,AA Ponte Preta,0,2020-10-08,2020-12-11,0
2020,Ponte Preta,27,2020-12-08,Marcelo Oliveira,AA Ponte Preta,0,2020-10-08,2020-12-11,0
2020,Ponte Preta,28,2020-12-11,Marcelo Oliveira,AA Ponte Preta,0,2020-10-08,2020-12-11,0
2020,Ponte Preta,29,2020-12-15,Fábio Moreno,AA Ponte Preta,1,2020-12-12,2021-05-22,0
2020,Ponte Preta,30,2020-12-19,Fábio Moreno,AA Ponte Preta,1,2020-12-12,2021-05-22,0
2020,Ponte Preta,31,2020-12-23,Fábio Moreno,AA Ponte Preta,1,2020-12-12,2021-05-22,0
2020,Ponte Preta,32,2020-12-30,Fábio Moreno,AA Ponte Preta,1,2020-12-12,2021-05-22,0
2021,Ponte Preta,1,2021-01-05,Fábio Moreno,AA Ponte Preta,1,2020-12-12,2021-05-22,0
2021,Ponte Preta,2,2021-01-11,Fábio Moreno,AA Ponte Preta,1,2020-12-12,2021-05-22,0
2021,Ponte Preta,3,2021-01-17,Fábio Moreno,AA Ponte Preta,1,2020-12-12,2021-05-22,0
2021,Ponte Preta,4,2021-01-21,Fábio Moreno,AA Ponte Preta,1,2020-12-12,2021-05-22,0
2021,Ponte Preta,5,2021-01-24,Fábio Moreno,AA Ponte Preta,1,2020-12-12,2021-05-22,0
2021,Ponte Preta,6,2021-01-29,Fábio Moreno,AA Ponte Preta,1,2020-12-12,2021-05-22,0
2021,Ponte Preta,8,2021-06-06,Gilson Kleina,AA Ponte Preta,0,2021-06-01,2022-02-20,0
2021,Ponte Preta,9,2021-06-12,Gilson Kleina,AA Ponte Preta,0,2021-06-01,2022-02-20,0
2021,Ponte Preta,10,2021-06-17,Gilson Kleina,AA Ponte Preta,0,2021-06-01,2022-02-20,0
2021,Ponte Preta,11,2021-06-19,Gilson Kleina,AA Ponte Preta,0,2021-06-01,2022-02-20,0
2021,Ponte Preta,12,2021-06-23,Gilson Kleina,AA Ponte Preta,0,2021-06-01,2022-02-20,0
2021,Ponte Preta,13,2021-06-26,Gilson Kleina,AA Ponte Preta,0,2021-06-01,2022-02-20,0
2021,Ponte Preta,14,2021-06-30,Gilson Kleina,AA Ponte Preta,0,2021-06-01,2022-02-20,0
2021,Ponte Preta,15,2021-07-04,Gilson Kleina,AA Ponte Preta,0,2021-06-01,2022-02-20,0
2021,Ponte Preta,16,2021-07-07,Gilson Kleina,AA Ponte Preta,0,2021-06-01,2022-02-20,0
2021,Ponte Preta,17,2021-07-13,Gilson Kleina,AA Ponte Preta,0,2021-06-01,2022-02-20,0
2021,Ponte Preta,18,2021-07-17,Gilson Kleina,AA Ponte Preta,0,2021-06-01,2022-02-20,0
2021,Ponte Preta,19,2021-07-21,Gilson Kleina,AA Ponte Preta,0,2021-06-01,2022-02-20,0
2021,Ponte Preta,20,2021-07-24,Gilson Kleina,AA Ponte Preta,0,2021-06-01,2022-02-20,0
2021,Ponte Preta,21,2021-08-01,Gilson Kleina,AA Ponte Preta,0,2021-06-01,2022-02-20,0
2021,Ponte Preta,22,2021-08-09,Gilson Kleina,AA Ponte Preta,0,2021-06-01,2022-02-20,0
2021,Ponte Preta,23,2021-08-12,Gilson Kleina,AA Ponte Preta,0,2021-06-01,2022-02-20,0
2021,Ponte Preta,24,2021-08-14,Gilson Kleina,AA Ponte Preta,0,2021-06-01,2022-02-20,0
2021,Ponte Preta,25,2021-08-18,Gilson Kleina,AA Ponte Preta,0,2021-06-01,2022-02-20,0
2021,Ponte Preta,26,2021-08-23,Gilson Kleina,AA Ponte Preta,0,2021-06-01,2022-02-20,0
2021,Ponte Preta,27,2021-08-29,Gilson Kleina,AA Ponte Preta,0,2021-06-01,2022-02-20,0
2021,Ponte Preta,28,2021-09-04,Gilson Kleina,AA Ponte Preta,0,2021-06-01,2022-02-20,0
2021,Ponte Preta,29,2021-09-11,Gilson Kleina,AA Ponte Preta,0,2021-06-01,2022-02-20,0
2021,Ponte Preta,30,2021-09-18,Gilson Kleina,AA Ponte Preta,0,2021-06-01,2022-02-20,0
2021,Ponte Preta,31,2021-09-23,Gilson Kleina,AA Ponte Preta,0,2021-06-01,2022-02-20,0
2021,Ponte Preta,32,2021-09-26,Gilson Kleina,AA Ponte Preta,0,2021-06-01,2022-02-20,0
2021,Ponte Preta,33,2021-09-30,Gilson Kleina,AA Ponte Preta,0,2021-06-01,2022-02-20,0
2021,Ponte Preta,34,2021-10-03,Gilson Kleina,AA Ponte Preta,0,2021-06-01,2022-02-20,0
2021,Ponte Preta,35,2021-10-06,Gilson Kleina,AA Ponte Preta,0,2021-06-01,2022-02-20,0
2021,Ponte Preta,36,2021-10-16,Gilson Kleina,AA Ponte Preta,0,2021-06-01,2022-02-20,0
2021,Ponte Preta,37,2021-10-24,Gilson Kleina,AA Ponte Preta,0,2021-06-01,2022-02-20,0
2021,Ponte Preta,38,2021-10-30,Gilson Kleina,AA Ponte Preta,0,2021-06-01,2022-02-20,0
2021,Ponte Preta,39,2021-11-03,Gilson Kleina,AA Ponte Preta,0,2021-06-01,2022-02-20,0
2021,Ponte Preta,40,2021-11-08,Gilson Kleina,AA Ponte Preta,0,2021-06-01,2022-02-20,0
2021,Ponte Preta,41,2021-11-11,Gilson Kleina,AA Ponte Preta,0,2021-06-01,2022-02-20,0
2021,Ponte Preta,42,2021-11-15,Gilson Kleina,AA Ponte Preta,0,2021-06-01,2022-02-20,0
2021,Ponte Preta,43,2021-11-20,Gilson Kleina,AA Ponte Preta,0,2021-06-01,2022-02-20,0
2021,Ponte Preta,44,2021-11-26,Gilson Kleina,AA Ponte Preta,0,2021-06-01,2022-02-20,0
2022,Ponte Preta,1,2022-04-09,Hélio dos Anjos,AA Ponte Preta,0,2022-02-25,2023-04-18,0
2022,Ponte Preta,2,2022-04-16,Hélio dos Anjos,AA Ponte Preta,0,2022-02-25,2023-04-18,0
2022,Ponte Preta,3,2022-04-23,Hélio dos Anjos,AA Ponte Preta,0,2022-02-25,2023-04-18,0
2022,Ponte Preta,4,2022-04-28,Hélio dos Anjos,AA Ponte Preta,0,2022-02-25,2023-04-18,0
2022,Ponte Preta,5,2022-05-01,Hélio dos Anjos,AA Ponte Preta,0,2022-02-25,2023-04-18,0
2022,Ponte Preta,6,2022-05-08,Hélio dos Anjos,AA Ponte Preta,0,2022-02-25,2023-04-18,0
2022,Ponte Preta,7,2022-05-14,Hélio dos Anjos,AA Ponte Preta,0,2022-02-25,2023-04-18,0
2022,Ponte Preta,8,2022-05-21,Hélio dos Anjos,AA Ponte Preta,0,2022-02-25,2023-04-18,0
2022,Ponte Preta,9,2022-05-25,Hélio dos Anjos,AA Ponte Preta,0,2022-02-25,2023-04-18,0
2022,Ponte Preta,10,2022-06-03,Hélio dos Anjos,AA Ponte Preta,0,2022-02-25,2023-04-18,0
2022,Ponte Preta,11,2022-06-08,Hélio dos Anjos,AA Ponte Preta,0,2022-02-25,2023-04-18,0
2022,Ponte Preta,12,2022-06-11,Hélio dos Anjos,AA Ponte Preta,0,2022-02-25,2023-04-18,0
2022,Ponte Preta,13,2022-06-16,Hélio dos Anjos,AA Ponte Preta,0,2022-02-25,2023-04-18,0
2022,Ponte Preta,14,2022-06-24,Hélio dos Anjos,AA Ponte Preta,0,2022-02-25,2023-04-18,0
2022,Ponte Preta,15,2022-06-29,Hélio dos Anjos,AA Ponte Preta,0,2022-02-25,2023-04-18,0
2022,Ponte Preta,16,2022-07-03,Hélio dos Anjos,AA Ponte Preta,0,2022-02-25,2023-04-18,0
2022,Ponte Preta,17,2022-07-08,Hélio dos Anjos,AA Ponte Preta,0,2022-02-25,2023-04-18,0
2022,Ponte Preta,18,2022-07-16,Hélio dos Anjos,AA Ponte Preta,0,2022-02-25,2023-04-18,0
2022,Ponte Preta,19,2022-07-21,Hélio dos Anjos,AA Ponte Preta,0,2022-02-25,2023-04-18,0
2022,Ponte Preta,20,2022-07-23,Hélio dos Anjos,AA Ponte Preta,0,2022-02-25,2023-04-18,0
2022,Ponte Preta,21,2022-07-31,Hélio dos Anjos,AA Ponte Preta,0,2022-02-25,2023-04-18,0
2022,Ponte Preta,22,2022-08-05,Hélio dos Anjos,AA Ponte Preta,0,2022-02-25,2023-04-18,0
2022,Ponte Preta,23,2022-08-10,Hélio dos Anjos,AA Ponte Preta,0,2022-02-25,2023-04-18,0
2022,Ponte Preta,24,2022-08-13,Hélio dos Anjos,AA Ponte Preta,0,2022-02-25,2023-04-18,0
2022,Ponte Preta,25,2022-08-20,Hélio dos Anjos,AA Ponte Preta,0,2022-02-25,2023-04-18,0
2022,Ponte Preta,26,2022-08-26,Hélio dos Anjos,AA Ponte Preta,0,2022-02-25,2023-04-18,0
2022,Ponte Preta,27,2022-09-01,Hélio dos Anjos,AA Ponte Preta,0,2022-02-25,2023-04-18,0
2022,Ponte Preta,28,2022-09-04,Hélio dos Anjos,AA Ponte Preta,0,2022-02-25,2023-04-18,0
2022,Ponte Preta,29,2022-09-08,Hélio dos Anjos,AA Ponte Preta,0,2022-02-25,2023-04-18,0
2022,Ponte Preta,30,2022-09-14,Hélio dos Anjos,AA Ponte Preta,0,2022-02-25,2023-04-18,0
2022,Ponte Preta,31,2022-09-24,Hélio dos Anjos,AA Ponte Preta,0,2022-02-25,2023-04-18,0
2022,Ponte Preta,32,2022-09-29,Hélio dos Anjos,AA Ponte Preta,0,2022-02-25,2023-04-18,0
2022,Ponte Preta,33,2022-10-04,Hélio dos Anjos,AA Ponte Preta,0,2022-02-25,2023-04-18,0
2022,Ponte Preta,34,2022-10-09,Hélio dos Anjos,AA Ponte Preta,0,2022-02-25,2023-04-18,0
2022,Ponte Preta,35,2022-10-15,Hélio dos Anjos,AA Ponte Preta,0,2022-02-25,2023-04-18,0
2022,Ponte Preta,36,2022-10-21,Hélio dos Anjos,AA Ponte Preta,0,2022-02-25,2023-04-18,0
2022,Ponte Preta,37,2022-10-29,Hélio dos Anjos,AA Ponte Preta,0,2022-02-25,2023-04-18,0
2022,Ponte Preta,38,2022-11-05,Hélio dos Anjos,AA Ponte Preta,0,2022-02-25,2023-04-18,0
2023,Ponte Preta,1,2023-04-16,Hélio dos Anjos,AA Ponte Preta,0,2022-02-25,2023-04-18,0
2023,Ponte Preta,2,2023-04-22,Felipe Moreira,AA Ponte Preta,0,2023-04-19,2023-07-23,0
2023,Ponte Preta,3,2023-04-29,Felipe Moreira,AA Ponte Preta,0,2023-04-19,2023-07-23,0
2023,Ponte Preta,4,2023-05-03,Felipe Moreira,AA Ponte Preta,0,2023-04-19,2023-07-23,0
2023,Ponte Preta,5,2023-05-07,Felipe Moreira,AA Ponte Preta,0,2023-04-19,2023-07-23,0
2023,Ponte Preta,6,2023-05-14,Felipe Moreira,AA Ponte Preta,0,2023-04-19,2023-07-23,0
2023,Ponte Preta,7,2023-05-21,Felipe Moreira,AA Ponte Preta,0,2023-04-19,2023-07-23,0
2023,Ponte Preta,8,2023-05-25,Felipe Moreira,AA Ponte Preta,0,2023-04-19,2023-07-23,0
2023,Ponte Preta,9,2023-05-28,Felipe Moreira,AA Ponte Preta,0,2023-04-19,2023-07-23,0
2023,Ponte Preta,10,2023-06-03,Felipe Moreira,AA Ponte Preta,0,2023-04-19,2023-07-23,0
2023,Ponte Preta,11,2023-06-07,Felipe Moreira,AA Ponte Preta,0,2023-04-19,2023-07-23,0
2023,Ponte Preta,12,2023-06-11,Felipe Moreira,AA Ponte Preta,0,2023-04-19,2023-07-23,0
2023,Ponte Preta,13,2023-06-24,Felipe Moreira,AA Ponte Preta,0,2023-04-19,2023-07-23,0
2023,Ponte Preta,14,2023-06-29,Felipe Moreira,AA Ponte Preta,0,2023-04-19,2023-07-23,0
2023,Ponte Preta,15,2023-07-03,Felipe Moreira,AA Ponte Preta,0,2023-04-19,2023-07-23,0
2023,Ponte Preta,16,2023-07-08,Felipe Moreira,AA Ponte Preta,0,2023-04-19,2023-07-23,0
2023,Ponte Preta,17,2023-07-15,Felipe Moreira,AA Ponte Preta,0,2023-04-19,2023-07-23,0
2023,Ponte Preta,18,2023-07-19,Felipe Moreira,AA Ponte Preta,0,2023-04-19,2023-07-23,0
2023,Ponte Preta,19,2023-07-22,Felipe Moreira,AA Ponte Preta,0,2023-04-19,2023-07-23,0
2023,Ponte Preta,20,2023-07-30,Pintado,AA Ponte Preta,0,2023-07-25,2023-10-04,0
2023,Ponte Preta,21,2023-08-03,Pintado,AA Ponte Preta,0,2023-07-25,2023-10-04,0
2023,Ponte Preta,22,2023-08-06,Pintado,AA Ponte Preta,0,2023-07-25,2023-10-04,0
2023,Ponte Preta,23,2023-08-12,Pintado,AA Ponte Preta,0,2023-07-25,2023-10-04,0
2023,Ponte Preta,24,2023-08-20,Pintado,AA Ponte Preta,0,2023-07-25,2023-10-04,0
2023,Ponte Preta,25,2023-08-26,Pintado,AA Ponte Preta,0,2023-07-25,2023-10-04,0
2023,Ponte Preta,26,2023-09-02,Pintado,AA Ponte Preta,0,2023-07-25,2023-10-04,0
2023,Ponte Preta,27,2023-09-09,Pintado,AA Ponte Preta,0,2023-07-25,2023-10-04,0
2023,Ponte Preta,28,2023-09-16,Pintado,AA Ponte Preta,0,2023-07-25,2023-10-04,0
2023,Ponte Preta,29,2023-09-23,Pintado,AA Ponte Preta,0,2023-07-25,2023-10-04,0
2023,Ponte Preta,30,2023-09-30,Pintado,AA Ponte Preta,0,2023-07-25,2023-10-04,0
2023,Ponte Preta,31,2023-10-10,João Brigatti,AA Ponte Preta,0,2023-10-05,2024-05-27,0
2023,Ponte Preta,32,2023-10-15,João Brigatti,AA Ponte Preta,0,2023-10-05,2024-05-27,0
2023,Ponte Preta,33,2023-10-24,João Brigatti,AA Ponte Preta,0,2023-10-05,2024-05-27,0
2023,Ponte Preta,34,2023-10-28,João Brigatti,AA Ponte Preta,0,2023-10-05,2024-05-27,0
2023,Ponte Preta,35,2023-11-04,João Brigatti,AA Ponte Preta,0,2023-10-05,2024-05-27,0
2023,Ponte Preta,36,2023-11-11,João Brigatti,AA Ponte Preta,0,2023-10-05,2024-05-27,0
2023,Ponte Preta,37,2023-11-18,João Brigatti,AA Ponte Preta,0,2023-10-05,2024-05-27,0
2023,Ponte Preta,38,2023-11-25,João Brigatti,AA Ponte Preta,0,2023-10-05,2024-05-27,0
2024,Ponte Preta,1,2024-04-21,João Brigatti,AA Ponte Preta,0,2023-10-05,2024-05-27,0
2024,Ponte Preta,2,2024-04-28,João Brigatti,AA Ponte Preta,0,2023-10-05,2024-05-27,0
2024,Ponte Preta,3,2024-05-07,João Brigatti,AA Ponte Preta,0,2023-10-05,2024-05-27,0
2024,Ponte Preta,4,2024-05-11,João Brigatti,AA Ponte Preta,0,2023-10-05,2024-05-27,0
2024,Ponte Preta,5,2024-05-16,João Brigatti,AA Ponte Preta,0,2023-10-05,2024-05-27,0
2024,Ponte Preta,6,2024-05-21,João Brigatti,AA Ponte Preta,0,2023-10-05,2024-05-27,0
2024,Ponte Preta,7,2024-05-26,João Brigatti,AA Ponte Preta,0,2023-10-05,2024-05-27,0
2024,Ponte Preta,8,2024-06-02,Nelsinho Baptista,AA Ponte Preta,0,2024-05-29,2024-10-21,0
2024,Ponte Preta,9,2024-06-09,Nelsinho Baptista,AA Ponte Preta,0,2024-05-29,2024-10-21,0
2024,Ponte Preta,10,2024-06-15,Nelsinho Baptista,AA Ponte Preta,0,2024-05-29,2024-10-21,0
2024,Ponte Preta,11,2024-06-20,Nelsinho Baptista,AA Ponte Preta,0,2024-05-29,2024-10-21,0
2024,Ponte Preta,12,2024-06-26,Nelsinho Baptista,AA Ponte Preta,0,2024-05-29,2024-10-21,0
2024,Ponte Preta,13,2024-06-30,Nelsinho Baptista,AA Ponte Preta,0,2024-05-29,2024-10-21,0
2024,Ponte Preta,14,2024-07-06,Nelsinho Baptista,AA Ponte Preta,0,2024-05-29,2024-10-21,0
2024,Ponte Preta,15,2024-07-13,Nelsinho Baptista,AA Ponte Preta,0,2024-05-29,2024-10-21,0
2024,Ponte Preta,16,2024-07-20,Nelsinho Baptista,AA Ponte Preta,0,2024-05-29,2024-10-21,0
2024,Ponte Preta,17,2024-07-24,Nelsinho Baptista,AA Ponte Preta,0,2024-05-29,2024-10-21,0
2024,Ponte Preta,18,2024-07-27,Nelsinho Baptista,AA Ponte Preta,0,2024-05-29,2024-10-21,0
2024,Ponte Preta,19,2024-08-04,Nelsinho Baptista,AA Ponte Preta,0,2024-05-29,2024-10-21,0
2024,Ponte Preta,20,2024-08-11,Nelsinho Baptista,AA Ponte Preta,0,2024-05-29,2024-10-21,0
2024,Ponte Preta,21,2024-08-17,Nelsinho Baptista,AA Ponte Preta,0,2024-05-29,2024-10-21,0
2024,Ponte Preta,22,2024-08-21,Nelsinho Baptista,AA Ponte Preta,0,2024-05-29,2024-10-21,0
2024,Ponte Preta,23,2024-08-24,Nelsinho Baptista,AA Ponte Preta,0,2024-05-29,2024-10-21,0
2024,Ponte Preta,24,2024-08-31,Nelsinho Baptista,AA Ponte Preta,0,2024-05-29,2024-10-21,0
2024,Ponte Preta,25,2024-09-10,Nelsinho Baptista,AA Ponte Preta,0,2024-05-29,2024-10-21,0
2024,Ponte Preta,26,2024-09-14,Nelsinho Baptista,AA Ponte Preta,0,2024-05-29,2024-10-21,0
2024,Ponte Preta,27,2024-09-20,Nelsinho Baptista,AA Ponte Preta,0,2024-05-29,2024-10-21,0
2024,Ponte Preta,28,2024-09-25,Nelsinho Baptista,AA Ponte Preta,0,2024-05-29,2024-10-21,0
2024,Ponte Preta,29,2024-10-01,Nelsinho Baptista,AA Ponte Preta,0,2024-05-29,2024-10-21,0
2024,Ponte Preta,30,2024-10-05,Nelsinho Baptista,AA Ponte Preta,0,2024-05-29,2024-10-21,0
2024,Ponte Preta,31,2024-10-12,Nelsinho Baptista,AA Ponte Preta,0,2024-05-29,2024-10-21,0
2024,Ponte Preta,32,2024-10-20,Nelsinho Baptista,AA Ponte Preta,0,2024-05-29,2024-10-21,0
2024,Ponte Preta,33,2024-10-24,Nenê Santana,AA Ponte Preta,0,2024-10-22,2024-11-06,0
2024,Ponte Preta,34,2024-10-26,Nenê Santana,AA Ponte Preta,0,2024-10-22,2024-11-06,0
2024,Ponte Preta,35,2024-11-05,Nenê Santana,AA Ponte Preta,0,2024-10-22,2024-11-06,0
2026,Ponte Preta,1,2026-03-22,Rodrigo Santana,AA Ponte Preta,0,2026-02-23,2026-05-26,0
2026,Ponte Preta,2,2026-04-02,Rodrigo Santana,AA Ponte Preta,0,2026-02-23,2026-05-26,0
2026,Ponte Preta,3,2026-04-04,Rodrigo Santana,AA Ponte Preta,0,2026-02-23,2026-05-26,0
2026,Ponte Preta,4,2026-04-11,Rodrigo Santana,AA Ponte Preta,0,2026-02-23,2026-05-26,0
2026,Ponte Preta,5,2026-04-19,Rodrigo Santana,AA Ponte Preta,0,2026-02-23,2026-05-26,0
2026,Ponte Preta,6,2026-04-25,Rodrigo Santana,AA Ponte Preta,0,2026-02-23,2026-05-26,0
2026,Ponte Preta,7,2026-05-03,Rodrigo Santana,AA Ponte Preta,0,2026-02-23,2026-05-26,0
2026,Ponte Preta,8,2026-05-09,Rodrigo Santana,AA Ponte Preta,0,2026-02-23,2026-05-26,0
2026,Ponte Preta,9,2026-05-19,Rodrigo Santana,AA Ponte Preta,0,2026-02-23,2026-05-26,0
2026,Ponte Preta,10,2026-05-24,Rodrigo Santana,AA Ponte Preta,0,2026-02-23,2026-05-26,0
2026,Ponte Preta,11,2026-06-02,Edson Boaro,AA Ponte Preta,1,2026-05-30,2026-06-11,0
2026,Ponte Preta,12,2026-06-10,Edson Boaro,AA Ponte Preta,1,2026-05-30,2026-06-11,0
2026,Ponte Preta,13,2026-06-14,Márcio Zanardi,AA Ponte Preta,0,2026-06-11,2026-08-26,0
2026,Ponte Preta,14,2026-06-23,Márcio Zanardi,AA Ponte Preta,0,2026-06-11,2026-08-26,0
2026,Ponte Preta,15,2026-06-28,Márcio Zanardi,AA Ponte Preta,0,2026-06-11,2026-08-26,0
2026,Ponte Preta,16,2026-07-03,Márcio Zanardi,AA Ponte Preta,0,2026-06-11,2026-08-26,0
2026,Ponte Preta,17,2026-07-09,Márcio Zanardi,AA Ponte Preta,0,2026-06-11,2026-08-26,0
2026,Ponte Preta,18,2026-07-18,Márcio Zanardi,AA Ponte Preta,0,2026-06-11,2026-08-26,0
2026,Ponte Preta,19,2026-07-23,Márcio Zanardi,AA Ponte Preta,0,2026-06-11,2026-08-26,0
2026,Ponte Preta,20,2026-07-29,Márcio Zanardi,AA Ponte Preta,0,2026-06-11,2026-08-26,0
2026,Ponte Preta,21,2026-08-08,Márcio Zanardi,AA Ponte Preta,0,2026-06-11,2026-08-26,0
2026,Ponte Preta,22,2026-08-15,Márcio Zanardi,AA Ponte Preta,0,2026-06-11,2026-08-26,0
2026,Ponte Preta,23,2026-08-20,Márcio Zanardi,AA Ponte Preta,0,2026-06-11,2026-08-26,0
2026,Ponte Preta,24,2026-08-23,Márcio Zanardi,AA Ponte Preta,0,2026-06-11,2026-08-26,0
2026,Ponte Preta,25,2026-08-30,Gilson Kleina,AA Ponte Preta,0,2026-08-28,,0
2026,Ponte Preta,26,2026-09-06,Gilson Kleina,AA Ponte Preta,0,2026-08-28,,0
2026,Ponte Preta,27,2026-09-11,Gilson Kleina,AA Ponte Preta,0,2026-08-28,,0
2021,Remo,1,2021-05-29,Paulo Bonamigo,Clube do Remo,0,2020-09-24,2021-06-30,0
2021,Remo,2,2021-06-06,Paulo Bonamigo,Clube do Remo,0,2020-09-24,2021-06-30,0
2021,Remo,3,2021-06-13,Paulo Bonamigo,Clube do Remo,0,2020-09-24,2021-06-30,0
2021,Remo,4,2021-06-16,Paulo Bonamigo,Clube do Remo,0,2020-09-24,2021-06-30,0
2021,Remo,5,2021-06-23,Paulo Bonamigo,Clube do Remo,0,2020-09-24,2021-06-30,0
2021,Remo,6,2021-06-27,Paulo Bonamigo,Clube do Remo,0,2020-09-24,2021-06-30,0
2021,Remo,7,2021-06-30,João Nasser,Clube do Remo,1,2021-06-30,2021-07-06,0
2021,Remo,8,2021-07-03,João Nasser,Clube do Remo,1,2021-06-30,2021-07-06,0
2021,Remo,9,2021-07-09,Felipe Conceição,Clube do Remo,0,2021-07-07,2021-11-10,0
2021,Remo,10,2021-07-15,Felipe Conceição,Clube do Remo,0,2021-07-07,2021-11-10,0
2021,Remo,11,2021-07-17,Felipe Conceição,Clube do Remo,0,2021-07-07,2021-11-10,0
2021,Remo,12,2021-07-21,Felipe Conceição,Clube do Remo,0,2021-07-07,2021-11-10,0
2021,Remo,13,2021-07-23,Felipe Conceição,Clube do Remo,0,2021-07-07,2021-11-10,0
2021,Remo,14,2021-07-29,Felipe Conceição,Clube do Remo,0,2021-07-07,2021-11-10,0
2021,Remo,15,2021-08-01,Felipe Conceição,Clube do Remo,0,2021-07-07,2021-11-10,0
2021,Remo,16,2021-08-06,Felipe Conceição,Clube do Remo,0,2021-07-07,2021-11-10,0
2021,Remo,17,2021-08-11,Felipe Conceição,Clube do Remo,0,2021-07-07,2021-11-10,0
2021,Remo,18,2021-08-14,Felipe Conceição,Clube do Remo,0,2021-07-07,2021-11-10,0
2021,Remo,19,2021-08-18,Felipe Conceição,Clube do Remo,0,2021-07-07,2021-11-10,0
2021,Remo,20,2021-08-22,Felipe Conceição,Clube do Remo,0,2021-07-07,2021-11-10,0
2021,Remo,21,2021-08-28,Felipe Conceição,Clube do Remo,0,2021-07-07,2021-11-10,0
2021,Remo,22,2021-09-05,Felipe Conceição,Clube do Remo,0,2021-07-07,2021-11-10,0
2021,Remo,23,2021-09-11,Felipe Conceição,Clube do Remo,0,2021-07-07,2021-11-10,0
2021,Remo,24,2021-09-17,Felipe Conceição,Clube do Remo,0,2021-07-07,2021-11-10,0
2021,Remo,25,2021-09-21,Felipe Conceição,Clube do Remo,0,2021-07-07,2021-11-10,0
2021,Remo,26,2021-09-25,Felipe Conceição,Clube do Remo,0,2021-07-07,2021-11-10,0
2021,Remo,27,2021-10-01,Felipe Conceição,Clube do Remo,0,2021-07-07,2021-11-10,0
2021,Remo,28,2021-10-05,Felipe Conceição,Clube do Remo,0,2021-07-07,2021-11-10,0
2021,Remo,29,2021-10-09,Felipe Conceição,Clube do Remo,0,2021-07-07,2021-11-10,0
2021,Remo,30,2021-10-15,Felipe Conceição,Clube do Remo,0,2021-07-07,2021-11-10,0
2021,Remo,31,2021-10-24,Felipe Conceição,Clube do Remo,0,2021-07-07,2021-11-10,0
2021,Remo,32,2021-10-29,Felipe Conceição,Clube do Remo,0,2021-07-07,2021-11-10,0
2021,Remo,33,2021-11-02,Felipe Conceição,Clube do Remo,0,2021-07-07,2021-11-10,0
2021,Remo,34,2021-11-05,Felipe Conceição,Clube do Remo,0,2021-07-07,2021-11-10,0
2021,Remo,35,2021-11-09,Felipe Conceição,Clube do Remo,0,2021-07-07,2021-11-10,0
2021,Remo,36,2021-11-16,Eduardo Baptista,Clube do Remo,0,2021-11-12,2021-12-14,0
2021,Remo,37,2021-11-19,Eduardo Baptista,Clube do Remo,0,2021-11-12,2021-12-14,0
2021,Remo,38,2021-11-28,Eduardo Baptista,Clube do Remo,0,2021-11-12,2021-12-14,0
2025,Remo,1,2025-04-07,Daniel Paulista,Clube do Remo,0,2025-03-21,2025-06-06,0
2025,Remo,2,2025-04-13,Daniel Paulista,Clube do Remo,0,2025-03-21,2025-06-06,0
2025,Remo,3,2025-04-18,Daniel Paulista,Clube do Remo,0,2025-03-21,2025-06-06,0
2025,Remo,4,2025-04-22,Daniel Paulista,Clube do Remo,0,2025-03-21,2025-06-06,0
2025,Remo,5,2025-04-26,Daniel Paulista,Clube do Remo,0,2025-03-21,2025-06-06,0
2025,Remo,6,2025-05-03,Daniel Paulista,Clube do Remo,0,2025-03-21,2025-06-06,0
2025,Remo,7,2025-05-15,Daniel Paulista,Clube do Remo,0,2025-03-21,2025-06-06,0
2025,Remo,8,2025-05-18,Daniel Paulista,Clube do Remo,0,2025-03-21,2025-06-06,0
2025,Remo,9,2025-05-24,Daniel Paulista,Clube do Remo,0,2025-03-21,2025-06-06,0
2025,Remo,10,2025-06-01,Daniel Paulista,Clube do Remo,0,2025-03-21,2025-06-06,0
2025,Remo,11,2025-06-09,Flávio Garcia,Clube do Remo,1,2025-06-06,2025-06-15,0
2025,Remo,12,2025-06-14,Flávio Garcia,Clube do Remo,1,2025-06-06,2025-06-15,0
2025,Remo,13,2025-06-21,António Oliveira,Clube do Remo,0,2025-06-20,2025-09-21,0
2025,Remo,14,2025-06-29,António Oliveira,Clube do Remo,0,2025-06-20,2025-09-21,0
2025,Remo,15,2025-07-05,António Oliveira,Clube do Remo,0,2025-06-20,2025-09-21,0
2025,Remo,16,2025-07-13,António Oliveira,Clube do Remo,0,2025-06-20,2025-09-21,0
2025,Remo,17,2025-07-18,António Oliveira,Clube do Remo,0,2025-06-20,2025-09-21,0
2025,Remo,18,2025-07-25,António Oliveira,Clube do Remo,0,2025-06-20,2025-09-21,0
2025,Remo,19,2025-07-30,António Oliveira,Clube do Remo,0,2025-06-20,2025-09-21,0
2025,Remo,20,2025-08-02,António Oliveira,Clube do Remo,0,2025-06-20,2025-09-21,0
2025,Remo,21,2025-08-09,António Oliveira,Clube do Remo,0,2025-06-20,2025-09-21,0
2025,Remo,22,2025-08-16,António Oliveira,Clube do Remo,0,2025-06-20,2025-09-21,0
2025,Remo,23,2025-08-23,António Oliveira,Clube do Remo,0,2025-06-20,2025-09-21,0
2025,Remo,24,2025-08-29,António Oliveira,Clube do Remo,0,2025-06-20,2025-09-21,0
2025,Remo,25,2025-09-05,António Oliveira,Clube do Remo,0,2025-06-20,2025-09-21,0
2025,Remo,26,2025-09-13,António Oliveira,Clube do Remo,0,2025-06-20,2025-09-21,0
2025,Remo,27,2025-09-21,António Oliveira,Clube do Remo,0,2025-06-20,2025-09-21,0
2025,Remo,28,2025-09-25,Flávio Garcia,Clube do Remo,1,2025-09-22,2025-09-25,0
2025,Remo,29,2025-09-28,Guto Ferreira,Clube do Remo,0,2025-09-24,2025-12-17,0
2025,Remo,30,2025-10-05,Guto Ferreira,Clube do Remo,0,2025-09-24,2025-12-17,0
2025,Remo,31,2025-10-10,Guto Ferreira,Clube do Remo,0,2025-09-24,2025-12-17,0
2025,Remo,32,2025-10-15,Guto Ferreira,Clube do Remo,0,2025-09-24,2025-12-17,0
2025,Remo,33,2025-10-19,Guto Ferreira,Clube do Remo,0,2025-09-24,2025-12-17,0
2025,Remo,34,2025-10-25,Guto Ferreira,Clube do Remo,0,2025-09-24,2025-12-17,0
2025,Remo,35,2025-11-02,Guto Ferreira,Clube do Remo,0,2025-09-24,2025-12-17,0
2025,Remo,36,2025-11-08,Guto Ferreira,Clube do Remo,0,2025-09-24,2025-12-17,0
2025,Remo,37,2025-11-15,Guto Ferreira,Clube do Remo,0,2025-09-24,2025-12-17,0
2025,Remo,38,2025-11-23,Guto Ferreira,Clube do Remo,0,2025-09-24,2025-12-17,0
2018,Sampaio Corrêa,1,2018-04-15,Francisco Diá,Sampaio Corrêa FC,0,2017-02-26,2018-05-08,0
2018,Sampaio Corrêa,2,2018-04-21,Francisco Diá,Sampaio Corrêa FC,0,2017-02-26,2018-05-08,0
2018,Sampaio Corrêa,3,2018-04-28,Francisco Diá,Sampaio Corrêa FC,0,2017-02-26,2018-05-08,0
2018,Sampaio Corrêa,4,2018-05-05,Francisco Diá,Sampaio Corrêa FC,0,2017-02-26,2018-05-08,0
2018,Sampaio Corrêa,5,2018-05-08,Francisco Diá,Sampaio Corrêa FC,0,2017-02-26,2018-05-08,0
2018,Sampaio Corrêa,6,2018-05-20,Roberto Fonseca,Sampaio Corrêa FC,0,2018-05-15,2018-07-25,0
2018,Sampaio Corrêa,7,2018-05-29,Roberto Fonseca,Sampaio Corrêa FC,0,2018-05-15,2018-07-25,0
2018,Sampaio Corrêa,8,2018-06-02,Roberto Fonseca,Sampaio Corrêa FC,0,2018-05-15,2018-07-25,0
2018,Sampaio Corrêa,9,2018-06-06,Roberto Fonseca,Sampaio Corrêa FC,0,2018-05-15,2018-07-25,0
2018,Sampaio Corrêa,10,2018-06-09,Roberto Fonseca,Sampaio Corrêa FC,0,2018-05-15,2018-07-25,0
2018,Sampaio Corrêa,11,2018-06-13,Roberto Fonseca,Sampaio Corrêa FC,0,2018-05-15,2018-07-25,0
2018,Sampaio Corrêa,12,2018-06-24,Roberto Fonseca,Sampaio Corrêa FC,0,2018-05-15,2018-07-25,0
2018,Sampaio Corrêa,13,2018-07-01,Roberto Fonseca,Sampaio Corrêa FC,0,2018-05-15,2018-07-25,0
2018,Sampaio Corrêa,14,2018-07-14,Roberto Fonseca,Sampaio Corrêa FC,0,2018-05-15,2018-07-25,0
2018,Sampaio Corrêa,15,2018-07-18,Roberto Fonseca,Sampaio Corrêa FC,0,2018-05-15,2018-07-25,0
2018,Sampaio Corrêa,16,2018-07-21,Roberto Fonseca,Sampaio Corrêa FC,0,2018-05-15,2018-07-25,0
2018,Sampaio Corrêa,17,2018-07-25,Roberto Fonseca,Sampaio Corrêa FC,0,2018-05-15,2018-07-25,0
2018,Sampaio Corrêa,18,2018-07-29,Paulo Roberto Santos,Sampaio Corrêa FC,0,2018-07-26,2018-09-06,0
2018,Sampaio Corrêa,19,2018-08-05,Paulo Roberto Santos,Sampaio Corrêa FC,0,2018-07-26,2018-09-06,0
2018,Sampaio Corrêa,20,2018-08-11,Paulo Roberto Santos,Sampaio Corrêa FC,0,2018-07-26,2018-09-06,0
2018,Sampaio Corrêa,21,2018-08-19,Paulo Roberto Santos,Sampaio Corrêa FC,0,2018-07-26,2018-09-06,0
2018,Sampaio Corrêa,22,2018-08-22,Paulo Roberto Santos,Sampaio Corrêa FC,0,2018-07-26,2018-09-06,0
2018,Sampaio Corrêa,23,2018-08-25,Paulo Roberto Santos,Sampaio Corrêa FC,0,2018-07-26,2018-09-06,0
2018,Sampaio Corrêa,24,2018-09-01,Paulo Roberto Santos,Sampaio Corrêa FC,0,2018-07-26,2018-09-06,0
2018,Sampaio Corrêa,25,2018-09-05,Paulo Roberto Santos,Sampaio Corrêa FC,0,2018-07-26,2018-09-06,0
2018,Sampaio Corrêa,26,2018-09-09,Marcinho Guerreiro,Sampaio Corrêa FC,0,2018-09-07,2018-12-01,0
2018,Sampaio Corrêa,27,2018-09-15,Marcinho Guerreiro,Sampaio Corrêa FC,0,2018-09-07,2018-12-01,0
2018,Sampaio Corrêa,28,2018-09-23,Marcinho Guerreiro,Sampaio Corrêa FC,0,2018-09-07,2018-12-01,0
2018,Sampaio Corrêa,29,2018-09-29,Marcinho Guerreiro,Sampaio Corrêa FC,0,2018-09-07,2018-12-01,0
2018,Sampaio Corrêa,30,2018-10-03,Marcinho Guerreiro,Sampaio Corrêa FC,0,2018-09-07,2018-12-01,0
2018,Sampaio Corrêa,31,2018-10-13,Marcinho Guerreiro,Sampaio Corrêa FC,0,2018-09-07,2018-12-01,0
2018,Sampaio Corrêa,32,2018-10-21,Marcinho Guerreiro,Sampaio Corrêa FC,0,2018-09-07,2018-12-01,0
2018,Sampaio Corrêa,33,2018-10-27,Marcinho Guerreiro,Sampaio Corrêa FC,0,2018-09-07,2018-12-01,0
2018,Sampaio Corrêa,34,2018-11-03,Marcinho Guerreiro,Sampaio Corrêa FC,0,2018-09-07,2018-12-01,0
2018,Sampaio Corrêa,35,2018-11-05,Marcinho Guerreiro,Sampaio Corrêa FC,0,2018-09-07,2018-12-01,0
2018,Sampaio Corrêa,36,2018-11-10,Marcinho Guerreiro,Sampaio Corrêa FC,0,2018-09-07,2018-12-01,0
2018,Sampaio Corrêa,37,2018-11-17,Marcinho Guerreiro,Sampaio Corrêa FC,0,2018-09-07,2018-12-01,0
2018,Sampaio Corrêa,38,2018-11-24,Marcinho Guerreiro,Sampaio Corrêa FC,0,2018-09-07,2018-12-01,0
2020,Sampaio Corrêa,1,2020-08-09,Léo Condé,Sampaio Corrêa FC,0,2020-03-12,2021-01-31,0
2020,Sampaio Corrêa,2,2020-08-12,Léo Condé,Sampaio Corrêa FC,0,2020-03-12,2021-01-31,0
2020,Sampaio Corrêa,3,2020-08-16,Léo Condé,Sampaio Corrêa FC,0,2020-03-12,2021-01-31,0
2020,Sampaio Corrêa,4,2020-08-30,Léo Condé,Sampaio Corrêa FC,0,2020-03-12,2021-01-31,0
2020,Sampaio Corrêa,5,2020-09-03,Léo Condé,Sampaio Corrêa FC,0,2020-03-12,2021-01-31,0
2020,Sampaio Corrêa,6,2020-09-06,Léo Condé,Sampaio Corrêa FC,0,2020-03-12,2021-01-31,0
2020,Sampaio Corrêa,7,2020-09-12,Léo Condé,Sampaio Corrêa FC,0,2020-03-12,2021-01-31,0
2020,Sampaio Corrêa,8,2020-09-20,Léo Condé,Sampaio Corrêa FC,0,2020-03-12,2021-01-31,0
2020,Sampaio Corrêa,9,2020-09-30,Léo Condé,Sampaio Corrêa FC,0,2020-03-12,2021-01-31,0
2020,Sampaio Corrêa,10,2020-10-03,Léo Condé,Sampaio Corrêa FC,0,2020-03-12,2021-01-31,0
2020,Sampaio Corrêa,11,2020-10-08,Léo Condé,Sampaio Corrêa FC,0,2020-03-12,2021-01-31,0
2020,Sampaio Corrêa,12,2020-10-12,Léo Condé,Sampaio Corrêa FC,0,2020-03-12,2021-01-31,0
2020,Sampaio Corrêa,13,2020-10-14,Léo Condé,Sampaio Corrêa FC,0,2020-03-12,2021-01-31,0
2020,Sampaio Corrêa,14,2020-10-19,Léo Condé,Sampaio Corrêa FC,0,2020-03-12,2021-01-31,0
2020,Sampaio Corrêa,15,2020-10-22,Léo Condé,Sampaio Corrêa FC,0,2020-03-12,2021-01-31,0
2020,Sampaio Corrêa,16,2020-10-24,Léo Condé,Sampaio Corrêa FC,0,2020-03-12,2021-01-31,0
2020,Sampaio Corrêa,17,2020-10-31,Léo Condé,Sampaio Corrêa FC,0,2020-03-12,2021-01-31,0
2020,Sampaio Corrêa,18,2020-11-03,Léo Condé,Sampaio Corrêa FC,0,2020-03-12,2021-01-31,0
2020,Sampaio Corrêa,19,2020-11-08,Léo Condé,Sampaio Corrêa FC,0,2020-03-12,2021-01-31,0
2020,Sampaio Corrêa,20,2020-11-14,Léo Condé,Sampaio Corrêa FC,0,2020-03-12,2021-01-31,0
2020,Sampaio Corrêa,21,2020-11-17,Léo Condé,Sampaio Corrêa FC,0,2020-03-12,2021-01-31,0
2020,Sampaio Corrêa,22,2020-11-20,Léo Condé,Sampaio Corrêa FC,0,2020-03-12,2021-01-31,0
2020,Sampaio Corrêa,23,2020-11-23,Léo Condé,Sampaio Corrêa FC,0,2020-03-12,2021-01-31,0
2020,Sampaio Corrêa,24,2020-11-27,Léo Condé,Sampaio Corrêa FC,0,2020-03-12,2021-01-31,0
2020,Sampaio Corrêa,25,2020-12-02,Léo Condé,Sampaio Corrêa FC,0,2020-03-12,2021-01-31,0
2020,Sampaio Corrêa,26,2020-12-05,Léo Condé,Sampaio Corrêa FC,0,2020-03-12,2021-01-31,0
2020,Sampaio Corrêa,27,2020-12-08,Léo Condé,Sampaio Corrêa FC,0,2020-03-12,2021-01-31,0
2020,Sampaio Corrêa,28,2020-12-11,Léo Condé,Sampaio Corrêa FC,0,2020-03-12,2021-01-31,0
2020,Sampaio Corrêa,29,2020-12-15,Léo Condé,Sampaio Corrêa FC,0,2020-03-12,2021-01-31,0
2020,Sampaio Corrêa,30,2020-12-19,Léo Condé,Sampaio Corrêa FC,0,2020-03-12,2021-01-31,0
2020,Sampaio Corrêa,31,2020-12-23,Léo Condé,Sampaio Corrêa FC,0,2020-03-12,2021-01-31,0
2021,Sampaio Corrêa,1,2021-01-02,Léo Condé,Sampaio Corrêa FC,0,2020-03-12,2021-01-31,0
2021,Sampaio Corrêa,2,2021-01-09,Léo Condé,Sampaio Corrêa FC,0,2020-03-12,2021-01-31,0
2021,Sampaio Corrêa,3,2021-01-12,Léo Condé,Sampaio Corrêa FC,0,2020-03-12,2021-01-31,0
2021,Sampaio Corrêa,4,2021-01-15,Léo Condé,Sampaio Corrêa FC,0,2020-03-12,2021-01-31,0
2021,Sampaio Corrêa,5,2021-01-19,Léo Condé,Sampaio Corrêa FC,0,2020-03-12,2021-01-31,0
2021,Sampaio Corrêa,6,2021-01-23,Léo Condé,Sampaio Corrêa FC,0,2020-03-12,2021-01-31,0
2021,Sampaio Corrêa,7,2021-01-29,Léo Condé,Sampaio Corrêa FC,0,2020-03-12,2021-01-31,0
2021,Sampaio Corrêa,8,2021-06-01,Felipe Surian,Sampaio Corrêa FC,0,2021-05-28,2021-10-29,0
2021,Sampaio Corrêa,9,2021-06-05,Felipe Surian,Sampaio Corrêa FC,0,2021-05-28,2021-10-29,0
2021,Sampaio Corrêa,10,2021-06-12,Felipe Surian,Sampaio Corrêa FC,0,2021-05-28,2021-10-29,0
2021,Sampaio Corrêa,11,2021-06-16,Felipe Surian,Sampaio Corrêa FC,0,2021-05-28,2021-10-29,0
2021,Sampaio Corrêa,12,2021-06-20,Felipe Surian,Sampaio Corrêa FC,0,2021-05-28,2021-10-29,0
2021,Sampaio Corrêa,13,2021-06-22,Felipe Surian,Sampaio Corrêa FC,0,2021-05-28,2021-10-29,0
2021,Sampaio Corrêa,14,2021-06-26,Felipe Surian,Sampaio Corrêa FC,0,2021-05-28,2021-10-29,0
2021,Sampaio Corrêa,15,2021-06-30,Felipe Surian,Sampaio Corrêa FC,0,2021-05-28,2021-10-29,0
2021,Sampaio Corrêa,16,2021-07-04,Felipe Surian,Sampaio Corrêa FC,0,2021-05-28,2021-10-29,0
2021,Sampaio Corrêa,17,2021-07-10,Felipe Surian,Sampaio Corrêa FC,0,2021-05-28,2021-10-29,0
2021,Sampaio Corrêa,18,2021-07-14,Felipe Surian,Sampaio Corrêa FC,0,2021-05-28,2021-10-29,0
2021,Sampaio Corrêa,19,2021-07-17,Felipe Surian,Sampaio Corrêa FC,0,2021-05-28,2021-10-29,0
2021,Sampaio Corrêa,20,2021-07-21,Felipe Surian,Sampaio Corrêa FC,0,2021-05-28,2021-10-29,0
2021,Sampaio Corrêa,21,2021-07-26,Felipe Surian,Sampaio Corrêa FC,0,2021-05-28,2021-10-29,0
2021,Sampaio Corrêa,22,2021-08-01,Felipe Surian,Sampaio Corrêa FC,0,2021-05-28,2021-10-29,0
2021,Sampaio Corrêa,23,2021-08-08,Felipe Surian,Sampaio Corrêa FC,0,2021-05-28,2021-10-29,0
2021,Sampaio Corrêa,24,2021-08-12,Felipe Surian,Sampaio Corrêa FC,0,2021-05-28,2021-10-29,0
2021,Sampaio Corrêa,25,2021-08-14,Felipe Surian,Sampaio Corrêa FC,0,2021-05-28,2021-10-29,0
2021,Sampaio Corrêa,26,2021-08-18,Felipe Surian,Sampaio Corrêa FC,0,2021-05-28,2021-10-29,0
2021,Sampaio Corrêa,27,2021-08-22,Felipe Surian,Sampaio Corrêa FC,0,2021-05-28,2021-10-29,0
2021,Sampaio Corrêa,28,2021-08-29,Felipe Surian,Sampaio Corrêa FC,0,2021-05-28,2021-10-29,0
2021,Sampaio Corrêa,29,2021-09-04,Felipe Surian,Sampaio Corrêa FC,0,2021-05-28,2021-10-29,0
2021,Sampaio Corrêa,30,2021-09-11,Felipe Surian,Sampaio Corrêa FC,0,2021-05-28,2021-10-29,0
2021,Sampaio Corrêa,31,2021-09-18,Felipe Surian,Sampaio Corrêa FC,0,2021-05-28,2021-10-29,0
2021,Sampaio Corrêa,32,2021-09-22,Felipe Surian,Sampaio Corrêa FC,0,2021-05-28,2021-10-29,0
2021,Sampaio Corrêa,33,2021-09-26,Felipe Surian,Sampaio Corrêa FC,0,2021-05-28,2021-10-29,0
2021,Sampaio Corrêa,34,2021-10-01,Felipe Surian,Sampaio Corrêa FC,0,2021-05-28,2021-10-29,0
2021,Sampaio Corrêa,35,2021-10-04,Felipe Surian,Sampaio Corrêa FC,0,2021-05-28,2021-10-29,0
2021,Sampaio Corrêa,36,2021-10-10,Felipe Surian,Sampaio Corrêa FC,0,2021-05-28,2021-10-29,0
2021,Sampaio Corrêa,37,2021-10-13,Felipe Surian,Sampaio Corrêa FC,0,2021-05-28,2021-10-29,0
2021,Sampaio Corrêa,38,2021-10-20,Felipe Surian,Sampaio Corrêa FC,0,2021-05-28,2021-10-29,0
2021,Sampaio Corrêa,39,2021-10-29,Felipe Surian,Sampaio Corrêa FC,0,2021-05-28,2021-10-29,0
2021,Sampaio Corrêa,40,2021-11-05,João Brigatti,Sampaio Corrêa FC,0,2021-11-03,2022-03-20,0
2021,Sampaio Corrêa,41,2021-11-07,João Brigatti,Sampaio Corrêa FC,0,2021-11-03,2022-03-20,0
2021,Sampaio Corrêa,42,2021-11-11,João Brigatti,Sampaio Corrêa FC,0,2021-11-03,2022-03-20,0
2021,Sampaio Corrêa,43,2021-11-15,João Brigatti,Sampaio Corrêa FC,0,2021-11-03,2022-03-20,0
2021,Sampaio Corrêa,44,2021-11-19,João Brigatti,Sampaio Corrêa FC,0,2021-11-03,2022-03-20,0
2021,Sampaio Corrêa,45,2021-11-28,João Brigatti,Sampaio Corrêa FC,0,2021-11-03,2022-03-20,0
2022,Sampaio Corrêa,1,2022-04-09,Léo Condé,Sampaio Corrêa FC,0,2022-03-28,2022-11-17,0
2022,Sampaio Corrêa,2,2022-04-16,Léo Condé,Sampaio Corrêa FC,0,2022-03-28,2022-11-17,0
2022,Sampaio Corrêa,3,2022-04-23,Léo Condé,Sampaio Corrêa FC,0,2022-03-28,2022-11-17,0
2022,Sampaio Corrêa,4,2022-04-27,Léo Condé,Sampaio Corrêa FC,0,2022-03-28,2022-11-17,0
2022,Sampaio Corrêa,5,2022-04-30,Léo Condé,Sampaio Corrêa FC,0,2022-03-28,2022-11-17,0
2022,Sampaio Corrêa,6,2022-05-10,Léo Condé,Sampaio Corrêa FC,0,2022-03-28,2022-11-17,0
2022,Sampaio Corrêa,7,2022-05-14,Léo Condé,Sampaio Corrêa FC,0,2022-03-28,2022-11-17,0
2022,Sampaio Corrêa,8,2022-05-22,Léo Condé,Sampaio Corrêa FC,0,2022-03-28,2022-11-17,0
2022,Sampaio Corrêa,9,2022-05-29,Léo Condé,Sampaio Corrêa FC,0,2022-03-28,2022-11-17,0
2022,Sampaio Corrêa,10,2022-06-04,Léo Condé,Sampaio Corrêa FC,0,2022-03-28,2022-11-17,0
2022,Sampaio Corrêa,11,2022-06-08,Léo Condé,Sampaio Corrêa FC,0,2022-03-28,2022-11-17,0
2022,Sampaio Corrêa,12,2022-06-11,Léo Condé,Sampaio Corrêa FC,0,2022-03-28,2022-11-17,0
2022,Sampaio Corrêa,13,2022-06-18,Léo Condé,Sampaio Corrêa FC,0,2022-03-28,2022-11-17,0
2022,Sampaio Corrêa,14,2022-06-24,Léo Condé,Sampaio Corrêa FC,0,2022-03-28,2022-11-17,0
2022,Sampaio Corrêa,15,2022-06-28,Léo Condé,Sampaio Corrêa FC,0,2022-03-28,2022-11-17,0
2022,Sampaio Corrêa,16,2022-07-02,Léo Condé,Sampaio Corrêa FC,0,2022-03-28,2022-11-17,0
2022,Sampaio Corrêa,17,2022-07-09,Léo Condé,Sampaio Corrêa FC,0,2022-03-28,2022-11-17,0
2022,Sampaio Corrêa,18,2022-07-16,Léo Condé,Sampaio Corrêa FC,0,2022-03-28,2022-11-17,0
2022,Sampaio Corrêa,19,2022-07-20,Léo Condé,Sampaio Corrêa FC,0,2022-03-28,2022-11-17,0
2022,Sampaio Corrêa,20,2022-07-23,Léo Condé,Sampaio Corrêa FC,0,2022-03-28,2022-11-17,0
2022,Sampaio Corrêa,21,2022-07-30,Léo Condé,Sampaio Corrêa FC,0,2022-03-28,2022-11-17,0
2022,Sampaio Corrêa,22,2022-08-05,Léo Condé,Sampaio Corrêa FC,0,2022-03-28,2022-11-17,0
2022,Sampaio Corrêa,23,2022-08-10,Léo Condé,Sampaio Corrêa FC,0,2022-03-28,2022-11-17,0
2022,Sampaio Corrêa,24,2022-08-13,Léo Condé,Sampaio Corrêa FC,0,2022-03-28,2022-11-17,0
2022,Sampaio Corrêa,25,2022-08-21,Léo Condé,Sampaio Corrêa FC,0,2022-03-28,2022-11-17,0
2022,Sampaio Corrêa,26,2022-08-26,Léo Condé,Sampaio Corrêa FC,0,2022-03-28,2022-11-17,0
2022,Sampaio Corrêa,27,2022-08-31,Léo Condé,Sampaio Corrêa FC,0,2022-03-28,2022-11-17,0
2022,Sampaio Corrêa,28,2022-09-03,Léo Condé,Sampaio Corrêa FC,0,2022-03-28,2022-11-17,0
2022,Sampaio Corrêa,29,2022-09-08,Léo Condé,Sampaio Corrêa FC,0,2022-03-28,2022-11-17,0
2022,Sampaio Corrêa,30,2022-09-18,Léo Condé,Sampaio Corrêa FC,0,2022-03-28,2022-11-17,0
2022,Sampaio Corrêa,31,2022-09-24,Léo Condé,Sampaio Corrêa FC,0,2022-03-28,2022-11-17,0
2022,Sampaio Corrêa,32,2022-10-01,Léo Condé,Sampaio Corrêa FC,0,2022-03-28,2022-11-17,0
2022,Sampaio Corrêa,33,2022-10-04,Léo Condé,Sampaio Corrêa FC,0,2022-03-28,2022-11-17,0
2022,Sampaio Corrêa,34,2022-10-08,Léo Condé,Sampaio Corrêa FC,0,2022-03-28,2022-11-17,0
2022,Sampaio Corrêa,35,2022-10-12,Léo Condé,Sampaio Corrêa FC,0,2022-03-28,2022-11-17,0
2022,Sampaio Corrêa,36,2022-10-22,Léo Condé,Sampaio Corrêa FC,0,2022-03-28,2022-11-17,0
2022,Sampaio Corrêa,37,2022-10-28,Léo Condé,Sampaio Corrêa FC,0,2022-03-28,2022-11-17,0
2022,Sampaio Corrêa,38,2022-11-05,Léo Condé,Sampaio Corrêa FC,0,2022-03-28,2022-11-17,0
2023,Sampaio Corrêa,1,2023-04-15,Evaristo Piza,Sampaio Corrêa FC,0,2023-03-10,2023-05-04,0
2023,Sampaio Corrêa,2,2023-04-22,Evaristo Piza,Sampaio Corrêa FC,0,2023-03-10,2023-05-04,0
2023,Sampaio Corrêa,3,2023-04-29,Evaristo Piza,Sampaio Corrêa FC,0,2023-03-10,2023-05-04,0
2023,Sampaio Corrêa,4,2023-05-03,Evaristo Piza,Sampaio Corrêa FC,0,2023-03-10,2023-05-04,0
2023,Sampaio Corrêa,5,2023-05-06,Edson Silva,Sampaio Corrêa FC,1,2023-05-05,2023-05-10,0
2023,Sampaio Corrêa,6,2023-05-13,Márcio Fernandes,Sampaio Corrêa FC,0,2023-05-10,2023-09-11,0
2023,Sampaio Corrêa,7,2023-05-20,Márcio Fernandes,Sampaio Corrêa FC,0,2023-05-10,2023-09-11,0
2023,Sampaio Corrêa,8,2023-05-25,Márcio Fernandes,Sampaio Corrêa FC,0,2023-05-10,2023-09-11,0
2023,Sampaio Corrêa,9,2023-05-30,Márcio Fernandes,Sampaio Corrêa FC,0,2023-05-10,2023-09-11,0
2023,Sampaio Corrêa,10,2023-06-04,Márcio Fernandes,Sampaio Corrêa FC,0,2023-05-10,2023-09-11,0
2023,Sampaio Corrêa,11,2023-06-08,Márcio Fernandes,Sampaio Corrêa FC,0,2023-05-10,2023-09-11,0
2023,Sampaio Corrêa,12,2023-06-10,Márcio Fernandes,Sampaio Corrêa FC,0,2023-05-10,2023-09-11,0
2023,Sampaio Corrêa,13,2023-06-25,Márcio Fernandes,Sampaio Corrêa FC,0,2023-05-10,2023-09-11,0
2023,Sampaio Corrêa,14,2023-06-29,Márcio Fernandes,Sampaio Corrêa FC,0,2023-05-10,2023-09-11,0
2023,Sampaio Corrêa,15,2023-07-01,Márcio Fernandes,Sampaio Corrêa FC,0,2023-05-10,2023-09-11,0
2023,Sampaio Corrêa,16,2023-07-08,Márcio Fernandes,Sampaio Corrêa FC,0,2023-05-10,2023-09-11,0
2023,Sampaio Corrêa,17,2023-07-15,Márcio Fernandes,Sampaio Corrêa FC,0,2023-05-10,2023-09-11,0
2023,Sampaio Corrêa,18,2023-07-20,Márcio Fernandes,Sampaio Corrêa FC,0,2023-05-10,2023-09-11,0
2023,Sampaio Corrêa,19,2023-07-23,Márcio Fernandes,Sampaio Corrêa FC,0,2023-05-10,2023-09-11,0
2023,Sampaio Corrêa,20,2023-07-29,Márcio Fernandes,Sampaio Corrêa FC,0,2023-05-10,2023-09-11,0
2023,Sampaio Corrêa,21,2023-08-02,Márcio Fernandes,Sampaio Corrêa FC,0,2023-05-10,2023-09-11,0
2023,Sampaio Corrêa,22,2023-08-05,Márcio Fernandes,Sampaio Corrêa FC,0,2023-05-10,2023-09-11,0
2023,Sampaio Corrêa,23,2023-08-12,Márcio Fernandes,Sampaio Corrêa FC,0,2023-05-10,2023-09-11,0
2023,Sampaio Corrêa,24,2023-08-19,Márcio Fernandes,Sampaio Corrêa FC,0,2023-05-10,2023-09-11,0
2023,Sampaio Corrêa,25,2023-08-26,Márcio Fernandes,Sampaio Corrêa FC,0,2023-05-10,2023-09-11,0
2023,Sampaio Corrêa,26,2023-09-02,Márcio Fernandes,Sampaio Corrêa FC,0,2023-05-10,2023-09-11,0
2023,Sampaio Corrêa,27,2023-09-09,Márcio Fernandes,Sampaio Corrêa FC,0,2023-05-10,2023-09-11,0
2023,Sampaio Corrêa,28,2023-09-16,Fernando Marchiori,Sampaio Corrêa FC,0,2023-09-13,2023-10-31,0
2023,Sampaio Corrêa,29,2023-09-20,Fernando Marchiori,Sampaio Corrêa FC,0,2023-09-13,2023-10-31,0
2023,Sampaio Corrêa,30,2023-09-29,Fernando Marchiori,Sampaio Corrêa FC,0,2023-09-13,2023-10-31,0
2023,Sampaio Corrêa,31,2023-10-07,Fernando Marchiori,Sampaio Corrêa FC,0,2023-09-13,2023-10-31,0
2023,Sampaio Corrêa,32,2023-10-14,Fernando Marchiori,Sampaio Corrêa FC,0,2023-09-13,2023-10-31,0
2023,Sampaio Corrêa,33,2023-10-21,Fernando Marchiori,Sampaio Corrêa FC,0,2023-09-13,2023-10-31,0
2023,Sampaio Corrêa,34,2023-10-28,Fernando Marchiori,Sampaio Corrêa FC,0,2023-09-13,2023-10-31,0
2023,Sampaio Corrêa,35,2023-11-04,Dejair Ferreira,Sampaio Corrêa FC,0,2023-11-01,2023-11-27,0
2023,Sampaio Corrêa,36,2023-11-11,Dejair Ferreira,Sampaio Corrêa FC,0,2023-11-01,2023-11-27,0
2023,Sampaio Corrêa,37,2023-11-21,Dejair Ferreira,Sampaio Corrêa FC,0,2023-11-01,2023-11-27,0
2023,Sampaio Corrêa,38,2023-11-25,Dejair Ferreira,Sampaio Corrêa FC,0,2023-11-01,2023-11-27,0
2024,Santos,1,2024-04-20,Fábio Carille,Santos FC,0,2024-01-01,2024-11-18,0
2024,Santos,2,2024-04-27,Fábio Carille,Santos FC,0,2024-01-01,2024-11-18,0
2024,Santos,3,2024-05-07,Fábio Carille,Santos FC,0,2024-01-01,2024-11-18,0
2024,Santos,4,2024-05-11,Fábio Carille,Santos FC,0,2024-01-01,2024-11-18,0
2024,Santos,5,2024-05-16,Fábio Carille,Santos FC,0,2024-01-01,2024-11-18,0
2024,Santos,6,2024-05-19,Fábio Carille,Santos FC,0,2024-01-01,2024-11-18,0
2024,Santos,7,2024-05-25,Fábio Carille,Santos FC,0,2024-01-01,2024-11-18,0
2024,Santos,8,2024-06-04,Fábio Carille,Santos FC,0,2024-01-01,2024-11-18,0
2024,Santos,9,2024-06-08,Fábio Carille,Santos FC,0,2024-01-01,2024-11-18,0
2024,Santos,10,2024-06-15,Fábio Carille,Santos FC,0,2024-01-01,2024-11-18,0
2024,Santos,11,2024-06-20,Fábio Carille,Santos FC,0,2024-01-01,2024-11-18,0
2024,Santos,12,2024-06-26,Fábio Carille,Santos FC,0,2024-01-01,2024-11-18,0
2024,Santos,13,2024-07-02,Fábio Carille,Santos FC,0,2024-01-01,2024-11-18,0
2024,Santos,14,2024-07-06,Fábio Carille,Santos FC,0,2024-01-01,2024-11-18,0
2024,Santos,15,2024-07-16,Fábio Carille,Santos FC,0,2024-01-01,2024-11-18,0
2024,Santos,16,2024-07-19,Fábio Carille,Santos FC,0,2024-01-01,2024-11-18,0
2024,Santos,17,2024-07-23,Fábio Carille,Santos FC,0,2024-01-01,2024-11-18,0
2024,Santos,18,2024-07-28,Fábio Carille,Santos FC,0,2024-01-01,2024-11-18,0
2024,Santos,19,2024-08-03,Fábio Carille,Santos FC,0,2024-01-01,2024-11-18,0
2024,Santos,20,2024-08-10,Fábio Carille,Santos FC,0,2024-01-01,2024-11-18,0
2024,Santos,21,2024-08-17,Fábio Carille,Santos FC,0,2024-01-01,2024-11-18,0
2024,Santos,22,2024-08-22,Fábio Carille,Santos FC,0,2024-01-01,2024-11-18,0
2024,Santos,23,2024-08-24,Fábio Carille,Santos FC,0,2024-01-01,2024-11-18,0
2024,Santos,24,2024-08-31,Fábio Carille,Santos FC,0,2024-01-01,2024-11-18,0
2024,Santos,25,2024-09-07,Fábio Carille,Santos FC,0,2024-01-01,2024-11-18,0
2024,Santos,26,2024-09-15,Fábio Carille,Santos FC,0,2024-01-01,2024-11-18,0
2024,Santos,27,2024-09-20,Fábio Carille,Santos FC,0,2024-01-01,2024-11-18,0
2024,Santos,28,2024-09-24,Fábio Carille,Santos FC,0,2024-01-01,2024-11-18,0
2024,Santos,29,2024-09-28,Fábio Carille,Santos FC,0,2024-01-01,2024-11-18,0
2024,Santos,30,2024-10-08,Fábio Carille,Santos FC,0,2024-01-01,2024-11-18,0
2024,Santos,31,2024-10-12,Fábio Carille,Santos FC,0,2024-01-01,2024-11-18,0
2024,Santos,32,2024-10-17,Fábio Carille,Santos FC,0,2024-01-01,2024-11-18,0
2024,Santos,33,2024-10-23,Fábio Carille,Santos FC,0,2024-01-01,2024-11-18,0
2024,Santos,34,2024-10-28,Fábio Carille,Santos FC,0,2024-01-01,2024-11-18,0
2024,Santos,35,2024-11-02,Fábio Carille,Santos FC,0,2024-01-01,2024-11-18,0
2024,Santos,36,2024-11-12,Fábio Carille,Santos FC,0,2024-01-01,2024-11-18,0
2024,Santos,37,2024-11-17,Fábio Carille,Santos FC,0,2024-01-01,2024-11-18,0
2024,Santos,38,2024-11-24,Leandro Zago,Santos FC,1,2024-11-18,2024-12-09,0
2019,Sport,1,2019-04-27,Guto Ferreira,Sport Recife,0,2019-02-20,2020-02-13,0
2019,Sport,2,2019-05-07,Guto Ferreira,Sport Recife,0,2019-02-20,2020-02-13,0
2019,Sport,3,2019-05-11,Guto Ferreira,Sport Recife,0,2019-02-20,2020-02-13,0
2019,Sport,4,2019-05-19,Guto Ferreira,Sport Recife,0,2019-02-20,2020-02-13,0
2019,Sport,5,2019-05-25,Guto Ferreira,Sport Recife,0,2019-02-20,2020-02-13,0
2019,Sport,6,2019-05-29,Guto Ferreira,Sport Recife,0,2019-02-20,2020-02-13,0
2019,Sport,7,2019-06-09,Guto Ferreira,Sport Recife,0,2019-02-20,2020-02-13,0
2019,Sport,8,2019-06-12,Guto Ferreira,Sport Recife,0,2019-02-20,2020-02-13,0
2019,Sport,9,2019-07-09,Guto Ferreira,Sport Recife,0,2019-02-20,2020-02-13,0
2019,Sport,10,2019-07-16,Guto Ferreira,Sport Recife,0,2019-02-20,2020-02-13,0
2019,Sport,11,2019-07-23,Guto Ferreira,Sport Recife,0,2019-02-20,2020-02-13,0
2019,Sport,12,2019-07-27,Guto Ferreira,Sport Recife,0,2019-02-20,2020-02-13,0
2019,Sport,13,2019-07-30,Guto Ferreira,Sport Recife,0,2019-02-20,2020-02-13,0
2019,Sport,14,2019-08-02,Guto Ferreira,Sport Recife,0,2019-02-20,2020-02-13,0
2019,Sport,15,2019-08-11,Guto Ferreira,Sport Recife,0,2019-02-20,2020-02-13,0
2019,Sport,16,2019-08-17,Guto Ferreira,Sport Recife,0,2019-02-20,2020-02-13,0
2019,Sport,17,2019-08-21,Guto Ferreira,Sport Recife,0,2019-02-20,2020-02-13,0
2019,Sport,18,2019-08-25,Guto Ferreira,Sport Recife,0,2019-02-20,2020-02-13,0
2019,Sport,19,2019-08-28,Guto Ferreira,Sport Recife,0,2019-02-20,2020-02-13,0
2019,Sport,20,2019-08-31,Guto Ferreira,Sport Recife,0,2019-02-20,2020-02-13,0
2019,Sport,21,2019-09-08,Guto Ferreira,Sport Recife,0,2019-02-20,2020-02-13,0
2019,Sport,22,2019-09-15,Guto Ferreira,Sport Recife,0,2019-02-20,2020-02-13,0
2019,Sport,23,2019-09-21,Guto Ferreira,Sport Recife,0,2019-02-20,2020-02-13,0
2019,Sport,24,2019-09-25,Guto Ferreira,Sport Recife,0,2019-02-20,2020-02-13,0
2019,Sport,25,2019-09-29,Guto Ferreira,Sport Recife,0,2019-02-20,2020-02-13,0
2019,Sport,26,2019-10-04,Guto Ferreira,Sport Recife,0,2019-02-20,2020-02-13,0
2019,Sport,27,2019-10-08,Guto Ferreira,Sport Recife,0,2019-02-20,2020-02-13,0
2019,Sport,28,2019-10-12,Guto Ferreira,Sport Recife,0,2019-02-20,2020-02-13,0
2019,Sport,29,2019-10-15,Guto Ferreira,Sport Recife,0,2019-02-20,2020-02-13,0
2019,Sport,30,2019-10-20,Guto Ferreira,Sport Recife,0,2019-02-20,2020-02-13,0
2019,Sport,31,2019-10-24,Guto Ferreira,Sport Recife,0,2019-02-20,2020-02-13,0
2019,Sport,32,2019-10-31,Guto Ferreira,Sport Recife,0,2019-02-20,2020-02-13,0
2019,Sport,33,2019-11-05,Guto Ferreira,Sport Recife,0,2019-02-20,2020-02-13,0
2019,Sport,34,2019-11-09,Guto Ferreira,Sport Recife,0,2019-02-20,2020-02-13,0
2019,Sport,35,2019-11-14,Guto Ferreira,Sport Recife,0,2019-02-20,2020-02-13,0
2019,Sport,36,2019-11-17,Guto Ferreira,Sport Recife,0,2019-02-20,2020-02-13,0
2019,Sport,37,2019-11-21,Guto Ferreira,Sport Recife,0,2019-02-20,2020-02-13,0
2019,Sport,38,2019-11-30,Guto Ferreira,Sport Recife,0,2019-02-20,2020-02-13,0
2022,Sport,1,2022-04-09,Gilmar Dal Pozzo,Sport Recife,0,2022-03-15,2022-06-26,0
2022,Sport,2,2022-04-16,Gilmar Dal Pozzo,Sport Recife,0,2022-03-15,2022-06-26,0
2022,Sport,3,2022-04-23,Gilmar Dal Pozzo,Sport Recife,0,2022-03-15,2022-06-26,0
2022,Sport,4,2022-04-27,Gilmar Dal Pozzo,Sport Recife,0,2022-03-15,2022-06-26,0
2022,Sport,5,2022-04-30,Gilmar Dal Pozzo,Sport Recife,0,2022-03-15,2022-06-26,0
2022,Sport,6,2022-05-07,Gilmar Dal Pozzo,Sport Recife,0,2022-03-15,2022-06-26,0
2022,Sport,7,2022-05-14,Gilmar Dal Pozzo,Sport Recife,0,2022-03-15,2022-06-26,0
2022,Sport,8,2022-05-18,Gilmar Dal Pozzo,Sport Recife,0,2022-03-15,2022-06-26,0
2022,Sport,9,2022-05-25,Gilmar Dal Pozzo,Sport Recife,0,2022-03-15,2022-06-26,0
2022,Sport,10,2022-06-03,Gilmar Dal Pozzo,Sport Recife,0,2022-03-15,2022-06-26,0
2022,Sport,11,2022-06-09,Gilmar Dal Pozzo,Sport Recife,0,2022-03-15,2022-06-26,0
2022,Sport,12,2022-06-14,Gilmar Dal Pozzo,Sport Recife,0,2022-03-15,2022-06-26,0
2022,Sport,13,2022-06-18,Gilmar Dal Pozzo,Sport Recife,0,2022-03-15,2022-06-26,0
2022,Sport,14,2022-06-25,Gilmar Dal Pozzo,Sport Recife,0,2022-03-15,2022-06-26,0
2022,Sport,15,2022-06-29,César Lucena,Sport Recife,1,2022-06-26,2022-07-01,0
2022,Sport,16,2022-07-03,Lisca,Sport Recife,0,2022-07-01,2022-07-19,0
2022,Sport,17,2022-07-09,Lisca,Sport Recife,0,2022-07-01,2022-07-19,0
2022,Sport,18,2022-07-14,Lisca,Sport Recife,0,2022-07-01,2022-07-19,0
2022,Sport,19,2022-07-19,César Lucena,Sport Recife,1,2022-07-19,2022-07-26,0
2022,Sport,20,2022-07-23,César Lucena,Sport Recife,1,2022-07-19,2022-07-26,0
2022,Sport,21,2022-07-29,Claudinei Oliveira,Sport Recife,0,2022-07-27,2022-11-16,0
2022,Sport,22,2022-08-03,Claudinei Oliveira,Sport Recife,0,2022-07-27,2022-11-16,0
2022,Sport,23,2022-08-10,Claudinei Oliveira,Sport Recife,0,2022-07-27,2022-11-16,0
2022,Sport,24,2022-08-13,Claudinei Oliveira,Sport Recife,0,2022-07-27,2022-11-16,0
2022,Sport,25,2022-08-19,Claudinei Oliveira,Sport Recife,0,2022-07-27,2022-11-16,0
2022,Sport,26,2022-08-24,Claudinei Oliveira,Sport Recife,0,2022-07-27,2022-11-16,0
2022,Sport,27,2022-08-31,Claudinei Oliveira,Sport Recife,0,2022-07-27,2022-11-16,0
2022,Sport,28,2022-09-03,Claudinei Oliveira,Sport Recife,0,2022-07-27,2022-11-16,0
2022,Sport,29,2022-09-08,Claudinei Oliveira,Sport Recife,0,2022-07-27,2022-11-16,0
2022,Sport,30,2022-09-13,Claudinei Oliveira,Sport Recife,0,2022-07-27,2022-11-16,0
2022,Sport,31,2022-09-21,Claudinei Oliveira,Sport Recife,0,2022-07-27,2022-11-16,0
2022,Sport,32,2022-09-29,Claudinei Oliveira,Sport Recife,0,2022-07-27,2022-11-16,0
2022,Sport,33,2022-10-05,Claudinei Oliveira,Sport Recife,0,2022-07-27,2022-11-16,0
2022,Sport,34,2022-10-09,Claudinei Oliveira,Sport Recife,0,2022-07-27,2022-11-16,0
2022,Sport,35,2022-10-16,Claudinei Oliveira,Sport Recife,0,2022-07-27,2022-11-16,0
2022,Sport,36,2022-10-22,Claudinei Oliveira,Sport Recife,0,2022-07-27,2022-11-16,0
2022,Sport,37,2022-10-29,Claudinei Oliveira,Sport Recife,0,2022-07-27,2022-11-16,0
2022,Sport,38,2022-11-06,Claudinei Oliveira,Sport Recife,0,2022-07-27,2022-11-16,0
2023,Sport,1,2023-04-30,Enderson Moreira,Sport Recife,0,2022-11-18,2023-11-19,0
2023,Sport,2,2023-05-08,Enderson Moreira,Sport Recife,0,2022-11-18,2023-11-19,0
2023,Sport,3,2023-05-11,Enderson Moreira,Sport Recife,0,2022-11-18,2023-11-19,0
2023,Sport,4,2023-05-15,Enderson Moreira,Sport Recife,0,2022-11-18,2023-11-19,0
2023,Sport,5,2023-05-20,Enderson Moreira,Sport Recife,0,2022-11-18,2023-11-19,0
2023,Sport,6,2023-05-25,Enderson Moreira,Sport Recife,0,2022-11-18,2023-11-19,0
2023,Sport,7,2023-05-28,Enderson Moreira,Sport Recife,0,2022-11-18,2023-11-19,0
2023,Sport,8,2023-06-04,Enderson Moreira,Sport Recife,0,2022-11-18,2023-11-19,0
2023,Sport,9,2023-06-08,Enderson Moreira,Sport Recife,0,2022-11-18,2023-11-19,0
2023,Sport,10,2023-06-11,Enderson Moreira,Sport Recife,0,2022-11-18,2023-11-19,0
2023,Sport,11,2023-06-18,Enderson Moreira,Sport Recife,0,2022-11-18,2023-11-19,0
2023,Sport,12,2023-06-23,Enderson Moreira,Sport Recife,0,2022-11-18,2023-11-19,0
2023,Sport,13,2023-06-28,Enderson Moreira,Sport Recife,0,2022-11-18,2023-11-19,0
2023,Sport,14,2023-07-02,Enderson Moreira,Sport Recife,0,2022-11-18,2023-11-19,0
2023,Sport,15,2023-07-06,Enderson Moreira,Sport Recife,0,2022-11-18,2023-11-19,0
2023,Sport,16,2023-07-09,Enderson Moreira,Sport Recife,0,2022-11-18,2023-11-19,0
2023,Sport,17,2023-07-15,Enderson Moreira,Sport Recife,0,2022-11-18,2023-11-19,0
2023,Sport,18,2023-07-20,Enderson Moreira,Sport Recife,0,2022-11-18,2023-11-19,0
2023,Sport,19,2023-07-23,Enderson Moreira,Sport Recife,0,2022-11-18,2023-11-19,0
2023,Sport,20,2023-07-29,Enderson Moreira,Sport Recife,0,2022-11-18,2023-11-19,0
2023,Sport,21,2023-08-03,Enderson Moreira,Sport Recife,0,2022-11-18,2023-11-19,0
2023,Sport,22,2023-08-05,Enderson Moreira,Sport Recife,0,2022-11-18,2023-11-19,0
2023,Sport,23,2023-08-12,Enderson Moreira,Sport Recife,0,2022-11-18,2023-11-19,0
2023,Sport,24,2023-08-19,Enderson Moreira,Sport Recife,0,2022-11-18,2023-11-19,0
2023,Sport,25,2023-08-26,Enderson Moreira,Sport Recife,0,2022-11-18,2023-11-19,0
2023,Sport,26,2023-09-03,Enderson Moreira,Sport Recife,0,2022-11-18,2023-11-19,0
2023,Sport,27,2023-09-10,Enderson Moreira,Sport Recife,0,2022-11-18,2023-11-19,0
2023,Sport,28,2023-09-16,Enderson Moreira,Sport Recife,0,2022-11-18,2023-11-19,0
2023,Sport,29,2023-09-24,Enderson Moreira,Sport Recife,0,2022-11-18,2023-11-19,0
2023,Sport,30,2023-09-30,Enderson Moreira,Sport Recife,0,2022-11-18,2023-11-19,0
2023,Sport,31,2023-10-10,Enderson Moreira,Sport Recife,0,2022-11-18,2023-11-19,0
2023,Sport,32,2023-10-17,Enderson Moreira,Sport Recife,0,2022-11-18,2023-11-19,0
2023,Sport,33,2023-10-22,Enderson Moreira,Sport Recife,0,2022-11-18,2023-11-19,0
2023,Sport,34,2023-10-28,Enderson Moreira,Sport Recife,0,2022-11-18,2023-11-19,0
2023,Sport,35,2023-11-03,Enderson Moreira,Sport Recife,0,2022-11-18,2023-11-19,0
2023,Sport,36,2023-11-11,Enderson Moreira,Sport Recife,0,2022-11-18,2023-11-19,0
2023,Sport,37,2023-11-18,Enderson Moreira,Sport Recife,0,2022-11-18,2023-11-19,0
2023,Sport,38,2023-11-25,César Lucena,Sport Recife,1,2023-11-20,2023-11-27,0
2024,Sport,1,2024-04-20,Mariano Soso,Sport Recife,0,2023-12-05,2024-07-25,0
2024,Sport,2,2024-04-27,Mariano Soso,Sport Recife,0,2023-12-05,2024-07-25,0
2024,Sport,3,2024-05-04,Mariano Soso,Sport Recife,0,2023-12-05,2024-07-25,0
2024,Sport,4,2024-05-11,Mariano Soso,Sport Recife,0,2023-12-05,2024-07-25,0
2024,Sport,5,2024-05-16,Mariano Soso,Sport Recife,0,2023-12-05,2024-07-25,0
2024,Sport,6,2024-05-19,Mariano Soso,Sport Recife,0,2023-12-05,2024-07-25,0
2024,Sport,7,2024-06-01,Mariano Soso,Sport Recife,0,2023-12-05,2024-07-25,0
2024,Sport,8,2024-06-11,Mariano Soso,Sport Recife,0,2023-12-05,2024-07-25,0
2024,Sport,9,2024-06-16,Mariano Soso,Sport Recife,0,2023-12-05,2024-07-25,0
2024,Sport,10,2024-06-21,Mariano Soso,Sport Recife,0,2023-12-05,2024-07-25,0
2024,Sport,11,2024-06-25,Mariano Soso,Sport Recife,0,2023-12-05,2024-07-25,0
2024,Sport,12,2024-06-29,Mariano Soso,Sport Recife,0,2023-12-05,2024-07-25,0
2024,Sport,13,2024-07-07,Mariano Soso,Sport Recife,0,2023-12-05,2024-07-25,0
2024,Sport,14,2024-07-13,Mariano Soso,Sport Recife,0,2023-12-05,2024-07-25,0
2024,Sport,15,2024-07-24,César Lucena,Sport Recife,1,2024-07-22,2024-07-24,0
2024,Sport,16,2024-07-27,César Lucena,Sport Recife,0,2024-07-26,2024-07-28,0
2024,Sport,17,2024-08-03,Guto Ferreira,Sport Recife,0,2024-07-26,2024-08-28,0
2024,Sport,18,2024-08-10,Guto Ferreira,Sport Recife,0,2024-07-26,2024-08-28,0
2024,Sport,19,2024-08-17,Guto Ferreira,Sport Recife,0,2024-07-26,2024-08-28,0
2024,Sport,20,2024-08-23,Guto Ferreira,Sport Recife,0,2024-07-26,2024-08-28,0
2024,Sport,21,2024-08-28,Guto Ferreira,Sport Recife,0,2024-07-26,2024-08-28,0
2024,Sport,22,2024-09-03,Pepa,Sport Recife,0,2024-09-03,2025-05-04,0
2024,Sport,23,2024-09-08,Pepa,Sport Recife,0,2024-09-03,2025-05-04,0
2024,Sport,24,2024-09-12,Pepa,Sport Recife,0,2024-09-03,2025-05-04,0
2024,Sport,25,2024-09-15,Pepa,Sport Recife,0,2024-09-03,2025-05-04,0
2024,Sport,26,2024-09-19,Pepa,Sport Recife,0,2024-09-03,2025-05-04,0
2024,Sport,27,2024-09-23,Pepa,Sport Recife,0,2024-09-03,2025-05-04,0
2024,Sport,28,2024-09-29,Pepa,Sport Recife,0,2024-09-03,2025-05-04,0
2024,Sport,29,2024-10-08,Pepa,Sport Recife,0,2024-09-03,2025-05-04,0
2024,Sport,30,2024-10-11,Pepa,Sport Recife,0,2024-09-03,2025-05-04,0
2024,Sport,31,2024-10-17,Pepa,Sport Recife,0,2024-09-03,2025-05-04,0
2024,Sport,32,2024-10-21,Pepa,Sport Recife,0,2024-09-03,2025-05-04,0
2024,Sport,33,2024-10-25,Pepa,Sport Recife,0,2024-09-03,2025-05-04,0
2024,Sport,34,2024-10-29,Pepa,Sport Recife,0,2024-09-03,2025-05-04,0
2024,Sport,35,2024-11-04,Pepa,Sport Recife,0,2024-09-03,2025-05-04,0
2024,Sport,36,2024-11-10,Pepa,Sport Recife,0,2024-09-03,2025-05-04,0
2024,Sport,37,2024-11-17,Pepa,Sport Recife,0,2024-09-03,2025-05-04,0
2024,Sport,38,2024-11-24,Pepa,Sport Recife,0,2024-09-03,2025-05-04,0
2026,Sport,1,2026-03-22,Roger Silva,Sport Recife,0,2025-12-23,2026-03-23,0
2026,Sport,2,2026-04-02,Márcio Goiano,Sport Recife,0,2026-03-24,2026-06-29,0
2026,Sport,3,2026-04-05,Márcio Goiano,Sport Recife,0,2026-03-24,2026-06-29,0
2026,Sport,4,2026-04-11,Márcio Goiano,Sport Recife,0,2026-03-24,2026-06-29,0
2026,Sport,5,2026-04-18,Márcio Goiano,Sport Recife,0,2026-03-24,2026-06-29,0
2026,Sport,6,2026-04-26,Márcio Goiano,Sport Recife,0,2026-03-24,2026-06-29,0
2026,Sport,7,2026-05-03,Márcio Goiano,Sport Recife,0,2026-03-24,2026-06-29,0
2026,Sport,8,2026-05-09,Márcio Goiano,Sport Recife,0,2026-03-24,2026-06-29,0
2026,Sport,9,2026-05-18,Márcio Goiano,Sport Recife,0,2026-03-24,2026-06-29,0
2026,Sport,10,2026-05-24,Márcio Goiano,Sport Recife,0,2026-03-24,2026-06-29,0
2026,Sport,11,2026-05-31,Márcio Goiano,Sport Recife,0,2026-03-24,2026-06-29,0
2026,Sport,12,2026-06-11,Márcio Goiano,Sport Recife,0,2026-03-24,2026-06-29,0
2026,Sport,13,2026-06-14,Márcio Goiano,Sport Recife,0,2026-03-24,2026-06-29,0
2026,Sport,14,2026-06-19,Márcio Goiano,Sport Recife,0,2026-03-24,2026-06-29,0
2026,Sport,15,2026-06-28,Márcio Goiano,Sport Recife,0,2026-03-24,2026-06-29,0
2026,Sport,16,2026-07-04,Gilmar Dal Pozzo,Sport Recife,0,2026-06-30,2026-09-06,0
2026,Sport,17,2026-07-11,Gilmar Dal Pozzo,Sport Recife,0,2026-06-30,2026-09-06,0
2026,Sport,18,2026-07-18,Gilmar Dal Pozzo,Sport Recife,0,2026-06-30,2026-09-06,0
2026,Sport,19,2026-07-23,Gilmar Dal Pozzo,Sport Recife,0,2026-06-30,2026-09-06,0
2026,Sport,20,2026-07-28,Gilmar Dal Pozzo,Sport Recife,0,2026-06-30,2026-09-06,0
2026,Sport,21,2026-08-08,Gilmar Dal Pozzo,Sport Recife,0,2026-06-30,2026-09-06,0
2026,Sport,22,2026-08-15,Gilmar Dal Pozzo,Sport Recife,0,2026-06-30,2026-09-06,0
2026,Sport,23,2026-08-20,Gilmar Dal Pozzo,Sport Recife,0,2026-06-30,2026-09-06,0
2026,Sport,24,2026-08-25,Gilmar Dal Pozzo,Sport Recife,0,2026-06-30,2026-09-06,0
2026,Sport,25,2026-08-29,Gilmar Dal Pozzo,Sport Recife,0,2026-06-30,2026-09-06,0
2026,Sport,26,2026-09-05,Gilmar Dal Pozzo,Sport Recife,0,2026-06-30,2026-09-06,0
2026,Sport,27,2026-09-11,Mariano Soso,Sport Recife,0,2026-09-09,,0
2018,São Bento,1,2018-04-14,Paulo Roberto Santos,EC São Bento,0,2013-11-01,2018-06-25,0
2018,São Bento,2,2018-04-21,Paulo Roberto Santos,EC São Bento,0,2013-11-01,2018-06-25,0
2018,São Bento,3,2018-04-29,Paulo Roberto Santos,EC São Bento,0,2013-11-01,2018-06-25,0
2018,São Bento,4,2018-05-05,Paulo Roberto Santos,EC São Bento,0,2013-11-01,2018-06-25,0
2018,São Bento,5,2018-05-12,Paulo Roberto Santos,EC São Bento,0,2013-11-01,2018-06-25,0
2018,São Bento,6,2018-05-19,Paulo Roberto Santos,EC São Bento,0,2013-11-01,2018-06-25,0
2018,São Bento,7,2018-05-26,Paulo Roberto Santos,EC São Bento,0,2013-11-01,2018-06-25,0
2018,São Bento,8,2018-05-30,Paulo Roberto Santos,EC São Bento,0,2013-11-01,2018-06-25,0
2018,São Bento,9,2018-06-06,Paulo Roberto Santos,EC São Bento,0,2013-11-01,2018-06-25,0
2018,São Bento,10,2018-06-09,Paulo Roberto Santos,EC São Bento,0,2013-11-01,2018-06-25,0
2018,São Bento,11,2018-06-15,Paulo Roberto Santos,EC São Bento,0,2013-11-01,2018-06-25,0
2018,São Bento,12,2018-06-24,Paulo Roberto Santos,EC São Bento,0,2013-11-01,2018-06-25,0
2018,São Bento,13,2018-06-30,Diego Mura,EC São Bento,1,2018-06-28,2018-07-02,0
2018,São Bento,14,2018-07-05,Edison Borges,EC São Bento,1,2018-07-02,2018-07-06,0
2018,São Bento,15,2018-07-14,Marquinhos Santos,EC São Bento,0,2018-06-28,2019-02-10,0
2018,São Bento,16,2018-07-21,Marquinhos Santos,EC São Bento,0,2018-06-28,2019-02-10,0
2018,São Bento,17,2018-07-25,Marquinhos Santos,EC São Bento,0,2018-06-28,2019-02-10,0
2018,São Bento,18,2018-07-28,Marquinhos Santos,EC São Bento,0,2018-06-28,2019-02-10,0
2018,São Bento,19,2018-08-04,Marquinhos Santos,EC São Bento,0,2018-06-28,2019-02-10,0
2018,São Bento,20,2018-08-11,Marquinhos Santos,EC São Bento,0,2018-06-28,2019-02-10,0
2018,São Bento,21,2018-08-19,Marquinhos Santos,EC São Bento,0,2018-06-28,2019-02-10,0
2018,São Bento,22,2018-08-22,Marquinhos Santos,EC São Bento,0,2018-06-28,2019-02-10,0
2018,São Bento,23,2018-08-25,Marquinhos Santos,EC São Bento,0,2018-06-28,2019-02-10,0
2018,São Bento,24,2018-08-29,Marquinhos Santos,EC São Bento,0,2018-06-28,2019-02-10,0
2018,São Bento,25,2018-09-05,Marquinhos Santos,EC São Bento,0,2018-06-28,2019-02-10,0
2018,São Bento,26,2018-09-08,Marquinhos Santos,EC São Bento,0,2018-06-28,2019-02-10,0
2018,São Bento,27,2018-09-15,Marquinhos Santos,EC São Bento,0,2018-06-28,2019-02-10,0
2018,São Bento,28,2018-09-22,Marquinhos Santos,EC São Bento,0,2018-06-28,2019-02-10,0
2018,São Bento,29,2018-09-26,Marquinhos Santos,EC São Bento,0,2018-06-28,2019-02-10,0
2018,São Bento,30,2018-10-06,Marquinhos Santos,EC São Bento,0,2018-06-28,2019-02-10,0
2018,São Bento,31,2018-10-14,Marquinhos Santos,EC São Bento,0,2018-06-28,2019-02-10,0
2018,São Bento,32,2018-10-20,Marquinhos Santos,EC São Bento,0,2018-06-28,2019-02-10,0
2018,São Bento,33,2018-10-27,Marquinhos Santos,EC São Bento,0,2018-06-28,2019-02-10,0
2018,São Bento,34,2018-11-02,Marquinhos Santos,EC São Bento,0,2018-06-28,2019-02-10,0
2018,São Bento,35,2018-11-06,Marquinhos Santos,EC São Bento,0,2018-06-28,2019-02-10,0
2018,São Bento,36,2018-11-10,Marquinhos Santos,EC São Bento,0,2018-06-28,2019-02-10,0
2018,São Bento,37,2018-11-16,Marquinhos Santos,EC São Bento,0,2018-06-28,2019-02-10,0
2018,São Bento,38,2018-11-24,Marquinhos Santos,EC São Bento,0,2018-06-28,2019-02-10,0
2019,São Bento,1,2019-04-27,Doriva,EC São Bento,0,2019-03-20,2019-08-29,0
2019,São Bento,2,2019-05-04,Doriva,EC São Bento,0,2019-03-20,2019-08-29,0
2019,São Bento,3,2019-05-10,Doriva,EC São Bento,0,2019-03-20,2019-08-29,0
2019,São Bento,4,2019-05-18,Doriva,EC São Bento,0,2019-03-20,2019-08-29,0
2019,São Bento,5,2019-05-25,Doriva,EC São Bento,0,2019-03-20,2019-08-29,0
2019,São Bento,6,2019-06-01,Doriva,EC São Bento,0,2019-03-20,2019-08-29,0
2019,São Bento,7,2019-06-05,Doriva,EC São Bento,0,2019-03-20,2019-08-29,0
2019,São Bento,8,2019-06-12,Doriva,EC São Bento,0,2019-03-20,2019-08-29,0
2019,São Bento,9,2019-07-09,Doriva,EC São Bento,0,2019-03-20,2019-08-29,0
2019,São Bento,10,2019-07-17,Doriva,EC São Bento,0,2019-03-20,2019-08-29,0
2019,São Bento,11,2019-07-24,Doriva,EC São Bento,0,2019-03-20,2019-08-29,0
2019,São Bento,12,2019-07-27,Doriva,EC São Bento,0,2019-03-20,2019-08-29,0
2019,São Bento,13,2019-07-31,Doriva,EC São Bento,0,2019-03-20,2019-08-29,0
2019,São Bento,14,2019-08-03,Doriva,EC São Bento,0,2019-03-20,2019-08-29,0
2019,São Bento,15,2019-08-11,Doriva,EC São Bento,0,2019-03-20,2019-08-29,0
2019,São Bento,16,2019-08-17,Doriva,EC São Bento,0,2019-03-20,2019-08-29,0
2019,São Bento,17,2019-08-21,Doriva,EC São Bento,0,2019-03-20,2019-08-29,0
2019,São Bento,18,2019-08-24,Doriva,EC São Bento,0,2019-03-20,2019-08-29,0
2019,São Bento,19,2019-08-29,Doriva,EC São Bento,0,2019-03-20,2019-08-29,0
2019,São Bento,20,2019-08-31,Luizinho Rangel,EC São Bento,1,2019-08-30,2019-09-04,0
2019,São Bento,21,2019-09-06,Milton Mendes,EC São Bento,0,2019-09-05,2019-11-03,0
2019,São Bento,22,2019-09-14,Milton Mendes,EC São Bento,0,2019-09-05,2019-11-03,0
2019,São Bento,23,2019-09-18,Milton Mendes,EC São Bento,0,2019-09-05,2019-11-03,0
2019,São Bento,24,2019-09-25,Milton Mendes,EC São Bento,0,2019-09-05,2019-11-03,0
2019,São Bento,25,2019-09-29,Milton Mendes,EC São Bento,0,2019-09-05,2019-11-03,0
2019,São Bento,26,2019-10-05,Milton Mendes,EC São Bento,0,2019-09-05,2019-11-03,0
2019,São Bento,27,2019-10-08,Milton Mendes,EC São Bento,0,2019-09-05,2019-11-03,0
2019,São Bento,28,2019-10-12,Milton Mendes,EC São Bento,0,2019-09-05,2019-11-03,0
2019,São Bento,29,2019-10-16,Milton Mendes,EC São Bento,0,2019-09-05,2019-11-03,0
2019,São Bento,30,2019-10-20,Milton Mendes,EC São Bento,0,2019-09-05,2019-11-03,0
2019,São Bento,31,2019-10-26,Milton Mendes,EC São Bento,0,2019-09-05,2019-11-03,0
2019,São Bento,32,2019-11-02,Milton Mendes,EC São Bento,0,2019-09-05,2019-11-03,0
2019,São Bento,33,2019-11-06,Marcelo Cordeiro,EC São Bento,1,2019-11-06,2019-12-02,0
2019,São Bento,34,2019-11-09,Marcelo Cordeiro,EC São Bento,1,2019-11-06,2019-12-02,0
2019,São Bento,35,2019-11-13,Marcelo Cordeiro,EC São Bento,1,2019-11-06,2019-12-02,0
2019,São Bento,36,2019-11-17,Marcelo Cordeiro,EC São Bento,1,2019-11-06,2019-12-02,0
2019,São Bento,37,2019-11-21,Marcelo Cordeiro,EC São Bento,1,2019-11-06,2019-12-02,0
2019,São Bento,38,2019-11-30,Marcelo Cordeiro,EC São Bento,1,2019-11-06,2019-12-02,0
2026,São Bernardo,1,2026-03-21,Ricardo Catalá,São Bernardo FC,0,2024-04-04,2026-07-28,0
2026,São Bernardo,2,2026-04-03,Ricardo Catalá,São Bernardo FC,0,2024-04-04,2026-07-28,0
2026,São Bernardo,3,2026-04-06,Ricardo Catalá,São Bernardo FC,0,2024-04-04,2026-07-28,0
2026,São Bernardo,4,2026-04-12,Ricardo Catalá,São Bernardo FC,0,2024-04-04,2026-07-28,0
2026,São Bernardo,5,2026-04-18,Ricardo Catalá,São Bernardo FC,0,2024-04-04,2026-07-28,0
2026,São Bernardo,6,2026-04-26,Ricardo Catalá,São Bernardo FC,0,2024-04-04,2026-07-28,0
2026,São Bernardo,7,2026-05-03,Ricardo Catalá,São Bernardo FC,0,2024-04-04,2026-07-28,0
2026,São Bernardo,8,2026-05-13,Ricardo Catalá,São Bernardo FC,0,2024-04-04,2026-07-28,0
2026,São Bernardo,9,2026-05-16,Ricardo Catalá,São Bernardo FC,0,2024-04-04,2026-07-28,0
2026,São Bernardo,10,2026-05-24,Ricardo Catalá,São Bernardo FC,0,2024-04-04,2026-07-28,0
2026,São Bernardo,11,2026-05-31,Ricardo Catalá,São Bernardo FC,0,2024-04-04,2026-07-28,0
2026,São Bernardo,12,2026-06-07,Ricardo Catalá,São Bernardo FC,0,2024-04-04,2026-07-28,0
2026,São Bernardo,13,2026-06-14,Ricardo Catalá,São Bernardo FC,0,2024-04-04,2026-07-28,0
2026,São Bernardo,14,2026-06-21,Ricardo Catalá,São Bernardo FC,0,2024-04-04,2026-07-28,0
2026,São Bernardo,15,2026-06-27,Ricardo Catalá,São Bernardo FC,0,2024-04-04,2026-07-28,0
2026,São Bernardo,16,2026-07-07,Ricardo Catalá,São Bernardo FC,0,2024-04-04,2026-07-28,0
2026,São Bernardo,17,2026-07-12,Ricardo Catalá,São Bernardo FC,0,2024-04-04,2026-07-28,0
2026,São Bernardo,18,2026-07-18,Ricardo Catalá,São Bernardo FC,0,2024-04-04,2026-07-28,0
2026,São Bernardo,19,2026-07-24,Ricardo Catalá,São Bernardo FC,0,2024-04-04,2026-07-28,0
2026,São Bernardo,20,2026-07-26,Ricardo Catalá,São Bernardo FC,0,2024-04-04,2026-07-28,0
2026,São Bernardo,21,2026-08-08,Vinícius,São Bernardo FC,0,2026-08-06,,0
2026,São Bernardo,22,2026-08-15,Vinícius,São Bernardo FC,0,2026-08-06,,0
2026,São Bernardo,23,2026-08-20,Vinícius,São Bernardo FC,0,2026-08-06,,0
2026,São Bernardo,24,2026-08-23,Vinícius,São Bernardo FC,0,2026-08-06,,0
2026,São Bernardo,25,2026-08-29,Vinícius,São Bernardo FC,0,2026-08-06,,0
2026,São Bernardo,26,2026-09-06,Vinícius,São Bernardo FC,0,2026-08-06,,0
2022,Tombense,1,2022-04-10,Hemerson Maria,Tombense FC,0,2022-02-25,2022-05-12,0
2022,Tombense,2,2022-04-16,Hemerson Maria,Tombense FC,0,2022-02-25,2022-05-12,0
2022,Tombense,3,2022-04-24,Hemerson Maria,Tombense FC,0,2022-02-25,2022-05-12,0
2022,Tombense,4,2022-04-27,Hemerson Maria,Tombense FC,0,2022-02-25,2022-05-12,0
2022,Tombense,5,2022-05-01,Hemerson Maria,Tombense FC,0,2022-02-25,2022-05-12,0
2022,Tombense,6,2022-05-07,Hemerson Maria,Tombense FC,0,2022-02-25,2022-05-12,0
2022,Tombense,7,2022-05-14,Bruno Pivetti,Tombense FC,0,2022-05-13,2022-11-07,0
2022,Tombense,8,2022-05-21,Bruno Pivetti,Tombense FC,0,2022-05-13,2022-11-07,0
2022,Tombense,9,2022-05-28,Bruno Pivetti,Tombense FC,0,2022-05-13,2022-11-07,0
2022,Tombense,10,2022-06-05,Bruno Pivetti,Tombense FC,0,2022-05-13,2022-11-07,0
2022,Tombense,11,2022-06-13,Bruno Pivetti,Tombense FC,0,2022-05-13,2022-11-07,0
2022,Tombense,12,2022-06-18,Bruno Pivetti,Tombense FC,0,2022-05-13,2022-11-07,0
2022,Tombense,13,2022-06-26,Bruno Pivetti,Tombense FC,0,2022-05-13,2022-11-07,0
2022,Tombense,14,2022-06-30,Bruno Pivetti,Tombense FC,0,2022-05-13,2022-11-07,0
2022,Tombense,15,2022-07-03,Bruno Pivetti,Tombense FC,0,2022-05-13,2022-11-07,0
2022,Tombense,16,2022-07-09,Bruno Pivetti,Tombense FC,0,2022-05-13,2022-11-07,0
2022,Tombense,17,2022-07-16,Bruno Pivetti,Tombense FC,0,2022-05-13,2022-11-07,0
2022,Tombense,18,2022-07-20,Bruno Pivetti,Tombense FC,0,2022-05-13,2022-11-07,0
2022,Tombense,19,2022-07-26,Bruno Pivetti,Tombense FC,0,2022-05-13,2022-11-07,0
2022,Tombense,20,2022-07-30,Bruno Pivetti,Tombense FC,0,2022-05-13,2022-11-07,0
2022,Tombense,21,2022-08-07,Bruno Pivetti,Tombense FC,0,2022-05-13,2022-11-07,0
2022,Tombense,22,2022-08-10,Bruno Pivetti,Tombense FC,0,2022-05-13,2022-11-07,0
2022,Tombense,23,2022-08-13,Bruno Pivetti,Tombense FC,0,2022-05-13,2022-11-07,0
2022,Tombense,24,2022-08-19,Bruno Pivetti,Tombense FC,0,2022-05-13,2022-11-07,0
2022,Tombense,25,2022-08-27,Bruno Pivetti,Tombense FC,0,2022-05-13,2022-11-07,0
2022,Tombense,26,2022-08-31,Bruno Pivetti,Tombense FC,0,2022-05-13,2022-11-07,0
2022,Tombense,27,2022-09-04,Bruno Pivetti,Tombense FC,0,2022-05-13,2022-11-07,0
2022,Tombense,28,2022-09-10,Bruno Pivetti,Tombense FC,0,2022-05-13,2022-11-07,0
2022,Tombense,29,2022-09-17,Bruno Pivetti,Tombense FC,0,2022-05-13,2022-11-07,0
2022,Tombense,30,2022-09-27,Bruno Pivetti,Tombense FC,0,2022-05-13,2022-11-07,0
2022,Tombense,31,2022-09-30,Bruno Pivetti,Tombense FC,0,2022-05-13,2022-11-07,0
2022,Tombense,32,2022-10-05,Bruno Pivetti,Tombense FC,0,2022-05-13,2022-11-07,0
2022,Tombense,33,2022-10-08,Bruno Pivetti,Tombense FC,0,2022-05-13,2022-11-07,0
2022,Tombense,34,2022-10-15,Bruno Pivetti,Tombense FC,0,2022-05-13,2022-11-07,0
2022,Tombense,35,2022-10-22,Bruno Pivetti,Tombense FC,0,2022-05-13,2022-11-07,0
2022,Tombense,36,2022-10-29,Bruno Pivetti,Tombense FC,0,2022-05-13,2022-11-07,0
2022,Tombense,37,2022-11-05,Bruno Pivetti,Tombense FC,0,2022-05-13,2022-11-07,0
2023,Tombense,1,2023-04-16,Marcelo Chamusca,Tombense FC,0,2023-01-17,2023-06-05,0
2023,Tombense,2,2023-04-22,Marcelo Chamusca,Tombense FC,0,2023-01-17,2023-06-05,0
2023,Tombense,3,2023-04-29,Marcelo Chamusca,Tombense FC,0,2023-01-17,2023-06-05,0
2023,Tombense,4,2023-05-06,Marcelo Chamusca,Tombense FC,0,2023-01-17,2023-06-05,0
2023,Tombense,5,2023-05-11,Marcelo Chamusca,Tombense FC,0,2023-01-17,2023-06-05,0
2023,Tombense,6,2023-05-13,Marcelo Chamusca,Tombense FC,0,2023-01-17,2023-06-05,0
2023,Tombense,7,2023-05-20,Marcelo Chamusca,Tombense FC,0,2023-01-17,2023-06-05,0
2023,Tombense,8,2023-05-24,Marcelo Chamusca,Tombense FC,0,2023-01-17,2023-06-05,0
2023,Tombense,9,2023-05-28,Marcelo Chamusca,Tombense FC,0,2023-01-17,2023-06-05,0
2023,Tombense,10,2023-06-03,Marcelo Chamusca,Tombense FC,0,2023-01-17,2023-06-05,0
2023,Tombense,11,2023-06-07,Julian Tobar,Tombense FC,1,2023-06-06,2023-06-22,0
2023,Tombense,12,2023-06-11,Julian Tobar,Tombense FC,1,2023-06-06,2023-06-22,0
2023,Tombense,13,2023-06-24,João Burse,Tombense FC,0,2023-06-23,2023-08-23,0
2023,Tombense,14,2023-06-28,João Burse,Tombense FC,0,2023-06-23,2023-08-23,0
2023,Tombense,15,2023-07-01,João Burse,Tombense FC,0,2023-06-23,2023-08-23,0
2023,Tombense,16,2023-07-08,João Burse,Tombense FC,0,2023-06-23,2023-08-23,0
2023,Tombense,17,2023-07-15,João Burse,Tombense FC,0,2023-06-23,2023-08-23,0
2023,Tombense,18,2023-07-18,João Burse,Tombense FC,0,2023-06-23,2023-08-23,0
2023,Tombense,19,2023-07-22,João Burse,Tombense FC,0,2023-06-23,2023-08-23,0
2023,Tombense,20,2023-07-30,João Burse,Tombense FC,0,2023-06-23,2023-08-23,0
2023,Tombense,21,2023-08-03,João Burse,Tombense FC,0,2023-06-23,2023-08-23,0
2023,Tombense,22,2023-08-08,João Burse,Tombense FC,0,2023-06-23,2023-08-23,0
2023,Tombense,23,2023-08-12,João Burse,Tombense FC,0,2023-06-23,2023-08-23,0
2023,Tombense,24,2023-08-19,João Burse,Tombense FC,0,2023-06-23,2023-08-23,0
2023,Tombense,25,2023-08-26,Moacir Júnior,Tombense FC,0,2023-08-25,2023-11-30,0
2023,Tombense,26,2023-09-02,Moacir Júnior,Tombense FC,0,2023-08-25,2023-11-30,0
2023,Tombense,27,2023-09-07,Moacir Júnior,Tombense FC,0,2023-08-25,2023-11-30,0
2023,Tombense,28,2023-09-17,Moacir Júnior,Tombense FC,0,2023-08-25,2023-11-30,0
2023,Tombense,29,2023-09-23,Moacir Júnior,Tombense FC,0,2023-08-25,2023-11-30,0
2023,Tombense,30,2023-09-30,Moacir Júnior,Tombense FC,0,2023-08-25,2023-11-30,0
2023,Tombense,31,2023-10-07,Moacir Júnior,Tombense FC,0,2023-08-25,2023-11-30,0
2023,Tombense,32,2023-10-14,Moacir Júnior,Tombense FC,0,2023-08-25,2023-11-30,0
2023,Tombense,33,2023-10-20,Moacir Júnior,Tombense FC,0,2023-08-25,2023-11-30,0
2023,Tombense,34,2023-10-31,Moacir Júnior,Tombense FC,0,2023-08-25,2023-11-30,0
2023,Tombense,35,2023-11-04,Moacir Júnior,Tombense FC,0,2023-08-25,2023-11-30,0
2023,Tombense,36,2023-11-11,Moacir Júnior,Tombense FC,0,2023-08-25,2023-11-30,0
2023,Tombense,37,2023-11-19,Moacir Júnior,Tombense FC,0,2023-08-25,2023-11-30,0
2023,Tombense,38,2023-11-25,Moacir Júnior,Tombense FC,0,2023-08-25,2023-11-30,0
2021,Vasco,1,2021-05-29,Marcelo Cabo,CR Vasco da Gama,0,2021-03-02,2021-07-19,0
2021,Vasco,2,2021-06-06,Marcelo Cabo,CR Vasco da Gama,0,2021-03-02,2021-07-19,0
2021,Vasco,3,2021-06-13,Marcelo Cabo,CR Vasco da Gama,0,2021-03-02,2021-07-19,0
2021,Vasco,4,2021-06-17,Marcelo Cabo,CR Vasco da Gama,0,2021-03-02,2021-07-19,0
2021,Vasco,5,2021-06-19,Marcelo Cabo,CR Vasco da Gama,0,2021-03-02,2021-07-19,0
2021,Vasco,6,2021-06-25,Marcelo Cabo,CR Vasco da Gama,0,2021-03-02,2021-07-19,0
2021,Vasco,7,2021-06-28,Marcelo Cabo,CR Vasco da Gama,0,2021-03-02,2021-07-19,0
2021,Vasco,8,2021-07-01,Marcelo Cabo,CR Vasco da Gama,0,2021-03-02,2021-07-19,0
2021,Vasco,9,2021-07-03,Marcelo Cabo,CR Vasco da Gama,0,2021-03-02,2021-07-19,0
2021,Vasco,10,2021-07-10,Marcelo Cabo,CR Vasco da Gama,0,2021-03-02,2021-07-19,0
2021,Vasco,11,2021-07-14,Marcelo Cabo,CR Vasco da Gama,0,2021-03-02,2021-07-19,0
2021,Vasco,12,2021-07-18,Marcelo Cabo,CR Vasco da Gama,0,2021-03-02,2021-07-19,0
2021,Vasco,14,2021-07-25,Lisca,CR Vasco da Gama,0,2021-07-23,2021-09-12,0
2021,Vasco,15,2021-08-01,Lisca,CR Vasco da Gama,0,2021-07-23,2021-09-12,0
2021,Vasco,16,2021-08-08,Lisca,CR Vasco da Gama,0,2021-07-23,2021-09-12,0
2021,Vasco,17,2021-08-11,Lisca,CR Vasco da Gama,0,2021-07-23,2021-09-12,0
2021,Vasco,18,2021-08-14,Lisca,CR Vasco da Gama,0,2021-07-23,2021-09-12,0
2021,Vasco,19,2021-08-19,Lisca,CR Vasco da Gama,0,2021-07-23,2021-09-12,0
2021,Vasco,20,2021-08-22,Lisca,CR Vasco da Gama,0,2021-07-23,2021-09-12,0
2021,Vasco,21,2021-08-29,Lisca,CR Vasco da Gama,0,2021-07-23,2021-09-12,0
2021,Vasco,22,2021-09-04,Lisca,CR Vasco da Gama,0,2021-07-23,2021-09-12,0
2021,Vasco,23,2021-09-07,Lisca,CR Vasco da Gama,0,2021-07-23,2021-09-12,0
2021,Vasco,24,2021-09-17,Fernando Diniz,CR Vasco da Gama,0,2021-09-14,2021-11-11,0
2021,Vasco,25,2021-09-19,Fernando Diniz,CR Vasco da Gama,0,2021-09-14,2021-11-11,0
2021,Vasco,26,2021-09-25,Fernando Diniz,CR Vasco da Gama,0,2021-09-14,2021-11-11,0
2021,Vasco,27,2021-09-28,Fernando Diniz,CR Vasco da Gama,0,2021-09-14,2021-11-11,0
2021,Vasco,28,2021-10-03,Fernando Diniz,CR Vasco da Gama,0,2021-09-14,2021-11-11,0
2021,Vasco,29,2021-10-10,Fernando Diniz,CR Vasco da Gama,0,2021-09-14,2021-11-11,0
2021,Vasco,30,2021-10-16,Fernando Diniz,CR Vasco da Gama,0,2021-09-14,2021-11-11,0
2021,Vasco,31,2021-10-24,Fernando Diniz,CR Vasco da Gama,0,2021-09-14,2021-11-11,0
2021,Vasco,32,2021-10-30,Fernando Diniz,CR Vasco da Gama,0,2021-09-14,2021-11-11,0
2021,Vasco,33,2021-11-04,Fernando Diniz,CR Vasco da Gama,0,2021-09-14,2021-11-11,0
2021,Vasco,34,2021-11-07,Fernando Diniz,CR Vasco da Gama,0,2021-09-14,2021-11-11,0
2021,Vasco,35,2021-11-11,Fernando Diniz,CR Vasco da Gama,0,2021-09-14,2021-11-11,0
2021,Vasco,36,2021-11-15,Fabio Cortez,CR Vasco da Gama,1,2021-11-12,2021-12-01,0
2021,Vasco,37,2021-11-19,Fabio Cortez,CR Vasco da Gama,1,2021-11-12,2021-12-01,0
2021,Vasco,38,2021-11-28,Fabio Cortez,CR Vasco da Gama,1,2021-11-12,2021-12-01,0
2022,Vasco,1,2022-04-09,Zé Ricardo,CR Vasco da Gama,0,2022-01-10,2022-06-05,0
2022,Vasco,2,2022-04-17,Zé Ricardo,CR Vasco da Gama,0,2022-01-10,2022-06-05,0
2022,Vasco,3,2022-04-23,Zé Ricardo,CR Vasco da Gama,0,2022-01-10,2022-06-05,0
2022,Vasco,4,2022-04-28,Zé Ricardo,CR Vasco da Gama,0,2022-01-10,2022-06-05,0
2022,Vasco,5,2022-05-01,Zé Ricardo,CR Vasco da Gama,0,2022-01-10,2022-06-05,0
2022,Vasco,6,2022-05-08,Zé Ricardo,CR Vasco da Gama,0,2022-01-10,2022-06-05,0
2022,Vasco,7,2022-05-15,Zé Ricardo,CR Vasco da Gama,0,2022-01-10,2022-06-05,0
2022,Vasco,8,2022-05-20,Zé Ricardo,CR Vasco da Gama,0,2022-01-10,2022-06-05,0
2022,Vasco,9,2022-05-27,Zé Ricardo,CR Vasco da Gama,0,2022-01-10,2022-06-05,0
2022,Vasco,10,2022-06-03,Zé Ricardo,CR Vasco da Gama,0,2022-01-10,2022-06-05,0
2022,Vasco,11,2022-06-08,Emilio Faro,CR Vasco da Gama,1,2022-06-06,2022-06-14,0
2022,Vasco,12,2022-06-12,Emilio Faro,CR Vasco da Gama,1,2022-06-06,2022-06-14,0
2022,Vasco,13,2022-06-18,Maurício Souza,CR Vasco da Gama,0,2022-06-15,2022-07-24,0
2022,Vasco,14,2022-06-25,Maurício Souza,CR Vasco da Gama,0,2022-06-15,2022-07-24,0
2022,Vasco,15,2022-06-30,Maurício Souza,CR Vasco da Gama,0,2022-06-15,2022-07-24,0
2022,Vasco,16,2022-07-03,Maurício Souza,CR Vasco da Gama,0,2022-06-15,2022-07-24,0
2022,Vasco,17,2022-07-09,Maurício Souza,CR Vasco da Gama,0,2022-06-15,2022-07-24,0
2022,Vasco,18,2022-07-16,Maurício Souza,CR Vasco da Gama,0,2022-06-15,2022-07-24,0
2022,Vasco,19,2022-07-20,Maurício Souza,CR Vasco da Gama,0,2022-06-15,2022-07-24,0
2022,Vasco,20,2022-07-23,Maurício Souza,CR Vasco da Gama,0,2022-06-15,2022-07-24,0
2022,Vasco,21,2022-07-29,Emilio Faro,CR Vasco da Gama,1,2022-07-25,2022-09-05,0
2022,Vasco,22,2022-07-31,Emilio Faro,CR Vasco da Gama,1,2022-07-25,2022-09-05,0
2022,Vasco,23,2022-08-10,Emilio Faro,CR Vasco da Gama,1,2022-07-25,2022-09-05,0
2022,Vasco,24,2022-08-13,Emilio Faro,CR Vasco da Gama,1,2022-07-25,2022-09-05,0
2022,Vasco,25,2022-08-19,Emilio Faro,CR Vasco da Gama,1,2022-07-25,2022-09-05,0
2022,Vasco,26,2022-08-28,Emilio Faro,CR Vasco da Gama,1,2022-07-25,2022-09-05,0
2022,Vasco,27,2022-09-01,Emilio Faro,CR Vasco da Gama,1,2022-07-25,2022-09-05,0
2022,Vasco,28,2022-09-03,Emilio Faro,CR Vasco da Gama,1,2022-07-25,2022-09-05,0
2022,Vasco,29,2022-09-11,Jorginho,CR Vasco da Gama,0,2022-09-06,2022-11-09,0
2022,Vasco,30,2022-09-17,Jorginho,CR Vasco da Gama,0,2022-09-06,2022-11-09,0
2022,Vasco,31,2022-09-22,Jorginho,CR Vasco da Gama,0,2022-09-06,2022-11-09,0
2022,Vasco,32,2022-09-30,Jorginho,CR Vasco da Gama,0,2022-09-06,2022-11-09,0
2022,Vasco,33,2022-10-05,Jorginho,CR Vasco da Gama,0,2022-09-06,2022-11-09,0
2022,Vasco,34,2022-10-08,Jorginho,CR Vasco da Gama,0,2022-09-06,2022-11-09,0
2022,Vasco,35,2022-10-16,Jorginho,CR Vasco da Gama,0,2022-09-06,2022-11-09,0
2022,Vasco,36,2022-10-22,Jorginho,CR Vasco da Gama,0,2022-09-06,2022-11-09,0
2022,Vasco,37,2022-10-28,Jorginho,CR Vasco da Gama,0,2022-09-06,2022-11-09,0
2022,Vasco,38,2022-11-06,Jorginho,CR Vasco da Gama,0,2022-09-06,2022-11-09,0
2018,Vila Nova,1,2018-04-14,Hemerson Maria,Vila Nova FC,0,2017-05-09,2018-11-26,0
2018,Vila Nova,2,2018-04-21,Hemerson Maria,Vila Nova FC,0,2017-05-09,2018-11-26,0
2018,Vila Nova,3,2018-04-28,Hemerson Maria,Vila Nova FC,0,2017-05-09,2018-11-26,0
2018,Vila Nova,4,2018-05-05,Hemerson Maria,Vila Nova FC,0,2017-05-09,2018-11-26,0
2018,Vila Nova,5,2018-05-13,Hemerson Maria,Vila Nova FC,0,2017-05-09,2018-11-26,0
2018,Vila Nova,6,2018-05-19,Hemerson Maria,Vila Nova FC,0,2017-05-09,2018-11-26,0
2018,Vila Nova,7,2018-05-26,Hemerson Maria,Vila Nova FC,0,2017-05-09,2018-11-26,0
2018,Vila Nova,8,2018-06-02,Hemerson Maria,Vila Nova FC,0,2017-05-09,2018-11-26,0
2018,Vila Nova,9,2018-06-06,Hemerson Maria,Vila Nova FC,0,2017-05-09,2018-11-26,0
2018,Vila Nova,10,2018-06-09,Hemerson Maria,Vila Nova FC,0,2017-05-09,2018-11-26,0
2018,Vila Nova,11,2018-06-16,Hemerson Maria,Vila Nova FC,0,2017-05-09,2018-11-26,0
2018,Vila Nova,12,2018-06-24,Hemerson Maria,Vila Nova FC,0,2017-05-09,2018-11-26,0
2018,Vila Nova,13,2018-06-27,Hemerson Maria,Vila Nova FC,0,2017-05-09,2018-11-26,0
2018,Vila Nova,14,2018-07-06,Hemerson Maria,Vila Nova FC,0,2017-05-09,2018-11-26,0
2018,Vila Nova,15,2018-07-13,Hemerson Maria,Vila Nova FC,0,2017-05-09,2018-11-26,0
2018,Vila Nova,16,2018-07-18,Hemerson Maria,Vila Nova FC,0,2017-05-09,2018-11-26,0
2018,Vila Nova,17,2018-07-25,Hemerson Maria,Vila Nova FC,0,2017-05-09,2018-11-26,0
2018,Vila Nova,18,2018-07-29,Hemerson Maria,Vila Nova FC,0,2017-05-09,2018-11-26,0
2018,Vila Nova,19,2018-08-04,Hemerson Maria,Vila Nova FC,0,2017-05-09,2018-11-26,0
2018,Vila Nova,20,2018-08-08,Hemerson Maria,Vila Nova FC,0,2017-05-09,2018-11-26,0
2018,Vila Nova,21,2018-08-18,Hemerson Maria,Vila Nova FC,0,2017-05-09,2018-11-26,0
2018,Vila Nova,22,2018-08-22,Hemerson Maria,Vila Nova FC,0,2017-05-09,2018-11-26,0
2018,Vila Nova,23,2018-08-25,Hemerson Maria,Vila Nova FC,0,2017-05-09,2018-11-26,0
2018,Vila Nova,24,2018-09-01,Hemerson Maria,Vila Nova FC,0,2017-05-09,2018-11-26,0
2018,Vila Nova,25,2018-09-04,Hemerson Maria,Vila Nova FC,0,2017-05-09,2018-11-26,0
2018,Vila Nova,26,2018-09-09,Hemerson Maria,Vila Nova FC,0,2017-05-09,2018-11-26,0
2018,Vila Nova,27,2018-09-12,Hemerson Maria,Vila Nova FC,0,2017-05-09,2018-11-26,0
2018,Vila Nova,28,2018-09-22,Hemerson Maria,Vila Nova FC,0,2017-05-09,2018-11-26,0
2018,Vila Nova,29,2018-09-29,Hemerson Maria,Vila Nova FC,0,2017-05-09,2018-11-26,0
2018,Vila Nova,30,2018-10-06,Hemerson Maria,Vila Nova FC,0,2017-05-09,2018-11-26,0
2018,Vila Nova,31,2018-10-13,Hemerson Maria,Vila Nova FC,0,2017-05-09,2018-11-26,0
2018,Vila Nova,32,2018-10-20,Hemerson Maria,Vila Nova FC,0,2017-05-09,2018-11-26,0
2018,Vila Nova,33,2018-10-27,Hemerson Maria,Vila Nova FC,0,2017-05-09,2018-11-26,0
2018,Vila Nova,34,2018-11-02,Hemerson Maria,Vila Nova FC,0,2017-05-09,2018-11-26,0
2018,Vila Nova,35,2018-11-06,Hemerson Maria,Vila Nova FC,0,2017-05-09,2018-11-26,0
2018,Vila Nova,36,2018-11-09,Hemerson Maria,Vila Nova FC,0,2017-05-09,2018-11-26,0
2018,Vila Nova,37,2018-11-17,Hemerson Maria,Vila Nova FC,0,2017-05-09,2018-11-26,0
2018,Vila Nova,38,2018-11-24,Hemerson Maria,Vila Nova FC,0,2017-05-09,2018-11-26,0
2019,Vila Nova,1,2019-04-28,Eduardo Baptista,Vila Nova FC,0,2019-02-23,2019-07-14,0
2019,Vila Nova,2,2019-05-04,Eduardo Baptista,Vila Nova FC,0,2019-02-23,2019-07-14,0
2019,Vila Nova,3,2019-05-11,Eduardo Baptista,Vila Nova FC,0,2019-02-23,2019-07-14,0
2019,Vila Nova,4,2019-05-19,Eduardo Baptista,Vila Nova FC,0,2019-02-23,2019-07-14,0
2019,Vila Nova,5,2019-05-25,Eduardo Baptista,Vila Nova FC,0,2019-02-23,2019-07-14,0
2019,Vila Nova,6,2019-06-01,Eduardo Baptista,Vila Nova FC,0,2019-02-23,2019-07-14,0
2019,Vila Nova,7,2019-06-08,Eduardo Baptista,Vila Nova FC,0,2019-02-23,2019-07-14,0
2019,Vila Nova,8,2019-06-12,Eduardo Baptista,Vila Nova FC,0,2019-02-23,2019-07-14,0
2019,Vila Nova,9,2019-07-13,Eduardo Baptista,Vila Nova FC,0,2019-02-23,2019-07-14,0
2019,Vila Nova,10,2019-07-20,Marcelo Cabo,Vila Nova FC,0,2019-07-19,2019-10-03,0
2019,Vila Nova,11,2019-07-24,Marcelo Cabo,Vila Nova FC,0,2019-07-19,2019-10-03,0
2019,Vila Nova,12,2019-07-28,Marcelo Cabo,Vila Nova FC,0,2019-07-19,2019-10-03,0
2019,Vila Nova,13,2019-07-31,Marcelo Cabo,Vila Nova FC,0,2019-07-19,2019-10-03,0
2019,Vila Nova,14,2019-08-04,Marcelo Cabo,Vila Nova FC,0,2019-07-19,2019-10-03,0
2019,Vila Nova,15,2019-08-10,Marcelo Cabo,Vila Nova FC,0,2019-07-19,2019-10-03,0
2019,Vila Nova,16,2019-08-17,Marcelo Cabo,Vila Nova FC,0,2019-07-19,2019-10-03,0
2019,Vila Nova,17,2019-08-21,Marcelo Cabo,Vila Nova FC,0,2019-07-19,2019-10-03,0
2019,Vila Nova,18,2019-08-24,Marcelo Cabo,Vila Nova FC,0,2019-07-19,2019-10-03,0
2019,Vila Nova,19,2019-08-28,Marcelo Cabo,Vila Nova FC,0,2019-07-19,2019-10-03,0
2019,Vila Nova,20,2019-08-31,Marcelo Cabo,Vila Nova FC,0,2019-07-19,2019-10-03,0
2019,Vila Nova,21,2019-09-04,Marcelo Cabo,Vila Nova FC,0,2019-07-19,2019-10-03,0
2019,Vila Nova,22,2019-09-13,Marcelo Cabo,Vila Nova FC,0,2019-07-19,2019-10-03,0
2019,Vila Nova,23,2019-09-18,Marcelo Cabo,Vila Nova FC,0,2019-07-19,2019-10-03,0
2019,Vila Nova,24,2019-09-25,Marcelo Cabo,Vila Nova FC,0,2019-07-19,2019-10-03,0
2019,Vila Nova,25,2019-09-28,Marcelo Cabo,Vila Nova FC,0,2019-07-19,2019-10-03,0
2019,Vila Nova,26,2019-10-02,Marcelo Cabo,Vila Nova FC,0,2019-07-19,2019-10-03,0
2019,Vila Nova,27,2019-10-08,Rafael Toledo,Vila Nova FC,1,2019-10-04,2019-10-18,0
2019,Vila Nova,28,2019-10-12,Rafael Toledo,Vila Nova FC,1,2019-10-04,2019-10-18,0
2019,Vila Nova,29,2019-10-16,Rafael Toledo,Vila Nova FC,1,2019-10-04,2019-10-18,0
2019,Vila Nova,30,2019-10-19,Itamar Schulle,Vila Nova FC,0,2019-10-18,2019-12-01,0
2019,Vila Nova,31,2019-10-26,Itamar Schulle,Vila Nova FC,0,2019-10-18,2019-12-01,0
2019,Vila Nova,32,2019-10-29,Itamar Schulle,Vila Nova FC,0,2019-10-18,2019-12-01,0
2019,Vila Nova,33,2019-11-06,Itamar Schulle,Vila Nova FC,0,2019-10-18,2019-12-01,0
2019,Vila Nova,34,2019-11-09,Itamar Schulle,Vila Nova FC,0,2019-10-18,2019-12-01,0
2019,Vila Nova,35,2019-11-13,Itamar Schulle,Vila Nova FC,0,2019-10-18,2019-12-01,0
2019,Vila Nova,36,2019-11-17,Itamar Schulle,Vila Nova FC,0,2019-10-18,2019-12-01,0
2019,Vila Nova,37,2019-11-20,Itamar Schulle,Vila Nova FC,0,2019-10-18,2019-12-01,0
2019,Vila Nova,38,2019-11-30,Itamar Schulle,Vila Nova FC,0,2019-10-18,2019-12-01,0
2021,Vila Nova,1,2021-05-29,Wagner Lopes,Vila Nova FC,0,2021-03-08,2021-06-24,0
2021,Vila Nova,2,2021-06-07,Wagner Lopes,Vila Nova FC,0,2021-03-08,2021-06-24,0
2021,Vila Nova,3,2021-06-13,Wagner Lopes,Vila Nova FC,0,2021-03-08,2021-06-24,0
2021,Vila Nova,4,2021-06-16,Wagner Lopes,Vila Nova FC,0,2021-03-08,2021-06-24,0
2021,Vila Nova,5,2021-06-20,Wagner Lopes,Vila Nova FC,0,2021-03-08,2021-06-24,0
2021,Vila Nova,6,2021-06-22,Wagner Lopes,Vila Nova FC,0,2021-03-08,2021-06-24,0
2021,Vila Nova,7,2021-06-26,Higo Magalhães,Vila Nova FC,1,2021-06-24,2021-08-12,0
2021,Vila Nova,8,2021-06-28,Higo Magalhães,Vila Nova FC,1,2021-06-24,2021-08-12,0
2021,Vila Nova,9,2021-07-04,Higo Magalhães,Vila Nova FC,1,2021-06-24,2021-08-12,0
2021,Vila Nova,10,2021-07-09,Higo Magalhães,Vila Nova FC,1,2021-06-24,2021-08-12,0
2021,Vila Nova,11,2021-07-13,Higo Magalhães,Vila Nova FC,1,2021-06-24,2021-08-12,0
2021,Vila Nova,12,2021-07-19,Higo Magalhães,Vila Nova FC,1,2021-06-24,2021-08-12,0
2021,Vila Nova,13,2021-07-21,Higo Magalhães,Vila Nova FC,1,2021-06-24,2021-08-12,0
2021,Vila Nova,14,2021-07-24,Higo Magalhães,Vila Nova FC,1,2021-06-24,2021-08-12,0
2021,Vila Nova,15,2021-07-31,Higo Magalhães,Vila Nova FC,1,2021-06-24,2021-08-12,0
2021,Vila Nova,16,2021-08-08,Higo Magalhães,Vila Nova FC,1,2021-06-24,2021-08-12,0
2021,Vila Nova,17,2021-08-11,Higo Magalhães,Vila Nova FC,1,2021-06-24,2021-08-12,0
2021,Vila Nova,18,2021-08-15,Hemerson Maria,Vila Nova FC,0,2021-08-12,2021-08-23,0
2021,Vila Nova,19,2021-08-19,Hemerson Maria,Vila Nova FC,0,2021-08-12,2021-08-23,0
2021,Vila Nova,20,2021-08-22,Hemerson Maria,Vila Nova FC,0,2021-08-12,2021-08-23,0
2021,Vila Nova,21,2021-08-25,Higo Magalhães,Vila Nova FC,0,2021-08-23,2022-05-15,0
2021,Vila Nova,22,2021-09-04,Higo Magalhães,Vila Nova FC,0,2021-08-23,2022-05-15,0
2021,Vila Nova,23,2021-09-11,Higo Magalhães,Vila Nova FC,0,2021-08-23,2022-05-15,0
2021,Vila Nova,24,2021-09-18,Higo Magalhães,Vila Nova FC,0,2021-08-23,2022-05-15,0
2021,Vila Nova,25,2021-09-22,Higo Magalhães,Vila Nova FC,0,2021-08-23,2022-05-15,0
2021,Vila Nova,26,2021-09-25,Higo Magalhães,Vila Nova FC,0,2021-08-23,2022-05-15,0
2021,Vila Nova,27,2021-09-29,Higo Magalhães,Vila Nova FC,0,2021-08-23,2022-05-15,0
2021,Vila Nova,28,2021-10-03,Higo Magalhães,Vila Nova FC,0,2021-08-23,2022-05-15,0
2021,Vila Nova,29,2021-10-09,Higo Magalhães,Vila Nova FC,0,2021-08-23,2022-05-15,0
2021,Vila Nova,30,2021-10-16,Higo Magalhães,Vila Nova FC,0,2021-08-23,2022-05-15,0
2021,Vila Nova,31,2021-10-19,Higo Magalhães,Vila Nova FC,0,2021-08-23,2022-05-15,0
2021,Vila Nova,32,2021-10-25,Higo Magalhães,Vila Nova FC,0,2021-08-23,2022-05-15,0
2021,Vila Nova,33,2021-11-01,Higo Magalhães,Vila Nova FC,0,2021-08-23,2022-05-15,0
2021,Vila Nova,34,2021-11-07,Higo Magalhães,Vila Nova FC,0,2021-08-23,2022-05-15,0
2021,Vila Nova,35,2021-11-11,Higo Magalhães,Vila Nova FC,0,2021-08-23,2022-05-15,0
2021,Vila Nova,36,2021-11-15,Higo Magalhães,Vila Nova FC,0,2021-08-23,2022-05-15,0
2021,Vila Nova,37,2021-11-20,Higo Magalhães,Vila Nova FC,0,2021-08-23,2022-05-15,0
2021,Vila Nova,38,2021-11-28,Higo Magalhães,Vila Nova FC,0,2021-08-23,2022-05-15,0
2022,Vila Nova,1,2022-04-09,Higo Magalhães,Vila Nova FC,0,2021-08-23,2022-05-15,0
2022,Vila Nova,2,2022-04-13,Higo Magalhães,Vila Nova FC,0,2021-08-23,2022-05-15,0
2022,Vila Nova,3,2022-04-24,Higo Magalhães,Vila Nova FC,0,2021-08-23,2022-05-15,0
2022,Vila Nova,4,2022-04-27,Higo Magalhães,Vila Nova FC,0,2021-08-23,2022-05-15,0
2022,Vila Nova,5,2022-04-30,Higo Magalhães,Vila Nova FC,0,2021-08-23,2022-05-15,0
2022,Vila Nova,6,2022-05-07,Higo Magalhães,Vila Nova FC,0,2021-08-23,2022-05-15,0
2022,Vila Nova,7,2022-05-14,Higo Magalhães,Vila Nova FC,0,2021-08-23,2022-05-15,0
2022,Vila Nova,8,2022-05-20,Dado Cavalcanti,Vila Nova FC,0,2022-05-18,2022-07-02,0
2022,Vila Nova,9,2022-05-29,Dado Cavalcanti,Vila Nova FC,0,2022-05-18,2022-07-02,0
2022,Vila Nova,10,2022-06-03,Dado Cavalcanti,Vila Nova FC,0,2022-05-18,2022-07-02,0
2022,Vila Nova,11,2022-06-08,Dado Cavalcanti,Vila Nova FC,0,2022-05-18,2022-07-02,0
2022,Vila Nova,12,2022-06-11,Dado Cavalcanti,Vila Nova FC,0,2022-05-18,2022-07-02,0
2022,Vila Nova,13,2022-06-17,Dado Cavalcanti,Vila Nova FC,0,2022-05-18,2022-07-02,0
2022,Vila Nova,14,2022-06-25,Dado Cavalcanti,Vila Nova FC,0,2022-05-18,2022-07-02,0
2022,Vila Nova,15,2022-06-29,Dado Cavalcanti,Vila Nova FC,0,2022-05-18,2022-07-02,0
2022,Vila Nova,16,2022-07-02,Dado Cavalcanti,Vila Nova FC,0,2022-05-18,2022-07-02,0
2022,Vila Nova,17,2022-07-09,Allan Aal,Vila Nova FC,0,2022-07-07,2022-11-23,0
2022,Vila Nova,18,2022-07-16,Allan Aal,Vila Nova FC,0,2022-07-07,2022-11-23,0
2022,Vila Nova,19,2022-07-19,Allan Aal,Vila Nova FC,0,2022-07-07,2022-11-23,0
2022,Vila Nova,20,2022-07-23,Allan Aal,Vila Nova FC,0,2022-07-07,2022-11-23,0
2022,Vila Nova,21,2022-07-30,Allan Aal,Vila Nova FC,0,2022-07-07,2022-11-23,0
2022,Vila Nova,22,2022-08-06,Allan Aal,Vila Nova FC,0,2022-07-07,2022-11-23,0
2022,Vila Nova,23,2022-08-10,Allan Aal,Vila Nova FC,0,2022-07-07,2022-11-23,0
2022,Vila Nova,24,2022-08-13,Allan Aal,Vila Nova FC,0,2022-07-07,2022-11-23,0
2022,Vila Nova,25,2022-08-20,Allan Aal,Vila Nova FC,0,2022-07-07,2022-11-23,0
2022,Vila Nova,26,2022-08-26,Allan Aal,Vila Nova FC,0,2022-07-07,2022-11-23,0
2022,Vila Nova,27,2022-08-30,Allan Aal,Vila Nova FC,0,2022-07-07,2022-11-23,0
2022,Vila Nova,28,2022-09-03,Allan Aal,Vila Nova FC,0,2022-07-07,2022-11-23,0
2022,Vila Nova,29,2022-09-07,Allan Aal,Vila Nova FC,0,2022-07-07,2022-11-23,0
2022,Vila Nova,30,2022-09-17,Allan Aal,Vila Nova FC,0,2022-07-07,2022-11-23,0
2022,Vila Nova,31,2022-09-23,Allan Aal,Vila Nova FC,0,2022-07-07,2022-11-23,0
2022,Vila Nova,32,2022-10-01,Allan Aal,Vila Nova FC,0,2022-07-07,2022-11-23,0
2022,Vila Nova,33,2022-10-05,Allan Aal,Vila Nova FC,0,2022-07-07,2022-11-23,0
2022,Vila Nova,34,2022-10-09,Allan Aal,Vila Nova FC,0,2022-07-07,2022-11-23,0
2022,Vila Nova,35,2022-10-15,Allan Aal,Vila Nova FC,0,2022-07-07,2022-11-23,0
2022,Vila Nova,36,2022-10-22,Allan Aal,Vila Nova FC,0,2022-07-07,2022-11-23,0
2022,Vila Nova,37,2022-10-26,Allan Aal,Vila Nova FC,0,2022-07-07,2022-11-23,0
2022,Vila Nova,38,2022-11-06,Allan Aal,Vila Nova FC,0,2022-07-07,2022-11-23,0
2023,Vila Nova,1,2023-04-15,Claudinei Oliveira,Vila Nova FC,0,2022-12-14,2023-08-03,0
2023,Vila Nova,2,2023-04-30,Claudinei Oliveira,Vila Nova FC,0,2022-12-14,2023-08-03,0
2023,Vila Nova,3,2023-05-04,Claudinei Oliveira,Vila Nova FC,0,2022-12-14,2023-08-03,0
2023,Vila Nova,4,2023-05-06,Claudinei Oliveira,Vila Nova FC,0,2022-12-14,2023-08-03,0
2023,Vila Nova,5,2023-05-13,Claudinei Oliveira,Vila Nova FC,0,2022-12-14,2023-08-03,0
2023,Vila Nova,6,2023-05-21,Claudinei Oliveira,Vila Nova FC,0,2022-12-14,2023-08-03,0
2023,Vila Nova,7,2023-05-25,Claudinei Oliveira,Vila Nova FC,0,2022-12-14,2023-08-03,0
2023,Vila Nova,8,2023-05-28,Claudinei Oliveira,Vila Nova FC,0,2022-12-14,2023-08-03,0
2023,Vila Nova,9,2023-06-04,Claudinei Oliveira,Vila Nova FC,0,2022-12-14,2023-08-03,0
2023,Vila Nova,10,2023-06-07,Claudinei Oliveira,Vila Nova FC,0,2022-12-14,2023-08-03,0
2023,Vila Nova,11,2023-06-10,Claudinei Oliveira,Vila Nova FC,0,2022-12-14,2023-08-03,0
2023,Vila Nova,12,2023-06-18,Claudinei Oliveira,Vila Nova FC,0,2022-12-14,2023-08-03,0
2023,Vila Nova,13,2023-06-24,Claudinei Oliveira,Vila Nova FC,0,2022-12-14,2023-08-03,0
2023,Vila Nova,14,2023-06-28,Claudinei Oliveira,Vila Nova FC,0,2022-12-14,2023-08-03,0
2023,Vila Nova,15,2023-07-01,Claudinei Oliveira,Vila Nova FC,0,2022-12-14,2023-08-03,0
2023,Vila Nova,16,2023-07-11,Claudinei Oliveira,Vila Nova FC,0,2022-12-14,2023-08-03,0
2023,Vila Nova,17,2023-07-15,Claudinei Oliveira,Vila Nova FC,0,2022-12-14,2023-08-03,0
2023,Vila Nova,18,2023-07-20,Claudinei Oliveira,Vila Nova FC,0,2022-12-14,2023-08-03,0
2023,Vila Nova,19,2023-07-22,Claudinei Oliveira,Vila Nova FC,0,2022-12-14,2023-08-03,0
2023,Vila Nova,20,2023-07-30,Claudinei Oliveira,Vila Nova FC,0,2022-12-14,2023-08-03,0
2023,Vila Nova,21,2023-08-03,Claudinei Oliveira,Vila Nova FC,0,2022-12-14,2023-08-03,0
2023,Vila Nova,22,2023-08-07,Marquinhos Santos,Vila Nova FC,0,2023-08-04,2023-09-20,0
2023,Vila Nova,23,2023-08-12,Marquinhos Santos,Vila Nova FC,0,2023-08-04,2023-09-20,0
2023,Vila Nova,24,2023-08-18,Marquinhos Santos,Vila Nova FC,0,2023-08-04,2023-09-20,0
2023,Vila Nova,25,2023-08-23,Marquinhos Santos,Vila Nova FC,0,2023-08-04,2023-09-20,0
2023,Vila Nova,26,2023-09-03,Marquinhos Santos,Vila Nova FC,0,2023-08-04,2023-09-20,0
2023,Vila Nova,27,2023-09-08,Marquinhos Santos,Vila Nova FC,0,2023-08-04,2023-09-20,0
2023,Vila Nova,28,2023-09-16,Marquinhos Santos,Vila Nova FC,0,2023-08-04,2023-09-20,0
2023,Vila Nova,29,2023-09-20,Marquinhos Santos,Vila Nova FC,0,2023-08-04,2023-09-20,0
2023,Vila Nova,30,2023-10-01,Lisca,Vila Nova FC,0,2023-09-26,2023-10-21,0
2023,Vila Nova,31,2023-10-07,Lisca,Vila Nova FC,0,2023-09-26,2023-10-21,0
2023,Vila Nova,32,2023-10-12,Lisca,Vila Nova FC,0,2023-09-26,2023-10-21,0
2023,Vila Nova,33,2023-10-20,Lisca,Vila Nova FC,0,2023-09-26,2023-10-21,0
2023,Vila Nova,34,2023-10-29,Higo Magalhães,Vila Nova FC,0,2023-10-27,2024-03-18,0
2023,Vila Nova,35,2023-11-05,Higo Magalhães,Vila Nova FC,0,2023-10-27,2024-03-18,0
2023,Vila Nova,36,2023-11-10,Higo Magalhães,Vila Nova FC,0,2023-10-27,2024-03-18,0
2023,Vila Nova,37,2023-11-18,Higo Magalhães,Vila Nova FC,0,2023-10-27,2024-03-18,0
2023,Vila Nova,38,2023-11-25,Higo Magalhães,Vila Nova FC,0,2023-10-27,2024-03-18,0
2024,Vila Nova,1,2024-04-23,Márcio Fernandes,Vila Nova FC,0,2024-03-19,2024-05-23,0
2024,Vila Nova,2,2024-04-27,Márcio Fernandes,Vila Nova FC,0,2024-03-19,2024-05-23,0
2024,Vila Nova,3,2024-05-04,Márcio Fernandes,Vila Nova FC,0,2024-03-19,2024-05-23,0
2024,Vila Nova,4,2024-05-09,Márcio Fernandes,Vila Nova FC,0,2024-03-19,2024-05-23,0
2024,Vila Nova,5,2024-05-15,Márcio Fernandes,Vila Nova FC,0,2024-03-19,2024-05-23,0
2024,Vila Nova,6,2024-05-18,Márcio Fernandes,Vila Nova FC,0,2024-03-19,2024-05-23,0
2024,Vila Nova,7,2024-05-26,Luizinho Lopes,Vila Nova FC,0,2024-05-24,2024-10-21,0
2024,Vila Nova,8,2024-06-02,Luizinho Lopes,Vila Nova FC,0,2024-05-24,2024-10-21,0
2024,Vila Nova,9,2024-06-11,Luizinho Lopes,Vila Nova FC,0,2024-05-24,2024-10-21,0
2024,Vila Nova,10,2024-06-16,Luizinho Lopes,Vila Nova FC,0,2024-05-24,2024-10-21,0
2024,Vila Nova,11,2024-06-21,Luizinho Lopes,Vila Nova FC,0,2024-05-24,2024-10-21,0
2024,Vila Nova,12,2024-06-23,Luizinho Lopes,Vila Nova FC,0,2024-05-24,2024-10-21,0
2024,Vila Nova,13,2024-06-29,Luizinho Lopes,Vila Nova FC,0,2024-05-24,2024-10-21,0
2024,Vila Nova,14,2024-07-09,Luizinho Lopes,Vila Nova FC,0,2024-05-24,2024-10-21,0
2024,Vila Nova,15,2024-07-14,Luizinho Lopes,Vila Nova FC,0,2024-05-24,2024-10-21,0
2024,Vila Nova,16,2024-07-19,Luizinho Lopes,Vila Nova FC,0,2024-05-24,2024-10-21,0
2024,Vila Nova,17,2024-07-24,Luizinho Lopes,Vila Nova FC,0,2024-05-24,2024-10-21,0
2024,Vila Nova,18,2024-07-27,Luizinho Lopes,Vila Nova FC,0,2024-05-24,2024-10-21,0
2024,Vila Nova,19,2024-08-06,Luizinho Lopes,Vila Nova FC,0,2024-05-24,2024-10-21,0
2024,Vila Nova,20,2024-08-13,Luizinho Lopes,Vila Nova FC,0,2024-05-24,2024-10-21,0
2024,Vila Nova,21,2024-08-17,Luizinho Lopes,Vila Nova FC,0,2024-05-24,2024-10-21,0
2024,Vila Nova,22,2024-08-21,Luizinho Lopes,Vila Nova FC,0,2024-05-24,2024-10-21,0
2024,Vila Nova,23,2024-08-25,Luizinho Lopes,Vila Nova FC,0,2024-05-24,2024-10-21,0
2024,Vila Nova,24,2024-08-31,Luizinho Lopes,Vila Nova FC,0,2024-05-24,2024-10-21,0
2024,Vila Nova,25,2024-09-05,Luizinho Lopes,Vila Nova FC,0,2024-05-24,2024-10-21,0
2024,Vila Nova,26,2024-09-14,Luizinho Lopes,Vila Nova FC,0,2024-05-24,2024-10-21,0
2024,Vila Nova,27,2024-09-19,Luizinho Lopes,Vila Nova FC,0,2024-05-24,2024-10-21,0
2024,Vila Nova,28,2024-09-22,Luizinho Lopes,Vila Nova FC,0,2024-05-24,2024-10-21,0
2024,Vila Nova,29,2024-09-28,Luizinho Lopes,Vila Nova FC,0,2024-05-24,2024-10-21,0
2024,Vila Nova,30,2024-10-05,Luizinho Lopes,Vila Nova FC,0,2024-05-24,2024-10-21,0
2024,Vila Nova,31,2024-10-13,Luizinho Lopes,Vila Nova FC,0,2024-05-24,2024-10-21,0
2024,Vila Nova,32,2024-10-19,Luizinho Lopes,Vila Nova FC,0,2024-05-24,2024-10-21,0
2024,Vila Nova,33,2024-10-23,Thiago Carvalho,Vila Nova FC,0,2024-10-22,2024-11-25,0
2024,Vila Nova,34,2024-10-26,Thiago Carvalho,Vila Nova FC,0,2024-10-22,2024-11-25,0
2024,Vila Nova,35,2024-11-02,Thiago Carvalho,Vila Nova FC,0,2024-10-22,2024-11-25,0
2024,Vila Nova,36,2024-11-11,Thiago Carvalho,Vila Nova FC,0,2024-10-22,2024-11-25,0
2024,Vila Nova,37,2024-11-17,Thiago Carvalho,Vila Nova FC,0,2024-10-22,2024-11-25,0
2024,Vila Nova,38,2024-11-24,Thiago Carvalho,Vila Nova FC,0,2024-10-22,2024-11-25,0
2025,Vila Nova,1,2025-04-05,Rafael Lacerda,Vila Nova FC,0,2025-01-01,2025-06-11,0
2025,Vila Nova,2,2025-04-12,Rafael Lacerda,Vila Nova FC,0,2025-01-01,2025-06-11,0
2025,Vila Nova,3,2025-04-18,Rafael Lacerda,Vila Nova FC,0,2025-01-01,2025-06-11,0
2025,Vila Nova,4,2025-04-20,Rafael Lacerda,Vila Nova FC,0,2025-01-01,2025-06-11,0
2025,Vila Nova,5,2025-04-26,Rafael Lacerda,Vila Nova FC,0,2025-01-01,2025-06-11,0
2025,Vila Nova,6,2025-05-07,Rafael Lacerda,Vila Nova FC,0,2025-01-01,2025-06-11,0
2025,Vila Nova,7,2025-05-15,Rafael Lacerda,Vila Nova FC,0,2025-01-01,2025-06-11,0
2025,Vila Nova,8,2025-05-17,Rafael Lacerda,Vila Nova FC,0,2025-01-01,2025-06-11,0
2025,Vila Nova,9,2025-05-27,Rafael Lacerda,Vila Nova FC,0,2025-01-01,2025-06-11,0
2025,Vila Nova,10,2025-05-31,Rafael Lacerda,Vila Nova FC,0,2025-01-01,2025-06-11,0
2025,Vila Nova,11,2025-06-10,Rafael Lacerda,Vila Nova FC,0,2025-01-01,2025-06-11,0
2025,Vila Nova,12,2025-06-14,Luizinho Lopes,Vila Nova FC,0,2025-06-12,2025-08-04,0
2025,Vila Nova,13,2025-06-22,Luizinho Lopes,Vila Nova FC,0,2025-06-12,2025-08-04,0
2025,Vila Nova,14,2025-06-28,Luizinho Lopes,Vila Nova FC,0,2025-06-12,2025-08-04,0
2025,Vila Nova,15,2025-07-06,Luizinho Lopes,Vila Nova FC,0,2025-06-12,2025-08-04,0
2025,Vila Nova,16,2025-07-12,Luizinho Lopes,Vila Nova FC,0,2025-06-12,2025-08-04,0
2025,Vila Nova,17,2025-07-19,Luizinho Lopes,Vila Nova FC,0,2025-06-12,2025-08-04,0
2025,Vila Nova,18,2025-07-23,Luizinho Lopes,Vila Nova FC,0,2025-06-12,2025-08-04,0
2025,Vila Nova,19,2025-07-27,Luizinho Lopes,Vila Nova FC,0,2025-06-12,2025-08-04,0
2025,Vila Nova,20,2025-08-01,Luizinho Lopes,Vila Nova FC,0,2025-06-12,2025-08-04,0
2025,Vila Nova,21,2025-08-12,Paulo Turra,Vila Nova FC,0,2025-08-04,2025-09-25,0
2025,Vila Nova,22,2025-08-16,Paulo Turra,Vila Nova FC,0,2025-08-04,2025-09-25,0
2025,Vila Nova,23,2025-08-26,Paulo Turra,Vila Nova FC,0,2025-08-04,2025-09-25,0
2025,Vila Nova,24,2025-09-02,Paulo Turra,Vila Nova FC,0,2025-08-04,2025-09-25,0
2025,Vila Nova,25,2025-09-09,Paulo Turra,Vila Nova FC,0,2025-08-04,2025-09-25,0
2025,Vila Nova,26,2025-09-13,Paulo Turra,Vila Nova FC,0,2025-08-04,2025-09-25,0
2025,Vila Nova,27,2025-09-22,Paulo Turra,Vila Nova FC,0,2025-08-04,2025-09-25,0
2025,Vila Nova,28,2025-09-25,Paulo Turra,Vila Nova FC,0,2025-08-04,2025-09-25,0
2025,Vila Nova,30,2025-10-03,Umberto Louzer,Vila Nova FC,0,2025-09-30,2026-03-18,0
2025,Vila Nova,31,2025-10-09,Umberto Louzer,Vila Nova FC,0,2025-09-30,2026-03-18,0
2025,Vila Nova,32,2025-10-12,Umberto Louzer,Vila Nova FC,0,2025-09-30,2026-03-18,0
2025,Vila Nova,33,2025-10-18,Umberto Louzer,Vila Nova FC,0,2025-09-30,2026-03-18,0
2025,Vila Nova,34,2025-10-26,Umberto Louzer,Vila Nova FC,0,2025-09-30,2026-03-18,0
2025,Vila Nova,35,2025-11-03,Umberto Louzer,Vila Nova FC,0,2025-09-30,2026-03-18,0
2025,Vila Nova,36,2025-11-09,Umberto Louzer,Vila Nova FC,0,2025-09-30,2026-03-18,0
2025,Vila Nova,37,2025-11-15,Umberto Louzer,Vila Nova FC,0,2025-09-30,2026-03-18,0
2025,Vila Nova,38,2025-11-19,Umberto Louzer,Vila Nova FC,0,2025-09-30,2026-03-18,0
2026,Vila Nova,2,2026-04-02,Guto Ferreira,Vila Nova FC,0,2026-03-27,,0
2026,Vila Nova,3,2026-04-05,Guto Ferreira,Vila Nova FC,0,2026-03-27,,0
2026,Vila Nova,4,2026-04-11,Guto Ferreira,Vila Nova FC,0,2026-03-27,,0
2026,Vila Nova,5,2026-04-18,Guto Ferreira,Vila Nova FC,0,2026-03-27,,0
2026,Vila Nova,6,2026-04-26,Guto Ferreira,Vila Nova FC,0,2026-03-27,,0
2026,Vila Nova,7,2026-05-05,Guto Ferreira,Vila Nova FC,0,2026-03-27,,0
2026,Vila Nova,8,2026-05-09,Guto Ferreira,Vila Nova FC,0,2026-03-27,,0
2026,Vila Nova,9,2026-05-17,Guto Ferreira,Vila Nova FC,0,2026-03-27,,0
2026,Vila Nova,10,2026-05-24,Guto Ferreira,Vila Nova FC,0,2026-03-27,,0
2026,Vila Nova,11,2026-05-31,Guto Ferreira,Vila Nova FC,0,2026-03-27,,0
2026,Vila Nova,12,2026-06-09,Guto Ferreira,Vila Nova FC,0,2026-03-27,,0
2026,Vila Nova,13,2026-06-14,Guto Ferreira,Vila Nova FC,0,2026-03-27,,0
2026,Vila Nova,14,2026-06-21,Guto Ferreira,Vila Nova FC,0,2026-03-27,,0
2026,Vila Nova,15,2026-06-27,Guto Ferreira,Vila Nova FC,0,2026-03-27,,0
2026,Vila Nova,16,2026-07-07,Guto Ferreira,Vila Nova FC,0,2026-03-27,,0
2026,Vila Nova,17,2026-07-11,Guto Ferreira,Vila Nova FC,0,2026-03-27,,0
2026,Vila Nova,18,2026-07-22,Guto Ferreira,Vila Nova FC,0,2026-03-27,,0
2026,Vila Nova,19,2026-07-28,Guto Ferreira,Vila Nova FC,0,2026-03-27,,0
2026,Vila Nova,20,2026-08-08,Guto Ferreira,Vila Nova FC,0,2026-03-27,,0
2026,Vila Nova,21,2026-08-15,Guto Ferreira,Vila Nova FC,0,2026-03-27,,0
2026,Vila Nova,22,2026-08-20,Guto Ferreira,Vila Nova FC,0,2026-03-27,,0
2026,Vila Nova,23,2026-08-23,Guto Ferreira,Vila Nova FC,0,2026-03-27,,0
2026,Vila Nova,24,2026-08-30,Guto Ferreira,Vila Nova FC,0,2026-03-27,,0
2026,Vila Nova,25,2026-09-05,Guto Ferreira,Vila Nova FC,0,2026-03-27,,0
2026,Vila Nova,26,2026-09-11,Guto Ferreira,Vila Nova FC,0,2026-03-27,,0
2019,Vitória,1,2019-04-27,Claudio Tencati,EC Vitória,0,2019-03-19,2019-05-19,0
2019,Vitória,2,2019-05-04,Claudio Tencati,EC Vitória,0,2019-03-19,2019-05-19,0
2019,Vitória,3,2019-05-14,Claudio Tencati,EC Vitória,0,2019-03-19,2019-05-19,0
2019,Vitória,4,2019-05-18,Claudio Tencati,EC Vitória,0,2019-03-19,2019-05-19,0
2019,Vitória,5,2019-05-26,Osmar Loss,EC Vitória,0,2019-05-21,2019-08-04,0
2019,Vitória,6,2019-06-01,Osmar Loss,EC Vitória,0,2019-05-21,2019-08-04,0
2019,Vitória,7,2019-06-09,Osmar Loss,EC Vitória,0,2019-05-21,2019-08-04,0
2019,Vitória,8,2019-06-12,Osmar Loss,EC Vitória,0,2019-05-21,2019-08-04,0
2019,Vitória,9,2019-07-10,Osmar Loss,EC Vitória,0,2019-05-21,2019-08-04,0
2019,Vitória,10,2019-07-20,Osmar Loss,EC Vitória,0,2019-05-21,2019-08-04,0
2019,Vitória,11,2019-07-24,Osmar Loss,EC Vitória,0,2019-05-21,2019-08-04,0
2019,Vitória,12,2019-07-27,Osmar Loss,EC Vitória,0,2019-05-21,2019-08-04,0
2019,Vitória,13,2019-07-31,Osmar Loss,EC Vitória,0,2019-05-21,2019-08-04,0
2019,Vitória,14,2019-08-03,Osmar Loss,EC Vitória,0,2019-05-21,2019-08-04,0
2019,Vitória,15,2019-08-11,Carlos Amadeu,EC Vitória,0,2019-08-06,2019-09-19,0
2019,Vitória,16,2019-08-18,Carlos Amadeu,EC Vitória,0,2019-08-06,2019-09-19,0
2019,Vitória,17,2019-08-22,Carlos Amadeu,EC Vitória,0,2019-08-06,2019-09-19,0
2019,Vitória,18,2019-08-24,Carlos Amadeu,EC Vitória,0,2019-08-06,2019-09-19,0
2019,Vitória,19,2019-08-28,Carlos Amadeu,EC Vitória,0,2019-08-06,2019-09-19,0
2019,Vitória,20,2019-08-31,Carlos Amadeu,EC Vitória,0,2019-08-06,2019-09-19,0
2019,Vitória,21,2019-09-04,Carlos Amadeu,EC Vitória,0,2019-08-06,2019-09-19,0
2019,Vitória,22,2019-09-14,Carlos Amadeu,EC Vitória,0,2019-08-06,2019-09-19,0
2019,Vitória,23,2019-09-18,Carlos Amadeu,EC Vitória,0,2019-08-06,2019-09-19,0
2019,Vitória,24,2019-09-25,Geninho,EC Vitória,0,2019-09-23,2020-06-20,0
2019,Vitória,25,2019-09-29,Geninho,EC Vitória,0,2019-09-23,2020-06-20,0
2019,Vitória,26,2019-10-04,Geninho,EC Vitória,0,2019-09-23,2020-06-20,0
2019,Vitória,27,2019-10-09,Geninho,EC Vitória,0,2019-09-23,2020-06-20,0
2019,Vitória,28,2019-10-12,Geninho,EC Vitória,0,2019-09-23,2020-06-20,0
2019,Vitória,29,2019-10-16,Geninho,EC Vitória,0,2019-09-23,2020-06-20,0
2019,Vitória,30,2019-10-19,Geninho,EC Vitória,0,2019-09-23,2020-06-20,0
2019,Vitória,31,2019-10-27,Geninho,EC Vitória,0,2019-09-23,2020-06-20,0
2019,Vitória,32,2019-11-02,Geninho,EC Vitória,0,2019-09-23,2020-06-20,0
2019,Vitória,33,2019-11-06,Geninho,EC Vitória,0,2019-09-23,2020-06-20,0
2019,Vitória,34,2019-11-08,Geninho,EC Vitória,0,2019-09-23,2020-06-20,0
2019,Vitória,35,2019-11-12,Geninho,EC Vitória,0,2019-09-23,2020-06-20,0
2019,Vitória,36,2019-11-15,Geninho,EC Vitória,0,2019-09-23,2020-06-20,0
2019,Vitória,37,2019-11-20,Geninho,EC Vitória,0,2019-09-23,2020-06-20,0
2019,Vitória,38,2019-11-30,Geninho,EC Vitória,0,2019-09-23,2020-06-20,0
2020,Vitória,1,2020-08-09,Bruno Pivetti,EC Vitória,0,2020-06-20,2020-10-07,0
2020,Vitória,2,2020-08-12,Bruno Pivetti,EC Vitória,0,2020-06-20,2020-10-07,0
2020,Vitória,3,2020-08-15,Bruno Pivetti,EC Vitória,0,2020-06-20,2020-10-07,0
2020,Vitória,4,2020-08-20,Bruno Pivetti,EC Vitória,0,2020-06-20,2020-10-07,0
2020,Vitória,5,2020-08-23,Bruno Pivetti,EC Vitória,0,2020-06-20,2020-10-07,0
2020,Vitória,6,2020-08-29,Bruno Pivetti,EC Vitória,0,2020-06-20,2020-10-07,0
2020,Vitória,7,2020-09-02,Bruno Pivetti,EC Vitória,0,2020-06-20,2020-10-07,0
2020,Vitória,8,2020-09-05,Bruno Pivetti,EC Vitória,0,2020-06-20,2020-10-07,0
2020,Vitória,9,2020-09-12,Bruno Pivetti,EC Vitória,0,2020-06-20,2020-10-07,0
2020,Vitória,10,2020-09-15,Bruno Pivetti,EC Vitória,0,2020-06-20,2020-10-07,0
2020,Vitória,11,2020-09-26,Bruno Pivetti,EC Vitória,0,2020-06-20,2020-10-07,0
2020,Vitória,12,2020-09-30,Bruno Pivetti,EC Vitória,0,2020-06-20,2020-10-07,0
2020,Vitória,13,2020-10-03,Bruno Pivetti,EC Vitória,0,2020-06-20,2020-10-07,0
2020,Vitória,14,2020-10-07,Bruno Pivetti,EC Vitória,0,2020-06-20,2020-10-07,0
2020,Vitória,15,2020-10-10,Eduardo Barroca,EC Vitória,0,2020-10-09,2020-11-27,0
2020,Vitória,16,2020-10-17,Eduardo Barroca,EC Vitória,0,2020-10-09,2020-11-27,0
2020,Vitória,17,2020-10-23,Eduardo Barroca,EC Vitória,0,2020-10-09,2020-11-27,0
2020,Vitória,18,2020-10-26,Eduardo Barroca,EC Vitória,0,2020-10-09,2020-11-27,0
2020,Vitória,19,2020-10-30,Eduardo Barroca,EC Vitória,0,2020-10-09,2020-11-27,0
2020,Vitória,20,2020-11-08,Eduardo Barroca,EC Vitória,0,2020-10-09,2020-11-27,0
2020,Vitória,21,2020-11-13,Eduardo Barroca,EC Vitória,0,2020-10-09,2020-11-27,0
2020,Vitória,22,2020-11-20,Eduardo Barroca,EC Vitória,0,2020-10-09,2020-11-27,0
2020,Vitória,23,2020-11-25,Eduardo Barroca,EC Vitória,0,2020-10-09,2020-11-27,0
2020,Vitória,24,2020-11-28,Rodrigo Chagas,EC Vitória,1,2020-11-26,2020-12-09,0
2020,Vitória,25,2020-12-02,Rodrigo Chagas,EC Vitória,1,2020-11-26,2020-12-09,0
2020,Vitória,26,2020-12-04,Rodrigo Chagas,EC Vitória,1,2020-11-26,2020-12-09,0
2020,Vitória,27,2020-12-09,Rodrigo Chagas,EC Vitória,1,2020-11-26,2020-12-09,0
2020,Vitória,28,2020-12-12,Mazola Júnior,EC Vitória,0,2020-12-10,2020-12-23,0
2020,Vitória,29,2020-12-16,Mazola Júnior,EC Vitória,0,2020-12-10,2020-12-23,0
2020,Vitória,30,2020-12-18,Mazola Júnior,EC Vitória,0,2020-12-10,2020-12-23,0
2020,Vitória,31,2020-12-22,Mazola Júnior,EC Vitória,0,2020-12-10,2020-12-23,0
2021,Vitória,1,2021-01-03,Rodrigo Chagas,EC Vitória,0,2020-12-23,2021-06-08,0
2021,Vitória,2,2021-01-09,Rodrigo Chagas,EC Vitória,0,2020-12-23,2021-06-08,0
2021,Vitória,3,2021-01-13,Rodrigo Chagas,EC Vitória,0,2020-12-23,2021-06-08,0
2021,Vitória,4,2021-01-17,Rodrigo Chagas,EC Vitória,0,2020-12-23,2021-06-08,0
2021,Vitória,5,2021-01-20,Rodrigo Chagas,EC Vitória,0,2020-12-23,2021-06-08,0
2021,Vitória,6,2021-01-27,Rodrigo Chagas,EC Vitória,0,2020-12-23,2021-06-08,0
2021,Vitória,7,2021-01-30,Rodrigo Chagas,EC Vitória,0,2020-12-23,2021-06-08,0
2021,Vitória,8,2021-05-29,Rodrigo Chagas,EC Vitória,0,2020-12-23,2021-06-08,0
2021,Vitória,9,2021-06-08,Rodrigo Chagas,EC Vitória,0,2020-12-23,2021-06-08,0
2021,Vitória,10,2021-06-14,Ramon Menezes,EC Vitória,0,2021-06-09,2021-08-05,0
2021,Vitória,11,2021-06-16,Ramon Menezes,EC Vitória,0,2021-06-09,2021-08-05,0
2021,Vitória,12,2021-06-20,Ramon Menezes,EC Vitória,0,2021-06-09,2021-08-05,0
2021,Vitória,13,2021-06-23,Ramon Menezes,EC Vitória,0,2021-06-09,2021-08-05,0
2021,Vitória,14,2021-06-26,Ramon Menezes,EC Vitória,0,2021-06-09,2021-08-05,0
2021,Vitória,15,2021-07-01,Ramon Menezes,EC Vitória,0,2021-06-09,2021-08-05,0
2021,Vitória,16,2021-07-04,Ramon Menezes,EC Vitória,0,2021-06-09,2021-08-05,0
2021,Vitória,17,2021-07-11,Ramon Menezes,EC Vitória,0,2021-06-09,2021-08-05,0
2021,Vitória,18,2021-07-14,Ramon Menezes,EC Vitória,0,2021-06-09,2021-08-05,0
2021,Vitória,19,2021-07-17,Ramon Menezes,EC Vitória,0,2021-06-09,2021-08-05,0
2021,Vitória,20,2021-07-21,Ramon Menezes,EC Vitória,0,2021-06-09,2021-08-05,0
2021,Vitória,21,2021-07-25,Ramon Menezes,EC Vitória,0,2021-06-09,2021-08-05,0
2021,Vitória,22,2021-07-31,Ramon Menezes,EC Vitória,0,2021-06-09,2021-08-05,0
2021,Vitória,25,2021-08-15,Wagner Lopes,EC Vitória,0,2021-08-13,2021-12-15,0
2021,Vitória,26,2021-08-19,Wagner Lopes,EC Vitória,0,2021-08-13,2021-12-15,0
2021,Vitória,27,2021-08-21,Wagner Lopes,EC Vitória,0,2021-08-13,2021-12-15,0
2021,Vitória,28,2021-08-29,Wagner Lopes,EC Vitória,0,2021-08-13,2021-12-15,0
2021,Vitória,29,2021-09-04,Wagner Lopes,EC Vitória,0,2021-08-13,2021-12-15,0
2021,Vitória,30,2021-09-11,Wagner Lopes,EC Vitória,0,2021-08-13,2021-12-15,0
2021,Vitória,31,2021-09-17,Wagner Lopes,EC Vitória,0,2021-08-13,2021-12-15,0
2021,Vitória,32,2021-09-23,Wagner Lopes,EC Vitória,0,2021-08-13,2021-12-15,0
2021,Vitória,33,2021-09-25,Wagner Lopes,EC Vitória,0,2021-08-13,2021-12-15,0
2021,Vitória,34,2021-09-30,Wagner Lopes,EC Vitória,0,2021-08-13,2021-12-15,0
2021,Vitória,35,2021-10-02,Wagner Lopes,EC Vitória,0,2021-08-13,2021-12-15,0
2021,Vitória,36,2021-10-10,Wagner Lopes,EC Vitória,0,2021-08-13,2021-12-15,0
2021,Vitória,37,2021-10-13,Wagner Lopes,EC Vitória,0,2021-08-13,2021-12-15,0
2021,Vitória,38,2021-10-23,Wagner Lopes,EC Vitória,0,2021-08-13,2021-12-15,0
2021,Vitória,39,2021-10-30,Wagner Lopes,EC Vitória,0,2021-08-13,2021-12-15,0
2021,Vitória,40,2021-11-02,Wagner Lopes,EC Vitória,0,2021-08-13,2021-12-15,0
2021,Vitória,41,2021-11-05,Wagner Lopes,EC Vitória,0,2021-08-13,2021-12-15,0
2021,Vitória,42,2021-11-11,Wagner Lopes,EC Vitória,0,2021-08-13,2021-12-15,0
2021,Vitória,43,2021-11-14,Wagner Lopes,EC Vitória,0,2021-08-13,2021-12-15,0
2021,Vitória,44,2021-11-22,Wagner Lopes,EC Vitória,0,2021-08-13,2021-12-15,0
2021,Vitória,45,2021-11-28,Wagner Lopes,EC Vitória,0,2021-08-13,2021-12-15,0
2023,Vitória,1,2023-04-16,Léo Condé,EC Vitória,0,2023-02-10,2024-05-14,0
2023,Vitória,2,2023-04-23,Léo Condé,EC Vitória,0,2023-02-10,2024-05-14,0
2023,Vitória,3,2023-04-29,Léo Condé,EC Vitória,0,2023-02-10,2024-05-14,0
2023,Vitória,4,2023-05-06,Léo Condé,EC Vitória,0,2023-02-10,2024-05-14,0
2023,Vitória,5,2023-05-11,Léo Condé,EC Vitória,0,2023-02-10,2024-05-14,0
2023,Vitória,6,2023-05-14,Léo Condé,EC Vitória,0,2023-02-10,2024-05-14,0
2023,Vitória,7,2023-05-20,Léo Condé,EC Vitória,0,2023-02-10,2024-05-14,0
2023,Vitória,8,2023-05-25,Léo Condé,EC Vitória,0,2023-02-10,2024-05-14,0
2023,Vitória,9,2023-05-27,Léo Condé,EC Vitória,0,2023-02-10,2024-05-14,0
2023,Vitória,10,2023-06-03,Léo Condé,EC Vitória,0,2023-02-10,2024-05-14,0
2023,Vitória,11,2023-06-07,Léo Condé,EC Vitória,0,2023-02-10,2024-05-14,0
2023,Vitória,12,2023-06-11,Léo Condé,EC Vitória,0,2023-02-10,2024-05-14,0
2023,Vitória,13,2023-06-25,Léo Condé,EC Vitória,0,2023-02-10,2024-05-14,0
2023,Vitória,14,2023-06-29,Léo Condé,EC Vitória,0,2023-02-10,2024-05-14,0
2023,Vitória,15,2023-07-02,Léo Condé,EC Vitória,0,2023-02-10,2024-05-14,0
2023,Vitória,16,2023-07-11,Léo Condé,EC Vitória,0,2023-02-10,2024-05-14,0
2023,Vitória,17,2023-07-16,Léo Condé,EC Vitória,0,2023-02-10,2024-05-14,0
2023,Vitória,18,2023-07-20,Léo Condé,EC Vitória,0,2023-02-10,2024-05-14,0
2023,Vitória,19,2023-07-25,Léo Condé,EC Vitória,0,2023-02-10,2024-05-14,0
2023,Vitória,20,2023-07-30,Léo Condé,EC Vitória,0,2023-02-10,2024-05-14,0
2023,Vitória,21,2023-08-03,Léo Condé,EC Vitória,0,2023-02-10,2024-05-14,0
2023,Vitória,22,2023-08-08,Léo Condé,EC Vitória,0,2023-02-10,2024-05-14,0
2023,Vitória,23,2023-08-13,Léo Condé,EC Vitória,0,2023-02-10,2024-05-14,0
2023,Vitória,24,2023-08-19,Léo Condé,EC Vitória,0,2023-02-10,2024-05-14,0
2023,Vitória,25,2023-08-27,Léo Condé,EC Vitória,0,2023-02-10,2024-05-14,0
2023,Vitória,26,2023-09-02,Léo Condé,EC Vitória,0,2023-02-10,2024-05-14,0
2023,Vitória,27,2023-09-10,Léo Condé,EC Vitória,0,2023-02-10,2024-05-14,0
2023,Vitória,28,2023-09-17,Léo Condé,EC Vitória,0,2023-02-10,2024-05-14,0
2023,Vitória,29,2023-09-23,Léo Condé,EC Vitória,0,2023-02-10,2024-05-14,0
2023,Vitória,30,2023-09-30,Léo Condé,EC Vitória,0,2023-02-10,2024-05-14,0
2023,Vitória,31,2023-10-08,Léo Condé,EC Vitória,0,2023-02-10,2024-05-14,0
2023,Vitória,32,2023-10-15,Léo Condé,EC Vitória,0,2023-02-10,2024-05-14,0
2023,Vitória,33,2023-10-21,Léo Condé,EC Vitória,0,2023-02-10,2024-05-14,0
2023,Vitória,34,2023-10-29,Léo Condé,EC Vitória,0,2023-02-10,2024-05-14,0
2023,Vitória,35,2023-11-05,Léo Condé,EC Vitória,0,2023-02-10,2024-05-14,0
2023,Vitória,36,2023-11-12,Léo Condé,EC Vitória,0,2023-02-10,2024-05-14,0
2023,Vitória,37,2023-11-18,Léo Condé,EC Vitória,0,2023-02-10,2024-05-14,0
2023,Vitória,38,2023-11-25,Léo Condé,EC Vitória,0,2023-02-10,2024-05-14,0
2025,Volta Redonda,1,2025-04-07,Rogério Corrêa,Volta Redonda FC,0,2024-02-21,2025-12-04,0
2025,Volta Redonda,2,2025-04-13,Rogério Corrêa,Volta Redonda FC,0,2024-02-21,2025-12-04,0
2025,Volta Redonda,3,2025-04-18,Rogério Corrêa,Volta Redonda FC,0,2024-02-21,2025-12-04,0
2025,Volta Redonda,4,2025-04-23,Rogério Corrêa,Volta Redonda FC,0,2024-02-21,2025-12-04,0
2025,Volta Redonda,5,2025-04-27,Rogério Corrêa,Volta Redonda FC,0,2024-02-21,2025-12-04,0
2025,Volta Redonda,6,2025-05-04,Rogério Corrêa,Volta Redonda FC,0,2024-02-21,2025-12-04,0
2025,Volta Redonda,7,2025-05-11,Rogério Corrêa,Volta Redonda FC,0,2024-02-21,2025-12-04,0
2025,Volta Redonda,8,2025-05-20,Rogério Corrêa,Volta Redonda FC,0,2024-02-21,2025-12-04,0
2025,Volta Redonda,9,2025-05-24,Rogério Corrêa,Volta Redonda FC,0,2024-02-21,2025-12-04,0
2025,Volta Redonda,10,2025-06-02,Rogério Corrêa,Volta Redonda FC,0,2024-02-21,2025-12-04,0
2025,Volta Redonda,11,2025-06-08,Rogério Corrêa,Volta Redonda FC,0,2024-02-21,2025-12-04,0
2025,Volta Redonda,12,2025-06-18,Rogério Corrêa,Volta Redonda FC,0,2024-02-21,2025-12-04,0
2025,Volta Redonda,13,2025-06-22,Rogério Corrêa,Volta Redonda FC,0,2024-02-21,2025-12-04,0
2025,Volta Redonda,14,2025-06-29,Rogério Corrêa,Volta Redonda FC,0,2024-02-21,2025-12-04,0
2025,Volta Redonda,15,2025-07-05,Rogério Corrêa,Volta Redonda FC,0,2024-02-21,2025-12-04,0
2025,Volta Redonda,16,2025-07-15,Rogério Corrêa,Volta Redonda FC,0,2024-02-21,2025-12-04,0
2025,Volta Redonda,17,2025-07-20,Rogério Corrêa,Volta Redonda FC,0,2024-02-21,2025-12-04,0
2025,Volta Redonda,18,2025-07-24,Rogério Corrêa,Volta Redonda FC,0,2024-02-21,2025-12-04,0
2025,Volta Redonda,19,2025-07-27,Rogério Corrêa,Volta Redonda FC,0,2024-02-21,2025-12-04,0
2025,Volta Redonda,20,2025-08-05,Rogério Corrêa,Volta Redonda FC,0,2024-02-21,2025-12-04,0
2025,Volta Redonda,21,2025-08-10,Rogério Corrêa,Volta Redonda FC,0,2024-02-21,2025-12-04,0
2025,Volta Redonda,22,2025-08-19,Rogério Corrêa,Volta Redonda FC,0,2024-02-21,2025-12-04,0
2025,Volta Redonda,23,2025-08-24,Rogério Corrêa,Volta Redonda FC,0,2024-02-21,2025-12-04,0
2025,Volta Redonda,24,2025-08-31,Rogério Corrêa,Volta Redonda FC,0,2024-02-21,2025-12-04,0
2025,Volta Redonda,25,2025-09-06,Rogério Corrêa,Volta Redonda FC,0,2024-02-21,2025-12-04,0
2025,Volta Redonda,26,2025-09-13,Rogério Corrêa,Volta Redonda FC,0,2024-02-21,2025-12-04,0
2025,Volta Redonda,27,2025-09-20,Rogério Corrêa,Volta Redonda FC,0,2024-02-21,2025-12-04,0
2025,Volta Redonda,28,2025-09-25,Rogério Corrêa,Volta Redonda FC,0,2024-02-21,2025-12-04,0
2025,Volta Redonda,29,2025-09-30,Rogério Corrêa,Volta Redonda FC,0,2024-02-21,2025-12-04,0
2025,Volta Redonda,30,2025-10-04,Rogério Corrêa,Volta Redonda FC,0,2024-02-21,2025-12-04,0
2025,Volta Redonda,31,2025-10-09,Rogério Corrêa,Volta Redonda FC,0,2024-02-21,2025-12-04,0
2025,Volta Redonda,32,2025-10-14,Rogério Corrêa,Volta Redonda FC,0,2024-02-21,2025-12-04,0
2025,Volta Redonda,33,2025-10-19,Rogério Corrêa,Volta Redonda FC,0,2024-02-21,2025-12-04,0
2025,Volta Redonda,34,2025-10-25,Rogério Corrêa,Volta Redonda FC,0,2024-02-21,2025-12-04,0
2025,Volta Redonda,35,2025-11-03,Rogério Corrêa,Volta Redonda FC,0,2024-02-21,2025-12-04,0
2025,Volta Redonda,36,2025-11-08,Rogério Corrêa,Volta Redonda FC,0,2024-02-21,2025-12-04,0
2025,Volta Redonda,37,2025-11-15,Rogério Corrêa,Volta Redonda FC,0,2024-02-21,2025-12-04,0
2025,Volta Redonda,38,2025-11-19,Rogério Corrêa,Volta Redonda FC,0,2024-02-21,2025-12-04,0
