ano,clube,data,distance_p90,hsr_distance_p90,sprint_distance_p90,sprint_count_p90,hi_count_p90,expl_accel_sprint_p90,high_accel_p90,psv99,n_jog,resultado,mando,Golos esperados,adversario,pts,n_jogo,turno
2022,Guarani,2022-04-08,9863.15472412329,531.9867175791787,184.78685807773005,9.778436906783893,59.79715918173644,0.900118643221101,6.7427091867319415,28.433217604156255,9.0,D,fora,0.33,Brusque,0.0,1.0,1
2022,Brusque,2022-04-08,9808.812154861878,506.7806927297667,170.48183278129076,8.731842651142559,55.305339478291906,0.8537164174110876,7.127073672588579,28.784304147568225,20.0,V,casa,1.1,Guarani,3.0,1.0,1
2022,Vasco,2022-04-08,9545.698470455456,482.81564391356494,160.51529509276023,8.359380657904019,53.8583078605187,0.5283197347692163,5.608395565378918,29.070657668884767,10.0,E,casa,1.46,Vila Nova,1.0,1.0,1
2022,Bahia,2022-04-09,9390.311357797123,448.543258656382,112.29643535717325,5.998765845220202,47.599192638175985,0.7651697246405582,5.358969174488841,27.415599920596655,8.0,V,casa,2.26,Cruzeiro,3.0,1.0,1
2022,Grêmio,2022-04-09,9298.015700458594,409.85274098244986,130.86396287150544,7.441070641150012,49.70696710468295,1.4886941088279388,6.647540567951318,28.807454361054766,10.0,E,fora,1.63,Ponte Preta,1.0,1.0,1
2022,Chapecoense,2022-04-09,9848.842889624852,488.52471444070125,162.9111873465426,7.812020784560042,51.49339039570605,1.6433246159995432,7.606289156626507,28.30120367726832,10.0,E,casa,1.22,Ituano,1.0,1.0,1
2022,Ponte Preta,2022-04-09,9475.876738722127,411.1207737139865,140.55666473152797,7.991557558993273,52.24795205409283,1.639726803947683,7.171275142574189,29.73066625687259,10.0,E,casa,0.14,Grêmio,1.0,1.0,1
2022,Sampaio Corrêa,2022-04-09,9252.530907483002,413.6214079406167,137.3012093971263,7.782692577640276,51.24132090939208,1.2124453528133545,6.115170833871431,28.49262199812462,20.0,D,fora,0.56,Sport,0.0,1.0,1
2022,Sport,2022-04-09,9416.360058299815,454.6342268495504,145.9189698106386,8.949213630406291,56.03001355809645,2.238015094680707,6.712308943824288,28.947042075292632,10.0,V,casa,1.31,Sampaio Corrêa,3.0,1.0,1
2022,Cruzeiro,2022-04-09,9594.721201839355,557.0920929473225,159.53545466913366,7.957920929473226,58.03768556813235,1.1021555289508056,5.26311302786243,29.43918970396169,8.0,D,fora,0.52,Bahia,0.0,1.0,1
2022,Londrina,2022-04-10,9700.85518539907,390.888037729493,114.88424192112417,6.929804374503717,49.37527611347722,1.6245258548088257,5.953209653745278,28.018778122668976,9.0,V,casa,1.09,Náutico,3.0,1.0,1
2022,Náutico,2022-04-10,10387.2580274288,584.5977366234546,78.15679763751939,6.305915711497071,47.0729996496321,0.7879248210621153,5.63042144251464,27.332679313278938,9.0,D,fora,0.62,Londrina,0.0,1.0,1
2022,Tombense,2022-04-10,8860.534411496352,346.79542582784404,125.68080369859358,7.108664433861492,47.86717909916325,1.4032051139398254,7.510783113761794,28.4304177051807,10.0,E,casa,1.59,Operário-PR,1.0,1.0,1
2022,Operário-PR,2022-04-10,9287.684427499478,424.3811217258389,109.9499307533755,6.566208805206235,47.94050881215405,1.4585516107367007,6.567068482364113,27.66960559531254,10.0,E,fora,0.3,Tombense,1.0,1.0,1
2022,Brusque,2022-04-13,10019.429164072548,521.5996353409214,178.3752417639211,9.62820446869629,58.19674835638995,1.513882044686963,7.679527409526328,29.36474561603827,9.0,D,fora,0.45,Cruzeiro,0.0,2.0,1
2022,Cruzeiro,2022-04-13,9910.646263239385,513.3639742131728,179.05434964306755,8.879002096378608,57.21823643862269,0.24770151953194577,7.3985819985476065,28.54511324555033,8.0,V,casa,1.76,Brusque,3.0,2.0,1
2022,Londrina,2022-04-14,9822.182405482608,418.2573647951223,140.10352576874146,7.452370076094002,51.20200472887012,0.6483181305360185,5.2928835305696245,28.384856813653712,9.0,D,fora,0.73,Criciúma,0.0,2.0,1
2022,Criciúma,2022-04-14,9687.517044406435,444.0963948730162,116.33571751791631,7.307477428713707,51.24905027388659,0.48783283174919356,5.357000238162253,28.212702708554353,10.0,V,casa,1.52,Londrina,3.0,1.0,1
2022,Chapecoense,2022-04-15,9991.170263154208,464.34644118594457,136.7583758385502,7.942104813523241,52.43401677800652,1.26085164488887,5.546597201798243,28.343426746775343,8.0,V,fora,0.35,Grêmio,3.0,2.0,1
2022,Grêmio,2022-04-15,10096.754698529501,533.4851031267601,162.33175633082055,8.415164966862813,57.38163816349275,1.2943056770652317,5.93297455687252,28.812272144389443,10.0,D,casa,1.51,Chapecoense,0.0,2.0,1
2022,Sport,2022-04-16,9722.208600512455,465.4285048708711,174.89445710081688,9.589304759247044,57.30724668932974,1.5976325536556901,7.419695951088335,28.99876198690954,9.0,E,fora,0.92,Guarani,1.0,2.0,1
2022,Guarani,2022-04-16,9854.895008917254,499.1053558489338,166.16809294134796,8.58146444875663,56.83673875248167,1.4146155485513665,5.956971161935099,28.6852736307247,10.0,E,casa,1.09,Sport,1.0,2.0,1
2022,Ponte Preta,2022-04-16,9323.57676092856,422.2090076305113,132.51471452752625,8.10110803621806,49.69206964184959,1.9339835836535102,6.76977511486069,28.902138692603238,8.0,D,fora,0.83,Operário-PR,0.0,2.0,1
2022,Tombense,2022-04-16,10006.311155205882,435.6053739056655,90.35894365382391,6.477898877704501,44.080860555105616,0.8096872228007251,5.899775412343965,29.066655096609974,9.0,E,fora,1.0,Sampaio Corrêa,1.0,2.0,1
2022,Ituano,2022-04-16,9699.022025834875,495.6982113722147,162.17786679654205,7.570764530732873,52.59863331968166,0.5969625759605061,6.573874456239001,29.597425367765073,10.0,E,casa,1.91,CSA,1.0,1.0,1
2022,Operário-PR,2022-04-16,9713.103662673097,449.9424064343934,150.48070926739356,7.324879534655479,50.19698950341707,1.4010779045134107,7.109103062799965,28.73523117616785,10.0,V,casa,0.93,Ponte Preta,3.0,2.0,1
2022,CSA,2022-04-16,10244.491851147008,599.9857108504831,173.3979966069189,9.692372353765581,61.471405915763064,0.6634247989968283,5.576106660765657,28.308566792063136,8.0,E,fora,0.74,Ituano,1.0,1.0,1
2022,Vasco,2022-04-16,9245.191097794588,380.38804152954475,118.02658897784765,5.19360160125743,42.98883921115969,0.9947837565695763,4.861796011591926,27.62670686183015,9.0,E,fora,1.52,CRB,1.0,2.0,1
2022,Sampaio Corrêa,2022-04-16,9508.708167158971,448.83988382012177,192.1646729775152,8.192425071936034,50.64752062590715,0.6877019301774848,7.161364683863409,27.876862061062866,18.0,E,casa,0.32,Tombense,1.0,2.0,1
2022,Guarani,2022-04-21,9369.596598833266,508.4475485008819,153.03299687966356,7.53085153529598,51.790130240130246,1.01661104327771,5.59424863202641,29.2344593677927,10.0,D,fora,2.07,Grêmio,0.0,3.0,1
2022,Grêmio,2022-04-21,9481.551670241319,497.02633853394286,180.89680793695538,9.485357322319317,57.68891277438015,1.3235112080693194,6.508222519088647,29.191652470187393,9.0,V,casa,2.0,Guarani,3.0,3.0,1
2022,Novorizontino,2022-04-21,9612.129876498628,375.0546119216139,89.16001251865761,4.983199239250806,42.900574413789776,0.7575771582647213,5.415607636381145,27.570393374741197,10.0,E,fora,1.31,Londrina,1.0,1.0,1
2022,Londrina,2022-04-21,9595.23129535158,415.3327828461491,139.41328666294297,6.478163966983181,49.03911760690126,1.3397932104511885,6.034173276236579,29.019177061999628,9.0,E,casa,0.96,Novorizontino,1.0,3.0,1
2022,CSA,2022-04-22,9830.471610402177,578.3848739038403,180.38508847898396,9.471977502267915,58.89271847596009,0.7628783791956456,6.096874387662533,28.899098881161176,9.0,E,casa,1.07,Bahia,1.0,2.0,1
2022,Bahia,2022-04-22,9069.1088125558,418.2616717964382,178.99872315680653,9.408914054790658,53.92243245148254,1.2692999624077816,6.343850265495042,29.78987477092242,10.0,E,fora,2.14,CSA,1.0,2.0,1
2022,Brusque,2022-04-23,9764.531788140968,535.7158103627553,125.89529065547075,8.652941672715858,54.3835787670113,0.824119924401457,5.649531432906293,28.742293330194293,16.0,D,fora,2.58,Sampaio Corrêa,0.0,3.0,1
2022,Ituano,2022-04-23,9290.180305991486,463.62967164368763,135.97747773047843,7.433243662240295,48.719433763263226,0.45783721964546664,5.718558104072686,28.23007306690387,9.0,V,casa,1.67,Vila Nova,3.0,2.0,1
2022,Chapecoense,2022-04-23,9372.412711344823,456.5347042952111,154.8987105181579,6.303179099165298,48.77393698979298,1.136029828811555,6.716902189512843,26.975542211557226,10.0,E,casa,0.93,Vasco,1.0,3.0,1
2022,Sampaio Corrêa,2022-04-23,9208.312340145629,449.28939150905285,179.98599588030964,8.828373645521998,51.980280646687504,1.4541929676771639,6.023029587915573,29.30520384966015,19.0,V,casa,1.38,Brusque,3.0,3.0,1
2022,Ponte Preta,2022-04-23,9153.022064903927,536.5924372560602,187.61835933428304,10.425381443776566,65.14511251635916,1.7713141771770726,8.025704110350578,28.869367522555386,10.0,V,casa,1.38,CRB,3.0,3.0,1
2022,Sport,2022-04-23,9496.42438122022,363.00733195389574,121.04621839800663,5.637495009252918,42.491046672592425,0.7865009398633193,4.850629052705203,28.62624914392295,7.0,E,fora,0.54,Criciúma,1.0,3.0,1
2022,Cruzeiro,2022-04-23,9198.05103126145,440.0525451215045,171.5587987544267,8.789648430821835,55.06118659176945,1.2098124313102945,6.703303455855417,29.263211625351083,9.0,E,fora,1.57,Tombense,1.0,3.0,1
2022,Tombense,2022-04-23,8977.714004147001,396.4664245461831,146.08376257775626,8.702178702726082,49.45653967002073,2.5201710956481915,5.8397062752032145,29.030433399905863,8.0,E,casa,1.22,Cruzeiro,1.0,3.0,1
2022,Vasco,2022-04-23,9728.626201764528,510.2721313051414,174.7990432613325,7.1192211743230915,49.50393757225433,1.5337730453300884,6.352786735625189,27.99222634621235,9.0,E,fora,0.25,Chapecoense,1.0,3.0,1
2022,Criciúma,2022-04-23,9758.36010341192,484.1258704771306,148.28773525651096,8.176740842100541,51.581824850265825,1.1096823616501046,6.561067991655264,28.220882029655225,10.0,E,casa,0.74,Sport,1.0,2.0,1
2022,Náutico,2022-04-24,9756.854269135885,512.6571497792971,176.72705087783345,8.561698693482903,53.06788777892094,1.0949251601340813,6.37264367816092,29.289236998440145,10.0,V,casa,1.78,Operário-PR,3.0,2.0,1
2022,Operário-PR,2022-04-24,9156.865046902143,459.53864713375793,124.34359953676896,7.294806948465547,49.71775286624204,0.5210028951939779,6.046040069484656,28.86014360162131,10.0,D,fora,0.75,Náutico,0.0,3.0,1
2022,Brusque,2022-04-26,9300.917485821188,423.05416417320276,158.65288244424377,8.286581977420134,51.25591095530649,1.0625456348152473,8.073148492413377,28.995047302042572,19.0,V,casa,0.99,CSA,3.0,4.0,1
2022,Chapecoense,2022-04-26,9464.167894297465,411.7979821987601,142.42317868761896,8.066210422932908,51.155231477502916,1.6578884046405993,6.516938555030385,28.56012645018722,9.0,V,fora,1.21,Novorizontino,3.0,4.0,1
2022,Sampaio Corrêa,2022-04-26,9474.507564277154,433.8693888287534,111.87071126785155,5.863799364502952,49.96442298962954,1.0473738608191627,6.702537448933273,28.131547889241947,10.0,D,fora,0.53,Bahia,0.0,4.0,1
2022,CSA,2022-04-26,10177.224953637118,506.6008514867694,156.6970207317501,7.78720945732627,57.14324072450042,1.6841544182130703,6.523048023292525,28.084806071023493,10.0,D,fora,0.45,Brusque,0.0,3.0,1
2022,Tombense,2022-04-26,9233.894248611126,345.80001560662,124.63084019519921,5.765206554780401,40.56708109619036,1.572756664842012,7.337738437707458,28.019443053307086,10.0,E,fora,1.51,Vila Nova,1.0,4.0,1
2022,Sport,2022-04-26,9409.471540491368,440.4697980639695,164.86371262308515,8.499127814118857,53.99488576864853,1.2494679388358818,7.122758912823077,28.785818646445286,8.0,V,casa,0.74,Ituano,3.0,4.0,1
2022,Novorizontino,2022-04-26,9442.16303141167,395.9933806630458,96.31480087675473,6.237103647235159,44.0975155930182,0.5806525698260996,5.365301303850306,27.982999983883186,7.0,D,casa,1.2,Chapecoense,0.0,2.0,1
2022,Londrina,2022-04-27,9963.949267925904,470.9316047301146,138.31921985007637,7.1770035772061345,51.57353551003669,1.6409975164619837,6.869335596618743,28.48642256601882,10.0,D,fora,0.77,Cruzeiro,0.0,4.0,1
2022,Operário-PR,2022-04-27,9284.958643696335,416.33541453400466,118.09790784126058,6.490336509785971,44.941448684338276,1.3734266849763501,6.490272980733219,28.27971509023067,8.0,D,casa,0.61,Grêmio,0.0,4.0,1
2022,Náutico,2022-04-27,9673.104718057719,473.4249319724026,160.70610963980042,8.284130758476456,53.19198081360326,0.5110913968106026,5.933689175826051,28.18364382409439,10.0,V,fora,1.57,CRB,3.0,3.0,1
2022,Cruzeiro,2022-04-27,9820.151082904176,512.7515094241721,167.41432253628923,9.106293764350298,53.82080971344809,1.1671774183087082,5.954361063186708,29.420563245080363,9.0,V,casa,1.42,Londrina,3.0,4.0,1
2022,Ituano,2022-04-27,9469.409586219244,446.0125587718611,185.4955917467635,9.06243490617762,54.1781924785445,0.3021897483523738,5.941293148784281,28.276539369594165,10.0,D,fora,0.64,Sport,0.0,3.0,1
2022,Grêmio,2022-04-27,9059.592568241856,348.81260444183545,122.1788844046571,6.826258438508952,45.236149838567655,1.5407526171607475,5.722704236376089,29.033382252225817,9.0,V,fora,0.87,Operário-PR,3.0,4.0,1
2022,Bahia,2022-04-27,9299.450109653864,392.08473433963127,114.5557544390477,6.55130447146611,47.807442016539085,1.9463124907579086,6.448070251271144,27.690434861738307,10.0,V,casa,2.32,Sampaio Corrêa,3.0,3.0,1
2022,Vasco,2022-04-28,9841.894475978159,561.9002491107659,205.48381556535242,8.454137317769652,56.69675454636541,1.69183395120485,7.10207254145584,29.48212013426181,9.0,V,casa,1.11,Ponte Preta,3.0,4.0,1
2022,Criciúma,2022-04-28,9161.65622023744,498.272114601,151.65184643510054,10.011168035946344,56.79707517455563,1.8837441906565937,6.24455441510099,29.15932578577564,10.0,D,fora,2.01,Guarani,0.0,3.0,1
2022,Guarani,2022-04-28,9141.078280328951,507.30262716849757,175.68941869259857,9.184007803589653,56.29441311003061,1.188077075454709,6.37503067411009,28.993120835584367,9.0,V,casa,2.35,Criciúma,3.0,4.0,1
2022,Ponte Preta,2022-04-28,8614.55946410934,391.2477586022797,138.14383612290115,7.088717866581245,49.611770908411415,1.3203416886895702,8.051095539360935,29.045754251087793,8.0,D,fora,0.25,Vasco,0.0,4.0,1
2022,Londrina,2022-04-29,9307.616492215537,469.15116754021324,174.74091025276908,8.828497844104206,51.703229583537734,0.8134624719217164,7.204871937207921,29.59099171206527,8.0,E,casa,1.47,Vila Nova,1.0,5.0,1
2022,Bahia,2022-04-30,9225.469355879179,404.75184962243793,138.25150852211434,7.476740992448758,47.0861879180151,1.359904962243797,5.825343581445522,28.21264724919093,10.0,D,fora,1.19,Ituano,0.0,4.0,1
2022,CSA,2022-04-30,9616.90347045388,484.1806999707174,156.0171013762811,8.327965446559297,52.287087437774524,0.42182898975109806,5.376209194729137,28.173604685212293,10.0,V,casa,1.91,Sport,3.0,4.0,1
2022,Cruzeiro,2022-04-30,9840.5341113002,524.488964563146,165.86759027078335,9.272670672269879,56.99344099839081,1.666614917977749,6.772914597297954,28.528465251970964,10.0,V,fora,2.09,Chapecoense,3.0,5.0,1
2022,Operário-PR,2022-04-30,9235.360345416218,456.7606751369063,122.49051508833031,6.187200123731183,45.98504605549573,0.8247934376646886,5.773792933574686,28.22854867905506,10.0,E,fora,1.49,Sampaio Corrêa,1.0,5.0,1
2022,Sport,2022-04-30,9461.151335430173,451.9264376167455,154.63951447643115,7.540351197670587,50.928639435226906,0.7423208988023295,5.068564992857928,28.299964289638503,8.0,D,fora,0.41,CSA,0.0,5.0,1
2022,Grêmio,2022-04-30,9856.051653220398,515.6224043489921,172.6781439681759,10.157743261967548,62.85640861753005,1.6088727484020915,7.3398613283868945,28.585548428909846,10.0,V,casa,2.05,CRB,3.0,5.0,1
2022,Ituano,2022-04-30,9529.923175807966,449.22437709534665,116.22921469759957,7.482667560681238,47.671702561351744,1.086356175405659,5.188896070805954,27.28763041437575,8.0,V,casa,0.75,Bahia,3.0,4.0,1
2022,Chapecoense,2022-04-30,10374.988378845488,635.5335917156355,185.7476036985828,9.98008238276299,64.81159465376196,1.1662510081806658,7.002235280562275,28.344181357299227,8.0,D,casa,0.07,Cruzeiro,0.0,5.0,1
2022,Sampaio Corrêa,2022-04-30,8963.830271123781,385.8533807901355,130.2685469758602,6.9355905735377625,43.91010290998853,1.147543255803173,6.572334075026944,28.348856748832418,18.0,E,casa,1.31,Operário-PR,1.0,5.0,1
2022,Ponte Preta,2022-04-30,9596.297572881924,526.7476993175824,164.52841187881157,9.54475264105391,62.79760665392076,2.2604161491550023,8.918379781458894,28.62380786245587,8.0,V,casa,1.63,Brusque,3.0,5.0,1
2022,Brusque,2022-04-30,9511.683905604448,480.70507181523743,133.59093788983373,7.417495107408128,50.16138560490748,1.5455978117811324,6.902064959886467,27.889131007015575,10.0,D,fora,0.45,Ponte Preta,0.0,5.0,1
2022,Vasco,2022-05-01,9304.827779875335,443.14217227664005,165.8442469575542,9.081181240724252,53.535731789848626,0.9611354111012171,6.089426061145742,29.17021193232414,9.0,E,fora,0.56,Tombense,1.0,5.0,1
2022,Criciúma,2022-05-01,9838.588718297102,412.1451781400966,126.70119816827699,6.680313506441225,49.705599838969405,0.7925020128824476,6.792038546698873,28.34407709339774,9.0,E,casa,1.16,Novorizontino,1.0,4.0,1
2022,Novorizontino,2022-05-01,9596.43720303093,398.47339537119706,78.80741020534305,4.635734038413113,42.64888606551749,0.4114868484307397,5.149306137398988,27.1291532174988,10.0,E,fora,0.53,Criciúma,1.0,3.0,1
2022,Tombense,2022-05-01,8947.924266512739,401.4211909375773,165.59653438608063,8.533655582584315,51.395768945328605,1.297026676012204,5.658679083862456,30.350808114125503,10.0,E,casa,0.5,Vasco,1.0,5.0,1
2022,Londrina,2022-05-03,9847.508330661709,418.2494030520647,138.79042414721724,8.224051038727879,51.216992498076436,1.7326503590664275,4.763155937419851,28.92968709925622,7.0,D,fora,0.14,Bahia,0.0,6.0,1
2022,Bahia,2022-05-03,9821.31985528151,402.1097766042414,152.77386090812644,8.367267157008834,49.673752667278606,1.6091599413496729,6.866006055765496,29.011954176451656,10.0,V,casa,1.47,Londrina,3.0,5.0,1
2022,Guarani,2022-05-04,9297.610771020452,361.80951087544645,209.02774375067634,5.964921004220322,41.99925603289688,1.582529488150633,5.843669516286116,28.165366302348236,8.0,E,fora,0.86,Náutico,1.0,5.0,1
2022,Náutico,2022-05-04,10678.08051543126,658.4368847859535,104.12856563188221,11.26872265966754,64.62188010981386,1.3575889220743957,6.652195673816634,29.465396566808458,7.0,E,casa,1.62,Guarani,1.0,4.0,1
2022,Novorizontino,2022-05-04,10279.692486890506,520.3001751845765,175.15518053272805,9.038252067517153,57.170582687641854,0.35192533458558345,5.280720435156923,28.395266233596825,9.0,V,casa,1.16,CRB,3.0,4.0,1
2022,Criciúma,2022-05-05,9582.803290536724,444.5649504996138,144.07347055908352,7.259902266990905,52.69232646052071,1.5557444650616017,6.119895697673078,28.276899051482705,10.0,E,fora,1.04,CSA,1.0,5.0,1
2022,CSA,2022-05-05,9509.027471715683,430.0507449367579,154.75601784744316,6.984617676728485,45.25332459067276,0.9784182509505703,4.749724063009234,28.243443780554045,7.0,E,casa,0.89,Criciúma,1.0,5.0,1
2022,Chapecoense,2022-05-06,10694.495372975303,562.8585612527086,135.8669073757048,7.54271013156792,58.39610755288455,0.861248638230118,5.816714992038883,28.14696459996887,10.0,E,fora,0.61,Brusque,1.0,6.0,1
2022,Náutico,2022-05-06,8762.927567686327,462.078347811391,181.60691668075037,9.431456481324995,54.90784316376542,2.8901051208382627,7.454277505492648,28.786976508365726,6.0,D,fora,1.04,Vila Nova,0.0,5.0,1
2022,Brusque,2022-05-06,9301.434468359632,477.66985402678114,158.47172439691366,7.799488387618596,54.36435929696628,1.3866669448331645,7.568395385859728,28.16397337304695,17.0,E,casa,1.25,Chapecoense,1.0,6.0,1
2022,Criciúma,2022-05-07,9836.640967386955,503.16681329674725,161.41994326301946,9.005096324243983,57.62326487737951,2.0607154290287544,6.68849582690219,29.108609157948894,8.0,D,fora,2.32,Operário-PR,0.0,6.0,1
2022,Novorizontino,2022-05-07,9353.49311241533,379.2422595573907,109.50324765704741,6.472835900528905,45.61671267514151,1.9827871856731931,8.038620093718103,27.966709195508955,10.0,V,casa,0.98,Ituano,3.0,5.0,1
2022,Operário-PR,2022-05-07,9643.293420423584,460.5525575746671,127.10879684367451,8.559857862540483,55.28576671978615,1.0404963244743741,6.130008224952449,27.689907726314708,9.0,V,casa,0.92,Criciúma,3.0,6.0,1
2022,Tombense,2022-05-07,8836.540132155544,309.80937220351495,72.75450689607456,4.9809513815212885,39.54301143964206,1.1402267170994975,6.0205927395175065,27.292096037640118,10.0,D,fora,0.33,Sport,0.0,6.0,1
2022,Sport,2022-05-07,9199.109708176193,352.82198308373916,97.54334663688626,5.7111101753872076,43.60959833034308,1.207897916590385,6.2601369411592405,28.29327377247263,9.0,V,casa,1.39,Tombense,3.0,6.0,1
2022,CSA,2022-05-07,9551.955413832347,508.4819173658717,126.61552579338819,7.8618157274820675,54.67172851433261,0.8345246287816626,6.671244673248458,27.948020168867945,9.0,D,fora,0.84,Vasco,0.0,6.0,1
2022,Vasco,2022-05-07,10226.578626841543,600.979554386684,152.06350262996108,10.04157273948585,59.226846779151586,1.7425192977662411,7.788289159095567,28.812225334153066,10.0,V,casa,1.62,CSA,3.0,6.0,1
2022,Cruzeiro,2022-05-08,9406.741170164683,480.2056064065271,173.34931959623123,10.429837634869681,60.391234600808936,2.087257640200726,7.302179239051074,29.54786816090489,10.0,V,casa,0.26,Grêmio,3.0,6.0,1
2022,Guarani,2022-05-08,9034.778409452578,448.3878528234973,180.9712994453033,9.513584159316178,53.29851288987906,1.3304974083841048,6.958062653450942,29.25335432390652,10.0,E,casa,0.78,Ponte Preta,1.0,6.0,1
2022,Grêmio,2022-05-08,9572.074275721909,451.99498379133195,178.53109583063184,10.548064934417235,57.79094558874869,1.6832650491247316,7.183446461523114,29.110115455588247,9.0,D,fora,1.04,Cruzeiro,0.0,6.0,1
2022,Ponte Preta,2022-05-08,8908.879989812052,468.5763280943235,182.1397037005593,8.883967037748466,54.15382875760117,1.4328531556102686,7.641662863874179,29.181834679345002,10.0,E,fora,0.38,Guarani,1.0,6.0,1
2022,Ituano,2022-05-09,9841.705536483692,496.86128034469465,176.97011956889807,8.827484265713851,56.22348583038498,0.8405783444845343,6.7259855676603495,29.017879286790205,10.0,D,fora,0.69,Novorizontino,0.0,5.0,1
2022,Sampaio Corrêa,2022-05-09,9490.492810181155,462.74975472923484,174.3543520015476,9.078024568530724,52.72708093244345,1.4900537522972541,6.218474208569968,28.730231176332403,8.0,D,fora,1.57,CRB,0.0,6.0,1
2022,Novorizontino,2022-05-13,9193.708203567765,382.7836604685054,118.649934689912,6.070251524801641,43.23370108490311,0.8514248124359044,5.707742079127759,27.774457548442815,8.0,V,fora,2.0,Ponte Preta,3.0,6.0,1
2022,Ponte Preta,2022-05-13,9451.61711512365,469.0689199368578,128.73222271455867,7.102126062754437,49.847223683846124,1.245828740757152,6.729011603755296,28.495591126865875,8.0,D,casa,0.13,Novorizontino,0.0,7.0,1
2022,Londrina,2022-05-14,9856.409043069836,439.8446734991678,128.45413278916527,6.565344171093733,51.60898743701407,1.3342192024441961,5.642123851433002,28.189674867188035,10.0,V,casa,1.41,Brusque,3.0,7.0,1
2022,Brusque,2022-05-14,9802.743266781337,464.78562372472953,70.63318460692074,6.956218653593038,47.506164056352134,1.1904137969456183,6.8300809905499404,29.357071526563914,15.0,D,fora,2.58,Londrina,0.0,7.0,1
2022,Sampaio Corrêa,2022-05-14,9046.055625818475,331.3664191094993,398.003250478493,8.840573939760251,44.538508864712405,0.7923909539639368,5.8935667875491085,29.058139417749576,9.0,V,casa,1.83,Vila Nova,3.0,7.0,1
2022,Sport,2022-05-14,9755.144289396263,447.29273957102254,126.05101951268574,6.3366031330936154,49.2225918428927,1.019236214136639,7.354509291156428,28.48785109004501,9.0,V,fora,0.98,Chapecoense,3.0,7.0,1
2022,Chapecoense,2022-05-14,10007.593159582422,435.61554368457377,102.24088778327389,5.696267399056713,47.884875762107455,1.0347145691936044,7.117614747497988,27.173195387093063,8.0,D,casa,0.74,Sport,0.0,7.0,1
2022,Operário-PR,2022-05-14,9801.405580736144,410.96140586659146,120.57353645466083,6.346998871809335,44.67471964461994,1.5242521506134539,6.601098011563955,27.63502890988577,8.0,E,fora,0.27,CSA,1.0,7.0,1
2022,Tombense,2022-05-14,9135.810184229118,365.8524775827401,139.27625101896635,7.948162328134341,49.034474485082335,1.713375767621325,5.990915167653933,28.954679093527528,8.0,E,casa,1.33,Guarani,1.0,7.0,1
2022,CSA,2022-05-14,10091.76632820918,505.2403193017744,137.38046129348945,5.604202044872255,48.16414685247708,0.4311165385628427,6.788611689773244,27.594645978497716,10.0,E,casa,0.94,Operário-PR,1.0,7.0,1
2022,Guarani,2022-05-14,9581.869929993036,469.526634900854,158.55994612029468,8.57729245317597,53.11117289154417,1.759632738335227,5.498360517538394,28.654117948905913,9.0,E,fora,1.52,Tombense,1.0,7.0,1
2022,Criciúma,2022-05-14,9911.280528959885,464.7385727367537,182.00445755856842,6.982207666675146,50.13616043039199,1.0309370945997507,5.494191870373668,29.601631775748476,9.0,V,casa,1.46,CRB,3.0,7.0,1
2022,Cruzeiro,2022-05-15,9693.288691105292,441.0266949139094,237.0785259065302,8.284526065222567,52.41403110370547,0.854783146869793,7.569018646354042,27.81553598349599,7.0,V,fora,2.31,Náutico,3.0,7.0,1
2022,Vasco,2022-05-15,9499.573677299011,515.3964290244356,160.9432479015109,8.171090841260959,52.60420257414662,1.7921865323633652,6.49002163775415,28.819735124044016,9.0,V,casa,0.64,Bahia,3.0,7.0,1
2022,Bahia,2022-05-15,9028.178732999773,471.6122201501024,145.22903115760747,8.699673982260634,57.006282579031165,1.3312599499658861,6.856290766431659,29.0833716170116,10.0,D,fora,0.65,Vasco,0.0,6.0,1
2022,Náutico,2022-05-15,10532.565775469151,619.0693972958521,71.61115028136379,8.82423624372979,58.09215593410231,1.2593285463295394,5.959440582588547,28.733424999363432,9.0,D,casa,0.58,Cruzeiro,0.0,6.0,1
2022,Grêmio,2022-05-16,9678.633417197625,552.2286246800631,183.66738264444808,11.271975167456299,66.04234942547514,0.736002559494636,5.75964834177422,29.627465555737082,8.0,E,fora,0.82,Ituano,1.0,7.0,1
2022,Sport,2022-05-18,9870.747832532274,446.9529562927026,101.60839972535203,5.977837147263088,48.930309541765624,0.6073668689006201,6.381734784615212,28.188870003714495,10.0,E,fora,0.18,Novorizontino,1.0,8.0,1
2022,Novorizontino,2022-05-18,10164.183939441367,482.4989422104502,100.87649795328679,6.177308451721647,51.03477943655189,1.1922346496508547,6.501167348904406,27.65627738983867,10.0,E,casa,0.78,Sport,1.0,7.0,1
2022,Grêmio,2022-05-19,9917.304759164886,534.4847925913748,212.68496492958516,10.479403802948108,64.36158679927667,1.9723646501178145,7.028227026138418,28.420090141925588,8.0,E,casa,1.91,Criciúma,1.0,8.0,1
2022,Chapecoense,2022-05-19,10013.26836556006,412.7787202909884,111.4330143835454,5.223919456884909,42.44084678088198,1.3858421601383855,5.650974147532049,27.050219189118742,10.0,E,fora,0.53,Vila Nova,1.0,8.0,1
2022,Criciúma,2022-05-19,9903.351084400552,548.601271653229,142.6657666297939,8.621450695070076,59.83810443727262,0.7169754473195041,7.082746752728391,28.68046733341696,10.0,E,fora,0.59,Grêmio,1.0,8.0,1
2022,Londrina,2022-05-19,10050.932203449023,491.43127568101346,182.3075437751391,9.102687685156194,58.96308136034105,0.8680800356463307,6.177354705074786,28.830635371757516,9.0,D,fora,0.96,CRB,0.0,8.0,1
2022,Náutico,2022-05-20,10208.178933046649,603.091192401891,84.06839152474798,8.073201002449165,53.56793757475651,0.38454747394201744,7.433629748818136,28.736657743350232,8.0,E,casa,2.93,CSA,1.0,7.0,1
2022,Tombense,2022-05-20,9068.701305723356,393.2714190014119,118.66991103372862,6.49683415965093,45.4812449969743,1.0511800239932902,5.446524370176127,28.370880001698644,10.0,D,fora,0.93,Brusque,0.0,8.0,1
2022,Brusque,2022-05-20,8887.581922349924,401.0439185695353,147.62846546592218,8.115100701762008,52.20848740956395,0.5863341082408152,5.866748213005409,29.651122167423466,10.0,V,casa,1.71,Tombense,3.0,8.0,1
2022,Guarani,2022-05-20,9033.665811398801,476.0146335454268,187.0495718951663,8.034277657855181,51.873768633522836,1.219279296588045,6.103612332312421,29.47357458494852,10.0,E,casa,1.48,Vasco,1.0,8.0,1
2022,Vasco,2022-05-20,9353.115834531776,539.0035586868743,246.53786672382324,11.324006720504453,61.10522332540516,1.8669922285524638,7.218320565296753,29.95945572210853,8.0,E,fora,1.23,Guarani,1.0,8.0,1
2022,CSA,2022-05-20,9282.850793379132,443.8853929195491,165.66218218158318,5.925210522536324,48.47193886588314,0.8628089618689709,6.8939621083371225,27.448806759700314,10.0,E,fora,1.14,Náutico,1.0,8.0,1
2022,Operário-PR,2022-05-21,9272.573817147128,500.3987368148765,173.5679403903084,7.632300893857961,50.18281378438191,1.034321415227201,7.370450809070791,28.949971258586498,8.0,V,casa,1.92,Ituano,3.0,8.0,1
2022,Bahia,2022-05-21,9521.066646177022,449.4549602760029,201.49464880099129,10.605400641415002,58.71018136980977,2.405052965329576,7.762809713549892,29.893212906047285,9.0,V,casa,1.41,Ponte Preta,3.0,7.0,1
2022,Ponte Preta,2022-05-21,9769.664859776618,516.3201271765108,164.49726040091693,8.997929937082377,61.1244061844608,2.1942021899234256,8.670142783982831,29.51774130615032,9.0,D,fora,1.14,Bahia,0.0,8.0,1
2022,Sampaio Corrêa,2022-05-21,9309.702124057589,457.2917997774548,167.07827084658007,8.480932078299572,50.37923539831048,1.2259193614315558,6.236074802434371,28.31671473339994,10.0,D,fora,0.12,Cruzeiro,0.0,8.0,1
2022,Cruzeiro,2022-05-22,9497.99217273137,483.65623713531284,236.14743414696986,9.855155664326658,59.702960520383854,1.852414246151865,7.652131126424938,29.565465318477493,8.0,V,casa,2.28,Sampaio Corrêa,3.0,8.0,1
2022,Sport,2022-05-24,9121.365008213246,374.0723706413798,134.39811381567483,7.730455710694642,49.83805333631997,1.4562455511585655,6.385162024938402,28.288441723288287,9.0,D,casa,1.16,CRB,0.0,9.0,1
2022,Operário-PR,2022-05-25,9117.93591724172,394.88983354356805,127.66104350622048,7.6796625114392425,47.968463060522865,1.782731320026712,7.344996413642996,28.959782097895182,9.0,D,fora,1.32,Londrina,0.0,9.0,1
2022,Londrina,2022-05-25,9315.156901807872,433.89236440978385,139.53242592322292,8.728583626999187,53.57983057739225,1.5016586733949167,6.66284202514753,28.661760535479708,10.0,V,casa,1.82,Operário-PR,3.0,9.0,1
2022,Ponte Preta,2022-05-25,9619.685138614319,482.99100581582456,170.9972587467243,8.689315318835918,55.8609069697945,2.069093604891729,7.034707484713348,30.01601995310561,10.0,E,casa,0.7,Chapecoense,1.0,9.0,1
2022,Chapecoense,2022-05-25,9715.285450298677,453.4363719118704,164.57482393521636,8.121103788562355,53.45314620858223,1.8514393567324936,6.990515230774503,29.08458305255103,10.0,E,fora,0.6,Ponte Preta,1.0,9.0,1
2022,Brusque,2022-05-26,9716.282932155815,496.2119270441112,167.0809930170466,9.448888774788344,56.378343374181334,1.3359939298509844,6.571597978138335,29.002038976746306,10.0,D,fora,1.56,Vasco,0.0,9.0,1
2022,Vasco,2022-05-26,10623.35269183021,583.8565150954857,157.25644470271268,7.726056419873742,52.77649370030904,1.3080287382128424,5.943104677883726,28.640874032594624,8.0,V,casa,1.3,Brusque,3.0,9.0,1
2022,Náutico,2022-05-27,10119.329105331917,569.5603902617244,185.13897934103895,8.470760705903192,59.387486271644306,0.19912038882246136,6.4770456357114385,28.406176652938317,10.0,E,fora,0.57,Ituano,1.0,8.0,1
2022,Bahia,2022-05-27,10003.962628432784,547.7095324495704,149.5864899140851,8.334067653574316,58.44206945860731,1.2662930013947982,6.224435927189187,28.37714289063141,10.0,D,fora,1.05,Tombense,0.0,8.0,1
2022,Tombense,2022-05-27,9832.918854304122,503.10325789246076,165.8713554961688,8.183168073097438,56.687946241447754,0.9980591255364212,5.888969184196228,29.103099322473692,10.0,V,casa,1.33,Bahia,3.0,9.0,1
2022,Criciúma,2022-05-28,9545.895290379842,510.5235717685194,152.1158290778591,8.679954208095905,58.69240150238607,0.5805127149711228,6.251231750768558,28.30656779388498,9.0,D,casa,0.19,Cruzeiro,0.0,9.0,1
2022,CSA,2022-05-28,9513.695548578982,410.857387583472,173.94137771497597,6.359955899446178,46.052258130683505,1.5389287098024023,6.358493971784761,29.674576657474304,10.0,V,casa,1.98,Novorizontino,3.0,9.0,1
2022,Guarani,2022-05-28,9205.39921786297,476.06286699303587,136.1069836125859,6.516676549679377,47.67832115194557,0.9309756602082327,6.413060975890047,28.457767358477554,10.0,D,fora,1.69,Sampaio Corrêa,0.0,9.0,1
2022,Novorizontino,2022-05-28,9215.23922388374,411.3259926986801,107.30559299822147,4.8442963118974065,39.91202038285125,0.42065688477019564,6.423231302068707,27.94382196012356,10.0,D,fora,1.48,CSA,0.0,8.0,1
2022,Sampaio Corrêa,2022-05-28,8564.074665073758,390.6249075420735,137.90691699563678,6.2645577602327025,39.546763660918344,1.4008406399335132,6.450795242052774,28.535529815084146,10.0,V,casa,1.71,Guarani,3.0,9.0,1
2022,Cruzeiro,2022-05-28,9334.530257406435,407.0325539638492,111.24275061876547,6.076141753543839,44.68631005775145,0.5407672691817296,4.996856821420535,27.862904072601815,7.0,V,fora,1.32,Criciúma,3.0,9.0,1
2022,Grêmio,2022-05-29,9378.353351300551,500.4212825828565,164.94080479310063,8.457456947784504,53.61190010227493,0.9952551344777071,5.968912706968517,28.493617491776547,8.0,E,fora,0.81,Vila Nova,1.0,9.0,1
2022,Vasco,2022-06-02,10403.358061584147,654.660681616341,167.1002486678508,10.615706039076375,64.81618963698934,2.7479645870337475,7.619027253552398,29.787148923179394,8.0,E,casa,1.1,Grêmio,1.0,10.0,1
2022,CSA,2022-06-02,9920.85806194774,493.84830978594715,187.8636079478335,9.780638614563152,56.66888460993243,0.8510324623163067,6.273517459717432,29.333558569200964,10.0,E,fora,0.65,CRB,1.0,10.0,1
2022,Grêmio,2022-06-02,9265.470496155898,437.2928805401257,148.2241648996371,9.249422408970872,56.66531695958164,2.340625203262609,8.7797931599693,29.26882309323412,9.0,E,fora,0.4,Vasco,1.0,10.0,1
2022,Sport,2022-06-03,9005.056767567567,407.70678602504944,181.5461795649308,9.25428108108108,53.15717231377719,1.0682445616348055,6.290012129202372,30.29933421226104,8.0,V,casa,1.54,Ponte Preta,3.0,10.0,1
2022,Guarani,2022-06-03,9522.530753959549,470.87120826569554,137.01650331242047,7.501574825604353,52.31969508182337,1.6780772605624537,6.909193392708287,28.940264554907206,10.0,E,casa,1.09,Vila Nova,1.0,10.0,1
2022,Ponte Preta,2022-06-03,8799.60698040985,353.61834734582834,122.54746599406691,6.275885384625901,43.43295397066262,0.9855693174206072,5.7828421441168025,29.030893108586586,8.0,D,fora,1.33,Sport,0.0,10.0,1
2022,Novorizontino,2022-06-04,9435.957620360441,485.35351355490883,168.75476387399806,7.811977842446519,51.11980905702762,1.493030581508143,7.122105988665952,28.522428141114005,9.0,E,casa,0.63,Sampaio Corrêa,1.0,9.0,1
2022,Náutico,2022-06-04,10423.017144661215,553.3086690507382,118.75645351650556,7.223282111201596,52.68628651347237,0.42441643357056025,6.693869631413094,27.226751171381697,9.0,V,fora,0.64,Brusque,3.0,9.0,1
2022,Cruzeiro,2022-06-04,9488.527993186595,464.25848884969434,181.24550399864697,9.349744497330208,55.8842552368987,1.1948347386986882,8.04646814370968,28.608903331803134,9.0,V,fora,0.86,Operário-PR,3.0,10.0,1
2022,Tombense,2022-06-04,9838.784112782323,468.60980695028144,168.66444972842783,9.06787534714542,54.30471724544717,1.1075118582417856,5.196418442330852,29.612107694954414,9.0,V,casa,1.62,Ituano,3.0,10.0,1
2022,Sampaio Corrêa,2022-06-04,9430.44348015483,453.2663399084437,169.55055844498233,8.790178558588787,52.25610382762506,1.2414726290055842,6.25541457948853,29.479141600556044,19.0,E,fora,0.65,Novorizontino,1.0,10.0,1
2022,Operário-PR,2022-06-04,9665.51606809506,522.8033413137978,145.56851497164544,8.24106644012445,54.01741068867363,1.3897813279198568,7.348586023522142,28.321829696153927,10.0,D,casa,2.01,Cruzeiro,0.0,10.0,1
2022,Criciúma,2022-06-04,9039.059300760837,419.44961228497544,116.28306791719876,6.857101741659245,46.552120789380496,1.0619009089250648,5.699145481665899,28.220345112515698,10.0,D,fora,2.17,Bahia,0.0,10.0,1
2022,Bahia,2022-06-04,9299.215411811974,403.89711731619127,95.81958417034956,6.688386902370431,48.271428284451595,1.4466372036962636,6.147529128163922,27.762334270791484,5.0,V,casa,0.74,Criciúma,3.0,9.0,1
2022,Brusque,2022-06-04,9450.381839432963,471.7455359797218,170.81312982115756,8.87390824740655,56.74908090938961,1.4085501713320085,9.014791663406927,29.161095898984527,7.0,D,casa,1.08,Náutico,0.0,10.0,1
2022,Guarani,2022-06-06,9911.193920015092,551.1806062198507,198.2783232274234,9.217365860888782,58.81630959118227,1.0920198345325682,6.185163850486431,29.628772199315495,9.0,D,casa,1.9,Operário-PR,0.0,11.0,1
2022,Operário-PR,2022-06-06,9740.948885720152,474.74116766671995,155.95434487006912,8.213656430380325,51.641514225091825,0.6160508544181059,6.056780931304329,29.236593963176748,10.0,V,fora,0.47,Guarani,3.0,11.0,1
2022,Sampaio Corrêa,2022-06-07,9698.895484891735,502.28621043726474,173.66776595263775,10.053752171470272,59.516083281131955,1.918789401287706,7.090741173659502,28.33772707605474,17.0,D,fora,0.53,Criciúma,0.0,11.0,1
2022,Ponte Preta,2022-06-07,9707.583557805803,531.8354134310741,198.4866698142511,11.741837236752191,65.75218960054669,1.0068944523824317,6.151226066969001,29.311556190594523,9.0,V,fora,2.15,Ituano,3.0,11.0,1
2022,Criciúma,2022-06-07,9799.538223294152,488.9417275479779,151.16973694208122,8.39322335171477,56.57160724359049,1.2428867296777686,6.734975075693909,28.671783152780822,10.0,V,casa,1.97,Sampaio Corrêa,3.0,11.0,1
2022,Vasco,2022-06-07,10054.368229399559,571.4503050940735,126.09433598183884,8.977525424506128,51.90322143111019,0.7213962554030658,4.954447081484539,28.775375778213462,9.0,V,fora,1.08,Náutico,3.0,11.0,1
2022,Náutico,2022-06-07,9321.885070099774,469.2641743160605,117.02545542323784,5.678435017701962,44.6090505310589,0.11528484068233022,4.86723282909559,27.777461216607655,8.0,D,casa,1.81,Vasco,0.0,10.0,1
2022,Grêmio,2022-06-08,9444.041054953654,433.7643945535355,139.1772286276257,8.411243602142942,55.553521184921166,0.6844121578301077,6.650261130369581,27.896168349217046,10.0,V,casa,1.48,Novorizontino,3.0,11.0,1
2022,Cruzeiro,2022-06-08,10072.602336171612,562.7988047466716,225.0342233146728,12.489336924307286,67.53277367455426,0.8462435903467094,5.502059556851861,29.69698687491179,10.0,V,casa,1.29,CRB,3.0,11.0,1
2022,Novorizontino,2022-06-08,9294.924039132504,389.1294297659119,93.64964617820198,5.809947126542782,43.02135611195646,0.8288430857195553,4.426406141928343,27.651379474646863,7.0,D,fora,0.13,Grêmio,0.0,10.0,1
2022,Ituano,2022-06-08,10113.491750445479,472.33091064551365,162.4460751853768,8.79364876128068,53.67399278611255,1.8089251020290857,5.301354543886877,29.483175260102318,8.0,D,casa,1.17,Ponte Preta,0.0,6.0,1
2022,Bahia,2022-06-09,9463.15455177345,415.4407795906884,128.49329371498231,7.594549429167547,52.85203929015167,0.6327476146939541,6.225530393604801,28.88099608505052,10.0,V,casa,1.16,Sport,3.0,10.0,1
2022,Sport,2022-06-09,9338.713342020275,418.25973752135377,150.60627080813498,8.192984774991585,52.631679613950645,1.3453157848797335,6.508758557053256,29.50672718430864,9.0,D,fora,1.16,Bahia,0.0,11.0,1
2022,Sampaio Corrêa,2022-06-10,8853.516940380261,326.01915914015143,167.937280960148,9.530278988241596,42.617117730116604,0.9862068797623973,6.352673150424811,29.433686734669035,9.0,V,casa,2.72,Náutico,3.0,12.0,1
2022,Náutico,2022-06-10,10290.227966683657,565.1668234126452,75.80592759998927,8.68874285790928,55.52463920706027,1.2079208133265378,7.122143029587703,28.53903940556345,8.0,D,fora,0.77,Sampaio Corrêa,0.0,11.0,1
2022,Brusque,2022-06-11,9552.746947801526,452.6077647005714,174.99422108575925,9.113469128477641,53.04973874966142,0.7549053926816369,5.746422140821092,28.790433504017745,18.0,D,casa,0.8,Ituano,0.0,11.0,1
2022,Operário-PR,2022-06-11,9610.642026769356,462.88995413815877,144.23849727695318,7.4023987736942445,50.47289440560312,0.7846873792699492,5.721815530713725,28.50674592789222,9.0,D,casa,0.65,Bahia,0.0,12.0,1
2022,Ponte Preta,2022-06-11,8793.219571482747,414.14279542603776,145.05005790379508,6.82653539861731,46.33614990811236,1.0498238091070855,5.119209328782707,28.455266765846964,7.0,D,casa,1.07,Londrina,0.0,12.0,1
2022,Criciúma,2022-06-11,9589.374977575651,511.6772035206756,131.9612923148022,7.373977985274503,53.59773981451334,0.662918736674054,5.861581258074343,28.420317406967833,10.0,V,fora,1.1,Chapecoense,3.0,12.0,1
2022,Londrina,2022-06-11,8984.154987959895,341.63042206039034,109.01860830986122,5.907096948380788,41.24355350914318,0.5251878986004291,5.383914274456006,27.000090483209537,7.0,V,fora,2.41,Ponte Preta,3.0,10.0,1
2022,Bahia,2022-06-11,9361.828311096378,406.58019379890845,125.72403651043575,6.392323811102297,47.5197281843043,1.0653684783766826,5.112798423090127,27.843394618143932,9.0,V,fora,0.8,Operário-PR,3.0,11.0,1
2022,Ituano,2022-06-11,10298.761832197144,554.1467917278925,182.2220568255727,9.323815672199071,53.44274335750247,1.082962927275793,5.09497121383663,28.90156095680871,10.0,V,fora,1.1,Brusque,3.0,7.0,1
2022,Chapecoense,2022-06-11,9592.518829193983,492.83321754032806,113.11224150594379,6.6102690351187405,51.28976904872011,0.48999211120480934,5.754843448219581,26.8022415059438,8.0,D,casa,0.79,Criciúma,0.0,10.0,1
2022,Cruzeiro,2022-06-12,9097.45652111168,444.3357079512127,126.32452353242401,7.331722917927471,51.11683138587589,1.466856407988455,7.540543270797449,28.69004585447605,10.0,D,fora,1.04,Vasco,0.0,12.0,1
2022,Tombense,2022-06-12,9456.755862561387,432.6983085460857,156.21363078030487,8.984329118920739,56.00724890576201,1.2531871640370125,7.000058978556417,28.964748702587855,10.0,V,casa,0.68,CSA,3.0,11.0,1
2022,Novorizontino,2022-06-12,10161.905544350217,546.3690556956223,181.80005271602107,10.586518450607379,62.84470547788219,1.9251615860646343,7.699532431812973,28.69853311941325,7.0,D,casa,1.86,Guarani,0.0,11.0,1
2022,Vasco,2022-06-12,9604.700880554943,523.2652283457259,153.679229992924,8.874351734777917,58.88238901713318,1.2523717331539201,7.412530072963912,28.70333731599522,10.0,V,casa,0.94,Cruzeiro,3.0,12.0,1
2022,Guarani,2022-06-12,9919.86607892496,512.2043271758041,168.5855414059897,10.105443305075333,61.41535371857994,1.111059489875245,6.772399955576944,29.157483433902193,9.0,V,fora,0.63,Novorizontino,3.0,12.0,1
2022,CSA,2022-06-12,9605.947046932582,422.15336819856924,129.37895323000217,8.413805549533926,54.140116789507914,1.218577931931498,6.830146325601561,27.85449002818123,8.0,D,fora,1.18,Tombense,0.0,11.0,1
2022,Sport,2022-06-13,9244.517083174573,465.3483279915726,149.26892865947954,8.573790483448011,55.36996727704686,2.4211816123898955,6.657616827666583,28.66847614138108,10.0,E,casa,0.57,Grêmio,1.0,12.0,1
2022,Grêmio,2022-06-13,9246.438765476054,425.03984426323655,138.61189008843456,8.683140002297002,53.02625083266338,0.9301943264040426,6.823227173538533,28.797275755139538,10.0,E,fora,1.25,Sport,1.0,12.0,1
2022,Chapecoense,2022-06-14,9053.955194064387,370.3721838802115,112.23634284484267,6.900774912216976,45.88687896032611,0.969092034279103,5.8115538604350805,27.818681303897428,8.0,V,fora,0.4,Bahia,3.0,11.0,1
2022,Bahia,2022-06-14,9118.310445952726,363.53580553639733,129.07745767759732,6.770825600351119,45.84615258009907,0.7064580851464042,4.795719324095554,28.800650511003823,7.0,D,casa,0.98,Chapecoense,0.0,12.0,1
2022,Ponte Preta,2022-06-16,9419.592628660524,506.94469886794104,199.91208448167953,10.871578623741394,62.74931900782888,1.9753458214838644,7.016716260582169,30.29410582719357,10.0,D,fora,1.34,Cruzeiro,0.0,13.0,1
2022,Cruzeiro,2022-06-16,9350.896707094002,500.1586136824718,191.1638791392747,11.574237553074731,62.85516479496248,1.6960648758910457,6.685812223540237,30.32536944447524,10.0,V,casa,1.03,Ponte Preta,3.0,13.0,1
2022,Operário-PR,2022-06-16,9761.809101099616,565.4932112410283,172.96429075265917,8.388326762588312,54.38596095741932,0.7071879457716974,7.377682829576214,28.309678651256306,10.0,E,fora,1.09,Vila Nova,1.0,13.0,1
2022,Criciúma,2022-06-17,9625.672168862326,450.0295149908105,105.18290486412167,6.062538266200879,49.24540749470376,1.0097052345076252,6.31379799935463,28.142844115212483,8.0,D,casa,0.44,Brusque,0.0,13.0,1
2022,Brusque,2022-06-17,9246.964549749482,327.5287027712506,77.3212721146793,5.2607653575025175,43.19327651585793,1.3433542202827198,6.940276254771052,27.018539654122065,9.0,V,fora,0.47,Criciúma,3.0,12.0,1
2022,Sport,2022-06-18,9271.957134594575,419.56960894063224,190.86669092130305,8.170931751184746,51.717722676219275,1.2320862718758163,5.7081107504011355,28.775204298667866,9.0,E,fora,2.57,Náutico,1.0,13.0,1
2022,Vasco,2022-06-18,10565.980647728633,624.6850352762978,126.99374260925025,8.49117162483558,56.68254693541316,1.074840625539774,6.456660377609185,28.904219868992733,8.0,V,fora,1.13,Londrina,3.0,13.0,1
2022,Náutico,2022-06-18,9828.747345385575,481.7329914529914,153.62828651685393,7.563834149620668,53.36883607029675,1.2955646787669257,5.402153798136944,28.312722078171518,10.0,E,casa,0.73,Sport,1.0,12.0,1
2022,Grêmio,2022-06-18,9531.516767704923,473.0622253966042,163.99407660325647,10.032789352658353,58.53144775044713,1.3579527559055122,6.585008477922561,28.19259052795392,10.0,V,casa,2.05,Sampaio Corrêa,3.0,13.0,1
2022,Sampaio Corrêa,2022-06-18,9364.014610410924,464.10949575004383,151.51833911718154,7.7023795064188985,50.64712357113547,1.1074380678820563,7.279940031654844,28.554334368954798,19.0,D,fora,0.34,Grêmio,0.0,13.0,1
2022,Novorizontino,2022-06-18,9622.256591465266,562.1873600914564,207.70369379990356,11.093555365021526,66.87831002268547,0.9651674615508281,7.234572102245326,29.44710179876034,6.0,D,casa,2.34,Tombense,0.0,12.0,1
2022,Tombense,2022-06-18,9038.67872792116,434.34861786988,188.40267372908178,8.737134235127778,52.03882562728174,1.4242372380610717,5.506883216916033,30.229761326946207,10.0,V,fora,0.81,Novorizontino,3.0,12.0,1
2022,Ituano,2022-06-18,8774.149633770045,368.5444428145076,109.03813900551368,6.032796803075523,41.088232586372605,1.0241003591481614,6.261814456978097,27.505058424806514,9.0,E,fora,0.61,CRB,1.0,8.0,1
2022,Londrina,2022-06-18,9718.779074542623,470.1106724406383,150.86454213701828,7.883643441027637,52.98773355391202,0.7668951926819774,7.116664071623199,29.16818314519268,9.0,D,casa,0.73,Vasco,0.0,11.0,1
2022,CSA,2022-06-19,10040.643991547915,474.7606934501906,163.47245734930084,8.027283512856537,53.287382306371406,0.9033383510626435,6.3219232398920635,29.259765616288664,10.0,E,fora,0.41,Guarani,1.0,12.0,1
2022,Guarani,2022-06-19,10236.033721027385,505.75728516168954,125.6049292898035,7.520996441281139,52.776931301253285,0.9759970601887669,5.430391149620919,28.074155964722262,7.0,E,casa,0.95,CSA,1.0,13.0,1
2022,Chapecoense,2022-06-21,9553.537632619289,456.9665270754804,154.84019881401125,7.860709984370692,53.16536292176152,1.1361724280592076,5.9992192240507505,28.575845821458124,10.0,D,casa,1.96,CRB,0.0,12.0,1
2022,Sampaio Corrêa,2022-06-24,10011.69969413764,580.4685615319261,169.99175609437293,11.568122344944777,61.6642225998301,2.058266126396968,7.060154891837136,29.519207894908835,10.0,E,fora,1.5,Ponte Preta,1.0,14.0,1
2022,Ponte Preta,2022-06-24,9909.024485114569,605.6004153614681,179.0383466936339,13.541792911230052,73.03574599807611,2.3318200429173963,9.879596231161978,30.507947117874853,9.0,E,casa,0.64,Sampaio Corrêa,1.0,14.0,1
2022,Vasco,2022-06-24,9859.969803361946,537.0713422826076,180.87916081563554,9.084257452603936,55.18224028475621,1.661165720734897,7.0311785260827575,29.31951947389554,10.0,V,casa,1.08,Operário-PR,3.0,14.0,1
2022,Guarani,2022-06-24,9695.64884333055,459.87084572340126,147.83445145128925,8.07291130248383,53.3900514712297,0.5612861576041576,5.269959994516382,28.40388838345443,9.0,D,fora,1.26,Londrina,0.0,14.0,1
2022,Operário-PR,2022-06-24,8894.62751053395,444.6903011673689,143.9117872026893,8.5994289793005,53.25642006861458,1.0362068568533997,8.600171996960695,28.553512468052777,9.0,D,fora,0.39,Vasco,0.0,14.0,1
2022,Grêmio,2022-06-24,10549.744281016954,624.4227249411424,197.4487655035446,12.31174244715971,68.41989701569096,1.1842986413436627,8.403427549289106,29.92869092870013,9.0,E,fora,2.01,CSA,1.0,14.0,1
2022,CSA,2022-06-24,10572.770509748027,619.2403036745343,246.67302454521294,11.305861739907714,69.03369482762787,1.4142456453989805,7.500889280796269,29.889242142391225,10.0,E,casa,1.75,Grêmio,1.0,13.0,1
2022,Londrina,2022-06-24,9691.586014826542,397.9408997888777,114.8701537834077,7.123645938294707,49.98522491723046,1.187391799817667,6.15330370423684,27.632905090926535,9.0,V,casa,0.84,Guarani,3.0,12.0,1
2022,Brusque,2022-06-25,9640.338159659354,470.963897594376,150.3707833758942,8.11982224686101,53.13086594205035,1.699211080378153,5.785276213280176,28.45778451412766,19.0,E,fora,0.61,Sport,1.0,13.0,1
2022,Bahia,2022-06-25,9369.538510020664,442.5546564072661,158.1288275634769,7.872066626947408,50.99733390799499,1.36934894215777,5.932918098038968,28.92330168468823,9.0,D,casa,1.12,Novorizontino,0.0,13.0,1
2022,Sport,2022-06-25,9254.771605813099,439.81602998072475,163.8716639163535,9.859452387225604,55.28943976814166,1.6224081649633215,6.489335210017612,29.329328969811264,8.0,E,casa,1.05,Brusque,1.0,14.0,1
2022,Novorizontino,2022-06-25,9308.200877637226,442.21560965639395,133.77752072309403,6.9502490177821175,49.055182476778775,0.8176492630527102,5.108539845116162,28.207547748279694,10.0,V,fora,0.27,Bahia,3.0,13.0,1
2022,Criciúma,2022-06-25,9744.29289776965,523.0349505569857,170.30208358395686,8.336910954454682,56.29991133941245,0.6496571469816905,5.413241464764333,29.389183889517113,9.0,V,casa,2.07,Vila Nova,3.0,14.0,1
2022,Náutico,2022-06-26,9499.181722846442,350.35737827715366,94.48438202247192,5.312471910112359,40.85666666666666,1.0215730337078652,5.414569288389513,27.738576779026214,9.0,E,fora,1.45,Tombense,1.0,13.0,1
2022,Tombense,2022-06-26,8958.919148876997,289.2429799873182,101.11887466209826,5.806620760237171,40.648011079839364,0.7013382577063841,5.006994204220573,28.930605275160463,10.0,E,casa,1.45,Náutico,1.0,13.0,1
2022,Operário-PR,2022-06-27,9694.515422350572,442.9735348507302,127.10382604400198,6.954227432204785,48.10375042748033,2.0508425479094625,8.208443971577308,28.762370330964774,9.0,V,casa,0.42,Chapecoense,3.0,15.0,1
2022,CSA,2022-06-27,9703.775758941076,462.65076524418714,126.27348772060883,7.144346811093472,50.42438556354469,0.21011018769259496,5.8848412550191425,27.500775049024185,10.0,D,fora,0.66,Sampaio Corrêa,0.0,14.0,1
2022,Chapecoense,2022-06-27,9916.547627558759,491.64760280538263,160.96946513292806,7.6444972273791745,53.83700277868783,1.7458851152124057,7.642904396151093,28.612897237086386,9.0,D,fora,1.45,Operário-PR,0.0,13.0,1
2022,Sampaio Corrêa,2022-06-27,9934.401612921409,527.2738335776298,78.23767448415829,7.306575713158191,48.50621772465892,0.4055654527004171,5.379772240387867,28.546696358101247,10.0,V,casa,2.61,CSA,3.0,15.0,1
2022,Grêmio,2022-06-28,9536.636139431772,471.60482496580926,191.1827254378612,10.322229452508049,58.66421383509066,1.1898696342700843,5.65883564212291,29.357149159571183,10.0,V,casa,1.46,Londrina,3.0,15.0,1
2022,Londrina,2022-06-28,9730.263276611866,412.54505704977646,90.69017455867868,6.136324570043186,43.09442078945374,0.8181371316008789,4.909695582998713,27.687132358512006,7.0,D,fora,0.83,Grêmio,0.0,13.0,1
2022,Bahia,2022-06-28,10117.596216157079,523.1090258536304,167.18272655035412,8.498534807393332,60.94570668509241,1.2437442275580122,6.944798410779064,28.211974434271887,10.0,V,fora,1.4,Brusque,3.0,14.0,1
2022,Brusque,2022-06-28,9925.850414603103,453.6924943972553,150.15326342583623,7.720489583045125,53.9111833550065,0.4980765293417812,7.3437274160971695,28.76314915751321,8.0,D,casa,1.52,Bahia,0.0,14.0,1
2022,Guarani,2022-06-29,9657.250372029135,507.58791996121573,193.33310955409604,8.517537081712513,53.8128736162894,2.3893138873177664,5.8185203098126586,29.535990904158925,10.0,D,casa,0.57,Ituano,0.0,15.0,1
2022,Cruzeiro,2022-06-29,9978.065009115402,594.7051352404975,228.16087416155474,13.208814538783464,73.78461640772802,2.063910107206329,8.357010605973743,30.033517170211542,10.0,V,casa,1.59,Sport,3.0,14.0,1
2022,Criciúma,2022-06-29,8982.146832435894,428.4747648077424,111.97658467158479,4.37634034679887,37.788026187821714,1.067127404701473,6.2960107455464085,27.26736129231207,9.0,E,fora,0.96,Náutico,1.0,15.0,1
2022,Náutico,2022-06-29,9075.629792484715,410.98692604006163,114.51712485710026,4.921038321984195,40.37333614990805,0.3347999403548884,7.491509766887022,26.721656145931703,9.0,E,casa,1.91,Criciúma,1.0,14.0,1
2022,Ponte Preta,2022-06-29,9561.61980034366,529.4937822737098,203.236014411618,11.275376863810209,64.95235884928773,1.097699240618591,7.982557064464275,30.208725680394657,10.0,E,fora,0.42,Vila Nova,1.0,15.0,1
2022,Sport,2022-06-29,9967.407166001994,554.9856647557327,235.65410992023925,11.103254486540376,65.72803813559321,3.4756582751744762,9.086073529411763,30.502552342971086,9.0,D,fora,0.67,Cruzeiro,0.0,15.0,1
2022,Novorizontino,2022-06-30,9580.463816150012,542.8871236820507,170.6957179114843,9.658346865332408,63.86778950691332,0.5667455016099502,7.7262565818549165,28.585115221920578,9.0,V,casa,1.77,Vasco,3.0,14.0,1
2022,Vasco,2022-06-30,10179.019220698994,635.7351132124784,184.4324493335551,10.049815628786622,62.43914870868874,2.0301696405236527,7.05520611086032,28.249998812041152,10.0,D,fora,0.56,Novorizontino,0.0,15.0,1
2022,Ituano,2022-06-30,9673.175289560353,533.1283488428637,204.10084801396965,9.648454499237415,57.98616144647554,1.2923525121018544,7.259569859198513,29.145189098384208,10.0,V,fora,2.37,Guarani,3.0,9.0,1
2022,Tombense,2022-06-30,9395.667744873026,475.8473009057032,188.56300227042766,9.884532588040768,58.635005059105154,1.5527411712445396,6.7730540954073195,29.41902840502455,9.0,E,fora,1.12,CRB,1.0,14.0,1
2022,Chapecoense,2022-07-01,10051.919505581256,502.9244954786852,176.28662618277374,8.843236797650462,55.648672643561405,0.8951191882611431,6.65705093241766,28.64626646498327,10.0,V,casa,2.18,Sampaio Corrêa,3.0,14.0,1
2022,Sampaio Corrêa,2022-07-01,9307.805779915621,450.10790059018177,149.21600927915938,7.777963815826879,49.94284356201457,0.922121584280012,6.958337370222539,28.596654499141447,10.0,D,fora,0.87,Chapecoense,0.0,16.0,1
2022,CSA,2022-07-02,10432.493283304093,479.5527625033046,123.72696399817347,6.055823980388858,48.45304958061958,0.7576708164099112,5.840822898892066,28.203708332331942,9.0,E,fora,0.12,Londrina,1.0,15.0,1
2022,Ituano,2022-07-02,9764.918442638853,500.8971622408108,178.29882025356906,8.625875338073014,54.741997740474055,1.745379840007304,5.9563416220657555,28.920199933811872,10.0,D,casa,2.21,Criciúma,0.0,10.0,1
2022,Cruzeiro,2022-07-02,9964.636009379967,586.5263179110842,209.8880870553883,12.323907285623845,68.49028592100673,1.5118527371154669,6.626654091138128,29.67293117482138,9.0,V,casa,1.39,Vila Nova,3.0,15.0,1
2022,Criciúma,2022-07-02,9608.833172196062,485.0641532534247,173.18158839897262,7.7056703767123285,53.361852311643844,0.8656746575342465,7.320430757705481,29.41587328767124,10.0,V,fora,1.12,Ituano,3.0,16.0,1
2022,Náutico,2022-07-02,9350.680989669347,369.5170823438649,117.0612546258905,5.86085285147727,41.2263948792748,0.867653724218571,5.2083569801222325,28.230803910459635,9.0,V,casa,2.06,Novorizontino,3.0,15.0,1
2022,Brusque,2022-07-02,9861.37133359251,493.394466452846,188.12065318949038,9.44622775132018,59.65478005637088,1.5158307577671948,6.588442219846438,29.397283182687012,17.0,V,casa,1.3,Operário-PR,3.0,15.0,1
2022,Guarani,2022-07-02,9500.81851991269,455.37130311466615,158.1041787240717,8.470715209975294,50.7001622031395,0.7052348089767216,6.352733403913266,28.833192173469783,9.0,E,fora,0.45,CRB,1.0,16.0,1
2022,Operário-PR,2022-07-02,9539.690995798206,437.2397624474776,140.2662538104523,6.425685057534397,46.71467992200588,0.9900584955922336,6.549193969186829,28.43527311674402,8.0,D,fora,0.06,Brusque,0.0,16.0,1
2022,Novorizontino,2022-07-02,9214.070684089587,399.1619807037456,118.1038051272113,5.482139752498546,40.61377771933224,0.12461449018576451,4.9848464881924635,27.067401234738792,8.0,D,fora,1.16,Náutico,0.0,15.0,1
2022,Londrina,2022-07-02,10721.849788450003,520.0489064128067,125.32504909854443,6.678249976319029,52.57525654384137,0.5684305831833538,5.39772725837517,28.15697483502258,7.0,E,casa,0.41,CSA,1.0,14.0,1
2022,Ponte Preta,2022-07-03,9477.170952170061,393.60329913394344,120.57429559098513,7.528477635075286,47.38759497096742,1.4380400551126855,6.088530533412065,28.15050560968408,9.0,E,casa,0.93,Tombense,1.0,16.0,1
2022,Vasco,2022-07-03,10327.361479363943,568.9249412631766,125.4233962390566,9.04466745577988,59.49578144541718,1.1045421654457745,6.532455668215115,28.491258710023217,10.0,E,casa,0.83,Sport,1.0,16.0,1
2022,Bahia,2022-07-03,9051.177563125377,446.3369450489365,134.63768582207882,7.676257641205095,50.784136366121714,1.1818697577778992,6.002601454426159,29.640090764940673,10.0,E,casa,1.71,Grêmio,1.0,15.0,1
2022,Tombense,2022-07-03,9051.59495749661,349.47974362449185,113.2051838117531,5.987702353086115,45.57066798078108,0.7759982752248367,5.876737341382283,29.240935074534924,9.0,E,fora,0.35,Ponte Preta,1.0,15.0,1
2022,Sport,2022-07-03,9730.497190867021,465.2350291440481,186.41205739316797,9.431585671726152,57.96814384795639,1.4838333549215172,7.09894527984174,28.832401116305356,10.0,E,fora,0.7,Vasco,1.0,16.0,1
2022,Grêmio,2022-07-03,9086.188259754957,420.8118694643001,124.61093686848272,7.379133688234004,52.48455570054391,1.2476515352725845,5.923565943392958,27.957478896497573,10.0,E,fora,0.24,Bahia,1.0,16.0,1
2022,Chapecoense,2022-07-05,9599.853403680947,495.798790686557,182.22368207190362,9.111136060064958,57.70385501174022,0.8855336529673944,5.823689945587223,29.42234860734221,8.0,D,casa,0.25,Londrina,0.0,15.0,1
2022,Londrina,2022-07-05,9285.530764922129,443.9034264939524,136.4170136029966,8.66174635571894,51.76984170425949,1.461874036019529,6.784246616645985,28.447938676346094,9.0,V,fora,2.4,Chapecoense,3.0,15.0,1
2022,Cruzeiro,2022-07-05,9954.758669739282,543.2940383398852,198.34640685011976,10.370213162532195,61.60625355835706,1.423330622204148,6.507019113460757,30.019000497040352,10.0,E,fora,0.44,Ituano,1.0,16.0,1
2022,Operário-PR,2022-07-06,9053.944913285402,445.4043404814004,141.56698118161927,7.426211941231636,47.93945132854017,1.575045201625508,8.777216130040637,28.740502657080338,9.0,D,casa,2.23,CRB,0.0,17.0,1
2022,Ituano,2022-07-06,9361.368811443117,507.9496807079217,200.73506491302507,8.401222740772168,53.456274440875205,1.8554404509364206,9.274693254136615,28.99833444451179,9.0,E,casa,2.12,Cruzeiro,1.0,11.0,1
2022,Brusque,2022-07-07,9598.061366462456,524.3097871734725,160.08073572616095,8.6081011865449,60.261392652986856,1.2290006604568542,7.8920666605935,28.501342549363454,10.0,D,fora,0.85,Novorizontino,0.0,16.0,1
2022,Novorizontino,2022-07-07,9857.210195185276,540.6253137312956,182.32497084747305,10.557941558293663,61.901768282961704,1.9478562643769786,7.380103172614844,28.415559022479325,10.0,V,casa,1.6,Brusque,3.0,16.0,1
2022,CSA,2022-07-07,10173.41116778793,568.0850120494024,174.41441008133344,9.600198313083641,59.98222211065369,1.1300170699869465,5.647974696254644,28.905467416407273,9.0,D,casa,0.59,Ponte Preta,0.0,16.0,1
2022,Ponte Preta,2022-07-07,9892.704504633115,433.2116405378046,154.17486632751059,7.9411895553767495,51.39065681210579,1.0513338697536794,6.654615983595921,29.569364341890104,9.0,V,fora,0.6,CSA,3.0,17.0,1
2022,Bahia,2022-07-08,9758.440755985113,482.1579234016553,118.97872340720991,5.749853357773704,47.6169473143365,0.6253829917236016,5.623402210742654,28.191884685885686,8.0,E,fora,1.02,Vila Nova,1.0,16.0,1
2022,Sampaio Corrêa,2022-07-09,9093.492721498746,383.3678131504975,118.2121933018757,5.908050429503616,40.14483103198694,0.6563613104489169,5.80730257141094,28.309087746663007,19.0,V,casa,1.36,Ituano,3.0,17.0,1
2022,Náutico,2022-07-09,10225.581307124326,499.0913862835096,137.19606088826805,7.483304507860485,51.385783498525456,1.0980541697155148,7.284841903368145,27.849376926317653,10.0,D,fora,0.38,Grêmio,0.0,16.0,1
2022,Sport,2022-07-09,9175.247516678699,364.62302846426604,121.34794843883037,6.110633521226949,43.45661565157409,1.5528303676320012,7.471264347994784,28.034467520989832,10.0,V,casa,1.3,Londrina,3.0,17.0,1
2022,Tombense,2022-07-09,9186.20068737411,413.9698901727976,195.77370232163676,8.777361814905118,54.668709000318024,1.144640729354394,4.769430297890385,29.890316972331167,10.0,V,casa,0.62,Chapecoense,3.0,16.0,1
2022,Londrina,2022-07-09,9128.619916719643,374.87617609663056,76.097173553719,5.606347743165924,41.538738715829616,0.8014214876033057,5.148255562619198,27.145371900826447,9.0,D,fora,0.35,Sport,0.0,16.0,1
2022,Vasco,2022-07-09,9789.025570207514,521.938734116464,160.0272678032727,8.331835176890028,54.199444876131274,0.41236744675016,5.964098180820916,28.658010330011884,10.0,V,fora,1.65,Criciúma,3.0,17.0,1
2022,Criciúma,2022-07-09,9447.273146824506,484.07379513535653,158.86087225356394,8.56219212831455,54.9364513998071,0.59408209911612,7.372010463871896,28.937628981754283,8.0,D,casa,1.02,Vasco,0.0,17.0,1
2022,Chapecoense,2022-07-09,9480.43757773823,425.26325599956857,149.87428010570025,7.474880332200829,48.72841050531197,0.48510661705225694,5.339162271477107,29.075558431753223,10.0,D,fora,2.17,Tombense,0.0,16.0,1
2022,Cruzeiro,2022-07-09,9373.915671005607,533.723299998907,188.66419882619104,9.837904412166518,58.528468583669415,1.4752817032252423,4.9167017497841465,29.191102440517174,10.0,D,fora,0.97,Guarani,0.0,17.0,1
2022,Grêmio,2022-07-09,10249.891569606025,548.7906749845445,153.66154768729277,8.49615657842972,61.101230821109425,0.30316315404934524,5.563607261282527,28.04851121227449,10.0,V,casa,2.99,Náutico,3.0,17.0,1
2022,Guarani,2022-07-09,9648.555526747694,515.9849997782115,171.7636331174592,8.28448733587651,52.497486249112846,0.9988302874378993,4.589451295244855,28.684564629169625,10.0,V,casa,1.31,Cruzeiro,3.0,17.0,1
2022,Sport,2022-07-14,9478.88002449182,466.97498802382273,199.9389495490052,9.614615899184324,57.09663803892796,1.3607461913598893,7.672136938414397,29.8517122696474,10.0,E,fora,3.76,Operário-PR,1.0,18.0,1
2022,Operário-PR,2022-07-14,9613.550440326379,489.01146394842635,181.129275876014,8.67179912933844,52.66921450151057,1.178814853581369,6.745822013940099,28.519440017127764,9.0,E,casa,0.41,Sport,1.0,18.0,1
2022,Ponte Preta,2022-07-15,9438.554902560907,443.17617827494206,156.4979258135724,8.044405817906041,51.92102571741986,1.0965209030213565,7.432542896222965,29.496110561882958,8.0,E,fora,1.56,Criciúma,1.0,18.0,1
2022,Criciúma,2022-07-15,9936.627826414062,586.2527385267765,144.53276246494767,8.00158470692839,58.47660556733465,0.4930948635524245,6.526368237466658,28.150420627864026,8.0,E,casa,2.55,Ponte Preta,1.0,18.0,1
2022,Tombense,2022-07-16,9347.24560369428,439.5891440106183,131.69795642074993,7.464710319654905,48.5777854219666,0.7973477491427939,5.573839066474948,28.474582457692737,10.0,D,fora,0.5,Grêmio,0.0,17.0,1
2022,Ituano,2022-07-16,10141.780788423988,523.417941143654,98.03240599721059,7.656709065550906,52.97014086471409,1.003828730822873,7.405993026499302,28.731909344490937,8.0,E,casa,0.81,Londrina,1.0,12.0,1
2022,CSA,2022-07-16,10402.430797534895,529.7107931633774,154.020169955965,8.829472752668226,57.386008380513715,0.6719319962895437,7.197835140581519,27.76803249848064,10.0,V,fora,2.53,Vila Nova,3.0,17.0,1
2022,Bahia,2022-07-16,9717.332021421082,462.03395741993904,205.65567265535648,10.29315359321388,57.04170451296226,1.7159634721692723,4.609739563476935,30.412041317194053,9.0,V,fora,1.52,Guarani,3.0,17.0,1
2022,Vasco,2022-07-16,9553.219860546924,490.4771895808032,143.47290966958417,6.407895640520961,42.96828133506428,2.1345793374931947,7.0346153524016914,29.623970853050796,8.0,D,fora,0.34,Sampaio Corrêa,0.0,18.0,1
2022,Sampaio Corrêa,2022-07-16,9177.138432536884,417.489389580642,132.82956256717003,5.959114332859298,42.89242767350219,1.464386866702129,6.594800145467178,28.573180846097905,20.0,V,casa,0.93,Vasco,3.0,18.0,1
2022,Londrina,2022-07-16,9682.975665216192,447.6625830900578,151.10474370696775,6.642982649407876,47.49340424125585,1.1900908840539797,5.850567446984302,27.92522721013495,10.0,E,fora,0.56,Ituano,1.0,17.0,1
2022,Grêmio,2022-07-16,9534.16242550574,448.39467001549116,193.4437163978494,10.661208538363404,59.252257836704935,1.333678125569528,5.842430061964643,29.257256925460172,10.0,V,casa,2.4,Tombense,3.0,18.0,1
2022,Brusque,2022-07-16,9385.34650816764,401.0538520477913,120.69276841295378,6.237097293138421,47.2695414804123,0.8591113202388296,5.207503163409997,28.552190224268283,17.0,E,fora,1.07,CRB,1.0,17.0,1
2022,Guarani,2022-07-16,9512.540930103036,421.51952380952383,196.06141034404192,10.253120680489102,54.34177843598896,1.7088291435659857,4.329501784764942,30.217032480190372,9.0,D,casa,1.21,Bahia,0.0,18.0,1
2022,Náutico,2022-07-17,9453.771075268816,408.67320841239723,141.66061146791222,7.662275458570525,48.389013161095704,0.7660031382279958,5.58398287354644,28.41822726609254,9.0,D,casa,1.89,Chapecoense,0.0,17.0,1
2022,Chapecoense,2022-07-17,9412.648656027299,394.6586854695707,116.63003022293594,5.4201979546544425,41.75479563272998,0.6030206207411867,5.923378723499169,27.181904156490123,10.0,V,fora,1.89,Náutico,3.0,17.0,1
2022,Cruzeiro,2022-07-17,9369.523647195021,509.8929697072017,180.8184380878877,9.442677150161593,59.14952800154357,0.4342084318170855,5.210145675558342,29.753760069461194,9.0,V,casa,1.33,Novorizontino,3.0,18.0,1
2022,Novorizontino,2022-07-17,9506.378185449958,555.2493505417306,170.86969425617175,9.685178968980358,59.99930292386088,1.447293326077277,7.013419952505813,28.949774897343293,9.0,D,fora,0.86,Cruzeiro,0.0,17.0,1
2022,Sport,2022-07-18,9274.156331663966,319.6917031291185,111.49876379109085,6.891358336157446,47.44515319250417,1.0177381983406761,5.311563304088062,29.366778376071597,9.0,E,casa,1.34,Vila Nova,1.0,19.0,1
2022,Criciúma,2022-07-19,9877.305935978466,455.6518548035943,123.50186984575193,4.98749007085648,44.53121907451146,0.5945740034570574,4.513853959122278,29.12395793473815,8.0,D,fora,1.13,Tombense,0.0,19.0,1
2022,Brusque,2022-07-19,9522.45056027948,458.87574978577555,149.20022674840158,10.186513084173754,61.20485070199724,1.8794832245731987,8.107417441170654,28.52850174675368,10.0,E,casa,0.41,Grêmio,1.0,18.0,1
2022,Bahia,2022-07-19,9526.330503839099,479.2498532309574,199.56921122964374,10.192209123236168,59.11570156961338,1.8345219813820752,6.522842630970987,30.206714457203685,10.0,E,casa,3.82,CRB,1.0,18.0,1
2022,Ituano,2022-07-19,9433.766049680986,497.6750958740961,174.57165070182901,8.42071901318588,52.98396835389197,2.6017680986814127,7.1958545299872405,29.112949383241176,6.0,E,fora,1.4,Vasco,1.0,13.0,1
2022,Sampaio Corrêa,2022-07-19,9594.806774411618,435.00446331998,126.63821945418127,7.775628067100652,48.78612769153731,0.7870701051577366,5.858436780170257,28.521330746119176,9.0,D,fora,0.35,Londrina,0.0,19.0,1
2022,Tombense,2022-07-19,9219.722912799516,374.691606330282,131.1664559754765,7.064113728693105,47.732018413823084,2.098890609586643,5.154720875717301,28.800074249286677,10.0,V,casa,1.76,Criciúma,3.0,18.0,1
2022,Grêmio,2022-07-19,9640.053796302445,433.80909631351716,114.97976940108488,7.671736078822097,53.10568515443375,1.4944075058120225,7.970425661463523,27.874499059005863,10.0,E,fora,0.37,Brusque,1.0,19.0,1
2022,Londrina,2022-07-19,9596.966100434773,452.5281893956936,131.6255417920815,8.334069228988193,56.031782948727844,1.389768722183633,7.175939903784313,28.903852486429475,9.0,V,casa,2.07,Sampaio Corrêa,3.0,18.0,1
2022,Chapecoense,2022-07-20,9627.843359499762,518.6261052880182,163.4586187273668,7.792635012033559,52.83599327470254,1.6203481859690954,5.668342967678085,27.995124721653657,10.0,E,casa,0.52,Guarani,1.0,18.0,1
2022,CSA,2022-07-20,10387.426620086459,617.3921535387553,223.81739519453103,11.083304011259676,66.04834472705338,1.2449570222177542,6.332379611943301,28.777376344626518,9.0,E,casa,1.89,Cruzeiro,1.0,18.0,1
2022,Náutico,2022-07-20,9400.405508545848,462.63766564452897,154.05771571633738,8.383665075237097,53.21536402334097,1.628856499631254,6.870339763743871,28.254281980618202,9.0,D,fora,0.27,Ponte Preta,0.0,18.0,1
2022,Guarani,2022-07-20,9587.363176601519,521.4509917460759,156.91265493496556,7.928448215900397,56.13071398761911,0.7307575757575758,5.530403422132573,28.6467587118314,10.0,E,fora,0.61,Chapecoense,1.0,19.0,1
2022,Ponte Preta,2022-07-20,9440.82458286648,421.4327731092437,154.94006314192345,8.087573295985061,51.57699031279178,1.9949964985994397,6.722349673202614,28.50419117647059,10.0,V,casa,1.23,Náutico,3.0,19.0,1
2022,Vasco,2022-07-20,9697.774902142874,482.2515069765282,146.57619309079936,7.313257725257122,50.148819910384695,1.0448547814175932,7.1037803264225845,28.091945069997443,10.0,E,casa,1.59,Ituano,1.0,19.0,1
2022,Cruzeiro,2022-07-20,10154.24586640719,582.393976074638,248.0826108408219,10.818031709690345,64.28761582050254,1.132750844256196,7.313733501230611,29.396795833094846,10.0,E,fora,0.85,CSA,1.0,19.0,1
2022,Operário-PR,2022-07-21,9844.640623863015,559.4295393540016,171.39970015393033,9.6181748444795,59.652939051229545,1.8319128067474908,6.526933351991554,28.413807930591425,9.0,D,fora,1.63,Novorizontino,0.0,19.0,1
2022,Novorizontino,2022-07-21,10006.13033009055,555.3113240899963,165.3716320542575,9.09064298512488,58.76840690724996,1.1902087567190562,6.277397034596375,28.395242848038095,10.0,V,casa,2.18,Operário-PR,3.0,18.0,1
2022,Náutico,2022-07-23,9191.684784332732,389.8856300392123,134.52372306912807,6.442443715028418,44.51030763977617,0.990246508349121,6.344080825659779,28.703453099528573,10.0,D,casa,0.64,Londrina,0.0,19.0,1
2022,Vasco,2022-07-23,9532.207278794815,458.97052304674736,112.1675957556936,6.376712841887327,41.190372670807456,0.36861842105263154,5.517475345973629,29.721221532091096,8.0,D,fora,0.87,Vila Nova,0.0,20.0,2
2022,Bahia,2022-07-23,9861.791291422405,507.6270291152592,200.8854343986853,10.817770364737914,60.927401211704975,2.3189132674335893,6.182291446932719,29.35254482572543,9.0,D,fora,1.69,Cruzeiro,0.0,19.0,1
2022,Brusque,2022-07-23,9556.218923752458,432.5447353977039,139.96298060650412,6.587475872478616,47.54646606138225,0.6172192745734804,6.381566001921054,28.042990440470206,10.0,E,fora,0.76,Guarani,1.0,19.0,1
2022,Grêmio,2022-07-23,9420.876662963872,455.46808302871386,197.97457316679368,9.9966255053669,57.54223833942573,2.0919446130794763,7.2072265206215524,28.670162363244167,9.0,V,casa,1.58,Ponte Preta,3.0,20.0,2
2022,Ituano,2022-07-23,9689.789259629086,500.52654059754747,184.17571024671554,9.187108189070022,56.2429648494912,0.6057887828028408,6.4620561869607664,29.29920902940616,10.0,V,casa,1.36,Chapecoense,3.0,14.0,1
2022,Novorizontino,2022-07-23,9584.525441505337,533.9204041275318,166.32952223500098,8.193847517730498,55.77957702383235,0.28752507826975915,8.337378282537859,29.64373841927034,7.0,D,fora,1.26,CRB,0.0,19.0,1
2022,Sport,2022-07-23,9732.698931305356,420.4535939847472,147.44757071928342,7.3408829715692026,48.67747671307359,1.2873313396958033,5.795443918213167,28.26412310950221,8.0,D,fora,0.78,Sampaio Corrêa,0.0,20.0,2
2022,Sampaio Corrêa,2022-07-23,9182.21570484468,389.20532851935985,155.66993196733978,8.23930765753652,50.25974720917326,1.0298762366323548,6.538600667166374,29.203615057590312,19.0,V,casa,1.74,Sport,3.0,20.0,2
2022,Ponte Preta,2022-07-23,9545.448649908889,446.32284114052965,181.2546912852396,9.647094811876944,55.473475720870404,1.9274812412905995,8.32026436381177,30.351451120162935,9.0,D,fora,1.02,Grêmio,0.0,20.0,2
2022,Cruzeiro,2022-07-23,9465.840997750729,463.93218549880925,199.45661524212758,10.242265943371264,58.82483037840698,2.023307091823234,7.025733924318604,30.74668960042339,9.0,V,casa,1.23,Bahia,3.0,20.0,2
2022,Chapecoense,2022-07-23,9195.525009389241,486.9095557285822,163.64302539675268,9.170891405409119,54.513494057297265,0.41233631804337373,6.387176013923557,28.83772299448096,9.0,D,fora,1.19,Ituano,0.0,19.0,1
2022,Londrina,2022-07-23,9057.759389680888,338.6753627416163,94.62697859063468,5.250776469991376,39.494046852011564,0.5704168991933438,5.136684085028664,27.399696869768146,8.0,V,fora,0.47,Náutico,3.0,19.0,1
2022,Guarani,2022-07-24,9481.32708675157,480.971428497018,137.9419584863401,7.499904680053129,53.79317056020002,0.7035549652316588,6.797054457379483,28.083933640649008,9.0,E,casa,1.41,Brusque,1.0,20.0,2
2022,Operário-PR,2022-07-25,9656.309686803283,477.71328008633367,150.48626761064466,7.896646387742516,54.9649608652341,0.8541204164887813,5.656642474265928,29.32622503676296,10.0,E,casa,0.26,Tombense,1.0,20.0,2
2022,Tombense,2022-07-25,9565.456689474033,457.26815900412737,168.04936676451757,8.639695411305095,54.426821241750716,0.695287924603262,4.866295495177345,29.378513254022554,10.0,E,fora,0.29,Operário-PR,1.0,19.0,1
2022,Criciúma,2022-07-25,9773.98514244123,461.57641587064796,153.64336685835278,7.0378766150958825,46.88187772190273,0.6488727412718654,5.090387863622146,29.90787276533288,9.0,V,casa,2.69,CSA,3.0,20.0,2
2022,CSA,2022-07-25,9843.583043845174,413.3086798584258,156.32173365410046,7.256582822163163,46.36466829569357,0.7950957893013237,5.44154207549784,28.515298577960273,9.0,D,fora,0.93,Criciúma,0.0,19.0,1
2022,Chapecoense,2022-07-26,9685.416743691603,467.40582498741117,207.06290516421421,9.669344933698875,55.49223767694287,1.5104620377105131,5.540805125048957,29.136676551222518,10.0,E,casa,0.39,Grêmio,1.0,20.0,2
2022,Grêmio,2022-07-26,9571.047586875333,432.67944624649465,211.33602719013712,10.235138470684019,56.411355242242934,2.3258140887297922,5.584042982127396,28.968068388880994,9.0,E,fora,0.37,Chapecoense,1.0,21.0,2
2022,Vasco,2022-07-28,9552.91393875487,503.8506749661065,155.23088575179156,9.005894790075104,55.19813370203792,1.259641158621877,6.874034517635413,29.212809615012162,10.0,V,casa,1.76,CRB,3.0,21.0,2
2022,Bahia,2022-07-29,9476.430461361488,462.6737684017364,163.54923435082097,8.628231789983978,53.365170973528876,1.9724185530586251,6.777502841570463,29.8370773591882,8.0,V,casa,1.95,Náutico,3.0,20.0,2
2022,Sport,2022-07-29,9175.095858947147,364.9623827002686,119.05184138003824,7.176741641551252,47.06948928734769,1.055150633846587,5.3833936885063265,28.22608563085619,9.0,V,casa,1.66,Guarani,3.0,21.0,2
2022,Guarani,2022-07-29,9294.597299762774,387.5926125671849,115.41080117810195,6.394628748896962,44.866907596924094,1.1350912799825805,5.158656184462346,28.440814128055553,10.0,D,fora,0.39,Sport,0.0,21.0,2
2022,Náutico,2022-07-29,9285.501564603333,450.0492320423702,154.31948968332782,7.845459009158116,50.44703078450844,0.3976332340284674,6.356554121151936,29.508639523336644,10.0,D,fora,0.41,Bahia,0.0,20.0,2
2022,Tombense,2022-07-30,9807.959934543895,475.75639878567637,169.01473292780642,9.141771716191357,55.35625568508841,0.914565224751436,3.861476148021081,29.33322687311672,10.0,V,casa,1.08,Sampaio Corrêa,3.0,20.0,2
2022,Sampaio Corrêa,2022-07-30,9720.650177601516,449.82260763858955,146.9063461217921,8.120704600971345,53.38374538034888,1.1386161450699774,6.207282294450671,29.012339569503123,20.0,D,fora,0.24,Tombense,0.0,21.0,2
2022,Operário-PR,2022-07-30,9451.36140985772,523.8520751575528,160.50034730440046,8.790542559925145,55.604017117538596,1.980180119437488,6.6844011613506895,28.984504774747503,8.0,D,fora,0.44,Ponte Preta,0.0,21.0,2
2022,Ponte Preta,2022-07-30,9312.531858382134,540.0699871862226,216.46658820363652,11.76241360310606,67.8103849258723,0.691452185389731,8.9951253828116,29.783411283812356,9.0,V,casa,1.64,Operário-PR,3.0,21.0,2
2022,Brusque,2022-07-30,9743.985056721978,487.8004767468111,165.0884028671407,8.331463031944915,56.486507675809904,1.066108025736539,6.045417259284343,28.42393046619257,20.0,E,casa,1.01,Cruzeiro,1.0,20.0,2
2022,Novorizontino,2022-07-30,9694.358793284526,544.1241075206624,191.6510788596478,7.5338140610968205,49.177795552443726,0.5480046880470023,5.618388103319686,28.865379990563028,7.0,E,casa,0.83,Vila Nova,1.0,20.0,2
2022,CSA,2022-07-30,10154.885005612152,475.0422688717446,146.02759870991576,7.5433111688902175,52.172211045280825,0.6394214512027052,5.369885199551029,28.946666098347613,8.0,D,casa,1.04,Ituano,0.0,20.0,2
2022,Cruzeiro,2022-07-30,9812.652612590227,566.3583086307785,150.5049732268204,9.05828229243021,62.95371345864756,0.8948409138909941,6.931543402367966,27.905507448037667,9.0,E,fora,0.27,Brusque,1.0,21.0,2
2022,Criciúma,2022-07-30,9452.664362183354,461.48663417628825,103.42423789419267,5.718883443908323,45.556776236429435,0.29068639066000346,6.201830841805964,27.128134154747542,10.0,E,fora,0.2,Londrina,1.0,21.0,2
2022,Londrina,2022-07-30,9438.697217609737,468.16846026841523,120.46551902257237,7.320943109182254,51.68762247328821,1.2736398801802016,6.0488464985730115,27.544760242469987,9.0,E,casa,0.59,Criciúma,1.0,20.0,2
2022,Chapecoense,2022-07-31,9427.716544057379,408.0086534608379,124.286714367031,6.455812727686702,47.54342224499089,1.1287948542805102,6.247716188524591,28.04986224954463,10.0,E,fora,0.38,Vasco,1.0,21.0,2
2022,Vasco,2022-07-31,9759.031507028873,502.84618841468546,136.80539317195183,7.250783457796697,48.3785271233931,0.7591663960941353,5.844507858628857,27.635597724785647,10.0,E,casa,1.08,Chapecoense,1.0,22.0,2
2022,Sport,2022-08-03,9195.922979624987,437.28791270878213,106.14345845545394,7.466103322857446,49.25722130018715,1.1131900843956357,5.087172569652884,27.90485539743635,6.0,E,casa,1.26,Criciúma,1.0,22.0,2
2022,Criciúma,2022-08-03,9550.088608116399,408.622722631256,98.60585382154439,6.704401349811553,49.30315441756508,1.3813078490665267,7.002020334823385,26.890503111578578,10.0,E,fora,0.56,Sport,1.0,22.0,2
2022,Sampaio Corrêa,2022-08-04,9636.016493673364,518.392916003818,137.33740681367627,9.911556694975403,60.46402665263468,1.101709048190117,6.829600455224064,29.151937149709973,9.0,E,fora,0.33,Brusque,1.0,22.0,2
2022,Brusque,2022-08-04,9237.89046216769,479.9322803209061,168.04826584867072,9.341360390121126,57.05461286770489,1.5565735409784491,6.512037439043574,28.892188139059307,7.0,E,casa,2.43,Sampaio Corrêa,1.0,21.0,2
2022,Operário-PR,2022-08-05,9631.250612528569,457.7091785728606,136.28989788962994,7.458225230884378,53.891532056508204,2.1647804760695526,9.259876104302268,28.753742933133747,9.0,V,casa,0.75,Náutico,3.0,22.0,2
2022,Ituano,2022-08-05,9356.810298233713,475.5238146026482,177.38739064345114,9.043406698324164,53.47594922238135,1.4698272656465918,6.445201502474812,28.80696841787895,9.0,E,fora,0.6,Vila Nova,1.0,15.0,1
2022,Náutico,2022-08-05,9498.685433877836,430.8830086366589,128.942427406356,6.712549137536988,48.50253758991508,0.8679685808453821,7.037307238915486,28.466562417302185,9.0,D,fora,0.29,Operário-PR,0.0,21.0,2
2022,Ponte Preta,2022-08-05,9272.897849522456,490.1418578540948,176.48621875635035,9.257007722007723,55.66857219061166,1.828670493802073,6.973477443609022,29.496347287136768,9.0,E,fora,0.86,CRB,1.0,22.0,2
2022,Tombense,2022-08-06,9743.449353368374,435.3733070516238,135.4130419491633,7.200917320535285,51.422520377847185,0.45781480917193573,5.9423390721413885,29.375851298849696,9.0,D,fora,0.58,Cruzeiro,0.0,21.0,2
2022,Guarani,2022-08-06,9556.193059631432,437.71350947132873,136.91660601072513,7.17464783117501,49.65119828705905,1.1577245662993014,6.366709018659739,27.908567276655386,9.0,D,casa,0.73,Grêmio,0.0,22.0,2
2022,CSA,2022-08-06,10070.087015836567,411.58645182519564,110.39584930758782,6.803125866390356,48.013898651581556,0.5036951986221769,4.5342216839127945,28.15906296820085,8.0,D,fora,0.12,Bahia,0.0,21.0,2
2022,Cruzeiro,2022-08-06,9534.876319083425,498.10838662174524,207.33451527254064,10.442669515160981,64.45982462794797,2.210304446774805,7.029122358821035,29.78448091211316,10.0,V,casa,1.3,Tombense,3.0,22.0,2
2022,Londrina,2022-08-06,10040.649266556411,459.1678600704681,173.9816466527648,8.628927878047028,52.20447580355217,0.8627568850219315,6.5800992306032935,29.14010570216438,9.0,V,fora,1.48,Novorizontino,3.0,21.0,2
2022,Grêmio,2022-08-06,9568.908197051176,408.7789572032054,152.60234517491736,8.048862596048622,53.269264441123525,2.0113177929703587,7.1999504606803715,28.075479801842718,10.0,V,fora,0.38,Guarani,3.0,22.0,2
2022,Novorizontino,2022-08-06,10087.610742054208,537.9063418813607,167.3669310545216,9.657919864105736,56.86404285437558,1.0735146250242136,5.767694863733218,28.759304733948234,8.0,D,casa,1.02,Londrina,0.0,21.0,2
2022,Bahia,2022-08-06,9858.982217772273,495.1409662819904,166.3657217598648,9.374342944451518,61.775367911752106,1.562304816362437,5.937280219462225,29.54441910802959,10.0,V,casa,0.98,CSA,3.0,21.0,2
2022,Operário-PR,2022-08-09,9411.170586326652,435.9825341181458,127.96618121341572,7.045265037256852,50.040160277836655,1.7619719228448907,8.510233161044171,27.900492410037337,7.0,D,fora,0.47,Grêmio,0.0,23.0,2
2022,Grêmio,2022-08-09,9650.454279524052,476.6394023750409,170.22747236145594,9.487464280695177,58.28935588138848,1.792507378085913,6.221369161943129,27.799620555581573,10.0,V,casa,1.71,Operário-PR,3.0,23.0,2
2022,CSA,2022-08-09,9713.79109533871,495.1515108039643,160.84893267805236,8.719670336084425,59.35894785379918,0.8411895450778047,6.408778585853868,28.578657063142778,10.0,V,casa,1.61,Brusque,3.0,22.0,2
2022,Brusque,2022-08-09,9351.726150425498,454.3508459176993,164.2495351120742,8.025526624681158,52.82049807002099,1.5247304801246022,7.821365770524367,29.645390623236494,10.0,D,fora,1.4,CSA,0.0,22.0,2
2022,Ponte Preta,2022-08-09,8268.752122413915,456.72683495999115,163.44998441605145,9.708179175449288,55.56136489415902,0.899526487717651,7.461589063264837,28.82993716472034,10.0,V,casa,1.36,Vasco,3.0,23.0,2
2022,Sport,2022-08-09,9312.351443404354,420.52022132889226,164.05182047895252,9.201002584276116,54.166374777465116,1.5501637856773678,5.788989490610463,29.306261988169762,10.0,D,fora,1.72,Ituano,0.0,23.0,2
2022,Vasco,2022-08-09,9073.918758399785,539.9802306020966,193.1314568587044,9.37489001881552,53.322542782904755,1.4111401308126512,6.048607091658455,28.675203834781833,9.0,D,fora,1.15,Ponte Preta,0.0,23.0,2
2022,Sampaio Corrêa,2022-08-09,9637.59218819593,448.6864456653214,158.3113178688914,8.03646770893388,52.49886254959813,1.0179253004148723,7.529965973705926,28.15608121092911,10.0,V,casa,2.84,Bahia,3.0,23.0,2
2022,Bahia,2022-08-10,10345.847441024329,585.1208162801273,48.85622427808094,10.103228029786266,56.785826512050924,0.7686402910413824,7.5463631195998175,29.192615961800815,8.0,D,fora,1.57,Sampaio Corrêa,0.0,22.0,2
2022,Náutico,2022-08-10,9118.923342068332,458.26667076005435,184.43067584755053,7.7950734616902775,49.34085390991624,1.478952677514144,6.119035678259727,28.374418885136613,10.0,V,casa,1.02,CRB,3.0,22.0,2
2022,Cruzeiro,2022-08-10,9677.08671547683,474.618250592825,133.94774693752663,8.161554020828097,53.89533039743855,1.0812443312825781,6.488934882145316,27.91753559681349,10.0,V,fora,0.71,Londrina,3.0,23.0,2
2022,Novorizontino,2022-08-10,9758.093328084047,456.12806059070994,117.15420820210119,6.4438596568508695,50.74665837059226,0.7923851948109157,5.45112591678964,27.286270731008965,10.0,E,fora,0.95,Chapecoense,1.0,22.0,2
2022,Ituano,2022-08-10,9465.046469751858,554.5853581187176,187.49764592425913,8.680159122661689,52.9641235889764,0.7791053523077114,6.455061510119806,28.94192826498189,9.0,V,casa,0.39,Sport,3.0,16.0,1
2022,Londrina,2022-08-10,9940.342980207792,444.20254927492533,115.09177965404753,6.539478055867759,50.08262808739274,1.1099000794977931,5.920006442062556,28.186788289152663,8.0,D,casa,0.46,Cruzeiro,0.0,22.0,2
2022,Chapecoense,2022-08-10,9904.306598286586,447.20951578453236,135.19719387395847,7.394128740758127,51.755624574580445,0.8456228142236827,5.491201150099754,28.200592653444435,10.0,E,casa,2.19,Novorizontino,1.0,22.0,2
2022,Tombense,2022-08-10,9256.582085804093,328.4455223148602,99.9185721610415,5.617783115609256,41.03013007713228,1.5033466717196486,5.317518168442642,28.58657653038477,10.0,E,casa,0.15,Vila Nova,1.0,22.0,2
2022,Criciúma,2022-08-11,10446.71954884106,618.17899236571,127.07130886681384,9.313518096946284,62.60408089587932,1.1373334023178807,5.38113422093451,27.994255886681383,10.0,E,casa,1.31,Guarani,1.0,23.0,2
2022,Guarani,2022-08-11,9855.259163965118,515.721623327702,218.5136391032373,9.862091228711018,59.48311595360942,0.5131500844710287,5.958937491438747,28.53644011688964,10.0,E,fora,1.2,Criciúma,1.0,23.0,2
2022,Brusque,2022-08-12,9932.53291484394,461.38359449496187,155.490814082084,8.847280904399113,55.074967068075686,1.5488139592037355,6.302429466699434,28.36524084541655,10.0,V,casa,0.49,Ponte Preta,3.0,23.0,2
2022,Londrina,2022-08-12,9717.334460411677,465.57781306767555,169.94481747602023,8.642797042590857,55.50193539056082,1.2505049348004673,6.8720232103393615,28.57837712751802,10.0,E,fora,0.06,Vila Nova,1.0,23.0,2
2022,Bahia,2022-08-13,10205.6052601264,482.18752212008053,159.78206808388396,8.790366274059178,57.395974001723644,0.7756219477161735,5.944903906923298,28.86783970123528,8.0,V,casa,1.55,Ituano,3.0,23.0,2
2022,Sampaio Corrêa,2022-08-13,9608.620054561607,454.91217205938335,146.40181874127651,7.879559446770715,53.50191707905089,1.3703209618068775,7.593022395635073,28.719468976018277,18.0,E,fora,2.21,Operário-PR,1.0,24.0,2
2022,CSA,2022-08-13,9717.10996604988,312.2126519710378,64.87556588897827,4.926218503620274,36.056982944489135,0.2890725663716814,4.200018181818182,26.10570555108608,7.0,D,fora,0.66,Sport,0.0,23.0,2
2022,Vasco,2022-08-13,10095.629032240644,578.7352516606361,183.71921153534586,7.65433979586326,54.07080466598261,0.8518985256791057,5.1017837662688335,29.3430253280769,8.0,V,casa,1.49,Tombense,3.0,24.0,2
2022,Ituano,2022-08-13,10078.554453306662,454.89612064007997,163.82345030628827,7.987477059632454,51.86880372546568,1.4620732591573946,5.962811726465808,28.425525690711336,9.0,D,fora,0.59,Bahia,0.0,17.0,1
2022,Cruzeiro,2022-08-13,9551.515548676161,400.3647450179097,117.09701259216406,6.978296303590551,46.97155586464962,1.2189073251190903,5.76231299467018,27.68559963565195,9.0,E,casa,0.9,Chapecoense,1.0,24.0,2
2022,Ponte Preta,2022-08-13,9178.81146088618,538.9816344895095,156.02833508273284,10.188978311377385,63.79059133634466,1.4859541696642333,6.36762168154639,28.618008986802845,9.0,D,fora,0.36,Brusque,0.0,24.0,2
2022,Operário-PR,2022-08-13,9630.08417717649,475.6928523019695,177.71316288313076,8.369180616066652,52.97048523529262,1.3762280567657774,7.566815205482942,29.1221801829346,9.0,E,casa,1.13,Sampaio Corrêa,1.0,24.0,2
2022,Náutico,2022-08-13,9789.439999999999,542.586,164.73399999999998,8.681999999999999,52.63399999999999,0.9219999999999998,4.984,28.94,5.0,D,fora,1.65,Guarani,0.0,23.0,2
2022,Guarani,2022-08-13,9998.111164105498,524.4149532723012,202.18871873467387,10.176835049861044,62.28958789711733,1.471897308048608,6.0086376764209035,28.811641054983376,8.0,V,casa,1.24,Náutico,3.0,24.0,2
2022,Chapecoense,2022-08-13,9815.279241343855,393.79062643896555,74.73350157587679,5.029232179180544,43.854757583208524,0.8039316449471354,5.029823971209513,27.33197576949728,10.0,E,fora,0.23,Cruzeiro,1.0,23.0,2
2022,Grêmio,2022-08-13,9595.459922431332,479.29875127161745,166.40415501017293,9.15449453204476,55.850961978636825,1.6010071210579857,7.554063453713122,29.438924211597154,9.0,D,fora,0.88,CRB,0.0,24.0,2
2022,Tombense,2022-08-13,9246.387134410563,432.0190263097505,175.18958179781046,8.261974108721772,50.90590396738617,1.5791656204862379,4.8583248963943895,29.629029819517008,8.0,D,fora,1.06,Vasco,0.0,23.0,2
2022,Sport,2022-08-13,9346.349945257132,340.59133484008726,112.7481971197529,6.440206591858987,46.917925449754684,1.1251437852080686,5.827585180810467,28.760428402689445,10.0,V,casa,0.91,CSA,3.0,24.0,2
2022,Bahia,2022-08-16,10116.42866526199,535.6592083171612,157.29569082339899,9.580513446077074,62.876390795675086,1.7968087607429999,6.187586914333241,27.888571111727202,10.0,E,fora,0.85,Londrina,1.0,24.0,2
2022,Londrina,2022-08-16,9739.29032763382,443.2547687878254,162.77053469651568,7.720161466596158,48.544637522768674,1.903128855984488,6.238773253422647,29.23524413890358,9.0,E,casa,0.37,Bahia,1.0,24.0,2
2022,Operário-PR,2022-08-17,9273.394014087393,414.26789398965286,95.70266158865364,7.1272320733854775,47.913607709843426,1.3507925522475668,6.017412397450074,27.678726947595447,8.0,D,fora,0.62,Criciúma,0.0,25.0,2
2022,Criciúma,2022-08-17,9473.215030039271,436.7926609086739,122.53750948166879,7.550250383182484,49.74042882874819,1.1066710672051732,5.938109931418726,27.755217435082734,10.0,V,casa,3.13,Operário-PR,3.0,24.0,2
2022,Vasco,2022-08-18,10912.165633661869,686.5868013777534,87.55289910050385,10.052862911202391,60.532876060369794,0.5236083409939839,6.807749048721737,28.865742346137285,10.0,D,fora,0.14,CSA,0.0,25.0,2
2022,CSA,2022-08-18,9712.852664409811,425.38948262646903,260.7516234031681,8.047823454266734,51.621873530914655,1.1500246550843127,6.437489013796627,28.762537046499745,9.0,V,casa,1.41,Vasco,3.0,24.0,2
2022,Tombense,2022-08-19,9545.954261932875,429.2732659192668,144.66796366654586,8.733488151880383,54.708916542944316,0.8426229527361149,6.102502191931356,28.915191545574643,10.0,V,casa,0.49,Sport,3.0,24.0,2
2022,Novorizontino,2022-08-19,9656.874949180276,475.9126445136725,157.60073570596933,7.361831870102897,52.38983322319771,0.4241184429969476,5.095543912646716,28.202492211838003,7.0,D,fora,0.49,Ituano,0.0,23.0,2
2022,Sport,2022-08-19,9518.685494542402,398.99962672424135,101.58534976610292,6.476516612690418,48.366056495142146,1.6202889528607414,6.800120906801008,27.714863859901648,10.0,D,fora,0.92,Tombense,0.0,25.0,2
2022,Chapecoense,2022-08-20,10130.991793963361,529.3251114869885,146.26750614292735,7.816878250037145,56.881063212151005,0.7197298254837198,5.760553492039909,27.903225179716344,10.0,V,casa,1.91,Brusque,3.0,24.0,2
2022,Ituano,2022-08-20,10031.008963656655,521.6306791224215,90.39244095212895,7.661518045121432,48.66233177252908,2.5889612406668125,7.973021709368276,29.58500822586026,10.0,V,casa,1.46,Novorizontino,3.0,18.0,1
2022,Guarani,2022-08-20,8872.543796258271,476.18944615560116,169.30277983116588,8.112009924709103,51.745323066392885,1.3349735341090578,7.497411932466347,28.309276751083733,10.0,D,fora,1.29,Ponte Preta,0.0,25.0,2
2022,Ponte Preta,2022-08-20,8798.151993387952,453.0567985858903,169.40961341232398,9.014233762473005,53.97124241363917,1.956478239360996,8.68955368669989,28.883585709287033,9.0,V,casa,1.22,Guarani,3.0,25.0,2
2022,Náutico,2022-08-20,9430.654102634884,470.9419391036701,141.86538515686465,6.5831898800568664,48.07626492387959,0.9928989247905481,5.340518833418448,28.185731045810268,8.0,D,casa,0.53,Vila Nova,0.0,24.0,2
2022,Brusque,2022-08-20,9597.252240877928,460.30667127377257,154.09891220698808,7.5128033502874825,50.40453062804068,0.9456853162317557,5.871552410437859,28.60854820875718,20.0,D,fora,0.44,Chapecoense,0.0,24.0,2
2022,Sampaio Corrêa,2022-08-20,9035.263966091772,486.8294109965326,240.62737988021797,9.52326777592651,44.27553384068087,0.9122340928536048,6.6880622101139275,28.332925428918806,10.0,D,casa,0.77,CRB,0.0,25.0,2
2022,Cruzeiro,2022-08-21,9122.34157951075,495.01855009497416,138.65245652698633,8.21692692755722,54.026278479152886,1.0381824764663288,5.761671966333994,28.341792861715412,10.0,E,fora,0.83,Grêmio,1.0,25.0,2
2022,Grêmio,2022-08-21,9404.920805339314,452.64898682095105,169.8265069174141,8.851722372651887,53.02316053900829,1.1434419952614654,5.236793450668471,28.860721991876797,10.0,E,casa,1.37,Cruzeiro,1.0,25.0,2
2022,Sport,2022-08-24,9676.0156099714,417.5701320574838,126.69092381389547,8.367527629674095,51.692578416487166,1.164664383319798,6.249410096159504,27.89919729764721,10.0,V,casa,1.37,Chapecoense,3.0,26.0,2
2022,Chapecoense,2022-08-24,10065.807719213522,497.74901471771875,122.31617569276763,7.760201563757617,51.535433827756705,1.2410305852592847,5.89840232263999,27.756470047142695,10.0,D,fora,0.67,Sport,0.0,25.0,2
2022,Sampaio Corrêa,2022-08-25,9416.778656539345,395.1742667012123,129.10765508025037,6.7495647252942055,47.37107918672357,0.736998486356756,6.628120627821035,28.833777426261026,8.0,E,fora,0.12,Vila Nova,1.0,26.0,2
2022,Grêmio,2022-08-26,9865.789639558992,499.54264339112956,171.03661876492023,9.613365529589148,60.35676419776355,1.837027421786657,6.502948548812666,28.218438246010813,7.0,D,casa,0.91,Ituano,0.0,26.0,2
2022,Novorizontino,2022-08-26,9726.908330655508,531.8114991966524,157.19239305075536,9.05193924612486,57.217640123449655,1.0399328424629823,7.073480864147585,28.107746812617755,10.0,E,casa,2.19,Ponte Preta,1.0,24.0,2
2022,Ponte Preta,2022-08-26,9348.913477315898,439.1280942275768,170.81302996594388,10.167076823028083,57.45161518320126,1.5411401091848782,7.087265586226961,28.125882634812516,6.0,E,fora,2.31,Novorizontino,1.0,26.0,2
2022,Brusque,2022-08-26,9277.044355146652,461.95113862755943,168.96726563364692,9.589544964028777,57.15168857221915,2.3662645268400664,7.470808660763697,29.227912285556172,8.0,D,casa,1.44,Londrina,0.0,25.0,2
2022,Londrina,2022-08-26,9607.185820519919,440.41290422024815,188.55551601781713,10.647680121800839,60.35849648941792,1.472365553514357,7.929145255051965,29.46745602335355,8.0,V,fora,0.84,Brusque,3.0,25.0,2
2022,Operário-PR,2022-08-27,9869.24551148388,493.71336207008477,174.11524934758052,8.648540787577414,57.14227898884719,1.0517073265732721,7.714338297347475,28.54099011957777,9.0,E,casa,0.75,CSA,1.0,26.0,2
2022,CSA,2022-08-27,9836.094496364203,427.42992335348725,132.97402978000252,7.0775760973861574,49.320686581658016,1.0403335221558132,5.827889041745182,28.229507173327477,10.0,E,fora,0.8,Operário-PR,1.0,25.0,2
2022,Cruzeiro,2022-08-27,9249.200374029559,480.4372348973541,163.9813167424911,8.758668658473098,55.20372863900771,1.9342778569973516,6.110658654172608,28.526031552024623,10.0,V,casa,1.9,Náutico,3.0,26.0,2
2022,Ituano,2022-08-27,9261.857204018492,428.96331824208903,142.1261304695806,7.95534970673611,48.80841207458818,1.0759152103018648,6.235278750014932,28.24506826896659,10.0,V,fora,1.45,Grêmio,3.0,19.0,1
2022,Tombense,2022-08-27,9220.726394474557,377.79081357879744,104.53534084380385,6.180282267129616,44.06441560712412,0.8993542827167585,6.630802587865009,27.689106487148102,9.0,D,fora,1.35,Guarani,0.0,25.0,2
2022,Guarani,2022-08-27,9209.112221871788,362.9029038174003,124.68023934679002,6.8331488879543985,46.991393210914865,0.5254041678347818,6.517107396505001,28.00054317353519,10.0,V,casa,1.95,Tombense,3.0,26.0,2
2022,Criciúma,2022-08-27,9703.534507550645,516.9057475751995,170.60800638428483,9.280052056476366,57.569300429711475,1.3269343155310007,7.403624800491098,29.115707796193988,9.0,E,fora,0.99,CRB,1.0,25.0,2
2022,Náutico,2022-08-27,9761.117752632677,524.3078675872329,148.023485831183,7.846032731245785,59.52381523583699,1.1486540205035218,7.5327143919845625,28.87654531929237,10.0,D,fora,0.28,Cruzeiro,0.0,25.0,2
2022,Bahia,2022-08-28,9657.53435866668,530.841843753966,199.3756397180141,10.073516862618407,61.36991761950364,1.8695546376527323,6.854768723102305,29.631865329810424,10.0,V,casa,1.18,Vasco,3.0,25.0,2
2022,Vasco,2022-08-28,10034.367236771059,485.2312277267819,165.71242170626348,7.167088957883371,47.62494465442765,1.3360407667386611,6.196426835853132,29.226127159827215,8.0,D,fora,0.44,Bahia,0.0,26.0,2
2022,Chapecoense,2022-08-29,9777.494201096384,409.6964926792034,132.15179640552358,6.994563042120602,47.84049087502603,1.6239454583304422,5.373289986815627,28.411258066754563,8.0,D,casa,1.33,Vila Nova,0.0,26.0,2
2022,Operário-PR,2022-08-30,10279.587549414246,455.57865554383426,184.50345469435345,8.868650269279884,55.83941646771417,0.49949530842263057,5.621969907278885,28.18664566098495,8.0,E,fora,0.4,Ituano,1.0,27.0,2
2022,Novorizontino,2022-08-30,9550.203058914112,449.76251585038676,110.11486086548527,7.144778335198086,50.99603950866808,0.974681368125985,5.846542871235909,27.47218512770539,9.0,D,fora,0.59,Sport,0.0,25.0,2
2022,Londrina,2022-08-30,9522.654277661914,486.3897209852883,170.85477481539937,10.654015669917142,61.88813618172595,1.52141378727242,6.1889353475001405,29.37062510568739,10.0,V,casa,2.65,CRB,3.0,26.0,2
2022,Cruzeiro,2022-08-30,9320.893695161869,451.052755294417,150.52303935969653,7.702495055459814,47.78100232480135,1.144649602701859,6.662150961727525,28.287841635919918,10.0,E,fora,2.53,Sampaio Corrêa,1.0,27.0,2
2022,Sampaio Corrêa,2022-08-30,9470.04402009596,520.4534356615875,180.48120208072143,8.678432708072139,57.33938072620311,1.4102983653197032,6.400950730542966,28.647769794580004,19.0,E,casa,1.73,Cruzeiro,1.0,27.0,2
2022,Ituano,2022-08-30,9733.361848379018,477.4308741058495,201.32159605170068,8.793431067590483,53.66473133373011,0.9100121278817755,6.971932263534379,29.426397233046238,10.0,E,casa,1.57,Operário-PR,1.0,20.0,2
2022,Sport,2022-08-30,9058.792753240465,405.4207302876257,139.82810116414694,7.722796373319249,49.21860841530777,0.5947727822891221,5.051090865077794,28.317907836535287,10.0,V,casa,1.84,Novorizontino,3.0,27.0,2
2022,Criciúma,2022-08-31,9909.13780203625,481.46227980866286,162.23106859174092,7.90016873656032,57.169902137183485,1.2833196559441788,5.826578970465617,28.705051125641813,10.0,V,casa,1.61,Grêmio,3.0,26.0,2
2022,Tombense,2022-08-31,9676.072649393773,381.44387576143754,133.84552034982286,7.048586912041529,50.92926142010312,0.736501303651393,5.892263325889464,28.51862526160717,10.0,V,casa,0.66,Brusque,3.0,26.0,2
2022,Brusque,2022-08-31,9775.972119106884,382.39263365159553,101.19868298844597,5.9067901326299355,44.35708845710889,1.0039874428799642,6.129887060222164,28.253338039157406,9.0,D,fora,0.99,Tombense,0.0,26.0,2
2022,Vasco,2022-08-31,9963.134631245946,497.4425280790195,154.34179853659091,7.373429680121079,52.64337733422852,1.1260860065773752,5.530216211295334,28.511737997428224,10.0,V,casa,2.15,Guarani,3.0,27.0,2
2022,Guarani,2022-08-31,9388.105497625018,429.38907368745527,151.83059325477447,6.682402023287422,49.18065476607491,1.0080717118076477,6.555274839215906,28.82465215990135,8.0,D,fora,0.99,Vasco,0.0,27.0,2
2022,Grêmio,2022-08-31,9649.022872144364,450.59665530820325,144.0328238819427,7.280899351639463,51.19333037217751,0.0,5.01362617838533,28.167259781758393,9.0,D,fora,0.01,Criciúma,0.0,27.0,2
2022,Náutico,2022-08-31,10137.12237146522,565.2381793897173,196.4615350035892,10.274064864610423,61.10956988361557,1.6952411829083165,6.037293385268956,29.102817232898314,10.0,D,fora,1.05,CSA,0.0,26.0,2
2022,CSA,2022-08-31,9876.238319097045,519.3567421091698,154.60017743322692,7.845377546331751,55.88111196201562,0.10636615337488366,6.36086914004972,28.143696172107873,10.0,V,casa,1.22,Náutico,3.0,26.0,2
2022,Ponte Preta,2022-09-01,9468.11326546953,531.8147464448905,204.75154716658838,11.145782657898108,62.83905709527267,1.5365814365631807,5.477401140197292,29.65110283127643,10.0,V,casa,1.34,Bahia,3.0,27.0,2
2022,Bahia,2022-09-01,9466.115797438883,490.59793022726126,175.60389343017664,10.248391835805032,58.6490100976869,1.1401894265323682,6.148627195424407,29.155231057346768,9.0,D,fora,1.09,Ponte Preta,0.0,26.0,2
2022,Náutico,2022-09-02,10375.494218157852,583.6736583456913,145.0837625638491,7.042633053221289,54.87151384083046,0.37072733014774534,5.808880101060033,28.249204976108093,8.0,V,casa,1.68,Ituano,3.0,27.0,2
2022,Sampaio Corrêa,2022-09-02,9737.261054905239,515.6733497073578,193.66408003530287,8.780122630992198,58.84221037718319,1.1506143162393163,5.851010544407283,28.42612992382014,10.0,D,fora,0.87,Guarani,0.0,28.0,2
2022,Grêmio,2022-09-03,9741.519634641734,488.56813138475593,194.14982369059922,9.193859337067039,60.46239766363003,2.0564924404490066,5.7326209648342665,28.586722111386198,9.0,V,casa,0.61,Vila Nova,3.0,28.0,2
2022,Ituano,2022-09-03,9970.064565737863,525.0567485100097,193.92981050379504,9.054153634557588,57.88005476032805,2.2919622026386834,8.710208598645,28.862796087820286,9.0,D,fora,2.85,Náutico,0.0,21.0,2
2022,Londrina,2022-09-03,9413.778817810744,442.61687664589186,130.06128335674157,7.407646484375,48.8827389834972,2.0733809910463488,5.627980490695225,28.535336200842696,10.0,D,fora,0.14,Operário-PR,0.0,27.0,2
2022,Sport,2022-09-03,9477.683024965956,473.6381216522924,174.17530367680436,8.170801634135271,51.47680798910577,1.908511121198366,5.719003177485248,28.840689968225153,7.0,D,fora,1.38,CRB,0.0,28.0,2
2022,Ponte Preta,2022-09-03,9978.620539704143,632.5709517328538,215.0833970090248,12.104384063254429,70.57925436251399,0.5834193684278748,6.4173750384808566,28.865479025907746,7.0,D,fora,0.31,Chapecoense,0.0,28.0,2
2022,Chapecoense,2022-09-03,10318.160474731238,578.6991601778358,193.04749284135437,11.415681201647743,64.76473148799356,1.3564967848889784,7.347759343916408,28.08898824475033,9.0,V,casa,1.32,Ponte Preta,3.0,27.0,2
2022,Vasco,2022-09-03,10158.007388952057,608.4853266777453,190.38474479277295,9.782626041757773,60.837512151237604,0.787136306273662,5.3992230704834245,28.616415728511985,9.0,D,fora,0.63,Brusque,0.0,28.0,2
2022,Tombense,2022-09-03,9170.479244409564,337.20436315657776,88.65200072795103,5.22170977501763,40.23069667189882,0.7167410541641075,4.60813894765577,27.89568234036262,10.0,D,fora,1.26,Bahia,0.0,27.0,2
2022,Bahia,2022-09-03,9591.759525052415,429.37753711865133,115.14156272731164,6.931613966026272,51.988235633905276,0.8678387745496557,5.295169975610799,27.416335415686103,10.0,V,casa,4.49,Tombense,3.0,27.0,2
2022,Operário-PR,2022-09-03,9174.133839774882,425.2639265386172,147.25328710908354,8.34536378946471,52.66656888869938,1.4392770044127994,5.947978532904133,28.427285808693426,10.0,V,casa,0.56,Londrina,3.0,28.0,2
2022,Guarani,2022-09-03,9120.163828322084,466.8752546533034,145.12405763505376,7.4673534692393355,48.272687211654286,1.2283566282584486,6.240332492443354,27.933990136587802,10.0,V,casa,1.33,Sampaio Corrêa,3.0,28.0,2
2022,Brusque,2022-09-03,9298.197554588152,437.9277350708488,152.34314102820795,7.826008443501194,49.68325017590628,0.9279769920313029,5.458738737708012,28.49058458088543,19.0,V,casa,2.5,Vasco,3.0,27.0,2
2022,Criciúma,2022-09-04,9553.438141415478,489.6192837784242,137.82326348492862,8.129664639520536,54.930952538339504,1.6856517715494448,6.446340119866032,29.16699277278336,10.0,E,fora,0.3,Cruzeiro,1.0,27.0,2
2022,Cruzeiro,2022-09-04,9348.229795429746,393.32426703236746,162.97552188144013,9.002423627106314,51.6880150624318,1.4996548066432294,4.5010025457631215,29.85885107285731,7.0,E,casa,1.47,Criciúma,1.0,28.0,2
2022,Sport,2022-09-07,8839.487011449006,394.64436713359356,132.0727333267723,6.790433574998086,47.73121696245994,1.18114304147667,5.807038786646109,29.002545681199354,10.0,D,fora,1.8,Ponte Preta,0.0,29.0,2
2022,Guarani,2022-09-07,9767.187729294523,481.39267383593267,154.85720286019932,7.298601430099656,51.07842520128371,0.810580485333033,7.396348741624909,28.435510387928613,10.0,D,fora,0.4,Vila Nova,0.0,29.0,2
2022,Ponte Preta,2022-09-07,9125.66214668801,512.1245653926597,129.4516104833904,8.308449107883574,56.15600271081873,1.0521742635803837,6.835483916198311,27.822170290828787,9.0,V,casa,2.27,Sport,3.0,29.0,2
2022,Sampaio Corrêa,2022-09-08,8529.020146976129,393.8435005237334,156.48728540713378,8.532908980649431,48.82078118970176,2.0841795027289267,6.845934174982083,30.242424609956448,10.0,V,casa,2.17,Novorizontino,3.0,29.0,2
2022,Bahia,2022-09-08,10037.57541342206,517.2448946387277,150.6819272971825,7.645469465288594,55.21725718533201,1.6982449620085893,5.840037283496154,28.653145500023598,10.0,E,fora,0.15,Criciúma,1.0,28.0,2
2022,Novorizontino,2022-09-08,8886.437552684529,372.54473425347413,132.16202619224117,7.094960758704273,44.16039382493793,1.2723335333639263,5.71851989127749,28.117566216009507,10.0,D,fora,0.56,Sampaio Corrêa,0.0,26.0,2
2022,Criciúma,2022-09-08,10023.801608868916,513.0619362952914,152.61967568255045,9.919918885308913,60.79112670284326,2.0336209089367476,8.013589395737945,27.911652817816968,8.0,E,casa,0.84,Bahia,1.0,28.0,2
2022,Cruzeiro,2022-09-09,9423.833964576788,521.0910160030562,210.11711753968925,10.696607521860937,60.55260463536801,1.4319200483912045,5.826260824348416,29.82052911961966,10.0,V,casa,1.81,Operário-PR,3.0,29.0,2
2022,Operário-PR,2022-09-09,9614.434466589026,450.79129622712,164.83178019732358,8.404001406315233,51.51580094047332,1.8786173064668525,6.327539607550154,28.972602122657058,10.0,D,fora,0.68,Cruzeiro,0.0,29.0,2
2022,Náutico,2022-09-10,10253.73387150507,600.3445365594847,115.2730983638921,8.105758581546281,56.74639784813563,1.1088708881376008,6.439642425289341,28.370492066233986,9.0,V,casa,0.93,Brusque,3.0,28.0,2
2022,Londrina,2022-09-10,9271.28783677364,440.68595001992924,133.4861863925694,7.065875134371263,52.06950841254695,0.7608710881354703,4.891014336960854,29.032838524996077,9.0,V,casa,1.96,Chapecoense,3.0,28.0,2
2022,CSA,2022-09-10,9333.94089347748,426.9208400215621,142.44110700167704,7.27732301149976,48.513400964302825,0.26975473167225683,5.1231491075706765,27.905977479635844,8.0,E,casa,0.71,CRB,1.0,27.0,2
2022,Tombense,2022-09-10,9517.158094767674,465.3767969131356,184.62447514004793,9.834729202017623,56.9056159782432,1.882680318914019,4.394956649078358,28.698293856488696,10.0,D,fora,0.53,Ituano,0.0,28.0,2
2022,Ituano,2022-09-10,9723.502425400493,471.41271913257935,147.57234652387407,7.498911947030461,49.990642566711834,0.2997207101117604,6.099138356255693,28.681807274423978,10.0,V,casa,1.57,Tombense,3.0,22.0,2
2022,Brusque,2022-09-10,9466.065762930286,439.0722532071747,149.10852440935741,6.999897602600569,48.90244871422768,1.0452656875834447,6.791440877691996,28.578304986358624,10.0,D,fora,1.13,Náutico,0.0,28.0,2
2022,Chapecoense,2022-09-10,9008.061606241292,381.1915341648962,133.84741038996646,7.915398647568136,47.80275261005644,1.1305296644049987,6.167042354876294,29.099556804422825,9.0,D,fora,0.89,Londrina,0.0,28.0,2
2022,Grêmio,2022-09-11,9320.623453153074,461.64614038739654,192.269582694246,8.380466497217231,57.28782374337175,0.9864978745782024,6.2119896796529215,29.349527805775885,10.0,V,casa,1.23,Vasco,3.0,29.0,2
2022,Vasco,2022-09-11,9594.92832344846,506.82395471767643,184.07415970886643,8.189706217682216,52.65126714497944,1.1410423456519985,5.805638179033317,28.410740156392155,10.0,D,fora,0.25,Grêmio,0.0,29.0,2
2022,Bahia,2022-09-12,9734.081136208159,456.88729199594263,135.76941284706658,8.386270906560355,53.715146375409866,1.5917468330541864,6.370439598027884,28.37838928074355,10.0,D,fora,0.21,Sport,0.0,29.0,2
2022,Sport,2022-09-12,9352.511639781065,458.0030880596428,163.49638809770698,8.860127187052909,51.978795332537054,1.181727591321354,6.026177825613295,28.515871474136006,8.0,V,casa,0.93,Bahia,3.0,30.0,2
2022,Guarani,2022-09-13,9043.610699834686,404.3495353178665,159.8195346431102,7.387677489007096,45.446755996896115,2.0238064124335087,6.57835910527322,29.26367112380653,10.0,V,fora,1.03,Operário-PR,3.0,30.0,2
2022,Operário-PR,2022-09-13,9427.563105461853,477.8861132839024,149.72056193812978,7.944233276297563,48.03332341997338,0.9772040250957386,6.722717347021917,29.168119720796327,8.0,D,casa,1.54,Guarani,0.0,30.0,2
2022,Ponte Preta,2022-09-14,9512.014609620845,491.9204673862706,174.0920429149894,10.045450583639106,59.63283649792787,1.2817638606865924,7.693291297068149,28.285344305511032,10.0,E,casa,1.33,Ituano,1.0,30.0,2
2022,Náutico,2022-09-16,8774.855382176273,458.91085970122595,166.60179923185137,8.442979702119107,50.242186209052534,1.4075304244914366,6.834523703190943,29.755320099144768,10.0,D,fora,1.62,Vasco,0.0,29.0,2
2022,Vasco,2022-09-16,8814.69960732727,458.817729659509,178.51617829110398,9.726409724572338,57.573110924314705,1.4733063327620273,6.386272065325371,29.85990524327806,10.0,V,casa,1.79,Náutico,3.0,30.0,2
2022,Tombense,2022-09-17,9606.814512756233,457.6294145406282,164.17849535466746,9.821743843090989,58.26447854298777,1.194480312638254,6.7687867571154685,28.91355994691049,7.0,E,casa,1.54,Londrina,1.0,29.0,2
2022,Brusque,2022-09-17,9599.698351998866,427.8929336782912,106.58818713968435,6.750382584349305,48.48250017720442,0.4248432331537662,5.582257229940459,27.728505694168792,19.0,D,casa,1.15,Vila Nova,0.0,29.0,2
2022,Cruzeiro,2022-09-17,9929.332775745976,546.0314095771952,199.23805960966604,11.483692107871619,64.39511433161294,1.333357487097105,6.971365826981576,29.45917216392658,10.0,V,fora,1.72,CRB,3.0,30.0,2
2022,Novorizontino,2022-09-17,9697.801903953092,434.7223603387701,138.10197026454782,8.376023988459481,56.12052897926895,1.1514034761162426,7.748062193164103,28.235649968589314,10.0,V,casa,0.6,Grêmio,3.0,27.0,2
2022,CSA,2022-09-17,10015.862276479389,463.6281457978641,146.14721740700614,8.010831269669298,53.97862688954238,0.9277665995975855,5.804017308982098,28.342566940102156,8.0,D,fora,0.05,Chapecoense,0.0,28.0,2
2022,Londrina,2022-09-17,9767.412797818359,469.2272903218383,137.9413647922492,7.145173346220672,52.50579343436087,1.0363297547953558,5.488699529381982,28.639442162311436,9.0,E,fora,0.48,Tombense,1.0,29.0,2
2022,Chapecoense,2022-09-17,9911.070556175915,466.16378468046724,152.87671319360933,7.828069382408519,50.92757816526371,0.773214439099811,5.895143016663804,28.38469442535647,10.0,V,casa,3.55,CSA,3.0,29.0,2
2022,Sampaio Corrêa,2022-09-17,9355.125523686858,505.94580996395825,164.4296249715887,9.059034991828383,52.30932516532637,1.655832801186237,5.162518697303908,29.31402595434719,10.0,E,casa,0.75,Criciúma,1.0,30.0,2
2022,Criciúma,2022-09-17,9136.463227653736,457.06019961235427,133.88963614166687,7.703208900747603,51.314417524605425,1.6978257859893773,7.136098119666724,28.34346162559468,9.0,E,fora,0.45,Sampaio Corrêa,1.0,29.0,2
2022,Grêmio,2022-09-17,9400.926074078758,416.7509152392391,141.6460237658808,7.964382655963594,51.426135389671956,0.9098326275203844,6.483669679539854,28.352260919031675,9.0,D,fora,0.6,Novorizontino,0.0,30.0,2
2022,Grêmio,2022-09-20,9872.034926475595,525.7142985680895,190.55465756688682,10.314037147979215,60.1491511788867,0.9191646810538501,6.638363514648151,28.769021036149507,10.0,V,casa,2.87,Sport,3.0,31.0,2
2022,Sport,2022-09-20,9722.723011879722,483.50305191700926,187.59492876948082,9.142614733722153,55.71764879529592,1.5060940338464481,7.099150253370303,29.5929689740893,10.0,D,fora,0.21,Grêmio,0.0,31.0,2
2022,Novorizontino,2022-09-21,9455.244759342373,436.92922308598907,145.60737734973037,7.714970416314479,50.785376611626326,2.035741973118727,7.607483422421697,28.795429707496517,10.0,D,fora,1.87,Guarani,0.0,28.0,2
2022,Guarani,2022-09-21,9484.94822604686,445.4055450882669,153.74426510317204,8.488785458102383,53.65856467464716,0.8384601052680611,5.973700568261214,28.649040476966793,10.0,V,casa,1.33,Novorizontino,3.0,31.0,2
2022,Vasco,2022-09-22,10000.898209441759,595.429689155364,220.70029978462074,10.478577914896093,59.98909424297106,2.3576837999883575,7.072770824844286,30.038098841608942,8.0,D,fora,0.32,Cruzeiro,0.0,31.0,2
2022,Cruzeiro,2022-09-22,8988.337915538787,376.0384855327564,162.96080646292373,9.089680079664511,49.10469445574272,1.8930862985455617,6.943657134041151,29.326913420945598,8.0,V,casa,1.39,Vasco,3.0,31.0,2
2022,Sampaio Corrêa,2022-09-23,9277.6251379803,424.4433125297641,120.80238213399505,7.332343534601598,49.29112665112666,1.127071208361531,6.205779381908414,28.24477278993408,9.0,V,fora,2.51,Náutico,3.0,31.0,2
2022,Náutico,2022-09-23,10056.441998943314,490.5322111146642,105.86615950391392,6.757280285861269,47.55106600114011,0.25058326265589587,5.257269023817138,27.661215466540607,8.0,D,casa,0.8,Sampaio Corrêa,0.0,30.0,2
2022,Bahia,2022-09-24,9432.620423576129,477.4098985182188,152.44497076883476,9.04621208221495,57.691772621980355,1.7639037393830204,7.279158363054748,28.699235209765778,9.0,E,casa,1.46,Operário-PR,1.0,30.0,2
2022,Ponte Preta,2022-09-24,8917.726217525216,390.8222845790328,137.32589894905135,8.570402981214587,53.32464039686831,1.1629885030446947,6.454092116709378,27.981705969482523,9.0,V,fora,1.01,Londrina,3.0,31.0,2
2022,Londrina,2022-09-24,9147.563668100516,443.34748238067453,136.59125558957908,8.638721444541655,54.02410882667444,1.0937591134441529,7.11032067172159,28.233893506367256,9.0,D,casa,0.08,Ponte Preta,0.0,30.0,2
2022,Operário-PR,2022-09-24,9178.013201686026,369.96884878630584,86.8498641963596,5.609548676524403,40.01069270699213,0.6100078608893648,4.510674274561892,27.401989618204738,8.0,E,fora,1.4,Bahia,1.0,31.0,2
2022,Brusque,2022-09-24,9202.17185538948,439.87674387238377,143.90252081366407,7.50449047905146,47.45195826231961,1.1046985543852765,6.401267579729514,28.39214414458599,9.0,D,fora,1.68,Ituano,0.0,30.0,2
2022,Chapecoense,2022-09-25,9029.330722927729,419.8605855460632,129.97837462479796,9.144972292773032,51.53343685061187,2.0779787577926574,6.961813668898638,28.046140614176863,10.0,D,fora,1.48,Criciúma,0.0,30.0,2
2022,Criciúma,2022-09-25,9150.729647269827,491.03758812718655,161.32114609627564,9.1680857800806,56.89571885656081,2.3917646472698286,7.572623665913821,29.24821199238298,10.0,V,casa,2.23,Chapecoense,3.0,30.0,2
2022,Tombense,2022-09-26,9769.148763814663,438.60957479375304,178.73423234576873,9.923942821563847,58.371980750272414,1.1685571784361544,6.5378502308929605,29.618075805531056,9.0,D,fora,0.93,CSA,0.0,30.0,2
2022,CSA,2022-09-26,9825.971766497722,465.5866157272308,150.89489376951826,8.752607382378539,55.51967721292171,0.9224066963600062,6.910684482670352,27.992772487585114,9.0,V,casa,1.6,Tombense,3.0,29.0,2
2022,Ponte Preta,2022-09-28,9097.369968817788,593.1274647505422,231.95625677874185,12.68865780911063,67.5978430043384,1.4650149132321038,7.3217346800433845,29.33541892624729,8.0,D,casa,1.17,Cruzeiro,0.0,32.0,2
2022,Cruzeiro,2022-09-28,9398.354468272822,526.5898044338876,189.13565773102596,9.6699902725936,58.227703766542255,1.4256570523696415,7.126615767447123,28.98027146250425,10.0,V,fora,1.25,Ponte Preta,3.0,32.0,2
2022,Sport,2022-09-29,9057.907794122504,459.90210336816375,143.985561819403,9.512279538873168,54.503776989903216,1.4859202166899723,7.433239779346185,28.86656279935258,10.0,V,casa,0.62,Náutico,3.0,32.0,2
2022,Novorizontino,2022-09-29,8374.82055339028,336.1172029007157,85.80106943520242,5.622167524478185,39.110529081847446,1.4670073468500895,6.478694406344637,28.418948354767306,8.0,D,fora,1.44,Tombense,0.0,29.0,2
2022,Náutico,2022-09-29,9160.816386394124,397.60143834837766,115.71827584638824,6.344409745117211,43.893947159000476,1.124786043973534,6.141252245287739,28.358183079056865,10.0,D,fora,0.48,Sport,0.0,31.0,2
2022,Tombense,2022-09-29,8765.715101951779,360.11057083811716,122.23913593570609,5.88985625717566,43.70873501722158,1.2398642939150402,6.508957405281286,27.634122847301956,10.0,V,casa,1.84,Novorizontino,3.0,31.0,2
2022,Londrina,2022-09-30,9321.683483153138,472.2692127223068,124.94967011113768,8.495852915633536,52.562595687908264,0.9057386313576921,6.454825867515827,29.00171174686285,8.0,E,fora,0.9,Vasco,1.0,31.0,2
2022,Guarani,2022-09-30,9836.675598721476,527.1374926879836,181.7089984080167,9.218387530698129,58.42173661931854,0.9988587083955524,7.33158445533191,29.184070294084982,9.0,V,fora,0.44,CSA,3.0,32.0,2
2022,Sampaio Corrêa,2022-09-30,8963.797251017237,363.0417702008905,139.10013964338214,7.381691272022327,46.39901205768944,1.8227186255086174,6.13740440126968,29.228349417353698,10.0,V,casa,0.75,Grêmio,3.0,32.0,2
2022,Grêmio,2022-09-30,9577.650018338925,454.18301481137877,160.9737907636544,7.961917064909006,52.525529401611664,1.1657610114456465,6.117377965242343,29.749831174014815,10.0,D,fora,0.92,Sampaio Corrêa,0.0,32.0,2
2022,Brusque,2022-09-30,9562.478232335683,380.5282609338789,101.95585178245649,5.435777328534096,44.37742665549036,1.3331877126374436,6.3244154627483855,28.64655095902569,9.0,D,casa,1.11,Criciúma,0.0,31.0,2
2022,Vasco,2022-09-30,9959.979662317835,615.9851976762264,233.31580660664054,11.069102576787708,63.73522170551401,2.1617763297383634,6.231147327801885,30.49641539570582,8.0,E,casa,1.8,Londrina,1.0,32.0,2
2022,CSA,2022-09-30,9845.157922126918,490.6545982623362,180.5622004860133,8.687514452791248,56.62575903507507,1.397847560501992,6.990553921949379,28.888677444768703,10.0,D,casa,0.56,Guarani,0.0,30.0,2
2022,Operário-PR,2022-09-30,9622.552946126305,426.0397789046936,165.75246464843477,8.276118084676577,51.53110547653214,1.0029496092171803,7.146447010964209,29.61988185959682,8.0,E,casa,0.76,Vila Nova,1.0,32.0,2
2022,Ituano,2022-10-01,9930.62336076044,554.3133552366595,156.49581032716895,9.942523102063362,59.760150753190565,0.5178257016928087,5.490300240514633,29.209542331726066,10.0,V,casa,0.97,CRB,3.0,23.0,2
2022,Criciúma,2022-10-01,9518.17078639146,463.1110885947272,133.15647875185078,7.061186493116175,51.71259684868843,0.7958297054208748,5.569063777596075,28.241709575478996,10.0,V,fora,1.32,Brusque,3.0,31.0,2
2022,Chapecoense,2022-10-01,9514.335467219793,389.4877485739684,112.67296140454846,6.665587228683605,43.60283458033928,1.1994559597007186,5.998907622786874,27.664287725016663,7.0,V,casa,1.13,Bahia,3.0,31.0,2
2022,Bahia,2022-10-01,9624.023737298487,438.66872227650214,120.24685661944311,6.04523925256473,48.58420542256962,1.0999162188568636,6.044102100635076,28.304074255007325,9.0,D,fora,0.71,Chapecoense,0.0,31.0,2
2022,Guarani,2022-10-03,9535.36927966157,446.3029301857969,187.54642664090144,9.399784694930082,57.81301792685634,1.2925141991669822,5.875520505555627,29.47878938228727,9.0,V,casa,1.46,Londrina,3.0,33.0,2
2022,Londrina,2022-10-03,9784.24969791779,495.73817779695753,157.01514572384136,8.601011204783994,58.95194534777984,1.6648881833454061,5.689671870906093,29.37805280273723,7.0,D,fora,0.04,Guarani,0.0,32.0,2
2022,Ponte Preta,2022-10-03,9621.4018198519,472.9862507772313,170.42357794923973,8.394942060934937,54.56232236730541,0.7638680685094115,5.468684359278729,29.624495506189582,8.0,D,fora,0.46,Sampaio Corrêa,0.0,33.0,2
2022,Sampaio Corrêa,2022-10-03,9017.351429687762,386.3104947588162,127.29661896203352,7.635144174415879,48.32693164692618,0.8038213197289544,5.927128233179651,28.924599515511453,10.0,V,casa,1.25,Ponte Preta,3.0,33.0,2
2022,CSA,2022-10-04,10082.949991715454,452.8476963437534,153.97178656246547,8.201906826466365,54.803809924886785,1.4898213299458747,6.0891766541477965,29.663131006296254,8.0,D,fora,0.34,Grêmio,0.0,31.0,2
2022,Grêmio,2022-10-04,10316.82466240727,547.0008806657713,166.29267400554812,7.797194195840184,59.42348350006904,1.8084199229291926,6.892496893318438,29.35906084074962,9.0,V,casa,2.35,CSA,3.0,33.0,2
2022,Criciúma,2022-10-04,9672.556937368734,471.2928007970273,87.91896795734826,7.56065873229576,50.60075362162744,0.775466961064139,6.980713877968656,28.04920781948409,10.0,D,fora,1.09,Vila Nova,0.0,32.0,2
2022,Brusque,2022-10-04,9592.995805934941,414.30111749252774,152.71679107078234,6.514082684394645,45.5372268090981,0.9053501588280236,5.971767146054767,27.736146443458566,17.0,D,casa,0.62,Sport,0.0,32.0,2
2022,Sport,2022-10-04,9746.8884412603,484.02086294285306,158.2055701149129,8.70477862181926,55.83258663605763,1.6226449308072275,6.616352322117183,28.731195429278927,9.0,V,fora,0.78,Brusque,3.0,33.0,2
2022,Vasco,2022-10-04,9594.696352607616,438.2018437338131,174.69220250265806,8.342716937924266,50.54323846132876,0.3684809574439083,6.255394618467327,29.88379269921758,8.0,V,fora,1.69,Operário-PR,3.0,33.0,2
2022,Chapecoense,2022-10-04,9328.356987205943,500.45308246947144,168.12676470588235,7.756590274574544,52.32722730693598,0.6550551091257799,7.756158626884513,28.799430700881256,9.0,D,fora,1.56,CRB,0.0,32.0,2
2022,Operário-PR,2022-10-04,9510.266440402487,422.37145285984667,181.78715726216063,7.988668612795261,49.56146697462547,1.5394470642329368,6.736719276296795,30.538155882761792,10.0,D,casa,0.9,Vasco,0.0,33.0,2
2022,Bahia,2022-10-05,9459.890719993513,482.9003701301708,157.80475008106728,8.546409528883123,55.24184451290128,0.8330278639922176,7.295527748181775,28.43587228424514,10.0,E,fora,0.57,Novorizontino,1.0,32.0,2
2022,Náutico,2022-10-05,9543.049357280242,473.0173513101691,169.3994855494217,9.215826193390452,55.079968775759994,0.8982569380261284,5.396442684785051,29.08052107011715,9.0,V,casa,0.86,Tombense,3.0,32.0,2
2022,Novorizontino,2022-10-05,9489.719832923302,478.3652983319365,153.04667766092624,7.906587363810862,51.21834923896294,1.338314093379113,7.785538132958448,28.379415501905974,8.0,E,casa,2.18,Bahia,1.0,30.0,2
2022,Tombense,2022-10-05,9267.943512683247,422.14691592690474,189.88207799688286,9.554965891893112,53.57011237604753,1.728623365182625,5.997209798739582,29.520868062614348,10.0,D,fora,2.28,Náutico,0.0,32.0,2
2022,Cruzeiro,2022-10-06,8939.346307032612,411.54368205925493,147.93974585302857,7.446532968893012,46.60468335067768,1.3537962812041575,6.9960308186115325,28.976909863711022,9.0,E,casa,0.89,Ituano,1.0,33.0,2
2022,Criciúma,2022-10-07,10296.163457506347,501.42117919694795,165.2962525814639,9.365685211167689,60.44581463906801,1.560242145255624,8.37244714896032,28.91644412214463,7.0,V,casa,1.2,Náutico,3.0,33.0,2
2022,Náutico,2022-10-07,10367.965215359754,458.6829645634252,99.6005765177066,6.5342460652051715,51.6444767659734,1.0549380504028485,5.059429103428893,27.142232293423273,10.0,D,fora,0.8,Criciúma,0.0,33.0,2
2022,Ituano,2022-10-08,8917.433601719717,395.83799944662604,159.27478636571635,8.429159616469262,52.101231682789006,1.2449164086028373,5.748356798518659,29.24325894709958,10.0,V,casa,0.7,Guarani,3.0,24.0,2
2022,Londrina,2022-10-08,9077.598271138084,411.67891278310833,132.50345597437726,7.26609979948593,48.08609737716831,1.0895331655654092,4.966440538831097,28.334986340820087,8.0,E,casa,1.0,Grêmio,1.0,33.0,2
2022,Ponte Preta,2022-10-08,9299.954315029816,481.4859098301408,170.86339864925912,8.844446151066135,57.022020577340065,1.2211892392482833,7.419540115648717,28.834812070834836,10.0,E,casa,0.51,Vila Nova,1.0,34.0,2
2022,Brusque,2022-10-08,9373.628025896163,375.6021044821665,108.88450921144745,6.515135553973278,42.59383601888362,1.2927502707489427,6.298984018333144,28.187676585152786,19.0,D,fora,0.11,Bahia,0.0,33.0,2
2022,Sampaio Corrêa,2022-10-08,9174.694792679747,450.00426327064974,163.74082395348046,8.467641831310006,53.15137620294487,1.224409947744868,7.039143401230999,28.98956767663028,20.0,E,fora,0.51,CSA,1.0,34.0,2
2022,Operário-PR,2022-10-08,9095.932232126548,443.41666824973515,145.10112958024328,7.779512293135572,48.11184817155592,0.875436013590034,5.58653417601286,28.596858217951997,8.0,E,fora,0.9,Chapecoense,1.0,34.0,2
2022,CSA,2022-10-08,9523.23295371827,473.177620283185,182.06221522999977,9.403123370981756,53.8902433841313,1.3737443351257428,7.080711249911945,29.245448141451618,10.0,E,casa,2.65,Sampaio Corrêa,1.0,32.0,2
2022,Tombense,2022-10-08,8918.923964092426,454.7180615959641,138.15471270700326,7.876952285272925,51.43287012131229,1.0697902150781564,4.959983472145704,29.17969018375085,10.0,D,casa,1.52,CRB,0.0,33.0,2
2022,Chapecoense,2022-10-08,8932.656652168907,426.3152111342791,138.15533803231293,7.480781216020877,49.273104396658695,1.7266237703554936,7.36573983344633,28.537869852762462,8.0,E,casa,0.97,Operário-PR,1.0,33.0,2
2022,Vasco,2022-10-08,9577.39271875399,474.2917961189838,196.93154538491004,8.847321588152688,51.35969679560832,1.1480695774288268,5.514653006510915,30.51559683390783,9.0,V,casa,0.56,Novorizontino,3.0,34.0,2
2022,Bahia,2022-10-08,9315.608286230108,454.5462334507199,174.7178986314804,8.924727633397225,55.867168568626575,1.403796193108367,7.120132282797663,30.354223688316313,10.0,V,casa,0.49,Brusque,3.0,33.0,2
2022,Novorizontino,2022-10-08,8615.100980529583,346.2993687884607,102.18729951359002,5.929442380745454,41.252627034301014,0.5043439072597036,5.04628842568581,29.083675128611276,8.0,D,fora,0.82,Vasco,0.0,31.0,2
2022,Grêmio,2022-10-08,9254.118655736225,476.1914439015584,196.71184482233335,9.952279707969897,58.29245054783855,1.421683686710825,5.282046693221697,29.613917694451658,10.0,E,fora,0.44,Londrina,1.0,34.0,2
2022,Guarani,2022-10-08,9672.910382105012,430.1212081494596,141.74795047961317,6.897721903654574,50.420642919430286,0.3566947652141744,4.874813307613033,28.237711069418385,9.0,D,fora,1.38,Ituano,0.0,34.0,2
2022,Sport,2022-10-09,9603.740963208964,460.73469235374523,161.74479040292792,9.453692545776995,54.79629197871835,1.4236883662611404,4.879755328882713,28.877667830153513,10.0,V,casa,1.66,Cruzeiro,3.0,34.0,2
2022,Cruzeiro,2022-10-09,9444.576208363547,470.1276721053903,177.73831206188055,9.898482716944644,56.452998791394734,1.8502098138747882,6.527711022480057,29.436719845298526,10.0,D,fora,0.6,Sport,0.0,34.0,2
2022,Guarani,2022-10-11,9155.538817383822,503.26570071589373,191.92491449748297,8.079291442159317,54.18475614075029,1.2515841997419745,6.940555386911536,30.535752953378356,9.0,V,casa,1.75,CRB,3.0,35.0,2
2022,Chapecoense,2022-10-12,9677.885962503444,497.2808844775296,196.90374028122415,9.305987593052109,52.48351199338296,1.487588916459884,5.088006892748828,29.299614006065617,8.0,D,fora,0.66,Sampaio Corrêa,0.0,34.0,2
2022,Sampaio Corrêa,2022-10-12,9160.044786304376,446.5067487000228,187.58954101848735,8.402290131029018,49.53599476752391,1.0749839877547032,5.374845576820782,29.990981034988113,10.0,V,casa,1.73,Chapecoense,3.0,35.0,2
2022,Cruzeiro,2022-10-14,9477.547849234074,474.144545937072,230.29511238936962,9.664181057361166,55.43418216829399,0.7780677175268167,5.110197992914718,30.155089923839384,9.0,D,fora,0.4,Vila Nova,0.0,35.0,2
2022,Londrina,2022-10-14,9739.583831849333,500.4360529922833,148.03216696346664,7.673100750094436,56.14282445631645,2.0400714478441535,6.509382008526253,28.778139334088824,10.0,V,fora,0.7,CSA,3.0,34.0,2
2022,Operário-PR,2022-10-14,9765.46166380836,458.36440476353806,167.0699385349925,7.779226748254147,49.14559317848176,0.6174022802420184,5.558536501708123,28.676171333708343,8.0,E,casa,1.02,Brusque,1.0,35.0,2
2022,CSA,2022-10-14,10005.036627726297,477.008143858063,142.2644464063736,6.864937139789807,50.21759831619391,1.144839953667081,5.59638094699966,29.03029014577918,8.0,D,casa,1.67,Londrina,0.0,33.0,2
2022,Brusque,2022-10-14,9696.103385165361,431.2007356273261,159.6526906279717,8.190297608565494,51.13771422533724,1.2684166285117224,6.604690123152421,29.077919440237622,19.0,E,fora,0.58,Operário-PR,1.0,34.0,2
2022,Náutico,2022-10-15,10041.044702539819,543.0363532788061,149.2859888075764,8.525262447983927,54.368665805711004,0.1296599225139905,5.424889941168029,28.00441383268761,8.0,D,fora,0.15,Novorizontino,0.0,34.0,2
2022,Novorizontino,2022-10-15,9992.260775389264,473.4214293516152,191.58635486869625,8.994392749244712,55.11262653962351,1.2550576342086919,6.485734603764815,28.333740413664888,10.0,V,casa,2.76,Náutico,3.0,32.0,2
2022,Criciúma,2022-10-15,9718.084736239944,511.9570772334719,184.89680449277859,9.964487734665257,62.22208818246684,1.2168904854464484,7.640984794429545,28.798067317865318,9.0,V,casa,1.87,Ituano,3.0,34.0,2
2022,Tombense,2022-10-15,9190.639418722127,458.3890032772344,137.9389015104847,7.429738314072395,53.666552990168306,1.1082463100312938,5.986434467634232,28.956600054209893,9.0,E,casa,0.79,Ponte Preta,1.0,34.0,2
2022,Ponte Preta,2022-10-15,9130.772321580005,461.33568712341,147.11697232760542,8.837840214237893,57.037956929256865,1.1037464851595626,6.1260049096183895,28.43008033921,10.0,E,fora,0.64,Tombense,1.0,35.0,2
2022,Vasco,2022-10-16,9199.148570166111,454.30347363060383,133.05442640384643,5.931341162020879,43.00387924449171,1.0795425609993559,7.14485358656741,28.590684960232466,7.0,E,fora,1.1,Sport,1.0,35.0,2
2022,Sport,2022-10-16,8567.153432855745,393.86569191065234,144.17014705882355,8.008374788644657,49.95988052861084,2.1034054907893567,7.1085207350716395,29.138956127080185,10.0,E,casa,2.07,Vasco,1.0,35.0,2
2022,Grêmio,2022-10-16,8935.13227443609,470.86332535885174,201.2388055365687,10.884195146958305,60.3367105263158,2.484041353383459,6.151098769651401,30.116267942583733,8.0,E,casa,1.56,Bahia,1.0,35.0,2
2022,Bahia,2022-10-16,9240.482663442674,531.4383335234271,182.72257755828275,10.3671661572152,60.05121766503946,1.3344245859756376,6.057135590127287,28.76733313563575,10.0,E,fora,1.22,Grêmio,1.0,34.0,2
2022,Brusque,2022-10-18,9765.458062169775,448.40038765013384,106.58192353510013,6.053981051952966,45.40631816461816,0.6292097038666911,4.415972558967388,27.939797906184744,8.0,E,casa,2.33,Novorizontino,1.0,35.0,2
2022,Novorizontino,2022-10-18,9784.274086493742,444.01264026091764,97.28086894066948,5.4023442559253985,47.26241513699356,0.6349774522847959,6.144799072188011,26.60319671262554,10.0,E,fora,2.24,Brusque,1.0,33.0,2
2022,Cruzeiro,2022-10-19,9583.013393331876,520.8878680449129,172.97334907578272,9.853608200669317,57.5649351014919,0.7040631157539176,5.629804522565916,29.24028555343571,7.0,D,casa,0.25,Guarani,0.0,36.0,2
2022,Guarani,2022-10-19,9207.391312601925,510.4455440749915,200.21184429035594,9.86130774689091,59.49428998244719,1.4566088212227215,5.265255511708101,30.11527343798628,9.0,V,fora,1.18,Cruzeiro,3.0,36.0,2
2022,CSA,2022-10-21,9596.952672235482,407.6082630980792,133.6873271962723,6.54678804409592,44.697087964541424,0.7159334015229002,6.44430287532674,28.019464711899072,10.0,V,fora,1.38,Ponte Preta,3.0,34.0,2
2022,Ponte Preta,2022-10-21,9305.49052949763,432.4853518925375,188.7059341777378,7.56373258231469,48.43650112800247,0.6641520812751589,6.636437871392972,29.392614164172276,8.0,D,casa,1.62,CSA,0.0,36.0,2
2022,Chapecoense,2022-10-21,9771.070427543405,412.9194815387216,94.97115138489772,5.75904071382,44.552739730989344,1.629911738426988,6.411519403057159,27.17762551013016,9.0,V,casa,1.68,Tombense,3.0,35.0,2
2022,Tombense,2022-10-21,9574.020761105892,390.7425630116764,140.71801409206822,7.610181720574421,48.67671158233795,1.6917436585693197,6.160679908737082,27.935890484498728,8.0,D,fora,1.12,Chapecoense,0.0,35.0,2
2022,Bahia,2022-10-22,8988.94077629046,429.6303572547791,103.01019116264493,6.447614272283656,48.34773783408694,0.940733312441241,5.50667905269284,28.309992389309212,7.0,E,casa,1.39,Vila Nova,1.0,35.0,2
2022,Operário-PR,2022-10-22,9619.300515061088,427.07795946174207,178.2698996678115,9.323842126006419,56.34774967625696,1.5207395979956082,8.007440121614772,29.04625190023084,10.0,D,fora,1.54,CRB,0.0,36.0,2
2022,Londrina,2022-10-22,9493.88427295232,468.221707701001,142.7544669572705,7.748067081046174,52.186495533311806,1.6958388494241738,5.690312264557098,28.25890108707351,8.0,V,casa,1.23,Sport,3.0,35.0,2
2022,Ituano,2022-10-22,9488.043301000516,438.41125158532566,176.71713831086475,8.877942482032973,54.32436962750716,2.854326647564469,7.824080745925126,29.421587439522757,10.0,V,casa,1.45,Sampaio Corrêa,3.0,25.0,2
2022,Sampaio Corrêa,2022-10-22,9473.51813913184,526.7444219922477,227.03252490930774,12.35351097003429,64.51560956368334,1.3964633131242854,7.658315236296773,30.38074032201958,18.0,D,fora,1.17,Ituano,0.0,36.0,2
2022,Vasco,2022-10-22,9525.273180191354,455.199764868603,182.23437196104433,9.624956296074489,55.95456103577591,2.052444853203291,6.802261624673824,29.773874606094306,8.0,V,casa,1.05,Criciúma,3.0,36.0,2
2022,Criciúma,2022-10-22,9491.834924698958,476.41363107411985,137.80389607690879,7.973439458401234,54.925236730720854,1.6728560804086052,6.694015727363206,28.89196679535835,10.0,D,fora,2.06,Vasco,0.0,35.0,2
2022,Sport,2022-10-22,9604.841426248415,462.70767247145653,191.49736362587936,9.133667973705455,54.80301499250375,1.3503195709837386,5.916078768308154,29.165008649521393,10.0,D,fora,1.03,Londrina,0.0,36.0,2
2022,Náutico,2022-10-23,9982.95806958177,498.45841682969376,155.72388410088297,7.494699545286309,50.55836924337756,0.8337244223549938,4.997750489081583,27.801674773964997,9.0,D,casa,0.49,Grêmio,0.0,35.0,2
2022,Grêmio,2022-10-23,9568.869376110868,412.30740423997327,134.80905038510085,6.839433038819196,46.13259150974987,0.9271226913268592,5.91014837330311,27.91000231833286,9.0,V,fora,2.06,Náutico,3.0,36.0,2
2022,Brusque,2022-10-25,9941.299768450293,457.12148653218975,116.97173233482303,7.173792849377943,52.61544896726656,1.0879862302210408,6.632251117284694,27.468973305954822,10.0,E,casa,0.71,CRB,1.0,36.0,2
2022,CSA,2022-10-26,9503.682115387,377.37424404400184,141.08388500985947,6.47415165006883,45.316455421477556,1.6739177507968201,5.915274639415624,27.625012091823447,9.0,V,casa,1.13,Vila Nova,3.0,35.0,2
2022,Cruzeiro,2022-10-27,9676.42668585791,600.0611489983409,205.48020627491763,9.918377782730357,61.958355991382504,1.6716615902731349,6.6875832652353715,28.895997077978354,9.0,V,fora,1.78,Novorizontino,3.0,37.0,2
2022,Novorizontino,2022-10-27,9448.323736403232,555.6173342184334,206.06463431393098,11.00628071646519,64.66910034239395,1.5722125171779284,7.232442177346097,29.015384436214564,10.0,D,casa,2.86,Cruzeiro,0.0,34.0,2
2022,Guarani,2022-10-28,8561.787812461092,375.85299275344283,96.7088782777598,5.714161665463059,41.68789974350674,0.8968777548123614,6.837030156635207,28.51651144258784,9.0,E,fora,1.49,Bahia,1.0,37.0,2
2022,Vasco,2022-10-28,9719.963353542667,409.097603535125,159.89266672699304,6.923318553373753,46.55755949687811,1.9012671553102285,6.106213615660725,29.192585889663082,7.0,D,casa,1.17,Sampaio Corrêa,0.0,37.0,2
2022,Bahia,2022-10-28,8775.472879157454,416.80397428590976,153.56999088152827,8.514342900129938,51.70400734036976,0.8204755283014568,7.181352041397862,28.935190462078555,10.0,E,casa,3.15,Guarani,1.0,36.0,2
2022,Operário-PR,2022-10-28,9774.982184642504,380.4368048914841,107.97609871102789,5.65094194116999,43.72518960008813,0.891216481216261,5.451791781425583,28.109582461165587,10.0,D,fora,1.29,Sport,0.0,37.0,2
2022,Grêmio,2022-10-28,9108.778967317829,471.95321178294574,126.58279342635659,8.148942635658916,52.687207441860465,1.8961311007751938,5.580560868217054,28.062271007751942,9.0,E,fora,1.86,Tombense,1.0,37.0,2
2022,Londrina,2022-10-28,9518.525632621253,430.3220224015159,137.52744903884354,7.426095626661778,49.92329008893371,1.2385364139237798,5.639555637052657,28.84473426851258,7.0,D,casa,1.11,Ituano,0.0,36.0,2
2022,Tombense,2022-10-28,9061.185133731053,440.4521666714241,132.8149608940142,7.836335312419718,48.68203379670596,1.155664944480918,6.421554106128507,28.14971883652556,8.0,E,casa,1.15,Grêmio,1.0,36.0,2
2022,Sampaio Corrêa,2022-10-28,9415.283749487206,449.8600526255064,146.9916522870622,7.672339431311216,51.34287286549409,1.2685685349469258,5.998220219475926,29.070326521716833,17.0,V,fora,1.21,Vasco,3.0,37.0,2
2022,Sport,2022-10-28,9633.161795618948,418.772077824894,126.5300857162294,7.143304723463118,54.69313181704801,1.5297159799541942,5.714771990294565,28.69310868727182,10.0,V,casa,3.79,Operário-PR,3.0,37.0,2
2022,Criciúma,2022-10-29,8621.273384416307,402.79053492749284,153.03182102066134,8.852872160670746,51.78147399153014,1.8292840184797021,8.372904885143516,28.27789814775206,10.0,E,fora,0.96,Ponte Preta,1.0,36.0,2
2022,Chapecoense,2022-10-29,9541.976751125987,437.9063035613201,133.89493108710099,7.309069798922005,50.83359909920997,1.772478034013438,7.309722256405208,28.89610396003052,9.0,V,casa,1.48,Náutico,3.0,36.0,2
2022,Ponte Preta,2022-10-29,8745.475448035384,462.29446057897076,179.12623493482485,10.425965575343428,58.97189604736607,1.3696958882310266,6.950236947415227,28.59758606164143,9.0,E,casa,1.95,Criciúma,1.0,37.0,2
2022,Náutico,2022-10-29,9594.838112182251,426.59433557422284,131.83889495374365,7.11281002686636,48.14140422324608,0.7665696154828042,7.550392540633851,29.221342345518423,9.0,D,fora,0.92,Chapecoense,0.0,36.0,2
2022,Grêmio,2022-11-03,10388.07759547092,539.8706002316006,141.62611451363867,6.835209855892948,53.846958183221815,1.6224945959855892,6.486065362840966,27.589687339166233,9.0,V,casa,4.1,Brusque,3.0,38.0,2
2022,Brusque,2022-11-03,9689.944894628565,390.3033748965101,111.99908966607289,6.098501593115732,44.93519832409242,1.694455706364936,5.533524423593166,27.81017963320705,9.0,D,fora,0.55,Grêmio,0.0,37.0,2
2022,Sampaio Corrêa,2022-11-05,9147.05499046325,439.51503174561697,138.2741611579965,7.642494186502233,45.739921877041255,1.8811752410315363,5.406139837483343,28.669147963316174,8.0,V,casa,1.92,Londrina,3.0,38.0,2
2022,Ponte Preta,2022-11-05,9278.958412318301,468.9757313393519,154.09951100361596,7.758382624104984,55.38874206757824,1.0794541296486986,6.790906032232573,28.53020666203692,9.0,V,fora,1.82,Náutico,3.0,38.0,2
2022,Londrina,2022-11-05,8959.960755581415,402.08692895062177,155.88308510896178,7.635091993309578,47.996596368748946,0.9806351053256733,4.252848762514241,29.359971396019688,9.0,D,fora,2.73,Sampaio Corrêa,0.0,37.0,2
2022,Tombense,2022-11-05,9317.836095147775,435.0309453912354,168.53646019703316,9.555084078813271,53.50251599479108,1.65598757218888,6.115058741931832,29.308835352734683,8.0,D,fora,0.28,Criciúma,0.0,37.0,2
2022,Criciúma,2022-11-05,9789.09737861288,567.3065648451417,157.72796299488593,10.240334195253691,63.711724875021545,1.0340982589208758,6.516267425156582,28.658919726483937,10.0,V,casa,3.11,Tombense,3.0,37.0,2
2022,Náutico,2022-11-05,9205.318654826704,413.31854440846126,129.29767260387237,6.5134334734376065,44.80614035692137,0.7745102666574794,4.963267243161302,28.22805415834079,6.0,D,casa,0.16,Ponte Preta,0.0,37.0,2
2022,CSA,2022-11-06,9684.489991281207,540.9382908905621,198.7216494366755,10.395104455641736,63.286184793070255,1.3236295080110967,6.114921134575101,29.366235633810785,10.0,D,fora,1.68,Cruzeiro,0.0,36.0,2
2022,Ituano,2022-11-06,8912.818210238978,465.8591863669139,182.8649442470128,9.155029357231152,51.10523537288835,0.9276333951380306,8.460883034610632,29.056721260815824,9.0,D,casa,2.01,Vasco,0.0,26.0,2
2022,Cruzeiro,2022-11-06,9622.96927004288,508.22438036779135,174.0592712930205,8.776573864559763,57.3805415609256,0.787183558150292,5.850940355790026,29.091722818817114,9.0,V,casa,2.07,CSA,3.0,38.0,2
2022,Novorizontino,2022-11-06,9765.208623423467,439.39336210228004,139.75370721253498,5.902059419390349,45.1092602438139,0.7376437178691462,5.374390875130281,27.513866476174865,10.0,V,fora,1.82,Operário-PR,3.0,35.0,2
2022,Chapecoense,2022-11-06,9652.714687572028,486.5610939012585,165.0224241690868,8.400190383994838,55.07708281473287,1.8686247867975843,6.844362121421657,29.462716083529248,10.0,D,fora,0.46,Guarani,0.0,37.0,2
2022,Operário-PR,2022-11-06,9534.69156411213,429.2178700904401,160.71089127889772,7.643308075285279,50.947306994635355,1.157366430381701,6.137709150789261,28.352248137808594,9.0,D,casa,0.44,Novorizontino,0.0,38.0,2
2022,Guarani,2022-11-06,9684.988049799631,516.4998699391052,199.3357136948988,9.114085509333865,55.70540865076082,2.1796004050141895,5.776251479585288,29.25397241910412,8.0,V,casa,0.57,Chapecoense,3.0,38.0,2
2022,Bahia,2022-11-06,8754.966709697017,488.06672293156004,215.37586474729613,10.251203258735343,58.188143909397624,0.8794783202976687,8.494155538439843,29.41673518978554,10.0,V,fora,1.67,CRB,3.0,37.0,2
2023,Guarani,2023-04-14,10202.046673168237,505.08240136667513,168.16086237742294,8.112664344036263,52.176846692941986,0.9682246674109845,5.930744138496926,28.46865659595647,8.0,V,casa,2.23,Avaí,3.0,1.0,1
2023,Avaí,2023-04-14,10413.069646262602,594.9436872533976,165.8453700405524,8.876592229285402,59.30813061705392,1.6010472380534853,5.424290059184568,27.767197775098637,8.0,D,fora,1.78,Guarani,0.0,1.0,1
2023,Novorizontino,2023-04-15,9032.24049614927,469.6389249264291,138.28921044392962,7.550936447310751,51.50628889862877,1.126753866382819,7.099627074071755,29.258017657003318,9.0,D,fora,1.11,Vila Nova,0.0,1.0,1
2023,Chapecoense,2023-04-15,9337.727515456167,430.09933642269675,171.37338879974865,8.481779450871267,50.088751500734936,1.1103720700604782,5.150565398382011,29.123280185810618,10.0,D,fora,1.67,Mirassol,0.0,1.0,1
2023,Juventude,2023-04-15,9568.433991410451,489.43080771169366,167.83713930191536,8.788453251008065,53.39334099882392,1.416012474798387,6.70884062079973,29.995137138776883,10.0,D,casa,2.66,Botafogo-SP,0.0,1.0,1
2023,Botafogo-SP,2023-04-15,9310.439164425254,427.65266869573423,153.30905707342393,7.643470767270667,48.732474164779156,1.2725509626274065,6.156293530577577,29.21571465647414,9.0,V,fora,1.1,Juventude,3.0,1.0,1
2023,Mirassol,2023-04-15,9425.496394807555,478.2214285534068,170.87521767651918,8.289045402364104,54.270618400635804,0.7952947558314095,3.858289873721127,29.189107974113462,9.0,V,casa,1.57,Chapecoense,3.0,1.0,1
2023,Ceará,2023-04-15,8678.049147249334,422.39720797648283,124.2688036548275,6.757269441722554,45.012429722197474,1.1449434341634743,6.871618584645143,28.61662233873328,9.0,D,fora,1.84,Ituano,0.0,1.0,1
2023,Atlético-GO,2023-04-15,10666.567193176239,639.0041580756014,14.028957290132547,7.289974226804123,50.923017182130586,1.2141374570446735,5.854539764359352,28.245424644084444,9.0,E,fora,1.12,Sampaio Corrêa,1.0,1.0,1
2023,Vila Nova,2023-04-15,8804.720757833478,416.50263251922934,169.16166158520278,9.04875488087979,54.68597205729751,1.1548596981075558,6.645437808230901,29.503517442793413,10.0,V,casa,1.76,Novorizontino,3.0,1.0,1
2023,Sampaio Corrêa,2023-04-15,9186.445441326294,404.3999777716033,224.58563489858292,7.7427878114291016,49.777165879410944,0.3567991108641289,5.715734000185236,28.769973140687227,8.0,E,casa,3.43,Atlético-GO,1.0,1.0,1
2023,Ituano,2023-04-15,9039.0526342362,422.58258443064744,171.80928157194515,8.473220304291464,52.80813740874667,1.8426451524868666,8.596119260421641,29.067401241727502,8.0,V,casa,0.27,Ceará,3.0,1.0,1
2023,ABC,2023-04-16,9703.890592661137,480.13684874778147,178.70485809201645,9.418318796171292,59.52465133564916,2.322143409735601,6.416054184427287,29.186948409508062,7.0,D,fora,0.44,Londrina,0.0,1.0,1
2023,Tombense,2023-04-16,9281.185039654652,456.07349128266907,166.146194045667,7.7286767281285895,50.0940688685875,0.5016280159287889,3.5131318810025767,29.467098350232575,10.0,D,fora,0.25,Criciúma,0.0,1.0,1
2023,Londrina,2023-04-16,9665.049117860997,420.55129593129664,172.95190823126373,9.503675911586654,56.277065207189445,1.160898094701769,6.862336219437795,28.658707588342953,10.0,V,casa,1.51,ABC,3.0,1.0,1
2023,Criciúma,2023-04-16,9795.638957329871,515.0585523458258,168.7014304259733,7.643038957572523,55.68765526612718,0.6547070599225945,4.584363102532061,29.135816458998097,9.0,V,casa,0.66,Tombense,3.0,1.0,1
2023,Ponte Preta,2023-04-16,9061.730817825322,404.82329804481276,174.35059916582372,9.103164327185556,54.125464131805394,2.1175907270636167,7.357453129546746,29.16846619646099,8.0,D,fora,2.3,Vitória,0.0,1.0,1
2023,Vitória,2023-04-16,9447.937530617737,473.099957381903,181.18533870171817,8.076006684312054,53.800696020815565,1.109916109640662,6.056037189897267,29.694598716970972,10.0,V,casa,1.52,Ponte Preta,3.0,1.0,1
2023,Botafogo-SP,2023-04-21,9875.916895699165,475.87260251715975,185.6446658111306,10.173150570422782,58.173959052003255,1.0583679668460155,6.2519640439384485,28.819215418486646,9.0,V,casa,1.64,Sampaio Corrêa,3.0,2.0,1
2023,CRB,2023-04-21,9386.088648667877,444.0250850733351,157.29279550385945,7.361384057197739,48.979293446685396,0.427036483714533,5.657441041511045,29.632027887454207,9.0,D,fora,2.79,Atlético-GO,0.0,1.0,1
2023,Sampaio Corrêa,2023-04-21,9631.486167558982,464.2707666058716,189.03264046596456,9.743447667235396,56.658336176972405,1.694251338471495,5.614373124669059,29.650973701241394,10.0,D,fora,0.55,Botafogo-SP,0.0,2.0,1
2023,Atlético-GO,2023-04-21,9665.323637461739,474.5029718748713,192.7159548680219,10.00606522723841,58.43319355414327,1.1120489204288089,5.063355524137648,29.812486788464444,8.0,V,casa,0.87,CRB,3.0,2.0,1
2023,Guarani,2023-04-22,9562.477795577162,391.9787982450939,145.99158486986423,5.33393407244916,38.84610007707358,0.3194205252860616,5.6544229560680614,29.178194106835832,9.0,V,fora,2.1,Ceará,3.0,2.0,1
2023,Criciúma,2023-04-22,10175.095018183803,520.343199038934,136.91798602085947,8.550680063342979,56.41860022934527,1.1792101785616773,5.405297438977775,28.1784590181838,10.0,V,fora,0.73,Ponte Preta,3.0,2.0,1
2023,Ceará,2023-04-22,9485.265413832274,473.68848046064056,185.55158430061758,7.518638055073182,48.885093290159155,0.8214526890284505,5.991660943477523,29.251857316324802,8.0,D,casa,1.55,Guarani,0.0,2.0,1
2023,Juventude,2023-04-22,9771.293544076583,526.0200023463713,172.52373084774396,8.341820549520166,55.22002874304888,0.9493453623970529,6.440681503554752,28.495499659776154,9.0,D,fora,0.69,Novorizontino,0.0,2.0,1
2023,Ituano,2023-04-22,9556.232953152128,413.93930175781253,124.14595472547742,6.713520507812501,44.677700195312504,0.48890896267361117,4.150540364583334,27.89104410807292,8.0,D,fora,0.49,Tombense,0.0,2.0,1
2023,Ponte Preta,2023-04-22,9947.730472490446,512.9258037869644,181.61219787266145,9.617656407161537,59.519463764836054,1.8110563769865218,6.222842989338162,28.962760259505135,9.0,D,casa,2.38,Criciúma,0.0,2.0,1
2023,Avaí,2023-04-22,9001.561670843304,499.4662558074053,158.1244151766859,8.997358440095732,52.32911164296776,1.393992679149655,6.082426017175841,28.8589947909334,7.0,V,casa,2.43,Mirassol,3.0,2.0,1
2023,Tombense,2023-04-22,9235.13366979993,406.8837547430149,146.0088611374612,7.762033136426354,50.255030290617455,1.1641904536046912,5.724421136598827,28.916850638151082,10.0,V,casa,2.75,Ituano,3.0,2.0,1
2023,Novorizontino,2023-04-22,10161.721718620065,616.5708284825014,165.60785193280907,8.339218917056714,56.664207512651764,0.8532826866877331,6.200690322887215,28.406379339019704,9.0,V,casa,2.71,Juventude,3.0,2.0,1
2023,Mirassol,2023-04-22,8935.502556251995,448.5103316689685,152.1186389036439,7.169036970147668,48.66635334112398,0.477694358865399,5.164372888558377,29.199769467757363,10.0,D,fora,0.98,Avaí,0.0,2.0,1
2023,Vitória,2023-04-23,8829.655084949978,388.31662000622737,148.40645186619193,7.433909865027683,49.7131460598102,1.4631107260346297,6.216491396699474,29.31254822857297,8.0,V,fora,2.36,ABC,3.0,2.0,1
2023,Chapecoense,2023-04-23,9811.57113865101,556.2862200935818,209.46374095082544,10.328989361702128,59.19287807892647,0.7935127350578264,6.753906153438686,29.42336673435155,10.0,V,casa,1.98,Londrina,3.0,2.0,1
2023,ABC,2023-04-23,9204.617765720455,380.69416515190863,141.3298522598368,7.011700856920281,47.60304814880618,2.4617808088124753,5.536985608659404,29.58026213287048,8.0,D,casa,0.73,Vitória,0.0,2.0,1
2023,Londrina,2023-04-23,9408.75656748743,439.7334037643418,136.21284207812297,6.96280237205105,47.1043119762795,0.4643037256671394,6.033674616475442,28.913578703106868,8.0,D,fora,1.41,Chapecoense,0.0,2.0,1
2023,Criciúma,2023-04-28,9588.665275008647,507.9355733408806,177.83505927859366,8.679690032181304,55.56621193538581,1.4150377894483055,7.075648081176556,29.03385850708093,10.0,V,casa,1.37,Avaí,3.0,3.0,1
2023,Avaí,2023-04-28,9826.495425249268,560.9699173084961,195.04772568511552,9.001890112842556,59.10579124126814,0.2672711803689772,6.1807388500806,29.148856648158095,7.0,D,fora,0.23,Criciúma,0.0,3.0,1
2023,Londrina,2023-04-28,9470.925727194493,415.1264410637943,138.29197421020487,7.74414455055244,49.34423602243073,2.000200155460552,6.4944654655488305,27.847307201154845,8.0,D,fora,0.41,Vitória,0.0,3.0,1
2023,Vitória,2023-04-28,9096.691655731865,440.8495904907447,145.60828176167112,8.584098079994485,53.15372166239616,1.2398430444324435,6.5128037136192845,28.26493892980662,10.0,V,casa,2.11,Londrina,3.0,3.0,1
2023,Chapecoense,2023-04-29,9617.4090089209,509.6904208022203,180.91932795876562,10.109780083261745,58.40379818938742,1.6651046058283223,6.424025507169761,28.69082270534593,8.0,E,casa,1.38,Ponte Preta,1.0,3.0,1
2023,Tombense,2023-04-29,9287.887085116692,470.7229960429621,209.68270424506716,10.416868690947267,58.2647570594094,1.3325055856146866,5.935458558776818,28.981225604996098,8.0,E,casa,1.7,Atlético-GO,1.0,3.0,1
2023,Mirassol,2023-04-29,9256.698793294056,394.38352961185694,117.97564976006804,6.2303374840551555,42.97104294478528,0.6547161513697383,4.483232217700299,27.038719552936897,9.0,V,fora,1.93,Sampaio Corrêa,3.0,3.0,1
2023,Botafogo-SP,2023-04-29,9687.165197047214,499.3878348194708,188.65286156994594,9.208916094138283,58.67393290454612,1.4463366466890806,6.841164303464405,29.409193100423916,7.0,V,casa,1.84,CRB,3.0,3.0,1
2023,Guarani,2023-04-29,9135.200317625817,429.32994593374474,170.16287507792853,8.996231377775867,53.49687630328697,0.581597802953759,7.061888019433755,28.844197820151773,10.0,V,casa,1.58,Ituano,3.0,3.0,1
2023,CRB,2023-04-29,9598.56098739552,496.65680081181404,146.84647221406257,7.329869548962534,48.7881647394985,0.6002787940288942,6.3663389590621415,28.260541565412453,8.0,D,fora,0.37,Botafogo-SP,0.0,2.0,1
2023,Ponte Preta,2023-04-29,9308.994252050376,430.1841313089516,160.71023246437707,7.8297393131107365,52.04253344792099,1.2417079924881433,6.6845034004944255,29.012323476673988,10.0,E,fora,2.04,Chapecoense,1.0,3.0,1
2023,Sampaio Corrêa,2023-04-29,8884.274539306545,383.0133861714435,131.28563363986595,6.225901289345309,46.37437363581064,1.181771806156892,6.010586347968178,29.125338438234277,9.0,D,casa,0.96,Mirassol,0.0,3.0,1
2023,Atlético-GO,2023-04-29,9901.405983797073,509.68594502179013,179.4173684210526,9.855897753938988,59.13436652139904,1.3053474131187843,5.328810816851045,28.587567325958208,10.0,E,fora,0.96,Tombense,1.0,3.0,1
2023,Ituano,2023-04-29,9393.981402469815,537.839930679888,177.3511102694762,11.05171280356241,62.59352075012626,1.0332867373639996,6.5072767754671075,28.351817931414406,9.0,D,fora,1.66,Guarani,0.0,3.0,1
2023,Sport,2023-04-30,10049.631941868674,488.6648913862086,204.402969286891,7.836206754530478,52.31900741350907,1.269979289244528,5.92933219581078,28.547265238879735,9.0,E,fora,0.26,Novorizontino,1.0,1.0,1
2023,Vila Nova,2023-04-30,9761.150839993772,528.531293595599,188.01146032281505,9.810722830599957,59.55669400041519,0.34975633174174797,7.007635587502595,29.210979343990036,8.0,V,casa,0.68,Juventude,3.0,2.0,1
2023,ABC,2023-04-30,9062.335306295945,412.14114167125064,159.77070385557832,8.213879081862277,49.95594064109616,1.1238360754113117,5.5123548532279845,28.551402710406563,8.0,D,casa,2.28,Ceará,0.0,3.0,1
2023,Ceará,2023-04-30,8915.975670219672,435.17221148409527,159.3502615542479,8.576466923544071,52.20510910309301,1.0366397922643602,5.4659956442527164,28.922579733210483,10.0,V,fora,1.66,ABC,3.0,3.0,1
2023,Novorizontino,2023-04-30,10488.156402471594,641.8648933835736,165.27048811122177,10.393697142939638,59.37750227381003,2.3374618505204494,6.883438578255157,28.758391441812112,8.0,E,casa,2.13,Sport,1.0,3.0,1
2023,Juventude,2023-04-30,9946.812488488193,524.4068155603173,158.79776408771772,8.616412533053708,56.010555758183656,0.7187603720251664,5.847819709127383,28.41150724901979,10.0,D,fora,0.42,Vila Nova,0.0,3.0,1
2023,Criciúma,2023-05-01,9528.994213763684,502.40734537076844,159.53142442982022,9.026942028506236,56.054564855539766,0.9916663910843614,5.754457157974802,28.2807290805472,10.0,E,fora,0.44,Londrina,1.0,4.0,1
2023,Londrina,2023-05-01,9620.274642728988,552.8746474748527,168.24736141496223,10.105846789596137,63.54891284971814,1.5638354689724623,7.085715641675638,28.54100658633423,10.0,E,casa,1.85,Criciúma,1.0,4.0,1
2023,Ponte Preta,2023-05-02,9393.739669766239,449.9997230623925,182.1468211205685,10.221002394953729,60.512275318483866,1.9237164509709117,8.905025692344017,29.790955395392242,9.0,V,casa,1.23,Botafogo-SP,3.0,4.0,1
2023,Sampaio Corrêa,2023-05-02,9237.454916870594,398.27472110263426,106.98972973945588,6.37035494937863,44.80305263662972,0.5398235449354638,5.937038769732738,27.63460846408522,9.0,E,fora,1.85,CRB,1.0,4.0,1
2023,Botafogo-SP,2023-05-02,9611.400237341773,442.78124053590443,177.13959821956703,10.24675869513782,59.09065938128475,0.9320751508340235,9.049131077723887,29.507491423163376,8.0,D,fora,0.29,Ponte Preta,0.0,4.0,1
2023,CRB,2023-05-02,9395.89730104528,443.04802465917686,127.97491228527487,7.858552511534551,48.68097828636967,1.1733326382191174,5.983623282850664,27.39245366629304,8.0,E,casa,2.29,Sampaio Corrêa,1.0,3.0,1
2023,ABC,2023-05-03,10231.727760494838,590.5123945968071,178.87206167280667,10.094752808477736,63.58105471414926,1.773397007322509,6.5483044526311,29.892454632282707,7.0,D,fora,0.47,Ituano,0.0,4.0,1
2023,Atlético-GO,2023-05-03,9625.181324865069,532.1897752251016,196.76356085257638,10.821512918022503,63.03936422681355,1.0591487304138731,5.057416003450033,29.66876935743129,8.0,V,casa,1.84,Chapecoense,3.0,4.0,1
2023,Novorizontino,2023-05-03,9676.225145239137,446.68803936563654,174.9983017614242,9.58940399924779,56.416804738920575,1.3537696984893122,5.6400779790634985,28.778826552999433,9.0,V,fora,1.06,Mirassol,3.0,4.0,1
2023,Juventude,2023-05-03,10184.12356265716,482.28804594614394,183.9058470252191,8.018891628622347,50.4275239862308,1.4270305900734848,5.93165376821855,29.585461780718244,9.0,V,casa,0.85,Guarani,3.0,4.0,1
2023,Guarani,2023-05-03,9778.740627555895,471.12419173195747,181.0430102554303,8.486286769857953,51.939071660615326,1.3742610357347602,6.421846614434039,29.078559143894513,9.0,D,fora,0.23,Juventude,0.0,4.0,1
2023,Chapecoense,2023-05-03,9578.501104566265,474.5489071897042,180.64332223734684,9.800668852864744,58.916092439054566,1.1129492637049867,6.4601009776017815,28.7632310357629,8.0,D,fora,0.88,Atlético-GO,0.0,4.0,1
2023,Mirassol,2023-05-03,10001.601082211497,512.2022197951062,190.49307120480904,9.446725764118193,55.16772788078909,0.6093465413597493,5.0272322411311485,28.660177800355598,6.0,D,casa,0.62,Novorizontino,0.0,4.0,1
2023,Ituano,2023-05-03,10053.179465586954,511.5683271576434,186.70630246990058,9.526131052269989,61.62856164614986,2.432000360405005,8.006082735473989,28.586644742028856,10.0,V,casa,1.66,ABC,3.0,4.0,1
2023,Vila Nova,2023-05-04,10105.769401375393,533.3797334882411,180.7161990095292,9.190048115288926,61.575204900718205,2.1123791250058677,6.866237971177769,29.022040322959207,10.0,V,fora,1.86,Avaí,3.0,3.0,1
2023,Avaí,2023-05-04,10626.443672220335,634.6169749518305,118.47069590842119,7.5791612830103166,56.831353281196876,0.5852170463561148,4.664219653179193,27.66375382522952,7.0,D,casa,0.67,Vila Nova,0.0,4.0,1
2023,Juventude,2023-05-06,9156.700687658085,351.1518764626622,104.56849100536606,5.533324586908729,41.38114389050422,0.8510567808429662,5.851571637945299,27.414234215067488,9.0,D,fora,1.85,Sampaio Corrêa,0.0,5.0,1
2023,Ituano,2023-05-06,9681.334196991489,555.4473399227866,204.19317818559333,9.926464405056722,60.05022569237922,1.655074563917336,5.937856733462382,29.321650030820475,10.0,D,fora,0.68,Criciúma,0.0,5.0,1
2023,CRB,2023-05-06,9786.096780606946,466.52633447083394,168.0405535329095,8.526103470708408,55.15842305892557,1.1307336308334948,6.778788048254374,28.537334368116493,10.0,E,casa,0.86,ABC,1.0,4.0,1
2023,Novorizontino,2023-05-06,10247.7338645369,514.489589593308,155.15413158329207,7.555322767046394,51.882465191789116,1.2380515656815805,4.2118491002146285,28.545964724010794,8.0,E,fora,2.69,Chapecoense,1.0,5.0,1
2023,Botafogo-SP,2023-05-06,9809.035747470467,517.5308494464164,205.00954706786035,10.250215341420779,60.19296895693172,1.906730147798909,7.150088202574563,29.936443820522335,8.0,D,casa,0.58,Vitória,0.0,5.0,1
2023,Sampaio Corrêa,2023-05-06,9183.906428495113,347.4990218494578,98.68393263529035,4.928723222394359,38.82570890539024,0.600812009188525,4.206501949890486,28.019760670976016,8.0,V,casa,1.77,Juventude,3.0,5.0,1
2023,Mirassol,2023-05-06,9659.798395288562,504.2897751359771,164.4824168015283,9.636517284596572,57.71263290461531,1.4251550807344582,6.7883191170923425,28.670658165313995,9.0,E,casa,1.89,Vila Nova,1.0,5.0,1
2023,Criciúma,2023-05-06,9782.172163994277,568.6810110596323,216.74977870059996,10.761058671563083,61.8725712577663,1.9222450199628502,4.804559643017273,29.457446036253387,10.0,V,casa,1.19,Ituano,3.0,5.0,1
2023,Avaí,2023-05-06,9903.888964374977,508.64839191112276,134.10377357362384,8.288836536276772,58.87220686191267,1.399159062914818,6.24390201026058,27.793610456703455,10.0,V,fora,0.38,Tombense,3.0,5.0,1
2023,ABC,2023-05-06,10139.77018620283,495.4293599056603,143.59764728773584,7.004362735849057,50.94471992924528,2.1224034198113206,6.155423231132075,27.94237617924528,10.0,E,fora,0.58,CRB,1.0,5.0,1
2023,Tombense,2023-05-06,9639.146237174547,484.3957999779873,159.04385625710825,9.467325824558829,61.41491274412687,2.0923170806276064,7.596038326546085,28.21003411967568,9.0,D,casa,1.18,Avaí,0.0,4.0,1
2023,Vila Nova,2023-05-06,9602.880561308753,468.60421148953264,146.72910023211173,8.63678268535464,53.02496295139044,1.1057183189751372,6.428106168816676,28.624784627058872,10.0,E,fora,1.67,Mirassol,1.0,4.0,1
2023,Vitória,2023-05-06,9697.659823468563,527.5402496177027,189.24112631555278,10.322503935414233,64.26021925879284,1.3144348745165064,7.2861680309436005,29.214628496896648,10.0,V,fora,1.66,Botafogo-SP,3.0,4.0,1
2023,Chapecoense,2023-05-06,10139.912188623752,545.4144888350654,184.8455887695711,10.455148103752949,60.0579953783226,1.112351988927746,6.114807780235532,28.55379805494111,9.0,E,casa,0.48,Novorizontino,1.0,5.0,1
2023,Guarani,2023-05-07,9396.81032532711,345.21182296209844,93.54432164137846,6.857148596351127,45.88895828982124,1.436133792001966,4.754761963265557,27.420428773266174,9.0,D,fora,0.27,Sport,0.0,5.0,1
2023,Ceará,2023-05-07,9412.216607849567,469.3716679156031,161.97324766409855,7.271900803222257,50.47758319087652,0.421298269442428,5.058468257499474,28.380338617895703,9.0,E,fora,0.34,Ponte Preta,1.0,4.0,1
2023,Sport,2023-05-07,9632.0998480152,398.26220689042214,119.28964414669643,7.499889011098891,50.69763590307635,0.998409492384095,4.3006995967069965,28.4837305158373,10.0,V,casa,2.13,Guarani,3.0,2.0,1
2023,Ponte Preta,2023-05-07,9711.385450236427,454.46251090755425,150.59792859264,8.429485003540671,52.62928055828402,1.129817598282203,6.4761748178267124,28.927664070173833,9.0,E,casa,1.2,Ceará,1.0,5.0,1
2023,Atlético-GO,2023-05-08,9663.541405337997,442.5753760510144,148.68459695045127,6.827504049780155,48.019686302743565,2.082795248257952,6.248584248283666,29.595524671517833,8.0,V,casa,1.18,Londrina,3.0,5.0,1
2023,Londrina,2023-05-08,9535.899797334267,451.74660357371516,155.8895739479658,7.752700308480299,49.23924241895117,1.363481403876375,6.075712822303707,29.353010884116173,9.0,D,fora,1.81,Atlético-GO,0.0,5.0,1
2023,Ceará,2023-05-10,9689.450274573654,499.95074535018495,105.43036550030357,6.581886417572714,49.66979413874938,0.49708234450024835,6.333815056018544,28.97479717423699,8.0,D,casa,0.43,Vitória,0.0,5.0,1
2023,Vitória,2023-05-10,9155.167902075314,403.2430446017604,134.45317461171973,6.904860703614977,47.723614169201376,1.2113393986702916,6.418921159591936,29.3573174342548,8.0,V,fora,0.73,Ceará,3.0,5.0,1
2023,Tombense,2023-05-11,9050.408775105174,433.8477066066611,143.39943353505987,7.673205076241456,50.44003424226754,0.8803520664160226,4.277817998853933,28.988762945673596,8.0,D,fora,1.94,Sport,0.0,5.0,1
2023,Sport,2023-05-11,9760.654176641217,452.40882139165814,149.83749174807454,8.501454339345848,52.31136931950789,1.000767845830694,5.302298869736272,28.50631147267696,10.0,V,casa,1.76,Tombense,3.0,3.0,1
2023,Vila Nova,2023-05-12,9253.386939886073,504.18151329677204,186.83534098503247,10.310018987811734,58.237063359887976,1.0510614080682288,7.446411409659386,29.262632198661308,10.0,E,casa,3.71,Criciúma,1.0,5.0,1
2023,Criciúma,2023-05-12,9641.751886058915,547.505509270797,171.2483504460948,9.308359542441309,58.31681902008674,1.346242835069531,6.951918830683347,28.87180631012311,9.0,E,fora,0.41,Vila Nova,1.0,6.0,1
2023,Mirassol,2023-05-13,9945.973272081832,566.2755496137173,154.72711624890488,9.114080601668013,60.9286009625778,1.3317396943872386,6.348291936419804,28.478809634880367,10.0,V,fora,1.44,Juventude,3.0,6.0,1
2023,Guarani,2023-05-13,9954.902370621881,498.0676562678029,196.78399175079187,10.869679602579586,62.553822209055895,1.7434120274365927,7.383343208076018,29.23688900029624,10.0,V,casa,0.69,Sampaio Corrêa,3.0,6.0,1
2023,Avaí,2023-05-13,10339.25366158519,599.7770644238071,164.7951746393318,9.066155014309912,60.18692366100112,1.9718325448279892,6.833504176157937,27.79950937445243,7.0,D,casa,0.67,Chapecoense,0.0,6.0,1
2023,Ceará,2023-05-13,9386.805209572434,485.6389072872702,161.55563670513055,9.032834490128561,56.150915037618326,0.9707411405317301,4.954334797767727,28.44574108655994,10.0,V,casa,1.23,Tombense,3.0,6.0,1
2023,Sampaio Corrêa,2023-05-13,10309.963607902859,507.9907888033854,214.69532634331074,11.158067546259485,62.465920674923524,1.3347116615679036,5.336916348836269,29.773131089877495,8.0,D,fora,1.95,Guarani,0.0,6.0,1
2023,Chapecoense,2023-05-13,9762.432418441207,435.9831511678177,130.59467315515846,6.983595237831306,49.98391371340523,1.1972200729401072,5.985833878351863,27.710417798272935,10.0,V,fora,2.53,Avaí,3.0,6.0,1
2023,CRB,2023-05-13,9726.763828952693,500.7569579022735,169.68962768882753,7.938418196345372,50.80460989301761,1.4954113789417978,6.444909360699795,28.40427722032562,10.0,V,fora,0.47,Novorizontino,3.0,5.0,1
2023,Juventude,2023-05-13,9971.696221530292,573.3046236292363,177.07003473428273,8.932186895251325,60.62439574753137,2.2338953257579517,7.701977869299855,28.864407284275288,9.0,D,casa,1.17,Mirassol,0.0,6.0,1
2023,Novorizontino,2023-05-13,10030.686934635527,572.5698815703903,176.30800780403212,7.9075781258913596,56.477958971784545,1.9512230880691868,7.803763962257693,28.573222129679284,10.0,D,casa,1.91,CRB,0.0,6.0,1
2023,Tombense,2023-05-13,8943.799888850584,437.57148607363206,183.2663581032085,9.308362953364796,53.91929363654735,1.1779725633313918,6.097950214571868,29.483264583159972,9.0,D,fora,1.2,Ceará,0.0,6.0,1
2023,Atlético-GO,2023-05-14,10309.203317695772,590.5102595614876,89.49756813902015,8.32581497021155,53.3224491503959,1.48588754170934,7.235666633629568,28.293502703536074,10.0,V,fora,1.07,Vitória,3.0,6.0,1
2023,Botafogo-SP,2023-05-14,9124.21061222526,317.49303504233296,128.7309114427435,6.061410993756947,42.62125502437355,1.0594569400496021,5.965130633712477,28.221310826990504,10.0,V,fora,0.9,ABC,3.0,6.0,1
2023,Ponte Preta,2023-05-14,9324.327604458476,452.0872371678006,179.95437087761422,9.470935420279545,54.82705767263995,2.9334489454103485,7.602247024471222,29.41001971334133,8.0,D,fora,1.18,Londrina,0.0,6.0,1
2023,Sport,2023-05-14,9643.28999698763,454.2186943518021,142.14269908552987,7.648942657342658,52.38320258203336,0.4844488434642282,5.4235025282409906,28.37076923076923,10.0,E,fora,0.71,Ituano,1.0,4.0,1
2023,Vitória,2023-05-14,8862.766783674637,413.6701366682439,107.05646423187383,7.627967032362423,50.607041385609115,1.8823907039184833,7.033352553451369,28.504776786205532,10.0,D,casa,1.25,Atlético-GO,0.0,6.0,1
2023,Londrina,2023-05-14,9695.098265903736,420.37290912150803,180.3464725681589,10.601100639515316,57.25426321104006,2.0195439246045104,6.360877482329182,28.996297542914846,10.0,V,casa,3.21,Ponte Preta,3.0,6.0,1
2023,ABC,2023-05-14,8875.947344824957,407.46461932728243,159.52625978186254,7.689378842193579,49.1495757760659,1.6486454122492566,4.940489665166654,29.109771947219894,7.0,D,casa,1.87,Botafogo-SP,0.0,6.0,1
2023,Ituano,2023-05-14,9859.472786663824,485.50740385298934,169.54775621430773,8.956653278358331,57.473900381507555,0.9596603161062536,5.438023388071372,28.30724745859103,9.0,E,casa,1.18,Sport,1.0,6.0,1
2023,Tombense,2023-05-19,9826.328992938024,534.8817272616583,202.40261536588332,10.629193960793861,61.587103372701804,1.973648118835992,6.686513697796175,28.78854620723243,9.0,D,casa,1.24,Londrina,0.0,7.0,1
2023,Vitória,2023-05-19,9222.164210395056,454.9060369551663,141.80750371252054,6.835997279374255,50.60028453210904,1.0208465680439833,7.244488352321033,28.210321373915995,10.0,D,fora,0.28,Mirassol,0.0,7.0,1
2023,Londrina,2023-05-19,10214.399735816432,488.259942085472,159.9544139928087,7.905672192792249,52.49655984958692,0.8639346197128976,5.6835502154640025,28.75199681607334,8.0,V,fora,0.81,Tombense,3.0,7.0,1
2023,Mirassol,2023-05-19,9863.638991464484,577.7448138346907,182.2366523865818,9.76043979046235,63.44584796590132,1.853117360606488,7.514880969165862,29.043745865102,10.0,V,casa,1.68,Vitória,3.0,7.0,1
2023,Ituano,2023-05-20,10116.202896440329,563.281403770514,209.39976572999765,10.987035744670358,64.02919522089196,1.5548130155481301,6.659409516294095,29.244074818440744,9.0,D,casa,0.73,Novorizontino,0.0,7.0,1
2023,ABC,2023-05-20,8826.745038537685,331.37829886316945,100.0751154885383,5.716498238099388,43.81775746784375,1.0102832737732066,5.044000074709566,28.382371032610727,9.0,D,fora,0.17,Sampaio Corrêa,0.0,7.0,1
2023,Novorizontino,2023-05-20,9721.429514951762,543.8294769409506,171.27452505430114,10.342149441834621,62.16767250088397,1.4786336313582866,7.957626408041621,28.90487826438349,9.0,V,fora,0.69,Ituano,3.0,7.0,1
2023,Avaí,2023-05-20,10325.502298851858,494.1754615444696,180.75956953014293,9.137585887551188,56.436938397509564,0.7025978822400499,6.22571962554255,28.5441694654274,10.0,E,fora,1.01,Atlético-GO,1.0,7.0,1
2023,Botafogo-SP,2023-05-20,9017.006522486248,360.43024172554857,117.48971198112362,5.540142214129084,42.46977968992447,0.46187622626024294,5.884180761980482,28.177829214808742,8.0,D,fora,0.8,Sport,0.0,7.0,1
2023,Sport,2023-05-20,9081.842975475834,385.1934640127845,137.83277991763813,8.112759634493639,49.14111967055256,1.3826996045811222,4.702738429388023,29.05304861808273,10.0,V,casa,1.02,Botafogo-SP,3.0,5.0,1
2023,Sampaio Corrêa,2023-05-20,8899.026087598493,363.27844715525697,131.02619633764334,6.954333696717127,49.18399216194958,1.4898295776008388,6.5829552761946815,28.38408792967834,8.0,V,casa,0.52,ABC,3.0,7.0,1
2023,Atlético-GO,2023-05-20,10331.44159506615,610.5206810251168,179.4624402121813,10.010022240685116,65.11240723461367,1.0346529047101682,7.131979420975267,29.00481498050745,8.0,E,casa,0.55,Avaí,1.0,7.0,1
2023,CRB,2023-05-21,9531.383445740119,482.13398979413654,179.33969595840045,8.20927511205107,53.6110980034537,0.5227493742602689,5.940684336133802,28.672616853256756,6.0,D,casa,1.25,Vila Nova,0.0,6.0,1
2023,Ponte Preta,2023-05-21,9340.852757769653,463.98637263863503,197.7154384521633,8.95764137720902,56.490732784887264,1.8280807434491166,7.953090188909202,29.179881170018284,10.0,E,casa,0.71,Guarani,1.0,7.0,1
2023,Vila Nova,2023-05-21,9544.755740023442,495.66600245576825,162.5423726070213,8.540872132611488,54.849483842161085,1.1054961210024001,7.0318585700731155,28.914953396215886,10.0,V,fora,2.08,CRB,3.0,6.0,1
2023,Chapecoense,2023-05-21,9964.90192215034,571.6317158866362,183.56131323931464,9.987247516444253,61.63291476057711,0.9752448366402297,6.332226808867715,28.627519421811986,8.0,D,casa,0.67,Juventude,0.0,7.0,1
2023,Ceará,2023-05-21,9228.628366370473,419.40024053640593,126.74744903384001,6.152419468584882,48.62899543230371,0.5850384619557553,4.980397747615793,28.249941954453234,10.0,V,fora,1.92,Criciúma,3.0,7.0,1
2023,Guarani,2023-05-21,9585.697350115008,486.37973021776054,191.43695070831276,8.60788935703691,52.622140308261145,0.7739969689804166,6.286737784561148,29.43018981491434,10.0,E,fora,1.31,Ponte Preta,1.0,7.0,1
2023,Juventude,2023-05-21,9835.97373636877,494.039041577964,186.21787276795408,9.58080896728505,60.80165518964243,1.0759487552678455,6.059704131728722,29.542239431724376,10.0,V,fora,1.53,Chapecoense,3.0,7.0,1
2023,Criciúma,2023-05-21,9489.00345321044,475.04396111534834,101.68472006411831,5.236359864007136,43.863085693602386,0.815204312473338,5.235422392285121,27.099170081569866,8.0,D,casa,1.64,Ceará,0.0,7.0,1
2023,Mirassol,2023-05-23,10236.515021620067,521.5817675410782,181.6099075237821,10.065810550590951,62.05779417699626,1.3500912078408762,5.395707235514559,29.32094205823004,10.0,D,fora,1.82,Botafogo-SP,0.0,8.0,1
2023,Botafogo-SP,2023-05-23,10075.092402524528,541.9120857361912,200.50369778992635,10.800093225329732,64.99941675833641,2.2008523617453912,7.199992221962953,29.830202117848376,10.0,V,casa,1.19,Mirassol,3.0,8.0,1
2023,ABC,2023-05-24,9178.037379516452,441.0990598897023,169.70506262026854,8.222597907999269,52.24534513711958,0.7743823437718363,5.805351157265564,29.805873942443103,10.0,V,casa,0.34,Tombense,3.0,8.0,1
2023,Ceará,2023-05-24,9888.246218414657,489.5838143220179,146.41309233961803,8.289109340494711,54.130426575521845,1.4001402683297637,5.692821235559797,28.62122002374796,10.0,V,fora,1.44,Londrina,3.0,8.0,1
2023,Avaí,2023-05-24,10153.593064351257,545.2145251539416,215.43596855453066,7.884878428700076,52.352172706695555,0.5489682868060458,5.147933166208291,28.77470489449218,9.0,D,fora,1.07,Novorizontino,0.0,8.0,1
2023,Londrina,2023-05-24,10083.739871744983,553.7575668902828,144.8497397543854,8.40385340949772,60.51653649197627,1.1207846280760192,5.881890671937989,28.4437203293539,7.0,D,casa,1.9,Ceará,0.0,8.0,1
2023,CRB,2023-05-24,8996.975039196592,395.1590542909312,108.8948563603165,6.3538363968350575,45.2454472306756,0.6583508216676811,5.2578612294583085,28.050741326841145,9.0,D,fora,0.56,Vitória,0.0,7.0,1
2023,Atlético-GO,2023-05-24,11239.296602199678,783.8185835616061,110.38286728977108,12.387486888653351,74.57863490577725,1.3641986592701694,6.319146833317273,30.016873373986538,8.0,D,fora,0.8,Juventude,0.0,8.0,1
2023,Vitória,2023-05-24,8925.083685434383,451.3642589229203,119.0024842455764,6.067392058119376,46.68443449186824,0.4958683508076722,5.446556867277581,27.389109496684004,8.0,V,casa,1.35,CRB,3.0,8.0,1
2023,Juventude,2023-05-24,10236.299137822825,589.1270594972856,125.39465591364106,11.297241189945712,68.48700112969529,2.6823742429472492,7.482496312800074,29.178945303919413,7.0,V,casa,1.16,Atlético-GO,3.0,8.0,1
2023,Vila Nova,2023-05-24,9760.625188870508,539.7156549297416,219.26456644839567,11.638530864772914,65.11804674574138,1.154673525505092,7.65427772469881,30.45189802623914,10.0,V,casa,2.26,Ituano,3.0,7.0,1
2023,Novorizontino,2023-05-24,10882.413767295757,638.9019596347542,63.868474539627634,7.6693636178655,55.05507427001731,0.2288500864787872,4.693099501475227,28.48237994709533,9.0,V,casa,1.19,Avaí,3.0,8.0,1
2023,Tombense,2023-05-24,8426.71462114225,385.56380773323883,164.7421191912026,8.621051791415397,48.52663178432069,0.7444874068818731,5.640289819084782,29.851727562965593,9.0,D,fora,1.55,ABC,0.0,8.0,1
2023,Ituano,2023-05-24,9840.045216480798,511.02331634455265,158.15556529747184,7.379974012211737,50.40891065751627,1.2492519049301103,6.017801004188324,28.764965686027146,9.0,D,fora,0.41,Vila Nova,0.0,8.0,1
2023,Guarani,2023-05-25,9552.61081764646,426.9655860026552,129.59083693592495,6.740870181888327,48.60874856747342,1.4304037171937234,7.046556830173266,28.849407132564032,10.0,E,casa,2.66,Chapecoense,1.0,8.0,1
2023,Chapecoense,2023-05-25,9846.316051520489,505.64027689996374,164.9303086307828,9.090809200642386,57.23312218308035,1.6318002383049266,6.176236724861419,28.79419908822463,8.0,E,fora,1.98,Guarani,1.0,8.0,1
2023,Sampaio Corrêa,2023-05-25,9081.029680002877,374.76125289244305,151.1772835613318,7.769322119246586,48.12677521071374,0.7550682796407976,5.286640809524381,29.172586233769348,9.0,E,casa,1.57,Ponte Preta,1.0,8.0,1
2023,Sport,2023-05-25,9721.146980567335,478.9716258134737,151.5285079703408,8.979706355864947,54.8955635926623,1.4297489852837804,5.203377247681458,28.49185505997597,9.0,D,fora,0.9,Criciúma,0.0,6.0,1
2023,Ponte Preta,2023-05-25,9300.304232518662,451.19063059043714,163.162857298309,7.736768700080524,53.96146521143005,0.979166358353827,6.461523101699711,28.64365165727219,10.0,E,fora,1.73,Sampaio Corrêa,1.0,8.0,1
2023,Criciúma,2023-05-25,10074.298640298925,541.3660884500248,164.7574574117546,8.918156052807271,57.9571472874895,1.4538599702797577,5.332494777421231,28.643721060452695,10.0,V,casa,0.81,Sport,3.0,8.0,1
2023,Londrina,2023-05-27,9831.837697682718,489.14881362912524,167.41524120037337,8.029277222557795,51.520791142715936,0.6177812860359123,5.560723738399868,28.703305694360548,8.0,D,fora,0.9,Ituano,0.0,9.0,1
2023,Botafogo-SP,2023-05-27,9453.381632920262,357.4281894086435,281.249939244984,7.545009475026127,48.06202673680101,1.65461094968474,6.513435931596052,29.209833354388948,9.0,E,fora,0.86,Atlético-GO,1.0,9.0,1
2023,Atlético-GO,2023-05-27,10993.632590421506,670.6086778219558,32.86407188074331,10.488398419200228,61.62229816574373,0.9730858028324665,5.729231822604476,29.43013489651527,9.0,E,casa,1.27,Botafogo-SP,1.0,9.0,1
2023,Avaí,2023-05-27,10128.662375209422,605.02606102789,176.5074772100128,9.201368384744258,60.97989886173253,0.7769281561052528,6.762779146545776,28.634209618606484,9.0,E,casa,1.91,Vitória,1.0,9.0,1
2023,Ituano,2023-05-27,9886.96739152657,514.453272368112,200.78403820916964,10.940726333383981,62.16167037338895,1.7407024353856142,6.712941940296445,28.946980978298406,8.0,V,casa,1.2,Londrina,3.0,9.0,1
2023,CRB,2023-05-27,10153.027635454353,575.6696331087286,198.85931833018,10.156770781469556,62.835089343999286,0.7962675783627089,5.974199997787145,28.485600955953128,10.0,D,casa,1.16,Juventude,0.0,8.0,1
2023,Vitória,2023-05-27,9328.280587043577,442.6241373835984,134.0346377034808,6.719567329336778,47.022730848517874,1.1735722578963583,5.864453000971496,28.57658697249011,9.0,E,fora,1.19,Avaí,1.0,9.0,1
2023,Juventude,2023-05-27,9934.386467169486,512.77210062773,190.97358080530825,8.162423443205958,53.811406305940764,0.32189512375587753,4.725018736425042,29.306025491085283,9.0,V,fora,1.39,CRB,3.0,9.0,1
2023,Criciúma,2023-05-28,9325.332004069294,491.7265620222317,161.59826940098628,7.965397675675053,52.348705987838095,1.035235593668456,5.997939374432426,29.289276148655638,10.0,D,fora,0.21,Mirassol,0.0,9.0,1
2023,Guarani,2023-05-28,9414.697134362332,410.8619089758181,120.38112111408073,5.640735047762759,42.581187355337015,0.45966687553549274,5.295881916648551,28.366366577577722,8.0,E,fora,0.91,Tombense,1.0,9.0,1
2023,Ceará,2023-05-28,8984.96513405772,416.6973942833414,109.37585064710359,5.730573742127483,44.22338819295453,1.1224430756453734,4.112557131981452,28.430475465430135,8.0,D,casa,0.4,Novorizontino,0.0,9.0,1
2023,Sport,2023-05-28,9452.510614319832,374.77613218484083,112.89140902872775,6.15556331006979,41.839994783092585,0.9394577894224304,4.17309130747293,28.5648496371351,9.0,V,casa,2.64,ABC,3.0,7.0,1
2023,Novorizontino,2023-05-28,9219.391637535515,431.420601306756,131.83481045404795,7.761738140249634,50.345358805125315,1.3932166981747425,4.677441765336694,28.378898433440572,10.0,V,fora,2.88,Ceará,3.0,9.0,1
2023,Vila Nova,2023-05-28,9004.22018593055,464.0880730529283,186.76104671183563,9.862314796180765,54.338464591578905,1.7114353435746072,6.742293441559895,29.05153507300821,10.0,D,fora,0.91,Ponte Preta,0.0,8.0,1
2023,Ponte Preta,2023-05-28,8673.253894546231,430.87901799611393,187.87869398467942,9.61430289219626,55.1186986642794,2.1990042625052135,7.324283970335405,29.290321366443198,10.0,V,casa,2.51,Vila Nova,3.0,9.0,1
2023,Tombense,2023-05-28,9004.260311058688,434.65521868207605,179.5153302762021,9.185588851190163,54.98554630758628,1.433668557493506,4.653685919524996,29.752198748873454,8.0,E,casa,1.92,Guarani,1.0,9.0,1
2023,Mirassol,2023-05-28,9485.399959091106,515.1545237423499,171.19867952168065,8.788101263075655,56.83979773427666,1.7579415339207431,6.346763856938235,28.689765180780412,10.0,V,casa,1.8,Criciúma,3.0,9.0,1
2023,ABC,2023-05-28,9460.098872431357,359.3475163046661,113.91686165915347,6.322227855511973,42.57289713716995,1.3715240325507876,5.1656496692231135,29.229207891809615,10.0,D,fora,1.28,Sport,0.0,9.0,1
2023,Sampaio Corrêa,2023-05-29,9544.166111836104,449.0995310136158,185.31568269219665,9.66686630250257,57.58008211015002,0.9358965712371956,6.234298945617904,29.981511935420542,9.0,V,fora,1.13,Chapecoense,3.0,9.0,1
2023,Chapecoense,2023-05-29,9502.115981565717,466.8780566195835,127.79725086784775,8.080696971510653,50.76553627005028,0.9430886401723727,6.194301382571224,27.833120361503475,7.0,D,casa,0.64,Sampaio Corrêa,0.0,9.0,1
2023,Ceará,2023-06-02,8919.845883023698,459.68289622306605,134.57453285857204,7.7448972127497075,49.377216729956224,0.6768347335922288,5.033083617508794,28.51421594466378,10.0,V,casa,1.33,Chapecoense,3.0,10.0,1
2023,Botafogo-SP,2023-06-02,9692.543629704076,524.5300958123952,200.00169268565045,11.25722936906756,66.33341652707983,2.3121637074260186,7.436908654383026,29.59243886097152,10.0,E,casa,0.88,Tombense,1.0,10.0,1
2023,Tombense,2023-06-02,9432.848552539213,501.19198275410463,205.47464381882384,11.126436511844767,63.084650524396764,1.6022650168163197,6.977733411565019,29.626674559684844,10.0,E,fora,1.05,Botafogo-SP,1.0,10.0,1
2023,Chapecoense,2023-06-02,8996.323957976982,414.97386622320766,113.17465695280329,6.557499841621792,44.757294477879846,0.85422817020378,5.416837081617568,28.33951325097667,10.0,D,fora,1.12,Ceará,0.0,10.0,1
2023,Avaí,2023-06-03,9616.972222222223,536.1174010459915,140.288615882173,7.997534635723965,57.82135935200969,1.047902189589616,6.425116326500881,28.25863817140859,7.0,D,fora,0.95,Juventude,0.0,10.0,1
2023,Criciúma,2023-06-03,10426.494631766149,589.274706392175,200.06981945679456,10.940647771912246,64.52876399941469,1.7224366579246535,6.482872032686875,28.94737458212802,10.0,V,casa,2.22,Atlético-GO,3.0,10.0,1
2023,Ponte Preta,2023-06-03,9475.45553861164,436.6777819535287,131.82847721605896,7.1541292957033935,51.49283091822353,1.7338626097640297,7.373670003252267,28.981617461063124,9.0,D,fora,0.23,Mirassol,0.0,10.0,1
2023,Atlético-GO,2023-06-03,10240.776782786143,582.9149376335776,192.56849885892993,9.996919956047673,62.7040351618629,0.8698711617180046,4.999067944987139,29.39615417124503,9.0,D,fora,0.88,Criciúma,0.0,10.0,1
2023,Juventude,2023-06-03,9646.904848095459,500.04529172403244,181.45980429350874,9.454949977053694,58.190793024323085,1.376087501912192,6.333090816378564,29.110689918923057,10.0,V,casa,1.63,Avaí,3.0,10.0,1
2023,Novorizontino,2023-06-03,8851.82895510245,397.54232035347275,88.65422878099457,5.858550936878074,42.13035197076089,0.22558171554454082,4.505845192945565,27.593346100409295,8.0,V,fora,2.45,ABC,3.0,10.0,1
2023,Sampaio Corrêa,2023-06-03,9746.326132167043,497.64985318449556,195.26705607888988,10.028002382580688,60.356737408722886,1.4883158684285998,6.453945818350283,29.9303249575327,10.0,D,fora,0.6,Vila Nova,0.0,10.0,1
2023,Vila Nova,2023-06-03,9689.306545088992,446.9046975401099,173.17587486000355,8.622450984360874,55.49921156674628,1.821598591264219,7.89365178318423,28.555674749355678,8.0,V,casa,1.42,Sampaio Corrêa,3.0,9.0,1
2023,Vitória,2023-06-03,8278.654161900165,401.4778490670665,175.96944712007476,8.501617153243444,50.18521272116737,1.4797520050112443,6.470131442478513,29.53830110596523,10.0,V,casa,2.67,Ituano,3.0,10.0,1
2023,Mirassol,2023-06-03,9979.085940134099,540.8397734674329,176.0768427921456,9.589784841954023,60.56102155172413,1.615389846743295,6.572879190613027,28.985847701149424,9.0,V,casa,1.57,Ponte Preta,3.0,10.0,1
2023,Ituano,2023-06-03,8381.987181489532,390.2264956760077,138.43912007939133,7.4422407967487345,47.7405070648835,2.444969519398894,7.974613912385992,29.270692547611173,9.0,D,fora,1.09,Vitória,0.0,10.0,1
2023,ABC,2023-06-03,9099.308158603726,352.6410103080708,121.34206688532271,6.4322589902776155,41.641410331498186,0.8433220100737965,4.744693100620827,28.358082464566007,9.0,D,casa,0.55,Novorizontino,0.0,10.0,1
2023,CRB,2023-06-04,9786.344371309977,388.68648472238357,98.09791510440319,5.2275478712730115,42.30144421795292,0.9504641902810489,5.036236942998068,27.862359924377646,10.0,V,fora,0.24,Guarani,3.0,9.0,1
2023,Sport,2023-06-04,9779.94627840414,447.648921949277,133.83676908335198,8.399428308320266,54.76727146021554,1.231460962194181,5.48776077055178,28.990789964907037,9.0,V,fora,1.28,Londrina,3.0,8.0,1
2023,Londrina,2023-06-04,10001.349382886216,409.2550500907686,135.54268383424105,8.571275017369283,53.551638875815236,1.1108863936887874,6.1527370626863,28.255419216029047,10.0,D,casa,0.72,Sport,0.0,10.0,1
2023,Guarani,2023-06-04,9575.315933480179,409.54969691629947,131.72690859030834,6.3434798458149775,47.57740264317181,0.2971546255506608,5.151897026431718,29.59255176211454,10.0,D,casa,2.08,CRB,0.0,10.0,1
2023,Tombense,2023-06-06,8973.842192457128,372.43462081154513,133.568869445824,7.493472145131606,49.03660862960474,1.444963483392247,7.757060120943005,28.919705822207938,7.0,D,casa,2.1,Vitória,0.0,11.0,1
2023,Vitória,2023-06-06,8839.160811934516,411.62415215799297,104.60776641232196,7.016796319482177,48.37028607876026,0.8493445701731592,5.846786988259196,27.834728685833078,9.0,V,fora,1.5,Tombense,3.0,11.0,1
2023,Ponte Preta,2023-06-06,9386.041920278176,466.51935372818133,164.97120906830008,8.498330953806475,54.40291887348593,1.763240915580528,8.29037281812739,28.9159973287892,9.0,E,casa,0.68,ABC,1.0,11.0,1
2023,Vila Nova,2023-06-06,9654.481007527953,489.60226812797526,126.0348619506255,7.870610539134286,55.09812587180339,0.49777061884202367,5.878397099523968,27.82709288165615,10.0,V,fora,1.32,Chapecoense,3.0,10.0,1
2023,ABC,2023-06-06,9771.040880941022,440.35393987679004,178.11444692533317,9.682859100181668,56.175285849123625,2.0098740497914367,7.764462047477444,29.71259806558342,10.0,E,fora,1.66,Ponte Preta,1.0,11.0,1
2023,Chapecoense,2023-06-06,9979.415347952006,470.1803918080264,141.37968680182044,7.6969743483657425,53.621171424631086,2.2341708729830367,5.587948145083437,28.946239139429046,8.0,D,casa,1.06,Vila Nova,0.0,11.0,1
2023,Sport,2023-06-07,9208.202634283924,426.0594415543717,120.42786284341378,6.769914029040009,47.66365580277865,0.8454591037292385,5.358096730387548,28.329371148020474,10.0,V,casa,1.02,Avaí,3.0,9.0,1
2023,Atlético-GO,2023-06-07,10048.021954927075,572.2235323560958,201.72532812249577,10.98530728736454,64.3559590941033,1.886714336789417,7.099970411647948,29.629201237779398,9.0,D,casa,1.86,Ceará,0.0,11.0,1
2023,Guarani,2023-06-07,9397.205553249967,452.51081534433484,133.1720855649831,6.549518615489912,48.6920904537899,1.0755971405912195,5.280025747715839,28.35063065607787,10.0,D,fora,0.53,Novorizontino,0.0,11.0,1
2023,Londrina,2023-06-07,9619.596234887493,337.60465641532056,79.73507159483671,4.0621264019186,36.185716159977424,0.7619327079071736,4.6971243563518374,26.98113282076603,8.0,D,fora,1.28,Sampaio Corrêa,0.0,11.0,1
2023,Ceará,2023-06-07,9848.422649178818,558.1870086342144,193.33584778768832,10.962476713951881,62.4058972671121,0.9867799975863696,6.122935194022975,28.926453389505102,10.0,V,fora,1.63,Atlético-GO,3.0,11.0,1
2023,Avaí,2023-06-07,9229.061786672777,383.4062363902163,90.42647378411993,5.302927930876481,42.710106259955054,0.49200039274726726,5.302681372869892,28.054647509327747,10.0,D,fora,1.67,Sport,0.0,11.0,1
2023,Ituano,2023-06-07,10166.662207184114,597.9582879341968,201.0638170591385,11.893196965036399,68.18358841154289,2.459422741720496,7.4849780694259325,29.139280221470315,10.0,V,fora,0.81,Botafogo-SP,3.0,11.0,1
2023,Novorizontino,2023-06-07,9827.036266584553,567.3813649034098,178.81942207960586,8.557310709192272,58.148718397510706,1.5551205756514972,7.195048835299709,28.802232162150474,10.0,V,casa,2.12,Guarani,3.0,11.0,1
2023,Sampaio Corrêa,2023-06-07,9152.423768850738,373.31981004822484,132.53856221480703,5.413624058199997,41.28080814988622,1.5919926660456778,5.516480998927026,29.929768544174696,9.0,V,casa,1.32,Londrina,3.0,11.0,1
2023,Botafogo-SP,2023-06-07,10016.558139279683,595.0218751464188,198.63407518834074,10.319711971197119,65.69413412574134,1.5535247771352476,5.991793275217932,29.369289668692897,9.0,D,casa,0.53,Ituano,0.0,11.0,1
2023,Juventude,2023-06-08,8859.39936542442,473.1909189436568,174.1133263992178,8.23674703306533,51.205525311255116,1.9651150889820372,6.082768896331507,29.11515658966332,10.0,V,fora,2.0,Criciúma,3.0,11.0,1
2023,CRB,2023-06-08,9732.686123008196,401.1254282951091,124.55419614073868,6.735566685087962,50.361922722667394,0.5184784010315925,6.527856912590954,28.26901768444321,10.0,V,casa,0.7,Mirassol,3.0,10.0,1
2023,Criciúma,2023-06-08,9777.035631055543,638.8728027371856,115.97439100821795,9.207972372333963,59.282138905765365,1.4388910561826496,6.810399386051866,28.90355258529722,10.0,D,casa,0.45,Juventude,0.0,11.0,1
2023,Mirassol,2023-06-08,9987.010035729043,400.64006295117025,131.02977079940695,6.2359556911260725,48.563681306662126,1.09424251999125,5.468717157232092,28.717699244099848,9.0,D,fora,0.95,CRB,0.0,11.0,1
2023,CRB,2023-06-10,9243.050667069885,412.0277626876341,134.60339286303406,7.719648760103371,48.89176554681915,1.386082806400176,5.938931104635178,27.935016220377193,10.0,V,fora,2.04,Ceará,3.0,11.0,1
2023,ABC,2023-06-10,9690.583424506034,344.36215564097375,74.89517836671386,5.463874839840852,37.02304929529975,0.8502689324971339,4.492848067974914,26.744434553914626,8.0,E,casa,1.26,Chapecoense,1.0,12.0,1
2023,Chapecoense,2023-06-10,9572.463947431994,377.6547994878485,108.49079963279704,6.414309924143595,43.91777721408899,1.087813572015268,4.892626588394454,27.984982123012994,9.0,E,fora,1.29,ABC,1.0,12.0,1
2023,Vila Nova,2023-06-10,10037.000310101686,525.2459403779739,179.36324611473523,9.71143754796623,59.678672534535686,1.078622409823484,6.151149750575595,29.20439610514198,9.0,E,casa,0.92,Guarani,1.0,11.0,1
2023,Sampaio Corrêa,2023-06-10,10107.667451250347,515.8853380373051,115.56768384543082,8.100956989104965,51.4706400667205,0.9528749387733488,5.122710255629542,28.493684057241953,8.0,D,fora,0.04,Novorizontino,0.0,12.0,1
2023,Novorizontino,2023-06-10,9719.229394103138,435.077550087289,142.15724720813589,6.983114695042537,50.37886524233104,2.1180390445312716,6.4855543547537895,29.032183334718876,8.0,V,casa,0.91,Sampaio Corrêa,3.0,12.0,1
2023,Ceará,2023-06-10,9127.862248603822,461.8749718517187,161.71219444225952,8.0919486925938,51.27324373827155,1.1117369905498187,5.562357264054476,28.580573752991814,10.0,D,casa,1.17,CRB,0.0,12.0,1
2023,Guarani,2023-06-10,9866.306511058621,466.312386622289,154.69676959415932,7.9225411208932774,54.206845179299975,1.2554171140219026,6.473002576766157,28.702759287094693,10.0,E,fora,0.66,Vila Nova,1.0,12.0,1
2023,Mirassol,2023-06-11,9889.971683480386,495.00485794679963,140.16913175775156,8.048395807658332,53.78921693514085,1.7665000927026648,6.577399526671103,27.931370581627423,10.0,V,fora,1.02,Londrina,3.0,12.0,1
2023,Ponte Preta,2023-06-11,9099.527557195363,435.276947064019,174.62409555827807,9.61586526681672,57.826088065187044,1.7952571298327586,7.308623749964387,29.205544317501925,7.0,E,casa,0.38,Sport,1.0,12.0,1
2023,Avaí,2023-06-11,9959.679213410278,528.4828002198407,166.50075339378952,8.60555306402858,57.08290244572685,0.8903234954657874,5.539168452871669,28.707209672987084,10.0,E,casa,0.56,Botafogo-SP,1.0,12.0,1
2023,Criciúma,2023-06-11,9712.157249779468,402.25116543394165,119.08381172106489,7.022359141390152,49.05854708104318,0.711618601705458,6.208894279704146,28.518115401144517,10.0,V,fora,0.35,Vitória,3.0,12.0,1
2023,Vitória,2023-06-11,9084.0758864309,433.93395045879,121.37773767213072,7.296928066595495,51.445363991405294,1.700328382815984,6.444959661617049,28.36838470790146,8.0,D,casa,1.41,Criciúma,0.0,12.0,1
2023,Londrina,2023-06-11,9647.816436116073,450.592428584353,136.4893755230362,7.225437880261462,50.48277780290865,1.7289322145070456,6.6154788184470625,28.101136543550535,9.0,D,casa,1.36,Mirassol,0.0,12.0,1
2023,Sport,2023-06-11,8894.389583940772,338.405708200753,96.29603133755053,5.250403128684254,38.56410265836745,0.7983666949786391,4.679102468212416,28.02810618257419,8.0,E,fora,1.59,Ponte Preta,1.0,10.0,1
2023,Juventude,2023-06-11,9944.17678650935,615.2942558993767,204.76181489314337,10.720473063223508,66.01584817453251,1.003329252003562,7.414858637577916,29.45518699910953,9.0,D,casa,1.62,Tombense,0.0,12.0,1
2023,Tombense,2023-06-11,9596.410868229572,438.9354708329129,170.2279965916608,9.385159373493439,57.01042716356665,1.2118644960927427,5.550916439630913,28.789509266422257,10.0,V,fora,1.43,Juventude,3.0,12.0,1
2023,Botafogo-SP,2023-06-11,9783.734764966766,480.2200849380351,177.61905827091243,8.413375175291582,53.6649537686265,1.0268352886183034,5.949681681887106,28.979016314943394,9.0,E,fora,2.17,Avaí,1.0,12.0,1
2023,Vila Nova,2023-06-18,9505.317680107124,397.58727019820157,111.99436458922533,6.960118897828671,47.99744057994436,0.7267187662330168,5.817821168430895,28.666336907963842,10.0,D,fora,1.29,Sport,0.0,12.0,1
2023,Sport,2023-06-18,9924.782471484605,371.5718572201434,106.61219128984264,6.186886073666652,42.909807718317474,0.9112905189125827,4.6646785537171445,27.618382850187096,10.0,V,casa,0.87,Vila Nova,3.0,11.0,1
2023,Ituano,2023-06-21,9532.406474518553,514.7897704321279,178.71381364490375,10.885867073743544,62.35447111319869,1.0574180366369188,7.609333842179429,29.04291451385627,9.0,E,fora,2.32,CRB,1.0,12.0,1
2023,CRB,2023-06-21,9383.171346528583,514.2112356315547,201.19236967135942,10.935947824754233,62.56290915858385,2.2656671337551724,6.60065027477941,29.002052635036012,10.0,E,casa,2.17,Ituano,1.0,12.0,1
2023,Atlético-GO,2023-06-23,9844.92271897119,521.6362079553385,177.8269470641013,10.137850264181042,61.280349416807894,1.6149189512511217,6.817620875286612,29.026464958628257,10.0,V,casa,1.69,Ponte Preta,3.0,12.0,1
2023,Sport,2023-06-23,9970.111254214431,363.69611694441767,104.47309604084384,5.634282824390714,41.93954435988825,0.7590562084577593,4.333264377227628,27.435061651093342,9.0,V,casa,2.09,Juventude,3.0,12.0,1
2023,Juventude,2023-06-23,9603.726962531224,459.80378168193175,111.50498218151542,6.1439711906744385,47.35833921731891,0.6004166527893422,6.293183846794339,27.71114071606994,7.0,D,fora,1.2,Sport,0.0,13.0,1
2023,Ponte Preta,2023-06-23,9580.669072040258,500.2428219997624,164.83572801589614,8.454968196887721,55.787011803328255,1.263546074016479,6.510104750488656,28.465492813252556,10.0,D,fora,0.24,Atlético-GO,0.0,13.0,1
2023,Chapecoense,2023-06-24,9811.740337275394,428.0580851808948,169.47661727862933,7.2747428679184285,51.03762034966729,0.848582608227149,6.063049082729452,29.50809110745939,8.0,E,casa,1.29,Criciúma,1.0,13.0,1
2023,Vila Nova,2023-06-24,9552.589218282375,450.6725347762588,177.55599037517658,8.619111260085715,53.97781454258147,1.2927612708597696,6.03235137788206,29.90479565206982,10.0,V,fora,0.69,Botafogo-SP,3.0,13.0,1
2023,Tombense,2023-06-24,9472.953102035392,455.04044104138467,141.19952354476894,8.703270885708761,55.153456536453305,1.3068007880487336,6.090370334558113,28.935158818410372,9.0,D,casa,0.62,Novorizontino,0.0,13.0,1
2023,Londrina,2023-06-24,9464.514039437421,441.0589150881491,112.8987651472068,6.791869504352771,47.639914585064965,1.3779256529157005,6.595465352815084,27.860433527275912,10.0,E,fora,0.25,Avaí,1.0,13.0,1
2023,Avaí,2023-06-24,9298.359156099132,445.04760218860633,133.82862310910843,6.952162858062439,47.27302864499517,1.3891992275506921,4.86653105889926,27.87775989700676,8.0,E,casa,1.43,Londrina,1.0,13.0,1
2023,Criciúma,2023-06-24,9849.834080900557,483.0041514354567,150.83263785116145,7.132572708165982,50.90427897047658,0.7923241304180377,4.6558870781385835,28.642649955434266,10.0,E,fora,1.01,Chapecoense,1.0,13.0,1
2023,Botafogo-SP,2023-06-24,9685.127585351447,515.972617838157,194.24770939161252,9.355497932663909,57.30522150029533,1.6999539279385703,6.806387477849969,30.342835203780268,9.0,D,casa,0.79,Vila Nova,0.0,13.0,1
2023,Novorizontino,2023-06-24,10245.202236955973,483.9654520642783,143.30762644619296,7.6684630746495195,52.00194831649159,1.0781848198000294,4.912011156821238,28.875640052721973,8.0,V,fora,2.04,Tombense,3.0,13.0,1
2023,Guarani,2023-06-25,9946.977196459167,467.11408543689316,171.15969708737865,8.944150999428897,57.67005414049115,1.1307134209023415,6.885916390633924,28.633031410622504,10.0,V,casa,0.23,Vitória,3.0,13.0,1
2023,Ceará,2023-06-25,8494.586685312992,349.9080414093716,81.51136299794165,4.35807385882068,36.83369778423538,0.6537441578883643,5.448742947088025,27.780915365056302,9.0,E,fora,1.16,Sampaio Corrêa,1.0,13.0,1
2023,Vitória,2023-06-25,9493.16195772583,421.5187936792376,120.71239390730635,7.08596196139122,48.50505375906167,0.6111757758410036,4.642966522766148,27.779433086258866,8.0,D,fora,0.74,Guarani,0.0,13.0,1
2023,ABC,2023-06-25,9377.587947226624,400.8686257414753,126.33856966108948,7.285609657389315,47.45712463721195,1.3537387694691443,5.828470566469712,28.820128811442718,10.0,D,fora,0.72,Mirassol,0.0,13.0,1
2023,Mirassol,2023-06-25,9422.27083431897,426.6426040674489,125.66434377584022,6.592577900124556,47.29056950564691,1.4136598666513152,5.746714326086728,29.0498456127864,10.0,V,casa,2.9,ABC,3.0,13.0,1
2023,Sampaio Corrêa,2023-06-25,8421.037308072411,345.83230161959796,94.59290295201666,5.336522340685276,37.87965573370229,1.3600660396005069,5.337117394691252,27.719300305781953,9.0,E,casa,2.83,Ceará,1.0,13.0,1
2023,Sport,2023-06-27,9989.559709310253,447.3336487804878,137.18438321531602,7.270581379491215,49.47353516915814,0.943616784683976,5.0978014162077105,28.224499344348285,10.0,E,fora,0.4,Chapecoense,1.0,13.0,1
2023,CRB,2023-06-27,9733.188512867953,495.1903792899499,177.71104156872258,8.871979253552526,55.825775489467546,0.4083615159465567,4.912241010631037,28.53764994919547,7.0,D,fora,0.89,Criciúma,0.0,13.0,1
2023,Criciúma,2023-06-27,10298.989686795652,541.174807190199,139.1841728593426,7.631765526321662,54.62987815491731,0.7030937716185758,3.8161606525183553,28.415476110776375,10.0,V,casa,2.02,CRB,3.0,14.0,1
2023,Chapecoense,2023-06-27,9909.188328948812,468.0986059958348,185.5880314863532,8.755417214731997,55.86171873287297,2.2191407705798536,5.548617779239287,29.739581278088355,8.0,E,casa,1.0,Sport,1.0,14.0,1
2023,Tombense,2023-06-28,9045.536137360943,473.2761725847388,227.56687623046088,10.45901563130055,55.717072511207576,0.6404497260371451,6.191802817903651,30.181336132261208,9.0,D,fora,0.38,Vila Nova,0.0,14.0,1
2023,Vila Nova,2023-06-28,9188.382573870169,480.2433304097379,211.10355098315773,10.026246696139669,55.896424245297545,1.1736194901091606,5.867206386080525,30.01591542117552,9.0,V,casa,1.63,Tombense,3.0,14.0,1
2023,Atlético-GO,2023-06-28,8884.916225786032,369.9524117957376,118.12614707744252,6.647599810086518,45.862522473095595,0.4748715973834143,4.9391121544629675,28.468127242034186,10.0,E,fora,1.24,ABC,1.0,13.0,1
2023,Ceará,2023-06-28,8729.9448087072,400.04105941451576,132.09958935273397,6.5487260234424625,46.561958889081346,1.2472654310295053,6.133233212079219,29.572061897338177,10.0,E,casa,1.59,Avaí,1.0,14.0,1
2023,Novorizontino,2023-06-28,9735.215129391705,507.24094197162503,153.33555891128296,7.99925774827985,51.951906959751575,0.7665773610180844,6.90377738537417,28.915039883090785,9.0,D,casa,1.73,Botafogo-SP,0.0,14.0,1
2023,ABC,2023-06-28,9215.74259487432,393.9408531501561,130.48041687202235,6.284049819287005,46.20415537210448,0.923870441103992,5.452349063578118,28.95978827829801,10.0,E,casa,1.15,Atlético-GO,1.0,14.0,1
2023,Botafogo-SP,2023-06-28,9694.755023886071,498.21771486143814,159.0426415051621,9.272465925556963,57.767002467850034,1.936137701503351,6.929297907987683,28.537246422749497,9.0,V,fora,0.7,Novorizontino,3.0,14.0,1
2023,Avaí,2023-06-28,8793.10639601886,386.59630144550005,109.71243427293194,5.9885689408633365,42.17492758342418,1.5282516670678017,7.008894426118105,28.516410176546376,8.0,E,fora,0.61,Ceará,1.0,14.0,1
2023,Mirassol,2023-06-29,9980.492613304477,536.7855502910091,140.22383491269727,8.321011283171895,56.92260679091463,0.3784716239783162,6.713282100308869,28.6133906246717,10.0,D,fora,0.9,Guarani,0.0,14.0,1
2023,Sampaio Corrêa,2023-06-29,9580.618954180865,413.72484962190316,104.3087464858228,6.299521039163712,49.675009352014406,1.2390214235716661,6.3014111788128115,27.205782184125674,10.0,D,fora,0.2,Vitória,0.0,14.0,1
2023,Ituano,2023-06-29,10063.305301482116,618.3243401638889,235.76020447191988,12.408567584696293,68.64756512747529,0.9999082711615651,6.9052843593991495,29.28014209630972,10.0,D,casa,0.94,Ponte Preta,0.0,13.0,1
2023,Ponte Preta,2023-06-29,9762.456986003319,526.1938235162173,207.02756202054638,9.891022161410435,60.15777107352743,1.513081737023911,7.569632138531246,29.923150598896417,10.0,V,fora,0.97,Ituano,3.0,14.0,1
2023,Guarani,2023-06-29,9738.713361816648,505.40573295961906,141.3088332175811,8.93091142474452,57.37050935112612,0.8928048417501738,8.261408125806131,28.08849216192083,9.0,V,casa,0.58,Mirassol,3.0,14.0,1
2023,Juventude,2023-06-29,10067.638304213893,530.1634287991055,195.88039439098944,10.70291416405999,61.65395104604004,1.4994626482236943,7.599332770370722,30.095859846097124,9.0,V,fora,0.91,Londrina,3.0,14.0,1
2023,Londrina,2023-06-29,9847.34804638469,489.17648752288716,131.5184723453748,8.082725503518006,53.58195534264558,1.9705100242978388,7.047368693789657,28.317068367899214,10.0,D,casa,0.44,Juventude,0.0,14.0,1
2023,Vitória,2023-06-29,9417.670190559194,451.766592193904,98.47126784284167,5.403881613039997,46.74536262778536,1.4818676685353562,6.784899538323834,27.279453055071375,9.0,V,casa,1.75,Sampaio Corrêa,3.0,14.0,1
2023,Avaí,2023-07-01,10027.462457991296,568.8550977907554,179.1229585146824,9.420815657539531,58.13912649440802,1.4873927056360532,7.808839182414194,28.409285989752636,8.0,D,casa,1.11,ABC,0.0,15.0,1
2023,Criciúma,2023-07-01,9320.689071729495,362.7271207004653,109.9858505571383,5.444210711575057,41.57835388456843,0.5946226529242886,4.7501706064172655,28.681510488279745,10.0,V,fora,1.73,Sampaio Corrêa,3.0,15.0,1
2023,Chapecoense,2023-07-01,9515.518163680112,511.52262626484577,152.37919346510066,8.009331348399785,56.55969566793746,1.286938221689977,6.327296608400444,28.358442742724044,10.0,D,fora,1.41,Tombense,0.0,15.0,1
2023,Vila Nova,2023-07-01,9527.168391032417,385.59398354915436,113.76635504756874,7.133688997533474,48.95629437544045,0.7925724541930936,5.451995133016209,28.583394996476397,10.0,E,fora,1.08,Atlético-GO,1.0,15.0,1
2023,Sampaio Corrêa,2023-07-01,9081.946528340548,414.8032934662492,144.82872743806982,7.664726954599871,50.55578966755687,1.4495502578506307,6.3208443457040255,28.839344092457875,10.0,D,casa,1.0,Criciúma,0.0,15.0,1
2023,Tombense,2023-07-01,9067.949452795276,441.315245847107,154.46350589409343,7.484332522505665,51.17589461319361,1.030122455768311,5.519431692966591,28.085893677623233,10.0,V,casa,1.67,Chapecoense,3.0,15.0,1
2023,CRB,2023-07-01,9235.946659425044,487.53944676869475,215.65222002344566,10.259179939987739,59.81835536292361,1.5488377195340983,5.809218119830934,29.73063744205806,10.0,V,casa,1.39,Londrina,3.0,14.0,1
2023,Londrina,2023-07-01,9736.330480950706,519.0657850755593,191.6472495346688,9.021619222408788,56.58102490010022,0.11709685397060926,6.444810157887201,29.157255912634877,8.0,D,fora,0.76,CRB,0.0,15.0,1
2023,ABC,2023-07-01,10000.907450540823,434.19196836132437,146.2500243179573,8.436249588367911,51.97949096942524,1.0255196696810804,6.954892975656711,28.920642399371783,9.0,V,fora,1.01,Avaí,3.0,15.0,1
2023,Atlético-GO,2023-07-01,9729.059864084638,457.67229544737904,148.54582761582708,8.609333362328611,56.756317563526835,0.2941046439561157,4.892694277419564,29.05470321521382,10.0,E,casa,0.94,Vila Nova,1.0,14.0,1
2023,Sport,2023-07-02,9215.9266010486,344.780884771677,117.04884031865504,6.369320338383352,41.491798921376265,1.3511136843685334,4.632123687906763,27.641718935958057,10.0,V,casa,2.6,Ceará,3.0,14.0,1
2023,Vitória,2023-07-02,9196.400430603444,436.04635417244094,159.64993070876614,7.981295025443742,50.389174159358745,1.6967502965664805,6.086710163083848,29.758485127329575,10.0,D,fora,0.44,Juventude,0.0,15.0,1
2023,Novorizontino,2023-07-02,10102.504580207178,644.5009248294574,231.04600815089034,12.358656421297773,68.11641097184537,1.1857739501060056,6.721495831182098,29.38169674733339,10.0,D,fora,0.65,Ponte Preta,0.0,15.0,1
2023,Juventude,2023-07-02,9693.277840467154,502.32889915328474,242.2841647883212,11.247540321167884,63.27781909489052,1.47242499270073,6.938459912408758,31.06313810218978,9.0,V,casa,1.39,Vitória,3.0,15.0,1
2023,Ceará,2023-07-02,9197.324870348617,444.3969958555883,131.64234325480373,7.081224042020344,49.0667492963365,0.9968981183927662,5.685787881474257,28.748600429955008,10.0,D,fora,0.47,Sport,0.0,15.0,1
2023,Ponte Preta,2023-07-02,9388.875830481384,515.4958639875404,221.9680469086215,11.437119290120295,63.998058999528666,1.5669733795110357,6.177202287025843,30.179936266573772,10.0,V,casa,0.81,Novorizontino,3.0,15.0,1
2023,Ituano,2023-07-03,10053.803535962825,543.9247371393859,191.34523781612012,10.453996888088415,64.83600630908103,1.1519810727569193,4.316288832287149,28.760884763356174,10.0,V,fora,0.39,Mirassol,3.0,14.0,1
2023,Mirassol,2023-07-03,10242.216628971695,545.830616587251,146.93128214136712,8.597850727915505,57.21045168090292,1.2848389363430754,4.842246986232186,28.163270459585863,10.0,D,casa,1.52,Ituano,0.0,15.0,1
2023,Guarani,2023-07-03,9651.85031529642,443.6821280760626,157.08919742729307,8.807955117449664,53.90133936894109,2.3059518316554812,7.969727815063386,29.971019761372112,10.0,D,fora,0.27,Botafogo-SP,0.0,15.0,1
2023,Botafogo-SP,2023-07-03,9703.278271871368,452.2706729195816,137.663768112505,7.789712808594397,52.611375720350026,1.1749570754381387,5.759317357175042,28.97176227855906,9.0,V,casa,0.96,Guarani,3.0,15.0,1
2023,CRB,2023-07-05,9178.792867178472,370.4947207761748,147.35436426667275,8.032661007059255,50.97023900781438,0.6189303570815647,7.003745981259225,29.67421827626054,10.0,V,casa,1.01,Sport,3.0,15.0,1
2023,Sport,2023-07-05,9212.113587095102,365.34111696955284,124.37377649804439,7.001765239751928,45.900131382760335,1.2639897789398622,6.419666897162738,28.74663547766709,10.0,D,fora,0.5,CRB,0.0,15.0,1
2023,Atlético-GO,2023-07-07,11066.891369271127,703.5738321074019,14.582631423280697,9.143112108430635,59.37392958181164,0.6952845789825627,5.092639138933182,28.39044545033692,8.0,E,fora,0.48,Novorizontino,1.0,15.0,1
2023,Novorizontino,2023-07-07,10083.996553446203,518.5656404093205,217.4847960981529,7.664662030500683,56.70956057547577,0.8416035611355493,5.881747663442353,28.67739168990584,9.0,E,casa,2.67,Atlético-GO,1.0,16.0,1
2023,Guarani,2023-07-08,9241.47926498969,504.88620882453495,186.19266754154768,10.225155217856395,55.67825858247224,1.29108999878693,6.154915471057245,29.516419457647306,10.0,V,casa,2.6,Londrina,3.0,16.0,1
2023,Avaí,2023-07-08,10316.768295848196,596.6521981800321,168.32834134739673,9.539939894524586,62.58356018303087,1.0482402667907553,6.047218344449615,28.569851610568225,8.0,D,casa,1.9,Ponte Preta,0.0,16.0,1
2023,Ituano,2023-07-08,9571.841514557867,514.3683617999671,214.84588250475096,11.295569058958778,64.40190296318889,1.055867606691223,6.228528024775357,29.98219623208127,10.0,E,casa,0.51,Juventude,1.0,15.0,1
2023,Ponte Preta,2023-07-08,9567.553376596292,491.85336665971516,205.02310426046105,11.37186415103598,61.607481016229755,3.422724339708282,7.2880016438288955,29.31369039586835,9.0,V,fora,1.28,Avaí,3.0,16.0,1
2023,Juventude,2023-07-08,9444.797039031111,448.5896132175338,173.94617303905392,9.731833403526347,59.21190283769479,1.6390026521575816,6.965059702002208,29.257760122022013,10.0,E,fora,0.79,Ituano,1.0,16.0,1
2023,ABC,2023-07-08,9534.750024646728,388.53275692846967,100.0658322926936,5.718027166173732,42.19535929455581,1.0838253916091576,5.224907328294446,28.47657136597655,10.0,D,casa,2.15,Criciúma,0.0,16.0,1
2023,Ceará,2023-07-08,9498.308494998862,470.34658877017506,174.20703421232096,8.284965219368036,52.06731541259377,1.0215937713116618,5.319272448283701,29.575176176403726,10.0,V,casa,3.28,Botafogo-SP,3.0,16.0,1
2023,Sampaio Corrêa,2023-07-08,9710.119719884666,493.5128196798309,135.38158766814095,7.515321930408235,55.423411222878904,0.5876109958641564,5.752853471107806,29.02679817866322,8.0,V,fora,1.23,Tombense,3.0,16.0,1
2023,Botafogo-SP,2023-07-08,9456.076280909558,458.95950938077067,147.70812056776336,7.668453511369472,50.548416796879266,1.6730771332102232,6.0969756438694445,29.106256761038928,10.0,D,fora,0.22,Ceará,0.0,16.0,1
2023,Criciúma,2023-07-08,9209.4958941633,306.6836614736553,64.28168255857877,4.838773480157049,36.572214489303015,0.6178644933093714,5.353538878904774,27.358767642311786,9.0,V,fora,0.98,ABC,3.0,16.0,1
2023,Tombense,2023-07-08,9690.375612401738,461.8345623819771,147.22494400772914,8.200277546001493,56.42089916999693,1.0854648456369944,5.632099161213825,28.240977559176144,10.0,D,casa,2.39,Sampaio Corrêa,0.0,16.0,1
2023,Londrina,2023-07-08,9502.271577514144,523.606143544301,200.5837307902637,10.24681305313438,58.357226655357515,1.7084858765889535,5.724829525797127,29.11833197549189,9.0,D,fora,0.68,Guarani,0.0,16.0,1
2023,Sport,2023-07-09,9974.986278154836,460.0771370067871,128.68474600253077,6.522502243184172,48.65803577591165,0.7247653284251696,4.140765673530427,27.771240078223855,10.0,E,casa,0.85,Mirassol,1.0,16.0,1
2023,Chapecoense,2023-07-09,9032.143848162981,449.77417575018876,165.17642614196998,8.568084276510534,54.74476603401243,1.1501350049335426,6.580966277787453,28.85795809391143,9.0,V,casa,1.6,CRB,3.0,16.0,1
2023,CRB,2023-07-09,8838.846085202184,426.0990540099624,123.33635731842602,6.7541285102125155,49.04142822961303,0.7819713745024253,4.894589215409044,28.419236290866376,10.0,D,fora,1.34,Chapecoense,0.0,16.0,1
2023,Mirassol,2023-07-09,10029.050053197312,474.3347742945336,135.94636112874628,7.19161190043565,49.84579598940432,0.7887412158760044,4.62950918365113,28.007750826419148,10.0,E,fora,0.36,Sport,1.0,16.0,1
2023,Vila Nova,2023-07-10,9788.133346425251,542.6086342103824,210.1129681089656,10.142330616487065,62.32520256003501,1.3783500902576444,6.8935445544554455,29.210997210218263,10.0,V,casa,1.99,Vitória,3.0,16.0,1
2023,Vitória,2023-07-10,9601.987375360428,485.72596717352195,213.47655691647978,9.315761638366563,53.00678931414348,1.2203497054981887,6.320517288118886,29.80793306552974,9.0,D,fora,0.77,Vila Nova,0.0,16.0,1
2023,Guarani,2023-07-13,9781.873031523386,434.8258950201885,150.74647627860026,8.990231115410499,55.73636355989234,1.229423052658143,6.056832415040377,28.9983491756393,10.0,E,fora,0.45,Criciúma,1.0,17.0,1
2023,Criciúma,2023-07-13,10599.555072365954,588.8519828771404,90.21081414823148,9.558748906386702,60.06686114235721,1.4604651918510188,7.087058992625922,28.59473440819898,8.0,E,casa,1.34,Guarani,1.0,17.0,1
2023,Ponte Preta,2023-07-15,9701.789505389592,479.11507622420703,151.62175023098243,8.869790113951339,56.12934447182015,1.2478298429319372,6.65279750538959,28.61806128734217,7.0,D,casa,0.84,Tombense,0.0,17.0,1
2023,Sampaio Corrêa,2023-07-15,9081.583750973936,413.5152262045392,124.982493653706,6.332604870937743,45.131144343629835,1.1301986829869053,6.33419244979516,28.66397441375324,9.0,E,casa,0.68,Ituano,1.0,17.0,1
2023,Vila Nova,2023-07-15,9437.48178230157,426.1966110264412,173.74436195176233,9.798272854827394,56.38934767883494,1.5255923264871667,7.511772745966083,29.031939908556502,9.0,D,fora,0.76,Londrina,0.0,17.0,1
2023,Atlético-GO,2023-07-15,9625.850993372751,490.6659872969192,178.8413073757518,10.291784251855935,60.0115848216565,2.0206065618968845,7.261578490539064,29.487372484146682,10.0,V,casa,2.27,Sport,3.0,16.0,1
2023,ABC,2023-07-15,9853.127849491253,449.4126897030347,110.91869964292512,6.446671032159129,48.65859005787077,1.8113592352552692,6.345783605896774,27.93375085350975,10.0,E,fora,0.4,Juventude,1.0,17.0,1
2023,Juventude,2023-07-15,9602.714613874767,493.3753378595791,163.04250852693224,9.363272411352082,57.91817620181479,1.2544378660145443,5.695004826565417,28.627060943432653,10.0,E,casa,1.96,ABC,1.0,17.0,1
2023,Ituano,2023-07-15,9632.298545340795,478.6106434591685,130.88682885945653,7.328529758953657,52.48268349977572,0.9554299171329416,6.160708029369408,27.72776636683429,10.0,E,fora,1.61,Sampaio Corrêa,1.0,16.0,1
2023,Tombense,2023-07-15,9501.050900712054,417.09792574744193,166.58366562577658,9.23856389588218,54.460014262714886,2.042146646641238,6.31995072880312,29.396209575468127,10.0,V,fora,1.09,Ponte Preta,3.0,17.0,1
2023,Londrina,2023-07-15,9686.993248020264,439.4290013464478,145.00445788356652,8.317420068919876,53.50337559049727,1.643504187681143,6.572038613386887,28.47622948949086,10.0,V,casa,0.51,Vila Nova,3.0,17.0,1
2023,Sport,2023-07-15,9324.778261965032,440.23518867482306,173.81608739980317,9.7034270847982,55.79514801012517,1.897636174002719,6.959412764261943,28.848782402850045,9.0,D,fora,0.7,Atlético-GO,0.0,17.0,1
2023,Novorizontino,2023-07-16,8997.463283329509,409.29786341211565,111.52007744378153,6.582611576411198,46.98371916590179,1.2908107216613125,6.065397974988527,28.450899208352453,7.0,D,fora,1.59,Vitória,0.0,17.0,1
2023,Ceará,2023-07-16,9492.030240523552,422.2296409575963,121.64858924334597,7.1858861364428614,49.28777985179521,1.3157059967840234,4.654544871866952,28.68858440813665,10.0,E,fora,0.79,Mirassol,1.0,17.0,1
2023,Vitória,2023-07-16,8862.54805270607,367.6129797761221,101.59025042985978,5.7901766226474685,42.42431684465395,1.3682763501105355,6.632026481700257,28.389737171464336,9.0,V,casa,1.46,Novorizontino,3.0,17.0,1
2023,Mirassol,2023-07-16,9467.459624012125,451.712757172242,145.1785954314171,7.502536104795929,51.25054638952041,0.876182418534156,4.5805511529717435,28.035099058135756,10.0,E,casa,0.76,Ceará,1.0,17.0,1
2023,Criciúma,2023-07-17,9796.37035065401,523.4425181850801,180.83981950832327,8.610470474388666,52.549947157256085,0.6849127442345957,5.6743825771167,29.02401517869763,10.0,D,fora,1.11,Botafogo-SP,0.0,18.0,1
2023,Botafogo-SP,2023-07-17,9632.786506850005,522.8213418523882,220.26348808716165,11.301945544203566,62.88051671240089,1.8216663797729826,7.107318927895179,30.092311586792086,10.0,V,casa,1.18,Criciúma,3.0,17.0,1
2023,Chapecoense,2023-07-18,9669.434750692995,458.7221093277666,164.3714115419276,7.80443607907555,50.71886645449049,2.2581514435965,6.2624290749803215,29.104823015411288,10.0,V,casa,0.82,Ituano,3.0,17.0,1
2023,Ituano,2023-07-18,9919.156517575038,507.5082921109793,144.5110589454976,7.3311986571879935,53.98385317930488,1.554586789099526,6.663958580173775,29.07973439968404,9.0,D,fora,0.83,Chapecoense,0.0,17.0,1
2023,CRB,2023-07-18,9268.119118367706,402.4764146880116,123.41306340852404,7.11903057804929,48.35513036599166,0.7909271203014954,5.143529495786316,28.147026248997395,10.0,D,fora,1.26,Tombense,0.0,17.0,1
2023,Tombense,2023-07-18,8709.286192891303,358.85029686186414,126.89429402279525,7.317713584806847,45.39878085420141,2.1090847448283467,5.581248914676332,28.626659683843492,8.0,V,casa,0.71,CRB,3.0,18.0,1
2023,Ponte Preta,2023-07-19,9300.852331243786,471.1675410901307,209.1542396096119,11.123481130392681,60.42895535509518,0.8023125143337665,6.536221236908493,29.420864867619706,9.0,E,casa,0.71,Juventude,1.0,18.0,1
2023,Novorizontino,2023-07-19,10047.942285461279,479.2208602249465,173.9910208846057,8.69552004508131,56.40967051544495,1.863671711479633,6.418817535708536,29.175703245394118,10.0,V,casa,1.86,Londrina,3.0,18.0,1
2023,Atlético-GO,2023-07-19,9296.012702856331,498.06058962152434,166.4819344180759,8.633749703945812,58.72608379517787,1.6012842830751741,5.8632609776893565,29.1018414570603,9.0,E,casa,1.54,Mirassol,1.0,17.0,1
2023,Londrina,2023-07-19,10232.145766572596,427.7630258307896,121.55382091228475,6.479275902781777,46.90962276104359,1.5571221851062602,5.572388700109428,28.390302655071125,8.0,D,fora,0.45,Novorizontino,0.0,18.0,1
2023,Juventude,2023-07-19,9835.8808551926,591.5988394852087,210.6367383144159,10.757456877290196,65.95691024667083,1.7093633255876306,7.039644293502547,28.8100612208419,10.0,E,fora,0.82,Ponte Preta,1.0,18.0,1
2023,Mirassol,2023-07-19,9470.083085608616,457.8879007940825,174.95353334058524,8.323659197215274,51.59530664636136,0.5884118350919177,6.461641792668336,29.041914500163166,10.0,E,fora,0.99,Atlético-GO,1.0,18.0,1
2023,Vitória,2023-07-20,9377.354933235369,416.2048873413408,149.97889311270123,8.528597623306926,52.61476403441519,0.8632322812846068,6.324803007070449,29.37425781582758,10.0,V,fora,0.86,Sport,3.0,18.0,1
2023,Guarani,2023-07-20,9805.718511101193,410.2876322659824,136.06080519915207,7.330012384246347,47.896556956376216,1.8071835322994536,5.624798728104429,28.724288742608497,10.0,V,fora,0.87,ABC,3.0,18.0,1
2023,Ceará,2023-07-20,9527.728496900827,447.64940740045074,190.38562758264462,10.566254695717506,60.64398854244928,1.1636145285499622,5.388070764462809,30.112131386175804,10.0,V,casa,1.08,Vila Nova,3.0,18.0,1
2023,ABC,2023-07-20,10244.312043010754,456.2387733446519,120.20351726089416,6.368926146010188,46.731546406338424,0.765339558573854,5.220012733446519,28.880093378607807,8.0,D,casa,0.28,Guarani,0.0,18.0,1
2023,Sampaio Corrêa,2023-07-20,10080.9510443524,503.47444827104766,121.7494238376693,8.097555731372458,57.10379066412249,1.2564713547726534,7.400795364639084,28.00747428677806,7.0,D,fora,0.57,Avaí,0.0,18.0,1
2023,Avaí,2023-07-20,10345.153076521225,633.2966166216186,205.03147409544144,10.628681150203287,67.76488086855794,2.145203284348241,7.870315942489836,28.836471937674606,10.0,V,casa,1.43,Sampaio Corrêa,3.0,17.0,1
2023,Sport,2023-07-20,9515.465664299933,438.7829183210739,167.37056503550104,8.622578533334753,54.70403423425341,1.629664896051777,6.323289192152521,29.48406978848426,10.0,D,casa,0.91,Vitória,0.0,18.0,1
2023,Vila Nova,2023-07-20,9269.470990291944,395.0171447521335,126.3539750196626,6.867739326423045,47.648336131099796,1.3715900313428104,6.86711822226396,28.552965828119312,10.0,D,fora,1.03,Ceará,0.0,18.0,1
2023,CRB,2023-07-21,9429.599332761729,433.42034274282196,156.90627116035708,9.002575957437454,54.31456975772765,1.0890034296266984,6.231801433408082,28.384423778745113,10.0,V,casa,1.56,Ponte Preta,3.0,18.0,1
2023,Ponte Preta,2023-07-21,9535.141977003017,507.96077736654246,175.92003029385037,10.431404054107452,60.219538743200346,1.5400424113904878,6.163691371521146,28.553128827891413,9.0,D,fora,0.45,CRB,0.0,19.0,1
2023,Criciúma,2023-07-22,10075.8790020559,566.7957765183087,202.33463132744345,9.401076846141024,62.509907206756694,1.500650108351392,6.600281713618937,29.29644940823471,10.0,D,casa,1.28,Novorizontino,0.0,19.0,1
2023,Avaí,2023-07-22,10185.46535675269,599.873002112112,187.7925697361074,11.360591755480566,67.51459129421477,1.9671084702969097,6.883847442402467,28.509925711927362,9.0,V,fora,0.51,Ituano,3.0,18.0,1
2023,Ituano,2023-07-22,10605.500311614733,600.2030110440531,194.729380055015,11.085888656238453,68.72647370365809,0.49288828673481966,5.78907227217364,28.642821365521204,8.0,D,casa,0.78,Avaí,0.0,18.0,1
2023,Novorizontino,2023-07-22,10075.767438328347,568.3983901085037,158.3204972183171,9.301082272929358,60.45236557201734,0.9736364947190079,4.9748009564663604,28.373018276197687,9.0,V,fora,0.81,Criciúma,3.0,19.0,1
2023,ABC,2023-07-22,9856.12476788823,391.89036468330124,108.56922822836229,5.523183502209525,42.68425188590814,0.8030699013524975,6.027120251751998,27.881544882381828,10.0,E,fora,0.72,Vila Nova,1.0,19.0,1
2023,Mirassol,2023-07-22,9472.81227165183,472.94845808621477,158.22319777619813,9.166661008137671,54.52277699383573,0.7636166488069346,5.156202455094268,28.13698343819295,10.0,V,casa,2.05,Tombense,3.0,19.0,1
2023,Tombense,2023-07-22,8942.313054004426,360.8518780812959,104.02346249622697,6.905620157963577,43.352110247509806,0.22596966495623302,5.319620057349834,28.40398681959956,8.0,D,fora,0.67,Mirassol,0.0,19.0,1
2023,Vila Nova,2023-07-22,9448.058752484469,409.48804911013434,130.73880825013913,7.4630692698217995,48.760565947732466,0.9199476416005088,6.232768862085022,28.18862766476995,10.0,E,casa,1.24,ABC,1.0,19.0,1
2023,Atlético-GO,2023-07-23,9655.322770962057,497.1575023978943,155.78067364100733,10.539176908835405,61.230051861435165,1.6074323570743456,7.127932122861412,29.12868885369499,10.0,D,fora,0.44,Guarani,0.0,18.0,1
2023,Sampaio Corrêa,2023-07-23,9374.392679100933,369.4394000543245,83.52418434097649,5.500865003734808,42.88265929514023,1.018610765295729,5.397525068471446,27.259741053441683,10.0,D,casa,1.49,Sport,0.0,19.0,1
2023,Ceará,2023-07-23,9494.839492298506,520.5596772537314,232.23335546268655,12.681374925373134,66.30512489552238,1.936850985074627,6.447289432835821,29.59332656716418,9.0,D,fora,1.04,Juventude,0.0,19.0,1
2023,Guarani,2023-07-23,9605.145568113387,412.48303499225744,142.3657430746731,7.5489945371644875,50.033640743289745,0.7746626591534757,6.483828393840331,28.94207888850654,10.0,V,casa,3.01,Atlético-GO,3.0,19.0,1
2023,Juventude,2023-07-23,9541.401345390439,539.5780696792523,202.38294342207058,10.386776034598654,62.669062995421505,1.598652960797494,5.365492789833475,29.69287734473093,8.0,V,casa,1.07,Ceará,3.0,19.0,1
2023,Sport,2023-07-23,9394.39248198037,261.42867127594315,78.44142150598098,4.255649729066558,34.73475973826807,0.5753894029240365,4.946846564768429,26.966438758818118,9.0,V,fora,1.06,Sampaio Corrêa,3.0,19.0,1
2023,Londrina,2023-07-24,9004.077498430022,410.42063883719067,160.30627807401146,9.967759445541839,53.33221006839383,1.746675192107877,6.782154348545917,29.475581461732563,9.0,D,casa,0.13,Botafogo-SP,0.0,19.0,1
2023,Botafogo-SP,2023-07-24,9012.380544758036,428.8160928206007,151.89750752698703,9.473396812963554,52.54067498102955,2.3128737179644094,7.269174601620445,29.654891929601256,8.0,V,fora,0.73,Londrina,3.0,18.0,1
2023,Chapecoense,2023-07-24,9339.048007740415,415.7844442023786,164.3534106520402,8.766008432437975,52.361133253024406,1.7297153731802337,5.536793623128974,29.374152911626,9.0,D,fora,0.69,Vitória,0.0,18.0,1
2023,Vitória,2023-07-24,9029.53945784225,472.6161929004811,174.36166845665664,8.788366692237952,54.604111025873486,1.2558465722853756,6.024546342143803,30.019930260129716,8.0,V,casa,2.13,Chapecoense,3.0,19.0,1
2023,Ceará,2023-07-28,9165.194179054393,498.69767054796813,174.5548793664642,9.360605348813799,55.36531861346935,1.7113600214757894,5.63769370155364,28.985859534914937,10.0,E,casa,2.2,Ituano,1.0,20.0,2
2023,Ituano,2023-07-28,9537.51769680388,485.9896019013665,153.58184388343074,7.709037709516505,50.98817200735121,1.6183696057704262,5.347023863809089,28.135893821940332,8.0,E,fora,0.6,Ceará,1.0,19.0,1
2023,Botafogo-SP,2023-07-29,9368.248499418096,510.09224699350204,264.04898227620987,11.565210576083793,57.17405271069731,2.0722233536999317,6.436764983997671,30.888147366889726,9.0,D,casa,1.58,Juventude,0.0,19.0,1
2023,Sampaio Corrêa,2023-07-29,8958.469453321251,455.68664628760854,116.45182711829413,7.330510661726754,50.48414184283273,1.4463270666773724,6.812721005723724,27.842380793980347,9.0,E,fora,1.08,Atlético-GO,1.0,20.0,2
2023,Juventude,2023-07-29,9161.347841874811,499.979909947802,268.67356930244597,10.775580540097495,58.04448934472197,2.0388581165609763,8.054751952029678,30.552692938182137,10.0,V,fora,0.7,Botafogo-SP,3.0,20.0,2
2023,CRB,2023-07-29,9389.0949979701,408.15058735731,138.736499856713,7.199609662320293,47.0695904379806,0.8602813201509291,6.125960500549267,28.768829106366717,10.0,D,fora,0.5,Sport,0.0,19.0,1
2023,Chapecoense,2023-07-29,9566.180167370581,446.851350209867,169.4680148279875,8.237250022882696,53.5489602102593,0.9416006119486905,6.119916053192463,28.81616041424219,8.0,D,casa,1.07,Mirassol,0.0,19.0,1
2023,ABC,2023-07-29,9337.520781360621,404.5255192980197,122.03358370341763,6.178570938190555,44.98921413400271,0.7728006264615649,5.116575915556413,28.634262298599037,10.0,E,casa,0.84,Londrina,1.0,20.0,2
2023,Mirassol,2023-07-29,9575.995877481888,535.3503825162322,161.54840571186605,8.258744471628871,55.89413922085256,1.3767838995012704,6.24495777265456,28.426974922367553,9.0,V,fora,1.93,Chapecoense,3.0,20.0,2
2023,Londrina,2023-07-29,9031.846299952682,354.25031143803506,113.14764636297156,5.905624596722159,41.23220264980428,2.129939131931002,5.614629844711147,28.88191164451327,10.0,E,fora,0.63,ABC,1.0,20.0,2
2023,Sport,2023-07-29,9412.220275029245,396.6807009163579,116.03126766913628,5.922889086566582,44.63664712906999,0.8784540115032171,6.03371295574186,28.217829986352122,9.0,V,casa,1.65,CRB,3.0,20.0,2
2023,Atlético-GO,2023-07-29,9065.1335249994,460.69410551835045,200.80481073425986,10.261053503276445,58.11306497683687,1.8377637358680783,7.126497443652337,30.435211588776074,8.0,E,casa,1.37,Sampaio Corrêa,1.0,19.0,1
2023,Avaí,2023-07-29,10152.952543113222,593.662062870714,128.8951361124703,8.590848062441072,57.35869675740831,1.182156078815147,6.336797746774713,28.828370588726713,9.0,D,casa,0.99,Guarani,0.0,19.0,1
2023,Guarani,2023-07-29,8896.34241501127,366.5419844855601,110.95283536873,7.359155511295142,44.626396456837355,1.1335502908957493,6.416199905655432,27.535265999266212,10.0,V,fora,1.47,Avaí,3.0,20.0,2
2023,Vitória,2023-07-30,8939.321903732833,421.6225499226508,125.51966297044198,7.7584357766204946,50.16610892644158,1.4892722098227464,7.226441586660525,28.26612581334656,9.0,E,fora,2.58,Ponte Preta,1.0,20.0,2
2023,Criciúma,2023-07-30,9780.516376902593,440.7716898694438,108.73217636997424,6.819487085110529,49.98131898586183,1.6589341156602508,5.35733842856215,27.92705306688029,10.0,E,fora,1.58,Tombense,1.0,20.0,2
2023,Novorizontino,2023-07-30,10304.892118857686,539.0127709735774,52.84683431689452,6.539657483467276,44.30628273182884,0.3998256279469767,6.674356335814479,27.981809554876783,7.0,V,casa,2.37,Vila Nova,3.0,20.0,2
2023,Vila Nova,2023-07-30,9210.100671942986,413.4293359351329,156.97266874325814,6.436449876980134,47.34286472662926,0.7634698874034931,5.12833056589138,29.17050068479038,9.0,D,fora,1.05,Novorizontino,0.0,20.0,2
2023,Ponte Preta,2023-07-30,8753.584948953834,392.52090438660457,177.8323739271891,8.835400656307847,55.027789588825925,2.1451687047736576,8.708811634038257,28.730393504235153,8.0,E,casa,0.22,Vitória,1.0,20.0,2
2023,Tombense,2023-07-30,9689.9740474462,522.9005604705245,173.74592093120552,9.745600029530829,60.02150065829139,0.8878943288503894,5.2048339506096895,28.794716442519466,9.0,E,casa,1.49,Criciúma,1.0,20.0,2
2023,Botafogo-SP,2023-08-01,8682.217428765189,347.991959666033,133.87497615315345,6.303625832416147,41.82418370409899,0.5000035575715127,5.304235844756472,29.35623853516993,10.0,E,fora,0.48,Sampaio Corrêa,1.0,20.0,2
2023,Mirassol,2023-08-01,10025.585996789014,534.3381326468472,168.2138997951614,8.868026130764544,58.095929026186106,1.2956453523777887,6.1802342910922885,29.12672313569175,10.0,E,casa,0.79,Avaí,1.0,21.0,2
2023,Sampaio Corrêa,2023-08-01,8576.511546908767,343.4340171944001,108.0300878511698,5.389609954899935,37.84250187916941,0.21115287043126943,4.333882951235554,28.119558630085503,9.0,E,casa,1.04,Botafogo-SP,1.0,21.0,2
2023,Avaí,2023-08-01,9868.180587692526,505.4090170818842,108.49331665365415,6.707972058579978,52.48869650081624,0.42609624529775,5.962044857690396,27.672634679537232,9.0,E,fora,1.19,Mirassol,1.0,20.0,2
2023,Tombense,2023-08-02,9435.763112335262,529.2882257644424,224.2101252799917,10.432529431682035,62.81902523831848,1.2894070688128356,6.6819656717195395,29.24654242850446,9.0,D,fora,1.0,Ituano,0.0,21.0,2
2023,CRB,2023-08-02,9190.011056534599,410.866646460859,187.9504060950714,8.997071616047993,54.745804899387565,1.124131775194767,6.375364746073406,29.52377307003291,10.0,V,casa,2.18,Atlético-GO,3.0,20.0,2
2023,Criciúma,2023-08-02,9928.374656240681,520.7470604022398,152.17781948908254,8.648984129087836,54.47040190848546,0.4961270335641629,5.666402372353469,28.982969417845663,10.0,V,casa,1.58,Ponte Preta,3.0,21.0,2
2023,Atlético-GO,2023-08-02,9510.075967608984,515.4455120450456,201.97815684681024,10.029668543565334,59.351727056365014,1.3578448946421315,6.791469785801358,29.749279619202415,9.0,D,fora,1.11,CRB,0.0,20.0,2
2023,Ituano,2023-08-02,9875.553955543328,562.5934912554272,193.17484788723783,9.90658839356693,61.089110866507696,0.6890932856356633,7.707012474775271,29.709652663119922,7.0,V,casa,1.23,Tombense,3.0,20.0,2
2023,Ponte Preta,2023-08-02,9480.701959423788,481.25624393493723,141.29988624079243,9.503940342408931,57.13130364280866,1.469423787615959,8.147689368227871,29.22831912914499,9.0,D,fora,0.4,Criciúma,0.0,21.0,2
2023,Sport,2023-08-03,9517.319197790635,448.17462936173945,155.53913663861124,7.593977511835874,51.091417017359284,0.6901364413466595,5.7195489216201985,28.312278625284936,10.0,V,fora,0.42,Vila Nova,3.0,21.0,2
2023,Ceará,2023-08-03,9816.925177350087,577.1913297280103,213.67984200201477,12.311034409628332,71.38561157944966,1.4310985631726842,7.253508297545198,29.415126451407673,10.0,E,fora,0.34,Guarani,1.0,21.0,2
2023,Londrina,2023-08-03,9756.801417088687,493.6253447138658,153.84260243038088,8.652020547562355,58.557127924785654,2.0107573979049986,7.04355445998368,28.349712132899583,10.0,E,casa,1.7,Chapecoense,1.0,21.0,2
2023,Vila Nova,2023-08-03,9554.186194609305,524.6760570402644,147.68777190755543,8.232419179617368,56.50261449792446,0.6168791382208653,6.071539789815545,27.87944240511396,10.0,D,casa,1.53,Sport,0.0,21.0,2
2023,Guarani,2023-08-03,9869.72395914815,488.33830830588215,155.87249650203267,9.221071755153305,56.122322760474624,1.5865180076459506,6.544935273833,28.848030671940244,10.0,E,casa,0.81,Ceará,1.0,21.0,2
2023,ABC,2023-08-03,9176.173356331887,374.81645208287813,96.37571498444217,5.151468056986461,41.02413692984921,0.6558157201877348,5.057497944699406,28.00950225302572,10.0,D,fora,0.9,Vitória,0.0,21.0,2
2023,Chapecoense,2023-08-03,9831.700445139588,496.7193196290918,151.2721435221391,8.266579897962984,56.08446989163222,1.4503294479822242,6.367120123139563,28.849124244342658,8.0,E,fora,1.69,Londrina,1.0,20.0,2
2023,Novorizontino,2023-08-03,9692.276843574107,493.038497201361,103.57338470704441,6.210543422022232,48.82422853200797,0.8489026512597797,4.656021542465625,27.502908389645825,6.0,D,fora,0.9,Juventude,0.0,21.0,2
2023,Vitória,2023-08-03,8914.988720187419,401.83455951088513,123.62520175989944,6.891296383063825,46.69472715844809,1.544090623392949,5.657397520141707,28.16620764527741,10.0,V,casa,0.92,ABC,3.0,21.0,2
2023,Juventude,2023-08-03,9339.559616006156,444.41078145440554,119.70172489419005,7.501609080415545,49.98308657175836,0.6934882647171989,6.811087341285109,28.810881108118508,8.0,V,casa,1.68,Novorizontino,3.0,21.0,2
2023,Sampaio Corrêa,2023-08-05,9794.979349493071,443.3506969804444,118.21399843457628,7.043085352281483,50.52028520063105,1.100052588452554,6.935729206158965,27.914154854647965,9.0,E,fora,0.56,Mirassol,1.0,22.0,2
2023,Guarani,2023-08-05,10133.802474852888,417.8744645381954,131.13416061834292,7.516167405033462,49.32541211639713,0.48514549641140275,6.061057996579723,27.826798001696673,8.0,E,fora,0.96,Ituano,1.0,22.0,2
2023,Ituano,2023-08-05,10442.800545553293,537.3222883910387,146.6428657162254,7.943677393075356,58.778052681602176,0.6110196877121521,4.278533061778683,28.84818737270876,8.0,E,casa,1.17,Guarani,1.0,21.0,2
2023,Avaí,2023-08-05,10088.387649075366,596.9229492489007,234.26611866409735,9.677040850003726,60.36358526120794,1.4384854517774066,6.802474315706545,29.475861555004315,10.0,V,casa,0.67,Criciúma,3.0,21.0,2
2023,Novorizontino,2023-08-05,9558.32194135288,461.1470187715206,155.14642719093635,7.999025547039875,52.38246395645896,1.3994584027546373,6.496802065978008,28.77549927801844,10.0,D,fora,0.63,Sport,0.0,22.0,2
2023,Sport,2023-08-05,9311.607839298,417.9297889714756,173.58621017132674,8.526001398585624,50.96146366497107,2.029634563111176,5.887242530537666,28.728385648706873,10.0,V,casa,0.63,Novorizontino,3.0,22.0,2
2023,CRB,2023-08-05,9531.419358642283,450.73607944051537,143.51987961169425,7.2977879634217775,50.071417744042535,0.7094390513086176,5.978876525969639,28.54398734177215,10.0,E,casa,0.62,Botafogo-SP,1.0,21.0,2
2023,Criciúma,2023-08-05,9988.329079070325,521.4222687193004,190.41090870971604,7.762973523421588,50.460847729723255,1.7258496465796094,5.498239607044448,29.326139930513953,9.0,D,fora,1.58,Avaí,0.0,22.0,2
2023,Mirassol,2023-08-05,10011.809774209603,456.74970427220586,122.70365822353773,6.834774209602641,51.39111323571784,1.1782815569583782,7.3106858841710975,28.233719255048854,9.0,E,casa,0.92,Sampaio Corrêa,1.0,22.0,2
2023,Botafogo-SP,2023-08-05,9690.390918065264,505.0046477125225,175.6447325393392,8.402702730398744,54.62069250563615,1.6391228110126839,6.967643294696331,28.882427754878968,10.0,E,fora,0.12,CRB,1.0,21.0,2
2023,Ponte Preta,2023-08-06,8889.796027462637,479.2869297598646,171.3128689342502,8.687442460790907,55.2497040065945,1.7563692270982019,8.200537972624137,28.81873684895551,10.0,V,casa,2.29,Chapecoense,3.0,22.0,2
2023,ABC,2023-08-06,9118.72998130623,395.68545390816683,120.62820072438369,7.360074775090548,46.41988316392102,1.5035354597499708,6.46179460217315,28.258289519803714,6.0,D,fora,0.5,Ceará,0.0,22.0,2
2023,Chapecoense,2023-08-06,8975.742040382122,411.9738701304228,135.18613125252656,7.275755728601521,47.87005159464694,1.9140288504499907,6.509344801174445,29.921753792472504,10.0,D,fora,0.36,Ponte Preta,0.0,21.0,2
2023,Ceará,2023-08-06,9028.339994649363,445.6041361566485,143.65146072404372,8.503820013661201,55.841531534608386,1.3339845173041893,6.249691484517305,29.019472905282335,10.0,V,casa,1.08,ABC,3.0,22.0,2
2023,Atlético-GO,2023-08-07,8658.06522904317,469.0270212013718,140.2205033410722,8.275149140277893,51.12307496493937,1.3792309052125442,6.470196928806288,27.8113926437486,8.0,V,casa,2.47,Tombense,3.0,21.0,2
2023,Vitória,2023-08-07,9033.201258464278,416.157310530428,161.7349411841306,8.497164467401687,51.080139660560825,1.8571185649795994,6.640336726278324,30.08923192117372,10.0,D,fora,0.6,Londrina,0.0,22.0,2
2023,Vila Nova,2023-08-07,9465.144550257508,415.3165296364176,138.96120532011835,7.002992822550093,49.4840894058382,0.9215901993508553,5.895310800987026,28.319020754195375,10.0,V,fora,0.89,Juventude,3.0,22.0,2
2023,Tombense,2023-08-07,8299.38239646815,431.3691835113337,157.85025694402543,8.32830899656067,50.0528122045898,1.810381544278847,6.063855266598282,28.75581467849313,10.0,D,fora,0.86,Atlético-GO,0.0,22.0,2
2023,Londrina,2023-08-07,9273.749183231546,392.1256119604258,144.24563906069682,7.586064755384396,46.56528870216931,1.5180109179082222,5.3671434499033985,28.078676365711026,8.0,V,casa,0.74,Vitória,3.0,22.0,2
2023,Juventude,2023-08-07,9451.362446301779,478.56472922741335,207.93225321076417,10.417417143365906,57.892597101965414,2.904197587197009,6.009745364702741,30.050425134106444,10.0,D,casa,1.26,Vila Nova,0.0,22.0,2
2023,Mirassol,2023-08-11,9998.656922694505,563.9804704200845,184.67574322644785,10.29079977628635,60.17889634601043,0.8946122296793435,5.704995650012428,29.46779766343524,9.0,D,fora,0.89,Novorizontino,0.0,23.0,2
2023,Novorizontino,2023-08-11,9717.450069954575,470.79174953835366,145.0858609534849,8.370226038198703,52.88989446159237,0.8493185157229314,7.156865387985065,28.872692105511444,8.0,V,casa,0.94,Mirassol,3.0,23.0,2
2023,Tombense,2023-08-12,9349.626506863326,362.03181980364525,98.38261692650335,5.52320349075042,42.85040395891096,0.613188945957002,4.6012015362938055,27.567181037225584,10.0,E,casa,0.92,Sport,1.0,23.0,2
2023,Botafogo-SP,2023-08-12,9579.514988164958,482.5697199595497,181.72678898063057,10.001139275673156,58.808926400480075,2.000257926144888,6.200795448231411,29.507097691888834,10.0,E,casa,1.14,Ponte Preta,1.0,22.0,2
2023,Avaí,2023-08-12,9781.053399961971,568.4618066977229,180.11104732138614,9.627593288016351,62.140343917859,1.2823180586585539,7.593607215857773,28.384791082378666,9.0,E,fora,0.77,Vila Nova,1.0,22.0,2
2023,Criciúma,2023-08-12,10171.65793034423,518.0156918907369,137.44928814817314,8.097030014731846,54.25138805483395,1.1132666464244345,5.6668165716406325,28.096607176995825,10.0,V,casa,1.23,Londrina,3.0,23.0,2
2023,Vila Nova,2023-08-12,9838.541445927105,528.4782496846577,188.60817101507004,8.862928367523068,59.74922923720375,1.694010489278364,7.967524065591181,29.36024696275642,10.0,E,casa,2.17,Avaí,1.0,23.0,2
2023,Ponte Preta,2023-08-12,9630.433248850102,516.5584342501046,181.61564711277774,10.683175202665337,60.58002846082254,1.5794170252370612,7.527281114693068,28.66831811376236,8.0,E,fora,0.46,Botafogo-SP,1.0,23.0,2
2023,Sampaio Corrêa,2023-08-12,8612.478538905192,401.78665508673697,121.21489089008061,6.577578108311692,46.037184278278076,0.8097365847077473,6.679447648599728,28.0995311814901,10.0,E,casa,1.39,CRB,1.0,23.0,2
2023,CRB,2023-08-12,8426.520391135837,326.866199114111,121.72891939991563,7.11855687091331,42.94829914574984,1.4235592438304157,5.932038335794138,27.817542448850457,8.0,E,fora,0.47,Sampaio Corrêa,1.0,22.0,2
2023,Sport,2023-08-12,9554.99552394344,396.25126536989296,67.07340410905398,4.360337317397078,41.1986682290446,0.8444788688383719,4.640298101710804,26.670838215764388,7.0,E,fora,0.86,Tombense,1.0,23.0,2
2023,Londrina,2023-08-12,10026.480754751741,482.3776052445727,119.3838317929192,7.736485706389903,51.401321276138425,1.1057978935732489,5.526266466054595,27.764497804526055,8.0,D,fora,1.0,Criciúma,0.0,23.0,2
2023,Vitória,2023-08-13,8955.87320310943,405.4215985648795,163.75460235200322,7.55966214869444,47.15307056009568,1.665691648395456,4.357601156069364,29.267948973490142,7.0,V,casa,1.82,Ceará,3.0,23.0,2
2023,Guarani,2023-08-13,9805.743673443369,518.0434753842885,168.30476645179573,9.563191187929448,57.24812283062974,1.9137235956648015,3.8274266487214006,28.23992916341999,8.0,D,casa,1.19,Juventude,0.0,23.0,2
2023,Atlético-GO,2023-08-13,10660.802537908701,653.3339726478175,132.79724530090033,9.240398567893433,57.92997604380561,1.4217083925656822,5.804964065708418,29.82690728163007,8.0,V,fora,0.63,Chapecoense,3.0,22.0,2
2023,Juventude,2023-08-13,10549.759691138845,600.3530092423373,220.87127382382118,12.100969662158635,70.13983943397211,0.9387645553756985,5.874683828520705,29.24404469740484,9.0,V,fora,0.78,Guarani,3.0,23.0,2
2023,Chapecoense,2023-08-13,9960.15735381264,572.1276713082788,185.086592455526,10.435598158970334,62.08211179687774,1.1590539543490226,5.904438849005118,29.6773864874044,10.0,D,casa,1.62,Atlético-GO,0.0,22.0,2
2023,Ceará,2023-08-13,8807.236653453836,429.63397944083295,201.55822551662177,8.323355795148249,49.230639368955146,1.4271918767507004,5.945009513239259,29.31713836477988,8.0,D,fora,1.18,Vitória,0.0,23.0,2
2023,Ituano,2023-08-14,9740.009527163873,484.6271224766865,137.40767154080703,7.71236217756115,52.97945605483965,0.7002699695088025,5.808450958135809,27.90672586855401,10.0,E,fora,1.31,ABC,1.0,22.0,2
2023,ABC,2023-08-14,9585.341248837552,439.17074347804805,140.406055259165,7.927525818608975,51.20567446527336,1.6516616905682542,6.168103372326367,28.20560912339092,9.0,E,casa,0.76,Ituano,1.0,23.0,2
2023,Atlético-GO,2023-08-17,9659.225207901329,509.81943772549107,221.4710992580518,11.758955399201717,63.00072864351724,1.8347922185331242,6.473046422706733,29.9548406429419,9.0,V,fora,1.26,Londrina,3.0,23.0,2
2023,Londrina,2023-08-17,10048.918475857494,554.3306752162737,232.57782523976675,12.809754705508418,67.78243539426772,1.742298996710981,6.4673968381194555,29.58652884110445,8.0,D,casa,1.29,Atlético-GO,0.0,24.0,2
2023,Botafogo-SP,2023-08-18,9149.330640117472,470.76153747841585,156.2669015214347,7.7083500795388105,50.78444791907436,1.3465134808087127,5.629933377748168,28.777416416266707,8.0,D,fora,0.54,Vitória,0.0,23.0,2
2023,Vitória,2023-08-18,9211.82440682648,481.22054044965404,153.81335487125287,7.672437548039968,52.20926198597233,0.864025389123751,5.620028343581859,27.848426691006914,9.0,V,casa,1.93,Botafogo-SP,3.0,24.0,2
2023,Mirassol,2023-08-18,9885.787337754618,474.34724301279016,133.28921322484464,7.647556775434001,50.28016092178226,0.5022523476467802,5.517293866859866,28.257644829604033,8.0,D,fora,0.3,Vila Nova,0.0,24.0,2
2023,Vila Nova,2023-08-18,9642.686021859274,392.1405529969446,172.97141355140187,8.290443588245866,52.77114519680086,1.0107230634435658,6.974916090043135,29.24287270848311,10.0,V,casa,0.73,Mirassol,3.0,24.0,2
2023,Sampaio Corrêa,2023-08-19,9537.925796495783,435.2143104477612,103.95489007138221,5.488837118754055,46.488136794289424,1.1665560025957171,3.9702182998053215,28.412597014925378,8.0,E,fora,0.06,Juventude,1.0,24.0,2
2023,CRB,2023-08-19,10111.58084572322,485.7460838184585,108.17951236196618,7.539965238514051,49.88168977118846,0.7540852424229733,4.146782259077773,28.040377769401516,8.0,V,fora,0.74,ABC,3.0,23.0,2
2023,Sport,2023-08-19,10054.429658914729,525.0705157711841,155.77687503341352,8.179706361935311,54.73127492649024,0.6011718791766907,5.65382477947073,29.001716118684847,8.0,D,fora,1.51,Guarani,0.0,24.0,2
2023,Avaí,2023-08-19,9084.24067345257,518.9298899699237,157.69283980348715,9.056003917413223,57.798601611919224,2.410065611319826,7.706959937492641,28.54775390938574,10.0,V,casa,2.55,Tombense,3.0,23.0,2
2023,Ituano,2023-08-19,9888.967937534939,530.2824525743646,192.3542532618133,8.77756812045814,61.01351193520379,1.6044814995420975,6.100766303119686,29.073240642728862,9.0,V,casa,2.29,Criciúma,3.0,23.0,2
2023,ABC,2023-08-19,9960.107740404485,425.91732690501533,87.34782067497339,5.523054285893181,42.715204808715804,0.7908143510112079,4.169568217394026,27.18100306806086,9.0,D,casa,0.94,CRB,0.0,24.0,2
2023,Criciúma,2023-08-19,9764.845451875259,593.9813456681612,214.4824080728964,10.812972708358831,65.98729698156451,1.701643283897598,7.609753006753374,30.319718294188988,10.0,D,fora,0.75,Ituano,0.0,24.0,2
2023,Guarani,2023-08-19,9936.13860068449,515.9380546480877,193.4143089539303,9.401798564348736,58.004930217570056,1.0994474076049514,7.500887836966908,30.333655577038463,10.0,V,casa,1.64,Sport,3.0,24.0,2
2023,Tombense,2023-08-19,8771.649857068749,436.28181506131136,157.8422190214452,9.138899815679391,53.939886979459835,1.490650088849155,6.754750063463681,29.307652064501173,10.0,D,fora,4.43,Avaí,0.0,24.0,2
2023,Juventude,2023-08-19,9538.508741607457,453.2810652282554,161.62350346565847,7.431808552245616,50.25478228277166,1.3683356148012953,6.062139039176064,29.707037785455096,9.0,E,casa,1.38,Sampaio Corrêa,1.0,24.0,2
2023,Novorizontino,2023-08-20,10606.004815350147,632.2328445472285,74.47331791573318,8.78019621305196,55.6096292548963,1.4628727325287274,6.504047120040472,28.387475608874755,6.0,D,casa,2.78,Chapecoense,0.0,24.0,2
2023,Ceará,2023-08-20,9084.179769526663,480.1111734853302,230.89216067407253,10.762072643816873,59.05699447251883,2.714557855380405,6.49668835996509,30.408284756866255,10.0,E,casa,0.95,Ponte Preta,1.0,24.0,2
2023,Ponte Preta,2023-08-20,9180.967970831596,460.2383307727761,183.99606127779117,8.98692085683559,53.92457816649474,1.4809111559818275,5.826457103351403,29.34369883458069,10.0,E,fora,1.25,Ceará,1.0,24.0,2
2023,Chapecoense,2023-08-20,9740.424112361803,459.44403052874185,222.15488214925907,7.815504080519278,51.80438101918345,1.5037884810225233,6.712957123929768,29.39548526448222,10.0,V,fora,1.76,Novorizontino,3.0,23.0,2
2023,Mirassol,2023-08-22,9361.183514742981,469.09522104131344,143.79451842355567,6.946828501716223,48.879641454034164,0.7449642281129814,5.830821305984037,29.040833712418845,8.0,D,casa,1.51,Juventude,0.0,25.0,2
2023,Juventude,2023-08-22,10048.859335577441,620.8430015384413,145.80190832467684,9.230301639689156,60.82882328963459,1.6574606514049783,7.219323348805406,29.519822224559835,8.0,V,fora,0.29,Mirassol,3.0,25.0,2
2023,Vila Nova,2023-08-23,8771.096709229963,359.39232702862165,93.78038974918454,5.810756454072827,42.18109131998174,1.1025220702016096,5.509700424148641,27.83403319714562,9.0,D,fora,1.72,Criciúma,0.0,25.0,2
2023,Criciúma,2023-08-23,9142.692759375685,406.9601045739368,105.00134986915225,5.441620218322854,43.539929936504954,1.313688863866212,5.911194624294933,28.579260371378222,10.0,V,casa,0.26,Vila Nova,3.0,25.0,2
2023,Avaí,2023-08-23,9572.677939264038,556.1676159570368,159.09031030247564,8.345566780656968,57.440188686061056,0.7589895000481648,6.069692226182448,28.75792553703882,9.0,E,fora,0.67,CRB,1.0,24.0,2
2023,CRB,2023-08-23,9522.769499144986,476.62881954377775,191.3667793420161,9.29099751562147,56.43279895892709,0.48444305825921413,5.420606252890376,29.710479560340282,10.0,E,casa,1.52,Avaí,1.0,24.0,2
2023,Botafogo-SP,2023-08-24,9414.15332101883,489.91554123674143,199.76104480842773,8.832905260119777,54.55008860668158,2.079482935276715,5.3244968612454,30.24533660437261,7.0,D,casa,1.01,Chapecoense,0.0,24.0,2
2023,Chapecoense,2023-08-24,9025.175164911816,410.94570587128135,158.2403291593317,7.374686949878766,49.22614928975543,1.5948441669157785,6.87557943335437,29.00669168853312,10.0,V,fora,1.45,Botafogo-SP,3.0,24.0,2
2023,Ponte Preta,2023-08-25,9573.768150015047,520.4651119721135,201.32328556023674,11.961352818738087,64.43672233925167,1.5817193299227603,6.319081276958572,28.926472063396528,9.0,V,casa,0.86,Londrina,3.0,25.0,2
2023,Londrina,2023-08-25,9884.116788493162,554.1517049164232,196.60832159249892,10.715173289806337,64.5062064014138,1.5460407206499596,6.9587436489040515,28.72278540045654,9.0,D,fora,0.38,Ponte Preta,0.0,25.0,2
2023,Sampaio Corrêa,2023-08-26,8936.534237041602,365.4354571340524,126.02810366718028,6.545698120184899,44.92973879815099,0.6662681047765794,4.661011525423729,28.780220647149463,9.0,E,casa,1.02,Guarani,1.0,25.0,2
2023,CRB,2023-08-26,9373.98632582589,463.6929503365152,170.63390445607703,8.906941780671271,55.72296188360533,0.7915623762811771,6.332816610214226,28.9650684027625,10.0,V,casa,1.52,Novorizontino,3.0,25.0,2
2023,Ituano,2023-08-26,10237.390917246767,401.2316904450111,73.91893675190111,4.23727916006157,41.147074114917174,0.723279688469226,4.5482767018172625,26.947530268568933,10.0,V,fora,0.26,Sport,3.0,24.0,2
2023,Tombense,2023-08-26,9363.122661835027,488.8687713687986,153.1825920502092,9.817154363419007,57.15674476987447,1.3453070830842795,7.5296494321578,28.754248356246265,7.0,E,casa,2.37,Ceará,1.0,25.0,2
2023,Guarani,2023-08-26,8997.754601516428,339.2830593653468,111.61095591126086,5.76305195169896,41.145736029205274,0.6069189553496208,5.156352934568941,27.808577365908455,10.0,E,fora,0.39,Sampaio Corrêa,1.0,25.0,2
2023,Sport,2023-08-26,9999.998780325734,436.79941945457745,79.69276440514774,5.735628754695488,45.40001464585508,0.7312892420769991,5.003101666644064,27.201444244043337,8.0,D,casa,1.69,Ituano,0.0,25.0,2
2023,Novorizontino,2023-08-26,9676.743582320574,524.2473296960966,160.2665953012214,9.101992000122602,58.757315290187115,1.378257804478092,6.066464115492482,28.76920047202341,7.0,D,fora,1.05,CRB,0.0,25.0,2
2023,Ceará,2023-08-26,9566.204230247948,503.4647167078583,168.14236041351083,10.044906322251455,61.706561694437795,0.9572822822822821,5.023175077732599,28.759177761832632,8.0,E,fora,0.41,Tombense,1.0,25.0,2
2023,Atlético-GO,2023-08-27,9059.554416889474,463.1227746993709,193.3173234652097,10.229606179202024,56.61095787964505,2.323945699487219,9.066655429405458,30.52263726895803,8.0,E,casa,0.96,Vitória,1.0,24.0,2
2023,Vitória,2023-08-27,9252.299899071604,427.88784187079716,141.79629063997777,7.713552172495803,49.22263548671391,1.0849223116948967,7.279300986345691,28.963529354951646,9.0,E,fora,1.64,Atlético-GO,1.0,25.0,2
2023,Avaí,2023-08-27,9216.413714912522,517.3074884001535,164.5707853891296,8.786917896122416,54.394839905665556,1.6767014753468985,7.008612625459333,28.90567761750672,10.0,E,fora,0.77,Chapecoense,1.0,25.0,2
2023,Chapecoense,2023-08-27,9315.980685605973,490.448746099258,194.10073865606435,9.673146251820349,56.48270613254433,1.1434737985714618,7.385218441552437,30.34244816347288,10.0,E,casa,0.9,Avaí,1.0,25.0,2
2023,Botafogo-SP,2023-08-28,9773.181508501408,593.4007479063698,200.22970006404756,9.353453976386994,61.34159285084168,1.3046620584645505,6.308579231670917,28.940661744268954,9.0,E,casa,0.84,ABC,1.0,25.0,2
2023,ABC,2023-08-28,9594.934243689524,517.2012198951131,191.20643195154273,7.915503334780818,54.01472046853949,0.7017101468639699,6.312192827159257,29.032040618632468,10.0,E,fora,0.29,Botafogo-SP,1.0,25.0,2
2023,Novorizontino,2023-08-30,10655.82653899688,644.6116420686345,138.34030741540678,8.965697864170867,60.47538288936885,1.510278257739381,7.343567434605233,29.023746100311975,9.0,V,casa,0.98,Ituano,3.0,26.0,2
2023,Ituano,2023-08-30,9955.986528172649,513.2344986223778,130.41087421376744,7.905173492574012,57.59642542728241,1.1858561564890944,5.829434351639426,28.67182076641895,10.0,D,fora,0.92,Novorizontino,0.0,25.0,2
2023,Juventude,2023-09-01,10268.190274052138,631.4998319108169,152.71484439412413,11.10596673053475,64.40473610869186,2.0902711490448818,7.053688962433955,28.718025314985773,8.0,E,casa,1.07,Chapecoense,1.0,26.0,2
2023,Mirassol,2023-09-01,9726.089026449827,499.4063986685729,158.32539138593515,8.442391877401484,54.18256746492716,1.306453623447413,5.42772629791797,28.14611071396658,10.0,E,fora,0.96,Vitória,1.0,26.0,2
2023,Vitória,2023-09-01,9364.6540045236,475.25175045179185,153.950329950104,7.774403464305605,52.06800438721116,1.2266770853460327,5.318578702703931,28.54769444097155,10.0,E,casa,0.89,Mirassol,1.0,26.0,2
2023,Chapecoense,2023-09-01,10014.036259212084,475.3346465289783,91.91291283777639,7.574323537439724,53.019307160403976,0.9196192339186607,6.857199071967974,28.754917659903562,10.0,E,fora,0.9,Juventude,1.0,26.0,2
2023,Atlético-GO,2023-09-02,9739.683574737246,625.1304965445272,166.94523666528235,7.570780010435633,54.815923713382105,1.2466790190503572,5.749182932413294,28.63556847586493,9.0,V,fora,2.69,Avaí,3.0,25.0,2
2023,Criciúma,2023-09-02,8727.009409090417,453.5893775911152,106.38016290876027,6.13666540380806,46.66254321682561,1.1703384821882812,4.09147981771538,28.186814673695373,10.0,D,fora,0.79,Ceará,0.0,26.0,2
2023,Ceará,2023-09-02,8970.760118536049,524.6154724834445,188.979121463121,10.08859459010608,59.69295437088705,0.9360062070540368,4.952450748375579,28.929838492038783,10.0,V,casa,2.01,Criciúma,3.0,26.0,2
2023,Tombense,2023-09-02,9065.102808457144,453.5983374857143,152.12661805714288,9.256274514285714,56.98247234285714,1.645562285714286,7.096723428571428,28.846794285714285,9.0,E,fora,0.34,Londrina,1.0,26.0,2
2023,Ponte Preta,2023-09-02,9460.797454793505,518.16796926796,121.16549682268044,9.154674309785666,55.251388566436496,1.2921358049807925,6.894350713849763,28.955803544715838,9.0,D,fora,0.36,Guarani,0.0,26.0,2
2023,ABC,2023-09-02,9038.491700465762,344.0733503052043,80.8445255590592,5.468686174675268,38.66415801197674,0.6516086151531808,5.338887233488587,27.552720803078078,7.0,E,casa,1.02,Sampaio Corrêa,1.0,26.0,2
2023,Sampaio Corrêa,2023-09-02,8888.878269655748,390.48941597505285,117.23587708098019,7.624678952020822,47.73356160683592,1.3251188429995582,5.415201959436232,28.284064234150176,9.0,E,fora,0.16,ABC,1.0,26.0,2
2023,Londrina,2023-09-02,9438.97618165211,483.1647173602786,167.08139909801906,10.171501284466517,61.65386070674202,1.4403411543072446,7.295185705314837,29.23315750413884,10.0,E,casa,1.8,Tombense,1.0,26.0,2
2023,Guarani,2023-09-02,8857.741272187837,396.57068545705664,130.6562003171518,8.654511228195814,49.07740344774668,1.012301908025986,5.339571845107166,28.710067011100314,10.0,V,casa,0.78,Ponte Preta,3.0,26.0,2
2023,Botafogo-SP,2023-09-03,9104.27986597397,446.9748242023509,216.02556801007552,9.54012846347607,54.595981947942896,1.4171393786733832,6.705757976490342,30.409580184718717,10.0,E,casa,1.5,Sport,1.0,26.0,2
2023,Sport,2023-09-03,9010.699753726985,410.43966109607936,172.55912483420866,9.360035439545863,51.66225943020849,1.5275080906148866,7.068450633985887,29.137638070985194,10.0,E,fora,0.77,Botafogo-SP,1.0,26.0,2
2023,CRB,2023-09-03,9228.19988604691,467.33466950388066,189.67323635350112,8.779111208781787,53.25470638051543,1.2538284164486944,6.273061189485872,29.172920329316927,10.0,V,fora,0.66,Vila Nova,3.0,26.0,2
2023,Vila Nova,2023-09-03,9229.535327410142,486.10426931287134,171.45079859228062,7.6836435700686545,52.650034731437145,0.7257199561530028,8.205074828362084,28.53312986788207,9.0,D,casa,1.36,CRB,0.0,26.0,2
2023,Guarani,2023-09-06,9841.055471838405,443.22427907553134,170.6429524753702,9.25556168287998,55.31771733068964,1.3385984261726254,8.252779602205836,29.153448169031538,9.0,V,fora,0.44,Chapecoense,3.0,27.0,2
2023,Chapecoense,2023-09-06,10016.430964389636,503.53008036580286,150.47748895355102,8.592587255400057,59.99862669930564,1.6623158283682045,5.818586670361645,29.091055070589498,7.0,D,casa,1.34,Guarani,0.0,27.0,2
2023,Tombense,2023-09-07,9219.350771874893,466.91452483862554,155.7060980839261,8.271459006908756,53.70535162055157,1.0226288443431006,7.045042711772114,28.697933045184858,9.0,V,casa,0.81,ABC,3.0,27.0,2
2023,Londrina,2023-09-07,9080.898545521239,518.1851054214658,158.73074726725847,9.6382658645734,55.065703176582794,1.8476849827598854,6.865972855990024,28.579562761352797,7.0,D,fora,1.35,Ceará,0.0,27.0,2
2023,ABC,2023-09-07,9446.646090646209,396.5496023605784,135.12234192977277,7.32788952493361,49.07736358807907,1.1693665388020065,5.949268220714075,28.25672705812924,9.0,D,fora,0.51,Tombense,0.0,27.0,2
2023,Ceará,2023-09-07,9296.516742936576,506.98491532716264,197.69150579746923,9.334607746875104,57.39100062884062,1.787191950840109,6.652984124532507,29.13149167613605,10.0,V,casa,2.54,Londrina,3.0,27.0,2
2023,Ituano,2023-09-08,9225.964296435272,438.2761531291452,131.1055832267779,6.237884585509255,48.507313607628966,0.8608001816421887,5.377688961651987,28.272144214337782,9.0,D,casa,1.18,Vila Nova,0.0,26.0,2
2023,Vila Nova,2023-09-08,9195.6711026375,386.7259690724916,158.18820793679296,7.225528397748038,47.436689763713,0.5688134948718219,5.419739101961488,29.58334794503185,10.0,V,fora,1.18,Ituano,3.0,27.0,2
2023,Ponte Preta,2023-09-09,9374.7285897111,467.67711479979727,178.9293996452103,10.03740724784592,59.186401672579834,1.7107935884439944,8.209920932589965,29.62477952356817,9.0,E,casa,1.6,Sampaio Corrêa,1.0,27.0,2
2023,Botafogo-SP,2023-09-09,9611.144589886542,438.5198352387356,125.63966440332342,7.9075739202117274,50.86215784107425,0.684794563637547,6.442815259127491,28.40412174328047,10.0,D,fora,0.64,Mirassol,0.0,27.0,2
2023,Sampaio Corrêa,2023-09-09,9386.86385124491,445.7080522250908,117.45690773640221,7.974912593532578,51.6892404717105,1.278383582024242,5.807892289852536,28.06700980177657,10.0,E,fora,0.62,Ponte Preta,1.0,27.0,2
2023,Mirassol,2023-09-09,9755.282254013882,469.71283851990506,128.46057782085995,8.022607101870731,52.64643814553598,1.3043239629642012,5.615467348553219,28.21563436619091,10.0,V,casa,1.81,Botafogo-SP,3.0,27.0,2
2023,Criciúma,2023-09-09,8945.561933149702,415.1349949720182,113.32613468433017,6.492695763378803,46.2355824807625,0.7866998950682056,4.6238007170339275,27.590887329485835,10.0,E,fora,2.46,Sport,1.0,27.0,2
2023,Sport,2023-09-09,8787.804217833278,445.1540167658083,154.37277175684483,8.432824111799217,51.79435411913298,2.014484395371577,5.775359150912645,28.485590164602346,10.0,E,casa,2.01,Criciúma,1.0,27.0,2
2023,Atlético-GO,2023-09-10,8980.477627303708,396.1453624722893,138.76443767991265,9.032858749958642,52.40918108725143,0.694014492274096,6.253046024550839,29.752890182973232,10.0,V,casa,2.52,Juventude,3.0,26.0,2
2023,CRB,2023-09-10,9330.488056370981,540.4265709493014,260.9268978303574,13.11027280552674,67.73963625929768,1.8867058070496836,7.746141435098331,30.57540556646876,10.0,V,casa,3.12,Vitória,3.0,27.0,2
2023,Vitória,2023-09-10,9243.74166043081,542.5260412101128,225.9823154631461,10.943642097386284,60.61537655673741,1.5626538029825219,7.696742209631728,30.167392698701157,8.0,D,fora,0.49,CRB,0.0,27.0,2
2023,Juventude,2023-09-10,10243.533037596917,608.4260399514105,95.42253250551133,7.827629159730659,55.74230995336003,0.6743849072449426,6.749961158350955,28.72722514659349,7.0,D,fora,0.6,Atlético-GO,0.0,27.0,2
2023,Avaí,2023-09-11,9603.09146459264,562.2338796172423,117.95794233690846,9.490081970930365,61.837714224167264,1.2246552232375685,7.040369832883609,28.666835219156034,10.0,V,casa,0.4,Novorizontino,3.0,26.0,2
2023,Novorizontino,2023-09-11,10249.379826096663,634.903657551066,154.80750262306063,9.946368791159728,63.28869672954571,0.804440227703985,5.8270161848420585,29.029945306395806,10.0,D,fora,1.24,Avaí,0.0,27.0,2
2023,Londrina,2023-09-14,9763.627282203246,541.8103650849351,230.55038237090756,13.219164554658764,69.94872330746935,2.456736330435008,7.836752316710205,29.932205196189283,8.0,E,casa,2.04,Ituano,1.0,28.0,2
2023,Ituano,2023-09-14,9992.407086814219,552.1640198210158,181.78768636561307,10.29764951591861,63.13688963402074,1.2351839051520905,7.003267835480991,29.607351628481837,9.0,E,fora,1.09,Londrina,1.0,27.0,2
2023,Ponte Preta,2023-09-15,9110.332490314247,438.27515645178653,162.71879008824797,8.35300850193715,51.94117278303917,1.9370007802410674,8.112573988377099,29.363227776582008,8.0,E,fora,0.89,Vila Nova,1.0,28.0,2
2023,Vila Nova,2023-09-15,9023.375347523554,445.8573139198082,135.43471717586476,7.691622257488154,51.33799620459664,0.9983022783517737,7.789669733322975,29.13619505265844,10.0,E,casa,1.97,Ponte Preta,1.0,28.0,2
2023,Atlético-GO,2023-09-16,9173.44042612648,428.7096600264373,184.71626492892096,8.453108694139747,50.19614097539482,0.8355646900582083,6.366095058092345,30.743198209689016,9.0,D,fora,0.23,Botafogo-SP,0.0,27.0,2
2023,Chapecoense,2023-09-16,9218.581203178886,337.11904798320586,63.6980947668316,3.507673264357475,35.49250607287449,0.13545209176788126,4.724233618233618,27.051076623181885,7.0,D,fora,0.14,Sampaio Corrêa,0.0,28.0,2
2023,Sport,2023-09-16,9318.910276918752,475.3018758244847,177.1190413269609,9.537311584957072,53.7188071192232,1.65509342358513,6.615910988084167,29.278467161177307,10.0,V,fora,2.36,ABC,3.0,28.0,2
2023,Sampaio Corrêa,2023-09-16,9265.16981723046,409.97522659755253,86.70593249141166,5.280435712801203,44.01279496803061,0.43986246439355975,5.940373363326284,27.59580057948336,9.0,V,casa,1.71,Chapecoense,3.0,28.0,2
2023,Botafogo-SP,2023-09-16,9593.32910362237,481.7401324740022,207.79776492007997,10.05181744054866,56.49766104080334,0.9049081282741519,7.136439063075943,30.01215834329308,10.0,V,casa,1.36,Atlético-GO,3.0,28.0,2
2023,ABC,2023-09-16,9206.011858417347,427.88995197048615,165.07867953641076,9.08354965950091,51.89396962771326,1.1494319987934614,5.117444922677123,29.65272457278095,10.0,D,casa,0.64,Sport,0.0,28.0,2
2023,Juventude,2023-09-16,9791.874364761521,560.032193764035,195.77379549429287,10.898280297620897,64.63816325685842,2.0484572558028833,8.3821421253609,28.86809061086792,10.0,V,casa,2.25,CRB,3.0,28.0,2
2023,CRB,2023-09-16,9221.884480763913,416.2828202907963,168.30973914925855,8.875916104436508,51.52112758716071,1.6244019915575278,5.4127376700220085,29.35999086000168,9.0,D,fora,0.65,Juventude,0.0,28.0,2
2023,Guarani,2023-09-17,9261.457008856727,380.02753710935303,121.34115632631473,6.077088083368031,45.37894416997716,1.1138523953679424,5.573424976648397,29.064946713332358,10.0,V,casa,1.96,Tombense,3.0,28.0,2
2023,Vitória,2023-09-17,9045.7869907999,373.7522512564954,127.5553439390067,6.51803518187239,44.46645519209473,0.7667633529261436,4.7919590680637185,28.064664792571765,10.0,V,casa,1.34,Avaí,3.0,28.0,2
2023,Avaí,2023-09-17,9533.487983071944,499.83951331839677,146.7487282798108,9.075009833208863,56.458974234503366,1.0081197411003235,5.824363828727908,27.776931789892956,9.0,D,fora,0.48,Vitória,0.0,27.0,2
2023,Tombense,2023-09-17,8716.067400867283,353.0888071448962,126.1378916031157,6.483795794081263,43.92273670187458,1.4672119135978685,6.117380612536192,29.09800171281758,8.0,D,fora,0.33,Guarani,0.0,28.0,2
2023,Novorizontino,2023-09-19,10228.516688542983,608.5958831860889,311.7451117655308,15.776619828916001,74.97060552517179,1.6409270789510588,7.192457719814894,30.25682092273174,8.0,V,casa,2.06,Ceará,3.0,28.0,2
2023,Ceará,2023-09-19,9837.401184514376,570.943146932307,221.28846683269185,11.138662440570524,62.352169798505784,2.1724591351596105,7.06251618745755,29.974996604029887,7.0,D,fora,0.3,Novorizontino,0.0,28.0,2
2023,Vila Nova,2023-09-20,8852.106904168879,331.0990018101888,94.93391967117172,5.635522845126781,39.31930409810406,1.101719951546827,4.776523484817553,28.073196956705186,8.0,D,fora,0.84,Sampaio Corrêa,0.0,29.0,2
2023,Sampaio Corrêa,2023-09-20,8962.64274228325,365.7316694280526,108.05572117566952,6.230491261915571,46.367064117113024,1.2253128688152521,4.594360417612347,28.377203812982295,10.0,V,casa,1.07,Vila Nova,3.0,29.0,2
2023,Ponte Preta,2023-09-22,8752.701020933802,369.290192075844,114.79510686102587,7.151275345243314,47.83920183033758,2.8361142316966244,8.384714078255152,28.52639056334941,8.0,D,casa,0.37,Mirassol,0.0,29.0,2
2023,Mirassol,2023-09-22,9127.454416044553,381.4931732634111,119.94713141841741,5.950320175961339,44.174999295721236,0.7801779116509377,6.435541590369801,28.334064338573892,10.0,V,fora,2.85,Ponte Preta,3.0,28.0,2
2023,Criciúma,2023-09-23,9174.595096936042,518.5297822592431,154.7582843781967,8.329058405182913,55.01934726484485,0.7664318768571289,7.2326306688099775,28.79135369477325,9.0,D,fora,0.36,Atlético-GO,0.0,28.0,2
2023,Tombense,2023-09-23,9483.705315039953,428.64977877986263,142.22513822832002,7.524548993270192,50.08326155786126,1.1094535286941982,5.055764744582573,28.49893501829795,8.0,E,casa,0.85,Botafogo-SP,1.0,29.0,2
2023,CRB,2023-09-23,9476.800294350081,449.64309137951574,199.440668052353,11.302267545711413,59.91902233336582,2.045916447446765,6.0392495642666155,30.182982040206557,10.0,V,casa,0.85,Guarani,3.0,29.0,2
2023,Atlético-GO,2023-09-23,8882.13046814827,473.5588275532765,183.949168232351,10.5569109480262,59.88504686672825,2.052979748175675,7.379785959703956,30.006761680351268,10.0,V,casa,0.75,Criciúma,3.0,28.0,2
2023,Vitória,2023-09-23,9013.728698547216,421.12538220338985,148.2921501210654,6.756053026634382,47.50420677966102,0.9803501210653753,6.755950968523003,29.460450363196127,9.0,V,fora,0.73,Ituano,3.0,29.0,2
2023,Ituano,2023-09-23,9616.694151989976,506.06976193492983,136.21033675437485,6.083264067801382,50.17537666652588,0.2525593050921428,5.956076220241866,28.173991637454066,8.0,D,casa,1.29,Vitória,0.0,28.0,2
2023,Sport,2023-09-23,9612.548882734269,443.2105679321824,114.74293103680641,6.428392700710252,46.94361298669793,1.2122961225892532,4.8507757516947665,28.13284006522999,8.0,V,casa,1.66,Londrina,3.0,29.0,2
2023,Ceará,2023-09-23,8942.033133822277,451.96009529926664,133.49119437764202,7.528190957025707,48.9328609198321,2.4187354175691214,6.991660716686333,29.28504936741004,7.0,E,fora,0.95,Chapecoense,1.0,29.0,2
2023,Guarani,2023-09-23,9753.835352370474,474.3737747883307,167.05095144519055,9.501722213488447,55.78459137152739,1.9194721180407395,7.175902598423428,29.257840186852924,10.0,D,fora,0.38,CRB,0.0,29.0,2
2023,Londrina,2023-09-23,9354.13364206033,379.70192408393206,117.03714824603854,7.033769124818523,46.01001513854247,1.004181215798682,5.4684358907543205,28.186434873245723,9.0,D,fora,0.84,Sport,0.0,29.0,2
2023,Botafogo-SP,2023-09-23,9854.714804481395,448.1329154199311,175.9643218519449,8.326090541559125,53.34386880153492,2.0560921404262125,5.961551928918937,29.483221031954507,10.0,E,fora,0.52,Tombense,1.0,29.0,2
2023,Chapecoense,2023-09-23,9239.371446664854,409.25168694489753,139.27361416983868,7.647107576581476,48.939526463657785,0.510166077578394,5.912754100960667,28.643865551930396,10.0,E,casa,0.64,Ceará,1.0,29.0,2
2023,Novorizontino,2023-09-26,9710.60678380091,535.0533083702978,147.9695875338441,9.849131862434472,57.96348464773316,1.660323175298116,7.051855521631429,29.375609194078,9.0,V,casa,2.61,ABC,3.0,29.0,2
2023,ABC,2023-09-26,9173.151981411218,395.59019575080356,125.21454903052879,6.891661735185249,46.57652382775786,0.7316554693029786,5.951646418584143,28.973533609496297,9.0,D,fora,1.91,Novorizontino,0.0,29.0,2
2023,CRB,2023-09-28,9309.71441320152,384.65870357936655,142.83926641507688,7.604969901833673,47.82165736710502,1.5615380162993147,6.46052961196518,28.77800518614558,10.0,D,fora,0.35,Mirassol,0.0,30.0,2
2023,Mirassol,2023-09-28,9692.77035418395,474.9733068967423,147.54146817100823,8.262885349261655,54.554982910237264,0.4975441623803993,5.775460538687019,28.90015707095846,10.0,V,casa,2.25,CRB,3.0,29.0,2
2023,Londrina,2023-09-29,9892.795974648852,461.65965387689846,175.64092200525292,8.737314719652849,55.80672273609684,1.1298868333904304,6.783462601347494,29.19106885919835,10.0,V,casa,0.78,Sampaio Corrêa,3.0,30.0,2
2023,Avaí,2023-09-29,9510.836304794331,441.8764268219012,147.8876176615959,8.898672195068372,53.2834037014663,1.1856912515788895,6.425155582404305,28.354160030754024,10.0,E,casa,0.91,Sport,1.0,28.0,2
2023,Sampaio Corrêa,2023-09-29,9936.980256078603,531.1350194639637,152.45751694546362,7.72362688887507,54.06470107580375,1.1187147565449909,5.484571357502643,28.842947577886953,9.0,D,fora,0.41,Londrina,0.0,30.0,2
2023,Sport,2023-09-29,9598.08868561519,463.5684580302245,136.91997432490257,8.309154636156844,53.61286648949348,1.6207525731402446,5.776464719263079,28.156809531316856,10.0,E,fora,2.08,Avaí,1.0,30.0,2
2023,Guarani,2023-09-30,9362.25992547649,453.6635054628592,182.90844445910002,9.39551320099365,54.80489316098397,1.6810542109081317,6.826341643034581,29.663860493745744,10.0,V,casa,1.38,Novorizontino,3.0,30.0,2
2023,Juventude,2023-09-30,9575.557473878172,568.269770575266,207.44534408384547,11.504901850096394,67.390567916751,2.6835778116246125,7.284696603363617,30.1538146921299,10.0,V,casa,0.18,Criciúma,3.0,29.0,2
2023,Novorizontino,2023-09-30,10048.929179644118,610.5870380562205,218.3361321849009,10.548821170315161,63.41438386929588,0.9992821886028775,6.663265998667292,28.850467681828274,9.0,D,fora,1.59,Guarani,0.0,30.0,2
2023,Vitória,2023-09-30,9006.261249576855,436.5782637494076,133.9506514183837,7.920715962176436,50.98051465775993,0.6093140529439642,6.297651147570581,28.5918564239128,10.0,V,casa,0.89,Tombense,3.0,30.0,2
2023,Botafogo-SP,2023-09-30,9768.663370951195,546.9186552272292,218.66638643051218,10.653558551956616,58.74963731270928,2.130914102752004,6.2911931363375,30.475174466453964,10.0,E,fora,1.04,Ituano,1.0,30.0,2
2023,Tombense,2023-09-30,9111.246268117999,417.79742687536185,146.58594338444777,7.557268083947198,50.87007911194852,0.9196262329319093,6.025574838541252,29.030235065775283,10.0,D,fora,0.47,Vitória,0.0,30.0,2
2023,Ituano,2023-09-30,9434.256918790754,532.9563343212805,203.5292803793717,8.402398340248965,53.881819205690576,0.9335767634854774,5.202362181387078,29.802987551867222,8.0,E,casa,0.74,Botafogo-SP,1.0,29.0,2
2023,Ponte Preta,2023-09-30,9318.637378336352,474.7794535898326,171.98363391032808,10.178862844879653,55.7481009291029,2.197337985273141,7.286670907385277,28.587416631327343,9.0,D,fora,0.55,ABC,0.0,30.0,2
2023,ABC,2023-09-30,9732.847903521413,496.99998377100326,167.21937602305638,8.435466933419143,54.647887432320886,1.3862551590021965,5.666819536354352,28.6180519607706,8.0,V,casa,1.66,Ponte Preta,3.0,30.0,2
2023,Criciúma,2023-09-30,9458.406045392318,460.3651594924056,95.33816779296407,6.845103213750243,48.59802438017427,0.78218954390387,5.965467503965581,28.403552725929465,10.0,D,fora,0.66,Juventude,0.0,29.0,2
2023,Ceará,2023-10-01,9046.418845757707,513.0152770593486,133.99345219839327,10.093586093245749,59.015341832413995,1.6471323613558855,6.694879494632762,28.626339520725093,10.0,D,casa,0.66,Atlético-GO,0.0,30.0,2
2023,Chapecoense,2023-10-01,9392.220396933182,433.3682280606449,126.6756876882809,6.556260926465504,47.114819497259134,1.2224469109585658,4.667916193392266,28.86802064299472,9.0,E,fora,0.83,Vila Nova,1.0,30.0,2
2023,Atlético-GO,2023-10-01,9766.457116628011,566.1563101701284,136.66968980395714,8.861999818598806,51.1900844811278,1.631535301968203,5.830740505591044,29.46269873148736,8.0,V,fora,1.19,Ceará,3.0,29.0,2
2023,Vila Nova,2023-10-01,9125.63649942323,428.8327637666202,128.4103056280736,6.557053730799588,48.85112731467427,0.9847489527047538,6.230407018395969,29.264323963329492,9.0,E,casa,1.2,Chapecoense,1.0,30.0,2
2023,Mirassol,2023-10-03,9604.288576781186,393.037220428868,101.06026688955501,5.396473368688034,43.37096841134426,0.20762047498270694,3.424316347705788,27.256115978787186,10.0,V,casa,2.44,Londrina,3.0,30.0,2
2023,Londrina,2023-10-03,9397.970173975427,382.26266254147606,110.5722333198816,5.247564568200161,45.298982266164465,1.2113742041072548,3.6305103802349565,27.015477311451885,10.0,D,fora,0.38,Mirassol,0.0,31.0,2
2023,ABC,2023-10-05,9752.20413897702,492.0649976419139,132.34787965186078,6.656567912879439,49.48738402503858,1.8345811181615501,5.5969960126907905,28.263253515691993,10.0,E,fora,1.25,Chapecoense,1.0,31.0,2
2023,Chapecoense,2023-10-05,9749.529578458176,505.7537760524877,151.5588638600328,7.872964461454346,54.02902143247677,1.3772242755604156,6.399038819026791,28.553724439584474,10.0,E,casa,1.84,ABC,1.0,31.0,2
2023,Botafogo-SP,2023-10-07,9160.715855486193,450.6829265544898,172.27267457003472,7.068684368281793,47.162269203737395,2.046095791301472,6.325241338680338,29.6161578055234,10.0,D,casa,0.75,Avaí,0.0,31.0,2
2023,Ituano,2023-10-07,9572.723654202326,464.87039281434215,143.70161168879903,8.49857001053154,55.12761490878717,1.7434449030977253,7.1904271931629715,28.547578351027127,9.0,D,fora,2.3,Atlético-GO,0.0,30.0,2
2023,CRB,2023-10-07,9072.347353799223,482.28172021987695,221.01262194060868,10.686869005333143,57.02491314450666,1.4740844090039003,6.8181845819983415,29.710570062748875,10.0,V,casa,1.19,Ceará,3.0,31.0,2
2023,Vila Nova,2023-10-07,9151.531253695159,416.8807486016886,140.58630101444038,8.13477052806193,52.15881085047108,0.3819446630229047,5.934319878352226,28.70226388209523,10.0,E,fora,0.87,Guarani,1.0,31.0,2
2023,Ceará,2023-10-07,9168.19423089417,498.7478003118436,229.69105463759013,10.818680620222189,60.712188318860036,2.0469930917989476,6.043104142755051,30.25132316954328,10.0,D,fora,1.32,CRB,0.0,31.0,2
2023,Guarani,2023-10-07,9201.378077775154,437.12804032702456,161.93763975574376,8.299648010076133,51.71861239499342,1.2144720713426225,5.667967904816527,29.132483159587512,10.0,E,casa,1.38,Vila Nova,1.0,31.0,2
2023,Sampaio Corrêa,2023-10-07,8880.604628076158,402.34169097427684,118.30969728613363,7.6209539721767765,49.39030747096428,1.1479882116792555,5.222283871117453,28.572860176128646,9.0,E,casa,0.8,Novorizontino,1.0,31.0,2
2023,Novorizontino,2023-10-07,9451.457914069057,466.5658552495768,153.45628283995978,7.678270509062384,51.646765341370426,1.2376574047314313,5.447619421163452,29.09762465078513,8.0,E,fora,2.38,Sampaio Corrêa,1.0,31.0,2
2023,Juventude,2023-10-07,9833.970295927906,500.427087726588,56.56295460447723,5.3776086843608795,41.48671090219706,0.35099127408715525,4.79227484028463,28.804207136550154,8.0,E,fora,0.76,Tombense,1.0,30.0,2
2023,Tombense,2023-10-07,8813.331513412882,287.9804131646562,276.41766591908726,5.486289465662153,39.29241693158559,1.468747659277969,6.075537821713191,29.05753385881636,10.0,E,casa,1.32,Juventude,1.0,31.0,2
2023,Atlético-GO,2023-10-07,9427.70947461937,453.31047207651955,173.51326367979235,9.574402536467032,55.92232037791657,1.5314359127131898,7.181703071636042,29.03192501250147,10.0,V,casa,1.19,Ituano,3.0,30.0,2
2023,Avaí,2023-10-07,9203.425647610751,451.68388524469725,163.5955877877016,7.178506942622348,47.41744293195914,0.6615929723659489,4.911177569504937,29.18373757622191,10.0,V,fora,0.99,Botafogo-SP,3.0,29.0,2
2023,Criciúma,2023-10-08,9829.076890402643,543.7143199942377,154.56772820349238,8.519509482111069,57.697001738987275,1.2962476976425916,6.762199252955765,27.81785909058169,10.0,V,casa,1.54,Vitória,3.0,30.0,2
2023,Vitória,2023-10-08,9381.09705198739,471.325918588119,149.3831201706126,7.419246254971049,52.11167769054831,0.37110146092188495,5.284872967793781,27.926178112958727,10.0,D,fora,1.39,Criciúma,0.0,31.0,2
2023,Sport,2023-10-09,9011.153930773542,419.7489599470036,113.96588412148388,7.223769109253975,44.94374426722381,1.2611376375866286,4.930853546677538,28.114013452914797,8.0,E,casa,2.21,Ponte Preta,1.0,31.0,2
2023,Ponte Preta,2023-10-09,8814.217603108378,365.5568882862209,131.05398226765416,7.133278606446229,45.90639115468865,1.5963678940231567,6.665094502972776,28.215925732763118,10.0,E,fora,1.13,Sport,1.0,31.0,2
2023,Mirassol,2023-10-11,9539.322983779537,392.4856213728462,96.58166245720378,6.163250266599314,44.248521973396194,1.11125902228209,4.34316113823876,27.90352360105517,10.0,V,fora,0.79,ABC,3.0,31.0,2
2023,ABC,2023-10-11,9874.112432319993,470.08385217485085,117.72830264556784,7.2099454553858955,51.86321350980724,0.8314864177747645,4.574571578249949,27.354205636276788,7.0,D,casa,1.63,Mirassol,0.0,32.0,2
2023,Botafogo-SP,2023-10-12,8636.41914648001,447.3631915075556,156.34191751872075,8.467436752543946,53.65391053126641,0.9888609960787186,5.7174304003127245,29.308806391321873,9.0,D,fora,0.63,Vila Nova,0.0,32.0,2
2023,Vila Nova,2023-10-12,8314.812928070643,358.13560369114805,142.40753553977032,7.979155636021022,47.884399541839464,1.9101725491645034,6.982270388605104,29.30739799924255,10.0,V,casa,4.07,Botafogo-SP,3.0,32.0,2
2023,Criciúma,2023-10-14,9764.529857133968,482.1742829942132,134.9636382303528,8.176096198120838,53.31300280007467,0.5594106153941882,5.932732126190032,28.666486217410238,9.0,D,casa,2.58,Chapecoense,0.0,31.0,2
2023,Ceará,2023-10-14,9502.069693619955,426.57085875379494,170.64764726815756,8.408227221672355,51.04363496847232,1.802514318123686,5.205648513695355,30.037762035564544,10.0,E,casa,2.74,Sampaio Corrêa,1.0,32.0,2
2023,Chapecoense,2023-10-14,9605.022308506695,511.58488719496063,146.45357302419146,8.383874014080778,56.122688052511776,1.0463063892859032,6.9551105817585075,27.99808586099201,10.0,V,fora,1.28,Criciúma,3.0,32.0,2
2023,Novorizontino,2023-10-14,9539.471895075752,500.8785458949554,225.04830833345878,10.42734830818301,59.985308348503786,1.352723306302376,5.954667428949706,29.510462334692413,7.0,E,casa,1.21,Tombense,1.0,32.0,2
2023,Ituano,2023-10-14,10118.11195571661,542.3272276251632,151.1997323545869,8.751951453465136,57.07489488689351,1.3197989661879515,4.795821587487677,27.712864032399885,8.0,E,casa,0.94,CRB,1.0,31.0,2
2023,CRB,2023-10-14,9671.58170221405,492.4302711451484,185.15782858302975,9.135977487283023,58.57130666245588,0.9129335333461162,5.68293014967122,29.12656184793765,10.0,E,fora,0.33,Ituano,1.0,32.0,2
2023,Tombense,2023-10-14,9045.363348247576,410.02558317020885,171.14205164056673,8.599286796234153,53.166330513609246,1.9916466256524978,5.662346662938106,29.99006688105891,9.0,E,fora,0.49,Novorizontino,1.0,32.0,2
2023,Sampaio Corrêa,2023-10-14,9322.899878675942,420.2889759103284,102.02730189310108,5.874136322384448,42.98804416705144,0.860491983377649,5.160545002945531,27.7489149298645,7.0,E,fora,0.12,Ceará,1.0,32.0,2
2023,Londrina,2023-10-15,9522.80445370679,487.7162654218072,203.73374347004554,9.89219851061465,57.90678670668,2.221242636434367,6.669168611759476,30.035278426142053,9.0,E,casa,3.46,Avaí,1.0,32.0,2
2023,Vitória,2023-10-15,8998.366310290201,390.4041449548912,122.7510241891087,6.270207511768738,46.110050445470584,1.2120066961025537,5.863660273911041,28.343332546878337,10.0,V,casa,1.91,Guarani,3.0,32.0,2
2023,Ponte Preta,2023-10-15,9026.028303888294,448.89941578804735,162.60249532191665,9.05791880137826,53.07942714449793,1.1601867361819098,5.34163584508769,29.25711391294248,8.0,D,casa,0.17,Atlético-GO,0.0,32.0,2
2023,Guarani,2023-10-15,9500.086537724175,399.41241505431907,108.90638244931812,5.8722546126966435,44.54200212109264,0.9787265286143555,5.507092063578392,28.207392551701634,9.0,D,fora,0.59,Vitória,0.0,32.0,2
2023,Atlético-GO,2023-10-15,8901.765354267493,366.5612271020851,120.28626735718485,7.326953050793795,44.674878103939584,0.20363901578542676,5.191616083947714,28.869444570084585,9.0,V,fora,1.0,Ponte Preta,3.0,31.0,2
2023,Avaí,2023-10-15,9670.994582657833,486.28530930103284,139.4451041039418,7.713420839316318,51.4824141924128,1.2499667654824214,6.044818889249154,28.379634304506922,10.0,E,fora,0.86,Londrina,1.0,30.0,2
2023,Sport,2023-10-16,8344.118314643225,327.60959562106433,92.26127170043256,5.530764574225046,35.79865129709734,1.1471335134696337,5.9477204253690665,28.585232688940174,9.0,E,fora,1.57,Juventude,1.0,32.0,2
2023,Juventude,2023-10-16,8629.416809111837,407.8614775095188,171.33153282202903,8.44145078059371,49.29037671419689,2.0606381121742072,7.164997654400454,29.571837531774694,9.0,E,casa,0.68,Sport,1.0,31.0,2
2023,Tombense,2023-10-19,9397.65354769834,394.7227685717355,112.5204939034216,6.282925551914917,45.200740049417206,1.4493471021109738,5.801516624590429,28.369376107858415,8.0,V,casa,1.92,Vila Nova,3.0,33.0,2
2023,ABC,2023-10-19,9116.98765153945,440.5404890955741,144.68271407953816,6.733169499679281,47.02364897370109,0.24029105195638228,5.41247113534317,29.396872995509945,8.0,D,fora,1.34,Atlético-GO,0.0,33.0,2
2023,Vila Nova,2023-10-19,9257.67487910755,412.5260337999357,112.60659027389603,5.885452469583625,44.52999191275288,0.7491783119060929,6.422383359299739,27.90353222411189,9.0,D,fora,1.43,Tombense,0.0,33.0,2
2023,Atlético-GO,2023-10-19,8730.796988947264,431.54368337293715,165.49533474308387,9.025765952344619,53.563212705195006,1.8633778422096752,5.984039371280331,29.19797802533191,10.0,V,casa,1.69,ABC,3.0,32.0,2
2023,Vitória,2023-10-20,9027.03320821577,383.40884206082956,139.56816644820154,5.89985514651974,42.190165959432136,0.799684965897225,5.099234409366598,28.164204305614184,10.0,V,fora,1.96,Sampaio Corrêa,3.0,33.0,2
2023,Sampaio Corrêa,2023-10-20,9456.13708532182,442.5757126985329,120.899178597581,5.909667701941773,48.06481503926471,0.796395475090271,5.79645178395576,27.377539580334822,9.0,D,casa,0.74,Vitória,0.0,33.0,2
2023,Criciúma,2023-10-21,9622.89221290676,497.30429837799164,180.7924276468024,9.356032842594766,55.33429547156735,1.6097343975317748,8.048489553640296,29.27909274847133,10.0,V,fora,1.27,CRB,3.0,32.0,2
2023,Botafogo-SP,2023-10-21,9168.430130952254,486.9954338734128,223.61144972100078,10.934671597983037,61.05479158379117,1.6458942490673147,6.483546462246402,29.023410134285196,10.0,V,casa,0.49,Novorizontino,3.0,33.0,2
2023,CRB,2023-10-21,9376.696678226497,436.8450655678611,194.31587401026712,9.508446383512945,53.36010192539558,1.1191669463400082,6.489361723284981,29.080242632161195,9.0,D,casa,0.97,Criciúma,0.0,33.0,2
2023,Londrina,2023-10-21,9088.384554144548,367.29181055015005,118.52075094254982,6.632711019021883,44.698671885847325,1.7294465389996685,5.767039699238484,29.200144186096185,10.0,E,fora,0.45,Juventude,1.0,33.0,2
2023,Juventude,2023-10-21,9540.234319729474,488.21730506426195,195.16100262625793,9.517386640946384,57.627973481767256,1.8827988239942364,7.739355985776374,30.25825063332326,9.0,E,casa,3.65,Londrina,1.0,32.0,2
2023,Mirassol,2023-10-21,9460.321624731041,431.3749058095113,115.50099262284286,5.532503842269354,47.62332674658587,0.5932378254951038,4.744702279014623,28.780248539937652,10.0,E,casa,0.91,Guarani,1.0,32.0,2
2023,Guarani,2023-10-21,9451.533212404407,362.32846333089583,91.69912829538552,4.238968406440178,39.26697537214462,0.22284875001549315,4.3501503451865995,28.232117846828867,9.0,E,fora,0.63,Mirassol,1.0,33.0,2
2023,Novorizontino,2023-10-21,9844.952414005082,594.5656957460179,212.94294636758562,9.959402338733915,58.767366875221995,1.475399579246469,7.254951913882135,30.017495423622304,8.0,D,fora,2.1,Botafogo-SP,0.0,33.0,2
2023,Sport,2023-10-22,9043.465104569397,338.38736500687617,69.8249252705052,4.201692960377798,36.897496042969465,1.050170995614832,4.202205168790057,27.60829679026441,8.0,V,casa,1.07,Chapecoense,3.0,33.0,2
2023,Ceará,2023-10-22,9217.782258340558,478.4262995282223,128.90516208212762,7.905680024320765,51.68281951966492,1.3175031808406426,6.892185378266696,28.32413047639422,10.0,D,fora,0.4,Avaí,0.0,33.0,2
2023,Chapecoense,2023-10-22,8829.511981874328,339.36275268868087,109.03899516096591,5.96371339667065,43.658003099821336,1.0634331112977842,5.431577241159002,28.620812579122344,9.0,D,fora,0.42,Sport,0.0,33.0,2
2023,Avaí,2023-10-22,9644.762981932272,579.8525344585091,179.8477420750838,8.665653792058855,53.94372130260738,1.3643293303040138,4.967477875148761,28.679653792058854,10.0,V,casa,0.98,Ceará,3.0,31.0,2
2023,Ponte Preta,2023-10-23,9522.452576073316,467.84671943539377,169.41906271227424,9.636111309393604,59.06285515272229,2.1772861139574244,8.806783218393452,28.975511472880715,10.0,E,casa,0.69,Ituano,1.0,33.0,2
2023,Ituano,2023-10-23,9720.534137175737,437.4349193118717,150.57102639087861,8.205045405571802,54.23909046778987,1.7058276601034796,6.181858490901126,28.47298279679379,10.0,E,fora,0.6,Ponte Preta,1.0,32.0,2
2023,ABC,2023-10-26,9485.672096434597,425.8098432728642,115.33054059706903,6.400621331065159,45.17810797997685,0.37480792559644155,4.139043462498432,28.289479481852286,8.0,E,casa,2.45,Avaí,1.0,34.0,2
2023,Avaí,2023-10-26,9733.407101671575,476.014672682692,125.3530952674183,7.354050180816642,48.56913062462913,0.9061217909244601,4.3308332120425,27.48739321741662,10.0,E,fora,0.71,ABC,1.0,32.0,2
2023,Ceará,2023-10-27,8805.353538025665,422.8686199655574,151.78808743958666,7.998574190322759,49.19472784845286,1.3000534414754732,6.197649463918671,28.85355702460974,10.0,V,casa,1.0,Sport,3.0,34.0,2
2023,Sport,2023-10-27,8778.467614122683,365.0439480504042,116.82865133143129,5.88372931526391,39.477114241559676,1.175517237280076,5.7754730147408475,27.931125772705663,9.0,D,fora,0.45,Ceará,0.0,34.0,2
2023,Mirassol,2023-10-28,9589.93895896901,500.4505293988902,144.95545195885313,7.30138812714843,51.67818109252894,0.46370064243688275,5.909438543638072,28.865791201575835,9.0,E,fora,0.85,Ituano,1.0,33.0,2
2023,Ponte Preta,2023-10-28,9430.906472300447,462.0773949878127,300.7383835814185,7.135727453439667,52.28907009489553,1.1710326099817783,7.561379653075231,28.565111105852285,10.0,D,fora,0.32,Novorizontino,0.0,34.0,2
2023,Botafogo-SP,2023-10-28,9262.68,403.87482442716515,131.8654061543552,6.329255521548515,45.600603751344195,1.1171109066093143,4.839565720903301,29.221862850525277,10.0,V,fora,1.53,Guarani,3.0,34.0,2
2023,Ituano,2023-10-28,9587.642177518428,514.3940035179808,180.92944577842306,8.79592640160822,57.29454796738887,1.1314906745588564,6.91006589233862,28.920571811480908,8.0,E,casa,0.69,Mirassol,1.0,33.0,2
2023,Novorizontino,2023-10-28,10561.137196576607,545.7722538319316,36.09837627482555,7.917455418381344,49.920107651935346,0.938608278165444,6.574363630941729,28.86607323910061,7.0,V,casa,1.14,Ponte Preta,3.0,34.0,2
2023,Guarani,2023-10-28,9625.464395821928,489.85271701132973,148.45915511940362,6.822661135211782,51.92869435201955,1.0119410633309467,5.811028232882675,29.647640708138542,8.0,D,casa,1.19,Botafogo-SP,0.0,34.0,2
2023,Vila Nova,2023-10-28,9126.419454553932,416.29574670972096,132.40047130550337,6.715056596295303,48.05074606856836,1.0497329307671681,6.190347388177144,28.690376881200233,9.0,V,casa,1.74,Atlético-GO,3.0,34.0,2
2023,Atlético-GO,2023-10-28,9317.715267630705,423.461969127975,189.29162517069838,9.217782505852517,52.12267813597346,1.5368345200936402,5.928690621342176,29.369914406944982,9.0,D,fora,1.74,Vila Nova,0.0,33.0,2
2023,Sampaio Corrêa,2023-10-28,9541.535337292034,440.3117672390734,140.9529096453218,7.7040731824747235,49.955543251484514,1.203579414754186,5.417320119830953,28.1351521960092,8.0,D,fora,0.75,Criciúma,0.0,34.0,2
2023,Criciúma,2023-10-28,9459.356851663018,460.5268659845786,180.04521510981772,8.454898775220267,52.17649465519414,1.1327815904950675,6.598917862994237,29.355306424078552,10.0,V,casa,1.45,Sampaio Corrêa,3.0,33.0,2
2023,Vitória,2023-10-29,8864.85446741841,466.24921793342725,157.49972915537245,8.099053128049443,53.96487108316167,1.5615048248942862,5.951725577360945,28.648630597419498,10.0,E,casa,1.06,Juventude,1.0,34.0,2
2023,Londrina,2023-10-29,9169.645116328686,513.2431619427584,192.48959676989216,9.599900365893987,58.2742147146987,1.440070725280821,6.432916804454732,30.14266451895075,10.0,E,casa,2.37,CRB,1.0,34.0,2
2023,Juventude,2023-10-29,9638.069312754673,509.41201666325213,196.98501809738445,9.319567028614356,57.16163354503859,1.9443807052288922,7.578117872020761,30.06747023606274,9.0,E,fora,0.2,Vitória,1.0,33.0,2
2023,CRB,2023-10-29,9291.983760995772,522.1750499888128,224.7896323555388,10.491957512453043,57.97278041427713,1.5890436769156489,6.464192701280043,30.077950753070567,10.0,E,fora,2.86,Londrina,1.0,34.0,2
2023,Chapecoense,2023-10-30,9482.579459133038,466.70801073857217,85.42513771103,5.3175457505185495,45.48708089374327,0.3551605534696878,4.373898443038307,26.785325701682986,8.0,D,casa,1.34,Tombense,0.0,34.0,2
2023,Tombense,2023-10-30,9324.701858332097,422.944999682264,115.24466372937363,6.005734817513609,46.1370944099642,0.6676373149187654,6.7673299582706665,27.868870342519436,10.0,V,fora,1.77,Chapecoense,3.0,34.0,2
2023,Novorizontino,2023-11-01,9225.40772089092,412.7637471047345,114.10788533102078,6.61927560731967,46.33584816184945,0.6909303270140619,6.421306958516746,28.413543804955154,10.0,E,fora,2.24,Atlético-GO,1.0,35.0,2
2023,Atlético-GO,2023-11-01,8975.92200204043,412.52176812722183,138.58190475188792,7.571077325984981,48.84473863564653,1.4190017669702772,6.722338711373819,28.74836029365363,10.0,E,casa,2.06,Novorizontino,1.0,34.0,2
2023,Sport,2023-11-03,9355.20567791315,377.0630145713393,103.32660664078189,5.523085866024011,40.46892578212166,1.0042250189672868,6.1255430222698255,27.545263756861697,10.0,D,fora,1.86,Mirassol,0.0,35.0,2
2023,Mirassol,2023-11-03,9029.107063103671,416.3087420047221,115.1365078342992,7.0503915003219575,47.23260291908135,0.772358553337626,5.697714316376905,27.793820562352437,10.0,V,casa,1.69,Sport,3.0,34.0,2
2023,Botafogo-SP,2023-11-04,9702.4292994893,557.8939333466166,212.73736280791536,10.004119380446523,61.819561551610235,1.7936969766880946,6.321790392097232,29.588049371323102,10.0,E,casa,1.23,Ceará,1.0,35.0,2
2023,Londrina,2023-11-04,9674.357907431187,486.3964147172129,211.34053698844292,10.152328736530626,60.799829266930935,2.009877617106806,6.733404946680811,30.10671319300988,10.0,E,casa,1.53,Guarani,1.0,35.0,2
2023,Juventude,2023-11-04,9486.390023175982,478.94541290097357,179.6052756875218,9.861530099685814,57.59958942632171,1.1344896435359373,6.543817830960785,29.222808463597225,10.0,V,casa,1.97,Ituano,3.0,34.0,2
2023,Sampaio Corrêa,2023-11-04,8828.584591918652,308.14161386138613,91.39581723307467,5.420155472303987,39.616248059941135,0.9645199357773616,3.8542896708589782,27.78707920792079,8.0,D,casa,0.72,Tombense,0.0,35.0,2
2023,Ceará,2023-11-04,9614.695817790915,557.774365493147,199.79496662187586,9.96439731255039,61.340271969900556,2.032504165546896,6.675393173877988,30.336858908895454,10.0,E,fora,0.99,Botafogo-SP,1.0,35.0,2
2023,Avaí,2023-11-04,9207.221514055716,452.8402654520747,174.95839588635656,7.877675653265464,47.05404489076734,0.7264641322999321,6.011027489548905,29.641191712828075,9.0,V,fora,2.03,Ponte Preta,3.0,33.0,2
2023,Guarani,2023-11-04,9973.986241320015,536.5715653509405,185.00203108386606,9.33150562476208,60.603048266628164,2.3644722437353147,7.678700332103806,29.867229361651862,8.0,E,fora,1.11,Londrina,1.0,35.0,2
2023,Ituano,2023-11-04,9892.13025932003,396.6585960526921,113.44921743931052,6.487988621202595,42.646366912542746,0.6908974221349814,4.8307176923430815,28.453791654526217,7.0,D,fora,0.6,Juventude,0.0,34.0,2
2023,Tombense,2023-11-04,8419.407015203305,256.323570481098,85.97662427937351,4.936264858935769,34.55290661190756,1.1491463445742565,3.445540788735269,27.536229018927607,8.0,V,fora,1.27,Sampaio Corrêa,3.0,35.0,2
2023,Ponte Preta,2023-11-04,9097.236360412742,466.4422650651163,192.9221205635243,8.81706300780543,53.18938876997945,2.013706673481775,8.145374032307874,30.141924629162276,10.0,D,casa,1.73,Avaí,0.0,35.0,2
2023,Vila Nova,2023-11-05,9103.862792978893,359.32237261541934,105.34891308274072,5.9925998419686195,43.378201490010156,1.116534258945705,6.705008804605486,27.700037250253985,10.0,E,fora,1.56,Vitória,1.0,35.0,2
2023,Vitória,2023-11-05,9020.415841101409,388.4145521535684,114.84341009297127,6.521023543716149,47.086727705930755,0.8832550999103448,4.752797244021959,28.45822310649325,9.0,E,casa,1.26,Vila Nova,1.0,35.0,2
2023,Chapecoense,2023-11-07,9854.741604802239,500.7799896701329,140.48228416316599,8.056651401418636,53.300738355944276,1.9616985744783417,7.229288960815371,27.906081996189425,10.0,D,fora,0.94,CRB,0.0,35.0,2
2023,CRB,2023-11-07,9669.043744288734,478.1611777531857,142.98477730176293,6.804003747247087,51.1800696856476,0.7892727930139042,6.210284111453209,28.437092267741896,10.0,V,casa,1.69,Chapecoense,3.0,35.0,2
2023,Criciúma,2023-11-08,9537.601132364432,467.79512896343385,152.85689579416544,8.174970109212277,53.615101713175186,1.900741354908215,7.604655886267136,28.793105050803778,10.0,V,casa,1.26,ABC,3.0,34.0,2
2023,ABC,2023-11-08,9448.475464301639,436.21125894316714,125.24704795872874,6.782410462178629,49.008670997601,1.0496662632953315,6.4038939133388535,28.146119143154365,10.0,D,fora,0.84,Criciúma,0.0,35.0,2
2023,Londrina,2023-11-10,9353.278293222245,484.66338582388585,181.85928386434716,10.335434054925726,58.38262448690383,1.2103663750977327,7.149312451133698,29.667090989053946,9.0,D,fora,0.98,Vila Nova,0.0,36.0,2
2023,Vila Nova,2023-11-10,9393.267873953295,439.8442050695162,151.95210213817103,7.956723510815498,49.05224638255925,1.0193510702185764,6.733083634550668,29.158325496017138,10.0,V,casa,2.19,Londrina,3.0,36.0,2
2023,Chapecoense,2023-11-11,8942.263729662352,311.95056322165857,127.04364590622815,6.299670114590624,42.21633025717286,0.9835707881385585,5.312579273093072,28.023141182645208,10.0,V,casa,1.04,Botafogo-SP,3.0,36.0,2
2023,Sampaio Corrêa,2023-11-11,9391.190841273221,400.01591752275505,145.272867541385,7.666410150636079,47.785610661627715,0.8382278969500185,4.549606509820621,29.00566615212647,8.0,D,fora,0.67,Ituano,0.0,36.0,2
2023,Botafogo-SP,2023-11-11,9307.18525440461,400.32355295402016,121.03722529993149,5.643266436709522,42.95914788102622,0.9396660975808044,5.539601988316318,29.429687699615577,10.0,D,fora,0.42,Chapecoense,0.0,36.0,2
2023,Tombense,2023-11-11,8833.559906396065,432.1061242845462,200.0182599675376,9.226410832184133,52.17254109664271,1.7567594976873602,7.689553703274306,30.256313689117782,9.0,D,casa,0.14,Ponte Preta,0.0,36.0,2
2023,Avaí,2023-11-11,9271.66118990833,506.12234398489863,170.30218370276592,8.74970317286281,54.52790514191411,1.4241119488182301,5.901685901276153,29.29756750952311,10.0,E,casa,2.51,CRB,1.0,34.0,2
2023,Atlético-GO,2023-11-11,10258.547216289633,535.6595513090722,48.1596885391785,6.53296028289073,45.63013605920097,1.3701690787316751,5.6878436607184675,28.102601751674392,9.0,E,fora,0.41,Sport,1.0,35.0,2
2023,Ituano,2023-11-11,9365.188724042262,347.1974315500379,114.13565227138974,5.42272748928061,39.72564582574336,0.5051953311100524,3.6582523890928456,28.80297620715747,8.0,V,casa,0.57,Sampaio Corrêa,3.0,35.0,2
2023,Sport,2023-11-11,9623.46350221487,398.5701939569715,117.56389545356701,5.302615020336025,45.27170562044705,1.1214342846137288,5.301964720677036,28.04866371350561,10.0,E,casa,0.92,Atlético-GO,1.0,36.0,2
2023,Ponte Preta,2023-11-11,9044.794965380494,434.0026832797428,158.49287770632367,7.042069989281887,47.46126270096464,0.48180493033226157,6.84994169346195,29.042178992497323,10.0,V,fora,1.14,Tombense,3.0,36.0,2
2023,CRB,2023-11-11,9390.380846061593,518.8207608671056,186.75552621455884,8.452707555495214,57.53523872559002,2.341566537686964,7.027295612427307,29.06981196117032,10.0,E,fora,1.99,Avaí,1.0,36.0,2
2023,Ceará,2023-11-12,9433.884908824675,552.9308854172153,263.001555616421,12.513578223266297,67.31605433649014,1.4211936540710228,6.826053388393186,30.775212531734912,10.0,V,casa,2.22,Mirassol,3.0,36.0,2
2023,Vitória,2023-11-12,9098.58083120173,440.8496792759112,145.4361878351124,6.863762359191303,48.4792226622067,1.1062538737763787,6.863444832505287,28.88782527423877,8.0,V,fora,1.95,Novorizontino,3.0,36.0,2
2023,Mirassol,2023-11-12,9261.578405077058,487.96700653788633,175.7436907542669,8.453680372746035,52.723385364527324,1.891045691050882,4.895761249737372,28.687449482777797,9.0,D,fora,1.09,Ceará,0.0,35.0,2
2023,Novorizontino,2023-11-12,9793.603648547461,514.2329888550066,164.96737197365138,7.911490195227295,52.057540939131194,1.6598503510618674,6.738960379385561,29.432227153848658,10.0,D,casa,3.25,Vitória,0.0,36.0,2
2023,Guarani,2023-11-14,9616.653298596484,475.63573357575217,166.22624930711072,8.479674508325758,53.58068446375912,1.1984113434291923,6.386758608456574,28.358554134054675,10.0,E,casa,0.93,Criciúma,1.0,36.0,2
2023,Criciúma,2023-11-14,9651.563604083738,499.4149360593517,181.50976288400756,9.403749024690216,55.82008939788672,1.4285491357763465,6.666208260047344,28.710488382242087,8.0,E,fora,0.37,Guarani,1.0,35.0,2
2023,ABC,2023-11-15,8488.758750554814,334.33146717956305,88.88016582827834,6.212256004339892,37.94954270848745,1.1095476401834587,4.880983503476845,28.70664546037382,8.0,E,casa,1.0,Juventude,1.0,36.0,2
2023,Juventude,2023-11-15,8848.493383430365,378.84752404003405,159.1023951723687,6.622732386995486,44.15486213776411,0.8838432982272518,5.443551219990842,29.797543664551576,6.0,E,fora,0.3,ABC,1.0,35.0,2
2023,Chapecoense,2023-11-17,9270.30631510123,433.4282320647518,132.4045296929251,6.898809577490193,48.19085415069667,1.3201884835640527,6.999487306669072,28.23866618568788,10.0,E,fora,0.64,Ituano,1.0,37.0,2
2023,Ituano,2023-11-17,9180.911644804015,385.2430331380122,118.5598582811737,6.392471478670042,44.64760709370977,0.7003775469436676,6.19249456208106,28.903742176055406,10.0,E,casa,0.89,Chapecoense,1.0,36.0,2
2023,Juventude,2023-11-18,9337.902330387298,451.76529367616047,148.2583391348232,7.338538542165401,50.42818514732335,0.9304356940436601,5.823056845973679,29.241630973485684,8.0,E,casa,1.05,Ponte Preta,1.0,36.0,2
2023,Criciúma,2023-11-18,9702.943494995903,509.8547726586428,155.97441956774946,9.998627647642467,57.75041078900824,2.038425434623183,7.084831111686295,28.968268193779384,10.0,V,casa,2.58,Botafogo-SP,3.0,36.0,2
2023,Sport,2023-11-18,9631.250698384809,491.6835120632561,157.16270325065892,8.758908292221395,54.25413881192133,1.7028527404203553,7.54246387781307,28.125955261201597,8.0,D,fora,1.8,Vitória,0.0,37.0,2
2023,Novorizontino,2023-11-18,9858.572532274346,543.1595257132232,222.21089597832437,11.593975854008393,60.24441879615364,1.5554850448918873,6.812379934123148,29.579604738883283,9.0,V,fora,1.32,Londrina,3.0,37.0,2
2023,Londrina,2023-11-18,9576.40911680779,502.72462211299927,208.0713581569783,11.110455863683482,62.78937537124821,1.5732205127010563,6.91756286469677,30.381731676353095,10.0,D,casa,0.27,Novorizontino,0.0,37.0,2
2023,Botafogo-SP,2023-11-18,8932.944623567479,396.4186273425913,139.6599862478091,8.614172711338815,53.38956896319266,2.0633033571524875,7.88629041391398,29.751313199406766,8.0,D,fora,0.02,Criciúma,0.0,37.0,2
2023,Atlético-GO,2023-11-18,8317.802023239761,316.1256180395766,92.98352393005061,4.658331109065807,35.930421537045554,1.5519871145881268,5.178891509433961,27.8970317533364,9.0,D,fora,2.1,Mirassol,0.0,36.0,2
2023,Ponte Preta,2023-11-18,9207.616852981939,435.66382063662365,149.0780618517525,8.048332439198855,50.19621613465665,1.2056253353004291,6.437508829577969,28.622959138054366,10.0,E,fora,0.5,Juventude,1.0,37.0,2
2023,Vitória,2023-11-18,8967.435319383854,459.4349571881664,127.7190082376246,7.014678667691409,48.806540955391256,1.2667232439570906,6.722401034844826,28.228947510851796,10.0,V,casa,2.56,Sport,3.0,37.0,2
2023,Ceará,2023-11-18,8673.768536693393,436.44877756831033,160.4735253367252,7.665196016081041,47.93766291139528,0.7163517841324641,5.110390555795307,29.2978195198401,9.0,D,fora,1.17,Vila Nova,0.0,37.0,2
2023,Vila Nova,2023-11-18,8572.331703987762,399.5025033281011,149.05265652009774,7.154068727771265,46.94287220091796,1.4298317073655347,6.080279063760455,29.205414373422876,10.0,V,casa,1.54,Ceará,3.0,37.0,2
2023,Mirassol,2023-11-18,8836.682034933156,355.43139896532284,125.30025375198483,6.732773344260616,42.68915976028274,0.921271833222353,4.702629821236489,28.513058443886695,10.0,V,casa,2.29,Atlético-GO,3.0,36.0,2
2023,Tombense,2023-11-19,8639.781042728122,428.176409443151,145.05499791926755,7.186737299096849,50.30785684560965,0.3036656881600701,6.882715861929344,29.287092710688214,9.0,D,fora,0.2,CRB,0.0,37.0,2
2023,CRB,2023-11-19,8725.447804829144,429.973439287448,181.88709227716924,9.308605078199204,55.467830262352514,0.9502181346166022,7.218914814580298,29.192634922645052,10.0,V,casa,1.4,Tombense,3.0,37.0,2
2023,Guarani,2023-11-19,9857.530214638558,501.34378452654283,181.27252800389618,8.871228460771354,55.41376806048377,1.9832722233818039,8.451496324126255,29.442671444142952,10.0,D,casa,3.44,ABC,0.0,37.0,2
2023,ABC,2023-11-19,9444.253691918191,427.3451547607229,158.27254045869742,8.04305773431295,51.379715796266886,1.6759608320095316,6.256015562946785,29.04089306989675,9.0,V,fora,0.54,Guarani,3.0,37.0,2
2023,Sampaio Corrêa,2023-11-20,8396.582706035198,259.6220308195696,80.33270699755802,5.08947250658615,35.29497684321958,1.1907734966136967,6.064473168208448,27.514511181416836,9.0,V,casa,3.19,Avaí,3.0,37.0,2
2023,Avaí,2023-11-20,9044.686650922731,286.22607277805156,81.19625171129731,5.299361891462679,36.71774122446744,0.7396299490717924,4.436958819341767,27.64538223536498,8.0,D,fora,0.04,Sampaio Corrêa,0.0,35.0,2
2023,ABC,2023-11-25,8811.911049710732,374.208201828915,123.14451404099833,6.365568466442063,43.67184659509473,0.9706844188627726,5.303535542044416,27.689966505908117,10.0,V,casa,1.26,Vila Nova,3.0,38.0,2
2023,Botafogo-SP,2023-11-25,9622.34521656648,516.4642946010036,205.67498593724147,10.62203926542767,59.85509325539072,1.9844313682236805,5.362435449181051,29.623443445651574,10.0,D,casa,1.14,Londrina,0.0,38.0,2
2023,Tombense,2023-11-25,9217.116961300662,487.4061489580947,175.69260796885732,8.861145179757271,54.40747904740095,0.8230727043737118,6.490164529425234,28.983979848866497,10.0,D,casa,0.96,Mirassol,0.0,38.0,2
2023,Londrina,2023-11-25,9146.30472847962,444.497543641175,166.41153950499228,10.207998287709309,56.43831183704329,1.5008215659676665,6.90360403833752,29.53107029286842,10.0,V,fora,0.84,Botafogo-SP,3.0,38.0,2
2023,Juventude,2023-11-25,8656.489604009612,448.8533396451945,180.64658189048134,7.671206788406691,48.25253878835936,2.556732665065032,6.392241144656024,29.63334437909039,9.0,V,fora,1.71,Ceará,3.0,37.0,2
2023,Ceará,2023-11-25,8256.154073931804,454.9759724196212,200.51972099514717,9.56588304587767,54.39578906260004,1.3806795221449697,5.76065519404858,29.987088182947286,8.0,D,casa,1.63,Juventude,0.0,38.0,2
2023,Guarani,2023-11-25,8870.282941306332,285.8333288199453,63.179864304006124,4.3698301592441045,34.306249080151886,0.39825567362317127,6.090723515733083,27.800466546963765,8.0,D,fora,0.09,Atlético-GO,0.0,38.0,2
2023,Avaí,2023-11-25,10088.8035739531,667.285654290998,232.60431518016395,10.243482913698585,66.17752924312555,1.2809524122159124,5.613951460241386,29.485001477201852,10.0,E,casa,1.17,Ituano,1.0,36.0,2
2023,Ituano,2023-11-25,10038.1301854928,520.4083446592167,161.72863737038153,9.174021695358904,56.06075480720828,1.8118307661330917,7.021307006946541,28.926990838618742,9.0,E,fora,1.67,Avaí,1.0,37.0,2
2023,Criciúma,2023-11-25,9198.053968042072,446.5993778317153,143.80947006472493,8.494106391585762,52.30648651564186,1.9409403991370016,7.522302993527509,28.866014023732475,8.0,D,fora,0.5,Novorizontino,0.0,37.0,2
2023,Sport,2023-11-25,9596.00201173736,435.8121666472981,165.34995374782102,8.99474096455549,55.011604880883205,1.3608299825682741,6.38037977919814,28.807196978500873,10.0,V,casa,1.97,Sampaio Corrêa,3.0,38.0,2
2023,Novorizontino,2023-11-25,10320.875984196826,570.21564144237,118.20556903317873,8.918090405782165,56.01108547720035,1.4263256299467502,7.490952550838389,29.792390428244868,8.0,V,casa,1.09,Criciúma,3.0,38.0,2
2023,Sampaio Corrêa,2023-11-25,9085.97913036616,423.5688555871212,100.28061600378787,7.6690481376262625,49.998305082070715,1.9891300505050502,5.963396622474747,27.090467171717172,7.0,D,fora,1.02,Sport,0.0,38.0,2
2023,Ponte Preta,2023-11-25,9131.809060715506,434.891460949667,154.86994985475548,9.343223764869611,56.16322475893833,1.2943154732319382,6.1634690789401025,29.200511393132086,10.0,V,casa,1.26,CRB,3.0,38.0,2
2023,Atlético-GO,2023-11-25,8747.40332936821,331.0337469092076,110.3059212232187,5.5329619481682455,43.303361846589766,0.9642231251420094,4.812026356941419,28.81395768454537,8.0,V,casa,1.68,Guarani,3.0,37.0,2
2023,CRB,2023-11-25,9790.047725965554,511.376883793562,214.84961362441638,10.157381644454066,60.11332771576116,1.2522950616902193,6.957503014935528,29.25273354154427,7.0,D,fora,0.38,Ponte Preta,0.0,38.0,2
2023,Vila Nova,2023-11-25,8500.157247127803,342.2326344144183,89.37734156948441,5.7458670676561585,39.626311798178236,0.6801045024773361,4.96575023258833,28.236676475042728,10.0,D,fora,1.38,ABC,0.0,38.0,2
2023,Mirassol,2023-11-25,9688.133172629003,535.9266669659995,184.36759370053989,8.688863807289504,54.55278547936287,1.109765734618968,5.7595760324177485,28.788101518740106,10.0,V,fora,1.21,Tombense,3.0,37.0,2
2024,Botafogo-SP,2024-04-19,9902.502872062376,508.68872446738413,169.694326817483,10.080855150450251,62.56003206676917,1.581804744124753,7.509666593454865,29.432713595431586,10.0,E,casa,1.36,América-MG,1.0,1.0,1
2024,CRB,2024-04-19,9985.931873195977,559.5385463322385,198.6437232507216,9.294462526127203,56.54742958096944,1.4555952025480243,6.04591196377028,28.353349258485117,9.0,D,fora,1.35,Novorizontino,0.0,1.0,1
2024,América-MG,2024-04-19,10046.278386523882,565.8592961087844,199.0755266924667,10.614435800243864,66.08131752637439,1.670394290409797,7.99105365000265,29.668189047341354,8.0,E,fora,0.34,Botafogo-SP,1.0,1.0,1
2024,Novorizontino,2024-04-19,10488.726070834082,632.2311471484546,218.61767189940846,9.450598222745782,62.23131142922995,1.7287907500832291,5.762922994186792,28.72946426284924,9.0,V,casa,1.5,CRB,3.0,1.0,1
2024,Operário-PR,2024-04-20,9989.607360278542,556.1436522513184,161.4466754180376,9.126876549330689,59.73166798125028,1.318748929553342,5.780223667012215,28.16898070942444,10.0,V,casa,1.02,Avaí,3.0,1.0,1
2024,Chapecoense,2024-04-20,9592.008801863978,467.0761697634638,155.65521040523802,7.538685188462218,49.58494449359996,0.5300503745649738,5.09625411431605,28.87230932578305,9.0,V,casa,2.99,Ituano,3.0,1.0,1
2024,Ceará,2024-04-20,8712.431566979947,380.15489215643805,169.36724955606562,7.114422235696651,48.723594568842294,1.0714732123522022,6.7232311923426735,30.215284334531592,10.0,E,casa,2.93,Goiás,1.0,1.0,1
2024,Sport,2024-04-20,8562.384973606218,318.1394688171769,101.2005487362784,6.066748921988883,40.755643944693894,1.3717282521592022,5.150582189602758,28.15685157154305,8.0,V,fora,2.21,Amazonas,3.0,1.0,1
2024,Paysandu,2024-04-20,9735.875963360915,506.7338120662038,97.30149648513968,6.806577682861718,51.753338672361615,0.7017558729311264,5.905773491724506,27.500065625556147,10.0,D,fora,0.31,Santos,0.0,1.0,1
2024,Amazonas,2024-04-20,8480.033603354674,369.2981126908001,109.33214925627477,6.243471650802151,43.60196545512086,1.2044806095868734,6.02522591717993,28.684339167904174,9.0,D,casa,0.77,Sport,0.0,1.0,1
2024,Ituano,2024-04-20,9273.062838630807,347.68530440097794,103.54775944036948,5.745027981526759,41.80863393099701,0.7331352893235533,6.477265688671556,28.43884270578647,8.0,D,fora,1.32,Chapecoense,0.0,1.0,1
2024,Avaí,2024-04-20,10017.3270408996,589.6034016936399,174.7538229839009,8.966082689474632,61.24054836624167,1.5254565302640084,6.4851590304494815,28.26693162909499,10.0,D,fora,0.29,Operário-PR,0.0,1.0,1
2024,Santos,2024-04-20,9688.28314706043,412.45259411539723,93.79994180963831,6.26804188066878,47.45400079226314,0.7374833351546279,5.163359742104689,27.391588350999896,8.0,V,casa,1.62,Paysandu,3.0,1.0,1
2024,Goiás,2024-04-20,8458.96492294956,347.95021287919104,184.99021264265863,7.664461119981078,44.06712234640175,1.381900183312637,5.429694400094613,30.40578085269943,9.0,E,fora,1.08,Ceará,1.0,1.0,1
2024,Ponte Preta,2024-04-21,9757.28611971443,493.34604562559343,185.2672532032871,11.813247013586862,62.986905149877494,1.792846793196019,5.904627738766515,29.322373187343942,9.0,E,casa,0.41,Coritiba,1.0,1.0,1
2024,Coritiba,2024-04-21,9741.650436938515,494.0492299614981,166.5387294364718,9.866811340567029,57.43613639015285,1.4696330649865825,7.347981565744954,29.62107105355268,9.0,E,fora,0.32,Ponte Preta,1.0,1.0,1
2024,Vila Nova,2024-04-23,9370.149467712348,474.11294845179646,167.758693775332,9.982192638481564,60.1040384002812,1.2839861161454729,6.821431003613757,29.02635186344614,10.0,V,casa,1.15,Guarani,3.0,1.0,1
2024,Guarani,2024-04-23,9698.618653221536,485.7424412015389,160.8773222224782,8.706500080624728,53.902569625210205,0.932048328764599,6.9435803137453656,29.08808942433946,10.0,D,fora,1.12,Vila Nova,0.0,1.0,1
2024,Brusque,2024-04-24,9435.126060407745,438.2517341437984,153.33717805089066,8.886880670852099,53.710625263438104,1.398366129068039,6.5884886971182635,28.28567673092708,10.0,V,casa,0.36,Mirassol,3.0,1.0,1
2024,Mirassol,2024-04-24,9540.163933981978,492.0052371468373,133.7016386966175,6.66065680640808,50.73702744765138,0.5882596534761221,6.171017152061296,28.095070959035308,10.0,D,fora,2.48,Brusque,0.0,1.0,1
2024,Ituano,2024-04-26,9735.981614442435,466.7421511398703,169.3229049360395,8.929872758662878,53.21891736110167,0.3675582169899811,5.504770326667663,29.734012588192112,8.0,D,casa,1.49,Operário-PR,0.0,2.0,1
2024,Vila Nova,2024-04-26,9084.145236273256,423.81157776606176,114.02001205091513,7.323363711681856,46.77361105671462,1.4923270317089707,5.558089929954057,27.758944038562934,7.0,D,fora,0.58,Sport,0.0,2.0,1
2024,Operário-PR,2024-04-26,9643.451942403291,485.87214936289365,177.31693148962918,8.434992286155076,53.6893546654477,0.5144768870350266,5.758644648877207,28.835813953488376,10.0,V,fora,1.82,Ituano,3.0,2.0,1
2024,Sport,2024-04-26,9411.672881602708,459.2494235891648,155.6249420993228,8.128464785553048,55.76846884875847,1.7268725733634314,6.093984311512415,28.19066817155756,10.0,V,casa,1.78,Vila Nova,3.0,2.0,1
2024,Avaí,2024-04-26,10394.372772495299,516.4664658877249,155.92082634971797,6.648089578297071,51.368924120333055,1.4512324738114422,5.922937147461725,28.29817620198764,9.0,D,casa,1.94,Santos,0.0,2.0,1
2024,Santos,2024-04-26,10074.356779657195,530.823392195089,157.5017675430194,8.21624268923472,55.07001408625294,1.419930244875421,6.590091616989147,28.790392048591936,10.0,V,fora,1.48,Avaí,3.0,2.0,1
2024,Guarani,2024-04-27,8538.88096044242,300.864025504229,83.85436330513988,4.3335350683149,33.96299375406637,0.2338555627846454,5.503794014313598,28.30902147039688,8.0,D,casa,1.93,Chapecoense,0.0,2.0,1
2024,Amazonas,2024-04-27,8982.521845111442,394.6782538820227,149.5304506013551,6.5180936212594505,45.76761902606123,0.6799358655137548,5.840239183907525,28.529123092942186,7.0,E,fora,0.61,CRB,1.0,2.0,1
2024,Novorizontino,2024-04-27,10133.02160500913,447.6800019132098,130.54615062179317,7.358446821462735,53.691062527176264,1.252040003478563,5.323270545264805,27.824219497347592,6.0,D,fora,0.15,América-MG,0.0,2.0,1
2024,Chapecoense,2024-04-27,9117.808682040477,330.2356003849955,106.29288252432234,4.684722569065085,38.63050855834764,1.0542555017949116,5.503257114614224,27.820634982571143,8.0,V,fora,0.16,Guarani,3.0,2.0,1
2024,CRB,2024-04-27,8992.694349770405,383.6249972186774,145.67489534592013,6.870668389995964,47.02130602183611,0.9812342528058635,5.39838312446146,28.787634566931708,10.0,E,casa,0.53,Amazonas,1.0,2.0,1
2024,Botafogo-SP,2024-04-27,9098.789433711228,345.88015633228923,98.54031405050308,6.360386672949524,40.78658341879867,0.7473032680100895,5.86212545389029,28.176547384760372,8.0,E,fora,1.4,Paysandu,1.0,2.0,1
2024,América-MG,2024-04-27,9346.894968388444,462.20733472424183,133.04744936882256,7.49237276348233,55.66672451581632,1.0429785462898569,6.637921434743208,28.255743819940566,10.0,V,casa,1.49,Novorizontino,3.0,2.0,1
2024,Paysandu,2024-04-27,9490.894492085401,417.8616378373616,163.07378593873895,8.590085460045225,52.46559851399371,0.9260183254529971,5.021689524536725,29.45220111009956,8.0,E,casa,1.36,Botafogo-SP,1.0,2.0,1
2024,Ponte Preta,2024-04-28,9650.490444238492,440.074334012975,138.57281383997528,7.228977571825765,52.04668656163114,1.6678676552363298,5.893247080630213,29.499546493666976,9.0,D,fora,1.15,Goiás,0.0,2.0,1
2024,Coritiba,2024-04-28,9484.428876897418,450.4171582229527,187.4095714492894,10.549016726288311,57.8651087692159,1.7409292516677946,7.5037623271778005,29.139421589480804,9.0,V,casa,0.83,Brusque,3.0,2.0,1
2024,Brusque,2024-04-28,9438.588055768296,430.2705818190257,151.84738425120102,8.249862725985752,49.92087980691128,1.1486054445450116,5.325557798974216,29.275420640998867,10.0,D,fora,0.54,Coritiba,0.0,2.0,1
2024,Goiás,2024-04-28,9538.075279897575,418.8163169637198,144.66279238394648,6.732002636716276,48.25833975610375,1.4827083386152171,6.274646071546283,29.247969221408116,9.0,V,casa,1.59,Ponte Preta,3.0,2.0,1
2024,Ceará,2024-04-29,9115.390161798587,436.61387323570693,214.0157447766332,9.29511545692874,53.50428673569366,2.2651379657336546,6.554733072054657,30.40362391759129,8.0,D,fora,0.96,Mirassol,0.0,2.0,1
2024,Mirassol,2024-04-29,9402.57346085506,475.49211142135357,220.1782428593877,9.463950030822788,54.82473752281492,1.5228961332511395,5.6568728771560846,29.74336584835189,9.0,V,casa,0.92,Ceará,3.0,2.0,1
2024,Avaí,2024-05-03,9605.310717095097,394.3287087371822,149.8105019431568,8.007324881771785,47.51287540384887,0.6314503441494592,6.00492133726647,28.06917170014515,10.0,E,fora,0.23,Paysandu,1.0,3.0,1
2024,Paysandu,2024-05-03,9923.37572850447,467.4053772492188,147.03314540459002,7.030138320224114,50.66845975649176,0.48547907014330344,6.545939553927378,27.669398502316557,9.0,E,casa,0.79,Avaí,1.0,3.0,1
2024,Vila Nova,2024-05-04,9097.661612626129,479.524239442911,157.09270790622028,9.173286412937658,55.249243165236905,1.0298243062157115,5.566317417049397,28.325433221472668,10.0,V,casa,1.12,Operário-PR,3.0,3.0,1
2024,Coritiba,2024-05-04,9609.801026673584,414.3834055913509,142.9999546794802,8.353358632739981,52.826748662225626,1.7203186087146447,6.634413290378946,28.769625696188708,8.0,D,casa,0.98,Sport,0.0,3.0,1
2024,América-MG,2024-05-04,9122.457961322612,466.51871219911055,148.07440800802783,7.472373666670795,49.953191689688914,0.8916849812311848,5.799389363099145,27.968301143473035,9.0,E,fora,1.34,Chapecoense,1.0,3.0,1
2024,Sport,2024-05-04,9651.34611029784,418.6343020535482,131.00712763192098,6.402503249285158,48.02067639856074,1.4796986031494126,6.647342426771373,28.574849848822733,8.0,V,fora,0.52,Coritiba,3.0,3.0,1
2024,Chapecoense,2024-05-04,9429.10871803657,449.595812176654,144.31638709014288,6.1686161647308735,48.41322997681617,0.8227602471419926,5.241739016228687,27.78276858418703,10.0,E,casa,1.65,América-MG,1.0,3.0,1
2024,Operário-PR,2024-05-04,9462.588272185987,523.9560225812827,157.64422756695328,9.003787182527917,58.14377371775868,1.8898695523273052,6.669014601245181,29.156391441842075,9.0,D,fora,1.81,Vila Nova,0.0,3.0,1
2024,Ituano,2024-05-05,9442.000399083963,531.6972557372324,187.08200919238342,10.090976730778468,58.229659209198786,1.1544128244959402,7.061992377047867,28.385088800986498,7.0,D,casa,1.57,Novorizontino,0.0,3.0,1
2024,Brusque,2024-05-05,9706.411135390856,473.38030578247833,153.13351181513147,7.364404737909204,50.58156128099028,0.6395505151705576,4.805097639345041,28.505968627357994,10.0,D,casa,0.93,Goiás,0.0,3.0,1
2024,Novorizontino,2024-05-05,9329.378818679865,496.75486674253654,167.56875621956382,7.623447094008045,51.68758945585433,1.1921124020749525,7.740706515985602,29.065967076011006,8.0,V,fora,2.81,Ituano,3.0,3.0,1
2024,Goiás,2024-05-05,9300.442566317928,433.0976270577152,212.19850505751685,9.593277841134471,55.447929393097986,1.3401737901626338,6.137243405394686,29.778607199523996,9.0,V,fora,1.07,Brusque,3.0,3.0,1
2024,Ceará,2024-05-06,9054.102191992302,476.64900401615415,177.20601852576937,8.455824765910796,55.07482330040609,1.3097111501415164,5.7379576905435785,28.555276376287903,10.0,E,casa,1.07,CRB,1.0,3.0,1
2024,CRB,2024-05-06,8844.567816315272,399.5917212347989,123.91386282411072,6.582995610563432,45.766186227243296,0.8629479983689525,4.965946607181407,28.02134513444149,9.0,E,fora,1.13,Ceará,1.0,3.0,1
2024,Amazonas,2024-05-06,9629.03177262739,460.08075795818974,118.39559879439362,6.410772360137782,47.7042481292315,0.8005389594963772,6.413728619788574,27.988444292671335,7.0,D,fora,0.56,Ponte Preta,0.0,3.0,1
2024,Ponte Preta,2024-05-06,9932.624174851673,430.0940429775142,108.58929824998755,7.067241736052252,50.592261803859,1.2341914294261356,6.842673256219776,28.08482450017451,9.0,V,casa,1.11,Amazonas,3.0,3.0,1
2024,Santos,2024-05-07,9206.390830203023,464.65727383507743,145.8966170288883,7.5472552768088725,49.80496176549504,1.3077997272158128,5.231567950093909,28.630429970485643,10.0,V,casa,1.45,Guarani,3.0,3.0,1
2024,Guarani,2024-05-07,8751.547836051566,346.8359903751916,122.0179944965195,6.108005302440127,42.06968009448899,0.6794973990400324,5.2013258613323945,28.511126328751285,9.0,D,fora,1.03,Santos,0.0,3.0,1
2024,Botafogo-SP,2024-05-08,9807.832734730062,511.12431205323577,149.9722122473713,8.787357849023149,57.969450921863235,0.8083752090042979,7.674631535241771,28.505494147879652,10.0,E,casa,0.36,Mirassol,1.0,3.0,1
2024,Mirassol,2024-05-08,9786.485346550484,432.503171088245,127.757706679762,6.578445233717438,48.409329054509314,0.924467640441739,5.446985598940191,28.786938547103226,10.0,E,fora,0.39,Botafogo-SP,1.0,3.0,1
2024,América-MG,2024-05-09,9372.86315269483,518.5895248101452,152.6236834279535,9.398407677750741,62.155885128658845,1.548770429354371,6.743958809506255,28.037566664208995,9.0,V,casa,1.55,Vila Nova,3.0,4.0,1
2024,Vila Nova,2024-05-09,9384.200837882556,469.43141012797855,129.87082426302578,8.306002161115677,56.5261008745765,1.1153498868791012,6.381637157682653,28.811803968798888,10.0,D,fora,0.72,América-MG,0.0,4.0,1
2024,Novorizontino,2024-05-10,10012.912235907153,620.4474653929153,238.86958787304596,11.132749092057475,65.13596294541817,2.2508353071214278,6.276360861097952,29.687454602873835,9.0,D,casa,1.5,Ceará,0.0,4.0,1
2024,Ceará,2024-05-10,9708.481136730405,626.5280011145554,226.7448847712259,12.435106289111026,71.99419606887024,2.5080727479595515,7.627310206308847,29.711727212566615,10.0,V,fora,1.55,Novorizontino,3.0,4.0,1
2024,Goiás,2024-05-11,9831.27054956308,542.3223096440925,169.1687812898234,9.214727949208081,57.24288059803386,0.9218916120517021,8.395126638448934,29.135901374476607,10.0,V,casa,1.66,Ituano,3.0,4.0,1
2024,Botafogo-SP,2024-05-11,9339.194767088347,404.16678273345246,143.87826366669324,6.764328706603055,48.06210719287658,0.6151128975325371,6.354037325074297,28.88539107067625,10.0,D,fora,0.59,Guarani,0.0,4.0,1
2024,Ituano,2024-05-11,9767.428199653112,455.3462971670841,137.48187010984773,6.4762478319522065,46.366732703796494,0.46315089612642124,5.201680092503373,28.750129119290808,9.0,D,fora,1.21,Goiás,0.0,4.0,1
2024,CRB,2024-05-11,8808.578685671679,418.46310506903853,109.16919523853907,6.589320799435441,49.48992263957498,0.47957498368906704,5.989313343008934,27.43665366230377,8.0,V,casa,3.02,Chapecoense,3.0,4.0,1
2024,Sport,2024-05-11,9188.635813034212,434.0318360869864,171.28308760512385,8.558737367950686,52.487964779211254,1.3405581016980226,4.434558995394028,30.0885251724375,10.0,V,casa,3.51,Brusque,3.0,4.0,1
2024,Chapecoense,2024-05-11,9056.350404854686,430.5873280260822,118.87446132889698,6.832772015229503,47.43000066991951,1.8094358161294288,6.230652836550808,28.09113361544388,10.0,D,fora,1.08,CRB,0.0,4.0,1
2024,Brusque,2024-05-11,8948.577245171578,361.6940682771248,113.33701872305238,5.527592345401924,40.61224912881696,0.5306124859724766,4.464793928297206,28.744205303880452,10.0,D,fora,0.69,Sport,0.0,4.0,1
2024,Amazonas,2024-05-11,9031.2456845078,320.7428705560174,104.63963665704925,5.831156046750452,40.82069135410044,1.76110543302851,6.380389505599296,27.223331214240307,9.0,V,casa,0.21,Santos,3.0,4.0,1
2024,Ponte Preta,2024-05-11,9641.530116005437,483.8303939765559,168.53506877465117,8.251573254670602,52.400279517859325,1.5905883132809655,4.869501508070664,29.69219670102638,10.0,E,fora,0.68,Operário-PR,1.0,4.0,1
2024,Santos,2024-05-11,9455.810624738759,342.05903176688366,85.31304950140323,4.56699095360363,37.083508538842786,1.8807458052188453,4.432926643577954,26.34872813041142,7.0,D,fora,0.65,Amazonas,0.0,4.0,1
2024,Guarani,2024-05-11,9461.37504991619,413.7504004387695,118.69207528100966,6.435067910668508,46.25640788306054,1.443442368369158,6.546714405442713,27.965003204496156,9.0,V,casa,0.59,Botafogo-SP,3.0,4.0,1
2024,Operário-PR,2024-05-11,9675.935080413186,433.9022869720155,133.10641057890507,7.334907242427419,50.098104438155794,0.31447099651795174,5.764948817384622,28.955682493099953,10.0,E,casa,1.27,Ponte Preta,1.0,4.0,1
2024,Mirassol,2024-05-12,9801.591056494583,407.7829550560476,144.18445381511933,7.198882694049424,48.58987708340685,1.1642193914158343,4.765013115024053,28.7391639319195,10.0,V,casa,1.47,Paysandu,3.0,4.0,1
2024,Paysandu,2024-05-12,9176.629544125608,472.11542145564226,115.55472658364916,6.961000386727511,48.17156562765876,0.8350531363601207,6.403623636785521,28.510022430195683,7.0,D,fora,0.45,Mirassol,0.0,4.0,1
2024,Avaí,2024-05-12,10195.397495985855,496.5896366998069,133.41582010152942,7.008849116888592,51.23509820458341,1.0235616393921207,5.986113823247967,28.404079017791975,7.0,V,casa,2.01,Coritiba,3.0,4.0,1
2024,Coritiba,2024-05-12,9647.98007838099,524.458895476297,172.90915961434192,9.862650809740456,63.01084062139034,2.5449567431225097,6.894125551024257,29.037697131137875,10.0,D,fora,1.27,Avaí,0.0,4.0,1
2024,Novorizontino,2024-05-14,9526.127296923078,503.8108845054946,182.5755545054945,10.779597802197804,62.40945131868132,1.2864505494505496,5.241328131868133,29.200305494505493,10.0,D,fora,1.52,Vila Nova,0.0,5.0,1
2024,Avaí,2024-05-14,9926.46173617294,494.7837697211439,150.00598240678087,8.01288507425478,57.58870615050393,1.2826204636917269,5.448415185725987,28.425802200933077,9.0,V,casa,1.43,CRB,3.0,5.0,1
2024,CRB,2024-05-14,9602.731607351088,411.72143896636965,114.08149563878914,6.401220555996082,45.23282837352489,0.8396972806567471,5.352835020290126,27.63980129670227,10.0,D,fora,1.61,Avaí,0.0,5.0,1
2024,Vila Nova,2024-05-14,9324.658796764288,500.81253246596225,181.9555953906798,11.535039902299824,65.5130080288264,1.4153286498512736,7.074923460133975,29.95699741239632,9.0,V,casa,0.9,Novorizontino,3.0,5.0,1
2024,Operário-PR,2024-05-15,9152.414673799152,472.38828158605867,141.7037277339657,8.312136436331551,55.46725776209122,0.9935625654883363,7.19519081233111,28.812849500909945,8.0,E,fora,1.24,Brusque,1.0,5.0,1
2024,Coritiba,2024-05-15,10514.679706033545,553.8701120156845,173.00433059570346,11.08137467273966,65.95203947447071,1.8280385898217548,7.423327714617029,28.85271551363435,10.0,V,casa,0.68,Guarani,3.0,5.0,1
2024,Mirassol,2024-05-15,10059.029782796231,420.8515014003616,130.07407570224885,7.8696433509412556,50.624296096713586,1.8059224069675377,5.529744507864478,28.111355337327613,10.0,E,fora,0.23,América-MG,1.0,5.0,1
2024,Sport,2024-05-15,9666.258153948143,527.9761578005978,188.67461494202553,10.244815569925827,62.254072596280125,1.1260194624072848,7.5426097887403225,29.259796870504946,9.0,D,fora,1.48,Ituano,0.0,5.0,1
2024,Chapecoense,2024-05-15,9781.957395326526,599.6782493889765,218.63437732702897,11.102068343269602,64.75645926128966,2.3634188766303486,7.300224080038376,28.98752027227666,10.0,E,fora,0.71,Botafogo-SP,1.0,5.0,1
2024,Guarani,2024-05-15,10500.656697342105,499.11918089644735,156.5926486467739,8.220036879891788,55.25020786848099,1.352519393736199,6.763234794270321,29.38991178884817,10.0,D,fora,0.49,Coritiba,0.0,5.0,1
2024,Ituano,2024-05-15,10122.252903501489,578.1946126141524,218.66369890608973,11.318913903403818,67.68827965522294,1.3184947746251892,7.909932729403722,29.602284270156762,9.0,V,casa,0.85,Sport,3.0,5.0,1
2024,Brusque,2024-05-15,9148.23404302408,432.4379663155099,111.74449705648017,7.070409768944758,50.2945590253187,1.6933052629249294,6.572838172804532,27.750071928116146,10.0,E,casa,0.59,Operário-PR,1.0,5.0,1
2024,América-MG,2024-05-15,10414.577606737681,606.5104845414394,190.9551017580324,10.001787910279727,68.32871438468868,1.5581094656620769,6.104564389018794,28.286754135273235,8.0,E,casa,1.77,Mirassol,1.0,5.0,1
2024,Botafogo-SP,2024-05-15,9650.465991788407,560.5790784637574,216.90411533451194,10.886842839862286,63.01903566111473,2.3026073555410815,8.269960803014795,29.44489392388574,10.0,E,casa,1.8,Chapecoense,1.0,5.0,1
2024,Goiás,2024-05-16,9179.66135306853,471.34243529694766,161.2317366879395,7.51482432183843,51.57820883272722,1.274310518048932,6.24133354087365,28.5185102378695,8.0,E,fora,2.75,Paysandu,1.0,5.0,1
2024,Ponte Preta,2024-05-16,10064.744526403743,475.6570479055257,174.9621792557932,8.523651515151514,54.444116198752226,0.7017670454545454,5.716978609625667,28.63531528520499,10.0,D,casa,1.14,Santos,0.0,5.0,1
2024,Santos,2024-05-16,11129.008919745487,620.8083693806938,113.47973861883965,8.164414451773427,55.748463073593626,0.46612075109826734,5.829758057200617,28.144981663146165,9.0,V,fora,0.45,Ponte Preta,3.0,5.0,1
2024,Ceará,2024-05-16,9174.024047206294,388.97259034537933,130.21660488065075,7.2004540605414045,46.805598079743966,1.3207494332577678,5.640988131750901,29.13435124683291,8.0,V,casa,1.94,Amazonas,3.0,5.0,1
2024,Amazonas,2024-05-16,8736.571012190114,343.6576852485961,130.12221019951608,6.850699447564262,43.966801807971514,0.9603606811852259,5.341948591517145,28.640346071314436,7.0,D,fora,0.92,Ceará,0.0,5.0,1
2024,Paysandu,2024-05-16,9704.376242104654,552.9602422205481,163.50049168453384,7.562538969693458,56.196416381758134,1.1738607521585445,6.650453873790347,28.546442023526687,8.0,E,casa,0.3,Goiás,1.0,5.0,1
2024,CRB,2024-05-17,9635.125534338249,515.2870778973067,237.97490850036513,11.37919475961591,60.91584376941438,0.8831800891562851,5.886969449258302,29.63521128295676,10.0,V,casa,2.12,Vila Nova,3.0,6.0,1
2024,Vila Nova,2024-05-17,9576.783861714928,489.7262869590384,231.28789860922814,11.242990083324447,60.18722866239127,1.6444778893171053,6.032972413057718,29.62180602312367,7.0,D,fora,0.63,CRB,0.0,6.0,1
2024,Botafogo-SP,2024-05-18,10042.481588471754,498.1405478239417,196.56393794714768,10.579482505913594,60.34038471027007,1.4357369864604044,6.921935160864329,29.295630469169485,8.0,D,fora,0.55,Goiás,0.0,6.0,1
2024,Paysandu,2024-05-18,9537.411528839806,454.6106889142309,146.60220070824082,7.456723726066864,50.88584850849289,0.8645222975811777,5.294015605305805,27.78753736270332,9.0,E,fora,1.45,Amazonas,1.0,6.0,1
2024,Amazonas,2024-05-18,8906.818034409258,389.6444524415901,137.7713266803233,7.3505858985715875,44.71983141401839,1.2458236906211935,5.356970850404163,28.981850016609457,8.0,E,casa,0.81,Paysandu,1.0,6.0,1
2024,Goiás,2024-05-18,9795.716833376928,433.7578638503792,175.74082369866593,8.711021710698402,52.498279492545116,1.0596003138896155,6.706603191211091,29.111811404656027,9.0,V,casa,3.47,Botafogo-SP,3.0,6.0,1
2024,Sport,2024-05-19,8928.280174705304,375.89400585481934,130.0400430501417,7.748870677374412,47.05607053961396,0.42255248203635,4.932021165015107,29.101011286964415,7.0,D,casa,0.44,Avaí,0.0,6.0,1
2024,Ceará,2024-05-19,9484.050881696428,469.9353114199309,160.7139940956221,9.28851022465438,54.86827836981566,1.1890542194700462,6.803355054723502,29.333096918202767,9.0,E,fora,2.23,Operário-PR,1.0,6.0,1
2024,Avaí,2024-05-19,9165.360145557303,425.2781847991256,140.59969555597024,9.116731625389887,52.66620777905148,1.0797819306336809,5.401317480205806,29.052285996107805,8.0,V,fora,1.53,Sport,3.0,6.0,1
2024,Ituano,2024-05-19,9488.642824767356,425.2129070394492,133.89700391310961,4.978946778943874,42.68310725791955,0.746489401418675,4.480113798205224,27.293072551541044,8.0,D,fora,0.25,Mirassol,0.0,6.0,1
2024,Santos,2024-05-19,9695.499600422074,540.2498637538989,162.58635301074895,8.452557136396843,58.647596618777605,1.1494227803480943,6.1576181862455215,29.187384190814115,10.0,V,casa,1.6,Brusque,3.0,6.0,1
2024,Brusque,2024-05-19,9242.662878250863,436.3514683544304,141.40077606444189,7.4578476409666274,49.711987111622555,0.9669629459148448,5.384261449942462,28.372584579976987,7.0,D,fora,0.1,Santos,0.0,6.0,1
2024,Operário-PR,2024-05-19,9774.41329828,474.35047768019797,148.2407318482781,8.253360094480671,51.22397095221942,1.3576054426896838,5.9936839923108804,28.54481675524229,9.0,E,casa,1.4,Ceará,1.0,6.0,1
2024,Mirassol,2024-05-19,9567.073085513612,462.50188721643195,139.73534694384531,5.894351562235346,46.03600593954313,0.4060085366817601,5.2862535710656156,27.804854390858072,10.0,V,casa,2.48,Ituano,3.0,6.0,1
2024,Guarani,2024-05-21,10312.749009776096,531.8720922106592,165.52325398927786,8.400842131819617,56.64920605487229,0.794870261747083,6.357146893724378,28.645556606748663,9.0,D,casa,1.31,América-MG,0.0,6.0,1
2024,América-MG,2024-05-21,9869.90929980764,566.0457661995055,205.36750931574608,10.08946259961528,63.014689640010985,1.1865450948062655,7.517970101676284,29.368784830997527,10.0,V,fora,2.38,Guarani,3.0,6.0,1
2024,Chapecoense,2024-05-21,9573.770726293518,507.33889170994433,155.57027736103097,8.31069244085401,54.818800538565114,0.5770171186766687,5.883412579342181,27.7286862858242,8.0,E,casa,0.81,Ponte Preta,1.0,6.0,1
2024,Ponte Preta,2024-05-21,9287.343429263688,453.642979718124,144.14942282535745,7.165587241642115,48.629198166327306,0.7167858402247728,5.629867479610061,28.25574842738679,9.0,E,fora,1.0,Chapecoense,1.0,6.0,1
2024,América-MG,2024-05-25,10027.084646870215,637.5964557035154,232.54841474334904,11.048676882636704,64.99158135705827,1.2991585545509692,5.850286403420087,29.015095756665417,8.0,V,casa,1.45,Santos,3.0,7.0,1
2024,Santos,2024-05-25,9419.031078008746,530.4858528320657,144.6527070941535,8.394999481876024,55.773174856479656,1.119347371038942,6.1555642370106325,29.0482363059833,10.0,D,fora,0.91,América-MG,0.0,7.0,1
2024,Ituano,2024-05-26,9583.004957536663,476.98513690365695,146.29121774642658,7.83222398830518,52.20946433543717,0.8357789586040469,6.788346714312232,27.950518609615738,10.0,V,casa,1.6,Ponte Preta,3.0,7.0,1
2024,Guarani,2024-05-26,10292.359849351122,572.9772301252382,170.50415849895634,9.08745848080588,59.828521871313185,1.8375462836918053,6.737589504492242,27.82281173427716,10.0,E,casa,0.45,Paysandu,1.0,7.0,1
2024,Brusque,2024-05-26,9174.87044788005,463.49072261470036,167.09102453841166,8.804292458732922,55.4932974983789,0.8193768130780519,6.553456309796026,29.459851199617763,10.0,E,fora,1.41,Vila Nova,1.0,7.0,1
2024,Vila Nova,2024-05-26,9214.342261200936,430.9589159997822,169.52149153465078,9.211250802983287,55.85483934890304,1.6653935434699767,6.956697697207251,29.111812292449233,10.0,E,casa,1.66,Brusque,1.0,7.0,1
2024,Ceará,2024-05-26,8886.298198821301,428.0989033675474,170.73958082927453,9.311039789833425,53.56343717670033,1.6760513559696377,7.741283085542912,29.145656596184917,9.0,V,casa,2.86,Chapecoense,3.0,7.0,1
2024,Ponte Preta,2024-05-26,9387.590654407193,477.6352982610073,153.98257619517665,8.117413933876843,53.41128151695731,0.8775123996149112,6.47162236927089,27.772098124520163,9.0,D,fora,1.97,Ituano,0.0,7.0,1
2024,Paysandu,2024-05-26,10337.631874575674,601.5322184364708,175.8435995373281,9.279528150066637,61.44348198345446,0.7918650204933492,7.129260856445976,27.666213633734824,9.0,E,fora,0.85,Guarani,1.0,7.0,1
2024,Chapecoense,2024-05-26,9039.081877864637,406.9491963044217,108.64307017272813,6.301536734336536,45.144078628886895,0.9253595154960911,5.470120816982355,27.610628392505845,10.0,D,fora,2.33,Ceará,0.0,7.0,1
2024,Coritiba,2024-05-27,10008.516343473533,439.48804065797293,170.95069721807965,8.173698462711503,54.29189015843828,1.6143935503403115,6.056401219963446,29.07020508392855,10.0,V,casa,1.22,Operário-PR,3.0,6.0,1
2024,Operário-PR,2024-05-27,9995.184490215312,510.9938094126072,182.28850341724655,9.247493188859307,57.16607102268304,0.9793204427630655,5.603467999314994,29.42139554434636,7.0,D,fora,0.31,Coritiba,0.0,7.0,1
2024,Mirassol,2024-05-28,9918.837427462318,397.0959138757096,106.69784724246061,5.666522504458925,42.174371612090965,0.8397581105813505,3.776681860042199,28.529248219344158,10.0,D,fora,1.28,Amazonas,0.0,7.0,1
2024,Goiás,2024-05-28,9367.368984065388,442.49847589167763,157.15870706737118,7.800722011228533,48.796903071334214,0.9902015907089388,5.200459048877147,28.887632100396296,8.0,D,fora,0.6,Avaí,0.0,7.0,1
2024,Botafogo-SP,2024-05-28,9391.128788887001,472.53771122228426,181.6263029118197,9.617135051120773,59.012121815576656,0.5472444568569832,6.1188221580008255,29.98561697063895,10.0,D,casa,0.57,Novorizontino,0.0,7.0,1
2024,Amazonas,2024-05-28,9486.639257718416,370.5981889256688,132.26429358956196,6.955713623307873,45.78885779054341,1.623839436365744,5.448802663609785,28.594520794961294,9.0,V,casa,0.59,Mirassol,3.0,7.0,1
2024,Avaí,2024-05-28,10078.46433470232,512.6934400758207,198.6403937505385,9.43477899997128,58.160520692725235,1.4220658261294123,5.815850541371092,28.310049111117493,8.0,V,casa,1.5,Goiás,3.0,7.0,1
2024,Novorizontino,2024-05-28,9696.942918361003,469.7155345395759,190.03348865261455,10.520026487595597,59.20332437977989,1.3451231735372753,5.485173785985202,29.078643287943795,9.0,V,fora,0.58,Botafogo-SP,3.0,6.0,1
2024,Ceará,2024-05-31,9269.577183313864,441.7687548773517,161.38625158436264,7.940453189850139,50.66314275418148,1.5633389666227602,5.927431095757636,29.420902403260683,9.0,V,casa,1.21,Coritiba,3.0,8.0,1
2024,Coritiba,2024-05-31,8743.79251493874,372.89206384428843,185.16672536494906,8.701533340730057,49.499435260179744,1.569556196604904,6.4197826948376155,30.108264253221538,7.0,D,fora,0.17,Ceará,0.0,7.0,1
2024,Brusque,2024-06-01,9456.90576053628,465.52920975279676,160.15519401975092,7.421691619615558,51.100531413225085,0.7607403413055891,5.136077417581257,29.490864683118698,10.0,E,casa,0.41,Novorizontino,1.0,8.0,1
2024,Novorizontino,2024-06-01,9660.678355367598,556.2869149490101,122.29782019532391,7.543061810238631,56.23369756543605,0.34263204683709886,5.370404871667873,27.806567099732032,8.0,E,fora,1.0,Brusque,1.0,7.0,1
2024,Goiás,2024-06-01,9498.766833128575,481.829010857655,174.42555422740202,9.959794910958374,57.777237551327595,1.991531139666412,7.073881307345795,29.14944051532357,10.0,V,casa,1.44,Sport,3.0,8.0,1
2024,Sport,2024-06-01,9513.542651543621,484.0619638322345,169.62118763736575,9.942881236263423,57.803676790452435,1.8457194265086037,5.7403100907610485,29.125276439707108,9.0,D,fora,1.23,Goiás,0.0,7.0,1
2024,Ituano,2024-06-02,9911.921527485898,508.1809343546068,147.95218089813073,7.840082540648158,54.00217661210043,1.1191018692622499,7.465642489768831,28.892316945028206,8.0,D,casa,2.54,Avaí,0.0,8.0,1
2024,CRB,2024-06-02,9033.290737868745,467.77573126112657,153.63327934382545,7.960340865652407,52.684450584856,1.5725222529242802,6.487412326208759,29.211567151953343,10.0,D,fora,2.1,Ponte Preta,0.0,7.0,1
2024,Ponte Preta,2024-06-02,8881.916044933518,403.77688159101325,145.0463237047226,8.769109353507565,52.302605456212746,1.5474777624942688,6.809133425034388,29.08727303988996,9.0,V,casa,3.01,CRB,3.0,8.0,1
2024,Chapecoense,2024-06-02,9569.05459643837,611.0098004850088,203.37469809425826,9.369926513815402,59.74662110523221,1.3231673770331178,5.62191064079953,29.923657652361353,9.0,E,casa,1.18,Vila Nova,1.0,8.0,1
2024,Vila Nova,2024-06-02,9240.527958574248,488.37716134865684,188.24052180740946,9.637354081899732,58.03542782021081,1.0724694839032052,6.532202750612701,29.863619815832674,9.0,E,fora,1.26,Chapecoense,1.0,8.0,1
2024,Avaí,2024-06-02,10009.985061656893,472.59538068003576,138.45481213349746,7.3852481961437295,52.8843681073385,0.9781027534448224,6.73211539853761,28.128859287144962,9.0,V,fora,1.18,Ituano,3.0,8.0,1
2024,Botafogo-SP,2024-06-03,9847.006764895783,529.6718140509458,195.92538428740238,9.09957959238369,55.25836648921266,2.8516199885487348,7.565532544739117,29.310924994213455,9.0,V,fora,0.28,Santos,3.0,8.0,1
2024,Santos,2024-06-03,9918.345799079048,558.6269273032278,223.02437689285193,10.537988989090419,60.18862982853155,1.11543643958073,6.586275542945927,29.58010605600028,10.0,D,casa,2.43,Botafogo-SP,0.0,8.0,1
2024,Guarani,2024-06-04,10166.090995154895,458.43879832097963,153.29823182506735,7.284743348096069,50.5800323778027,0.8323324737797615,4.892733727263265,29.479745371708738,10.0,D,fora,0.55,Mirassol,0.0,8.0,1
2024,Amazonas,2024-06-04,8648.84116009252,403.1650106895043,153.81416340563857,7.652821779083579,48.15860773895106,1.9128347815215356,7.540205538538476,28.842865537288244,9.0,D,fora,1.19,Operário-PR,0.0,8.0,1
2024,Operário-PR,2024-06-04,9193.96537165809,445.31213304882635,143.91904945399776,8.021624701895318,52.18893222040919,0.9036500564829925,6.778936739048575,29.188656959959836,9.0,V,casa,0.6,Amazonas,3.0,8.0,1
2024,Mirassol,2024-06-04,10204.611050158554,519.1359365090387,175.92717832094993,8.749811008494781,59.26628417008078,0.8328339467166633,5.105557484433952,29.739314399463,10.0,V,casa,2.21,Guarani,3.0,8.0,1
2024,Paysandu,2024-06-05,9290.109706234733,570.1052964668296,188.48441446626575,10.888496523209925,63.74514905562865,0.846427128359331,6.869733250328886,28.557760524337535,9.0,V,casa,1.7,América-MG,3.0,8.0,1
2024,América-MG,2024-06-05,9234.889692093688,525.1241188265222,176.2833991252804,9.24860333095229,55.71648483025678,1.0161754201285762,6.767329974811083,28.94357306665664,9.0,D,fora,1.15,Paysandu,0.0,8.0,1
2024,Coritiba,2024-06-07,10261.33713477851,541.1071593408163,249.34363422157486,11.308424299545884,63.62013823437009,1.541775626195984,5.910671893296777,29.4430939936595,8.0,V,casa,3.29,Ituano,3.0,8.0,1
2024,Ituano,2024-06-07,10061.912089235035,526.1860727420811,157.3750340421741,8.705894450171165,56.92553684826735,0.9144510619885721,4.58168976444088,28.68313671591646,9.0,D,fora,1.26,Coritiba,0.0,9.0,1
2024,Brusque,2024-06-08,8966.986164852255,354.44576982892687,70.6506034214619,4.799866251944013,36.52478382581649,0.8000155520995335,4.000945567651633,26.729860031104202,7.0,D,fora,0.9,Amazonas,0.0,9.0,1
2024,Guarani,2024-06-08,10234.918895748431,527.9802457271454,194.1960875250897,8.621636457636395,53.37140046225898,0.6845112827686879,5.200894106197918,29.265111611215865,7.0,D,casa,2.21,Operário-PR,0.0,9.0,1
2024,Amazonas,2024-06-08,8704.55991577138,335.92741310086564,117.68348136779423,6.189680029467739,42.100769844680464,1.327321259745841,5.304694333599362,28.177006568850146,9.0,V,casa,1.91,Brusque,3.0,9.0,1
2024,Operário-PR,2024-06-08,9808.26236207596,533.3835152647821,193.98699155303632,9.627127540544196,58.096929461091094,1.880613173328743,6.198471554511809,29.50664199382769,9.0,V,fora,1.07,Guarani,3.0,9.0,1
2024,Santos,2024-06-08,9459.52434934817,441.8411213135623,114.04077205969023,6.363545109502817,47.844489497630775,0.5304523916169641,5.3045135434593,27.79806808269879,9.0,D,fora,1.69,Novorizontino,0.0,9.0,1
2024,Novorizontino,2024-06-08,9638.759139602169,429.86328149487645,146.14753140446052,8.35306582278481,53.81532694394213,1.1942676311030742,7.595671247739602,28.372933092224233,9.0,V,casa,2.56,Santos,3.0,8.0,1
2024,Avaí,2024-06-09,9544.646698518558,556.9212610288088,235.95381249658337,10.528324933034494,61.79334783797081,1.4767734105942163,5.608881758049527,29.431237085223852,10.0,E,casa,0.35,Chapecoense,1.0,9.0,1
2024,América-MG,2024-06-09,10167.427555663397,573.7169042254498,196.02091973147535,11.335303361179472,67.38722301177395,2.2887213883785686,7.27945728910303,29.115050781656205,10.0,V,casa,1.72,Ponte Preta,3.0,9.0,1
2024,Chapecoense,2024-06-09,9576.59302010604,574.613049818888,198.6275163000682,9.827873484172397,62.08360113391778,1.9834518347419814,6.615388104362434,29.457785710535987,10.0,E,fora,0.58,Avaí,1.0,9.0,1
2024,Ponte Preta,2024-06-09,9843.468345097242,466.61388069364756,182.80728075966078,10.625903620575839,61.00963578428884,1.9414119230183315,7.084400675366883,29.2705720306708,9.0,D,fora,1.14,América-MG,0.0,9.0,1
2024,Ceará,2024-06-10,8815.873488783687,484.7022868031879,221.14594214858087,11.432386262459552,58.33959999131359,1.368368477057048,5.668697365849422,30.21730547894634,10.0,D,fora,2.52,Vila Nova,0.0,9.0,1
2024,Vila Nova,2024-06-10,8870.211115142944,524.0798608824689,243.935906234784,12.103174777991606,60.827572862806925,1.8770734308701797,7.196932574369913,30.48008532541909,9.0,V,casa,2.0,Ceará,3.0,9.0,1
2024,Mirassol,2024-06-11,9203.224252602728,354.55899545574766,120.2050195955856,6.708301555625016,43.821049265466094,0.9738546800990598,6.600224327378521,28.46117429251521,9.0,V,casa,1.37,Goiás,3.0,9.0,1
2024,Sport,2024-06-11,9279.145281738494,467.8880018538439,159.32998992973702,8.341233492779166,55.30688176595794,1.1326948252580507,6.589772846909117,27.88072002380244,10.0,V,casa,1.07,Paysandu,3.0,8.0,1
2024,Goiás,2024-06-11,8786.285631842391,381.36973555084336,135.81442844461978,7.431707145675115,45.93688381497189,0.9984665647499752,7.210042903639412,29.243385688923958,8.0,D,fora,0.95,Mirassol,0.0,9.0,1
2024,Paysandu,2024-06-11,9516.20216735118,518.490455490128,152.19502399920825,8.015171458261172,56.224638279974265,1.6688275025978525,7.682879410163788,28.353946261566623,9.0,D,fora,0.33,Sport,0.0,9.0,1
2024,Operário-PR,2024-06-14,9503.315380946755,473.4145714684683,183.1007610341901,9.378943252736393,56.554588869673566,1.1609321460412256,6.475693094299493,29.60201295423053,10.0,V,casa,0.36,Santos,3.0,10.0,1
2024,Chapecoense,2024-06-14,9601.641296238651,382.64631297016854,123.38450233463035,6.887488845654994,47.62580428015564,1.8688726329442285,5.953553307392997,28.561264591439684,9.0,V,fora,0.65,Amazonas,3.0,10.0,1
2024,Amazonas,2024-06-14,9355.285697340587,437.22205210536924,152.99348506598164,7.934555882945502,50.54536831368994,1.247788606829858,6.007063815855748,29.01123954870555,9.0,D,casa,2.6,Chapecoense,0.0,10.0,1
2024,Santos,2024-06-14,9967.352715430183,534.7314074636375,158.35939108863917,8.418642420463325,52.3390583020428,0.8546276992314052,5.247516368220574,28.749945100378195,8.0,D,fora,0.64,Operário-PR,0.0,10.0,1
2024,Paysandu,2024-06-15,9590.378133641027,619.8339804875033,160.49831434281828,9.086327447303896,59.52469247728349,0.2785614942410318,6.025911029608719,27.558270661199593,10.0,V,fora,2.79,Ituano,3.0,10.0,1
2024,CRB,2024-06-15,9676.177119099279,513.1985820676715,142.7083966457515,8.022984342930863,56.1539894446725,1.478048437225122,6.649686858617253,28.320835043687325,10.0,D,fora,0.55,América-MG,0.0,8.0,1
2024,Ituano,2024-06-15,9522.408054690997,519.3051608457465,196.1867703368515,8.578151393690206,54.47375946067002,0.7242806445314742,5.994340021361877,29.187851293771747,10.0,D,casa,2.16,Paysandu,0.0,10.0,1
2024,Avaí,2024-06-15,9506.585463279744,491.8416205960419,195.46395601844844,10.173698769767983,62.12729399416674,1.6335735262950744,7.903421841412093,29.30174190357968,10.0,V,casa,2.3,Guarani,3.0,10.0,1
2024,Novorizontino,2024-06-15,9746.253113671946,581.016869966289,220.11853223690707,11.679081625456648,64.61469046645132,1.2697916696052018,6.092200093092797,29.035308969349902,8.0,D,fora,0.28,Ponte Preta,0.0,9.0,1
2024,Ponte Preta,2024-06-15,9356.593782185893,493.02194014581244,171.54614620015292,10.274098579566868,57.47268579243798,2.132368106484024,6.880361300466298,28.448114883856164,10.0,V,casa,0.71,Novorizontino,3.0,10.0,1
2024,Guarani,2024-06-15,8875.892666818492,418.64004691414254,121.54609212024594,6.867827829651559,47.14151138692781,1.4354974948758825,7.277728307902527,28.447524481894785,9.0,D,fora,1.87,Avaí,0.0,10.0,1
2024,América-MG,2024-06-15,9905.151975485622,522.1871203938304,145.92274825532292,8.501991487753923,59.01020058229987,1.4000113348446461,6.501565764324132,28.5045861670445,10.0,V,casa,3.25,CRB,3.0,10.0,1
2024,Ceará,2024-06-16,9358.445374461118,497.261747151021,203.2164014303379,10.025978010226249,61.1533790061157,2.3054088827991843,7.719242388797916,29.030000334191094,10.0,D,fora,0.83,Brusque,0.0,10.0,1
2024,Coritiba,2024-06-16,9913.31773522065,495.67830356423406,163.65420778383603,9.183775348499907,56.202996964894844,0.7250329026886195,5.920790201713625,28.598616744111087,8.0,E,fora,0.99,Goiás,1.0,9.0,1
2024,Goiás,2024-06-16,10033.26239677542,542.8434228802394,206.50711775083187,10.448973671869766,61.80218306871218,1.908097519037092,8.238194658448895,29.58975904959693,10.0,E,casa,1.3,Coritiba,1.0,10.0,1
2024,Brusque,2024-06-16,9304.88819650183,452.9038090500405,139.28654604859113,7.958834107156019,50.407204412017585,1.5466226938855725,5.416647505343062,28.81221657208834,9.0,V,casa,0.97,Ceará,3.0,10.0,1
2024,Vila Nova,2024-06-16,9142.548709352346,494.13615807210107,212.68923347817133,9.459053821231592,53.344021693196225,2.536583375773403,7.217215750864152,29.394496516302404,10.0,D,fora,2.0,Botafogo-SP,0.0,10.0,1
2024,Botafogo-SP,2024-06-16,9243.803048740396,504.0317923190729,210.36146847902023,10.262275202400032,56.033722516746806,0.9250668844778696,7.027100542473186,29.415463567994085,10.0,V,casa,2.25,Vila Nova,3.0,9.0,1
2024,Sport,2024-06-16,9322.565083599171,380.83661978824034,78.3124646549905,4.8042996164492395,43.234208259374654,0.781844270943237,4.8036149348956725,26.81996077603863,9.0,V,casa,1.0,Mirassol,3.0,9.0,1
2024,Mirassol,2024-06-16,9416.366476914112,371.80667560999746,71.15744422330471,4.353856591491374,41.26621345238226,1.08845826506713,5.145877197805219,27.674426838789127,10.0,D,fora,2.02,Sport,0.0,10.0,1
2024,Operário-PR,2024-06-18,9418.614624985554,545.5433958164798,159.86813035941293,8.73643534034439,57.51906113486653,1.1442951577487577,5.510917254131517,28.74308910204554,10.0,V,fora,0.2,Chapecoense,3.0,11.0,1
2024,Guarani,2024-06-18,9814.742516550203,531.7942914061542,231.28207122716682,10.343172275346328,58.749598351109476,1.5176586061051855,7.723200625229864,30.079090045359816,7.0,E,casa,1.42,Ituano,1.0,11.0,1
2024,Chapecoense,2024-06-18,9513.768843083495,510.07227947896365,176.20152732357766,9.611230909831642,58.5681956418811,0.8929566500401899,6.440371508164592,28.912305795042887,10.0,D,casa,0.57,Operário-PR,0.0,11.0,1
2024,Ituano,2024-06-18,10188.048182907116,500.0711260742652,209.8461085720266,9.104914698391655,54.94675946923443,1.1507238135110303,6.907473862935956,29.911868959983252,10.0,E,fora,1.98,Guarani,1.0,11.0,1
2024,CRB,2024-06-19,9099.51286119802,469.177871039927,179.67090400513848,7.832715952178686,49.137772828046316,1.0262362472287259,6.060338147234943,29.42225721567246,10.0,E,fora,0.52,Paysandu,1.0,9.0,1
2024,Paysandu,2024-06-19,8842.126765015257,405.39057624011906,141.25432841416804,7.498794717712118,47.70947427071725,0.8443960049573522,6.27980732979931,28.72430873056374,10.0,E,casa,1.43,CRB,1.0,11.0,1
2024,Goiás,2024-06-19,9342.802932161552,430.0203194212703,154.79163356266145,7.714319558410094,50.088928824484015,1.7498266325341134,6.068609631779846,28.74828461063747,10.0,D,fora,0.13,Santos,0.0,11.0,1
2024,Amazonas,2024-06-19,9779.615823945127,451.4931134899189,148.90763884847223,7.85817886094367,54.43602161712741,0.46753949282893364,6.079418208272709,28.10586260652671,10.0,E,fora,0.47,Novorizontino,1.0,11.0,1
2024,Novorizontino,2024-06-19,10098.4336542338,537.8129810463086,213.32148112071644,10.471615054723541,62.707066845245336,0.8543753128509002,6.090478103819147,29.224060770864615,8.0,E,casa,0.5,Amazonas,1.0,10.0,1
2024,Santos,2024-06-19,9669.532986669936,505.454250239629,165.90903735984486,9.12880296917144,56.674625955729915,1.5064296382158222,6.2190127282049,28.214865919172556,10.0,V,casa,1.34,Goiás,3.0,11.0,1
2024,Coritiba,2024-06-20,10103.180932673193,556.3688701492722,215.68005605422692,11.554959440939339,69.22589841097378,1.8881736693294482,8.22208585927179,29.24017631153309,9.0,V,casa,1.48,América-MG,3.0,10.0,1
2024,Botafogo-SP,2024-06-20,9544.271996644295,493.3787256478374,162.85198359433255,10.48513154828486,62.601218190715876,1.3650582587621178,6.292248671700224,28.616489560029823,10.0,V,casa,1.09,Ponte Preta,3.0,10.0,1
2024,Avaí,2024-06-20,9866.080074825702,517.6674074115192,213.5209001287801,10.99207846707225,65.64519494648962,1.4990063946001153,7.892565278209512,29.75015542430836,10.0,E,fora,0.91,Brusque,1.0,11.0,1
2024,Mirassol,2024-06-20,9815.7893561326,522.2612217066127,179.93714856959497,9.44166094833757,59.31348604151754,0.998853454446721,3.7784750573889863,29.46945795176857,9.0,D,fora,1.47,Vila Nova,0.0,11.0,1
2024,América-MG,2024-06-20,9981.391535634159,590.0584801183827,179.68024476108644,10.524545682371475,66.05195749200438,1.501793045014082,6.443642297961715,28.35808033796362,9.0,D,fora,0.55,Coritiba,0.0,11.0,1
2024,Brusque,2024-06-20,9526.298707950675,497.1982037457434,200.71466399236402,10.332313099783304,60.366028531627286,0.928013362914044,6.152420028892787,29.692287947580226,9.0,E,casa,1.34,Avaí,1.0,11.0,1
2024,Ponte Preta,2024-06-20,9407.83008394347,501.1049159941625,162.54324810098157,8.979925411298066,57.136157060356965,2.0219924413455894,6.736278547640725,28.811858106843943,9.0,D,fora,0.83,Botafogo-SP,0.0,11.0,1
2024,Vila Nova,2024-06-20,9667.174470994545,532.0639557526636,186.37586455625222,11.011251975327522,66.06228666462762,1.491965642045165,6.882033567823828,29.78397818218892,9.0,V,casa,1.18,Mirassol,3.0,11.0,1
2024,Ceará,2024-06-21,9319.825015434384,408.93814713290857,159.4638071072258,8.555770731466389,53.8953738825505,2.000211759766879,6.5577029930360045,28.50986565910999,9.0,E,casa,0.98,Sport,1.0,11.0,1
2024,Sport,2024-06-21,9089.29922307621,400.8616807111769,129.41037688674876,7.262880822298361,47.146467265487544,1.072232614130938,4.523233632743773,27.889008241503838,8.0,E,fora,0.18,Ceará,1.0,10.0,1
2024,Operário-PR,2024-06-22,9959.481604206741,520.1607087996181,155.82104452463528,8.843812184950645,56.23574579817184,1.2629069489883318,6.064447408697118,28.780927842289277,8.0,D,casa,1.05,Botafogo-SP,0.0,12.0,1
2024,Guarani,2024-06-22,9763.468112090743,441.6517232156125,124.14845584229033,6.575490613700532,50.59509051958987,0.780968101441379,6.686400267472386,27.86308757244044,9.0,D,fora,0.87,CRB,0.0,12.0,1
2024,Botafogo-SP,2024-06-22,9911.465302028439,429.21978348414035,156.16031122601174,7.383580217758776,47.765219374564985,1.1165270458387195,5.703452570349011,29.08454434722084,9.0,V,fora,0.56,Operário-PR,3.0,11.0,1
2024,CRB,2024-06-22,9705.14811731292,464.3813127003669,150.73509270207344,7.130854126796445,52.65795263112985,1.0979831051842461,6.5821188000536335,28.211817838292475,9.0,V,casa,0.92,Guarani,3.0,10.0,1
2024,Paysandu,2024-06-23,9621.218250102942,556.3973938555154,158.63329185158074,7.617851832364917,55.69192524134143,0.616821155693828,5.661759504964084,28.40768746854555,10.0,V,fora,1.3,Chapecoense,3.0,12.0,1
2024,Chapecoense,2024-06-23,9351.96565766285,527.0023594285144,189.43324636171175,8.77881402334268,54.963915828909,1.4961384821715564,5.885013688609082,29.658454240143644,10.0,D,casa,1.57,Paysandu,0.0,12.0,1
2024,Vila Nova,2024-06-23,8979.519088011848,422.04174918447944,147.18363915357546,9.174728946690704,53.502687033221754,1.3521068332045671,7.242332603656967,29.5017329813718,10.0,V,casa,1.26,Goiás,3.0,12.0,1
2024,Brusque,2024-06-23,9705.583525636008,543.8604746249184,187.98153594259625,9.039992563600784,60.583956164383565,1.4089765166340507,5.869879973907373,28.73845009784736,8.0,E,fora,2.75,Ituano,1.0,12.0,1
2024,Ituano,2024-06-23,10146.465812399949,590.9249625064697,189.24635223456625,9.09950722788604,59.79628856176503,1.0833603350946666,6.173116235962494,28.44913758861834,9.0,E,casa,0.86,Brusque,1.0,12.0,1
2024,Goiás,2024-06-23,9186.545750939107,478.3063289577644,200.97952968409965,10.604664763040072,59.50744646050205,1.74822491440611,6.735621889857644,30.910250474751535,8.0,D,fora,0.72,Vila Nova,0.0,12.0,1
2024,Sport,2024-06-24,8998.674951968522,457.10256940933374,149.17060913147657,7.420584511222,46.69127992350135,1.5829824580686294,6.033926710777955,28.839592446857623,10.0,D,casa,0.84,Novorizontino,0.0,11.0,1
2024,Novorizontino,2024-06-24,9309.725440284248,446.8830750064246,155.16303601157554,8.648850378216517,52.29093833450652,1.7098453614006859,6.9379408708477195,28.600026815942076,10.0,V,fora,1.28,Sport,3.0,11.0,1
2024,Avaí,2024-06-25,9336.69421348382,473.5396711292549,143.29381377198777,8.430240979768266,53.16692777811131,1.8369786876388308,6.267847631626344,27.899249564747553,9.0,E,fora,1.66,América-MG,1.0,12.0,1
2024,Mirassol,2024-06-25,10562.368581327186,593.1438628420059,152.31499074085428,8.942241081173888,60.37343348744803,0.331956316454299,4.858887921413768,29.315641211169844,9.0,E,casa,1.18,Santos,1.0,12.0,1
2024,América-MG,2024-06-25,9569.388067868198,515.3555697280954,156.91783160143032,8.20851388322254,55.29364647579735,0.43229139168206576,6.264930523890663,28.709503467805803,9.0,E,casa,1.18,Avaí,1.0,12.0,1
2024,Santos,2024-06-25,9740.41420271202,433.9604959779361,121.48648019612348,6.48084700835057,48.12636512679077,0.2760186930207615,4.6913092775607135,27.6182655328277,7.0,E,fora,0.74,Mirassol,1.0,12.0,1
2024,Ceará,2024-06-26,9108.828904138598,426.6644569000887,171.7634622867504,9.647796762708948,55.26768770597033,2.2626485964238925,8.099539949971547,29.41284593088662,8.0,D,fora,1.23,Ponte Preta,0.0,12.0,1
2024,Coritiba,2024-06-26,10254.23021434091,603.3633403831293,130.67777362020578,8.052657095212917,53.93183864101625,1.0980529005843196,6.34676970214612,28.09545830452407,9.0,D,fora,0.6,Amazonas,0.0,11.0,1
2024,Amazonas,2024-06-26,9239.588797004739,411.27329630017806,144.32321373254607,8.90920343779478,53.13789423424052,2.201162468411184,6.079559328744947,29.02400982892545,10.0,V,casa,2.1,Coritiba,3.0,12.0,1
2024,Ponte Preta,2024-06-26,9150.738997848046,447.9453931693455,150.48718680820835,8.43243860751022,51.5225828605554,0.8328353291255238,6.393289298915786,28.543560095139053,10.0,V,casa,1.79,Ceará,3.0,12.0,1
2024,Vila Nova,2024-06-29,9534.343659773143,456.93436667660774,166.6882433335733,8.606499933155769,54.32927736242943,1.850256579015025,6.942039674622845,28.93533283285857,10.0,E,fora,0.66,Coritiba,1.0,13.0,1
2024,Sport,2024-06-29,9650.976713992233,494.1558345528226,141.32989137164404,7.84975600833005,55.59457983902741,0.7598176394439129,5.826428491022682,29.726228400968083,8.0,E,fora,1.24,Botafogo-SP,1.0,12.0,1
2024,Botafogo-SP,2024-06-29,9762.105891079229,456.4145831208284,169.630910260106,9.278803468079914,57.07780184934697,1.0986599995565114,6.885139920615561,29.620323968334922,10.0,E,casa,0.44,Sport,1.0,12.0,1
2024,Coritiba,2024-06-29,9947.469268014323,510.3902331072661,175.6792468943081,8.736917133449646,56.08087890753106,2.241346433865488,6.730721884797524,29.150804790701947,8.0,E,casa,2.42,Vila Nova,1.0,12.0,1
2024,Ituano,2024-06-30,9058.484612892738,429.29207138378655,91.96038501730024,6.164776954694284,44.725309894805285,0.3143091517079628,5.223581380767712,28.292575993312127,9.0,D,fora,0.85,Ceará,0.0,13.0,1
2024,Avaí,2024-06-30,10090.513040173339,584.916843557229,223.14031245929976,11.400606329698432,67.55929385855859,2.6632693969855192,8.950525817260445,29.245120117453435,9.0,E,casa,1.86,Amazonas,1.0,13.0,1
2024,Amazonas,2024-06-30,9289.33731413736,430.5278494646726,111.13118458600637,7.530172506275881,51.46270313472225,1.7377078550432334,7.916487866629475,27.714911923101678,10.0,E,fora,0.82,Avaí,1.0,13.0,1
2024,Ponte Preta,2024-06-30,9417.336402841629,460.6006595270349,171.3572047701842,7.774876105345124,49.1520702087489,1.1520064214018282,6.047510586779592,29.06959007562747,10.0,E,fora,1.17,Guarani,1.0,13.0,1
2024,Paysandu,2024-06-30,9128.870216898375,495.65101223059474,135.32637319346784,6.8036415794416065,47.30810517395387,0.5159432903506561,5.5652522846476264,27.837714436224548,9.0,E,casa,1.47,Operário-PR,1.0,13.0,1
2024,Ceará,2024-06-30,9256.535343610949,410.2902669782912,156.5496912220774,7.786167243471617,50.56402647309992,1.3142817654726058,5.25854105802508,29.26262303923772,10.0,V,casa,1.84,Ituano,3.0,13.0,1
2024,Operário-PR,2024-06-30,8694.123102744632,387.85189205259525,135.84977486182243,7.17776915904269,45.485874944256,0.851348802010838,6.810833524777362,27.525688184975472,8.0,E,fora,1.12,Paysandu,1.0,13.0,1
2024,Guarani,2024-06-30,9293.49854860041,406.65545310467695,139.29142997671903,7.279586844607666,48.003609972565606,1.8690529123083146,7.76959067012056,29.290486495939493,10.0,E,casa,1.11,Ponte Preta,1.0,13.0,1
2024,Santos,2024-07-02,9902.171389885725,558.3472758392508,182.56522766027842,9.391380596065257,59.32763266396884,1.1444209869944773,5.497459087322798,28.609676516250545,9.0,V,casa,1.82,Chapecoense,3.0,13.0,1
2024,Novorizontino,2024-07-02,10371.41123010515,594.801196083226,181.61834834196287,10.52570537014789,65.35412090540842,0.6700276428123372,6.411103267167781,28.309023251857916,10.0,E,casa,0.76,Mirassol,1.0,12.0,1
2024,Brusque,2024-07-02,9201.716750914282,455.502615725665,156.1170902008917,7.890116101397726,52.30280584640047,1.0141335604428636,5.072257276689544,28.843597515154553,10.0,E,fora,4.09,CRB,1.0,13.0,1
2024,Goiás,2024-07-02,9462.829278668389,490.5363545236779,163.07224298261778,7.738760518395677,53.5091111111111,1.2158132792825995,5.306713838216326,28.646256372458698,9.0,V,casa,0.77,América-MG,3.0,13.0,1
2024,América-MG,2024-07-02,9998.920123183407,572.1488609707787,161.54064306856876,7.411921638884563,57.286530500968105,0.7009069058375803,4.705978679367058,29.09222286515479,10.0,D,fora,0.53,Goiás,0.0,13.0,1
2024,Chapecoense,2024-07-02,10149.406820792685,572.0697631358703,168.5032688625707,9.69899017460991,59.641888492714095,2.37465725783337,6.500182176719444,29.150065922979035,10.0,D,fora,0.92,Santos,0.0,13.0,1
2024,Mirassol,2024-07-02,10335.928071675806,602.1652553138343,159.40089850487075,9.742336421919047,64.44665754760744,1.0693963579270396,6.637547369547892,28.384149489134444,9.0,E,fora,1.02,Novorizontino,1.0,13.0,1
2024,CRB,2024-07-02,9146.142843503409,488.5068678883351,191.218626422333,10.201241044570066,58.85619810210281,1.307741851103716,6.9317017133390495,28.98275907168704,8.0,E,casa,0.98,Brusque,1.0,11.0,1
2024,Santos,2024-07-05,8489.504816112885,396.9722071035059,156.17241693296225,7.8346191114318104,48.55256124798131,0.9284948859796814,5.874356595539978,29.080837027110608,9.0,V,fora,1.14,Ceará,3.0,14.0,1
2024,Ceará,2024-07-05,8609.439237338192,378.69926116511664,165.78832040205432,8.018719653208125,48.74539139227327,2.162789952646491,6.217732237428295,29.952700551623334,10.0,D,casa,1.03,Santos,0.0,14.0,1
2024,Goiás,2024-07-06,9550.088327205882,482.01812632352943,151.80501838235296,7.676860735294118,50.02678691176471,1.3242739705882354,6.0878073529411765,29.81416323529412,7.0,D,casa,1.18,Chapecoense,0.0,14.0,1
2024,Operário-PR,2024-07-06,9097.935297168284,422.6804795735141,133.79884935815215,5.9221992349129495,44.26552635981397,1.1042438910141303,5.620363249054794,27.81343140425816,10.0,D,fora,0.95,América-MG,0.0,14.0,1
2024,América-MG,2024-07-06,9663.6837571445,553.2488849879314,163.3502787791396,7.7102555823746375,53.98019173902594,1.409415483318182,4.889816620168646,28.80835710479295,10.0,V,casa,2.42,Operário-PR,3.0,14.0,1
2024,Chapecoense,2024-07-06,9700.331312300204,445.8799187090112,173.80511309334182,8.997290153903615,54.770075249090965,1.1859053509244102,5.932409069437883,29.07014863068625,10.0,V,fora,0.57,Goiás,3.0,14.0,1
2024,Brusque,2024-07-06,9489.989423356834,494.11818876506703,141.33806822833748,9.107017284512168,57.619321696611316,1.7393328405731177,5.320285080736865,28.341954741869454,10.0,E,casa,1.05,Ponte Preta,1.0,14.0,1
2024,Ponte Preta,2024-07-06,9816.91566581724,524.1925554408947,174.85596908367202,9.47685571678285,60.466284038497996,1.4209691889728957,6.824039445696355,29.18735126255713,10.0,E,fora,0.62,Brusque,1.0,14.0,1
2024,Botafogo-SP,2024-07-07,9339.95328664098,417.2976146629225,140.07764165523847,7.345234332484382,49.46741635647272,1.1758239186747643,6.366709223100198,28.48076470972376,10.0,D,fora,1.21,Ituano,0.0,13.0,1
2024,Sport,2024-07-07,9448.199344919625,490.78304666834225,176.2340416771398,9.803866925203778,56.77015236932505,1.2945588710546159,6.570796797012459,28.78324655583085,9.0,V,fora,1.13,Guarani,3.0,13.0,1
2024,Ituano,2024-07-07,9597.901826411617,482.5857676866503,164.5729050976688,9.616563656196936,59.817509193347064,1.9233705565489245,7.289027135836624,29.26327046995716,10.0,V,casa,0.22,Botafogo-SP,3.0,14.0,1
2024,Guarani,2024-07-07,9554.294711530292,443.9129443169909,191.3045995128445,8.921227235392415,52.38131050499901,2.5488765683858725,6.502641685784688,29.34615515336902,8.0,D,casa,0.67,Sport,0.0,14.0,1
2024,Coritiba,2024-07-07,9725.369651394536,583.3232311312788,237.74812939838532,12.263625789598136,67.49465978313498,1.7243755841055723,7.499819166544683,29.366822803481547,10.0,E,casa,1.5,Paysandu,1.0,13.0,1
2024,Paysandu,2024-07-07,9550.703751959989,591.741256150311,192.82678521221953,11.435104082184374,65.2089691808597,1.703631927547986,6.326414571505813,28.080351446336845,8.0,E,fora,1.27,Coritiba,1.0,14.0,1
2024,Avaí,2024-07-08,9785.700790037936,524.96211517165,175.16508423458444,10.284716194246128,62.664977026931496,1.1652875756933154,6.466184585660091,28.82141796847388,9.0,D,casa,0.58,Novorizontino,0.0,14.0,1
2024,Novorizontino,2024-07-08,10094.831139343472,520.0342067748473,155.72405856644562,9.431955523692665,60.42796630499222,1.7362142748817784,6.826121765265466,27.89627479905698,8.0,V,fora,1.37,Avaí,3.0,13.0,1
2024,Vila Nova,2024-07-09,8995.901776384755,346.2215699022649,104.35291119135101,6.671545865585191,42.218642827645354,1.1443542392443797,5.813655798981352,28.0853397431146,10.0,V,fora,0.99,Amazonas,3.0,14.0,1
2024,Amazonas,2024-07-09,9082.945386213663,396.44703297276976,152.22623548696956,7.423147448212496,46.1384218384564,1.504840669896425,6.295291409121282,28.653430922151685,10.0,D,casa,1.32,Vila Nova,0.0,14.0,1
2024,CRB,2024-07-10,10168.170989056798,492.2564398124023,145.85626472120896,7.220582595101614,51.21640125065137,0.7500156331422615,5.907071912454404,27.7654820218864,10.0,D,fora,0.51,Mirassol,0.0,12.0,1
2024,Mirassol,2024-07-10,10179.26174442988,525.0961033202271,160.1235862822193,8.748184141546528,57.20884731323721,0.6878588903451288,5.798635757972914,28.420559196155523,10.0,V,casa,0.66,CRB,3.0,14.0,1
2024,Ponte Preta,2024-07-12,9138.630640556476,418.0983525464303,129.62600949699296,7.41646384176911,50.68453069353557,1.060041892727148,6.534447889175586,28.269071001795403,10.0,V,casa,2.76,Mirassol,3.0,15.0,1
2024,Mirassol,2024-07-12,9215.011132381394,423.0726855056272,113.55516459111098,6.989062184919748,48.19350055862877,0.9803030220453989,6.009537700629479,28.165583017685368,8.0,D,fora,1.76,Ponte Preta,0.0,15.0,1
2024,Coritiba,2024-07-13,10361.860796276396,605.8051728384628,252.2116262390882,12.931295292370478,73.78230696787124,0.97879815993142,7.823124373664319,30.00985958006834,9.0,D,fora,0.84,CRB,0.0,14.0,1
2024,Novorizontino,2024-07-13,10313.74704476822,449.55697783381595,105.35075760405965,7.0049142305656735,49.59338906011643,1.2622324958749727,6.023284455652065,27.646004171725668,7.0,E,casa,0.74,Guarani,1.0,14.0,1
2024,CRB,2024-07-13,10657.810067320826,653.735259346665,227.3784637933176,12.074349646006707,68.4146062600919,0.896068066078748,6.596501055769468,29.394023102720155,9.0,V,casa,1.38,Coritiba,3.0,13.0,1
2024,Sport,2024-07-13,9342.720580014395,449.02246509117083,125.45529162667945,6.476940019193858,49.34017898272553,0.9706823416506718,5.07382353646833,27.52076055662188,9.0,E,casa,1.85,América-MG,1.0,14.0,1
2024,Amazonas,2024-07-13,9301.240300054358,466.1676351996135,139.1537183064565,7.2833269312073465,53.16290318294377,0.9799218457450022,7.717388174186145,28.160520625717226,9.0,V,fora,0.51,Botafogo-SP,3.0,15.0,1
2024,Guarani,2024-07-13,9737.579391753965,459.085364409251,141.92430718499742,8.478693106619708,53.19482402027861,1.4131540635725341,5.250076717737051,29.561761143139147,10.0,E,fora,0.41,Novorizontino,1.0,15.0,1
2024,América-MG,2024-07-13,9447.71399221807,481.40518283111885,135.89715871156014,7.263657838303893,52.228819224902175,0.4972780934273649,4.77586662392501,27.58732562509672,10.0,E,fora,1.21,Sport,1.0,15.0,1
2024,Botafogo-SP,2024-07-13,9476.773271116701,468.6066667769798,143.36253047401573,8.33940629447,57.58238243372935,1.1901396564847602,7.4459122348346956,28.834985824756487,10.0,D,casa,1.72,Amazonas,0.0,14.0,1
2024,Avaí,2024-07-14,9847.973745434783,452.63451793478265,137.54206021739128,7.434577282608695,51.55203847826086,1.1735866304347824,5.477423043478261,28.296030434782608,10.0,D,fora,0.75,Vila Nova,0.0,15.0,1
2024,Vila Nova,2024-07-14,9386.83607270379,455.4802503228747,161.0196482564765,9.117049684722328,56.179763351819496,1.5968312694674465,5.697729620907088,29.099475803388287,8.0,V,casa,0.62,Avaí,3.0,15.0,1
2024,Ituano,2024-07-15,9788.782471760716,457.147511649467,111.54167447363928,6.915435604674425,51.599977432969816,1.5384321403303325,5.819195881821952,27.890912195955018,9.0,D,fora,0.35,Santos,0.0,15.0,1
2024,Santos,2024-07-15,9508.311030071622,430.75033525055625,138.22147658596492,8.209981273635954,50.88984714909347,1.094817539550324,5.800183129248391,28.399394433162687,9.0,V,casa,4.35,Ituano,3.0,15.0,1
2024,CRB,2024-07-17,9482.675477392571,531.0351206103445,253.90466235336652,9.872916838076716,60.249513444781044,1.3464476357879254,7.627256815886907,29.906968597678794,9.0,V,casa,1.92,Botafogo-SP,3.0,14.0,1
2024,Botafogo-SP,2024-07-17,9225.729827190902,431.3312255165275,170.9746101641621,8.017783484219214,48.46401535498579,1.414762141837096,6.366813316388696,28.743905826247598,8.0,D,fora,0.72,CRB,0.0,15.0,1
2024,Santos,2024-07-18,9880.755948749562,584.2606735255669,139.84834929373878,9.372094657072711,56.24433598690574,1.1488898572597706,7.0790210124671855,29.19196913494957,10.0,E,fora,0.63,Vila Nova,1.0,16.0,1
2024,Vila Nova,2024-07-18,9215.070226925302,450.5664799206742,141.57507798297803,8.92301613369691,54.196617397950746,2.0441767889605025,7.623232110394975,28.838667162452488,10.0,E,casa,0.73,Santos,1.0,16.0,1
2024,Novorizontino,2024-07-19,10310.404773790187,569.4846701183251,143.3059664440184,8.242908795623556,60.333400901175914,1.0992233768453956,7.253136531815906,27.787462908917732,10.0,V,casa,1.37,Chapecoense,3.0,15.0,1
2024,Avaí,2024-07-19,10203.015747349049,476.41278341911254,162.46425072493233,8.667081759525772,55.373506425414895,1.7341945493649484,6.066258065206458,29.170396010999713,10.0,D,casa,0.2,Ceará,0.0,16.0,1
2024,Ceará,2024-07-19,9836.023873439339,366.49056910756735,99.6981335533452,5.9223513189171735,44.969078373450884,1.1425443677736495,5.712996007477327,28.276764902725535,9.0,V,fora,0.55,Avaí,3.0,15.0,1
2024,Chapecoense,2024-07-19,9721.733222781657,502.7348481403281,150.26561171566237,8.575234908775919,55.7412272210492,1.071076173461101,7.016570840777434,28.29121108765091,10.0,D,fora,1.4,Novorizontino,0.0,15.0,1
2024,Amazonas,2024-07-20,9482.446112253798,484.12254409890676,197.1898556864674,9.657476357620338,59.55915804064479,1.3091523396454205,7.143027789577232,29.121818059871675,10.0,E,fora,0.5,América-MG,1.0,16.0,1
2024,Paysandu,2024-07-20,9187.99979299116,498.3210100126265,173.34921637906206,7.775158496333871,48.84515484128214,0.9962276543428658,6.777601067718139,29.186011120217966,10.0,V,casa,1.77,Ponte Preta,3.0,15.0,1
2024,Ponte Preta,2024-07-20,9110.253625434942,472.16394456640234,157.65621791138392,7.257883906037664,45.832337410211615,0.13395457192778104,7.66227379299016,28.470619595896245,7.0,D,fora,0.14,Paysandu,0.0,16.0,1
2024,Mirassol,2024-07-20,10136.815607322527,484.81530421266007,121.36975560060077,7.467366220999232,51.42070505078089,1.5129236553831933,5.102876392929537,28.201486141598313,10.0,V,fora,0.37,Coritiba,3.0,16.0,1
2024,América-MG,2024-07-20,9774.269187237292,575.4513643250141,171.00254434027818,9.94345130828027,61.81894768018045,1.5377265426543796,6.868555936528188,28.591094353378065,10.0,E,casa,1.99,Amazonas,1.0,16.0,1
2024,Ituano,2024-07-20,9770.131267611916,584.9648861913679,215.7874832798288,9.030044252719815,59.79128845639381,0.9029565721419656,5.618760143570537,29.680224496165508,10.0,D,fora,0.59,CRB,0.0,16.0,1
2024,Coritiba,2024-07-20,10183.418741978448,570.7105742495789,199.91283646490328,10.994878864929717,64.29206650596045,1.6846195335116512,6.140155422734427,29.272498321390437,10.0,D,casa,1.47,Mirassol,0.0,15.0,1
2024,CRB,2024-07-20,9527.46280985187,515.2397265203706,266.7356225650958,11.49118174014483,60.32027380978584,1.6846065635111045,5.646339554949046,30.034741267360733,10.0,V,casa,2.16,Ituano,3.0,15.0,1
2024,Goiás,2024-07-21,8659.040216626709,330.0098448319926,109.63654930691625,6.243946865606251,41.2914499385413,1.861306940573696,6.243795957112781,28.484877508549456,9.0,V,fora,2.06,Guarani,3.0,15.0,1
2024,Brusque,2024-07-21,8593.791379526943,454.5880818222072,159.77903267327753,7.877552541884198,50.509344269047396,0.8329313274226933,5.93219445388362,28.14550472130405,9.0,E,fora,1.56,Botafogo-SP,1.0,15.0,1
2024,Botafogo-SP,2024-07-21,8690.642735470568,515.2382152305953,216.53686022680694,10.731565787675912,56.79039213007241,1.0058999614949882,6.370664646188624,29.016919847470472,8.0,E,casa,1.47,Brusque,1.0,16.0,1
2024,Guarani,2024-07-21,8557.241016912802,338.6209656433197,131.9925769552873,6.618930796413179,42.09779582082235,1.2866961823641156,5.423454562166799,29.18000388095676,10.0,D,casa,1.91,Goiás,0.0,16.0,1
2024,Coritiba,2024-07-22,9984.761227513227,561.1647025279248,193.12099000587887,9.946853615520281,59.78763256907701,1.7977995296884184,6.4543921222810114,28.651722516166956,10.0,D,fora,0.74,Santos,0.0,16.0,1
2024,Santos,2024-07-22,9735.863446657535,550.3067865403184,195.22504535962096,9.801465542406754,59.71869254260884,1.312665214559989,6.365206700648957,28.10778299238767,10.0,V,casa,2.91,Coritiba,3.0,17.0,1
2024,Novorizontino,2024-07-23,9839.967701927102,484.9442666342557,181.0947726505422,8.872628124620185,53.841628516252754,0.8509060216883415,6.56379870086024,29.80107091250388,8.0,E,fora,0.09,Operário-PR,1.0,16.0,1
2024,Avaí,2024-07-23,9868.639890450642,475.77743454935626,205.4922550429185,8.305685407725322,53.399727575107285,1.6406034334763948,8.112021673819742,29.599997854077255,10.0,E,fora,0.82,Mirassol,1.0,17.0,1
2024,Chapecoense,2024-07-23,10094.51874015639,555.5205457061795,172.63396456992595,10.836727977302608,65.14255055013494,1.36985094457131,5.730451041450419,28.516623071067745,8.0,E,casa,1.43,Sport,1.0,16.0,1
2024,Mirassol,2024-07-23,9975.301155899335,528.2677066008159,202.63431116921473,8.499017322148383,54.68908801491327,1.8522290009804991,6.318622943675782,29.429582016922687,9.0,E,casa,1.16,Avaí,1.0,17.0,1
2024,Operário-PR,2024-07-23,9811.237479203932,495.9052343544775,165.71380095818273,8.219950589795229,55.840157862477014,1.0141633413807338,6.755966125864679,29.213453335501548,9.0,E,casa,0.45,Novorizontino,1.0,15.0,1
2024,Sport,2024-07-23,9926.619857524998,547.8235280070721,144.55096850854738,8.989479122418286,61.06153726048471,1.447440386668657,4.237694683305971,27.8294306740296,10.0,E,fora,0.67,Chapecoense,1.0,15.0,1
2024,América-MG,2024-07-24,9594.751822402939,567.0895257082897,193.12393415529905,9.563146642182582,58.549476390346285,0.9444018887722979,6.6113853620146905,28.568084994753413,8.0,E,fora,0.57,Ituano,1.0,17.0,1
2024,Vila Nova,2024-07-24,9502.386792971083,525.0440725417184,194.6676250402243,11.791502091665514,63.924246655633695,1.4475498781777223,7.757981542775708,29.071925711396123,10.0,D,fora,1.65,Ponte Preta,0.0,17.0,1
2024,Ponte Preta,2024-07-24,9552.945650160149,482.70838663962945,149.1162559623937,7.984487406963614,52.57380464087378,1.866039242343941,7.154646173698643,27.898320160379747,9.0,V,casa,0.61,Vila Nova,3.0,17.0,1
2024,Ituano,2024-07-24,9532.096337616133,582.0179235739774,195.67846922920305,9.355154041513519,59.59950545976703,0.5785416688991524,7.232981386427203,28.96790471393821,10.0,E,casa,1.56,América-MG,1.0,17.0,1
2024,Paysandu,2024-07-25,9743.302115524624,604.4812310122286,206.67669912017666,10.439799972852578,65.52379533311121,1.7768784165648637,6.883603696985401,29.016958501462256,9.0,D,fora,1.07,Brusque,0.0,16.0,1
2024,Brusque,2024-07-25,9350.884380169384,477.50832375811007,170.38770182259424,9.694382150463078,56.49904710019315,1.6715588628596898,6.016578797484029,28.123820018820265,9.0,V,casa,1.92,Paysandu,3.0,16.0,1
2024,Guarani,2024-07-25,8665.446706370652,398.8431577638946,129.38043969822087,7.491293586112972,49.222175144296244,1.556612767245293,6.713713223372748,28.5167934888346,10.0,E,fora,0.76,Amazonas,1.0,17.0,1
2024,Amazonas,2024-07-25,8546.579407291776,383.1433147668547,150.4906623620818,7.875833540284527,46.40432031314672,0.9582927117702013,6.919491727865092,28.709528033017584,9.0,E,casa,1.1,Guarani,1.0,17.0,1
2024,Goiás,2024-07-26,9801.923248134895,517.1751943955845,187.8946498453327,9.716959665190759,61.6855154970583,2.4024052890155887,7.861396008976771,29.28141930005459,10.0,E,casa,0.7,CRB,1.0,16.0,1
2024,Ceará,2024-07-26,9046.030971846356,397.5636465517242,145.5508718900044,8.249270405936272,50.67771126145789,1.669143387167176,7.267587516368398,28.731778699257962,10.0,V,casa,1.21,Botafogo-SP,3.0,16.0,1
2024,Botafogo-SP,2024-07-26,9008.995179665486,431.58062055683376,128.89143073184604,7.212351420520642,49.672363699816465,0.8137553964273713,6.0493272238451,28.577062275418143,8.0,D,fora,0.89,Ceará,0.0,17.0,1
2024,CRB,2024-07-26,9666.456498403648,451.8410223489168,151.47012850627138,7.901550171037629,54.082662371721774,1.3334418472063854,6.054831470923603,28.05192588369441,10.0,E,fora,0.31,Goiás,1.0,16.0,1
2024,Vila Nova,2024-07-27,9380.711890572475,531.7913471425746,184.19620105793945,9.344286755981807,56.838224367213755,0.7783018588095709,6.449220634763694,28.642500494364246,9.0,E,fora,0.57,Ituano,1.0,18.0,1
2024,Mirassol,2024-07-27,9800.76962814959,434.0828777550175,143.55202995399443,7.456203140915856,51.47691113424449,1.3099766054378366,4.734542798616475,29.53592240616989,10.0,V,casa,0.82,Operário-PR,3.0,18.0,1
2024,Sport,2024-07-27,8751.32511132255,394.28676117982866,157.84753060577228,7.517521091024421,45.574781477957494,1.9033453853472881,6.472504281636536,29.467205835712015,10.0,V,casa,1.32,Ponte Preta,3.0,16.0,1
2024,Ponte Preta,2024-07-27,8943.745289209404,402.2019336253737,125.69202103882947,6.796933377040061,44.7873809736667,1.162122060970885,5.633578885677107,28.153549681636225,10.0,D,fora,1.41,Sport,0.0,18.0,1
2024,Coritiba,2024-07-27,9714.193018861815,514.9837897360641,209.85694412672376,10.29457550121933,58.850533051341266,2.0397730755120094,7.088980188618167,29.549857565228645,10.0,V,casa,1.22,Chapecoense,3.0,17.0,1
2024,Ituano,2024-07-27,9815.882274158754,535.2962686446641,152.92627706576536,8.409822118656777,55.54523134956798,1.3494886199776208,6.852521946774026,28.47243531325343,10.0,E,casa,0.41,Vila Nova,1.0,18.0,1
2024,Chapecoense,2024-07-27,9650.017670376106,526.485688407102,172.64992136949138,8.534797421399503,54.77702200453777,1.4046085881321955,6.050930240933484,29.309656546740136,9.0,D,fora,0.5,Coritiba,0.0,17.0,1
2024,Operário-PR,2024-07-27,9790.25117634142,511.85964801467355,154.3856042522411,8.488306982872201,56.84773205197758,1.1624544679531894,5.5808797695626335,28.67860575060064,9.0,D,fora,0.53,Mirassol,0.0,16.0,1
2024,América-MG,2024-07-28,10362.149692541127,648.4440752275995,207.28417680881648,11.066862162593836,66.26752643347707,2.1561159559175853,6.324392429324389,29.37166107650535,7.0,E,casa,1.49,Ceará,1.0,18.0,1
2024,Guarani,2024-07-28,9358.047609326917,478.41360637975123,178.55219921553328,9.265140098816797,57.43735415854027,1.3664642655918173,6.241050578598361,29.4955640792268,10.0,V,casa,2.46,Brusque,3.0,18.0,1
2024,Brusque,2024-07-28,9293.80672766983,486.9309258924537,143.28623407139628,7.863599939749961,49.34140924838078,2.0327541798463624,6.10193417683386,28.99370989606868,7.0,D,fora,0.09,Guarani,0.0,17.0,1
2024,CRB,2024-07-28,8704.824184304822,414.48460030344455,197.55748356342744,8.230494980254592,49.778328688409935,1.8400529413663609,6.196573230176579,30.062708618036655,10.0,E,casa,0.25,Santos,1.0,17.0,1
2024,Ceará,2024-07-28,9844.049435217954,427.3165834068098,133.16402534030658,8.913223581703768,54.6779471694467,1.5226702740569857,5.652062734772264,29.10895123983912,9.0,E,fora,2.93,América-MG,1.0,17.0,1
2024,Santos,2024-07-28,9136.46946753292,508.5587821231634,212.66226986347297,8.739461868374509,50.253353987722974,1.2487444366091351,5.721355675525705,29.594321584222516,9.0,E,fora,0.93,CRB,1.0,18.0,1
2024,Novorizontino,2024-07-29,8878.922634125885,457.5975886913788,160.95342721338625,8.225806153283653,51.684191158284136,0.6778319407254466,5.902756718392103,29.42205159639105,10.0,V,fora,1.47,Paysandu,3.0,17.0,1
2024,Paysandu,2024-07-29,8948.733886870677,494.40185087125184,173.63896291279275,8.958575416127907,52.27616854462985,1.3853824682388196,6.003384643802723,29.32176384869569,10.0,D,casa,1.27,Novorizontino,0.0,17.0,1
2024,Botafogo-SP,2024-07-31,9091.783264094955,425.66483073941737,166.56133591715619,8.391996003149032,48.07288863319809,1.4178804578211104,4.251080360927753,29.43113304669048,9.0,E,fora,0.58,Avaí,1.0,18.0,1
2024,Avaí,2024-07-31,9381.399081910418,540.3867807603642,173.95716953854574,7.969351775876217,54.27402961747354,0.82031597181521,4.92404264186822,29.136239075788954,8.0,E,casa,2.15,Botafogo-SP,1.0,18.0,1
2024,América-MG,2024-08-02,9801.288562721247,567.6185975885656,249.7342011125602,11.856038700061218,67.43386095658884,2.155338159750871,6.229479119533683,30.208474621383512,8.0,E,fora,0.79,Brusque,1.0,19.0,1
2024,Brusque,2024-08-02,9648.297374262529,564.2472106060264,231.41635830375913,11.086162096792425,64.59475044643865,0.9142141549311694,5.3924123510929265,29.55825515947467,10.0,E,casa,1.68,América-MG,1.0,18.0,1
2024,Botafogo-SP,2024-08-03,9358.119210538522,523.4924995361565,167.4024036365323,9.391482211605362,59.17470569135859,0.9379240688343614,6.366159144672758,28.99802518669697,10.0,V,casa,1.39,Coritiba,3.0,19.0,1
2024,Sport,2024-08-03,9278.881124593194,448.2644489533528,134.5179746072562,7.353649805134798,52.19023182932219,1.8091498252239944,6.629508618265097,28.245992205391936,8.0,E,fora,1.2,Santos,1.0,17.0,1
2024,Santos,2024-08-03,9467.855016799618,488.984399223966,158.40956754530475,8.486107257435185,56.08794957946761,1.1719472383594902,7.120635459117315,28.788514480187292,10.0,E,casa,1.14,Sport,1.0,19.0,1
2024,Coritiba,2024-08-03,9573.314063665666,534.9573330194715,193.0607548376972,10.86211180724055,65.62075688987072,0.9770576660751579,6.735880322070522,28.710350197370808,9.0,D,fora,0.63,Botafogo-SP,0.0,18.0,1
2024,Operário-PR,2024-08-04,9758.053942879635,493.6165014870539,149.84149478073243,7.8729003382318625,55.76691101003032,0.9177516328434802,6.690125379052949,29.05422935619314,8.0,V,casa,0.79,CRB,3.0,17.0,1
2024,Ituano,2024-08-04,9220.735866881374,427.8076554260996,121.479484228474,6.392947807142181,47.45512440402893,0.8522236430804206,4.404648890151875,28.15671750181554,7.0,D,fora,0.03,Amazonas,0.0,19.0,1
2024,Avaí,2024-08-04,9547.617536093003,455.17078187847534,125.62457867329056,6.582030412689607,47.4342069626398,1.362384723045304,5.447645790515579,27.705294481080337,9.0,D,fora,0.78,Ponte Preta,0.0,19.0,1
2024,CRB,2024-08-04,9685.751841801693,465.6004758017285,101.42521713667098,7.824897687543259,46.32221520222904,0.957593128294319,5.908826734342556,28.410076845262388,6.0,D,fora,0.18,Operário-PR,0.0,18.0,1
2024,Amazonas,2024-08-04,8618.067690118032,349.9877458581961,110.19510010600159,5.038453925036623,39.76857636283512,0.7513276402139089,5.467914150617548,27.73117042436369,9.0,V,casa,1.85,Ituano,3.0,18.0,1
2024,Ponte Preta,2024-08-04,9717.302211303548,488.3320229111245,199.94623486617084,9.967837559042296,57.07108746403171,1.3675796731635812,5.472491449047181,29.418214886801675,10.0,V,casa,1.41,Avaí,3.0,19.0,1
2024,Goiás,2024-08-04,9746.64493999111,475.6689420654912,126.41987035116314,6.666057193658319,50.541885464513264,1.0679241369091717,5.868839087272188,28.573862794488072,7.0,D,fora,0.42,Novorizontino,0.0,17.0,1
2024,Novorizontino,2024-08-04,10529.529540684984,545.4648076277351,142.03195674072415,7.933840449941238,57.667921400190274,1.5100660361519949,5.540780541720297,28.221955621467345,8.0,V,casa,0.76,Goiás,3.0,18.0,1
2024,Mirassol,2024-08-05,9183.979677747326,476.118998541243,154.4627802581558,7.956817147025021,51.22248110246664,1.0923121297851648,4.87409490761206,28.284957121386263,10.0,V,fora,0.43,Chapecoense,3.0,19.0,1
2024,Chapecoense,2024-08-05,9669.226318146788,541.417823323765,185.96989958785224,10.454122259329171,61.520665356133634,1.3064788732394366,5.52893299527538,28.620163965553825,10.0,D,casa,2.24,Mirassol,0.0,18.0,1
2024,Paysandu,2024-08-06,8840.311532395495,526.3854374533587,171.31804134505072,9.122029048462368,57.039203729074075,1.9043387799200275,7.218184582484044,28.487720118956126,10.0,E,fora,1.09,Vila Nova,1.0,18.0,1
2024,Vila Nova,2024-08-06,8591.38390022164,459.8959750041044,162.90178542111312,8.220190239697915,50.88371798555246,0.8314736906911837,6.279915038581514,29.45266068790018,10.0,E,casa,1.8,Paysandu,1.0,19.0,1
2024,Guarani,2024-08-07,8922.572555867408,390.75849173949103,158.44567179094636,7.55841987199932,49.275661584912086,0.66967680891327,6.41020688482065,29.835513810040183,10.0,D,fora,1.11,Ceará,0.0,19.0,1
2024,Ceará,2024-08-07,8836.296478849368,354.1658924616983,155.9834967460568,7.22040052876576,44.23331371175486,1.4223361730013107,6.201982419668277,29.58075202241605,10.0,V,casa,0.63,Guarani,3.0,18.0,1
2024,Avaí,2024-08-09,10224.083107338405,505.47028956748613,160.0742270238489,7.938423547569177,57.54859993385514,1.2111248300444641,6.8349858523499805,28.218094293168708,9.0,V,casa,1.25,Operário-PR,3.0,20.0,2
2024,Santos,2024-08-09,9609.460417964694,455.8223108420656,147.94124681393373,8.17712062210894,52.57040557443596,1.167932951005381,6.691137543660908,28.624025299726238,9.0,V,fora,1.79,Paysandu,3.0,20.0,2
2024,Operário-PR,2024-08-09,9910.172244936564,470.5513359423956,133.54865317994253,6.491375433037349,51.823545881267954,1.1698890951440697,6.810218735590054,28.59945729926575,10.0,D,fora,0.54,Avaí,0.0,18.0,1
2024,Paysandu,2024-08-09,9818.548182189592,506.06560050893563,125.33541549451961,6.828120907212646,51.058035462069135,0.6289014696097771,5.463176528265767,26.96973934562094,9.0,D,casa,0.65,Santos,0.0,19.0,1
2024,Sport,2024-08-10,9305.700925861587,489.9255139254692,174.10153544410198,9.179640683664893,59.20984656766601,1.9166187727654804,6.4570648360885405,28.898996917904174,10.0,V,casa,1.44,Amazonas,3.0,18.0,1
2024,Brusque,2024-08-10,9986.853044561822,529.6011750483559,160.57596748995684,9.484776818925756,55.01304233001042,1.3391266180627883,5.245471284035115,28.00556464811784,9.0,D,fora,0.22,Mirassol,0.0,19.0,1
2024,Chapecoense,2024-08-10,9859.243175865346,565.0994370796429,184.4815031451585,8.971128017690802,56.50953699141813,0.20629031703656173,5.980438603526703,28.532387685186247,10.0,D,fora,0.57,Ituano,0.0,19.0,1
2024,Botafogo-SP,2024-08-10,9544.761206649471,461.31414656589885,162.09896034152447,9.773312516027818,55.117803170867845,1.086639966209591,5.294361828905886,28.809020832390523,7.0,D,fora,1.53,América-MG,0.0,20.0,2
2024,Amazonas,2024-08-10,9088.600045020848,459.19021602332907,189.36501560381654,8.63408513033024,56.63783465070474,1.3807396464840256,6.793050929833986,29.46599774895762,8.0,D,fora,2.28,Sport,0.0,19.0,1
2024,Mirassol,2024-08-10,10403.90053547894,541.0295489129833,183.7997293256399,9.567924423820232,58.50764843343338,0.6986027709789242,5.2833041321032645,29.347849777945136,10.0,V,casa,1.38,Brusque,3.0,20.0,2
2024,Ituano,2024-08-10,9909.128496851561,528.3999404681534,187.47447716309267,8.173861100541309,56.34123543924683,0.6618816973327277,6.296160380021848,28.66181246854631,9.0,V,casa,0.81,Chapecoense,3.0,20.0,2
2024,América-MG,2024-08-10,10550.259746753567,642.8856102293645,186.1607259067615,10.184213144932581,64.36758992984724,1.7902258818846706,5.485726155530124,29.571227424249955,9.0,V,casa,1.99,Botafogo-SP,3.0,20.0,2
2024,Novorizontino,2024-08-11,9400.364221034872,527.9819660585905,241.10321037315992,10.452290067002494,60.85419963808872,0.9898836015063336,6.70995023719861,30.556331002103004,9.0,V,fora,0.42,CRB,3.0,19.0,1
2024,CRB,2024-08-11,8901.95048402193,450.9688143468379,180.20422204394532,8.522712706689845,53.65006518251105,1.3032498774345949,7.52254702054642,29.78946606052503,10.0,D,casa,0.33,Novorizontino,0.0,19.0,1
2024,Ponte Preta,2024-08-11,9304.169134542803,429.73525026679505,137.03437257606913,6.32691012259559,45.21089148598349,1.2875582394127905,5.154746089174627,28.469033551107525,8.0,E,fora,1.61,Coritiba,1.0,20.0,2
2024,Coritiba,2024-08-11,9685.611751211829,493.61514687348523,149.85129714008727,8.506795322346099,59.0030784052351,1.3091251817741154,6.5431280901599616,29.24759452253999,9.0,E,casa,1.38,Ponte Preta,1.0,19.0,1
2024,Guarani,2024-08-12,9474.954532674086,435.35192967564643,150.5932364269117,7.925621916412907,52.425789875754646,1.1461869091449246,7.9258520514806525,29.206550732633772,10.0,V,casa,2.47,Vila Nova,3.0,20.0,2
2024,Vila Nova,2024-08-12,9028.524148033497,421.00868992012386,139.04991708355215,6.964523645007048,48.00861197866284,0.9947060611923386,7.340823360327243,28.065144689201514,8.0,D,fora,0.35,Guarani,0.0,20.0,2
2024,Ceará,2024-08-13,8564.75271248213,388.8209304713771,151.14225358919114,8.065487888367596,48.84003604292935,1.993590298612649,7.521025813986267,30.53081167066025,10.0,D,fora,0.94,Goiás,0.0,19.0,1
2024,Goiás,2024-08-13,8849.537096909591,437.01906016525356,152.94095038795018,8.635035317255687,52.457108182330586,2.591245637809251,7.770126398599301,29.777979781021028,9.0,V,casa,2.99,Ceará,3.0,18.0,1
2024,Ituano,2024-08-16,10023.135760039773,512.5628791912943,133.63603347511463,8.64971717394907,57.966609954151245,0.7965049991714079,6.064658675357674,28.517576092360382,10.0,V,fora,0.71,Operário-PR,3.0,21.0,2
2024,Ponte Preta,2024-08-16,9055.15851619939,405.97547144147,128.74673796038977,6.225445644399104,44.53464253467948,0.9491413093186057,5.488770183276463,28.111342503019433,9.0,E,casa,1.52,Goiás,1.0,21.0,2
2024,Operário-PR,2024-08-16,10042.386130074245,479.1411095844181,139.5012631375952,8.134382653553176,52.60986874457623,1.4107994648539193,6.943117828560408,29.036826246263615,9.0,D,casa,1.02,Ituano,0.0,19.0,1
2024,Goiás,2024-08-16,9314.776185334718,502.573760526906,190.9542935502946,8.718500438408677,53.589178748394204,0.9174778246773106,6.055263554984603,29.478060194531103,10.0,E,fora,1.49,Ponte Preta,1.0,19.0,1
2024,Novorizontino,2024-08-17,10076.061633502955,566.4251180908932,183.8253050242733,10.739950634614262,63.27515622623853,1.0541834239925134,5.6856528045856,28.91533602386384,9.0,E,casa,0.34,América-MG,1.0,20.0,2
2024,Sport,2024-08-17,9331.6947359864,451.1537505080738,165.27686312185148,9.088429713384818,56.20181637906613,1.2192240328123267,7.094446784662947,29.109408910074023,9.0,D,fora,0.71,Vila Nova,0.0,19.0,1
2024,América-MG,2024-08-17,10069.048114288218,622.4278728111004,173.57032196948956,9.167569677920998,60.61500082135074,0.5915414015529005,5.714918686276873,28.70000876107455,10.0,E,fora,0.22,Novorizontino,1.0,21.0,2
2024,Santos,2024-08-17,9100.960227557624,426.6663467684559,121.14963037414313,6.9124849518345775,49.395279449796156,1.1195663417994557,5.591678053958825,28.1617680606218,10.0,D,casa,2.14,Avaí,0.0,21.0,2
2024,Avaí,2024-08-17,9455.043263565562,424.0642047955642,119.13278591382377,7.332420955726742,52.37799267755862,1.1425544950478286,7.143524083636671,28.31499513248116,10.0,V,fora,1.0,Santos,3.0,21.0,2
2024,Ceará,2024-08-17,8746.830711515953,386.9139104371278,156.72602086407815,9.251395043509234,52.943826675487244,1.9236085695384455,6.321163299577629,28.425257747697316,10.0,D,casa,2.21,Mirassol,0.0,20.0,2
2024,Vila Nova,2024-08-17,9229.194239579872,437.40743609090623,166.8702364208895,9.777630861477478,60.302492278594336,1.4481503838066776,7.2426322196400355,29.684640690550204,10.0,V,casa,1.98,Sport,3.0,21.0,2
2024,Mirassol,2024-08-17,8884.266538204229,374.0236308715308,108.1923234739595,6.110565004966855,41.78183550590954,0.8214998884991992,4.924735033551605,27.90187321345308,10.0,V,fora,1.22,Ceará,3.0,21.0,2
2024,Amazonas,2024-08-17,8689.322064632779,392.0863132538393,138.21362964319226,7.311551049367175,48.714114045728145,1.2366890577438032,6.797615407502345,28.696600141899157,10.0,V,casa,2.63,CRB,3.0,20.0,2
2024,CRB,2024-08-17,9437.064546308966,495.0697590910976,146.6588019515971,7.836834045141049,47.392786278005836,1.4916856712415862,5.970208151926029,28.911719257508537,8.0,D,fora,0.11,Amazonas,0.0,20.0,2
2024,Guarani,2024-08-17,9836.830520814801,370.16284580145884,138.79934953744885,7.0059168742216675,47.03395859277708,0.9004125155666249,4.604415806795942,28.547796210638673,10.0,V,fora,2.19,Chapecoense,3.0,21.0,2
2024,Chapecoense,2024-08-17,9918.107312124386,436.66446600871143,95.89316452555548,4.219265313999007,41.6818453989083,0.49645310690852956,4.341571097755969,27.17196338975575,8.0,D,casa,1.85,Guarani,0.0,20.0,2
2024,Coritiba,2024-08-18,9761.269702950744,514.5945834762455,171.65563842723958,9.539842640807377,59.963092721357825,1.5892206874330914,7.949518672112918,29.320915053059355,10.0,V,fora,1.08,Brusque,3.0,20.0,2
2024,Paysandu,2024-08-18,9371.461477340008,461.52537730771303,125.70835015339902,7.63048751278325,53.041720894558374,1.6973101350987676,7.509195597179611,27.73457936379784,8.0,E,fora,0.51,Botafogo-SP,1.0,20.0,2
2024,Brusque,2024-08-18,9358.047651929126,473.53091836396743,164.23411988739858,9.14197659656676,55.6401590771099,1.7873551912568304,5.364138212728376,28.856383507203176,10.0,D,casa,0.74,Coritiba,0.0,20.0,2
2024,Botafogo-SP,2024-08-18,9046.847191136716,448.99802193902576,145.78356963187943,8.17233897986661,50.72267704125831,0.9395345002139629,7.5157546628257705,28.95756228408012,10.0,E,casa,0.83,Paysandu,1.0,21.0,2
2024,Ituano,2024-08-20,9397.530183656625,525.8736726980472,164.11717542411537,8.112541651280493,55.130940873645116,1.5640053652496906,6.548392597258727,28.44022416751743,10.0,D,fora,0.19,Novorizontino,0.0,22.0,2
2024,Novorizontino,2024-08-20,9414.300029050062,506.13305800329226,184.43374189019073,8.604259223394983,55.45253207611117,0.9800666941028372,6.100530042606758,29.72386704754527,9.0,V,casa,0.88,Ituano,3.0,21.0,2
2024,Amazonas,2024-08-21,8626.529834240657,382.18196921612184,135.33898310670602,7.470113761199132,49.433991895124876,1.7576871811146644,7.579488929033518,28.261317530454317,9.0,V,casa,1.61,Ponte Preta,3.0,21.0,2
2024,CRB,2024-08-21,9504.664650201885,467.18989232839834,153.2268211305518,8.237423014804845,53.90189273216689,1.2105554508748317,7.630765948855989,28.816889636608344,9.0,D,casa,1.14,Ceará,0.0,21.0,2
2024,Santos,2024-08-21,10720.551525309102,702.7583619747862,46.66513135762221,10.45515979676418,61.80117727643193,1.560746007248513,7.646500771671841,28.638522898711567,6.0,E,fora,0.31,Guarani,1.0,22.0,2
2024,Mirassol,2024-08-21,9228.057453292988,449.390831777506,154.35347505311273,7.299497843301358,49.13624103521535,1.2749359428313911,5.097092126440481,28.959589261572134,8.0,D,casa,1.43,Botafogo-SP,0.0,22.0,2
2024,América-MG,2024-08-21,9736.343821343007,519.5722795536998,160.29396207817098,9.980992401944007,60.37231761243069,0.8618232596344719,6.405806694503387,29.00836744472585,8.0,E,casa,2.22,Chapecoense,1.0,22.0,2
2024,Guarani,2024-08-21,9515.006103311542,409.52381138141675,216.04489132997534,8.777763155074481,55.7472759618476,1.640894223555889,6.653661236737756,28.912786410888437,10.0,E,casa,0.78,Santos,1.0,22.0,2
2024,Ponte Preta,2024-08-21,8687.916500043533,329.44327595427916,83.17137324162636,5.374212882924342,38.618868173281435,0.22369124762129827,5.259223392743872,27.48647031753336,9.0,D,fora,1.25,Amazonas,0.0,22.0,2
2024,Vila Nova,2024-08-21,9337.218152402014,432.25610600898074,105.29476397319313,6.600318162330483,46.30304296319696,0.9149180901234288,6.397243608547511,27.938925243134687,10.0,V,fora,0.9,Operário-PR,3.0,22.0,2
2024,Botafogo-SP,2024-08-21,8963.657792076241,401.0373556802796,148.56204399102816,8.00165741573382,50.04754090566116,2.8828068053789777,6.604010770359804,28.42851974738235,10.0,V,fora,1.19,Mirassol,3.0,22.0,2
2024,Chapecoense,2024-08-21,9616.918066195272,474.063585922565,118.36055485178619,7.3597574682727975,53.6868972982933,1.4517207545431514,7.565959301656034,28.02638712946542,10.0,E,fora,1.78,América-MG,1.0,21.0,2
2024,Operário-PR,2024-08-21,9438.981981161123,511.02895084537,137.55207115664538,8.565058224163026,56.05357126861493,1.6390362221475758,8.062640101892285,28.24456527824432,8.0,D,casa,0.93,Vila Nova,0.0,20.0,2
2024,Ceará,2024-08-21,9384.962489907597,422.3640734054006,139.47624529021257,7.468442181752937,49.858684175114384,1.2116762357584998,6.459449964115905,28.619783349780207,10.0,V,fora,1.7,CRB,3.0,21.0,2
2024,Goiás,2024-08-22,9389.651687504906,514.3863555321319,187.5074177777279,9.689592729229975,59.642232700523664,1.8175957344217808,9.082741676852175,28.657401406160638,10.0,V,casa,2.84,Brusque,3.0,20.0,2
2024,Avaí,2024-08-22,9372.799463872529,452.70530079932684,152.75363601703827,8.400704143878839,52.88893721076988,1.7747962242322255,6.509186211611275,28.143270140933947,8.0,V,casa,0.88,Paysandu,3.0,22.0,2
2024,Paysandu,2024-08-22,9472.931404204257,524.5133312069016,159.66125474649894,8.747780613019835,55.91089568334396,1.3673518332877665,7.656787113824842,28.072160454448795,7.0,D,fora,0.39,Avaí,0.0,21.0,2
2024,Brusque,2024-08-22,9178.389376985842,439.572097303068,127.30842340052364,7.089871889377494,48.268309143133116,1.486175872499428,7.09216961948095,28.775670420172343,9.0,D,fora,0.44,Goiás,0.0,21.0,2
2024,Sport,2024-08-23,9611.398661227262,517.6416629998869,153.99039198923856,9.052275121632325,58.269331933671104,1.3572074224004627,6.790194737437613,28.376356184705127,9.0,D,casa,0.82,Coritiba,0.0,20.0,2
2024,Coritiba,2024-08-23,9563.48348758559,475.9488977918375,171.85533018377077,9.926622302233138,56.47356511061625,1.873224937043435,6.462927012008575,29.03728277383505,10.0,V,fora,1.08,Sport,3.0,21.0,2
2024,Operário-PR,2024-08-24,9540.040277973534,453.13626352114727,174.06649126928198,8.356422810608857,52.95470105260804,1.409647415461369,7.047853395527813,28.491045560813,10.0,V,fora,1.32,Ponte Preta,3.0,21.0,2
2024,Amazonas,2024-08-24,8957.579712545948,430.98295056140444,144.1488609367576,7.20190564905349,50.300137287754126,1.8009663907574585,9.115527770136787,28.71021280852234,9.0,E,fora,0.73,Santos,1.0,22.0,2
2024,Santos,2024-08-24,9390.898050338865,476.39585189316324,157.77973557546585,9.276649652647274,58.376412628362885,2.0730282125580435,8.620963494623002,28.722668250869894,10.0,E,casa,0.59,Amazonas,1.0,23.0,2
2024,Ponte Preta,2024-08-24,9486.788142834112,459.6379220883905,167.99871225904513,9.01665714746321,54.71987759379102,0.829245411206559,6.3210392436839316,28.776246516662443,10.0,D,casa,0.22,Operário-PR,0.0,23.0,2
2024,Ituano,2024-08-24,9792.011347313866,448.6261152849459,131.12037673395616,6.271512815487469,46.74286753337254,0.6860630212756692,4.409623701574443,28.25262298294898,10.0,V,casa,1.58,Goiás,3.0,23.0,2
2024,Goiás,2024-08-24,9475.38791661455,484.9361528733236,157.4778051560003,7.504862761448128,50.91003807935515,1.250690848446946,6.628697519282885,28.88488221805295,8.0,D,fora,1.2,Ituano,0.0,21.0,2
2024,Vila Nova,2024-08-25,9425.557065212577,441.8357579716563,169.49907052701505,8.570116474756421,54.20792759078831,1.1956713906111605,6.975640721877768,29.427015057573072,10.0,V,casa,1.32,América-MG,3.0,23.0,2
2024,Chapecoense,2024-08-25,9607.304988361684,559.3913840644584,171.02898119964192,9.563409131602505,60.483292748433314,1.07311369740376,5.801658012533573,28.427681289167413,9.0,E,casa,1.24,CRB,1.0,22.0,2
2024,CRB,2024-08-25,9263.314320986352,473.49694784288477,161.982343006133,7.791275057266212,51.68244930488848,1.6157867902420486,5.794183969683214,28.09211256900974,10.0,E,fora,0.8,Chapecoense,1.0,22.0,2
2024,América-MG,2024-08-25,10062.435600156672,563.6183842882722,188.24078245299913,9.367514435989259,60.3310139883617,0.8069224485228291,7.050412376902418,29.086596911369746,10.0,D,fora,0.86,Vila Nova,0.0,23.0,2
2024,Mirassol,2024-08-26,8739.453391987556,344.4249819641085,96.37667485796734,5.6812383893948954,37.535912503381724,0.1009189286680494,5.274982527730182,27.62390544683921,10.0,E,fora,0.15,Paysandu,1.0,23.0,2
2024,Paysandu,2024-08-26,9302.713634949649,460.9149645212929,122.09979212315939,6.54032844767884,47.40937625594624,1.0194700332648359,6.131774843609859,27.430398156242553,9.0,E,casa,0.7,Mirassol,1.0,22.0,2
2024,Ceará,2024-08-27,8888.562204795897,416.2172527435115,177.62072846329312,9.805234290772495,53.82918460682956,1.8380736974704088,5.207736759081675,29.912492481586984,9.0,V,casa,1.56,Novorizontino,3.0,22.0,2
2024,Novorizontino,2024-08-27,9365.52786942958,452.74454743386985,151.69667594618602,9.066188608938669,54.78941094911068,0.7795962867479798,5.460381290755865,29.068835979982236,10.0,D,fora,0.36,Ceará,0.0,22.0,2
2024,Coritiba,2024-08-28,10312.856221660597,587.8732397447199,228.99555521338846,12.617214110501113,69.76884104448293,1.9131826146053459,7.072903760180948,29.66501470728781,10.0,V,casa,1.03,Avaí,3.0,22.0,2
2024,Avaí,2024-08-28,10001.102144944134,534.8750887055303,190.17944369127204,9.468093707634052,59.22115889860221,1.5779103361226685,7.363376069374971,28.652075639287553,10.0,D,fora,1.33,Coritiba,0.0,23.0,2
2024,Brusque,2024-08-28,10157.508704307875,546.4114585968883,185.168008300597,9.08985562731651,60.5238299265375,1.0984045764254167,6.792502163925694,29.111003839580974,10.0,V,casa,0.79,Sport,3.0,22.0,2
2024,Sport,2024-08-28,9852.689905944424,544.4543953372743,214.92463123584332,10.441981934699742,61.7799442019778,1.1195572067841557,7.45897602342412,29.34321446328932,8.0,D,fora,1.43,Brusque,0.0,21.0,2
2024,Novorizontino,2024-08-31,9592.085639485838,606.0063321419058,225.28099180801,11.387034566201937,65.73570630938639,1.398541870171388,6.993100523932156,29.341603765207356,10.0,V,casa,1.7,Vila Nova,3.0,23.0,2
2024,Ponte Preta,2024-08-31,9643.067372544921,390.422481456331,155.72439236836607,7.873984277058086,51.83024498537401,1.1752848150856665,5.758975658169661,28.64887301504388,8.0,E,fora,0.4,Santos,1.0,24.0,2
2024,Santos,2024-08-31,9454.148959422204,491.42559389127786,189.0480803837247,8.63502580218326,54.87886591685962,1.5879641636343582,6.74783812989304,29.133975079942655,10.0,E,casa,1.69,Ponte Preta,1.0,24.0,2
2024,Avaí,2024-08-31,9691.211431856791,458.31952761778473,171.54149162971862,7.925571520324865,53.88834272572825,1.2115133841627646,7.271962768822773,28.52149649857042,10.0,V,fora,0.71,CRB,3.0,24.0,2
2024,Vila Nova,2024-08-31,9287.488462008487,488.6229491371995,201.33587734087698,9.67522749646393,56.114324978783586,2.1375168316831683,6.823260990099008,29.808750212164075,10.0,D,fora,0.77,Novorizontino,0.0,24.0,2
2024,Botafogo-SP,2024-08-31,9638.141440948328,539.3387707994495,200.28309301889152,10.41341673964719,59.67783372951333,1.1261854122357065,5.489925247091206,29.427743025147002,7.0,E,fora,1.3,Chapecoense,1.0,23.0,2
2024,Chapecoense,2024-08-31,9819.650464467199,566.2795253697385,193.0357447098977,10.511170269245357,60.47871368979903,2.5942317785362157,6.692360106181268,28.998915434205543,7.0,E,casa,0.68,Botafogo-SP,1.0,23.0,2
2024,CRB,2024-08-31,9633.518415280912,495.40911508113305,164.2754831337942,6.985778633743911,49.7977675093781,1.0355189214826739,5.434829469508602,28.61893154346983,7.0,D,casa,2.14,Avaí,0.0,23.0,2
2024,Ceará,2024-09-01,8951.334289978175,369.0736922078688,90.25140281955996,5.839044534890579,41.62260296112782,0.637592520497847,5.840146994632218,27.373397038872177,9.0,E,fora,1.21,Amazonas,1.0,23.0,2
2024,Goiás,2024-09-01,9625.095190761176,533.7283509444549,202.83241397045072,9.539717131101554,57.79201327847391,2.1053712362072194,6.453376659809239,29.501327847391067,7.0,E,casa,1.56,Paysandu,1.0,22.0,2
2024,Paysandu,2024-09-01,9862.928163459515,536.9016507507939,137.83667880182801,7.4704451649312285,54.97410928284516,0.9962022108862356,5.875545363003618,27.99856369853161,10.0,E,fora,0.58,Goiás,1.0,23.0,2
2024,Amazonas,2024-09-01,8963.262345173347,379.10834139081004,131.53948958123502,6.446543790147497,45.0217674970344,1.3096279012511471,6.345458492804225,29.016746122339352,10.0,E,casa,0.85,Ceará,1.0,23.0,2
2024,Ituano,2024-09-02,9131.811882474549,449.53464989107727,132.53860378784512,7.502077535233184,50.91606988840972,1.8020999866625174,6.9996991286177925,28.566398435068685,10.0,D,fora,0.48,Sport,0.0,24.0,2
2024,Sport,2024-09-02,9189.225643102976,513.22827348501,189.22818475314472,10.14176945958842,61.673717702717795,2.0104226438847097,7.03523548462421,28.968090031370878,10.0,V,casa,3.46,Ituano,3.0,22.0,2
2024,Mirassol,2024-09-03,9927.916131085252,480.33854618855383,189.99666456898595,8.549741154120161,53.11046770363333,0.6408093089527428,4.487971265732605,29.506987651389217,9.0,V,casa,1.95,América-MG,3.0,24.0,2
2024,Operário-PR,2024-09-03,9494.496561739084,408.22115564633947,136.1142158162437,6.695513635625779,48.08957361614631,0.8512924084194577,6.329726340565986,29.33870191006981,8.0,E,casa,0.58,Brusque,1.0,22.0,2
2024,Brusque,2024-09-03,9456.385002362775,370.68450754843684,116.17503519287685,6.490172358047106,43.090879448852185,1.5661442037456166,6.82693088268212,28.677765065784566,9.0,E,fora,1.1,Operário-PR,1.0,23.0,2
2024,América-MG,2024-09-03,10343.380210798568,628.7184197477922,226.73771257420833,11.578791627021884,70.43290722450784,1.3264204446469492,6.271073424371156,29.540209860495036,8.0,D,fora,1.11,Mirassol,0.0,24.0,2
2024,CRB,2024-09-04,9698.310969355107,520.9859393738298,166.26466262176191,8.959563671699096,56.630566918683186,2.1303531391463038,7.146468845543099,28.62197994928069,9.0,D,fora,0.23,Vila Nova,0.0,24.0,2
2024,Coritiba,2024-09-04,9736.241381477927,517.4687609165067,181.16271545105565,9.175835412667947,57.54465067178502,2.052281190019194,6.693807221689058,29.022875479846448,9.0,D,fora,0.46,Guarani,0.0,23.0,2
2024,Guarani,2024-09-04,9882.919792795738,473.1463253073136,165.1844615956644,7.299626378826631,51.91727400763917,1.6223804265771296,7.908938402082183,28.452438790801434,10.0,V,casa,1.18,Coritiba,3.0,23.0,2
2024,Vila Nova,2024-09-04,9472.693367351845,477.8493455944224,152.43143755259047,8.654858156028368,54.41755463397043,1.1886467123452338,7.032278398846016,28.676908282245464,9.0,V,casa,1.37,CRB,3.0,25.0,2
2024,Paysandu,2024-09-06,9747.558797575273,512.9589412258327,172.01373745403956,8.448603133591705,52.46883003743085,0.7946967438470965,7.055670277253304,27.775306679033203,10.0,D,casa,1.24,Amazonas,0.0,24.0,2
2024,Amazonas,2024-09-06,9075.988754871254,411.61077318478493,193.21804384727568,8.822232529227533,52.39237478183947,1.1827389007100673,7.209348985105314,29.202627489420713,9.0,V,fora,0.99,Paysandu,3.0,24.0,2
2024,Avaí,2024-09-07,10032.861581417494,523.6331349476261,167.85190436675282,9.671739763297511,62.80852863555979,0.8581052917970344,7.712095769283091,29.353626717453405,8.0,D,casa,0.89,Sport,0.0,25.0,2
2024,Sport,2024-09-07,10214.62283967042,550.4629779646048,176.98356859369238,10.26213578990911,65.50177356423357,1.3098276074099748,6.639052176149005,28.221296410164676,10.0,V,fora,1.32,Avaí,3.0,23.0,2
2024,Brusque,2024-09-07,9719.658734639968,472.40304735960746,124.91944526993561,6.79061982593929,50.83778343828863,0.5305531970093633,6.260625250595532,29.21232104530767,10.0,D,casa,0.27,Santos,0.0,24.0,2
2024,Santos,2024-09-07,10410.26882148185,643.5779819327034,153.5285656666114,10.56581634344439,64.52037253439416,1.8636877728051273,6.4642948505442295,29.42505525167136,8.0,V,fora,0.68,Brusque,3.0,25.0,2
2024,Ituano,2024-09-07,9685.272465808477,448.9615579277865,155.64277211930926,7.121842511773941,51.992522448979585,0.6785268445839875,4.860535510204081,29.183486342229198,9.0,V,casa,1.86,Mirassol,3.0,25.0,2
2024,Mirassol,2024-09-07,10118.049178845273,474.5779200471853,125.98787810472511,6.725360377482142,47.421097188544465,0.5901724883675209,4.129383707975621,28.10878432400551,9.0,D,fora,1.26,Ituano,0.0,25.0,2
2024,Novorizontino,2024-09-08,9851.141066627471,528.9189966872816,162.90763711601298,8.546793786109195,54.94711216886949,1.0177805917668208,4.885589449048583,29.20890024534467,10.0,E,fora,0.73,Coritiba,1.0,24.0,2
2024,Coritiba,2024-09-08,9756.57021088344,457.1292604434899,178.5889798757643,9.006990517567518,55.35601566981121,1.098102537191394,6.3702964327992095,29.021120074199725,9.0,E,casa,1.93,Novorizontino,1.0,24.0,2
2024,América-MG,2024-09-08,10183.789777514665,531.929235347936,184.63865679995695,9.397735321026856,58.607148377374735,0.7733204886712233,5.911862440127011,29.189808944620854,10.0,V,casa,1.23,Guarani,3.0,25.0,2
2024,Operário-PR,2024-09-08,9066.507198295176,424.00001486257577,144.08798360745317,7.179775968526312,50.062230369925146,1.6729375443964813,5.901144746188734,28.997818698431782,10.0,D,fora,0.82,Ceará,0.0,23.0,2
2024,Ceará,2024-09-08,8913.248825681576,368.3852039097454,149.38336298187826,7.241776230378851,45.77115908286214,1.0615218394257697,5.1174695020546555,29.004010600517148,10.0,V,casa,1.17,Operário-PR,3.0,24.0,2
2024,Guarani,2024-09-08,9666.80253073236,423.3274208408871,173.66920679464576,7.71184369334691,49.842756227183536,0.7822032930190974,6.593660317381479,29.520007698611764,9.0,D,fora,0.2,América-MG,0.0,24.0,2
2024,Goiás,2024-09-09,9916.1010528723,626.4129978503476,221.04846082601537,11.523696944749359,67.40543027350895,1.441354166666667,6.689438917855837,29.335936928283935,10.0,D,fora,0.65,Botafogo-SP,0.0,23.0,2
2024,Botafogo-SP,2024-09-09,9814.558685464654,558.4664676149903,217.06349736443065,11.374236406960794,63.148187955809085,2.058406383132356,7.9082836305870465,29.885551303343206,9.0,V,casa,0.7,Goiás,3.0,24.0,2
2024,Ponte Preta,2024-09-10,9607.631916397415,458.96470947765215,139.94362237479805,7.511470920840064,53.19049569197631,1.5765842757135162,6.5443586429725356,28.72866316639741,8.0,D,casa,1.35,Chapecoense,0.0,25.0,2
2024,Chapecoense,2024-09-10,9521.493668894964,452.45494500779154,161.08495731610924,8.43489306443235,53.357386684432804,1.2206783125183496,7.520985004178053,28.78890444680323,10.0,V,fora,1.81,Ponte Preta,3.0,24.0,2
2024,CRB,2024-09-12,9400.21609662475,447.1381658945511,156.75678888153544,8.834972203838518,54.10564416501214,1.5886779174939338,8.139283035517318,27.917171850871387,10.0,E,casa,1.28,Sport,1.0,25.0,2
2024,Sport,2024-09-12,9434.99902012481,447.7932361289774,154.81239594739696,9.565733391450411,56.16478615396065,1.2426552416997119,7.079547324665383,28.165231812721263,10.0,E,fora,1.28,CRB,1.0,24.0,2
2024,Botafogo-SP,2024-09-13,9184.27915142357,436.8893276602513,159.4693866709082,9.018223636074438,54.10966565929696,1.0022206139653251,4.8651895975823125,29.432738985207564,7.0,D,fora,1.89,Novorizontino,0.0,25.0,2
2024,Novorizontino,2024-09-13,9832.078652323557,479.48551961053744,159.59342939028699,10.246361744729299,62.187773938989444,1.6482777799589075,6.005748890895528,28.982632536348525,9.0,V,casa,1.12,Botafogo-SP,3.0,25.0,2
2024,Paysandu,2024-09-14,9021.295906177007,414.36902738126133,144.2342869192837,6.656814041007008,43.21168816506619,1.0503196210744874,5.838378406436544,29.178071632494166,8.0,V,casa,1.56,Guarani,3.0,25.0,2
2024,Guarani,2024-09-14,8777.69346844873,360.97219142565,131.89994266725094,6.463276000584283,43.05352955497127,1.3153242769500435,6.026798373746227,29.27346017138962,9.0,D,fora,1.85,Paysandu,0.0,25.0,2
2024,Goiás,2024-09-14,9100.062707881998,430.8832838535398,155.8643647864345,8.306411377677927,49.34772446441467,1.2043480702880527,6.136782476129343,28.92440289924844,8.0,V,casa,1.01,Avaí,3.0,24.0,2
2024,Brusque,2024-09-14,9897.1376407633,471.257085378144,137.7299937560249,8.381077469108755,54.027717115064426,1.6767900490754537,6.8040251730786085,28.03194505301902,10.0,V,casa,0.74,Vila Nova,3.0,25.0,2
2024,Avaí,2024-09-14,9323.332931298746,420.9234026449644,131.11091529331978,7.691961342828078,47.243075618853844,0.48840013563919976,6.224971854866057,28.5579016615802,8.0,D,fora,0.45,Goiás,0.0,26.0,2
2024,Ponte Preta,2024-09-14,9571.204679371787,477.91705903837624,162.829103728053,10.329783204195039,56.58577678641308,1.5260280190968147,7.160417155826876,28.434023375335887,9.0,D,casa,0.76,Ituano,0.0,26.0,2
2024,Vila Nova,2024-09-14,9680.168035825662,463.9872754035377,170.41795823665893,8.645217673327846,54.89615073722027,1.9094698500611231,7.52089763740239,29.03904398373375,9.0,D,fora,0.63,Brusque,0.0,26.0,2
2024,Mirassol,2024-09-14,10260.651850665474,556.2245454658323,201.23635143524038,9.497698152562576,60.672054032578465,1.5626800258243942,6.593093216130315,28.972495778704815,9.0,E,casa,0.54,Amazonas,1.0,26.0,2
2024,Amazonas,2024-09-14,9522.459224855504,464.6458626230167,179.5522684162371,9.337896163888331,58.64664256544153,1.305934703532615,6.52633203900828,29.017061658967666,10.0,E,fora,0.45,Mirassol,1.0,25.0,2
2024,Ituano,2024-09-14,9754.786765972029,486.60415165663625,138.78243633676723,7.613695144674563,53.00705596367608,1.0596212332141097,7.034651003405368,27.75926409800604,10.0,V,fora,2.65,Ponte Preta,3.0,26.0,2
2024,CRB,2024-09-15,9318.897756072125,463.8319115524999,101.38741714867764,6.438561485200141,50.42009155177224,1.0911172954030097,5.891539767422121,26.627361247529315,9.0,D,fora,0.5,Sport,0.0,26.0,2
2024,Coritiba,2024-09-15,9218.74338491946,486.1576016015812,152.85309435269426,9.170187869958125,55.383120128778536,2.017148940939146,7.427973571872484,29.4690839811315,10.0,D,fora,0.72,Operário-PR,0.0,25.0,2
2024,Operário-PR,2024-09-15,9146.800133171524,422.9666333379871,124.97626550535371,6.766649340049188,47.749597800521954,1.0641357275568395,5.896530022660639,28.784475851921858,10.0,V,casa,1.06,Coritiba,3.0,24.0,2
2024,América-MG,2024-09-15,9431.469785541554,428.88293602307925,129.3430221458572,6.968146451147597,49.44486625514403,0.7645773408001357,4.200831530270247,27.97201646090535,10.0,D,fora,0.78,Santos,0.0,26.0,2
2024,Santos,2024-09-15,9136.295368385696,464.9823453032005,163.15026535946342,9.069262283896839,55.45488868128523,1.5121335824577242,6.13999370191147,28.383292220810986,10.0,V,casa,1.86,América-MG,3.0,26.0,2
2024,Ceará,2024-09-15,9028.59108614034,431.2635014541801,128.68473481042778,7.899909153402781,50.921540267569135,1.2381392840145944,5.234016815609962,28.699811749775265,10.0,D,fora,1.17,Chapecoense,0.0,25.0,2
2024,Chapecoense,2024-09-15,9526.078655895766,478.30963517915313,167.0983886644951,8.911773941368079,56.52044638436482,1.056420325732899,6.332078697068404,28.925554397394137,8.0,V,casa,0.91,Ceará,3.0,25.0,2
2024,Brusque,2024-09-17,9951.89340546659,529.5028096107943,172.66902423991124,8.97615601851333,57.89264722692277,1.0084509094169198,6.4550346844777176,28.859997982809055,10.0,D,fora,0.31,Novorizontino,0.0,26.0,2
2024,Novorizontino,2024-09-17,10179.484949967615,583.042061043476,192.48368349393928,10.11161941018625,64.47756777835059,1.7853266975981812,6.899128630156905,28.936780743149463,8.0,V,casa,0.59,Brusque,3.0,26.0,2
2024,Chapecoense,2024-09-18,9259.867706849122,492.89638047541797,164.80742526627637,8.126923044367638,53.20149552091416,0.6347273753262326,4.952372152077309,29.479281935529382,7.0,D,fora,1.68,Vila Nova,0.0,26.0,2
2024,Ituano,2024-09-18,9792.29233409529,565.3541617099704,137.43401294924425,7.540890769175534,57.62050995129074,1.616447814067044,6.572084684706249,28.220612276649472,9.0,D,fora,2.71,Avaí,0.0,27.0,2
2024,Guarani,2024-09-18,9880.990039402692,483.8807385765778,145.780455593615,7.353093223184902,53.49614055118993,1.309436608682025,6.648798889560525,29.0208050686189,10.0,V,casa,0.65,Mirassol,3.0,26.0,2
2024,Mirassol,2024-09-18,9853.858743069219,485.75039449561797,116.10391678590591,6.036482516544447,46.885078362546956,1.006015024145949,5.633998502056878,28.659767930602754,10.0,D,fora,0.79,Guarani,0.0,27.0,2
2024,Vila Nova,2024-09-18,8734.49258119371,409.26521004345733,171.94517435391433,9.352254949299855,52.24501794974073,1.415720823798627,6.801044234039426,29.76320827997397,10.0,V,casa,1.16,Chapecoense,3.0,27.0,2
2024,Goiás,2024-09-18,8290.702754277303,356.6942964134326,116.72157090773318,7.708997825657243,46.45153411961081,1.483696602314906,7.2149657376293055,29.02327205640113,10.0,E,fora,0.51,Sport,1.0,25.0,2
2024,Avaí,2024-09-18,9963.936040815328,464.77389030268927,154.2652374776715,7.487758582719554,51.86137091051459,2.2036589424229818,7.157774855017495,27.727124574840335,9.0,V,casa,1.66,Ituano,3.0,27.0,2
2024,CRB,2024-09-19,9750.98383435548,528.290540849988,169.8727248818201,9.386272771586953,59.99089170530421,1.1219364492761836,5.917254259576253,28.210293267432228,10.0,D,casa,1.24,Ponte Preta,0.0,27.0,2
2024,Coritiba,2024-09-19,9402.719377626478,467.8921498135748,160.26527552280126,8.416353671766862,55.33077787338048,1.2328541144488923,5.723383462396968,29.602121132767202,9.0,V,casa,1.25,Ceará,3.0,26.0,2
2024,Operário-PR,2024-09-19,9281.25214756127,395.30668933046957,133.51745857218043,7.680058318990656,48.00521201086725,1.4079416241127691,5.631505056683214,28.791499651508474,8.0,D,fora,1.3,Amazonas,0.0,25.0,2
2024,Ponte Preta,2024-09-19,9530.850220381219,431.53084193607543,147.46724766188794,7.572010830285968,52.22974639439933,1.3596065930983894,6.795871762510383,28.352588373623295,10.0,V,fora,1.25,CRB,3.0,27.0,2
2024,América-MG,2024-09-19,10849.498782683337,654.503622810287,196.0780190650448,10.26674132303279,66.47782231558975,1.7276475903274264,5.89562091281808,28.570210867527305,10.0,V,casa,2.18,Paysandu,3.0,27.0,2
2024,Ceará,2024-09-19,9097.917843743127,453.28215999560155,183.19348570486036,9.797473718935562,57.00832032109083,2.8694561249175283,7.22421772597317,30.10539586540576,10.0,D,fora,0.26,Coritiba,0.0,26.0,2
2024,Paysandu,2024-09-19,10201.271773682864,534.0874267222313,150.75558738621282,8.381797662561404,55.21134984750774,1.151543780411147,5.34211324005308,27.533724070495655,10.0,D,fora,0.49,América-MG,0.0,26.0,2
2024,Amazonas,2024-09-19,8911.644986181145,330.66562771441784,110.96580154996786,6.3970510000338425,43.35044073685516,1.1154685437747471,7.209554976479746,28.26285830315746,10.0,V,casa,1.94,Operário-PR,3.0,26.0,2
2024,Botafogo-SP,2024-09-20,10008.385297493598,517.0041621002346,167.89246630567538,8.463744150103219,54.18162554175719,1.8481495411951625,6.2263472866206255,29.372155031721842,10.0,D,casa,0.82,Santos,0.0,26.0,2
2024,Santos,2024-09-20,10103.590185428546,540.5517024901995,202.26946732448326,9.82238094707769,60.84080040538132,0.8005651951176053,5.412944248930862,29.30577334283678,10.0,V,fora,0.81,Botafogo-SP,3.0,27.0,2
2024,Goiás,2024-09-21,9174.386993039807,475.8084326715749,157.865833268163,8.044383469818678,51.58350914433185,2.2122630126579446,6.5358239953524215,30.015561563641644,10.0,D,casa,1.37,Mirassol,0.0,26.0,2
2024,Ituano,2024-09-21,9644.594062552549,489.4236135866824,141.9553287371784,7.363772210077911,51.05010649627263,0.4044784485174598,5.74923042430357,28.91609775236814,10.0,D,casa,2.07,Coritiba,0.0,28.0,2
2024,Mirassol,2024-09-21,9135.426264840184,416.9999639327206,135.98375099705217,7.3887816889197175,47.445133229293106,1.5603507311716087,4.8902696953933305,28.472122998670596,9.0,V,fora,0.76,Goiás,3.0,28.0,2
2024,Coritiba,2024-09-21,9239.407287291766,428.2342600942013,145.3966040522247,7.852706443059642,50.84786469462873,2.417342112034727,5.637856303771409,28.361293534564734,10.0,V,fora,0.67,Ituano,3.0,27.0,2
2024,Chapecoense,2024-09-22,9276.09329735341,480.7066420351168,146.77479723620618,7.8363426613236316,51.034167122461966,0.8038743344458461,5.523369127217119,28.78805183787827,10.0,V,casa,0.53,Avaí,3.0,27.0,2
2024,Ceará,2024-09-22,9363.38857929191,424.3415969375042,159.9304054635649,8.35975490973339,51.06740174870319,1.3254252837112372,6.320016762180895,28.813263641923573,10.0,V,casa,1.52,Vila Nova,3.0,27.0,2
2024,Vila Nova,2024-09-22,9330.917303494394,460.548953535803,159.96780435346906,7.8981740645974705,51.507395211431245,0.4453433208489388,5.562866713637656,28.889605814514034,9.0,D,fora,0.72,Ceará,0.0,28.0,2
2024,Avaí,2024-09-22,9218.357788199328,423.83575860593083,133.71969599510854,7.042807581779272,46.33525172730053,0.3304152858453072,4.183434056863344,28.11272760623662,9.0,D,fora,1.31,Chapecoense,0.0,28.0,2
2024,Sport,2024-09-23,8830.491921924944,345.4511107195892,93.21525370617404,4.417732375223378,35.33899851501347,0.7929269336286527,6.115615640180212,27.67464700108228,8.0,V,fora,0.39,Paysandu,3.0,25.0,2
2024,Paysandu,2024-09-23,8882.804204908596,407.5936015020605,121.82233572558344,6.196063009070465,45.41723474537062,0.29048160621482905,6.100413281830018,28.2402489805141,10.0,D,casa,0.58,Sport,0.0,27.0,2
2024,Novorizontino,2024-09-24,9999.117275553192,459.27161315391226,113.49818506551051,6.870258360941825,50.674492344608495,0.8588146754468485,5.397136488199926,27.614605914352325,8.0,E,fora,1.53,Santos,1.0,27.0,2
2024,Amazonas,2024-09-24,9189.940977809143,434.72699297644266,150.7216319969531,8.367651308935713,52.32283406705425,2.4196697695780265,6.85542550212275,28.707603813108406,10.0,D,fora,0.28,Brusque,0.0,27.0,2
2024,Santos,2024-09-24,9453.654421953053,440.2638775887775,166.50645259938835,8.126914362205754,53.87087683785519,1.6644928009402853,6.266896405367463,29.04938457017859,10.0,E,casa,0.69,Novorizontino,1.0,28.0,2
2024,Operário-PR,2024-09-24,9348.656141867292,407.57087410452135,126.62659471520847,7.292248385202584,47.140033822665885,0.7393007633587786,6.9744731650029355,28.40315913094539,9.0,V,casa,2.17,Guarani,3.0,26.0,2
2024,Brusque,2024-09-24,9521.566620410005,436.3138788015319,142.63335818878127,7.806291056544268,54.235045055192614,1.520438387024105,5.8804009912142385,28.92348727190809,10.0,V,casa,1.73,Amazonas,3.0,27.0,2
2024,Guarani,2024-09-24,9264.909204202564,380.00496282853027,153.79319696505883,7.576909848252941,47.22946713604758,1.5744356496260987,5.803903550968645,30.020519744610137,10.0,D,fora,1.18,Operário-PR,0.0,27.0,2
2024,Botafogo-SP,2024-09-25,9433.643364948453,427.5367340206186,132.48993072164947,6.679819381443299,45.277928247422686,0.6186111340206185,5.566888247422681,28.237492783505154,8.0,E,casa,0.36,CRB,1.0,27.0,2
2024,Ponte Preta,2024-09-25,9150.107249197832,396.9872816839527,118.74941871147266,7.5476827011410075,47.57117988523346,1.0783394799557975,5.7516233740297436,28.02160992690623,8.0,D,casa,3.23,América-MG,0.0,28.0,2
2024,América-MG,2024-09-25,9702.45340857233,548.1423180164052,177.65997332116402,9.478488901370216,60.13286692175378,0.5268006459086602,6.109824598354805,28.680275213255165,9.0,V,fora,2.2,Ponte Preta,3.0,28.0,2
2024,CRB,2024-09-25,9688.403803279398,498.88928971638495,169.70874958005047,8.38664181288134,53.93787185850682,0.6829141785787824,6.438034961473019,28.578346862028976,10.0,E,fora,0.8,Botafogo-SP,1.0,28.0,2
2024,Amazonas,2024-09-26,9287.914460694697,504.7409509805035,138.27080472821828,6.846633131592992,49.25751496020075,1.1242214450361656,5.722872358545198,27.810419339820815,10.0,D,fora,0.92,Chapecoense,0.0,28.0,2
2024,Chapecoense,2024-09-26,9705.257353023942,523.0018871796074,156.92061545857467,9.603767675820182,57.93676171939123,0.8444381258354243,6.438929601575874,27.775680650986093,9.0,V,casa,0.56,Amazonas,3.0,28.0,2
2024,Ceará,2024-09-27,9143.31525856863,429.1904019706521,171.25408889124333,8.485642527944059,51.97022047994915,1.2386567780897384,6.198098744503893,29.552307040313607,10.0,V,casa,1.84,Brusque,3.0,28.0,2
2024,Brusque,2024-09-27,9541.923858138174,470.5389064449523,165.1607648481235,8.048775381761567,49.488998862720415,1.3905346318195366,4.868978435854119,28.925669393929354,10.0,D,fora,0.73,Ceará,0.0,28.0,2
2024,Paysandu,2024-09-28,9362.879160327675,547.580071997354,194.05193031775508,9.501455847558956,57.24366614089093,2.0599942758287324,6.86928689546391,28.9658419619915,9.0,V,casa,2.58,Ituano,3.0,28.0,2
2024,Botafogo-SP,2024-09-28,9028.542684684891,454.81919224482385,147.42006492916818,8.684283281874318,53.22758354522341,1.4307080911732655,7.457840197057756,28.611985788231024,10.0,E,fora,1.14,Vila Nova,1.0,28.0,2
2024,Ituano,2024-09-28,9239.254545788217,448.90580552132764,133.5499157119262,7.19776367878772,48.843440080748756,0.7083535642188605,6.607866581024041,28.71423459088168,8.0,D,fora,0.6,Paysandu,0.0,29.0,2
2024,Santos,2024-09-28,9610.412346036917,514.7072249728557,180.88568327904454,9.18480933767644,57.16766058631922,0.7810333333333335,6.1588421281216075,29.111448425624324,10.0,V,casa,1.02,Operário-PR,3.0,29.0,2
2024,Vila Nova,2024-09-28,9086.670337526886,443.33314441498675,141.0235424691111,8.441298834475514,55.598253213946286,1.463252463608624,6.97855347406333,29.00910409684358,9.0,E,casa,2.56,Botafogo-SP,1.0,29.0,2
2024,Operário-PR,2024-09-28,9506.086973349536,522.0665042109429,146.51104793126837,8.012968432059688,55.57648923242144,1.652781059235813,7.37623064096767,28.920146111236722,8.0,D,fora,0.52,Santos,0.0,27.0,2
2024,Coritiba,2024-09-28,9907.573935923872,541.2290805617317,162.88784915267902,9.642468808681727,59.61913781781735,1.450689607502045,6.429498289229635,29.07229358432312,10.0,E,casa,1.6,Goiás,1.0,28.0,2
2024,Goiás,2024-09-28,9739.6771785604,559.3914250746337,185.50257918034475,8.956702620471937,60.3238962791815,1.4404998455854598,7.927291225822687,29.144744758484222,10.0,E,fora,0.81,Coritiba,1.0,27.0,2
2024,Mirassol,2024-09-29,9824.93506872065,463.7721135036078,160.8083867827282,7.626936204329401,51.43734875730157,0.8231766120719275,4.42971595464437,29.179374642079942,10.0,E,casa,0.97,Sport,1.0,29.0,2
2024,CRB,2024-09-29,9951.264029129481,514.1362554348558,151.67243198858512,7.751815208173485,52.93884276272395,1.2109625920391984,5.69174844189584,28.603922518811668,8.0,V,casa,0.86,América-MG,3.0,29.0,2
2024,América-MG,2024-09-29,10232.514243013395,565.5711786914856,200.15216283678689,8.127489589082332,53.62088179218303,1.129201118860067,6.320143369625207,28.353115749335203,9.0,D,fora,1.07,CRB,0.0,29.0,2
2024,Sport,2024-09-29,9996.207754222442,462.96188240241065,150.64228969561051,8.1980591959259,55.505010512299386,1.2615228817716728,5.359501249795595,28.579770831873287,10.0,E,fora,0.04,Mirassol,1.0,26.0,2
2024,Novorizontino,2024-10-01,9974.659456403591,569.6386785522419,208.91977086743043,11.580631926137853,69.94059357079496,1.5737608225784285,6.1826561387289,29.03214227708299,9.0,V,casa,2.34,Ponte Preta,3.0,28.0,2
2024,Ponte Preta,2024-10-01,9822.658187002635,533.453613015719,167.66946772945974,8.847050749242891,57.58081466234907,0.7077336549680768,5.4266063164518785,28.142280110649345,8.0,D,fora,1.09,Novorizontino,0.0,29.0,2
2024,Avaí,2024-10-01,9884.77058303936,555.112269242521,153.62301644398764,8.87343296019555,58.37487028138107,1.124569317518958,6.250143884892085,29.060594150162494,8.0,E,fora,0.74,Guarani,1.0,29.0,2
2024,Guarani,2024-10-01,9818.193675101546,549.0370075939147,213.21242500693796,10.558983020914802,60.28428740822969,1.703603703610263,6.585408582889723,29.921189797411508,9.0,E,casa,0.69,Avaí,1.0,28.0,2
2024,Coritiba,2024-10-04,9615.553333293032,441.6750709095526,136.56284883510054,8.159866523195221,52.556499498252954,1.414102598203383,5.114962701454462,28.655736238227085,9.0,D,fora,0.96,América-MG,0.0,29.0,2
2024,Paysandu,2024-10-04,9415.55575720718,521.0224827787849,204.19728109467286,9.157149523419683,58.10099152096368,1.3673978129933921,6.52718952108064,28.4978036372142,10.0,D,fora,0.89,CRB,0.0,29.0,2
2024,CRB,2024-10-04,10068.763503029655,705.954300370514,267.50394336619365,12.03801607790158,73.91805152419042,0.8431048273832614,5.7790882946991085,29.676463664209948,8.0,V,casa,1.21,Paysandu,3.0,30.0,2
2024,América-MG,2024-10-04,10807.28908773761,665.2938105702669,141.53776933853422,10.134900972420613,63.04223766619053,1.484376716844303,5.563137567300297,29.279169871442697,8.0,V,casa,2.06,Coritiba,3.0,30.0,2
2024,Ituano,2024-10-05,9637.141233053722,451.1317286011177,120.75233570590198,7.751809577137196,50.975237597855006,1.1636011715679413,6.491912627736441,27.82215534043309,10.0,V,casa,1.3,Guarani,3.0,30.0,2
2024,Guarani,2024-10-05,9627.916208277704,466.0685791028457,163.30534318724176,9.082032631435089,56.48597731358346,1.0410319270838808,7.4728071023832285,29.038686752940926,10.0,D,fora,0.63,Ituano,0.0,29.0,2
2024,Avaí,2024-10-05,10709.912340450357,634.2336048302415,186.80140905378605,9.764421071053553,66.88740578695601,2.0988952280947384,6.30030393186326,28.846306148640767,10.0,E,casa,0.98,Brusque,1.0,30.0,2
2024,Ponte Preta,2024-10-05,8864.470321234254,429.117670119997,134.732658567489,7.858911295903917,48.777547354635374,1.915522737678212,7.568756907547994,28.406942152280156,10.0,V,casa,1.06,Botafogo-SP,3.0,30.0,2
2024,Mirassol,2024-10-05,8860.509245874873,398.62838851409424,138.45021033860436,7.637865138363699,49.115514889137174,1.3535457846338952,6.379454924372638,29.0874366191131,10.0,V,casa,1.27,Vila Nova,3.0,30.0,2
2024,Botafogo-SP,2024-10-05,9347.500541920168,524.9884733640006,147.97311069891674,8.14487119750705,48.88017153880399,1.7353502003264578,7.342402730375428,28.322252559726966,7.0,D,fora,0.71,Ponte Preta,0.0,29.0,2
2024,Novorizontino,2024-10-05,9064.613335195734,444.47992445130023,145.9356431963659,8.527429157911358,50.72332815100023,1.2025623398233958,5.2468774823577995,28.89479539905989,9.0,D,fora,0.72,Amazonas,0.0,29.0,2
2024,Amazonas,2024-10-05,8575.393720742282,407.6938814460228,120.94701117984104,7.366297079149959,47.184299109964456,1.678099530633179,6.621554816449597,28.481006703760112,10.0,V,casa,0.99,Novorizontino,3.0,29.0,2
2024,Vila Nova,2024-10-05,8963.972168878578,415.6115467055481,148.18033247836868,7.950511063100649,50.86051053096498,1.9167228956694802,6.898272474750163,28.962470599504055,10.0,D,fora,0.06,Mirassol,0.0,30.0,2
2024,Brusque,2024-10-05,10733.428601550033,533.3939286528379,179.71307442443586,9.025936858901298,58.26248005470709,0.717871552313654,5.333080692956463,28.77497720537953,10.0,E,fora,0.18,Avaí,1.0,29.0,2
2024,Goiás,2024-10-08,9737.697357766227,505.9283499451572,167.070642376842,7.511562067814393,52.47100016691306,0.9660005245839097,5.472741189374792,29.008296771424483,9.0,V,casa,2.36,Santos,3.0,28.0,2
2024,Sport,2024-10-08,9272.90229295386,455.9891946014636,129.65047795889754,7.393463367074188,49.78878806800754,0.7889763814030937,5.422533083563385,28.021815433153684,10.0,V,casa,1.12,Ceará,3.0,27.0,2
2024,Santos,2024-10-08,9726.834775581492,495.910341687228,159.19215380776802,6.612534307338305,48.53113096393225,0.9979099553658065,4.492450999417814,27.728156968201606,8.0,D,fora,1.94,Goiás,0.0,30.0,2
2024,Ceará,2024-10-08,8903.793891702135,348.1899495686933,149.11839634657804,7.737134528358549,45.66605652034339,1.398033075481272,5.593553594913376,29.492750111321673,10.0,D,fora,1.36,Sport,0.0,29.0,2
2024,Guarani,2024-10-09,9549.078401301973,469.16539447711045,180.3900937631247,8.693662641747165,57.16964699706006,1.038642797144057,7.087195611087778,29.301640067198655,10.0,D,fora,1.5,Botafogo-SP,0.0,30.0,2
2024,Botafogo-SP,2024-10-09,9406.615739152025,492.9282483241842,152.43370224269677,8.564394637389315,52.755371989738215,1.1162991365755426,6.330107031530165,28.855123996579408,8.0,V,casa,2.5,Guarani,3.0,30.0,2
2024,Chapecoense,2024-10-10,9726.012774305695,597.0003999310007,240.3994525164869,10.510481536032271,61.741860992794884,1.9114761885806038,5.971022384989983,29.075799795655698,8.0,D,fora,0.96,Paysandu,0.0,29.0,2
2024,Paysandu,2024-10-10,9170.771992331334,489.3036914579592,197.88345592039195,9.039143817899637,52.17465217126685,1.0947672012415932,6.300145765497094,28.935379325035754,7.0,V,casa,0.72,Chapecoense,3.0,30.0,2
2024,Novorizontino,2024-10-11,9160.963794473637,482.78223355030985,175.04469767077094,8.117521632290279,56.11299911118083,0.7056237419287376,7.2936682090293585,28.753684678325882,8.0,D,casa,1.3,Sport,0.0,30.0,2
2024,Sport,2024-10-11,10453.865959926052,691.9175787678366,74.52381249349027,8.436634204770337,55.54176648265807,1.0532750494740133,6.562545828559526,28.68067258618894,8.0,V,fora,0.93,Novorizontino,3.0,28.0,2
2024,Santos,2024-10-12,9472.921656017761,444.53860975167663,173.02313836777233,8.055118384085553,52.40738931937647,0.917862629146275,5.913147543955048,29.401766131955775,10.0,V,casa,1.85,Mirassol,3.0,31.0,2
2024,Mirassol,2024-10-12,9309.430416463332,428.71268799077234,98.32084867574642,5.590810412137881,43.51998014728716,0.8987450645490438,5.091973736746373,27.713573044674142,10.0,D,fora,1.96,Santos,0.0,31.0,2
2024,Ceará,2024-10-12,9218.027528390043,469.53929873894145,203.52480564988863,11.290713698600507,61.61246111916247,1.3622187493240465,7.6905889987238005,30.330170232095345,10.0,V,casa,1.51,Ponte Preta,3.0,30.0,2
2024,Ponte Preta,2024-10-12,9178.46648065476,415.4789953067765,139.38718704212454,8.033733287545788,49.55110393772894,1.853914148351648,6.592156593406592,28.664445970695972,10.0,D,fora,0.59,Ceará,0.0,31.0,2
2024,Avaí,2024-10-12,10029.872238253529,522.821843954075,126.03786359242758,8.48740823254827,58.88295329702714,1.5916440342315583,8.06170344437372,28.24800787420138,9.0,E,casa,2.07,América-MG,1.0,31.0,2
2024,América-MG,2024-10-12,10175.789867346692,538.7241902696677,142.93959355995446,7.414032054854262,53.09974741356334,0.7636459670971335,7.1947694618758025,28.43546507401933,9.0,E,fora,1.8,Avaí,1.0,31.0,2
2024,Amazonas,2024-10-13,9104.062476221532,432.4167596065003,100.767044948095,6.8485020925050275,48.54692863742594,0.9775074732322407,6.97041687048209,27.612185444861133,8.0,D,fora,1.89,Coritiba,0.0,30.0,2
2024,Goiás,2024-10-13,8463.753910776793,384.1982023782925,159.8707358307887,7.036158238375413,44.01762766564882,1.6756222536679826,6.0305781882277,29.52416275663465,8.0,D,casa,0.2,Vila Nova,0.0,29.0,2
2024,Vila Nova,2024-10-13,8441.86083218017,335.12311787634553,112.65662057527966,6.939692712349604,42.59092651082215,0.9499219368945886,6.557989373276855,28.48987503565129,10.0,V,fora,1.41,Goiás,3.0,31.0,2
2024,Brusque,2024-10-14,9921.64433063897,519.8940198984816,145.68949326053576,8.350439771370073,57.20210235028154,1.0561941221634534,7.0069966729227104,28.90553233236649,10.0,V,casa,1.51,Ituano,3.0,30.0,2
2024,Ituano,2024-10-14,9603.584818242207,491.1620003664933,144.30766131433677,7.626516022630966,54.21769796367136,0.5161284559177223,6.184293011430012,28.88509746432417,10.0,D,fora,1.13,Brusque,0.0,31.0,2
2024,Guarani,2024-10-15,9353.36366613778,470.46993353202254,142.8010323977787,7.525316151718518,52.00579654366517,1.8335039344754387,6.077430905465383,28.795098522695593,10.0,V,casa,0.83,CRB,3.0,31.0,2
2024,CRB,2024-10-15,9523.32130826727,555.3023602869007,201.68137938844848,10.192150094375236,58.574639033597585,2.173288637221593,7.609704945262362,28.359211778029444,7.0,D,fora,1.2,Guarani,0.0,31.0,2
2024,Santos,2024-10-16,9626.163839862786,505.947518202574,173.18132092188512,8.789948090007611,55.30709213171735,1.2268180424139852,6.440544543771369,28.552414325794842,10.0,D,fora,1.42,Chapecoense,0.0,32.0,2
2024,Chapecoense,2024-10-16,9817.999517621387,493.74908041462095,185.50145150027274,9.525331587561377,55.87554097108565,1.1791742498636115,5.008557774140753,29.778616475722856,10.0,V,casa,2.07,Santos,3.0,30.0,2
2024,Operário-PR,2024-10-17,9567.326847370081,452.5705558688199,108.60134856549982,6.598751240526884,52.27074860158786,1.3192013262360158,5.482844866474196,27.71464611151209,10.0,V,fora,0.37,Sport,3.0,28.0,2
2024,Sport,2024-10-17,9573.831393014805,389.84681666300827,102.50837418599546,6.037644081851663,44.88917855662057,0.5491817272749445,4.282358235164995,27.979360259505864,9.0,D,casa,1.35,Operário-PR,0.0,29.0,2
2024,Goiás,2024-10-17,9602.927681911762,428.1422880924446,138.46334602528057,7.570798375135589,49.90721393310164,1.1955832023553892,5.1799177606092135,28.346692714674695,10.0,E,fora,0.74,América-MG,1.0,30.0,2
2024,Brusque,2024-10-18,9732.358394143974,444.99885509115273,152.46670484715162,8.875577511441502,55.751356924321726,1.9329271283723986,8.533716528862929,28.851348959518575,9.0,D,casa,0.67,CRB,0.0,31.0,2
2024,CRB,2024-10-18,9717.335378542417,467.0865077807694,196.9378113448638,9.446226212750421,53.597261671154115,1.744081367224935,7.804666179893214,30.51217313923242,10.0,V,fora,0.95,Brusque,3.0,32.0,2
2024,Amazonas,2024-10-19,9175.403252685674,385.1765728285551,151.6565993865112,9.081803949168073,49.71488002443332,2.031913633526764,5.497016744791321,28.170784920392528,8.0,V,casa,3.21,Avaí,3.0,31.0,2
2024,Novorizontino,2024-10-19,9307.202904097367,537.8224742241764,185.3538972790416,10.551081373860956,60.561067099980875,1.03174013891544,6.879917925189575,28.887456827885043,8.0,D,fora,1.19,Mirassol,0.0,31.0,2
2024,Ceará,2024-10-19,9471.180843857357,451.797003072531,154.91685041370297,9.471277519717425,57.15311740939662,2.176712996564572,6.639363719940002,28.058118014225577,9.0,V,fora,2.24,Ituano,3.0,31.0,2
2024,Vila Nova,2024-10-19,9157.028987279615,479.82157940887623,199.1889650657064,8.31253904971239,50.613036290511154,0.9462774166393865,7.156168334658374,29.139838890707573,9.0,D,casa,1.12,Coritiba,0.0,32.0,2
2024,Mirassol,2024-10-19,9271.649141163953,481.9607536981317,154.1328389525106,8.441664130695925,54.36323193263851,1.9552983102426524,6.2808195952361885,28.654867347755946,10.0,V,casa,0.51,Novorizontino,3.0,32.0,2
2024,Avaí,2024-10-19,9623.149544100013,383.6968687744126,130.99776727730355,7.157778199907395,49.25764736610906,1.279829512400717,5.877625995797173,28.284917308765387,9.0,D,fora,0.28,Amazonas,0.0,32.0,2
2024,Ituano,2024-10-19,10275.63896280909,537.0624432916397,128.1675969207527,8.496041078847393,56.885189064895236,1.0979245073426493,6.69915342916176,28.137185354691077,10.0,D,casa,0.78,Ceará,0.0,32.0,2
2024,Paysandu,2024-10-20,9149.011179419771,400.13168171137426,96.73593350859643,5.339985575692715,42.71321278179745,0.41942035223227786,5.025143079822255,27.748162064071845,9.0,E,fora,0.85,Operário-PR,1.0,31.0,2
2024,Sport,2024-10-20,9475.499592460174,439.7982147221216,129.424432250181,9.16358062545257,57.942023216871824,1.3238441346850107,6.212513011404779,27.769039645184645,10.0,V,casa,1.39,Botafogo-SP,3.0,30.0,2
2024,Operário-PR,2024-10-20,9359.16889771801,452.20151725074703,120.05004957891875,6.23275672371638,44.741668704156474,1.3457796794349361,6.4792019831567496,28.23871230643846,8.0,E,casa,2.21,Paysandu,1.0,29.0,2
2024,Guarani,2024-10-20,8956.333276289006,407.20374005833844,157.9891171594653,9.443851174112858,52.69659528256354,1.8886882252953643,6.7042691960632075,29.504761505046904,10.0,V,fora,0.88,Ponte Preta,3.0,32.0,2
2024,Ponte Preta,2024-10-20,8986.798717703032,407.32503024968537,151.51710148964384,8.122195469789313,50.03829955544663,1.1033129811816877,7.1205037157532365,29.551098013436885,10.0,D,casa,0.45,Guarani,0.0,32.0,2
2024,Botafogo-SP,2024-10-20,9421.670008378485,364.4777403228509,74.52982740322851,5.655684382505726,42.103225856001785,0.6286136401720382,4.775596827347372,26.839336982628605,8.0,D,fora,0.14,Sport,0.0,31.0,2
2024,Goiás,2024-10-21,9444.393298205343,469.01673738638476,149.20922625672415,7.92893108885179,52.27525296790948,1.3568475236505286,6.677776038768318,29.13513958449268,10.0,V,fora,2.27,Chapecoense,3.0,31.0,2
2024,Chapecoense,2024-10-21,9549.872985231477,489.8109051675821,174.53706591189328,8.324366522811344,50.4430304898554,1.0082640679296044,5.0431755128348845,29.406396424167692,8.0,D,casa,1.12,Goiás,0.0,31.0,2
2024,Ceará,2024-10-22,9036.616809504601,384.3685227790285,160.79864353845954,7.965428578864497,48.952589691204594,1.8758278137077569,6.326255546735722,29.60949418975367,8.0,D,fora,0.45,Santos,0.0,32.0,2
2024,Mirassol,2024-10-22,10063.035295492058,498.2122102620137,160.8059834236161,7.218123125566689,50.63869132587822,1.3604368446748656,5.124247901797131,28.61567898077325,10.0,V,fora,0.5,CRB,3.0,33.0,2
2024,CRB,2024-10-22,10212.928625836117,667.3783279144048,217.47576951172354,11.215444519243166,70.77327183923687,2.061697007892061,6.701862010685078,28.861430597132507,8.0,D,casa,0.57,Mirassol,0.0,33.0,2
2024,Santos,2024-10-22,9497.34641797326,456.7636324066949,156.69033306079263,7.8993140390534835,51.07545317910736,1.6239678722585613,5.303522027702963,29.29520248172374,9.0,V,casa,0.77,Ceará,3.0,33.0,2
2024,Amazonas,2024-10-23,8778.604456499696,448.4494346988441,153.86315503954575,8.031409450415739,50.73861640640844,1.186329851957007,7.941118941391199,29.431281687284525,10.0,D,fora,0.82,Vila Nova,0.0,32.0,2
2024,Vila Nova,2024-10-23,8899.947696672683,464.5080616456022,162.1485001289657,8.124739489295846,53.274347433582655,0.6965308228011349,8.357842403920557,29.763025535207632,8.0,V,casa,1.47,Amazonas,3.0,33.0,2
2024,Ituano,2024-10-23,9556.887520756633,515.0681856036562,146.01957382252127,7.311010790910245,52.21603173797132,0.572316491049892,6.2847516821124785,28.14324869874317,9.0,V,fora,1.29,Botafogo-SP,3.0,33.0,2
2024,Ponte Preta,2024-10-23,9377.414016449322,394.9076766416687,148.3018394522694,8.484909847836493,50.65265350527276,2.0889864953074455,7.311471010603576,29.216257851143762,8.0,V,casa,2.63,Brusque,3.0,33.0,2
2024,Coritiba,2024-10-23,9589.506806983833,522.6245620092778,223.2103943793067,9.460109741634264,52.559757697677554,0.6772548077644832,5.402773866178259,28.96808034708982,7.0,D,fora,0.31,Paysandu,0.0,30.0,2
2024,Avaí,2024-10-23,9866.723030985915,551.2707169577465,193.18824473239437,11.460038309859153,64.29359447887325,1.1153958309859153,4.866934084507042,29.293770140845073,10.0,D,fora,1.82,Novorizontino,0.0,33.0,2
2024,Novorizontino,2024-10-23,10161.03659220354,573.88572126917,210.36047122085424,11.457840683014448,67.32440844445959,1.4329540829667018,5.935167627297841,29.78652615304162,10.0,V,casa,0.96,Avaí,3.0,32.0,2
2024,Brusque,2024-10-23,9375.655355700648,434.8154583595553,174.6338801919446,8.141745856933081,52.036229153555695,0.8262071271239773,6.13655430564296,28.877255087056845,9.0,D,fora,0.26,Ponte Preta,0.0,32.0,2
2024,Paysandu,2024-10-23,9361.304347070029,507.7228922502525,187.92323313173677,7.941694689869452,51.89893452160237,1.4969917784398215,6.329482028922503,28.358141646102105,9.0,V,casa,1.86,Coritiba,3.0,32.0,2
2024,Botafogo-SP,2024-10-23,9434.336332789402,509.54688855826464,217.41195766941834,10.224080437703977,59.60827462084853,1.7267325782299867,7.486578517949703,30.1635678633135,7.0,D,casa,0.83,Ituano,0.0,32.0,2
2024,Operário-PR,2024-10-24,9820.21079956155,475.98733504856443,128.24556800535885,6.852484852175501,49.46358645677923,0.9596752732697987,5.4820745668787865,28.126075571659104,7.0,V,casa,0.27,América-MG,3.0,30.0,2
2024,América-MG,2024-10-24,9945.749243683951,518.4117075470613,141.6852924874369,6.725592162003656,50.8168913650947,0.6218019571992043,5.5895869412725245,28.592694426237053,10.0,D,fora,0.91,Operário-PR,0.0,32.0,2
2024,Sport,2024-10-25,9861.075526331275,461.25364530744343,129.32254957340396,7.733494086496028,52.53268926154751,0.6358303030303031,5.2967297440423655,28.35427125625184,10.0,V,casa,1.07,Guarani,3.0,31.0,2
2024,Guarani,2024-10-25,9303.382536783214,317.65542867005144,62.52200089171425,3.365041924952179,35.209360842238496,0.9058730889269229,5.307468106833121,27.574903996893383,8.0,D,fora,1.34,Sport,0.0,33.0,2
2024,Vila Nova,2024-10-26,9629.204871136895,458.2098419428019,148.27431514745805,8.031907843356018,53.55236081669083,0.8920450741939082,4.460921194540518,28.651162185280224,10.0,D,fora,0.46,Avaí,0.0,34.0,2
2024,Amazonas,2024-10-26,9183.386738163077,476.97509411915354,153.13349009187823,7.776603226942409,53.445916221148,1.0081387457182187,7.057853346992348,28.281587540416812,7.0,D,fora,0.93,Goiás,0.0,33.0,2
2024,Ponte Preta,2024-10-26,9237.025644221878,337.32492884677737,85.06052311128724,5.621029289908851,41.936153642924914,0.8652155011948938,4.864124605204693,27.84688667123008,9.0,D,fora,0.25,Mirassol,0.0,34.0,2
2024,Ceará,2024-10-26,9322.603343211425,429.3814988065378,177.59779826442272,9.011467250586618,53.97945211991262,1.819728537907598,5.1883695080508145,29.684980580953155,10.0,V,casa,1.55,Paysandu,3.0,33.0,2
2024,Avaí,2024-10-26,10283.707936123317,569.0946938269083,179.32028610215016,10.11498095085174,61.21763323455998,1.8383356445326757,6.041806238778519,28.13918869604566,8.0,V,casa,1.86,Vila Nova,3.0,34.0,2
2024,Goiás,2024-10-26,9468.611470177793,584.120945963407,211.76149240231547,11.279535481703533,63.9586493436014,3.2546320033078358,7.559161412032251,29.553561091585696,9.0,V,casa,3.1,Amazonas,3.0,32.0,2
2024,Mirassol,2024-10-26,9565.511350783745,406.31902043833315,124.3881854233152,7.495959850760277,51.318212056504606,1.4783140135160506,5.4916634597334335,28.635920780927353,10.0,V,casa,1.8,Ponte Preta,3.0,34.0,2
2024,Paysandu,2024-10-26,9518.955296322561,480.9607808226117,184.6347391348394,9.802739843987437,59.03888385168676,1.1407542295613413,5.812386283051363,29.250205146388414,8.0,D,fora,0.04,Ceará,0.0,33.0,2
2024,Santos,2024-10-28,9706.59980031123,475.1067616684622,185.10583363259443,9.304991348633735,57.49028369952009,0.5885214325356665,6.268801214455943,28.46748392151742,10.0,V,fora,1.2,Ituano,3.0,34.0,2
2024,CRB,2024-10-28,9702.85241025029,599.4338786846473,222.139659987198,9.66765853341,61.126108730322336,0.9778456814902413,6.053373005109956,29.214523775943057,10.0,D,fora,0.5,Coritiba,0.0,34.0,2
2024,Ituano,2024-10-28,9819.12437318177,450.0702868764142,141.0931041913587,7.514648071328521,51.15305368494775,0.9692370164852925,7.393202510505334,28.82028202779873,8.0,D,casa,0.73,Santos,0.0,34.0,2
2024,Sport,2024-10-29,10082.467402089396,478.82118065162433,132.23836998521205,8.049886943662644,56.673764251299914,1.073233315842198,5.793937890569098,28.102323140771837,10.0,D,fora,1.14,América-MG,0.0,32.0,2
2024,Brusque,2024-10-29,9448.097026815292,432.8107217521712,118.24816747246845,6.243654311039484,48.246660735070286,0.9051805219804817,6.950344368340944,28.677452099561286,10.0,D,casa,0.62,Chapecoense,0.0,33.0,2
2024,América-MG,2024-10-29,11024.373660665087,695.7755682139718,141.00522613888518,10.453506381331069,67.1525939328955,1.0739668498413975,6.300489061639041,28.0084334837451,7.0,V,casa,1.46,Sport,3.0,33.0,2
2024,Chapecoense,2024-10-29,9659.386754265466,456.03670329811405,134.37526927965283,7.971405774588217,51.87690100522511,1.6169110189619094,6.240545106749002,28.573594546364884,8.0,V,fora,1.1,Brusque,3.0,32.0,2
2024,Goiás,2024-10-29,9706.395063219601,566.0012474374174,156.28602708303322,8.276587360512405,56.051048747243485,0.5990957547012998,5.783201870546646,29.927203820879637,10.0,V,casa,3.0,Operário-PR,3.0,33.0,2
2024,Operário-PR,2024-10-29,9267.39351629199,460.90436636211376,161.0290102258956,6.617630751215261,46.93552756634577,0.9811474516959191,4.534686483027192,28.357578192018078,8.0,D,fora,1.41,Goiás,0.0,31.0,2
2024,Guarani,2024-10-30,9568.81191796171,415.32590368782587,154.99374543284455,7.780556827592926,49.3256430554879,1.316223510498368,5.480279875286208,29.60204973936766,9.0,D,casa,0.6,Novorizontino,0.0,34.0,2
2024,Botafogo-SP,2024-10-30,9127.903286938687,428.8297852590601,152.3926171813682,7.4424327888066815,43.70178553114895,1.5077675104911206,4.80470452190839,29.22370836254801,10.0,V,fora,1.3,Amazonas,3.0,33.0,2
2024,Novorizontino,2024-10-30,10374.672096919638,469.20311264163513,131.62166564292903,6.469551341531947,50.10847471803651,0.9409163976632642,6.467991165361946,27.811295529098103,8.0,V,fora,0.9,Guarani,3.0,33.0,2
2024,Amazonas,2024-10-30,8543.640137313874,404.7011557045656,154.8682262597377,7.544474041021596,46.81502711764126,1.3312612168425204,5.768721896262696,29.339334138645107,9.0,D,casa,1.76,Botafogo-SP,0.0,34.0,2
2024,Guarani,2024-11-02,9406.208709105405,415.9367869907077,140.04770962775606,7.917105349975256,46.88846126353988,0.8645285093748281,6.927383983064827,28.74910787925441,8.0,D,fora,2.08,Goiás,0.0,35.0,2
2024,Chapecoense,2024-11-02,9981.382595179042,483.9872612666155,149.0554550649766,7.098592573120135,49.06863177625637,0.8235040517527116,5.86614792040506,28.612106111346044,10.0,D,casa,0.67,Novorizontino,0.0,33.0,2
2024,Vila Nova,2024-11-02,8437.43404417841,321.609432778896,110.5094947558004,5.719933997245471,40.71492308507256,1.4276453014090476,6.196530140904757,28.77607797436169,10.0,D,fora,0.58,Santos,0.0,35.0,2
2024,Santos,2024-11-02,8695.276406826784,401.9325004672679,130.15791306481003,6.623210013550768,47.10000397177702,0.5246666043642819,6.099306691276108,29.008705200691555,9.0,V,casa,2.01,Vila Nova,3.0,35.0,2
2024,Novorizontino,2024-11-02,10049.244259015326,425.3795448320835,108.57491646560158,5.750872253015977,44.956548418650144,0.5868170850994457,5.281477274209325,27.859011411803067,8.0,V,fora,0.83,Chapecoense,3.0,34.0,2
2024,Goiás,2024-11-02,9511.933744454669,463.6814235877433,137.70645483388046,8.282046450301474,51.42344641459161,0.6173078877611284,5.932920243376506,29.04250573418122,8.0,V,casa,1.18,Guarani,3.0,34.0,2
2024,Ceará,2024-11-03,8990.277803305695,428.08986513645596,190.1735652078414,9.390046345615287,53.474526714623025,1.3828823238701884,6.32501004887156,29.656312119048927,9.0,V,casa,1.66,Avaí,3.0,34.0,2
2024,Avaí,2024-11-03,9169.267072634902,491.43310048514803,159.41703876607625,8.341462080644423,54.88931564373656,1.0284992448166963,5.767595542130074,29.01829946450638,9.0,D,fora,0.6,Ceará,0.0,35.0,2
2024,Operário-PR,2024-11-04,9202.52751656156,431.5785488275271,126.85301622482086,7.162538051796974,47.50140219188146,1.1014609685911956,6.2808552011265535,29.004050694912138,9.0,V,casa,1.95,Sport,3.0,32.0,2
2024,Sport,2024-11-04,9091.502735926972,359.407050641165,103.41522871839454,6.128069260305732,40.03429602260378,1.435298703180468,5.345691081648917,28.444599000217345,7.0,D,fora,1.32,Operário-PR,0.0,33.0,2
2024,CRB,2024-11-05,9234.770749154904,424.4691217190296,153.45823461423743,8.38898799463114,50.21949082819647,0.8951009146947704,5.705858644859814,27.97184952276795,9.0,V,fora,1.92,Ituano,3.0,35.0,2
2024,Paysandu,2024-11-05,9587.850887633063,488.248164934638,142.8001891324686,7.852300311006599,54.502312321424064,1.025627449493034,7.5107331411666545,28.093004880022253,9.0,V,fora,1.86,Ponte Preta,3.0,34.0,2
2024,Amazonas,2024-11-05,9408.305839327004,421.4422338287069,166.06495183760737,8.575436250188815,52.915727199841974,1.0450611761151716,5.229065103470713,29.052115310876914,10.0,V,casa,1.04,América-MG,3.0,35.0,2
2024,Ponte Preta,2024-11-05,9736.924535389566,394.5010368430819,123.39781601138074,6.308029606416098,46.576204358493285,1.300328433292786,6.1231816588664625,28.99327051934932,5.0,D,casa,0.82,Paysandu,0.0,35.0,2
2024,América-MG,2024-11-05,9871.685740095601,477.70324324949945,129.268293769748,7.082682839318988,50.31249973958634,0.3126709181606694,5.1038689367021215,28.644881424983502,10.0,D,fora,1.96,Amazonas,0.0,34.0,2
2024,Ituano,2024-11-05,9537.350085969701,520.710032439377,142.703023392752,7.709170601145549,52.70696001284729,1.0592653498206734,6.071234409292865,28.618857662866013,10.0,D,casa,2.48,CRB,0.0,35.0,2
2024,Coritiba,2024-11-06,9928.737866902995,506.3993113116339,111.95227682887527,7.8299734128262966,49.45079487592652,2.0289837254270062,6.671429100870126,28.936461488881722,7.0,D,fora,0.42,Mirassol,0.0,31.0,2
2024,Botafogo-SP,2024-11-06,9105.464124122425,418.9077329416506,124.55633560990096,7.253613803635438,46.8629332725306,0.8577744077035654,5.154024540267674,28.741608161707,10.0,V,fora,1.26,Brusque,3.0,34.0,2
2024,Mirassol,2024-11-06,9239.49518422373,423.87504286555696,137.42967550882398,8.345011234484414,54.48139340328527,0.5903058397504417,5.7915689012019795,28.9782498200301,10.0,V,casa,2.66,Coritiba,3.0,35.0,2
2024,Brusque,2024-11-06,9337.166781658396,462.2885346245937,126.76792091922042,7.223145708209046,50.201231691167614,0.7216939766449524,7.101796974277344,27.821985312805147,8.0,D,casa,0.98,Botafogo-SP,0.0,34.0,2
2024,CRB,2024-11-09,8920.139710068035,492.2970812267232,193.90358851923517,9.643210369723072,56.739868089798804,1.8722391444562343,6.833082308636581,29.126310259451138,10.0,D,casa,0.96,Goiás,0.0,36.0,2
2024,Goiás,2024-11-09,8979.36493961765,503.79486451310066,178.87544401297262,8.25529188358795,49.447145173679274,0.4796726977895366,7.19951246052744,28.826836007510458,10.0,V,fora,0.71,CRB,3.0,35.0,2
2024,Novorizontino,2024-11-09,9602.837840166196,437.6395910846117,143.23810929449186,7.607182427436299,49.753469912324974,0.634348305771059,5.0696960129575945,28.64174950998228,9.0,D,casa,2.04,Operário-PR,0.0,35.0,2
2024,Operário-PR,2024-11-09,9277.715249835866,390.72602068092294,140.65370580097542,8.230487830613393,51.070384425998874,1.0565591586944285,5.802598597824047,28.381900675295437,10.0,V,fora,0.29,Novorizontino,3.0,33.0,2
2024,Avaí,2024-11-10,10250.32746161835,496.05419063825525,182.5428453097434,8.786000175172983,59.45970007882786,0.5629993368451346,5.516585753431514,29.453765593523606,9.0,E,casa,0.92,Mirassol,1.0,36.0,2
2024,Mirassol,2024-11-10,9830.913355163728,489.27850041981526,188.61814475230904,8.866378841309823,54.40843929471033,1.7136560873215785,4.4322011754827875,29.311727959697734,10.0,E,fora,0.23,Avaí,1.0,36.0,2
2024,Chapecoense,2024-11-10,9351.346328464359,413.84173077355905,104.82859771330827,5.772265760392518,45.57743940041861,1.7217293106164608,6.583181224820508,28.284255362247077,10.0,E,fora,0.23,Sport,1.0,34.0,2
2024,Sport,2024-11-10,9534.54345054803,397.68883126251643,125.00194222528476,6.975355950817201,48.06309233618294,1.3570279291113074,6.588332866771465,28.088518271280606,10.0,E,casa,2.23,Chapecoense,1.0,34.0,2
2024,Ponte Preta,2024-11-11,9406.718340349904,438.21875668044777,134.42692573358877,7.259437960068568,49.460405868710296,0.9060847534536652,6.35171183321569,28.55182262781083,9.0,D,fora,1.92,Vila Nova,0.0,36.0,2
2024,Vila Nova,2024-11-11,9051.821014712103,398.33560884951817,126.70180618308889,6.809868904271183,48.17633666451513,0.700352111108638,5.708394578112133,29.213387789623628,10.0,V,casa,0.98,Ponte Preta,3.0,36.0,2
2024,Brusque,2024-11-12,8965.26090332883,387.9357426606068,126.25288797445033,6.633973590468002,45.769163002088206,0.44243631003562217,6.631906276870165,28.146903328829385,9.0,D,fora,1.01,Paysandu,0.0,35.0,2
2024,Paysandu,2024-11-12,9221.24612978478,480.7621726533888,178.0135545326845,9.481079240455525,57.45522224451915,1.3559850499172228,7.450540686299102,28.90553604575327,9.0,V,casa,0.97,Brusque,3.0,35.0,2
2024,Santos,2024-11-12,9281.777528692672,413.86201167494835,120.90456103513478,7.914704498482916,48.678347368189606,1.4855109713732908,6.530153137504947,27.889340838133766,10.0,V,fora,0.47,Coritiba,3.0,36.0,2
2024,Ituano,2024-11-12,10267.76430368026,475.39669660995867,101.74516563247143,6.468125457786868,50.37386918006054,0.9944211500988129,3.9798627675893807,28.32922234967316,8.0,D,fora,1.68,América-MG,0.0,36.0,2
2024,América-MG,2024-11-12,10028.509779209535,534.1557658908017,186.11253030457368,9.739030253641644,60.50884447896506,0.8018946725068758,4.353464653152694,29.326200723235207,9.0,V,casa,1.68,Ituano,3.0,35.0,2
2024,Coritiba,2024-11-12,9861.228113787723,483.559866202676,138.5054687406252,7.559512209755805,50.892958840823184,1.757272454550909,6.343244285114298,29.028056938861223,8.0,D,casa,1.32,Santos,0.0,32.0,2
2024,Ceará,2024-11-13,9231.152322711712,435.1004238616556,211.05872390053045,10.269137479151777,57.67422281579576,1.5804348971069562,6.99866972649637,30.320005517725694,9.0,V,fora,2.05,Botafogo-SP,3.0,35.0,2
2024,Amazonas,2024-11-13,9751.870908561104,488.727878809954,152.769322512967,7.474412990267499,51.40277405443207,1.4418899702779886,7.605291392272279,27.842857975406496,8.0,E,fora,0.41,Guarani,1.0,36.0,2
2024,Guarani,2024-11-13,10096.268673320887,504.4119258333792,167.80805316052505,8.525719424460432,55.85327324400023,1.1115803998022957,7.0403879949475545,28.154950848481526,8.0,E,casa,1.27,Amazonas,1.0,36.0,2
2024,Botafogo-SP,2024-11-13,9684.408176343666,488.0156690600124,211.2037342289079,10.422432191922763,59.356937695805335,1.3162306632696597,8.228064071775993,30.28093206392549,10.0,D,casa,0.6,Ceará,0.0,35.0,2
2024,Operário-PR,2024-11-15,9377.69117295425,418.8562884309347,117.59288230338207,6.136692699626892,45.25779223558046,1.082739879909598,6.858965992216858,29.400355724353744,8.0,E,casa,2.16,Mirassol,1.0,34.0,2
2024,Mirassol,2024-11-15,9219.105290651696,359.98630467470844,121.29896035909603,5.613396375625133,41.40235406154977,0.6011474588164533,6.214934562992169,28.749851304841783,10.0,E,fora,1.07,Operário-PR,1.0,37.0,2
2024,Novorizontino,2024-11-16,9605.080248124323,506.73237480626005,160.845990645617,8.272033686751616,54.066414061749896,0.4930250867543583,6.172204452247383,29.193659045084836,8.0,E,casa,2.53,Paysandu,1.0,36.0,2
2024,Goiás,2024-11-16,9352.128094769174,428.5768215282174,167.4431812853157,8.862831469367658,54.126325643009544,1.4775705141731732,6.3310461653888535,29.685676771939697,10.0,V,fora,1.81,Amazonas,3.0,36.0,2
2024,Amazonas,2024-11-16,9075.604491983791,344.094197975362,112.1798337019875,6.685677704764519,40.976310283029534,1.1634242859679997,5.670182120541841,28.577467426578618,7.0,D,casa,0.99,Goiás,0.0,37.0,2
2024,Paysandu,2024-11-16,9185.07667535356,448.06331476135375,166.1015870056053,7.986641991395483,51.66222560461903,1.4146150994686768,5.359637172416118,28.636409691877382,10.0,E,fora,0.28,Novorizontino,1.0,36.0,2
2024,Brusque,2024-11-17,10137.11201819943,444.6895848038198,115.22015938920028,6.540845616220329,46.709905081539915,0.518974926764007,4.462482181163932,27.926791686849814,10.0,V,casa,0.89,Guarani,3.0,36.0,2
2024,CRB,2024-11-17,9163.82070163055,400.5983892143714,121.08084195665982,6.987700289404955,47.77248083574505,1.2718283334509775,6.352161784428601,27.670408696265973,8.0,V,fora,0.95,Santos,3.0,37.0,2
2024,Ponte Preta,2024-11-17,9457.082005634538,451.5550450908351,175.917528644661,8.757746620002614,54.369796982326726,0.6523535818532986,5.7524093463644155,28.595798783055724,8.0,D,casa,0.51,Sport,0.0,37.0,2
2024,Sport,2024-11-17,9693.43704609725,495.7303203283365,190.99669636377286,10.698309517255186,62.38726782452013,1.2387897595034911,6.306113766610777,28.898094296654072,9.0,V,fora,1.31,Ponte Preta,3.0,35.0,2
2024,Chapecoense,2024-11-17,9186.885467730239,413.91036269854266,131.688981613605,6.842535731829983,46.318095043158905,1.473311890336616,5.053021942033732,28.745392874687127,9.0,V,casa,0.62,Coritiba,3.0,35.0,2
2024,Coritiba,2024-11-17,8956.954139337688,358.0683690844505,143.04094889423627,6.703587945456628,45.482045147244186,1.3413366563538442,6.91074332531225,28.93712501432336,10.0,D,fora,1.45,Chapecoense,0.0,33.0,2
2024,Guarani,2024-11-17,10001.316769121813,421.7058269121813,106.3209957507082,6.246771388101982,47.424347308781876,0.3819524079320113,3.5686756373937674,27.673274787535412,8.0,D,fora,0.93,Brusque,0.0,37.0,2
2024,Ituano,2024-11-17,9284.748290701948,379.1673050349137,75.08431900036751,4.74175045938993,40.905600882028665,0.0,5.843982726938625,27.094310915104742,9.0,V,fora,2.06,Vila Nova,3.0,37.0,2
2024,Santos,2024-11-17,9274.580018813278,411.04110528009505,113.61973785182067,7.1296975022897735,48.56693541599624,0.8911864742431369,5.680726044013169,27.977463673045023,9.0,D,casa,1.47,CRB,0.0,37.0,2
2024,Vila Nova,2024-11-17,9133.173343307377,433.7564472377215,120.52471616898646,5.849626586547305,45.9131393708995,0.6634084247961249,6.9524737261634675,28.177695750812436,9.0,D,casa,2.05,Ituano,0.0,37.0,2
2024,Botafogo-SP,2024-11-19,9881.877669430663,474.4857100095352,188.14285959131456,9.560480018346189,56.920417013675156,1.303815886350195,6.519924563372801,28.915436144403813,10.0,D,casa,0.54,Avaí,0.0,36.0,2
2024,Avaí,2024-11-19,10240.74362159195,557.1689300396463,170.82550033546815,9.00316681915218,63.237255748703866,1.5380431838975297,7.246634339737725,28.68232265934736,10.0,V,fora,2.58,Botafogo-SP,3.0,37.0,2
2024,América-MG,2024-11-19,9305.212062725177,492.59368303355745,167.46928108996042,8.32378890990158,50.68856300815815,1.2418611874163137,5.094501746200462,28.946130060875447,8.0,D,fora,0.45,Ceará,0.0,36.0,2
2024,Ceará,2024-11-19,9222.229050745285,426.1278896317404,180.31644059622974,8.680918895221394,52.37837483559842,1.973058965366067,7.200714818062252,29.13068610258658,10.0,V,casa,2.08,América-MG,3.0,36.0,2
2024,Avaí,2024-11-22,9838.666501302787,526.9269601166059,135.24433699662046,8.241958181771274,56.76777584294301,0.9285723499213164,5.805166653767768,27.84123906818357,9.0,V,casa,1.1,Ponte Preta,3.0,38.0,2
2024,Coritiba,2024-11-22,8935.846979937938,386.81991704814277,140.18542873821008,7.603446496052106,47.97275707395004,0.5528944053580754,7.05020400012289,29.19591385296015,7.0,D,casa,1.03,Botafogo-SP,0.0,34.0,2
2024,Ponte Preta,2024-11-22,9537.704012939439,508.23460892478414,165.717150110328,9.545275819961867,61.02216971229032,1.2547839499560833,6.650939823046766,28.390280425887443,10.0,D,fora,1.08,Avaí,0.0,38.0,2
2024,Ituano,2024-11-23,10422.476676273067,522.9143078102691,161.5743704722119,9.161667283591559,58.181011977156146,0.9520874094442386,6.7807544550790535,28.229797472370574,9.0,D,casa,0.86,Amazonas,0.0,38.0,2
2024,Amazonas,2024-11-23,10153.269009898471,567.7201974604951,171.75825568080612,9.732818901244306,60.45774854321993,0.6861179673783045,6.069197689508638,29.02974884857121,9.0,V,fora,0.79,Ituano,3.0,38.0,2
2024,Vila Nova,2024-11-24,8791.524206503049,312.6484713780377,73.62770717657237,4.335516531414616,33.31588319041517,0.5910343770191983,4.731658836284785,27.232117707614638,10.0,D,fora,1.22,Paysandu,0.0,38.0,2
2024,Sport,2024-11-24,8565.019905829035,345.57639087213465,106.07062196107904,6.149659413111058,44.37454559947164,1.8442330247440757,6.661535089217594,27.936447693551507,9.0,V,casa,3.61,Santos,3.0,36.0,2
2024,Santos,2024-11-24,8077.602777401353,295.7005473494881,80.04933537013538,4.767066389070258,34.81351422270952,0.221322360883545,4.325620464932921,27.29028248309167,8.0,D,fora,0.64,Sport,0.0,38.0,2
2024,Brusque,2024-11-24,9914.822615029372,407.39151776517593,115.7283530849944,6.111581717545587,42.68541818058338,0.7120882429510907,3.973033606121317,28.04290694647243,10.0,D,fora,0.67,América-MG,0.0,37.0,2
2024,CRB,2024-11-24,9849.91150320724,471.93925514057906,151.60509921467536,8.497018014507521,55.301730261974704,0.27016995383969783,5.933456327558299,28.214198789041422,8.0,E,casa,0.7,Operário-PR,1.0,38.0,2
2024,Ceará,2024-11-24,9412.373125893297,436.1890870217203,158.99702910096298,9.278511445910166,56.09215422104548,1.8980019447503456,6.115370908409288,28.942926263501953,9.0,E,fora,1.49,Guarani,1.0,37.0,2
2024,Chapecoense,2024-11-24,9563.863741010315,422.04070518174615,132.1849760817451,8.005778563603032,52.91403670719934,1.5635284036056358,5.859219755068391,28.45180227575958,10.0,D,fora,0.3,Mirassol,0.0,36.0,2
2024,Goiás,2024-11-24,9231.647368171654,462.67532732309485,195.0875512733281,10.059022526244167,56.09920720742612,2.405433271772939,6.669238068623638,30.905812597200615,9.0,V,casa,0.41,Novorizontino,3.0,37.0,2
2024,Guarani,2024-11-24,9408.668906176817,438.38196511189557,155.75717456618347,9.355711070747228,52.22697762089174,1.0278920913442318,5.550511326639022,29.398299004992175,9.0,E,casa,0.03,Ceará,1.0,38.0,2
2024,Mirassol,2024-11-24,9419.345274368787,422.3137348244919,156.078218307381,8.611716261986452,54.929458520278,0.6925103369402656,5.445372789654263,29.22118412949767,10.0,V,casa,0.91,Chapecoense,3.0,38.0,2
2024,Novorizontino,2024-11-24,9453.734409605959,474.8333432000214,185.52112265945192,10.003367442608019,55.815971310706914,1.5669264150437974,8.557801960836837,29.950892020036967,8.0,D,fora,2.84,Goiás,0.0,37.0,2
2024,América-MG,2024-11-24,10085.26898550903,465.48675139194455,149.00313663794694,8.406609432037463,55.19862292744681,1.5495564213812516,5.310032693796783,28.5511350647116,9.0,V,casa,3.36,Brusque,3.0,37.0,2
2024,Operário-PR,2024-11-24,9744.23482710959,444.97836808321233,140.5253355901232,7.167116501897577,49.5488134282903,0.842891463243218,5.901382889003421,28.797690109169288,10.0,E,fora,1.43,CRB,1.0,35.0,2
2024,Paysandu,2024-11-24,8800.612897459796,385.77627322816994,116.38055641421947,6.583878735679648,43.961704755949356,0.8490806659037012,5.414981063510978,27.75644607525042,9.0,V,casa,2.38,Vila Nova,3.0,37.0,2
2025,Amazonas,2025-04-04,9206.806977794782,488.0003042571311,190.95631546465552,9.441319229297553,54.43230149227939,2.4449134132342594,6.663949171161609,29.388190132935062,9.0,D,fora,0.77,Goiás,0.0,1.0,1
2025,Goiás,2025-04-04,9134.288092289515,532.0882885672082,203.45287491875925,10.741553796159527,62.325777488921716,1.5957302215657312,5.954967208271787,30.017871787296897,10.0,V,casa,0.4,Amazonas,3.0,1.0,1
2025,Operário-PR,2025-04-05,9731.742298722651,508.3442319463767,188.60890021499935,10.3600101176173,59.301344125458456,1.2530261793347668,6.145758694827368,29.515603895282656,9.0,V,fora,1.27,Criciúma,3.0,1.0,1
2025,Athletico-PR,2025-04-05,9312.93664816211,422.32289013775613,133.74858577205126,7.70946188289585,51.607945308751965,1.8502958444703357,6.78347828570123,28.925330683297922,10.0,V,fora,1.16,Paysandu,3.0,1.0,1
2025,CRB,2025-04-05,10108.669143896723,487.8269473696486,173.48781163628732,8.18760650269974,50.16834983498351,0.7344673407270057,4.933614502793035,29.013296948069367,10.0,V,casa,1.87,Chapecoense,3.0,1.0,1
2025,Coritiba,2025-04-05,9464.385887633742,474.4436316985811,135.3498903659825,6.302721793635489,47.62964813794371,1.4458843045414889,6.199279515084723,28.155533360885343,10.0,V,casa,1.47,Vila Nova,3.0,1.0,1
2025,Chapecoense,2025-04-05,10299.709530011954,564.4724010953877,191.40924393227505,9.008961744835831,52.669421307236796,1.5013992604742972,6.132026189218495,29.032190219355556,8.0,D,fora,1.54,CRB,0.0,1.0,1
2025,América-MG,2025-04-05,9476.812356822666,503.60604339250494,197.415461000538,10.544120136273982,57.66535807781962,1.6141395015241171,5.593236865698404,30.00755603370988,9.0,V,casa,2.19,Botafogo-SP,3.0,1.0,1
2025,Criciúma,2025-04-05,10154.907701460072,579.1781116566183,191.42633509779145,8.926581215717002,57.860540691816844,1.295211015336393,6.33084949864867,28.843872639170964,7.0,D,casa,1.31,Operário-PR,0.0,1.0,1
2025,Vila Nova,2025-04-05,9368.16439597908,451.2584564032397,137.93872453821197,7.150081874958621,51.740928872508995,1.3908137841237613,7.34645013572264,29.152501489638738,10.0,D,fora,0.07,Coritiba,0.0,1.0,1
2025,Paysandu,2025-04-05,9112.984333450995,344.27074296322445,106.600151913297,6.352390477311056,42.59348877645737,1.529394046358395,7.178080558497079,28.211284987776338,9.0,D,casa,0.71,Athletico-PR,0.0,1.0,1
2025,Botafogo-SP,2025-04-05,9462.686459784461,477.1320565257609,193.3798972461523,10.130666785543136,55.66714027794804,1.3037680125711866,6.3172605289259876,29.46954273423308,10.0,D,fora,1.04,América-MG,0.0,1.0,1
2025,Remo,2025-04-06,10166.682759951915,523.0542342456887,180.1761468398909,9.361565028434047,58.98360268620833,1.0401741874335384,5.617699269499283,28.9824217485783,10.0,E,fora,1.19,Ferroviária,1.0,1.0,1
2025,Novorizontino,2025-04-06,10073.968115182026,552.0015575038079,150.16666197690776,7.8467689499203495,57.7647549504087,1.04701115077381,6.382552236549887,28.377461251351694,10.0,E,fora,0.73,Avaí,1.0,1.0,1
2025,Volta Redonda,2025-04-06,10385.26501468609,545.0133067696448,148.91861225206247,6.7396462465625175,52.0250940260956,0.31672108127084425,5.267411737171611,28.63041951904511,10.0,D,casa,1.6,Cuiabá,0.0,1.0,1
2025,Ferroviária,2025-04-06,9776.734866704413,476.18294129693646,189.41066870655695,9.216260736528893,56.160676416378536,1.1919356470829165,6.615141005408921,29.769464287865464,10.0,E,casa,2.52,Remo,1.0,1.0,1
2025,Avaí,2025-04-06,10137.875333069422,624.1242270366239,182.99333717205892,10.795984933002243,66.17935257494513,1.4040822446947618,6.153573493600126,28.103054186010247,9.0,E,casa,1.21,Novorizontino,1.0,1.0,1
2025,Cuiabá,2025-04-06,9678.039293069114,439.5183514255186,159.10840509495364,8.194649934431007,53.10987590460926,1.0923086356792464,6.119486497644373,29.590309145660306,9.0,V,fora,2.06,Volta Redonda,3.0,1.0,1
2025,Atlético-GO,2025-04-07,9760.771499801192,511.97801471172966,221.39625168986083,9.544607952286285,59.40391795891318,1.4319016567263088,6.9192910536779335,29.88250762094102,8.0,V,casa,1.99,Athletic,3.0,1.0,1
2025,Athletic,2025-04-07,9745.60864223472,577.4623663556023,214.70074865583095,10.902235461343553,66.52212384895867,1.000195043569619,8.119280761386815,29.857809776898833,9.0,D,fora,1.3,Atlético-GO,0.0,1.0,1
2025,Athletico-PR,2025-04-10,10121.30421254237,542.4453636158192,217.62884711864405,9.355377288135593,60.1020220338983,0.6096724293785312,6.000957740112994,29.62118305084746,10.0,V,casa,2.93,Criciúma,3.0,2.0,1
2025,Criciúma,2025-04-10,10157.901484231736,513.451460686876,182.66210296348285,9.270593375744268,57.76221695229902,1.0181346358470489,5.297333318240475,29.206005071200565,10.0,D,fora,0.38,Athletico-PR,0.0,2.0,1
2025,Avaí,2025-04-11,9178.595212568132,421.7418968900289,147.39025482526452,7.619766207117667,48.59181532542482,0.6922899647322861,6.695014684193652,29.098649567168966,9.0,E,fora,1.22,Cuiabá,1.0,2.0,1
2025,Cuiabá,2025-04-11,9065.799236830855,386.62978127491425,158.47884502062465,8.008385385975252,49.29113880319363,1.559227356234185,8.11256427143633,30.079844477567104,10.0,E,casa,2.46,Avaí,1.0,2.0,1
2025,Chapecoense,2025-04-12,9595.618637786829,504.85826677176385,205.92261637327033,8.572216784901034,55.27412408039937,1.4779877167630056,6.897327903310562,29.173225389735506,10.0,D,casa,0.93,Coritiba,0.0,2.0,1
2025,Amazonas,2025-04-12,9371.445683825328,357.7635720641559,91.09072864992325,5.804906457855982,41.24188830556359,1.1003978599870974,4.503235267946521,27.978594309612262,10.0,E,casa,1.47,Ferroviária,1.0,2.0,1
2025,Paysandu,2025-04-12,9585.7976969382,442.6257385994543,145.63722879043783,8.31328223117232,53.78539820709367,0.5206435407734614,5.8458230479407565,28.770542635658916,8.0,D,fora,0.38,Vila Nova,0.0,2.0,1
2025,Operário-PR,2025-04-12,9354.09968801653,501.66158321854914,217.77237408172638,11.26166896235078,62.707924931129476,2.1690672635445365,6.611210629017448,30.048635215794302,10.0,D,casa,0.72,Goiás,0.0,2.0,1
2025,Coritiba,2025-04-12,9558.699115157819,511.5723270530705,196.24587272787616,8.761307017446812,54.86145648253659,0.8960202015732003,5.575507417938023,28.817974532299278,10.0,V,fora,0.85,Chapecoense,3.0,2.0,1
2025,Volta Redonda,2025-04-12,9681.653585289696,481.5776168613392,123.95915404186422,6.97340534289349,51.414367063721535,1.0399064415404187,7.075989476118886,28.15050190817625,10.0,D,fora,0.32,Novorizontino,0.0,2.0,1
2025,Ferroviária,2025-04-12,8992.00657575528,334.17777269629744,80.68547709547965,5.586144620277126,38.70682335125312,1.0907812523661693,5.178587870068903,27.81915953660937,7.0,E,fora,0.16,Amazonas,1.0,2.0,1
2025,Novorizontino,2025-04-12,9799.035990047534,488.26275369238607,165.6812035268653,8.784108203887616,54.71936327561326,0.6675758636788047,6.874893048128343,29.0680576776165,10.0,V,casa,3.45,Volta Redonda,3.0,2.0,1
2025,Goiás,2025-04-12,9327.332559909959,478.4822987720828,180.2836071171137,10.015612377808969,56.79109589387558,1.1384886882405756,5.4627001530154145,30.313837146072807,9.0,V,fora,0.59,Operário-PR,3.0,2.0,1
2025,Vila Nova,2025-04-12,9782.8574546708,557.1761130644604,194.1011586809146,11.374122256693093,66.59723704469722,1.034926577042399,6.515493278179937,29.01524301964839,10.0,V,casa,0.89,Paysandu,3.0,2.0,1
2025,Botafogo-SP,2025-04-13,9111.873117742633,450.5698100086655,194.47835951039863,8.286540727902947,51.08132138214905,1.4617954939341422,7.995143847487001,29.112274696707104,10.0,E,casa,1.34,Atlético-GO,1.0,2.0,1
2025,Athletic,2025-04-13,10094.724728569468,572.0435810284825,232.546511241872,11.128546341240042,62.74679057148091,1.8550401822511222,5.460394724791649,29.53338790182251,10.0,D,casa,2.71,CRB,0.0,2.0,1
2025,Remo,2025-04-13,9623.396882076808,409.0572671044688,140.93586313960796,6.543027241477028,47.015065608713336,0.6654221751290614,5.654124909133472,28.032321377967797,9.0,V,casa,1.43,América-MG,3.0,2.0,1
2025,América-MG,2025-04-13,9284.93065926769,438.31297612272004,125.85969170935307,6.463350814429357,44.638655175217494,0.6093174241808278,4.756957340705206,27.814975472260613,8.0,D,fora,0.65,Remo,0.0,2.0,1
2025,Atlético-GO,2025-04-13,9235.152975605753,465.56091035905604,164.1538788141653,8.650369723469352,53.487100237964064,1.4768428147748716,6.5408293574970395,28.608886726763338,9.0,E,fora,0.76,Botafogo-SP,1.0,2.0,1
2025,CRB,2025-04-13,10184.143381123058,569.6339904420549,224.55840726776208,10.754436376049277,60.74743394001459,1.1157020279600924,4.750330804201773,29.794232649071358,7.0,V,fora,1.44,Athletic,3.0,2.0,1
2025,Cuiabá,2025-04-15,9138.920994152048,399.18321984615227,146.95922175568793,8.398441015959817,51.36191072920397,1.8555093361108403,6.3457350085169635,30.03796287254934,10.0,V,casa,0.7,Athletico-PR,3.0,3.0,1
2025,Athletico-PR,2025-04-15,9210.999031495501,406.1686986317725,129.58830392320735,7.30743176771174,47.709570787268085,0.7520547291005039,5.588231094343227,28.886918264523985,9.0,D,fora,0.72,Cuiabá,0.0,3.0,1
2025,Chapecoense,2025-04-16,9312.854084737579,432.19322170016835,134.06708847046076,7.523203918936423,49.07004039048056,0.8474911977013931,6.781948870126353,29.560015779371415,9.0,V,fora,1.69,Paysandu,3.0,3.0,1
2025,Operário-PR,2025-04-16,9871.6304840492,510.99907021716155,135.88390914768905,7.998935932545403,56.53821682521381,0.9728725857595849,6.702385653886809,28.25779643509177,10.0,D,fora,0.18,Avaí,0.0,3.0,1
2025,Avaí,2025-04-16,10082.19148397443,463.6134170793969,138.53350686186806,8.248249187266817,55.1780113673554,1.569678506752776,6.872545873060894,27.859634979163488,10.0,V,casa,0.65,Operário-PR,3.0,3.0,1
2025,Paysandu,2025-04-16,9058.704167694548,396.53035756357843,127.47706132631143,7.357600304899177,47.52356870625736,0.9965255353059387,6.609569260619501,28.507350841937498,8.0,D,casa,1.14,Chapecoense,0.0,3.0,1
2025,Remo,2025-04-17,9378.183527134735,412.3361553203371,115.4776965935628,7.080868996852473,45.689636003655195,1.142176616915423,6.1669301451924055,28.934533962838866,9.0,E,fora,1.6,Botafogo-SP,1.0,3.0,1
2025,Criciúma,2025-04-17,9960.856818828646,495.25398870550276,135.94072551458316,7.86507613701301,51.33103286384978,1.1097812811635126,4.738960861429517,28.620750277320248,10.0,V,casa,1.42,Athletic,3.0,3.0,1
2025,Vila Nova,2025-04-17,8231.951318375266,410.5461783911211,141.10530406392118,7.606349459673717,44.97007990153127,1.4091451787874993,7.603950849084156,28.583246755956104,10.0,E,fora,0.63,Goiás,1.0,3.0,1
2025,Athletic,2025-04-17,9354.296953479949,471.7319202278264,154.23026684006058,9.037199578586948,53.48270543886218,1.7765291038388094,5.631352966352803,28.55081978007507,7.0,D,fora,0.05,Criciúma,0.0,3.0,1
2025,Coritiba,2025-04-17,8541.14842421442,380.8004627834634,119.6975698796267,6.896266850006763,45.24140086109735,1.4191896217483433,5.884190298002796,28.49731188855327,10.0,E,casa,0.91,Novorizontino,1.0,3.0,1
2025,Novorizontino,2025-04-17,8850.74602857983,383.18197965304324,95.47704016465744,5.503278447515437,43.186499500147015,0.9523688326962658,5.6118140546897965,27.58814819170832,9.0,E,fora,0.91,Coritiba,1.0,3.0,1
2025,Botafogo-SP,2025-04-17,9413.598435719783,393.6523052697879,139.69937784309607,6.928431940653649,47.11298397368604,0.7555145916439218,7.053181048358877,28.717617747917977,8.0,E,casa,0.94,Remo,1.0,3.0,1
2025,Goiás,2025-04-17,8478.100502592166,468.3829669221907,203.88412608560793,8.972202676355902,52.14342010811769,1.3965767901453383,7.876014046437434,29.92756668734491,9.0,E,casa,0.66,Vila Nova,1.0,3.0,1
2025,Volta Redonda,2025-04-17,9739.41597106233,451.35370755025684,187.0701739959311,7.681218256057135,49.03941043406508,0.641158645022692,5.760948370299762,29.3283429839662,8.0,D,fora,0.72,CRB,0.0,3.0,1
2025,CRB,2025-04-17,9733.300840883516,440.24323325792636,183.54462684870464,8.082141143838031,50.95095922334512,1.7382862891766233,6.036697625245832,29.838237066172546,10.0,V,casa,1.31,Volta Redonda,3.0,3.0,1
2025,Ferroviária,2025-04-18,9761.870265272468,500.85188556323624,172.52865761371748,9.683449126869949,59.789126752985496,1.0526370515924535,7.368557610208547,29.146549001719364,10.0,V,casa,0.78,Atlético-GO,3.0,3.0,1
2025,Atlético-GO,2025-04-18,9912.740155399273,535.5726137137024,184.65241180807618,9.56906363430127,61.25158972323049,1.6583399500907439,8.294158915607984,28.624741946460976,8.0,D,fora,0.42,Ferroviária,0.0,3.0,1
2025,Amazonas,2025-04-18,10140.094264114301,526.4543437369954,185.88750367596057,7.864366486336523,53.18327507282563,0.4998205021500901,4.618898321542516,28.98222499653211,8.0,D,fora,0.2,América-MG,0.0,3.0,1
2025,América-MG,2025-04-18,9887.113479284211,527.3428112436231,212.0310449677354,9.526737277160263,58.58241686092999,1.0128347804542948,5.67497201482032,29.904210727839907,10.0,V,casa,2.31,Amazonas,3.0,3.0,1
2025,Operário-PR,2025-04-19,9080.703976428962,419.5103300224287,145.68958026273629,7.394461223409443,49.022758452558406,0.8776525082540436,6.269903876962513,29.77013777635374,8.0,E,casa,1.24,Paysandu,1.0,4.0,1
2025,Paysandu,2025-04-19,9463.989697047644,333.10253736888734,64.94811455028724,3.859230901140359,35.623885221069486,0.5136071336705823,5.273253022378462,27.28269170310669,8.0,E,fora,0.52,Operário-PR,1.0,4.0,1
2025,Athletico-PR,2025-04-20,10166.40040335392,542.7601758178756,168.449631403557,10.105508163825952,61.489965003642965,2.581564444656786,6.449891188801168,29.746907062575406,10.0,V,casa,1.35,CRB,3.0,4.0,1
2025,Botafogo-SP,2025-04-20,9573.279850073584,476.8372507358352,158.25715093818985,8.141390268579837,51.463541666666664,0.8286341059602648,4.964959529065489,29.911042126563654,7.0,D,fora,0.26,Vila Nova,0.0,4.0,1
2025,CRB,2025-04-20,9961.945535161214,523.9820348828912,159.80302613362264,9.632959764783124,58.19008064170818,1.154982515735838,5.779982872557556,28.742717268743846,8.0,D,fora,0.89,Athletico-PR,0.0,4.0,1
2025,Athletic,2025-04-20,9483.651110673407,533.6863177073076,166.43850535092903,9.453688967675575,60.271350644518854,0.6900121462806119,6.205824962248046,28.51453176635371,10.0,D,fora,1.14,Chapecoense,0.0,4.0,1
2025,América-MG,2025-04-20,9709.66238871105,550.0814868848305,179.80337540013358,10.882158188057023,64.35603597172006,1.2444352071482856,6.734556225963199,28.71810791516017,10.0,V,casa,1.69,Goiás,3.0,4.0,1
2025,Chapecoense,2025-04-20,9157.047486109344,473.6261361708445,179.98318021800912,9.352332569877424,56.875877338083725,1.6222423336302332,5.53531768248717,28.993170250668026,10.0,V,casa,0.51,Athletic,3.0,4.0,1
2025,Vila Nova,2025-04-20,9364.849442945335,501.72315659922873,211.58811388556163,10.306049676850378,59.826687551829,1.660018954601098,6.278071895854998,30.463762488317915,9.0,V,casa,2.04,Botafogo-SP,3.0,4.0,1
2025,Goiás,2025-04-20,9215.007535247325,476.10311625060876,142.40349176417698,7.419859884860821,50.24062377461692,0.6745588620952334,5.731544013886635,29.005809408444374,9.0,D,fora,0.71,América-MG,0.0,4.0,1
2025,Amazonas,2025-04-21,10143.936429216343,474.2917782978018,137.14768679405208,7.461474268025281,50.58260931252419,0.49855871459895723,3.979481491035729,28.118101748631872,6.0,D,casa,1.13,Avaí,0.0,4.0,1
2025,Novorizontino,2025-04-21,9641.516708440888,442.61810544759044,149.62625142108146,7.3416534032393965,46.10282437438977,0.7220371286797649,6.017410488584535,29.457795551513364,8.0,E,casa,1.79,Criciúma,1.0,4.0,1
2025,Avaí,2025-04-21,9613.206738831655,391.542302161542,112.45203250832016,6.949782937107418,47.22916412044662,1.2275957246220424,4.701297038812344,28.232816138302343,10.0,V,fora,1.41,Amazonas,3.0,4.0,1
2025,Criciúma,2025-04-21,9621.044729164858,385.24298185336335,141.21677044442515,6.472482231676611,41.75065379987845,1.7850623286736707,6.251516602374072,29.029349673162084,9.0,E,fora,0.42,Novorizontino,1.0,4.0,1
2025,Atlético-GO,2025-04-22,9671.221704897009,433.0260368316253,161.88997266314928,8.909256280163346,57.101879942851355,0.5071426803613415,5.671853955968547,28.498204542642114,10.0,E,casa,0.98,Cuiabá,1.0,4.0,1
2025,Coritiba,2025-04-22,9448.859430708731,468.01090139667326,155.49234790273007,9.052309369915024,54.50932810522509,1.4245159103236305,5.897936064906888,28.691330681612726,10.0,D,fora,1.76,Remo,0.0,4.0,1
2025,Cuiabá,2025-04-22,9344.49817827184,394.9062618836527,130.24435449771534,6.506978108163404,43.08644670258474,1.1046236104480665,4.420314942371956,28.56253972584055,8.0,E,fora,1.32,Atlético-GO,1.0,4.0,1
2025,Remo,2025-04-22,9393.838907343872,442.40617042978346,136.135362557374,6.781648314710928,48.82099193286661,1.4596666512123884,5.528599146923826,28.255076730492835,10.0,V,casa,0.59,Coritiba,3.0,4.0,1
2025,Remo,2025-04-25,10004.42335486997,515.953382675312,179.63424867895793,9.449096499526961,57.83463172346954,1.2452415949419664,5.500916653206266,28.46755543761681,10.0,E,fora,1.77,Criciúma,1.0,5.0,1
2025,Athletico-PR,2025-04-25,10272.4409471268,612.192766344784,204.72821798321993,9.829418078201678,64.53644166534748,0.7115352224157038,5.414655374386576,30.01656640810511,7.0,D,fora,0.84,Novorizontino,0.0,5.0,1
2025,Novorizontino,2025-04-25,10202.817101670254,549.3263490659372,179.75776197404406,9.84862480358494,62.12045347145434,1.361419542571146,7.542384333352731,29.695265087586563,10.0,V,casa,1.89,Athletico-PR,3.0,5.0,1
2025,Criciúma,2025-04-25,10268.238684726904,563.7682776213122,187.9220766194192,10.178806385336351,60.97932937808765,1.661540237314742,5.608535828062238,29.1835345583822,10.0,E,casa,0.55,Remo,1.0,5.0,1
2025,Coritiba,2025-04-26,9307.645277025475,395.4729993114528,138.9169741794813,8.056423800780351,49.98967362864356,1.85853396832683,5.988602823043378,28.25542804682121,10.0,V,casa,0.61,Operário-PR,3.0,5.0,1
2025,Operário-PR,2025-04-26,9338.407509428287,472.26966312672084,151.28177934337475,9.056597950070566,56.432238263806944,1.4575518845005901,6.661927882279448,28.50510978459545,10.0,D,fora,0.54,Coritiba,0.0,5.0,1
2025,Avaí,2025-04-26,9830.161032812613,532.2633295730436,218.1797418888099,9.600506780783284,57.6076343281752,1.1020461289452388,5.075419476665767,29.781008902077147,9.0,V,casa,2.03,América-MG,3.0,5.0,1
2025,América-MG,2025-04-26,10017.13657328026,583.5283411155339,231.82721320677692,11.366965834864258,64.64523027658707,1.6084490457236171,6.7742900336803435,30.37560981833027,9.0,D,fora,1.21,Avaí,0.0,5.0,1
2025,Vila Nova,2025-04-26,9300.181609250993,479.2007620858706,183.01374205817044,9.495959065227428,57.77249093147493,1.088141447006837,7.320008683799766,28.637843779541402,10.0,V,casa,1.91,Chapecoense,3.0,5.0,1
2025,Chapecoense,2025-04-26,9444.160226761955,510.2984789644013,167.36891653182303,8.291554746494066,54.4099822455951,1.31457277058612,6.977660239122617,28.634235661632506,10.0,D,fora,0.65,Vila Nova,0.0,5.0,1
2025,Athletic,2025-04-27,9241.999278170657,374.57353842875597,92.41348901940415,4.794389974296482,42.19182188661153,1.0793683327340287,5.9923275666893066,27.91467630881511,9.0,V,casa,0.92,Volta Redonda,3.0,5.0,1
2025,Volta Redonda,2025-04-27,9071.53302540307,401.8256852469056,103.5568571798707,6.571175230535503,45.15443864752506,1.1646388571563164,6.1485264571139195,27.872354583034,10.0,D,fora,0.93,Athletic,0.0,4.0,1
2025,Ferroviária,2025-04-27,9209.76817689089,416.46564055342515,147.07306155513854,8.18291958551397,51.82277726621053,1.0491880456447498,6.8183898453253775,29.521523900551333,10.0,D,fora,1.53,Cuiabá,0.0,4.0,1
2025,Cuiabá,2025-04-27,9478.5452901192,439.5653045676945,180.86983865847915,10.049143817248437,58.22082454930548,0.7892838144025218,6.008130671307698,29.51778040477676,10.0,V,casa,1.1,Ferroviária,3.0,5.0,1
2025,Atlético-GO,2025-04-27,8757.724121124009,391.4694673117716,139.5352832662011,6.971168577353003,46.11854970565102,0.21429129823390616,7.079575756131276,28.67006220654479,9.0,E,fora,1.0,Amazonas,1.0,5.0,1
2025,Amazonas,2025-04-27,8974.269822789096,361.8974600711101,72.12456910660873,4.95298916417405,39.74558016818105,0.8892059371296349,6.602053727637,27.045623342175066,8.0,E,casa,1.42,Atlético-GO,1.0,5.0,1
2025,Botafogo-SP,2025-04-28,9948.566190562222,501.12689291884493,172.05682358653553,8.843635542406757,55.48774139274381,0.9136602716832845,7.317297507876104,28.597646766562402,10.0,D,casa,1.19,Goiás,0.0,5.0,1
2025,Goiás,2025-04-28,9772.6008098494,504.7731060849523,158.98267633728216,7.977078646704863,53.359706557031885,0.9976306253393767,6.482900298097275,28.045867086293068,10.0,V,fora,1.06,Botafogo-SP,3.0,5.0,1
2025,Coritiba,2025-05-03,10021.993252780416,553.0762732912312,231.26800234728665,11.167256357234674,61.263558151232324,1.1061579388587717,6.136415357961213,29.114250265466943,10.0,D,fora,1.51,Ferroviária,0.0,6.0,1
2025,Amazonas,2025-05-03,9627.588214679621,522.5683198529412,170.40712683823529,7.326698004201681,51.40546809348739,0.4736747636554622,6.027831276260504,28.51596638655462,9.0,D,fora,1.53,Remo,0.0,6.0,1
2025,Ferroviária,2025-05-03,9652.254421844713,528.322112319621,239.2650267876373,11.507989850312299,62.632849854619856,2.4215128957570538,7.026393360973509,29.162065205685977,8.0,V,casa,1.13,Coritiba,3.0,5.0,1
2025,Volta Redonda,2025-05-03,9626.131708555196,497.1111280201324,147.6573041571711,7.873237387538207,53.94911078229125,0.970829274088155,6.902191236350676,28.970809076868242,10.0,V,casa,1.91,Paysandu,3.0,5.0,1
2025,Paysandu,2025-05-03,9325.40390944329,413.37032481321273,134.08266681647098,6.976493006010898,47.01998134936239,1.5160564013257682,6.570748946688388,28.65465198584349,10.0,D,fora,0.64,Volta Redonda,0.0,5.0,1
2025,Remo,2025-05-03,9214.92651181435,482.07053573556647,167.71145239049648,8.092786908334507,48.75396585159745,1.4636714949676608,5.559326890783614,29.096306728925384,10.0,V,casa,1.7,Amazonas,3.0,6.0,1
2025,Atlético-GO,2025-05-04,9166.228438896534,390.9889747722954,145.19123805779438,8.373850861673548,52.36943227835659,1.6508602319638297,7.4308953541707625,28.73828189502654,8.0,V,casa,0.73,Novorizontino,3.0,6.0,1
2025,Operário-PR,2025-05-04,8660.818935803758,481.85489707724423,181.22513956158664,9.956888517745302,57.49468361169102,0.7513359081419625,6.860140187891441,29.267318371607512,10.0,V,casa,1.46,América-MG,3.0,6.0,1
2025,Criciúma,2025-05-04,9792.546127876914,506.78890686676334,154.47605876789206,8.0574628917334,54.254011854467485,0.5682643294028626,6.584917712339997,28.396792988208585,9.0,D,fora,0.68,Chapecoense,0.0,6.0,1
2025,Athletico-PR,2025-05-04,9157.802662883652,396.0091165141036,123.76311021828275,7.95356583688854,51.06876858716813,1.9879617280371122,5.964314293998261,28.257962970633315,8.0,D,casa,1.56,Botafogo-SP,0.0,6.0,1
2025,Novorizontino,2025-05-04,9654.442881602363,463.1201601665639,140.48516522629197,7.954729740732555,54.33152129156827,0.6276896234864434,6.594798134297977,28.55402859037139,10.0,D,fora,1.09,Atlético-GO,0.0,6.0,1
2025,América-MG,2025-05-04,8911.207678775148,491.5105496262968,220.136122975552,11.516045995884467,61.51238295785311,1.7274328027209436,5.855407555095905,28.94244543719547,10.0,D,fora,0.51,Operário-PR,0.0,6.0,1
2025,Botafogo-SP,2025-05-04,8903.575758505549,339.2156446469933,117.89896068345213,7.310050536955147,45.07424029118912,1.7614633155852355,6.089249917275817,28.453173600457234,7.0,V,fora,2.46,Athletico-PR,3.0,6.0,1
2025,Chapecoense,2025-05-04,9685.48388667287,478.46896135265706,165.7373821078757,8.377539001905776,55.14618268847228,1.1971405619820061,6.582570801755086,29.015542037849578,10.0,V,casa,1.18,Criciúma,3.0,6.0,1
2025,Goiás,2025-05-05,9470.892414561027,499.08760942184153,153.40381596818597,9.0314295503212,58.585448026919536,1.321555215662282,6.715931232792903,28.527875191189967,9.0,V,casa,2.32,Avaí,3.0,6.0,1
2025,Avaí,2025-05-05,9537.187942638742,545.3415692001739,160.1098306506743,9.788874526132622,61.94375924429807,1.677824249580511,6.711762475918216,28.869119383506302,7.0,D,fora,2.08,Goiás,0.0,6.0,1
2025,Cuiabá,2025-05-06,9438.722436494681,441.03154313527284,179.5771965368726,9.394692471653336,54.882358156807584,1.7800449371539067,6.526352839061262,30.08392150830623,10.0,E,fora,0.9,CRB,1.0,6.0,1
2025,CRB,2025-05-06,9735.731450746864,494.8952958723705,184.95326498143893,8.75017456248895,55.0877061605091,0.6969966413293265,5.6673258794414,29.42912321018207,10.0,E,casa,1.2,Cuiabá,1.0,5.0,1
2025,Vila Nova,2025-05-07,9510.989471468934,500.586024875477,150.7389792024701,9.437102036060704,57.01710451195713,1.7042413562086745,7.471309457924326,28.901469517345834,8.0,V,fora,1.15,Athletic,3.0,6.0,1
2025,Athletic,2025-05-07,9847.1583293509,525.1054499419076,191.67430804305414,10.35909222439003,62.34632593112217,1.973270929697262,8.878070236973059,28.67189424995068,10.0,D,casa,0.98,Vila Nova,0.0,6.0,1
2025,Chapecoense,2025-05-09,9213.512931626738,392.14280943004053,124.44438868832732,6.79455683185647,47.2574789410349,0.9865877912701017,6.006278087736572,27.984038945410784,10.0,E,fora,0.85,Athletico-PR,1.0,7.0,1
2025,Athletico-PR,2025-05-09,9396.289033346655,450.1009622130456,162.37721726388702,9.455721178751686,55.812370824267724,2.1339826532273585,6.396386039696283,29.354439560114262,7.0,E,casa,3.02,Chapecoense,1.0,7.0,1
2025,Coritiba,2025-05-10,9421.67526376147,389.9636535201436,118.35895991224574,5.721578579976067,43.751876745113684,0.448686178699641,3.9274765656162742,27.225842640606302,9.0,D,fora,0.51,Goiás,0.0,7.0,1
2025,Atlético-GO,2025-05-10,9888.303157841689,504.27686567665637,160.3634756753125,9.777259776911706,61.78735519419433,1.511230345383685,6.451915737132107,28.831816960086012,10.0,E,fora,0.68,Avaí,1.0,7.0,1
2025,Avaí,2025-05-10,9890.994971522357,544.0094451207582,167.9657477011369,10.370917262668202,63.78300949979348,1.6631631921045191,5.9675897263102975,28.380626508119388,10.0,E,casa,2.41,Atlético-GO,1.0,7.0,1
2025,Goiás,2025-05-10,9699.00089931847,586.7785156837873,135.543779051018,7.834754799733408,54.85665749360393,0.48426375421925044,4.645081160105777,27.68624793068604,10.0,V,casa,2.08,Coritiba,3.0,7.0,1
2025,Ferroviária,2025-05-11,9537.846928192377,467.71090614383735,187.44470124564248,10.891301929524614,63.04761373981393,1.998367897506495,7.694319781512978,29.438046495104025,10.0,E,fora,0.68,Novorizontino,1.0,6.0,1
2025,Criciúma,2025-05-11,10217.987248533058,620.243176941396,195.4412925044806,10.05253922074096,62.97306916108124,0.8839577962731089,6.628467997348457,29.164237313103044,9.0,E,casa,1.21,Volta Redonda,1.0,7.0,1
2025,Operário-PR,2025-05-11,9160.93073547405,404.6238222898937,110.97540933684984,6.241194159710705,47.105815546915366,1.346868593490851,6.973848119851003,28.32960656896599,8.0,V,fora,1.74,Cuiabá,3.0,7.0,1
2025,Cuiabá,2025-05-11,9280.661927707626,397.5218175872286,162.41859980245067,10.092776235350648,55.38075309004511,2.2835233188285855,6.849207400090766,29.09719026135241,8.0,D,casa,1.32,Operário-PR,0.0,7.0,1
2025,Novorizontino,2025-05-11,9848.511691081896,564.4656381537761,159.91488873712368,10.039763929201527,63.10597245461272,1.3335879574298561,6.864288543623014,28.515236469182174,10.0,E,casa,2.21,Ferroviária,1.0,7.0,1
2025,Volta Redonda,2025-05-11,10065.217603337167,594.3621356534169,189.2745174620548,9.950529836827231,64.63417358187118,1.50767023688531,6.734443972882718,28.197673587455462,10.0,E,fora,1.66,Criciúma,1.0,6.0,1
2025,Athletic,2025-05-12,10130.370890945205,607.0607313114674,255.84094460055232,11.010298435153334,66.16804793856886,0.9813605203236279,5.994013613681507,29.494185117000143,9.0,V,fora,2.29,Botafogo-SP,3.0,7.0,1
2025,Botafogo-SP,2025-05-12,9817.97539001176,567.017345677324,211.44408992697535,9.478488225802039,59.19939652107321,1.230625495719717,5.784072969942292,29.688002899105655,8.0,D,casa,0.5,Athletic,0.0,7.0,1
2025,CRB,2025-05-13,8800.449666684379,346.00912081196697,102.70402861545817,4.902513484071525,35.86862555464038,0.599173552621091,5.021749608098414,27.782640752451044,8.0,E,fora,1.07,Amazonas,1.0,6.0,1
2025,Amazonas,2025-05-13,9064.759053547848,370.84081817446844,106.71839423828389,5.45828900207508,39.776594982078855,0.36485164524213765,5.579017705554209,27.7104063923249,8.0,E,casa,1.84,CRB,1.0,7.0,1
2025,Paysandu,2025-05-14,9385.63463053757,488.51824718988985,136.08010055266539,7.63581795725888,52.77025013411181,1.2350408573175145,6.5116763351921865,28.273564379904432,9.0,E,fora,1.16,América-MG,1.0,6.0,1
2025,Remo,2025-05-14,9469.089357814843,444.2112988001636,127.00508385220199,5.727559082852339,46.937491932918235,1.331074967049948,6.341025996455029,27.633148888787893,10.0,V,casa,1.16,Vila Nova,3.0,7.0,1
2025,América-MG,2025-05-14,9711.796305205937,512.3820863220102,133.77896479000316,8.526822077863491,59.57973372580863,1.2171115847881986,6.293492127937927,28.123195515856903,10.0,E,casa,1.23,Paysandu,1.0,7.0,1
2025,Vila Nova,2025-05-14,9263.555002680781,388.9135705730029,148.15147020910098,6.262346197282715,46.202927299483235,1.6427355380385806,7.083704612085192,28.62208964077526,10.0,D,fora,1.28,Remo,0.0,7.0,1
2025,Cuiabá,2025-05-16,9849.95018298017,527.5127202809098,193.55172555404354,10.934846180015553,64.07955336314153,1.311543181376361,6.669964157270607,29.299178654743393,9.0,D,fora,0.64,Chapecoense,0.0,8.0,1
2025,Chapecoense,2025-05-16,10001.866899946106,542.641744701444,156.79463919226578,8.512686398081852,57.60809669933238,1.5832469946437016,6.33407144664049,28.78159611090947,10.0,V,casa,0.6,Cuiabá,3.0,8.0,1
2025,Ferroviária,2025-05-16,9668.961970979579,518.476166895058,234.12599593316244,10.842298536822565,60.27003956325701,2.0877692069666693,6.962942600123774,30.014281451684205,10.0,E,casa,0.97,Avaí,1.0,7.0,1
2025,Avaí,2025-05-16,9996.129772623388,609.3677481510999,232.6922969726093,11.179783757808746,68.03637228818228,2.00419955227904,7.48856951981341,29.68232439844821,9.0,E,fora,1.6,Ferroviária,1.0,8.0,1
2025,Novorizontino,2025-05-17,9776.896716233785,599.2978135197518,167.13642135144457,8.951891465258802,61.600754516753774,1.4313640463746586,7.519702862600484,29.145930278831617,8.0,V,fora,0.87,Athletic,3.0,8.0,1
2025,Athletic,2025-05-17,10066.434181938093,601.134121609203,229.0506276150628,12.0660295373704,69.5719958267112,1.7512969630134172,7.1994920696701366,28.958394689327843,10.0,D,casa,1.68,Novorizontino,0.0,8.0,1
2025,Athletico-PR,2025-05-17,8985.435317633983,438.05856934458694,119.51752978361293,5.8346063005800435,46.57796568372061,0.3126827828140739,6.252316001528257,28.690667222395888,10.0,D,fora,1.4,Vila Nova,0.0,8.0,1
2025,Vila Nova,2025-05-17,8829.954068924144,424.4167686852564,137.68035372633878,7.2334243537691885,50.327213467739334,0.38578077965484364,6.558415730216714,28.58283109620885,10.0,V,casa,2.23,Athletico-PR,3.0,8.0,1
2025,Operário-PR,2025-05-17,9763.994567046813,499.43230410190387,162.02845281890922,7.451212636806771,55.25178906465558,1.8615253379931944,5.89663754253656,28.58813115055643,10.0,V,casa,2.86,Botafogo-SP,3.0,8.0,1
2025,Botafogo-SP,2025-05-17,9637.960955686065,422.3899731777388,122.53215302672056,6.635086822769684,46.10624666310731,0.8010067881931202,5.376850736023186,27.964304782243918,9.0,D,fora,0.25,Operário-PR,0.0,8.0,1
2025,CRB,2025-05-18,9732.817897537325,433.97337361235174,133.44227867806558,6.544082301901237,49.150737399515116,0.8031968865637361,5.053837310195227,28.65467781038663,9.0,V,casa,1.04,Criciúma,3.0,7.0,1
2025,Remo,2025-05-18,9770.076375643379,370.07260832596427,155.60025485794617,6.939021948620275,45.60748826610435,1.8368109879146541,6.020019726549213,29.25247148720042,10.0,E,fora,1.05,Atlético-GO,1.0,8.0,1
2025,Criciúma,2025-05-18,10119.477084465689,534.150758347559,143.43133315124618,7.742696073745306,53.95500293615569,0.7370863776032777,5.900075384090133,27.889316490269717,8.0,D,fora,2.45,CRB,0.0,8.0,1
2025,Paysandu,2025-05-18,8918.812954951525,392.587702432681,145.38612578895618,6.757185976931291,45.481700973706744,0.6655679956019325,6.375322613044075,28.66255510799581,10.0,E,casa,0.87,Goiás,1.0,7.0,1
2025,Goiás,2025-05-18,9356.378780070065,460.7280387032197,153.3415381193349,7.50900895289996,49.646952455096475,0.8002365567480397,6.207820608352333,28.428863927042205,10.0,E,fora,0.75,Paysandu,1.0,8.0,1
2025,Atlético-GO,2025-05-18,9464.295283969428,451.76181022830605,179.37742879260773,8.625840480695977,53.08281020373057,1.325517804920007,5.639419773414269,29.66873141480918,9.0,E,casa,1.8,Remo,1.0,8.0,1
2025,Volta Redonda,2025-05-19,9196.568394114183,426.5265128899352,109.22835432607414,6.357058387286638,44.284466745144194,0.9537782224838138,6.144434490876985,29.05403296056503,9.0,E,casa,5.08,Amazonas,1.0,7.0,1
2025,Amazonas,2025-05-19,8677.807993198801,370.8805540889227,86.58025772965233,5.638619028442734,41.077630169880834,0.8059282294509821,6.710878040777365,27.97373185974018,7.0,E,fora,0.53,Volta Redonda,1.0,8.0,1
2025,Coritiba,2025-05-20,9622.205268670637,515.7757820981898,176.48022634335317,9.25485878948753,57.57192601095249,1.0759888322930866,6.133423727192292,29.086611904249466,10.0,V,casa,0.56,América-MG,3.0,8.0,1
2025,América-MG,2025-05-20,9720.572722356823,515.5397724639207,187.5083893395133,9.900722637733065,60.67706415253344,2.1065223498016077,7.7960430492643695,29.19072650022823,10.0,D,fora,1.29,Coritiba,0.0,8.0,1
2025,Chapecoense,2025-05-24,9763.015343772046,514.2423363650106,109.06104643253049,7.1412464728408755,49.76926622493198,1.0204162047767813,4.647934470422252,27.976298750377914,9.0,D,fora,0.52,Avaí,0.0,9.0,1
2025,Ferroviária,2025-05-24,9154.706271278956,433.0160701167856,145.0213394512105,7.164777971093599,48.30478399799862,1.2274346990527527,6.039198535348367,28.59728675559195,10.0,D,fora,0.57,Goiás,0.0,8.0,1
2025,Remo,2025-05-24,9261.783940087944,428.4348118587394,130.47791029223163,5.257741961341151,42.87438232869182,1.135047980029315,5.97771722700623,27.791394512641997,10.0,E,casa,0.7,Volta Redonda,1.0,9.0,1
2025,Goiás,2025-05-24,9630.12258248287,503.828392319737,180.40459472065209,8.793732412353275,56.1688495152639,0.6988207531455096,5.497056269364457,29.282113071772034,10.0,V,casa,0.97,Ferroviária,3.0,9.0,1
2025,Avaí,2025-05-24,9919.588636351986,545.8031922692436,176.47380693614951,10.724381488221875,63.668740804347266,1.038478199574501,6.34346986901802,28.684451336733908,9.0,V,casa,2.6,Chapecoense,3.0,9.0,1
2025,Volta Redonda,2025-05-24,9358.432627136552,444.58358584566804,155.73548780623423,7.605823204297011,49.14293795803076,0.900270453610311,6.604576248568221,29.207187260211516,10.0,E,fora,0.56,Remo,1.0,8.0,1
2025,Athletico-PR,2025-05-24,9637.244714141973,436.4923888392706,140.30853922422077,8.342460628808519,52.296378189546985,1.729997399749019,6.815706307304444,29.27988197121635,10.0,V,casa,0.84,Athletic,3.0,9.0,1
2025,Athletic,2025-05-24,9656.047277003965,463.1288572318051,147.76851224518032,8.301803569781384,53.02783045844479,1.9706692187067611,6.849946153491375,28.73304123235864,10.0,D,fora,0.18,Athletico-PR,0.0,9.0,1
2025,Operário-PR,2025-05-25,8860.451408056042,382.86577863397554,92.3691483362522,5.044909807355515,39.879020315236424,1.2618108581436078,5.358440980735552,27.974457092819613,6.0,D,fora,1.53,Amazonas,0.0,9.0,1
2025,Novorizontino,2025-05-25,9867.101874508335,508.1964250483862,172.28542723356435,9.664633576824622,59.787245426734096,1.1237794842979334,5.504771430355248,28.59934444652556,9.0,V,casa,1.66,Paysandu,3.0,9.0,1
2025,Paysandu,2025-05-25,9366.121065259942,395.00407945438207,161.5462995974344,7.4215122677861345,49.08418840561868,0.8869896219330534,4.874873998202612,28.964517598394657,9.0,D,fora,0.8,Novorizontino,0.0,8.0,1
2025,Amazonas,2025-05-25,9043.12980721551,363.780460312277,113.6395508145568,5.98574507456188,41.90730452450927,1.8506223770303447,6.641561022217385,28.447008453974814,10.0,V,casa,2.81,Operário-PR,3.0,9.0,1
2025,CRB,2025-05-26,10801.259289980197,655.7324110347816,166.54408946032925,7.798387950241367,59.59923319717788,0.2789949251144944,5.2896886990964225,28.372473387795523,7.0,D,fora,2.34,Botafogo-SP,0.0,8.0,1
2025,Botafogo-SP,2025-05-26,10491.162439999998,486.2044297674418,197.47603255813954,9.312747906976742,58.186133953488365,1.6743646511627905,6.905940465116279,29.74718139534884,10.0,V,casa,1.58,CRB,3.0,9.0,1
2025,Criciúma,2025-05-26,10047.039332372515,460.7212059683777,137.08432283497945,8.010713407655462,52.26462337332033,0.7635221058878386,6.35858674918401,28.082179644779792,8.0,D,casa,1.35,Coritiba,0.0,9.0,1
2025,Coritiba,2025-05-26,9500.336279101277,390.41269018855144,123.46455854126681,6.91088009484024,46.034554476685116,0.7122296488653044,4.470727447216891,27.53140679688382,10.0,V,fora,0.68,Criciúma,3.0,9.0,1
2025,Vila Nova,2025-05-27,9120.167812956255,402.1047676147732,101.34696709565782,6.204619585789217,45.382300465040835,1.2155170875466395,5.231397961390797,28.409288649759368,8.0,D,fora,0.3,Cuiabá,0.0,9.0,1
2025,América-MG,2025-05-27,10241.710438161137,544.6555850070189,183.63993854248415,9.647979528899402,62.67327294432346,0.9934671544949097,6.563507941946965,28.2814444726923,10.0,V,casa,0.89,Atlético-GO,3.0,9.0,1
2025,Cuiabá,2025-05-27,9062.530777518105,357.5658490447395,137.14012942914934,7.073061863989353,47.72543665307747,2.168670914597721,5.374853959903164,29.284258900219037,10.0,V,casa,0.44,Vila Nova,3.0,9.0,1
2025,Atlético-GO,2025-05-27,10142.49911389427,513.0212849432604,191.30930044284528,10.585527539440909,63.895296844727376,1.1183034874065874,6.099359950179906,28.430567395516192,8.0,D,fora,0.67,América-MG,0.0,9.0,1
2025,Botafogo-SP,2025-05-30,9979.572702286121,549.2465178961153,198.2646776789612,9.697768441728504,58.92648174923614,0.614439655172414,6.752652498908775,30.043052979048454,8.0,E,fora,0.75,Ferroviária,1.0,10.0,1
2025,Ferroviária,2025-05-30,9869.600604243282,433.120140311174,183.6157437057991,9.267565487977368,55.50272135785007,1.4255338048090522,7.128826025459688,29.416130127298445,10.0,E,casa,1.88,Botafogo-SP,1.0,9.0,1
2025,Vila Nova,2025-05-30,9163.634027924878,404.64739867221203,122.40469827697554,6.857966081992199,45.102556637648206,1.1615193355893672,6.74139676061068,28.64393712381494,8.0,D,casa,0.87,Novorizontino,0.0,10.0,1
2025,Novorizontino,2025-05-30,9005.056392253588,411.0465295820575,130.27389400415956,7.24230281241182,49.3836125539542,1.691596835383506,7.619177701368059,28.89699737675449,10.0,V,fora,0.49,Vila Nova,3.0,10.0,1
2025,Athletic,2025-05-31,9929.364144505556,498.4705982082105,150.9301358017691,8.674784673395328,56.51956410183715,2.042814555454752,7.017793859151734,28.591924189158537,8.0,D,casa,0.22,Cuiabá,0.0,10.0,1
2025,Avaí,2025-05-31,9181.995187420498,528.4541116133048,179.64191845516797,10.110865923299684,59.314675092695346,1.3395277274080493,6.70096146039135,28.8864407697096,8.0,D,fora,0.73,Coritiba,0.0,10.0,1
2025,Cuiabá,2025-05-31,9665.349664454277,432.97436049655846,137.28326413470992,7.412407940019666,49.33597308259587,1.1063842182890855,5.308972713864307,29.446297935103246,9.0,V,fora,1.06,Athletic,3.0,10.0,1
2025,Goiás,2025-05-31,9428.392954371595,477.6105364309336,129.224608621968,7.837779660817475,55.39678706351729,0.8460944579787925,6.779060480881262,28.063792677329378,9.0,V,fora,1.59,Atlético-GO,3.0,10.0,1
2025,Atlético-GO,2025-05-31,9342.873353247709,455.2705336088008,149.2305216338562,9.119972365512158,56.850122118117696,1.5391587272344454,6.750904568901989,28.5257974523634,8.0,D,casa,1.44,Goiás,0.0,10.0,1
2025,Coritiba,2025-05-31,9266.817572713047,431.54663806164774,164.0795078363677,8.94296378629443,53.65029892451752,1.2285469809493057,5.367103276123297,28.42719753607709,9.0,V,casa,0.91,Avaí,3.0,10.0,1
2025,Athletico-PR,2025-06-01,9338.735603145973,475.731790447808,153.3651232956519,9.478576694264875,56.86972203860761,1.1088940923400965,5.746814031392496,29.094075534691964,10.0,E,fora,0.93,Operário-PR,1.0,10.0,1
2025,Volta Redonda,2025-06-01,10263.21087170715,577.4323831679781,156.82685163644658,7.799393773520356,55.62891709430949,0.8218645227505987,6.568101721975139,29.027458091002394,10.0,V,casa,0.91,América-MG,3.0,9.0,1
2025,América-MG,2025-06-01,9877.24564383532,518.8168830452372,151.48875884300026,8.079688466780608,54.910002055253884,2.238128204573481,6.231626030331221,28.025227700495428,10.0,D,fora,0.74,Volta Redonda,0.0,10.0,1
2025,Remo,2025-06-01,10260.146549597164,522.7336827303235,222.05307229324896,9.780557857696019,55.63746042960205,1.4675475184435418,5.990940586660871,29.60497534067905,8.0,D,fora,3.74,CRB,0.0,10.0,1
2025,CRB,2025-06-01,10402.508762042862,524.8913284014943,202.7226380013763,8.51617073830122,53.197887337790014,0.5531262288635471,5.528581768580418,29.26815154345261,9.0,V,casa,1.97,Remo,3.0,9.0,1
2025,Operário-PR,2025-06-01,9233.733962342156,473.6085502675502,159.7817443330144,9.673186978040802,56.76752601674995,1.4882223560957748,6.910023034125943,28.870420638576846,10.0,E,casa,1.03,Athletico-PR,1.0,10.0,1
2025,Chapecoense,2025-06-02,9786.255436758087,588.1720133325538,187.24923185778613,8.73664113209754,56.62836570960763,1.7891232091690548,7.47315969826326,28.914466990234498,10.0,V,casa,1.79,Amazonas,3.0,10.0,1
2025,Amazonas,2025-06-02,9362.092662465537,418.60731354506066,144.85339825987325,6.927368684879515,44.47029145332808,1.4508879659135665,5.802156539797343,28.539525224676854,6.0,D,fora,0.54,Chapecoense,0.0,10.0,1
2025,Criciúma,2025-06-03,9342.105257622565,522.2291196776359,217.8377446608462,10.759367494963062,60.32283626595029,0.7262601746138347,5.55956924110141,29.357410342511752,8.0,V,fora,0.33,Paysandu,3.0,10.0,1
2025,Paysandu,2025-06-03,9043.027769081422,508.48191481616306,188.05970088581483,9.501466448246571,53.73162480281518,1.7475900982890427,6.226201917243052,29.17339521902682,9.0,D,casa,1.7,Criciúma,0.0,9.0,1
2025,Coritiba,2025-06-05,10015.00014597939,504.0248019103185,155.41178210135038,7.941231002681974,51.7689412083,1.6930395708841106,6.457571872206277,28.616457676563307,10.0,E,fora,0.3,Botafogo-SP,1.0,11.0,1
2025,Botafogo-SP,2025-06-05,9806.532981006374,443.1602775909377,118.7658530049219,6.533080191751279,49.48571677183093,0.3850047510756649,6.534183936025965,27.555653780041208,10.0,E,casa,0.33,Coritiba,1.0,11.0,1
2025,Novorizontino,2025-06-06,9896.437319367567,561.4668416937625,194.4506280870709,10.61022226910571,64.66936732110501,0.8939794981260394,5.696421107498324,28.963055672764273,9.0,V,casa,0.52,Chapecoense,3.0,11.0,1
2025,Chapecoense,2025-06-06,9571.976697472466,519.4181820568066,171.95862533221046,9.15386775015585,57.28787954020976,1.476611617249789,6.594905996740782,28.849513851672803,10.0,D,fora,0.22,Novorizontino,0.0,11.0,1
2025,Avaí,2025-06-07,10167.078265243359,615.8109891611879,203.95712026570803,10.453900195453985,65.56616418134848,1.2290804094966035,6.271980645954922,29.32418162185804,8.0,V,casa,1.11,CRB,3.0,11.0,1
2025,Ferroviária,2025-06-07,9315.695568497496,459.0718148609927,172.348834897303,8.563256775378964,54.825717785506505,1.6737614016667763,5.905605354682066,29.202296738631148,10.0,V,fora,1.29,América-MG,3.0,10.0,1
2025,CRB,2025-06-07,9918.196316036512,570.1951758297408,186.32096023913337,9.673562049926506,62.14484788596696,1.8902304870366475,5.336157314196073,28.32905915339863,9.0,D,fora,0.53,Avaí,0.0,10.0,1
2025,Paysandu,2025-06-07,8680.768626761706,330.49038008501617,135.7017534314733,6.912412360875256,44.29307183109256,1.6553391452954473,7.107245843834166,29.164321330838373,10.0,D,fora,0.85,Cuiabá,0.0,10.0,1
2025,Cuiabá,2025-06-07,8751.095090309174,351.519148513495,168.61709115403937,8.52837797415171,49.21699901813034,2.3637702653331507,6.677934420240216,30.09889825090195,10.0,V,casa,1.87,Paysandu,3.0,11.0,1
2025,América-MG,2025-06-07,9762.755084288752,489.573755069382,176.37711280882127,9.471160422649453,55.93204978407173,1.5776639191529473,5.227500493237169,29.102673345463312,10.0,D,casa,0.9,Ferroviária,0.0,11.0,1
2025,Volta Redonda,2025-06-08,9386.943156234667,459.74214943576084,157.20168248405412,8.074856381860236,51.22341038760777,1.0110515174879091,6.308028036728113,28.924386346113412,8.0,D,fora,1.28,Goiás,0.0,10.0,1
2025,Remo,2025-06-08,9392.656735055389,413.9632782907269,164.55773467926863,7.206889870300045,47.390656871428405,1.311242159158467,6.332651994030647,29.554677812693367,9.0,V,casa,1.95,Operário-PR,3.0,11.0,1
2025,Operário-PR,2025-06-08,9363.806420012683,537.3060218283769,177.7342589811199,9.81094133484641,61.28035190191693,0.9005467107239412,6.5089440717377025,29.460990398629328,10.0,D,fora,0.74,Remo,0.0,11.0,1
2025,Goiás,2025-06-08,9338.77642408666,510.71086481124524,170.84567414020492,7.606589113207758,53.06044627055786,1.1161200725936447,6.595481947403425,28.747010021079205,10.0,V,casa,1.24,Volta Redonda,3.0,11.0,1
2025,Atlético-GO,2025-06-08,10288.190119249666,450.6112831621261,139.1825458910228,7.436442384993302,53.96483251451542,1.608091782045556,6.331263957123716,29.02755024564538,10.0,V,fora,0.53,Athletico-PR,3.0,11.0,1
2025,Athletico-PR,2025-06-08,10041.882772552894,471.03716675861887,137.41872297566044,8.198582994393051,52.543161575077946,1.1556489049128165,6.352880842710324,29.10219915575001,8.0,D,casa,1.01,Atlético-GO,0.0,11.0,1
2025,Amazonas,2025-06-09,9172.935207160725,392.02452548467795,128.89178470919325,7.879488742964352,46.716378986866786,1.547689962476548,4.783533458411507,28.213836772983115,7.0,V,casa,1.4,Athletic,3.0,11.0,1
2025,Athletic,2025-06-09,9612.336001374491,414.20267682263335,142.05189508046504,6.288457133039344,45.76934883454556,0.927903327415383,6.287571731286867,28.922553118378097,10.0,D,fora,1.09,Amazonas,0.0,11.0,1
2025,Criciúma,2025-06-09,9863.390969815106,543.8384937625307,155.08296814435286,8.121092670973491,53.13170951214079,1.2042320115838718,5.715393740253953,28.34347070617064,9.0,V,casa,2.51,Vila Nova,3.0,11.0,1
2025,Vila Nova,2025-06-09,9286.985402473183,453.55254204076215,153.14388280618633,8.269829512116818,51.81087812330481,1.7936295099026893,6.576206644599188,28.544560440168723,10.0,D,fora,0.73,Criciúma,0.0,11.0,1
2025,Vila Nova,2025-06-13,8686.185488964216,476.38288476189416,175.8875323786284,9.340339299318751,53.26194558844638,1.489590477978116,5.662329825878612,29.618361691086353,10.0,D,casa,0.66,América-MG,0.0,12.0,1
2025,América-MG,2025-06-13,8700.517543267519,486.87839546243674,229.41575034775764,9.607847029772365,55.704198863452554,1.4554907965536945,8.150696377928982,30.527392518627945,9.0,V,fora,2.03,Vila Nova,3.0,12.0,1
2025,Botafogo-SP,2025-06-14,8982.58313907241,412.27623826271775,133.8109356955812,6.013374201536119,44.273548083138856,0.493204702582476,6.308568955505154,28.23456814471507,10.0,D,fora,0.55,Paysandu,0.0,12.0,1
2025,Remo,2025-06-14,9297.731017319073,469.2489846066939,164.31275641601724,8.781953113966955,55.348387105057064,1.502210011426224,5.7771828580965705,29.92231708413039,8.0,D,fora,0.59,Athletico-PR,0.0,12.0,1
2025,CRB,2025-06-14,9650.80519564012,439.3626283799844,191.20956503039014,8.454167694762933,52.157099636676435,1.120088171045036,4.990724043870471,30.1987345927041,10.0,V,casa,1.41,Goiás,3.0,11.0,1
2025,Goiás,2025-06-14,9516.234942737867,529.8405364820239,197.62557704529883,10.208002990840551,58.65884503707397,1.5693590877936325,5.606413109851083,29.160821234967912,9.0,D,fora,1.32,CRB,0.0,12.0,1
2025,Athletic,2025-06-14,9251.320123437843,460.943010633633,184.005591975444,9.373826244244682,56.831175729006794,1.1836872396404297,6.118754439815829,28.61553935540451,10.0,V,casa,1.74,Operário-PR,3.0,12.0,1
2025,Paysandu,2025-06-14,9028.23472374941,401.3686185328516,164.6336304568238,7.7101964956373985,47.937727305182285,1.9262050352007085,6.296167192654262,28.920463535493454,8.0,V,casa,1.39,Botafogo-SP,3.0,11.0,1
2025,Athletico-PR,2025-06-14,9212.193649139906,479.5171245488791,191.5685795948473,10.432959616448459,59.50706554094992,0.9486663944574695,5.808650457048023,29.97062774953242,8.0,V,casa,3.52,Remo,3.0,12.0,1
2025,Operário-PR,2025-06-14,8943.343545487085,485.74091921595056,146.75576773269893,8.812485420131798,56.278441796323975,1.4218500115796788,6.537996926121648,28.522795123902565,10.0,D,fora,1.29,Athletic,0.0,12.0,1
2025,Cuiabá,2025-06-15,9248.24734086271,467.6012071230885,151.33836599480026,9.310343015291718,55.98041681809287,1.0052215481814877,4.78062788292192,28.935215677504118,8.0,D,fora,1.36,Novorizontino,0.0,12.0,1
2025,Atlético-GO,2025-06-15,9428.066772970853,582.2803676287116,273.3380757120281,14.224200995710602,73.25181521132114,2.459114435427335,7.592153729161963,31.128560734782138,9.0,E,casa,0.65,Coritiba,1.0,12.0,1
2025,Amazonas,2025-06-15,9226.759087290302,477.9095797554733,135.72781973272672,7.574299800966732,53.635360818879725,1.5350251919249358,6.244211543929485,28.59002672732442,10.0,D,fora,0.91,Criciúma,0.0,12.0,1
2025,Novorizontino,2025-06-15,9739.189856338657,529.3412834768554,235.26323217122317,11.28544254939665,66.71521597971184,1.1290824345790487,6.144605105481705,29.711694953041828,8.0,V,casa,2.6,Cuiabá,3.0,12.0,1
2025,Criciúma,2025-06-15,9589.484759688063,552.4097608878225,148.35835044991003,7.342823155368926,54.74406538692262,0.7564381523695262,5.722501379724056,28.06870305938812,9.0,V,casa,2.84,Amazonas,3.0,12.0,1
2025,Coritiba,2025-06-15,9346.614204904727,538.2197633085534,240.05383003137172,11.207461700906972,58.7778791762796,1.5389121226547529,6.15252767910548,29.726264327828034,9.0,E,fora,0.63,Atlético-GO,1.0,12.0,1
2025,Chapecoense,2025-06-16,10077.488149322797,559.8898083521444,177.04751907449213,9.445308803611736,57.999833972911965,1.2184848758465008,6.702806207674942,28.64516704288939,10.0,V,casa,0.35,Ferroviária,3.0,12.0,1
2025,Ferroviária,2025-06-16,9760.238786142994,524.9654811839613,168.1082811109336,8.935500810150847,56.583645907026614,0.7188361213172367,5.647343846276729,28.224471119833865,10.0,D,fora,1.54,Chapecoense,0.0,11.0,1
2025,Avaí,2025-06-17,9682.419348208765,492.52188329606554,158.2141866882345,8.349910081354965,55.34422593843666,1.0690891574289931,6.10351586659689,29.285272848375282,9.0,E,fora,0.75,Volta Redonda,1.0,12.0,1
2025,Volta Redonda,2025-06-17,9698.121866698633,497.9115761208343,148.7791515224167,8.307871973147925,53.189054663150316,0.322869575641333,6.366798129944858,28.135025173819226,9.0,E,casa,1.14,Avaí,1.0,11.0,1
2025,Chapecoense,2025-06-20,10311.213690455856,604.3966889868242,185.81806839534008,9.63426451664332,62.416597770261795,0.9219194196759023,6.559541070228782,28.803719267078904,10.0,D,fora,0.54,Botafogo-SP,0.0,13.0,1
2025,Botafogo-SP,2025-06-20,10025.418847806968,511.03732005499614,163.87997819974484,8.249142110413338,55.18442396541687,0.7812133823839074,6.244176854570004,28.791791460740964,9.0,V,casa,1.37,Chapecoense,3.0,13.0,1
2025,CRB,2025-06-21,9247.180319148936,431.650905141844,117.60765957446809,5.423878546099291,44.839849290780144,0.6379787234042553,4.944290780141844,27.791117021276598,6.0,D,fora,3.18,Ferroviária,0.0,12.0,1
2025,Ferroviária,2025-06-21,9381.063914076369,405.159019579057,142.46103153736303,7.326654477024303,50.0883789555167,0.7199987988308622,6.123956517677206,28.145070535321047,9.0,V,casa,0.65,CRB,3.0,12.0,1
2025,Remo,2025-06-21,8892.668880529909,403.7405604316274,139.97535152044784,5.81155135073521,41.03553959750244,2.0520756867662144,5.812718441683448,28.179132945780612,9.0,D,casa,1.28,Paysandu,0.0,13.0,1
2025,Athletico-PR,2025-06-21,9613.010985255918,433.52784899815856,127.31485822997841,7.352081732704058,50.596646910328175,1.3160282442468814,5.9253716508737915,28.62502957353139,9.0,V,fora,0.42,Avaí,3.0,13.0,1
2025,Avaí,2025-06-21,9936.484830618741,476.3466022677106,133.51650166128397,7.632260275564024,53.42650049954693,2.1959636608657265,6.167230302748671,28.536822416877715,10.0,D,casa,0.69,Athletico-PR,0.0,13.0,1
2025,Criciúma,2025-06-21,9913.154212996793,498.6002609514137,137.99859455308817,6.799858439740907,53.057911893291056,1.6731519760226894,6.243859653468412,28.44287306639585,9.0,E,fora,0.87,América-MG,1.0,13.0,1
2025,Paysandu,2025-06-21,9091.732353870639,442.48875343867223,176.99549175855407,8.183460043196543,50.33768818915539,1.5346439695350687,8.286384903944526,29.240385358644986,10.0,V,fora,1.93,Remo,3.0,12.0,1
2025,América-MG,2025-06-21,9841.956782795121,521.1728321943812,129.035284738041,7.437192482915718,54.97237706016347,1.3082490285408015,6.531060007146367,28.47879092411452,10.0,E,casa,1.16,Criciúma,1.0,13.0,1
2025,Coritiba,2025-06-22,9063.15150780437,429.44335495432995,149.52853959995377,7.595968551277604,48.38573465140478,0.9368662273095156,5.202723089374494,28.838037923459357,10.0,V,casa,0.99,Cuiabá,3.0,13.0,1
2025,Vila Nova,2025-06-22,8953.104431972062,368.9282193001212,105.08868315396862,6.949186800655691,42.441722732995984,1.0699093673532418,6.092897037512177,27.776870263464232,10.0,D,fora,1.25,Amazonas,0.0,13.0,1
2025,Volta Redonda,2025-06-22,9493.465773163964,442.0819185654428,125.56739533238253,7.166381988435984,48.25823875382796,0.39820901462638053,5.969409306490663,28.352829646335664,10.0,D,fora,0.44,Atlético-GO,0.0,12.0,1
2025,Amazonas,2025-06-22,9110.7047406325,404.39438680722253,146.30517169397766,7.749505270848554,48.258613923390044,0.9397682914100826,6.576097484604946,29.133639494833524,9.0,V,casa,1.04,Vila Nova,3.0,13.0,1
2025,Atlético-GO,2025-06-22,9577.409342026749,571.3416330718517,235.242020055013,11.789986173975054,69.29083654727773,2.618155026123911,7.597285732997628,30.24912168357323,7.0,V,casa,1.69,Volta Redonda,3.0,13.0,1
2025,Cuiabá,2025-06-22,8921.096008649953,424.18312159632853,141.04583850603277,8.089571309230493,52.44087493523111,1.4281644759799932,5.996300823754586,28.65552465447778,10.0,D,fora,0.73,Coritiba,0.0,13.0,1
2025,Novorizontino,2025-06-23,9889.823943314763,514.5296505977742,141.4558637445317,7.95203285976887,53.607009989027745,1.1547350271456462,7.437629137751684,28.825402909785257,8.0,D,fora,0.8,Operário-PR,0.0,13.0,1
2025,Operário-PR,2025-06-23,9753.528760431507,505.03473641359653,165.21562563606756,8.70036586606961,57.13280811113372,1.3740118054142072,6.068098666802361,29.145486464481984,9.0,V,casa,2.8,Novorizontino,3.0,13.0,1
2025,Goiás,2025-06-24,9493.434197331708,576.1824492791536,270.49772657249156,11.381465381932335,64.87879505290084,2.094556010928962,6.800669253575166,30.233369666317866,7.0,D,casa,0.79,Athletic,0.0,13.0,1
2025,Athletic,2025-06-24,9204.412321448592,510.7066316851665,212.31288642224465,10.493769593003702,60.34409328400045,1.110378966251822,7.365121426168853,30.795169862092163,10.0,V,fora,1.67,Goiás,3.0,13.0,1
2025,América-MG,2025-06-27,9583.551291993568,462.71272838133876,189.39937191759384,8.935693318800384,53.61464737813367,1.5545358989024745,5.923199011471678,29.50401886405577,10.0,V,fora,1.62,CRB,3.0,14.0,1
2025,Avaí,2025-06-27,9865.52790427724,502.69789211767744,156.0482868530382,8.1049536698229,56.33943694479785,1.823057904277238,6.180858825251355,28.33930577916887,10.0,V,fora,0.96,Criciúma,3.0,14.0,1
2025,CRB,2025-06-27,9535.415544068093,495.09280918034557,217.0379099286845,11.083239238399393,58.33959010514636,1.4628505893338024,6.213656305398053,29.793195934882334,8.0,D,casa,2.0,América-MG,0.0,13.0,1
2025,Criciúma,2025-06-27,10048.046376585253,569.9463710662282,159.7925445044622,7.397700798496946,54.0037538750587,0.9505118600281822,6.553140793799906,28.13042977923908,10.0,D,casa,1.1,Avaí,0.0,14.0,1
2025,Coritiba,2025-06-28,9473.30112346594,381.87364302775717,109.29004741901701,5.613446174120748,43.31428794992174,0.8478203725275628,6.0360824596703,27.81652252697471,10.0,V,fora,0.41,Athletico-PR,3.0,14.0,1
2025,Atlético-GO,2025-06-28,8884.616390241545,432.92479464469113,167.36345122584854,9.895589120216531,55.13400210249036,2.174704382604913,6.633791611788445,29.775874527241744,9.0,D,fora,1.15,Vila Nova,0.0,14.0,1
2025,Vila Nova,2025-06-28,8981.399812695607,435.5152727142414,142.01617578899584,7.633151802565879,49.88340767374632,1.2897548797094869,6.986338485796879,29.1575554865375,9.0,V,casa,0.63,Atlético-GO,3.0,14.0,1
2025,Athletico-PR,2025-06-28,9995.854532238776,472.7632280575456,126.55227953043904,7.210079072953798,52.46146697165682,0.6285740162325976,5.22649002008755,28.45249817122023,10.0,D,casa,1.34,Coritiba,0.0,14.0,1
2025,Amazonas,2025-06-29,9900.84420700572,527.5904738562092,136.4945542279412,8.27258731617647,58.712326899509804,0.8047217116013072,6.664308619281046,27.424535334967324,9.0,E,fora,1.16,Novorizontino,1.0,14.0,1
2025,Operário-PR,2025-06-29,10167.970490056156,564.1193901497427,175.19786605053815,10.108784394010296,64.01325783809078,0.5275832943378569,5.266659218530651,28.87175128685073,10.0,D,fora,0.5,Volta Redonda,0.0,14.0,1
2025,Novorizontino,2025-06-29,9844.217062974396,528.6554212994129,164.20461618811078,9.086855110141363,57.659729463104384,1.044678048327569,6.895172117638866,27.715669320582162,10.0,E,casa,0.57,Amazonas,1.0,14.0,1
2025,Goiás,2025-06-29,9627.399166884628,535.2494065189502,207.60007983659028,9.52823263460748,57.167093126082015,1.9053616311076236,5.938263523023079,28.973352514043018,9.0,V,fora,2.11,Chapecoense,3.0,14.0,1
2025,Chapecoense,2025-06-29,9818.840395128442,540.9992600770781,206.62399092068634,9.133865702961064,57.27353366340708,1.6041714097623194,7.281418814203228,29.03159656028417,8.0,D,casa,0.68,Goiás,0.0,14.0,1
2025,Volta Redonda,2025-06-29,10035.416586011166,514.3147795377461,162.69664382204505,8.918482114759259,57.58977295243423,0.52505262421763,5.875840064337914,29.070458174528248,10.0,V,casa,1.68,Operário-PR,3.0,13.0,1
2025,Ferroviária,2025-06-30,8830.69706808046,420.8269643686705,191.49338857660507,9.931311321192975,54.25034330576977,1.2538893663476725,6.165029266933011,29.37936100529592,10.0,D,fora,0.33,Paysandu,0.0,13.0,1
2025,Paysandu,2025-06-30,9174.845666409623,470.96874969154845,233.8889389265885,11.244725632325723,60.795077729796425,0.8340444170265269,6.662318322023442,29.439708513263422,7.0,V,casa,0.68,Ferroviária,3.0,13.0,1
2025,Cuiabá,2025-07-01,9306.34178866588,408.31167285606955,151.1743834925405,8.889166684555114,52.743557260920895,1.8360215734678544,6.568658581088334,29.342321562734785,10.0,D,casa,1.81,Botafogo-SP,0.0,14.0,1
2025,Botafogo-SP,2025-07-01,9326.25596680382,366.94431795134807,113.18824053244437,6.923504015479119,46.155809564882915,1.468808877181122,6.819709883090695,28.43668364551887,10.0,V,fora,1.79,Cuiabá,3.0,14.0,1
2025,Coritiba,2025-07-04,9519.588045045994,454.01475717942435,153.1621361197798,7.36155463609056,51.858806059118486,1.2605901328938605,5.4693475694566205,28.32394076463644,10.0,V,casa,2.11,Volta Redonda,3.0,15.0,1
2025,Atlético-GO,2025-07-04,9456.346641376362,559.3506508869417,256.40199465697793,11.25357277195982,63.66660258602266,1.7314357768754007,7.213565078008122,30.74232314597136,10.0,V,casa,1.54,CRB,3.0,15.0,1
2025,CRB,2025-07-04,9419.833129443605,535.3243112701252,226.1215584147516,10.321652676482731,59.85793140222926,0.9292105866703363,6.915738956928582,29.685881381588008,10.0,D,fora,1.62,Atlético-GO,0.0,14.0,1
2025,Volta Redonda,2025-07-04,9698.464687742136,457.87826499302645,131.3826009607934,6.833542538354255,49.23235394390206,1.2549040756237408,6.134442274910894,27.492722764605613,7.0,D,fora,2.07,Coritiba,0.0,14.0,1
2025,Athletico-PR,2025-07-05,9120.204025211955,388.8662674419838,105.81191848558481,5.823509512844726,42.304322746999716,1.2414779130102607,5.25145584193716,28.210135715877378,10.0,V,fora,1.33,Amazonas,3.0,15.0,1
2025,Cuiabá,2025-07-05,9243.552004990042,430.4744609441684,192.6364066227485,9.356666192466788,53.37753594799852,2.0687163774047406,7.09093245934648,30.015210873038455,10.0,E,fora,0.36,Remo,1.0,15.0,1
2025,Remo,2025-07-05,9340.34205947609,451.54587013814825,196.04161291508842,8.936683215043086,51.62901322644307,0.6623650694418906,5.517287046911582,29.677534659655052,9.0,E,casa,0.63,Cuiabá,1.0,14.0,1
2025,Avaí,2025-07-05,9800.85626647917,473.01378600306356,132.88752404389422,7.909732817718404,51.98053562011902,1.3549344599854356,6.327980438440098,28.30731361273636,9.0,E,casa,2.01,Paysandu,1.0,15.0,1
2025,Amazonas,2025-07-05,8913.75315807659,419.0227964295997,127.10640195796142,7.513591131586524,47.42048257990211,0.6476003455226029,6.73715519723582,28.07486898934638,8.0,D,casa,0.37,Athletico-PR,0.0,15.0,1
2025,Paysandu,2025-07-05,9615.139116801314,438.9461820173528,155.72613135324215,7.16872667521442,50.74961547558289,0.4479715683467566,5.154398690450997,29.004425329565684,9.0,E,fora,0.1,Avaí,1.0,14.0,1
2025,Novorizontino,2025-07-06,10315.12302976752,536.2508705775591,134.43648318188875,8.167080562155967,60.18041397509224,0.966374523874912,5.157293102007189,28.782200384482206,10.0,E,fora,0.26,Botafogo-SP,1.0,15.0,1
2025,Ferroviária,2025-07-06,9447.861391649447,501.22370691068915,210.95965954934567,10.428607694578373,58.34858058097456,1.37577027780511,5.018825368712212,29.775247903615515,10.0,D,casa,1.48,Vila Nova,0.0,14.0,1
2025,Botafogo-SP,2025-07-06,10185.083237690187,474.20555732598535,158.4982007907032,8.734462082185216,55.852562597340345,0.7553566550856595,5.822431053072959,28.998089133820535,10.0,E,casa,1.13,Novorizontino,1.0,15.0,1
2025,Vila Nova,2025-07-06,9866.84644186021,536.6993251426256,210.50102986104264,10.939639849764024,60.90278341710194,1.1822793819738728,6.009626162084031,29.687947176505375,10.0,V,fora,2.56,Ferroviária,3.0,15.0,1
2025,Chapecoense,2025-07-07,9467.287662633167,520.0772488675447,184.4945269901854,10.004091309453905,58.51015120375807,1.6054437547185638,6.60625062914185,29.21484774767217,10.0,V,fora,1.63,Operário-PR,3.0,15.0,1
2025,Operário-PR,2025-07-07,9639.222584404106,533.0923226759228,179.76567307692306,10.090198667644016,60.633872779406694,0.5833334770610554,6.013031217661261,29.245900526043464,10.0,D,casa,2.15,Chapecoense,0.0,15.0,1
2025,Criciúma,2025-07-08,9304.168463723856,589.7007127383785,209.3495525409283,9.376561667672858,58.38422671259634,1.1733261124329701,6.071987641606591,29.05413544515075,9.0,E,fora,0.49,Goiás,1.0,15.0,1
2025,Athletic,2025-07-08,10426.403827056409,525.0527007598869,178.61026845637582,8.387824394031837,55.910562759997774,1.0988776970436518,4.990547784125575,28.628881246880027,10.0,V,fora,0.77,América-MG,3.0,14.0,1
2025,Goiás,2025-07-08,9061.680453432104,537.997962363343,218.9418304558217,10.53892765398172,60.54076515920903,1.3976261425413705,6.235312981659597,29.068969472489396,9.0,E,casa,1.61,Criciúma,1.0,15.0,1
2025,América-MG,2025-07-08,10316.013358670827,598.5728465997003,208.21822076773827,9.282272883562147,63.436460323697716,1.657813198418351,5.304717071493479,29.447906279932216,9.0,D,casa,0.96,Athletic,0.0,15.0,1
2025,Coritiba,2025-07-11,9858.67720058565,554.7372528437886,187.91765119945936,8.513752562225475,56.96484243721139,0.9125787813943012,6.689320193715508,27.83926117806059,10.0,V,fora,1.14,CRB,3.0,16.0,1
2025,Operário-PR,2025-07-11,9335.509013353032,489.06792675419445,136.09386756656926,8.562274604613679,55.90822157303872,1.2082350044211632,6.246685022889313,28.807580896097065,10.0,E,fora,1.07,Vila Nova,1.0,16.0,1
2025,CRB,2025-07-11,9885.358207255696,566.345010098584,214.0973608305949,9.923052829241133,62.98127591515007,1.3749832418092298,6.093232856971299,28.699585139251287,10.0,D,casa,1.66,Coritiba,0.0,15.0,1
2025,Vila Nova,2025-07-11,9631.974806159373,536.8127203482046,176.6200282157046,10.13505908849356,62.74490383885415,1.8214660778905278,6.946155452083912,28.66073968165599,9.0,E,casa,0.83,Operário-PR,1.0,16.0,1
2025,Atlético-GO,2025-07-12,8366.520718404663,393.107735221959,128.99308079431316,7.644015076852104,46.613850154123604,1.4149822810291681,6.511055694185242,29.033179559227495,10.0,E,fora,2.39,Paysandu,1.0,16.0,1
2025,Athletico-PR,2025-07-12,9842.012150068143,483.58626217757813,152.30165791731866,7.49581810610267,54.62537176316187,0.6827730806117814,6.246726187471607,29.559461915097675,9.0,D,casa,1.15,Goiás,0.0,16.0,1
2025,Paysandu,2025-07-12,8615.193277772121,403.9791567768553,155.51933033667802,9.168819207456835,51.80037182295116,1.605469235470891,7.104925508073143,28.772314470534305,8.0,E,casa,0.51,Atlético-GO,1.0,15.0,1
2025,América-MG,2025-07-12,9287.812607150907,444.0047553213186,135.73200401446925,7.150155104494274,51.58662977791612,1.6422240589075063,7.343221879930875,28.56526947393278,10.0,D,fora,2.03,Novorizontino,0.0,16.0,1
2025,Goiás,2025-07-12,9877.77478574566,498.22375203162744,152.00707357786072,8.203868987480782,55.544063584449795,1.1853704151109157,5.733004173072698,29.0580716011421,10.0,V,fora,0.87,Athletico-PR,3.0,16.0,1
2025,Novorizontino,2025-07-12,9194.795805151232,464.5310262919543,144.08898353085252,7.462790697674418,51.09289058413808,1.9509016571202593,6.8868698414318334,29.481411932796696,8.0,V,casa,2.47,América-MG,3.0,16.0,1
2025,Ferroviária,2025-07-13,9157.418739448765,422.2866759186285,194.9024506276485,8.636543878285304,50.9872366331997,1.5421962558110316,5.447148225565113,29.072904316439935,10.0,D,fora,1.4,Criciúma,0.0,15.0,1
2025,Remo,2025-07-13,9793.765091884996,583.2716433393908,210.67195154826518,10.940972765455575,64.55444899088972,2.057476201364736,6.28233822343639,29.551368948046164,10.0,E,fora,0.35,Chapecoense,1.0,15.0,1
2025,Criciúma,2025-07-13,9879.678054905111,606.9244536250307,216.75824513280259,11.24120358600388,65.62978624473139,1.6074398430008252,6.022259539260945,28.58253272674561,10.0,V,casa,1.76,Ferroviária,3.0,16.0,1
2025,Chapecoense,2025-07-13,9245.159077524231,519.9270375207789,190.40770600807406,9.520033462144601,58.288173290732054,1.3593334556680554,6.2170246756330805,29.603864337989243,10.0,E,casa,2.35,Remo,1.0,16.0,1
2025,Athletic,2025-07-14,10166.453152391701,498.8132493493932,209.86823011906682,9.637911494438177,59.48977533912162,1.2417746021510327,6.322793463992078,29.173003846065267,10.0,V,casa,1.01,Avaí,3.0,15.0,1
2025,Avaí,2025-07-14,10146.577232147105,525.590711579615,175.48038249980186,8.70374859316795,56.78181564555759,2.139056986605374,5.849441705635256,29.139915986367605,7.0,D,fora,0.69,Athletic,0.0,16.0,1
2025,Cuiabá,2025-07-15,9218.086661304573,412.30473616240346,155.78753234247912,9.584529872895756,55.05495729206788,1.5285252735799897,6.320216031900673,29.53018669143803,10.0,V,casa,1.72,Amazonas,3.0,16.0,1
2025,Botafogo-SP,2025-07-15,10580.156040687427,526.5425036721505,178.72982153349005,9.91540320211516,60.28287088719155,1.058617802585194,5.023405552291423,28.66404230317274,8.0,E,casa,1.4,Volta Redonda,1.0,16.0,1
2025,Volta Redonda,2025-07-15,10552.577442817517,548.9539458169387,187.9795062891053,9.172070566987037,59.33264065019674,1.5104862284719087,6.269891117848158,29.140523769592985,9.0,E,fora,0.8,Botafogo-SP,1.0,15.0,1
2025,Amazonas,2025-07-15,9249.598347134493,436.2458191583517,134.32093754925378,7.41906802778822,48.55601229374038,1.3093286938810151,5.891164510614566,28.866365587226156,9.0,D,fora,0.29,Cuiabá,0.0,16.0,1
2025,Operário-PR,2025-07-17,9795.0345091862,510.86030243581104,157.09878553119586,7.860343247461802,55.67634256010768,1.031142296621941,5.413258201709793,28.328581043346272,8.0,E,casa,0.67,CRB,1.0,17.0,1
2025,CRB,2025-07-17,10017.793057897088,491.79174091938785,141.3240259820314,7.0750520102941845,50.06483580157495,0.9718466351265969,6.240881324066511,28.212476306421536,7.0,E,fora,0.42,Operário-PR,1.0,16.0,1
2025,Novorizontino,2025-07-18,9636.948462162196,439.11280619290756,125.54373234172483,6.500804013733862,46.864764155126764,1.4826300852665053,5.70152782880817,28.05405997795487,9.0,E,fora,1.72,Remo,1.0,17.0,1
2025,Remo,2025-07-18,9591.409015827065,494.4299151975311,175.2549547310492,8.850843654836199,57.39235357576917,1.3526723019568752,5.777988911496811,29.41921096833222,8.0,E,casa,0.52,Novorizontino,1.0,16.0,1
2025,Criciúma,2025-07-18,10014.921485063918,554.3741145154399,187.81432100253042,9.464528585043105,60.33690083142548,0.8848644414989759,6.802012181095204,28.983977259034493,10.0,V,fora,0.35,Atlético-GO,3.0,17.0,1
2025,Atlético-GO,2025-07-18,9920.89413089557,543.4108060737527,179.94833616361947,10.81938940192129,62.25157929965913,0.8927307096374342,5.910941307716145,28.961308955686395,9.0,D,casa,0.58,Criciúma,0.0,17.0,1
2025,Ferroviária,2025-07-19,9460.087863502291,445.16984504342855,182.27629952833396,10.154344356998191,58.84233114491158,2.3245270426402422,8.318339518003507,29.138104364610093,8.0,D,casa,1.13,Athletic,0.0,16.0,1
2025,Goiás,2025-07-19,9062.547309813419,467.62684308437457,192.49966646485774,8.520661566404318,50.526508668611385,1.2878568991138757,6.044655622213662,29.820192635808255,10.0,V,casa,1.44,Cuiabá,3.0,17.0,1
2025,Volta Redonda,2025-07-19,10266.614235412611,551.0212334653864,208.97460968240114,10.152490700329015,62.730821996911295,0.845183240448533,6.164792855704022,29.14051030685557,8.0,V,casa,0.93,Athletico-PR,3.0,16.0,1
2025,Vila Nova,2025-07-19,9998.843789026881,577.5188161665726,150.94987059794175,8.207808849711236,58.42619392939338,1.2698641929740764,5.960577424117418,28.28485062312736,10.0,E,fora,1.16,Avaí,1.0,17.0,1
2025,Cuiabá,2025-07-19,8941.770535232181,426.6860727591793,156.8492805075594,8.867737850971922,52.84786042116631,1.0933833693304533,6.681636879049676,30.164998650107993,8.0,D,fora,0.83,Goiás,0.0,17.0,1
2025,Avaí,2025-07-19,10095.808247413584,605.6260909271392,168.25454734961292,9.033610614783933,63.23313005977986,1.3900233825248718,6.154913528775947,27.817892043323848,10.0,E,casa,1.41,Vila Nova,1.0,17.0,1
2025,Paysandu,2025-07-19,9078.194845995014,386.2098848840817,143.66091301045245,8.281768248975617,49.58723368745386,0.8666198072129323,6.835079329417679,28.60490098533235,10.0,V,fora,1.45,Coritiba,3.0,16.0,1
2025,Coritiba,2025-07-19,9209.319921609775,478.9700932041232,175.43362323313372,8.11090179618542,51.995708906857594,0.9997759397568051,6.333741744336769,29.547953830010492,9.0,D,casa,1.96,Paysandu,0.0,17.0,1
2025,Athletico-PR,2025-07-19,9976.737394261425,507.12885083058336,152.93199988813694,8.458692656188827,58.294211533083505,0.9057610604619946,5.738596565803456,29.283883886123384,10.0,D,fora,1.46,Volta Redonda,0.0,17.0,1
2025,Athletic,2025-07-19,9293.45547232565,447.48977115843206,158.79514328745347,8.754133999916329,55.160491360917035,1.4118292682926827,7.058945320671046,28.96789315148726,10.0,V,fora,1.52,Ferroviária,3.0,16.0,1
2025,América-MG,2025-07-20,9916.238025656108,552.6648840433578,174.30973503627146,10.335370136963283,63.90029325266785,0.757830154328768,6.177562109626642,28.452048847435794,8.0,D,casa,2.32,Chapecoense,0.0,17.0,1
2025,Amazonas,2025-07-20,8937.854795622874,344.4658177086809,135.36082271301797,7.445220924801495,44.799903516380866,0.9609845866417561,5.162299192633616,28.31415760325616,8.0,V,casa,2.21,Botafogo-SP,3.0,17.0,1
2025,Botafogo-SP,2025-07-20,9109.66275108509,366.00452104572526,102.54520377006156,6.359673084687594,41.903100963964874,0.34067363985061067,4.427117316039164,28.36449480165539,9.0,D,fora,0.61,Amazonas,0.0,17.0,1
2025,Chapecoense,2025-07-20,9892.554771815834,492.75967453262405,144.15736413075814,8.6766064522271,54.94134304380422,1.39225185343853,5.674608546642389,28.079624671260095,9.0,V,fora,0.86,América-MG,3.0,17.0,1
2025,Atlético-GO,2025-07-22,8481.057986611871,450.4444546417226,144.77832850083203,8.96290013110786,55.36841800716051,1.5871264686601785,7.261881523876758,29.674314205032523,8.0,D,fora,0.15,Operário-PR,0.0,18.0,1
2025,Athletico-PR,2025-07-22,9398.150053981848,475.8981996114189,150.31969465480316,7.550108626057006,52.45724913342017,1.490526240257876,6.060573156999977,29.124884640010592,10.0,E,casa,2.09,Ferroviária,1.0,18.0,1
2025,Operário-PR,2025-07-22,8394.62567457905,361.49295844938,102.55572137474729,6.6173725135368215,42.24487141786719,1.5269189769980065,6.871264897572561,28.424144317362472,7.0,V,casa,1.93,Atlético-GO,3.0,18.0,1
2025,Ferroviária,2025-07-22,9279.027202527013,467.63749052907997,137.63724859012441,7.458502948900081,53.17572269576822,1.6481320762839553,5.907550906194843,28.561456584441856,10.0,E,fora,1.05,Athletico-PR,1.0,17.0,1
2025,Coritiba,2025-07-23,9663.867990729084,504.5519335012018,161.52265731944604,8.13825603754149,55.42094860936248,1.0303364999427724,6.696093853725537,28.615901339132428,10.0,E,fora,0.52,Athletic,1.0,18.0,1
2025,CRB,2025-07-23,10103.264469441794,558.1425244519696,178.64642415836593,7.943856116144604,54.46709386314101,0.48687645225786697,5.028140389430265,29.481403894302645,6.0,D,fora,1.75,Vila Nova,0.0,17.0,1
2025,Vila Nova,2025-07-23,9996.735553111295,546.4298144807661,210.65435478903603,9.766683385396043,60.58286051593412,1.9806669893088127,8.050081833780633,29.87227917344948,8.0,V,casa,1.23,CRB,3.0,18.0,1
2025,Athletic,2025-07-23,9809.502602707506,433.611429150115,159.70521887413759,7.880201625548819,53.156707610286425,1.4103249790926193,5.878098081747858,29.30961478151788,8.0,E,casa,1.16,Coritiba,1.0,17.0,1
2025,Goiás,2025-07-23,9736.991653205756,559.2694572184968,217.83139451439936,10.645387365110937,61.563313668310634,0.7248250977651755,5.684840955209439,29.01900205609235,8.0,D,fora,1.8,Novorizontino,0.0,18.0,1
2025,Novorizontino,2025-07-23,9633.321999999998,535.8294306600732,206.47469662438186,10.835818963663728,61.34126424424855,1.0642377983229412,6.384333691679207,29.15382068372393,10.0,V,casa,1.72,Goiás,3.0,18.0,1
2025,Chapecoense,2025-07-23,9818.893449702755,507.4997147546863,162.75325466558158,8.937675830011448,54.24896288224665,0.9934116332639071,5.337691278500393,28.00667181616298,8.0,V,casa,1.67,Volta Redonda,3.0,18.0,1
2025,Volta Redonda,2025-07-23,9770.603567986112,523.6882934377928,134.33913786802495,8.635028665402801,57.76453678536353,1.1325637833763507,5.959867865055619,28.271833672140882,10.0,D,fora,1.32,Chapecoense,0.0,17.0,1
2025,Paysandu,2025-07-24,9122.135669762909,436.3576792465086,147.32509827866187,7.482088860019486,47.8209583631049,1.0525703150373495,6.431468918480027,28.404202663202337,9.0,E,fora,0.83,Amazonas,1.0,17.0,1
2025,Cuiabá,2025-07-24,8754.237889228874,374.6468298591191,131.19361413909607,7.745374726418904,48.76701695671576,0.9564445081914962,5.929916066381931,29.441939185312684,10.0,V,casa,1.58,América-MG,3.0,18.0,1
2025,América-MG,2025-07-24,8734.390141908,410.72640016229656,99.51093553786076,6.38960419942182,44.5500904802962,1.0041919156058225,5.476740579195618,28.13312065730081,10.0,D,fora,2.24,Cuiabá,0.0,18.0,1
2025,Criciúma,2025-07-24,10145.984582181469,524.3203863418639,175.6376114684549,7.882296291227589,55.05684412207472,0.49347762419597646,6.526947721363077,28.303785411249486,8.0,V,fora,1.7,Botafogo-SP,3.0,18.0,1
2025,Botafogo-SP,2025-07-24,9812.959494334666,441.1378756849231,155.86228435772196,7.2510719510078605,49.8719360077356,1.227541839188754,5.354961445962364,29.00486698237176,9.0,D,casa,1.12,Criciúma,0.0,18.0,1
2025,Amazonas,2025-07-24,9181.032779758063,427.6639449605659,181.8764040528783,8.335315473350361,48.87804948216341,1.7678733615874713,7.829440343540376,29.123351764012465,8.0,E,casa,1.67,Paysandu,1.0,18.0,1
2025,Avaí,2025-07-25,9674.131724578669,493.4072610564417,164.5019187874675,7.939283791426311,52.52623040380048,2.747506277570411,6.8213460015835325,28.582655808166503,10.0,D,fora,0.99,Remo,0.0,18.0,1
2025,Remo,2025-07-25,9747.62631932232,442.70941074480476,161.28006402793946,7.133181210214746,48.261782503158045,1.7832842493745817,5.5766726525152945,28.70791618160652,9.0,V,casa,1.29,Avaí,3.0,17.0,1
2025,Novorizontino,2025-07-26,9963.678542815022,578.5900144775466,192.94269481597576,8.964008952170968,59.77115382061125,1.075460425825818,6.453381104809469,29.01067088153648,9.0,D,fora,0.64,CRB,0.0,19.0,1
2025,CRB,2025-07-26,9652.397938584598,523.6683614651121,232.8540647595806,10.166728014280551,60.298003999457706,1.931327729573391,6.201105951735359,30.25238611713666,10.0,V,casa,2.55,Novorizontino,3.0,18.0,1
2025,Ferroviária,2025-07-26,9440.728329484708,454.4553909648776,214.82678820662642,10.562123802355101,59.93615197172856,1.9521410254774632,8.612487911919677,29.961218631591034,9.0,E,casa,1.07,Operário-PR,1.0,18.0,1
2025,Operário-PR,2025-07-26,9406.030943246586,452.2373186632971,185.3491800193569,9.316734326271641,55.04852107753521,1.5747185181202281,7.742354688676202,29.956547747069575,8.0,E,fora,1.6,Ferroviária,1.0,19.0,1
2025,Atlético-GO,2025-07-27,9215.307224297081,453.3623121697748,170.9819767921158,9.106106746274621,55.870970534231,1.4606705055021922,7.419830624914126,29.819009730323884,9.0,E,casa,1.14,Chapecoense,1.0,19.0,1
2025,Vila Nova,2025-07-27,10162.396280445222,536.5362198754399,135.70515698262716,6.543410150070546,51.69184417176166,1.1559622044550857,6.670203942024029,28.629206037025952,8.0,D,fora,0.64,Volta Redonda,0.0,19.0,1
2025,América-MG,2025-07-27,9832.446038376127,502.92353070339595,160.79200039923145,8.196514334905306,57.71301843950394,0.5627182673353793,5.16507098834743,28.4363762257654,9.0,E,casa,2.0,Athletico-PR,1.0,19.0,1
2025,Amazonas,2025-07-27,8872.394202798429,423.0826682676492,184.64973024541086,8.487398951685417,50.726353707480754,2.2709767089940125,7.008088690045398,28.527607079413112,10.0,E,fora,0.86,Coritiba,1.0,19.0,1
2025,Coritiba,2025-07-27,9074.607185703271,451.1222668796122,182.19413305430112,9.02080449388699,55.014419870029734,1.685970481330543,6.444892609318205,28.509263134706462,10.0,E,casa,0.55,Amazonas,1.0,19.0,1
2025,Athletico-PR,2025-07-27,9714.399062427476,496.9042974284167,183.50393672159046,9.945846788007383,60.073065455469724,2.1883733934511382,6.267489529114036,29.381178927825484,10.0,E,fora,0.94,América-MG,1.0,19.0,1
2025,Chapecoense,2025-07-27,9220.61123556119,457.51133102226134,158.09257512061987,8.032407352313443,48.89504494948843,0.8151645992057847,7.217509733666198,28.65462753366361,8.0,E,fora,0.38,Atlético-GO,1.0,19.0,1
2025,Volta Redonda,2025-07-27,10128.900037019586,505.72386181597886,174.26005137869913,6.664065648067129,52.2995885216845,1.1101355141235332,6.260722891566265,28.85562697718247,10.0,V,casa,1.63,Vila Nova,3.0,18.0,1
2025,Avaí,2025-07-28,9907.679011763586,526.4764459208459,179.60111873124734,9.536434014383008,58.40348025908464,1.5010827737295809,7.1781845025479845,28.728092108396435,10.0,V,casa,2.52,Botafogo-SP,3.0,19.0,1
2025,Botafogo-SP,2025-07-28,10130.979828694673,481.95380608291896,132.9143084594884,7.542475753496167,50.56923221694096,0.7429289501882025,5.439737203615684,28.543539302689783,8.0,D,fora,0.54,Avaí,0.0,19.0,1
2025,Cuiabá,2025-07-29,9371.157601655737,445.9936389635523,165.8566444468337,9.483045371465435,58.83327996989571,1.6438602300827867,5.8049462423395335,29.19213632942694,10.0,D,fora,0.49,Criciúma,0.0,19.0,1
2025,Criciúma,2025-07-29,9613.713944027973,540.9268528009964,188.60864931861184,9.2670370991306,59.60141738318204,0.7549289871386486,5.819602902785429,28.91310923765957,9.0,V,casa,0.76,Cuiabá,3.0,19.0,1
2025,Paysandu,2025-07-29,9699.558855936952,492.13411969770544,202.92641068738408,9.188506081998034,56.92294824387754,2.0184186805114606,6.051623028175151,29.555421506741872,9.0,E,casa,0.49,Athletic,1.0,18.0,1
2025,Athletic,2025-07-29,9546.13106143066,483.1667619547846,186.47192695819314,7.9459119609311255,52.098683325324345,1.8120591620754776,6.536049640713877,29.364739671222466,10.0,E,fora,1.13,Paysandu,1.0,18.0,1
2025,Remo,2025-07-30,8917.593954327182,379.3615079500588,134.3634661188774,7.585714651584676,46.676519154839404,1.729170419378935,6.04842791591079,29.270676555330276,10.0,E,fora,1.95,Goiás,1.0,18.0,1
2025,Goiás,2025-07-30,9364.770382318791,470.12506610904427,179.3517339999526,9.380347013245503,54.060213491931854,2.1317315119778213,7.143198943203089,29.225699594815534,9.0,E,casa,3.02,Remo,1.0,19.0,1
2025,Vila Nova,2025-08-01,9316.486058314616,483.10103818092415,130.6131173335814,7.4152080481613885,51.43076547902241,0.7177746621127753,7.177516047151381,28.499012585219347,8.0,D,casa,1.83,Coritiba,0.0,20.0,2
2025,Remo,2025-08-01,10025.58469575538,525.2992391743243,190.73752578707163,8.921477602261188,56.27475840297576,1.322825259706095,4.956044514052884,30.13275172219707,10.0,D,casa,1.18,Ferroviária,0.0,19.0,1
2025,Coritiba,2025-08-01,9019.038448298706,409.2211132791327,137.77944980427583,6.612309304426377,46.504722553447756,1.1923338753387533,6.613016320385426,28.201610358325805,9.0,V,fora,1.03,Vila Nova,3.0,20.0,2
2025,Ferroviária,2025-08-01,9377.278409567198,445.4972477220957,158.27231423690205,7.688902961275627,49.20202904328019,1.538103075170843,5.842068337129842,29.61123576309795,10.0,V,fora,1.44,Remo,3.0,19.0,1
2025,Amazonas,2025-08-02,8591.16640167488,361.9283601876101,128.8965644280705,7.85409590601743,47.27263127524525,1.9973916581591138,5.592251172562772,28.399325314039682,7.0,E,casa,1.03,Goiás,1.0,20.0,2
2025,América-MG,2025-08-02,9043.960858204622,452.4787704943993,124.7590671551187,6.840782297484188,50.26391180414058,1.7090731727916724,6.081102395456129,28.20540429260671,10.0,D,fora,1.18,Botafogo-SP,0.0,20.0,2
2025,Operário-PR,2025-08-02,9820.289996768608,432.74750109867387,128.19549479099348,6.9817826952408035,50.48669467207817,1.5122573223379778,6.1665820903239155,28.613697231341934,9.0,V,casa,0.81,Criciúma,3.0,20.0,2
2025,Botafogo-SP,2025-08-02,8685.112128379156,369.8192962153457,124.96673852525021,6.417781203266997,47.003211549522604,1.3461444840676406,6.2117871850914534,28.804992522719427,9.0,V,casa,1.25,América-MG,3.0,20.0,2
2025,Criciúma,2025-08-02,9830.942624648285,447.8562966476405,136.309617332583,8.248332341828123,51.80342471259747,0.7237977329367311,6.0793009084331535,28.71737117131602,7.0,D,fora,0.46,Operário-PR,0.0,20.0,2
2025,Goiás,2025-08-02,8691.736596460481,399.6495029315679,138.24625473269725,7.400329503905151,47.41238398130719,0.6815478894874623,4.866255165401008,28.46416780251401,10.0,E,fora,1.4,Amazonas,1.0,20.0,2
2025,Paysandu,2025-08-03,9931.434287441622,475.41721244190046,178.40593652589658,9.985011924966997,59.599617180826876,1.496953642384106,6.289880861259942,29.315056518797075,10.0,E,fora,0.7,Athletico-PR,1.0,19.0,1
2025,Athletico-PR,2025-08-03,10039.2658138454,555.6642988013699,212.7784315068493,11.118413405088061,63.845319838551845,1.2113462573385518,7.2651295254403125,29.9934527886497,9.0,E,casa,1.16,Paysandu,1.0,20.0,2
2025,Novorizontino,2025-08-03,9761.709135589761,531.2892372650813,176.68802158191832,9.183942213960236,58.554041622271086,1.733214617669062,7.037853936659789,29.09121420960758,10.0,E,casa,2.69,Avaí,1.0,20.0,2
2025,Avaí,2025-08-03,9851.6869142548,467.19203559642955,166.21403408168786,9.056772626453883,55.9897447660265,1.6550520962942925,6.912003786854206,29.278507979442793,10.0,E,fora,0.95,Novorizontino,1.0,20.0,2
2025,Chapecoense,2025-08-03,10168.251053752963,578.3247978739079,206.7488885614879,9.994316216553147,61.2984265104208,1.1212507224860322,6.731093758853995,29.760556229246237,10.0,V,casa,1.06,CRB,3.0,20.0,2
2025,CRB,2025-08-03,10371.76351266202,623.1650285088095,213.422053661627,10.6333965720939,64.10221940653734,1.0793805112751056,4.315674366042841,29.548488947485577,6.0,D,fora,1.07,Chapecoense,0.0,19.0,1
2025,Athletic,2025-08-04,9943.121750158181,464.3414921185112,175.28998652031584,9.284206211658551,58.67583120134247,1.6092638441858547,5.941898159610465,28.556202030205498,8.0,E,casa,1.7,Atlético-GO,1.0,19.0,1
2025,Atlético-GO,2025-08-04,10048.486028010922,560.3522676767041,209.96166203173564,11.663549182700173,67.83602650089972,1.6978046785539016,7.587388163938139,29.391509896940946,9.0,E,fora,0.71,Athletic,1.0,20.0,2
2025,Cuiabá,2025-08-05,9687.653877704839,433.68810406029667,183.03666229029906,9.299390226112328,55.47008047653781,1.0949350838803793,6.783988329686361,29.89068319961099,9.0,V,casa,1.84,Volta Redonda,3.0,20.0,2
2025,Volta Redonda,2025-08-05,9543.50365982582,460.3881727141014,140.71122148099792,8.023835756022226,51.86930328456112,1.1465481061631293,6.020568549093282,28.733563661258728,7.0,D,fora,0.19,Cuiabá,0.0,19.0,1
2025,Ferroviária,2025-08-08,9188.749780951091,487.17119585814834,155.1148628406425,9.135998240389823,55.63034030409673,1.6223843845876196,5.8879938188052705,29.360258752932687,10.0,V,casa,1.74,Amazonas,3.0,20.0,2
2025,Amazonas,2025-08-08,9213.511498933034,538.8572709106833,165.07575446213812,9.767494171775358,62.72235583624231,1.6656360474152285,5.995141665947133,29.185988824610526,9.0,D,fora,0.94,Ferroviária,0.0,21.0,2
2025,Operário-PR,2025-08-09,10079.096828475973,458.61588310642173,113.85159190249183,6.416598967343219,51.221991099607806,1.4262961691338625,5.7056071150316265,28.52559324943547,9.0,D,fora,1.17,Goiás,0.0,21.0,2
2025,Coritiba,2025-08-09,9558.413559146036,475.3794700116298,139.81074306363183,8.347888215096638,51.337422052389655,1.3708844215539682,5.7332927673478435,27.835716065791658,8.0,E,casa,1.02,Chapecoense,1.0,21.0,2
2025,Volta Redonda,2025-08-09,10248.740491389235,533.7101881916219,203.9476961210441,9.304440946361865,60.89981756455138,1.0588596903413763,6.131196109296807,28.977519206822826,10.0,E,casa,0.92,Novorizontino,1.0,20.0,2
2025,Novorizontino,2025-08-09,10125.819090321504,574.4921543433443,178.72669961553464,9.427812447762859,63.286602440519324,1.604793558812058,6.618115896807267,29.04726472390929,10.0,E,fora,0.3,Volta Redonda,1.0,21.0,2
2025,Remo,2025-08-09,9622.355605871995,455.10034664513444,133.63294463322453,8.580826296134305,55.51220850295506,1.4137080151173613,6.258986419046977,28.52849869349213,10.0,V,fora,1.13,América-MG,3.0,20.0,2
2025,América-MG,2025-08-09,9484.099942065832,515.0084456775487,189.6352739650684,10.67020118068372,61.70863268024983,1.2093002676705331,6.158881283840766,29.278297908747575,9.0,D,casa,1.24,Remo,0.0,21.0,2
2025,Chapecoense,2025-08-09,9761.55707485579,522.7949797656844,126.2707619729017,7.949123328712605,56.34536041675982,1.3083216697223092,6.136781178732729,27.656241336135587,10.0,E,fora,0.1,Coritiba,1.0,21.0,2
2025,Goiás,2025-08-09,10143.15518467147,580.8550044802317,186.80534841473445,10.161726669039759,63.52005535847992,1.7680412181320502,6.738910628582651,28.69511470620727,9.0,V,casa,1.23,Operário-PR,3.0,21.0,2
2025,Atlético-GO,2025-08-10,9816.19779486162,470.69982516615414,146.63317924809047,8.370344955857554,55.461465752405516,1.6735986013292334,6.24818024005555,28.707733607777005,9.0,V,casa,2.56,Botafogo-SP,3.0,21.0,2
2025,Cuiabá,2025-08-10,9079.12332157969,398.0334962052521,142.65138558667473,8.764515749882463,48.3539623211767,1.9141742225804281,6.347943112364833,28.43224863993552,10.0,D,fora,2.18,Avaí,0.0,21.0,2
2025,Avaí,2025-08-10,9409.542061758262,487.87780918067506,187.45228634320068,10.466508290849434,58.029011535546296,2.6189180882765206,6.72686172918981,29.128916738482623,10.0,V,casa,0.83,Cuiabá,3.0,21.0,2
2025,Botafogo-SP,2025-08-10,9644.465898901963,427.8218682602333,119.07296445214993,5.863883458138133,45.15083576180112,0.9960298547837741,7.0823391985441475,28.593997073542607,9.0,D,fora,0.3,Atlético-GO,0.0,21.0,2
2025,Criciúma,2025-08-11,9077.176583722601,501.1694825727632,123.19668074020841,6.567533237513475,50.42976239669421,1.6174505928853757,6.366448975925261,27.456660977362557,9.0,V,casa,2.97,Athletico-PR,3.0,21.0,2
2025,Athletico-PR,2025-08-11,8816.355801422878,449.0773504592456,132.17827376581477,8.450477543306327,53.30402511104957,2.1665917107053,6.826264159574339,28.685495539959796,9.0,D,fora,1.75,Criciúma,0.0,21.0,2
2025,Paysandu,2025-08-12,9352.693688971587,519.6533328652343,175.46297313111455,8.531043509806677,52.02895649019332,1.6845012404624822,6.107408018536722,28.87337101530684,10.0,D,casa,0.31,Vila Nova,0.0,20.0,2
2025,Athletic,2025-08-12,10032.117224810267,483.6056455744463,169.63697830412355,8.899272157554242,54.15015738744,0.7511198217625965,6.861136382590876,28.700531376216748,10.0,D,fora,0.5,CRB,0.0,20.0,2
2025,CRB,2025-08-12,9990.86120247814,500.6945516258059,167.95942904369548,9.42609743479742,55.53138051556408,1.021604860383834,6.701705929113093,28.157050206301335,9.0,V,casa,1.77,Athletic,3.0,20.0,2
2025,Vila Nova,2025-08-12,9039.19961864027,492.65054740684343,151.0493911232533,7.356321770870656,50.08267466857757,1.3103860623432462,7.2538689089931925,28.493605562522394,10.0,V,fora,0.51,Paysandu,3.0,21.0,2
2025,América-MG,2025-08-15,8697.228504043602,372.30264546963474,122.37058588094033,7.3095174751909955,45.66204110701715,1.06004178977975,5.721653698101213,28.531365878350545,9.0,E,fora,2.22,Amazonas,1.0,22.0,2
2025,Amazonas,2025-08-15,8479.71787942682,344.3189524588788,104.51395340298758,6.137975621013763,41.91867531050688,1.1331340214837193,6.420872776099362,27.83836438402148,10.0,E,casa,1.45,América-MG,1.0,22.0,2
2025,Coritiba,2025-08-15,9660.593874463495,542.5013842450974,184.60376206397763,9.498461027720472,59.86352730549431,0.8527929145621399,7.467022835597923,28.99474757534799,10.0,V,fora,1.11,Novorizontino,3.0,22.0,2
2025,Novorizontino,2025-08-15,9658.758664076126,519.9515671488664,173.46944662460245,9.349438929927157,55.977224658869396,1.1539018415922848,5.885795372935263,29.11921103929414,9.0,D,casa,1.01,Coritiba,0.0,22.0,2
2025,Athletico-PR,2025-08-16,9624.404864464133,444.3505646231661,153.56844543291365,8.930941875620286,52.94833446927576,2.2600662433786516,6.02636462555751,29.277961521445405,9.0,E,casa,2.1,Cuiabá,1.0,22.0,2
2025,Vila Nova,2025-08-16,8895.804459743615,386.27628144779953,126.32634965363391,7.397484709724936,48.31995100707676,1.4406441662130285,7.780532517851996,28.059787377117427,10.0,V,casa,1.33,Goiás,3.0,22.0,2
2025,Botafogo-SP,2025-08-16,9111.831698767379,316.1357643795655,88.98684731537604,5.272793539208301,38.523164401085566,0.4305119376397307,5.379985892423752,29.001269681862198,9.0,E,fora,0.65,Remo,1.0,22.0,2
2025,Cuiabá,2025-08-16,9646.35326378341,353.5135443851927,112.55066486324681,5.9860959655872,43.40335624563465,0.8985918912626526,4.88918435902837,28.383903369216952,10.0,E,fora,0.59,Athletico-PR,1.0,22.0,2
2025,Goiás,2025-08-16,8601.374820436924,418.5009789634802,155.51421021340113,7.9690086397733175,48.38342858588542,0.2275694787041605,5.806266934841184,30.030580749623674,8.0,D,fora,1.07,Vila Nova,0.0,22.0,2
2025,Remo,2025-08-16,9542.43498569912,417.333537193127,123.54188219106845,6.630669216268336,48.26713982362246,1.2673463196897143,5.363501874282247,29.26791077116422,10.0,E,casa,1.98,Botafogo-SP,1.0,21.0,2
2025,Paysandu,2025-08-17,9590.521733422705,508.905771541312,183.3696495465985,10.130272799706585,55.43133630120527,1.365996155256801,6.259086367602981,29.441308224462176,9.0,D,fora,1.24,Chapecoense,0.0,21.0,2
2025,Ferroviária,2025-08-17,9108.237338823323,467.87771347102347,150.90608849304212,8.323863396159945,52.51687599084025,1.6863349920732782,6.73806808173331,28.72820151488462,10.0,V,fora,2.57,Atlético-GO,3.0,21.0,2
2025,Chapecoense,2025-08-17,9872.79840369455,603.6943598070361,190.07808730438873,10.69605883045064,62.26365042946229,1.1644220496529,6.460065066478409,29.83038710436522,9.0,V,casa,1.99,Paysandu,3.0,22.0,2
2025,Atlético-GO,2025-08-17,9097.566692336566,461.2975497354305,207.6006300023006,11.005151537166867,59.610874835022464,0.6534708852482836,6.104636443992394,30.148271519730713,9.0,D,casa,1.33,Ferroviária,0.0,22.0,2
2025,Volta Redonda,2025-08-18,10088.643796415694,558.7111162135844,164.24947143345875,7.814799336824653,53.52784546961761,0.9484606173846679,6.157259796310429,28.404500118424163,9.0,D,casa,0.41,CRB,0.0,21.0,2
2025,CRB,2025-08-18,10093.833603839736,512.4116930452412,184.88370733783617,8.568086517244085,55.546376222319296,1.2094483461585852,5.84585940387782,28.28336077601174,10.0,V,fora,0.69,Volta Redonda,3.0,21.0,2
2025,Athletic,2025-08-19,9436.2122914806,479.36846894391925,185.19292199733226,9.707446616018096,57.93663979585919,1.877659340022038,7.934733515049586,29.914665661427826,9.0,E,casa,2.13,Criciúma,1.0,21.0,2
2025,Criciúma,2025-08-19,9589.343541715261,486.94191250032395,202.3566609646735,9.56357203949926,58.66635020604929,1.748690096674701,7.4650117927584665,30.738309618225642,8.0,E,fora,1.49,Athletic,1.0,22.0,2
2025,Avaí,2025-08-19,9328.001655002758,505.87622407430973,215.9568096025788,10.307640072952456,59.26201615981679,2.003757051363617,7.347084022564365,29.299956525427326,10.0,E,fora,0.73,Operário-PR,1.0,22.0,2
2025,Operário-PR,2025-08-19,9448.043999522162,512.5102090550711,190.29568940389441,10.752157448333532,59.99498912913631,1.504804443913511,6.235626806833114,29.10858678771951,9.0,E,casa,0.86,Avaí,1.0,22.0,2
2025,Chapecoense,2025-08-22,9901.99123178169,644.0588472361001,248.90125946088736,14.057526674246864,76.90330772146228,3.100261746430992,8.887855493918616,29.355537562163345,10.0,V,fora,1.78,Athletic,3.0,23.0,2
2025,Athletic,2025-08-22,9881.949824224572,616.4670760938262,221.6233741965489,13.736416399346504,76.73601619423542,2.145945597863028,8.373319699011413,29.662093802544806,10.0,D,casa,1.08,Chapecoense,0.0,22.0,2
2025,América-MG,2025-08-23,9564.348330690638,497.7559967333898,191.20724138342138,10.300696002575139,58.37121186470988,1.7172668963626176,6.760528260947317,29.423324073963688,10.0,D,fora,0.31,Goiás,0.0,23.0,2
2025,Goiás,2025-08-23,9673.618289281336,498.4724975242856,156.92582028671134,8.380814863717816,55.17266245402245,1.1677340139583137,6.578349995284353,28.720265490898797,9.0,V,casa,0.35,América-MG,3.0,23.0,2
2025,Novorizontino,2025-08-23,9132.200158191963,455.01929863364353,137.929928594685,7.983213126901615,52.34344070327499,1.7173089402597985,5.760014595426019,29.494906196319704,10.0,D,fora,0.12,Criciúma,0.0,23.0,2
2025,CRB,2025-08-23,9944.32512785505,496.7623230082202,187.3915126432858,9.086333873766247,56.320983445686494,0.6403305173934065,7.552269249367123,29.949486588730547,8.0,D,casa,1.12,Athletico-PR,0.0,22.0,2
2025,Remo,2025-08-23,8696.451218572156,345.23905249299247,155.8500121039667,7.644782871825363,43.38217351142444,1.1467579419009597,5.829017030493502,29.10325639174382,10.0,E,fora,0.55,Coritiba,1.0,22.0,2
2025,Coritiba,2025-08-23,8940.762630511299,420.7435516805932,178.08876474381367,8.94686369864854,51.866588570353855,2.4198880947902954,6.648104059754427,29.31842875950456,8.0,E,casa,1.64,Remo,1.0,23.0,2
2025,Athletico-PR,2025-08-23,10112.953193252968,521.5007181532565,181.28705084783525,9.826027095077874,59.45891485995676,1.8049872991822453,7.317721205909222,29.62795071191426,10.0,V,fora,1.08,CRB,3.0,23.0,2
2025,Criciúma,2025-08-23,9563.468126436012,549.5934739788976,185.20504149099912,8.732935599723394,55.41244094224721,1.4057492917531065,6.624121996921635,29.285763679760873,10.0,V,casa,2.07,Novorizontino,3.0,23.0,2
2025,Atlético-GO,2025-08-24,9357.325766018088,467.37534528495104,148.4630750533628,8.883174005848314,55.29947871040975,1.2203391775345778,6.218909548544709,28.372267393798815,9.0,E,fora,1.61,Cuiabá,1.0,23.0,2
2025,Ferroviária,2025-08-24,9684.72663759296,466.15077384153295,178.00651600802698,9.79780648715292,57.248976037144395,1.0619167661293496,6.6115887360151095,28.726343402017232,9.0,E,casa,2.17,Volta Redonda,1.0,22.0,2
2025,Cuiabá,2025-08-24,9696.466542003178,485.8869342795568,154.6811236040664,9.503788340553367,58.77686222435074,1.7627764111718223,6.465041360994405,29.107061845571103,10.0,E,casa,3.06,Atlético-GO,1.0,23.0,2
2025,Volta Redonda,2025-08-24,10055.553068994614,492.4369516453561,139.72732368403976,7.476972415135979,54.09146102420978,1.1688422145777895,6.425703641202053,28.00085285909002,9.0,E,fora,1.53,Ferroviária,1.0,22.0,2
2025,Operário-PR,2025-08-24,8846.312142645424,418.4803777942447,157.38930752130418,6.6698958873656915,41.569952945535384,0.4449592441645053,6.89231258490799,29.022315672471287,9.0,V,fora,1.33,Paysandu,3.0,23.0,2
2025,Paysandu,2025-08-24,8891.099307822291,390.58702673201856,139.41982965816183,6.800221559840049,46.09539678208209,0.9450888443413555,6.802595115397936,28.508463564898875,10.0,D,casa,2.85,Operário-PR,0.0,22.0,2
2025,Botafogo-SP,2025-08-25,9287.930661858614,447.2675321162948,196.4197404402374,9.690387398893147,56.908366513910806,1.8024592442340923,6.424352164876169,29.76901309693737,9.0,V,casa,2.22,Vila Nova,3.0,23.0,2
2025,Vila Nova,2025-08-25,9537.839010712923,492.23621152027556,166.27939716862625,8.893145421953733,59.06857443294894,1.9052350774181712,7.23953379723073,28.398757921777303,8.0,D,fora,0.46,Botafogo-SP,0.0,23.0,2
2025,Amazonas,2025-08-26,9324.652295167938,386.92303339268733,104.82744883771986,6.147513476595849,43.466997097348596,0.987872771178379,4.831135936775863,28.04425201844038,9.0,V,fora,0.77,Avaí,3.0,23.0,2
2025,Avaí,2025-08-26,9534.034596685084,487.7355270718232,153.37307992633515,8.508816206261509,54.69450534069981,1.3265915285451197,6.963074769797422,28.702173112338862,9.0,D,casa,0.96,Amazonas,0.0,23.0,2
2025,Remo,2025-08-29,9320.579217230532,463.31659783417774,172.9879352654453,9.398894518212597,52.62050759958701,1.7285055346123368,5.834966023963311,29.470057867313372,9.0,D,casa,1.0,Criciúma,0.0,23.0,2
2025,Coritiba,2025-08-29,10402.510076883405,627.707257502982,129.25335498533255,8.413876083943139,59.622921408078426,0.5811403565326716,6.815137326327328,28.898932980883924,7.0,D,fora,0.21,Operário-PR,0.0,24.0,2
2025,Operário-PR,2025-08-29,9654.760727761819,420.5557068260383,128.0633755294805,7.996727810506841,54.6652668094844,0.9867286625444277,6.134463946638103,28.874528944934028,9.0,V,casa,1.11,Coritiba,3.0,24.0,2
2025,Criciúma,2025-08-29,9035.709125160283,532.7676047276578,198.696628979205,8.027063834531974,50.980495066064556,1.1026644366393485,5.820312872832693,28.608364832469196,10.0,V,fora,1.17,Remo,3.0,24.0,2
2025,CRB,2025-08-30,9531.072115587482,591.0151538403577,211.69687936404281,8.927827522981866,54.47724280403879,2.486448736625308,6.216264379364044,28.961970663585674,9.0,V,casa,1.51,Paysandu,3.0,23.0,2
2025,Goiás,2025-08-30,9133.92579788085,474.11720301879245,179.30029818072768,8.63724980007997,50.0217543982407,1.6189888044782088,5.847032586965214,29.412709916033585,10.0,D,casa,2.46,Botafogo-SP,0.0,24.0,2
2025,Paysandu,2025-08-30,9593.548084306394,496.6921787789576,149.6528297663546,8.13743618581368,53.19024004057644,0.694878877090845,5.953909121982954,28.869880806677475,10.0,D,fora,2.11,CRB,0.0,23.0,2
2025,Novorizontino,2025-08-30,10067.541552853882,570.2277633561644,174.15094166666663,9.966186872146118,64.11376198630137,1.33588698630137,6.474029566210046,28.91076484018265,10.0,D,fora,0.59,Athletico-PR,0.0,24.0,2
2025,Athletico-PR,2025-08-30,10147.500067731804,554.0469044107606,176.73270858937596,10.447537074969276,65.2603306022122,1.8433035641130686,6.268688105967501,28.58739997268879,8.0,V,casa,1.19,Novorizontino,3.0,24.0,2
2025,Botafogo-SP,2025-08-30,8538.688616945756,352.43530452666306,116.036134693281,6.201499143942875,38.61725424896647,0.563384975153464,5.825606860984674,27.65061489956988,10.0,V,fora,1.57,Goiás,3.0,24.0,2
2025,Volta Redonda,2025-08-31,9701.038445649054,506.34155857882735,129.64173086505505,6.930286439065638,51.3649523608196,1.225003850393344,6.251915079952286,27.67385658417262,7.0,D,casa,0.62,Athletic,0.0,23.0,2
2025,Athletic,2025-08-31,9862.127296162795,537.2123847926266,181.9087953415157,10.5738078888534,63.75147374184424,1.7454043664735137,7.287776497695853,28.822362777752424,10.0,V,fora,1.2,Volta Redonda,3.0,23.0,2
2025,Amazonas,2025-08-31,8614.967663681218,423.35764299046497,134.9110122552921,6.900628825257189,47.4020504101978,0.7813667472110893,6.7689359454805915,28.644085772575348,7.0,D,fora,0.19,Atlético-GO,0.0,24.0,2
2025,Atlético-GO,2025-08-31,8919.923746933384,446.6909940554822,154.98290455746368,8.598255802981695,52.64961431402152,0.9564238535572749,6.156094546140782,29.616441781468204,9.0,V,casa,0.86,Amazonas,3.0,24.0,2
2025,Vila Nova,2025-09-01,8154.293923480266,465.87086725046595,204.21081562043207,9.172805991766015,55.276299534659174,1.0865642559240434,6.39806233153187,29.649661387439817,7.0,E,fora,1.13,Chapecoense,1.0,24.0,2
2025,Chapecoense,2025-09-01,9040.481187015363,492.0423614509931,191.75789466442592,10.172253442226612,54.74963626893102,1.5034156912462775,6.369547522874467,29.914634745604467,10.0,E,casa,1.66,Vila Nova,1.0,24.0,2
2025,Avaí,2025-09-02,10092.481442901426,573.8247156850589,159.80483645381278,8.144906881587104,60.14962430254185,1.1158393056416616,6.025058896466212,29.00350526968382,9.0,D,fora,0.58,América-MG,0.0,24.0,2
2025,América-MG,2025-09-02,10328.809728384178,557.4078147567126,189.96526480922066,11.553136741388027,68.7290945274922,1.5169182300242445,6.18394705112082,28.443400189288358,9.0,V,casa,1.1,Avaí,3.0,24.0,2
2025,Ferroviária,2025-09-02,9460.066980316671,510.76327860912755,216.8230424091897,10.84159329400807,63.7070532132878,1.4524810928283143,7.041048990996584,29.825861533685188,9.0,E,casa,0.13,Cuiabá,1.0,23.0,2
2025,Cuiabá,2025-09-02,9844.188478055294,521.6523044723814,217.6467348556489,11.138971463536743,62.705004728263894,1.0024657896200702,5.756784363353174,29.5804082994938,8.0,E,fora,2.0,Ferroviária,1.0,24.0,2
2025,Remo,2025-09-05,9150.780532391256,422.75462623520605,167.71031522332018,6.848848324940064,44.29595676937323,1.3692718785280273,5.935357020537085,29.045539304605935,9.0,V,fora,1.71,Amazonas,3.0,24.0,2
2025,Paysandu,2025-09-05,8947.15084426697,453.6754754187626,222.1696107970751,8.052294508115956,50.99173261421978,0.8164568531867447,5.599542861587927,28.97798319763522,9.0,D,casa,1.18,Volta Redonda,0.0,24.0,2
2025,Volta Redonda,2025-09-05,9429.289426829428,416.5368408668408,118.64304824304824,6.083231933231934,43.76011323011323,0.0,5.38094887094887,28.248087048087044,9.0,V,fora,1.33,Paysandu,3.0,24.0,2
2025,Amazonas,2025-09-05,9131.711557075498,509.1151761749314,211.24734468107158,7.460043784652056,45.233707575522054,2.2134162391833776,5.944718767811804,28.279020933727136,9.0,D,casa,1.22,Remo,0.0,25.0,2
2025,Coritiba,2025-09-06,9718.462866654387,524.2499493407722,198.00016737282562,8.882921787415459,58.85457840995816,1.184769336035159,7.816239769467618,28.94416958341009,9.0,V,casa,1.99,Ferroviária,3.0,25.0,2
2025,Botafogo-SP,2025-09-06,8538.775648371997,363.226879995885,100.644066251736,6.1116988838022746,42.86678267578827,1.019128439895067,6.018985854637107,28.732386194125812,10.0,D,casa,1.05,Athletico-PR,0.0,25.0,2
2025,Athletico-PR,2025-09-06,9043.972537216485,424.8401736769248,130.14488201469493,6.995284101799596,47.43869321690982,1.6283859013949527,6.132556596741561,29.250408902140347,10.0,V,fora,1.31,Botafogo-SP,3.0,25.0,2
2025,Ferroviária,2025-09-06,9497.677047979343,445.64061574491075,165.91248207530174,8.862715306551372,52.96199771812886,1.8364795532336518,7.566125262715428,28.524011289257192,10.0,D,fora,0.31,Coritiba,0.0,24.0,2
2025,Chapecoense,2025-09-07,9252.601203973494,450.2197996041259,162.6503396894479,6.970942967088359,46.914882405734026,0.5529372133908703,4.978040915182139,29.21035419663384,8.0,D,fora,1.07,Criciúma,0.0,25.0,2
2025,Operário-PR,2025-09-07,9835.531555501713,552.2232126498448,188.67717466800505,10.072633115272346,63.34175279498806,0.830417084905334,6.126799695406874,28.721345747810734,10.0,E,fora,0.67,América-MG,1.0,25.0,2
2025,América-MG,2025-09-07,9903.007246170082,564.5582082594022,238.18023252038176,12.524815201382367,68.15485161604565,1.4605607162323582,5.949912558420021,29.553665240232405,10.0,E,casa,0.99,Operário-PR,1.0,25.0,2
2025,Goiás,2025-09-07,9630.606651295913,633.1111195473578,336.0536632745005,13.594722266391052,64.15788373880319,2.1467241744845493,7.156005061748027,29.096631684952563,8.0,D,fora,1.49,Avaí,0.0,25.0,2
2025,Criciúma,2025-09-07,9238.621934453047,493.7289444868578,182.47367302868358,7.953049514668993,50.84535052895626,1.372719271458174,5.593508125204493,29.822277238521103,9.0,V,casa,1.88,Chapecoense,3.0,25.0,2
2025,Atlético-GO,2025-09-08,9479.608989306704,519.1502029821506,166.15392754135826,8.326129598389203,54.48755890835873,1.4703384849804089,6.982438098606878,29.11104157596865,8.0,E,fora,0.43,Novorizontino,1.0,25.0,2
2025,CRB,2025-09-08,9692.964044448612,479.7289666166542,133.82634377344337,6.511547261815453,48.46701894223556,0.8423293323330833,5.545874906226557,28.57153038259565,8.0,D,fora,1.04,Cuiabá,0.0,24.0,2
2025,Novorizontino,2025-09-08,9608.261489103708,527.4600047155512,204.31637609889182,9.7008081556581,60.02194763492652,1.4147287996676658,5.254889914334153,30.084019895135118,10.0,E,casa,1.37,Atlético-GO,1.0,25.0,2
2025,Cuiabá,2025-09-08,9586.975021124692,430.16473667562866,144.4722900521904,8.640797315921466,54.19033438015409,1.2182058697272993,6.609736562662389,29.304968256478617,10.0,V,casa,2.1,CRB,3.0,25.0,2
2025,Athletic,2025-09-09,9786.806576426789,497.3865998000023,141.07063131769496,6.938980976132817,51.61503018035926,1.3002178287008588,5.856140528427367,29.213978144841626,9.0,E,fora,0.75,Vila Nova,1.0,24.0,2
2025,Vila Nova,2025-09-09,9918.696693270585,537.7490691863567,144.6438003978458,7.860817767211683,54.036155450972785,1.527572655378196,7.09646814807627,29.016435398573577,9.0,E,casa,0.66,Athletic,1.0,25.0,2
2025,Criciúma,2025-09-12,9714.302569112362,533.1765155064281,157.48452034240438,7.576633923077754,54.695412731139164,1.1639780222152656,6.507232591025379,28.74832413994106,10.0,E,fora,0.54,Volta Redonda,1.0,26.0,2
2025,Volta Redonda,2025-09-12,9916.327856893662,490.035637384873,151.97067296957854,7.429297841659689,52.33275467485346,0.9411075448878966,6.697529537631408,29.23563936180109,10.0,E,casa,0.61,Criciúma,1.0,25.0,2
2025,Vila Nova,2025-09-13,9637.060448798213,484.45862880852417,206.71167096314844,11.490225872185803,60.985982298495,2.0996609462080476,8.064944882276398,29.53851366281211,9.0,E,casa,1.29,Remo,1.0,26.0,2
2025,Remo,2025-09-13,9419.5287607905,457.08858609760006,154.33471378700904,9.204852255963074,52.584569913676,1.708186757810788,6.9683189460000285,28.597179498415205,8.0,E,fora,0.09,Vila Nova,1.0,25.0,2
2025,Coritiba,2025-09-13,9275.545465354156,478.2156125164979,135.21910602727672,8.61314254289485,55.630909040915085,1.3852481302243729,6.5325621425428935,28.070861196656402,10.0,E,casa,2.31,Goiás,1.0,26.0,2
2025,Paysandu,2025-09-13,9438.06345911777,491.4936699189226,173.14933640236362,8.162993541294489,53.30509770509826,1.7310487838394943,7.295346021712244,28.920278961110345,8.0,E,casa,0.37,América-MG,1.0,25.0,2
2025,Goiás,2025-09-13,9194.070178921971,402.40327386307877,106.37552040732865,6.532746605594634,47.39195720186488,0.828275192213316,5.520711700474399,27.434748691313594,10.0,E,fora,0.36,Coritiba,1.0,26.0,2
2025,América-MG,2025-09-13,9846.301299034034,511.1260360765849,193.70926127249018,8.722758716199841,54.4250029429076,2.180437512262115,5.711644566007687,29.135457997207126,10.0,E,fora,0.56,Paysandu,1.0,26.0,2
2025,Cuiabá,2025-09-14,10004.127389774214,482.12025437988723,165.7875098705555,9.302095527181145,57.40803248759994,1.6827760731135966,6.532256095549177,29.342915745598116,10.0,E,fora,0.47,Operário-PR,1.0,26.0,2
2025,Operário-PR,2025-09-14,9578.188937950741,461.8090665396653,183.32563818206557,9.674336780514356,55.96587549326439,1.9588797115253775,6.6131387943937945,29.163000408218807,8.0,E,casa,0.73,Cuiabá,1.0,26.0,2
2025,Ferroviária,2025-09-15,9449.76037117735,424.5832186732186,192.33731074127297,9.041302056773754,52.56980931188478,1.3907159303385717,6.257367607744966,29.967307959760788,7.0,D,casa,1.22,Novorizontino,0.0,25.0,2
2025,Novorizontino,2025-09-15,9980.330347411696,503.7767003296337,172.89037827627502,9.223080284941789,56.77867936641193,1.1107470462598306,6.334586106001309,29.261982246694405,9.0,V,fora,2.52,Ferroviária,3.0,26.0,2
2025,Avaí,2025-09-16,9544.019688140224,536.8878387491463,187.1999856305486,9.861142584793992,59.15603203960847,0.8959603346232643,7.939213663783292,29.713892840883222,8.0,D,fora,0.57,Atlético-GO,0.0,25.0,2
2025,Amazonas,2025-09-16,9075.971656866865,395.25569340613185,130.2826676466471,8.189837603247936,48.88536833263335,1.133871622567549,6.93139983200336,28.552081758364835,8.0,D,fora,0.13,CRB,0.0,26.0,2
2025,CRB,2025-09-16,9356.915652883876,428.91909943966635,137.00034201608307,7.751366610372327,51.23924371721601,0.8056406929796112,5.8395500553623165,28.78829674201161,10.0,V,casa,0.63,Amazonas,3.0,25.0,2
2025,Atlético-GO,2025-09-16,9363.095447454227,480.0244300225733,193.0007845497868,11.17362854276398,60.38461487333835,0.4519556057185854,7.223924755455229,29.457303737145722,9.0,V,casa,1.77,Avaí,3.0,26.0,2
2025,Chapecoense,2025-09-17,9159.386450489554,477.2607530029273,162.0415511759362,8.518463207832847,51.55291839103665,1.4767533057434137,4.997805844352478,29.443196729585143,8.0,D,casa,1.98,Athletico-PR,0.0,26.0,2
2025,Athletico-PR,2025-09-17,9346.327735495164,454.54850825275093,160.92631022840948,8.628488246082025,52.42307894298099,1.5019177225741913,6.001453922140713,29.501021173724574,10.0,V,fora,1.86,Chapecoense,3.0,26.0,2
2025,Operário-PR,2025-09-18,9692.965678633267,617.3045642387164,218.78992012005074,9.351206510446726,60.35985363038208,1.6610876139905346,6.753013043980145,28.80009234676209,10.0,E,fora,0.85,Botafogo-SP,1.0,27.0,2
2025,Botafogo-SP,2025-09-18,9481.764287561926,564.1265115419703,209.52179590516994,8.836044551196924,57.26616776562699,1.2463778190930401,6.547007286626558,28.7023534302574,10.0,E,casa,0.17,Operário-PR,1.0,26.0,2
2025,Novorizontino,2025-09-19,9860.689848428923,591.0167323397776,212.92455912887007,11.315907119457393,64.77922703363633,1.2470693950998941,7.5781864531906065,29.49405827527339,10.0,V,casa,0.81,Athletic,3.0,27.0,2
2025,Athletic,2025-09-19,9841.280654499524,541.7036420230454,211.46375067666844,11.36645554610368,64.95786159874204,1.7420748588662902,7.424924986466629,29.06637408810868,9.0,D,fora,0.22,Novorizontino,0.0,25.0,2
2025,Avaí,2025-09-20,9630.530651422276,506.2058844833042,172.8835532869985,9.070515465125819,54.10935924332814,1.1593372088934726,5.4856367131186925,28.64357309454882,9.0,E,casa,1.89,Ferroviária,1.0,26.0,2
2025,Volta Redonda,2025-09-20,9153.893621113308,388.51379869569257,100.17721871720966,5.738321268711231,41.601499687869406,0.5966995178578544,5.856959848052172,28.041450942368737,8.0,D,fora,0.91,Amazonas,0.0,26.0,2
2025,Atlético-GO,2025-09-20,9090.650945132129,415.3210646423374,136.03679004927292,6.848621559908665,46.86690515295972,1.44325508419127,6.849543991774493,28.30357996501489,8.0,V,fora,1.29,Remo,3.0,27.0,2
2025,Amazonas,2025-09-20,8826.279799577298,364.7603292744434,96.62028364195307,5.725868578427841,42.04160109998319,0.7551299325119485,5.837621706655138,27.942541489540556,9.0,V,casa,1.96,Volta Redonda,3.0,27.0,2
2025,Remo,2025-09-20,9252.749352683119,451.17479158460895,131.6478569003219,5.988608119304058,46.695688266532656,0.24473413285886972,5.8664522525703875,28.806024963668225,8.0,D,casa,1.02,Atlético-GO,0.0,26.0,2
2025,Paysandu,2025-09-20,8603.666250722898,414.48220038702794,141.93197161795456,7.406811579696606,48.74268572890253,1.5029134970416833,7.308580564082033,28.738465901508075,9.0,D,fora,0.63,Goiás,0.0,26.0,2
2025,Ferroviária,2025-09-20,9407.044079147143,416.51179670347676,167.31113739882687,7.669234197332634,49.64275507640551,1.1796785398302587,5.701754104269751,28.57931644657076,10.0,E,fora,1.64,Avaí,1.0,26.0,2
2025,Goiás,2025-09-20,9099.043365726619,517.0067022688811,174.3718324331445,7.65961806998166,51.618459613104584,0.8209626784755226,6.201301338629754,29.239773821225544,10.0,V,casa,0.99,Paysandu,3.0,27.0,2
2025,Criciúma,2025-09-21,9682.30507535997,564.5720966153463,227.86983045565046,8.864091504082777,56.432867543476895,1.5705882939599827,6.50670847098423,29.704439319329303,9.0,V,casa,2.75,CRB,3.0,27.0,2
2025,Athletico-PR,2025-09-21,9629.065317041028,436.672101661214,150.03144561460297,8.322416216778608,53.89585205137394,1.039821971492318,7.592923135613793,29.5877102528236,10.0,V,casa,2.16,Vila Nova,3.0,27.0,2
2025,Cuiabá,2025-09-21,9279.700961260934,414.7141946616136,112.14893458155031,6.3243378468257045,46.41773313087455,1.1282271888764792,6.775771581311883,28.277711546425394,9.0,V,casa,1.23,Chapecoense,3.0,27.0,2
2025,América-MG,2025-09-21,9032.861025929207,462.4364612780812,218.24914900368907,9.996617038437636,55.335597720451155,1.3093453569397981,6.0693588438297486,29.736626161922015,8.0,V,casa,1.12,Coritiba,3.0,27.0,2
2025,Coritiba,2025-09-21,8907.55635119881,440.3000270917055,168.23677405517682,9.04225967399648,53.43749469454103,1.827822278412426,7.213766875874836,28.522380006321395,10.0,D,fora,2.65,América-MG,0.0,27.0,2
2025,Chapecoense,2025-09-21,9251.963607579673,395.6686108527132,97.67757806488659,5.6852445592879715,39.793937525122026,0.41311536032156193,4.650579155900086,27.502109675567038,10.0,D,fora,1.0,Cuiabá,0.0,27.0,2
2025,Vila Nova,2025-09-21,9606.475911054402,495.0854381138571,165.5194721562109,9.797999016658279,60.58295974152161,1.5799577397188114,7.585466326399214,29.216322301956147,10.0,D,fora,0.04,Athletico-PR,0.0,27.0,2
2025,CRB,2025-09-21,9905.744795117698,588.3701577118766,206.11884734999802,8.665747244596547,55.043550078725815,1.639857382659501,6.324607607125663,29.057288969277415,9.0,D,fora,1.0,Criciúma,0.0,26.0,2
2025,Paysandu,2025-09-23,8887.030955437518,428.2411810836815,152.79114286090865,9.253168140659804,53.617630583490396,2.133564603076274,7.710706462284667,29.768019401352298,8.0,D,casa,0.55,Novorizontino,0.0,27.0,2
2025,Novorizontino,2025-09-23,9358.266890254,466.2840073163997,155.92604734953065,8.944537686361125,53.67314798453892,1.9877941744892322,6.709357813362781,29.621765599116507,8.0,V,fora,2.14,Paysandu,3.0,28.0,2
2025,Operário-PR,2025-09-24,9252.226536942771,477.3076557676851,161.34045218930913,8.910926044566624,53.77895595755338,1.2585008561544107,6.2895075073675875,28.525780148866033,10.0,V,casa,0.99,Amazonas,3.0,28.0,2
2025,Botafogo-SP,2025-09-24,9634.209350850077,485.6388435152798,148.86514276417475,7.3220065620000545,50.88240895902818,0.6103175248786573,5.97919588383633,27.90212722687709,8.0,D,fora,0.66,CRB,0.0,27.0,2
2025,Ferroviária,2025-09-24,9839.403945039317,496.8512131078175,176.76077386899235,9.624528849657377,57.43940866723869,1.2679676535925435,6.239805122298099,28.938877983991354,10.0,E,casa,0.92,Goiás,1.0,27.0,2
2025,CRB,2025-09-24,9648.592942108191,493.0541108263005,165.18581916668685,7.726360481706287,53.32083089497739,0.43509660725944915,6.6366453461659365,28.288902860735618,9.0,V,casa,2.37,Botafogo-SP,3.0,27.0,2
2025,Vila Nova,2025-09-24,9750.527461003374,547.6848944719646,180.94217485244522,9.129470647133221,57.388064265387854,0.7118676222596965,6.4021922428330535,29.738488090219228,9.0,E,casa,1.21,Cuiabá,1.0,28.0,2
2025,Amazonas,2025-09-24,9211.204727454497,487.40593147167755,169.11376133239418,8.179996364545227,53.88382495285269,1.7371741155620184,6.646480425348208,28.482652064256662,10.0,D,fora,0.4,Operário-PR,0.0,28.0,2
2025,Cuiabá,2025-09-24,9660.475313152005,472.6268965517241,190.05154457974535,8.532668715147377,54.170221792294164,0.9111237560537664,4.892482455142066,30.15914671926963,9.0,E,fora,2.49,Vila Nova,1.0,28.0,2
2025,Athletico-PR,2025-09-24,9827.349286937708,502.5075424817452,197.96103578833498,10.343656923284955,59.83480404309023,1.4197382358243935,6.593279771026774,30.03606553682502,10.0,V,fora,1.83,Athletic,3.0,28.0,2
2025,Goiás,2025-09-24,10144.41174751124,520.0326409730794,156.4566023760717,8.357912952874957,58.30301301289964,1.529702254889747,6.7274248275705855,28.79310282342548,10.0,E,fora,1.03,Ferroviária,1.0,28.0,2
2025,Athletic,2025-09-24,9692.981000054391,546.3167350557519,198.9466806635845,10.476343540930106,62.07216926842534,1.959236660320914,7.734185912428611,29.53246124558064,10.0,D,casa,0.72,Athletico-PR,0.0,26.0,2
2025,Criciúma,2025-09-25,10095.43394626742,505.91100065696213,134.12932263752984,6.638456484907161,53.942627502506824,0.9346637391514816,6.22309532865392,27.680747553680717,10.0,V,fora,0.64,Coritiba,3.0,28.0,2
2025,Volta Redonda,2025-09-25,9957.39200005195,552.5068426452634,187.94762019792717,8.298793085534689,56.8058826203278,1.1668858931400814,6.546158601522117,29.479078677368246,9.0,V,casa,1.64,Remo,3.0,27.0,2
2025,Coritiba,2025-09-25,9788.754784205103,467.86106415872194,142.18485184230866,8.550412909044061,52.90318989951043,1.0137078072661685,6.521630378768358,27.861504766812676,7.0,D,casa,0.64,Criciúma,0.0,28.0,2
2025,Remo,2025-09-25,10042.598966288971,524.3189059047082,137.57078682525162,6.4609847279893025,49.658919980294186,0.7587894996129214,5.320512210570765,27.942373143782113,8.0,D,fora,1.57,Volta Redonda,0.0,27.0,2
2025,América-MG,2025-09-26,10039.173518961688,550.0024746135438,208.7851628829528,9.896162171485242,60.54127827005584,1.5511356531487832,6.88926212189811,29.814261690705642,10.0,D,fora,0.56,Atlético-GO,0.0,28.0,2
2025,Avaí,2025-09-26,9817.38150975403,530.0080491942324,200.0001950805768,8.689457167090755,57.546997455470745,1.0556064461407972,5.989491094147582,29.958524173027993,8.0,V,fora,2.12,Chapecoense,3.0,27.0,2
2025,Atlético-GO,2025-09-26,9473.634013245386,487.3619155274216,200.11608489813287,10.05541092611309,59.48394063514018,1.43609686685462,6.822918772275122,31.29648917495611,8.0,V,casa,0.74,América-MG,3.0,28.0,2
2025,Chapecoense,2025-09-26,10021.459218569715,552.3191364448768,210.84950023755118,9.571098843917557,60.475794439039845,1.017863622994955,6.720870342299946,29.687902988620163,10.0,D,casa,1.44,Avaí,0.0,28.0,2
2025,Athletico-PR,2025-09-27,9935.006965966364,535.8628416105103,188.36965513335974,10.295595447080807,65.54228291522735,1.5304043264057987,8.153040489268927,29.627069482983178,10.0,V,casa,0.67,Operário-PR,3.0,29.0,2
2025,Operário-PR,2025-09-27,9866.475725498929,520.813304617697,196.90075778662288,10.018928243382414,58.119123082918136,1.0023593676065357,6.763479416594762,29.592309405182736,8.0,D,fora,0.91,Athletico-PR,0.0,29.0,2
2025,Ferroviária,2025-09-28,8966.888735674507,323.3120603396695,106.56514693699086,6.109955585216551,42.045002876605146,1.553708864546417,7.146324504073274,27.916518617388512,10.0,V,fora,2.13,Botafogo-SP,3.0,28.0,2
2025,Cuiabá,2025-09-28,9482.173231450279,473.634749250799,146.27599684154245,8.616479314589837,56.966920130814856,1.0072298834852462,6.2675887539014425,29.18520996281973,9.0,V,casa,1.33,Athletic,3.0,29.0,2
2025,Athletic,2025-09-28,9251.706960735994,388.22980896054827,114.48358046422119,6.442379896266048,45.411249735971275,1.1607564129643972,5.4901351827078795,28.48722218310686,10.0,D,fora,1.13,Cuiabá,0.0,27.0,2
2025,Remo,2025-09-28,9273.350059107372,545.6567644317552,254.82969054164062,8.70851405717252,52.771386722667266,2.124214556222791,5.842010240558747,29.965999693255153,10.0,V,casa,0.93,CRB,3.0,28.0,2
2025,Paysandu,2025-09-28,9611.728645919276,452.5545681660671,160.38698920827696,9.90011363761372,55.63982167805243,1.5836195725113584,5.841085882754145,29.338703893160844,10.0,V,fora,2.06,Criciúma,3.0,28.0,2
2025,CRB,2025-09-28,9406.263010231805,480.55452342136726,193.5356608753707,8.523448848727622,53.10024655705125,0.6990272796435169,5.032443057431646,29.758464142096354,7.0,D,fora,1.15,Remo,0.0,28.0,2
2025,Criciúma,2025-09-28,9539.249049647455,716.3947596509751,244.98620793436973,10.812324243637818,64.0057261441002,0.5470883848496984,4.914240239802915,28.99495273115617,10.0,D,casa,1.49,Paysandu,0.0,29.0,2
2025,Botafogo-SP,2025-09-28,9229.916659487235,343.71029858415784,122.5076793308916,6.100362543049254,41.820634778330515,1.1821351336576833,5.707160115891325,29.42220849505275,10.0,D,casa,0.98,Ferroviária,0.0,28.0,2
2025,América-MG,2025-09-29,9886.175860272417,490.06579999999997,150.8902726447219,8.172092508513053,54.24639046538025,1.124172531214529,5.926882519863791,28.730728717366624,10.0,V,casa,1.27,Volta Redonda,3.0,29.0,2
2025,Chapecoense,2025-09-29,8542.23767207975,352.8132658445845,95.28301668083417,5.4639488645772385,38.84813971716547,0.29794939447799257,5.7630452733956705,27.246438073369173,10.0,V,fora,1.52,Amazonas,3.0,29.0,2
2025,Volta Redonda,2025-09-29,9551.085272422277,464.5416425899153,132.39895478573715,7.450746471256883,52.24452815821128,0.7938229613852316,6.656122300332181,28.40532925739132,10.0,D,fora,2.04,América-MG,0.0,28.0,2
2025,Amazonas,2025-09-29,8527.099487559208,365.04424162606415,121.47629138923116,6.10268519879266,39.576178229462236,0.8136819317423891,6.204113544127788,28.814925558733428,10.0,D,casa,1.14,Chapecoense,0.0,29.0,2
2025,Avaí,2025-09-29,9419.438220608614,489.38389158028946,166.1165658222937,9.578157530070397,56.371089740036595,1.8957237403691596,6.085940468931878,28.763821295937035,10.0,D,casa,0.43,Coritiba,0.0,28.0,2
2025,Coritiba,2025-09-29,9363.688772745472,466.7951019931485,167.97704075276948,8.207482204030788,51.55527628242203,1.301346153846154,5.304192396672153,28.88845708946923,10.0,V,fora,1.16,Avaí,3.0,29.0,2
2025,Atlético-GO,2025-10-01,9866.316439496299,513.903908285143,181.43483962060208,9.606879019618441,59.46404623574556,1.4584545749337947,6.565254823542129,29.592783602659033,8.0,E,fora,0.82,Goiás,1.0,29.0,2
2025,Goiás,2025-10-01,9879.365070051565,600.2094353831505,217.46790278104092,11.68568957202389,68.22323436669181,1.5574220034871211,6.23148153186017,29.564945776502732,9.0,E,casa,0.08,Atlético-GO,1.0,29.0,2
2025,Paysandu,2025-10-02,9557.7091099915,474.85171854790036,174.50639943827838,9.092502371302922,54.43522327202848,1.3300996563150569,6.873284223752449,30.237148770002097,9.0,E,casa,1.95,Cuiabá,1.0,29.0,2
2025,Cuiabá,2025-10-02,9725.311228081946,408.1126580112722,164.9557770844516,8.957030662909286,53.7450506575416,1.509669887278583,6.039392444981214,29.186802200751476,10.0,E,fora,1.02,Paysandu,1.0,30.0,2
2025,Vila Nova,2025-10-03,9601.031652237032,581.5907398562998,205.91950809497263,10.224362238188913,61.444089670625615,1.7039582785427996,6.625981548301581,28.40807814094404,10.0,E,casa,1.85,Criciúma,1.0,29.0,2
2025,Criciúma,2025-10-03,9651.697830860687,541.6975340149128,201.8937431778,9.800948445947677,57.0758308350629,1.6128154867143256,5.647616393778667,29.158377533502446,8.0,E,fora,0.61,Vila Nova,1.0,30.0,2
2025,Athletic,2025-10-03,9597.128756117148,526.1648465380079,282.44918011393577,14.567899214495446,70.01910106156046,2.4853764398825513,6.664014982307326,30.52453258714583,9.0,E,casa,2.11,Amazonas,1.0,28.0,2
2025,Amazonas,2025-10-03,9475.987480783097,588.1102918248234,197.0159337714107,11.264629334857082,67.46933948274221,1.102759751302668,6.980872345346449,29.493817939403836,8.0,E,fora,1.31,Athletic,1.0,30.0,2
2025,Ferroviária,2025-10-04,9168.558701485794,526.9696415534313,205.7999296780573,9.888478189209975,57.5743230902587,2.7482828504804115,6.592965608174925,29.757152449669753,9.0,D,casa,1.09,América-MG,0.0,29.0,2
2025,Novorizontino,2025-10-04,9402.302472727273,498.589174025974,164.8620474953618,8.570633766233767,55.657416697588125,1.6688512059369203,5.7893565862708725,29.10913543599258,9.0,D,fora,0.95,Chapecoense,0.0,29.0,2
2025,Avaí,2025-10-04,9653.531832444596,484.4607242445725,176.71271810046335,7.767733974457768,50.39648717237411,1.4791464003534402,5.9188546065407035,29.62109340484336,10.0,D,fora,0.83,CRB,0.0,29.0,2
2025,Volta Redonda,2025-10-04,9658.956530791118,567.853163657448,181.55826283356484,9.952785426302235,58.61806785237525,1.4568794919162367,6.553998327962137,28.91206159571743,9.0,E,casa,0.95,Goiás,1.0,29.0,2
2025,Botafogo-SP,2025-10-04,8982.868520432055,316.08406393406807,93.42026800487001,5.478526207348672,38.914852651952685,0.5630406143664347,6.32325742203353,28.488600817906537,7.0,D,fora,0.08,Coritiba,0.0,29.0,2
2025,CRB,2025-10-04,9917.48078662218,533.6128107328972,198.2233814472477,9.343342035500811,54.61316291868682,1.0876156397101069,5.807182816075154,28.77844550393613,10.0,V,casa,1.51,Avaí,3.0,29.0,2
2025,América-MG,2025-10-04,9590.694244926042,575.4430574697337,236.58929913334885,10.78462265721229,61.419336085311315,0.6990092879256966,7.090895613480254,30.60832695273922,10.0,V,fora,1.91,Ferroviária,3.0,30.0,2
2025,Goiás,2025-10-04,9584.483780393122,592.5060580442417,201.42054630599543,10.648810401133774,64.88445363238645,0.5524424178938936,7.318489001170741,28.780003697085462,9.0,E,fora,3.21,Volta Redonda,1.0,30.0,2
2025,Coritiba,2025-10-04,9178.789133396951,421.03289385499664,119.83933922904508,6.093808393067176,47.43500044384279,0.8989084796165199,5.791724107321187,28.143634184771756,10.0,V,casa,1.89,Botafogo-SP,3.0,30.0,2
2025,Chapecoense,2025-10-04,9512.048867365544,598.5871317708585,202.19065129779784,9.714371611572231,59.15667610228855,0.5400158326536487,5.179814326152667,29.094444177901458,10.0,V,casa,1.47,Novorizontino,3.0,30.0,2
2025,Athletico-PR,2025-10-05,9550.493756802673,522.973800138213,169.4879499841631,9.200000431915692,59.86502605891331,0.6480313282847188,6.35194131705491,29.487760949062743,8.0,D,fora,1.1,Atlético-GO,0.0,30.0,2
2025,Operário-PR,2025-10-05,9464.253084409904,491.0510145181038,166.8706728054174,8.659520102951097,51.83682963092531,1.01269996751543,5.620031609985256,28.38205977160848,9.0,D,casa,0.44,Remo,0.0,30.0,2
2025,Remo,2025-10-05,9453.147506568,505.4968607145985,170.43587748489358,8.767079866888517,56.3513490673439,1.3788317716087222,6.009302916192312,29.190288116297396,10.0,V,fora,0.57,Operário-PR,3.0,29.0,2
2025,Atlético-GO,2025-10-05,9619.99724621663,486.5355397527145,176.4236826827313,9.29127942283868,56.07548291106954,2.07685330483154,6.885855782544271,29.060170767848035,9.0,V,casa,2.04,Athletico-PR,3.0,30.0,2
2025,Amazonas,2025-10-07,8900.387064950472,396.855515985527,135.3813932024438,7.579813867963698,48.473031377899034,1.7092191707693218,7.793200901595586,27.769746722818674,9.0,V,casa,1.07,Criciúma,3.0,31.0,2
2025,Criciúma,2025-10-07,9178.941065679766,426.07879084202614,118.82233814057169,7.093268101038215,48.8813509119795,0.5540361097084868,7.094941685037624,28.056037784647216,9.0,D,fora,1.22,Amazonas,0.0,31.0,2
2025,Operário-PR,2025-10-08,10165.299452378365,532.3128853985666,157.36191681146826,8.673824663336228,57.422915535403995,1.100861071894005,6.475583595786271,27.982998479582967,9.0,D,casa,1.9,Athletic,0.0,31.0,2
2025,Goiás,2025-10-08,9466.950392920713,619.2225970827596,226.69310922300212,10.680610314448513,61.05480572253753,1.611367162575142,6.548604627732813,28.746432929218305,10.0,D,casa,0.46,CRB,0.0,31.0,2
2025,Athletic,2025-10-08,10131.602064509325,479.7596953791358,178.0934217124379,9.067602399475113,57.04363576717593,1.4759902521323458,6.221212039553846,28.34145421314087,10.0,V,fora,1.12,Operário-PR,3.0,29.0,2
2025,Paysandu,2025-10-08,9522.542616703502,455.89411291942935,170.2842387203358,9.041054852320674,53.3448777710803,1.5076600138414484,5.7263344719040905,28.970429531399997,10.0,D,fora,0.42,Botafogo-SP,0.0,30.0,2
2025,CRB,2025-10-08,9402.160828145656,474.9597157415463,186.58742099851997,8.948439854933286,50.84319440521517,1.6263544644168522,5.693401159177956,29.172575160149595,10.0,V,fora,1.15,Goiás,3.0,30.0,2
2025,Cuiabá,2025-10-08,9396.837997923227,387.8964931555794,147.52099919608762,7.837214443625645,48.13591612514237,1.808517898215761,5.829793550836293,29.651850115004137,10.0,D,casa,1.29,Novorizontino,0.0,31.0,2
2025,Novorizontino,2025-10-08,9507.249624406006,447.18485205600956,151.9122939872014,8.44005372869543,53.03285699803586,1.254775264525122,6.269815370968764,29.052977254007473,8.0,V,fora,0.79,Cuiabá,3.0,30.0,2
2025,Botafogo-SP,2025-10-08,9770.54045859614,516.7465336876594,186.81628352490418,11.622348264122348,62.528225594723516,1.248335414465469,6.722546772110694,28.801099264666647,10.0,V,casa,1.69,Paysandu,3.0,30.0,2
2025,América-MG,2025-10-09,9255.170918287356,503.5938892829146,179.39962086428508,9.629761966976494,58.34273619769308,1.7932583025371107,7.501244042952952,29.40705762315378,9.0,E,casa,0.97,Vila Nova,1.0,31.0,2
2025,Volta Redonda,2025-10-09,10745.494248465426,538.8785640176001,136.1565654027921,7.943512819816395,56.22112241295018,0.2434026834700418,6.843207805964474,27.902198652832855,9.0,D,fora,0.58,Avaí,0.0,30.0,2
2025,Avaí,2025-10-09,10826.76489163906,552.1757602762095,143.92488417393736,8.60851595670228,58.0517057808053,1.154502636121868,6.612888886296831,27.87230555685158,10.0,V,casa,2.41,Volta Redonda,3.0,30.0,2
2025,Atlético-GO,2025-10-09,9304.123399784286,463.324147387811,129.24833816062147,7.634650314480653,52.46197341153945,1.3086074384672248,6.763448743895198,28.452411018335617,9.0,D,fora,0.9,Coritiba,0.0,31.0,2
2025,Ferroviária,2025-10-09,9414.893715627824,510.6682028304728,144.92889707919304,8.56504667268895,55.82601770551039,0.866907076181873,7.371892201144235,28.23490876242096,9.0,D,casa,0.94,Chapecoense,0.0,30.0,2
2025,Coritiba,2025-10-09,9196.360206801093,462.50927942194227,147.37808436264677,8.234290976058933,54.89705106098463,1.7937253521952823,6.861549541940857,29.698476264208043,10.0,V,casa,2.0,Atlético-GO,3.0,31.0,2
2025,Vila Nova,2025-10-09,8981.255794937066,415.93402851404693,118.8536078092525,7.2509251301931315,48.65477137385863,0.4205373531678383,5.3607769552322475,28.163710562574444,10.0,E,fora,1.33,América-MG,1.0,30.0,2
2025,Chapecoense,2025-10-09,9572.372903172663,474.3185469721723,123.55292596202686,7.906713938578548,51.02496451174476,1.4844428275284522,4.696262544446123,28.66778050823026,8.0,V,fora,1.37,Ferroviária,3.0,31.0,2
2025,Athletico-PR,2025-10-10,8900.041277768127,436.15046712502175,183.72850021097568,8.489083993149496,52.60919382461714,1.0058468812827321,5.80632083198888,30.155686415646954,8.0,D,fora,1.53,Remo,0.0,31.0,2
2025,Remo,2025-10-10,9282.57877089996,468.5281935352321,169.40938496705377,7.9194846644201675,50.12723025906291,1.0628067652550923,5.890354574917904,29.49352128093409,10.0,V,casa,1.3,Athletico-PR,3.0,30.0,2
2025,Goiás,2025-10-11,8999.06615952638,546.5624124158833,250.3424154980223,11.327057199363027,59.98425437920584,2.19511365387579,6.587956798684955,30.825335182616737,8.0,E,fora,2.52,Athletic,1.0,32.0,2
2025,Athletic,2025-10-11,8518.316703586079,391.2194303294958,227.70570054254333,11.194789069736666,53.589951171099635,1.6678040227603546,6.908187375942834,30.76982929734021,8.0,E,casa,1.1,Goiás,1.0,30.0,2
2025,Operário-PR,2025-10-12,9826.85734127867,469.07670978844965,118.3224033857429,6.217173630541931,49.41587353805449,1.0538920823723614,5.688845545968602,27.986311858295192,10.0,D,fora,1.81,Novorizontino,0.0,32.0,2
2025,Vila Nova,2025-10-12,9458.601269559565,494.26178248262767,175.02664125381196,9.449319977003451,55.0062750587412,2.1384348597710345,7.314344848272761,29.404169374593813,9.0,V,casa,1.42,Amazonas,3.0,31.0,2
2025,Cuiabá,2025-10-12,9447.648181170314,454.99429241133566,132.48759712710873,7.5190419241690325,52.1130709871388,1.6045155614943492,6.917359723846111,28.15573743110071,10.0,V,casa,1.85,Coritiba,3.0,32.0,2
2025,Amazonas,2025-10-12,9450.668380487927,453.84638189565237,178.2795059137014,8.258179761440905,53.95986915699902,1.4716294415605635,6.4493300737798664,29.05838413292945,9.0,D,fora,0.73,Vila Nova,0.0,32.0,2
2025,América-MG,2025-10-12,9604.912881991579,525.5356864459425,164.41221176633,9.73058854657985,58.28961921634494,1.3460695304051724,6.523183627453236,28.97862549754964,10.0,D,fora,0.53,Criciúma,0.0,32.0,2
2025,Novorizontino,2025-10-12,10070.74890284284,510.74552774937814,172.21793539132958,8.240499748218456,55.20966276532434,2.4719158286664733,5.220245067370637,29.007098713625204,7.0,V,casa,2.09,Operário-PR,3.0,31.0,2
2025,Coritiba,2025-10-12,9125.298556360416,462.51780692458266,123.87861633024546,6.957855299412769,48.47398456493822,0.8990927225803234,6.061596244716794,27.426617377535628,9.0,D,fora,0.91,Cuiabá,0.0,32.0,2
2025,Criciúma,2025-10-12,9752.731232175736,585.5912140838436,176.21561844302659,9.250108230205969,62.43240857705648,0.2892733267674389,6.070164753993063,29.223848113732718,10.0,V,casa,1.63,América-MG,3.0,32.0,2
2025,Volta Redonda,2025-10-13,9833.584736021121,504.3191024718023,143.52091072714182,7.4508045356371495,51.4043130549556,1.0794546436285097,5.938861291096712,28.865628749700022,10.0,V,casa,0.88,Atlético-GO,3.0,31.0,2
2025,Atlético-GO,2025-10-13,9495.698946648206,500.87695440788195,219.94143553995747,9.560645244381476,55.346208545302325,2.6071533904308066,7.2428646403503105,30.211530040569254,7.0,D,fora,0.84,Volta Redonda,0.0,32.0,2
2025,CRB,2025-10-14,7557.59337500807,422.20145918960213,187.85975048955262,8.812033311097244,50.54639850659551,2.323458070624691,9.683984312797229,28.53623550171074,10.0,E,casa,2.9,Ferroviária,1.0,31.0,2
2025,Remo,2025-10-14,9411.126631126705,483.0304818138875,181.08729873810645,8.602313021571405,56.37959511438018,1.2147868727084596,6.881232426839417,28.95798187012169,10.0,V,fora,0.67,Paysandu,3.0,31.0,2
2025,Ferroviária,2025-10-14,6974.825919033134,377.82490456730216,156.6253475979288,7.001388998537162,43.048372187521764,1.777735389044976,8.567553231012143,29.17879815171709,9.0,E,fora,1.64,CRB,1.0,31.0,2
2025,Botafogo-SP,2025-10-14,9705.828524532484,506.5397102160053,197.5694912254515,10.171708211612682,62.36946627716059,1.7275299059641342,7.678254579184169,29.912384587500263,10.0,E,fora,1.63,Chapecoense,1.0,31.0,2
2025,Paysandu,2025-10-14,9144.248483967092,364.9991048638895,125.87201868626313,6.519209454726768,45.304852136336116,2.029563354029893,6.19763999857538,28.158724015528357,9.0,D,casa,1.34,Remo,0.0,31.0,2
2025,Chapecoense,2025-10-14,9647.325938889115,541.9976165661373,146.85361905543473,7.509779109050372,51.948756582276744,0.8621059182361549,4.925408614063161,28.30475975544704,8.0,E,casa,1.29,Botafogo-SP,1.0,32.0,2
2025,Athletico-PR,2025-10-15,10434.79709353632,548.9994620049026,226.19674803251195,11.72579692942846,64.32955141272093,2.2063089923880788,7.781312475809573,30.23787253257644,8.0,E,casa,2.23,Avaí,1.0,32.0,2
2025,Avaí,2025-10-15,10221.388770165951,491.9787858031693,196.5345723441509,9.514108733715823,55.40115583257167,0.8932240196456298,5.4507185411137655,29.740510301842328,10.0,E,fora,0.6,Athletico-PR,1.0,31.0,2
2025,Novorizontino,2025-10-17,9466.609580210063,501.6218785627721,190.7713684411329,8.4852868171821,54.33431011266214,1.5149153911755462,5.151639772880291,28.85222743390637,10.0,E,fora,0.51,Amazonas,1.0,32.0,2
2025,Amazonas,2025-10-17,9332.826802009447,442.81024393888873,184.46834967639583,8.483436986285621,50.901919323132795,1.137475887755923,5.897379553736679,29.217127452896342,10.0,E,casa,0.81,Novorizontino,1.0,33.0,2
2025,Atlético-GO,2025-10-18,8412.165197575821,353.68211381671915,131.95742145885418,6.6039507011631695,45.49539324926622,1.3456878465050548,6.969610011957821,29.332758995542992,8.0,V,casa,1.0,Vila Nova,3.0,33.0,2
2025,CRB,2025-10-18,9252.982444986686,438.6112416814551,136.75440982697427,7.785896628216504,46.716040261756866,0.8981715838509315,5.189275066548357,29.014529724933446,10.0,E,fora,1.26,América-MG,1.0,32.0,2
2025,Athletic,2025-10-18,8990.61500183666,331.5012386878458,133.34052517336954,7.012934536994781,41.47507931030645,1.6036906842392336,6.7132413148257415,27.863646381780338,10.0,D,fora,1.03,Remo,0.0,31.0,2
2025,América-MG,2025-10-18,9517.753927941614,499.0774291217884,230.3723608887924,10.864925527008328,60.79633142516075,1.832939309259611,5.8612703817249505,29.307568029517892,8.0,E,casa,2.54,CRB,1.0,33.0,2
2025,Remo,2025-10-18,9690.906303595675,514.9803164279771,128.69566701703675,8.37462006744624,51.43997678798231,0.8876461700170806,6.700126571190821,29.44409845399203,10.0,V,casa,0.84,Athletic,3.0,32.0,2
2025,Vila Nova,2025-10-18,8508.588934485886,417.7104816983731,158.92110447995165,8.565089520653014,51.5965633922673,0.6053757180127423,7.558683895240121,30.028888465888098,10.0,D,fora,0.93,Atlético-GO,0.0,32.0,2
2025,Chapecoense,2025-10-19,9014.092046197404,461.86089897339093,162.31134092164623,7.871121098425559,48.05963861522879,0.8299129914372525,4.7650317650308445,28.903044148789245,10.0,V,fora,1.75,Goiás,3.0,33.0,2
2025,Volta Redonda,2025-10-19,9154.367194852548,411.74887560321724,110.51365469168903,5.018500160857909,40.63494123324398,0.964909597855228,5.983253619302951,27.446744235924932,10.0,D,fora,0.94,Operário-PR,0.0,32.0,2
2025,Operário-PR,2025-10-19,9468.050870963767,413.4044450332759,115.68973083559284,5.988525634705449,45.80976485087504,0.7765802316982993,6.876126324870595,27.903023169829932,9.0,V,casa,1.17,Volta Redonda,3.0,33.0,2
2025,Avaí,2025-10-19,9640.89973254539,574.7072435116365,215.7558504934812,11.058771069412291,63.603625766621995,2.4695158604443357,6.396838978920434,29.629314406401047,10.0,E,casa,0.33,Criciúma,1.0,32.0,2
2025,Criciúma,2025-10-19,9616.172707779593,595.244778483653,236.2078960416692,11.80073612319575,67.1498075066449,2.681005852274759,7.078733715538922,29.71362829115961,9.0,E,fora,1.28,Avaí,1.0,33.0,2
2025,Goiás,2025-10-19,9251.447765148114,559.178556839904,266.0219899418836,10.392152231644578,59.80560380771551,2.309639755218289,6.58230246192926,32.174986850039126,9.0,D,casa,1.88,Chapecoense,0.0,33.0,2
2025,Botafogo-SP,2025-10-19,9525.159113796011,467.22980882270303,141.20853689238552,7.788463276201181,54.319596965439736,1.3163373981455466,7.081589997190224,29.00754593987075,10.0,E,casa,1.23,Cuiabá,1.0,32.0,2
2025,Coritiba,2025-10-19,8788.749200815097,339.4162744249665,101.74938086199195,6.280631001563198,39.6939179041983,1.7596706118803034,5.149965246761948,28.611806330951318,8.0,E,casa,0.48,Athletico-PR,1.0,33.0,2
2025,Cuiabá,2025-10-19,10067.765048986028,553.0329734137987,157.46367074430486,9.200222367204912,60.38187984559342,1.4684260316424727,7.144989289403577,28.852476485619526,10.0,E,fora,1.21,Botafogo-SP,1.0,33.0,2
2025,Athletico-PR,2025-10-19,9040.54807713868,399.99599585669023,122.290661223495,7.346672434803801,45.84384511333171,1.5345294906166218,6.25013892273946,28.210196197903972,9.0,E,fora,0.57,Coritiba,1.0,33.0,2
2025,Ferroviária,2025-10-20,9631.534564111018,475.1625571860402,168.08084693597144,8.508985985160757,54.50958647980214,0.5938372080241825,5.838138389667491,29.375962627095355,10.0,E,casa,1.6,Paysandu,1.0,32.0,2
2025,Paysandu,2025-10-20,9440.920469648376,480.8449305498863,166.8931363927926,9.02796571228643,55.84112204793282,1.3641378506035338,6.9264211324275475,29.766756079071666,9.0,E,fora,0.56,Ferroviária,1.0,32.0,2
2025,Botafogo-SP,2025-10-24,9928.352119911708,525.1673231072617,192.40091631278784,9.982318905533957,60.50439523131911,2.0184357247700255,6.654831538728726,29.537167923450124,10.0,E,fora,0.84,Novorizontino,1.0,33.0,2
2025,Novorizontino,2025-10-24,9976.92013436214,570.7987858345505,189.86444197897035,9.83446494876398,62.92019513174179,1.605585896992741,7.224237146393407,29.74959802861188,10.0,E,casa,2.89,Botafogo-SP,1.0,33.0,2
2025,Remo,2025-10-25,9150.61016938732,341.8264741088345,102.98726521035398,5.982932031769532,40.54126538601488,1.4680771402401538,4.8548658076011,28.341498638627836,9.0,V,fora,1.73,Cuiabá,3.0,33.0,2
2025,Coritiba,2025-10-25,9528.78271202031,487.31927848706727,142.60974195763887,8.058692127500398,53.86371573641414,1.1046986030881687,6.292649472018839,27.912675227197468,9.0,V,fora,0.48,Volta Redonda,3.0,34.0,2
2025,Criciúma,2025-10-25,9735.077679577313,548.528355093664,232.360050871141,10.217612003842627,59.639047094013364,1.768914567049474,5.796000938823632,29.487225448670365,10.0,D,casa,2.13,Goiás,0.0,34.0,2
2025,Cuiabá,2025-10-25,9463.680238821897,458.13075244404746,141.47137486973352,8.151257878020942,54.37902002382016,1.0050497493920898,7.593168329115181,29.276625229517144,9.0,D,casa,1.68,Remo,0.0,34.0,2
2025,Volta Redonda,2025-10-25,9296.444821690702,386.5348063206977,90.76632726016751,4.973499870477506,40.87545945945947,0.6229769449961143,5.127494171487783,27.677530437786032,6.0,D,casa,0.98,Coritiba,0.0,33.0,2
2025,Avaí,2025-10-25,9475.51507082912,404.1838214838183,143.38585670958233,6.249216555621872,43.410589532150205,0.6573662285776928,5.590080268943592,28.108213254729044,9.0,V,fora,1.09,Paysandu,3.0,33.0,2
2025,Paysandu,2025-10-25,9562.72807434145,520.203524460487,141.28373166423472,7.465171185008836,50.18053928269719,1.2447471008371096,6.635300360955381,27.767131556716077,7.0,D,casa,2.23,Avaí,0.0,33.0,2
2025,Goiás,2025-10-25,9530.226393760857,397.7466195552226,153.0521556607522,7.253583421312536,46.59120469071053,0.9202607590050972,5.21011147816413,29.259981382465458,10.0,V,fora,1.66,Criciúma,3.0,34.0,2
2025,Vila Nova,2025-10-26,9616.082570888917,531.01988346539,196.500965182167,10.478890129601691,63.50468573668642,2.033087751392832,7.590067711241254,29.22181133509937,10.0,E,casa,1.67,Ferroviária,1.0,33.0,2
2025,Atlético-GO,2025-10-26,9466.948434539288,481.35707057803734,136.31822117797344,8.758539319007863,56.5249095913743,1.6414950499566583,5.88470961266481,28.19858570190246,7.0,D,fora,1.33,CRB,0.0,34.0,2
2025,Ferroviária,2025-10-26,9145.654063102713,460.6537305276692,142.75929652341622,8.123557811186389,52.186130384253985,1.0025075416646059,6.785611369368477,28.850221304584338,9.0,E,fora,2.22,Vila Nova,1.0,33.0,2
2025,CRB,2025-10-26,9275.465365299908,421.0238960791778,162.97788705204198,9.422181467181465,54.080725841535696,1.1010054924139432,5.504109114144325,29.058703572788076,8.0,V,casa,2.39,Atlético-GO,3.0,33.0,2
2025,Chapecoense,2025-10-27,9676.196746839842,517.649463332257,210.43792957011942,10.395039858941564,58.00065934884643,2.122406312861648,5.809882782427296,29.406818238259614,9.0,V,casa,0.36,Operário-PR,3.0,34.0,2
2025,Operário-PR,2025-10-27,9777.908102807156,476.7568164223231,155.67230256941693,8.916301929348654,55.68474823981224,0.8233774269255387,5.484836934987351,28.661364259806763,7.0,D,fora,1.32,Chapecoense,0.0,34.0,2
2025,Amazonas,2025-10-28,9680.82679453296,503.99405119685866,174.38546552895866,9.377659140678094,59.125741901381865,0.5427403156384505,5.163552065242015,29.372679906365622,7.0,D,fora,0.74,Athletico-PR,0.0,34.0,2
2025,Athletico-PR,2025-10-28,9850.063078718189,526.8393989883187,208.3884266791823,11.49767156862745,66.76364192219441,2.699641218189403,7.743024353358365,30.132354244889445,8.0,V,casa,1.82,Amazonas,3.0,34.0,2
2025,Paysandu,2025-10-31,9255.299620169442,464.1008472174105,161.66121109046435,7.652248328136646,50.170580559142486,0.8500964799008955,5.195934091314708,28.836141643832736,10.0,D,fora,1.59,Atlético-GO,0.0,34.0,2
2025,Coritiba,2025-10-31,9602.282345023777,573.8296985394021,227.11042926290762,10.57168846240942,61.26853869451992,1.7821021569293476,5.223382586050724,30.008021965579708,8.0,E,casa,0.8,CRB,1.0,35.0,2
2025,Atlético-GO,2025-10-31,9070.261342121888,495.5009509449135,196.1843994485611,11.11558360618071,58.15701045436269,1.291791314837153,5.556994370727784,29.632204606812568,7.0,V,casa,1.65,Paysandu,3.0,35.0,2
2025,CRB,2025-10-31,9785.618055510919,563.955879152414,220.87251532404332,10.020868936385135,60.33117507288966,1.3423465873872222,5.577130328979087,29.135764135999448,10.0,E,fora,1.27,Coritiba,1.0,34.0,2
2025,Goiás,2025-11-01,9548.602056047444,478.8593831440027,202.47189859672574,7.894568159037755,49.99406281323088,1.1275768459739393,5.261892749749417,30.41681423321083,8.0,D,casa,0.73,Athletico-PR,0.0,35.0,2
2025,Criciúma,2025-11-01,9684.051860904834,433.1916988189517,148.09808689337683,7.893221439728167,50.434074343024704,1.355699860247171,6.289481133368044,28.894396185569843,8.0,E,fora,0.28,Ferroviária,1.0,35.0,2
2025,Athletic,2025-11-01,9655.274504945042,495.1986165994846,157.8983364171017,9.317598735654968,56.594962223837534,1.7833494129826648,6.642909755721492,28.37088482125157,10.0,D,fora,1.54,Avaí,0.0,32.0,2
2025,Avaí,2025-11-01,9726.690575650757,496.54895603755807,162.43625107180284,8.097879259423927,53.25484666603152,1.5236897540940224,5.7150548868917195,29.099248414790353,10.0,V,casa,1.73,Athletic,3.0,34.0,2
2025,Ferroviária,2025-11-01,9302.85553902137,415.5041154697445,160.25859608098136,7.540485062961897,51.09470507321586,1.237229926596556,7.539528567319837,29.02652402806087,9.0,E,casa,1.42,Criciúma,1.0,34.0,2
2025,Athletico-PR,2025-11-01,9445.016628885358,463.81234285138856,212.87254380468588,9.567438069237138,55.282584979971794,2.3165276254839218,6.444780249289502,30.683077852619324,10.0,V,fora,1.02,Goiás,3.0,35.0,2
2025,Chapecoense,2025-11-02,8848.14866742308,404.9814474713315,123.62523722446821,7.236508002952225,44.90869474217605,1.5863576377796627,5.552508399519712,29.14498176891131,10.0,E,fora,1.65,Remo,1.0,35.0,2
2025,Vila Nova,2025-11-02,9593.66430668621,501.08413733228093,161.2445627466456,9.844076446048033,55.7088641334987,1.9267449543353254,8.422746983876424,28.446810237907318,10.0,E,fora,0.52,Operário-PR,1.0,34.0,2
2025,Cuiabá,2025-11-02,8955.611787375725,375.96437073110013,154.30709131361536,9.241930826318981,51.250038274236466,2.6596720240225284,7.140686446875049,28.759094798749082,7.0,D,fora,0.22,Amazonas,0.0,35.0,2
2025,Amazonas,2025-11-02,8920.224562623334,403.20885128885055,158.31317094227924,8.32462922422299,46.34232810187469,0.8311371484953133,5.410523248643314,29.21345738776517,7.0,V,casa,1.44,Cuiabá,3.0,35.0,2
2025,Operário-PR,2025-11-02,9670.830137130235,467.720123929091,145.84325664098284,7.7587101945147925,48.61508432566411,1.3334188264453903,5.940314133304597,28.88281965623148,8.0,E,casa,2.34,Vila Nova,1.0,35.0,2
2025,Remo,2025-11-02,9021.502000485207,441.3473045664568,155.81593507052037,8.03766196530772,49.126385210017304,1.3883658458586503,6.349937364224828,29.430451131965196,10.0,E,casa,1.41,Chapecoense,1.0,34.0,2
2025,Volta Redonda,2025-11-03,9316.689340391255,431.0408920598389,143.02257077100114,7.767607710011507,48.98721012658228,0.7247576524741082,5.694973302646721,28.77003682393556,10.0,D,casa,1.04,Botafogo-SP,0.0,34.0,2
2025,América-MG,2025-11-03,9757.480341464556,524.3543263453844,170.41018443985584,9.028783816890073,57.5384757171689,0.7358243796591188,5.879712549143132,29.223866354017197,9.0,E,casa,1.28,Novorizontino,1.0,34.0,2
2025,Botafogo-SP,2025-11-03,9155.874300226904,458.92162967484825,153.2147197106691,8.603744255422075,55.359117609794865,1.3490681977862498,6.428330357862729,28.769460153649458,10.0,V,fora,1.32,Volta Redonda,3.0,34.0,2
2025,Novorizontino,2025-11-03,9990.92430139924,572.3576375918084,170.52179477831987,10.42381429260709,64.17510009113816,0.6765648421165498,5.890184099072536,28.947130220339897,10.0,E,fora,1.71,América-MG,1.0,34.0,2
2025,Ferroviária,2025-11-07,8615.678232932547,366.3682866657813,147.7410976494264,9.653017335607972,53.968380137091245,1.838370534574169,7.536813803107538,29.28062947564127,10.0,D,fora,0.63,Athletic,0.0,35.0,2
2025,Athletic,2025-11-07,8869.863993051533,405.6412866242038,167.1774274464389,9.900190966994789,56.38642999420961,1.8758519976838446,8.025551823972206,29.344275622466704,9.0,V,casa,0.85,Ferroviária,3.0,33.0,2
2025,Avaí,2025-11-08,9145.229103508691,403.1288038546205,126.66230210252031,6.669496720427692,45.285303360438476,0.30368996810278986,6.264199424951703,29.305988588885395,10.0,E,fora,1.5,Vila Nova,1.0,35.0,2
2025,Volta Redonda,2025-11-08,9871.726419826713,474.3650606503882,158.89666715427026,8.60907539102059,52.9648252503657,1.5196342972881738,6.888015303251941,29.13807021492067,10.0,D,fora,1.62,Athletico-PR,0.0,35.0,2
2025,Novorizontino,2025-11-08,9485.382947498176,438.81575760839644,153.16679136897284,8.29374298399933,51.271929893847464,0.8614419751313444,7.21751361313563,29.79036489187281,9.0,E,casa,0.69,Remo,1.0,35.0,2
2025,Goiás,2025-11-08,9872.44802559556,375.02529604502354,110.32334579703443,6.128876725001927,42.32345835581939,0.9256635314676329,4.5097188600210725,28.4869619407396,9.0,V,fora,0.96,Cuiabá,3.0,36.0,2
2025,Remo,2025-11-08,9131.72452981503,377.71305868149875,165.7034661320226,8.92517225024792,49.80194929504593,0.5167360841633252,4.915525374035269,29.200150907601433,7.0,E,fora,0.14,Novorizontino,1.0,35.0,2
2025,Vila Nova,2025-11-08,9516.521592367424,430.152336183937,125.51437614483014,6.775844561565173,47.940417701462025,0.6061163990245767,5.360109341813973,28.28922202119411,10.0,E,casa,0.68,Avaí,1.0,35.0,2
2025,Athletico-PR,2025-11-08,9807.394371660273,505.06960090945284,202.93187045535507,10.65556704595461,61.2950961840699,2.1695121644559,7.168002870853502,29.95566312524884,10.0,V,casa,0.95,Volta Redonda,3.0,36.0,2
2025,Cuiabá,2025-11-08,10341.063736301565,428.07717052039703,111.79745797234494,6.4544041539962125,48.02393424751849,0.7745045613632452,5.809977336622869,28.35076309598944,8.0,D,casa,1.13,Goiás,0.0,36.0,2
2025,Atlético-GO,2025-11-09,9741.784012094033,538.4287705530643,189.87197411333062,10.293721293654027,60.3360514336187,1.427344068487566,7.031854418625719,28.573983104588486,10.0,D,fora,0.74,Criciúma,0.0,36.0,2
2025,CRB,2025-11-09,8817.640277239778,425.55665901167623,164.96815948204306,7.967775164628411,52.04331331968347,1.3691465607880031,7.96778346522052,28.890057274085553,8.0,E,casa,1.18,Operário-PR,1.0,35.0,2
2025,Criciúma,2025-11-09,9934.509538650838,578.245231752797,199.2189669431971,10.387570971915672,61.07766014663724,1.1424017555876906,5.9353615191414875,28.751868483141795,9.0,V,casa,2.01,Atlético-GO,3.0,36.0,2
2025,Paysandu,2025-11-09,9284.136510319158,334.7092182991564,92.27560163873042,5.451227506002072,43.21686912182551,1.289045615735336,5.054423140459461,27.592736944120176,10.0,D,casa,0.42,Coritiba,0.0,35.0,2
2025,Operário-PR,2025-11-09,9007.723729225938,379.6559636204478,115.15892766570977,6.371293366460268,43.676034680295054,1.1586667267414168,6.024258055380337,27.68630295696502,8.0,E,fora,0.46,CRB,1.0,36.0,2
2025,Coritiba,2025-11-09,9272.587843790692,386.52605625565525,95.53909712873252,4.66826819094701,42.90286343272052,0.9927715124362736,4.865455959921431,27.41251241420405,10.0,V,fora,0.29,Paysandu,3.0,36.0,2
2025,Chapecoense,2025-11-10,9665.737593032372,528.9498450613299,157.0879139767592,9.23376890620677,52.29260986350641,1.555956377386332,6.1230327169602505,29.404904085585173,9.0,D,casa,1.68,América-MG,0.0,36.0,2
2025,Botafogo-SP,2025-11-10,8889.49535622103,443.521361541298,152.77851585545724,8.05937881900548,51.55674857774969,0.5921155973451327,6.043697324062369,29.526921354825124,8.0,V,casa,1.18,Amazonas,3.0,35.0,2
2025,América-MG,2025-11-10,9533.115213742729,490.73958728725756,177.46104322045198,9.786418231993188,55.67558326579603,1.4772026221570218,6.2799525016157665,29.71155246878751,10.0,V,fora,1.13,Chapecoense,3.0,35.0,2
2025,Amazonas,2025-11-10,8600.672334025974,418.2148685714286,142.24798454545456,7.713874155844156,48.97214428571428,1.5193436363636366,6.54623077922078,28.847264935064935,8.0,D,fora,0.8,Botafogo-SP,0.0,36.0,2
2025,Paysandu,2025-11-14,9222.065181905036,424.4745698427383,169.3807361125855,8.054551796302755,49.816118954823246,0.27404133998574487,7.2338862013011624,29.825378747668374,7.0,E,casa,2.76,Amazonas,1.0,36.0,2
2025,Amazonas,2025-11-14,9331.730702206474,461.8811357413725,168.01793701225492,7.511200749644943,47.17784359946705,1.448294850583464,5.402941917158378,28.885256006676524,7.0,E,fora,0.99,Paysandu,1.0,37.0,2
2025,Operário-PR,2025-11-15,9675.149570888469,458.3821498109641,132.2708479442344,8.292242793005672,52.2077709120983,0.9563490075614366,7.760118029300567,28.386944706994324,10.0,E,fora,0.68,Atlético-GO,1.0,37.0,2
2025,Atlético-GO,2025-11-15,9389.189472290005,428.783337987551,139.28549932796577,7.515384886406639,49.79442498662457,1.0566066838046273,5.8712545509114875,29.007573760651418,9.0,E,casa,1.2,Operário-PR,1.0,37.0,2
2025,Volta Redonda,2025-11-15,9647.472589107316,465.5181102159201,136.60999484369964,6.476073906971749,47.76133333333335,1.3542215060693952,6.284147384251799,27.8895069287786,10.0,E,casa,0.5,Chapecoense,1.0,36.0,2
2025,CRB,2025-11-15,10064.691394288688,563.9276605793451,227.44491416602781,10.226037126273136,61.11081480670244,1.723779295805498,5.17550651626328,29.110397273025956,8.0,V,casa,0.89,Vila Nova,3.0,36.0,2
2025,Avaí,2025-11-15,8768.702709811387,389.8945342670725,180.2880748755637,8.153189438433273,49.287980415907505,1.3728320592815773,5.955177773480044,29.14521747096485,10.0,V,casa,2.26,Remo,3.0,36.0,2
2025,Remo,2025-11-15,8815.982701642663,437.55332444172666,163.02602988001604,9.299298336250342,53.710541931130464,1.3290962191341753,5.979968580646521,29.207835860236592,10.0,D,fora,1.43,Avaí,0.0,36.0,2
2025,Chapecoense,2025-11-15,9640.049858156028,426.15835836462236,96.74574050896953,4.882317480183563,40.67641635377555,0.5007926574885273,4.6302085940759286,27.038756779307466,8.0,E,fora,0.98,Volta Redonda,1.0,37.0,2
2025,Coritiba,2025-11-15,9360.983137826493,464.3891246501865,151.22725291511196,7.347785564365672,49.849543843283584,1.3658249766791046,5.03722411380597,28.960953824626873,10.0,E,casa,0.85,Athletic,1.0,37.0,2
2025,Vila Nova,2025-11-15,9982.213534218872,552.3793077274679,202.94833095557985,9.224534537446154,55.84905508539136,0.997118024294638,5.858640663739489,28.87572890840339,8.0,D,fora,0.47,CRB,0.0,36.0,2
2025,Athletic,2025-11-15,9328.603697324708,359.78281867459344,144.48468700821823,7.277478580171358,46.32432199685259,1.377046249344291,5.901298303899283,28.89611383108935,10.0,E,fora,0.59,Coritiba,1.0,34.0,2
2025,Athletico-PR,2025-11-16,9225.692151095014,429.3544326863222,153.61259532567485,8.4535313225058,50.01628917435346,1.426377567766397,5.704035198913473,30.417949182276047,9.0,V,fora,1.65,Ferroviária,3.0,37.0,2
2025,Novorizontino,2025-11-16,9712.570694570823,457.54599214041747,112.27856694491699,7.002924661418153,49.61081088209308,1.4242151626643458,5.460254513325685,28.281788450633645,8.0,D,fora,0.53,Goiás,0.0,36.0,2
2025,Botafogo-SP,2025-11-16,9310.601000853389,394.8812599419696,119.71162598850772,6.042828355236957,43.72618296637651,0.512358650509188,5.529916595551003,28.27977015417876,10.0,D,fora,0.23,Criciúma,0.0,36.0,2
2025,Cuiabá,2025-11-16,9712.26615539279,441.6949161150497,128.78303709216246,7.16727938584466,49.58738083114645,2.350012011541524,7.285696212447612,27.931638661496475,9.0,E,fora,0.55,América-MG,1.0,37.0,2
2025,Goiás,2025-11-16,9633.848704738259,449.2897341740446,136.4338107528287,6.763654807409585,48.12303255033922,0.8817714833327889,5.683523364587757,28.204973482744727,10.0,V,casa,0.93,Novorizontino,3.0,37.0,2
2025,Ferroviária,2025-11-16,8940.402609827494,397.8753145468941,129.45888025144558,7.124227548645602,47.0763312459512,1.5112745027471868,5.831657909258859,28.95280476978814,9.0,D,casa,1.22,Athletico-PR,0.0,36.0,2
2025,Criciúma,2025-11-16,9687.203106938867,473.2336979019397,169.38159984165583,8.449371147429733,51.914011762709926,1.3224515070972118,6.208934004411016,29.052920884465305,10.0,V,casa,1.16,Botafogo-SP,3.0,37.0,2
2025,América-MG,2025-11-16,9136.553298255227,427.60011071397435,133.37958740675242,7.510932164339888,50.549326500367386,1.2334377373999028,6.725101062306188,29.063450689315914,9.0,E,casa,0.35,Cuiabá,1.0,36.0,2
2025,Volta Redonda,2025-11-19,9437.894259826555,432.7767214264142,138.2392640333089,6.50532575398024,48.63664225309575,1.2636873840445269,6.311040147560082,28.375558743581998,10.0,E,fora,0.77,Vila Nova,1.0,37.0,2
2025,Vila Nova,2025-11-19,9637.607662006094,457.79484974544573,152.73214005736853,7.5728685779506515,49.87333128088065,1.081764458527941,5.814626728941085,28.84040428311832,7.0,E,casa,3.2,Volta Redonda,1.0,37.0,2
2025,Novorizontino,2025-11-22,10524.662419442531,618.1963093986733,210.41662075464862,11.854141505672548,68.0723331762659,1.305488419297546,6.198530211316104,29.580851063829787,10.0,V,casa,3.54,CRB,3.0,37.0,2
2025,CRB,2025-11-22,10316.575996169737,537.7199819042735,191.50053970503964,10.043915312000482,60.395673462617246,1.0844587869831406,5.292197876768102,29.239890520855326,8.0,D,fora,0.69,Novorizontino,0.0,37.0,2
2025,Atlético-GO,2025-11-23,9666.208366595967,537.3567596402014,208.3629724273631,9.314610047785756,56.23252919530831,1.611723864768865,6.210206219814479,29.661795671172666,9.0,D,fora,0.55,Chapecoense,0.0,38.0,2
2025,Botafogo-SP,2025-11-23,9523.200426832953,485.9530533299496,211.870472513263,10.764988942464562,58.732644382409454,2.9365369974259505,6.631794946162491,29.76673675814813,9.0,E,casa,2.15,Avaí,1.0,37.0,2
2025,Operário-PR,2025-11-23,9211.37364289752,412.81215456674477,146.4439968774395,7.510541064362433,48.32993297262376,1.5734716950658163,8.601923874128511,28.142989044119627,8.0,V,casa,1.66,Ferroviária,3.0,38.0,2
2025,América-MG,2025-11-23,9405.85683670662,460.09695424879766,191.76412608269777,9.312013405091294,53.983670771838305,1.188561869228822,6.142274903423913,30.256868183268953,10.0,D,fora,0.55,Athletico-PR,0.0,37.0,2
2025,Goiás,2025-11-23,8690.019177208751,339.0139526312815,136.23711333446383,4.680864846532135,35.81484958453451,1.119970719574925,7.018286360296197,28.31467638912442,10.0,D,fora,0.47,Remo,0.0,38.0,2
2025,Ferroviária,2025-11-23,9127.287425559829,406.2700055593853,144.39739709577705,8.407542974048788,49.33273566234515,1.399849674220018,7.0044531788565445,29.18047321488136,10.0,D,fora,0.66,Operário-PR,0.0,37.0,2
2025,Paysandu,2025-11-23,9769.255616451588,454.36148943105144,159.16879003343917,8.365427164189915,53.780988326472475,1.0884356024481816,7.390354430990984,29.75250069413427,9.0,D,fora,0.31,Athletic,0.0,37.0,2
2025,Amazonas,2025-11-23,8394.044866503406,341.21223972643656,104.95398936805637,5.376229393142994,38.43788525863099,0.9409977899892488,5.645532045155895,27.622984111814603,7.0,D,casa,0.59,Coritiba,0.0,38.0,2
2025,Avaí,2025-11-23,9705.862872168795,451.1699519140109,185.46653927546254,8.29782031135416,51.10225857481092,1.414335910490917,4.901204768789155,30.160921490979952,10.0,E,fora,0.44,Botafogo-SP,1.0,37.0,2
2025,Athletic,2025-11-23,10392.094953482461,571.7069309862735,211.38845386375192,10.40929473817997,61.54026385358414,1.6016096847991868,7.548969496695477,30.199823335027965,9.0,V,casa,3.32,Paysandu,3.0,35.0,2
2025,Criciúma,2025-11-23,9379.078650815109,463.7640138369781,138.13025081510935,7.441655347912525,48.52368015904573,1.8604720477137178,5.438305844930417,29.298714910536777,7.0,D,fora,0.7,Cuiabá,0.0,38.0,2
2025,Remo,2025-11-23,8938.322445829903,397.3227290906952,158.27307281496294,6.033379837666157,41.49980202329137,0.8471770379955299,6.774218327255616,28.122845547582635,9.0,V,casa,1.44,Goiás,3.0,37.0,2
2025,Athletico-PR,2025-11-23,9117.238383184604,448.67681432104075,195.64925104827435,9.288704440382753,55.54055047844317,1.7420391355768194,5.709111278357166,31.024554348994734,10.0,V,casa,1.21,América-MG,3.0,38.0,2
2025,Chapecoense,2025-11-23,9975.995348162247,510.2431027918782,196.16518459766874,9.412523618161307,55.8367397537131,1.0577006956194772,6.239066083850348,28.79230118443316,10.0,V,casa,1.45,Atlético-GO,3.0,38.0,2
2025,Cuiabá,2025-11-23,9599.692019983586,411.6342753670388,139.04720099527114,7.035288094524706,45.019956619725654,2.1104842176569436,6.213889243515757,29.257590245300467,8.0,V,casa,1.23,Criciúma,3.0,38.0,2
2026,Vila Nova,2026-03-21,8812.031654960561,394.8451474969513,108.50534863617418,6.530923264537441,43.06938870965252,0.6941984532501815,5.975427671693861,27.330328337012393,7.0,E,casa,0.66,CRB,1.0,1.0,1
2026,Ceará,2026-03-21,9199.297923812132,415.4363821340568,127.24056786220972,7.166382631854046,48.164096746895,1.1183812878014787,5.935321825920302,28.732684122756798,9.0,E,casa,1.56,São Bernardo,1.0,1.0,1
2026,São Bernardo,2026-03-21,9157.796273556922,433.7339365517242,138.18522652810583,7.686423504959847,49.077019480396785,1.0878862163438832,5.712734926783184,28.380109589041098,30.0,E,fora,0.23,Ceará,1.0,1.0,1
2026,Náutico,2026-03-21,9971.19650418716,494.90904054233687,123.81713611591124,6.579318224112722,50.00809876379105,0.5985743719260933,5.622032433869467,28.777966236873592,8.0,D,casa,1.02,Criciúma,0.0,1.0,1
2026,CRB,2026-03-21,9358.44994388618,464.20208450461524,143.84297467877258,7.851576572210196,53.70035477721412,1.0665729641237736,8.918472756254916,29.357372882268685,10.0,E,fora,1.32,Vila Nova,1.0,1.0,1
2026,Fortaleza,2026-03-21,9298.99461495685,461.4102429151543,147.23292118944366,7.79763404519472,50.396590135101356,1.3968243423831983,5.818845086087235,28.443768698216182,25.0,D,fora,0.23,Botafogo-SP,0.0,1.0,1
2026,Goiás,2026-03-22,8637.383665981486,335.76914285272716,89.02188043831043,5.0085989830456095,37.415925845787676,1.2520761015717976,5.42553621934068,27.16948827720508,7.0,V,casa,1.8,América-MG,3.0,1.0,1
2026,Londrina,2026-03-22,9743.299798544776,463.6296220293224,167.36620806547293,8.17310342740227,54.155389169360404,0.981448201552077,6.974879114759259,28.664964466882168,9.0,V,fora,1.0,Novorizontino,3.0,1.0,1
2026,América-MG,2026-03-22,8942.832434359849,443.5926769094401,142.1412837937657,7.375760217032192,49.07294631945098,0.9669080970735573,6.770282974522892,28.841933144415048,8.0,D,fora,1.61,Goiás,0.0,1.0,1
2026,Criciúma,2026-03-22,9037.443081343414,488.7295662840154,180.70782475367656,7.799557084383292,47.878007679692814,1.6818239270429183,5.999838006479741,30.01661133554658,8.0,V,fora,0.69,Náutico,3.0,1.0,1
2026,Sport,2026-03-22,9475.60782372769,500.4110342045642,175.65606476211525,9.051489749682267,58.387445653975796,1.39241222302039,6.864401060949329,29.601602475548436,10.0,E,fora,0.62,Cuiabá,1.0,1.0,1
2026,Cuiabá,2026-03-22,9247.428014781,439.2954166938377,149.9528771872623,8.607544397348114,53.01842788827301,1.3686920986849256,6.555100097815455,28.353818063253996,10.0,E,casa,0.68,Sport,1.0,1.0,1
2026,Juventude,2026-03-22,9328.570507004833,465.72596157244624,168.3674032455622,9.376717996843407,56.049142113698274,0.9866704651403709,6.141462635815748,29.137513482550382,18.0,D,fora,0.62,Avaí,0.0,1.0,1
2026,Juventude,2026-03-31,10334.194084903678,559.3662814711033,269.5977409457093,12.861519159369527,66.3282486865149,1.135585288966725,5.6747457793345,30.71792224168126,8.0,E,casa,0.56,Novorizontino,1.0,2.0,1
2026,Fortaleza,2026-03-31,9205.334065084053,345.1207415947296,79.73726374375283,4.600891299409359,38.23394002726033,1.1247861199454792,5.520113584734213,26.703750567923667,10.0,E,casa,0.35,Cuiabá,1.0,2.0,1
2026,Ceará,2026-04-01,9868.229388298309,475.57057522632795,189.2817800634211,8.725642344281418,54.862606181095245,0.5916862461594072,7.836248788262162,30.265985902765227,7.0,E,fora,2.01,Ponte Preta,1.0,2.0,1
2026,Londrina,2026-04-01,9651.05375761296,491.70932392094556,195.42505645025395,8.556446402349488,54.92186658963434,0.9734308273753642,6.932888471630438,29.313083459714502,9.0,E,casa,1.38,Goiás,1.0,2.0,1
2026,Sport,2026-04-01,9750.970772759687,502.2099970287616,153.8183472783456,8.343395650106963,54.97929593534586,1.2838879248870931,7.915413239838366,28.280177085809363,10.0,E,casa,0.87,Vila Nova,1.0,2.0,1
2026,Vila Nova,2026-04-01,8938.018461116684,433.2105176275694,108.87911057187522,6.826469119671481,48.29885263305256,1.4696708975944375,5.249327562472292,28.357264518537526,9.0,E,fora,1.42,Sport,1.0,2.0,1
2026,Cuiabá,2026-04-01,9109.867910314984,391.22062378432173,158.6328865668491,6.787654739825998,43.28722621794002,0.6779728894317032,5.564530239290721,30.75926328010735,7.0,E,fora,0.13,Fortaleza,1.0,2.0,1
2026,Goiás,2026-04-01,9278.369733726668,475.01218351862116,157.68252901696576,8.34721334071908,50.088266968966984,0.3474229327424736,4.867937702088191,28.515007664858878,9.0,E,fora,2.28,Londrina,1.0,2.0,1
2026,Náutico,2026-04-01,9443.32468211081,679.2426610293871,247.6816436505554,13.50794139230795,76.40574618899896,1.0499404583208245,7.803092498081992,29.83780980019347,6.0,V,fora,0.89,Atlético-GO,3.0,2.0,1
2026,América-MG,2026-04-01,9513.202485147418,455.9761550572577,155.53509501961895,8.856945595886788,54.907739824598096,1.880066667486685,6.1995033149239225,29.006127996654325,9.0,D,casa,0.69,Botafogo-SP,0.0,2.0,1
2026,CRB,2026-04-01,9741.293030280469,542.1824638112762,171.44285149062443,10.434357324427522,64.61506418778784,1.3389273672902862,7.6559315472075395,29.132079003626846,10.0,D,casa,2.03,Avaí,0.0,2.0,1
2026,Criciúma,2026-04-01,9486.634178169812,490.35076073051573,206.03090814946577,8.66283251501602,50.43808623399408,1.2066782002704712,6.690591381473946,29.566477418097193,9.0,E,casa,3.41,Athletic,1.0,2.0,1
2026,São Bernardo,2026-04-02,10107.512302318772,482.4127223913806,142.34240596088534,7.693758929617052,54.7548888628645,0.47349800913455903,5.692044501698091,28.482532497950576,19.0,D,casa,1.41,Operário-PR,0.0,2.0,1
2026,Ceará,2026-04-04,9509.308153299942,431.9379216382426,106.47336790718315,6.961558232422495,45.877295251378946,1.8252537881189375,4.9065524630698025,28.172911938122112,9.0,V,fora,1.26,Cuiabá,3.0,3.0,1
2026,Náutico,2026-04-04,9447.278466760914,512.0114815784423,173.25327864751503,8.954118191179294,54.714388944156475,1.517578930834075,6.074679709816106,28.892259047885002,19.0,V,casa,2.75,Ponte Preta,3.0,3.0,1
2026,Juventude,2026-04-04,8956.676502362101,410.0733046776233,148.62889839643358,8.741668374476014,48.74201184376872,1.1966000399228158,4.910265486725663,29.013882493845234,8.0,D,fora,1.54,Fortaleza,0.0,3.0,1
2026,Vila Nova,2026-04-04,9276.240799979669,420.82121483570944,165.1280794643084,8.348614012350385,52.48725191227669,1.714407893064979,7.890685624253514,29.215403674620728,9.0,V,casa,2.5,Atlético-GO,3.0,3.0,1
2026,Sport,2026-04-04,9319.311737797289,453.4466295173226,128.50758412346406,6.414722002217647,46.434476363965516,1.0181375166889186,5.29417822633568,27.517442465660434,10.0,V,fora,2.0,Londrina,3.0,3.0,1
2026,Fortaleza,2026-04-04,9285.416722500095,424.0789649310377,140.20324567116856,7.446971763770948,47.48478254457868,0.8474788934904698,6.4156046436369145,28.38919379482957,27.0,V,casa,2.0,Juventude,3.0,3.0,1
2026,Londrina,2026-04-04,9493.20395189783,450.99596577096366,150.9159537778354,7.779788445539313,50.75815824446533,0.8753184661761367,6.516121789677266,27.937537410996942,10.0,D,casa,1.65,Sport,0.0,3.0,1
2026,São Bernardo,2026-04-05,9428.47074555229,463.1327928161558,152.9707041830291,7.557103740110482,50.71825557558843,0.8888463533305342,5.445937703244502,28.35668000362238,27.0,V,fora,1.38,Botafogo-SP,3.0,3.0,1
2026,CRB,2026-04-05,9751.251078917678,579.8926815404594,192.37230110914783,10.442986715772891,63.03852915504652,1.629301726523748,8.431887360824303,29.129504183254213,10.0,E,fora,1.5,Novorizontino,1.0,3.0,1
2026,Cuiabá,2026-04-05,9900.121430907979,440.7816244267807,147.20330311831245,8.529945582390706,53.377629318251294,1.7859625496789968,5.090868541730356,28.416132681137263,7.0,D,casa,3.15,Ceará,0.0,3.0,1
2026,América-MG,2026-04-05,10369.478363317621,642.3587803195768,137.73184216576615,8.924863490056328,59.61927750316128,1.2935725370732265,6.078931773767098,29.56918611334636,8.0,E,fora,2.23,Athletic,1.0,3.0,1
2026,Goiás,2026-04-06,10185.668829127564,509.7124942539743,135.96825296877992,7.1106706090787215,49.23707287875885,1.186097730319862,4.525454893698526,27.805711310093855,9.0,V,casa,1.93,Criciúma,3.0,3.0,1
2026,Criciúma,2026-04-06,10130.642675954019,472.4237002692193,139.99514579149036,8.33082688773984,53.844238280415375,0.8983153141603635,4.6154103101007085,28.34215204478441,8.0,D,fora,0.61,Goiás,0.0,3.0,1
2026,Criciúma,2026-04-10,10335.881517937925,622.15775291272,180.63368230580332,10.468844698018797,59.49066821765543,1.161342343839436,6.979073653501727,29.470555217046112,6.0,V,casa,0.81,Botafogo-SP,3.0,4.0,1
2026,Juventude,2026-04-11,9744.967618580835,514.0781029001115,162.86627306320653,8.53209198841761,53.22445270631936,0.9282022790736668,5.805260313549976,29.437262274043448,18.0,V,casa,0.63,Goiás,3.0,4.0,1
2026,Goiás,2026-04-11,9819.657173509935,531.8201927152319,191.18381821192057,7.4509629139072855,47.38548940397352,1.6384814569536426,5.513170198675498,28.956201986754976,7.0,D,fora,0.44,Juventude,0.0,4.0,1
2026,Fortaleza,2026-04-11,8790.149556752904,432.0055758921839,138.69518926774427,8.2668629951055,51.702725428097445,1.7284964148123776,6.541233770685093,28.400294766859975,8.0,V,fora,1.45,São Bernardo,3.0,4.0,1
2026,Náutico,2026-04-11,9156.910219952866,556.2199842890809,203.233285296008,10.412675998000427,62.86027508391058,0.6427964007712632,5.914798971648932,29.558848818110402,8.0,D,fora,1.38,Ceará,0.0,4.0,1
2026,Sport,2026-04-11,9712.690704672157,549.266328403816,211.28926255510717,9.237139208322644,59.30287257120199,1.365456718994192,7.137479065102284,29.377378647570616,9.0,E,casa,3.08,Avaí,1.0,4.0,1
2026,Ceará,2026-04-11,8955.842402859547,416.324338820137,138.08853670551485,6.7063456686291,43.47100432536346,0.7580342424606513,4.867727141655653,28.829866634626935,10.0,V,casa,1.08,Náutico,3.0,4.0,1
2026,Vila Nova,2026-04-11,9709.577201702401,544.2976638293286,178.8157710376037,9.986443917681283,59.345697230901834,1.0682360736989545,6.4974468268505525,29.437734080379265,10.0,V,fora,1.31,Ponte Preta,3.0,4.0,1
2026,São Bernardo,2026-04-12,9193.279525868635,448.5140499990233,146.9510287689693,7.488311673600122,48.72541282396827,0.9495820394132927,5.87084478818773,28.505455752817323,27.0,D,casa,0.91,Fortaleza,0.0,4.0,1
2026,Cuiabá,2026-04-12,8738.904575892857,376.3316824505894,122.19229694001386,5.462832545943135,41.251561633148405,1.170411321081831,6.436597607489598,29.296845743758666,10.0,E,fora,0.36,Operário-PR,1.0,4.0,1
2026,Londrina,2026-04-12,9832.007641502316,464.3056644686213,142.0481094294639,8.420435333705543,53.09933077816843,2.7159581113911067,8.552976565918726,29.041106969866156,7.0,D,fora,0.34,Atlético-GO,0.0,4.0,1
2026,América-MG,2026-04-12,9824.09708153253,568.3234319588832,168.6274969045672,9.565566756220067,62.551925826422135,1.577205933886228,7.148520850367946,28.422128256044846,10.0,D,casa,0.21,Novorizontino,0.0,4.0,1
2026,Vila Nova,2026-04-18,9371.782347355607,555.8509502231842,220.09856526443937,11.444536588664954,68.65933058298391,1.947555525497092,7.42590112268362,30.249657784390642,8.0,V,casa,1.25,Operário-PR,3.0,5.0,1
2026,América-MG,2026-04-18,9842.348420703385,629.7584577527097,229.92861955319617,11.545740986507411,68.18060152621102,1.3929449236894493,7.463572771510728,29.651358106613582,10.0,E,casa,0.88,Sport,1.0,5.0,1
2026,Juventude,2026-04-18,9676.14101945579,494.0154293429342,154.66038094578687,8.850259918299521,56.70307429204459,0.8730799695354151,6.356974589766669,28.481899882295917,8.0,V,fora,0.8,CRB,3.0,5.0,1
2026,Náutico,2026-04-18,9074.513089365242,464.46142245387364,160.98525228796555,7.817965056526208,51.974760681250906,0.6601722703469877,6.6063187001419275,28.34613370528067,9.0,D,casa,1.7,São Bernardo,0.0,5.0,1
2026,São Bernardo,2026-04-18,9310.188581638238,462.6816328971995,163.0472241939471,7.468285614648445,50.77341998622735,1.0326387858883357,6.0375207472543,28.70687837694671,25.0,V,fora,2.05,Náutico,3.0,5.0,1
2026,Sport,2026-04-18,9800.857831575946,481.86627560300053,157.4853653665553,9.200105443349461,56.06026949275447,1.178417398747043,6.63355345276447,29.351808704128576,9.0,E,fora,0.48,América-MG,1.0,5.0,1
2026,CRB,2026-04-19,9264.94305797969,476.4222853392894,191.68877029174052,9.531889175435767,56.67827833935848,1.1394329825692509,6.113693269474314,29.848636855557345,10.0,D,casa,0.84,Juventude,0.0,4.0,1
2026,Londrina,2026-04-19,9202.749389510482,446.0684947621403,166.11048917355657,9.003833354415097,55.78385727263319,0.8272759679403884,7.0376823476651,28.954566884767086,9.0,E,casa,1.75,Ceará,1.0,5.0,1
2026,Criciúma,2026-04-19,9590.68606019817,530.083363835852,132.1386003529092,7.0253980409012735,48.356851303049496,0.8140656954121799,6.516981834223147,28.23763686544204,10.0,D,fora,0.89,Fortaleza,0.0,5.0,1
2026,Goiás,2026-04-19,9458.029531514127,483.6345239143714,127.20365143400997,7.032244271772945,46.40566473003111,1.2779666747162521,5.880761396082219,28.88824807875336,8.0,D,casa,0.38,Cuiabá,0.0,5.0,1
2026,Fortaleza,2026-04-19,9129.141186940913,414.0953401265253,154.68625824988433,7.09419156019728,46.557945754363566,1.2307662538195416,6.216329395974903,29.08221282584193,17.0,V,casa,0.6,Criciúma,3.0,5.0,1
2026,Ceará,2026-04-19,8847.371257432977,400.25095230296307,131.30100017637574,8.052465732715179,49.209870363837936,2.0397368222132632,6.235652590203587,28.473858597057045,9.0,E,fora,0.87,Londrina,1.0,5.0,1
2026,Cuiabá,2026-04-19,9697.840926072586,425.18422043936374,146.89293196060882,7.283230321603197,52.063514392948164,0.6198848219819573,6.0403476000275464,29.01133014255217,7.0,V,fora,1.31,Goiás,3.0,5.0,1
2026,América-MG,2026-04-24,9834.39132971375,545.3483696673298,196.07969869031834,8.578663516799294,50.73142766357207,1.244529868479222,6.216178713527852,29.068436394783383,8.0,D,fora,1.71,Ponte Preta,0.0,6.0,1
2026,Juventude,2026-04-25,9605.40198757424,458.1815493882913,124.88932383611134,6.405553137914991,47.05175438596491,1.3564902701371213,5.665696964720695,28.21947614746695,8.0,V,casa,0.62,Londrina,3.0,6.0,1
2026,Londrina,2026-04-25,9485.779244685662,456.40248017120604,145.15170411799096,7.943469128856824,51.2296148966917,1.9853461075994747,6.749302489768452,28.073295385599717,10.0,D,fora,0.66,Juventude,0.0,6.0,1
2026,Fortaleza,2026-04-25,8981.825103288622,483.13263280452094,189.11302812010624,9.069989242186969,53.928049976169405,1.9595361884659903,6.986289507727922,29.85808810512698,8.0,E,fora,1.02,Operário-PR,1.0,6.0,1
2026,Ceará,2026-04-26,8743.2600215768,448.76193547293855,152.90888919013565,8.03402650218592,50.63134679906463,0.8120381604365065,5.795972368138633,28.964373425514847,10.0,E,casa,1.58,Vila Nova,1.0,6.0,1
2026,São Bernardo,2026-04-26,9462.088892187247,505.93069686837384,162.17197500407767,8.366653278421138,54.27792122002937,1.2849433616049586,5.79862391942587,28.316763986299144,27.0,V,casa,1.94,Goiás,3.0,6.0,1
2026,Criciúma,2026-04-26,10133.422087277584,551.4693326525,200.79059009911364,9.074102282100633,57.38583238409469,0.5890921350668396,6.598262958744125,28.93993086924074,9.0,V,casa,1.96,CRB,3.0,6.0,1
2026,Goiás,2026-04-26,9337.856041458384,469.8367311659221,126.20204343259218,7.175047393664816,50.91185499689947,1.2522983080018733,6.945983244536125,28.28465305812527,9.0,D,fora,1.84,São Bernardo,0.0,6.0,1
2026,Vila Nova,2026-04-26,9013.238304595792,421.7454629691176,109.59250980444293,6.339080044136612,49.17489264965901,0.7180550644102046,4.42783770489624,28.215793461932172,8.0,E,fora,1.82,Ceará,1.0,6.0,1
2026,Náutico,2026-04-27,10332.553671691794,665.3240364042434,220.00020725851482,12.161049469570074,71.25612529313233,1.004660636515913,6.031315689558905,28.88063428252373,10.0,V,fora,1.07,Athletic,3.0,6.0,1
2026,Náutico,2026-05-02,9903.25854589932,559.0021443356541,197.87751349087355,10.161249051541509,60.25986597143395,1.4207152439283481,6.610781651197941,29.103417485628956,18.0,E,fora,0.67,Botafogo-SP,1.0,7.0,1
2026,Fortaleza,2026-05-02,9579.520377824612,427.0961804402138,121.09190377824612,6.6571587086688915,48.61264686588413,0.37722151660223036,5.0251505296802375,27.77665778050721,8.0,V,casa,1.69,Goiás,3.0,7.0,1
2026,Criciúma,2026-05-02,9542.152660656318,388.9584761304021,103.85194864536378,6.232035262080955,42.78738211357098,1.5236662102493885,4.29179125832705,27.468616440252934,7.0,E,fora,0.61,Cuiabá,1.0,7.0,1
2026,Goiás,2026-05-02,9453.638311113207,447.62399102558066,105.78344419842655,6.041898054364725,45.26094737833891,0.5295172421915486,4.2387658406746125,28.17152918452914,10.0,D,fora,0.85,Fortaleza,0.0,7.0,1
2026,América-MG,2026-05-03,9199.145034407064,465.83413871349643,152.61566902624307,8.545691594317283,56.827797084648765,1.1099687993291238,7.1036477653906855,29.30479602407261,9.0,D,casa,0.75,CRB,0.0,7.0,1
2026,São Bernardo,2026-05-03,9569.850908770848,471.8048096458747,162.31237899142377,8.009441675369475,53.08237301813348,1.1030851055413147,5.2694596347985705,28.67031393398525,29.0,V,casa,1.65,Ponte Preta,3.0,7.0,1
2026,Juventude,2026-05-03,9459.621546252654,494.74679570929686,162.3694416835576,9.3408207160126,58.409443331949504,0.8249541502845003,6.7029086790886225,28.757654643581034,18.0,E,fora,0.64,Atlético-GO,1.0,7.0,1
2026,Londrina,2026-05-03,9634.93961091621,542.3804881025017,170.45822236628027,8.58016854789506,58.00221184157007,1.0293373754321744,7.206846018913973,28.44548632296116,9.0,D,fora,0.75,Operário-PR,0.0,7.0,1
2026,Ceará,2026-05-03,8835.999683856191,478.8988507542106,132.52981017490282,7.287042152507866,50.90678754858411,1.5604229131963725,5.828401119748287,28.43968512863224,10.0,D,fora,1.06,Sport,0.0,7.0,1
2026,Sport,2026-05-03,10505.115568588622,575.4867587021099,193.31310533932518,9.825514129027345,61.12495239546043,0.7994957727168863,4.685588772945389,29.12376799451596,9.0,V,casa,2.04,Ceará,3.0,6.0,1
2026,Vila Nova,2026-05-04,9757.146172553952,510.510981787968,199.07037737755724,10.104394466775954,62.75054422761672,1.2130567469852462,6.973022950304283,29.83216972446161,10.0,E,casa,2.1,Athletic,1.0,7.0,1
2026,Criciúma,2026-05-09,9997.724235049238,622.7453979436623,187.2343338632387,7.822539771492619,55.89348468039845,1.4412283129567576,5.147525532669236,29.010211924013866,10.0,E,fora,0.73,Juventude,1.0,8.0,1
2026,Cuiabá,2026-05-09,10245.059152334998,482.6612294304451,110.11805006804966,7.30215050659188,53.44932788936088,0.743242188037008,5.0740645578147126,28.01255962936996,8.0,E,fora,0.6,Athletic,1.0,6.0,1
2026,Goiás,2026-05-09,9560.11590717451,501.10955462395646,153.70721977378864,8.062245034457224,52.883056839490244,1.5047103085026339,6.3421676400683165,28.142901334097726,10.0,V,casa,1.6,Vila Nova,3.0,8.0,1
2026,Ceará,2026-05-09,9139.539454985495,399.05870270102554,83.35722031742092,5.026882262593667,39.23311044572351,0.4183331523341142,4.189374311556541,28.40441069239959,7.0,D,casa,2.4,Atlético-GO,0.0,8.0,1
2026,Vila Nova,2026-05-09,8819.279724156673,446.4685281561753,120.15277689076106,7.6425039915752295,52.07696017483666,1.3254462071542616,6.113921142326551,28.79880875542118,9.0,D,fora,0.67,Goiás,0.0,8.0,1
2026,Náutico,2026-05-09,10251.786758500233,490.5665792966931,136.65801700046578,7.861877270610152,55.64734350256172,0.8387759664648347,5.137629715882627,28.483294131346067,10.0,V,casa,1.79,América-MG,3.0,8.0,1
2026,Sport,2026-05-09,9197.725101628512,468.6255794666875,169.46860689131722,9.243020950765144,54.44548570726972,1.204812983446998,6.4286967440925995,28.467778013416524,10.0,V,fora,1.42,Ponte Preta,3.0,7.0,1
2026,Fortaleza,2026-05-09,9046.841723674743,408.38966065003603,149.71149658191413,8.149993583593186,50.29952170784361,1.5644162868793476,6.3136900935476135,28.637740465339412,19.0,E,fora,1.49,Avaí,1.0,8.0,1
2026,Juventude,2026-05-09,9622.469344985953,530.3297037053552,209.38154512418066,9.530432737325548,55.077124782628076,0.6022166361974407,5.517531769741829,29.253001961920905,10.0,E,casa,2.81,Criciúma,1.0,8.0,1
2026,América-MG,2026-05-10,9120.842000000002,403.434,127.13000000000001,6.698,43.376000000000005,1.586,4.936,28.599999999999998,5.0,D,fora,0.08,Náutico,0.0,8.0,1
2026,CRB,2026-05-10,9899.623038062282,591.7962809688581,212.5519723183391,11.77475470273671,70.43544636678202,1.5844356086819757,7.701354513998113,29.33650330292545,9.0,V,casa,0.9,Operário-PR,3.0,5.0,1
2026,Londrina,2026-05-12,9968.406151480773,459.0555272271315,119.16309798184858,6.582699128254119,49.16884583233819,0.6718220085980415,7.388027824217818,27.291184021972775,7.0,D,casa,0.65,São Bernardo,0.0,8.0,1
2026,São Bernardo,2026-05-12,10077.79262586399,468.46134515050164,116.38797447045705,6.621115607580825,50.568657413600896,0.7017986622073579,6.8233840579710145,27.23416722408027,10.0,V,fora,0.6,Londrina,3.0,8.0,1
2026,Náutico,2026-05-16,9263.827429932964,520.516099421905,168.13763687903156,8.705135632816743,54.606157938202614,1.238956155557374,5.859477966177356,28.712715855572995,29.0,V,fora,2.78,Operário-PR,3.0,9.0,1
2026,América-MG,2026-05-16,10196.310183272108,587.5722337448777,166.2571367379686,9.429862479610644,59.081048311164736,0.8366398344981234,6.08709483204477,29.122704788680096,8.0,E,fora,0.75,São Bernardo,1.0,9.0,1
2026,Goiás,2026-05-16,9769.10024844805,463.4946367893706,146.41311914615554,7.473501415813549,47.293258413199744,1.348453495970377,5.636568421912437,28.7741545959486,8.0,V,casa,0.43,Botafogo-SP,3.0,9.0,1
2026,São Bernardo,2026-05-16,9333.367911670532,459.7845643804363,129.2656574802639,8.109061094331306,51.15840341962328,0.7585207342208625,4.958082133181234,28.284762065255432,17.0,E,casa,1.14,América-MG,1.0,9.0,1
2026,Fortaleza,2026-05-17,9120.313325261632,441.8543966847453,162.5932161790543,8.6282301581239,50.634903597891686,1.5123026124818577,5.808554694064624,28.979835001145826,28.0,D,fora,1.85,Ceará,0.0,9.0,1
2026,Ceará,2026-05-17,9101.153389154038,357.5802743587597,75.9873319099054,4.144805743950432,36.299756203075724,0.6267227664740853,4.396030310642217,27.7260543135449,8.0,V,casa,1.03,Fortaleza,3.0,9.0,1
2026,Juventude,2026-05-17,9173.447644137817,450.33446750920893,110.81290704221529,6.83895977912096,48.65895964344587,0.8548303043870537,6.349831830731764,28.13041903250096,16.0,E,fora,1.26,Athletic,1.0,9.0,1
2026,Cuiabá,2026-05-17,9706.689977885599,495.311462080954,172.49638457052953,9.703459968533739,59.41348340319723,0.8898581817781738,6.732186905194133,28.66856454434432,10.0,E,casa,1.22,Novorizontino,1.0,7.0,1
2026,Vila Nova,2026-05-17,9301.169206630462,446.5139899138166,136.25708182180378,8.492879385183166,53.12564742393424,1.0370420851768754,6.3233778229780455,28.54838956572795,10.0,V,casa,1.65,Avaí,3.0,9.0,1
2026,Criciúma,2026-05-17,10126.559749466953,647.2935707622601,199.33457622601284,11.273980543710021,65.84356676439232,2.159200426439232,7.073787313432836,29.18137659914712,8.0,E,casa,1.12,Atlético-GO,1.0,9.0,1
2026,Sport,2026-05-18,10198.439500112443,636.9787385549523,204.42158495839624,8.384082147331899,52.769193465480136,0.5768259067690431,5.9278791724226565,29.06278472066052,7.0,D,casa,1.78,CRB,0.0,8.0,1
2026,Londrina,2026-05-18,9486.01429189255,542.3017022598525,271.8083694950356,10.964161905342024,60.30431406468904,1.8627905220198577,7.017958092221477,29.853151002010108,9.0,V,fora,2.1,Ponte Preta,3.0,9.0,1
2026,Náutico,2026-05-22,9458.831442837762,474.4161539326958,149.56053419807418,7.4455193408556966,52.47456616260217,0.7748645643757651,6.0746792627643025,28.432739485788034,17.0,V,casa,1.71,Cuiabá,3.0,10.0,1
2026,Ceará,2026-05-23,9819.70003465325,517.5533415012542,110.14011642912033,7.4383366439994765,51.28689875161304,0.9127080282445735,4.567180327393467,28.163374849570094,8.0,D,fora,0.57,Novorizontino,0.0,10.0,1
2026,Juventude,2026-05-23,9522.724552576543,505.89366392617256,167.0059128279464,9.56084173370365,55.56937791154438,2.19030374116163,6.075771856638599,29.090965221913624,10.0,D,casa,1.22,Sport,0.0,10.0,1
2026,Londrina,2026-05-23,8414.24110762144,394.1258213687485,158.2951791696578,7.807972601100743,48.5925014955731,1.4801127662120126,5.5190877004067955,29.404112826034943,7.0,D,fora,0.25,Fortaleza,0.0,10.0,1
2026,Fortaleza,2026-05-23,9085.917595147692,496.0992415304993,163.6880555743892,9.000120629647206,53.79990541731644,0.8138895292336202,5.186343311410943,28.789755802653286,19.0,V,casa,2.14,Londrina,3.0,10.0,1
2026,América-MG,2026-05-24,10044.947941077377,511.4489439598697,153.63957498845753,9.546521668600803,60.084530253684214,0.7857052121938132,5.838524189221228,28.798790850896562,9.0,D,casa,2.55,Vila Nova,0.0,10.0,1
2026,São Bernardo,2026-05-24,9616.86485938984,476.28263285953113,150.5316755488231,7.629486574731771,52.44860885023822,0.8124635229850323,5.7582731989105955,28.573177718999446,29.0,V,fora,1.8,Atlético-GO,3.0,10.0,1
2026,Goiás,2026-05-24,10015.383279753762,502.5630413132695,156.48094760601916,8.619869220246239,59.09368618331053,0.98435731874145,5.1710285909712725,28.587255813953487,8.0,V,fora,2.43,Avaí,3.0,10.0,1
2026,Vila Nova,2026-05-24,10231.457269778231,525.110613462937,126.13466954503998,7.791775394525701,56.10541853780173,0.9343692783671773,5.089895062512265,28.364092677464413,10.0,V,fora,1.36,América-MG,3.0,10.0,1
2026,Criciúma,2026-05-24,9856.782559985311,605.5082019234843,140.70230111991415,8.641374825234081,59.73887500176531,0.38137807340874746,5.084907568246973,27.67913118388905,8.0,E,fora,1.31,Operário-PR,1.0,10.0,1
2026,Sport,2026-05-24,9295.232252452799,378.2341427275832,126.57186224279472,5.831911357666985,41.97926457251216,0.31827520817874516,4.240274666383991,27.52323003898567,9.0,V,fora,0.41,Juventude,3.0,9.0,1
2026,CRB,2026-05-25,9256.749231557507,516.146136267565,158.2929222334661,9.916263465997154,59.83581308363328,2.191476039811956,7.264612448281603,29.35142761986499,8.0,V,casa,3.05,Ponte Preta,3.0,6.0,1
2026,Juventude,2026-05-29,10159.591626890495,539.7005769801054,199.12753026728035,9.979445067625933,57.789371059451504,1.3932064621771807,5.221552495519539,29.051369924831416,9.0,V,casa,2.39,América-MG,3.0,11.0,1
2026,América-MG,2026-05-29,10392.152651385977,644.3933893165099,181.40430603595263,10.411720051639303,64.67022470404832,0.9862506698494664,4.929851171627612,28.826757441418614,10.0,D,fora,0.91,Juventude,0.0,11.0,1
2026,Fortaleza,2026-05-30,9017.391205110167,445.9826004570677,147.27489154008498,8.50451406378134,51.85171017412697,1.460321903865927,7.30545359181108,28.973360613086793,26.0,D,fora,0.8,Athletic,0.0,11.0,1
2026,Náutico,2026-05-30,8966.912708892467,519.0082562846662,220.1018451422437,10.768474570585079,59.47834239130435,1.9112832125603865,7.448075237072821,29.447069019502592,10.0,D,fora,1.57,Sport,0.0,11.0,1
2026,Goiás,2026-05-30,9210.377847219464,426.2506827181586,142.56126425364536,6.434458129709829,44.6980871972135,0.8337878607281444,5.7197232044711095,28.28539208285325,8.0,E,fora,0.73,Atlético-GO,1.0,11.0,1
2026,Criciúma,2026-05-30,8942.525067465947,509.55783863638794,168.86027039711576,8.831925526127721,53.08670488848119,1.5352464507045258,6.240357756183933,28.949643203805824,10.0,V,fora,1.34,Avaí,3.0,11.0,1
2026,Londrina,2026-05-31,9309.09924367052,441.6478770419227,176.24337538015374,8.778783636386967,51.510081997715865,1.3869866160222766,6.006641814985435,29.5407627455761,9.0,D,casa,0.84,Vila Nova,0.0,11.0,1
2026,Vila Nova,2026-05-31,9296.180486946718,452.9238293173302,163.12688153044746,7.950702622840952,50.857589788893286,0.5486576598531695,5.482387516373717,29.770137386907116,7.0,V,fora,0.8,Londrina,3.0,11.0,1
2026,Ceará,2026-05-31,8918.401889168195,467.5435819915302,167.12483456756576,6.8273557986276225,49.222236791448694,1.0187881876033245,5.706558643023756,29.321377131598616,10.0,D,casa,1.68,Operário-PR,0.0,11.0,1
2026,São Bernardo,2026-05-31,9436.276234807166,474.7604266142943,161.55198559494545,7.672577214040149,51.66476446381407,1.0040025415997738,5.700640459240787,29.023486692454473,28.0,E,casa,0.89,Novorizontino,1.0,11.0,1
2026,Sport,2026-06-01,9177.264663720629,451.54389887367967,116.16046373140762,6.911177381978875,45.59056949234749,0.9699174121577927,7.155454704677731,27.82131386074585,9.0,V,casa,1.77,Náutico,3.0,10.0,1
2026,CRB,2026-06-01,9126.955139667367,471.54547539630687,163.61081462123036,7.9424050067054095,53.642413030271776,0.9281059798493863,7.324161823871258,28.949287621929557,10.0,D,fora,1.03,Cuiabá,0.0,7.0,1
2026,Juventude,2026-06-05,9665.21420511557,553.3364025264289,221.03374283282565,10.180141103744846,59.96960378964343,1.6125987726213937,6.953460849310161,29.29358313922236,10.0,D,fora,0.91,Operário-PR,0.0,12.0,1
2026,Criciúma,2026-06-06,10383.390702466802,613.4203473826693,217.49341221498747,13.233387827020467,69.73327370533735,1.4702758524119581,6.196041564563934,29.862646736213215,10.0,V,casa,0.6,Londrina,3.0,12.0,1
2026,Londrina,2026-06-06,10616.58935858436,631.1375404362666,265.0964562002275,13.132130014344366,71.22763775535442,1.336544121284068,6.675361824207351,29.180029183360535,9.0,D,fora,0.44,Criciúma,0.0,12.0,1
2026,São Bernardo,2026-06-07,9664.651952970451,555.0146217729393,214.15674780715395,8.958086531881804,56.60329617418351,1.623033468118196,6.048179657853811,29.164651321928464,17.0,V,fora,1.36,CRB,3.0,12.0,1
2026,América-MG,2026-06-08,10341.615728215256,647.9352396714615,194.1985540046229,10.200589528960304,66.14679304773233,1.816528578802092,6.361677812436883,29.00916159870739,10.0,D,casa,1.43,Atlético-GO,0.0,12.0,1
2026,Vila Nova,2026-06-08,8670.211759868424,442.8741617971559,170.64052733736517,9.74555246812684,57.18618216737497,1.2873770022883295,7.445196449002943,29.17954703334423,10.0,V,casa,0.75,Botafogo-SP,3.0,12.0,1
2026,CRB,2026-06-08,8860.275577976048,451.2612742959361,154.60852642830653,8.637935472611854,52.7157499836391,1.6695427673916365,7.5573255382735995,29.011455901921856,10.0,D,casa,1.85,São Bernardo,0.0,8.0,1
2026,Náutico,2026-06-09,9430.6782552501,462.2126509132505,143.0663291556318,7.160764233404205,48.28561266738782,0.8958154599823442,5.931141469904385,28.064063063399107,18.0,D,casa,4.24,Fortaleza,0.0,12.0,1
2026,Fortaleza,2026-06-09,8660.385051280888,289.8656343831901,89.0318735323971,3.6806349134208975,31.494190640670208,0.2740917147661683,5.589479161932464,27.819065581966093,7.0,V,fora,0.32,Náutico,3.0,12.0,1
2026,Cuiabá,2026-06-10,10185.289963299978,436.5682641027051,105.52218413239498,6.433489113701342,47.87432359247856,0.7426950461842976,2.846533016274467,27.139908181218388,8.0,V,fora,1.46,Ponte Preta,3.0,8.0,1
2026,Goiás,2026-06-10,9420.383991324677,525.4983143926598,255.38988500466198,11.064462521789656,58.86161777225247,2.7976963096090706,5.47302514762915,30.197779819737036,8.0,D,casa,1.68,Novorizontino,0.0,12.0,1
2026,Ceará,2026-06-10,9208.375619186472,471.6682465895862,156.1382107618757,8.748557510821776,53.70845398343109,1.5244520168627582,6.4068635495428286,28.402620960905978,10.0,V,casa,1.61,Avaí,3.0,12.0,1
2026,CRB,2026-06-14,9241.80850629811,518.7630790762772,174.6730832750175,10.28607604385351,64.02954082108701,2.203510613482622,7.8738559598787035,29.07042104035456,9.0,E,fora,1.2,Atlético-GO,1.0,9.0,1
2026,São Bernardo,2026-06-14,9242.304682847816,450.6288578235494,136.1980892715332,7.8838925514615985,53.09552249435908,1.4185740126810453,5.445366061186674,28.437434924556605,17.0,E,casa,0.71,Sport,1.0,13.0,1
2026,Náutico,2026-06-14,9617.007674844452,537.6856458168296,192.2449827832601,10.60406892268987,62.55251802284153,1.7557866557328756,6.268508851195617,28.903929397434002,27.0,E,fora,1.81,Novorizontino,1.0,13.0,1
2026,Sport,2026-06-14,8733.430505661709,320.2832513328144,88.29623213734965,5.6830007783929855,39.25872446356974,1.057226717972066,6.610380384496762,27.61410213103438,8.0,E,fora,3.22,São Bernardo,1.0,11.0,1
2026,Juventude,2026-06-14,8992.43673724365,408.5262822845944,129.7716630503255,7.245093091621755,48.927915237628625,0.4193179113879752,5.251399524042837,28.401847833694973,10.0,V,casa,2.56,Ponte Preta,3.0,13.0,1
2026,Cuiabá,2026-06-14,9969.425367370553,492.9009803779771,187.2236817809276,10.086988718542088,60.420256846012926,1.4095383762414428,6.293111802140585,29.926613875229005,10.0,V,casa,0.6,Vila Nova,3.0,9.0,1
2026,Goiás,2026-06-14,9463.990520031779,367.60664873453635,113.07091975939167,7.148153898535922,45.65963171036204,0.9198417886732494,6.12758279423448,29.003432073544435,10.0,E,fora,0.76,Athletic,1.0,13.0,1
2026,Vila Nova,2026-06-14,9425.365465086508,426.97107209480964,123.66968994232904,6.474689637514175,48.06302327566237,0.9871134033188241,5.157333967348233,28.540604996525115,9.0,D,fora,1.07,Cuiabá,0.0,13.0,1
2026,Ceará,2026-06-15,9932.781934606779,497.15889921413407,139.18213239258876,8.466952675959387,53.070954970458324,2.3750204784030284,5.265636780817989,28.017949865198187,10.0,E,fora,1.24,Criciúma,1.0,13.0,1
2026,Criciúma,2026-06-15,9985.870320127915,593.0343245781759,171.37985911240816,8.554631176411391,58.769278901524046,0.60384365949929,5.9373582458376655,28.429486878445317,10.0,E,casa,1.33,Ceará,1.0,13.0,1
2026,Londrina,2026-06-15,9434.574771294101,529.0855263054393,241.88891028750476,10.856411631291214,59.82452089096321,1.4144344953262453,7.670008259370452,29.822203285394025,8.0,V,casa,1.88,Avaí,3.0,13.0,1
2026,Fortaleza,2026-06-16,9405.504352261556,471.71191453621765,154.61553998688956,7.743783595542445,49.89870124549328,0.8608177646673222,5.163237872828581,28.53198131760079,8.0,D,casa,1.53,América-MG,0.0,13.0,1
2026,CRB,2026-06-20,9583.603600235141,474.6191114839626,141.63767099800373,8.487926346858044,54.67193673226949,1.4328735012798057,5.511348388914063,28.44225564278103,9.0,E,casa,1.89,Fortaleza,1.0,10.0,1
2026,Ceará,2026-06-20,9234.370680502652,402.0339921422787,132.79736781333412,7.559193383918663,46.6940893140989,0.810418978496236,6.209510242029811,28.382997930600126,7.0,D,casa,0.8,Botafogo-SP,0.0,14.0,1
2026,Náutico,2026-06-20,9821.74373503534,603.9534113418915,227.93056168565798,12.548507139766336,70.96413289100438,1.297928025385836,7.790610726477235,29.472028703303046,9.0,D,fora,2.27,Vila Nova,0.0,14.0,1
2026,Londrina,2026-06-20,9996.95349221431,598.5797816036531,195.01790027512266,9.314171086592733,56.28585472388462,1.2763669625889895,6.379748702385342,29.188531355475504,8.0,V,casa,1.76,Athletic,3.0,14.0,1
2026,Cuiabá,2026-06-20,10060.451054228412,541.3635641287686,146.15408437659684,9.628686765457333,61.652751660705164,1.005000319366377,5.891935998978028,28.05959376596832,7.0,D,fora,1.09,Avaí,0.0,10.0,1
2026,Vila Nova,2026-06-20,9718.501679074892,547.34883876652,229.3660390969163,12.09392191629956,67.99839669603524,1.6840447136563879,7.631948017621146,29.960916299559475,10.0,V,casa,1.44,Náutico,3.0,14.0,1
2026,Goiás,2026-06-21,9967.092348904906,559.3871368172996,153.61036248960355,6.861097865261991,49.90276961463821,0.46755336845023565,5.145749237593568,27.942798724701966,6.0,D,casa,1.37,Operário-PR,0.0,14.0,1
2026,Juventude,2026-06-21,9958.458673438043,573.4872237358762,208.73149764938427,9.73667995565884,62.44430069182894,1.0213894676389668,6.191033135667922,29.233877581002755,17.0,V,fora,0.43,São Bernardo,3.0,14.0,1
2026,Fortaleza,2026-06-21,9851.4425377086,542.2755997272143,162.4663843870347,6.259328867137356,48.257425385109116,0.8425288831835689,5.415536344672658,28.23864329268293,8.0,E,fora,1.69,CRB,1.0,14.0,1
2026,São Bernardo,2026-06-21,9701.333930115203,472.6189387180087,173.45122694852552,7.898048491333684,52.86327772624219,1.0390307122044349,5.646789325594015,29.000960742728033,28.0,D,casa,0.45,Juventude,0.0,14.0,1
2026,América-MG,2026-06-23,10134.392986414923,585.3092562744647,170.1916667626065,9.326020176145523,61.523471246833985,1.0366969836518538,5.698612134469262,28.15247524752475,8.0,D,casa,1.27,Criciúma,0.0,13.0,1
2026,Criciúma,2026-06-23,10238.911947495857,601.0072427679368,154.26815904167196,7.80068714158277,58.953330189881484,1.2610294380017841,5.38890531413279,28.004865553714797,9.0,V,fora,1.12,América-MG,3.0,14.0,1
2026,Londrina,2026-06-25,9519.854679800223,469.7717077691454,142.83865804661488,8.889115094339623,54.83976315205328,1.59805371809101,6.191833629300777,28.170668146503886,10.0,E,fora,1.17,Cuiabá,1.0,15.0,1
2026,Vila Nova,2026-06-26,9524.035663479319,518.6860001804158,180.13557394795004,9.642370438861574,58.861221077082675,1.3181904289387036,7.714995940643183,28.992213928104277,10.0,D,fora,0.48,Novorizontino,0.0,15.0,1
2026,São Bernardo,2026-06-27,9610.878514629603,547.4957007021063,184.76716435019344,8.975132081960165,58.597210603238295,1.393146525290156,5.82863516263075,28.911355781630604,20.0,D,fora,0.42,Criciúma,0.0,15.0,1
2026,Criciúma,2026-06-27,10455.641599532159,718.5638348928077,237.01658886432577,11.914014318029924,72.99262929926482,1.5031917382139737,6.36258380031875,28.92786874710812,9.0,V,casa,1.63,São Bernardo,3.0,15.0,1
2026,América-MG,2026-06-27,9453.34503705552,559.190268870867,200.20832514036178,10.331636930754835,63.891742857142845,1.4603872738615093,5.5036688708671235,28.36389769182782,9.0,D,fora,1.15,Operário-PR,0.0,14.0,1
2026,Fortaleza,2026-06-28,9228.069386855512,444.87963410377154,179.00744347974629,8.456033518515769,52.003639466139845,1.2369495773978405,5.71506383595015,28.73344090254156,29.0,V,casa,1.2,Sport,3.0,15.0,1
2026,Goiás,2026-06-28,9705.751996611256,460.77550533498186,157.33429259971606,7.623027888446215,49.9697287860054,0.8231871365114254,5.7685449008563445,27.994883683656177,10.0,V,fora,1.21,Náutico,3.0,15.0,1
2026,Ceará,2026-06-28,8942.961789340266,413.95449085991305,129.9487931687813,7.056464831244857,43.98225438057781,1.9996628817080662,7.995761064143942,29.142556611046512,9.0,D,fora,0.64,Juventude,0.0,15.0,1
2026,Juventude,2026-06-28,8970.35438719244,398.1670224966406,125.83923393262592,6.36002351605579,38.888900189981925,0.83491149622353,6.359030628793846,28.53503428942125,10.0,V,casa,0.94,Ceará,3.0,15.0,1
2026,Sport,2026-06-28,10496.048290903656,670.002284545998,90.47645709938598,10.393840270608054,61.497531109058315,2.0785677606911914,6.603675759387055,29.206890180948754,8.0,D,fora,2.65,Fortaleza,0.0,12.0,1
2026,Náutico,2026-06-28,10575.156402123795,728.350093614643,216.91908201760515,9.681272879698199,64.13533743188488,1.3815132038563644,7.166202319407572,28.34858180802012,8.0,D,casa,1.58,Goiás,0.0,15.0,1
2026,CRB,2026-06-30,10247.0990390549,605.5595038220987,208.77383544127866,10.884550104239056,64.79590715774845,1.0015533009034052,6.379211674774148,28.87753439888812,8.0,V,fora,0.47,Botafogo-SP,3.0,11.0,1
2026,Fortaleza,2026-07-02,8959.466489014234,380.1251043954205,158.3112886396825,8.42693725127359,48.75628958721169,1.2042856187365534,5.516894110827471,29.35038402800227,10.0,V,casa,2.18,Ponte Preta,3.0,16.0,1
2026,América-MG,2026-07-02,9978.075502530473,547.3468156437855,185.62086154869672,9.409503884810038,56.88204730676932,1.817434599757645,5.027525482928221,27.934892009409083,9.0,D,fora,0.33,Cuiabá,0.0,15.0,1
2026,Londrina,2026-07-04,9382.895290288989,495.15761828122413,209.39823223118975,9.69355139523325,57.94123168682398,1.1719793614352323,5.963931031218197,30.143781212279002,9.0,V,casa,2.11,CRB,3.0,16.0,1
2026,Ceará,2026-07-04,9821.988196627737,492.65641049351,145.79509241184059,7.088270260397045,47.87923022477938,0.82167859629896,5.650901857369544,28.297716816785965,10.0,D,fora,0.83,Goiás,0.0,16.0,1
2026,Goiás,2026-07-04,9860.92425534168,504.1655855845255,179.8091828642696,7.622719079442771,53.899913168298184,0.7410788074171686,5.717456466490963,28.461892884036146,10.0,V,casa,1.2,Ceará,3.0,16.0,1
2026,Criciúma,2026-07-04,9945.753598747591,618.626523362235,173.73272254335262,10.077712909441235,62.64214282273603,1.1913824662813104,6.285993497109827,28.868865606936414,9.0,V,casa,1.01,Sport,3.0,16.0,1
2026,Náutico,2026-07-05,9520.981232231274,580.2732476175265,178.73033674066977,9.583812223819413,58.699458286748666,1.9176404195282974,7.067746100196987,29.95434701591865,8.0,E,casa,1.42,Juventude,1.0,16.0,1
2026,Juventude,2026-07-05,8816.578824649694,341.2539850873751,121.4373830189986,5.712998453334565,39.267742330155365,0.9353142962672271,5.817613518317599,28.117591587986794,10.0,E,fora,0.68,Náutico,1.0,16.0,1
2026,São Bernardo,2026-07-06,9027.028550041887,435.1424355640659,188.0020524844146,9.304753734509807,53.265491062200105,1.566402793946449,6.855257580538117,28.954894302220573,10.0,D,fora,1.13,Vila Nova,0.0,16.0,1
2026,Vila Nova,2026-07-06,9231.150397880367,478.6301137282199,152.2693529953296,9.095516660679,56.98789361415484,0.909352995329621,6.263580811029279,28.599837210346685,10.0,V,casa,1.25,São Bernardo,3.0,16.0,1
2026,Juventude,2026-07-10,9293.969723317015,412.16352804879443,146.58934270754065,8.075067750985314,51.11078302647571,0.6134840930000113,5.417590949876766,29.391674522676418,10.0,V,casa,0.46,Vila Nova,3.0,17.0,1
2026,Vila Nova,2026-07-10,9275.17098937759,461.85318985451397,147.84329379034588,8.454200067443878,54.30296873494556,0.8683906204836691,5.094085653723866,29.6475780422006,9.0,D,fora,0.6,Juventude,0.0,17.0,1
2026,Fortaleza,2026-07-12,9772.505791997262,489.7657069467436,144.7391036874251,7.321218534162909,47.838286717278386,0.771900650722073,5.586307152234716,28.174246532336323,15.0,D,fora,1.28,Atlético-GO,0.0,17.0,1
2026,São Bernardo,2026-07-12,9658.106981391174,458.62058025233273,164.6869524772172,8.010817242059739,51.35658219335301,1.013976554729123,5.871960027866933,28.769964924714994,27.0,E,casa,0.98,Cuiabá,1.0,17.0,1
2026,Goiás,2026-07-12,10061.154506503104,522.2198704894704,181.78552703284097,7.446389149356309,53.91019713400038,0.39660305132985474,6.055230394157686,28.230492338580678,10.0,E,fora,0.9,CRB,1.0,17.0,1
2026,Náutico,2026-07-12,10161.933308117797,554.1568404206475,155.2549375368941,9.169594131922427,58.206043114191374,1.1803114628653883,6.139522027154069,28.974125800738967,26.0,D,fora,1.39,Avaí,0.0,17.0,1
2026,Londrina,2026-07-13,9777.690734867501,491.8823093688466,173.15948879436036,8.792169129251906,58.306763967593085,2.56991206842129,6.4933244149168035,29.590026905559984,7.0,E,fora,1.24,América-MG,1.0,17.0,1
2026,América-MG,2026-07-13,9696.858249175224,502.1961681116214,165.12989466992556,8.780143582099367,54.64953472823525,1.7755937832239113,6.7085702072624045,28.38728257176365,10.0,E,casa,2.8,Londrina,1.0,16.0,1
2026,Cuiabá,2026-07-13,10060.297588922374,400.8868249708542,117.29495952574737,6.433777083654122,45.92709476254372,0.7918852422955942,5.543265656276808,28.11218297001826,10.0,E,fora,0.22,São Bernardo,1.0,11.0,1
2026,Ceará,2026-07-13,9980.33894969842,469.72896101663343,114.37093339446123,6.446742503474262,49.900771644292895,1.1612659207151963,4.772339718334074,28.28945257095374,8.0,E,casa,0.8,Athletic,1.0,17.0,1
2026,Náutico,2026-07-16,10597.696292498305,664.9130231814753,259.3825053382603,10.241041056655884,62.2582233502538,1.4957153268805379,6.442905420092316,29.253949033998644,9.0,D,fora,0.44,CRB,0.0,18.0,1
2026,São Bernardo,2026-07-17,10420.16451439659,500.92376170841845,161.32825150433686,9.147788826905973,55.9236866359447,0.832306688379936,5.613208713026807,28.756058348636568,10.0,E,casa,0.99,Avaí,1.0,18.0,1
2026,América-MG,2026-07-17,10029.638074308585,532.4310771160624,207.4026918344185,10.213791649244373,62.14640045397528,1.0762249566931488,6.451099336957172,28.952794934591726,9.0,E,casa,1.08,Ceará,1.0,17.0,1
2026,CRB,2026-07-17,9811.708541491042,493.7321251317176,149.95693993677554,8.772033192834563,57.73002726554267,0.9468287671232877,6.75460458377239,28.995093519494198,8.0,V,casa,2.27,Náutico,3.0,12.0,1
2026,Fortaleza,2026-07-17,9530.981040184854,442.2949350045826,146.8489895052087,8.248834858714034,51.58141569958822,1.5096065421405247,5.11028360463165,28.391322756786767,9.0,V,casa,2.1,Novorizontino,3.0,18.0,1
2026,Juventude,2026-07-17,9786.945597496857,447.1969862277208,125.24532155114746,7.145812614482461,49.063616801805466,1.5197138641776955,6.189153783156935,28.59454297663776,18.0,V,casa,0.7,Cuiabá,3.0,18.0,1
2026,Londrina,2026-07-17,10012.24257329834,511.01703844291006,181.86255437537312,10.746204931235287,62.445986979195986,1.2167469390973293,6.4887667406314415,29.125005350243857,10.0,E,casa,1.59,Botafogo-SP,1.0,18.0,1
2026,Ceará,2026-07-17,9918.127507310224,522.9576099753963,159.51921500431524,8.116137625433138,57.61588321675618,1.0442364519328617,5.679843619172752,28.808066365240684,9.0,E,fora,0.88,América-MG,1.0,18.0,1
2026,Cuiabá,2026-07-18,10671.621977102146,654.6655192330246,252.39308138853056,13.19191289433564,76.52275683124194,1.0559301336929754,7.651364342676206,29.48444499824088,8.0,D,fora,1.48,Juventude,0.0,12.0,1
2026,Goiás,2026-07-18,9273.651675109762,450.85950759878426,181.15404671845099,9.826790611279973,54.40737127096702,1.113263311944163,6.280717212653384,28.332409096026122,10.0,V,fora,1.18,Ponte Preta,3.0,18.0,1
2026,Sport,2026-07-18,9380.214367804183,448.84545594459405,163.420650546068,8.92109036019771,52.34445541184479,0.931624589339095,5.324873620031372,29.088855180986766,7.0,E,casa,4.31,Operário-PR,1.0,13.0,1
2026,América-MG,2026-07-21,10233.297442915471,543.4292431574172,135.14338121881144,8.436209738394071,51.58090125510358,1.6337154090427946,5.581050204143354,29.618917284137304,7.0,D,fora,1.12,Avaí,0.0,18.0,1
2026,Vila Nova,2026-07-21,9448.261427357978,468.78935104648,189.90022175409982,9.479440178490531,56.36819051825677,0.9167790160369665,7.439462150040773,29.47517214822868,10.0,V,casa,1.12,Fortaleza,3.0,18.0,1
2026,Criciúma,2026-07-21,9575.646965545968,526.8676774769414,178.5520974709908,9.211245343647725,59.444558762273125,1.0702619458494493,7.175869324605772,28.73483606069622,9.0,V,fora,1.0,Novorizontino,3.0,17.0,1
2026,Fortaleza,2026-07-21,9110.203507828832,393.97028997255285,154.36156221112958,7.550094429512067,48.25434162435826,0.6397578110556479,7.550489213134803,29.19924484832971,8.0,D,fora,0.9,Vila Nova,0.0,19.0,1
2026,Goiás,2026-07-22,9953.015191374798,499.3275107307037,183.66149671094402,9.371194219388919,57.94523505955857,2.400510756101897,7.315358748380868,28.956546364259765,9.0,E,casa,0.74,Sport,1.0,19.0,1
2026,Sport,2026-07-22,8721.893994439295,423.4368284199893,148.36098228696983,7.404178858910143,52.01469962824503,0.9372447438847871,6.46689329487353,28.735737418125396,10.0,E,fora,0.14,Goiás,1.0,14.0,1
2026,Ceará,2026-07-22,9237.27829712567,393.9289195430239,110.61526555663588,6.017079028925621,42.93434096985902,0.6837281234807973,3.1453146268838115,27.432749453087023,7.0,D,casa,1.26,CRB,0.0,19.0,1
2026,Náutico,2026-07-23,10214.453954406536,570.2329941373038,159.46953443293575,8.346645776599159,56.83088618282576,0.8557000154594426,5.135904080103697,27.680693534385366,10.0,V,casa,1.96,Londrina,3.0,19.0,1
2026,Cuiabá,2026-07-23,10382.273405008522,587.5296416677593,235.6491115772912,12.388061623180803,73.86850124557492,2.597607971679559,9.324800576897863,30.127250557230887,8.0,D,casa,0.7,Atlético-GO,0.0,13.0,1
2026,Juventude,2026-07-23,9298.901061930352,424.17068974976,158.44618530478908,6.621490717304838,46.00901100956324,1.0093131179631685,6.846466715708888,29.17348478236475,9.0,D,fora,1.64,Botafogo-SP,0.0,19.0,1
2026,São Bernardo,2026-07-23,9823.868107366072,505.7491001116071,217.26505546874998,11.752031026785714,64.88961060267857,1.406448549107143,6.429954017857143,29.92854017857143,10.0,D,fora,2.05,Athletic,0.0,19.0,1
2026,CRB,2026-07-23,9414.222430690825,482.10505855039634,174.39502151755374,7.951120951302378,56.5694462061155,1.4259411098527741,8.256729331823328,29.34810192525481,10.0,V,fora,1.47,Ceará,3.0,13.0,1
2026,São Bernardo,2026-07-26,9786.46996283419,503.6037405586858,159.38879151180907,7.708260400431602,53.9535942932502,0.7700419613955161,6.319286656276224,29.11854693681812,6.0,D,casa,2.61,Ceará,0.0,20.0,2
2026,Náutico,2026-07-26,9951.313360991959,567.8728897740205,203.37923383314785,11.423464352262924,65.44998067856383,1.8566782136738242,5.853061666020534,29.192352087840625,17.0,E,fora,0.93,Criciúma,1.0,20.0,2
2026,Goiás,2026-07-26,10003.994723663742,543.0772041606577,202.45257293074275,10.321393661356074,60.70447270703929,1.0223969203865415,5.109580754686986,29.386776512269627,10.0,D,fora,2.49,América-MG,0.0,20.0,2
2026,Londrina,2026-07-26,10546.390372757067,587.9576304094217,210.10986778512301,9.873191767124048,61.24670907171823,0.8754595578023442,6.124497805677462,29.8341536581301,8.0,D,casa,1.71,Novorizontino,0.0,19.0,1
2026,Ceará,2026-07-26,9517.49837943496,472.5200182704838,126.95630345124063,6.5265273990085575,49.33195628518076,0.7247085454814138,6.650670096860432,28.224024342732783,8.0,V,fora,1.57,São Bernardo,3.0,20.0,2
2026,América-MG,2026-07-26,9894.11315443981,429.3949761123291,118.61137015118298,6.842962578094309,48.35797417343589,0.5693695429027639,4.4486173030376,27.79050449240283,9.0,V,casa,0.16,Goiás,3.0,19.0,1
2026,Criciúma,2026-07-26,9700.26600820065,576.9911680352985,184.70821335056658,9.826907486434392,60.96667907163311,1.804661556117617,5.817111611271435,28.669362332727943,10.0,E,casa,1.93,Náutico,1.0,18.0,1
2026,Vila Nova,2026-07-27,9724.54374672682,518.2059437801685,195.9246493358993,10.22042874720005,59.62893870082341,0.9941650629397103,5.252285705271792,29.3106855538379,7.0,D,fora,0.74,CRB,0.0,19.0,1
2026,Cuiabá,2026-07-28,9528.512323319854,525.1315897774476,166.50042172154826,10.027077246843279,61.89515570410718,1.3618009133173778,7.1797840499573615,29.22323870044841,8.0,E,fora,0.43,Sport,1.0,14.0,1
2026,Fortaleza,2026-07-28,9071.392276945724,458.7190323647379,187.59363607270868,8.352463090971156,53.09127186806622,1.727406127325482,6.047930534220857,29.197485705751834,10.0,V,casa,1.76,Botafogo-SP,3.0,20.0,2
2026,Juventude,2026-07-28,9080.87495158289,393.3642813881547,135.10374625167412,6.775473326142869,44.80289560393974,1.866626980834647,6.454120669424328,28.014518021595094,19.0,V,casa,1.35,Avaí,3.0,20.0,2
2026,Sport,2026-07-28,9168.029125917834,488.6832673298528,193.14780875447755,8.887394455707637,54.73919083584566,2.268383247371241,7.185882328224629,29.372524344254547,10.0,E,casa,0.76,Cuiabá,1.0,15.0,1
2026,CRB,2026-07-28,9320.232690450972,487.5699770332794,219.050334801271,8.832093093260493,53.28382061430402,1.2047669323819608,5.719764200903059,30.38314510284854,10.0,V,casa,1.9,Vila Nova,3.0,14.0,1
2026,São Bernardo,2026-08-07,9358.98905864026,476.63850815375304,123.95975254379783,7.288163149240262,52.07646248284561,1.4477554615926709,5.840830953352374,27.880172594982884,18.0,V,fora,2.24,Operário-PR,3.0,21.0,2
2026,Ceará,2026-08-07,9257.679721520266,515.9252702668554,193.43074231780045,9.894104164560801,59.35984976751238,2.04630736379258,5.005365915293641,29.395119023552006,9.0,V,casa,2.22,Ponte Preta,3.0,21.0,2
2026,Sport,2026-08-07,9169.26216524743,448.43176350169875,125.38298096470153,7.419905036748503,50.279739419700604,1.278873377592653,4.7337375431812685,28.14416075515687,8.0,V,fora,0.27,Vila Nova,3.0,16.0,1
2026,Fortaleza,2026-08-08,9267.098537334958,461.39360016075835,202.02687372191164,8.190745989905318,50.95941996950318,1.9154389531791156,6.3836411777917,31.01423421080627,9.0,E,fora,1.07,Cuiabá,1.0,21.0,2
2026,América-MG,2026-08-08,9609.26183419428,546.8951540884465,204.10788383520222,10.998587753559278,64.29419264205619,1.3598355801940278,7.598025072445509,28.664005291671913,9.0,D,fora,0.93,Botafogo-SP,0.0,20.0,2
2026,Vila Nova,2026-08-08,9216.011592018509,500.1119888194937,200.6469876827197,8.785609912669011,54.40388362109317,1.5663641956321135,6.740052291602584,30.46249715806508,8.0,D,casa,0.89,Sport,0.0,20.0,2
2026,Cuiabá,2026-08-09,10404.40788209262,505.2636968547496,243.8134012960329,9.67072546230441,59.60107159791371,1.279824561403509,6.116053421842897,29.48612296507034,7.0,E,casa,1.19,Fortaleza,1.0,15.0,1
2026,Juventude,2026-08-09,8686.885753142196,332.8098794669254,87.73923040768986,5.458080719256485,37.524197280046096,0.6833209515290265,5.594000940006368,28.1837803417378,7.0,V,fora,1.26,Novorizontino,3.0,21.0,2
2026,Criciúma,2026-08-09,10211.577345884332,555.9976280188791,267.6447847179312,11.595211863849705,61.764729500545606,1.4200511418166522,6.032985419980805,29.47047447510616,9.0,D,fora,0.83,Athletic,0.0,19.0,1
2026,Náutico,2026-08-09,9458.515881214818,485.95187859599747,153.97466135084426,8.407234326141337,53.92859107254534,1.4774485616010002,6.401698796122575,28.698613977485923,28.0,E,casa,1.65,Atlético-GO,1.0,21.0,2
2026,Londrina,2026-08-10,9889.304762146547,548.7035635101972,172.45598677450164,8.703574873970913,57.448006141273474,0.5438484507791439,5.765872290525755,29.291026245481692,9.0,D,fora,1.0,Goiás,0.0,20.0,2
2026,Goiás,2026-08-10,9686.053033050666,478.2593676674835,197.8689306805479,8.3312644392001,51.42374453766331,0.9137466830772012,6.502589288738835,28.988034236289113,10.0,V,casa,1.65,Londrina,3.0,21.0,2
