ano,clube,pos,pontos,faixa,posto_valor,rendimento,time_referencia,jogador,posicao,pos11,idade,jogos,minutos,fatia,titular,rank_minutos_no_clube,rank_minutos_na_posicao_do_clube,matches,minutos_sc,distance_p90,hsr_distance_p90,sprint_distance_p90,sprint_count_p90,hi_count_p90,high_accel_p90,high_decel_p90,expl_accel_sprint_p90,cod_count_p90,psv99,psv99_top5,sprint_distance_p30tip,sprint_distance_p30otip,hsr_distance_p30tip,hsr_distance_p30otip,runs_p30tip,runs_penalty_area_p30tip,runs_dangerous_p30tip,distance_p90_pct,hsr_distance_p90_pct,sprint_distance_p90_pct,sprint_count_p90_pct,hi_count_p90_pct,high_accel_p90_pct,high_decel_p90_pct,expl_accel_sprint_p90_pct,cod_count_p90_pct,psv99_pct,psv99_top5_pct,sprint_distance_p30tip_pct,sprint_distance_p30otip_pct,hsr_distance_p30tip_pct,hsr_distance_p30otip_pct,runs_p30tip_pct,runs_penalty_area_p30tip_pct,runs_dangerous_p30tip_pct
2022,Bahia,3,62,Sobe,4.0,0.16512566879886736,False,Ignácio,RCB,ZD,25.0,35,3355,0.904312668463612,True,1,1,34.0,3259.24,8789.41,294.91,87.73,5.63,36.48,5.47,9.64,0.88,21.23,28.86,32.02,28.11,76.81,101.76,248.01,6.57,0.25,0.5,39.0,33.0,31.0,64.0,61.0,72.0,28.0,64.0,72.0,69.0,86.0,50.0,47.0,50.0,47.0,50.0,78.0,78.0
2022,Bahia,3,62,Sobe,4.0,0.16512566879886736,False,Patrick De Lucca,"RDMF, RCMF, DMF",VOL,22.0,32,2836,0.7644204851752021,True,2,1,31.0,2766.44,9879.7,442.92,116.8,6.05,48.18,4.23,15.13,0.59,29.54,27.84,29.78,47.62,101.76,174.15,383.0,23.09,1.8,3.6,31.0,47.0,52.0,59.0,55.0,22.0,70.0,53.0,34.0,67.0,60.0,59.0,66.0,48.0,61.0,66.0,78.0,64.0
2022,Bahia,3,62,Sobe,4.0,0.16512566879886736,False,Luiz Otávio,LCB,ZE,29.0,28,2685,0.7237196765498652,True,3,1,27.0,2588.49,8382.38,225.78,63.49,3.16,25.48,4.55,8.1,0.31,12.9,28.04,31.46,16.74,59.19,67.59,199.18,4.77,0.19,0.29,5.0,8.0,11.0,16.0,8.0,26.0,11.0,21.0,3.0,37.0,87.0,13.0,29.0,11.0,18.0,32.0,50.0,36.0
2022,Bahia,3,62,Sobe,4.0,0.16512566879886736,False,Matheus Davó,CF,CA,23.0,36,2214,0.5967654986522911,False,4,1,36.0,2218.32,9334.23,560.77,310.19,15.95,80.86,10.27,21.54,2.8,37.9,31.03,33.7,242.08,135.8,378.39,302.23,34.43,9.28,21.7,31.0,58.0,91.0,92.0,86.0,88.0,89.0,82.0,62.0,95.0,99.0,96.0,68.0,80.0,39.0,62.0,50.0,59.0
2022,Bahia,3,62,Sobe,4.0,0.16512566879886736,False,Lucas Mugni,"LDMF, LCMF, LW",VOL,30.0,29,2201,0.5932614555256065,False,5,2,29.0,2201.1000000000004,10332.06,656.61,159.68,8.67,65.83,5.72,18.36,0.53,40.69,27.72,30.0,85.22,112.62,334.97,474.08,32.59,2.21,6.34,78.0,95.0,86.0,89.0,94.0,77.0,94.0,45.0,91.0,62.0,66.0,84.0,80.0,92.0,91.0,91.0,88.0,88.0
2022,Bahia,3,62,Sobe,4.0,0.16512566879886736,False,Vitor Jacaré,"LAMF, LW, RW",EE,22.0,36,2098,0.5654986522911051,False,6,1,35.0,2030.35,9632.11,651.03,303.27,16.71,85.1,8.69,22.65,2.79,38.38,30.07,31.88,192.96,184.84,411.46,391.04,34.02,5.89,14.1,19.0,59.0,78.0,87.0,82.0,60.0,87.0,84.0,37.0,77.0,71.0,69.0,93.0,62.0,71.0,37.0,57.0,47.0
2022,Bahia,3,62,Sobe,4.0,0.16512566879886736,False,Rezende,"LDMF, LCMF, RCMF",VOL,27.0,28,1982,0.5342318059299191,False,7,3,27.0,1882.71,10116.5,498.93,145.13,8.46,57.36,5.4,16.44,1.58,36.43,28.69,30.7,38.74,138.62,139.03,463.41,14.56,1.04,2.48,59.0,67.0,77.0,84.0,77.0,67.0,86.0,97.0,69.0,91.0,80.0,45.0,94.0,38.0,88.0,30.0,59.0,53.0
2022,Bahia,3,62,Sobe,4.0,0.16512566879886736,False,André Dhominique,RB,LD,18.0,20,1283,0.345822102425876,False,8,1,20.0,1285.2,9513.24,581.05,276.55,14.08,71.85,9.52,20.38,2.52,29.9,30.95,33.64,210.66,124.54,362.44,333.13,27.77,1.08,4.09,33.0,65.0,89.0,86.0,75.0,86.0,79.0,79.0,39.0,98.0,98.0,98.0,72.0,77.0,53.0,62.0,46.0,67.0
2022,Bahia,3,62,Sobe,4.0,0.16512566879886736,False,Matheus Bahia,LB,LE,22.0,14,1212,0.3266846361185984,False,9,1,14.0,1211.42,9930.57,563.65,231.34,12.85,71.91,7.43,18.94,2.82,31.28,30.35,31.44,131.15,130.08,306.94,360.13,25.26,1.98,5.95,62.0,52.0,65.0,72.0,80.0,55.0,65.0,85.0,55.0,86.0,72.0,50.0,70.0,42.0,68.0,52.0,70.0,70.0
2022,Bahia,3,62,Sobe,4.0,0.16512566879886736,False,Douglas Borel,RB,LD,20.0,15,1110,0.2991913746630728,False,10,2,13.0,1097.46,9947.01,547.18,236.11,12.22,67.49,7.46,22.06,2.71,30.51,30.23,31.34,184.76,86.79,379.52,284.77,32.67,1.27,3.46,75.0,54.0,75.0,72.0,67.0,39.0,93.0,89.0,49.0,91.0,67.0,86.0,23.0,84.0,23.0,88.0,52.0,50.0
2022,Bahia,3,62,Sobe,4.0,0.16512566879886736,False,Gabriel Xavier,"LCB, CB",ZE,21.0,14,1046,0.2819407008086253,False,11,2,14.0,1047.2,9200.71,348.51,110.7,6.62,42.72,5.5,12.81,1.03,24.92,28.07,29.26,44.83,88.36,120.74,272.54,10.73,0.38,0.76,84.0,82.0,84.0,89.0,97.0,92.0,97.0,84.0,97.0,39.0,21.0,95.0,79.0,76.0,66.0,97.0,84.0,82.0
2022,Bahia,3,62,Sobe,4.0,0.16512566879886736,False,Ricardo Goulart,"CF, AMF",CA,31.0,16,1019,0.2746630727762803,False,12,2,16.0,1017.44,9592.38,565.82,100.57,6.72,55.72,6.99,17.16,0.62,31.05,26.38,27.52,55.41,77.53,325.07,397.2,38.24,9.77,18.94,49.0,61.0,3.0,7.0,22.0,12.0,39.0,15.0,24.0,3.0,1.0,1.0,27.0,51.0,77.0,88.0,57.0,32.0
2022,Bahia,3,62,Sobe,4.0,0.16512566879886736,False,Rildo,"LAMF, RAMF, LW",EE,22.0,15,976,0.2630727762803234,False,13,2,14.0,957.74,9939.67,602.18,170.75,9.4,65.41,4.79,19.55,1.41,50.93,28.54,30.12,136.28,62.92,402.04,327.99,41.92,9.76,20.83,37.0,35.0,19.0,18.0,24.0,3.0,54.0,32.0,87.0,29.0,31.0,32.0,10.0,53.0,38.0,87.0,93.0,87.0
2022,Bahia,3,62,Sobe,4.0,0.16512566879886736,False,Emerson Santos,"RDMF, LDMF, LCMF",VOL,30.0,22,966,0.260377358490566,False,14,4,21.0,941.64,9687.77,399.89,94.14,5.83,43.68,5.73,13.86,0.96,30.68,26.86,29.9,28.61,84.91,112.99,370.04,8.92,0.14,0.99,22.0,20.0,23.0,58.0,34.0,78.0,55.0,78.0,41.0,23.0,62.0,22.0,47.0,17.0,52.0,8.0,14.0,17.0
2022,Bahia,3,62,Sobe,4.0,0.16512566879886736,False,Raí,"RW, RAMF",ED,24.0,19,892,0.2404312668463611,False,15,1,18.0,792.72,10372.07,649.44,335.73,15.9,86.06,9.31,20.89,3.18,41.21,29.98,31.58,332.41,94.94,518.64,279.79,43.92,9.12,20.39,82.0,65.0,89.0,78.0,78.0,69.0,58.0,85.0,49.0,73.0,69.0,100.0,35.0,96.0,20.0,84.0,95.0,84.0
2022,Bahia,3,62,Sobe,4.0,0.16512566879886736,False,M. Antônio,"RAMF, LAMF, RW",ED,24.0,15,881,0.237466307277628,False,16,2,14.0,801.9200000000001,9527.52,526.43,221.53,11.67,65.65,6.85,16.5,1.46,31.31,28.64,30.64,185.99,79.08,394.1,226.48,39.22,5.91,15.25,16.0,18.0,47.0,51.0,31.0,16.0,16.0,38.0,7.0,31.0,47.0,64.0,18.0,47.0,5.0,71.0,58.0,65.0
2022,Bahia,3,62,Sobe,4.0,0.16512566879886736,False,Didi,"LCB, CB",ZE,31.0,9,726,0.1956873315363881,False,17,3,8.0,708.88,9160.56,388.37,83.67,5.97,40.37,5.21,10.54,0.38,19.3,28.99,30.18,39.34,57.23,158.2,279.61,8.5,0.24,0.73,79.0,95.0,45.0,87.0,87.0,75.0,68.0,30.0,66.0,84.0,45.0,84.0,24.0,97.0,74.0,76.0,61.0,79.0
2022,Bahia,3,62,Sobe,4.0,0.16512566879886736,False,J. Copete,"LW, LB",EE,34.0,14,617,0.1663072776280323,False,18,3,13.0,614.12,10059.35,623.56,196.52,11.28,70.93,7.33,18.03,1.61,33.56,28.94,30.7,133.4,84.02,375.84,324.69,38.42,11.37,19.1,50.0,46.0,32.0,35.0,38.0,34.0,38.0,43.0,13.0,40.0,52.0,31.0,25.0,38.0,35.0,71.0,97.0,76.0
2022,Bahia,3,62,Sobe,4.0,0.16512566879886736,False,Djalma Silva,LB,LE,27.0,9,480,0.1293800539083558,False,19,2,9.0,481.59,9459.39,451.17,179.42,9.72,57.75,8.22,17.19,3.18,31.96,29.93,31.46,131.68,95.96,318.12,250.54,24.52,0.85,4.79,30.0,12.0,38.0,32.0,25.0,68.0,38.0,98.0,60.0,68.0,76.0,55.0,30.0,55.0,8.0,48.0,25.0,55.0
2022,Bahia,3,62,Sobe,4.0,0.16512566879886736,False,Caio Vidal,"RAMF, RCMF, RW",ED,21.0,8,442,0.1191374663072776,False,20,3,8.0,441.52,9287.14,542.61,298.01,14.06,75.42,8.76,18.14,4.08,34.86,30.64,32.66,223.61,138.43,352.47,371.97,30.8,6.06,12.37,9.0,22.0,78.0,62.0,51.0,58.0,24.0,91.0,20.0,93.0,94.0,76.0,75.0,24.0,58.0,27.0,62.0,47.0
2022,Bahia,3,62,Sobe,4.0,0.16512566879886736,False,Igor Torres,"RW, LW",ED,22.0,8,286,0.0770889487870619,False,21,4,8.0,286.48,10468.9,790.05,138.53,10.99,80.42,6.91,18.22,0.94,38.95,27.11,27.86,73.76,84.43,477.86,488.62,35.51,6.7,16.08,89.0,95.0,4.0,38.0,64.0,20.0,25.0,18.0,36.0,4.0,5.0,4.0,25.0,87.0,98.0,49.0,71.0,69.0
2022,Bahia,3,62,Sobe,4.0,0.16512566879886736,False,Everton Moraes,"RW, CF, RAMF",ED,20.0,7,161,0.0433962264150943,False,22,5,7.0,162.33,10626.99,726.43,316.64,17.19,91.5,10.54,26.06,2.22,57.67,30.13,30.92,294.31,156.52,472.81,421.6,41.49,7.45,19.15,91.0,75.0,84.0,89.0,91.0,84.0,93.0,60.0,96.0,76.0,53.0,93.0,82.0,85.0,75.0,80.0,78.0,82.0
2022,Bahia,3,62,Sobe,4.0,0.16512566879886736,False,Miquéias,"RCMF, DMF, AMF",MED,21.0,7,158,0.0425876010781671,False,23,1,7.0,156.87,10128.66,494.04,182.47,10.33,59.67,6.89,16.07,0.57,46.48,28.73,30.52,112.44,79.48,242.88,316.4,30.79,2.43,4.86,44.0,44.0,81.0,91.0,77.0,95.0,70.0,42.0,91.0,88.0,79.0,86.0,40.0,49.0,16.0,63.0,56.0,47.0
2022,Bahia,3,62,Sobe,4.0,0.16512566879886736,False,Falcão,"LDMF, RCMF, LCMF",VOL,24.0,7,150,0.0404312668463611,False,24,5,7.0,149.45000000000002,10797.59,583.47,127.05,6.62,62.62,6.02,15.66,0.0,54.79,27.37,28.1,122.22,61.79,239.39,431.1,34.06,2.52,6.31,95.0,83.0,62.0,66.0,91.0,86.0,78.0,3.0,97.0,41.0,20.0,98.0,14.0,80.0,80.0,92.0,91.0,86.0
2022,Bahia,3,62,Sobe,4.0,0.16512566879886736,False,Gregory,"AMF, RW, LDMF",MEI,21.0,7,121,0.0326145552560646,False,25,1,7.0,121.38,10692.46,589.62,126.82,8.9,60.82,9.64,17.06,0.74,55.62,27.46,28.14,48.42,72.36,323.85,367.84,30.87,3.09,9.26,84.0,71.0,42.0,71.0,68.0,100.0,87.0,45.0,100.0,52.0,24.0,13.0,42.0,42.0,74.0,32.0,29.0,32.0
2022,Bahia,3,62,Sobe,4.0,0.16512566879886736,False,Ytalo,CF,CA,34.0,4,90,0.0242587601078167,False,26,3,3.0,72.53999999999999,9600.41,590.49,84.36,7.44,60.79,8.68,17.37,0.0,31.01,26.43,26.43,88.21,26.05,426.37,347.27,33.54,10.48,27.25,,,,,,,,,,,,,,,,,,
2022,Bahia,3,62,Sobe,4.0,0.16512566879886736,False,Marcelo Ryan,CF,CA,20.0,3,54,0.01455525606469,False,27,4,3.0,53.42999999999999,9956.14,601.31,416.03,15.16,84.22,15.16,26.95,6.74,45.48,32.47,32.47,301.81,196.84,323.52,393.68,34.39,19.11,30.57,,,,,,,,,,,,,,,,,,
2022,Bahia,3,62,Sobe,4.0,0.16512566879886736,False,Patrick Verhon,"AMF, RW",MEI,17.0,3,33,0.0088948787061994,False,28,2,3.0,31.98,12057.84,661.28,154.77,8.44,73.16,11.26,14.07,0.0,47.84,24.93,24.93,31.58,157.73,204.05,835.05,41.23,2.43,12.13,,,,,,,,,,,,,,,,,,
2022,Brusque,18,34,Cai,19.0,-0.15078874981208978,False,Rodolfo Potiguar,"RDMF, DMF, RCMF",VOL,34.0,32,3034,0.8054543260528538,True,1,1,31.0,2940.35,9348.84,333.45,98.71,4.62,36.88,4.32,12.55,0.49,23.29,28.72,31.5,31.54,80.02,99.93,292.21,8.78,0.09,0.92,3.0,8.0,34.0,25.0,14.0,27.0,30.0,41.0,8.0,92.0,97.0,34.0,34.0,11.0,11.0,6.0,12.0,14.0
2022,Brusque,18,34,Cai,19.0,-0.15078874981208978,False,Airton,LB,LE,33.0,27,2482,0.6589115482080367,True,2,1,26.0,2399.8,9386.87,476.47,176.56,9.38,55.92,7.39,15.98,1.76,24.26,29.36,31.16,95.0,105.22,232.93,321.87,19.64,1.22,3.02,22.0,18.0,35.0,30.0,20.0,50.0,25.0,55.0,10.0,52.0,61.0,18.0,42.0,8.0,38.0,15.0,42.0,22.0
2022,Brusque,18,34,Cai,19.0,-0.15078874981208978,False,Éverton Alemão,"RCB, LCB",ZD,29.0,23,2265,0.601303246048027,True,3,1,23.0,2268.49,8867.77,276.29,79.86,4.32,31.74,4.84,9.56,0.67,18.21,28.7,31.92,21.29,66.37,85.5,223.75,3.42,0.19,0.39,44.0,22.0,22.0,25.0,28.0,28.0,22.0,44.0,53.0,64.0,83.0,31.0,25.0,31.0,28.0,8.0,68.0,64.0
2022,Brusque,18,34,Cai,19.0,-0.15078874981208978,False,Fernandinho,"LAMF, LW",EE,25.0,28,2150,0.57077350066369,False,4,1,28.0,2150.4,9687.58,583.08,232.38,12.39,72.79,8.29,22.31,1.8,42.19,29.77,32.06,186.17,77.5,422.02,254.45,37.95,5.07,15.02,24.0,26.0,44.0,49.0,40.0,55.0,82.0,51.0,50.0,62.0,76.0,62.0,22.0,66.0,10.0,66.0,46.0,54.0
2022,Brusque,18,34,Cai,19.0,-0.15078874981208978,False,Alex Sandro,"CF, RAMF",CA,27.0,27,2035,0.5402437552793532,False,5,1,26.0,1967.16,9365.74,600.26,250.12,13.95,76.54,10.29,22.37,2.56,41.08,30.06,31.8,139.59,145.84,362.88,328.18,35.36,8.25,15.96,36.0,72.0,70.0,78.0,77.0,89.0,92.0,78.0,79.0,84.0,82.0,62.0,74.0,70.0,55.0,67.0,39.0,12.0
2022,Brusque,18,34,Cai,19.0,-0.15078874981208978,False,Wagner Balotelli,"LDMF, LCMF",VOL,30.0,29,1883,0.4998913961626643,False,6,2,28.0,1867.6,10395.03,503.75,152.13,8.24,58.02,5.06,15.52,0.63,40.43,28.15,30.48,65.28,106.49,199.62,391.58,19.12,0.74,1.63,83.0,72.0,83.0,81.0,78.0,58.0,76.0,56.0,89.0,75.0,73.0,77.0,73.0,62.0,66.0,52.0,45.0,36.0
2022,Brusque,18,34,Cai,19.0,-0.15078874981208978,False,Alex Ruan,"LB, RAMF, LW",LE,29.0,27,1821,0.4834318812598045,False,7,2,24.0,1716.72,9832.72,581.33,174.1,10.01,63.64,5.92,18.35,0.73,39.16,28.31,30.3,98.79,102.26,326.91,356.15,29.12,3.11,8.26,57.0,65.0,30.0,40.0,45.0,10.0,48.0,8.0,90.0,15.0,28.0,22.0,40.0,68.0,62.0,72.0,95.0,88.0
2022,Brusque,18,34,Cai,19.0,-0.15078874981208978,False,Zé Mateus,"RCMF, RB, RAMF",MED,27.0,23,1793,0.4759985519488355,False,8,1,22.0,1698.4,9490.83,497.38,183.94,9.64,61.42,7.95,18.81,1.38,35.4,29.01,30.64,77.34,134.02,233.04,356.94,26.84,1.8,4.83,7.0,47.0,84.0,86.0,79.0,100.0,91.0,88.0,49.0,95.0,84.0,72.0,91.0,47.0,40.0,49.0,47.0,44.0
2022,Brusque,18,34,Cai,19.0,-0.15078874981208978,False,Álvaro,"AMF, CF",MEI,29.0,22,1394,0.3700736092675274,False,9,1,21.0,1355.55,9845.3,530.63,124.16,8.1,59.42,7.5,19.79,0.53,35.19,27.57,28.98,86.75,56.96,354.39,276.5,41.46,3.93,10.13,19.0,45.0,32.0,55.0,65.0,87.0,100.0,29.0,58.0,58.0,48.0,55.0,23.0,61.0,35.0,71.0,45.0,35.0
2022,Brusque,18,34,Cai,19.0,-0.15078874981208978,False,Matheus Trindade,"RDMF, LDMF, RCMF",VOL,26.0,24,1334,0.3541450464583082,False,10,3,23.0,1320.4299999999998,10489.59,427.38,72.8,4.09,41.78,4.43,10.84,0.55,32.1,26.3,28.58,26.17,51.38,189.27,297.57,22.57,1.49,4.22,88.0,39.0,11.0,17.0,23.0,30.0,9.0,48.0,48.0,14.0,27.0,19.0,8.0,58.0,14.0,64.0,72.0,67.0
2022,Brusque,18,34,Cai,19.0,-0.15078874981208978,False,Bruno Aguiar,RCB,ZD,36.0,13,1144,0.3037045975624472,False,11,2,13.0,1145.04,8740.96,306.39,94.24,4.64,33.01,5.27,11.48,0.79,20.12,28.25,30.16,21.61,86.96,80.1,276.06,4.38,0.19,0.49,31.0,44.0,50.0,36.0,36.0,58.0,64.0,56.0,69.0,42.0,51.0,33.0,58.0,22.0,67.0,17.0,68.0,75.0
2022,Brusque,18,34,Cai,19.0,-0.15078874981208978,False,Toty,"RB, RW",LD,31.0,21,1141,0.3029081694219862,False,12,1,20.0,1057.4,10631.48,764.02,245.62,14.21,83.07,9.45,21.11,2.64,42.98,28.59,30.5,175.94,115.63,463.35,441.17,40.52,1.95,6.13,98.0,96.0,79.0,88.0,98.0,84.0,86.0,84.0,96.0,32.0,46.0,82.0,56.0,100.0,88.0,100.0,75.0,93.0
2022,Brusque,18,34,Cai,19.0,-0.15078874981208978,False,Crislan,CF,CA,30.0,21,1125,0.298660552672861,False,13,2,20.0,1067.2,9354.86,428.14,152.8,8.18,52.28,8.6,15.35,1.6,27.74,29.07,31.24,77.39,101.18,236.59,252.12,23.15,7.92,18.95,35.0,4.0,23.0,22.0,15.0,52.0,14.0,53.0,11.0,60.0,70.0,11.0,43.0,5.0,20.0,8.0,36.0,34.0
2022,Brusque,18,34,Cai,19.0,-0.15078874981208978,False,Jaílson,"RAMF, RW, RWF",ED,29.0,27,1122,0.2978641245324001,False,14,1,26.0,1097.72,10712.28,740.36,189.05,10.9,75.59,7.54,21.97,1.15,65.91,27.67,30.76,128.01,100.09,454.2,413.14,40.35,7.01,12.07,95.0,84.0,25.0,35.0,53.0,29.0,69.0,24.0,98.0,7.0,51.0,22.0,42.0,80.0,69.0,78.0,75.0,40.0
2022,Brusque,18,34,Cai,19.0,-0.15078874981208978,False,Luiz Antônio,"LDMF, RCMF, AMF",VOL,31.0,20,1016,0.2697236635694461,False,15,4,20.0,1017.4,9617.34,460.15,121.1,6.46,48.39,5.93,13.89,1.06,27.78,27.8,29.22,59.82,71.72,192.59,337.78,19.97,0.99,3.18,20.0,56.0,58.0,64.0,58.0,84.0,56.0,88.0,25.0,66.0,39.0,72.0,23.0,59.0,36.0,55.0,56.0,56.0
2022,Brusque,18,34,Cai,19.0,-0.15078874981208978,False,Júnior Todinho,"CF, RAMF",CA,28.0,18,973,0.2583081935561723,False,16,3,17.0,931.43,9743.77,532.99,131.9,8.6,59.62,8.6,18.36,1.16,34.21,28.07,30.42,75.02,79.85,292.75,350.96,34.73,9.02,20.06,61.0,42.0,12.0,26.0,28.0,52.0,69.0,31.0,42.0,30.0,38.0,9.0,28.0,27.0,65.0,64.0,47.0,45.0
2022,Brusque,18,34,Cai,19.0,-0.15078874981208978,False,Diego Jardel,"AMF, CF",MEI,32.0,17,960,0.2548570049475081,False,17,2,17.0,960.67,10334.4,444.52,108.76,5.06,46.65,6.65,17.05,0.47,32.23,26.54,28.54,62.93,49.92,275.11,227.49,36.51,4.96,12.88,52.0,19.0,23.0,10.0,16.0,71.0,84.0,24.0,42.0,19.0,39.0,23.0,19.0,23.0,6.0,58.0,68.0,55.0
2022,Brusque,18,34,Cai,19.0,-0.15078874981208978,False,Paulo Baya,"LAMF, RAMF, LW",EE,23.0,18,733,0.1945939423192952,False,18,2,17.0,725.05,10346.53,735.25,284.89,17.01,92.85,9.31,20.85,1.86,51.52,29.95,32.02,178.31,136.05,441.12,378.19,29.59,2.68,10.87,78.0,84.0,66.0,90.0,93.0,72.0,71.0,54.0,91.0,75.0,75.0,53.0,60.0,76.0,63.0,22.0,13.0,29.0
2022,Brusque,18,34,Cai,19.0,-0.15078874981208978,False,Gabriel Taliari,"AMF, CF, RW",MEI,25.0,16,587,0.1558344394835284,False,19,3,15.0,575.4,10493.0,555.83,124.8,7.35,55.68,5.16,16.42,0.47,38.94,26.27,28.36,80.2,64.03,316.66,351.21,36.54,6.67,20.49,68.0,55.0,35.0,52.0,52.0,32.0,81.0,24.0,77.0,10.0,29.0,42.0,35.0,39.0,71.0,61.0,97.0,97.0
2022,Brusque,18,34,Cai,19.0,-0.15078874981208978,False,Mascote,"CF, RAMF",CA,25.0,9,577,0.1531796790153252,False,20,4,9.0,575.37,9178.89,472.85,229.78,11.57,65.7,10.48,23.78,4.07,34.88,29.82,31.7,135.27,114.17,277.88,246.75,26.78,9.1,19.25,23.0,19.0,65.0,57.0,55.0,92.0,99.0,100.0,49.0,76.0,80.0,54.0,61.0,18.0,14.0,15.0,49.0,36.0
2022,Brusque,18,34,Cai,19.0,-0.15078874981208978,False,Patrick Carvalho,CF,CA,25.0,10,575,0.1526487269216845,False,21,5,10.0,578.3,8870.41,369.33,109.57,5.14,42.18,7.94,16.5,1.25,21.01,27.69,29.64,71.16,44.19,236.81,190.4,28.52,11.79,24.28,7.0,1.0,5.0,1.0,1.0,28.0,26.0,34.0,1.0,19.0,26.0,5.0,3.0,7.0,1.0,22.0,78.0,76.0
2022,Brusque,18,34,Cai,19.0,-0.15078874981208978,False,Ianson,RCB,ZD,27.0,5,415,0.1101725594304332,False,22,3,5.0,414.35,8470.54,247.17,90.79,3.69,29.54,3.91,8.91,0.43,18.03,28.2,28.2,24.83,72.19,53.16,212.72,4.23,0.0,0.0,8.0,11.0,44.0,8.0,14.0,6.0,11.0,25.0,47.0,39.0,11.0,42.0,39.0,3.0,19.0,14.0,22.0,15.0
2022,Brusque,18,34,Cai,19.0,-0.15078874981208978,False,Felipe Manoel,"LDMF, DMF, RDMF",VOL,32.0,10,308,0.0817666224206588,False,23,5,10.0,307.1,10103.79,425.75,89.37,5.57,45.42,6.45,13.19,0.88,31.94,26.76,27.9,30.91,65.18,121.08,347.64,14.21,1.04,2.43,56.0,34.0,22.0,52.0,45.0,95.0,44.0,75.0,45.0,22.0,14.0,31.0,19.0,28.0,41.0,28.0,59.0,52.0
2022,Brusque,18,34,Cai,19.0,-0.15078874981208978,False,Ângelo,LB,LE,21.0,5,293,0.077784481718354,False,24,3,5.0,293.55,10497.09,604.6,193.77,12.88,72.05,7.05,19.62,1.23,36.48,28.86,28.86,136.87,96.23,311.59,373.82,25.55,0.39,1.55,100.0,70.0,40.0,75.0,82.0,40.0,75.0,25.0,88.0,32.0,8.0,60.0,32.0,50.0,80.0,55.0,8.0,5.0
2022,Brusque,18,34,Cai,19.0,-0.15078874981208978,False,Lucas Barboza,RCB,ZD,26.0,1,94,0.0249547484011101,False,25,4,1.0,94.22,9285.94,344.84,133.73,5.73,42.99,6.69,15.28,0.96,21.02,29.2,29.2,46.72,76.56,127.87,211.48,,,,,,,,,,,,,,,,,,,,,
2022,Brusque,18,34,Cai,19.0,-0.15078874981208978,False,Sandro Silva,LCB,ZE,34.0,1,94,0.0249547484011101,False,26,1,1.0,94.22,8841.75,241.68,32.48,2.87,23.88,4.78,10.51,1.91,19.1,25.9,25.9,14.75,20.1,44.26,185.65,,,,,,,,,,,,,,,,,,,,,
2022,Brusque,18,34,Cai,19.0,-0.15078874981208978,False,Juliano,"CF, LAMF",CA,27.0,3,57,0.0151321346687582,False,27,6,3.0,57.33,10212.91,698.55,259.01,12.56,67.5,7.85,21.98,1.57,37.67,28.6,28.6,208.54,109.89,439.02,459.34,46.66,8.23,16.47,,,,,,,,,,,,,,,,,,
2022,Brusque,18,34,Cai,19.0,-0.15078874981208978,False,Neto,"RW, AMF",ED,18.0,2,22,0.005840473030047,False,28,2,2.0,21.84,10993.74,873.89,267.94,8.24,82.44,16.49,28.85,0.0,37.1,25.2,25.2,171.69,151.4,387.69,698.13,55.56,9.26,27.78,,,,,,,,,,,,,,,,,,
2022,Brusque,18,34,Cai,19.0,-0.15078874981208978,False,Marco Antônio,LAMF,EE,31.0,1,14,0.0037166646554844,False,29,3,1.0,14.23,9996.96,512.18,25.29,0.0,37.94,6.32,18.97,0.0,44.26,24.7,24.7,,37.5,,225.0,,,,,,,,,,,,,,,,,,,,,
2022,Brusque,18,34,Cai,19.0,-0.15078874981208978,False,Bruno Santos,CF,CA,25.0,1,12,0.0031857125618438,False,30,7,1.0,11.73,11682.1,728.69,191.76,7.67,84.38,15.34,30.68,15.34,122.73,30.2,30.2,,205.48,,361.64,,,,,,,,,,,,,,,,,,,,,
2022,Brusque,18,34,Cai,19.0,-0.15078874981208978,False,Pedoca,RW,ED,19.0,1,7,0.0018583323277422,False,31,3,1.0,7.48,11605.79,1202.67,192.43,0.0,60.13,24.05,24.05,0.0,72.16,24.1,24.1,,,,,,,,,,,,,,,,,,,,,,,,,
2022,CRB,11,50,Meio,7.0,-0.06933256682494893,False,Anselmo Ramon,CF,CA,34.0,32,2960,0.7907903045611309,True,1,1,31.0,2885.79,8985.71,450.03,113.15,7.2,48.43,7.58,15.34,0.56,27.1,27.59,30.7,74.24,56.48,278.06,239.02,22.92,7.83,14.09,12.0,11.0,7.0,14.0,5.0,20.0,12.0,12.0,7.0,14.0,51.0,8.0,9.0,20.0,11.0,7.0,31.0,8.0
2022,CRB,11,50,Meio,7.0,-0.06933256682494893,False,Raul Prata,"RB, LB",LD,34.0,31,2482,0.6630883567299752,True,2,1,29.0,2358.28,9727.78,546.17,182.39,11.18,64.34,9.35,20.65,1.95,30.42,28.92,31.12,98.18,106.49,273.82,345.6,22.75,1.48,3.25,51.0,53.0,37.0,54.0,53.0,81.0,81.0,58.0,47.0,37.0,63.0,30.0,46.0,37.0,60.0,41.0,66.0,45.0
2022,CRB,11,50,Meio,7.0,-0.06933256682494893,False,Gum,"RCB, CB",ZD,36.0,28,2461,0.6574780201097781,True,3,1,27.0,2367.36,9412.48,336.88,95.96,5.28,35.78,5.25,10.53,0.95,22.85,28.04,30.76,35.95,68.63,110.27,244.12,5.03,0.09,0.18,89.0,69.0,58.0,51.0,56.0,56.0,49.0,72.0,81.0,28.0,64.0,67.0,31.0,58.0,42.0,25.0,51.0,47.0
2022,CRB,11,50,Meio,7.0,-0.06933256682494893,False,Guilherme Romão,LB,LE,24.0,27,2241,0.5987030650410453,False,4,1,26.0,2146.56,9751.88,569.74,202.13,11.15,63.02,7.63,19.12,1.38,27.71,29.92,31.46,117.3,119.98,304.25,346.82,21.83,1.39,4.07,42.0,57.0,48.0,55.0,40.0,60.0,68.0,35.0,22.0,65.0,76.0,42.0,55.0,40.0,50.0,22.0,50.0,40.0
2022,CRB,11,50,Meio,7.0,-0.06933256682494893,False,Yago Henrique,"RDMF, RCMF, LDMF",VOL,27.0,27,1995,0.5329819789187351,False,5,1,26.0,1984.32,10264.88,427.03,118.83,5.17,44.04,4.17,11.88,0.32,34.47,28.33,30.78,46.39,90.57,177.17,316.23,23.42,1.33,2.76,72.0,38.0,55.0,33.0,39.0,20.0,17.0,28.0,56.0,81.0,84.0,58.0,55.0,52.0,22.0,73.0,70.0,55.0
2022,CRB,11,50,Meio,7.0,-0.06933256682494893,False,Rafael Longuine,"AMF, LCMF",MEI,32.0,26,1962,0.5241657356584253,False,6,1,25.0,1864.25,10164.64,525.81,136.78,6.03,48.33,4.54,14.0,0.68,31.48,27.55,29.86,80.14,81.59,330.69,290.69,32.03,5.18,13.29,32.0,39.0,52.0,26.0,23.0,19.0,45.0,42.0,29.0,55.0,68.0,39.0,58.0,45.0,45.0,42.0,74.0,61.0
2022,CRB,11,50,Meio,7.0,-0.06933256682494893,False,Emerson Negueba,"LAMF, RAMF, LW",EE,21.0,28,1928,0.5150823335114393,False,7,1,27.0,1857.87,9694.37,610.89,346.02,16.18,81.67,11.24,23.78,3.15,41.85,31.46,33.54,232.25,184.34,391.73,319.91,31.17,3.78,12.65,25.0,41.0,94.0,84.0,65.0,96.0,90.0,91.0,46.0,99.0,99.0,85.0,91.0,46.0,32.0,28.0,31.0,41.0
2022,CRB,11,50,Meio,7.0,-0.06933256682494893,False,Wellington Carvalho,"LCB, RCB",ZE,29.0,23,1829,0.4886336037305095,False,8,1,21.0,1728.51,9099.64,334.18,94.87,5.21,35.93,5.21,11.72,0.94,19.27,28.36,30.44,41.75,61.04,134.72,227.04,6.09,0.43,0.58,68.0,68.0,66.0,68.0,74.0,75.0,92.0,74.0,63.0,62.0,61.0,89.0,37.0,87.0,42.0,58.0,92.0,74.0
2022,CRB,11,50,Meio,7.0,-0.06933256682494893,False,Claudinei,"DMF, LDMF, RDMF",VOL,33.0,21,1400,0.3740224413464807,False,9,2,19.0,1305.68,9428.2,366.01,106.56,4.34,36.67,4.48,13.23,0.14,25.3,27.72,29.68,31.85,85.68,100.95,300.25,10.37,0.72,1.21,8.0,14.0,41.0,21.0,12.0,33.0,45.0,9.0,14.0,62.0,52.0,36.0,48.0,12.0,17.0,9.0,42.0,24.0
2022,CRB,11,50,Meio,7.0,-0.06933256682494893,False,Richard Rodrigues,"LAMF, LW, LWF",EE,22.0,26,1388,0.3708165347063681,False,10,2,24.0,1357.68,9970.79,625.84,239.7,11.6,69.94,6.1,18.83,1.06,34.21,28.98,31.52,181.22,92.31,402.56,300.62,35.7,6.33,15.32,38.0,47.0,49.0,37.0,34.0,10.0,43.0,22.0,18.0,41.0,63.0,57.0,32.0,57.0,31.0,50.0,72.0,60.0
2022,CRB,11,50,Meio,7.0,-0.06933256682494893,False,Diego Ivo,LCB,ZE,33.0,18,1361,0.3636032447661145,False,11,2,17.0,1317.67,8987.43,316.8,85.38,3.83,30.81,5.4,10.38,0.96,18.37,27.92,30.92,43.27,54.88,107.51,227.86,3.06,0.22,0.44,55.0,55.0,47.0,24.0,39.0,84.0,63.0,79.0,53.0,32.0,79.0,92.0,18.0,58.0,45.0,8.0,55.0,63.0
2022,CRB,11,50,Meio,7.0,-0.06933256682494893,False,Gilvan,LCB,ZE,32.0,14,1083,0.2893330742701705,False,12,3,14.0,1087.66,9400.35,384.13,120.65,4.8,34.84,4.97,10.92,1.08,20.69,28.28,30.1,37.55,94.29,108.7,304.97,7.05,1.28,1.28,95.0,92.0,95.0,61.0,66.0,51.0,76.0,87.0,76.0,53.0,42.0,82.0,89.0,63.0,84.0,63.0,100.0,92.0
2022,CRB,11,50,Meio,7.0,-0.06933256682494893,False,Gabriel Conceição,CF,CA,21.0,26,1078,0.2879972798367902,False,13,2,24.0,1057.92,9922.32,612.57,237.63,12.85,70.87,8.59,17.87,1.53,39.65,29.28,32.16,144.91,137.6,363.33,341.72,37.81,6.34,18.3,74.0,77.0,68.0,69.0,64.0,50.0,59.0,46.0,68.0,68.0,91.0,65.0,70.0,72.0,61.0,84.0,12.0,31.0
2022,CRB,11,50,Meio,7.0,-0.06933256682494893,False,Juninho Valoura,"LDMF, RDMF, LCMF",VOL,36.0,12,1072,0.2863943265167338,False,14,3,10.0,869.7,10082.1,501.71,98.42,5.28,46.67,4.66,12.52,0.83,38.5,26.62,27.72,37.68,75.2,222.68,361.2,20.88,1.2,2.4,53.0,69.0,33.0,39.0,48.0,39.0,28.0,72.0,81.0,20.0,9.0,44.0,28.0,72.0,47.0,59.0,66.0,50.0
2022,CRB,11,50,Meio,7.0,-0.06933256682494893,False,Marthã,"LDMF, RCMF, DMF",VOL,25.0,18,1058,0.2826541021032691,False,15,4,18.0,1058.76,10047.48,437.16,97.92,4.51,42.93,4.68,12.58,0.26,33.41,26.99,29.62,35.23,80.88,127.67,388.47,13.94,0.57,1.56,45.0,45.0,28.0,23.0,30.0,41.0,33.0,23.0,52.0,28.0,48.0,39.0,36.0,34.0,62.0,23.0,36.0,34.0
2022,CRB,11,50,Meio,7.0,-0.06933256682494893,False,Uillian Correia,"LDMF, LCMF, RDMF",VOL,32.0,20,1054,0.2815854665565648,False,16,5,17.0,865.4699999999999,9908.21,495.91,111.37,5.72,47.31,4.89,13.83,0.73,27.66,26.95,29.46,43.29,89.57,187.68,374.66,19.89,0.21,1.27,34.0,66.0,47.0,55.0,53.0,48.0,53.0,64.0,23.0,25.0,45.0,52.0,53.0,55.0,53.0,53.0,18.0,27.0
2022,CRB,11,50,Meio,7.0,-0.06933256682494893,False,Paulinho Moccelin,"LAMF, LW",EE,28.0,13,811,0.2166658570942828,False,17,3,12.0,732.12,10176.98,689.28,272.66,13.4,74.87,6.76,17.83,1.6,36.51,29.91,31.02,171.91,149.66,414.3,384.92,36.27,7.47,20.27,60.0,68.0,56.0,63.0,46.0,16.0,34.0,41.0,26.0,74.0,58.0,50.0,71.0,63.0,69.0,59.0,79.0,85.0
2022,CRB,11,50,Meio,7.0,-0.06933256682494893,False,Iago Mendonça,"LCB, RCB",ZE,22.0,13,800,0.2137271093408461,False,18,4,10.0,758.6,9423.93,418.35,146.53,6.76,40.93,4.63,9.97,0.36,20.29,29.74,31.14,69.1,101.55,170.66,327.72,8.78,1.03,2.07,100.0,100.0,100.0,95.0,89.0,29.0,50.0,26.0,74.0,97.0,82.0,100.0,92.0,100.0,95.0,87.0,97.0,100.0
2022,CRB,11,50,Meio,7.0,-0.06933256682494893,False,Bruninho,"AMF, LCMF, LWF",MEI,22.0,14,541,0.1445329576917472,False,19,2,11.0,486.42,10197.25,625.88,239.95,12.21,74.37,9.25,19.24,1.67,32.01,29.37,31.72,183.68,83.92,433.57,275.75,42.58,4.12,17.86,45.0,81.0,97.0,94.0,87.0,94.0,97.0,90.0,39.0,97.0,97.0,97.0,65.0,87.0,32.0,74.0,48.0,87.0
2022,CRB,11,50,Meio,7.0,-0.06933256682494893,False,Jalysson,"RCMF, LCMF, RDMF",MED,20.0,10,527,0.1407927332782824,False,20,1,10.0,526.1999999999999,9756.67,530.56,180.1,8.55,55.42,5.82,14.37,1.37,33.18,29.04,30.82,128.8,97.18,270.36,343.6,33.72,1.12,2.25,21.0,63.0,79.0,74.0,63.0,58.0,53.0,86.0,44.0,98.0,88.0,95.0,53.0,63.0,26.0,72.0,30.0,21.0
2022,CRB,11,50,Meio,7.0,-0.06933256682494893,False,Matheus Mega,RCB,ZD,22.0,5,322,0.0860251615096905,False,21,2,5.0,322.2,9282.88,381.58,129.89,6.7,43.58,5.59,11.45,0.0,20.11,27.76,27.76,50.23,104.12,178.27,255.2,11.47,0.0,0.0,83.0,86.0,83.0,81.0,86.0,81.0,61.0,6.0,67.0,19.0,6.0,89.0,75.0,92.0,58.0,92.0,22.0,15.0
2022,CRB,11,50,Meio,7.0,-0.06933256682494893,False,Maicon,"AMF, LCMF",MEI,36.0,5,320,0.0854908437363384,False,22,3,5.0,320.6,10338.19,346.71,86.19,3.09,35.09,2.81,8.42,0.0,28.35,26.38,26.38,28.49,57.52,179.97,178.06,45.64,3.26,15.21,55.0,6.0,6.0,6.0,6.0,3.0,6.0,6.0,10.0,16.0,6.0,6.0,26.0,10.0,3.0,90.0,35.0,77.0
2022,CRB,11,50,Meio,7.0,-0.06933256682494893,False,Vico,"AMF, RWF, RW",MEI,25.0,8,263,0.0702627871958031,False,23,4,8.0,263.04,10036.34,576.51,165.25,8.21,58.85,8.21,16.08,1.71,31.82,28.39,29.44,92.74,107.3,368.43,293.68,29.01,1.29,7.74,29.0,68.0,71.0,58.0,61.0,90.0,71.0,94.0,35.0,87.0,56.0,61.0,87.0,65.0,48.0,19.0,6.0,19.0
2022,CRB,11,50,Meio,7.0,-0.06933256682494893,False,David Braw,"AMF, LCMF, RAMF",MEI,19.0,7,187,0.0499587118084227,False,24,5,7.0,187.95,10176.59,527.17,128.8,6.22,47.4,6.22,13.89,1.44,27.29,27.21,28.5,48.29,117.83,193.16,460.19,22.64,0.0,6.04,35.0,42.0,45.0,29.0,19.0,58.0,42.0,81.0,6.0,45.0,35.0,10.0,97.0,13.0,90.0,10.0,3.0,10.0
2022,CRB,11,50,Meio,7.0,-0.06933256682494893,False,Maycon Douglas,"RAMF, LW, RW",ED,25.0,6,186,0.0496915529217467,False,25,1,6.0,186.36,9109.93,487.7,240.47,9.66,63.26,8.69,17.38,1.45,38.63,29.58,30.28,169.7,102.48,259.01,300.0,21.98,2.06,4.81,7.0,9.0,55.0,24.0,22.0,56.0,20.0,35.0,35.0,62.0,38.0,56.0,51.0,5.0,29.0,5.0,11.0,4.0
2022,CRB,11,50,Meio,7.0,-0.06933256682494893,False,Gustavo Apis,"LW, LAMF, RDMF",EE,23.0,3,99,0.0264487297809297,False,26,4,3.0,99.42,9663.87,455.36,163.86,5.43,52.51,3.62,10.86,2.72,39.83,27.37,27.37,50.0,190.09,168.18,425.51,23.85,2.27,7.95,,,,,,,,,,,,,,,,,,
2022,CRB,11,50,Meio,7.0,-0.06933256682494893,False,Wesley Pomba,"RAMF, RW, LAMF",ED,20.0,5,90,0.0240442998008451,False,27,2,4.0,88.2,10307.24,628.45,321.37,14.28,80.6,10.2,18.36,1.02,38.77,30.7,30.7,330.81,76.47,412.82,289.71,22.5,3.75,15.0,,,,,,,,,,,,,,,,,,
2022,CRB,11,50,Meio,7.0,-0.06933256682494893,False,Willie,"LWF, LAMF",EE,29.0,2,54,0.0144265798805071,False,28,5,2.0,54.34,10069.51,617.85,316.38,13.25,76.2,3.31,16.56,0.0,41.41,28.2,28.2,187.23,120.42,405.66,160.56,44.61,0.0,22.3,,,,,,,,,,,,,,,,,,
2022,CSA,17,42,Cai,10.0,-0.2412591642698685,False,Diego Renan,"LB, RB",LE,32.0,30,2844,0.7606866702329427,True,1,1,29.0,2745.43,9383.49,450.68,120.96,5.74,44.29,5.93,15.7,0.72,22.42,27.62,30.5,76.79,63.73,232.95,279.56,18.34,1.08,2.93,20.0,10.0,8.0,5.0,5.0,12.0,20.0,5.0,5.0,8.0,30.0,8.0,12.0,10.0,18.0,12.0,32.0,20.0
2022,CSA,17,42,Cai,10.0,-0.2412591642698685,False,Geovane,"LDMF, LCMF, DMF",VOL,33.0,33,2749,0.7352769537518845,True,2,1,32.0,2649.6,10893.27,521.36,120.55,5.5,50.95,4.79,14.91,0.37,40.22,27.38,29.92,30.44,101.88,125.79,459.34,18.79,0.73,1.64,97.0,78.0,56.0,50.0,64.0,45.0,67.0,30.0,86.0,44.0,64.0,28.0,67.0,33.0,84.0,50.0,44.0,38.0
2022,CSA,17,42,Cai,10.0,-0.2412591642698685,False,Osvaldo,"LAMF, LW",EE,35.0,33,2144,0.5734571803725138,False,3,1,31.0,1993.92,9585.61,601.62,264.11,13.0,73.58,8.03,18.69,1.94,36.34,30.16,32.74,179.38,118.5,398.18,293.26,25.61,4.48,9.98,15.0,34.0,54.0,54.0,41.0,49.0,40.0,57.0,25.0,81.0,94.0,56.0,51.0,50.0,26.0,7.0,35.0,21.0
2022,CSA,17,42,Cai,10.0,-0.2412591642698685,False,Lourenço,"RAMF, RW, AMF",ED,24.0,31,1908,0.5103340952195692,False,4,1,29.0,1759.72,10305.07,489.1,173.07,8.49,56.21,6.09,13.66,1.18,32.37,29.06,32.06,108.96,94.8,299.83,278.55,25.8,2.72,7.58,73.0,11.0,13.0,11.0,5.0,4.0,2.0,26.0,9.0,47.0,84.0,13.0,33.0,15.0,18.0,15.0,18.0,15.0
2022,CSA,17,42,Cai,10.0,-0.2412591642698685,False,Lucas Barcelos,"CF, LAMF, RAMF",CA,23.0,26,1779,0.4758303749452901,False,5,1,25.0,1735.7500000000002,9970.57,611.3,312.86,17.52,87.42,8.76,21.15,2.44,44.69,31.16,33.42,249.15,103.06,392.5,307.67,37.11,6.5,17.81,78.0,73.0,92.0,96.0,92.0,58.0,86.0,73.0,86.0,99.0,95.0,97.0,47.0,92.0,46.0,77.0,14.0,24.0
2022,CSA,17,42,Cai,10.0,-0.2412591642698685,False,Rodrigo Rodrigues,CF,CA,26.0,29,1645,0.439989301172008,False,6,2,27.0,1555.2,9943.03,558.19,192.76,9.66,62.79,9.43,17.3,1.33,37.56,28.97,31.4,119.57,88.88,323.54,306.74,29.34,11.23,24.04,76.0,57.0,45.0,38.0,41.0,69.0,42.0,35.0,58.0,57.0,73.0,42.0,36.0,50.0,45.0,31.0,69.0,73.0
2022,CSA,17,42,Cai,10.0,-0.2412591642698685,False,Werley,"LCB, CB",ZE,33.0,18,1621,0.4335700043767932,False,7,1,18.0,1624.32,9150.38,295.72,73.19,2.83,26.98,4.16,8.48,0.11,15.51,26.63,29.16,26.12,45.03,111.07,214.85,8.68,0.28,0.56,76.0,45.0,16.0,3.0,16.0,13.0,16.0,5.0,16.0,5.0,18.0,50.0,8.0,66.0,32.0,84.0,66.0,71.0
2022,CSA,17,42,Cai,10.0,-0.2412591642698685,False,Giva,"RDMF, LDMF, DMF",VOL,23.0,24,1609,0.4303603559791859,False,8,2,23.0,1554.8,10063.95,406.46,121.27,5.44,42.78,3.82,13.08,0.41,22.57,27.77,29.78,54.99,76.1,170.27,285.86,20.3,0.8,2.18,48.0,27.0,59.0,47.0,25.0,12.0,42.0,33.0,6.0,64.0,60.0,70.0,30.0,45.0,9.0,58.0,48.0,47.0
2022,CSA,17,42,Cai,10.0,-0.2412591642698685,False,Igor Inocêncio,RB,LD,24.0,23,1597,0.4271507075815786,False,9,1,21.0,1493.52,10458.44,584.95,174.21,9.52,60.08,5.97,15.07,0.72,35.98,28.18,29.72,115.05,80.83,328.96,329.6,28.26,2.06,4.33,96.0,67.0,30.0,33.0,40.0,11.0,16.0,14.0,82.0,21.0,25.0,39.0,11.0,61.0,46.0,66.0,80.0,75.0
2022,CSA,17,42,Cai,10.0,-0.2412591642698685,False,Lucas Marques,RB,LD,24.0,22,1381,0.3693770364246462,False,10,2,21.0,1280.79,10069.11,633.0,225.43,11.81,74.07,11.81,20.73,2.18,37.6,28.94,30.9,143.12,115.76,358.23,358.65,29.8,2.7,4.58,86.0,77.0,67.0,67.0,82.0,100.0,82.0,63.0,89.0,40.0,54.0,61.0,58.0,72.0,67.0,77.0,93.0,80.0
2022,CSA,17,42,Cai,10.0,-0.2412591642698685,False,Yann Rolim,"AMF, LCMF",MEI,27.0,23,1071,0.2864611194864562,False,11,1,22.0,1039.94,10476.82,593.91,170.68,9.61,67.25,6.49,13.16,0.95,38.08,27.7,30.5,119.19,86.91,376.38,324.76,36.5,6.11,13.9,65.0,74.0,77.0,82.0,84.0,68.0,35.0,61.0,71.0,61.0,81.0,81.0,71.0,74.0,58.0,55.0,84.0,68.0
2022,CSA,17,42,Cai,10.0,-0.2412591642698685,False,Élton,CF,CA,36.0,14,907,0.2425959247191557,False,12,3,14.0,906.64,9456.6,550.4,162.59,8.24,57.08,8.73,18.26,0.99,31.76,27.59,28.92,123.71,64.7,296.13,320.63,29.98,11.71,23.27,41.0,49.0,31.0,24.0,23.0,57.0,66.0,28.0,27.0,14.0,14.0,47.0,18.0,32.0,50.0,34.0,77.0,66.0
2022,CSA,17,42,Cai,10.0,-0.2412591642698685,False,Bruno Mezenga,CF,CA,33.0,13,710,0.189904196858435,False,13,4,12.0,645.0,9965.9,649.5,151.53,9.07,61.39,8.37,17.16,0.98,40.04,26.68,27.74,80.71,87.54,314.93,453.91,35.69,15.76,29.81,77.0,82.0,20.0,28.0,32.0,41.0,39.0,27.0,72.0,4.0,4.0,15.0,35.0,41.0,88.0,70.0,97.0,99.0
2022,CSA,17,42,Cai,10.0,-0.2412591642698685,False,Guilherme Paraíba,LCB,ZE,28.0,7,662,0.1770656032680056,False,14,2,5.0,460.85,9227.51,307.19,100.58,5.66,34.96,5.47,10.94,0.39,20.7,27.9,27.9,19.33,91.92,89.36,244.87,8.28,0.0,0.5,89.0,50.0,76.0,79.0,68.0,89.0,79.0,34.0,79.0,29.0,3.0,24.0,84.0,29.0,61.0,74.0,12.0,68.0
2022,CSA,17,42,Cai,10.0,-0.2412591642698685,False,Felipe Augusto,"LB, LWB",LE,30.0,12,635,0.1698438943733891,False,15,2,10.0,498.0,10251.69,628.37,284.28,12.29,71.75,9.04,20.78,3.07,34.52,30.05,31.1,220.22,112.68,417.47,311.42,25.8,2.24,5.33,95.0,82.0,85.0,68.0,78.0,85.0,90.0,95.0,80.0,75.0,56.0,98.0,48.0,100.0,30.0,62.0,75.0,65.0
2022,CSA,17,42,Cai,10.0,-0.2412591642698685,False,Douglas,"RCB, CB",ZD,27.0,8,600,0.1604824198803676,False,16,1,8.0,599.2,8949.88,293.51,88.32,4.06,31.09,5.41,9.16,1.95,16.37,27.68,29.12,26.8,52.22,103.95,185.4,8.7,0.0,0.0,56.0,31.0,33.0,22.0,21.0,67.0,17.0,100.0,10.0,14.0,22.0,47.0,6.0,56.0,3.0,72.0,22.0,15.0
2022,CSA,17,42,Cai,10.0,-0.2412591642698685,False,Rickson,"LDMF, RAMF, RDMF",VOL,24.0,7,591,0.1580751835821621,False,17,3,6.0,490.44,10095.52,489.96,149.92,7.71,55.05,4.77,15.23,0.55,35.23,29.28,29.74,74.82,92.35,226.5,324.34,25.71,1.98,6.92,55.0,62.0,81.0,75.0,72.0,44.0,72.0,48.0,62.0,97.0,58.0,80.0,58.0,75.0,25.0,81.0,83.0,91.0
2022,CSA,17,42,Cai,10.0,-0.2412591642698685,False,Jonathan,RB,LD,29.0,11,555,0.1484462383893401,False,18,3,9.0,472.68,9680.36,450.33,104.73,6.47,49.7,7.43,15.8,0.19,33.89,26.99,27.96,64.61,63.16,227.9,300.43,30.16,0.97,2.27,46.0,19.0,5.0,11.0,18.0,35.0,23.0,4.0,70.0,7.0,9.0,12.0,5.0,18.0,30.0,79.0,39.0,29.0
2022,CSA,17,42,Cai,10.0,-0.2412591642698685,False,Marco Túlio,"RWF, LWF, LAMF",ED,24.0,10,542,0.1449691192919321,False,19,2,10.0,540.6,10313.01,729.73,253.73,11.65,77.09,8.66,20.98,1.5,43.95,28.22,29.3,164.21,137.02,404.53,463.06,31.53,5.68,12.5,76.0,76.0,60.0,49.0,56.0,50.0,60.0,40.0,69.0,16.0,18.0,53.0,73.0,56.0,87.0,36.0,56.0,51.0
2022,CSA,17,42,Cai,10.0,-0.2412591642698685,False,Edson Lucas,"LB, LAMF",LE,21.0,11,516,0.1380148810971161,False,20,3,10.0,497.9,10422.56,626.53,223.25,13.02,74.29,9.94,20.25,0.9,39.59,28.65,30.1,129.3,119.67,344.81,336.31,33.28,1.49,6.24,98.0,80.0,57.0,82.0,88.0,92.0,88.0,12.0,92.0,25.0,18.0,48.0,52.0,72.0,48.0,92.0,55.0,78.0
2022,CSA,17,42,Cai,10.0,-0.2412591642698685,False,H. Canteros,"AMF, RCMF, RDMF",MEI,33.0,8,402,0.1075232213198463,False,21,2,7.0,301.49,11208.98,554.66,102.1,5.67,49.85,4.48,15.22,0.0,28.36,25.9,26.34,74.95,20.61,339.34,264.79,44.91,4.56,11.72,97.0,52.0,16.0,16.0,26.0,13.0,65.0,6.0,13.0,6.0,3.0,32.0,3.0,55.0,26.0,84.0,55.0,39.0
2022,CSA,17,42,Cai,10.0,-0.2412591642698685,False,Didira,"RAMF, RWF, RW",ED,34.0,9,383,0.1024412780236346,False,22,3,9.0,382.86,10420.13,618.47,179.59,8.23,65.58,7.99,21.63,0.24,42.08,27.72,28.5,109.99,75.05,399.4,343.43,35.57,6.52,13.64,84.0,47.0,16.0,5.0,29.0,38.0,67.0,4.0,56.0,9.0,7.0,15.0,15.0,53.0,47.0,51.0,67.0,58.0
2022,CSA,17,42,Cai,10.0,-0.2412591642698685,False,Rogério,"LW, AMF, LAMF",EE,31.0,11,383,0.1024412780236346,False,23,2,11.0,381.81,10260.47,669.4,231.46,12.96,76.13,6.84,20.27,1.41,38.66,28.4,29.52,176.75,80.9,410.4,343.82,32.88,5.61,16.84,66.0,63.0,43.0,53.0,53.0,19.0,59.0,32.0,41.0,26.0,22.0,51.0,24.0,60.0,46.0,31.0,52.0,66.0
2022,CSA,17,42,Cai,10.0,-0.2412591642698685,False,Éverton Silva,RB,LD,33.0,5,341,0.0912075086320089,False,24,4,5.0,339.7,9677.77,515.28,257.51,12.19,66.76,9.01,16.96,3.44,28.61,30.94,30.94,141.61,130.9,264.34,309.14,26.77,1.41,3.52,44.0,37.0,84.0,70.0,63.0,71.0,44.0,96.0,33.0,96.0,56.0,60.0,77.0,35.0,37.0,57.0,59.0,52.0
2022,CSA,17,42,Cai,10.0,-0.2412591642698685,False,Dalberto,"RAMF, RW, RWF",ED,27.0,6,333,0.089067743033604,False,25,4,6.0,333.72,9995.87,654.74,320.9,16.18,83.06,7.82,18.34,2.7,34.79,29.53,29.72,249.03,121.2,452.57,329.34,33.62,6.8,16.41,49.0,69.0,85.0,80.0,73.0,33.0,27.0,73.0,16.0,56.0,22.0,85.0,60.0,78.0,40.0,44.0,73.0,75.0
2022,CSA,17,42,Cai,10.0,-0.2412591642698685,False,Ernandes,"LB, LCB",LE,34.0,6,324,0.0866605067353985,False,26,4,6.0,323.88,9942.24,639.36,212.01,9.73,64.19,8.06,18.62,1.11,31.68,29.07,29.26,132.57,96.68,310.55,444.56,24.5,3.02,6.03,65.0,90.0,52.0,35.0,52.0,62.0,55.0,18.0,57.0,38.0,12.0,57.0,35.0,48.0,95.0,45.0,91.0,72.0
2022,CSA,17,42,Cai,10.0,-0.2412591642698685,False,J. Mercado,"RAMF, RW, LAMF",ED,20.0,9,272,0.0727520303457666,False,27,5,8.0,235.2,10057.17,632.23,277.46,16.46,84.96,11.86,17.99,3.06,42.1,30.74,31.84,196.25,102.42,342.09,329.7,23.27,2.33,7.56,53.0,55.0,67.0,84.0,76.0,93.0,22.0,82.0,58.0,96.0,78.0,69.0,49.0,22.0,42.0,11.0,15.0,13.0
2022,CSA,17,42,Cai,10.0,-0.2412591642698685,False,Lucas Lourenço,"RW, RAMF, AMF",ED,21.0,6,248,0.0663327335505519,False,28,6,6.0,248.76,9967.23,544.81,182.33,10.49,66.56,9.04,18.81,0.72,34.73,28.25,28.58,160.3,71.05,333.67,297.17,29.79,7.75,11.92,45.0,24.0,18.0,31.0,35.0,64.0,33.0,13.0,15.0,18.0,9.0,45.0,9.0,20.0,25.0,24.0,82.0,38.0
2022,CSA,17,42,Cai,10.0,-0.2412591642698685,False,Sassá,"CF, LWF",CA,28.0,6,130,0.0347711909740796,False,29,5,5.0,106.9,9719.83,716.46,256.78,10.94,63.99,7.58,20.21,0.0,36.2,27.6,27.6,118.57,212.71,388.77,553.06,34.06,9.54,27.25,57.0,97.0,74.0,49.0,46.0,20.0,81.0,1.0,54.0,16.0,3.0,41.0,93.0,88.0,99.0,61.0,54.0,85.0
2022,CSA,17,42,Cai,10.0,-0.2412591642698685,False,Cedric,RB,LD,24.0,2,105,0.0280844234790643,False,30,5,2.0,105.44,10133.32,769.11,370.47,16.22,89.63,6.83,23.9,3.41,33.29,30.1,30.1,143.83,356.39,334.2,619.88,23.99,2.0,6.0,,,,,,,,,,,,,,,,,,
2022,CSA,17,42,Cai,10.0,-0.2412591642698685,False,Anderson Martins,LCB,ZE,34.0,2,95,0.0254097164810582,False,31,3,2.0,95.26,9230.83,369.38,113.37,6.61,44.4,3.78,9.45,0.94,18.89,27.8,27.8,41.67,96.09,178.26,262.63,12.72,0.0,0.0,,,,,,,,,,,,,,,,,,
2022,CSA,17,42,Cai,10.0,-0.2412591642698685,False,Gabriel Tonini,"RDMF, RCMF, AMF",VOL,26.0,3,57,0.0152458298886349,False,32,4,2.0,19.76,10167.12,569.14,150.25,9.11,77.4,9.11,18.21,0.0,50.08,27.7,27.7,,0.0,,110.68,0.0,0.0,0.0,,,,,,,,,,,,,,,,,,
2022,CSA,17,42,Cai,10.0,-0.2412591642698685,False,William,"LCMF, LAMF",MED,35.0,3,33,0.0088265330934202,False,33,1,3.0,33.06,12164.3,836.01,422.09,16.34,95.31,13.62,19.06,0.0,46.29,28.2,28.2,192.23,223.75,457.86,337.29,36.14,9.04,21.08,,,,,,,,,,,,,,,,,,
2022,CSA,17,42,Cai,10.0,-0.2412591642698685,False,Tito,LCMF,MED,21.0,1,16,0.0042795311968098,False,34,2,1.0,15.55,11401.93,434.08,28.94,0.0,52.09,5.79,11.58,0.0,40.51,24.2,24.2,0.0,15.96,291.89,179.6,,,,,,,,,,,,,,,,,,,,,
2022,Chapecoense,14,45,Meio,9.0,-0.16469053487358654,False,Fernando,LB,LE,22.0,36,3509,0.9420364133352858,True,1,1,35.0,3412.15,9526.55,573.72,274.41,13.37,71.0,10.23,18.91,3.06,33.31,30.53,31.98,198.17,131.55,357.1,336.02,29.31,1.01,3.51,32.0,60.0,82.0,85.0,75.0,98.0,62.0,92.0,72.0,100.0,88.0,90.0,72.0,80.0,45.0,75.0,30.0,28.0
2022,Chapecoense,14,45,Meio,9.0,-0.16469053487358654,False,Victor Ramos,LCB,ZE,33.0,29,2848,0.764582418118807,True,2,1,28.0,2749.32,8988.17,255.74,57.68,3.18,25.34,3.5,7.27,0.26,16.3,27.26,29.08,15.86,52.71,90.29,213.97,5.23,0.1,0.3,58.0,16.0,5.0,18.0,5.0,3.0,5.0,16.0,24.0,13.0,16.0,11.0,13.0,32.0,29.0,34.0,32.0,41.0
2022,Chapecoense,14,45,Meio,9.0,-0.16469053487358654,False,Ronei,RB,LD,24.0,29,2347,0.6300824913359692,True,3,1,29.0,2349.29,9922.9,504.75,176.42,9.23,57.08,6.78,16.67,1.46,30.27,28.52,30.62,90.08,118.46,264.07,336.69,24.74,1.31,2.92,70.0,35.0,32.0,28.0,28.0,23.0,39.0,31.0,46.0,27.0,47.0,23.0,67.0,33.0,56.0,48.0,54.0,41.0
2022,Chapecoense,14,45,Meio,9.0,-0.16469053487358654,False,Marcelo Freitas,"LCMF, DMF, RCMF",MED,28.0,29,2299,0.6171962708058769,True,4,1,28.0,2246.16,10622.05,492.06,80.3,4.45,46.28,3.77,12.46,0.36,31.7,26.64,29.18,22.34,76.12,174.39,425.36,25.64,0.72,2.16,81.0,42.0,14.0,21.0,21.0,7.0,23.0,13.0,40.0,23.0,47.0,7.0,37.0,30.0,72.0,44.0,16.0,19.0
2022,Chapecoense,14,45,Meio,9.0,-0.16469053487358654,False,Matheus Bianqui,"RCMF, RDMF",MED,24.0,31,2013,0.5404158734807438,False,5,2,30.0,1941.3,10811.64,607.06,165.28,8.86,64.95,5.42,18.08,0.74,44.88,28.24,30.12,76.96,120.55,266.08,454.93,26.07,5.16,10.85,93.0,84.0,67.0,77.0,81.0,47.0,86.0,58.0,84.0,65.0,67.0,70.0,84.0,60.0,79.0,47.0,84.0,79.0
2022,Chapecoense,14,45,Meio,9.0,-0.16469053487358654,False,Perotti,CF,CA,24.0,26,2003,0.5377312442036413,False,6,1,26.0,2006.16,9374.59,411.07,98.38,6.01,45.49,7.22,17.41,0.9,27.68,27.85,30.52,78.75,37.61,306.25,198.04,27.58,12.14,20.69,38.0,3.0,1.0,4.0,3.0,14.0,45.0,26.0,9.0,24.0,43.0,12.0,1.0,38.0,4.0,19.0,84.0,50.0
2022,Chapecoense,14,45,Meio,9.0,-0.16469053487358654,False,Chrystian Barletta,"RW, RAMF",ED,21.0,30,1922,0.5159857470591106,False,7,1,29.0,1882.1,9822.42,654.24,305.6,15.3,82.96,10.57,23.86,2.87,42.41,30.43,32.38,237.96,130.11,432.24,347.6,35.94,8.12,18.12,35.0,67.0,80.0,73.0,71.0,85.0,85.0,78.0,60.0,84.0,90.0,84.0,67.0,73.0,49.0,56.0,87.0,76.0
2022,Chapecoense,14,45,Meio,9.0,-0.16469053487358654,False,Frazan,"RCB, RB",ZD,26.0,16,1327,0.3562503050715087,False,8,1,16.0,1329.28,8690.4,285.11,65.47,3.59,29.11,4.94,9.28,0.61,14.62,27.32,29.56,18.7,62.02,86.78,249.58,5.13,0.0,0.1,22.0,25.0,6.0,6.0,8.0,36.0,19.0,40.0,3.0,8.0,25.0,8.0,19.0,33.0,53.0,28.0,22.0,33.0
2022,Chapecoense,14,45,Meio,9.0,-0.16469053487358654,False,Maílton,RB,LD,24.0,14,1186,0.3183970322643628,False,9,2,14.0,1188.18,8977.0,416.31,161.04,8.86,52.8,6.82,17.57,1.74,25.75,29.09,30.22,87.71,105.28,195.82,306.81,11.92,0.28,1.58,5.0,12.0,23.0,25.0,21.0,25.0,53.0,51.0,23.0,54.0,39.0,19.0,42.0,7.0,35.0,5.0,12.0,14.0
2022,Chapecoense,14,45,Meio,9.0,-0.16469053487358654,False,Alisson Farias,"LW, CF, LWF",EE,26.0,19,1167,0.3132962366378679,False,10,1,19.0,1170.21,10196.72,564.37,123.98,7.54,57.53,6.77,14.38,1.15,36.92,28.0,30.14,79.44,58.47,402.05,262.52,36.94,5.61,13.23,62.0,21.0,4.0,9.0,12.0,18.0,7.0,24.0,31.0,22.0,32.0,9.0,3.0,54.0,12.0,63.0,52.0,44.0
2022,Chapecoense,14,45,Meio,9.0,-0.16469053487358654,False,Lima,"LCMF, AMF, LDMF",MED,23.0,20,1137,0.3052423488065602,False,11,3,19.0,1092.12,11016.64,807.63,219.69,11.62,79.35,5.93,17.55,0.82,51.01,28.43,30.42,110.41,143.41,487.52,486.67,47.43,6.7,16.04,95.0,95.0,98.0,98.0,100.0,63.0,79.0,65.0,95.0,79.0,77.0,84.0,93.0,98.0,84.0,100.0,98.0,93.0
2022,Chapecoense,14,45,Meio,9.0,-0.16469053487358654,False,Pablo Oliveira,"LCMF, DMF, LDMF",MED,27.0,15,1104,0.2963830721921218,False,12,4,14.0,1076.6,10391.57,485.67,91.2,5.6,47.23,4.01,16.72,0.67,30.26,26.97,28.46,22.21,89.44,134.27,453.86,24.16,0.75,1.49,67.0,35.0,23.0,33.0,23.0,12.0,74.0,47.0,19.0,31.0,21.0,5.0,49.0,12.0,77.0,37.0,19.0,7.0
2022,Chapecoense,14,45,Meio,9.0,-0.16469053487358654,False,Betinho,"RCMF, DMF, RDMF",MED,30.0,20,1068,0.2867184067945526,False,13,5,20.0,1069.6,10097.5,353.69,77.0,3.53,36.77,4.04,11.87,0.25,25.83,26.14,28.9,41.57,49.81,150.48,269.68,20.24,0.49,1.72,40.0,7.0,7.0,5.0,9.0,17.0,16.0,7.0,7.0,5.0,31.0,35.0,7.0,16.0,7.0,26.0,9.0,12.0
2022,Chapecoense,14,45,Meio,9.0,-0.16469053487358654,False,Willian Popp,"LW, CF, LAMF",EE,28.0,13,972,0.2609459657343681,False,14,2,13.0,973.18,10055.34,612.78,184.13,10.73,67.23,6.57,14.15,1.66,38.47,28.62,29.38,154.83,61.61,432.84,279.55,43.73,9.79,21.31,49.0,44.0,28.0,31.0,31.0,13.0,6.0,47.0,38.0,31.0,19.0,44.0,6.0,72.0,19.0,93.0,94.0,89.0
2022,Chapecoense,14,45,Meio,9.0,-0.16469053487358654,False,Thomás Bedinelli,"CF, AMF",CA,29.0,15,967,0.2596036510958168,False,15,2,15.0,967.95,9836.82,510.93,213.85,11.62,64.53,8.65,17.39,2.23,39.33,28.75,30.74,159.15,102.48,350.07,256.95,31.95,3.3,9.51,70.0,32.0,55.0,59.0,51.0,54.0,43.0,69.0,66.0,49.0,53.0,70.0,46.0,64.0,22.0,47.0,1.0,1.0
2022,Chapecoense,14,45,Meio,9.0,-0.16469053487358654,False,C. Orejuela,"LW, RAMF, LAMF",EE,29.0,14,861,0.2311465807585297,False,16,3,13.0,800.54,10395.73,711.07,258.35,12.93,83.31,9.33,24.51,1.57,51.04,29.52,31.24,166.45,129.62,439.21,381.79,35.46,5.88,14.22,84.0,74.0,53.0,51.0,78.0,74.0,93.0,38.0,88.0,54.0,61.0,49.0,54.0,75.0,66.0,44.0,56.0,49.0
2022,Chapecoense,14,45,Meio,9.0,-0.16469053487358654,False,Xandão,LCB,ZE,32.0,10,854,0.229267340264558,False,17,2,10.0,854.3000000000001,8631.47,261.47,98.18,3.9,29.29,4.53,8.43,0.95,17.7,29.08,30.62,29.11,79.65,88.12,207.41,2.93,0.0,0.0,16.0,18.0,68.0,29.0,26.0,24.0,13.0,76.0,39.0,89.0,71.0,55.0,68.0,24.0,26.0,5.0,12.0,8.0
2022,Chapecoense,14,45,Meio,9.0,-0.16469053487358654,False,Felipe Ferreira,"RWF, RW, RAMF",ED,28.0,16,808,0.2169180455898862,False,18,2,16.0,808.96,10307.45,499.0,156.54,8.9,57.19,6.56,15.69,1.45,34.49,28.14,30.06,107.17,73.18,377.33,206.07,39.56,6.38,14.04,75.0,15.0,5.0,15.0,9.0,13.0,11.0,35.0,13.0,13.0,29.0,11.0,11.0,31.0,4.0,75.0,64.0,60.0
2022,Chapecoense,14,45,Meio,9.0,-0.16469053487358654,False,Tiago Real,"AMF, CF, LW",MEI,33.0,10,794,0.2131595646019426,False,19,1,9.0,693.8100000000001,10517.48,412.88,95.73,5.45,46.57,4.93,10.51,0.78,32.95,26.63,27.82,67.75,39.98,263.12,238.93,35.8,4.21,12.01,71.0,13.0,10.0,13.0,13.0,29.0,13.0,48.0,48.0,23.0,19.0,26.0,13.0,19.0,13.0,52.0,52.0,45.0
2022,Chapecoense,14,45,Meio,9.0,-0.16469053487358654,False,Luizinho,"RW, RAMF, RWF",ED,25.0,18,775,0.2080587689754478,False,20,3,17.0,702.61,9986.3,599.77,240.32,11.14,67.13,9.22,22.16,2.31,39.07,28.53,30.18,161.59,121.31,420.06,292.07,31.14,3.4,7.74,47.0,40.0,53.0,42.0,38.0,67.0,72.0,64.0,38.0,29.0,35.0,51.0,62.0,69.0,24.0,31.0,22.0,18.0
2022,Chapecoense,14,45,Meio,9.0,-0.16469053487358654,False,Derek,"CF, RW, LW",CA,24.0,22,742,0.1991994923610094,False,21,3,21.0,698.88,9787.56,612.08,287.43,15.45,82.29,10.17,23.69,3.73,41.08,29.91,31.96,218.24,152.44,384.16,370.83,37.81,8.75,19.18,64.0,74.0,86.0,91.0,88.0,86.0,97.0,97.0,79.0,78.0,86.0,91.0,80.0,84.0,70.0,84.0,45.0,35.0
2022,Chapecoense,14,45,Meio,9.0,-0.16469053487358654,False,Jonathan Junior,CF,CA,23.0,20,620,0.1664470151803582,False,22,4,19.0,566.2,9475.31,501.43,206.45,10.01,63.41,8.58,16.69,2.54,37.83,29.36,31.72,101.1,142.42,251.98,325.64,22.23,5.61,12.13,43.0,30.0,50.0,42.0,45.0,49.0,31.0,77.0,61.0,70.0,81.0,30.0,73.0,8.0,54.0,5.0,8.0,5.0
2022,Chapecoense,14,45,Meio,9.0,-0.16469053487358654,False,Maranhão,"LAMF, RW, LWF",EE,32.0,11,540,0.1449699809635378,False,23,4,10.0,511.1,10801.58,677.02,290.88,12.15,76.07,6.87,16.2,0.7,44.37,29.27,30.4,238.97,104.96,481.13,321.74,40.64,7.34,15.24,99.0,65.0,72.0,47.0,50.0,21.0,19.0,10.0,66.0,46.0,41.0,87.0,46.0,88.0,34.0,79.0,78.0,59.0
2022,Chapecoense,14,45,Meio,9.0,-0.16469053487358654,False,Darlan,"LCMF, LDMF",MED,24.0,13,531,0.1425538146141455,False,24,6,13.0,531.18,10771.19,472.41,67.61,3.22,39.65,3.9,11.18,0.34,31.35,25.72,27.24,25.58,42.5,196.03,355.49,35.47,0.88,4.41,88.0,23.0,2.0,2.0,14.0,9.0,7.0,9.0,33.0,2.0,12.0,9.0,5.0,37.0,35.0,79.0,23.0,40.0
2022,Chapecoense,14,45,Meio,9.0,-0.16469053487358654,False,Kevin,LB,LE,22.0,10,408,0.1095328745057841,False,25,2,10.0,408.6,10036.72,637.94,232.4,10.79,68.95,8.59,20.93,1.32,33.48,28.87,30.28,168.61,114.8,351.57,407.6,30.6,0.97,7.09,78.0,88.0,68.0,48.0,65.0,72.0,95.0,30.0,75.0,35.0,24.0,80.0,50.0,78.0,85.0,82.0,28.0,82.0
2022,Chapecoense,14,45,Meio,9.0,-0.16469053487358654,False,Marcelo Santos,"LDMF, DMF, RDMF",VOL,28.0,5,339,0.0910089324937765,False,26,1,5.0,339.0,9379.91,414.16,79.65,3.98,36.64,4.25,12.21,0.53,27.08,25.96,25.96,24.69,83.17,111.82,419.4,11.16,0.0,0.0,5.0,30.0,14.0,16.0,11.0,25.0,19.0,45.0,20.0,8.0,2.0,16.0,44.0,16.0,78.0,12.0,6.0,3.0
2022,Chapecoense,14,45,Meio,9.0,-0.16469053487358654,False,Éderson,CF,CA,33.0,7,286,0.076780397325133,False,27,5,7.0,284.62,10219.75,566.34,155.89,6.64,55.65,5.38,12.65,0.32,33.52,27.53,28.3,113.66,58.91,339.43,292.9,28.6,11.92,20.85,89.0,62.0,26.0,5.0,20.0,1.0,3.0,5.0,36.0,9.0,8.0,35.0,14.0,58.0,34.0,23.0,80.0,51.0
2022,Chapecoense,14,45,Meio,9.0,-0.16469053487358654,False,Cleylton,LCB,ZE,29.0,3,241,0.0646995655781715,False,28,3,3.0,241.83,8327.76,238.92,87.08,4.47,32.01,3.72,7.82,1.12,9.68,30.13,30.13,33.13,72.36,46.38,240.41,6.62,0.0,0.0,,,,,,,,,,,,,,,,,,
2022,Chapecoense,14,45,Meio,9.0,-0.16469053487358654,False,Rodrigo Varanda,"CF, LW",CA,19.0,3,125,0.0335578659637819,False,29,6,3.0,124.56,10772.54,745.0,253.63,14.45,83.82,12.28,20.96,0.72,54.92,27.57,27.57,160.95,141.33,490.48,411.56,65.63,22.83,43.75,,,,,,,,,,,,,,,,,,
2022,Chapecoense,14,45,Meio,9.0,-0.16469053487358654,False,Rodriguinho,"LAMF, RAMF, LWF",EE,21.0,4,82,0.0220139600722409,False,30,5,4.0,82.32,11538.95,842.79,198.95,10.93,83.08,5.47,16.4,0.0,53.56,26.48,26.48,81.61,204.0,519.54,474.0,48.71,11.76,30.24,,,,,,,,,,,,,,,,,,
2022,Chapecoense,14,45,Meio,9.0,-0.16469053487358654,False,Caio Rangel,CF,CA,26.0,1,21,0.0056377214819153,False,31,7,1.0,20.73,10391.96,607.72,195.34,8.68,65.11,4.34,13.02,4.34,34.73,27.2,27.2,120.33,137.93,436.21,289.66,45.15,5.02,25.08,,,,,,,,,,,,,,,,,,
2022,Chapecoense,14,45,Meio,9.0,-0.16469053487358654,False,Calebe Costa,LCMF,MED,19.0,1,9,0.0024161663493922,False,32,7,1.0,9.33,12285.0,790.71,125.36,9.64,96.43,9.64,28.93,0.0,77.14,26.8,26.8,,54.82,,347.21,31.91,0.0,0.0,,,,,,,,,,,,,,,,,,
2022,Chapecoense,14,45,Meio,9.0,-0.16469053487358654,False,Vitor Becker,RCB,ZD,21.0,1,9,0.0024161663493922,False,33,2,1.0,9.33,10819.29,424.29,221.79,0.0,28.93,19.29,19.29,0.0,19.29,,,,118.78,,201.02,0.0,0.0,0.0,,,,,,,,,,,,,,,,,,
2022,Criciúma,8,56,Meio,16.0,0.3122380378239036,True,Arilson,"RCMF, DMF, LCMF",MED,28.0,33,2931,0.7678256727792331,True,1,1,32.0,2838.72,9336.8,448.02,136.77,7.23,51.74,6.25,17.34,1.3,31.45,28.91,31.46,46.74,116.35,163.34,372.17,19.34,1.1,3.55,5.0,21.0,53.0,56.0,42.0,81.0,77.0,84.0,35.0,93.0,95.0,42.0,77.0,23.0,51.0,23.0,28.0,33.0
2022,Criciúma,8,56,Meio,16.0,0.3122380378239036,True,Fellipe Mateus,"LCMF, LW",MED,31.0,36,2895,0.7583948559180756,True,2,2,35.0,2803.5,10504.61,569.18,93.28,5.46,53.54,4.85,14.09,0.39,39.39,26.53,29.14,41.83,65.41,291.68,394.38,35.77,3.31,8.94,72.0,74.0,26.0,30.0,49.0,28.0,44.0,19.0,70.0,19.0,42.0,37.0,21.0,77.0,60.0,81.0,65.0,74.0
2022,Criciúma,8,56,Meio,16.0,0.3122380378239036,True,Marcelo Hermes,LB,LE,27.0,31,2464,0.6454870207192188,True,3,1,29.0,2369.88,9918.7,576.58,203.13,10.03,62.51,8.2,17.58,1.41,28.79,29.23,31.22,138.08,99.48,319.72,351.71,23.69,2.12,5.43,60.0,62.0,50.0,42.0,38.0,65.0,42.0,38.0,32.0,49.0,65.0,65.0,38.0,62.0,52.0,38.0,72.0,68.0
2022,Criciúma,8,56,Meio,16.0,0.3122380378239036,True,Cristovam,RB,LD,32.0,33,1981,0.5189568944986901,False,4,1,33.0,1980.99,9933.27,585.18,232.3,11.72,67.65,7.22,18.95,2.23,36.21,29.45,32.76,122.02,147.09,306.32,380.94,25.4,1.47,4.89,72.0,68.0,70.0,65.0,68.0,32.0,67.0,68.0,84.0,61.0,95.0,46.0,84.0,53.0,72.0,52.0,64.0,84.0
2022,Criciúma,8,56,Meio,16.0,0.3122380378239036,True,Hygor,"RWF, RAMF, RW",ED,30.0,31,1790,0.4689211717075494,False,5,1,28.0,1711.64,9939.07,750.14,330.93,19.4,96.17,15.09,29.81,4.05,44.85,29.55,31.34,225.6,178.92,435.28,463.77,36.21,8.91,22.36,40.0,87.0,87.0,96.0,95.0,100.0,100.0,89.0,73.0,59.0,63.0,78.0,91.0,75.0,89.0,58.0,93.0,95.0
2022,Criciúma,8,56,Meio,16.0,0.3122380378239036,True,Marquinhos Gabriel,"CF, RWF, LWF",CA,32.0,19,1731,0.4534651107406525,False,6,1,19.0,1734.7,9879.74,552.11,135.62,8.15,60.18,6.64,14.73,0.78,40.67,27.95,30.02,92.35,64.02,315.26,339.99,37.52,5.0,16.13,72.0,51.0,14.0,19.0,30.0,7.0,8.0,20.0,74.0,28.0,32.0,22.0,15.0,42.0,59.0,80.0,7.0,14.0
2022,Criciúma,8,56,Meio,16.0,0.3122380378239036,True,Rayan,LCB,ZE,32.0,20,1683,0.4408906882591092,False,7,1,19.0,1663.83,8682.46,301.4,76.49,4.44,33.37,4.76,10.12,0.97,17.74,28.36,29.86,22.06,56.88,85.28,244.05,6.08,0.32,0.32,24.0,47.0,21.0,50.0,53.0,39.0,58.0,82.0,42.0,62.0,34.0,39.0,21.0,18.0,58.0,55.0,70.0,45.0
2022,Criciúma,8,56,Meio,16.0,0.3122380378239036,True,Thiago Alagoano,"LWF, CF",EE,33.0,32,1671,0.4377470826387235,False,8,1,31.0,1606.42,10505.89,638.74,178.09,9.64,65.99,6.33,16.36,0.9,38.54,27.95,30.36,137.99,69.24,384.98,364.96,38.28,8.3,22.02,87.0,53.0,25.0,21.0,28.0,12.0,21.0,18.0,40.0,19.0,38.0,34.0,15.0,41.0,56.0,69.0,85.0,93.0
2022,Criciúma,8,56,Meio,16.0,0.3122380378239036,True,Marcos Serrato,"DMF, LCMF",VOL,28.0,26,1604,0.4201952845915694,False,9,1,25.0,1570.0,9964.14,415.32,94.99,5.1,44.31,3.96,13.24,0.8,31.24,27.59,30.64,24.63,81.08,138.05,363.17,14.76,0.75,3.34,39.0,31.0,25.0,31.0,42.0,14.0,47.0,67.0,44.0,48.0,78.0,12.0,38.0,36.0,48.0,33.0,47.0,59.0
2022,Criciúma,8,56,Meio,16.0,0.3122380378239036,True,Léo Costa,DMF,VOL,26.0,23,1544,0.4044772564896404,False,10,2,22.0,1537.8000000000002,10107.46,337.43,55.71,2.17,30.55,3.34,11.24,0.12,35.23,25.41,27.92,13.17,50.63,74.33,309.04,8.43,0.68,1.45,58.0,9.0,5.0,2.0,3.0,5.0,16.0,8.0,62.0,2.0,16.0,2.0,6.0,3.0,19.0,5.0,41.0,30.0
2022,Criciúma,8,56,Meio,16.0,0.3122380378239036,True,Caio Dantas,CF,CA,29.0,25,1448,0.3793284115265539,False,11,2,24.0,1386.48,9343.81,448.27,128.39,7.14,49.66,8.24,17.07,0.84,32.97,27.81,30.14,88.92,56.07,277.97,241.39,30.66,10.58,23.5,34.0,9.0,9.0,12.0,8.0,37.0,35.0,24.0,34.0,22.0,34.0,19.0,8.0,19.0,12.0,38.0,62.0,68.0
2022,Criciúma,8,56,Meio,16.0,0.3122380378239036,True,Hélder Santos,LB,LE,33.0,20,1404,0.3678018575851393,False,12,2,19.0,1399.35,9823.51,515.96,146.13,7.98,54.8,6.69,16.02,1.35,26.82,28.44,30.26,103.37,64.16,319.24,285.55,26.51,1.45,5.11,55.0,38.0,18.0,15.0,18.0,20.0,28.0,32.0,18.0,18.0,20.0,30.0,15.0,60.0,20.0,65.0,52.0,60.0
2022,Criciúma,8,56,Meio,16.0,0.3122380378239036,True,Rafael Bilu,"RWF, CF, RW",ED,23.0,19,1297,0.3397713741366992,False,13,2,19.0,1300.55,9566.48,492.48,188.7,9.96,61.59,9.9,21.45,2.21,40.13,29.52,31.44,125.96,95.88,328.32,264.4,31.0,3.6,12.77,20.0,13.0,24.0,25.0,15.0,76.0,65.0,57.0,45.0,55.0,65.0,20.0,38.0,16.0,15.0,29.0,27.0,53.0
2022,Criciúma,8,56,Meio,16.0,0.3122380378239036,True,Lohan,CF,CA,26.0,17,1194,0.3127887592283876,False,14,3,17.0,1189.49,8814.45,436.73,109.33,6.81,48.5,6.96,14.83,0.61,28.15,27.62,29.32,68.38,65.72,232.95,302.18,20.38,6.95,13.66,5.0,7.0,4.0,9.0,7.0,11.0,11.0,14.0,12.0,18.0,19.0,4.0,19.0,4.0,38.0,3.0,23.0,7.0
2022,Criciúma,8,56,Meio,16.0,0.3122380378239036,True,Zé Marcos,LCB,ZE,24.0,16,1181,0.3093831864729697,False,15,2,15.0,1177.35,9193.41,371.87,105.03,6.65,43.11,4.36,10.09,0.15,20.26,28.35,30.26,31.94,84.92,136.51,276.94,8.65,0.23,0.47,82.0,87.0,79.0,92.0,100.0,18.0,55.0,9.0,71.0,58.0,47.0,66.0,71.0,89.0,71.0,82.0,58.0,66.0
2022,Criciúma,8,56,Meio,16.0,0.3122380378239036,True,Gustavo Cazonatti,"RDMF, LCMF, RCMF",VOL,26.0,13,826,0.2163848535365563,False,16,3,12.0,761.4000000000001,10075.9,490.53,132.98,8.51,58.86,6.03,17.61,1.65,37.12,29.38,31.98,45.91,108.48,203.49,375.93,17.51,0.22,1.53,52.0,64.0,64.0,86.0,80.0,88.0,92.0,98.0,72.0,98.0,100.0,56.0,75.0,66.0,55.0,45.0,20.0,32.0
2022,Criciúma,8,56,Meio,16.0,0.3122380378239036,True,O. Henríquez,"LCB, RCB",ZE,33.0,9,685,0.179447487497023,False,17,3,8.0,588.88,9403.81,381.9,78.86,4.43,33.77,5.2,9.93,0.61,15.59,27.52,29.48,17.92,76.81,117.96,316.31,6.94,0.33,0.99,97.0,89.0,29.0,47.0,55.0,71.0,47.0,54.0,18.0,16.0,28.0,16.0,63.0,71.0,92.0,61.0,75.0,84.0
2022,Criciúma,8,56,Meio,16.0,0.3122380378239036,True,Ítalo,"LWF, LW, LCMF",EE,29.0,11,597,0.1563943796141938,False,18,2,11.0,596.97,10551.72,598.33,162.21,9.8,64.22,8.44,15.83,1.81,44.17,28.76,29.72,84.89,104.87,334.3,412.95,34.61,2.88,9.04,88.0,31.0,16.0,22.0,19.0,59.0,16.0,53.0,65.0,35.0,25.0,12.0,44.0,18.0,79.0,40.0,16.0,18.0
2022,Criciúma,8,56,Meio,16.0,0.3122380378239036,True,Lucas Xavier,"LWF, LW, AMF",EE,28.0,15,590,0.1545606096689687,False,19,3,14.0,566.5799999999999,10263.19,612.74,183.33,10.17,70.06,7.78,20.97,0.64,43.37,27.84,29.46,113.73,95.75,359.91,360.34,37.57,4.53,19.11,68.0,43.0,26.0,25.0,35.0,41.0,74.0,7.0,59.0,13.0,21.0,26.0,35.0,31.0,53.0,65.0,37.0,79.0
2022,Criciúma,8,56,Meio,16.0,0.3122380378239036,True,Kadu,LCB,ZE,25.0,6,557,0.1459156942129078,False,20,4,6.0,558.54,8633.97,261.51,76.54,2.9,26.26,4.99,9.99,0.0,16.92,28.1,28.66,11.28,71.23,62.05,254.01,4.07,0.0,0.0,18.0,21.0,24.0,5.0,13.0,55.0,53.0,3.0,32.0,45.0,8.0,3.0,53.0,8.0,63.0,21.0,12.0,8.0
2022,Criciúma,8,56,Meio,16.0,0.3122380378239036,True,Renan Areias,"RB, DMF",LD,24.0,10,370,0.0969278399618956,False,21,2,9.0,297.63,10204.03,648.88,124.27,8.47,64.71,6.65,17.24,0.91,41.12,26.6,27.86,47.07,88.11,285.68,437.34,36.23,3.19,8.76,91.0,84.0,9.0,20.0,54.0,19.0,46.0,18.0,93.0,4.0,7.0,7.0,26.0,42.0,84.0,95.0,95.0,96.0
2022,Criciúma,8,56,Meio,16.0,0.3122380378239036,True,Gedeílson,"RB, RW, RCMF",LD,29.0,5,261,0.0683734222433912,False,22,3,5.0,262.3,9779.57,566.83,234.69,13.04,73.08,9.26,17.84,4.46,41.52,29.06,29.06,183.03,116.47,367.78,368.02,32.36,1.67,3.91,60.0,63.0,72.0,79.0,79.0,77.0,60.0,100.0,95.0,53.0,16.0,84.0,60.0,81.0,68.0,84.0,71.0,61.0
2022,Criciúma,8,56,Meio,16.0,0.3122380378239036,True,Fernando Viana,CF,CA,30.0,10,236,0.0618242438675875,False,23,4,9.0,202.23,10676.28,688.02,250.55,12.91,79.66,8.9,23.59,1.34,48.06,28.27,29.6,201.59,118.37,383.37,430.9,43.76,7.84,23.51,99.0,89.0,72.0,70.0,84.0,66.0,96.0,38.0,93.0,34.0,24.0,89.0,62.0,82.0,82.0,97.0,33.0,69.0
2022,Criciúma,8,56,Meio,16.0,0.3122380378239036,True,Negueba,"LWF, LAMF, LW",EE,30.0,6,198,0.0518694927363658,False,24,4,6.0,198.3,9681.69,424.36,166.11,9.53,57.19,9.98,19.52,2.27,39.94,29.3,29.9,99.38,109.55,216.05,265.13,27.27,5.93,14.23,22.0,1.0,18.0,19.0,9.0,87.0,53.0,71.0,43.0,49.0,28.0,19.0,50.0,1.0,13.0,13.0,59.0,51.0
2022,Criciúma,8,56,Meio,16.0,0.3122380378239036,True,Lucas Poletto,"LAMF, LWF, LW",EE,27.0,7,184,0.0482019528459156,False,25,5,6.0,149.34,10365.42,732.34,160.93,12.05,81.97,9.64,20.49,1.21,43.4,27.05,27.56,74.15,69.56,371.78,374.12,26.9,3.36,12.33,79.0,82.0,15.0,46.0,68.0,81.0,62.0,26.0,60.0,6.0,3.0,6.0,16.0,34.0,60.0,10.0,25.0,37.0
2022,Criciúma,8,56,Meio,16.0,0.3122380378239036,True,Tiago Marques,CF,CA,34.0,3,158,0.0413908073350797,False,26,5,3.0,158.76,9735.99,620.72,243.75,12.47,82.2,11.34,22.67,1.13,39.68,28.93,28.93,195.89,89.62,366.69,336.94,33.91,10.17,26.0,,,,,,,,,,,,,,,,,,
2022,Criciúma,8,56,Meio,16.0,0.3122380378239036,True,Renan Bressan,"RW, LWF, LCMF",ED,33.0,6,113,0.029602286258633,False,27,3,6.0,112.38,10841.64,624.56,89.68,6.41,62.46,7.21,19.22,0.0,46.44,25.43,25.8,34.56,61.76,230.72,482.13,45.65,1.3,22.17,98.0,51.0,2.0,2.0,18.0,24.0,36.0,2.0,82.0,2.0,2.0,2.0,5.0,4.0,95.0,89.0,2.0,93.0
2022,Criciúma,8,56,Meio,16.0,0.3122380378239036,True,Wellington Manzoli,LB,LE,21.0,1,77,0.0201714693974755,False,28,3,1.0,76.7,8902.61,349.67,116.17,9.39,45.76,4.69,16.43,2.35,25.81,26.6,26.6,39.03,83.61,135.46,247.35,9.18,0.0,2.3,,,,,,,,,,,,,,,,,,
2022,Criciúma,8,56,Meio,16.0,0.3122380378239036,True,Eduardo Melo,CF,CA,21.0,5,72,0.0188616337223148,False,29,6,5.0,71.95,11251.67,779.47,419.14,13.76,90.08,7.51,18.77,2.5,48.8,30.14,30.14,72.32,298.53,389.73,455.88,37.61,7.16,26.87,100.0,100.0,99.0,76.0,96.0,18.0,73.0,76.0,96.0,85.0,34.0,7.0,97.0,89.0,89.0,81.0,24.0,84.0
2022,Criciúma,8,56,Meio,16.0,0.3122380378239036,True,Jackson Henrique,RCB,ZD,19.0,1,65,0.0170278637770897,False,30,1,1.0,66.05,9294.32,365.18,98.11,6.81,38.15,6.81,14.99,1.36,24.53,27.4,27.4,48.94,42.1,141.39,207.11,9.05,0.0,0.0,,,,,,,,,,,,,,,,,,
2022,Criciúma,8,56,Meio,16.0,0.3122380378239036,True,Alexandre Tam,"RAMF, LB",ED,23.0,2,36,0.0094308168611574,False,31,4,2.0,35.92,11416.43,836.94,182.92,7.52,60.14,7.52,15.03,2.51,40.09,25.8,25.8,148.93,45.11,475.04,500.75,28.23,0.0,0.0,,,,,,,,,,,,,,,,,,
2022,Criciúma,8,56,Meio,16.0,0.3122380378239036,True,Guilherme Azevedo,"LCMF, RWF",MED,21.0,2,14,0.0036675398904501,False,32,3,2.0,14.8,12040.54,1240.54,650.68,24.32,145.95,18.24,36.49,0.0,48.65,28.2,28.2,101.61,412.99,769.35,553.25,44.12,0.0,0.0,,,,,,,,,,,,,,,,,,
2022,Cruzeiro,1,78,Sobe,3.0,0.5032450477868315,True,Eduardo Brock,LCB,ZE,31.0,33,3000,0.8005239793319263,True,1,1,33.0,3005.64,8981.57,341.66,100.13,5.03,37.16,4.76,10.45,0.33,21.11,28.09,30.6,28.3,104.12,111.25,336.34,10.27,0.14,0.14,53.0,74.0,74.0,66.0,79.0,39.0,66.0,24.0,82.0,42.0,68.0,53.0,95.0,68.0,100.0,95.0,41.0,22.0
2022,Cruzeiro,1,78,Sobe,3.0,0.5032450477868315,True,Zé Ivaldo,"RCB, RB",ZD,25.0,30,2702,0.7210052640516217,True,2,1,30.0,2704.2,8541.68,344.98,144.75,7.72,43.03,5.23,12.15,1.16,17.84,30.01,33.32,42.64,159.9,97.95,365.36,5.98,0.24,0.42,11.0,72.0,89.0,89.0,81.0,51.0,78.0,78.0,42.0,92.0,97.0,78.0,97.0,47.0,92.0,42.0,74.0,69.0
2022,Cruzeiro,1,78,Sobe,3.0,0.5032450477868315,True,Neto Moura,"LCMF, RCMF",MED,25.0,28,2465,0.6577638696843995,True,3,1,28.0,2469.04,9873.1,488.29,112.19,5.87,48.48,5.07,13.81,0.87,35.5,27.37,29.98,39.14,109.83,154.08,519.7,16.74,0.56,1.97,28.0,40.0,40.0,35.0,28.0,36.0,40.0,72.0,51.0,50.0,65.0,28.0,74.0,19.0,93.0,12.0,12.0,14.0
2022,Cruzeiro,1,78,Sobe,3.0,0.5032450477868315,True,Edu,CF,CA,29.0,33,2278,0.6078645416393761,True,4,1,33.0,2284.59,8936.22,507.54,207.05,11.19,63.03,8.78,17.49,1.62,28.72,28.89,31.12,123.64,127.73,303.89,293.44,33.46,14.67,25.85,9.0,31.0,51.0,53.0,42.0,59.0,48.0,54.0,14.0,55.0,67.0,46.0,66.0,34.0,35.0,57.0,95.0,81.0
2022,Cruzeiro,1,78,Sobe,3.0,0.5032450477868315,True,Matheus Bidu,"LWB, LB",LE,23.0,28,2276,0.6073308589864881,True,5,1,28.0,2279.2000000000003,10186.75,647.95,242.32,12.44,72.49,6.95,20.81,2.01,32.42,29.49,31.64,128.81,169.39,344.4,463.96,24.96,2.92,8.1,88.0,92.0,72.0,70.0,85.0,38.0,92.0,62.0,62.0,55.0,80.0,45.0,85.0,70.0,98.0,50.0,88.0,85.0
2022,Cruzeiro,1,78,Sobe,3.0,0.5032450477868315,True,Willian Oliveira,"RCMF, DMF, LCMF",MED,29.0,27,2237,0.5969240472551731,False,6,2,27.0,2243.97,10068.6,445.31,97.94,4.33,42.92,4.97,13.6,0.4,30.68,26.37,28.98,27.95,103.19,121.01,509.09,13.97,0.89,2.81,37.0,19.0,30.0,19.0,16.0,33.0,37.0,21.0,26.0,12.0,37.0,12.0,65.0,7.0,91.0,7.0,26.0,23.0
2022,Cruzeiro,1,78,Sobe,3.0,0.5032450477868315,True,Filipe Machado,"RCMF, LCMF, DMF",MED,26.0,25,2077,0.554229435024137,False,7,3,25.0,2076.75,9055.91,306.7,78.1,4.25,32.85,4.42,11.66,0.48,20.24,27.46,30.14,20.24,93.05,87.12,355.59,9.03,0.67,1.52,2.0,2.0,9.0,16.0,2.0,23.0,12.0,28.0,2.0,53.0,70.0,2.0,51.0,2.0,37.0,2.0,14.0,9.0
2022,Cruzeiro,1,78,Sobe,3.0,0.5032450477868315,True,Luvannor,"CF, RWF",CA,32.0,29,1800,0.4803143875991558,False,8,2,29.0,1803.8,10547.44,769.09,283.84,16.07,90.06,9.73,17.76,2.1,48.1,28.84,30.94,163.48,182.54,446.56,482.42,45.54,13.29,25.69,97.0,99.0,85.0,93.0,95.0,77.0,55.0,66.0,95.0,53.0,59.0,73.0,91.0,99.0,93.0,100.0,88.0,80.0
2022,Cruzeiro,1,78,Sobe,3.0,0.5032450477868315,True,Geovane Jesus,"RWB, RCB, RB",LD,20.0,27,1611,0.4298813769012444,False,9,1,27.0,1614.06,9495.78,495.96,184.56,10.26,58.43,7.97,17.73,2.23,27.88,29.84,33.08,98.8,130.36,220.97,395.09,13.55,0.61,2.1,28.0,28.0,39.0,40.0,33.0,54.0,58.0,68.0,32.0,77.0,96.0,32.0,75.0,16.0,77.0,7.0,21.0,25.0
2022,Cruzeiro,1,78,Sobe,3.0,0.5032450477868315,True,Bruno Rodrigues,"LWF, CF, LAMF",EE,25.0,18,1524,0.4066661815006186,False,10,1,18.0,1524.78,10123.92,583.24,304.63,15.41,78.45,7.32,16.59,2.01,35.83,31.23,33.16,200.27,161.53,353.47,336.59,33.63,6.41,12.1,54.0,28.0,79.0,78.0,59.0,32.0,22.0,62.0,21.0,96.0,97.0,71.0,76.0,26.0,43.0,34.0,74.0,34.0
2022,Cruzeiro,1,78,Sobe,3.0,0.5032450477868315,True,Daniel Júnior,"LWF, AMF, CF",EE,20.0,25,1474,0.3933241151784198,False,11,2,25.0,1476.75,10048.43,709.76,299.69,16.64,88.56,9.45,20.66,3.72,45.89,29.62,31.62,128.32,279.84,332.98,593.33,32.91,6.22,16.88,46.0,72.0,76.0,85.0,85.0,78.0,65.0,99.0,74.0,57.0,65.0,29.0,99.0,16.0,97.0,32.0,71.0,68.0
2022,Cruzeiro,1,78,Sobe,3.0,0.5032450477868315,True,Jajá,"LWF, RWB, RWF",EE,21.0,19,1323,0.3530310748853795,False,12,3,19.0,1323.92,9254.54,571.71,325.22,15.23,77.57,9.59,19.44,3.6,37.12,31.69,33.72,214.71,170.86,378.26,300.37,29.18,5.47,11.55,6.0,24.0,87.0,76.0,56.0,79.0,50.0,97.0,32.0,100.0,100.0,79.0,84.0,40.0,29.0,21.0,49.0,32.0
2022,Cruzeiro,1,78,Sobe,3.0,0.5032450477868315,True,L. País,RWB,LD,28.0,17,905,0.2414914004317978,False,13,2,17.0,905.59,10676.27,799.75,277.58,16.1,87.36,9.94,25.54,2.19,45.22,28.09,30.04,197.81,137.1,439.49,561.15,37.87,5.26,11.4,100.0,100.0,91.0,96.0,100.0,89.0,100.0,65.0,98.0,19.0,35.0,91.0,79.0,96.0,98.0,96.0,98.0,98.0
2022,Cruzeiro,1,78,Sobe,3.0,0.5032450477868315,True,Fernando Canesin,"RWF, RCMF, LWF",ED,30.0,11,692,0.184654197899231,False,14,1,11.0,694.98,10779.15,639.57,199.42,11.01,69.93,6.86,15.54,0.78,34.83,28.26,29.22,131.54,95.54,382.31,413.37,48.74,9.91,26.51,96.0,62.0,36.0,40.0,47.0,18.0,9.0,15.0,18.0,20.0,16.0,25.0,36.0,40.0,71.0,95.0,98.0,100.0
2022,Cruzeiro,1,78,Sobe,3.0,0.5032450477868315,True,Rafa Silva,"CF, RWF, AMF",CA,30.0,16,622,0.1659753050481527,False,15,3,15.0,618.15,9626.84,491.57,256.56,10.92,59.41,7.86,16.02,2.77,33.64,29.52,32.1,182.28,105.04,293.07,267.69,29.02,7.33,21.1,51.0,27.0,73.0,47.0,27.0,26.0,18.0,81.0,38.0,72.0,89.0,85.0,50.0,28.0,24.0,28.0,26.0,54.0
2022,Cruzeiro,1,78,Sobe,3.0,0.5032450477868315,True,Adriano Firmino,"RCMF, LCMF",MED,22.0,15,603,0.1609053198457172,False,16,4,15.0,603.4499999999999,10288.32,503.03,177.62,6.71,55.18,5.97,15.96,1.19,36.99,28.12,29.82,123.17,72.88,275.26,352.89,29.29,5.4,8.25,58.0,53.0,74.0,44.0,56.0,65.0,67.0,81.0,58.0,63.0,60.0,93.0,33.0,70.0,33.0,58.0,86.0,67.0
2022,Cruzeiro,1,78,Sobe,3.0,0.5032450477868315,True,Rodolfo,"CF, LWF, RWF",CA,30.0,18,565,0.1507653494408461,False,17,4,17.0,557.26,10366.48,693.41,289.77,15.18,83.51,8.4,20.67,1.13,41.51,28.55,30.96,174.76,152.84,374.57,457.97,39.81,15.96,29.1,95.0,91.0,88.0,85.0,91.0,43.0,84.0,30.0,81.0,43.0,61.0,81.0,81.0,78.0,92.0,93.0,99.0,93.0
2022,Cruzeiro,1,78,Sobe,3.0,0.5032450477868315,True,Pedro Castro,"RCMF, LCMF",MED,29.0,13,541,0.1443611576061907,False,18,5,13.0,542.49,11365.71,813.07,179.34,9.62,76.98,6.3,20.07,1.66,46.95,26.97,28.6,63.66,160.62,315.0,693.26,34.11,4.13,8.53,98.0,98.0,77.0,84.0,93.0,84.0,95.0,95.0,93.0,31.0,26.0,56.0,100.0,81.0,100.0,74.0,79.0,70.0
2022,Cruzeiro,1,78,Sobe,3.0,0.5032450477868315,True,Lincoln,CF,CA,21.0,9,395,0.1054023239453703,False,19,5,9.0,395.82,9469.95,693.9,272.6,15.23,88.44,10.46,21.83,2.96,40.02,28.76,29.98,137.39,243.16,366.38,501.48,38.86,16.35,29.3,42.0,92.0,82.0,88.0,93.0,91.0,91.0,91.0,70.0,50.0,30.0,61.0,96.0,73.0,97.0,91.0,100.0,96.0
2022,Cruzeiro,1,78,Sobe,3.0,0.5032450477868315,True,Chay,"LAMF, AMF, LWF",EE,31.0,6,355,0.0947286708876112,False,20,4,6.0,354.78000000000003,10295.92,577.39,173.78,9.39,66.21,7.1,17.5,1.01,43.89,28.42,28.56,86.5,146.65,296.77,446.99,35.52,7.95,12.17,76.0,25.0,21.0,16.0,29.0,28.0,29.0,19.0,63.0,28.0,10.0,13.0,68.0,7.0,87.0,46.0,82.0,35.0
2022,Cruzeiro,1,78,Sobe,3.0,0.5032450477868315,True,Wesley Gasolina,"RWB, RAMF, RB",LD,22.0,9,337,0.0899255270116197,False,21,3,9.0,336.42,9771.0,645.6,219.13,13.38,74.11,8.03,20.33,2.68,33.18,28.88,30.3,88.95,218.45,335.65,474.24,18.99,2.28,4.18,56.0,82.0,58.0,82.0,84.0,56.0,77.0,88.0,67.0,35.0,42.0,21.0,95.0,68.0,93.0,18.0,86.0,71.0
2022,Cruzeiro,1,78,Sobe,3.0,0.5032450477868315,True,Marquinhos Cipriano,"LWB, LB",LE,23.0,7,303,0.0808529219125245,False,22,2,6.0,290.46,10212.53,654.4,315.42,15.8,79.32,9.61,21.69,2.79,30.36,30.38,30.74,137.8,234.56,317.12,467.97,20.37,3.02,8.68,92.0,95.0,92.0,95.0,92.0,90.0,98.0,80.0,42.0,90.0,39.0,62.0,98.0,52.0,100.0,18.0,91.0,90.0
2022,Cruzeiro,1,78,Sobe,3.0,0.5032450477868315,True,Kaiki,"LB, LWB",LE,19.0,6,273,0.0728476821192053,False,23,3,6.0,273.54,10020.16,702.19,321.15,16.12,80.29,6.91,20.07,2.63,35.21,29.87,30.28,170.64,237.84,417.18,435.23,30.16,2.46,10.46,72.0,100.0,98.0,100.0,98.0,35.0,85.0,75.0,85.0,62.0,24.0,82.0,100.0,98.0,92.0,78.0,82.0,95.0
2022,Cruzeiro,1,78,Sobe,3.0,0.5032450477868315,True,Wagner Leonardo,"LCB, CB",ZE,22.0,5,272,0.0725808407927613,False,24,2,4.0,245.48,9572.91,454.61,209.71,9.9,54.63,6.23,15.76,1.1,28.6,30.3,30.3,40.07,233.48,156.24,398.56,10.77,0.0,0.77,,,,,,,,,,,,,,,,,,
2022,Cruzeiro,1,78,Sobe,3.0,0.5032450477868315,True,Breno,"CF, AMF",CA,20.0,6,265,0.0707129515076535,False,25,6,6.0,265.62,10099.25,705.84,386.3,18.64,95.9,9.49,20.33,2.37,50.49,30.3,31.34,179.09,315.05,381.55,489.38,37.06,10.78,24.26,88.0,95.0,97.0,97.0,99.0,70.0,82.0,70.0,100.0,86.0,72.0,84.0,100.0,81.0,95.0,76.0,65.0,74.0
2022,Cruzeiro,1,78,Sobe,3.0,0.5032450477868315,True,Stênio,"RW, RWF, DMF",ED,19.0,5,238,0.0635082356936661,False,26,2,5.0,238.45,10425.56,701.33,286.5,17.36,88.7,11.32,23.4,4.15,44.92,30.52,30.52,210.3,134.03,448.75,439.04,36.42,7.76,15.52,85.0,71.0,71.0,91.0,82.0,87.0,76.0,93.0,75.0,87.0,44.0,73.0,71.0,76.0,82.0,60.0,84.0,67.0
2022,Cruzeiro,1,78,Sobe,3.0,0.5032450477868315,True,Waguininho,"RWB, RWF, LWF",LD,32.0,6,224,0.0597724571234505,False,27,4,6.0,224.34,10090.0,767.36,255.92,14.44,82.63,11.63,23.67,3.61,40.92,29.23,29.44,143.68,233.04,441.81,563.68,39.66,10.07,18.89,88.0,98.0,82.0,90.0,93.0,98.0,98.0,98.0,91.0,56.0,23.0,63.0,100.0,98.0,100.0,98.0,100.0,100.0
2022,Cruzeiro,1,78,Sobe,3.0,0.5032450477868315,True,Vitor Leque,"LWF, RWF, CF",EE,21.0,6,204,0.0544356305945709,False,28,5,6.0,203.94,10715.72,774.39,309.32,19.86,98.84,10.15,22.06,3.09,50.3,29.9,30.28,214.02,141.49,445.03,429.76,39.01,10.9,24.1,97.0,90.0,82.0,99.0,99.0,90.0,81.0,88.0,85.0,72.0,36.0,78.0,65.0,78.0,85.0,74.0,96.0,96.0
2022,Cruzeiro,1,78,Sobe,3.0,0.5032450477868315,True,Diego Miticov,"RCMF, LCMF, AMF",MED,20.0,4,203,0.054168789268127,False,29,6,4.0,202.4,10981.88,689.73,196.56,10.23,72.93,9.34,15.12,0.0,47.58,27.77,27.77,76.42,133.22,279.17,483.3,28.21,0.5,6.04,,,,,,,,,,,,,,,,,,
2022,Cruzeiro,1,78,Sobe,3.0,0.5032450477868315,True,P. Siles,"RCMF, AMF",MED,24.0,5,167,0.0445625015161439,False,30,7,5.0,166.5,11905.95,911.89,154.59,8.11,78.38,6.49,18.92,0.54,53.51,26.58,26.58,43.82,150.85,402.81,680.21,42.65,2.24,7.3,100.0,100.0,65.0,70.0,95.0,88.0,93.0,35.0,100.0,21.0,2.0,40.0,95.0,93.0,98.0,93.0,49.0,60.0
2022,Cruzeiro,1,78,Sobe,3.0,0.5032450477868315,True,Juan Christian,"CF, LW, RAMF",CA,21.0,4,109,0.0290857045823933,False,31,7,3.0,79.17,9787.07,603.66,216.0,13.64,78.44,13.64,19.33,5.68,62.53,30.27,30.27,107.36,134.4,285.82,453.6,17.14,5.04,8.06,,,,,,,,,,,,,,,,,,
2022,Cruzeiro,1,78,Sobe,3.0,0.5032450477868315,True,Matheus Xavier,"LCMF, CF, AMF",MED,18.0,3,79,0.021080464789074,False,32,8,3.0,79.53,11859.18,972.05,317.98,16.97,106.37,5.66,24.9,4.53,57.71,29.07,29.07,174.19,234.55,436.94,877.79,58.0,4.35,21.75,,,,,,,,,,,,,,,,,,
2022,Cruzeiro,1,78,Sobe,3.0,0.5032450477868315,True,Jhosefer,RWF,ED,18.0,1,43,0.0114741770370909,False,33,3,1.0,43.25,11299.42,732.49,528.55,24.97,101.97,14.57,39.54,8.32,56.18,29.5,29.5,334.32,297.74,327.05,511.58,41.16,7.26,24.21,,,,,,,,,,,,,,,,,,
2022,Cruzeiro,1,78,Sobe,3.0,0.5032450477868315,True,Vitor Roque,RWF,ED,17.0,1,42,0.0112073357106469,False,34,4,1.0,41.57,8563.35,363.75,147.23,12.99,62.79,6.5,23.82,4.33,49.8,28.8,28.8,103.06,89.11,258.85,255.45,28.75,2.4,11.98,,,,,,,,,,,,,,,,,,
2022,Cruzeiro,1,78,Sobe,3.0,0.5032450477868315,True,Eduardo Ageu,LCMF,MED,20.0,1,20,0.0053368265288795,False,35,9,1.0,20.1,11359.7,1065.67,398.51,17.91,116.42,8.96,22.39,4.48,71.64,29.7,29.7,218.5,311.03,442.2,900.0,36.4,0.0,15.6,,,,,,,,,,,,,,,,,,
2022,Cruzeiro,1,78,Sobe,3.0,0.5032450477868315,True,Ruan Santos,RCB,ZD,18.0,1,20,0.0053368265288795,False,36,2,1.0,20.1,9273.13,282.09,31.34,4.48,40.3,4.48,8.96,0.0,31.34,26.6,26.6,5.2,33.09,98.84,218.38,15.6,0.0,0.0,,,,,,,,,,,,,,,,,,
2022,Cruzeiro,1,78,Sobe,3.0,0.5032450477868315,True,Pedrão,RCB,ZD,18.0,1,12,0.0032020959173277,False,37,3,1.0,11.88,9323.14,196.91,7.57,0.0,22.72,15.15,0.0,0.0,15.15,23.1,23.1,,0.0,,49.41,,,,,,,,,,,,,,,,,,,,,
2022,Grêmio,2,65,Sobe,1.0,0.025855751827733586,False,Pedro Geromel,"RCB, CB",ZD,36.0,34,3234,0.9543661971830988,True,1,1,34.0,3238.16,8466.97,238.36,67.43,3.92,29.52,4.92,10.28,0.39,17.62,28.33,30.48,20.4,57.22,63.85,204.03,3.56,0.09,0.27,6.0,3.0,8.0,18.0,11.0,33.0,42.0,21.0,29.0,44.0,61.0,25.0,14.0,6.0,14.0,11.0,51.0,56.0
2022,Grêmio,2,65,Sobe,1.0,0.025855751827733586,False,M. Villasanti,"RDMF, DMF, RCMF",VOL,25.0,32,2959,0.8732126089872569,True,2,1,32.0,2962.24,10200.77,461.59,133.87,7.29,52.44,4.92,14.34,1.0,35.12,28.41,31.06,52.33,104.86,187.94,359.89,17.64,1.18,3.43,64.0,58.0,66.0,69.0,67.0,50.0,62.0,82.0,59.0,86.0,92.0,62.0,70.0,56.0,45.0,48.0,64.0,61.0
2022,Grêmio,2,65,Sobe,1.0,0.025855751827733586,False,Bitello,"LDMF, LCMF",VOL,22.0,36,2835,0.8366197183098592,True,3,2,36.0,2836.44,11358.08,679.22,170.33,10.41,72.57,4.76,15.1,1.11,57.11,28.39,30.92,113.63,91.15,395.35,415.8,49.43,4.94,15.06,100.0,100.0,89.0,97.0,98.0,42.0,69.0,91.0,98.0,84.0,87.0,97.0,56.0,100.0,75.0,100.0,100.0,100.0
2022,Grêmio,2,65,Sobe,1.0,0.025855751827733586,False,Biel,"RAMF, LWF, LAMF",ED,21.0,33,2646,0.7808450704225353,True,4,1,33.0,2650.89,10256.11,733.1,371.76,21.19,104.81,11.75,24.61,4.18,49.77,30.58,32.0,257.93,180.49,501.07,352.82,52.31,11.75,26.39,65.0,80.0,96.0,100.0,100.0,91.0,89.0,95.0,89.0,91.0,82.0,87.0,93.0,93.0,51.0,98.0,100.0,98.0
2022,Grêmio,2,65,Sobe,1.0,0.025855751827733586,False,Rodrigo Ferreira,RB,LD,27.0,23,1829,0.5397451374916163,False,5,1,23.0,1831.72,9796.92,536.01,216.63,11.4,64.86,8.3,15.62,2.6,31.54,29.68,31.9,159.53,90.15,298.32,318.74,30.75,2.64,5.69,61.0,49.0,56.0,61.0,56.0,65.0,21.0,82.0,56.0,74.0,82.0,74.0,30.0,51.0,40.0,80.0,91.0,91.0
2022,Grêmio,2,65,Sobe,1.0,0.025855751827733586,False,Diogo Barbosa,LB,LE,30.0,21,1635,0.4824949698189135,False,6,1,20.0,1634.6,9704.77,554.63,265.65,12.99,70.25,8.86,18.17,2.42,34.63,30.49,32.16,183.8,123.76,326.59,311.6,33.34,2.41,9.32,40.0,48.0,80.0,80.0,72.0,80.0,45.0,70.0,82.0,95.0,92.0,85.0,60.0,65.0,32.0,95.0,80.0,92.0
2022,Grêmio,2,65,Sobe,1.0,0.025855751827733586,False,J. Campaz,"AMF, RW, RWF",MEI,22.0,29,1525,0.4500335345405768,False,7,1,29.0,1525.98,11132.2,732.35,232.71,12.62,80.21,6.72,16.22,1.59,46.83,28.32,30.58,154.43,114.66,440.6,395.23,51.38,7.19,18.14,94.0,90.0,94.0,97.0,94.0,77.0,77.0,84.0,85.0,84.0,84.0,87.0,90.0,90.0,81.0,94.0,100.0,90.0
2022,Grêmio,2,65,Sobe,1.0,0.025855751827733586,False,Thiago Santos,"RCMF, RDMF, LCMF",MED,32.0,19,967,0.2853655264922871,False,8,1,19.0,967.67,9662.05,437.26,115.71,6.79,48.74,4.93,13.02,0.56,37.39,27.83,30.32,36.93,99.02,154.11,376.87,21.15,2.75,5.08,19.0,16.0,42.0,47.0,33.0,30.0,30.0,38.0,60.0,56.0,74.0,26.0,56.0,21.0,53.0,30.0,58.0,49.0
2022,Grêmio,2,65,Sobe,1.0,0.025855751827733586,False,Janderson,"RAMF, RWF, RW",ED,23.0,25,954,0.2815291750503018,False,9,2,25.0,953.5,10668.13,731.54,275.81,15.67,89.11,8.68,20.29,2.27,46.35,28.87,31.3,223.29,101.97,508.03,340.5,43.34,8.51,18.57,93.0,78.0,65.0,76.0,84.0,55.0,53.0,62.0,80.0,38.0,60.0,75.0,47.0,95.0,45.0,82.0,91.0,78.0
2022,Grêmio,2,65,Sobe,1.0,0.025855751827733586,False,Ai Kesen,"CF, AMF",CA,33.0,23,874,0.2579208584842388,False,10,1,23.0,873.54,9819.52,570.13,129.4,8.24,63.36,8.14,16.17,1.34,41.0,27.47,29.24,88.63,54.63,322.23,328.83,37.46,13.87,29.36,68.0,64.0,11.0,24.0,43.0,32.0,20.0,38.0,77.0,8.0,18.0,18.0,7.0,49.0,57.0,78.0,92.0,97.0
2022,Grêmio,2,65,Sobe,1.0,0.025855751827733586,False,W. Kannemann,LCB,ZE,31.0,8,771,0.2275251509054326,False,11,1,8.0,771.92,9089.12,328.56,92.69,5.25,37.54,5.01,10.96,1.4,22.97,28.15,29.0,32.5,74.64,101.02,280.13,5.39,0.32,1.58,66.0,63.0,61.0,71.0,82.0,61.0,82.0,93.0,95.0,47.0,13.0,68.0,58.0,53.0,76.0,39.0,70.0,97.0
2022,Grêmio,2,65,Sobe,1.0,0.025855751827733586,False,Elias Manoel,"RW, CF, LAMF",ED,20.0,18,724,0.2136552649228705,False,12,3,18.0,725.22,9649.51,600.57,336.71,16.38,81.17,10.3,20.11,2.85,38.35,30.67,32.96,300.32,121.62,415.37,304.19,37.51,8.5,21.35,27.0,42.0,91.0,82.0,65.0,80.0,49.0,76.0,33.0,95.0,96.0,95.0,64.0,65.0,31.0,64.0,89.0,91.0
2022,Grêmio,2,65,Sobe,1.0,0.025855751827733586,False,Rodrigues,"RCB, RB",ZD,24.0,7,550,0.1623071763916834,False,13,2,7.0,550.13,9038.99,433.87,147.41,9.0,51.04,5.56,15.21,1.64,29.61,29.84,30.32,58.69,124.43,226.8,296.04,19.38,1.09,3.28,72.0,92.0,92.0,94.0,94.0,76.0,97.0,94.0,97.0,89.0,58.0,94.0,92.0,97.0,83.0,97.0,97.0,97.0
2022,Grêmio,2,65,Sobe,1.0,0.025855751827733586,False,Gabriel Silva,"LCMF, RW, LW",MED,20.0,15,542,0.1599463447350771,False,14,2,14.0,525.2800000000001,10505.81,668.57,187.28,9.94,73.85,6.0,14.56,1.88,52.6,28.33,30.68,141.9,69.69,407.78,351.85,46.68,6.49,20.29,74.0,88.0,91.0,88.0,91.0,67.0,58.0,98.0,98.0,74.0,86.0,98.0,28.0,95.0,30.0,98.0,95.0,100.0
2022,Grêmio,2,65,Sobe,1.0,0.025855751827733586,False,Thaciano,"RAMF, AMF",ED,27.0,13,517,0.1525687458081824,False,15,4,13.0,518.0500000000001,10116.94,639.28,210.72,11.29,72.96,6.43,19.46,0.87,37.87,28.34,30.06,159.39,76.98,380.76,376.22,45.19,9.64,20.93,56.0,60.0,42.0,45.0,49.0,11.0,41.0,16.0,31.0,24.0,29.0,44.0,16.0,38.0,62.0,87.0,96.0,87.0
2022,Grêmio,2,65,Sobe,1.0,0.025855751827733586,False,Léo Gomes,RB,LD,26.0,7,387,0.1142052313883299,False,16,2,6.0,378.6,9241.22,384.17,85.34,4.75,37.8,5.47,10.94,0.24,21.16,27.03,27.26,31.97,70.89,153.75,306.15,16.64,0.55,3.33,14.0,5.0,4.0,5.0,7.0,5.0,2.0,5.0,4.0,11.0,2.0,4.0,7.0,5.0,32.0,12.0,19.0,48.0
2022,Grêmio,2,65,Sobe,1.0,0.025855751827733586,False,Natã,"RCB, LCB",ZD,21.0,5,363,0.107122736418511,False,17,3,5.0,362.6,9017.95,292.62,86.37,4.47,33.75,4.22,11.67,1.24,21.34,28.62,28.62,18.81,95.34,67.02,303.58,6.74,0.0,0.0,64.0,28.0,25.0,31.0,44.0,8.0,67.0,81.0,75.0,57.0,14.0,11.0,69.0,11.0,86.0,53.0,22.0,15.0
2022,Grêmio,2,65,Sobe,1.0,0.025855751827733586,False,Mateus Sarará,"RB, RDMF, RWB",LD,20.0,10,286,0.0843997317236753,False,18,3,7.0,220.92,10349.86,703.52,235.05,13.44,77.81,9.37,21.18,1.63,47.25,26.73,27.54,118.44,153.7,383.07,448.49,19.6,1.96,3.92,95.0,95.0,74.0,84.0,89.0,82.0,88.0,44.0,100.0,5.0,4.0,42.0,86.0,88.0,89.0,23.0,77.0,62.0
2022,Grêmio,2,65,Sobe,1.0,0.025855751827733586,False,Jhonata Varela,"RWB, RB",LD,22.0,5,215,0.0634473507712944,False,19,4,4.0,197.76,9717.82,506.51,150.63,10.47,60.53,7.28,18.2,1.37,36.41,29.45,29.45,91.55,93.24,256.35,352.46,17.36,0.0,0.0,,,,,,,,,,,,,,,,,,
2022,Grêmio,2,65,Sobe,1.0,0.025855751827733586,False,Emerson Brito,"CF, RAMF, RW",CA,20.0,7,176,0.0519382964453387,False,20,2,4.0,144.92,9963.98,614.91,307.45,16.15,83.23,10.56,23.6,3.11,36.65,30.8,30.8,250.35,144.55,489.93,270.17,18.86,7.54,11.31,,,,,,,,,,,,,,,,,,
2022,Grêmio,2,65,Sobe,1.0,0.025855751827733586,False,Pedro Lucas,"AMF, RAMF, RW",MEI,20.0,9,172,0.0507578806170355,False,21,2,9.0,171.99,11219.17,730.01,202.52,10.47,80.59,9.42,17.79,2.09,54.95,27.33,29.44,155.49,87.74,423.82,441.47,59.71,2.71,20.81,100.0,87.0,87.0,87.0,97.0,97.0,94.0,97.0,97.0,48.0,56.0,90.0,74.0,84.0,87.0,100.0,19.0,100.0
2022,Grêmio,2,65,Sobe,1.0,0.025855751827733586,False,M. Benítez,"RWF, CF, RCMF",ED,28.0,4,107,0.0315761234071093,False,22,5,4.0,108.56,9986.77,474.18,108.6,9.12,53.05,5.8,13.26,0.0,37.3,27.02,27.02,79.75,59.33,302.53,315.62,22.7,6.49,6.49,,,,,,,,,,,,,,,,,,
2022,Grêmio,2,65,Sobe,1.0,0.025855751827733586,False,Jhonata Robert,"LWF, LAMF",EE,22.0,2,29,0.0085580147551978,False,23,1,2.0,28.92,9685.76,582.02,488.65,21.79,93.37,9.34,21.79,0.0,62.25,29.55,29.55,477.19,57.51,466.67,115.02,59.51,17.5,28.0,,,,,,,,,,,,,,,,,,
2022,Grêmio,2,65,Sobe,1.0,0.025855751827733586,False,Fernando Henrique,RCMF,MED,21.0,1,17,0.0050167672702883,False,24,3,1.0,17.43,10562.52,505.93,41.3,5.16,56.79,5.16,15.49,5.16,51.63,26.6,26.6,0.0,70.24,79.22,693.66,17.57,0.0,0.0,,,,,,,,,,,,,,,,,,
2022,Grêmio,2,65,Sobe,1.0,0.025855751827733586,False,K. Quejada,CF,CA,19.0,1,16,0.0047216633132126,False,25,3,1.0,15.63,9337.74,305.12,230.28,5.76,46.06,5.76,11.51,0.0,46.06,29.1,29.1,177.23,102.44,160.62,321.95,16.61,5.54,11.07,,,,,,,,,,,,,,,,,,
2022,Guarani,10,51,Meio,12.0,0.053639264952930255,False,Bruno José,"RAMF, RW, LAMF",ED,24.0,35,2469,0.6662332883601129,True,1,1,34.0,2390.2,9546.52,611.21,306.98,14.76,78.2,8.77,19.69,1.88,36.9,30.38,32.12,203.24,162.58,403.06,319.65,29.64,5.3,10.8,18.0,44.0,82.0,67.0,60.0,60.0,44.0,52.0,25.0,82.0,85.0,71.0,85.0,55.0,38.0,22.0,49.0,31.0
2022,Guarani,10,51,Meio,12.0,0.053639264952930255,False,Giovanni Augusto,"AMF, CF",MEI,32.0,27,2294,0.6190114068441065,True,2,1,27.0,2297.7,9332.55,437.21,143.83,6.7,49.94,4.86,10.3,0.55,28.63,28.99,30.92,106.04,63.82,292.51,239.19,30.39,3.25,7.36,10.0,16.0,61.0,45.0,29.0,26.0,10.0,32.0,16.0,94.0,90.0,71.0,32.0,29.0,16.0,29.0,32.0,13.0
2022,Guarani,10,51,Meio,12.0,0.053639264952930255,False,Leandro Vilela,"LDMF, LCMF, RDMF",VOL,27.0,29,2276,0.6141542990310315,True,3,1,28.0,2178.6800000000003,9954.75,459.12,86.92,4.34,42.96,3.59,12.48,0.21,31.19,26.58,28.6,28.74,78.66,121.28,448.71,17.45,0.82,1.07,38.0,55.0,20.0,21.0,31.0,8.0,27.0,17.0,42.0,19.0,28.0,23.0,33.0,30.0,83.0,44.0,50.0,19.0
2022,Guarani,10,51,Meio,12.0,0.053639264952930255,False,Derlan,LCB,ZE,26.0,26,2139,0.5771863117870722,False,4,1,25.0,2123.5,8889.92,329.09,87.35,4.53,31.96,4.75,9.58,0.38,18.99,27.7,30.04,30.67,69.98,132.25,238.05,8.54,0.78,1.07,34.0,66.0,55.0,55.0,45.0,34.0,34.0,30.0,58.0,21.0,37.0,61.0,50.0,84.0,53.0,79.0,95.0,89.0
2022,Guarani,10,51,Meio,12.0,0.053639264952930255,False,Rodrigo Andrade,"RCMF, RDMF, LDMF",MED,25.0,25,1906,0.5143137495400466,False,5,1,24.0,1860.48,9823.17,510.28,152.58,8.42,55.3,5.61,13.59,0.77,32.51,28.78,31.3,68.89,119.61,251.99,362.79,27.14,2.28,5.18,23.0,56.0,60.0,72.0,60.0,49.0,35.0,60.0,42.0,91.0,93.0,63.0,81.0,53.0,44.0,53.0,51.0,51.0
2022,Guarani,10,51,Meio,12.0,0.053639264952930255,False,Diogo Mateus,RB,LD,29.0,24,1782,0.4808536734944192,False,6,1,22.0,1680.58,9440.64,487.73,131.79,6.32,48.36,6.75,15.53,1.23,23.62,27.75,29.98,99.01,61.21,307.33,278.57,29.68,0.84,2.83,26.0,25.0,12.0,9.0,12.0,21.0,18.0,23.0,11.0,14.0,32.0,33.0,4.0,54.0,18.0,75.0,33.0,36.0
2022,Guarani,10,51,Meio,12.0,0.053639264952930255,False,Jamerson,LB,LE,23.0,19,1716,0.4630442781798111,False,7,1,19.0,1719.5,9357.5,527.82,235.75,11.72,67.16,10.15,19.73,2.62,24.76,30.18,31.8,148.12,136.17,318.37,308.2,23.49,0.32,2.17,15.0,40.0,70.0,62.0,60.0,95.0,80.0,72.0,12.0,78.0,82.0,75.0,78.0,57.0,28.0,35.0,5.0,10.0
2022,Guarani,10,51,Meio,12.0,0.053639264952930255,False,Matheus Pereira,LB,LE,21.0,15,1455,0.3926162148902244,False,8,2,14.0,1382.92,10096.13,544.48,243.28,11.91,66.51,6.9,14.77,2.34,31.04,30.52,32.34,97.51,201.25,268.79,373.11,23.18,1.88,4.47,82.0,42.0,75.0,65.0,57.0,32.0,12.0,68.0,50.0,98.0,95.0,20.0,92.0,28.0,75.0,32.0,68.0,50.0
2022,Guarani,10,51,Meio,12.0,0.053639264952930255,False,Isaque,"LAMF, LW, AMF",EE,25.0,20,1369,0.3694100331166441,False,9,1,18.0,1335.78,10125.93,511.36,139.66,7.14,57.47,4.38,14.82,0.67,36.58,27.56,29.14,100.27,58.38,359.3,232.24,38.05,6.98,13.28,56.0,16.0,9.0,4.0,10.0,1.0,10.0,9.0,28.0,7.0,15.0,21.0,1.0,29.0,4.0,68.0,76.0,46.0
2022,Guarani,10,51,Meio,12.0,0.053639264952930255,False,Madison,"RDMF, LDMF",VOL,24.0,26,1366,0.3686005151477983,False,10,2,26.0,1369.42,10317.43,508.53,160.42,8.02,54.35,4.14,12.62,1.05,33.85,28.3,31.24,85.99,117.74,235.98,378.6,23.3,3.63,5.7,73.0,75.0,88.0,78.0,70.0,17.0,34.0,86.0,55.0,79.0,94.0,88.0,84.0,78.0,56.0,72.0,97.0,81.0
2022,Guarani,10,51,Meio,12.0,0.053639264952930255,False,Ronaldo Alves,"LCB, RCB",ZE,33.0,14,1293,0.34890224457255,False,11,2,13.0,1196.13,8935.12,293.96,79.68,3.31,27.99,4.97,9.63,0.3,17.0,27.25,28.82,30.02,48.77,108.23,224.09,8.1,0.14,0.41,45.0,39.0,32.0,21.0,18.0,51.0,39.0,18.0,37.0,11.0,11.0,58.0,11.0,61.0,39.0,71.0,41.0,58.0
2022,Guarani,10,51,Meio,12.0,0.053639264952930255,False,Yago César,"RAMF, RWF",ED,25.0,30,1269,0.3424261008217834,False,12,2,29.0,1252.22,9755.95,647.57,286.53,14.66,80.06,8.84,19.26,2.44,40.46,29.91,32.38,230.02,110.88,407.38,370.86,32.39,4.83,11.12,31.0,64.0,73.0,65.0,62.0,62.0,38.0,67.0,47.0,67.0,90.0,80.0,56.0,60.0,56.0,38.0,42.0,33.0
2022,Guarani,10,51,Meio,12.0,0.053639264952930255,False,Lucas Ramon,RB,LD,28.0,19,1267,0.3418864221758861,False,13,2,19.0,1269.0100000000002,9970.92,633.43,273.17,12.76,70.7,7.66,16.45,1.49,31.35,30.17,32.04,198.8,140.98,364.51,382.05,26.95,1.31,2.89,77.0,79.0,88.0,77.0,74.0,40.0,30.0,34.0,54.0,89.0,89.0,93.0,81.0,79.0,74.0,59.0,54.0,39.0
2022,Guarani,10,51,Meio,12.0,0.053639264952930255,False,Júlio César,"LAMF, LW, RAMF",EE,28.0,22,1223,0.3300134919661474,False,14,2,21.0,1174.11,9786.68,647.06,319.43,15.79,83.94,7.51,20.31,2.22,42.08,30.4,32.54,217.09,166.27,432.09,356.23,41.77,5.45,11.45,28.0,56.0,84.0,81.0,79.0,38.0,60.0,69.0,47.0,87.0,90.0,81.0,78.0,71.0,51.0,82.0,47.0,31.0
2022,Guarani,10,51,Meio,12.0,0.053639264952930255,False,Yuri Jonathan,CF,CA,24.0,17,1141,0.3078866674843615,False,15,1,17.0,1143.93,9098.09,532.58,266.88,13.77,71.83,8.81,18.02,2.83,30.92,30.36,32.04,171.7,148.91,326.25,306.15,27.41,9.62,20.51,18.0,41.0,78.0,77.0,68.0,64.0,65.0,85.0,23.0,88.0,88.0,80.0,78.0,53.0,42.0,18.0,55.0,49.0
2022,Guarani,10,51,Meio,12.0,0.053639264952930255,False,Eduardo Person,"LDMF, AMF, RCMF",VOL,25.0,19,1024,0.2763154666993744,False,16,3,18.0,942.66,9876.0,380.75,98.34,5.35,42.87,5.35,14.03,0.57,25.49,28.5,31.64,40.44,83.92,172.95,292.76,20.26,0.62,4.13,30.0,16.0,30.0,42.0,27.0,64.0,58.0,51.0,16.0,89.0,98.0,48.0,45.0,47.0,12.0,56.0,39.0,66.0
2022,Guarani,10,51,Meio,12.0,0.053639264952930255,False,Nícolas Careca,CF,CA,25.0,15,948,0.2558076781552802,False,17,2,14.0,848.82,9341.58,552.87,197.23,11.77,68.39,6.89,15.59,1.59,32.13,29.24,30.84,115.74,137.99,273.33,438.9,28.32,6.52,17.85,32.0,53.0,46.0,61.0,59.0,9.0,15.0,51.0,28.0,66.0,55.0,38.0,72.0,15.0,85.0,20.0,16.0,26.0
2022,Guarani,10,51,Meio,12.0,0.053639264952930255,False,Silas,"LDMF, LCMF",VOL,26.0,13,673,0.181601864344413,False,18,4,13.0,673.79,10072.27,513.2,118.08,5.74,45.42,5.88,14.69,0.67,29.52,27.68,29.16,54.76,95.35,245.45,392.44,24.78,1.55,2.07,50.0,77.0,53.0,56.0,45.0,83.0,66.0,59.0,33.0,58.0,37.0,69.0,59.0,83.0,67.0,78.0,73.0,44.0
2022,Guarani,10,51,Meio,12.0,0.053639264952930255,False,R. Ríos,"RDMF, LW, LCMF",VOL,22.0,9,602,0.1624432724150619,False,19,5,9.0,604.17,10422.2,638.05,182.05,9.98,68.23,5.81,16.24,0.6,40.37,27.64,29.16,93.76,122.93,299.77,459.9,28.53,2.17,5.27,84.0,91.0,92.0,95.0,95.0,80.0,81.0,55.0,88.0,55.0,37.0,89.0,89.0,91.0,86.0,84.0,86.0,77.0
2022,Guarani,10,51,Meio,12.0,0.053639264952930255,False,Ernando,"RCB, CB, LCB",ZD,34.0,8,554,0.1494909849135287,False,20,1,8.0,555.28,9092.71,362.24,113.29,6.48,41.49,6.0,12.48,1.62,15.88,28.55,29.72,26.07,109.94,124.42,291.1,6.39,0.47,0.95,78.0,81.0,75.0,78.0,78.0,86.0,89.0,89.0,6.0,47.0,33.0,44.0,81.0,72.0,81.0,47.0,86.0,92.0
2022,Guarani,10,51,Meio,12.0,0.053639264952930255,False,Jenison,CF,CA,31.0,10,549,0.1481417882987857,False,21,3,10.0,550.4,9384.27,565.77,185.1,9.48,62.3,7.85,18.31,0.33,29.6,27.83,29.08,150.75,67.51,344.86,320.9,28.82,10.85,17.97,39.0,59.0,36.0,36.0,36.0,24.0,68.0,7.0,18.0,23.0,16.0,66.0,20.0,62.0,51.0,27.0,66.0,28.0
2022,Guarani,10,51,Meio,12.0,0.053639264952930255,False,Alexis Alvariño,"RB, RCB",LD,21.0,6,519,0.1400466086103274,False,22,3,6.0,520.26,8799.05,310.34,117.63,4.67,35.98,6.57,13.15,0.35,20.41,29.48,30.16,33.13,104.95,95.55,252.82,6.83,0.0,0.0,2.0,2.0,7.0,4.0,4.0,16.0,7.0,9.0,2.0,64.0,37.0,5.0,39.0,2.0,7.0,2.0,4.0,3.0
2022,Guarani,10,51,Meio,12.0,0.053639264952930255,False,Edson Carioca,"LW, LAMF, CF",EE,25.0,12,455,0.1227768919416165,False,23,3,12.0,455.04,9848.93,770.86,324.61,17.8,91.19,8.11,19.39,2.57,44.7,30.63,32.16,228.75,176.18,456.68,488.64,38.44,5.77,20.18,31.0,87.0,85.0,93.0,91.0,50.0,49.0,79.0,69.0,91.0,82.0,82.0,87.0,79.0,90.0,72.0,54.0,82.0
2022,Guarani,10,51,Meio,12.0,0.053639264952930255,False,Maxwell,"LWF, LAMF, CF",EE,27.0,11,350,0.0944437630320127,False,24,4,11.0,349.58000000000004,10271.97,773.64,283.71,13.13,82.64,7.47,19.82,1.54,43.25,29.43,31.02,201.41,159.64,550.29,392.08,39.49,8.19,20.22,69.0,88.0,63.0,57.0,74.0,37.0,57.0,37.0,57.0,50.0,58.0,72.0,74.0,97.0,72.0,75.0,84.0,84.0
2022,Guarani,10,51,Meio,12.0,0.053639264952930255,False,Índio,"LDMF, LCMF",VOL,29.0,10,344,0.0928247270943211,False,25,6,9.0,292.86,10328.62,637.93,196.36,9.22,63.61,5.84,16.9,0.31,37.18,27.26,28.28,85.47,137.07,270.41,443.09,23.09,1.82,6.08,77.0,89.0,98.0,92.0,92.0,81.0,88.0,27.0,73.0,36.0,23.0,86.0,92.0,86.0,81.0,66.0,80.0,84.0
2022,Guarani,10,51,Meio,12.0,0.053639264952930255,False,Mateus Ludke,RB,LD,21.0,5,320,0.0863485833435545,False,26,4,5.0,320.15,9575.95,549.9,219.28,8.43,56.51,4.78,17.43,0.28,24.46,28.52,28.52,161.43,117.62,332.64,351.6,19.58,1.26,3.16,37.0,60.0,60.0,18.0,26.0,4.0,47.0,7.0,16.0,27.0,11.0,77.0,63.0,67.0,63.0,21.0,50.0,43.0
2022,Guarani,10,51,Meio,12.0,0.053639264952930255,False,Mayk,LB,LE,23.0,7,292,0.0787930823009935,False,27,3,7.0,293.02,9768.09,618.53,350.11,15.66,77.39,8.6,19.66,3.38,33.17,30.21,31.16,221.38,177.58,398.87,330.92,27.17,2.63,4.38,45.0,75.0,100.0,92.0,90.0,75.0,78.0,100.0,68.0,80.0,61.0,100.0,88.0,92.0,42.0,70.0,85.0,48.0
2022,Guarani,10,51,Meio,12.0,0.053639264952930255,False,Lucas Venuto,"RAMF, RWF, RW",ED,27.0,10,239,0.0644915981847172,False,28,3,10.0,238.6,9628.55,582.52,242.59,9.05,66.4,9.05,18.86,0.38,39.24,28.33,30.06,160.74,216.77,394.0,387.58,20.28,1.69,8.45,24.0,35.0,56.0,16.0,33.0,65.0,35.0,7.0,42.0,22.0,29.0,49.0,98.0,45.0,65.0,4.0,5.0,22.0
2022,Guarani,10,51,Meio,12.0,0.053639264952930255,False,B. Miranda,"CF, AMF",CA,24.0,4,88,0.0237458604194774,False,29,4,4.0,88.24,10873.43,677.17,203.97,10.2,70.37,7.14,17.34,2.04,39.77,31.07,31.07,189.96,71.64,349.28,491.03,33.26,3.33,13.3,,,,,,,,,,,,,,,,,,
2022,Guarani,10,51,Meio,12.0,0.053639264952930255,False,Rafael Freitas,RAMF,ED,17.0,1,29,0.0078253403655096,False,30,4,1.0,29.35,9975.13,521.29,226.92,9.2,55.2,6.13,9.2,0.0,21.47,31.0,31.0,316.34,8.89,334.16,328.89,35.61,0.0,4.45,,,,,,,,,,,,,,,,,,
2022,Ituano,6,57,Meio,17.0,0.3504136826485551,True,Lucas Siqueira,"LDMF, LCMF",VOL,33.0,33,2964,0.7861121157323689,True,1,1,32.0,2868.8,10060.83,478.57,105.53,5.68,48.56,5.27,16.28,0.82,33.07,27.41,29.38,63.38,65.0,206.68,339.11,24.62,2.06,5.57,47.0,61.0,38.0,53.0,59.0,62.0,83.0,70.0,50.0,45.0,41.0,75.0,17.0,69.0,38.0,77.0,84.0,80.0
2022,Ituano,6,57,Meio,17.0,0.3504136826485551,True,Bernardo Schappo,LCB,ZE,23.0,29,2675,0.7094635322483424,True,2,1,28.0,2601.2000000000003,8941.55,276.59,73.32,3.94,30.76,4.95,9.13,0.42,19.0,27.98,30.52,19.86,58.71,92.24,199.56,5.55,0.15,0.22,47.0,32.0,18.0,32.0,37.0,47.0,26.0,39.0,61.0,34.0,64.0,26.0,26.0,37.0,21.0,45.0,46.0,29.0
2022,Ituano,6,57,Meio,17.0,0.3504136826485551,True,Rafael Pereira,"LCB, CB, RCB",ZE,37.0,33,2569,0.6813502109704641,True,3,2,32.0,2459.52,8943.29,268.18,51.67,3.11,29.6,4.76,11.12,0.15,24.96,26.82,30.34,22.63,37.16,72.1,215.0,3.44,0.33,0.33,50.0,29.0,3.0,11.0,32.0,39.0,84.0,9.0,100.0,8.0,53.0,42.0,3.0,13.0,34.0,13.0,75.0,47.0
2022,Ituano,6,57,Meio,17.0,0.3504136826485551,True,Kaio Mendes,"RW, RAMF, RB",ED,27.0,33,2336,0.6195539481615431,True,4,1,32.0,2307.52,10167.84,637.3,183.27,9.36,64.74,6.32,19.74,0.98,37.6,28.07,30.2,135.1,93.97,378.94,376.25,29.97,1.73,6.84,60.0,56.0,20.0,18.0,25.0,7.0,45.0,20.0,29.0,11.0,36.0,31.0,27.0,36.0,64.0,25.0,7.0,7.0
2022,Ituano,6,57,Meio,17.0,0.3504136826485551,True,Lucas Dias,RCB,ZD,26.0,25,2107,0.5588185654008438,False,5,1,24.0,2103.36,9015.72,326.22,97.86,5.82,39.37,5.56,12.24,0.9,22.55,29.28,31.46,32.71,72.56,119.14,224.28,8.69,0.0,0.18,61.0,58.0,61.0,67.0,69.0,76.0,81.0,69.0,78.0,78.0,75.0,58.0,42.0,69.0,31.0,69.0,22.0,47.0
2022,Ituano,6,57,Meio,17.0,0.3504136826485551,True,Aylon,"CF, AMF",CA,30.0,31,1995,0.529113924050633,False,6,1,30.0,1922.7,10276.74,534.4,158.69,9.22,64.27,8.05,17.41,1.5,37.17,28.24,30.94,113.95,83.58,321.3,315.97,34.82,8.34,17.93,91.0,43.0,28.0,31.0,47.0,30.0,45.0,45.0,55.0,32.0,59.0,36.0,34.0,47.0,49.0,65.0,41.0,27.0
2022,Ituano,6,57,Meio,17.0,0.3504136826485551,True,Roberto,LB,LE,31.0,24,1882,0.4991440626883665,False,7,1,23.0,1821.83,9401.31,423.43,124.25,6.47,46.64,6.77,14.08,1.43,26.83,28.63,30.74,101.22,55.54,259.87,232.82,21.88,0.53,4.67,25.0,5.0,10.0,10.0,10.0,25.0,10.0,40.0,20.0,22.0,39.0,25.0,5.0,22.0,2.0,25.0,15.0,52.0
2022,Ituano,6,57,Meio,17.0,0.3504136826485551,True,Mário Sérgio,LB,LE,28.0,25,1870,0.495961422543701,False,8,2,24.0,1833.6,10049.09,563.4,218.53,10.85,63.96,7.41,17.23,1.52,33.23,29.19,31.04,200.89,90.13,378.03,303.57,30.27,1.68,6.18,80.0,50.0,55.0,50.0,48.0,52.0,40.0,46.0,70.0,45.0,50.0,92.0,25.0,88.0,25.0,80.0,62.0,75.0
2022,Ituano,6,57,Meio,17.0,0.3504136826485551,True,Rafael Elias,CF,CA,23.0,22,1850,0.4906570223025919,False,9,2,22.0,1852.18,9548.73,577.41,270.07,15.21,76.92,9.62,19.68,2.87,39.02,29.99,31.54,166.66,160.3,370.79,320.99,31.07,9.53,22.09,46.0,66.0,80.0,86.0,78.0,74.0,77.0,89.0,65.0,81.0,76.0,77.0,82.0,77.0,53.0,39.0,53.0,61.0
2022,Ituano,6,57,Meio,17.0,0.3504136826485551,True,Raí Ramos,RB,LD,28.0,18,1715,0.4548523206751055,False,10,1,17.0,1618.0600000000002,9509.51,524.38,211.52,11.24,65.13,7.79,19.3,1.72,27.7,30.12,31.6,146.2,105.04,261.91,323.77,17.24,0.11,0.78,32.0,44.0,54.0,58.0,58.0,47.0,70.0,46.0,30.0,86.0,75.0,67.0,40.0,32.0,42.0,14.0,9.0,9.0
2022,Ituano,6,57,Meio,17.0,0.3504136826485551,True,Gerson Magrão,"AMF, LCMF, LAMF",MEI,37.0,28,1409,0.3736949969861362,False,11,1,27.0,1387.8,9136.74,514.24,223.72,10.63,62.12,7.26,14.72,1.62,31.52,29.55,32.56,173.83,102.32,354.26,268.82,27.42,2.8,9.1,6.0,32.0,90.0,90.0,71.0,84.0,55.0,87.0,32.0,100.0,100.0,94.0,84.0,58.0,29.0,13.0,23.0,26.0
2022,Ituano,6,57,Meio,17.0,0.3504136826485551,True,G. Barros,"LW, LAMF, LWF",EE,20.0,24,1290,0.342133815551537,False,12,1,23.0,1204.74,10083.49,726.9,340.18,16.81,90.01,9.19,24.65,1.94,56.55,29.77,31.96,231.15,159.02,478.65,342.5,43.39,5.52,17.99,51.0,81.0,93.0,88.0,90.0,71.0,94.0,57.0,97.0,62.0,72.0,84.0,72.0,87.0,44.0,91.0,50.0,75.0
2022,Ituano,6,57,Meio,17.0,0.3504136826485551,True,Pacheco,RB,LD,31.0,13,1236,0.3278119349005425,False,13,2,13.0,1237.34,9694.73,524.85,188.24,10.4,61.53,7.35,17.67,2.33,29.97,29.53,30.64,171.68,78.9,361.65,277.42,27.88,0.0,0.91,47.0,46.0,40.0,42.0,42.0,33.0,56.0,72.0,40.0,67.0,49.0,79.0,9.0,75.0,16.0,64.0,4.0,11.0
2022,Ituano,6,57,Meio,17.0,0.3504136826485551,True,J. Victor,"LW, LAMF, RAMF",EE,23.0,22,1011,0.2681374321880651,False,14,2,22.0,1010.24,10007.42,724.43,369.61,18.53,96.75,13.36,26.81,2.94,53.81,30.46,32.72,343.27,135.77,542.83,348.36,44.78,6.79,20.16,43.0,79.0,96.0,96.0,97.0,100.0,99.0,87.0,93.0,88.0,93.0,96.0,59.0,96.0,49.0,96.0,75.0,81.0
2022,Ituano,6,57,Meio,17.0,0.3504136826485551,True,Léo Ceará,"RAMF, LW, AMF",ED,23.0,16,989,0.2623025919228451,False,15,2,15.0,942.15,10203.88,625.92,283.15,14.81,81.3,9.65,22.16,2.77,44.71,30.19,31.48,232.97,94.41,420.88,285.44,34.06,3.71,10.41,64.0,53.0,69.0,69.0,67.0,73.0,72.0,75.0,71.0,78.0,67.0,82.0,31.0,71.0,22.0,45.0,29.0,29.0
2022,Ituano,6,57,Meio,17.0,0.3504136826485551,True,J. Jiménez,"DMF, RDMF, LDMF",VOL,29.0,22,950,0.2519590114526823,False,16,2,22.0,950.62,9851.45,400.15,86.52,4.73,43.36,5.49,13.63,0.85,29.63,26.96,29.52,54.22,53.43,146.92,299.1,12.89,1.71,2.09,28.0,22.0,19.0,27.0,33.0,72.0,50.0,73.0,36.0,27.0,47.0,66.0,9.0,42.0,16.0,20.0,75.0,45.0
2022,Ituano,6,57,Meio,17.0,0.3504136826485551,True,Dudu Vieira,"RCMF, RDMF, RW",MED,28.0,20,941,0.2495720313441832,False,17,1,20.0,942.8,10352.64,681.25,241.15,13.65,79.14,7.16,21.67,1.91,45.35,28.7,30.58,237.79,80.83,488.53,367.97,43.59,4.63,14.32,63.0,91.0,100.0,100.0,98.0,98.0,100.0,100.0,88.0,86.0,81.0,100.0,42.0,100.0,47.0,95.0,81.0,88.0
2022,Ituano,6,57,Meio,17.0,0.3504136826485551,True,Brenner,CF,CA,28.0,9,618,0.1639059674502712,False,18,3,8.0,568.64,9057.14,455.34,127.57,5.7,47.96,6.33,15.67,0.47,29.6,27.55,28.6,93.4,57.11,290.14,234.35,25.79,7.92,17.37,14.0,14.0,8.0,3.0,4.0,3.0,16.0,11.0,18.0,11.0,9.0,26.0,11.0,24.0,9.0,12.0,36.0,22.0
2022,Ituano,6,57,Meio,17.0,0.3504136826485551,True,Chrigor,CF,CA,21.0,17,510,0.1352622061482821,False,19,4,17.0,510.17,10356.84,704.62,433.46,22.41,100.03,9.35,17.99,2.82,50.46,31.12,33.56,359.05,222.2,458.14,412.69,41.15,8.89,28.06,93.0,93.0,100.0,100.0,100.0,68.0,64.0,84.0,99.0,97.0,96.0,100.0,95.0,100.0,80.0,96.0,46.0,92.0
2022,Ituano,6,57,Meio,17.0,0.3504136826485551,True,Vinícius Paiva,"LAMF, RAMF, RW",EE,21.0,13,510,0.1352622061482821,False,20,3,10.0,431.9,10086.14,722.19,419.65,19.38,93.97,8.75,18.96,2.29,45.01,31.09,32.68,341.98,170.53,475.47,406.12,42.22,4.94,17.96,53.0,76.0,97.0,97.0,94.0,62.0,44.0,72.0,71.0,94.0,91.0,94.0,82.0,85.0,76.0,88.0,43.0,74.0
2022,Ituano,6,57,Meio,17.0,0.3504136826485551,True,Neto Berola,"CF, AMF, LWF",CA,34.0,8,426,0.1129837251356238,False,21,5,8.0,426.4,8698.43,475.79,262.8,13.09,70.92,10.55,21.11,2.96,34.41,30.7,31.6,274.7,95.71,442.67,195.51,29.07,3.51,12.03,3.0,22.0,77.0,72.0,65.0,96.0,85.0,91.0,45.0,92.0,77.0,99.0,39.0,97.0,3.0,30.0,3.0,4.0
2022,Ituano,6,57,Meio,17.0,0.3504136826485551,True,Lucas Nathan,"AMF, LAMF, CF",MEI,23.0,14,404,0.1071488848704038,False,22,2,14.0,403.62,10921.09,779.58,270.27,12.93,82.73,6.69,17.17,0.67,51.29,28.85,31.48,198.13,137.24,521.38,419.36,45.55,4.8,14.39,90.0,97.0,100.0,100.0,100.0,74.0,90.0,39.0,90.0,90.0,94.0,100.0,100.0,100.0,84.0,87.0,61.0,71.0
2022,Ituano,6,57,Meio,17.0,0.3504136826485551,True,E. Córdoba,"RB, RWB",LD,28.0,5,360,0.0954792043399638,False,23,3,5.0,360.85,9347.36,409.55,169.86,9.98,52.38,9.23,18.21,3.24,30.18,29.36,29.36,148.08,83.39,287.58,218.62,19.79,0.55,1.65,21.0,11.0,25.0,39.0,19.0,75.0,63.0,95.0,44.0,60.0,21.0,68.0,14.0,46.0,2.0,25.0,19.0,16.0
2022,Ituano,6,57,Meio,17.0,0.3504136826485551,True,Vinícius Jaú,"RAMF, RWF, LAMF",ED,24.0,11,349,0.0925617842073538,False,24,3,10.0,318.2,10156.44,772.56,348.51,18.1,95.33,12.16,23.76,4.24,43.56,30.78,31.82,313.79,106.09,531.88,364.0,46.93,5.05,16.15,58.0,93.0,95.0,93.0,93.0,95.0,84.0,96.0,65.0,98.0,76.0,98.0,55.0,98.0,55.0,93.0,47.0,71.0
2022,Ituano,6,57,Meio,17.0,0.3504136826485551,True,Calyson,"LAMF, LW, RW",EE,29.0,7,117,0.0310307414104882,False,25,4,6.0,114.84,10555.51,1011.67,496.04,27.43,131.65,9.4,28.99,3.13,54.85,29.8,30.38,387.46,280.7,779.0,595.38,50.98,12.74,25.49,90.0,100.0,100.0,100.0,100.0,75.0,100.0,90.0,94.0,65.0,40.0,100.0,100.0,100.0,99.0,97.0,99.0,97.0
2022,Ituano,6,57,Meio,17.0,0.3504136826485551,True,Iago Teles,"CF, RW",CA,22.0,4,61,0.0161784207353827,False,26,6,4.0,61.28,10479.85,816.54,273.16,10.28,73.43,10.28,22.03,0.0,41.12,28.5,28.5,175.0,162.33,431.25,472.6,53.73,0.0,26.87,,,,,,,,,,,,,,,,,,
2022,Ituano,6,57,Meio,17.0,0.3504136826485551,True,Cleberson,RCB,ZD,29.0,1,12,0.0031826401446654,False,27,2,1.0,12.03,7957.89,441.27,29.92,0.0,22.44,0.0,7.48,0.0,22.44,23.8,23.8,,,,,23.26,0.0,0.0,,,,,,,,,,,,,,,,,,
2022,Ituano,6,57,Meio,17.0,0.3504136826485551,True,Denzel,CF,CA,19.0,1,6,0.0015913200723327,False,28,7,1.0,5.9,13027.12,1952.54,945.76,76.27,259.32,15.25,15.25,0.0,91.53,28.7,28.7,,,,,90.91,45.45,90.91,,,,,,,,,,,,,,,,,,
2022,Londrina,9,52,Meio,15.0,0.22893520831096859,True,Caprini,"RAMF, CF, RW",ED,24.0,37,3325,0.8861296184130829,True,1,1,36.0,3240.0,9315.2,568.53,186.37,10.86,68.39,7.86,20.72,1.86,36.81,28.81,30.98,121.91,100.9,374.47,308.6,31.5,3.95,12.12,11.0,29.0,22.0,33.0,40.0,36.0,56.0,48.0,24.0,35.0,55.0,16.0,45.0,29.0,36.0,35.0,35.0,42.0
2022,Londrina,9,52,Meio,15.0,0.22893520831096859,True,Vilar,LCB,ZE,22.0,32,3166,0.8437552998182919,True,2,1,31.0,3079.54,8893.79,290.47,99.28,5.67,36.39,4.71,9.62,1.4,19.87,29.36,31.9,20.15,85.2,77.43,231.3,5.54,0.35,0.4,37.0,37.0,71.0,82.0,76.0,32.0,37.0,93.0,68.0,92.0,91.0,29.0,74.0,16.0,47.0,42.0,80.0,55.0
2022,Londrina,9,52,Meio,15.0,0.22893520831096859,True,Saimon,RCB,ZD,31.0,32,3137,0.8360266505148395,True,3,1,32.0,3139.84,8787.53,271.44,68.65,3.84,30.21,5.02,9.57,0.52,18.77,27.81,30.16,14.21,60.89,71.99,219.07,4.81,0.05,0.05,33.0,19.0,11.0,11.0,17.0,39.0,25.0,28.0,61.0,22.0,51.0,3.0,17.0,14.0,22.0,22.0,44.0,31.0
2022,Londrina,9,52,Meio,15.0,0.22893520831096859,True,Gegé,"LCMF, LW",MED,28.0,30,2677,0.7134342822531798,True,4,1,29.0,2586.8,10273.26,547.72,110.61,7.03,57.37,5.25,16.11,0.66,41.58,27.33,28.92,67.27,64.16,312.74,344.51,34.55,3.04,8.58,56.0,65.0,37.0,50.0,67.0,44.0,72.0,44.0,79.0,44.0,35.0,60.0,19.0,79.0,28.0,77.0,63.0,72.0
2022,Londrina,9,52,Meio,15.0,0.22893520831096859,True,Douglas Coutinho,"CF, LAMF, LWF",CA,28.0,34,2587,0.6894488188976378,True,5,1,33.0,2503.05,9482.58,552.05,233.17,12.26,67.7,7.84,17.87,2.05,32.75,29.87,32.74,185.57,100.99,412.63,265.34,35.79,7.84,21.45,45.0,50.0,66.0,65.0,58.0,23.0,59.0,59.0,32.0,77.0,92.0,88.0,42.0,96.0,23.0,72.0,33.0,55.0
2022,Londrina,9,52,Meio,15.0,0.22893520831096859,True,Alan Ruschel,LB,LE,32.0,27,1959,0.522083585705633,False,6,1,27.0,1960.47,9107.25,491.33,172.12,9.04,59.18,7.25,20.06,1.1,29.57,28.73,30.52,111.28,93.99,294.68,290.74,21.5,1.25,3.84,8.0,25.0,28.0,20.0,28.0,48.0,82.0,15.0,38.0,28.0,32.0,38.0,28.0,38.0,22.0,20.0,45.0,35.0
2022,Londrina,9,52,Meio,15.0,0.22893520831096859,True,Mandaca,"RCMF, RDMF",MED,20.0,31,1877,0.5002301635372501,False,7,2,30.0,1878.6,9885.75,417.07,139.23,7.28,48.49,6.42,12.41,0.72,29.99,28.69,31.96,61.66,100.71,168.45,313.7,15.41,0.76,2.95,30.0,14.0,56.0,60.0,30.0,86.0,21.0,55.0,16.0,84.0,98.0,53.0,60.0,28.0,14.0,9.0,21.0,26.0
2022,Londrina,9,52,Meio,15.0,0.22893520831096859,True,Samuel Santos,RB,LD,32.0,25,1725,0.4597213809812234,False,8,1,23.0,1637.37,9822.58,522.04,203.8,10.88,64.14,8.13,18.96,2.25,33.97,29.01,30.98,124.97,111.6,257.79,333.3,21.36,1.84,2.19,63.0,40.0,51.0,51.0,51.0,60.0,68.0,70.0,72.0,47.0,58.0,49.0,53.0,28.0,54.0,36.0,73.0,27.0
2022,Londrina,9,52,Meio,15.0,0.22893520831096859,True,Gabriel Santos,CF,CA,23.0,28,1566,0.4173470623864324,False,9,2,27.0,1481.22,9667.04,523.49,319.5,16.29,78.51,9.97,17.8,3.28,32.14,31.68,34.54,235.44,148.19,340.39,280.78,28.63,4.94,14.22,55.0,36.0,95.0,95.0,82.0,82.0,57.0,96.0,30.0,100.0,100.0,95.0,77.0,59.0,28.0,24.0,5.0,9.0
2022,Londrina,9,52,Meio,15.0,0.22893520831096859,True,Jhonny Lucas,"RCMF, AMF",MED,22.0,15,1297,0.345657177468201,False,10,3,14.0,1251.32,9947.59,482.92,131.12,7.05,55.24,5.9,17.69,0.72,35.53,28.28,29.48,74.64,86.45,254.52,323.58,26.91,4.07,9.31,33.0,28.0,49.0,53.0,58.0,60.0,81.0,55.0,53.0,69.0,53.0,65.0,47.0,56.0,19.0,51.0,73.0,77.0
2022,Londrina,9,52,Meio,15.0,0.22893520831096859,True,Felipe,LB,LE,23.0,17,1195,0.31847365233192,False,11,2,16.0,1196.96,9802.82,552.28,167.83,9.77,63.99,5.79,16.84,1.73,30.98,29.12,30.98,71.06,121.59,276.62,359.7,24.07,1.1,4.29,52.0,45.0,25.0,38.0,50.0,5.0,35.0,52.0,48.0,40.0,45.0,5.0,57.0,32.0,65.0,42.0,35.0,45.0
2022,Londrina,9,52,Meio,15.0,0.22893520831096859,True,Eltinho,LB,LE,35.0,20,1057,0.2816959418534221,False,12,3,19.0,996.74,9979.89,482.33,129.57,6.23,48.85,5.15,12.91,0.36,27.99,26.83,28.98,94.65,57.64,307.04,250.98,26.79,1.82,5.13,70.0,20.0,12.0,8.0,12.0,2.0,2.0,2.0,25.0,2.0,10.0,15.0,10.0,45.0,10.0,68.0,65.0,62.0
2022,Londrina,9,52,Meio,15.0,0.22893520831096859,True,Augusto,"LCB, RCB",ZE,25.0,12,846,0.2254633555420956,False,13,2,11.0,810.26,8350.52,217.7,79.75,3.89,26.1,5.0,10.33,1.33,14.11,28.72,30.4,11.5,65.31,41.84,192.19,3.66,0.0,0.0,3.0,5.0,34.0,26.0,11.0,58.0,61.0,89.0,11.0,74.0,55.0,5.0,45.0,3.0,13.0,16.0,12.0,8.0
2022,Londrina,9,52,Meio,15.0,0.22893520831096859,True,Matheus Lucas,CF,CA,23.0,25,797,0.2124046032707449,False,14,3,24.0,792.0,10065.77,585.95,148.39,9.2,64.65,10.0,18.75,0.8,42.72,27.45,29.56,123.46,48.13,386.23,306.5,39.48,10.13,27.7,84.0,68.0,19.0,30.0,53.0,84.0,72.0,22.0,82.0,7.0,23.0,45.0,4.0,86.0,43.0,92.0,59.0,88.0
2022,Londrina,9,52,Meio,15.0,0.22893520831096859,True,Mirandinha,"LW, LWF, LAMF",EE,22.0,20,787,0.2097395517867958,False,15,1,19.0,756.77,9870.91,633.23,291.23,14.51,78.48,9.75,20.69,3.45,45.66,29.44,31.8,187.63,178.24,390.83,368.85,27.0,4.05,10.22,32.0,49.0,74.0,71.0,60.0,84.0,66.0,94.0,72.0,51.0,69.0,65.0,88.0,44.0,57.0,12.0,32.0,22.0
2022,Londrina,9,52,Meio,15.0,0.22893520831096859,True,Mossoró,"AMF, CF",MEI,26.0,16,713,0.1900181708055723,False,16,1,16.0,712.48,10195.61,520.52,111.41,7.2,53.56,6.19,12.76,1.01,37.14,26.92,28.44,61.47,75.58,330.73,293.99,40.13,6.48,15.96,42.0,35.0,26.0,48.0,42.0,55.0,26.0,68.0,65.0,35.0,32.0,19.0,55.0,48.0,52.0,68.0,94.0,84.0
2022,Londrina,9,52,Meio,15.0,0.22893520831096859,True,Denílson,"RB, RCB",LD,27.0,15,655,0.1745608721986674,False,17,2,14.0,601.3000000000001,9262.17,362.2,133.35,4.94,36.82,5.69,12.57,1.5,21.7,27.49,29.32,52.79,85.01,128.27,256.77,7.65,0.0,0.0,16.0,4.0,14.0,7.0,5.0,9.0,5.0,37.0,5.0,12.0,19.0,9.0,19.0,4.0,11.0,4.0,4.0,3.0
2022,Londrina,9,52,Meio,15.0,0.22893520831096859,True,Emerson Souza,"LDMF, LCMF, RDMF",VOL,24.0,8,372,0.0991399152029073,False,18,1,7.0,370.09,9523.86,502.63,192.1,9.97,60.06,5.11,16.29,0.49,35.75,30.03,30.48,61.32,187.75,213.98,417.55,14.02,0.45,2.26,16.0,70.0,95.0,94.0,84.0,61.0,84.0,41.0,66.0,100.0,73.0,73.0,100.0,70.0,77.0,25.0,30.0,48.0
2022,Londrina,9,52,Meio,15.0,0.22893520831096859,True,Danilo Jordan,"LAMF, LW, RAMF",EE,22.0,9,341,0.090878255602665,False,19,2,9.0,342.09,10174.57,528.34,243.65,13.42,74.2,8.95,20.79,2.37,46.05,29.7,31.24,141.88,149.34,352.46,289.91,40.46,7.95,21.31,59.0,19.0,51.0,65.0,44.0,66.0,69.0,75.0,75.0,60.0,61.0,35.0,69.0,25.0,25.0,76.0,82.0,89.0
2022,Londrina,9,52,Meio,15.0,0.22893520831096859,True,Luan,"RB, RW",LD,22.0,6,185,0.0493034524530587,False,20,3,6.0,185.4,10052.98,487.82,219.88,10.68,57.28,8.25,19.9,0.49,29.12,27.77,28.64,125.5,119.68,331.93,237.93,19.8,0.83,4.13,84.0,26.0,61.0,47.0,30.0,63.0,74.0,11.0,37.0,16.0,12.0,51.0,70.0,65.0,4.0,27.0,30.0,70.0
2022,Londrina,9,52,Meio,15.0,0.22893520831096859,True,Peu,"LAMF, LW, LWF",EE,19.0,5,159,0.042374318594791,False,21,3,5.0,159.04999999999998,10158.31,599.81,293.68,13.01,79.22,10.75,17.54,2.83,46.97,30.6,30.6,372.53,91.92,536.58,285.01,41.84,8.88,27.9,57.0,32.0,75.0,56.0,62.0,93.0,31.0,85.0,78.0,90.0,50.0,99.0,31.0,94.0,22.0,84.0,88.0,99.0
2022,Londrina,9,52,Meio,15.0,0.22893520831096859,True,Pedro Cacho,"RDMF, LCMF",VOL,22.0,3,133,0.0354451847365233,False,22,2,3.0,133.89,9775.53,313.93,28.91,2.02,30.92,2.69,7.39,0.0,26.22,25.4,25.4,4.2,30.58,119.22,259.93,25.02,1.39,2.78,,,,,,,,,,,,,,,,,,
2022,Londrina,9,52,Meio,15.0,0.22893520831096859,True,Salatiel,CF,CA,29.0,6,124,0.0330466384009691,False,23,4,6.0,123.9,10040.19,544.79,272.4,9.44,58.11,6.54,10.9,0.73,34.87,30.42,30.96,129.25,176.88,291.47,287.86,25.76,7.73,16.75,81.0,46.0,81.0,34.0,26.0,5.0,1.0,19.0,47.0,89.0,61.0,51.0,89.0,26.0,32.0,11.0,30.0,16.0
2022,Londrina,9,52,Meio,15.0,0.22893520831096859,True,Gustavo Lopes,"LCMF, RDMF, DMF",MED,22.0,3,121,0.0322471229557843,False,24,4,3.0,120.42,10625.11,420.04,165.92,6.73,53.07,8.97,17.94,0.0,49.33,28.77,28.77,76.7,97.04,119.13,276.33,8.15,1.63,4.89,,,,,,,,,,,,,,,,,,
2022,Londrina,9,52,Meio,15.0,0.22893520831096859,True,Watson,"RB, LW, RWB",LD,28.0,5,112,0.0298485766202301,False,25,4,4.0,107.2,9702.71,538.15,105.78,5.04,52.89,10.91,18.47,5.88,26.87,26.02,26.02,55.51,49.65,369.16,288.38,21.77,0.0,0.0,,,,,,,,,,,,,,,,,,
2022,Londrina,9,52,Meio,15.0,0.22893520831096859,True,Jean Henrique,"RCMF, LCMF",MED,28.0,4,104,0.0277165354330708,False,26,5,4.0,104.48,10184.01,332.55,46.52,0.86,35.32,6.89,16.37,0.0,24.98,24.67,24.67,31.12,16.75,103.75,248.5,10.79,0.0,0.0,,,,,,,,,,,,,,,,,,
2022,Londrina,9,52,Meio,15.0,0.22893520831096859,True,Dudu,LB,LE,19.0,5,81,0.0215869170199878,False,27,4,3.0,69.9,10297.85,900.0,263.95,14.16,91.42,12.88,24.46,2.58,61.8,27.03,27.03,189.82,209.04,543.27,630.83,21.96,0.0,6.76,,,,,,,,,,,,,,,,,,
2022,Londrina,9,52,Meio,15.0,0.22893520831096859,True,Thiago Ribeiro,"LAMF, RAMF, LW",EE,36.0,2,75,0.0199878861296184,False,28,4,2.0,75.16,9905.59,632.2,153.26,3.59,56.27,7.18,22.75,3.59,40.71,26.7,26.7,52.17,130.71,304.35,373.23,27.31,3.72,8.69,,,,,,,,,,,,,,,,,,
2022,Londrina,9,52,Meio,15.0,0.22893520831096859,True,Cirilo,CF,CA,20.0,1,49,0.0130587522713506,False,29,5,1.0,49.07,9020.79,376.02,141.24,9.17,58.7,11.01,22.01,7.34,47.69,32.0,32.0,59.6,110.48,197.54,191.32,35.75,5.11,23.84,,,,,,,,,,,,,,,,,,
2022,Londrina,9,52,Meio,15.0,0.22893520831096859,True,S. Oti,LCB,ZE,20.0,1,49,0.0130587522713506,False,30,3,1.0,49.22,9499.83,281.61,146.29,7.31,42.06,9.14,16.46,3.66,29.26,32.2,32.2,33.67,128.42,132.09,113.68,,,,,,,,,,,,,,,,,,,,,
2022,Londrina,9,52,Meio,15.0,0.22893520831096859,True,Victor Daniel,LAMF,EE,22.0,1,33,0.0087946698970321,False,31,5,1.0,32.72,9135.71,489.66,121.04,2.75,41.26,5.5,22.01,2.75,33.01,28.6,28.6,74.6,27.51,202.14,314.41,24.04,4.81,9.62,,,,,,,,,,,,,,,,,,
2022,Londrina,9,52,Meio,15.0,0.22893520831096859,True,Victor Hugo,RDMF,VOL,18.0,1,33,0.0087946698970321,False,32,3,1.0,32.72,10373.61,486.91,85.28,5.5,49.52,0.0,8.25,0.0,46.77,27.4,27.4,2.41,113.97,163.64,396.94,28.85,0.0,4.81,,,,,,,,,,,,,,,,,,
2022,Londrina,9,52,Meio,15.0,0.22893520831096859,True,Gabriel Honório,CF,CA,25.0,1,23,0.0061296184130829,False,33,6,1.0,22.9,10289.08,373.36,39.3,0.0,27.51,7.86,15.72,0.0,27.51,24.3,24.3,12.04,27.21,415.38,97.19,,,,,,,,,,,,,,,,,,,,,
2022,Novorizontino,15,44,Meio,11.0,-0.13704714893867997,False,Douglas Baggio,"RW, RAMF, CF",ED,27.0,34,2670,0.714320459188637,True,1,1,31.0,2430.09,9395.01,503.29,170.41,8.63,57.15,7.22,18.63,1.0,30.81,29.31,31.72,157.14,48.88,388.28,228.55,35.6,4.81,12.2,13.0,16.0,11.0,13.0,7.0,25.0,30.0,22.0,4.0,51.0,73.0,40.0,2.0,44.0,7.0,54.0,40.0,44.0
2022,Novorizontino,15,44,Meio,11.0,-0.13704714893867997,False,Ligger,LCB,ZE,34.0,28,2595,0.6942552777507539,True,2,1,27.0,2502.9,8906.73,295.41,85.4,4.49,32.76,4.46,8.49,0.4,18.16,27.74,29.42,20.41,78.76,95.12,237.67,7.38,0.42,0.72,39.0,42.0,50.0,53.0,47.0,21.0,18.0,37.0,50.0,26.0,24.0,32.0,66.0,42.0,50.0,66.0,89.0,76.0
2022,Novorizontino,15,44,Meio,11.0,-0.13704714893867997,False,Gustavo Bochecha,"LCMF, LDMF",MED,26.0,31,2498,0.6683043097577585,True,3,1,30.0,2406.9,9567.23,382.52,76.8,3.59,36.38,4.04,11.33,0.37,25.84,26.46,29.08,36.8,54.38,167.08,287.83,20.53,1.65,5.51,9.0,12.0,5.0,7.0,7.0,17.0,9.0,16.0,9.0,14.0,40.0,23.0,9.0,26.0,9.0,28.0,43.0,53.0
2022,Novorizontino,15,44,Meio,11.0,-0.13704714893867997,False,Jhony Douglas,"RDMF, RCMF, DMF",VOL,25.0,29,2149,0.574934332133476,False,4,1,28.0,2070.04,10172.84,450.08,98.39,5.43,46.87,5.0,12.65,0.48,35.91,26.57,29.0,31.41,76.83,118.31,394.4,14.06,0.32,1.44,62.0,50.0,31.0,45.0,52.0,53.0,36.0,39.0,67.0,16.0,33.0,33.0,31.0,25.0,69.0,27.0,26.0,28.0
2022,Novorizontino,15,44,Meio,11.0,-0.13704714893867997,False,Willean Lepo,RB,LD,25.0,28,2008,0.5372117910302558,False,5,1,25.0,1728.25,10039.2,663.05,196.59,11.2,69.73,8.12,16.4,1.46,36.51,28.57,31.06,145.89,90.07,414.98,370.1,32.88,1.46,4.09,81.0,89.0,46.0,56.0,72.0,58.0,28.0,31.0,86.0,30.0,60.0,65.0,28.0,95.0,70.0,91.0,62.0,67.0
2022,Novorizontino,15,44,Meio,11.0,-0.13704714893867997,False,Rodolfo Filemon,"RCB, LCB",ZD,28.0,21,1959,0.5241025391575056,False,6,1,20.0,1899.6,8788.44,306.54,88.46,4.88,34.68,5.45,11.75,0.38,17.62,27.71,30.04,32.55,68.98,126.92,221.23,9.13,0.08,0.15,36.0,47.0,36.0,47.0,47.0,69.0,72.0,17.0,29.0,17.0,44.0,56.0,33.0,75.0,25.0,83.0,47.0,40.0
2022,Novorizontino,15,44,Meio,11.0,-0.13704714893867997,False,Wálber,"RCB, RB, LCB",ZD,25.0,21,1863,0.4984191069170152,False,7,2,18.0,1618.38,9020.69,330.96,111.45,5.28,35.48,4.67,10.46,0.61,19.13,28.62,30.8,38.71,85.84,138.52,239.1,7.62,0.0,0.48,67.0,67.0,69.0,51.0,53.0,18.0,44.0,40.0,64.0,57.0,67.0,72.0,56.0,81.0,39.0,58.0,22.0,72.0
2022,Novorizontino,15,44,Meio,11.0,-0.13704714893867997,False,D. Torres,"AMF, CF",MEI,31.0,27,1790,0.4788889969841424,False,8,1,25.0,1715.25,9632.12,563.48,171.58,9.5,63.65,6.4,16.21,1.31,33.48,28.15,30.18,107.69,91.25,313.83,339.52,29.24,4.89,12.81,13.0,65.0,81.0,77.0,74.0,65.0,74.0,77.0,52.0,74.0,74.0,74.0,77.0,35.0,68.0,26.0,65.0,52.0
2022,Novorizontino,15,44,Meio,11.0,-0.13704714893867997,False,Joílson,RCB,ZD,31.0,16,1460,0.3906021986574569,False,9,3,14.0,1314.46,8635.93,258.41,94.01,4.66,31.09,4.79,11.23,0.89,17.05,29.79,31.72,18.66,88.79,64.14,227.51,2.53,0.13,0.13,17.0,17.0,47.0,39.0,21.0,25.0,56.0,67.0,22.0,86.0,78.0,6.0,64.0,8.0,33.0,3.0,56.0,36.0
2022,Novorizontino,15,44,Meio,11.0,-0.13704714893867997,False,Felipe Albuquerque,RB,LD,22.0,17,996,0.2664656094950871,False,10,2,16.0,979.04,9736.01,500.05,197.17,10.75,61.95,7.91,16.64,1.84,30.79,29.77,31.82,128.32,98.27,289.37,281.75,26.29,0.89,1.78,53.0,32.0,47.0,49.0,44.0,51.0,37.0,56.0,51.0,75.0,79.0,53.0,33.0,49.0,19.0,55.0,38.0,21.0
2022,Novorizontino,15,44,Meio,11.0,-0.13704714893867997,False,Cléo Silva,"RW, RB, RAMF",ED,32.0,22,867,0.2319534974219282,False,11,2,20.0,819.2,10369.66,792.9,404.2,20.54,100.86,12.63,26.7,4.39,49.99,30.48,32.28,265.64,227.83,498.21,449.66,39.82,4.95,12.48,80.0,96.0,100.0,98.0,98.0,98.0,95.0,100.0,91.0,85.0,87.0,91.0,100.0,89.0,84.0,76.0,44.0,49.0
2022,Novorizontino,15,44,Meio,11.0,-0.13704714893867997,False,Lucas Tocantins,"LAMF, LW",EE,28.0,14,821,0.2196468528066932,False,12,1,13.0,747.89,10046.74,691.77,234.28,11.67,77.49,8.3,22.02,1.8,51.26,29.82,31.76,212.58,65.44,429.3,378.32,35.69,5.98,15.6,44.0,69.0,46.0,38.0,54.0,57.0,79.0,51.0,90.0,66.0,68.0,76.0,12.0,68.0,65.0,49.0,62.0,62.0
2022,Novorizontino,15,44,Meio,11.0,-0.13704714893867997,False,Léo Baiano,"RCMF, RDMF, LDMF",MED,30.0,18,779,0.2084103512014787,False,13,2,18.0,780.66,10395.46,502.42,103.41,4.61,47.96,5.07,14.64,0.46,41.39,26.96,29.16,51.78,68.29,191.89,391.99,19.01,1.2,4.09,70.0,51.0,35.0,23.0,26.0,36.0,60.0,26.0,77.0,28.0,44.0,47.0,26.0,35.0,58.0,19.0,35.0,35.0
2022,Novorizontino,15,44,Meio,11.0,-0.13704714893867997,False,Hélio Borges,"LW, LAMF",EE,22.0,18,599,0.1602539157505594,False,14,2,16.0,568.0,10381.19,650.64,288.4,14.1,82.72,11.57,24.09,3.49,59.9,30.07,32.48,239.86,97.48,417.31,297.16,34.29,2.21,9.07,81.0,57.0,71.0,68.0,75.0,97.0,91.0,96.0,99.0,77.0,88.0,88.0,38.0,65.0,28.0,38.0,10.0,19.0
2022,Novorizontino,15,44,Meio,11.0,-0.13704714893867997,False,R. Martínez,"RDMF, LCMF, DMF",VOL,26.0,11,523,0.1399211985601712,False,15,2,10.0,486.9,10901.66,587.58,125.87,7.58,61.18,6.1,18.85,0.37,52.86,27.2,28.72,71.34,87.6,296.8,381.53,31.22,1.25,4.99,98.0,84.0,61.0,73.0,86.0,91.0,97.0,30.0,95.0,34.0,30.0,78.0,50.0,89.0,59.0,89.0,67.0,75.0
2022,Novorizontino,15,44,Meio,11.0,-0.13704714893867997,False,Barba,"RCMF, LCMF, DMF",MED,23.0,10,503,0.134570483510069,False,16,3,7.0,367.36,10800.98,483.85,81.09,4.16,43.12,2.94,10.78,0.24,40.42,26.51,26.8,28.03,73.11,131.55,501.4,17.71,0.0,2.06,91.0,30.0,16.0,14.0,19.0,2.0,2.0,5.0,72.0,16.0,7.0,14.0,35.0,9.0,86.0,14.0,2.0,16.0
2022,Novorizontino,15,44,Meio,11.0,-0.13704714893867997,False,Welliton,"CF, AMF",CA,35.0,13,393,0.1051415507345072,False,17,1,13.0,392.99,9279.12,451.55,155.25,6.87,50.83,8.24,16.49,2.06,27.48,27.92,30.7,113.59,64.56,270.8,247.92,31.91,11.37,27.8,27.0,12.0,24.0,11.0,14.0,37.0,24.0,61.0,8.0,26.0,51.0,34.0,16.0,12.0,16.0,46.0,72.0,89.0
2022,Novorizontino,15,44,Meio,11.0,-0.13704714893867997,False,Felipe Rodrigues,RB,LD,26.0,9,348,0.0931024418717774,False,18,3,9.0,347.67,9879.63,593.38,229.38,12.69,71.97,10.1,21.49,1.04,31.59,29.0,30.0,159.64,109.15,405.59,264.85,32.49,0.85,4.27,68.0,70.0,68.0,75.0,77.0,91.0,91.0,21.0,58.0,46.0,33.0,75.0,51.0,93.0,14.0,86.0,36.0,73.0
2022,Novorizontino,15,44,Meio,11.0,-0.13704714893867997,False,Vinícius Leite,"LW, LCMF, RCMF",EE,28.0,8,342,0.0914972273567467,False,19,3,6.0,273.12,10000.94,584.55,148.28,6.26,53.71,6.59,13.18,0.33,36.91,26.45,26.94,62.5,101.99,268.44,451.89,27.72,3.22,10.32,41.0,29.0,10.0,3.0,6.0,15.0,3.0,3.0,29.0,1.0,1.0,3.0,41.0,6.0,88.0,15.0,24.0,25.0
2022,Novorizontino,15,44,Meio,11.0,-0.13704714893867997,False,Reverson,"LB, LAMF",LE,25.0,7,241,0.0644761163537309,False,20,1,7.0,241.22,10033.26,680.92,314.53,15.3,80.22,7.09,15.67,1.87,30.97,30.01,30.76,188.08,232.71,415.8,416.23,32.61,5.59,10.71,75.0,98.0,90.0,90.0,95.0,42.0,18.0,57.0,45.0,70.0,42.0,88.0,95.0,95.0,90.0,90.0,100.0,98.0
2022,Náutico,20,30,Cai,8.0,-0.5603728775246417,False,Victor Ferraz,"RB, LCMF",LD,34.0,31,2347,0.6215572033898306,True,1,1,29.0,2266.93,10180.28,393.22,62.81,3.1,34.34,4.29,11.71,0.04,26.64,25.63,27.68,25.25,45.06,209.56,256.7,28.72,2.48,5.03,89.0,9.0,2.0,2.0,2.0,2.0,4.0,2.0,26.0,2.0,5.0,2.0,2.0,11.0,9.0,71.0,89.0,88.0
2022,Náutico,20,30,Cai,8.0,-0.5603728775246417,False,Bruno Bispo,"LCB, CB",ZE,26.0,23,2235,0.591896186440678,False,2,1,21.0,2037.21,9051.6,355.55,81.07,4.82,34.33,5.43,11.18,0.44,21.6,28.19,30.28,33.45,60.69,131.81,274.58,3.2,0.0,0.25,63.0,84.0,39.0,63.0,58.0,87.0,87.0,42.0,87.0,50.0,50.0,74.0,32.0,82.0,68.0,11.0,12.0,32.0
2022,Náutico,20,30,Cai,8.0,-0.5603728775246417,False,Pedro Vitor,"LWB, LAMF, RW",LE,24.0,33,1950,0.5164194915254238,False,3,1,31.0,1850.08,10201.81,633.27,228.55,11.53,68.94,8.46,19.31,1.22,40.77,29.23,32.0,142.64,125.68,390.34,369.26,31.17,4.33,12.07,90.0,85.0,62.0,60.0,62.0,70.0,70.0,22.0,98.0,49.0,90.0,72.0,65.0,90.0,72.0,88.0,98.0,100.0
2022,Náutico,20,30,Cai,8.0,-0.5603728775246417,False,Richard Franco,"RCMF, RDMF",MED,30.0,28,1888,0.5,False,4,1,28.0,1886.08,10558.26,649.16,184.29,10.35,69.57,6.11,18.51,0.86,43.23,28.29,30.3,112.83,106.71,394.84,379.19,38.32,5.58,15.69,77.0,86.0,86.0,93.0,88.0,77.0,88.0,70.0,81.0,72.0,72.0,88.0,72.0,91.0,56.0,86.0,88.0,91.0
2022,Náutico,20,30,Cai,8.0,-0.5603728775246417,False,Souza,"LCMF, LDMF, DMF",MED,34.0,17,1412,0.3739406779661017,False,5,2,17.0,1411.17,9852.85,472.78,128.64,6.38,49.24,4.02,14.73,0.45,27.04,27.37,28.9,48.8,105.63,200.44,371.41,19.06,1.61,3.22,26.0,26.0,47.0,40.0,37.0,14.0,63.0,23.0,12.0,50.0,31.0,44.0,67.0,40.0,49.0,21.0,40.0,28.0
2022,Náutico,20,30,Cai,8.0,-0.5603728775246417,False,Ralph,"LDMF, DMF, LCMF",VOL,24.0,22,1302,0.3448093220338983,False,6,1,20.0,1229.6,10039.49,449.9,115.79,6.07,46.84,4.17,13.32,0.15,29.06,28.28,30.54,30.55,101.2,146.82,389.7,14.65,0.3,1.21,44.0,48.0,50.0,61.0,50.0,20.0,48.0,11.0,31.0,77.0,77.0,30.0,64.0,41.0,64.0,31.0,23.0,24.0
2022,Náutico,20,30,Cai,8.0,-0.5603728775246417,False,Jobson,"RCMF, LCMF, RDMF",MED,26.0,17,1191,0.3154131355932203,False,7,3,17.0,1191.1899999999998,10043.5,570.34,141.66,7.63,58.25,6.04,13.07,0.83,38.38,28.28,29.44,52.64,117.44,259.23,413.14,30.93,1.3,3.4,35.0,77.0,58.0,65.0,72.0,70.0,33.0,67.0,67.0,69.0,51.0,49.0,79.0,58.0,70.0,65.0,37.0,30.0
2022,Náutico,20,30,Cai,8.0,-0.5603728775246417,False,Kieza,CF,CA,35.0,19,1141,0.3021716101694915,False,8,1,18.0,1055.16,9138.07,475.02,146.71,7.76,52.54,7.68,14.16,0.68,26.61,28.67,31.0,93.47,71.1,277.32,272.63,20.91,6.91,14.36,20.0,20.0,18.0,18.0,16.0,22.0,5.0,16.0,5.0,47.0,65.0,27.0,22.0,16.0,26.0,4.0,22.0,11.0
2022,Náutico,20,30,Cai,8.0,-0.5603728775246417,False,Djavan,"LDMF, RCMF, DMF",VOL,26.0,17,1137,0.3011122881355932,False,9,2,16.0,1062.08,10002.1,411.92,107.03,5.42,44.23,4.24,10.93,0.25,28.47,27.67,30.28,43.49,81.76,146.15,330.6,15.48,0.0,0.73,42.0,28.0,42.0,44.0,41.0,23.0,11.0,22.0,30.0,56.0,67.0,53.0,41.0,39.0,31.0,36.0,6.0,11.0
2022,Náutico,20,30,Cai,8.0,-0.5603728775246417,False,Thassio,"RB, RWB, LB",LD,21.0,14,1090,0.2886652542372881,False,10,2,13.0,1045.59,9933.89,633.53,154.85,9.73,62.06,6.97,20.23,1.72,32.71,28.23,29.1,97.9,84.27,368.97,392.4,28.58,0.78,2.74,74.0,81.0,19.0,35.0,46.0,26.0,75.0,46.0,65.0,23.0,18.0,28.0,18.0,82.0,75.0,70.0,25.0,32.0
2022,Náutico,20,30,Cai,8.0,-0.5603728775246417,False,Júnior Tavares,LB,LE,26.0,21,1086,0.2876059322033898,False,11,2,19.0,885.97,10184.96,623.26,164.78,9.14,61.06,6.4,15.54,1.12,32.71,27.63,29.6,105.13,106.47,358.99,414.46,42.25,2.28,4.19,85.0,78.0,22.0,22.0,30.0,18.0,15.0,20.0,65.0,10.0,15.0,32.0,45.0,82.0,88.0,100.0,78.0,42.0
2022,Náutico,20,30,Cai,8.0,-0.5603728775246417,False,Anilson,"RWB, RCB, RB",LD,20.0,10,890,0.2356991525423729,False,12,3,10.0,890.8,9623.7,541.63,249.75,13.13,67.39,7.78,16.67,2.42,30.11,30.73,32.04,123.7,157.2,247.13,356.74,20.5,0.0,0.62,39.0,51.0,81.0,81.0,65.0,46.0,39.0,77.0,42.0,95.0,89.0,47.0,88.0,23.0,65.0,30.0,4.0,5.0
2022,Náutico,20,30,Cai,8.0,-0.5603728775246417,False,Geuvânio,"CF, RW",CA,30.0,14,874,0.2314618644067796,False,13,2,14.0,875.98,9102.02,518.01,185.34,10.89,62.47,8.53,16.54,1.34,31.23,28.81,30.26,98.68,108.85,341.64,274.24,32.68,6.9,16.88,19.0,35.0,39.0,46.0,39.0,46.0,28.0,38.0,26.0,51.0,36.0,28.0,53.0,61.0,27.0,54.0,20.0,18.0
2022,Náutico,20,30,Cai,8.0,-0.5603728775246417,False,Éverton Brito,"RW, RAMF, RWF",ED,27.0,12,873,0.2311970338983051,False,14,1,12.0,872.8799999999999,10193.18,746.02,197.46,11.86,78.06,8.66,22.68,1.86,45.37,28.68,29.96,134.86,103.5,407.71,465.55,38.9,6.51,12.86,62.0,85.0,35.0,53.0,58.0,50.0,75.0,48.0,76.0,33.0,25.0,29.0,53.0,62.0,91.0,69.0,65.0,56.0
2022,Náutico,20,30,Cai,8.0,-0.5603728775246417,False,Rhaldney,"RDMF, RAMF, RCMF",VOL,23.0,10,756,0.2002118644067796,False,15,3,8.0,579.76,10700.49,611.31,185.35,9.0,59.3,6.21,14.13,0.93,38.03,28.02,28.98,99.2,109.34,337.11,411.02,30.55,3.32,5.98,92.0,86.0,94.0,91.0,81.0,94.0,59.0,77.0,80.0,70.0,31.0,94.0,77.0,95.0,73.0,86.0,94.0,83.0
2022,Náutico,20,30,Cai,8.0,-0.5603728775246417,False,Amarildo,"CF, AMF",CA,23.0,16,659,0.1745233050847457,False,16,3,15.0,643.35,10066.56,670.49,159.47,11.61,71.34,10.49,17.49,2.38,34.27,28.41,30.6,116.06,82.93,366.42,437.41,31.49,9.29,21.0,85.0,86.0,30.0,58.0,66.0,93.0,48.0,72.0,43.0,36.0,49.0,39.0,32.0,74.0,84.0,42.0,51.0,53.0
2022,Náutico,20,30,Cai,8.0,-0.5603728775246417,False,Júlio Rodrigues,CF,CA,21.0,15,659,0.1745233050847457,False,17,4,15.0,657.75,9724.02,575.41,185.69,9.72,61.58,8.21,17.93,0.82,33.39,28.11,29.96,92.55,121.52,305.66,373.74,32.91,6.74,19.42,58.0,65.0,41.0,39.0,34.0,35.0,61.0,23.0,35.0,31.0,28.0,23.0,64.0,36.0,72.0,55.0,18.0,39.0
2022,Náutico,20,30,Cai,8.0,-0.5603728775246417,False,Arthur,"RCB, CB, LCB",ZD,23.0,9,648,0.1716101694915254,False,18,1,9.0,646.92,9276.94,308.56,68.86,3.9,32.55,3.62,7.65,0.0,16.83,27.44,28.66,20.03,53.87,84.3,233.38,6.34,0.24,0.73,81.0,50.0,14.0,14.0,33.0,3.0,3.0,6.0,17.0,11.0,17.0,22.0,8.0,28.0,36.0,44.0,74.0,86.0
2022,Náutico,20,30,Cai,8.0,-0.5603728775246417,False,Camutanga,"RCB, LCB",ZD,28.0,7,647,0.1713453389830508,False,19,2,6.0,546.96,9434.99,466.63,95.43,7.08,43.77,6.91,11.68,1.32,25.83,29.43,30.02,36.11,87.2,160.87,441.29,5.27,0.0,0.0,92.0,94.0,56.0,83.0,89.0,100.0,69.0,83.0,92.0,81.0,42.0,69.0,61.0,89.0,100.0,31.0,22.0,15.0
2022,Náutico,20,30,Cai,8.0,-0.5603728775246417,False,Léo Passos,CF,CA,23.0,10,625,0.1655190677966101,False,20,5,8.0,527.2,9836.32,656.22,202.3,14.17,83.31,9.73,17.24,1.54,50.02,29.21,30.0,135.56,110.67,368.3,456.83,44.25,13.78,31.91,69.0,84.0,49.0,80.0,89.0,77.0,41.0,48.0,97.0,64.0,31.0,57.0,55.0,76.0,91.0,99.0,89.0,100.0
2022,Náutico,20,30,Cai,8.0,-0.5603728775246417,False,Thomaz,"LAMF, AMF, LCMF",EE,21.0,12,614,0.1626059322033898,False,21,1,12.0,613.5600000000001,10638.35,658.2,139.5,7.92,65.42,7.19,21.86,1.32,49.14,27.59,29.34,76.08,97.07,359.07,423.31,41.21,2.96,8.35,96.0,60.0,7.0,12.0,25.0,29.0,76.0,29.0,82.0,9.0,18.0,7.0,37.0,28.0,84.0,81.0,20.0,10.0
2022,Náutico,20,30,Cai,8.0,-0.5603728775246417,False,Thiago Ennes,RB,LD,26.0,10,506,0.1340042372881356,False,22,4,10.0,505.7,9149.5,516.47,266.07,11.39,64.07,8.54,22.25,1.42,24.56,29.94,31.1,206.02,117.66,277.83,297.79,29.22,0.71,2.85,11.0,39.0,86.0,60.0,49.0,68.0,96.0,28.0,18.0,79.0,61.0,96.0,65.0,39.0,26.0,73.0,23.0,38.0
2022,Náutico,20,30,Cai,8.0,-0.5603728775246417,False,Maurício,"CB, RCB",ZD,33.0,6,461,0.1220868644067796,False,23,3,6.0,461.52,8918.09,329.19,112.52,6.05,35.88,4.88,9.95,0.39,18.33,29.07,29.6,28.37,101.54,76.88,280.59,8.88,0.74,0.74,53.0,64.0,72.0,72.0,58.0,31.0,39.0,21.0,56.0,72.0,28.0,53.0,72.0,17.0,75.0,75.0,94.0,89.0
2022,Náutico,20,30,Cai,8.0,-0.5603728775246417,False,Niltinho,"RAMF, RW, CF",ED,28.0,10,441,0.1167902542372881,False,24,2,8.0,379.6,9906.16,617.15,191.33,10.43,62.83,5.93,14.94,0.71,39.83,28.38,29.36,139.35,79.89,415.6,307.16,37.95,5.99,18.64,36.0,45.0,27.0,29.0,20.0,2.0,5.0,11.0,44.0,27.0,20.0,35.0,20.0,67.0,33.0,65.0,60.0,80.0
2022,Náutico,20,30,Cai,8.0,-0.5603728775246417,False,Luis Phelipe,"LW, LAMF",EE,21.0,10,438,0.1159957627118644,False,25,2,9.0,357.66,9454.91,492.4,132.35,7.8,56.11,7.05,17.36,2.01,28.68,27.69,29.1,82.0,70.06,331.97,248.46,36.64,4.78,14.34,9.0,10.0,6.0,10.0,7.0,25.0,28.0,62.0,1.0,10.0,12.0,10.0,18.0,15.0,7.0,60.0,38.0,53.0
2022,Náutico,20,30,Cai,8.0,-0.5603728775246417,False,Nascimento,"LDMF, LCMF, RAMF",VOL,22.0,8,421,0.1114936440677966,False,26,4,8.0,420.56,9986.75,504.22,146.39,7.06,53.72,5.56,16.05,0.64,33.6,28.43,30.34,99.07,100.28,279.07,340.96,26.96,3.56,11.19,41.0,73.0,78.0,67.0,69.0,73.0,80.0,58.0,53.0,88.0,70.0,92.0,62.0,88.0,39.0,83.0,95.0,98.0
2022,Náutico,20,30,Cai,8.0,-0.5603728775246417,False,Aílton,LB,LE,27.0,4,378,0.1001059322033898,False,27,3,4.0,378.68,10063.27,561.58,97.44,7.84,51.33,7.13,16.4,0.95,31.13,29.88,29.88,41.63,73.45,245.72,431.64,22.11,1.58,3.95,,,,,,,,,,,,,,,,,,
2022,Náutico,20,30,Cai,8.0,-0.5603728775246417,False,Júlio Vitor,"LW, LAMF, CF",EE,21.0,8,333,0.0881885593220339,False,28,3,8.0,334.32,10283.1,641.01,173.92,10.23,75.11,9.42,20.73,0.81,43.08,29.05,30.02,97.14,94.56,344.0,363.87,31.05,3.57,12.49,74.0,54.0,22.0,26.0,49.0,76.0,68.0,13.0,56.0,43.0,29.0,18.0,34.0,21.0,54.0,26.0,28.0,40.0
2022,Náutico,20,30,Cai,8.0,-0.5603728775246417,False,Robinho,"LAMF, RAMF, LW",EE,23.0,10,328,0.086864406779661,False,29,4,10.0,328.40000000000003,9770.59,490.04,118.67,7.4,53.17,7.67,19.73,0.55,32.34,27.74,29.12,73.26,75.82,263.06,351.29,31.8,2.12,10.6,26.0,9.0,3.0,7.0,4.0,40.0,56.0,6.0,12.0,12.0,13.0,4.0,21.0,4.0,50.0,29.0,9.0,28.0
2022,Náutico,20,30,Cai,8.0,-0.5603728775246417,False,Hereda,RB,LD,23.0,3,304,0.0805084745762711,False,30,5,2.0,203.48,9482.84,544.47,251.67,11.5,59.71,8.85,15.92,1.33,26.98,30.8,30.8,129.09,183.79,292.83,459.86,,,,,,,,,,,,,,,,,,,,,
2022,Náutico,20,30,Cai,8.0,-0.5603728775246417,False,Ewandro Costa,"RAMF, RW",ED,26.0,6,299,0.0791843220338983,False,31,3,4.0,230.88,9677.36,534.43,162.94,7.02,51.06,6.24,15.2,0.78,30.4,26.95,26.95,86.34,99.01,330.58,396.63,49.56,6.61,23.13,,,,,,,,,,,,,,,,,,
2022,Náutico,20,30,Cai,8.0,-0.5603728775246417,False,Jonathas,CF,CA,33.0,7,244,0.0646186440677966,False,32,6,6.0,241.56,9661.43,493.28,185.17,7.45,50.67,8.2,16.77,0.37,30.18,28.57,29.34,164.29,58.23,281.02,333.03,18.47,6.16,10.77,54.0,28.0,38.0,15.0,12.0,34.0,32.0,8.0,22.0,45.0,20.0,76.0,12.0,22.0,58.0,1.0,9.0,3.0
2022,Náutico,20,30,Cai,8.0,-0.5603728775246417,False,Eduardo Teixeira,"AMF, LAMF, LCMF",MEI,29.0,5,196,0.0519067796610169,False,33,1,3.0,97.86,10099.13,503.12,119.57,6.44,56.11,3.68,14.72,0.92,35.87,26.47,26.47,39.94,102.2,281.49,346.27,,,,,,,,,,,,,,,,,,,,,
2022,Náutico,20,30,Cai,8.0,-0.5603728775246417,False,Leandro Carvalho,"LAMF, RAMF, LW",EE,27.0,3,179,0.0474046610169491,False,34,5,2.0,128.82,9427.12,521.9,155.8,5.59,50.3,5.59,9.78,1.4,33.54,28.2,28.2,90.68,138.18,294.92,378.18,,,,,,,,,,,,,,,,,,,,,
2022,Náutico,20,30,Cai,8.0,-0.5603728775246417,False,Mateus Carvalho,"LCMF, RCMF",MED,20.0,6,161,0.0426377118644067,False,35,4,5.0,161.35000000000002,10145.22,550.49,174.57,7.81,55.77,3.35,12.83,0.56,37.93,28.38,28.38,89.83,122.59,183.11,526.62,23.31,2.91,4.37,47.0,67.0,72.0,67.0,65.0,5.0,28.0,38.0,65.0,77.0,19.0,79.0,86.0,33.0,95.0,33.0,60.0,37.0
2022,Náutico,20,30,Cai,8.0,-0.5603728775246417,False,Lucas Paraíba,"CF, AMF",CA,23.0,2,119,0.0315148305084745,False,36,7,2.0,118.96,10482.26,670.27,80.19,6.05,52.96,7.57,13.62,0.0,33.29,26.85,26.85,21.54,72.17,210.87,590.09,34.97,8.07,13.45,,,,,,,,,,,,,,,,,,
2022,Náutico,20,30,Cai,8.0,-0.5603728775246417,False,Juninho Carpina,"LW, CF",EE,22.0,2,44,0.0116525423728813,False,37,6,2.0,43.86,10430.7,633.97,192.86,6.16,57.45,10.26,22.57,4.1,36.93,28.3,28.3,75.0,117.2,241.07,453.32,63.16,4.51,22.56,,,,,,,,,,,,,,,,,,
2022,Náutico,20,30,Cai,8.0,-0.5603728775246417,False,Diego Leandro,LCB,ZE,19.0,1,16,0.0042372881355932,False,38,2,1.0,16.35,10277.06,363.3,203.67,11.01,60.55,5.5,11.01,0.0,16.51,28.4,28.4,48.65,123.01,201.54,147.61,6.93,0.0,0.0,,,,,,,,,,,,,,,,,,
2022,Operário-PR,19,34,Cai,13.0,-0.39133416123100295,False,Fabiano,LB,LE,32.0,35,3403,0.9224267514354008,True,1,1,35.0,3405.85,9421.54,515.74,196.22,10.52,61.44,8.88,19.45,2.09,31.18,29.58,31.24,109.6,132.11,247.94,365.0,22.04,0.47,2.22,28.0,35.0,42.0,45.0,32.0,82.0,72.0,65.0,52.0,57.0,68.0,35.0,75.0,15.0,70.0,28.0,12.0,12.0
2022,Operário-PR,19,34,Cai,13.0,-0.39133416123100295,False,Reniê,"LCB, RCB",ZE,33.0,33,3222,0.8733643823464183,True,2,1,33.0,3224.76,8882.92,344.3,85.77,4.38,33.32,5.11,9.85,0.61,15.69,27.72,30.52,24.67,75.83,95.61,297.02,5.92,0.04,0.09,32.0,79.0,53.0,42.0,50.0,68.0,45.0,54.0,21.0,24.0,64.0,47.0,61.0,45.0,82.0,53.0,24.0,16.0
2022,Operário-PR,19,34,Cai,13.0,-0.39133416123100295,False,Arnaldo,RB,LD,30.0,35,2929,0.7939429782410488,True,3,1,35.0,2922.15,9117.74,466.87,170.71,9.39,54.48,9.09,17.52,1.79,24.08,29.66,32.06,117.2,85.35,253.6,299.07,15.95,0.52,1.71,9.0,23.0,26.0,32.0,25.0,74.0,51.0,54.0,12.0,72.0,91.0,40.0,21.0,26.0,28.0,11.0,16.0,18.0
2022,Operário-PR,19,34,Cai,13.0,-0.39133416123100295,False,Giovanni Pavani,"LAMF, RCMF",EE,25.0,28,1840,0.4987555752692146,False,4,1,28.0,1841.0,9936.01,478.24,115.12,5.96,48.1,5.23,11.15,0.54,32.17,26.88,28.2,60.07,62.56,296.88,270.44,25.1,2.0,6.37,35.0,6.0,1.0,1.0,1.0,6.0,1.0,4.0,10.0,3.0,7.0,1.0,9.0,9.0,16.0,6.0,7.0,4.0
2022,Operário-PR,19,34,Cai,13.0,-0.39133416123100295,False,Fernando Neto,"LDMF, LCMF, RCMF",VOL,29.0,23,1823,0.4941475074542273,False,5,1,23.0,1821.83,10496.98,431.76,96.92,5.48,45.5,3.75,12.55,0.3,37.4,27.18,29.68,43.56,72.42,200.67,315.49,23.12,0.55,5.38,89.0,41.0,27.0,48.0,47.0,11.0,30.0,25.0,78.0,33.0,52.0,55.0,25.0,64.0,20.0,69.0,34.0,78.0
2022,Operário-PR,19,34,Cai,13.0,-0.39133416123100295,False,J. Reina,"AMF, RW",MEI,33.0,27,1789,0.4849313718242528,False,6,1,27.0,1789.29,10390.28,637.46,174.68,9.61,66.09,5.63,14.99,0.91,37.42,28.16,30.46,100.75,99.47,389.04,372.27,42.96,4.99,13.04,61.0,84.0,84.0,82.0,81.0,45.0,58.0,58.0,68.0,77.0,77.0,65.0,81.0,77.0,77.0,77.0,71.0,58.0
2022,Operário-PR,19,34,Cai,13.0,-0.39133416123100295,False,Thales,"RCB, CB",ZD,29.0,17,1578,0.4277371183558808,False,7,1,17.0,1580.15,8952.36,357.87,125.08,6.32,39.59,4.67,7.92,0.57,17.14,29.46,31.76,41.25,111.37,128.55,286.26,7.05,0.5,0.59,58.0,78.0,81.0,75.0,72.0,18.0,6.0,36.0,25.0,83.0,81.0,75.0,86.0,78.0,78.0,56.0,89.0,83.0
2022,Operário-PR,19,34,Cai,13.0,-0.39133416123100295,False,Tomás Bastos,"LCMF, AMF, LDMF",MED,30.0,26,1326,0.3594292895690101,False,8,1,26.0,1330.94,10229.26,602.66,153.57,7.24,53.76,5.21,12.58,0.68,37.4,27.34,29.86,80.86,99.59,321.05,411.95,32.93,6.25,11.63,51.0,81.0,63.0,58.0,51.0,40.0,26.0,49.0,63.0,47.0,63.0,74.0,58.0,86.0,67.0,67.0,93.0,84.0
2022,Operário-PR,19,34,Cai,13.0,-0.39133416123100295,False,Júnior Brandao,CF,CA,27.0,29,1261,0.3418102067469998,False,9,1,29.0,1258.6,9790.42,554.85,294.98,14.3,74.3,9.73,17.59,2.86,40.76,31.0,33.06,234.23,111.91,360.43,301.71,37.94,10.77,26.43,65.0,54.0,89.0,81.0,73.0,77.0,54.0,88.0,76.0,93.0,93.0,93.0,59.0,69.0,36.0,86.0,64.0,82.0
2022,Operário-PR,19,34,Cai,13.0,-0.39133416123100295,False,Silvinho,"LW, LWF",EE,32.0,15,1161,0.3147039254823686,False,10,2,15.0,1163.1,8763.75,447.74,196.17,9.83,57.96,8.13,14.39,1.63,34.2,29.65,31.74,163.77,61.88,363.74,189.52,36.19,2.92,13.04,1.0,3.0,31.0,24.0,15.0,51.0,9.0,45.0,16.0,59.0,66.0,47.0,7.0,32.0,1.0,57.0,18.0,43.0
2022,Operário-PR,19,34,Cai,13.0,-0.39133416123100295,False,Rafael Chorão,"RDMF, RCMF, LDMF",VOL,34.0,24,1122,0.3041324757891624,False,11,2,24.0,1124.16,10432.38,468.25,70.61,3.52,41.55,4.4,12.25,0.16,30.18,25.75,27.8,35.56,48.23,243.95,327.26,30.67,1.31,4.69,86.0,59.0,9.0,12.0,22.0,28.0,21.0,13.0,39.0,6.0,11.0,41.0,5.0,81.0,27.0,88.0,69.0,72.0
2022,Operário-PR,19,34,Cai,13.0,-0.39133416123100295,False,Lucas Mendes,"RB, RW, RAMF",LD,31.0,21,1095,0.296813779847712,False,12,2,21.0,1095.78,10337.1,682.28,345.7,15.85,80.98,7.88,17.49,3.12,35.81,30.15,31.92,197.0,197.35,360.55,428.68,34.36,1.46,4.49,93.0,93.0,100.0,95.0,91.0,49.0,49.0,93.0,81.0,88.0,84.0,89.0,91.0,74.0,82.0,93.0,62.0,77.0
2022,Operário-PR,19,34,Cai,13.0,-0.39133416123100295,False,Felipe Saraiva,"LW, LAMF, RWF",EE,24.0,24,1010,0.2737734407727754,False,13,3,24.0,1008.48,8987.51,501.12,174.12,8.57,57.65,10.0,19.01,1.96,34.09,27.88,30.86,108.74,90.6,320.4,266.65,26.24,2.77,8.96,3.0,15.0,24.0,13.0,13.0,88.0,46.0,59.0,15.0,15.0,56.0,22.0,29.0,12.0,15.0,9.0,15.0,16.0
2022,Operário-PR,19,34,Cai,13.0,-0.39133416123100295,False,Willian Machado,LCB,ZE,25.0,10,883,0.2393484635666938,False,14,2,10.0,884.0,9111.48,339.33,113.93,6.82,42.05,7.43,14.76,0.81,21.69,29.05,30.08,18.96,119.05,90.49,310.09,4.52,0.0,0.0,71.0,71.0,92.0,97.0,95.0,100.0,100.0,68.0,89.0,87.0,39.0,21.0,97.0,34.0,87.0,26.0,12.0,8.0
2022,Operário-PR,19,34,Cai,13.0,-0.39133416123100295,False,André Lima,DMF,VOL,22.0,14,816,0.2211872551193908,False,15,3,14.0,816.48,9907.75,352.71,86.19,4.3,37.03,4.96,12.79,0.44,25.13,27.35,29.4,17.07,88.06,85.08,365.91,12.22,0.48,0.95,33.0,11.0,17.0,19.0,16.0,52.0,38.0,34.0,12.0,39.0,42.0,5.0,52.0,8.0,50.0,17.0,32.0,16.0
2022,Operário-PR,19,34,Cai,13.0,-0.39133416123100295,False,Pablo Diogo,"RB, RAMF",LD,29.0,9,554,0.150168798206057,False,16,3,8.0,453.52,9828.12,548.95,203.82,10.92,65.49,9.33,19.85,0.99,34.33,28.8,29.8,131.46,114.41,322.9,325.97,27.47,0.32,1.28,65.0,56.0,53.0,53.0,60.0,79.0,72.0,19.0,77.0,33.0,28.0,54.0,54.0,60.0,44.0,61.0,14.0,12.0
2022,Operário-PR,19,34,Cai,13.0,-0.39133416123100295,False,Leonardo Kalil,"CF, LAMF",CA,26.0,11,506,0.137157783199034,False,17,2,11.0,506.0,9739.35,526.5,191.75,12.1,73.64,10.14,19.03,2.85,43.04,28.85,30.98,135.5,104.5,333.17,303.62,36.89,6.51,20.5,59.0,39.0,43.0,64.0,70.0,85.0,76.0,86.0,85.0,54.0,64.0,55.0,49.0,57.0,41.0,74.0,15.0,47.0
2022,Operário-PR,19,34,Cai,13.0,-0.39133416123100295,False,Marcelo,"RCMF, RW",MED,34.0,7,481,0.1303812128828762,False,18,2,7.0,482.16,10207.69,550.68,87.74,6.16,54.13,5.79,14.93,0.93,35.84,26.29,26.62,39.77,60.94,282.15,396.1,39.59,4.12,11.55,49.0,70.0,21.0,37.0,53.0,56.0,65.0,74.0,56.0,9.0,5.0,33.0,16.0,74.0,65.0,91.0,77.0,81.0
2022,Operário-PR,19,34,Cai,13.0,-0.39133416123100295,False,German Fagner,RCB,ZD,31.0,4,343,0.0929745447376851,False,19,2,4.0,343.76,9224.72,368.1,165.72,8.64,47.91,5.24,9.69,1.57,21.21,30.62,30.62,28.8,156.44,107.53,296.99,5.18,0.0,0.0,,,,,,,,,,,,,,,,,,
2022,Operário-PR,19,34,Cai,13.0,-0.39133416123100295,False,Thomaz Santos,LW,EE,36.0,6,316,0.0856558487962347,False,20,4,6.0,316.79999999999995,9978.08,812.26,226.43,13.35,89.78,9.94,22.44,1.99,66.48,28.05,28.38,113.4,138.03,402.55,538.57,35.88,8.74,17.02,40.0,96.0,40.0,60.0,88.0,85.0,84.0,60.0,100.0,24.0,9.0,24.0,62.0,56.0,94.0,53.0,87.0,71.0
2022,Operário-PR,19,34,Cai,13.0,-0.39133416123100295,False,Getterson,CF,CA,31.0,9,295,0.0799635297306621,False,21,3,9.0,295.2,9619.34,557.25,215.52,11.28,64.32,8.54,16.46,1.83,35.36,27.56,28.82,163.84,96.22,317.38,355.74,30.56,11.26,22.92,50.0,55.0,58.0,54.0,49.0,47.0,23.0,58.0,50.0,12.0,11.0,74.0,41.0,43.0,66.0,36.0,70.0,64.0
2022,Operário-PR,19,34,Cai,13.0,-0.39133416123100295,False,Jean Carlo,"LAMF, RAMF, RW",EE,29.0,9,251,0.0680367659742244,False,22,5,9.0,250.02,10273.32,792.36,221.76,11.88,78.12,8.28,20.52,1.44,42.12,26.96,28.04,92.62,169.02,439.1,524.88,36.73,1.96,5.88,71.0,94.0,38.0,41.0,57.0,53.0,63.0,34.0,49.0,4.0,6.0,16.0,81.0,74.0,93.0,62.0,6.0,3.0
2022,Operário-PR,19,34,Cai,13.0,-0.39133416123100295,False,Lucas Souza,"RCB, DMF, CB",ZD,24.0,5,244,0.0661393262857002,False,23,3,5.0,243.8,9594.26,388.38,95.25,5.54,43.56,6.28,13.29,0.0,32.86,27.04,27.04,44.23,63.78,160.28,268.48,9.08,0.0,0.0,97.0,89.0,53.0,61.0,83.0,89.0,94.0,6.0,100.0,3.0,3.0,81.0,22.0,86.0,61.0,81.0,22.0,15.0
2022,Operário-PR,19,34,Cai,13.0,-0.39133416123100295,False,Raphinha,LB,LE,23.0,4,231,0.0626155097212981,False,24,2,4.0,232.0,10048.14,626.94,159.45,8.92,60.52,6.21,18.23,0.78,29.87,27.48,27.48,87.21,107.97,344.08,438.15,32.28,0.79,3.94,,,,,,,,,,,,,,,,,,
2022,Operário-PR,19,34,Cai,13.0,-0.39133416123100295,False,Lucas Vital,"LDMF, LCMF, RCMF",VOL,21.0,5,215,0.0582785047189571,False,25,4,5.0,215.6,10249.35,453.37,139.85,5.01,49.26,5.01,12.94,0.0,39.24,27.06,27.06,28.35,120.95,117.62,380.63,21.09,0.59,1.76,70.0,52.0,69.0,30.0,61.0,55.0,39.0,3.0,84.0,30.0,5.0,20.0,88.0,22.0,58.0,61.0,38.0,39.0
2022,Operário-PR,19,34,Cai,13.0,-0.39133416123100295,False,Ronald Carvalho,RCB,ZD,22.0,3,175,0.0474359922131046,False,26,4,3.0,174.42000000000002,9134.49,360.14,85.13,5.16,39.73,6.19,13.93,1.03,27.86,28.3,28.3,6.48,89.49,96.36,317.97,4.85,0.0,0.0,,,,,,,,,,,,,,,,,,
2022,Operário-PR,19,34,Cai,13.0,-0.39133416123100295,False,Giovani,"RW, LW, CF",ED,21.0,5,148,0.0401172962716542,False,27,1,5.0,147.95,9954.96,593.17,218.41,10.95,68.75,11.56,23.73,4.26,46.24,27.26,27.26,134.84,133.73,411.01,373.58,39.25,4.49,12.34,44.0,38.0,45.0,36.0,42.0,89.0,82.0,98.0,78.0,5.0,4.0,27.0,69.0,64.0,60.0,73.0,36.0,45.0
2022,Operário-PR,19,34,Cai,13.0,-0.39133416123100295,False,Michel,"LCMF, LDMF, LCB",MED,32.0,1,49,0.0132820778196693,False,28,3,1.0,48.65,9197.94,251.59,33.3,1.85,25.9,3.7,7.4,0.0,22.2,25.8,25.8,3.35,40.11,103.72,263.23,23.41,0.0,3.34,,,,,,,,,,,,,,,,,,
2022,Operário-PR,19,34,Cai,13.0,-0.39133416123100295,False,Matheus Alemão,CF,CA,20.0,1,45,0.012197826569084,False,29,4,1.0,45.13,10762.11,642.1,113.66,7.98,65.81,9.97,21.94,0.0,63.81,27.7,27.7,34.72,84.44,199.19,415.56,32.89,5.48,18.27,,,,,,,,,,,,,,,,,,
2022,Operário-PR,19,34,Cai,13.0,-0.39133416123100295,False,Rafael Oller,"RAMF, RW",ED,27.0,2,42,0.0113846381311451,False,30,2,2.0,41.68,10199.76,548.42,92.84,6.48,56.14,4.32,12.95,0.0,38.86,26.7,26.7,66.48,83.08,428.45,332.31,45.4,7.57,15.13,,,,,,,,,,,,,,,,,,
2022,Operário-PR,19,34,Cai,13.0,-0.39133416123100295,False,Arthur Neves,LB,LE,20.0,1,32,0.0086740100046819,False,31,3,1.0,32.25,9965.58,443.72,178.6,11.16,61.4,8.37,13.95,5.58,41.86,30.9,30.9,25.64,158.31,141.03,296.09,7.69,0.0,0.0,,,,,,,,,,,,,,,,,,
2022,Operário-PR,19,34,Cai,13.0,-0.39133416123100295,False,Ruan Casagrande,"LCMF, RB",MED,19.0,2,18,0.0048791306276336,False,32,4,2.0,18.18,10948.49,1143.35,326.67,9.9,89.09,14.85,29.7,4.95,24.75,27.1,27.1,263.6,134.48,474.48,631.03,54.11,0.0,6.01,,,,,,,,,,,,,,,,,,
2022,Operário-PR,19,34,Cai,13.0,-0.39133416123100295,False,Ruan,RB,LD,18.0,1,9,0.0024395653138168,False,33,4,1.0,9.18,10623.59,568.42,205.81,0.0,58.8,29.4,39.2,0.0,29.4,26.4,26.4,52.72,123.16,22.59,473.68,7.52,0.0,0.0,,,,,,,,,,,,,,,,,,
2022,Operário-PR,19,34,Cai,13.0,-0.39133416123100295,False,Pedro Pio,CF,CA,17.0,1,2,0.0005421256252926,False,34,5,1.0,2.48,15620.13,1703.36,942.28,36.24,326.17,72.48,108.72,0.0,108.72,30.7,30.7,,180.0,,450.0,157.89,0.0,157.89,,,,,,,,,,,,,,,,,,
2022,Ponte Preta,12,49,Meio,5.0,-0.16202681237652006,False,Léo Naldi,"RCMF, LDMF, LCMF",MED,21.0,33,3102,0.8201418098786203,True,1,1,33.0,3109.26,9636.62,519.25,167.52,8.89,58.76,5.24,14.24,0.69,30.89,29.65,32.92,66.95,159.39,246.08,445.77,23.7,2.33,7.07,16.0,58.0,70.0,79.0,74.0,42.0,51.0,51.0,28.0,100.0,100.0,58.0,98.0,51.0,74.0,35.0,53.0,58.0
2022,Ponte Preta,12,49,Meio,5.0,-0.16202681237652006,False,Fábio Sanches,"LCB, CB",ZE,31.0,30,2883,0.7622401153707486,True,2,1,30.0,2890.2000000000003,8565.52,326.04,131.79,6.94,41.48,6.07,11.74,1.56,16.97,29.76,31.9,21.97,146.1,98.16,315.39,5.33,0.1,0.35,13.0,61.0,97.0,100.0,92.0,95.0,95.0,97.0,34.0,100.0,91.0,37.0,100.0,47.0,89.0,37.0,32.0,53.0
2022,Ponte Preta,12,49,Meio,5.0,-0.16202681237652006,False,Artur,"LB, LWB",LE,27.0,32,2840,0.7508712895084725,True,3,1,32.0,2846.72,9123.11,499.46,200.0,11.07,62.28,8.73,18.56,1.93,28.01,30.04,31.92,116.02,140.68,258.89,373.24,17.15,1.14,3.13,10.0,28.0,45.0,52.0,35.0,78.0,50.0,60.0,28.0,72.0,85.0,40.0,80.0,20.0,78.0,5.0,39.0,25.0
2022,Ponte Preta,12,49,Meio,5.0,-0.16202681237652006,False,Lucca,CF,CA,32.0,28,2617,0.69191202980411,True,4,1,28.0,2622.2000000000003,8915.83,524.11,145.86,9.44,60.71,9.51,16.23,1.54,38.27,27.78,29.76,79.23,108.82,286.23,409.22,32.23,12.79,22.59,8.0,38.0,16.0,34.0,31.0,72.0,22.0,48.0,64.0,20.0,27.0,14.0,51.0,23.0,78.0,49.0,85.0,62.0
2022,Ponte Preta,12,49,Meio,5.0,-0.16202681237652006,False,Felipe Amaral,"DMF, RDMF, LDMF",VOL,19.0,32,2358,0.6234346833313303,True,5,1,32.0,2361.28,10161.5,433.98,105.58,4.88,43.76,4.5,11.13,0.46,37.09,27.62,30.94,23.7,120.39,117.28,466.73,11.46,0.32,1.08,61.0,42.0,39.0,28.0,36.0,34.0,12.0,38.0,70.0,51.0,89.0,11.0,86.0,20.0,89.0,16.0,26.0,20.0
2022,Ponte Preta,12,49,Meio,5.0,-0.16202681237652006,False,Fessin,"LAMF, LWF",EE,23.0,28,2094,0.5536353803629371,False,6,1,28.0,2097.2000000000003,9606.07,604.35,219.6,12.92,74.89,7.9,16.61,1.63,43.05,29.62,32.16,147.94,135.51,374.34,414.6,34.89,6.12,16.9,16.0,37.0,35.0,50.0,47.0,44.0,24.0,45.0,53.0,57.0,82.0,38.0,57.0,37.0,81.0,43.0,68.0,69.0
2022,Ponte Preta,12,49,Meio,5.0,-0.16202681237652006,False,Wallisson,"RAMF, RCMF",ED,24.0,30,2001,0.5290469895445259,False,7,1,30.0,2003.1,9516.48,576.81,204.63,13.35,76.21,8.67,25.3,1.44,48.57,28.94,30.68,101.04,162.82,291.26,466.05,23.7,4.74,9.26,15.0,33.0,38.0,60.0,55.0,53.0,91.0,31.0,85.0,42.0,49.0,7.0,87.0,11.0,93.0,13.0,38.0,25.0
2022,Ponte Preta,12,49,Meio,5.0,-0.16202681237652006,False,Igor Formiga,"RB, LB, RWB",LD,23.0,31,1980,0.5234947722629492,False,8,1,31.0,1986.48,9778.51,662.23,299.13,16.31,82.87,8.47,22.16,2.81,35.48,29.64,31.42,159.48,230.22,382.74,471.81,24.65,1.6,4.87,58.0,88.0,96.0,98.0,95.0,67.0,95.0,91.0,79.0,70.0,68.0,72.0,98.0,86.0,91.0,46.0,70.0,82.0
2022,Ponte Preta,12,49,Meio,5.0,-0.16202681237652006,False,Mateus Silva,RCB,ZD,26.0,15,1441,0.380987862035813,False,9,1,15.0,1444.5,8651.79,356.15,103.3,5.98,38.63,5.86,12.27,0.75,17.63,28.17,29.9,20.88,110.39,117.87,337.45,7.8,0.3,0.4,19.0,75.0,67.0,69.0,67.0,83.0,83.0,53.0,33.0,35.0,38.0,28.0,83.0,67.0,89.0,61.0,81.0,67.0
2022,Ponte Preta,12,49,Meio,5.0,-0.16202681237652006,False,Élvis,AMF,MEI,31.0,15,1412,0.3733205143612546,False,10,1,15.0,1415.5500000000002,9039.31,303.21,51.63,2.42,28.93,3.69,8.39,0.06,20.22,25.64,26.54,20.1,45.93,133.52,287.75,13.79,1.33,4.9,3.0,3.0,3.0,3.0,3.0,6.0,3.0,13.0,3.0,3.0,10.0,3.0,16.0,3.0,42.0,3.0,10.0,3.0
2022,Ponte Preta,12,49,Meio,5.0,-0.16202681237652006,False,Norberto,"RB, RWB",LD,32.0,19,1247,0.3296959500060089,False,11,2,19.0,1248.4899999999998,9850.27,625.68,220.31,12.04,68.34,9.01,16.73,1.73,31.0,28.93,30.68,132.29,143.34,387.9,398.45,31.05,3.49,5.34,67.0,75.0,63.0,68.0,70.0,71.0,42.0,49.0,53.0,39.0,51.0,56.0,82.0,89.0,79.0,82.0,96.0,89.0
2022,Ponte Preta,12,49,Meio,5.0,-0.16202681237652006,False,Echaporã,"LW, LWF, RWF",EE,22.0,21,1104,0.2918879942314625,False,12,2,21.0,1104.6,9830.43,633.29,285.11,14.99,81.97,10.92,19.31,2.04,48.73,30.18,31.98,192.39,172.25,393.79,409.37,35.65,6.17,15.08,29.0,50.0,68.0,74.0,68.0,94.0,47.0,65.0,81.0,82.0,74.0,68.0,85.0,47.0,78.0,47.0,69.0,57.0
2022,Ponte Preta,12,49,Meio,5.0,-0.16202681237652006,False,Danilo Gomes,"RWF, RW",ED,23.0,14,1027,0.2715298641990145,False,13,2,14.0,1027.74,8859.47,467.11,195.11,11.21,64.98,10.42,20.58,3.15,34.07,29.87,31.26,144.83,100.28,332.2,263.74,26.31,4.97,11.84,4.0,5.0,29.0,44.0,27.0,82.0,55.0,84.0,11.0,65.0,58.0,38.0,44.0,18.0,13.0,16.0,45.0,36.0
2022,Ponte Preta,12,49,Meio,5.0,-0.16202681237652006,False,Fraga,"DMF, RDMF, RCMF",VOL,25.0,21,1002,0.264920081720947,False,14,2,20.0,1001.6,10562.58,574.85,156.45,8.45,61.92,6.11,16.98,0.81,52.57,28.3,30.92,39.72,167.66,174.92,567.45,23.23,0.48,3.55,91.0,81.0,84.0,83.0,88.0,92.0,89.0,69.0,94.0,79.0,87.0,47.0,98.0,50.0,98.0,70.0,32.0,62.0
2022,Ponte Preta,12,49,Meio,5.0,-0.16202681237652006,False,Bernardo,RB,LD,25.0,20,876,0.2316067780314865,False,15,3,20.0,878.0,9722.91,618.7,321.45,16.81,82.92,10.25,21.42,2.67,34.03,30.68,33.72,201.11,215.49,346.2,418.59,22.04,0.84,4.04,49.0,74.0,98.0,100.0,96.0,93.0,89.0,86.0,74.0,93.0,100.0,95.0,93.0,70.0,81.0,38.0,33.0,64.0
2022,Ponte Preta,12,49,Meio,5.0,-0.16202681237652006,False,Ramon,LCMF,MED,25.0,11,811,0.2144213435885109,False,16,2,10.0,806.2,9620.04,567.32,134.85,7.03,57.38,6.14,14.18,0.78,31.03,27.94,28.58,81.38,106.49,273.81,502.41,24.4,3.54,6.54,14.0,72.0,51.0,50.0,70.0,79.0,49.0,63.0,30.0,58.0,23.0,77.0,70.0,65.0,88.0,40.0,70.0,56.0
2022,Ponte Preta,12,49,Meio,5.0,-0.16202681237652006,False,Douglas Mendes,"RCB, CB",ZD,18.0,8,717,0.189568561470977,False,17,2,8.0,718.0,9406.1,367.03,172.86,7.9,46.0,5.39,9.9,1.63,24.19,31.35,32.76,49.92,142.73,144.81,280.13,8.29,0.18,0.18,86.0,83.0,94.0,92.0,92.0,64.0,33.0,92.0,83.0,97.0,92.0,86.0,94.0,83.0,72.0,67.0,64.0,47.0
2022,Ponte Preta,12,49,Meio,5.0,-0.16202681237652006,False,Fabrício,LCB,ZE,32.0,8,705,0.1863958658815046,False,18,2,8.0,707.76,8687.38,314.36,80.37,4.71,35.1,5.09,10.55,1.78,17.93,28.79,29.72,18.89,86.7,98.7,286.47,7.82,0.0,0.17,26.0,53.0,37.0,58.0,71.0,66.0,71.0,100.0,47.0,78.0,32.0,18.0,76.0,50.0,79.0,68.0,12.0,26.0
2022,Ponte Preta,12,49,Meio,5.0,-0.16202681237652006,False,Ribamar,CF,CA,25.0,9,336,0.0888354765052277,False,19,2,9.0,334.89,9158.18,490.66,257.96,11.82,65.57,9.94,14.78,3.22,28.75,29.76,30.92,133.53,165.05,226.8,389.57,26.99,10.28,21.52,22.0,26.0,76.0,62.0,54.0,81.0,9.0,95.0,15.0,74.0,57.0,53.0,85.0,1.0,76.0,16.0,61.0,57.0
2022,Ponte Preta,12,49,Meio,5.0,-0.16202681237652006,False,Matheus Anjos,"CF, AMF, LWF",CA,23.0,6,331,0.0875135200096142,False,20,3,6.0,330.78000000000003,10523.57,713.4,167.87,9.79,72.65,8.43,14.42,2.99,47.34,27.93,28.2,61.57,146.27,385.66,499.56,40.09,7.45,17.74,96.0,96.0,34.0,41.0,69.0,45.0,7.0,93.0,92.0,27.0,7.0,3.0,76.0,85.0,96.0,95.0,28.0,23.0
2022,Ponte Preta,12,49,Meio,5.0,-0.16202681237652006,False,Cássio,AMF,MEI,29.0,7,287,0.0758803028482153,False,21,2,7.0,286.58,10246.59,556.55,154.21,6.6,55.59,4.08,12.88,0.31,38.32,27.2,28.14,71.19,117.38,262.86,495.55,33.16,2.3,11.97,48.0,58.0,65.0,35.0,48.0,10.0,32.0,19.0,74.0,42.0,24.0,29.0,94.0,16.0,97.0,45.0,16.0,42.0
2022,Ponte Preta,12,49,Meio,5.0,-0.16202681237652006,False,Moisés Ribeiro,"LDMF, DMF, RDMF",VOL,31.0,10,280,0.0740295637543564,False,22,3,10.0,279.20000000000005,9792.34,416.15,52.22,2.58,37.39,5.48,12.25,0.0,38.68,25.54,26.92,25.84,41.39,166.13,354.75,21.73,0.0,0.0,23.0,33.0,2.0,3.0,17.0,70.0,21.0,3.0,83.0,3.0,3.0,17.0,3.0,44.0,44.0,62.0,6.0,3.0
2022,Ponte Preta,12,49,Meio,5.0,-0.16202681237652006,False,L. Barcía,"RAMF, RW, LAMF",ED,29.0,8,276,0.0729719985578656,False,23,3,8.0,275.76,11194.95,901.52,269.61,14.36,91.07,7.83,19.91,0.65,52.22,28.19,29.14,165.68,176.5,405.62,731.14,38.38,8.08,20.61,100.0,100.0,64.0,64.0,89.0,35.0,47.0,9.0,93.0,15.0,15.0,55.0,89.0,58.0,100.0,67.0,85.0,85.0
2022,Ponte Preta,12,49,Meio,5.0,-0.16202681237652006,False,Da Silva,CF,CA,23.0,6,250,0.0660978247806754,False,24,4,6.0,250.32,8767.85,432.53,152.45,8.99,52.85,8.27,16.54,2.16,33.8,28.45,29.0,85.4,135.98,294.8,281.07,31.18,15.59,23.82,4.0,5.0,22.0,27.0,18.0,39.0,28.0,68.0,39.0,39.0,15.0,16.0,69.0,31.0,30.0,41.0,96.0,72.0
2022,Ponte Preta,12,49,Meio,5.0,-0.16202681237652006,False,Guilherme Santos,LCB,ZE,34.0,2,204,0.0539358250210311,False,25,3,2.0,204.16,8915.8,385.3,86.85,6.61,43.64,5.29,13.67,1.76,30.86,28.45,28.45,18.4,88.27,107.65,357.48,7.49,0.0,0.0,,,,,,,,,,,,,,,,,,
2022,Ponte Preta,12,49,Meio,5.0,-0.16202681237652006,False,Guilherme Souza,"RCB, LCB",ZD,25.0,4,189,0.0499699555341906,False,26,3,4.0,189.76,8988.62,440.63,168.85,8.54,49.8,5.22,10.43,0.47,21.34,27.68,27.68,39.36,167.98,127.4,401.52,14.3,0.0,0.0,,,,,,,,,,,,,,,,,,
2022,Ponte Preta,12,49,Meio,5.0,-0.16202681237652006,False,Luiz Felipe,"LDMF, LCMF",VOL,24.0,5,186,0.0491767816368224,False,27,4,5.0,185.4,10320.83,660.25,194.19,12.14,82.05,4.85,18.93,1.46,60.2,28.08,28.08,168.37,106.25,340.76,528.75,35.44,3.73,11.19,75.0,98.0,97.0,100.0,100.0,47.0,98.0,95.0,100.0,72.0,19.0,100.0,72.0,97.0,95.0,95.0,98.0,98.0
2022,Ponte Preta,12,49,Meio,5.0,-0.16202681237652006,False,Wesley,RCMF,MED,34.0,4,159,0.0420382165605095,False,28,3,4.0,158.84,10097.38,439.71,68.0,3.4,41.36,4.53,10.77,0.0,31.73,25.82,25.82,52.79,33.67,236.71,322.44,25.49,0.0,0.91,,,,,,,,,,,,,,,,,,
2022,Ponte Preta,12,49,Meio,5.0,-0.16202681237652006,False,Rithely,"LDMF, RDMF, LCMF",VOL,31.0,5,157,0.0415094339622641,False,29,5,5.0,156.45,10209.84,641.93,148.98,5.18,55.79,8.05,18.41,2.3,26.46,27.16,27.16,53.57,154.16,204.81,655.62,17.63,1.76,7.93,66.0,92.0,80.0,34.0,75.0,98.0,95.0,100.0,17.0,31.0,6.0,64.0,97.0,67.0,100.0,47.0,77.0,94.0
2022,Ponte Preta,12,49,Meio,5.0,-0.16202681237652006,False,Éverton,LAMF,EE,33.0,3,153,0.0404518687657733,False,30,3,3.0,153.39,9226.3,684.17,272.85,16.43,88.6,8.8,16.43,1.17,52.81,29.2,29.2,223.22,157.29,498.02,491.82,58.25,0.0,19.42,,,,,,,,,,,,,,,,,,
2022,Ponte Preta,12,49,Meio,5.0,-0.16202681237652006,False,R. Ramires,"CF, RWF",CA,21.0,5,146,0.0386011296719144,False,31,5,5.0,146.4,9780.24,685.99,382.33,19.67,94.05,11.06,23.36,2.46,44.87,30.5,30.5,158.89,312.84,270.87,559.77,28.77,8.63,19.42,62.0,88.0,96.0,99.0,97.0,99.0,95.0,74.0,88.0,91.0,41.0,69.0,99.0,14.0,100.0,26.0,43.0,39.0
2022,Ponte Preta,12,49,Meio,5.0,-0.16202681237652006,False,Gabriel Venâncio,"LWF, RWF, LDMF",EE,21.0,5,123,0.0325201297920922,False,32,4,5.0,123.0,10253.34,828.4,286.87,11.71,85.62,13.17,25.61,0.0,46.1,27.9,27.9,183.54,250.76,494.72,658.61,33.99,2.96,8.87,65.0,97.0,69.0,40.0,84.0,99.0,97.0,1.0,76.0,17.0,4.0,60.0,97.0,90.0,100.0,35.0,20.0,15.0
2022,Ponte Preta,12,49,Meio,5.0,-0.16202681237652006,False,Pedro Júnior,"RAMF, RWF",ED,35.0,2,88,0.0232664343227977,False,33,4,2.0,88.02,9840.86,438.67,94.07,7.16,53.17,8.18,18.41,1.02,31.7,27.55,27.55,50.0,75.66,217.71,322.57,26.17,2.49,6.23,,,,,,,,,,,,,,,,,,
2022,Ponte Preta,12,49,Meio,5.0,-0.16202681237652006,False,Luiz Fernando,"RAMF, RWF",ED,22.0,2,50,0.013219564956135,False,34,5,2.0,49.94,10093.46,767.82,192.86,10.81,70.29,9.01,27.04,1.8,52.27,31.55,31.55,109.55,144.15,511.22,583.98,25.68,0.0,2.14,,,,,,,,,,,,,,,,,,
2022,Ponte Preta,12,49,Meio,5.0,-0.16202681237652006,False,DG,LWF,EE,23.0,1,49,0.0129551736570123,False,35,5,1.0,49.23,8745.29,435.07,142.59,9.14,58.5,12.8,25.59,3.66,53.01,31.2,31.2,25.0,203.53,192.31,381.63,21.13,1.92,7.68,,,,,,,,,,,,,,,,,,
2022,Ponte Preta,12,49,Meio,5.0,-0.16202681237652006,False,Dodô,"LAMF, RWB",EE,24.0,2,43,0.0113688258622761,False,36,6,2.0,42.5,10010.12,969.88,461.65,21.18,112.24,8.47,23.29,4.24,50.82,31.55,31.55,278.0,319.15,727.3,510.64,44.82,2.8,11.2,,,,,,,,,,,,,,,,,,
2022,Ponte Preta,12,49,Meio,5.0,-0.16202681237652006,False,Victor Luiz,LB,LE,25.0,1,28,0.0074029563754356,False,37,2,1.0,27.73,10397.6,986.54,493.27,25.96,123.32,12.98,25.96,0.0,42.19,30.9,30.9,738.46,155.51,817.58,540.39,39.47,0.0,13.16,,,,,,,,,,,,,,,,,,
2022,Sampaio Corrêa,5,58,Meio,18.0,0.4733855144264345,True,Mateusinho,RB,LD,23.0,34,3143,0.8364300575797164,True,1,1,34.0,3147.04,9323.21,504.44,202.4,10.61,57.8,7.04,16.07,1.77,24.37,30.11,31.96,152.48,90.31,284.63,290.72,19.22,2.14,4.9,19.0,33.0,49.0,46.0,32.0,28.0,25.0,53.0,14.0,84.0,86.0,70.0,32.0,40.0,25.0,20.0,84.0,86.0
2022,Sampaio Corrêa,5,58,Meio,18.0,0.4733855144264345,True,André Luiz,"RDMF, LDMF, RCMF",VOL,27.0,35,3136,0.8345671844002517,True,2,1,35.0,3140.9,9540.63,403.83,110.6,5.21,40.54,5.39,12.32,0.72,25.04,27.69,30.52,41.55,81.29,114.56,329.17,11.19,0.21,0.7,17.0,25.0,44.0,36.0,20.0,66.0,25.0,62.0,11.0,59.0,75.0,50.0,39.0,19.0,30.0,14.0,18.0,9.0
2022,Sampaio Corrêa,5,58,Meio,18.0,0.4733855144264345,True,Gabriel Poveda,CF,CA,24.0,37,3122,0.8308414380413219,True,3,1,37.0,3124.65,9315.62,479.28,186.51,10.08,57.78,7.26,16.07,1.56,29.27,29.28,31.48,136.44,74.13,326.54,224.52,31.9,11.97,23.69,28.0,23.0,42.0,43.0,24.0,15.0,19.0,50.0,16.0,68.0,74.0,59.0,24.0,54.0,7.0,45.0,82.0,70.0
2022,Sampaio Corrêa,5,58,Meio,18.0,0.4733855144264345,True,Allan Godói,RCB,ZD,29.0,29,2871,0.7640441283205109,True,4,1,28.0,2770.32,8548.92,302.38,142.29,7.44,39.83,6.56,12.57,1.43,18.42,30.46,33.4,57.24,91.3,103.86,211.47,4.46,0.0,0.15,14.0,39.0,86.0,86.0,75.0,94.0,92.0,86.0,58.0,94.0,100.0,92.0,67.0,53.0,17.0,19.0,22.0,40.0
2022,Sampaio Corrêa,5,58,Meio,18.0,0.4733855144264345,True,Ygor Catatau,"LAMF, LW",EE,27.0,33,2706,0.7201335462331253,True,5,1,33.0,2709.3,9457.9,498.74,216.83,10.86,58.5,6.05,15.21,1.03,31.76,29.87,32.16,191.45,68.42,388.1,202.04,27.8,6.05,14.23,10.0,13.0,34.0,32.0,18.0,8.0,12.0,21.0,9.0,71.0,82.0,66.0,13.0,43.0,3.0,18.0,65.0,51.0
2022,Sampaio Corrêa,5,58,Meio,18.0,0.4733855144264345,True,Pimentinha,"RAMF, RW",ED,34.0,28,2388,0.6355058789374365,True,6,1,28.0,2391.76,7656.01,364.43,196.64,8.47,45.91,7.34,15.84,2.14,22.01,29.93,31.98,160.65,52.52,279.33,142.97,22.38,1.4,3.13,2.0,2.0,31.0,9.0,2.0,27.0,13.0,55.0,2.0,69.0,80.0,47.0,4.0,9.0,2.0,7.0,4.0,2.0
2022,Sampaio Corrêa,5,58,Meio,18.0,0.4733855144264345,True,Rafael Vila,"AMF, CF",MEI,34.0,32,2383,0.6341752552378188,True,7,1,32.0,2387.2,10016.58,485.84,156.05,8.48,54.03,5.54,14.63,1.02,30.92,27.98,30.62,104.19,74.0,334.51,234.84,34.13,4.73,12.37,26.0,23.0,68.0,68.0,45.0,39.0,52.0,71.0,26.0,71.0,87.0,68.0,45.0,52.0,10.0,48.0,58.0,48.0
2022,Sampaio Corrêa,5,58,Meio,18.0,0.4733855144264345,True,Nilson Júnior,LCB,ZE,30.0,19,1873,0.4984516378768084,False,8,1,17.0,1673.82,9143.22,342.28,106.84,5.43,34.41,5.27,10.65,0.75,18.66,28.45,30.42,32.96,69.09,137.17,219.73,5.8,0.12,0.0,74.0,76.0,82.0,76.0,61.0,79.0,74.0,66.0,55.0,66.0,58.0,71.0,47.0,92.0,37.0,47.0,37.0,8.0
2022,Sampaio Corrêa,5,58,Meio,18.0,0.4733855144264345,True,Lucas Hipólito,LB,LE,27.0,27,1760,0.4683795422654473,False,9,1,25.0,1738.5000000000002,9068.41,449.98,161.68,8.65,52.39,6.78,16.31,1.5,23.19,28.81,31.08,88.52,84.68,247.09,263.99,17.71,0.45,2.5,5.0,8.0,20.0,18.0,15.0,28.0,30.0,42.0,8.0,30.0,52.0,10.0,20.0,12.0,15.0,8.0,10.0,15.0
2022,Sampaio Corrêa,5,58,Meio,18.0,0.4733855144264345,True,Joécio,"LCB, RCB",ZE,36.0,17,1405,0.3739052595925872,False,10,2,16.0,1406.56,8641.51,266.56,93.8,4.42,29.75,6.08,11.2,0.7,15.23,28.57,30.9,34.01,63.55,88.23,181.32,4.17,0.15,0.3,21.0,26.0,63.0,45.0,34.0,97.0,89.0,63.0,13.0,68.0,76.0,76.0,42.0,26.0,5.0,24.0,46.0,41.0
2022,Sampaio Corrêa,5,58,Meio,18.0,0.4733855144264345,True,Lucas Araújo,"LDMF, LCMF",VOL,23.0,28,1156,0.3076401993516233,False,11,2,27.0,1149.66,9801.88,427.0,141.78,5.32,42.9,5.09,12.29,1.02,28.34,27.48,30.76,79.61,65.49,223.92,269.43,24.04,0.91,4.41,27.0,36.0,75.0,41.0,28.0,59.0,23.0,84.0,27.0,47.0,81.0,83.0,20.0,73.0,6.0,75.0,55.0,69.0
2022,Sampaio Corrêa,5,58,Meio,18.0,0.4733855144264345,True,Eloir,"LDMF, RDMF, RCMF",VOL,34.0,25,1125,0.2993903324139933,False,12,3,25.0,1125.5,9463.47,454.33,172.07,7.76,51.25,5.6,13.67,0.72,26.79,28.12,30.78,105.36,74.6,250.32,272.88,16.18,2.28,7.07,11.0,53.0,91.0,77.0,66.0,75.0,52.0,62.0,19.0,73.0,84.0,95.0,27.0,84.0,8.0,38.0,89.0,92.0
2022,Sampaio Corrêa,5,58,Meio,18.0,0.4733855144264345,True,Maurício Maranhão,"RB, RCMF",LD,23.0,23,956,0.2544152513669134,False,13,2,21.0,924.84,9498.34,430.42,181.1,7.01,47.49,6.13,14.99,0.78,27.64,27.0,29.84,102.24,83.54,252.7,250.38,25.18,0.98,3.74,30.0,14.0,35.0,14.0,11.0,12.0,14.0,16.0,28.0,9.0,30.0,35.0,16.0,25.0,5.0,50.0,41.0,59.0
2022,Sampaio Corrêa,5,58,Meio,18.0,0.4733855144264345,True,Léo Tocantins,"LAMF, LW, RAMF",EE,23.0,16,708,0.1884163158658731,False,14,2,15.0,684.15,10461.09,723.07,243.0,11.97,74.07,6.05,19.47,1.45,35.92,28.35,30.18,146.23,105.12,430.19,373.33,34.79,1.41,7.35,85.0,78.0,50.0,44.0,43.0,8.0,51.0,35.0,22.0,25.0,34.0,37.0,47.0,69.0,59.0,41.0,1.0,9.0
2022,Sampaio Corrêa,5,58,Meio,18.0,0.4733855144264345,True,Gabriel Furtado,"RCB, CB",ZD,22.0,8,653,0.1737794551700779,False,15,2,8.0,654.32,8738.43,312.23,86.93,4.68,33.29,5.23,11.83,0.28,16.37,29.2,30.3,23.96,66.95,90.17,254.89,5.88,0.0,0.0,28.0,53.0,28.0,42.0,39.0,51.0,75.0,14.0,10.0,75.0,56.0,36.0,28.0,42.0,56.0,39.0,22.0,15.0
2022,Sampaio Corrêa,5,58,Meio,18.0,0.4733855144264345,True,Eron,"CF, LW",CA,24.0,12,454,0.1208206319252915,False,16,2,11.0,450.12,9058.45,456.88,145.36,6.8,50.39,8.4,18.6,0.4,25.39,26.76,27.98,92.74,48.96,266.99,230.31,31.7,14.3,27.97,15.0,15.0,15.0,8.0,9.0,43.0,70.0,9.0,4.0,5.0,5.0,24.0,5.0,11.0,8.0,43.0,93.0,91.0
2022,Sampaio Corrêa,5,58,Meio,18.0,0.4733855144264345,True,Rafael Costa,"CF, AMF",CA,34.0,26,419,0.1115062660279672,False,17,3,24.0,408.0,9252.7,447.66,241.37,7.5,50.53,7.5,16.99,0.22,24.27,25.75,28.82,126.03,92.32,229.29,224.19,29.99,11.38,19.65,26.0,8.0,69.0,16.0,11.0,16.0,34.0,3.0,3.0,1.0,11.0,49.0,38.0,3.0,5.0,35.0,73.0,42.0
2022,Sampaio Corrêa,5,58,Meio,18.0,0.4733855144264345,True,Pedro Carrerette,"RCB, RB",ZD,23.0,5,381,0.1013935259108724,False,18,3,5.0,381.6,9023.66,325.46,121.93,5.42,33.49,5.19,9.67,0.71,17.69,28.0,28.0,34.39,106.09,95.68,270.19,3.05,0.0,0.0,69.0,56.0,78.0,56.0,42.0,47.0,31.0,47.0,36.0,25.0,8.0,61.0,78.0,44.0,64.0,6.0,22.0,15.0
2022,Sampaio Corrêa,5,58,Meio,18.0,0.4733855144264345,True,Wesley Pionteck,"LW, LWF, RAMF",EE,26.0,8,250,0.0665311849808874,False,19,3,7.0,246.19,10624.16,742.5,278.57,13.16,81.52,8.77,21.93,0.73,43.87,28.66,29.54,120.47,160.84,373.73,402.1,29.08,3.55,8.51,94.0,85.0,59.0,59.0,63.0,63.0,78.0,12.0,62.0,32.0,24.0,28.0,75.0,35.0,75.0,19.0,26.0,13.0
2022,Sampaio Corrêa,5,58,Meio,18.0,0.4733855144264345,True,Warley,"AMF, RCMF",MEI,22.0,5,217,0.0577490685634102,False,20,2,5.0,217.1,10641.21,612.76,100.74,6.63,58.04,4.56,12.85,0.0,41.87,26.72,26.72,84.93,31.64,393.62,333.42,38.69,6.22,13.82,77.0,77.0,13.0,42.0,55.0,23.0,29.0,6.0,81.0,29.0,13.0,52.0,6.0,81.0,61.0,65.0,87.0,65.0
2022,Sampaio Corrêa,5,58,Meio,18.0,0.4733855144264345,True,Soares,"RCMF, RW, AMF",MED,24.0,5,104,0.0276769729520491,False,21,1,5.0,105.65,10104.87,486.42,198.49,5.11,51.11,6.81,17.89,0.0,23.85,26.98,26.98,39.46,67.0,278.08,235.24,37.55,9.39,18.77,42.0,37.0,95.0,28.0,40.0,93.0,84.0,2.0,5.0,35.0,9.0,30.0,23.0,72.0,5.0,84.0,100.0,98.0
2022,Sampaio Corrêa,5,58,Meio,18.0,0.4733855144264345,True,Andrey,"LAMF, RAMF, LW",EE,22.0,6,73,0.0194271060144191,False,22,4,6.0,74.4,10920.99,883.26,470.67,18.15,94.38,9.68,15.73,6.05,37.51,29.05,29.76,182.46,181.31,619.13,328.97,58.65,13.53,33.83,100.0,99.0,99.0,94.0,96.0,82.0,15.0,100.0,35.0,43.0,26.0,59.0,90.0,99.0,40.0,100.0,100.0,100.0
2022,Sampaio Corrêa,5,58,Meio,18.0,0.4733855144264345,True,Wesley Dias,"RDMF, DMF",VOL,27.0,2,32,0.0085159916775535,False,23,4,2.0,32.36,10040.49,639.88,161.36,11.13,69.55,11.13,22.26,0.0,30.6,26.05,26.05,204.76,38.85,438.1,318.56,14.24,0.0,0.0,,,,,,,,,,,,,,,,,,
2022,Sampaio Corrêa,5,58,Meio,18.0,0.4733855144264345,True,William Fernandes,CF,CA,23.0,2,17,0.0045241205787003,False,24,4,2.0,17.44,10738.05,614.34,542.07,10.33,67.11,20.65,25.81,10.33,20.65,28.55,28.55,276.35,368.78,358.51,280.98,31.58,31.58,31.58,,,,,,,,,,,,,,,,,,
2022,Sport,7,57,Meio,6.0,0.10876017669562454,False,Sabino,LCB,ZE,25.0,37,3621,0.9657170566129228,True,1,1,36.0,3528.0,8399.82,243.19,92.35,4.26,29.18,3.72,7.02,0.64,13.75,29.71,32.04,30.71,72.46,92.58,186.61,3.85,0.21,0.42,8.0,13.0,58.0,39.0,24.0,5.0,3.0,58.0,8.0,95.0,97.0,63.0,55.0,39.0,11.0,18.0,53.0,61.0
2022,Sport,7,57,Meio,6.0,0.10876017669562454,False,Luciano Juba,"LW, LAMF, LCMF",EE,23.0,37,3405,0.9081100739483574,True,2,1,36.0,3335.76,9537.9,496.28,220.78,11.28,65.13,7.91,20.94,2.48,30.95,29.83,32.12,113.44,141.4,252.42,327.99,23.46,1.87,8.39,13.0,12.0,37.0,35.0,22.0,46.0,72.0,78.0,6.0,68.0,78.0,25.0,63.0,3.0,38.0,4.0,4.0,12.0
2022,Sport,7,57,Meio,6.0,0.10876017669562454,False,Sander,LB,LE,31.0,30,2723,0.7262213601648685,True,3,1,29.0,2627.4,9593.83,512.33,244.33,13.94,70.22,9.32,18.7,3.01,34.19,30.39,32.46,152.71,125.24,268.05,316.85,25.58,0.79,3.99,38.0,32.0,78.0,88.0,70.0,88.0,57.0,90.0,78.0,92.0,100.0,78.0,62.0,25.0,35.0,57.0,20.0,38.0
2022,Sport,7,57,Meio,6.0,0.10876017669562454,False,Rafael Thyere,RCB,ZD,29.0,26,2375,0.633410110316402,True,4,1,25.0,2283.0,8841.07,247.14,54.48,3.19,27.67,5.12,9.93,0.83,18.13,27.2,29.64,19.98,41.28,87.75,193.42,11.88,0.36,0.3,42.0,8.0,3.0,3.0,3.0,44.0,36.0,58.0,50.0,6.0,31.0,19.0,3.0,39.0,8.0,94.0,83.0,58.0
2022,Sport,7,57,Meio,6.0,0.10876017669562454,False,Ewerthon,RB,LD,21.0,21,1663,0.4435204267183901,False,5,1,21.0,1667.82,9163.75,432.58,154.12,8.47,54.13,7.72,16.14,1.62,26.5,29.56,31.6,71.77,102.06,206.56,282.53,22.34,1.39,2.78,12.0,16.0,16.0,20.0,23.0,42.0,26.0,42.0,25.0,68.0,75.0,16.0,37.0,9.0,21.0,39.0,57.0,34.0
2022,Sport,7,57,Meio,6.0,0.10876017669562454,False,Ronaldo Henrique,"DMF, LCMF, LDMF",VOL,28.0,21,1488,0.3968481028003394,False,6,1,20.0,1392.2,9792.37,320.21,57.02,2.84,31.48,3.17,9.18,0.19,24.44,25.6,27.48,14.65,53.53,77.13,334.33,12.27,0.0,0.09,25.0,5.0,6.0,5.0,5.0,2.0,3.0,16.0,9.0,5.0,8.0,3.0,11.0,5.0,34.0,19.0,6.0,6.0
2022,Sport,7,57,Meio,6.0,0.10876017669562454,False,Vágner Love,CF,CA,38.0,17,1468,0.3915141229239908,False,7,1,16.0,1382.08,9091.19,542.64,170.48,10.94,66.81,8.79,19.02,2.08,37.57,28.42,29.38,90.89,126.65,318.19,344.88,32.62,11.63,20.08,16.0,45.0,35.0,49.0,57.0,61.0,74.0,64.0,59.0,38.0,22.0,20.0,65.0,45.0,62.0,53.0,76.0,46.0
2022,Sport,7,57,Meio,6.0,0.10876017669562454,False,Kayke,CF,CA,34.0,24,1433,0.3821796581403806,False,8,2,24.0,1432.32,9231.4,460.95,197.8,11.31,64.53,8.86,17.09,1.7,35.63,29.16,31.92,136.13,77.2,266.77,251.18,33.72,7.38,19.69,24.0,18.0,47.0,55.0,51.0,65.0,36.0,55.0,51.0,62.0,84.0,58.0,26.0,9.0,19.0,59.0,27.0,43.0
2022,Sport,7,57,Meio,6.0,0.10876017669562454,False,Bruno Matias,"RCMF, RDMF, LCMF",MED,23.0,18,1247,0.3325736452903382,False,9,1,18.0,1246.5,10562.66,497.64,95.02,4.91,48.96,4.69,11.7,0.51,30.4,26.26,27.26,35.32,71.84,211.09,359.47,30.78,1.13,4.63,79.0,49.0,28.0,26.0,35.0,26.0,14.0,31.0,23.0,7.0,14.0,21.0,30.0,42.0,42.0,60.0,33.0,42.0
2022,Sport,7,57,Meio,6.0,0.10876017669562454,False,Eduardo,RB,LD,35.0,15,1235,0.329373257364529,False,10,2,14.0,1161.02,8923.26,391.84,128.06,6.9,45.35,5.66,13.64,1.4,23.18,28.24,30.28,68.03,98.52,229.26,260.25,20.4,0.24,0.72,4.0,7.0,11.0,12.0,9.0,7.0,9.0,26.0,7.0,25.0,40.0,14.0,35.0,19.0,12.0,29.0,11.0,7.0
2022,Sport,7,57,Meio,6.0,0.10876017669562454,False,Fabio Alemão,RCB,ZD,25.0,14,1144,0.3051036489271427,False,11,2,14.0,1144.22,9080.65,328.01,90.54,5.51,38.15,5.11,12.35,0.16,28.87,28.14,29.9,35.01,75.23,111.6,277.61,11.11,1.3,1.48,75.0,61.0,42.0,58.0,64.0,42.0,86.0,11.0,94.0,31.0,38.0,64.0,44.0,61.0,69.0,89.0,100.0,94.0
2022,Sport,7,57,Meio,6.0,0.10876017669562454,False,William Oliveira,"LDMF, LCMF, RCMF",VOL,30.0,18,1007,0.2685658867741544,False,12,2,17.0,996.71,9543.02,361.81,141.13,7.4,48.31,6.05,15.26,1.08,28.35,29.18,31.4,30.13,134.3,84.11,328.18,7.4,0.15,0.75,19.0,12.0,73.0,71.0,56.0,89.0,73.0,89.0,28.0,95.0,95.0,27.0,91.0,6.0,28.0,2.0,16.0,12.0
2022,Sport,7,57,Meio,6.0,0.10876017669562454,False,Pedro Naressi,"RCMF, CF, RB",MED,24.0,18,975,0.2600315189719966,False,13,2,18.0,975.24,10341.04,484.8,125.51,7.57,53.07,5.63,12.37,1.57,31.56,27.96,29.64,55.84,84.19,224.43,329.62,25.31,3.44,7.88,60.0,33.0,44.0,63.0,44.0,51.0,19.0,93.0,37.0,60.0,56.0,51.0,44.0,44.0,23.0,42.0,67.0,65.0
2022,Sport,7,57,Meio,6.0,0.10876017669562454,False,J. Parraguez,CF,CA,32.0,21,932,0.248563462237847,False,14,3,21.0,934.92,9654.14,547.71,167.78,9.34,62.18,6.83,16.56,0.29,34.08,28.31,30.44,104.56,81.92,318.56,285.74,37.63,11.94,25.27,53.0,47.0,32.0,32.0,35.0,8.0,30.0,4.0,41.0,35.0,39.0,31.0,31.0,46.0,31.0,82.0,81.0,78.0
2022,Sport,7,57,Meio,6.0,0.10876017669562454,False,Gustavo Coutinho,"CF, LWF",CA,23.0,16,894,0.2384289004727846,False,15,4,15.0,829.6500000000001,10079.96,593.89,278.23,14.86,77.45,8.79,17.57,2.06,45.12,30.0,31.66,183.07,172.47,352.86,370.14,35.36,10.88,23.04,86.0,70.0,84.0,84.0,80.0,61.0,53.0,61.0,89.0,82.0,78.0,86.0,88.0,65.0,69.0,67.0,68.0,65.0
2022,Sport,7,57,Meio,6.0,0.10876017669562454,False,F. Labandeira,"RW, RWF",ED,26.0,14,860,0.2293611346829918,False,16,1,13.0,773.11,10281.92,761.63,229.47,12.57,82.89,8.27,18.63,1.63,55.88,29.01,30.5,174.85,117.31,498.3,438.48,46.77,6.68,16.4,69.0,89.0,49.0,58.0,69.0,45.0,30.0,42.0,95.0,44.0,42.0,60.0,58.0,91.0,80.0,91.0,69.0,73.0
2022,Sport,7,57,Meio,6.0,0.10876017669562454,False,L. Hernández,LB,LE,30.0,9,743,0.1981573524063523,False,17,2,9.0,745.3799999999999,9779.96,588.62,138.13,9.18,63.51,6.76,15.94,0.85,28.98,27.92,28.82,102.17,57.37,348.8,352.57,34.96,1.61,6.42,48.0,68.0,15.0,25.0,42.0,22.0,22.0,10.0,35.0,12.0,5.0,28.0,8.0,75.0,55.0,98.0,60.0,80.0
2022,Sport,7,57,Meio,6.0,0.10876017669562454,False,Ezequiel,RB,LD,29.0,11,690,0.1840223057340283,False,18,3,10.0,665.4000000000001,9626.21,523.73,190.04,9.06,59.11,7.17,15.55,1.49,32.33,28.06,29.72,119.51,83.06,260.34,331.13,24.49,2.13,4.56,40.0,42.0,44.0,26.0,39.0,30.0,19.0,34.0,61.0,18.0,25.0,44.0,12.0,30.0,49.0,45.0,82.0,79.0
2022,Sport,7,57,Meio,6.0,0.10876017669562454,False,R. Vanegas,"LAMF, LW, CF",EE,29.0,19,609,0.1624196872348163,False,19,2,19.0,607.62,10593.4,711.91,280.94,14.51,83.23,7.4,18.81,1.78,47.39,28.84,30.82,179.36,129.73,400.9,416.6,43.07,9.35,21.74,93.0,75.0,60.0,71.0,76.0,35.0,41.0,49.0,79.0,38.0,54.0,54.0,56.0,51.0,82.0,90.0,90.0,91.0
2022,Sport,7,57,Meio,6.0,0.10876017669562454,False,Denner,"LCMF, RW, AMF",MED,22.0,18,608,0.1621529882409989,False,20,3,17.0,586.84,10735.27,571.8,186.97,10.43,67.64,5.68,14.11,1.53,45.09,28.66,31.24,105.5,124.46,318.32,395.34,38.65,4.07,13.56,86.0,79.0,88.0,95.0,84.0,53.0,47.0,91.0,86.0,81.0,91.0,81.0,88.0,84.0,63.0,88.0,73.0,86.0
2022,Sport,7,57,Meio,6.0,0.10876017669562454,False,Wanderson,"LW, LAMF, LWF",EE,34.0,16,521,0.1389501757788823,False,21,3,15.0,496.8,9879.65,703.71,309.2,15.58,82.05,7.97,16.66,3.44,41.12,28.79,30.42,250.26,167.11,516.02,382.05,41.86,9.4,19.11,34.0,71.0,81.0,79.0,71.0,47.0,25.0,93.0,44.0,37.0,43.0,91.0,79.0,93.0,68.0,85.0,91.0,79.0
2022,Sport,7,57,Meio,6.0,0.10876017669562454,False,B. Cáceres,"LCMF, LDMF, AMF",MED,33.0,12,504,0.1344162928839859,False,22,4,12.0,502.56000000000006,10371.95,522.79,102.62,6.63,53.37,6.09,13.97,1.07,33.85,27.17,29.22,76.16,37.98,275.1,325.79,28.07,1.65,7.55,65.0,60.0,33.0,42.0,47.0,74.0,42.0,79.0,47.0,40.0,49.0,67.0,2.0,67.0,21.0,56.0,43.0,63.0
2022,Sport,7,57,Meio,6.0,0.10876017669562454,False,Everton Felipe,"RAMF, RW, AMF",ED,25.0,8,481,0.128282216026185,False,23,2,8.0,481.92,9639.88,469.31,160.05,7.47,57.33,7.1,16.81,0.37,42.58,28.91,30.14,82.63,94.0,266.54,272.65,28.94,1.84,6.31,25.0,7.0,9.0,4.0,11.0,22.0,18.0,5.0,62.0,40.0,33.0,5.0,29.0,7.0,16.0,20.0,9.0,5.0
2022,Sport,7,57,Meio,6.0,0.10876017669562454,False,Jáderson,"RW, RAMF",ED,21.0,9,451,0.120281246211662,False,24,3,9.0,448.65,10441.51,718.98,295.5,15.65,90.27,8.22,23.67,2.21,46.74,29.94,31.12,184.24,183.05,378.02,487.6,33.09,5.61,11.22,87.0,73.0,76.0,75.0,85.0,44.0,80.0,57.0,84.0,71.0,56.0,62.0,95.0,35.0,96.0,42.0,53.0,35.0
2022,Sport,7,57,Meio,6.0,0.10876017669562454,False,Chico,LCB,ZE,23.0,12,422,0.1125469753909564,False,25,2,10.0,406.8,8704.38,240.91,68.58,3.1,28.76,5.31,9.07,0.22,16.59,26.11,28.08,35.89,43.0,120.68,151.07,9.08,0.35,1.4,29.0,11.0,13.0,8.0,21.0,82.0,24.0,13.0,26.0,3.0,5.0,79.0,5.0,74.0,3.0,92.0,80.0,95.0
2022,Sport,7,57,Meio,6.0,0.10876017669562454,False,Bill,"RW, LW, RAMF",ED,23.0,9,385,0.1026791126197114,False,26,4,9.0,383.76,9624.93,557.17,173.53,9.38,63.78,6.1,14.77,1.88,36.58,29.69,30.6,129.24,67.66,295.61,360.87,28.12,3.75,8.44,22.0,27.0,15.0,20.0,24.0,5.0,4.0,52.0,22.0,64.0,45.0,24.0,7.0,13.0,53.0,18.0,33.0,20.0
2022,Sport,7,57,Meio,6.0,0.10876017669562454,False,Alan,"AMF, CF",MEI,22.0,9,296,0.07894290216996,False,27,1,9.0,295.56000000000006,10675.15,795.4,166.57,9.14,76.13,6.39,14.62,2.13,52.99,26.36,27.44,121.87,74.36,445.04,528.6,51.48,6.43,18.84,81.0,100.0,74.0,74.0,90.0,61.0,48.0,100.0,94.0,13.0,16.0,84.0,48.0,94.0,100.0,97.0,90.0,94.0
2022,Sport,7,57,Meio,6.0,0.10876017669562454,False,Rodrigão,CF,CA,28.0,2,94,0.0250697054188386,False,28,5,2.0,93.92,9060.69,395.78,70.91,3.83,37.37,4.79,14.37,0.96,23.0,27.2,27.2,19.53,55.03,292.92,152.85,26.53,9.65,19.29,,,,,,,,,,,,,,,,,,
2022,Sport,7,57,Meio,6.0,0.10876017669562454,False,Flávio Souza,CF,CA,21.0,1,41,0.0109346587465147,False,29,6,1.0,41.38,9901.81,648.09,210.95,13.05,82.64,8.7,17.4,2.17,41.32,30.3,30.3,217.3,102.78,478.07,386.11,39.81,7.24,25.33,,,,,,,,,,,,,,,,,,
2022,Tombense,16,44,Meio,20.0,0.17052437043767044,False,Manoel,LB,LE,26.0,36,3246,0.8696054554310765,True,1,1,34.0,3060.0,9378.05,504.11,224.13,11.44,64.53,6.79,18.59,1.59,28.77,30.28,32.44,138.25,127.94,257.86,326.45,23.86,1.14,3.64,18.0,30.0,60.0,57.0,55.0,30.0,52.0,50.0,30.0,82.0,98.0,68.0,68.0,18.0,40.0,40.0,39.0,30.0
2022,Tombense,16,44,Meio,20.0,0.17052437043767044,False,Everton Galdino,"RAMF, CF, AMF",ED,25.0,35,2779,0.7444958597174867,True,2,1,33.0,2694.78,9091.09,413.04,157.34,8.45,53.91,8.08,15.36,1.74,31.06,29.13,31.68,103.3,82.42,230.1,245.4,19.94,2.25,7.67,5.0,4.0,7.0,7.0,4.0,42.0,7.0,44.0,5.0,49.0,71.0,9.0,22.0,2.0,11.0,2.0,13.0,16.0
2022,Tombense,16,44,Meio,20.0,0.17052437043767044,False,Zé Ricardo,"RDMF, LDMF, RCMF",VOL,23.0,33,2696,0.7222601071602534,True,3,1,32.0,2607.36,9467.57,293.74,67.96,3.52,34.31,4.07,11.15,0.45,27.54,27.33,29.46,24.64,55.37,101.86,236.77,15.21,0.25,1.16,12.0,3.0,8.0,12.0,9.0,16.0,14.0,36.0,22.0,38.0,45.0,14.0,12.0,14.0,3.0,34.0,22.0,22.0
2022,Tombense,16,44,Meio,20.0,0.17052437043767044,False,David,RB,LD,28.0,33,2582,0.69171943497321,True,4,1,32.0,2491.84,9381.06,497.64,179.36,9.75,58.69,7.44,18.31,2.13,25.14,29.31,31.72,92.2,106.8,240.47,329.78,20.93,0.81,1.78,23.0,30.0,33.0,37.0,35.0,37.0,65.0,61.0,21.0,58.0,77.0,25.0,47.0,21.0,47.0,34.0,28.0,21.0
2022,Tombense,16,44,Meio,20.0,0.17052437043767044,False,Jean Lucas,"LAMF, AMF, CF",EE,27.0,33,2527,0.6769849001461277,True,5,1,32.0,2483.84,10277.79,606.57,152.95,8.77,64.32,5.18,13.91,1.16,42.94,27.9,30.44,90.63,88.95,334.4,375.19,35.73,1.87,6.98,72.0,40.0,12.0,15.0,21.0,4.0,4.0,25.0,51.0,17.0,44.0,15.0,26.0,19.0,62.0,51.0,4.0,7.0
2022,Tombense,16,44,Meio,20.0,0.17052437043767044,False,Roger Carvalho,LCB,ZE,35.0,24,2351,0.6298343886994643,True,6,1,24.0,2351.28,8458.24,212.58,58.79,3.14,24.61,3.94,8.61,0.5,13.63,28.29,30.72,11.91,54.73,48.4,181.95,2.7,0.06,0.12,11.0,3.0,8.0,13.0,3.0,8.0,21.0,47.0,5.0,55.0,74.0,8.0,16.0,5.0,8.0,3.0,26.0,18.0
2022,Tombense,16,44,Meio,20.0,0.17052437043767044,False,Ednei,RCB,ZD,32.0,23,2213,0.5928641013151486,False,7,1,22.0,2123.44,8870.37,296.34,88.58,4.87,34.75,4.66,8.99,0.85,17.04,28.76,30.82,19.48,85.65,87.51,246.99,9.05,0.0,0.0,47.0,36.0,39.0,44.0,50.0,12.0,14.0,61.0,19.0,67.0,69.0,17.0,53.0,36.0,44.0,78.0,22.0,15.0
2022,Tombense,16,44,Meio,20.0,0.17052437043767044,False,Ciel,CF,CA,40.0,29,2117,0.5671456405260594,False,8,1,28.0,2055.2000000000003,8965.71,489.39,225.45,13.31,69.54,7.88,17.52,2.1,34.6,29.98,31.96,153.24,110.92,313.52,247.69,32.5,10.07,21.65,11.0,24.0,61.0,74.0,61.0,27.0,51.0,66.0,46.0,80.0,86.0,68.0,57.0,39.0,15.0,51.0,58.0,58.0
2022,Tombense,16,44,Meio,20.0,0.17052437043767044,False,Joseph,"LCB, RCB, LDMF",ZE,27.0,23,2043,0.5473209936678033,False,9,2,22.0,1956.02,9213.53,324.21,111.63,5.75,38.7,4.0,9.71,0.69,21.17,28.97,32.46,41.51,88.55,128.97,239.72,12.79,0.4,1.0,87.0,58.0,87.0,84.0,84.0,11.0,42.0,61.0,84.0,82.0,100.0,87.0,82.0,79.0,55.0,100.0,87.0,87.0
2022,Tombense,16,44,Meio,20.0,0.17052437043767044,False,Keké,"LAMF, LW",EE,26.0,28,1993,0.5339259620068193,False,10,2,27.0,1929.96,9471.97,512.88,273.49,13.38,70.88,7.04,15.9,2.1,31.06,30.91,33.12,206.56,120.59,319.59,282.3,27.75,4.31,12.37,12.0,18.0,57.0,62.0,37.0,24.0,18.0,68.0,7.0,93.0,96.0,74.0,53.0,10.0,21.0,16.0,34.0,38.0
2022,Tombense,16,44,Meio,20.0,0.17052437043767044,False,Kleiton,"RAMF, RW, LW",ED,23.0,27,1228,0.3289819775937652,False,11,2,26.0,1203.54,10028.37,737.08,338.44,17.05,90.56,9.8,28.94,2.62,43.89,30.53,33.74,265.4,146.97,466.54,426.24,44.03,7.07,21.12,51.0,82.0,93.0,87.0,87.0,75.0,98.0,71.0,67.0,89.0,98.0,89.0,78.0,84.0,76.0,85.0,76.0,89.0
2022,Tombense,16,44,Meio,20.0,0.17052437043767044,False,Marcondes,"RCB, LCB",ZD,29.0,14,1178,0.3155869459327813,False,12,2,14.0,1179.36,8309.1,244.43,79.52,4.58,31.52,4.66,10.53,0.53,16.79,28.61,30.06,24.08,69.37,82.75,192.88,7.95,0.0,0.0,3.0,6.0,19.0,33.0,25.0,12.0,49.0,31.0,14.0,53.0,47.0,39.0,36.0,25.0,6.0,64.0,22.0,15.0
2022,Tombense,16,44,Meio,20.0,0.17052437043767044,False,Diego Ferreira,RB,LD,26.0,22,1006,0.2695080370189966,False,13,2,22.0,1006.5,9524.68,560.0,223.36,11.53,66.35,7.96,16.63,2.06,31.83,28.98,31.84,96.6,166.87,288.12,350.01,20.77,2.45,3.32,35.0,61.0,65.0,63.0,61.0,53.0,35.0,60.0,60.0,42.0,81.0,26.0,89.0,47.0,61.0,32.0,88.0,46.0
2022,Tombense,16,44,Meio,20.0,0.17052437043767044,False,Nenê Bonilha,AMF,MEI,30.0,17,967,0.2590599123234291,False,14,1,16.0,921.28,9725.22,362.07,118.61,5.96,45.14,4.49,12.6,0.59,34.29,28.24,30.12,60.44,75.26,161.98,264.42,20.81,3.8,8.02,16.0,10.0,29.0,23.0,10.0,16.0,23.0,35.0,55.0,81.0,71.0,16.0,52.0,6.0,23.0,6.0,39.0,23.0
2022,Tombense,16,44,Meio,20.0,0.17052437043767044,False,Guilherme Rend,"LDMF, LCMF, RDMF",VOL,23.0,17,920,0.2464685825621042,False,15,2,17.0,919.02,9489.78,330.98,76.18,3.82,34.18,3.62,9.99,0.1,21.25,26.19,27.94,21.0,71.62,61.22,317.39,8.23,0.0,0.14,14.0,6.0,12.0,14.0,6.0,9.0,6.0,6.0,5.0,12.0,17.0,8.0,22.0,2.0,23.0,3.0,6.0,8.0
2022,Tombense,16,44,Meio,20.0,0.17052437043767044,False,Igor Henrique,"AMF, CF",MEI,30.0,15,732,0.1961032635168046,False,16,2,15.0,732.75,9914.21,499.64,132.28,8.23,58.22,7.12,15.72,1.23,32.55,27.74,29.8,79.24,84.97,304.9,304.08,28.0,5.89,15.58,23.0,29.0,48.0,61.0,58.0,81.0,68.0,74.0,45.0,65.0,63.0,35.0,68.0,32.0,55.0,16.0,81.0,81.0
2022,Tombense,16,44,Meio,20.0,0.17052437043767044,False,Bruno Mota,"CF, AMF",CA,27.0,20,631,0.1690452995616171,False,17,2,20.0,630.8,10292.71,648.57,229.46,10.85,69.92,6.42,17.98,0.71,35.82,28.5,30.56,106.77,162.56,329.79,443.62,29.37,6.24,17.35,92.0,81.0,64.0,45.0,62.0,4.0,62.0,18.0,53.0,41.0,47.0,32.0,84.0,55.0,86.0,32.0,11.0,20.0
2022,Tombense,16,44,Meio,20.0,0.17052437043767044,False,Matheus Frizzo,"RDMF, AMF",VOL,23.0,12,558,0.1494885533365806,False,18,3,12.0,559.2,10717.76,658.89,114.11,7.4,62.61,5.47,14.32,0.97,37.34,26.57,27.86,49.6,82.51,231.41,536.87,34.19,1.88,6.67,94.0,97.0,48.0,71.0,89.0,69.0,61.0,80.0,75.0,16.0,12.0,61.0,42.0,77.0,97.0,94.0,81.0,89.0
2022,Tombense,16,44,Meio,20.0,0.17052437043767044,False,Vinicius Mingotti,CF,CA,22.0,7,432,0.1157330735509011,False,19,3,7.0,431.55,8694.26,459.44,212.72,11.05,62.36,11.26,22.94,3.96,32.33,29.56,30.52,176.91,102.26,294.22,248.61,25.86,8.1,18.07,1.0,16.0,54.0,51.0,38.0,100.0,93.0,99.0,31.0,73.0,43.0,82.0,45.0,30.0,18.0,14.0,38.0,30.0
2022,Tombense,16,44,Meio,20.0,0.17052437043767044,False,Emerson,LB,LE,23.0,6,431,0.1154651729176814,False,20,2,6.0,430.62,9944.31,565.37,285.72,16.09,83.81,7.52,22.57,2.93,39.71,30.35,31.02,141.05,180.59,274.06,353.48,25.64,1.26,2.51,68.0,55.0,88.0,98.0,100.0,57.0,100.0,88.0,95.0,86.0,48.0,70.0,90.0,30.0,60.0,60.0,48.0,18.0
2022,Tombense,16,44,Meio,20.0,0.17052437043767044,False,Gabriel Henrique,"LAMF, LW, RAMF",EE,26.0,9,294,0.0787627861665854,False,21,3,9.0,293.31000000000006,9440.87,475.04,153.44,7.36,52.78,8.29,15.65,1.23,36.21,27.99,29.28,151.89,58.64,397.67,251.51,36.12,3.61,10.23,7.0,4.0,13.0,6.0,3.0,55.0,13.0,28.0,24.0,21.0,16.0,41.0,4.0,49.0,9.0,56.0,29.0,24.0
2022,Tombense,16,44,Meio,20.0,0.17052437043767044,False,Ítalo Henrique,"RDMF, LCMF, RCMF",VOL,24.0,13,290,0.0776911836337067,False,22,4,12.0,270.24,9422.86,434.18,140.51,8.66,55.6,8.32,20.31,1.33,35.29,27.63,29.68,32.18,113.14,122.82,348.89,16.4,0.0,1.99,6.0,44.0,70.0,88.0,73.0,100.0,100.0,94.0,64.0,53.0,52.0,38.0,81.0,31.0,42.0,39.0,6.0,42.0
2022,Tombense,16,44,Meio,20.0,0.17052437043767044,False,Genilson,RB,LD,25.0,4,170,0.0455431076473453,False,23,3,4.0,169.28,9377.3,397.68,127.07,5.85,47.32,6.38,18.08,0.0,23.39,30.05,30.05,43.81,87.11,129.03,278.55,14.32,0.0,2.39,,,,,,,,,,,,,,,,,,
2022,Tombense,16,44,Meio,20.0,0.17052437043767044,False,Allanzinho,LAMF,EE,22.0,3,105,0.0281295664880662,False,24,4,2.0,87.68,10315.53,788.29,265.84,11.29,74.93,8.21,17.45,2.05,33.87,29.55,29.55,189.65,123.26,485.63,474.92,41.54,6.32,18.06,,,,,,,,,,,,,,,,,,
2022,Tombense,16,44,Meio,20.0,0.17052437043767044,False,Matheus Paquetá,"RAMF, LAMF, CF",ED,27.0,6,95,0.0254505601558694,False,25,3,5.0,89.39999999999999,10318.7,770.28,290.99,18.12,96.66,8.06,24.17,4.03,69.48,29.04,29.04,121.92,188.71,382.69,460.56,63.38,7.55,24.14,78.0,91.0,75.0,95.0,96.0,40.0,87.0,87.0,100.0,45.0,13.0,18.0,96.0,42.0,85.0,100.0,80.0,96.0
2022,Tombense,16,44,Meio,20.0,0.17052437043767044,False,Danilo Belão,RB,LD,25.0,1,41,0.0109839259620068,False,26,4,1.0,41.3,10015.5,607.99,111.14,4.36,58.84,6.54,19.61,0.0,19.61,26.1,26.1,74.72,62.94,424.53,332.31,27.12,3.39,3.39,,,,,,,,,,,,,,,,,,
2022,Tombense,16,44,Meio,20.0,0.17052437043767044,False,Moisés Lucas,RCB,ZD,29.0,2,39,0.0104481246955674,False,27,3,2.0,39.36,9960.61,274.46,144.09,0.0,18.3,4.57,9.15,0.0,27.45,24.8,24.8,81.24,84.11,158.19,126.17,0.0,0.0,0.0,,,,,,,,,,,,,,,,,,
2022,Tombense,16,44,Meio,20.0,0.17052437043767044,False,Lucas Santos,"AMF, RAMF",MEI,23.0,2,35,0.0093765221626887,False,28,3,2.0,35.58,10357.38,558.97,116.35,7.59,60.7,10.12,25.29,5.06,75.88,25.75,25.75,35.29,117.72,314.44,349.37,41.62,3.2,12.81,,,,,,,,,,,,,,,,,,
2022,Tombense,16,44,Meio,20.0,0.17052437043767044,False,Gabriel Lima,LAMF,EE,25.0,1,26,0.0069654164637116,False,29,5,1.0,26.22,11548.38,497.77,27.46,0.0,58.36,3.43,10.3,0.0,34.33,24.7,24.7,33.03,7.67,487.16,214.77,107.14,8.24,49.45,,,,,,,,,,,,,,,,,,
2022,Tombense,16,44,Meio,20.0,0.17052437043767044,False,Alison Silva,RCMF,MED,25.0,1,21,0.0056259132976132,False,30,1,1.0,21.4,11510.75,592.99,71.5,4.21,54.67,8.41,16.82,0.0,42.06,25.4,25.4,44.86,34.95,330.84,301.46,11.21,0.0,11.21,,,,,,,,,,,,,,,,,,
2022,Vasco,4,62,Sobe,2.0,0.0703163200791106,False,Anderson Conceição,LCB,ZE,32.0,36,3493,0.923563204576593,True,1,1,35.0,3401.3,9370.86,389.12,111.85,5.32,34.56,5.08,9.5,0.93,16.91,28.79,31.94,53.05,92.7,153.73,329.78,4.65,0.1,0.29,92.0,97.0,89.0,74.0,63.0,63.0,32.0,71.0,29.0,78.0,95.0,97.0,87.0,95.0,97.0,29.0,32.0,36.0
2022,Vasco,4,62,Sobe,2.0,0.0703163200791106,False,Edimar,LB,LE,36.0,36,3188,0.8429199817320866,True,2,1,35.0,3147.55,9784.81,489.22,120.78,7.03,46.21,6.15,13.24,1.29,26.19,28.47,31.4,66.64,89.7,221.68,395.86,15.73,1.55,5.1,50.0,22.0,5.0,12.0,8.0,15.0,5.0,28.0,15.0,20.0,70.0,2.0,22.0,2.0,82.0,2.0,57.0,57.0
2022,Vasco,4,62,Sobe,2.0,0.0703163200791106,False,Andrey Santos,"LDMF, RCMF, RDMF",VOL,18.0,33,3109,0.8220320649953129,True,3,1,30.0,2898.3,10374.06,651.48,140.89,8.07,59.5,5.03,17.51,0.75,37.39,27.62,29.68,78.04,102.11,362.56,478.04,41.48,2.79,9.64,81.0,94.0,72.0,80.0,83.0,56.0,91.0,66.0,77.0,51.0,52.0,81.0,69.0,98.0,92.0,98.0,92.0,95.0
2022,Vasco,4,62,Sobe,2.0,0.0703163200791106,False,Yuri Lara,"RDMF, LDMF, LCMF",VOL,28.0,34,2966,0.784222291661659,True,4,2,32.0,2837.12,10220.5,533.31,137.59,6.38,49.62,4.63,13.01,0.57,34.93,27.9,30.96,54.49,116.98,184.79,489.96,16.8,1.15,3.31,67.0,80.0,67.0,62.0,62.0,36.0,41.0,51.0,58.0,69.0,91.0,67.0,83.0,53.0,94.0,41.0,62.0,58.0
2022,Vasco,4,62,Sobe,2.0,0.0703163200791106,False,J. Quintero,RCB,ZD,27.0,28,2662,0.7038434728264789,True,5,1,28.0,2668.1200000000003,8911.37,303.87,102.14,4.35,31.78,5.36,10.96,0.74,17.84,28.59,30.96,44.74,83.76,115.81,249.03,5.67,0.14,0.54,50.0,42.0,64.0,28.0,31.0,61.0,53.0,50.0,42.0,50.0,72.0,83.0,50.0,64.0,50.0,33.0,58.0,81.0
2022,Vasco,4,62,Sobe,2.0,0.0703163200791106,False,Nenê,"AMF, CF",MEI,40.0,33,2570,0.6795183039684638,True,6,1,32.0,2509.44,10346.31,561.14,139.66,6.24,51.11,5.31,11.73,0.97,29.7,27.92,29.8,112.25,67.58,373.64,337.03,29.14,2.96,9.12,58.0,61.0,58.0,32.0,35.0,35.0,19.0,65.0,19.0,68.0,63.0,77.0,39.0,71.0,65.0,23.0,26.0,29.0
2022,Vasco,4,62,Sobe,2.0,0.0703163200791106,False,Figueiredo,"RW, RAMF, LAMF",ED,20.0,36,2495,0.659688003268995,True,7,1,34.0,2353.82,10087.59,622.98,209.79,12.04,69.32,8.3,20.19,1.76,42.67,29.55,32.66,135.5,140.99,363.88,436.14,22.72,2.74,9.02,55.0,49.0,40.0,55.0,44.0,47.0,51.0,45.0,64.0,59.0,94.0,33.0,76.0,25.0,78.0,9.0,20.0,24.0
2022,Vasco,4,62,Sobe,2.0,0.0703163200791106,False,Raniel,CF,CA,26.0,31,2189,0.5787803764151623,False,8,1,26.0,1896.7,9331.56,515.39,158.21,8.16,54.67,8.07,14.0,1.47,30.09,29.07,31.14,126.93,74.11,303.9,349.0,24.15,6.76,16.96,30.0,34.0,27.0,20.0,19.0,31.0,4.0,43.0,20.0,60.0,69.0,50.0,23.0,35.0,64.0,9.0,19.0,19.0
2022,Vasco,4,62,Sobe,2.0,0.0703163200791106,False,Gabriel Pec,"LW, LAMF, RAMF",EE,21.0,33,2156,0.5700550441073962,False,9,1,32.0,2082.88,10575.67,791.98,329.71,17.28,89.35,7.82,17.2,2.42,49.6,30.24,32.16,211.13,222.1,471.64,518.76,36.02,5.98,17.26,91.0,93.0,91.0,91.0,87.0,43.0,26.0,76.0,84.0,84.0,82.0,75.0,96.0,81.0,91.0,54.0,62.0,72.0
2022,Vasco,4,62,Sobe,2.0,0.0703163200791106,False,Léo Matos,RB,LD,36.0,18,1400,0.3701656130567507,False,10,1,17.0,1303.73,9269.06,456.26,154.43,8.7,49.36,6.35,14.15,1.59,25.13,29.48,31.48,76.15,119.26,218.77,343.95,18.95,1.04,2.08,18.0,21.0,18.0,23.0,16.0,14.0,11.0,40.0,19.0,64.0,70.0,18.0,68.0,14.0,58.0,16.0,45.0,23.0
2022,Vasco,4,62,Sobe,2.0,0.0703163200791106,False,Danilo Boza,"RCB, LCB",ZD,24.0,17,1387,0.3667283609355095,False,11,2,16.0,1290.24,9447.75,472.61,213.39,11.58,57.97,6.35,11.3,1.88,24.76,31.44,33.08,77.51,204.95,220.83,382.24,10.48,0.0,0.32,94.0,97.0,97.0,100.0,97.0,92.0,58.0,97.0,89.0,100.0,94.0,97.0,100.0,94.0,94.0,86.0,22.0,61.0
2022,Vasco,4,62,Sobe,2.0,0.0703163200791106,False,Gabriel Dias,RB,LD,28.0,14,1043,0.2757733817272793,False,12,2,13.0,973.18,9663.83,614.79,295.19,15.72,77.5,9.9,20.9,2.4,34.12,31.62,32.64,173.93,220.52,286.08,488.12,22.92,1.99,3.65,42.0,72.0,95.0,93.0,88.0,88.0,84.0,74.0,75.0,100.0,93.0,81.0,96.0,44.0,96.0,43.0,79.0,57.0
2022,Vasco,4,62,Sobe,2.0,0.0703163200791106,False,Eguinaldo,"CF, LAMF, LW",CA,17.0,18,1039,0.2747157656899743,False,13,2,16.0,910.56,10064.86,592.8,316.91,15.42,79.77,9.59,21.25,2.67,40.23,31.06,33.64,226.08,184.15,359.44,379.57,36.62,4.07,16.27,82.0,69.0,93.0,89.0,85.0,73.0,88.0,80.0,73.0,96.0,97.0,92.0,92.0,68.0,74.0,73.0,4.0,15.0
2022,Vasco,4,62,Sobe,2.0,0.0703163200791106,False,Marlon Gomes,"RAMF, RW, LAMF",ED,18.0,18,1038,0.274451361680648,False,14,2,16.0,1004.16,9689.7,587.19,262.99,12.19,69.74,9.5,23.57,2.33,41.5,29.99,31.78,191.42,161.97,377.4,392.81,32.73,3.45,7.23,29.0,36.0,62.0,56.0,45.0,71.0,78.0,65.0,53.0,75.0,75.0,65.0,84.0,33.0,67.0,40.0,24.0,11.0
2022,Vasco,4,62,Sobe,2.0,0.0703163200791106,False,Alex Teixeira,"LAMF, AMF, CF",EE,32.0,15,886,0.2342619522630579,False,15,2,14.0,850.7800000000001,10050.71,634.62,227.65,10.37,65.59,6.88,17.56,1.59,37.13,28.75,30.48,157.85,146.43,404.02,396.78,29.6,5.01,15.03,47.0,51.0,41.0,29.0,26.0,22.0,32.0,40.0,34.0,34.0,47.0,46.0,66.0,59.0,74.0,24.0,44.0,56.0
2022,Vasco,4,62,Sobe,2.0,0.0703163200791106,False,C. Palacios,"AMF, LCMF, RAMF",MEI,21.0,24,844,0.2231569838713554,False,16,2,24.0,843.5999999999999,10767.14,769.29,138.26,8.43,65.82,6.08,15.15,0.85,46.83,27.01,29.38,83.07,82.96,480.64,464.41,31.48,1.89,5.67,87.0,94.0,55.0,65.0,77.0,52.0,61.0,52.0,85.0,39.0,52.0,48.0,61.0,97.0,94.0,39.0,13.0,6.0
2022,Vasco,4,62,Sobe,2.0,0.0703163200791106,False,Erick Farias,"LAMF, LW, RW",EE,25.0,14,601,0.1589068096050765,False,17,3,7.0,389.9,10295.64,781.12,327.55,15.0,81.94,9.0,24.7,2.08,29.78,29.84,30.28,187.01,195.92,350.46,574.85,18.7,4.81,6.94,75.0,91.0,90.0,75.0,66.0,68.0,96.0,66.0,3.0,69.0,36.0,63.0,94.0,22.0,96.0,1.0,40.0,6.0
2022,Vasco,4,62,Sobe,2.0,0.0703163200791106,False,Zé Gabriel,"LDMF, LCMF, RDMF",VOL,23.0,10,597,0.1578491935677715,False,18,3,8.0,552.16,9446.13,384.52,99.92,3.26,34.23,3.26,8.31,0.16,20.05,28.35,29.72,22.04,110.66,120.04,396.61,10.94,0.0,0.0,9.0,17.0,36.0,6.0,8.0,3.0,2.0,13.0,2.0,83.0,56.0,9.0,78.0,27.0,70.0,11.0,6.0,3.0
2022,Vasco,4,62,Sobe,2.0,0.0703163200791106,False,Getúlio,CF,CA,25.0,14,547,0.144628993101459,False,19,3,14.0,547.12,9801.09,645.11,228.63,14.47,77.97,8.72,20.07,1.81,37.34,29.22,31.12,122.72,169.82,355.45,414.59,35.51,13.08,29.28,66.0,80.0,62.0,82.0,81.0,55.0,78.0,57.0,57.0,65.0,67.0,43.0,86.0,66.0,81.0,69.0,86.0,95.0
2022,Vasco,4,62,Sobe,2.0,0.0703163200791106,False,Weverton,RB,LD,23.0,11,522,0.1380188928683027,False,20,3,11.0,521.95,10045.47,676.25,244.67,12.41,74.49,11.55,17.59,2.41,37.07,28.99,30.44,193.18,129.25,395.17,438.17,32.73,0.81,3.64,82.0,91.0,77.0,74.0,86.0,96.0,54.0,75.0,88.0,44.0,44.0,88.0,74.0,91.0,86.0,89.0,28.0,55.0
2022,Vasco,4,62,Sobe,2.0,0.0703163200791106,False,Matheus Ribeiro,RB,LD,29.0,5,419,0.1107852799076989,False,21,4,5.0,419.95,9974.72,661.98,174.01,10.5,63.65,6.64,16.5,0.64,28.72,29.02,29.02,108.27,108.02,313.75,484.44,,,,79.0,86.0,28.0,44.0,47.0,18.0,32.0,12.0,35.0,50.0,14.0,37.0,49.0,56.0,95.0,,,
2022,Vasco,4,62,Sobe,2.0,0.0703163200791106,False,Juninho,"RDMF, RCMF, LCMF",VOL,21.0,13,399,0.1054971997211739,False,22,4,4.0,111.28,9975.2,576.55,156.87,8.09,63.88,6.47,15.36,0.81,38.01,27.6,27.6,65.64,143.16,224.71,635.63,15.5,0.7,3.52,,,,,,,,,,,,,,,,,,
2022,Vasco,4,62,Sobe,2.0,0.0703163200791106,False,Bruno Tubarão,"RAMF, RW, LAMF",ED,27.0,10,337,0.0891041511429464,False,23,3,6.0,212.1,9916.9,533.85,217.7,10.18,60.68,7.64,21.22,2.55,41.59,28.37,28.68,192.39,84.08,368.48,333.36,31.25,2.68,7.14,38.0,20.0,44.0,27.0,13.0,31.0,62.0,69.0,55.0,25.0,11.0,67.0,24.0,27.0,44.0,33.0,16.0,9.0
2022,Vasco,4,62,Sobe,2.0,0.0703163200791106,False,Matheus Barbosa,"RCMF, RDMF, LCMF",MED,27.0,11,317,0.0838160709564214,False,24,1,9.0,288.27,10632.04,704.31,196.37,9.05,67.75,6.56,20.29,0.94,40.9,27.01,28.82,122.02,101.09,363.69,469.39,33.14,5.85,17.54,84.0,93.0,93.0,81.0,86.0,91.0,98.0,77.0,74.0,37.0,28.0,91.0,63.0,88.0,81.0,70.0,91.0,95.0
2022,Vasco,4,62,Sobe,2.0,0.0703163200791106,False,Fábio Gomes,CF,CA,25.0,9,297,0.0785279907698964,False,25,4,3.0,102.72,9521.84,500.23,248.8,9.64,60.45,7.88,16.65,1.75,28.91,30.73,30.73,73.49,250.93,229.53,382.71,30.66,2.19,21.9,,,,,,,,,,,,,,,,,,
2022,Vasco,4,62,Sobe,2.0,0.0703163200791106,False,Bruno Nazário,"RAMF, AMF, CF",ED,27.0,5,154,0.0407182174362425,False,26,4,4.0,144.68,10203.39,678.11,308.57,14.31,80.25,3.73,14.31,0.0,41.68,29.1,29.1,179.47,195.84,401.52,441.6,36.99,7.4,16.03,,,,,,,,,,,,,,,,,,
2022,Vasco,4,62,Sobe,2.0,0.0703163200791106,False,Miranda,RB,LD,22.0,1,47,0.0124269884383337,False,27,5,1.0,47.18,9415.19,362.42,112.54,3.81,38.15,7.63,15.26,7.63,15.26,27.3,27.3,74.03,81.17,132.47,334.22,,,,,,,,,,,,,,,,,,,,,
2022,Vasco,4,62,Sobe,2.0,0.0703163200791106,False,MT,"RAMF, LAMF",ED,21.0,2,43,0.0113693724010287,False,28,5,2.0,43.22,11056.15,739.3,37.49,4.17,45.82,6.25,16.66,0.0,27.07,28.0,28.0,0.0,8.02,302.23,376.84,,,,,,,,,,,,,,,,,,,,,
2022,Vasco,4,62,Sobe,2.0,0.0703163200791106,False,Tom Jesus,RB,LD,22.0,1,27,0.0071389082518087,False,29,6,1.0,27.27,11367.73,844.99,363.08,26.41,102.32,9.9,23.11,9.9,56.11,29.2,29.2,254.38,142.35,531.31,270.92,,,,,,,,,,,,,,,,,,,,,
2022,Vasco,4,62,Sobe,2.0,0.0703163200791106,False,M. Sarrafiore,CF,CA,25.0,1,17,0.0044948681585462,False,30,5,1.0,17.05,12161.88,907.92,5.28,0.0,52.79,5.28,15.84,0.0,79.18,23.8,23.8,8.29,0.0,356.68,900.0,,,,,,,,,,,,,,,,,,,,,
2022,Vila Nova,13,47,Meio,14.0,0.0046557676533542924,False,Rafael Donato,RCB,ZD,33.0,35,3339,0.8668019729544757,True,1,1,32.0,3051.84,8721.83,254.22,69.45,3.92,29.02,4.78,8.61,0.56,17.84,28.66,32.28,19.42,55.25,80.04,198.15,5.74,0.16,0.21,25.0,14.0,17.0,18.0,6.0,22.0,8.0,33.0,42.0,61.0,89.0,14.0,11.0,19.0,11.0,36.0,61.0,53.0
2022,Vila Nova,13,47,Meio,14.0,0.0046557676533542924,False,Willian Formiga,LB,LE,27.0,32,2787,0.7235031741911123,True,2,1,29.0,2545.9100000000003,9334.03,470.37,175.99,9.3,56.49,7.11,16.58,1.52,30.3,29.13,31.1,131.39,73.39,292.73,249.93,22.91,0.83,3.66,12.0,15.0,32.0,28.0,22.0,45.0,32.0,46.0,40.0,42.0,56.0,52.0,18.0,35.0,5.0,30.0,22.0,32.0
2022,Vila Nova,13,47,Meio,14.0,0.0046557676533542924,False,Arthur Rezende,"LDMF, RDMF, AMF",VOL,28.0,32,2653,0.6887168715927595,True,3,1,29.0,2443.54,10240.85,397.16,52.3,3.28,37.5,3.57,9.98,0.22,30.13,26.12,28.42,36.3,24.26,195.92,266.53,25.41,1.15,4.49,69.0,19.0,3.0,8.0,19.0,6.0,5.0,19.0,38.0,11.0,25.0,42.0,2.0,61.0,5.0,80.0,62.0,70.0
2022,Vila Nova,13,47,Meio,14.0,0.0046557676533542924,False,Alex Silva,RB,LD,28.0,29,2599,0.6746985108441697,True,4,1,26.0,2366.0,9741.74,549.24,188.29,9.36,58.77,8.18,16.58,1.52,32.45,29.02,30.84,133.07,88.09,316.54,317.37,26.24,1.24,3.58,54.0,58.0,42.0,30.0,37.0,61.0,33.0,39.0,63.0,50.0,53.0,58.0,25.0,58.0,39.0,54.0,48.0,54.0
2022,Vila Nova,13,47,Meio,14.0,0.0046557676533542924,False,Pablo Dyego,"LAMF, LW, RAMF",EE,28.0,24,2028,0.5264673258914875,False,5,1,22.0,1878.8,10216.23,677.52,284.41,15.95,84.12,10.4,21.7,2.68,43.07,30.3,32.26,249.55,102.9,473.48,344.99,40.52,6.07,16.17,63.0,66.0,65.0,82.0,81.0,91.0,75.0,82.0,54.0,85.0,85.0,90.0,43.0,82.0,47.0,78.0,66.0,65.0
2022,Vila Nova,13,47,Meio,14.0,0.0046557676533542924,False,Alisson Cassiano,"LCB, RCB",ZE,28.0,22,1968,0.5108913695041654,False,6,1,21.0,1936.2,9049.7,276.61,81.39,4.23,31.65,4.88,9.3,0.51,21.94,27.59,29.48,23.16,62.66,101.97,197.16,8.81,0.27,0.34,61.0,34.0,42.0,37.0,42.0,45.0,29.0,50.0,92.0,18.0,28.0,45.0,39.0,55.0,16.0,89.0,63.0,50.0
2022,Vila Nova,13,47,Meio,14.0,0.0046557676533542924,False,Matheuzinho,"RAMF, AMF, RW",ED,29.0,31,1911,0.4960942109362093,False,7,1,29.0,1755.9499999999998,9946.44,576.03,197.42,9.53,62.37,6.41,15.89,1.18,39.21,28.83,30.46,157.91,74.84,398.29,298.87,35.6,3.59,14.43,42.0,31.0,33.0,22.0,16.0,9.0,15.0,26.0,40.0,36.0,40.0,42.0,13.0,49.0,27.0,54.0,25.0,62.0
2022,Vila Nova,13,47,Meio,14.0,0.0046557676533542924,False,Daniel Amorim,CF,CA,32.0,31,1827,0.4742878719939584,False,8,1,28.0,1598.24,9886.71,670.42,217.69,13.12,75.85,10.53,17.51,1.41,42.96,28.54,30.54,140.89,111.36,395.75,378.03,33.55,11.56,24.77,73.0,85.0,59.0,73.0,76.0,95.0,50.0,42.0,84.0,42.0,46.0,64.0,58.0,93.0,73.0,58.0,74.0,77.0
2022,Vila Nova,13,47,Meio,14.0,0.0046557676533542924,False,Ralf,"LCMF, RDMF, LDMF",MED,38.0,27,1776,0.4610483090647346,False,9,1,26.0,1756.3,9613.4,376.73,83.37,4.05,39.1,6.05,14.45,0.36,30.34,26.93,29.66,34.05,58.69,120.56,298.02,11.46,0.19,0.87,12.0,9.0,19.0,12.0,12.0,72.0,56.0,13.0,21.0,26.0,58.0,19.0,14.0,5.0,12.0,5.0,7.0,2.0
2022,Vila Nova,13,47,Meio,14.0,0.0046557676533542924,False,Renato Palm,LCB,ZE,30.0,16,1591,0.4130224435371581,False,10,2,14.0,1399.4399999999998,8929.84,261.87,76.72,4.18,29.45,4.31,7.65,0.45,17.81,28.61,31.38,21.32,60.83,87.49,203.12,5.88,0.0,0.14,42.0,24.0,26.0,34.0,29.0,16.0,8.0,45.0,45.0,71.0,84.0,34.0,34.0,21.0,24.0,50.0,12.0,22.0
2022,Vila Nova,13,47,Meio,14.0,0.0046557676533542924,False,Wagner,AMF,MEI,37.0,25,1559,0.404715266797253,False,11,1,22.0,1310.76,10533.95,530.65,106.21,5.84,52.04,5.56,13.46,0.21,35.29,26.65,28.8,86.93,35.12,369.07,254.55,43.54,5.51,14.74,74.0,48.0,19.0,19.0,39.0,42.0,39.0,16.0,61.0,26.0,45.0,58.0,10.0,68.0,19.0,81.0,77.0,74.0
2022,Vila Nova,13,47,Meio,14.0,0.0046557676533542924,False,Sousa,"RCMF, LDMF, DMF",MED,27.0,14,1252,0.3250182899487882,False,12,2,12.0,1057.08,10269.56,338.36,78.84,3.92,34.91,4.26,11.15,0.51,28.61,27.25,28.32,33.47,54.42,142.81,221.08,17.81,0.13,1.34,53.0,5.0,12.0,9.0,5.0,21.0,5.0,31.0,14.0,42.0,16.0,16.0,12.0,14.0,2.0,16.0,5.0,5.0
2022,Vila Nova,13,47,Meio,14.0,0.0046557676533542924,False,N. Pessôa,CF,CA,28.0,14,1138,0.2954239728128761,False,13,2,13.0,1039.48,9996.39,627.41,211.88,12.38,73.69,9.78,20.09,1.39,39.83,29.02,30.52,167.92,81.65,403.93,315.04,32.34,8.63,19.61,80.0,78.0,53.0,66.0,72.0,80.0,80.0,41.0,69.0,58.0,43.0,78.0,30.0,95.0,47.0,50.0,43.0,41.0
2022,Vila Nova,13,47,Meio,14.0,0.0046557676533542924,False,Diego Tavares,"RW, RAMF, RWF",ED,31.0,22,973,0.2525900927477403,False,14,2,20.0,869.2,9762.26,637.57,372.62,16.98,84.17,10.15,21.43,3.0,37.38,31.57,33.9,312.09,151.25,463.55,308.48,36.52,5.37,12.81,33.0,58.0,98.0,85.0,75.0,78.0,64.0,80.0,27.0,100.0,100.0,96.0,80.0,82.0,35.0,62.0,51.0,55.0
2022,Vila Nova,13,47,Meio,14.0,0.0046557676533542924,False,Dentinho,"RAMF, RW",ED,25.0,13,920,0.2388313312722724,False,15,3,11.0,809.1600000000001,10274.8,544.99,232.23,11.46,66.85,6.78,19.46,1.45,41.49,30.28,31.34,173.45,98.53,398.85,240.83,35.32,3.73,9.88,67.0,25.0,51.0,47.0,36.0,15.0,41.0,35.0,51.0,80.0,63.0,58.0,40.0,51.0,9.0,47.0,31.0,27.0
2022,Vila Nova,13,47,Meio,14.0,0.0046557676533542924,False,Kaio Nunes,"LAMF, LW, LWF",EE,26.0,17,908,0.235716139994808,False,16,2,15.0,805.9499999999999,9615.97,568.29,235.62,11.95,67.9,7.26,17.98,0.89,44.44,29.29,30.7,150.54,108.66,350.8,286.81,30.88,3.21,10.46,18.0,22.0,47.0,43.0,32.0,31.0,37.0,16.0,68.0,47.0,52.0,40.0,49.0,24.0,24.0,25.0,22.0,26.0
2022,Vila Nova,13,47,Meio,14.0,0.0046557676533542924,False,Rafinha Silva,"RDMF, DMF",VOL,25.0,13,867,0.2250725697968045,False,17,2,11.0,736.12,9912.21,402.14,111.26,5.26,43.89,4.65,14.67,0.24,32.03,27.37,29.04,29.26,97.13,117.86,333.32,13.85,0.89,1.79,36.0,23.0,45.0,38.0,38.0,38.0,64.0,20.0,47.0,41.0,34.0,25.0,61.0,23.0,33.0,22.0,53.0,41.0
2022,Vila Nova,13,47,Meio,14.0,0.0046557676533542924,False,Moacir,"RB, LB",LD,36.0,10,794,0.206121822858896,False,18,2,9.0,697.14,9094.2,449.4,156.21,8.0,48.67,7.75,14.2,1.29,23.37,29.97,31.54,53.32,105.59,211.56,333.1,13.73,1.0,2.68,7.0,18.0,21.0,16.0,14.0,44.0,12.0,25.0,9.0,81.0,72.0,11.0,44.0,12.0,51.0,9.0,43.0,30.0
2022,Vila Nova,13,47,Meio,14.0,0.0046557676533542924,False,Pablo Roberto,"LDMF, RCMF",VOL,22.0,14,754,0.1957378519340145,False,19,3,12.0,631.92,10363.17,614.58,196.69,10.68,71.5,7.83,15.52,1.0,48.57,29.06,30.34,95.18,140.89,336.83,400.36,39.12,0.84,4.84,80.0,88.0,100.0,98.0,97.0,97.0,76.0,82.0,92.0,94.0,70.0,91.0,95.0,94.0,72.0,97.0,52.0,73.0
2022,Vila Nova,13,47,Meio,14.0,0.0046557676533542924,False,Jean Martim,"RDMF, LCMF, RCMF",VOL,23.0,13,722,0.1874306751941094,False,20,4,11.0,567.8199999999999,9325.3,281.34,80.52,3.49,29.01,4.44,10.14,1.11,20.45,26.11,28.24,20.91,61.9,99.41,210.69,17.05,0.44,1.53,2.0,2.0,16.0,9.0,2.0,31.0,8.0,91.0,3.0,9.0,22.0,6.0,16.0,9.0,2.0,42.0,28.0,32.0
2022,Vila Nova,13,47,Meio,14.0,0.0046557676533542924,False,Victor Andrade,"LAMF, LWF",EE,26.0,8,621,0.1612111486087839,False,21,3,7.0,547.61,9000.22,489.59,194.75,10.35,58.34,8.87,17.91,0.82,30.9,29.49,30.46,154.4,70.78,328.08,276.8,20.75,2.41,4.34,4.0,7.0,29.0,28.0,16.0,65.0,35.0,15.0,4.0,53.0,46.0,43.0,19.0,13.0,18.0,3.0,12.0,1.0
2022,Vila Nova,13,47,Meio,14.0,0.0046557676533542924,False,Railan,RB,LD,22.0,14,545,0.1414816038515092,False,22,3,13.0,486.3299999999999,9437.88,533.74,292.04,14.44,73.47,10.36,18.14,2.59,33.87,30.0,31.18,229.28,116.59,330.05,306.32,28.55,1.59,6.34,25.0,47.0,93.0,90.0,81.0,95.0,61.0,81.0,68.0,82.0,65.0,100.0,61.0,63.0,33.0,68.0,68.0,95.0
2022,Vila Nova,13,47,Meio,14.0,0.0046557676533542924,False,Rubens,CF,CA,28.0,14,464,0.1204540627286243,False,23,3,13.0,443.1700000000001,9570.53,612.09,215.47,12.59,74.53,10.76,23.96,1.22,46.91,28.59,30.8,161.55,109.27,389.95,369.17,38.34,13.83,27.65,47.0,76.0,57.0,68.0,74.0,97.0,100.0,32.0,91.0,46.0,54.0,72.0,54.0,91.0,68.0,89.0,91.0,86.0
2022,Vila Nova,13,47,Meio,14.0,0.0046557676533542924,False,Hugo Cabral,"LAMF, LW, LWF",EE,33.0,11,451,0.1170792721780379,False,24,4,10.0,422.2,9662.15,605.59,327.41,14.49,76.1,9.17,22.81,2.34,35.38,31.3,32.3,345.48,89.61,496.88,243.73,44.08,4.9,23.36,21.0,38.0,88.0,69.0,51.0,69.0,88.0,74.0,19.0,97.0,87.0,97.0,28.0,91.0,6.0,94.0,41.0,94.0
2022,Vila Nova,13,47,Meio,14.0,0.0046557676533542924,False,Matheus Souza,"LW, LWF, RAMF",EE,21.0,7,371,0.096311330328275,False,25,5,6.0,304.62,10395.23,667.72,281.27,13.89,82.43,7.09,22.45,2.66,55.55,30.15,30.58,258.56,98.17,474.51,329.92,53.72,5.97,15.92,82.0,62.0,62.0,66.0,72.0,26.0,85.0,81.0,96.0,79.0,49.0,93.0,40.0,84.0,41.0,99.0,60.0,63.0
2022,Vila Nova,13,47,Meio,14.0,0.0046557676533542924,False,Bruno Collaço,LB,LE,32.0,5,353,0.0916385434120784,False,26,2,5.0,353.5,8736.59,369.4,111.25,5.35,40.99,5.86,13.75,2.8,20.62,27.02,27.02,88.64,52.28,224.62,257.85,17.72,0.59,1.77,2.0,2.0,2.0,2.0,2.0,8.0,8.0,82.0,2.0,5.0,2.0,12.0,2.0,5.0,12.0,10.0,18.0,8.0
2022,Vila Nova,13,47,Meio,14.0,0.0046557676533542924,False,Marlone,AMF,MEI,30.0,12,337,0.0874849550421258,False,27,2,11.0,312.73,10189.03,488.08,125.76,6.62,50.07,5.76,11.51,0.86,30.51,26.79,28.58,80.58,61.25,287.84,286.5,31.46,3.84,7.67,39.0,26.0,39.0,39.0,32.0,48.0,16.0,55.0,23.0,32.0,42.0,45.0,29.0,26.0,39.0,35.0,42.0,16.0
2022,Vila Nova,13,47,Meio,14.0,0.0046557676533542924,False,Matheus Mancini,LCB,ZE,27.0,5,320,0.0830717673990512,False,28,3,4.0,256.84,9207.44,334.98,96.71,5.61,40.65,7.36,12.96,1.05,27.68,28.93,28.93,49.5,64.83,144.42,197.65,8.15,0.0,1.16,,,,,,,,,,,,,,,,,,
2022,Vila Nova,13,47,Meio,14.0,0.0046557676533542924,False,Jefferson,LB,LE,19.0,9,304,0.0789181790290987,False,29,3,7.0,166.74,9593.82,604.98,318.41,12.95,70.16,11.87,18.89,2.7,44.79,29.66,30.7,218.48,157.25,374.03,352.82,30.94,0.0,1.47,35.0,72.0,95.0,78.0,68.0,100.0,60.0,78.0,100.0,60.0,35.0,95.0,82.0,85.0,57.0,85.0,2.0,2.0
2022,Vila Nova,13,47,Meio,14.0,0.0046557676533542924,False,Jean Silva,"RAMF, LAMF, LW",ED,33.0,8,290,0.0752837892053902,False,30,4,6.0,255.12,10293.44,836.03,248.69,14.82,87.13,12.35,27.16,1.41,48.68,29.38,29.92,144.22,121.89,595.25,414.41,49.78,5.64,15.03,71.0,98.0,58.0,71.0,80.0,96.0,96.0,29.0,87.0,53.0,24.0,36.0,65.0,100.0,73.0,96.0,55.0,64.0
2022,Vila Nova,13,47,Meio,14.0,0.0046557676533542924,False,Eduardo Doma,"RCB, LCB",ZD,24.0,2,198,0.0514006560781629,False,31,2,1.0,99.97,9586.4,463.65,119.74,8.1,50.42,7.2,11.7,0.0,25.21,29.1,29.1,37.75,117.07,160.7,403.1,3.24,0.0,0.0,,,,,,,,,,,,,,,,,,
2022,Vila Nova,13,47,Meio,14.0,0.0046557676533542924,False,Pedro Bambú,"RCB, RB, LDMF",ZD,35.0,6,187,0.0485450640738205,False,32,3,6.0,187.62,10340.41,734.01,220.2,11.03,72.44,6.72,16.31,0.96,24.47,28.17,28.68,122.57,113.63,296.96,429.56,22.72,0.69,3.44,100.0,100.0,100.0,97.0,100.0,97.0,100.0,75.0,86.0,35.0,19.0,100.0,89.0,100.0,97.0,100.0,92.0,100.0
2022,Vila Nova,13,47,Meio,14.0,0.0046557676533542924,False,Diogo,"RCB, RB",ZD,24.0,1,26,0.0067495811011729,False,33,4,1.0,25.87,11231.44,1022.94,288.79,17.4,100.9,3.48,10.44,0.0,27.84,30.7,30.7,152.21,190.04,549.26,605.98,39.65,6.61,13.22,,,,,,,,,,,,,,,,,,
2023,ABC,20,28,Cai,15.0,-0.5097111342256536,False,Gedeílson,"RB, LB",LD,31.0,26,2029,0.5203413144335906,False,1,1,26.0,2034.24,9639.09,497.12,192.77,9.78,59.07,7.88,14.07,2.39,32.34,29.84,32.24,122.77,105.82,291.54,301.29,27.22,1.02,4.16,59.0,25.0,51.0,43.0,37.0,66.0,12.0,75.0,67.0,78.0,88.0,51.0,51.0,55.0,22.0,63.0,47.0,73.0
2023,ABC,20,28,Cai,15.0,-0.5097111342256536,False,Habraão,"LCB, RCB",ZE,22.0,22,1953,0.5008509547012333,False,2,1,22.0,1956.02,8628.46,276.99,85.21,4.6,31.7,4.05,9.34,0.41,16.52,28.55,31.22,24.6,72.81,71.41,229.38,3.1,0.44,0.74,32.0,30.0,38.0,35.0,32.0,27.0,35.0,22.0,41.0,57.0,78.0,35.0,46.0,12.0,32.0,11.0,80.0,76.0
2023,ABC,20,28,Cai,15.0,-0.5097111342256536,False,Matheus Anjos,"CF, LW, AMF",CA,24.0,26,1919,0.4921315832420208,False,3,1,26.0,1920.88,10089.66,602.67,102.52,6.33,56.93,6.23,14.34,0.89,38.42,27.01,28.94,69.71,53.6,383.07,356.75,45.26,5.32,12.34,77.0,63.0,11.0,21.0,34.0,19.0,23.0,30.0,58.0,12.0,22.0,15.0,18.0,77.0,59.0,96.0,12.0,8.0
2023,ABC,20,28,Cai,15.0,-0.5097111342256536,False,Fábio Lima,"RW, LAMF, LW",ED,26.0,24,1834,0.4703331545939896,False,4,1,24.0,1834.8,9534.28,562.67,311.23,15.6,78.04,8.58,23.45,3.24,30.8,31.3,33.18,247.33,120.41,347.45,313.69,35.47,5.39,11.51,24.0,28.0,84.0,86.0,66.0,63.0,92.0,88.0,10.0,96.0,96.0,92.0,48.0,32.0,32.0,54.0,58.0,44.0
2023,ABC,20,28,Cai,15.0,-0.5097111342256536,False,Romário,LB,LE,31.0,20,1725,0.4423798755041615,False,5,1,20.0,1726.8000000000002,9766.42,487.45,134.32,7.66,49.31,6.36,14.07,1.2,31.38,27.89,29.62,83.98,83.35,232.7,359.9,25.62,1.39,3.82,71.0,31.0,19.0,14.0,12.0,29.0,17.0,39.0,69.0,24.0,26.0,29.0,17.0,24.0,69.0,60.0,52.0,31.0
2023,ABC,20,28,Cai,15.0,-0.5097111342256536,False,Thonny Anderson,"CF, AMF",CA,25.0,23,1693,0.4341734082484321,False,6,2,23.0,1696.02,9865.41,340.66,72.38,4.35,37.73,4.62,9.92,0.48,28.76,27.26,29.74,43.81,42.85,237.74,186.53,33.15,4.9,9.55,66.0,2.0,3.0,4.0,2.0,5.0,2.0,15.0,13.0,20.0,36.0,8.0,10.0,12.0,3.0,53.0,10.0,4.0
2023,ABC,20,28,Cai,15.0,-0.5097111342256536,False,Afonso,RCB,ZD,29.0,16,1550,0.3975007576993914,False,7,1,16.0,1550.72,8748.51,275.81,111.67,5.75,35.0,4.24,9.05,0.58,17.59,29.95,31.8,36.46,89.29,98.51,218.96,4.52,0.09,0.18,30.0,22.0,70.0,62.0,50.0,25.0,30.0,40.0,28.0,90.0,82.0,68.0,62.0,40.0,30.0,15.0,34.0,40.0
2023,ABC,20,28,Cai,15.0,-0.5097111342256536,False,Fabrício,LCB,ZE,33.0,16,1430,0.3667265054904063,False,8,2,16.0,1432.96,8428.24,252.3,58.03,3.27,26.07,3.58,8.29,0.5,14.07,26.96,28.92,17.4,47.31,71.41,213.43,5.07,0.0,0.0,14.0,14.0,11.0,16.0,16.0,16.0,24.0,26.0,14.0,11.0,16.0,14.0,8.0,12.0,24.0,30.0,14.0,5.0
2023,ABC,20,28,Cai,15.0,-0.5097111342256536,False,Wallace,"LCMF, RCMF, LDMF",MED,22.0,19,1304,0.3344135406709719,False,9,1,19.0,1304.16,10247.83,370.46,101.86,4.49,40.37,3.38,9.39,0.35,33.54,27.45,29.5,64.77,58.5,216.02,240.33,25.1,0.56,3.15,56.0,10.0,38.0,25.0,24.0,10.0,10.0,25.0,44.0,54.0,60.0,65.0,17.0,52.0,3.0,52.0,17.0,38.0
2023,ABC,20,28,Cai,15.0,-0.5097111342256536,False,Jhonnathan,"LB, LCB",LE,22.0,15,1272,0.3262070734152426,False,10,2,15.0,1272.6,9251.61,386.57,96.75,6.51,42.65,4.74,11.74,0.78,28.22,27.81,29.24,33.62,75.42,148.27,280.32,13.85,0.23,1.39,26.0,2.0,2.0,7.0,2.0,2.0,5.0,17.0,43.0,19.0,24.0,2.0,7.0,2.0,7.0,2.0,10.0,2.0
2023,ABC,20,28,Cai,15.0,-0.5097111342256536,False,Paulo Sérgio,CF,CA,34.0,18,1257,0.3223602918891194,False,11,3,18.0,1258.02,9381.77,415.06,105.09,5.65,43.85,6.94,14.38,0.86,30.4,27.1,28.76,81.89,45.67,284.56,221.69,35.54,7.19,18.95,32.0,10.0,14.0,12.0,9.0,34.0,25.0,27.0,20.0,15.0,18.0,25.0,12.0,25.0,4.0,65.0,37.0,53.0
2023,ABC,20,28,Cai,15.0,-0.5097111342256536,False,Nathan Melo,"LCMF, DMF, LDMF",MED,22.0,16,1188,0.304665096868953,False,12,2,16.0,1187.36,10071.55,438.92,99.59,5.53,48.05,3.79,11.75,0.61,28.73,27.39,29.54,36.94,87.83,154.73,365.95,19.7,0.79,1.84,40.0,33.0,33.0,44.0,46.0,21.0,40.0,58.0,23.0,52.0,62.0,32.0,56.0,27.0,60.0,26.0,33.0,16.0
2023,ABC,20,28,Cai,15.0,-0.5097111342256536,False,Welliton Matheus,"RW, RAMF, LW",ED,23.0,21,1154,0.2959457254097405,False,13,2,21.0,1154.58,9378.03,522.73,232.06,12.16,68.91,9.04,19.49,3.12,35.7,29.86,32.54,176.43,112.43,368.13,264.95,32.39,4.79,14.24,14.0,14.0,42.0,44.0,34.0,72.0,46.0,82.0,27.0,66.0,86.0,54.0,40.0,42.0,10.0,34.0,47.0,68.0
2023,ABC,20,28,Cai,15.0,-0.5097111342256536,False,Wellington Reis,"LCMF, RCMF, LDMF",MED,31.0,19,1130,0.2897908749679435,False,14,3,19.0,1131.07,10064.44,378.92,101.77,4.77,40.02,4.3,12.09,0.56,28.73,27.16,29.44,55.88,69.74,163.67,283.24,20.03,0.6,2.71,38.0,14.0,35.0,29.0,21.0,37.0,43.0,48.0,23.0,45.0,59.0,52.0,37.0,32.0,11.0,29.0,20.0,32.0
2023,ABC,20,28,Cai,15.0,-0.5097111342256536,False,Wallyson,"CF, LW, LAMF",CA,34.0,15,1034,0.2651714732007553,False,15,4,15.0,1035.3,9616.21,617.11,207.15,9.65,61.72,6.0,11.47,1.48,35.38,28.73,30.18,150.11,106.38,351.07,385.49,41.01,6.99,18.53,47.0,68.0,55.0,45.0,47.0,15.0,5.0,53.0,44.0,59.0,52.0,68.0,58.0,58.0,68.0,87.0,33.0,48.0
2023,ABC,20,28,Cai,15.0,-0.5097111342256536,False,Alex Silva,RB,LD,29.0,10,918,0.2354230293987363,False,16,2,10.0,917.8,9098.81,468.93,138.56,7.94,49.42,6.08,13.53,0.98,28.54,28.38,29.16,79.85,84.0,259.55,309.39,26.41,0.9,1.8,8.0,20.0,20.0,20.0,6.0,15.0,6.0,20.0,31.0,35.0,22.0,24.0,24.0,27.0,24.0,61.0,37.0,18.0
2023,ABC,20,28,Cai,15.0,-0.5097111342256536,False,Alemão,RB,LD,33.0,12,886,0.227216562143007,False,17,3,12.0,887.64,9462.57,496.1,167.9,9.23,57.89,7.2,17.34,1.52,36.4,28.77,30.04,117.55,90.11,286.48,301.02,22.6,1.23,2.98,41.0,24.0,29.0,29.0,33.0,37.0,59.0,45.0,86.0,41.0,41.0,45.0,29.0,49.0,20.0,33.0,57.0,47.0
2023,ABC,20,28,Cai,15.0,-0.5097111342256536,False,Maycon Douglas,"LW, RAMF, CF",EE,27.0,22,842,0.2159326696663791,False,18,1,22.0,843.92,9363.87,448.92,224.57,11.09,62.17,9.17,18.66,2.67,33.38,29.61,33.0,152.7,108.74,302.23,217.89,27.01,4.34,9.16,20.0,4.0,36.0,31.0,16.0,80.0,40.0,69.0,15.0,51.0,87.0,35.0,44.0,9.0,2.0,20.0,29.0,13.0
2023,ABC,20,28,Cai,15.0,-0.5097111342256536,False,Anderson,"LW, RW",EE,24.0,14,728,0.1866971300678432,False,19,2,14.0,728.84,9864.64,571.34,275.98,14.2,76.06,7.16,19.51,1.61,41.49,30.24,31.76,250.67,121.26,452.42,291.61,39.99,5.61,20.72,64.0,35.0,56.0,67.0,56.0,29.0,50.0,34.0,65.0,71.0,63.0,82.0,56.0,82.0,29.0,78.0,53.0,91.0
2023,ABC,20,28,Cai,15.0,-0.5097111342256536,False,Genílson,"RCB, LCB",ZD,32.0,8,714,0.1831068006434616,False,20,2,8.0,714.08,8829.98,219.42,61.63,2.77,24.45,3.53,6.93,0.25,13.23,27.65,29.34,17.62,54.39,72.78,168.09,5.46,0.35,0.35,42.0,2.0,2.0,2.0,2.0,2.0,2.0,10.0,2.0,21.0,25.0,18.0,5.0,12.0,8.0,25.0,75.0,55.0
2023,ABC,20,28,Cai,15.0,-0.5097111342256536,False,Daniel,"RCMF, RDMF, LDMF",MED,27.0,11,698,0.1790035670155969,False,21,4,11.0,699.38,10081.9,488.0,101.92,6.05,51.48,4.89,15.57,0.77,26.51,27.59,29.24,53.0,69.44,224.05,353.88,23.15,2.37,7.84,41.0,60.0,40.0,56.0,61.0,59.0,79.0,74.0,13.0,64.0,55.0,48.0,35.0,56.0,49.0,48.0,71.0,78.0
2023,ABC,20,28,Cai,15.0,-0.5097111342256536,False,Júnior Todinho,"CF, RW, AMF",CA,29.0,10,619,0.158743850978015,False,22,5,10.0,616.8,9852.38,488.84,128.41,7.59,56.03,7.3,15.03,1.9,33.56,28.21,29.96,89.07,64.17,296.31,293.39,39.55,8.11,17.4,64.0,32.0,25.0,32.0,32.0,43.0,32.0,65.0,36.0,46.0,42.0,30.0,26.0,32.0,31.0,84.0,46.0,41.0
2023,ABC,20,28,Cai,15.0,-0.5097111342256536,False,Evandro,"RW, LW, CF",ED,26.0,12,588,0.1507938358240272,False,23,3,12.0,588.0,9430.83,487.05,152.91,9.18,57.86,8.57,21.74,0.61,36.89,28.18,29.84,108.78,81.67,292.64,293.74,31.65,5.27,15.1,20.0,8.0,6.0,12.0,6.0,60.0,74.0,4.0,32.0,12.0,12.0,14.0,18.0,12.0,26.0,28.0,56.0,72.0
2023,ABC,20,28,Cai,15.0,-0.5097111342256536,False,Léo Ceará,"CF, RW, LW",CA,24.0,7,461,0.1182244189028512,False,24,6,7.0,441.7,9764.42,584.22,188.49,11.82,70.3,8.76,16.71,2.65,42.18,28.41,28.78,105.11,126.91,425.59,319.47,36.72,4.02,11.47,57.0,54.0,47.0,59.0,60.0,73.0,48.0,82.0,77.0,53.0,19.0,40.0,75.0,91.0,45.0,68.0,5.0,5.0
2023,ABC,20,28,Cai,15.0,-0.5097111342256536,False,Jean Patrick,"RCMF, RDMF, LCMF",MED,31.0,8,444,0.113864733173245,False,25,5,8.0,444.32,10787.64,457.61,31.2,2.03,35.45,3.04,10.53,0.2,36.67,24.82,25.4,13.24,19.09,149.75,374.4,24.99,1.18,4.12,98.0,41.0,3.0,6.0,10.0,3.0,16.0,14.0,62.0,5.0,2.0,6.0,3.0,22.0,63.0,51.0,44.0,44.0
2023,ABC,20,28,Cai,15.0,-0.5097111342256536,False,Márcio Azevedo,LB,LE,37.0,4,384,0.0984776070687524,False,26,3,4.0,384.4,8664.96,346.28,97.63,5.15,38.16,4.68,12.88,0.7,18.73,28.02,28.02,29.17,89.61,128.41,267.06,10.46,0.0,0.32,,,,,,,,,,,,,,,,,,
2023,ABC,20,28,Cai,15.0,-0.5097111342256536,False,Lucas Tocantins,"LW, LAMF, RW",EE,28.0,7,361,0.0925792087286969,False,27,3,7.0,379.61,9777.23,583.93,234.95,13.04,74.92,8.77,22.52,2.13,49.79,29.66,30.34,205.2,76.57,427.25,311.21,44.5,6.73,14.21,55.0,38.0,40.0,53.0,53.0,73.0,76.0,55.0,89.0,55.0,33.0,56.0,11.0,71.0,40.0,91.0,78.0,58.0
2023,ABC,20,28,Cai,15.0,-0.5097111342256536,False,Randerson,"RB, LCMF",LD,19.0,5,350,0.08975823560954,False,28,4,4.0,246.32,10209.5,676.0,152.01,8.77,62.12,6.58,16.44,1.1,46.77,26.77,26.77,129.12,70.24,473.25,379.2,39.64,2.96,13.02,,,,,,,,,,,,,,,,,,
2023,ABC,20,28,Cai,15.0,-0.5097111342256536,False,Bruno Lima,"RCMF, RB",MED,30.0,4,330,0.0846291935747091,False,29,6,4.0,329.56,9178.96,364.3,101.31,5.73,39.87,3.55,11.74,0.82,27.31,28.27,28.27,68.33,61.54,178.18,275.34,24.19,0.43,4.32,,,,,,,,,,,,,,,,,,
2023,ABC,20,28,Cai,15.0,-0.5097111342256536,False,Thallyson,"RB, RDMF, DMF",LD,27.0,5,322,0.0825775767607768,False,30,5,5.0,321.5,9847.98,493.22,133.52,6.72,55.42,6.44,16.8,1.12,34.43,27.88,27.88,51.77,89.95,170.63,371.42,20.41,0.36,1.46,78.0,22.0,12.0,8.0,25.0,22.0,45.0,25.0,78.0,20.0,12.0,4.0,27.0,4.0,69.0,16.0,8.0,11.0
2023,ABC,20,28,Cai,15.0,-0.5097111342256536,False,Renan Bressan,"CF, AMF",CA,34.0,8,295,0.0756533700137551,False,31,7,8.0,294.56,10479.19,610.46,102.66,6.11,55.91,6.72,18.64,0.0,40.02,26.68,27.7,37.64,82.23,215.49,524.05,42.31,5.77,15.87,89.0,65.0,12.0,20.0,31.0,29.0,73.0,3.0,65.0,9.0,12.0,4.0,36.0,8.0,92.0,89.0,14.0,29.0
2023,ABC,20,28,Cai,15.0,-0.5097111342256536,False,Jean Martim,RCMF,MED,24.0,7,294,0.0753969179120136,False,32,7,7.0,296.1,9026.75,251.67,14.89,0.91,21.88,3.34,10.33,0.0,21.28,24.74,25.68,8.71,9.95,70.96,219.24,16.71,0.98,3.93,3.0,2.0,2.0,2.0,2.0,8.0,14.0,6.0,5.0,2.0,3.0,2.0,2.0,6.0,2.0,19.0,41.0,43.0
2023,ABC,20,28,Cai,15.0,-0.5097111342256536,False,Raphael Luz,"CF, AMF, RW",CA,33.0,5,273,0.0700114237754412,False,33,8,5.0,272.95000000000005,9642.65,390.07,79.79,4.62,42.54,5.61,10.88,1.32,33.3,26.34,26.34,58.11,36.12,199.24,248.52,24.89,5.37,11.71,51.0,5.0,7.0,7.0,7.0,8.0,3.0,45.0,34.0,5.0,3.0,10.0,3.0,4.0,12.0,13.0,13.0,7.0
2023,ABC,20,28,Cai,15.0,-0.5097111342256536,False,Daniel Vançan,LB,LE,26.0,3,229,0.0587275312988133,False,34,4,3.0,228.78000000000003,10405.43,758.84,218.33,10.62,71.6,5.9,16.13,2.36,36.98,29.1,29.1,127.41,133.23,439.91,455.83,30.92,0.52,2.62,,,,,,,,,,,,,,,,,,
2023,ABC,20,28,Cai,15.0,-0.5097111342256536,False,Luccas Romário,CF,CA,20.0,6,203,0.0520597766535332,False,35,9,6.0,202.98,10070.57,626.11,184.91,12.86,73.61,6.65,17.74,0.44,38.58,27.58,27.82,107.15,131.25,297.36,450.0,34.18,9.5,25.32,76.0,71.0,46.0,67.0,67.0,26.0,64.0,13.0,59.0,27.0,13.0,43.0,81.0,33.0,84.0,58.0,69.0,92.0
2023,ABC,20,28,Cai,15.0,-0.5097111342256536,False,Gustavo Hebling,"RCMF, RW, AMF",MED,27.0,5,184,0.0471871867204438,False,36,8,5.0,185.2,10164.36,443.2,124.41,5.83,47.14,6.8,7.78,0.0,25.76,27.92,27.92,79.73,73.04,169.52,363.3,16.31,0.63,5.64,49.0,37.0,60.0,51.0,43.0,94.0,5.0,6.0,10.0,79.0,22.0,78.0,40.0,35.0,57.0,16.0,24.0,58.0
2023,ABC,20,28,Cai,15.0,-0.5097111342256536,False,De Paula,"RAMF, LW, CF",ED,24.0,3,97,0.0248758538689296,False,37,4,3.0,97.02,10284.3,595.47,297.73,14.84,82.55,6.49,17.62,3.71,46.38,30.43,30.43,153.57,161.73,329.79,370.01,26.4,0.0,5.03,,,,,,,,,,,,,,,,,,
2023,ABC,20,28,Cai,15.0,-0.5097111342256536,False,A. Rodríguez,RCMF,MED,23.0,1,62,0.0159000303079756,False,38,9,1.0,62.2,10849.2,480.39,20.26,4.34,52.09,2.89,15.92,1.45,46.3,24.9,24.9,7.81,21.15,88.57,525.0,26.02,0.0,0.0,,,,,,,,,,,,,,,,,,
2023,ABC,20,28,Cai,15.0,-0.5097111342256536,False,Jefinho,"LWF, RCMF, LAMF",EE,21.0,3,53,0.0135919613923017,False,39,4,3.0,52.89,10287.74,830.51,260.38,11.91,81.69,10.21,20.42,0.0,49.35,28.0,28.0,276.16,49.32,552.33,443.84,31.41,12.57,21.99,,,,,,,,,,,,,,,,,,
2023,ABC,20,28,Cai,15.0,-0.5097111342256536,False,Allan Dias,CF,CA,34.0,1,49,0.0125661529853356,False,40,10,1.0,49.07,10400.14,621.81,157.74,9.17,71.54,9.17,18.34,0.0,58.7,28.3,28.3,80.9,100.46,441.57,377.22,33.67,6.73,16.84,,,,,,,,,,,,,,,,,,
2023,Atlético-GO,4,64,Sobe,2.0,0.18558960744544706,True,Shaylon,AMF,MEI,26.0,36,3304,0.8658074659932821,True,1,1,35.0,3222.1,9975.99,600.06,164.15,9.8,63.04,6.82,16.0,1.42,35.11,28.96,31.6,80.3,123.33,300.93,441.91,28.21,3.78,9.56,45.0,64.0,52.0,73.0,70.0,70.0,73.0,67.0,61.0,88.0,97.0,27.0,88.0,30.0,82.0,24.0,39.0,24.0
2023,Atlético-GO,4,64,Sobe,2.0,0.18558960744544706,True,Bruno Tubarão,"RB, RAMF",LD,28.0,34,2767,0.7250875479429212,True,2,1,33.0,2680.59,9637.12,519.65,185.6,10.41,60.27,7.49,15.91,1.51,32.1,30.26,32.92,111.02,114.18,280.26,353.0,20.5,1.07,3.4,57.0,43.0,43.0,55.0,41.0,45.0,31.0,41.0,65.0,84.0,96.0,41.0,53.0,45.0,53.0,18.0,49.0,57.0
2023,Atlético-GO,4,64,Sobe,2.0,0.18558960744544706,True,Heron,"LCB, LB",ZE,23.0,30,2652,0.6949519975224527,True,3,1,29.0,2554.61,9425.38,453.39,138.94,8.74,50.38,6.38,13.67,1.41,25.4,29.72,32.0,66.47,105.7,213.44,334.22,16.91,0.7,1.54,95.0,97.0,89.0,97.0,100.0,100.0,100.0,92.0,100.0,97.0,95.0,100.0,86.0,100.0,89.0,100.0,100.0,97.0
2023,Atlético-GO,4,64,Sobe,2.0,0.18558960744544706,True,Rhaldney,"RDMF, RCMF",VOL,24.0,36,2576,0.6750363294184911,True,4,1,34.0,2409.24,10561.12,568.41,155.28,9.34,60.29,5.04,14.72,0.78,39.86,28.1,30.74,85.1,108.88,267.05,440.65,32.16,3.22,5.91,84.0,92.0,89.0,97.0,95.0,68.0,68.0,74.0,83.0,76.0,84.0,100.0,74.0,95.0,76.0,84.0,92.0,88.0
2023,Atlético-GO,4,64,Sobe,2.0,0.18558960744544706,True,Gustavo Coutinho,CF,CA,24.0,31,2565,0.6721537985087072,True,5,1,29.0,2413.38,9662.58,570.67,236.37,14.36,74.85,8.06,15.96,2.5,40.35,30.17,32.24,152.29,133.38,311.93,374.95,26.57,9.2,18.06,53.0,49.0,73.0,80.0,73.0,60.0,41.0,80.0,68.0,91.0,91.0,69.0,82.0,40.0,62.0,18.0,60.0,44.0
2023,Atlético-GO,4,64,Sobe,2.0,0.18558960744544706,True,Matheus Sales,"LDMF, DMF, LCMF",VOL,28.0,28,2102,0.5508254520332563,False,6,2,25.0,1973.25,9353.88,380.42,76.39,4.33,37.81,4.56,10.49,0.73,25.04,27.96,30.88,29.62,65.13,147.46,335.51,13.96,0.75,2.01,3.0,8.0,13.0,21.0,8.0,39.0,11.0,67.0,8.0,74.0,91.0,24.0,26.0,34.0,18.0,11.0,50.0,42.0
2023,Atlético-GO,4,64,Sobe,2.0,0.18558960744544706,True,Kelvin,"RAMF, LAMF, RW",ED,26.0,30,1954,0.5120423088834362,False,7,1,27.0,1847.07,10003.96,595.89,217.5,12.72,71.72,6.92,18.32,1.46,42.63,30.27,32.4,126.56,137.75,335.71,390.56,27.72,2.43,6.76,52.0,44.0,32.0,48.0,44.0,26.0,34.0,20.0,60.0,76.0,84.0,22.0,80.0,26.0,74.0,16.0,16.0,10.0
2023,Atlético-GO,4,64,Sobe,2.0,0.18558960744544706,True,Lucas Gazal,RCB,ZD,24.0,18,1673,0.438406746551683,False,8,1,17.0,1621.97,9221.02,380.8,75.3,5.94,39.01,4.11,9.6,0.39,19.14,28.34,30.96,26.66,59.83,155.26,291.01,10.63,0.22,0.11,92.0,90.0,25.0,68.0,69.0,20.0,46.0,21.0,55.0,42.0,65.0,40.0,12.0,90.0,80.0,88.0,54.0,32.0
2023,Atlético-GO,4,64,Sobe,2.0,0.18558960744544706,True,Rodrigo Soares,RB,LD,30.0,21,1656,0.4339519260547442,False,9,2,21.0,1660.89,9786.72,530.37,95.1,6.88,51.26,5.85,14.68,1.03,29.48,28.11,29.66,51.93,60.74,277.31,366.2,24.73,1.31,3.11,71.0,47.0,4.0,10.0,12.0,9.0,18.0,22.0,35.0,25.0,29.0,6.0,10.0,41.0,59.0,49.0,61.0,49.0
2023,Atlético-GO,4,64,Sobe,2.0,0.18558960744544706,True,Baralhas,"RDMF, LDMF",VOL,24.0,16,1514,0.396741072492079,False,10,3,16.0,1514.56,9667.86,469.54,161.09,8.85,55.26,6.6,14.68,1.6,37.49,29.39,30.32,70.44,134.88,200.39,383.63,18.06,3.52,7.04,16.0,58.0,97.0,95.0,79.0,95.0,66.0,97.0,76.0,100.0,79.0,97.0,89.0,68.0,45.0,29.0,95.0,92.0
2023,Atlético-GO,4,64,Sobe,2.0,0.18558960744544706,True,Lucas Esteves,LB,LE,23.0,16,1507,0.3949067346403983,False,11,1,16.0,1508.32,9048.87,509.28,186.71,9.79,56.81,7.4,15.57,1.31,25.84,30.46,32.98,114.72,116.64,281.86,350.55,22.78,2.35,7.32,17.0,50.0,60.0,57.0,43.0,60.0,38.0,48.0,17.0,93.0,98.0,60.0,62.0,55.0,62.0,40.0,90.0,93.0
2023,Atlético-GO,4,64,Sobe,2.0,0.18558960744544706,True,Renato Alves,"LDMF, LCMF, DMF",VOL,31.0,16,1310,0.3432832265288134,False,12,4,13.0,1170.39,10565.93,604.25,129.49,8.38,57.06,5.54,12.0,0.77,33.37,28.78,29.76,32.47,128.39,241.9,500.06,19.08,0.69,1.56,87.0,95.0,71.0,89.0,89.0,82.0,37.0,71.0,50.0,92.0,63.0,34.0,79.0,92.0,95.0,34.0,45.0,30.0
2023,Atlético-GO,4,64,Sobe,2.0,0.18558960744544706,True,Jefferson,LB,LE,26.0,13,1052,0.2756747742811539,False,13,2,10.0,919.7,9652.42,468.54,133.48,8.42,51.57,5.68,12.82,1.47,26.32,29.42,30.64,61.58,106.03,261.42,320.23,23.04,0.75,3.44,67.0,26.0,17.0,31.0,19.0,14.0,7.0,60.0,24.0,67.0,48.0,12.0,52.0,36.0,33.0,43.0,33.0,21.0
2023,Atlético-GO,4,64,Sobe,2.0,0.18558960744544706,True,Dodô,AMF,MEI,28.0,14,803,0.2104247564142268,False,14,2,14.0,803.88,10041.69,648.82,167.72,9.63,64.83,5.15,13.77,0.9,38.4,27.89,29.62,107.76,103.9,387.67,427.86,35.79,8.02,17.69,52.0,70.0,61.0,70.0,73.0,32.0,39.0,41.0,67.0,45.0,42.0,55.0,76.0,79.0,79.0,73.0,91.0,88.0
2023,Atlético-GO,4,64,Sobe,2.0,0.18558960744544706,True,Matheus Peixoto,CF,CA,27.0,16,593,0.1553946208638063,False,15,2,15.0,588.15,8933.02,483.73,109.42,4.74,39.63,6.73,12.55,1.38,28.31,27.04,29.78,74.8,65.07,285.72,303.72,20.17,8.64,17.64,10.0,30.0,16.0,8.0,4.0,30.0,13.0,49.0,12.0,13.0,38.0,18.0,27.0,29.0,38.0,5.0,52.0,42.0
2023,Atlético-GO,4,64,Sobe,2.0,0.18558960744544706,True,Daniel Lima,"CF, AMF",CA,18.0,14,522,0.1367891940824737,False,16,3,10.0,399.6,9812.61,601.8,168.69,11.26,74.1,7.88,18.47,1.8,34.23,29.13,31.68,83.15,103.87,275.57,462.4,29.94,11.15,21.97,59.0,60.0,41.0,56.0,69.0,56.0,70.0,63.0,41.0,68.0,82.0,26.0,54.0,18.0,86.0,33.0,82.0,68.0
2023,Atlético-GO,4,64,Sobe,2.0,0.18558960744544706,True,Matheus Régis,"LAMF, LW",EE,24.0,12,343,0.0898825547323534,False,17,1,10.0,306.2,10770.61,759.8,225.44,13.81,83.47,6.76,20.57,0.88,67.31,28.61,30.2,145.99,140.81,452.15,537.69,42.44,9.33,21.92,96.0,91.0,38.0,60.0,76.0,22.0,65.0,9.0,100.0,22.0,27.0,31.0,65.0,80.0,96.0,85.0,98.0,95.0
2023,Atlético-GO,4,64,Sobe,2.0,0.18558960744544706,True,David Braga,"AMF, CF, RCMF",MEI,21.0,12,280,0.0733735140672273,False,18,3,11.0,266.64,11358.19,810.29,151.19,12.49,80.32,6.41,15.19,1.69,44.21,26.93,29.84,71.14,101.17,353.82,697.94,30.87,10.01,16.69,100.0,100.0,36.0,91.0,97.0,64.0,61.0,79.0,82.0,21.0,55.0,18.0,70.0,64.0,100.0,36.0,97.0,85.0
2023,Atlético-GO,4,64,Sobe,2.0,0.18558960744544706,True,Renan Silva,RB,LD,19.0,3,202,0.0529337494342139,False,19,3,2.0,189.4,10101.48,618.22,163.94,12.35,73.65,6.65,17.11,1.9,32.79,29.05,29.05,88.99,91.7,326.8,366.8,30.17,1.56,2.08,,,,,,,,,,,,,,,,,,
2023,Atlético-GO,4,64,Sobe,2.0,0.18558960744544706,True,Sillas,"RAMF, RW, LW",ED,28.0,2,142,0.0372108535626652,False,20,2,2.0,141.86,9721.52,566.52,112.29,6.34,61.54,8.25,22.2,1.9,43.77,27.25,27.25,68.68,50.23,320.72,363.9,29.51,6.86,7.55,,,,,,,,,,,,,,,,,,
2023,Atlético-GO,4,64,Sobe,2.0,0.18558960744544706,True,Matheus Guedes,LCB,ZE,23.0,2,134,0.0351144674464587,False,21,2,2.0,134.12,8682.81,389.21,189.91,7.38,43.62,6.04,15.43,2.68,18.79,29.75,29.75,26.39,172.76,143.58,282.03,12.65,1.05,2.11,,,,,,,,,,,,,,,,,,
2023,Atlético-GO,4,64,Sobe,2.0,0.18558960744544706,True,Guilherme Bastos,LB,LE,20.0,2,113,0.0296114538914167,False,22,3,2.0,112.72,9767.59,535.77,368.89,12.78,61.48,8.78,11.98,1.6,33.54,30.55,30.55,169.14,338.51,243.03,513.65,24.04,0.0,0.89,,,,,,,,,,,,,,,,,,
2023,Atlético-GO,4,64,Sobe,2.0,0.18558960744544706,True,Igor Ribeiro,LB,LE,22.0,2,108,0.0283012125687876,False,23,4,1.0,103.45,9080.91,336.68,186.18,9.57,53.07,6.96,15.66,0.0,27.84,30.4,30.4,49.51,190.3,166.21,261.94,11.78,0.0,1.18,,,,,,,,,,,,,,,,,,
2023,Atlético-GO,4,64,Sobe,2.0,0.18558960744544706,True,Moraes,LB,LE,25.0,1,85,0.022274102484694,False,24,5,1.0,85.1,10381.2,689.54,0.0,8.46,58.17,8.46,13.75,2.12,30.67,29.5,29.5,0.0,0.0,304.13,515.65,,,,,,,,,,,,,,,,,,,,,
2023,Atlético-GO,4,64,Sobe,2.0,0.18558960744544706,True,João Maistro,RCB,ZD,23.0,2,74,0.01939157157491,False,25,2,1.0,4.12,10887.45,1158.7,218.62,0.0,43.72,0.0,21.86,0.0,21.86,23.8,23.8,,,,,130.43,0.0,0.0,,,,,,,,,,,,,,,,,,
2023,Atlético-GO,4,64,Sobe,2.0,0.18558960744544706,True,Marcos Serrato,"LCMF, LCB",MED,29.0,6,67,0.0175572337232293,False,26,1,6.0,67.44,10467.67,593.92,178.84,6.67,58.72,10.68,14.68,0.0,50.72,25.63,26.24,82.46,144.29,355.45,445.11,29.59,2.28,4.55,73.0,87.0,89.0,65.0,79.0,100.0,68.0,6.0,97.0,11.0,6.0,79.0,94.0,95.0,83.0,73.0,68.0,51.0
2023,Atlético-GO,4,64,Sobe,2.0,0.18558960744544706,True,Luan Sales,RB,LD,22.0,1,55,0.0144126545489196,False,27,4,1.0,55.23,9802.78,483.95,237.9,6.52,44.0,6.52,14.67,0.0,35.85,30.5,30.5,260.44,55.45,306.59,401.98,19.78,0.0,0.0,,,,,,,,,,,,,,,,,,
2023,Atlético-GO,4,64,Sobe,2.0,0.18558960744544706,True,Renan Cosenza,"LB, RB",LE,18.0,2,24,0.0062891583486194,False,28,6,2.0,24.12,11341.12,645.61,429.16,14.93,85.83,14.93,18.66,3.73,44.78,27.65,27.65,174.07,258.46,288.79,396.92,51.25,0.0,11.83,,,,,,,,,,,,,,,,,,
2023,Avaí,13,44,Meio,3.0,-0.2910287894146686,False,Natanael,"LB, LWF",LE,32.0,31,2767,0.7192277700323731,True,1,1,29.0,2645.67,9548.1,547.95,217.27,11.7,64.12,7.62,17.18,1.9,29.77,30.37,32.06,125.08,137.47,277.5,386.47,20.95,0.74,4.91,50.0,67.0,74.0,81.0,74.0,74.0,64.0,79.0,55.0,90.0,86.0,74.0,86.0,52.0,88.0,24.0,31.0,55.0
2023,Avaí,13,44,Meio,3.0,-0.2910287894146686,False,Rafael Gava,"RCMF, LCMF",MED,30.0,30,2645,0.6875162456579788,True,2,1,27.0,2377.62,10772.78,724.18,191.08,10.41,72.0,6.06,14.01,0.98,47.58,27.77,29.42,83.83,135.07,357.25,509.94,40.03,5.74,10.56,95.0,100.0,94.0,97.0,98.0,87.0,67.0,83.0,95.0,76.0,57.0,83.0,92.0,97.0,95.0,98.0,98.0,92.0
2023,Avaí,13,44,Meio,3.0,-0.2910287894146686,False,Thales Oleques,RB,LD,29.0,26,2069,0.5377962617264114,False,3,1,22.0,1976.92,9776.0,542.95,189.47,10.11,60.55,7.28,16.71,1.55,29.59,29.34,31.32,72.88,146.31,224.05,416.26,19.56,0.76,2.77,69.0,55.0,49.0,49.0,45.0,41.0,41.0,49.0,39.0,63.0,61.0,20.0,80.0,14.0,88.0,12.0,29.0,41.0
2023,Avaí,13,44,Meio,3.0,-0.2910287894146686,False,Alan Costa,"RCB, LCB",ZD,32.0,22,2050,0.5328575817008909,False,4,1,20.0,1894.2,8962.45,303.04,96.5,3.8,30.46,3.85,8.6,0.48,17.53,27.37,29.18,34.25,65.1,95.84,255.74,6.48,0.17,0.58,65.0,45.0,45.0,18.0,25.0,5.0,20.0,35.0,25.0,15.0,18.0,62.0,28.0,32.0,55.0,40.0,41.0,78.0
2023,Avaí,13,44,Meio,3.0,-0.2910287894146686,False,Igor Inocêncio,RB,LD,25.0,25,2044,0.5312979985349371,False,5,2,21.0,1800.54,10195.41,608.89,178.94,9.65,61.53,6.2,14.69,1.45,34.94,28.2,29.9,94.54,118.3,309.74,411.09,27.72,1.42,3.78,98.0,88.0,37.0,39.0,49.0,18.0,20.0,35.0,80.0,29.0,34.0,31.0,55.0,63.0,86.0,67.0,69.0,66.0
2023,Avaí,13,44,Meio,3.0,-0.2910287894146686,False,Waguininho,"RWF, CF, LW",ED,33.0,22,1500,0.3898957914884567,False,6,1,22.0,1500.62,9926.4,612.95,153.12,7.5,58.6,7.14,15.89,1.08,39.58,27.46,28.92,87.24,70.75,349.12,388.3,33.01,4.79,13.36,46.0,50.0,8.0,6.0,10.0,30.0,14.0,14.0,46.0,6.0,8.0,8.0,8.0,34.0,70.0,40.0,47.0,56.0
2023,Avaí,13,44,Meio,3.0,-0.2910287894146686,False,Bruno Cortez,LB,LE,36.0,19,1436,0.3732602377182826,False,7,2,16.0,1198.08,9578.79,554.0,158.65,8.79,59.72,7.59,17.2,1.2,31.93,28.1,29.66,83.25,102.66,263.23,382.51,21.77,0.0,3.21,60.0,74.0,36.0,33.0,55.0,69.0,67.0,39.0,76.0,26.0,29.0,26.0,45.0,38.0,83.0,33.0,5.0,19.0
2023,Avaí,13,44,Meio,3.0,-0.2910287894146686,False,Felipe Silva,LCB,ZE,21.0,15,1431,0.3719605850799877,False,8,1,13.0,1324.31,8869.45,364.47,121.24,6.32,41.52,6.32,12.16,1.63,21.95,27.81,29.26,35.42,104.58,125.84,279.06,7.93,0.48,0.84,62.0,76.0,78.0,78.0,78.0,97.0,89.0,95.0,86.0,27.0,27.0,76.0,84.0,78.0,73.0,68.0,89.0,84.0
2023,Avaí,13,44,Meio,3.0,-0.2910287894146686,False,Gabriel Poveda,CF,CA,24.0,19,1313,0.3412887828162291,False,9,1,16.0,1158.08,9542.27,569.03,153.41,8.39,57.51,7.15,14.77,1.01,32.48,28.62,30.3,91.01,91.17,276.61,398.43,27.59,8.89,18.57,45.0,48.0,36.0,36.0,35.0,37.0,30.0,37.0,26.0,55.0,54.0,31.0,47.0,19.0,70.0,23.0,55.0,49.0
2023,Avaí,13,44,Meio,3.0,-0.2910287894146686,False,William Pottker,"RW, RWF",ED,29.0,12,1179,0.3064580921099269,False,10,2,9.0,894.6899999999999,9723.92,635.37,269.7,15.19,81.28,9.25,13.38,3.22,39.13,30.72,31.7,213.2,120.63,410.09,337.95,31.02,2.5,10.2,38.0,62.0,68.0,82.0,78.0,74.0,8.0,86.0,42.0,88.0,64.0,74.0,50.0,60.0,46.0,24.0,18.0,34.0
2023,Avaí,13,44,Meio,3.0,-0.2910287894146686,False,Jean Cléber,"RCMF, DMF",MED,33.0,19,997,0.2591507360759942,False,11,2,18.0,940.86,9842.11,417.53,154.87,6.98,47.06,4.59,11.29,1.15,24.58,28.77,31.6,45.21,133.87,137.73,355.32,16.18,0.7,2.64,22.0,30.0,79.0,74.0,40.0,44.0,27.0,87.0,8.0,92.0,96.0,40.0,90.0,21.0,51.0,14.0,30.0,29.0
2023,Avaí,13,44,Meio,3.0,-0.2910287894146686,False,Denílson,CF,CA,28.0,10,839,0.2180817127058768,False,12,2,8.0,669.84,10271.14,677.74,233.12,12.36,73.77,8.47,13.84,1.61,46.22,29.11,30.38,155.58,127.01,375.5,395.94,38.68,6.14,15.21,85.0,79.0,70.0,64.0,68.0,68.0,18.0,56.0,86.0,67.0,56.0,74.0,77.0,65.0,69.0,77.0,20.0,19.0
2023,Avaí,13,44,Meio,3.0,-0.2910287894146686,False,Douglas Bacelar,RCB,ZD,33.0,13,833,0.2165221295399229,False,13,2,9.0,644.3100000000001,8632.4,359.12,179.35,7.26,43.44,5.45,11.73,1.12,17.46,30.78,32.22,50.74,163.27,97.25,305.58,3.33,0.0,0.0,12.0,80.0,100.0,85.0,85.0,75.0,88.0,75.0,22.0,100.0,88.0,90.0,100.0,38.0,85.0,5.0,14.0,15.0
2023,Avaí,13,44,Meio,3.0,-0.2910287894146686,False,Jean Lucas,"LWF, LW",EE,28.0,9,797,0.2071646305442,False,14,1,9.0,798.21,9721.47,589.33,185.02,9.58,60.32,6.65,12.29,1.8,35.74,28.54,30.24,106.89,109.64,326.77,370.55,31.66,2.48,7.25,45.0,44.0,16.0,20.0,13.0,19.0,4.0,44.0,30.0,20.0,31.0,11.0,45.0,18.0,69.0,40.0,7.0,4.0
2023,Avaí,13,44,Meio,3.0,-0.2910287894146686,False,Dentinho,"RAMF, RW, RWF",ED,26.0,14,731,0.1900092157187079,False,15,3,13.0,725.53,10306.45,625.15,265.44,12.9,73.43,7.57,17.86,1.86,45.15,30.19,31.76,159.07,125.05,430.66,326.02,33.6,3.48,10.45,86.0,52.0,62.0,52.0,48.0,38.0,30.0,52.0,76.0,72.0,66.0,46.0,60.0,70.0,36.0,46.0,26.0,36.0
2023,Avaí,13,44,Meio,3.0,-0.2910287894146686,False,Xavier,"DMF, RCMF, RDMF",VOL,23.0,17,678,0.1762328977527824,False,16,1,16.0,629.44,10074.14,437.35,103.8,5.58,43.32,5.29,11.87,0.57,26.74,27.11,28.6,39.21,80.39,129.88,370.44,20.39,1.34,3.34,47.0,29.0,47.0,47.0,30.0,74.0,34.0,47.0,16.0,45.0,34.0,45.0,45.0,21.0,29.0,45.0,68.0,66.0
2023,Avaí,13,44,Meio,3.0,-0.2910287894146686,False,S. Patiño,"CF, LWF",CA,26.0,12,637,0.1655757461187646,False,17,3,12.0,636.72,10258.8,725.8,249.05,14.42,74.35,7.21,21.2,1.55,37.31,29.36,30.74,171.54,153.63,420.02,516.32,33.15,6.29,19.72,84.0,88.0,80.0,81.0,71.0,40.0,88.0,54.0,53.0,77.0,64.0,79.0,91.0,90.0,91.0,53.0,24.0,55.0
2023,Avaí,13,44,Meio,3.0,-0.2910287894146686,False,Fellipe Bastos,"RCMF, LCMF",MED,33.0,15,619,0.1608969966209031,False,18,3,13.0,574.73,8954.8,405.24,64.98,2.82,33.04,3.29,11.27,0.0,19.42,25.19,26.7,29.81,37.21,178.17,349.9,18.26,1.33,5.64,2.0,21.0,11.0,10.0,8.0,6.0,25.0,6.0,2.0,8.0,10.0,21.0,8.0,37.0,44.0,24.0,48.0,58.0
2023,Avaí,13,44,Meio,3.0,-0.2910287894146686,False,Giovanni,"LCMF, RCMF",MED,29.0,13,607,0.1577778302889955,False,19,4,11.0,558.8,9510.24,373.5,96.47,4.51,39.3,4.99,10.79,0.48,30.76,26.57,28.8,32.8,91.37,178.83,296.27,26.06,0.6,2.7,10.0,13.0,29.0,27.0,17.0,66.0,21.0,35.0,33.0,25.0,37.0,27.0,67.0,38.0,16.0,54.0,20.0,30.0
2023,Avaí,13,44,Meio,3.0,-0.2910287894146686,False,Giva,"LCMF, RCMF",MED,24.0,10,544,0.1414022070464803,False,20,5,10.0,544.7,10173.29,495.19,101.78,4.79,45.93,3.14,10.57,0.0,26.77,26.69,28.28,37.07,81.93,197.31,437.27,26.54,0.28,2.54,51.0,63.0,37.0,30.0,38.0,5.0,17.0,6.0,14.0,31.0,25.0,33.0,46.0,48.0,79.0,59.0,13.0,27.0
2023,Avaí,13,44,Meio,3.0,-0.2910287894146686,False,Didi,LCB,ZE,32.0,6,487,0.1265861669699189,False,21,2,6.0,486.24,9288.69,471.81,139.19,6.11,44.05,5.55,10.0,1.11,20.18,27.7,28.2,46.38,113.27,202.46,367.37,9.85,0.0,0.0,89.0,100.0,92.0,73.0,89.0,81.0,59.0,86.0,76.0,22.0,11.0,86.0,89.0,97.0,97.0,89.0,14.0,5.0
2023,Avaí,13,44,Meio,3.0,-0.2910287894146686,False,Gustavo Modesto,CF,CA,21.0,14,453,0.1177485290295139,False,22,4,14.0,452.48,10558.95,791.18,329.76,16.31,94.27,10.14,21.48,2.78,50.12,30.01,32.24,244.11,146.94,396.39,530.76,37.78,7.21,23.35,91.0,95.0,96.0,91.0,93.0,87.0,89.0,86.0,90.0,87.0,91.0,96.0,86.0,82.0,93.0,71.0,38.0,80.0
2023,Avaí,13,44,Meio,3.0,-0.2910287894146686,False,Gustavo Simões,"LW, CF, RW",EE,21.0,10,394,0.1024126278976346,False,23,2,10.0,394.8,10105.71,660.33,292.21,12.31,71.57,7.52,24.16,1.37,40.12,29.02,30.54,196.54,144.52,349.6,433.57,32.33,4.93,12.61,78.0,71.0,60.0,44.0,45.0,38.0,85.0,22.0,55.0,35.0,35.0,55.0,69.0,29.0,85.0,47.0,40.0,38.0
2023,Avaí,13,44,Meio,3.0,-0.2910287894146686,False,Marquinhos Cipriano,"LAMF, LB, LWF",EE,24.0,6,338,0.0878565183487322,False,24,3,6.0,337.62,9786.58,638.65,267.88,14.39,80.76,12.26,22.66,3.2,42.38,30.23,30.62,223.87,88.59,416.4,363.04,34.96,5.41,12.48,56.0,67.0,55.0,69.0,65.0,96.0,80.0,85.0,73.0,69.0,40.0,69.0,25.0,67.0,64.0,65.0,47.0,36.0
2023,Avaí,13,44,Meio,3.0,-0.2910287894146686,False,Ricardo Bueno,CF,CA,35.0,6,335,0.0870767267657553,False,25,5,6.0,335.16,10611.49,779.83,210.53,11.55,75.19,9.13,20.68,0.54,46.73,27.55,27.68,63.8,105.73,406.54,499.61,43.21,9.78,18.34,92.0,92.0,59.0,57.0,74.0,78.0,80.0,18.0,87.0,25.0,10.0,13.0,56.0,85.0,90.0,93.0,71.0,46.0
2023,Avaí,13,44,Meio,3.0,-0.2910287894146686,False,Igor Dutra,"RW, LB, RB",ED,22.0,4,160,0.0415888844254353,False,26,4,3.0,141.27,10136.15,683.6,300.71,17.2,79.0,8.92,22.94,1.27,51.6,29.8,29.8,147.2,196.96,279.77,579.58,21.01,0.0,2.52,,,,,,,,,,,,,,,,,,
2023,Avaí,13,44,Meio,3.0,-0.2910287894146686,False,Gaspar,"LWF, LAMF, CF",EE,20.0,5,139,0.0361303433445969,False,27,4,5.0,138.45000000000002,11043.8,871.18,239.25,13.65,83.87,8.45,17.55,1.95,40.31,28.64,28.64,164.9,144.69,471.15,593.46,25.6,4.65,16.29,100.0,100.0,44.0,56.0,78.0,64.0,27.0,47.0,58.0,25.0,7.0,40.0,71.0,89.0,98.0,11.0,33.0,75.0
2023,Avaí,13,44,Meio,3.0,-0.2910287894146686,False,Jael,CF,CA,34.0,6,131,0.0340508991233252,False,28,6,5.0,124.45,8673.41,464.94,195.23,6.51,43.39,6.51,12.29,2.17,20.97,27.68,27.68,69.39,110.83,124.69,327.37,9.45,2.83,8.5,5.0,21.0,53.0,23.0,8.0,23.0,12.0,73.0,1.0,32.0,10.0,14.0,59.0,1.0,52.0,1.0,3.0,3.0
2023,Avaí,13,44,Meio,3.0,-0.2910287894146686,False,Felipe Camargo,LCB,ZE,24.0,2,62,0.0161156927148562,False,29,3,2.0,62.4,9608.65,569.71,353.37,11.54,70.67,8.65,18.75,2.88,33.17,30.45,30.45,195.48,170.47,281.0,369.36,20.35,0.0,0.0,,,,,,,,,,,,,,,,,,
2023,Avaí,13,44,Meio,3.0,-0.2910287894146686,False,Leandro Carvalho,"RW, RCMF",ED,28.0,2,61,0.0158557621871972,False,30,5,1.0,35.05,9837.09,528.96,274.75,12.84,53.92,7.7,10.27,0.0,33.38,28.9,28.9,71.05,164.44,301.97,361.17,5.96,0.0,0.0,,,,,,,,,,,,,,,,,,
2023,Avaí,13,44,Meio,3.0,-0.2910287894146686,False,Denilson Goulart,"CF, RW",CA,19.0,2,51,0.0132564569106075,False,31,7,1.0,25.32,10387.62,654.11,479.92,17.77,88.87,7.11,28.44,0.0,71.1,31.6,31.6,593.48,105.11,567.39,337.23,45.85,5.73,25.79,,,,,,,,,,,,,,,,,,
2023,Avaí,13,44,Meio,3.0,-0.2910287894146686,False,Gazão,"LAMF, LW",EE,21.0,2,33,0.008577707412746,False,32,5,2.0,33.48,10657.54,766.05,223.1,8.06,64.51,8.06,21.5,0.0,53.76,25.7,25.7,187.5,78.9,218.75,902.47,49.9,0.0,6.24,,,,,,,,,,,,,,,,,,
2023,Botafogo-SP,12,47,Meio,16.0,0.013668611812490905,False,Guilherme Madruga,"RCMF, RDMF",MED,22.0,33,3120,0.8060122123062471,True,1,1,33.0,3125.1,10184.43,536.43,198.83,9.62,61.57,5.96,16.04,0.98,34.68,29.52,31.18,121.51,121.71,264.22,380.05,27.64,3.16,6.61,52.0,73.0,97.0,92.0,87.0,84.0,90.0,83.0,49.0,97.0,94.0,95.0,89.0,73.0,67.0,68.0,86.0,70.0
2023,Botafogo-SP,12,47,Meio,16.0,0.013668611812490905,False,Márcio,LCB,ZE,22.0,32,3062,0.791028651949272,True,2,1,32.0,3066.88,8996.3,366.69,179.72,9.07,47.95,5.84,12.44,1.64,22.48,32.0,34.58,53.51,142.18,123.01,284.47,7.95,0.15,0.25,70.0,81.0,100.0,100.0,95.0,95.0,92.0,97.0,92.0,100.0,100.0,92.0,95.0,76.0,78.0,70.0,41.0,30.0
2023,Botafogo-SP,12,47,Meio,16.0,0.013668611812490905,False,Tárik,"LDMF, LCMF, DMF",VOL,30.0,31,2702,0.6980272428370127,True,3,1,31.0,2706.3,9615.91,343.89,82.44,3.29,33.19,3.69,11.41,0.5,20.12,27.02,29.92,32.2,64.02,96.65,303.77,12.92,0.4,1.32,11.0,5.0,24.0,5.0,3.0,13.0,29.0,34.0,3.0,42.0,68.0,32.0,18.0,5.0,11.0,8.0,32.0,18.0
2023,Botafogo-SP,12,47,Meio,16.0,0.013668611812490905,False,Patrick Brey,LB,LE,26.0,30,2687,0.6941521841240018,True,4,1,30.0,2688.6000000000004,9539.83,609.75,259.9,12.65,71.17,7.0,18.01,2.14,37.96,29.79,31.4,204.07,119.06,407.01,341.81,27.14,1.97,6.6,48.0,88.0,93.0,90.0,90.0,46.0,76.0,86.0,98.0,71.0,74.0,98.0,69.0,95.0,52.0,74.0,79.0,81.0
2023,Botafogo-SP,12,47,Meio,16.0,0.013668611812490905,False,Osman,"CF, AMF",CA,30.0,32,2554,0.6597933302019727,True,5,1,32.0,2556.48,9572.15,482.42,118.36,6.51,51.29,6.51,11.34,1.16,29.22,27.35,30.12,84.46,62.2,329.18,276.7,32.47,4.86,13.35,46.0,27.0,21.0,23.0,24.0,23.0,4.0,42.0,15.0,21.0,49.0,27.0,23.0,44.0,24.0,48.0,9.0,13.0
2023,Botafogo-SP,12,47,Meio,16.0,0.013668611812490905,False,Thassio,"RB, RW",LD,22.0,30,2404,0.6210427430718647,True,6,1,30.0,2405.1,9397.61,554.71,219.78,10.22,62.72,6.4,19.35,1.5,33.98,29.12,31.86,142.67,124.5,368.8,318.02,28.22,1.4,4.08,29.0,59.0,67.0,51.0,53.0,20.0,80.0,37.0,76.0,57.0,75.0,67.0,65.0,90.0,29.0,75.0,67.0,71.0
2023,Botafogo-SP,12,47,Meio,16.0,0.013668611812490905,False,Salatiel,CF,CA,30.0,23,1956,0.5053076561766088,False,7,2,23.0,1959.14,9506.16,516.84,247.81,13.55,69.78,8.13,14.29,2.43,34.36,30.97,32.76,191.15,116.2,377.44,252.43,33.99,11.33,24.26,40.0,36.0,79.0,78.0,59.0,62.0,22.0,76.0,42.0,99.0,96.0,87.0,67.0,67.0,13.0,56.0,85.0,86.0
2023,Botafogo-SP,12,47,Meio,16.0,0.013668611812490905,False,Luiz Henrique,"LAMF, LW",EE,24.0,27,1614,0.4169563175199624,False,8,1,27.0,1615.68,9743.71,594.21,219.2,11.09,68.3,8.97,24.96,2.06,35.48,29.01,31.82,143.71,111.06,364.8,349.2,34.18,3.64,8.33,51.0,47.0,33.0,31.0,35.0,76.0,93.0,52.0,26.0,33.0,65.0,25.0,47.0,35.0,56.0,60.0,24.0,7.0
2023,Botafogo-SP,12,47,Meio,16.0,0.013668611812490905,False,Lucas Cardoso,"LW, LAMF, RW",EE,23.0,29,1586,0.4097228745890089,False,9,2,29.0,1587.46,9466.43,540.23,373.2,16.78,82.5,11.45,24.66,3.06,38.56,32.25,34.64,288.42,169.03,391.36,272.85,29.93,4.54,13.06,24.0,24.0,91.0,84.0,71.0,89.0,91.0,80.0,44.0,98.0,100.0,93.0,85.0,53.0,25.0,31.0,31.0,43.0
2023,Botafogo-SP,12,47,Meio,16.0,0.013668611812490905,False,Lucas Dias,"RCB, RB",ZD,28.0,17,1400,0.3616721465476749,False,10,1,17.0,1400.46,9016.0,364.11,130.71,5.98,39.01,5.85,10.28,1.35,22.36,29.24,31.24,44.15,102.13,136.56,274.87,8.0,0.42,0.73,78.0,82.0,80.0,70.0,69.0,88.0,65.0,90.0,85.0,75.0,70.0,78.0,72.0,75.0,72.0,72.0,90.0,88.0
2023,Botafogo-SP,12,47,Meio,16.0,0.013668611812490905,False,Carlos Manuel,"LCMF, RCMF",MED,23.0,26,1383,0.357280413339596,False,11,2,26.0,1384.5,10509.04,475.38,108.23,5.2,48.17,5.92,13.98,0.78,45.7,26.73,29.88,65.01,64.52,216.48,336.37,22.04,1.7,6.33,76.0,52.0,48.0,37.0,48.0,83.0,65.0,77.0,89.0,33.0,77.0,67.0,30.0,54.0,37.0,41.0,57.0,67.0
2023,Botafogo-SP,12,47,Meio,16.0,0.013668611812490905,False,Jean Victor,LB,LE,29.0,17,1130,0.2919210897134805,False,12,2,16.0,1130.24,9897.17,567.27,187.84,8.84,58.61,6.85,14.81,1.19,27.63,28.81,30.72,125.06,98.51,315.36,343.86,21.7,1.45,8.68,83.0,76.0,62.0,36.0,46.0,38.0,29.0,36.0,36.0,48.0,55.0,71.0,26.0,79.0,60.0,31.0,57.0,98.0
2023,Botafogo-SP,12,47,Meio,16.0,0.013668611812490905,False,Edson Cariús,CF,CA,34.0,19,1070,0.2764208548614373,False,13,3,19.0,1069.32,9697.0,576.41,239.81,13.05,69.44,7.58,16.75,2.1,31.23,28.67,30.74,147.83,127.07,356.58,333.26,28.89,8.58,21.82,54.0,52.0,75.0,73.0,58.0,52.0,49.0,71.0,23.0,58.0,64.0,67.0,78.0,60.0,54.0,29.0,49.0,65.0
2023,Botafogo-SP,12,47,Meio,16.0,0.013668611812490905,False,Edson Carioca,"RW, RAMF, CF",ED,26.0,29,1043,0.2694457491780178,False,14,1,29.0,1041.1,9843.18,730.69,353.63,16.6,86.61,9.85,22.65,2.59,38.38,29.95,32.28,290.93,164.52,509.96,425.24,38.5,5.41,18.35,42.0,90.0,94.0,90.0,88.0,82.0,86.0,74.0,40.0,70.0,82.0,98.0,94.0,98.0,86.0,74.0,60.0,94.0
2023,Botafogo-SP,12,47,Meio,16.0,0.013668611812490905,False,Vidal,RB,LD,27.0,16,1015,0.2622123062470643,False,15,2,16.0,1018.72,9244.21,434.2,179.33,8.57,52.48,7.69,14.58,2.12,23.23,28.95,31.38,134.52,79.3,280.97,227.9,22.24,1.15,3.45,16.0,6.0,39.0,24.0,16.0,57.0,16.0,67.0,6.0,51.0,63.0,57.0,20.0,47.0,2.0,27.0,53.0,59.0
2023,Botafogo-SP,12,47,Meio,16.0,0.013668611812490905,False,Ericson,RB,LD,24.0,12,972,0.2511038046031,False,16,3,12.0,972.36,8935.76,419.11,192.8,8.89,51.46,7.96,13.88,2.41,26.84,30.49,32.16,99.56,128.4,199.12,290.34,11.84,0.67,1.5,2.0,2.0,53.0,25.0,14.0,69.0,10.0,76.0,18.0,90.0,84.0,35.0,69.0,8.0,14.0,2.0,22.0,15.0
2023,Botafogo-SP,12,47,Meio,16.0,0.013668611812490905,False,Carlinhos,RCB,ZD,28.0,9,874,0.2257867543447628,False,17,2,9.0,876.33,8712.79,249.14,133.4,4.83,30.91,5.13,10.27,0.51,19.41,29.0,31.2,47.52,93.25,81.95,172.23,6.28,0.0,0.0,20.0,12.0,82.0,49.0,35.0,62.0,62.0,38.0,60.0,66.0,68.0,80.0,68.0,22.0,10.0,38.0,14.0,15.0
2023,Botafogo-SP,12,47,Meio,16.0,0.013668611812490905,False,Jonas Toró,LW,EE,24.0,16,786,0.203053076561766,False,18,3,16.0,787.2,9315.3,513.53,184.4,11.09,62.76,7.43,16.69,2.17,35.33,29.56,32.1,155.14,64.48,366.85,278.06,26.15,3.52,9.56,13.0,13.0,15.0,31.0,20.0,35.0,22.0,56.0,22.0,47.0,73.0,36.0,7.0,38.0,27.0,15.0,16.0,16.0
2023,Botafogo-SP,12,47,Meio,16.0,0.013668611812490905,False,Guilherme Mantuan,"RCMF, LCMF, RDMF",MED,25.0,12,777,0.2007280413339596,False,19,3,12.0,778.1999999999999,10640.53,479.23,81.64,3.35,44.29,4.97,15.15,0.35,39.67,25.21,26.46,43.75,48.77,210.08,360.43,27.41,1.55,4.31,87.0,54.0,16.0,13.0,36.0,63.0,74.0,25.0,68.0,10.0,8.0,37.0,14.0,51.0,56.0,67.0,52.0,49.0
2023,Botafogo-SP,12,47,Meio,16.0,0.013668611812490905,False,Ivonei,"CF, AMF, RW",CA,21.0,17,759,0.1960779708783466,False,20,4,16.0,757.44,10142.53,612.2,166.48,8.08,61.2,5.47,16.04,0.36,35.53,27.53,29.16,92.74,99.86,388.68,354.63,38.97,6.0,14.59,79.0,66.0,40.0,34.0,44.0,7.0,42.0,9.0,45.0,24.0,25.0,32.0,51.0,80.0,57.0,80.0,19.0,16.0
2023,Botafogo-SP,12,47,Meio,16.0,0.013668611812490905,False,Gustavo Xuxa,"AMF, CF, LAMF",MEI,30.0,17,532,0.1374354156881164,False,21,1,17.0,532.1,9915.87,570.93,175.71,8.12,59.19,6.93,20.12,2.54,40.42,28.02,30.62,138.67,63.4,390.72,302.43,35.18,2.3,8.05,36.0,58.0,73.0,55.0,55.0,73.0,85.0,100.0,73.0,52.0,73.0,91.0,27.0,85.0,39.0,62.0,12.0,12.0
2023,Botafogo-SP,12,47,Meio,16.0,0.013668611812490905,False,Pedro Rodrigues,"LCMF, LDMF, LB",MED,24.0,14,515,0.1330436824800375,False,22,4,14.0,515.34,10724.91,681.37,158.03,7.33,57.63,4.54,12.92,0.52,40.51,27.74,30.2,99.7,90.5,409.41,410.37,34.29,1.9,6.26,94.0,95.0,83.0,76.0,78.0,42.0,50.0,42.0,73.0,75.0,83.0,89.0,65.0,100.0,76.0,89.0,60.0,63.0
2023,Botafogo-SP,12,47,Meio,16.0,0.013668611812490905,False,T. Andrade,"RAMF, LAMF, RW",ED,26.0,9,376,0.0971348050728041,False,23,2,9.0,377.28,10239.63,684.18,192.04,13.84,80.87,8.83,19.32,1.91,54.63,28.47,29.38,113.82,112.63,481.22,328.79,46.06,6.82,16.49,78.0,76.0,22.0,64.0,76.0,68.0,44.0,56.0,98.0,22.0,10.0,18.0,42.0,94.0,38.0,96.0,80.0,84.0
2023,Botafogo-SP,12,47,Meio,16.0,0.013668611812490905,False,Filipe Soutto,"LCMF, LDMF",MED,32.0,3,250,0.0645843118835133,False,24,5,3.0,250.5,10725.63,416.77,135.45,5.75,43.83,2.16,10.78,0.0,37.37,28.53,28.53,55.68,101.74,142.53,324.18,23.92,0.0,2.78,,,,,,,,,,,,,,,,,,
2023,Botafogo-SP,12,47,Meio,16.0,0.013668611812490905,False,William Gabriel,"LW, RW",EE,19.0,3,122,0.0315171441991545,False,25,4,3.0,122.1,9834.4,633.91,356.76,16.95,83.29,12.53,22.85,1.47,39.07,31.07,31.07,296.36,156.99,358.1,408.78,21.84,1.9,6.65,,,,,,,,,,,,,,,,,,
2023,Botafogo-SP,12,47,Meio,16.0,0.013668611812490905,False,P. Martínez,RB,LD,24.0,1,95,0.024542038515735,False,26,4,1.0,95.43,9918.23,599.79,253.68,11.32,69.79,8.49,17.92,3.77,39.61,29.5,29.5,121.19,203.37,392.04,350.59,36.87,1.05,3.16,,,,,,,,,,,,,,,,,,
2023,Botafogo-SP,12,47,Meio,16.0,0.013668611812490905,False,Zé Lúcio,RB,LD,18.0,1,89,0.0229920150305307,False,27,5,1.0,88.58,9907.96,623.82,328.17,14.22,65.02,8.13,15.24,5.08,32.51,32.2,32.2,186.82,202.15,354.37,387.26,32.59,1.48,2.96,,,,,,,,,,,,,,,,,,
2023,Botafogo-SP,12,47,Meio,16.0,0.013668611812490905,False,João Veras,CF,CA,22.0,5,87,0.0224753405354626,False,28,5,5.0,88.0,10244.76,880.4,192.24,16.36,95.1,8.18,12.27,0.0,69.53,26.84,26.84,76.89,112.24,439.36,592.38,51.34,15.8,36.86,82.0,98.0,51.0,92.0,97.0,63.0,9.0,3.0,100.0,10.0,4.0,20.0,62.0,93.0,98.0,98.0,100.0,100.0
2023,Botafogo-SP,12,47,Meio,16.0,0.013668611812490905,False,Tortello,CF,CA,19.0,1,69,0.0178252700798496,False,29,6,1.0,68.08,10573.95,545.95,25.12,3.97,54.2,3.97,17.18,0.0,50.23,25.1,25.1,14.27,13.99,360.82,292.31,34.6,4.07,26.46,,,,,,,,,,,,,,,,,,
2023,Botafogo-SP,12,47,Meio,16.0,0.013668611812490905,False,Pedro Severino,CF,CA,17.0,1,35,0.0090418036636918,False,30,7,1.0,34.85,11461.12,503.59,152.37,7.75,56.81,5.16,12.91,0.0,36.15,30.0,30.0,100.18,80.0,248.83,326.67,35.52,16.15,32.29,,,,,,,,,,,,,,,,,,
2023,Botafogo-SP,12,47,Meio,16.0,0.013668611812490905,False,Lucas Oliveira,"CF, LAMF",CA,22.0,2,28,0.0072334429309534,False,31,8,2.0,27.7,10774.01,968.23,126.71,9.75,77.98,9.75,13.0,3.25,38.99,25.65,25.65,51.18,71.19,481.99,566.1,25.57,0.0,21.31,,,,,,,,,,,,,,,,,,
2023,Botafogo-SP,12,47,Meio,16.0,0.013668611812490905,False,João Maranini,LCB,ZE,20.0,1,24,0.0062000939408172,False,32,2,1.0,24.25,9575.26,560.41,129.9,11.13,55.67,7.42,11.13,0.0,18.56,29.3,29.3,97.04,70.31,174.66,496.88,4.84,0.0,0.0,,,,,,,,,,,,,,,,,,
2023,Botafogo-SP,12,47,Meio,16.0,0.013668611812490905,False,Ruan Ozório,LB,LE,20.0,1,14,0.0036167214654767,False,33,3,1.0,14.35,12361.67,777.7,194.43,6.27,50.17,6.27,18.82,0.0,12.54,23.1,23.1,95.58,126.45,326.55,431.4,23.87,0.0,0.0,,,,,,,,,,,,,,,,,,
2023,Botafogo-SP,12,47,Meio,16.0,0.013668611812490905,False,Marcos Júnior,RCMF,MED,23.0,1,13,0.0033583842179426,False,34,6,1.0,12.52,11181.09,1092.94,302.0,7.19,71.9,14.38,14.38,14.38,35.95,29.2,29.2,55.38,318.66,41.54,1136.84,0.0,0.0,0.0,,,,,,,,,,,,,,,,,,
2023,CRB,10,57,Meio,10.5,0.15062576340236156,False,Lucas Lima,"RCMF, RAMF",MED,23.0,35,2802,0.7125485481782874,True,1,1,35.0,2807.0,10150.64,563.21,189.06,10.16,64.09,6.09,16.61,1.09,36.52,28.63,30.86,106.83,113.84,299.44,359.12,31.3,4.43,9.99,48.0,78.0,90.0,95.0,92.0,89.0,92.0,86.0,59.0,90.0,90.0,90.0,84.0,83.0,54.0,78.0,94.0,87.0
2023,CRB,10,57,Meio,10.5,0.15062576340236156,False,Anselmo Ramon,CF,CA,35.0,31,2764,0.7028851488810801,True,2,1,31.0,2768.61,8952.3,458.38,128.5,6.73,47.01,5.88,13.33,0.65,28.83,27.73,30.06,79.22,63.57,278.21,275.27,22.85,7.11,13.06,11.0,18.0,26.0,24.0,14.0,12.0,15.0,21.0,14.0,34.0,47.0,21.0,25.0,21.0,22.0,9.0,35.0,9.0
2023,CRB,10,57,Meio,10.5,0.15062576340236156,False,Falcão,"DMF, RDMF, LDMF",VOL,25.0,33,2643,0.6721148511189199,True,3,1,32.0,2558.72,9564.29,427.72,133.21,7.11,51.39,4.78,15.72,0.84,35.32,28.59,31.2,31.54,133.18,103.66,410.18,11.7,0.11,0.94,8.0,24.0,74.0,74.0,63.0,58.0,89.0,76.0,62.0,89.0,97.0,29.0,87.0,8.0,68.0,3.0,13.0,5.0
2023,CRB,10,57,Meio,10.5,0.15062576340236156,False,Matheus Ribeiro,"RB, LB",LD,30.0,30,2522,0.6413445533567598,True,4,1,30.0,2526.9,9543.96,575.66,220.44,10.76,63.4,7.84,16.95,1.57,31.34,29.16,32.18,140.94,121.54,315.68,375.98,22.41,1.19,3.13,47.0,69.0,69.0,61.0,61.0,63.0,49.0,51.0,55.0,59.0,86.0,63.0,59.0,67.0,73.0,31.0,55.0,53.0
2023,CRB,10,57,Meio,10.5,0.15062576340236156,False,Renato,"LAMF, LW, LWF",EE,33.0,30,2306,0.5864157573515812,False,5,1,30.0,2309.4,9340.82,568.09,240.07,11.96,67.42,7.4,18.43,1.68,36.56,29.54,31.64,196.33,78.39,400.7,258.73,33.95,6.11,17.06,16.0,33.0,45.0,38.0,31.0,33.0,34.0,37.0,36.0,45.0,60.0,53.0,13.0,60.0,15.0,57.0,65.0,78.0
2023,CRB,10,57,Meio,10.5,0.15062576340236156,False,Ramon Menezes,LCB,ZE,28.0,22,2186,0.5558997595709265,False,6,1,22.0,2190.54,9100.73,359.17,77.12,4.97,34.72,4.52,9.57,0.53,18.86,28.25,30.7,28.91,60.77,141.66,275.09,8.36,0.23,0.45,81.0,70.0,24.0,49.0,51.0,46.0,49.0,30.0,59.0,38.0,54.0,46.0,22.0,84.0,70.0,76.0,64.0,62.0
2023,CRB,10,57,Meio,10.5,0.15062576340236156,False,Fabio Alemão,"RCB, LCB",ZD,26.0,24,2184,0.5553911596079156,False,7,1,24.0,2187.6000000000004,9114.58,320.3,107.84,5.31,36.12,5.23,11.64,0.91,26.66,28.81,30.74,48.75,77.22,141.38,221.75,10.64,0.78,1.08,85.0,57.0,62.0,55.0,52.0,68.0,82.0,60.0,98.0,52.0,55.0,82.0,48.0,80.0,32.0,90.0,100.0,95.0
2023,CRB,10,57,Meio,10.5,0.15062576340236156,False,Hereda,RB,LD,24.0,28,2154,0.5477621601627519,False,8,2,27.0,2151.63,9641.29,516.48,240.65,12.51,66.59,8.28,17.23,2.22,32.5,30.3,32.08,144.45,148.1,293.44,322.82,23.25,0.52,2.02,61.0,39.0,78.0,80.0,67.0,71.0,57.0,71.0,69.0,88.0,78.0,73.0,82.0,61.0,33.0,35.0,16.0,25.0
2023,CRB,10,57,Meio,10.5,0.15062576340236156,False,Guilherme Romão,LB,LE,25.0,24,2058,0.5233493619382282,False,9,1,24.0,2060.88,9401.53,499.84,219.05,11.05,62.27,7.55,17.42,1.31,28.78,30.1,31.98,123.69,133.53,276.89,302.68,19.63,1.75,4.6,36.0,43.0,76.0,71.0,64.0,65.0,71.0,48.0,48.0,76.0,83.0,69.0,81.0,50.0,17.0,17.0,71.0,50.0
2023,CRB,10,57,Meio,10.5,0.15062576340236156,False,Anderson Conceição,LCB,ZE,33.0,20,1760,0.4475679674496023,False,10,2,20.0,1764.0,8676.19,250.3,70.51,2.96,25.82,3.83,7.91,0.66,13.88,27.97,31.16,18.67,55.22,57.16,221.06,4.13,0.14,0.36,35.0,11.0,19.0,11.0,14.0,24.0,22.0,43.0,11.0,32.0,76.0,19.0,14.0,5.0,30.0,14.0,35.0,43.0
2023,CRB,10,57,Meio,10.5,0.15062576340236156,False,Juninho Valoura,"LCMF, LDMF, RDMF",MED,37.0,31,1736,0.4414647678934714,False,11,2,31.0,1738.17,9985.52,406.33,89.99,4.35,41.94,3.99,11.49,0.31,31.48,26.69,29.16,32.49,75.36,151.82,325.35,20.3,0.78,2.48,33.0,22.0,24.0,24.0,27.0,27.0,33.0,22.0,38.0,31.0,52.0,25.0,43.0,24.0,32.0,32.0,32.0,24.0
2023,CRB,10,57,Meio,10.5,0.15062576340236156,False,Léo Pereira,"LAMF, RW, RWF",EE,23.0,22,1568,0.3987423710005548,False,12,2,22.0,1569.6999999999998,9247.06,599.85,468.09,21.62,96.55,8.89,21.27,3.5,40.48,32.4,34.24,317.37,249.72,409.1,315.36,33.57,6.97,18.37,9.0,51.0,98.0,98.0,95.0,75.0,69.0,89.0,60.0,100.0,98.0,95.0,98.0,64.0,45.0,53.0,82.0,84.0
2023,CRB,10,57,Meio,10.5,0.15062576340236156,False,Saimon,RCB,ZD,32.0,18,1189,0.302362678009987,False,13,2,18.0,1192.14,8963.94,309.88,75.64,3.62,30.5,4.15,8.98,0.23,18.12,26.32,29.54,18.87,64.9,100.8,229.18,7.02,0.0,0.0,68.0,55.0,28.0,15.0,28.0,22.0,28.0,5.0,45.0,2.0,32.0,20.0,25.0,52.0,35.0,48.0,14.0,15.0
2023,CRB,10,57,Meio,10.5,0.15062576340236156,False,Edimar,"LB, LCB",LE,37.0,17,1153,0.2932078786757906,False,14,2,17.0,1152.9399999999998,9185.01,394.15,116.63,6.87,45.28,5.85,12.96,0.7,23.65,28.42,30.5,70.77,70.86,196.64,273.67,13.86,0.72,2.51,21.0,5.0,10.0,12.0,5.0,19.0,10.0,12.0,5.0,33.0,43.0,19.0,5.0,12.0,5.0,5.0,27.0,12.0
2023,CRB,10,57,Meio,10.5,0.15062576340236156,False,Rômulo Souza,"CF, LAMF, LW",CA,28.0,25,1140,0.2899019789162197,False,15,2,25.0,1141.0,9461.52,620.1,233.31,13.17,77.37,9.23,20.74,2.05,39.59,28.67,31.12,154.88,119.97,341.9,378.11,28.69,5.78,15.49,37.0,69.0,71.0,75.0,81.0,79.0,82.0,69.0,64.0,58.0,73.0,73.0,69.0,54.0,63.0,26.0,15.0,23.0
2023,CRB,10,57,Meio,10.5,0.15062576340236156,False,Rafael Longuine,"LCMF, AMF, RCMF",MED,33.0,26,949,0.2413306824486776,False,16,3,26.0,945.62,10368.51,534.56,110.11,5.9,51.3,4.66,13.8,0.76,36.07,26.05,28.84,70.0,58.84,351.21,300.42,32.63,4.24,14.12,67.0,71.0,49.0,53.0,59.0,48.0,63.0,71.0,54.0,16.0,40.0,70.0,19.0,94.0,19.0,83.0,92.0,98.0
2023,CRB,10,57,Meio,10.5,0.15062576340236156,False,Gum,RCB,ZD,37.0,15,940,0.2390419826151285,False,17,3,14.0,890.82,8976.09,299.14,78.9,3.94,30.41,4.85,8.69,0.2,20.21,27.32,28.42,30.44,64.88,99.29,243.52,5.59,0.0,0.0,72.0,42.0,30.0,22.0,22.0,52.0,22.0,2.0,62.0,10.0,5.0,48.0,22.0,42.0,42.0,30.0,14.0,15.0
2023,CRB,10,57,Meio,10.5,0.15062576340236156,False,Anderson Leite,"RCMF, LDMF, RDMF",MED,30.0,16,683,0.1736868873682263,False,18,4,16.0,681.12,10258.6,521.98,142.98,8.06,57.35,4.89,12.55,0.4,41.23,27.64,30.3,92.12,84.46,284.95,352.45,27.27,3.01,7.02,57.0,68.0,75.0,83.0,76.0,59.0,46.0,29.0,76.0,71.0,86.0,84.0,49.0,79.0,48.0,63.0,83.0,75.0
2023,CRB,10,57,Meio,10.5,0.15062576340236156,False,Mike,"RAMF, RWF, RW",ED,30.0,10,655,0.1665664878860736,False,19,1,10.0,651.5999999999999,10378.42,629.05,188.96,9.25,64.23,7.04,18.23,1.8,39.78,28.0,28.88,123.77,92.32,405.85,328.81,35.34,6.6,16.02,94.0,60.0,20.0,14.0,26.0,28.0,32.0,48.0,48.0,8.0,6.0,20.0,22.0,58.0,40.0,52.0,74.0,80.0
2023,CRB,10,57,Meio,10.5,0.15062576340236156,False,Auremir,"LDMF, RDMF, DMF",VOL,31.0,18,621,0.1579202885148881,False,20,2,17.0,610.64,9772.61,464.98,159.17,7.81,54.09,5.31,14.74,1.47,28.3,28.24,29.9,57.1,145.03,160.23,399.68,18.83,0.22,1.53,21.0,50.0,95.0,84.0,74.0,76.0,71.0,95.0,24.0,79.0,66.0,79.0,95.0,37.0,58.0,32.0,21.0,24.0
2023,CRB,10,57,Meio,10.5,0.15062576340236156,False,J. Copete,"LW, LB, LAMF",EE,35.0,9,423,0.1075688921768078,False,21,3,9.0,422.55,9605.21,483.67,197.64,7.67,54.52,6.6,15.76,0.85,35.78,28.74,30.58,155.64,81.3,304.31,272.26,23.27,4.9,14.08,36.0,9.0,20.0,7.0,7.0,16.0,11.0,7.0,33.0,29.0,36.0,38.0,18.0,11.0,24.0,4.0,37.0,51.0
2023,CRB,10,57,Meio,10.5,0.15062576340236156,False,Hyuri,"CF, RW",CA,31.0,16,381,0.0968882929535786,False,22,3,15.0,373.35,9528.87,541.81,210.41,11.09,67.0,6.99,16.87,1.69,41.7,27.96,30.5,135.51,116.1,298.9,354.19,26.76,8.61,16.3,44.0,44.0,58.0,54.0,56.0,36.0,51.0,59.0,75.0,40.0,60.0,57.0,66.0,34.0,56.0,19.0,51.0,34.0
2023,CRB,10,57,Meio,10.5,0.15062576340236156,False,Matheus Mega,"LCB, RCB",ZE,23.0,3,224,0.0569631958572221,False,23,3,2.0,172.14,8573.7,250.45,49.67,2.61,23.53,4.18,6.8,0.0,15.69,26.65,26.65,23.21,38.31,79.05,227.49,8.67,0.0,0.0,,,,,,,,,,,,,,,,,,
2023,CRB,10,57,Meio,10.5,0.15062576340236156,False,Jailson Cauã,CF,CA,20.0,3,126,0.0320417976696874,False,24,4,3.0,127.71,9373.72,632.81,202.24,11.27,75.4,10.57,25.37,2.11,35.94,29.6,29.6,107.39,167.35,375.34,467.35,45.63,20.53,38.78,,,,,,,,,,,,,,,,,,
2023,CRB,10,57,Meio,10.5,0.15062576340236156,False,Gilvan,"LCB, CB",ZE,33.0,1,101,0.025684298132051,False,25,4,1.0,100.78,8838.96,262.54,67.87,3.57,29.47,4.47,8.04,0.89,21.43,28.7,28.7,10.29,55.04,60.29,176.3,0.0,0.0,0.0,,,,,,,,,,,,,,,,,,
2023,CRB,10,57,Meio,10.5,0.15062576340236156,False,David Braw,"LW, LCMF",EE,20.0,4,94,0.0239041982615128,False,26,4,4.0,94.28,9771.75,473.55,192.86,4.77,51.56,7.64,17.19,0.0,34.37,25.8,25.8,43.39,199.14,229.17,353.15,24.47,5.56,11.12,,,,,,,,,,,,,,,,,,
2023,CRB,10,57,Meio,10.5,0.15062576340236156,False,Christhian Eto’o,"LW, RWF, RW",EE,20.0,4,79,0.020089698538931,False,27,5,4.0,78.96,10937.91,867.33,434.23,19.38,102.57,12.54,25.07,1.14,49.01,30.82,30.82,275.39,205.24,403.13,529.74,41.98,9.0,20.99,,,,,,,,,,,,,,,,,,
2023,CRB,10,57,Meio,10.5,0.15062576340236156,False,Everson,CF,CA,22.0,3,77,0.0195810985759201,False,28,5,3.0,76.71000000000001,10453.92,698.02,221.72,9.39,72.74,8.21,21.12,0.0,43.41,30.3,30.3,117.93,169.19,355.86,440.14,39.26,8.26,22.73,,,,,,,,,,,,,,,,,,
2023,CRB,10,57,Meio,10.5,0.15062576340236156,False,Léo Silva,"LCMF, RCMF, LDMF",MED,20.0,3,56,0.0142407989643055,False,29,5,3.0,54.84,10015.68,505.38,86.96,6.56,55.79,6.56,14.77,1.64,45.94,27.0,27.0,54.66,105.26,236.84,406.32,10.14,0.0,0.0,,,,,,,,,,,,,,,,,,
2023,CRB,10,57,Meio,10.5,0.15062576340236156,False,Riquelme,CF,CA,19.0,1,32,0.0081375994081745,False,30,6,1.0,31.8,10683.96,594.34,113.21,5.66,65.09,8.49,16.98,2.83,28.3,26.5,26.5,55.15,75.22,451.25,251.59,50.0,20.0,40.0,,,,,,,,,,,,,,,,,,
2023,CRB,10,57,Meio,10.5,0.15062576340236156,False,Tatá Baiano,RW,ED,27.0,1,27,0.0068660995006473,False,31,2,1.0,26.83,10062.11,529.94,362.24,13.42,83.85,10.06,33.54,3.35,57.02,28.3,28.3,178.22,237.95,360.89,249.47,31.16,4.45,8.9,,,,,,,,,,,,,,,,,,
2023,CRB,10,57,Meio,10.5,0.15062576340236156,False,Octávio,LCB,ZE,21.0,1,16,0.0040687997040872,False,32,5,1.0,16.03,9306.86,555.72,134.72,16.84,78.59,5.61,11.23,0.0,22.45,29.0,29.0,132.35,62.07,352.94,271.55,17.6,0.0,0.0,,,,,,,,,,,,,,,,,,
2023,Ceará,11,50,Meio,1.0,-0.27985821938296507,False,Erick,"RAMF, RW",ED,25.0,31,2848,0.7267665754187352,True,1,1,31.0,2854.17,9164.95,496.92,197.14,10.18,60.73,6.24,16.43,1.73,34.65,29.4,31.28,127.5,107.49,317.39,284.34,28.06,3.18,8.86,6.0,10.0,28.0,26.0,18.0,14.0,24.0,38.0,20.0,54.0,44.0,24.0,38.0,16.0,20.0,18.0,22.0,24.0
2023,Ceará,11,50,Meio,1.0,-0.27985821938296507,False,David Ricardo,"LCB, LB",ZE,20.0,30,2319,0.591773766992994,False,2,1,30.0,2320.5,8723.88,411.46,170.19,8.61,49.88,5.58,13.57,1.05,23.23,29.58,32.54,60.94,154.0,154.07,348.99,13.72,0.49,1.76,46.0,92.0,97.0,95.0,97.0,86.0,97.0,82.0,95.0,95.0,97.0,97.0,100.0,92.0,95.0,97.0,92.0,100.0
2023,Ceará,11,50,Meio,1.0,-0.27985821938296507,False,Warley,RB,LD,23.0,28,2302,0.5874356238110704,False,3,1,28.0,2306.64,9288.3,519.11,273.72,13.34,67.42,6.79,15.57,2.73,28.05,31.06,32.42,155.41,188.82,245.3,394.49,20.35,0.98,2.38,22.0,41.0,92.0,88.0,71.0,31.0,27.0,88.0,25.0,94.0,90.0,86.0,96.0,20.0,80.0,14.0,45.0,32.0
2023,Ceará,11,50,Meio,1.0,-0.27985821938296507,False,Tiago Pagnussat,RCB,ZD,33.0,20,1905,0.4861272212685009,False,4,1,20.0,1910.6,8884.06,340.8,107.3,5.84,37.21,4.57,9.7,0.61,19.12,28.95,30.44,20.34,118.75,92.75,329.38,7.53,0.38,0.69,57.0,68.0,60.0,65.0,62.0,42.0,50.0,48.0,52.0,62.0,50.0,28.0,80.0,28.0,92.0,62.0,82.0,85.0
2023,Ceará,11,50,Meio,1.0,-0.27985821938296507,False,Janderson,"LAMF, RW, LW",EE,24.0,33,1654,0.4220758131118638,False,5,1,33.0,1656.6,9737.23,624.8,238.38,12.71,72.42,7.01,16.13,2.06,36.18,29.23,31.44,178.86,122.5,443.32,360.94,36.74,4.27,11.03,49.0,60.0,42.0,45.0,47.0,25.0,16.0,52.0,35.0,40.0,55.0,49.0,58.0,78.0,62.0,75.0,27.0,24.0
2023,Ceará,11,50,Meio,1.0,-0.27985821938296507,False,Willian Maranhão,"LDMF, LCMF",VOL,27.0,18,1575,0.4019162065605716,False,6,1,18.0,1574.82,9737.42,414.6,96.81,5.37,43.32,3.54,11.14,0.34,26.29,27.54,29.16,24.71,96.65,136.75,377.01,17.63,0.97,2.75,18.0,18.0,39.0,45.0,30.0,8.0,24.0,24.0,13.0,63.0,47.0,16.0,61.0,24.0,37.0,24.0,63.0,58.0
2023,Ceará,11,50,Meio,1.0,-0.27985821938296507,False,Nicolas,CF,CA,33.0,31,1500,0.3827773395814968,False,7,1,31.0,1503.19,9354.02,505.28,99.63,5.15,46.34,6.53,14.61,0.24,36.7,26.62,29.64,62.43,41.26,341.63,276.05,38.19,11.0,25.25,30.0,33.0,10.0,9.0,12.0,24.0,26.0,7.0,52.0,7.0,33.0,12.0,8.0,53.0,23.0,73.0,80.0,91.0
2023,Ceará,11,50,Meio,1.0,-0.27985821938296507,False,Chay,"AMF, LCMF",MEI,32.0,22,1492,0.3807358604370621,False,8,1,22.0,1494.02,9686.05,523.93,154.27,8.01,56.26,4.76,12.35,1.14,32.17,28.09,29.88,102.09,81.24,307.46,332.93,35.04,4.22,10.3,27.0,42.0,42.0,48.0,42.0,21.0,24.0,55.0,45.0,55.0,58.0,48.0,58.0,36.0,58.0,52.0,50.0,27.0
2023,Ceará,11,50,Meio,1.0,-0.27985821938296507,False,Guilherme Castilho,"AMF, LDMF, LCMF",MEI,23.0,26,1400,0.3572588502760637,False,9,2,26.0,1398.02,10947.81,679.11,171.05,10.3,69.21,5.15,14.81,0.9,48.73,27.41,29.68,134.63,78.7,383.1,470.62,48.27,6.02,14.81,94.0,91.0,67.0,76.0,76.0,32.0,52.0,41.0,88.0,33.0,48.0,85.0,45.0,76.0,91.0,97.0,76.0,79.0
2023,Ceará,11,50,Meio,1.0,-0.27985821938296507,False,Léo Santos,"DMF, LCB, RDMF",VOL,24.0,19,1353,0.3452651603025101,False,10,2,19.0,1356.6,10000.74,501.57,146.56,7.76,53.08,4.58,9.95,0.53,32.51,28.43,31.12,38.63,150.04,182.62,456.48,16.53,1.44,2.66,37.0,71.0,84.0,82.0,68.0,43.0,8.0,39.0,47.0,84.0,95.0,42.0,100.0,63.0,87.0,13.0,71.0,54.0
2023,Ceará,11,50,Meio,1.0,-0.27985821938296507,False,Danilo Barcelos,LB,LE,31.0,15,1110,0.2832552312903076,False,11,1,15.0,1112.55,9610.5,585.77,171.18,9.55,58.65,5.5,15.53,0.24,25.56,27.43,28.42,74.83,140.5,270.22,445.77,25.16,2.19,6.29,62.0,83.0,50.0,52.0,50.0,12.0,36.0,5.0,14.0,10.0,12.0,21.0,88.0,43.0,95.0,57.0,86.0,79.0
2023,Ceará,11,50,Meio,1.0,-0.27985821938296507,False,E. Pulga,"LW, LAMF, LWF",EE,22.0,18,1021,0.2605437758084721,False,12,2,19.0,1060.39,9316.16,609.69,323.43,17.06,83.43,8.23,18.93,2.72,38.78,30.51,32.28,209.67,197.77,403.63,365.62,34.32,5.87,14.13,15.0,53.0,80.0,87.0,75.0,53.0,44.0,71.0,45.0,79.0,76.0,60.0,89.0,62.0,67.0,62.0,58.0,53.0
2023,Ceará,11,50,Meio,1.0,-0.27985821938296507,False,Bissoli,CF,CA,25.0,17,1008,0.2572263721987659,False,13,2,17.0,1008.95,9825.67,648.04,264.21,15.25,80.28,9.37,20.87,2.59,50.58,29.2,30.54,181.95,153.8,396.73,403.27,39.93,12.39,28.29,62.0,75.0,87.0,87.0,86.0,81.0,85.0,81.0,92.0,73.0,62.0,80.0,92.0,84.0,71.0,85.0,89.0,97.0
2023,Ceará,11,50,Meio,1.0,-0.27985821938296507,False,Gabriel Lacerda,"LCB, RCB",ZE,24.0,10,952,0.2429360181877233,False,14,2,10.0,953.3,8580.9,279.18,89.98,4.25,32.01,4.34,8.5,0.57,14.54,28.66,29.34,24.29,80.47,83.38,235.17,8.1,0.54,0.54,27.0,35.0,46.0,27.0,35.0,35.0,27.0,32.0,19.0,59.0,30.0,32.0,54.0,30.0,35.0,73.0,97.0,70.0
2023,Ceará,11,50,Meio,1.0,-0.27985821938296507,False,Saulo Mineiro,"CF, AMF",CA,26.0,14,915,0.233494177144713,False,15,3,13.0,883.4799999999999,8514.25,440.18,253.35,13.14,64.08,7.54,14.67,2.95,32.7,31.29,33.0,197.21,106.35,285.61,272.38,25.89,7.3,18.94,2.0,12.0,82.0,74.0,49.0,48.0,27.0,90.0,29.0,100.0,97.0,90.0,57.0,26.0,21.0,14.0,40.0,52.0
2023,Ceará,11,50,Meio,1.0,-0.27985821938296507,False,Willian Formiga,LB,LE,28.0,14,863,0.2202245627058878,False,16,2,14.0,865.76,9013.65,425.51,166.34,8.94,53.12,6.97,14.87,1.14,25.99,29.23,30.94,67.79,140.69,195.86,324.09,18.21,1.62,3.97,10.0,12.0,43.0,40.0,31.0,43.0,31.0,33.0,21.0,60.0,60.0,14.0,90.0,10.0,40.0,14.0,69.0,38.0
2023,Ceará,11,50,Meio,1.0,-0.27985821938296507,False,Chrystian Barletta,"RWF, RAMF, RW",ED,22.0,11,731,0.1865401568227161,False,17,2,11.0,732.27,9550.32,637.5,305.05,13.64,76.08,9.83,19.66,3.07,44.12,30.85,32.9,243.16,140.99,421.47,389.0,38.77,7.96,16.14,28.0,64.0,80.0,60.0,58.0,80.0,48.0,79.0,68.0,92.0,90.0,88.0,82.0,64.0,72.0,78.0,94.0,82.0
2023,Ceará,11,50,Meio,1.0,-0.27985821938296507,False,Vitor Gabriel,CF,CA,23.0,10,696,0.1776086855658145,False,18,4,10.0,696.4,8774.0,377.9,148.63,7.11,45.36,6.85,12.79,0.9,25.33,30.15,31.46,104.44,85.03,214.4,254.28,22.4,6.17,15.75,9.0,3.0,33.0,27.0,10.0,33.0,14.0,31.0,5.0,90.0,80.0,37.0,42.0,7.0,14.0,7.0,21.0,27.0
2023,Ceará,11,50,Meio,1.0,-0.27985821938296507,False,Breno,"RDMF, RCMF, LDMF",VOL,22.0,9,527,0.1344824386396325,False,19,3,9.0,527.4,9795.29,543.82,128.83,7.0,56.14,5.63,14.85,0.51,35.15,28.38,30.46,33.54,132.21,170.68,512.51,33.82,0.48,3.6,24.0,87.0,68.0,67.0,84.0,87.0,74.0,37.0,58.0,82.0,82.0,39.0,84.0,55.0,97.0,95.0,34.0,68.0
2023,Ceará,11,50,Meio,1.0,-0.27985821938296507,False,Lucas Ribeiro,"LCB, RCB",ZE,24.0,6,450,0.114833201874449,False,20,3,6.0,449.58,8778.65,382.17,152.55,6.81,43.24,5.0,10.81,1.0,21.02,28.48,29.06,37.64,152.06,101.33,388.09,5.89,0.0,0.33,51.0,84.0,95.0,81.0,86.0,65.0,73.0,76.0,81.0,54.0,22.0,81.0,97.0,62.0,100.0,49.0,14.0,41.0
2023,Ceará,11,50,Meio,1.0,-0.27985821938296507,False,Pedrinho,"RWF, RW, LAMF",ED,21.0,12,367,0.0936528557509395,False,21,3,12.0,367.08,9391.09,531.59,227.05,9.56,59.09,8.58,15.94,1.47,33.84,28.14,30.14,153.53,118.74,361.6,292.13,39.27,7.34,15.78,16.0,20.0,38.0,16.0,12.0,63.0,16.0,22.0,18.0,10.0,22.0,38.0,44.0,38.0,24.0,86.0,86.0,76.0
2023,Ceará,11,50,Meio,1.0,-0.27985821938296507,False,Arthur Rezende,"LDMF, RCMF",VOL,29.0,6,310,0.0791073168468426,False,22,4,6.0,309.96,10046.28,463.38,88.55,3.48,40.07,4.06,8.71,0.29,29.32,26.47,26.8,61.02,52.56,185.52,372.48,39.47,0.0,5.87,42.0,47.0,29.0,8.0,13.0,21.0,5.0,21.0,29.0,21.0,5.0,92.0,5.0,66.0,34.0,100.0,5.0,84.0
2023,Ceará,11,50,Meio,1.0,-0.27985821938296507,False,Pedro Lucas,LCMF,MED,20.0,6,295,0.0752795434510277,False,23,1,6.0,294.9,9651.88,549.95,191.66,8.24,60.12,5.49,13.43,0.61,36.62,28.48,29.24,161.9,112.96,392.93,340.28,47.47,4.58,14.87,13.0,76.0,95.0,84.0,84.0,75.0,57.0,58.0,60.0,86.0,55.0,98.0,83.0,98.0,38.0,100.0,95.0,100.0
2023,Ceará,11,50,Meio,1.0,-0.27985821938296507,False,Cléber,CF,CA,26.0,6,267,0.0681343664455064,False,24,5,6.0,266.82,9179.12,638.91,247.26,14.51,75.9,9.45,18.22,3.04,45.2,29.78,30.06,183.21,117.77,418.82,371.04,40.68,12.55,30.72,22.0,74.0,78.0,82.0,75.0,85.0,69.0,91.0,84.0,84.0,47.0,84.0,68.0,88.0,60.0,86.0,91.0,99.0
2023,Ceará,11,50,Meio,1.0,-0.27985821938296507,False,Michel Macedo,RB,LD,33.0,5,174,0.0444021713914536,False,25,2,5.0,175.10000000000002,8983.55,546.89,139.29,7.71,57.57,7.71,18.5,0.0,25.19,27.54,27.54,63.52,123.97,264.85,453.72,22.34,1.35,2.71,6.0,57.0,22.0,18.0,29.0,59.0,71.0,2.0,8.0,10.0,8.0,14.0,63.0,33.0,100.0,29.0,63.0,39.0
2023,Ceará,11,50,Meio,1.0,-0.27985821938296507,False,Luvannor,"AMF, CF, RW",MEI,33.0,5,167,0.0426158771400733,False,26,3,5.0,167.25,10782.24,765.2,228.7,13.99,81.26,7.53,13.45,2.15,47.89,29.06,29.06,128.22,138.85,405.77,465.12,46.21,9.59,20.05,85.0,97.0,94.0,100.0,100.0,79.0,36.0,91.0,85.0,91.0,33.0,79.0,94.0,91.0,88.0,94.0,94.0,97.0
2023,Ceará,11,50,Meio,1.0,-0.27985821938296507,False,Sidnei,RCB,ZD,33.0,2,108,0.0275599684498677,False,27,2,1.0,104.02,7835.67,266.5,38.07,3.46,29.42,3.46,6.06,0.87,12.98,28.0,28.0,2.97,47.52,34.67,270.06,0.97,0.0,0.0,,,,,,,,,,,,,,,,,,
2023,Chapecoense,16,40,Meio,6.0,-0.3390110779505011,False,Bruno Nazário,"CF, AMF",CA,28.0,31,2668,0.6742481678038919,True,1,1,31.0,2669.41,9827.32,681.84,221.48,12.74,77.01,7.25,15.07,1.42,38.61,28.8,30.46,120.83,149.93,380.29,445.71,38.53,7.34,18.38,63.0,80.0,65.0,65.0,78.0,41.0,33.0,51.0,60.0,60.0,58.0,48.0,89.0,74.0,82.0,75.0,41.0,47.0
2023,Chapecoense,16,40,Meio,6.0,-0.3390110779505011,False,Giovanni Pavani,"LCMF, RCMF",MED,26.0,32,2578,0.6515036643922163,True,2,1,32.0,2581.76,9872.14,391.73,83.56,4.29,39.22,3.49,8.92,0.63,26.25,26.66,28.98,53.2,47.39,185.57,284.78,21.36,1.67,4.59,25.0,17.0,21.0,22.0,16.0,13.0,8.0,62.0,11.0,29.0,45.0,49.0,11.0,43.0,13.0,35.0,56.0,52.0
2023,Chapecoense,16,40,Meio,6.0,-0.3390110779505011,False,Gustavo Cazonatti,"RCMF, LCMF, DMF",MED,27.0,29,2458,0.6211776598433156,True,3,2,29.0,2460.07,9998.02,466.47,173.19,8.63,56.08,5.09,15.29,1.28,30.66,30.24,33.38,61.31,147.72,160.86,387.57,16.67,0.84,1.97,37.0,49.0,86.0,87.0,75.0,68.0,78.0,89.0,30.0,98.0,100.0,59.0,95.0,30.0,70.0,17.0,37.0,19.0
2023,Chapecoense,16,40,Meio,6.0,-0.3390110779505011,False,Lucas Freitas,LCB,ZE,22.0,23,2347,0.5931261056355825,False,4,1,23.0,2349.68,8623.13,259.55,87.68,4.63,32.21,5.09,8.54,0.61,19.08,29.1,31.26,29.79,70.27,88.95,200.99,5.5,0.0,0.31,30.0,16.0,41.0,42.0,38.0,70.0,30.0,38.0,68.0,84.0,81.0,54.0,41.0,38.0,14.0,38.0,14.0,36.0
2023,Chapecoense,16,40,Meio,6.0,-0.3390110779505011,False,Bruno Leonardo,RCB,ZD,27.0,24,2199,0.555724033358605,False,5,1,24.0,2200.8,8882.73,309.77,105.14,5.44,36.23,4.99,9.57,0.7,18.52,28.31,30.4,33.31,86.69,103.68,242.03,7.77,0.19,0.52,55.0,52.0,57.0,60.0,55.0,59.0,42.0,50.0,50.0,40.0,48.0,55.0,55.0,57.0,40.0,70.0,46.0,70.0
2023,Chapecoense,16,40,Meio,6.0,-0.3390110779505011,False,Rodrigo Freitas,"RCB, LCB",ZD,25.0,19,1906,0.4816780389183725,False,6,2,19.0,1911.02,9046.4,269.34,74.46,3.86,29.34,4.0,8.01,0.94,15.92,27.65,29.4,19.52,68.05,96.78,211.61,6.76,0.16,0.24,80.0,20.0,20.0,20.0,12.0,15.0,10.0,62.0,15.0,21.0,28.0,25.0,38.0,35.0,22.0,45.0,38.0,45.0
2023,Chapecoense,16,40,Meio,6.0,-0.3390110779505011,False,Alisson Farias,"LW, LAMF, CF",EE,27.0,24,1753,0.4430123831185241,False,7,1,24.0,1753.92,10168.17,614.64,202.49,10.52,68.71,7.59,16.47,1.59,41.72,28.68,30.22,149.13,87.57,413.99,313.72,36.66,7.49,15.41,82.0,56.0,24.0,25.0,36.0,42.0,20.0,31.0,67.0,27.0,29.0,33.0,24.0,65.0,44.0,73.0,89.0,67.0
2023,Chapecoense,16,40,Meio,6.0,-0.3390110779505011,False,Mancha,LB,LE,22.0,19,1710,0.4321455648218347,False,8,1,19.0,1713.42,9714.5,523.53,145.6,8.14,55.15,7.77,14.55,2.0,28.05,28.36,30.44,84.38,96.2,282.75,340.28,27.56,1.4,5.32,69.0,55.0,21.0,29.0,38.0,79.0,24.0,81.0,40.0,31.0,39.0,31.0,24.0,57.0,50.0,79.0,55.0,57.0
2023,Chapecoense,16,40,Meio,6.0,-0.3390110779505011,False,Ronei,RB,LD,25.0,19,1512,0.3821076573161486,False,9,1,19.0,1511.64,9849.04,505.78,137.65,7.62,54.84,7.56,17.03,1.07,29.83,28.53,30.28,70.0,89.27,262.49,340.65,25.12,0.48,2.29,80.0,33.0,18.0,16.0,24.0,50.0,53.0,24.0,41.0,37.0,47.0,16.0,25.0,31.0,41.0,53.0,14.0,29.0
2023,Chapecoense,16,40,Meio,6.0,-0.3390110779505011,False,Bruno Vinicius,"LCMF, DMF, RCMF",MED,20.0,26,1488,0.3760424564063684,False,10,3,26.0,1489.8,10720.32,600.66,104.21,5.5,54.31,4.71,13.71,0.36,45.97,26.39,28.76,31.67,99.53,158.01,577.18,22.52,0.65,1.94,92.0,89.0,41.0,40.0,71.0,49.0,62.0,27.0,90.0,19.0,34.0,24.0,75.0,29.0,97.0,43.0,28.0,17.0
2023,Chapecoense,16,40,Meio,6.0,-0.3390110779505011,False,Felipe Albuquerque,RB,LD,23.0,22,1443,0.3646702047005307,False,11,2,22.0,1443.1999999999998,9409.24,436.37,175.93,9.29,54.69,6.55,15.28,2.18,28.06,29.42,30.96,119.08,97.33,246.7,265.97,23.77,0.69,1.83,33.0,8.0,31.0,35.0,20.0,24.0,24.0,69.0,27.0,67.0,55.0,47.0,39.0,22.0,10.0,41.0,24.0,20.0
2023,Chapecoense,16,40,Meio,6.0,-0.3390110779505011,False,Kayke,"CF, RW",CA,35.0,24,1441,0.3641647712913823,False,12,2,24.0,1440.96,9108.71,468.72,169.52,8.68,58.15,8.62,19.11,2.44,33.11,29.48,32.1,164.65,38.95,338.05,228.12,39.17,10.06,23.27,19.0,23.0,43.0,38.0,36.0,70.0,75.0,78.0,33.0,78.0,88.0,77.0,5.0,52.0,5.0,81.0,75.0,79.0
2023,Chapecoense,16,40,Meio,6.0,-0.3390110779505011,False,Felipe Ferreira,"RW, RAMF",ED,29.0,26,1211,0.3060399292393227,False,13,1,26.0,1212.12,10196.69,570.49,210.48,10.17,64.15,7.65,17.08,1.04,36.38,28.71,31.52,155.74,79.02,415.03,259.18,39.01,6.67,15.93,68.0,32.0,30.0,24.0,24.0,42.0,28.0,12.0,30.0,27.0,53.0,42.0,14.0,62.0,6.0,84.0,78.0,78.0
2023,Chapecoense,16,40,Meio,6.0,-0.3390110779505011,False,Dudu Vieira,"RCMF, RDMF",MED,29.0,16,991,0.2504422542330048,False,14,4,16.0,991.04,10111.58,646.19,264.38,13.9,77.83,6.81,20.98,1.36,41.78,29.19,30.6,172.45,149.31,317.6,477.0,34.62,3.48,8.24,44.0,90.0,100.0,100.0,100.0,95.0,100.0,92.0,79.0,94.0,89.0,100.0,97.0,86.0,87.0,92.0,89.0,84.0
2023,Chapecoense,16,40,Meio,6.0,-0.3390110779505011,False,M. Antônio,"LW, LAMF, CF",EE,25.0,26,942,0.2380591357088703,False,15,2,26.0,941.98,9362.1,466.28,159.37,7.17,51.4,6.5,14.14,1.15,27.04,27.64,29.98,128.16,55.85,333.11,219.6,31.61,3.6,13.06,18.0,5.0,7.0,4.0,4.0,14.0,5.0,18.0,2.0,9.0,24.0,20.0,4.0,20.0,4.0,38.0,22.0,43.0
2023,Chapecoense,16,40,Meio,6.0,-0.3390110779505011,False,Victor Ramos,LCB,ZE,34.0,9,930,0.2350265352539803,False,16,2,9.0,932.76,9094.91,294.59,54.52,2.8,24.8,3.76,6.56,0.1,16.5,26.77,27.84,10.51,54.04,95.91,235.78,5.83,0.19,0.38,78.0,46.0,5.0,8.0,8.0,22.0,5.0,5.0,38.0,5.0,8.0,3.0,11.0,54.0,38.0,46.0,50.0,49.0
2023,Chapecoense,16,40,Meio,6.0,-0.3390110779505011,False,Victor Ferraz,"RW, RAMF, RB",ED,35.0,11,829,0.2095021480919889,False,17,2,11.0,828.63,10447.24,405.54,60.49,2.61,34.65,3.04,8.8,0.0,21.72,25.72,26.98,39.11,25.12,241.1,229.69,36.11,5.93,9.85,98.0,4.0,2.0,2.0,2.0,2.0,2.0,2.0,2.0,2.0,2.0,2.0,2.0,2.0,4.0,62.0,64.0,28.0
2023,Chapecoense,16,40,Meio,6.0,-0.3390110779505011,False,Henrique Dourado,CF,CA,33.0,13,742,0.1875157947940358,False,18,3,13.0,742.82,9045.96,403.46,104.32,4.48,40.59,7.63,15.27,0.97,23.99,27.62,29.06,70.89,50.76,243.17,235.62,26.22,8.38,16.77,15.0,8.0,13.0,5.0,5.0,53.0,34.0,35.0,4.0,29.0,24.0,16.0,14.0,13.0,9.0,15.0,48.0,37.0
2023,Chapecoense,16,40,Meio,6.0,-0.3390110779505011,False,Ribamar,CF,CA,26.0,11,725,0.1832196108162749,False,19,4,11.0,727.6500000000001,9096.15,446.53,214.48,11.13,59.62,6.56,16.57,0.87,26.72,29.94,31.24,155.62,112.56,286.98,258.32,26.91,9.95,22.17,18.0,13.0,64.0,55.0,40.0,25.0,47.0,29.0,8.0,85.0,76.0,75.0,63.0,30.0,16.0,22.0,74.0,70.0
2023,Chapecoense,16,40,Meio,6.0,-0.3390110779505011,False,Rafael Ribeiro,"RCB, CB",ZD,27.0,9,686,0.1733636593378822,False,20,3,9.0,685.53,8335.27,240.66,73.0,3.54,27.18,5.65,11.55,1.31,18.25,28.84,30.68,31.18,53.06,77.86,188.8,2.44,0.0,0.0,8.0,10.0,18.0,12.0,10.0,80.0,80.0,88.0,48.0,57.0,52.0,52.0,2.0,18.0,12.0,2.0,14.0,15.0
2023,Chapecoense,16,40,Meio,6.0,-0.3390110779505011,False,Douglas Borel,RB,LD,21.0,12,673,0.170078342178418,False,21,3,12.0,673.6800000000001,9826.9,590.75,202.26,12.02,69.6,10.42,17.5,3.61,30.33,28.86,30.46,152.24,82.87,316.16,365.6,31.43,1.58,3.36,73.0,76.0,57.0,71.0,80.0,94.0,63.0,98.0,47.0,48.0,49.0,84.0,22.0,69.0,57.0,86.0,71.0,55.0
2023,Chapecoense,16,40,Meio,6.0,-0.3390110779505011,False,Kaio Mendes,"RB, RAMF, LCMF",LD,28.0,12,642,0.1622441243366186,False,22,4,12.0,641.88,10086.92,643.4,198.11,9.25,66.32,5.89,15.98,0.56,33.37,28.31,30.02,147.53,92.15,368.65,402.87,46.07,4.77,9.93,92.0,92.0,55.0,31.0,65.0,12.0,35.0,8.0,75.0,33.0,39.0,78.0,33.0,88.0,84.0,100.0,100.0,100.0
2023,Chapecoense,16,40,Meio,6.0,-0.3390110779505011,False,Richard Rodrigues,"LAMF, CF, RW",EE,23.0,12,637,0.1609805408137478,False,23,3,12.0,638.4000000000001,10177.07,537.08,213.71,8.74,58.36,5.22,16.21,0.99,35.38,28.48,29.88,126.14,119.47,341.9,310.49,34.61,6.61,13.67,84.0,20.0,29.0,12.0,9.0,4.0,18.0,11.0,24.0,18.0,18.0,16.0,55.0,27.0,38.0,64.0,76.0,49.0
2023,Chapecoense,16,40,Meio,6.0,-0.3390110779505011,False,P. Siles,"RCMF, LW, RDMF",MED,26.0,12,600,0.1516300227445034,False,24,5,12.0,602.04,11238.63,668.7,99.12,5.53,58.9,4.78,15.85,0.75,54.72,26.46,27.68,29.74,93.98,239.0,599.57,38.33,2.54,5.93,100.0,94.0,30.0,44.0,81.0,54.0,86.0,70.0,98.0,24.0,17.0,19.0,71.0,60.0,100.0,97.0,76.0,61.0
2023,Chapecoense,16,40,Meio,6.0,-0.3390110779505011,False,Danrlei,CF,CA,27.0,14,552,0.1394996209249431,False,25,5,14.0,551.32,9525.98,573.1,230.97,11.92,67.74,8.98,23.34,3.1,35.75,29.76,31.5,141.73,123.79,335.43,379.95,34.33,11.14,26.75,43.0,51.0,69.0,62.0,57.0,77.0,96.0,93.0,46.0,82.0,81.0,63.0,70.0,51.0,64.0,59.0,81.0,96.0
2023,Chapecoense,16,40,Meio,6.0,-0.3390110779505011,False,Maxwell,"RW, RAMF",ED,28.0,12,552,0.1394996209249431,False,26,3,12.0,552.24,10081.53,628.52,250.79,11.73,71.7,8.31,21.51,1.96,40.41,30.32,31.66,190.88,119.63,449.58,296.29,35.53,6.07,11.92,56.0,58.0,54.0,38.0,42.0,52.0,70.0,58.0,50.0,80.0,59.0,60.0,46.0,88.0,30.0,56.0,66.0,48.0
2023,Chapecoense,16,40,Meio,6.0,-0.3390110779505011,False,Pablo Oliveira,"LDMF, RCMF, LCMF",VOL,28.0,8,462,0.1167551175132676,False,27,1,8.0,462.56,10119.82,391.84,79.77,4.47,40.86,3.89,14.01,0.19,26.07,26.15,27.66,30.66,69.49,126.23,382.22,27.07,0.0,1.55,50.0,11.0,18.0,25.0,16.0,16.0,63.0,11.0,11.0,8.0,13.0,26.0,32.0,18.0,42.0,71.0,5.0,26.0
2023,Chapecoense,16,40,Meio,6.0,-0.3390110779505011,False,Neto,"CF, AMF",CA,20.0,8,276,0.0697498104624715,False,28,6,8.0,276.32,10392.83,599.02,194.14,7.49,61.89,5.86,17.59,0.33,41.37,28.31,29.34,124.14,93.58,354.55,314.25,42.76,7.42,15.71,87.0,59.0,52.0,31.0,48.0,11.0,59.0,8.0,74.0,48.0,27.0,52.0,49.0,59.0,42.0,92.0,42.0,25.0
2023,Chapecoense,16,40,Meio,6.0,-0.3390110779505011,False,Gabriel Xavier,"AMF, LCMF, CF",MEI,30.0,9,269,0.0679807935304523,False,29,1,9.0,269.64,9924.59,649.13,196.91,10.35,69.42,6.67,14.35,1.33,29.04,27.74,29.62,118.73,119.07,334.35,451.32,29.02,1.98,10.55,39.0,73.0,82.0,79.0,79.0,67.0,42.0,61.0,27.0,39.0,42.0,64.0,85.0,55.0,85.0,27.0,6.0,33.0
2023,Chapecoense,16,40,Meio,6.0,-0.3390110779505011,False,Fabiano,LB,LE,33.0,5,257,0.0649481930755623,False,30,2,5.0,257.0,8786.86,440.87,157.58,8.05,51.83,7.7,19.61,2.45,26.96,27.78,27.78,116.05,81.16,228.34,307.71,20.46,1.23,4.09,2.0,17.0,33.0,24.0,29.0,76.0,90.0,90.0,31.0,17.0,7.0,62.0,12.0,21.0,25.0,19.0,40.0,40.0
2023,Chapecoense,16,40,Meio,6.0,-0.3390110779505011,False,Murilo,"LW, LAMF",EE,27.0,6,237,0.0598938589840788,False,31,4,6.0,237.48,9600.46,618.15,338.07,15.92,77.32,8.34,20.09,1.9,47.38,31.72,32.44,165.54,204.78,364.09,341.13,31.18,5.2,12.62,35.0,58.0,84.0,78.0,58.0,55.0,56.0,45.0,84.0,95.0,78.0,42.0,91.0,33.0,53.0,35.0,42.0,40.0
2023,Chapecoense,16,40,Meio,6.0,-0.3390110779505011,False,Tomás Bastos,"LCMF, CF",MED,31.0,4,145,0.0366439221632549,False,32,6,4.0,145.32,10002.29,506.62,136.87,8.67,63.79,3.72,10.53,0.62,32.82,28.45,28.45,32.78,90.61,265.39,306.85,32.75,9.36,14.82,,,,,,,,,,,,,,,,,,
2023,Chapecoense,16,40,Meio,6.0,-0.3390110779505011,False,Lucas Alves,"AMF, LW, RW",MEI,21.0,2,60,0.0151630022744503,False,33,2,2.0,59.84,9823.79,573.09,237.66,19.55,82.73,9.03,24.07,3.01,33.09,29.55,29.55,97.85,171.12,281.31,405.05,36.66,16.29,22.4,,,,,,,,,,,,,,,,,,
2023,Chapecoense,16,40,Meio,6.0,-0.3390110779505011,False,João Igor,"RCMF, LCMF",MED,27.0,2,51,0.0128885519332827,False,34,7,2.0,50.36,9826.14,530.71,114.36,8.93,62.54,12.51,21.44,7.15,53.61,26.55,26.55,115.84,68.25,389.11,395.26,32.61,0.0,0.0,,,,,,,,,,,,,,,,,,
2023,Chapecoense,16,40,Meio,6.0,-0.3390110779505011,False,Cleylton,LCB,ZE,30.0,1,31,0.0078342178417993,False,35,3,1.0,31.45,7483.31,123.05,17.17,0.0,8.59,2.86,5.72,0.0,8.59,21.7,21.7,6.38,14.17,63.83,88.58,0.0,0.0,0.0,,,,,,,,,,,,,,,,,,
2023,Chapecoense,16,40,Meio,6.0,-0.3390110779505011,False,Diego Coser,LW,EE,17.0,1,22,0.0055597675006317,False,36,5,1.0,21.65,10359.35,935.33,207.85,8.31,87.3,8.31,12.47,0.0,74.83,28.0,28.0,254.87,5.88,902.65,217.65,106.01,0.0,42.4,,,,,,,,,,,,,,,,,,
2023,Criciúma,3,64,Sobe,12.0,0.39874169705344986,True,Fellipe Mateus,"LCMF, AMF, RCMF",MED,32.0,36,3613,0.917005076142132,True,1,1,35.0,3509.45,10776.02,567.63,107.58,6.44,53.34,4.39,12.08,0.62,39.98,27.14,28.98,64.17,63.23,323.82,364.42,37.75,3.92,10.97,97.0,79.0,46.0,62.0,68.0,40.0,41.0,60.0,70.0,43.0,45.0,63.0,27.0,92.0,59.0,95.0,90.0,94.0
2023,Criciúma,3,64,Sobe,12.0,0.39874169705344986,True,Marcelo Hermes,LB,LE,28.0,37,3535,0.8972081218274112,True,2,1,36.0,3431.88,9612.3,526.63,176.52,9.0,54.63,7.0,14.06,1.57,25.52,28.68,30.96,113.29,100.63,271.57,359.34,21.54,1.58,4.75,64.0,60.0,55.0,43.0,36.0,46.0,14.0,62.0,12.0,43.0,62.0,52.0,36.0,45.0,67.0,29.0,62.0,52.0
2023,Criciúma,3,64,Sobe,12.0,0.39874169705344986,True,Arilson,"DMF, LCMF",VOL,29.0,33,3194,0.8106598984771574,True,3,1,32.0,3104.32,9453.49,487.72,147.49,7.63,51.46,5.02,15.42,1.25,27.46,28.84,31.26,46.95,129.61,175.12,410.9,20.08,0.87,2.92,5.0,63.0,87.0,79.0,66.0,66.0,82.0,92.0,21.0,95.0,100.0,61.0,82.0,61.0,71.0,42.0,58.0,61.0
2023,Criciúma,3,64,Sobe,12.0,0.39874169705344986,True,Walisson Maia,LCB,ZE,31.0,32,3090,0.7842639593908629,True,4,1,31.0,2988.09,8792.14,344.94,112.44,5.78,37.65,4.76,11.63,0.96,19.07,29.14,31.34,33.28,89.77,111.14,282.44,8.49,0.15,0.39,57.0,65.0,76.0,68.0,68.0,51.0,84.0,68.0,65.0,86.0,84.0,65.0,65.0,65.0,76.0,78.0,41.0,54.0
2023,Criciúma,3,64,Sobe,12.0,0.39874169705344986,True,Éder,"CF, LWF",CA,36.0,26,2101,0.533248730964467,False,5,1,25.0,1997.0,9341.85,536.91,208.83,11.85,65.98,7.44,15.46,1.89,36.5,29.21,30.48,161.84,84.66,388.49,263.06,34.38,7.18,16.53,29.0,42.0,56.0,60.0,52.0,46.0,36.0,64.0,48.0,74.0,59.0,76.0,38.0,79.0,18.0,60.0,36.0,36.0
2023,Criciúma,3,64,Sobe,12.0,0.39874169705344986,True,Felipe Vizeu,CF,CA,26.0,27,1813,0.4601522842639594,False,6,2,27.0,1815.48,10143.97,603.43,161.06,9.07,61.67,7.19,14.03,0.45,40.15,28.09,29.88,106.02,79.71,378.02,324.65,35.6,9.4,20.78,80.0,64.0,38.0,43.0,46.0,38.0,19.0,14.0,66.0,41.0,40.0,41.0,34.0,68.0,51.0,66.0,66.0,60.0
2023,Criciúma,3,64,Sobe,12.0,0.39874169705344986,True,Cristovam,RB,LD,32.0,26,1380,0.350253807106599,False,7,1,25.0,1325.75,10035.28,658.89,257.15,13.37,75.15,7.81,19.75,1.63,42.16,29.4,32.1,120.51,176.05,318.55,446.79,24.77,2.81,6.08,90.0,94.0,84.0,90.0,94.0,61.0,88.0,53.0,98.0,65.0,80.0,49.0,94.0,71.0,94.0,51.0,98.0,88.0
2023,Criciúma,3,64,Sobe,12.0,0.39874169705344986,True,Marquinhos Gabriel,"AMF, CF",MEI,32.0,23,1347,0.3418781725888324,False,8,1,22.0,1282.16,9976.4,507.37,99.33,5.62,47.66,4.56,11.86,0.56,32.64,26.62,28.68,67.98,46.69,293.88,307.52,31.59,2.61,12.3,48.0,33.0,12.0,12.0,21.0,15.0,18.0,23.0,48.0,15.0,21.0,12.0,9.0,27.0,45.0,42.0,15.0,55.0
2023,Criciúma,3,64,Sobe,12.0,0.39874169705344986,True,Hygor,"CF, RAMF",CA,30.0,19,1232,0.3126903553299492,False,9,3,18.0,1189.8,9355.35,709.39,326.93,18.68,94.93,15.05,28.44,4.84,43.8,30.71,32.58,204.45,195.95,409.21,443.15,37.42,9.22,24.41,31.0,85.0,95.0,97.0,96.0,100.0,100.0,100.0,80.0,98.0,95.0,92.0,97.0,86.0,80.0,69.0,62.0,87.0
2023,Criciúma,3,64,Sobe,12.0,0.39874169705344986,True,Miquéias,DMF,VOL,21.0,18,1011,0.2565989847715736,False,10,2,18.0,1010.7,10052.4,433.55,127.06,6.59,48.62,4.63,10.51,1.07,29.74,28.47,30.3,41.4,98.65,166.68,324.84,22.08,0.52,1.83,45.0,26.0,66.0,63.0,55.0,50.0,13.0,84.0,32.0,87.0,76.0,55.0,63.0,50.0,16.0,53.0,38.0,34.0
2023,Criciúma,3,64,Sobe,12.0,0.39874169705344986,True,Rayan,"LCB, RCB",ZE,33.0,12,902,0.2289340101522842,False,11,2,12.0,900.48,9101.84,345.61,102.84,6.3,37.18,4.4,9.39,0.7,17.59,28.39,30.04,35.93,80.05,112.62,257.04,6.99,0.16,0.47,84.0,68.0,62.0,76.0,65.0,41.0,38.0,51.0,51.0,46.0,43.0,78.0,51.0,70.0,57.0,62.0,46.0,65.0
2023,Criciúma,3,64,Sobe,12.0,0.39874169705344986,True,Léo Costa,"RCMF, DMF",MED,27.0,19,845,0.2144670050761421,False,12,2,19.0,847.78,10431.39,537.52,112.43,5.63,50.64,4.14,12.21,0.53,46.18,26.77,28.88,52.57,72.1,229.43,371.1,27.3,2.29,8.17,70.0,75.0,53.0,49.0,57.0,33.0,44.0,44.0,92.0,35.0,42.0,46.0,38.0,59.0,62.0,65.0,70.0,81.0
2023,Criciúma,3,64,Sobe,12.0,0.39874169705344986,True,Barreto,"DMF, LCMF, RCMF",VOL,27.0,11,839,0.2129441624365482,False,13,3,10.0,781.8000000000001,10422.07,556.47,119.26,6.45,54.57,5.53,12.09,0.58,35.34,27.55,28.7,40.27,109.11,219.78,447.9,33.71,0.7,1.86,79.0,89.0,61.0,61.0,76.0,79.0,42.0,53.0,66.0,66.0,39.0,50.0,76.0,79.0,84.0,92.0,47.0,39.0
2023,Criciúma,3,64,Sobe,12.0,0.39874169705344986,True,Hélder Santos,"LB, LCB",LE,34.0,15,671,0.1703045685279187,False,14,2,15.0,669.6,9552.81,485.57,161.54,8.06,50.94,7.26,14.25,1.08,29.57,26.47,28.86,114.41,82.81,293.47,295.22,28.71,1.46,4.14,52.0,29.0,40.0,26.0,17.0,57.0,19.0,30.0,52.0,5.0,21.0,57.0,14.0,67.0,14.0,86.0,60.0,43.0
2023,Criciúma,3,64,Sobe,12.0,0.39874169705344986,True,Crystopher,"LCMF, LAMF",MED,25.0,15,566,0.1436548223350253,False,15,3,14.0,554.68,10486.71,654.96,166.62,9.73,67.33,5.52,15.58,1.62,43.32,27.61,29.14,95.46,114.94,322.38,488.99,34.49,2.83,10.55,75.0,92.0,84.0,94.0,95.0,78.0,81.0,95.0,86.0,67.0,51.0,86.0,86.0,89.0,90.0,90.0,81.0,90.0
2023,Criciúma,3,64,Sobe,12.0,0.39874169705344986,True,Tiago Marques,CF,CA,35.0,12,433,0.1098984771573604,False,16,4,12.0,433.56000000000006,9624.84,627.33,259.07,14.32,76.18,10.38,18.48,2.49,39.23,29.17,31.14,182.99,127.55,381.86,329.41,32.91,9.11,23.8,48.0,73.0,86.0,79.0,76.0,89.0,71.0,79.0,63.0,70.0,74.0,82.0,79.0,76.0,53.0,51.0,59.0,82.0
2023,Criciúma,3,64,Sobe,12.0,0.39874169705344986,True,João Carlos,"CF, RWF, RAMF",CA,21.0,16,401,0.1017766497461929,False,17,5,16.0,401.6,9788.76,591.01,389.97,15.02,76.65,10.31,20.4,4.71,39.22,30.7,33.04,286.64,165.62,379.76,293.04,32.05,1.47,13.26,58.0,56.0,99.0,86.0,77.0,88.0,79.0,99.0,62.0,96.0,98.0,100.0,93.0,73.0,30.0,46.0,1.0,11.0
2023,Criciúma,3,64,Sobe,12.0,0.39874169705344986,True,Lohan,CF,CA,27.0,10,337,0.0855329949238578,False,18,6,10.0,338.2,9281.36,526.08,211.28,9.05,55.35,7.98,17.56,0.53,25.81,28.1,29.62,187.18,84.99,378.6,268.31,31.72,9.42,19.82,26.0,38.0,60.0,42.0,30.0,57.0,58.0,16.0,7.0,42.0,32.0,86.0,41.0,69.0,19.0,43.0,67.0,56.0
2023,Criciúma,3,64,Sobe,12.0,0.39874169705344986,True,Matheus Mancini,LCB,ZE,28.0,5,268,0.0680203045685279,False,19,3,5.0,268.45,9061.24,361.43,77.78,4.69,34.53,4.36,9.72,0.0,19.45,28.68,28.68,18.75,64.76,100.75,317.86,7.41,0.0,0.44,76.0,73.0,30.0,46.0,49.0,38.0,51.0,3.0,70.0,62.0,14.0,22.0,27.0,59.0,84.0,65.0,14.0,59.0
2023,Criciúma,3,64,Sobe,12.0,0.39874169705344986,True,Neílton,"CF, AMF",CA,29.0,11,259,0.065736040609137,False,20,7,11.0,258.72,10879.66,665.13,171.15,8.7,66.1,4.17,13.57,1.04,36.53,26.26,27.58,122.79,48.98,412.95,300.96,43.37,6.64,13.28,96.0,78.0,44.0,40.0,53.0,3.0,16.0,40.0,49.0,4.0,8.0,51.0,13.0,87.0,35.0,95.0,29.0,12.0
2023,Criciúma,3,64,Sobe,12.0,0.39874169705344986,True,Welinton Torrão,"RW, RWF, RCMF",ED,23.0,11,206,0.0522842639593908,False,21,1,11.0,205.04,10841.7,719.94,486.4,21.95,106.67,8.34,18.44,3.07,55.75,30.29,32.1,300.11,235.18,433.98,399.81,47.41,6.41,18.58,100.0,84.0,100.0,100.0,100.0,54.0,36.0,79.0,100.0,78.0,78.0,100.0,100.0,76.0,78.0,98.0,72.0,96.0
2023,Criciúma,3,64,Sobe,12.0,0.39874169705344986,True,Fernando Canesin,"AMF, LAMF, RWF",MEI,31.0,7,156,0.0395939086294416,False,22,2,6.0,133.62,10830.3,649.16,160.27,7.41,61.95,5.39,12.12,0.0,51.18,26.55,27.3,53.57,162.68,343.46,426.01,41.11,4.33,14.06,88.0,76.0,48.0,36.0,61.0,39.0,21.0,3.0,94.0,12.0,6.0,9.0,97.0,58.0,76.0,82.0,61.0,73.0
2023,Guarani,9,57,Meio,8.0,0.14501311880046508,False,Lucão,LCB,ZE,27.0,36,3596,0.941271654292785,True,1,1,35.0,3498.6,8952.67,303.48,90.32,4.5,33.44,4.3,9.52,0.69,16.82,28.45,30.74,29.88,67.62,122.76,204.86,11.58,0.31,0.51,68.0,54.0,49.0,32.0,43.0,32.0,43.0,49.0,43.0,51.0,57.0,57.0,32.0,73.0,16.0,95.0,69.0,68.0
2023,Guarani,9,57,Meio,8.0,0.14501311880046508,False,Diogo Mateus,RB,LD,30.0,35,3446,0.9020083761660004,True,2,1,34.0,3351.38,9441.31,437.99,90.66,4.81,42.03,5.56,13.48,0.64,22.24,27.34,29.82,58.53,41.95,258.04,228.89,26.28,0.7,2.38,35.0,10.0,2.0,2.0,2.0,2.0,4.0,11.0,2.0,8.0,31.0,8.0,2.0,25.0,4.0,59.0,25.0,32.0
2023,Guarani,9,57,Meio,8.0,0.14501311880046508,False,Mayk,LB,LE,24.0,36,3303,0.864577384351799,True,3,1,35.0,3214.4,9444.99,499.31,221.44,11.37,62.47,8.09,18.23,2.1,29.37,30.25,32.5,136.64,115.25,268.59,284.59,23.74,0.87,3.95,40.0,40.0,81.0,76.0,67.0,90.0,81.0,83.0,50.0,86.0,92.0,81.0,60.0,40.0,10.0,50.0,36.0,36.0
2023,Guarani,9,57,Meio,8.0,0.14501311880046508,False,Bruno José,"RAMF, RW",ED,25.0,32,2645,0.6923424709689701,True,4,1,31.0,2557.19,9392.24,555.61,265.68,13.16,69.97,7.46,20.17,1.58,33.5,30.69,31.98,191.87,98.74,338.09,265.96,27.64,4.31,10.0,18.0,26.0,64.0,58.0,36.0,34.0,56.0,28.0,14.0,86.0,72.0,62.0,28.0,30.0,12.0,14.0,36.0,32.0
2023,Guarani,9,57,Meio,8.0,0.14501311880046508,False,Matheus Barbosa,"RDMF, RCMF",VOL,29.0,30,2464,0.6449647820293165,True,5,1,29.0,2364.95,10433.12,543.81,141.73,7.42,55.64,4.68,14.99,0.57,29.88,27.81,30.0,60.26,101.46,205.84,388.63,25.51,1.18,2.46,82.0,84.0,79.0,76.0,82.0,53.0,76.0,47.0,37.0,68.0,71.0,89.0,66.0,74.0,47.0,61.0,66.0,50.0
2023,Guarani,9,57,Meio,8.0,0.14501311880046508,False,Matheus Bueno,"LDMF, LCMF",VOL,25.0,29,2450,0.64130020940415,True,6,2,29.0,2454.27,10267.93,319.28,70.15,3.96,34.95,4.44,12.47,0.44,23.65,27.42,30.04,21.07,58.35,115.37,246.95,19.35,0.18,0.96,63.0,3.0,11.0,13.0,5.0,37.0,45.0,29.0,5.0,58.0,74.0,8.0,11.0,11.0,3.0,37.0,18.0,11.0
2023,Guarani,9,57,Meio,8.0,0.14501311880046508,False,Alan Santos,RCB,ZD,32.0,24,2361,0.6180039977155911,True,7,1,23.0,2260.9,8724.21,236.92,72.88,3.38,26.11,4.5,9.39,0.6,15.29,29.26,32.26,16.0,65.87,85.1,167.01,10.19,0.22,0.44,22.0,8.0,15.0,10.0,5.0,38.0,40.0,44.0,10.0,78.0,90.0,10.0,32.0,25.0,5.0,85.0,54.0,60.0
2023,Guarani,9,57,Meio,8.0,0.14501311880046508,False,Bruninho,"AMF, LW, LAMF",MEI,23.0,33,2310,0.6046544831524843,True,8,1,33.0,2315.61,10056.9,629.3,241.55,12.63,77.54,7.62,20.56,1.4,31.83,29.69,32.22,190.75,76.99,394.74,307.25,33.45,6.06,16.13,58.0,67.0,100.0,94.0,91.0,82.0,88.0,64.0,42.0,97.0,100.0,100.0,42.0,88.0,42.0,48.0,79.0,82.0
2023,Guarani,9,57,Meio,8.0,0.14501311880046508,False,Derek,CF,CA,25.0,34,2252,0.5894726822767942,False,9,1,33.0,2228.82,9651.13,579.26,271.1,15.59,79.22,10.46,19.95,2.75,38.08,30.68,33.2,182.84,125.91,322.05,324.58,29.87,10.66,21.97,52.0,53.0,91.0,89.0,84.0,90.0,78.0,84.0,55.0,94.0,100.0,81.0,74.0,42.0,49.0,32.0,78.0,68.0
2023,Guarani,9,57,Meio,8.0,0.14501311880046508,False,J. Victor,"LAMF, LW, RW",EE,24.0,33,2084,0.5454978107747953,False,10,1,32.0,1982.08,9975.69,625.16,291.24,15.17,82.28,11.26,23.75,2.86,44.86,30.82,33.06,230.64,93.62,388.86,307.84,33.63,3.54,11.31,73.0,62.0,58.0,73.0,69.0,85.0,82.0,74.0,78.0,89.0,89.0,71.0,33.0,49.0,35.0,55.0,18.0,27.0
2023,Guarani,9,57,Meio,8.0,0.14501311880046508,False,Bruno Mendes,CF,CA,29.0,33,1561,0.4085998477060727,False,11,2,31.0,1463.51,9878.15,463.2,125.39,6.03,49.44,6.76,14.14,0.74,29.33,27.8,32.46,84.47,53.17,278.46,232.77,28.06,8.92,20.27,67.0,20.0,23.0,18.0,21.0,32.0,20.0,23.0,16.0,37.0,93.0,29.0,16.0,22.0,8.0,24.0,56.0,57.0
2023,Guarani,9,57,Meio,8.0,0.14501311880046508,False,Isaque,"AMF, LW, LAMF",MEI,26.0,30,1522,0.3983913953931087,False,12,2,29.0,1443.62,10228.67,549.7,152.17,8.17,57.23,4.92,15.09,0.56,34.6,27.95,31.02,104.77,69.47,371.81,260.75,39.59,4.73,12.8,67.0,55.0,39.0,58.0,52.0,24.0,58.0,23.0,55.0,48.0,85.0,52.0,36.0,70.0,21.0,79.0,64.0,58.0
2023,Guarani,9,57,Meio,8.0,0.14501311880046508,False,Régis,"AMF, CF",MEI,30.0,28,1352,0.353893013516086,False,13,3,28.0,1353.52,9639.68,459.9,119.43,6.18,47.35,4.59,9.64,0.47,26.93,27.69,30.52,68.83,63.51,287.64,232.08,26.43,3.24,10.4,24.0,18.0,15.0,18.0,18.0,18.0,9.0,15.0,15.0,36.0,67.0,15.0,30.0,24.0,12.0,9.0,27.0,30.0
2023,Guarani,9,57,Meio,8.0,0.14501311880046508,False,Wálber,"RCB, LCB",ZD,26.0,13,1162,0.3041595278888254,False,14,2,13.0,1165.06,8881.93,260.64,87.14,4.09,29.74,4.48,9.12,0.39,17.77,29.0,30.88,27.45,64.41,118.67,156.5,11.95,0.32,0.32,52.0,18.0,42.0,32.0,15.0,35.0,35.0,21.0,35.0,66.0,61.0,45.0,20.0,65.0,2.0,95.0,65.0,52.0
2023,Guarani,9,57,Meio,8.0,0.14501311880046508,False,Wenderson,"RCMF, LCMF, RDMF",MED,25.0,22,1138,0.2978774033885398,False,15,1,21.0,1118.46,9992.54,342.17,81.76,4.18,37.26,4.75,12.63,0.24,30.74,26.41,29.0,29.1,60.99,126.62,244.96,14.82,0.96,2.17,35.0,6.0,17.0,21.0,13.0,52.0,48.0,17.0,32.0,21.0,48.0,17.0,22.0,19.0,5.0,10.0,40.0,21.0
2023,Guarani,9,57,Meio,8.0,0.14501311880046508,False,Lucas Araújo,"RDMF, LCMF",VOL,24.0,25,1090,0.2853131543879688,False,16,3,24.0,1008.24,10033.74,444.19,92.75,4.82,44.1,5.27,13.48,0.54,34.37,27.17,30.78,54.04,56.64,225.05,274.79,33.54,0.55,1.84,39.0,34.0,37.0,32.0,34.0,71.0,55.0,42.0,55.0,49.0,87.0,76.0,8.0,82.0,8.0,89.0,42.0,37.0
2023,Guarani,9,57,Meio,8.0,0.14501311880046508,False,Alexis Alvariño,"RCB, RB, LCB",ZD,22.0,13,1083,0.2834808680753855,False,17,3,13.0,1086.41,9313.72,328.64,103.55,4.8,37.11,4.56,11.52,1.16,17.98,28.13,30.84,38.3,72.6,153.85,200.86,14.38,0.0,0.0,95.0,62.0,51.0,45.0,60.0,40.0,78.0,80.0,42.0,35.0,57.0,70.0,42.0,88.0,15.0,100.0,14.0,15.0
2023,Guarani,9,57,Meio,8.0,0.14501311880046508,False,Pablo Thomaz,"RAMF, RW, CF",ED,23.0,13,458,0.1198838758804492,False,18,2,13.0,459.68,10209.23,580.2,240.27,10.57,64.62,6.85,16.84,1.76,35.05,29.07,31.66,155.55,124.75,319.62,324.08,27.31,1.57,6.91,74.0,38.0,50.0,32.0,28.0,24.0,26.0,42.0,22.0,34.0,59.0,40.0,58.0,18.0,34.0,10.0,8.0,14.0
2023,Guarani,9,57,Meio,8.0,0.14501311880046508,False,Gustavo França,"AMF, CF, LW",MEI,25.0,7,370,0.0968494193794022,False,19,4,7.0,370.65,10551.38,677.15,209.29,12.38,72.84,8.26,16.02,2.19,44.19,28.7,29.36,137.15,103.54,375.54,422.89,42.29,6.66,18.65,79.0,88.0,85.0,85.0,82.0,97.0,76.0,94.0,79.0,76.0,36.0,88.0,73.0,73.0,73.0,89.0,82.0,91.0
2023,Guarani,9,57,Meio,8.0,0.14501311880046508,False,Lucas Silva,"LAMF, LW",EE,25.0,14,338,0.0884732533790215,False,20,2,12.0,323.4,10420.71,719.35,317.24,13.91,84.04,8.35,24.49,2.23,43.69,30.12,30.94,254.35,93.53,423.23,336.34,42.47,9.2,24.07,95.0,87.0,76.0,64.0,80.0,56.0,89.0,59.0,76.0,64.0,45.0,84.0,31.0,69.0,51.0,87.0,96.0,98.0
2023,Guarani,9,57,Meio,8.0,0.14501311880046508,False,Bernardo,"RCMF, LCMF, CF",MED,21.0,12,285,0.0746002284408909,False,21,2,11.0,262.13,10538.02,480.7,123.95,6.52,49.44,8.58,17.85,1.72,42.92,27.69,29.84,53.51,90.26,205.38,306.96,26.64,0.5,2.51,79.0,56.0,59.0,63.0,54.0,98.0,97.0,97.0,83.0,73.0,75.0,51.0,60.0,49.0,22.0,60.0,16.0,25.0
2023,Guarani,9,57,Meio,8.0,0.14501311880046508,False,Iago Teles,"LW, RAMF, LAMF",EE,23.0,8,267,0.0698886350656767,False,22,3,8.0,267.76,9690.15,591.22,204.02,8.74,62.52,7.73,18.49,1.68,29.91,27.04,27.9,104.83,143.92,317.19,390.46,24.32,2.92,9.24,42.0,45.0,25.0,12.0,18.0,45.0,36.0,37.0,9.0,4.0,4.0,7.0,67.0,13.0,80.0,7.0,11.0,15.0
2023,Guarani,9,57,Meio,8.0,0.14501311880046508,False,Diego Porfírio,LB,LE,23.0,5,175,0.0458071578145821,False,23,2,5.0,174.25,10212.28,699.79,332.08,12.39,70.24,5.16,20.14,0.0,32.02,30.36,30.36,156.78,213.17,298.71,445.85,22.55,2.05,6.83,90.0,95.0,100.0,88.0,86.0,5.0,93.0,2.0,81.0,88.0,35.0,90.0,100.0,69.0,98.0,38.0,83.0,83.0
2023,Guarani,9,57,Meio,8.0,0.14501311880046508,False,Yan,RB,LD,17.0,1,87,0.0227727013135351,False,24,2,1.0,87.03,9466.03,651.47,223.36,9.31,59.98,8.27,14.48,0.0,18.61,30.4,30.4,124.98,122.45,263.36,531.78,,,,,,,,,,,,,,,,,,,,,
2023,Ituano,14,42,Meio,20.0,-0.03296053550170286,False,Mário Sérgio,LB,LE,29.0,31,2815,0.7328126848893621,True,1,1,30.0,2718.0,10128.73,574.39,208.21,10.5,63.74,6.19,15.6,0.86,30.86,28.97,30.64,122.86,124.97,314.16,374.54,28.02,2.39,6.05,86.0,79.0,71.0,62.0,71.0,24.0,40.0,19.0,62.0,52.0,48.0,67.0,74.0,76.0,81.0,81.0,94.0,76.0
2023,Ituano,14,42,Meio,20.0,-0.03296053550170286,False,Marcel Scalese,LCB,ZE,27.0,27,2351,0.6120222458880605,True,2,1,26.0,2321.28,9168.43,319.79,79.06,3.95,30.82,3.37,7.79,0.31,15.39,27.8,30.64,19.0,71.35,100.06,259.14,9.73,0.31,0.38,86.0,62.0,32.0,22.0,27.0,7.0,19.0,14.0,27.0,24.0,51.0,24.0,43.0,57.0,59.0,86.0,69.0,49.0
2023,Ituano,14,42,Meio,20.0,-0.03296053550170286,False,José Aldo,"LDMF, RDMF, DMF",VOL,25.0,27,2327,0.6057744645604071,True,3,1,26.0,2274.22,10828.53,486.46,90.82,4.71,46.22,4.0,13.61,0.28,38.19,26.86,28.68,23.15,87.84,142.66,443.79,20.52,0.26,0.72,95.0,61.0,32.0,29.0,42.0,18.0,61.0,18.0,79.0,39.0,37.0,11.0,55.0,29.0,79.0,47.0,26.0,3.0
2023,Ituano,14,42,Meio,20.0,-0.03296053550170286,False,Pacheco,RB,LD,32.0,28,2216,0.5768784759200094,False,4,1,28.0,2218.72,10139.72,620.33,227.11,12.53,70.17,7.02,17.4,1.14,32.09,29.2,30.82,135.3,135.95,338.27,384.99,27.39,0.63,1.04,96.0,90.0,73.0,82.0,84.0,33.0,61.0,27.0,63.0,61.0,53.0,59.0,75.0,78.0,76.0,65.0,20.0,6.0
2023,Ituano,14,42,Meio,20.0,-0.03296053550170286,False,Hélio Borges,"RAMF, RW",ED,23.0,33,2186,0.5690687492604425,False,5,1,32.0,2085.76,10119.05,646.21,329.08,16.27,84.28,9.49,20.2,3.45,46.78,30.88,33.34,246.18,152.29,403.31,375.97,32.63,2.97,8.3,60.0,70.0,90.0,88.0,84.0,76.0,60.0,90.0,80.0,94.0,100.0,90.0,90.0,54.0,66.0,38.0,20.0,22.0
2023,Ituano,14,42,Meio,20.0,-0.03296053550170286,False,Felipe Saraiva,"LAMF, LW",EE,25.0,28,1999,0.5203881197491421,False,6,1,27.0,1896.48,8796.43,481.52,191.64,9.49,59.89,8.12,20.26,2.23,31.99,29.18,31.52,140.48,80.31,324.04,251.81,25.16,2.74,9.69,2.0,7.0,18.0,18.0,11.0,51.0,62.0,59.0,11.0,36.0,58.0,24.0,15.0,16.0,11.0,9.0,9.0,19.0
2023,Ituano,14,42,Meio,20.0,-0.03296053550170286,False,Rafael Carvalheira,"RDMF, RCMF, RW",VOL,24.0,29,1985,0.5167435806413442,False,7,2,28.0,1931.72,10793.57,695.68,158.0,8.53,66.53,4.33,15.47,0.65,41.89,27.24,29.38,57.38,144.87,306.0,562.8,32.77,3.87,11.06,92.0,100.0,92.0,92.0,100.0,32.0,84.0,62.0,89.0,53.0,50.0,82.0,92.0,97.0,100.0,87.0,97.0,97.0
2023,Ituano,14,42,Meio,20.0,-0.03296053550170286,False,Yann Rolim,"AMF, CF, LDMF",MEI,28.0,26,1568,0.4081883800733641,False,8,1,26.0,1569.88,10417.38,543.83,120.91,6.99,56.64,5.96,13.24,1.03,38.58,27.03,29.04,80.71,60.09,317.66,330.25,30.14,5.13,11.73,76.0,45.0,21.0,30.0,48.0,48.0,33.0,45.0,70.0,27.0,30.0,30.0,18.0,42.0,55.0,33.0,67.0,45.0
2023,Ituano,14,42,Meio,20.0,-0.03296053550170286,False,Eduardo Person,"AMF, CF, LCMF",MEI,26.0,21,1523,0.3964737900840137,False,9,2,20.0,1449.4,9555.43,380.91,137.42,6.52,45.58,6.33,12.85,1.8,22.6,28.95,30.86,87.27,80.33,255.5,206.26,27.18,3.5,9.28,18.0,6.0,27.0,24.0,12.0,59.0,30.0,83.0,6.0,85.0,82.0,36.0,53.0,15.0,6.0,12.0,33.0,18.0
2023,Ituano,14,42,Meio,20.0,-0.03296053550170286,False,Rafael Pereira,"LCB, RCB",ZE,38.0,19,1465,0.381374985208851,False,10,2,18.0,1396.08,8442.87,265.78,69.17,3.8,29.2,4.83,9.54,0.13,15.92,28.01,29.66,16.33,57.81,81.37,204.9,4.51,0.12,0.12,16.0,22.0,16.0,19.0,19.0,57.0,46.0,8.0,32.0,35.0,32.0,8.0,16.0,27.0,19.0,19.0,31.0,11.0
2023,Ituano,14,42,Meio,20.0,-0.03296053550170286,False,Wesley Pomba,"LAMF, LW, RAMF",EE,21.0,18,1265,0.3293101408117382,False,11,2,18.0,1268.46,9547.54,599.45,306.78,15.75,80.95,10.07,19.51,3.12,40.16,30.69,32.5,234.39,140.2,366.81,354.16,28.3,6.06,14.15,31.0,49.0,71.0,76.0,67.0,82.0,50.0,82.0,56.0,87.0,80.0,73.0,64.0,36.0,58.0,24.0,61.0,56.0
2023,Ituano,14,42,Meio,20.0,-0.03296053550170286,False,Marthã,"LCMF, LDMF, RDMF",MED,26.0,17,1184,0.3082238788309075,False,12,1,16.0,1135.2,10224.13,419.78,82.61,3.73,40.11,3.96,11.42,0.16,32.58,27.48,29.88,19.77,78.52,114.88,396.0,14.65,0.22,1.21,54.0,32.0,19.0,16.0,22.0,25.0,30.0,13.0,40.0,56.0,77.0,13.0,44.0,10.0,73.0,8.0,8.0,11.0
2023,Ituano,14,42,Meio,20.0,-0.03296053550170286,False,Thiago Conti,"RDMF, RCMF",VOL,26.0,18,1132,0.2946870192876583,False,13,3,17.0,1084.43,10881.0,622.59,113.45,6.22,56.35,4.07,12.53,1.08,49.3,27.53,29.14,59.13,81.59,313.34,446.23,34.34,3.96,11.41,97.0,97.0,55.0,58.0,87.0,24.0,47.0,87.0,97.0,61.0,45.0,87.0,47.0,100.0,82.0,97.0,100.0,100.0
2023,Ituano,14,42,Meio,20.0,-0.03296053550170286,False,Matheus Cadorini,CF,CA,20.0,18,1096,0.2853153472961779,False,14,1,18.0,1098.36,9295.61,482.78,108.73,5.9,49.65,6.96,17.62,0.66,33.02,26.66,28.98,93.36,37.62,332.0,243.24,31.56,14.27,25.66,27.0,29.0,15.0,15.0,23.0,35.0,60.0,22.0,32.0,8.0,23.0,33.0,4.0,48.0,10.0,42.0,99.0,93.0
2023,Ituano,14,42,Meio,20.0,-0.03296053550170286,False,Lucas Siqueira,"LDMF, LCMF, DMF",VOL,34.0,18,671,0.1746775529523133,False,15,4,17.0,642.77,10293.08,539.83,142.41,7.0,50.97,4.76,15.68,0.42,27.03,26.46,28.46,67.11,107.84,208.79,421.96,27.34,1.66,5.91,66.0,82.0,82.0,67.0,61.0,55.0,87.0,26.0,18.0,18.0,29.0,95.0,71.0,76.0,74.0,74.0,76.0,88.0
2023,Ituano,14,42,Meio,20.0,-0.03296053550170286,False,Frazan,RCB,ZD,27.0,9,633,0.1647852325168619,False,16,1,9.0,633.6899999999999,8816.93,309.33,68.03,3.98,30.82,3.98,9.23,0.28,14.34,27.07,28.32,11.89,66.8,72.1,274.55,6.49,0.37,0.37,35.0,48.0,12.0,28.0,32.0,11.0,38.0,12.0,5.0,8.0,2.0,2.0,35.0,8.0,70.0,42.0,79.0,57.0
2023,Ituano,14,42,Meio,20.0,-0.03296053550170286,False,Carlão,LCB,ZE,37.0,6,562,0.1463022127558868,False,17,3,6.0,563.46,8677.44,296.31,77.47,4.63,33.22,4.79,10.06,0.96,17.57,26.78,27.18,24.8,65.96,85.7,255.26,5.24,0.2,0.2,38.0,49.0,27.0,42.0,41.0,54.0,62.0,68.0,49.0,8.0,5.0,38.0,30.0,32.0,54.0,35.0,55.0,24.0
2023,Ituano,14,42,Meio,20.0,-0.03296053550170286,False,Emerson Urso,"RW, RAMF",ED,22.0,12,461,0.1200094663353449,False,18,2,12.0,460.56000000000006,9995.63,605.04,256.59,14.46,80.12,10.94,24.82,3.13,39.28,29.26,30.64,141.54,160.68,326.36,364.54,21.59,4.32,7.68,50.0,46.0,58.0,76.0,72.0,94.0,98.0,84.0,44.0,44.0,32.0,28.0,92.0,22.0,58.0,4.0,38.0,20.0
2023,Ituano,14,42,Meio,20.0,-0.03296053550170286,False,Felipe Fonseca,"RAMF, LW, LAMF",ED,20.0,14,430,0.1119394154537924,False,19,3,14.0,432.04,9832.54,749.55,296.45,14.17,83.75,10.21,26.25,1.87,42.71,28.77,31.68,220.35,130.91,448.94,406.64,31.25,4.63,12.44,40.0,94.0,78.0,68.0,82.0,84.0,100.0,54.0,62.0,30.0,62.0,78.0,68.0,84.0,84.0,26.0,44.0,52.0
2023,Ituano,14,42,Meio,20.0,-0.03296053550170286,False,Alejandro Viniegra,"AMF, LCMF, LW",MEI,21.0,9,407,0.1059519583481244,False,20,3,9.0,406.53,11054.61,692.1,221.4,12.4,76.83,5.09,15.06,0.44,56.68,28.3,28.96,132.9,123.69,413.27,415.83,42.29,5.93,13.47,97.0,94.0,88.0,88.0,85.0,27.0,55.0,12.0,100.0,64.0,27.0,82.0,91.0,94.0,70.0,89.0,73.0,64.0
2023,Ituano,14,42,Meio,20.0,-0.03296053550170286,False,Bruno Xavier,"RAMF, RW",ED,26.0,7,384,0.0999645012424565,False,21,4,7.0,382.62,10198.59,814.74,341.51,16.7,93.38,8.94,22.58,2.12,52.21,29.24,30.02,278.25,134.1,516.4,426.93,42.51,5.16,15.18,70.0,100.0,92.0,92.0,94.0,70.0,84.0,66.0,92.0,42.0,16.0,96.0,70.0,100.0,88.0,92.0,53.0,74.0
2023,Ituano,14,42,Meio,20.0,-0.03296053550170286,False,Vinicius Balieiro,"RDMF, RCMF, LCMF",VOL,24.0,7,275,0.07158916104603,False,22,5,7.0,275.45,10231.51,497.59,133.95,8.17,59.14,6.21,18.62,0.65,39.86,27.39,27.88,40.59,104.34,146.62,368.51,16.95,1.59,4.77,58.0,68.0,76.0,87.0,92.0,89.0,97.0,62.0,83.0,55.0,21.0,53.0,68.0,32.0,26.0,18.0,74.0,79.0
2023,Ituano,14,42,Meio,20.0,-0.03296053550170286,False,Marcelo Freitas,"RCMF, LCMF, LDMF",MED,29.0,3,262,0.0682049461602177,False,23,2,3.0,261.51,10519.85,521.07,82.94,4.47,47.15,2.41,10.67,0.0,30.63,26.73,26.73,34.32,64.02,161.37,455.52,24.95,1.34,2.67,,,,,,,,,,,,,,,,,,
2023,Ituano,14,42,Meio,20.0,-0.03296053550170286,False,Davi Araújo,"AMF, RCMF, LAMF",MEI,24.0,5,216,0.0562300319488817,False,24,4,5.0,217.5,10919.17,663.72,175.03,7.86,62.9,4.55,16.97,0.41,52.14,27.86,27.86,141.09,80.33,389.1,385.79,36.9,5.51,12.12,91.0,82.0,70.0,45.0,67.0,12.0,79.0,9.0,97.0,42.0,12.0,94.0,53.0,82.0,67.0,76.0,70.0,52.0
2023,Ituano,14,42,Meio,20.0,-0.03296053550170286,False,Neto Berola,"LW, LAMF",EE,35.0,6,215,0.0559697077268962,False,25,3,6.0,214.92,9281.85,540.25,343.42,13.4,71.2,8.38,18.43,3.77,38.95,29.32,30.14,237.51,163.64,372.53,237.44,25.72,3.4,13.1,11.0,25.0,85.0,55.0,44.0,60.0,34.0,93.0,47.0,42.0,25.0,78.0,84.0,40.0,7.0,13.0,15.0,45.0
2023,Ituano,14,42,Meio,20.0,-0.03296053550170286,False,Matheus Aluísio,"RB, RCMF",LD,20.0,8,191,0.0497219263992426,False,26,2,7.0,116.76,9706.12,458.67,97.13,6.17,50.88,8.48,15.42,0.77,38.54,26.5,26.8,41.36,57.36,168.51,351.1,20.91,0.0,0.0,67.0,14.0,6.0,4.0,10.0,78.0,25.0,16.0,92.0,2.0,2.0,2.0,6.0,2.0,49.0,20.0,3.0,2.0
2023,Ituano,14,42,Meio,20.0,-0.03296053550170286,False,Brayan,CF,CA,21.0,3,139,0.0361850668559933,False,27,2,3.0,139.56,10316.3,713.29,276.68,16.77,89.0,7.74,19.99,1.29,47.08,28.63,28.63,103.81,236.74,284.81,564.54,33.91,15.96,26.6,,,,,,,,,,,,,,,,,,
2023,Ituano,14,42,Meio,20.0,-0.03296053550170286,False,Rhuan Rodrigues,RB,LD,23.0,2,103,0.026813394864513,False,28,3,2.0,103.12,9147.79,418.07,171.94,7.86,48.88,9.6,15.71,1.75,23.57,32.05,32.05,105.38,100.38,145.25,394.65,19.93,0.95,2.85,,,,,,,,,,,,,,,,,,
2023,Ituano,14,42,Meio,20.0,-0.03296053550170286,False,Zé Carlos,"RW, RAMF",ED,19.0,4,80,0.0208259377588451,False,29,5,4.0,80.04,10378.39,637.48,209.12,6.75,67.46,7.87,24.73,0.0,40.47,28.12,28.12,61.5,240.96,312.0,476.52,23.98,3.0,13.49,,,,,,,,,,,,,,,,,,
2023,Ituano,14,42,Meio,20.0,-0.03296053550170286,False,Jonathan Vieira,LB,LE,25.0,2,70,0.0182226955389894,False,30,2,2.0,70.54,9330.4,463.08,195.18,11.48,59.96,7.65,14.03,2.55,24.24,29.9,29.9,140.94,127.52,223.49,384.2,22.13,0.0,4.02,,,,,,,,,,,,,,,,,,
2023,Ituano,14,42,Meio,20.0,-0.03296053550170286,False,Kaique Clemente,"LW, RCMF, LCMF",EE,18.0,2,51,0.0132765353212637,False,31,4,2.0,50.66,10196.05,575.53,154.54,1.78,46.18,7.11,14.21,0.0,47.96,25.75,25.75,73.34,106.51,301.75,415.38,20.92,0.0,2.09,,,,,,,,,,,,,,,,,,
2023,Ituano,14,42,Meio,20.0,-0.03296053550170286,False,Stevanato,"AMF, RAMF",MEI,19.0,2,25,0.006508105549639,False,32,5,2.0,25.2,11592.86,1000.0,253.57,14.29,89.29,7.14,14.29,0.0,89.29,28.7,28.7,160.53,103.6,256.17,781.29,20.45,3.41,10.23,,,,,,,,,,,,,,,,,,
2023,Juventude,2,65,Sobe,5.0,0.31095398156595455,True,Danilo Boza,"RCB, LCB",ZD,25.0,38,3888,0.98267542851891,True,1,1,37.0,3795.83,9396.14,375.84,144.2,7.66,45.45,5.19,9.6,1.07,21.93,30.05,32.92,48.89,142.17,167.17,298.99,11.97,0.39,0.56,98.0,85.0,85.0,92.0,90.0,65.0,46.0,72.0,75.0,95.0,100.0,85.0,95.0,95.0,82.0,98.0,85.0,75.0
2023,Juventude,2,65,Sobe,5.0,0.31095398156595455,True,Jádson,"RW, RCMF, RDMF",ED,30.0,34,3112,0.7865447359955885,True,2,1,33.0,3018.18,10411.33,723.84,170.96,9.99,69.99,6.65,18.82,1.43,43.0,28.27,30.66,109.8,104.74,382.77,545.65,41.64,2.19,5.53,96.0,88.0,12.0,20.0,38.0,18.0,40.0,18.0,64.0,16.0,34.0,16.0,32.0,46.0,100.0,90.0,14.0,6.0
2023,Juventude,2,65,Sobe,5.0,0.31095398156595455,True,Reginaldo,RB,LD,30.0,33,3040,0.7683470428748679,True,3,1,27.0,2668.95,9136.74,592.4,310.21,14.94,76.28,10.66,18.68,3.1,27.55,31.24,32.82,215.81,175.0,335.87,391.86,28.25,1.68,4.18,10.0,78.0,98.0,98.0,96.0,96.0,73.0,96.0,24.0,98.0,94.0,98.0,92.0,76.0,78.0,76.0,75.0,75.0
2023,Juventude,2,65,Sobe,5.0,0.31095398156595455,True,Alan Ruschel,LB,LE,33.0,32,2845,0.7190616240062497,True,4,1,30.0,2649.0,9199.62,498.59,172.14,8.87,54.56,6.66,15.66,0.99,25.89,28.75,30.68,114.24,106.51,306.08,324.01,28.83,1.91,5.87,24.0,38.0,52.0,38.0,33.0,33.0,43.0,26.0,19.0,45.0,52.0,55.0,55.0,71.0,38.0,88.0,76.0,69.0
2023,Juventude,2,65,Sobe,5.0,0.31095398156595455,True,Zé Marcos,LCB,ZE,25.0,29,2704,0.6834244749781719,True,5,1,28.0,2630.04,9338.23,389.7,97.6,5.34,39.66,4.59,9.92,0.58,19.64,28.44,30.48,31.09,95.57,149.19,330.74,10.6,0.32,0.77,92.0,89.0,59.0,57.0,76.0,49.0,55.0,35.0,73.0,49.0,46.0,62.0,73.0,89.0,86.0,92.0,73.0,80.0
2023,Juventude,2,65,Sobe,5.0,0.31095398156595455,True,Nenê,"AMF, CF",MEI,41.0,28,2415,0.6103809567575019,True,6,1,27.0,2398.41,10043.02,460.3,97.27,5.37,43.76,3.87,8.44,0.49,25.18,27.31,29.62,75.04,46.51,304.05,271.33,31.26,3.49,11.26,55.0,21.0,9.0,9.0,9.0,6.0,6.0,18.0,12.0,30.0,42.0,21.0,6.0,33.0,27.0,39.0,30.0,42.0
2023,Juventude,2,65,Sobe,5.0,0.31095398156595455,True,David,"LW, LAMF, CF",EE,23.0,30,2243,0.5669086898580028,False,7,1,29.0,2168.04,10160.92,687.94,343.91,17.52,89.25,11.29,24.37,3.57,38.98,31.51,33.78,285.94,130.48,485.79,347.77,40.75,7.33,17.24,80.0,82.0,87.0,89.0,85.0,87.0,87.0,91.0,51.0,93.0,95.0,91.0,60.0,91.0,55.0,80.0,87.0,80.0
2023,Juventude,2,65,Sobe,5.0,0.31095398156595455,True,Vini Paulista,"LCMF, LDMF",MED,22.0,28,2163,0.54668903083498,False,8,1,26.0,1971.32,9655.42,587.61,239.24,12.37,71.64,6.26,14.93,1.83,43.19,30.67,32.72,112.57,204.14,274.3,490.88,20.47,1.42,6.43,14.0,84.0,98.0,98.0,97.0,90.0,71.0,100.0,84.0,100.0,98.0,92.0,100.0,76.0,92.0,33.0,51.0,68.0
2023,Juventude,2,65,Sobe,5.0,0.31095398156595455,True,Rodrigo Rodrigues,CF,CA,27.0,20,1937,0.4895684940949405,False,9,1,20.0,1939.8,9515.13,529.13,169.35,9.88,60.78,7.56,14.15,1.35,36.38,29.01,31.02,121.69,89.78,329.71,320.24,30.87,9.23,22.38,42.0,40.0,42.0,46.0,42.0,49.0,21.0,46.0,47.0,64.0,70.0,49.0,45.0,45.0,46.0,37.0,63.0,71.0
2023,Juventude,2,65,Sobe,5.0,0.31095398156595455,True,Jean Irmer,"RCMF, RDMF, DMF",MED,28.0,26,1871,0.4728872754009466,False,10,2,24.0,1773.6,9975.69,464.37,141.53,7.56,51.86,4.62,13.6,0.66,33.24,28.58,30.96,26.86,163.54,126.48,480.98,13.23,0.26,0.68,32.0,48.0,73.0,79.0,63.0,46.0,60.0,67.0,43.0,89.0,92.0,16.0,98.0,17.0,89.0,6.0,11.0,3.0
2023,Juventude,2,65,Sobe,5.0,0.31095398156595455,True,Mandaca,"LCMF, LDMF, RW",MED,21.0,23,1320,0.3336243738798768,False,11,3,20.0,1234.0,9951.93,439.5,125.45,5.54,44.05,4.96,10.79,1.31,29.68,27.83,30.08,96.12,64.9,241.04,305.18,17.52,2.44,5.31,29.0,35.0,62.0,46.0,32.0,62.0,21.0,90.0,29.0,78.0,81.0,87.0,32.0,62.0,21.0,22.0,73.0,54.0
2023,Juventude,2,65,Sobe,5.0,0.31095398156595455,True,Luiz Gustavo,"RCB, RB",ZD,29.0,14,1146,0.2896466155048022,False,12,2,12.0,1089.0,9157.69,424.79,150.08,8.35,49.92,5.95,11.49,2.31,25.7,29.87,30.88,50.39,143.99,167.35,351.53,11.75,0.17,0.5,88.0,95.0,88.0,95.0,98.0,95.0,75.0,100.0,95.0,85.0,61.0,88.0,98.0,98.0,100.0,92.0,41.0,68.0
2023,Juventude,2,65,Sobe,5.0,0.31095398156595455,True,Ruan,"LW, LAMF, RW",EE,18.0,33,1140,0.2881301410780754,False,13,2,30.0,1022.7,9887.42,664.77,301.76,13.73,78.32,7.92,20.24,1.32,43.39,30.05,33.18,234.95,162.0,452.47,379.01,32.6,5.43,17.95,69.0,73.0,67.0,58.0,62.0,47.0,60.0,20.0,75.0,62.0,92.0,75.0,82.0,84.0,76.0,51.0,49.0,82.0
2023,Juventude,2,65,Sobe,5.0,0.31095398156595455,True,Gabriel Taliari,"CF, RWF",CA,26.0,11,1113,0.2813060061578052,False,14,2,10.0,1013.7,9510.17,457.05,146.76,8.43,53.8,6.21,15.63,1.69,32.85,29.0,30.4,112.77,84.12,285.71,305.58,31.36,6.42,16.79,41.0,16.0,32.0,37.0,27.0,18.0,38.0,59.0,31.0,63.0,57.0,44.0,37.0,27.0,40.0,41.0,26.0,39.0
2023,Juventude,2,65,Sobe,5.0,0.31095398156595455,True,Matheus Vargas,"AMF, CF, LCMF",MEI,27.0,22,1059,0.2676577363172648,False,15,2,22.0,1065.6799999999998,9472.78,477.06,171.01,8.19,51.43,6.25,14.69,1.44,30.49,28.28,30.7,119.06,103.94,271.21,324.88,27.97,4.25,9.4,15.0,24.0,64.0,61.0,27.0,55.0,48.0,73.0,30.0,61.0,79.0,67.0,79.0,18.0,52.0,21.0,55.0,21.0
2023,Juventude,2,65,Sobe,5.0,0.31095398156595455,True,Kelvyn,LB,LE,24.0,16,1019,0.2575479068057534,False,16,2,16.0,1020.96,10183.54,507.41,151.8,7.76,51.75,6.79,14.99,1.41,32.26,27.61,30.44,86.66,99.44,285.75,326.08,28.62,1.59,5.93,88.0,45.0,24.0,17.0,21.0,36.0,33.0,55.0,83.0,14.0,39.0,33.0,33.0,60.0,43.0,83.0,65.0,71.0
2023,Juventude,2,65,Sobe,5.0,0.31095398156595455,True,Dani Bolt,RB,LD,24.0,15,915,0.2312623500758237,False,17,2,14.0,867.5799999999999,9231.38,463.63,244.53,11.41,59.76,7.88,17.12,2.59,25.62,30.99,32.14,167.42,138.23,255.17,313.82,15.17,0.91,2.01,14.0,16.0,80.0,65.0,39.0,66.0,55.0,86.0,10.0,92.0,82.0,88.0,76.0,24.0,27.0,4.0,39.0,24.0
2023,Juventude,2,65,Sobe,5.0,0.31095398156595455,True,Romércio,"RCB, LCB",ZD,26.0,10,891,0.2251964523689168,False,18,3,9.0,876.15,9009.62,353.27,103.55,4.83,37.29,5.24,11.2,0.72,20.24,27.9,28.88,33.41,87.27,142.88,273.58,8.57,0.33,0.66,75.0,75.0,51.0,49.0,65.0,70.0,68.0,52.0,65.0,30.0,8.0,57.0,57.0,82.0,68.0,75.0,69.0,82.0
2023,Juventude,2,65,Sobe,5.0,0.31095398156595455,True,Erick Farias,CF,CA,26.0,13,738,0.1865263544873857,False,19,3,10.0,628.5,9924.99,726.39,222.8,13.03,77.32,11.74,23.2,2.43,41.81,28.63,29.66,142.63,148.93,453.59,444.43,38.91,12.82,20.6,70.0,89.0,67.0,71.0,80.0,96.0,93.0,76.0,76.0,56.0,34.0,64.0,88.0,96.0,81.0,79.0,95.0,58.0
2023,Juventude,2,65,Sobe,5.0,0.31095398156595455,True,Tite,"CF, RW, RAMF",CA,21.0,13,651,0.1645374752998483,False,20,4,8.0,475.36,10980.43,863.52,315.23,16.85,92.2,7.57,21.96,2.27,53.96,29.18,30.04,193.3,204.62,487.15,606.63,39.47,5.19,13.24,97.0,97.0,92.0,95.0,92.0,51.0,90.0,75.0,96.0,71.0,45.0,88.0,98.0,97.0,99.0,82.0,11.0,10.0
2023,Juventude,2,65,Sobe,5.0,0.31095398156595455,True,Victor Andrade,"LW, LAMF, CF",EE,27.0,15,619,0.1564496116906392,False,21,3,14.0,598.7800000000001,9197.63,518.49,135.86,7.36,52.6,6.01,15.78,1.05,29.16,27.28,29.62,96.07,69.97,336.78,293.46,28.19,5.29,12.08,7.0,15.0,4.0,5.0,5.0,11.0,13.0,13.0,7.0,5.0,15.0,4.0,9.0,22.0,31.0,22.0,44.0,35.0
2023,Juventude,2,65,Sobe,5.0,0.31095398156595455,True,Guilherme Gehring,"RCMF, RDMF, LCMF",MED,18.0,12,471,0.1190432424980469,False,22,4,11.0,471.02,10612.94,372.79,34.01,1.72,30.38,3.44,8.79,0.57,33.06,24.74,25.84,14.04,21.96,58.4,358.39,15.24,0.0,0.0,81.0,11.0,5.0,3.0,5.0,11.0,6.0,52.0,41.0,2.0,5.0,8.0,5.0,5.0,52.0,11.0,3.0,2.0
2023,Juventude,2,65,Sobe,5.0,0.31095398156595455,True,Daniel Cruz,"CF, RAMF, RW",CA,22.0,10,370,0.0935159229814806,False,23,5,9.0,307.98,10059.8,733.19,255.7,16.07,87.08,13.15,20.75,2.92,48.22,29.28,30.82,137.0,124.17,381.6,423.49,29.24,6.27,16.29,74.0,90.0,84.0,90.0,90.0,99.0,84.0,89.0,89.0,76.0,67.0,60.0,71.0,75.0,76.0,30.0,23.0,33.0
2023,Juventude,2,65,Sobe,5.0,0.31095398156595455,True,Robertinho,"RW, LW, RAMF",ED,23.0,10,321,0.0811313818298791,False,24,2,10.0,321.6,10359.79,804.85,266.98,14.55,90.39,10.91,23.79,1.68,48.41,29.65,30.96,193.9,127.79,448.2,513.89,35.81,4.26,13.64,90.0,98.0,66.0,78.0,92.0,92.0,94.0,34.0,86.0,60.0,42.0,66.0,64.0,78.0,98.0,58.0,34.0,62.0
2023,Juventude,2,65,Sobe,5.0,0.31095398156595455,True,Kadi Silva,"RCMF, RDMF, LCMF",MED,27.0,7,271,0.0684940949404898,False,25,5,4.0,208.88,9585.83,287.39,61.61,2.15,30.16,4.74,10.77,0.43,29.3,25.38,25.38,29.82,56.69,106.04,267.66,11.1,0.0,1.85,,,,,,,,,,,,,,,,,,
2023,Juventude,2,65,Sobe,5.0,0.31095398156595455,True,Fernando Boldrin,"RCMF, LCMF",MED,34.0,5,179,0.0452414870640136,False,26,6,6.0,199.2,10444.43,489.31,126.05,6.78,53.31,4.07,9.49,0.45,34.34,27.28,27.9,67.16,85.56,256.42,308.01,33.97,2.7,5.93,71.0,62.0,65.0,67.0,67.0,30.0,11.0,32.0,48.0,49.0,20.0,68.0,52.0,71.0,25.0,87.0,78.0,61.0
2023,Juventude,2,65,Sobe,5.0,0.31095398156595455,True,Fábio Gomes,"CF, RW",CA,26.0,4,177,0.044735995588438,False,27,6,4.0,177.2,9718.78,602.31,332.14,15.24,82.27,8.63,21.33,2.54,37.07,31.43,31.43,234.01,162.84,365.2,350.32,35.54,10.49,22.14,,,,,,,,,,,,,,,,,,
2023,Juventude,2,65,Sobe,5.0,0.31095398156595455,True,Rafael Furtado,CF,CA,23.0,4,135,0.034120674601351,False,28,7,4.0,134.56,8480.55,360.49,109.69,7.36,44.81,8.03,16.72,2.68,25.41,27.2,27.2,62.83,91.46,233.51,328.05,35.93,9.98,31.94,,,,,,,,,,,,,,,,,,
2023,Juventude,2,65,Sobe,5.0,0.31095398156595455,True,G. Gordillo,LCB,ZE,28.0,1,105,0.0265383024677174,False,29,2,1.0,105.33,8708.35,259.75,64.94,3.42,22.22,5.98,9.4,0.0,16.23,28.9,28.9,6.66,94.98,68.46,307.91,1.9,0.0,0.0,,,,,,,,,,,,,,,,,,
2023,Juventude,2,65,Sobe,5.0,0.31095398156595455,True,Echaporã,"LWF, RCMF, LW",EE,23.0,3,81,0.0204724047608106,False,30,4,2.0,61.44,9644.11,681.23,320.84,19.05,93.76,13.19,20.51,2.93,43.95,28.5,28.5,205.53,121.51,458.65,305.18,34.58,2.16,10.81,,,,,,,,,,,,,,,,,,
2023,Juventude,2,65,Sobe,5.0,0.31095398156595455,True,Geuvânio,RW,ED,31.0,2,59,0.0149119985294793,False,31,3,2.0,58.72,9953.9,778.65,291.23,15.33,75.11,6.13,21.46,3.07,41.39,28.15,28.15,206.12,171.1,568.61,455.13,37.28,7.1,12.43,,,,,,,,,,,,,,,,,,
2023,Juventude,2,65,Sobe,5.0,0.31095398156595455,True,Vitor Gonçalves,"CF, AMF",CA,20.0,3,46,0.0116263039382381,False,32,8,3.0,45.93,11213.58,1054.52,223.45,13.72,92.12,7.84,19.6,0.0,78.4,27.6,27.6,128.34,96.37,574.33,636.71,40.04,17.16,31.46,,,,,,,,,,,,,,,,,,
2023,Juventude,2,65,Sobe,5.0,0.31095398156595455,True,Kelvi,RB,LD,20.0,1,37,0.009351592298148,False,33,3,1.0,37.47,8239.32,396.35,69.66,4.8,43.24,9.61,21.62,0.0,45.64,27.9,27.9,25.09,128.21,169.34,605.13,,,,,,,,,,,,,,,,,,,,,
2023,Londrina,19,31,Cai,18.0,-0.37832821317998466,False,Paulinho Moccelin,"LAMF, LW, RAMF",EE,29.0,31,2726,0.7040619863817797,True,1,1,31.0,2729.55,9759.67,526.92,209.77,11.01,64.2,5.67,15.27,1.42,35.74,29.21,31.28,136.62,115.68,338.65,310.29,32.03,4.25,8.51,53.0,16.0,27.0,27.0,24.0,5.0,7.0,25.0,30.0,38.0,53.0,22.0,51.0,24.0,36.0,42.0,25.0,9.0
2023,Londrina,19,31,Cai,18.0,-0.37832821317998466,False,Iago Dias,"CF, LAMF",CA,30.0,30,2234,0.5769899037332707,False,2,1,30.0,2233.5,8978.76,539.31,237.42,13.18,72.17,10.64,22.65,3.14,31.87,30.14,32.46,205.57,89.77,383.66,277.17,34.77,7.81,15.87,13.0,43.0,74.0,76.0,66.0,91.0,92.0,95.0,25.0,88.0,93.0,93.0,44.0,78.0,25.0,62.0,45.0,29.0
2023,Londrina,19,31,Cai,18.0,-0.37832821317998466,False,Gustavo Salomão,LB,LE,25.0,20,1846,0.4767785865226578,False,3,1,20.0,1849.0,9801.4,610.47,286.45,14.55,76.76,7.84,17.04,1.65,31.98,30.17,31.46,210.65,134.51,345.21,365.57,26.44,2.21,6.92,79.0,90.0,98.0,98.0,100.0,82.0,62.0,64.0,79.0,79.0,76.0,100.0,83.0,93.0,76.0,67.0,88.0,86.0
2023,Londrina,19,31,Cai,18.0,-0.37832821317998466,False,Rafael Vaz,LCB,ZE,34.0,17,1734,0.4478516083587696,False,4,1,17.0,1736.72,8227.33,217.24,55.3,2.64,23.32,3.37,6.58,0.67,11.82,27.9,29.8,19.73,43.5,79.05,172.03,6.6,0.4,1.29,5.0,5.0,8.0,3.0,5.0,7.0,8.0,46.0,5.0,30.0,35.0,27.0,5.0,22.0,3.0,57.0,76.0,92.0
2023,Londrina,19,31,Cai,18.0,-0.37832821317998466,False,Patrick,"LCB, RCB",ZE,29.0,16,1610,0.4158253111058934,False,5,2,16.0,1611.68,9023.55,365.31,136.87,7.48,42.83,5.81,12.12,1.17,24.29,29.48,31.02,48.94,101.85,143.98,263.16,8.52,0.5,0.92,73.0,78.0,84.0,92.0,84.0,92.0,86.0,89.0,97.0,91.0,73.0,89.0,81.0,86.0,65.0,81.0,95.0,86.0
2023,Londrina,19,31,Cai,18.0,-0.37832821317998466,False,Moisés Gaúcho,"RDMF, RCMF",VOL,28.0,24,1575,0.4067856304296783,False,6,1,24.0,1577.04,10710.98,526.77,112.48,5.76,49.82,3.02,10.56,0.63,35.32,26.84,29.74,57.95,74.0,230.46,396.53,26.98,2.39,4.79,89.0,79.0,53.0,50.0,58.0,5.0,16.0,55.0,62.0,37.0,61.0,84.0,37.0,87.0,55.0,68.0,89.0,82.0
2023,Londrina,19,31,Cai,18.0,-0.37832821317998466,False,Marcos Pedro,LB,LE,21.0,17,1417,0.365977929091336,False,7,2,17.0,1419.84,9574.05,551.65,250.12,13.44,72.2,8.87,21.23,3.17,31.82,30.24,31.74,132.38,170.53,312.22,364.9,26.73,2.39,5.54,57.0,71.0,88.0,95.0,93.0,98.0,100.0,95.0,74.0,83.0,81.0,76.0,95.0,74.0,71.0,71.0,94.0,64.0
2023,Londrina,19,31,Cai,18.0,-0.37832821317998466,False,Higor Leite,"AMF, CF, LCMF",MEI,30.0,21,1362,0.3517727166001408,False,8,1,21.0,1365.21,10130.64,509.42,89.66,4.35,46.15,4.22,10.09,0.59,31.58,26.15,28.0,36.92,61.25,243.29,373.93,27.77,4.31,12.09,64.0,36.0,6.0,6.0,15.0,9.0,12.0,27.0,39.0,6.0,15.0,6.0,21.0,12.0,61.0,18.0,58.0,48.0
2023,Londrina,19,31,Cai,18.0,-0.37832821317998466,False,Ariel,"AMF, CF",MEI,24.0,17,1128,0.2913359943648744,False,9,2,17.0,1129.65,10655.55,657.96,239.58,12.35,77.21,8.05,22.63,1.99,42.39,29.22,31.36,175.84,114.97,436.86,376.84,41.37,10.08,23.79,82.0,79.0,97.0,82.0,88.0,88.0,100.0,88.0,76.0,94.0,94.0,97.0,82.0,100.0,64.0,85.0,100.0,100.0
2023,Londrina,19,31,Cai,18.0,-0.37832821317998466,False,William Barbio,"RAMF, RW, CF",ED,30.0,12,1024,0.2644752289269781,False,10,1,12.0,1024.8000000000002,9332.89,484.15,177.04,9.75,60.51,6.41,13.35,1.32,24.68,29.37,30.46,106.13,92.74,285.52,295.14,25.38,4.14,7.51,12.0,6.0,16.0,18.0,16.0,16.0,6.0,16.0,4.0,52.0,28.0,12.0,24.0,8.0,28.0,6.0,30.0,18.0
2023,Londrina,19,31,Cai,18.0,-0.37832821317998466,False,Léo Morais,RB,LD,31.0,10,845,0.2182437191829067,False,11,1,10.0,845.6999999999999,9191.48,456.11,126.64,6.6,46.08,6.7,14.9,0.64,26.6,28.16,29.44,99.39,53.43,268.82,263.9,23.39,0.62,3.52,12.0,12.0,8.0,6.0,4.0,29.0,22.0,11.0,14.0,27.0,25.0,33.0,4.0,35.0,8.0,37.0,18.0,63.0
2023,Londrina,19,31,Cai,18.0,-0.37832821317998466,False,Diego Jardel,"AMF, LCMF, CF",MEI,33.0,15,826,0.2133364639586757,False,12,3,15.0,825.75,10072.17,481.08,132.31,6.87,51.66,5.89,15.91,1.31,31.17,28.17,30.28,92.42,62.38,326.32,248.43,35.54,7.49,14.69,61.0,27.0,24.0,27.0,30.0,45.0,67.0,58.0,36.0,58.0,64.0,42.0,24.0,48.0,18.0,67.0,85.0,76.0
2023,Londrina,19,31,Cai,18.0,-0.37832821317998466,False,U. Clinton,"LAMF, RAMF, LW",EE,21.0,18,789,0.2037802301009626,False,13,2,18.0,789.1200000000001,9568.7,627.51,479.93,23.38,101.73,15.05,29.43,5.82,45.96,31.87,33.86,356.17,219.39,373.48,372.0,32.13,5.45,14.28,33.0,64.0,100.0,100.0,98.0,100.0,98.0,100.0,80.0,96.0,96.0,100.0,95.0,44.0,71.0,44.0,51.0,60.0
2023,Londrina,19,31,Cai,18.0,-0.37832821317998466,False,Jatobá,"RCMF, RDMF, LDMF",MED,27.0,11,761,0.1965484855599906,False,14,1,11.0,761.31,10644.89,487.2,112.43,6.98,52.85,4.37,13.36,0.24,45.52,26.98,28.48,72.94,58.26,291.94,297.67,32.96,3.21,8.2,89.0,59.0,53.0,74.0,65.0,38.0,54.0,17.0,87.0,38.0,29.0,75.0,16.0,81.0,17.0,84.0,87.0,83.0
2023,Londrina,19,31,Cai,18.0,-0.37832821317998466,False,Peu,"RAMF, LW, RW",ED,20.0,17,743,0.1918995069265085,False,15,2,17.0,743.92,10246.5,689.12,390.29,20.69,97.39,11.13,22.87,3.63,47.43,30.79,32.62,256.73,198.98,448.45,368.41,40.2,8.04,17.45,80.0,78.0,98.0,98.0,98.0,96.0,88.0,94.0,84.0,90.0,88.0,94.0,98.0,82.0,60.0,88.0,96.0,88.0
2023,Londrina,19,31,Cai,18.0,-0.37832821317998466,False,Caio Mancha,CF,CA,30.0,14,617,0.1593566564921343,False,16,2,14.0,617.26,9746.74,622.36,122.05,8.9,60.81,6.71,15.6,0.44,34.12,27.66,29.18,80.8,61.65,304.96,411.26,31.8,13.63,24.57,55.0,70.0,22.0,41.0,43.0,27.0,37.0,13.0,40.0,30.0,26.0,22.0,22.0,36.0,73.0,44.0,98.0,89.0
2023,Londrina,19,31,Cai,18.0,-0.37832821317998466,False,Lucas Mendes,RB,LD,32.0,7,606,0.1565156139938952,False,17,2,7.0,606.62,9494.55,513.04,189.31,10.24,60.53,6.08,12.02,1.78,26.85,28.86,29.36,128.21,103.07,279.47,326.11,24.07,0.84,1.46,43.0,35.0,47.0,53.0,43.0,15.0,2.0,57.0,20.0,48.0,24.0,55.0,45.0,43.0,39.0,43.0,31.0,11.0
2023,Londrina,19,31,Cai,18.0,-0.37832821317998466,False,Da Silva,"RCB, LCB, CB",ZD,22.0,7,538,0.1389528058229631,False,18,1,6.0,531.24,9103.0,378.64,108.25,7.28,46.59,5.93,12.03,1.69,17.96,29.78,30.06,33.57,80.9,136.01,269.01,6.04,0.0,0.0,82.0,88.0,65.0,88.0,92.0,92.0,90.0,95.0,40.0,82.0,40.0,60.0,50.0,72.0,62.0,32.0,14.0,15.0
2023,Londrina,19,31,Cai,18.0,-0.37832821317998466,False,Victor Hugo,"LCMF, LDMF",MED,19.0,10,503,0.129913125146748,False,19,2,10.0,501.0,10683.24,702.55,127.36,7.72,63.41,5.21,17.6,0.72,60.18,27.12,28.6,51.08,103.94,276.65,581.1,29.72,2.24,4.15,90.0,98.0,68.0,81.0,90.0,70.0,95.0,68.0,100.0,41.0,30.0,44.0,78.0,78.0,98.0,75.0,67.0,46.0
2023,Londrina,19,31,Cai,18.0,-0.37832821317998466,False,Matheus Lucas,CF,CA,24.0,9,462,0.1193237849260389,False,20,3,9.0,462.06000000000006,10114.04,553.13,155.42,10.71,66.61,8.18,16.94,0.58,46.16,27.67,28.34,124.19,60.09,345.15,301.07,34.12,10.62,23.82,78.0,46.0,37.0,52.0,55.0,63.0,53.0,19.0,85.0,31.0,15.0,53.0,21.0,56.0,36.0,57.0,77.0,84.0
2023,Londrina,19,31,Cai,18.0,-0.37832821317998466,False,Luan Freitas,"RCB, LCB",ZD,22.0,7,462,0.1193237849260389,False,21,2,7.0,462.42,8968.02,353.82,110.35,6.23,41.84,7.01,11.68,0.78,24.13,29.03,30.26,22.37,110.07,135.94,258.79,6.26,0.0,0.0,70.0,78.0,68.0,75.0,75.0,98.0,85.0,55.0,92.0,70.0,42.0,35.0,78.0,70.0,60.0,35.0,14.0,15.0
2023,Londrina,19,31,Cai,18.0,-0.37832821317998466,False,Guilherme Lacerda,"LB, LCB",LE,22.0,6,460,0.1188072317445409,False,22,3,6.0,460.26,9781.83,411.61,121.04,6.84,47.12,5.48,13.3,0.98,33.24,28.43,28.82,50.21,86.69,161.91,287.65,16.86,0.67,1.69,76.0,10.0,12.0,10.0,7.0,10.0,12.0,23.0,86.0,36.0,19.0,7.0,19.0,5.0,12.0,10.0,21.0,5.0
2023,Londrina,19,31,Cai,18.0,-0.37832821317998466,False,Igor França,RB,LD,20.0,10,432,0.1115754872035689,False,23,3,10.0,432.8,9449.27,570.98,258.25,12.48,66.95,8.53,18.3,1.87,41.59,29.69,30.98,107.11,195.81,289.47,367.81,17.94,0.4,0.8,39.0,67.0,88.0,78.0,69.0,82.0,69.0,61.0,96.0,76.0,57.0,37.0,98.0,51.0,61.0,6.0,11.0,4.0
2023,Londrina,19,31,Cai,18.0,-0.37832821317998466,False,Garraty,"CF, AMF, RCMF",CA,25.0,13,419,0.1082178915238318,False,24,4,12.0,386.16,12069.64,981.54,230.53,13.29,88.57,4.43,16.08,0.93,51.51,28.19,29.72,153.04,128.66,618.73,545.96,60.5,7.06,21.18,100.0,100.0,68.0,77.0,91.0,4.0,43.0,32.0,93.0,44.0,35.0,70.0,80.0,100.0,95.0,99.0,34.0,62.0
2023,Londrina,19,31,Cai,18.0,-0.37832821317998466,False,Fabricio Baiano,"RB, RDMF, RCMF",LD,31.0,10,407,0.1051185724348438,False,25,4,10.0,407.6,10123.65,726.7,415.13,20.76,101.57,11.92,24.95,4.64,52.11,31.15,33.12,346.74,134.67,451.37,369.21,41.65,0.97,3.87,94.0,100.0,100.0,100.0,100.0,98.0,100.0,100.0,100.0,96.0,98.0,100.0,73.0,100.0,65.0,98.0,43.0,69.0
2023,Londrina,19,31,Cai,18.0,-0.37832821317998466,False,Vinícius Barata,"LAMF, RW, RAMF",EE,24.0,8,396,0.1022775299366048,False,26,3,8.0,396.8,9517.03,700.69,331.86,16.11,90.73,13.84,29.94,4.76,41.28,30.18,31.12,235.59,145.12,494.54,328.91,45.63,6.47,15.81,27.0,84.0,82.0,80.0,89.0,98.0,100.0,96.0,64.0,65.0,49.0,76.0,73.0,93.0,49.0,93.0,73.0,71.0
2023,Londrina,19,31,Cai,18.0,-0.37832821317998466,False,Lucas Coelho,CF,CA,28.0,8,337,0.0870392110824137,False,27,5,8.0,338.4,9279.98,512.53,114.37,5.85,52.66,7.45,15.43,0.8,38.3,27.4,28.78,120.55,40.04,333.81,301.64,33.84,12.52,23.18,25.0,35.0,20.0,13.0,26.0,47.0,35.0,26.0,57.0,22.0,19.0,47.0,7.0,49.0,37.0,55.0,90.0,77.0
2023,Londrina,19,31,Cai,18.0,-0.37832821317998466,False,Natham,"RDMF, RCMF",VOL,24.0,7,333,0.0860061047194177,False,28,2,7.0,332.92,10352.09,520.62,123.53,7.03,54.06,6.22,18.11,0.27,50.01,26.7,28.06,48.93,93.01,204.05,399.77,23.78,0.81,2.42,71.0,74.0,63.0,71.0,71.0,92.0,95.0,16.0,100.0,34.0,24.0,68.0,58.0,71.0,61.0,55.0,53.0,47.0
2023,Londrina,19,31,Cai,18.0,-0.37832821317998466,False,Xandão,LCB,ZE,33.0,4,330,0.0852312749471707,False,29,3,4.0,331.0,8775.58,218.35,60.64,3.81,27.46,5.71,10.06,0.0,19.03,28.07,28.08,29.49,40.82,84.98,168.37,4.65,0.39,0.39,,,,,,,,,,,,,,,,,,
2023,Londrina,19,31,Cai,18.0,-0.37832821317998466,False,Nicolas Schulz,LB,LE,22.0,6,329,0.0849729983564216,False,30,4,6.0,328.86,9333.77,493.94,155.98,10.67,59.93,8.76,16.42,3.56,27.91,29.07,29.68,89.39,98.55,248.96,326.55,23.39,1.28,3.83,29.0,33.0,31.0,64.0,60.0,95.0,57.0,100.0,38.0,55.0,31.0,36.0,29.0,31.0,45.0,45.0,43.0,33.0
2023,Londrina,19,31,Cai,18.0,-0.37832821317998466,False,Everton Moraes,"CF, LW, LAMF",CA,21.0,8,315,0.0813571260859356,False,31,6,8.0,313.04,10426.24,711.87,259.05,14.95,86.25,11.21,19.26,2.88,55.78,29.73,30.74,183.59,152.57,419.83,462.68,42.41,4.63,16.39,88.0,86.0,85.0,85.0,89.0,93.0,76.0,88.0,97.0,81.0,64.0,85.0,90.0,89.0,87.0,90.0,7.0,35.0
2023,Londrina,19,31,Cai,18.0,-0.37832821317998466,False,Hugo Cabral,"CF, LAMF",CA,34.0,5,278,0.0718008922282225,False,32,7,5.0,278.25,9454.77,688.63,266.2,16.82,85.07,9.38,21.02,2.26,50.13,29.96,29.96,194.22,126.92,391.04,441.15,38.56,12.13,22.53,35.0,81.0,88.0,93.0,88.0,82.0,86.0,74.0,91.0,86.0,42.0,89.0,76.0,81.0,79.0,76.0,87.0,75.0
2023,Londrina,19,31,Cai,18.0,-0.37832821317998466,False,Vitor Feijão,"RAMF, RW, LW",ED,26.0,6,266,0.0687015731392345,False,33,3,6.0,266.70000000000005,9843.64,642.86,364.12,17.55,87.4,10.46,22.27,5.4,43.19,31.57,32.08,175.25,187.87,395.63,346.46,35.03,4.8,11.04,44.0,68.0,96.0,94.0,90.0,88.0,80.0,100.0,66.0,98.0,75.0,52.0,96.0,52.0,50.0,50.0,50.0,42.0
2023,Londrina,19,31,Cai,18.0,-0.37832821317998466,False,Vinícius Jaú,"RAMF, RW",ED,25.0,10,257,0.0663770838224935,False,34,4,10.0,257.2,10095.7,721.8,307.89,14.34,85.37,14.69,20.64,4.2,47.23,29.72,31.52,223.36,120.64,422.31,437.03,37.59,4.42,11.61,58.0,86.0,82.0,74.0,86.0,100.0,65.0,98.0,82.0,62.0,53.0,80.0,52.0,68.0,92.0,70.0,42.0,46.0
2023,Londrina,19,31,Cai,18.0,-0.37832821317998466,False,Brandão,CF,CA,18.0,8,222,0.0573374031462784,False,35,8,8.0,221.12,9640.15,721.95,410.22,20.76,94.42,8.95,21.98,4.07,44.36,30.26,31.46,251.95,246.02,364.48,472.57,29.49,9.25,21.97,49.0,87.0,100.0,100.0,95.0,75.0,91.0,98.0,81.0,92.0,80.0,98.0,99.0,62.0,88.0,31.0,64.0,68.0
2023,Londrina,19,31,Cai,18.0,-0.37832821317998466,False,Jonas,"CF, AMF",CA,19.0,3,123,0.0317680206621272,False,36,9,3.0,123.18,10150.39,586.77,196.56,12.42,64.3,6.58,16.81,1.46,31.42,28.3,28.3,92.75,147.77,311.9,399.41,32.97,3.8,11.41,,,,,,,,,,,,,,,,,,
2023,Londrina,19,31,Cai,18.0,-0.37832821317998466,False,Júnior Dutra,CF,CA,35.0,3,81,0.0209204038506691,False,37,10,3.0,80.76,11169.95,806.77,220.64,8.91,71.32,11.14,15.6,0.0,45.69,27.1,27.1,285.48,36.13,685.89,397.47,53.7,12.96,29.63,,,,,,,,,,,,,,,,,,
2023,Londrina,19,31,Cai,18.0,-0.37832821317998466,False,Pedro Cacho,"RCMF, RDMF",MED,23.0,2,58,0.0149800422634421,False,38,3,2.0,57.82,9229.35,386.05,157.22,7.78,42.03,7.78,12.45,4.67,40.47,27.45,27.45,156.21,63.74,283.58,242.21,8.82,0.0,0.0,,,,,,,,,,,,,,,,,,
2023,Londrina,19,31,Cai,18.0,-0.37832821317998466,False,Mauro Bravo,"LCMF, CF",MED,24.0,2,50,0.0129138295374501,False,39,4,2.0,49.88,11952.89,835.35,238.16,12.63,90.21,9.02,32.48,0.0,63.15,28.1,28.1,208.14,47.61,477.94,426.2,48.11,5.77,26.94,,,,,,,,,,,,,,,,,,
2023,Londrina,19,31,Cai,18.0,-0.37832821317998466,False,Pablo Ruan,RW,ED,20.0,2,39,0.010072787039211,False,40,5,2.0,38.98,10497.56,535.61,353.23,13.85,76.19,9.23,25.4,0.0,27.7,32.7,32.7,195.31,198.25,319.35,273.78,15.05,0.0,5.02,,,,,,,,,,,,,,,,,,
2023,Mirassol,7,63,Meio,7.0,0.29025976567153844,True,Lucas Ramon,RB,LD,29.0,35,3252,0.8378498653238083,True,1,1,34.0,3144.66,9833.92,590.65,233.42,11.62,67.71,8.36,16.14,2.43,31.77,30.03,32.48,146.62,141.38,293.2,401.46,25.83,0.93,2.28,76.0,75.0,76.0,69.0,73.0,75.0,37.0,80.0,59.0,81.0,92.0,76.0,78.0,57.0,82.0,55.0,41.0,27.0
2023,Mirassol,7,63,Meio,7.0,0.29025976567153844,True,Danielzinho,"LCMF, AMF, RCMF",MED,28.0,33,3084,0.7945661084436116,True,2,1,32.0,2980.16,10614.45,533.27,119.98,6.1,49.59,3.56,10.66,0.57,35.76,27.48,29.7,59.46,92.4,248.49,424.13,33.0,2.53,7.55,83.0,70.0,56.0,57.0,56.0,16.0,19.0,52.0,52.0,56.0,69.0,56.0,68.0,67.0,78.0,86.0,75.0,76.0
2023,Mirassol,7,63,Meio,7.0,0.29025976567153844,True,Negueba,"RW, RAMF",ED,23.0,35,3064,0.7894132802435883,True,3,1,34.0,2983.16,10199.02,628.34,239.15,12.55,73.92,6.18,20.18,1.54,41.63,29.31,31.36,143.26,144.03,367.19,403.41,36.36,6.36,14.65,72.0,56.0,48.0,46.0,50.0,12.0,58.0,26.0,56.0,46.0,46.0,32.0,84.0,40.0,82.0,64.0,70.0,70.0
2023,Mirassol,7,63,Meio,7.0,0.29025976567153844,True,Chico Kim,"LW, LAMF, AMF",EE,32.0,37,2964,0.7636491392434711,True,4,1,36.0,2882.16,10384.01,675.01,161.91,10.09,70.88,6.65,18.61,1.12,52.55,27.83,29.96,100.13,98.01,373.37,451.52,37.86,6.16,14.95,93.0,78.0,9.0,22.0,42.0,19.0,38.0,16.0,95.0,11.0,22.0,5.0,40.0,42.0,89.0,76.0,67.0,65.0
2023,Mirassol,7,63,Meio,7.0,0.29025976567153844,True,Guilherme Biro,LB,LE,23.0,29,2519,0.64899871179295,True,5,1,28.0,2417.24,9567.84,495.81,176.64,9.72,58.61,7.22,17.69,1.08,28.45,29.33,31.12,105.2,101.54,275.15,308.45,28.95,1.31,3.58,55.0,36.0,57.0,55.0,46.0,55.0,74.0,30.0,45.0,62.0,67.0,48.0,38.0,48.0,29.0,90.0,45.0,27.0
2023,Mirassol,7,63,Meio,7.0,0.29025976567153844,True,Thalisson,RCB,ZD,25.0,27,2506,0.6456493734629347,True,6,1,27.0,2511.54,8650.13,281.15,86.22,4.23,30.64,3.98,8.39,0.36,15.91,29.18,32.44,20.97,87.98,93.59,250.3,7.12,0.04,0.13,15.0,30.0,40.0,35.0,30.0,11.0,12.0,15.0,12.0,72.0,92.0,30.0,60.0,30.0,45.0,50.0,29.0,36.0
2023,Mirassol,7,63,Meio,7.0,0.29025976567153844,True,Rodrigo Sam,RCB,ZD,28.0,23,1630,0.4199554983019088,False,7,2,21.0,1504.65,8843.14,342.63,116.28,6.22,39.42,4.61,11.37,0.9,22.61,28.94,31.28,35.78,94.32,128.33,271.79,7.32,0.34,0.84,45.0,70.0,72.0,72.0,72.0,45.0,72.0,57.0,88.0,60.0,72.0,65.0,70.0,68.0,65.0,57.0,72.0,90.0
2023,Mirassol,7,63,Meio,7.0,0.29025976567153844,True,Yuri Lima,"LDMF, LCMF, DMF",VOL,28.0,22,1488,0.3833704180817426,False,8,1,22.0,1489.84,10970.36,465.18,69.9,3.14,41.14,2.9,7.25,0.06,32.38,25.41,27.06,15.04,75.09,139.19,462.11,28.27,0.07,1.19,100.0,55.0,8.0,3.0,24.0,3.0,3.0,5.0,45.0,3.0,8.0,5.0,39.0,26.0,89.0,79.0,11.0,16.0
2023,Mirassol,7,63,Meio,7.0,0.29025976567153844,True,Zé Roberto,CF,CA,29.0,19,1484,0.3823398524417379,False,9,1,18.0,1401.12,8699.91,402.02,134.37,6.81,45.6,6.42,12.27,0.77,30.57,28.37,30.22,81.7,84.96,231.59,247.38,24.15,6.57,15.73,7.0,7.0,27.0,25.0,11.0,21.0,9.0,25.0,21.0,51.0,53.0,24.0,40.0,10.0,11.0,11.0,27.0,26.0
2023,Mirassol,7,63,Meio,7.0,0.29025976567153844,True,Fernandinho,"LW, LAMF",EE,26.0,31,1476,0.3802787211617285,False,10,2,30.0,1452.0,9933.01,666.59,297.41,13.88,80.21,7.13,22.56,1.74,42.09,30.28,32.96,207.06,148.49,431.16,397.56,35.71,5.8,13.53,71.0,75.0,64.0,62.0,64.0,27.0,78.0,41.0,71.0,73.0,85.0,58.0,75.0,73.0,82.0,69.0,56.0,47.0
2023,Mirassol,7,63,Meio,7.0,0.29025976567153844,True,Cristian Renato,CF,CA,23.0,32,1246,0.3210211968614592,False,11,2,31.0,1219.85,10065.31,792.39,322.15,19.04,96.66,11.14,20.73,3.1,53.72,29.05,32.16,132.99,289.82,330.65,678.55,33.1,8.96,23.1,75.0,96.0,93.0,98.0,98.0,92.0,81.0,93.0,95.0,66.0,89.0,55.0,100.0,46.0,100.0,52.0,57.0,76.0
2023,Mirassol,7,63,Meio,7.0,0.29025976567153844,True,Manoel,LB,LE,27.0,18,1196,0.3081391263614006,False,12,2,17.0,1194.25,9393.57,447.86,169.56,7.84,51.77,7.61,15.9,0.98,25.4,29.14,30.76,91.44,128.5,257.66,307.71,26.49,0.54,3.58,33.0,21.0,45.0,19.0,24.0,71.0,48.0,23.0,10.0,57.0,57.0,43.0,79.0,33.0,25.0,69.0,17.0,27.0
2023,Mirassol,7,63,Meio,7.0,0.29025976567153844,True,Neto Moura,"RCMF, DMF, LCMF",MED,26.0,14,1177,0.3032439395713783,False,13,2,13.0,1069.77,9429.39,358.15,83.88,3.7,36.51,4.04,11.44,0.5,26.84,27.32,28.76,17.8,88.51,105.65,344.87,19.7,0.0,0.81,8.0,8.0,22.0,14.0,11.0,29.0,32.0,37.0,16.0,51.0,34.0,11.0,57.0,8.0,41.0,26.0,3.0,8.0
2023,Mirassol,7,63,Meio,7.0,0.29025976567153844,True,Camilo,"CF, AMF, LCMF",CA,37.0,32,1011,0.2604754655111839,False,14,3,31.0,961.62,9853.46,601.89,221.78,10.39,66.44,5.8,11.79,1.03,33.59,28.18,31.36,136.73,141.0,282.6,489.69,28.7,6.17,15.48,65.0,62.0,66.0,49.0,54.0,10.0,7.0,38.0,37.0,43.0,78.0,59.0,85.0,24.0,89.0,27.0,21.0,22.0
2023,Mirassol,7,63,Meio,7.0,0.29025976567153844,True,Kauan,CF,CA,21.0,16,886,0.2282702892610376,False,15,4,16.0,889.6,10237.76,659.67,150.96,10.22,71.23,7.99,18.11,1.01,43.1,27.44,28.58,60.5,133.65,280.37,547.23,31.93,9.45,22.48,81.0,77.0,35.0,48.0,64.0,59.0,68.0,37.0,79.0,23.0,16.0,11.0,84.0,23.0,96.0,45.0,68.0,73.0
2023,Mirassol,7,63,Meio,7.0,0.29025976567153844,True,Leandro Vilela,"DMF, RCMF, RDMF",VOL,28.0,13,745,0.1919428504508724,False,16,2,13.0,745.29,10121.27,444.96,67.74,3.86,41.05,3.62,11.35,0.0,29.95,25.98,27.8,27.27,59.0,160.25,408.96,24.9,0.52,3.13,53.0,37.0,5.0,11.0,18.0,11.0,26.0,3.0,39.0,5.0,17.0,21.0,13.0,39.0,63.0,58.0,38.0,63.0
2023,Mirassol,7,63,Meio,7.0,0.29025976567153844,True,Julimar,"RW, RAMF, LAMF",ED,22.0,19,671,0.1728773861107858,False,17,2,18.0,644.76,10309.41,735.4,278.16,13.82,82.49,8.37,18.84,2.09,42.43,29.45,31.38,199.56,145.02,462.66,458.76,38.43,7.08,18.68,88.0,92.0,70.0,62.0,80.0,56.0,42.0,64.0,58.0,56.0,48.0,72.0,86.0,92.0,96.0,72.0,84.0,98.0
2023,Mirassol,7,63,Meio,7.0,0.29025976567153844,True,Flávio,"RCMF, LCMF, RDMF",MED,23.0,11,362,0.0932661904204239,False,18,3,11.0,362.12,10628.49,591.83,155.85,7.46,60.65,4.72,15.91,0.25,37.78,27.53,29.76,82.61,93.43,272.52,441.9,35.62,2.16,6.84,86.0,86.0,81.0,78.0,86.0,51.0,87.0,19.0,65.0,60.0,72.0,81.0,70.0,75.0,81.0,94.0,65.0,71.0
2023,Mirassol,7,63,Meio,7.0,0.29025976567153844,True,Heitor,"RB, LB",LD,22.0,8,331,0.0852793067103876,False,19,2,8.0,330.0,9895.68,532.34,163.63,9.27,55.91,5.73,13.64,0.27,28.09,27.91,28.96,72.54,129.28,236.59,449.41,21.96,0.3,1.5,82.0,49.0,25.0,33.0,27.0,6.0,8.0,4.0,29.0,22.0,20.0,18.0,71.0,16.0,96.0,24.0,6.0,15.0
2023,Mirassol,7,63,Meio,7.0,0.29025976567153844,True,Reniê,"LCB, RCB",ZE,34.0,3,219,0.0564234687902564,False,20,1,3.0,218.19,8094.64,226.86,101.47,3.71,26.4,2.89,7.01,1.24,11.14,28.03,28.03,40.09,88.75,55.05,212.89,5.12,0.0,0.0,,,,,,,,,,,,,,,,,,
2023,Mirassol,7,63,Meio,7.0,0.29025976567153844,True,Rodrigo Ferreira,"RB, LB",LD,28.0,5,177,0.0456025295702072,False,21,3,5.0,177.5,9586.53,540.05,131.34,7.1,54.77,7.61,14.2,0.51,25.86,27.24,27.24,91.26,57.46,396.65,249.17,30.86,0.72,5.02,53.0,51.0,10.0,12.0,22.0,53.0,14.0,6.0,12.0,6.0,6.0,27.0,8.0,96.0,6.0,84.0,27.0,84.0
2023,Mirassol,7,63,Meio,7.0,0.29025976567153844,True,Cedric,"RB, RAMF",LD,25.0,5,175,0.0450872467502049,False,22,4,5.0,175.04999999999998,10223.71,718.18,176.85,9.77,68.37,5.65,15.94,1.54,30.85,27.1,27.1,91.94,94.96,367.76,433.97,28.81,2.06,6.17,100.0,98.0,33.0,41.0,78.0,4.0,33.0,47.0,49.0,4.0,4.0,29.0,35.0,86.0,90.0,80.0,84.0,92.0
2023,Mirassol,7,63,Meio,7.0,0.29025976567153844,True,Vico,"RW, RAMF, RCMF",ED,26.0,8,168,0.0432837568801967,False,23,3,8.0,167.68,10166.54,625.41,295.79,11.27,67.1,10.74,22.55,1.61,37.58,28.71,30.08,198.1,136.86,379.68,347.36,32.33,1.27,10.78,64.0,54.0,76.0,36.0,30.0,90.0,82.0,30.0,36.0,27.0,19.0,70.0,78.0,44.0,52.0,32.0,2.0,40.0
2023,Mirassol,7,63,Meio,7.0,0.29025976567153844,True,Silvinho,"LAMF, RW",EE,33.0,6,155,0.0399344185501815,False,24,3,6.0,155.28,9880.0,659.13,315.36,12.75,75.94,7.54,22.03,2.9,32.46,29.6,29.92,176.27,161.02,274.83,431.72,28.49,1.99,8.61,65.0,69.0,73.0,47.0,55.0,40.0,73.0,76.0,13.0,49.0,20.0,45.0,80.0,5.0,84.0,25.0,4.0,11.0
2023,Mirassol,7,63,Meio,7.0,0.29025976567153844,True,Matheusinho,"RW, RAMF, LW",ED,24.0,3,74,0.0190654643400866,False,25,4,3.0,73.23,10095.81,507.56,178.2,6.14,57.76,6.14,18.43,0.0,51.62,28.87,28.87,83.58,180.65,253.16,483.87,31.43,4.83,7.25,,,,,,,,,,,,,,,,,,
2023,Mirassol,7,63,Meio,7.0,0.29025976567153844,True,Juninho,"RAMF, RB",ED,20.0,2,39,0.0100480149900456,False,26,5,2.0,38.28,11580.5,935.66,376.14,14.11,96.39,7.05,25.86,2.35,61.12,30.5,30.5,153.86,210.58,392.04,787.19,29.49,10.53,18.96,,,,,,,,,,,,,,,,,,
2023,Mirassol,7,63,Meio,7.0,0.29025976567153844,True,Breno Roma,RB,LD,23.0,1,29,0.0074716008900339,False,27,5,1.0,29.08,9314.61,826.25,253.75,9.28,64.99,9.28,18.57,0.0,34.04,29.5,29.5,61.58,264.0,450.0,936.0,,,,,,,,,,,,,,,,,,,,,
2023,Novorizontino,6,63,Meio,10.5,0.30852050024446687,True,Adriano Martins,RCB,ZD,26.0,35,3420,0.8809685502189541,True,1,1,35.0,3424.75,9660.1,430.18,128.77,6.73,42.84,4.7,10.09,1.02,22.21,28.82,31.72,38.89,107.3,161.56,330.61,9.43,0.27,0.54,100.0,100.0,78.0,80.0,82.0,48.0,55.0,70.0,80.0,55.0,80.0,75.0,75.0,92.0,95.0,78.0,62.0,72.0
2023,Novorizontino,6,63,Meio,10.5,0.30852050024446687,True,Willean Lepo,RWB,LD,26.0,33,3055,0.7869470529002647,True,2,1,33.0,3059.76,9970.09,606.5,215.23,12.32,67.83,7.5,17.53,1.71,30.97,29.54,31.14,144.33,126.14,357.68,381.45,23.58,1.13,3.78,86.0,86.0,65.0,75.0,75.0,47.0,65.0,55.0,51.0,69.0,59.0,71.0,67.0,82.0,75.0,39.0,51.0,66.0
2023,Novorizontino,6,63,Meio,10.5,0.30852050024446687,True,Marlon,"LCMF, RCMF",MED,33.0,36,2799,0.7210032082055126,True,3,1,36.0,2800.44,10335.18,580.36,178.21,8.68,61.74,5.72,15.97,0.9,40.46,28.52,30.5,119.41,89.76,321.7,406.74,32.04,2.71,8.3,63.0,81.0,87.0,89.0,89.0,81.0,89.0,79.0,71.0,87.0,87.0,94.0,59.0,87.0,75.0,81.0,79.0,86.0
2023,Novorizontino,6,63,Meio,10.5,0.30852050024446687,True,Reverson,"LWB, LCB",LE,26.0,30,2605,0.6710301383977707,True,4,1,30.0,2608.8,9774.32,581.7,160.63,9.94,59.96,7.18,15.97,1.72,26.98,28.52,30.64,97.54,105.31,320.11,385.24,22.46,1.59,4.51,74.0,81.0,38.0,60.0,62.0,52.0,50.0,69.0,33.0,40.0,48.0,45.0,50.0,81.0,86.0,36.0,65.0,45.0
2023,Novorizontino,6,63,Meio,10.5,0.30852050024446687,True,César Martins,CB,ZD,30.0,27,2586,0.666135868674332,True,5,2,27.0,2590.11,9204.72,429.92,177.49,9.8,51.74,5.91,12.68,1.39,22.13,30.55,32.54,70.6,139.52,168.48,331.97,9.55,0.44,1.68,90.0,98.0,98.0,100.0,100.0,90.0,92.0,92.0,78.0,98.0,96.0,98.0,90.0,100.0,98.0,80.0,92.0,100.0
2023,Novorizontino,6,63,Meio,10.5,0.30852050024446687,True,Douglas Baggio,"RWF, LWF",ED,28.0,36,2510,0.6465587897805775,True,6,1,35.0,2480.1,9539.3,535.69,165.3,10.05,61.51,7.88,18.54,1.78,28.78,29.11,31.64,144.0,58.92,405.03,259.84,36.04,5.8,13.91,26.0,22.0,10.0,22.0,20.0,46.0,38.0,45.0,8.0,36.0,56.0,34.0,6.0,56.0,8.0,60.0,62.0,66.0
2023,Novorizontino,6,63,Meio,10.5,0.30852050024446687,True,Aylon,"LWF, RWF, AMF",EE,31.0,35,2491,0.6416645200571388,True,7,1,35.0,2491.65,10264.79,631.8,153.29,9.07,63.64,8.42,16.9,1.41,38.97,28.64,31.44,106.77,86.88,387.37,375.91,33.95,6.83,14.86,87.0,65.0,5.0,16.0,22.0,62.0,24.0,24.0,49.0,25.0,55.0,9.0,22.0,47.0,73.0,57.0,80.0,64.0
2023,Novorizontino,6,63,Meio,10.5,0.30852050024446687,True,Ligger,"LCB, CB",ZE,35.0,22,1857,0.4783504671802918,False,8,1,22.0,1859.44,9621.81,451.02,135.05,7.45,45.6,5.37,9.92,0.97,22.27,28.88,30.78,57.54,100.75,178.72,339.74,9.15,0.47,1.41,100.0,95.0,81.0,89.0,92.0,78.0,55.0,73.0,89.0,68.0,62.0,95.0,78.0,95.0,92.0,84.0,86.0,95.0
2023,Novorizontino,6,63,Meio,10.5,0.30852050024446687,True,Renato Palm,"LCB, CB",ZE,31.0,20,1790,0.4610917265765871,False,9,2,19.0,1739.83,9443.26,383.32,92.8,5.43,38.07,3.72,9.21,0.72,18.57,29.0,30.76,29.61,82.81,126.73,306.53,5.15,0.2,0.4,97.0,86.0,51.0,65.0,70.0,19.0,32.0,55.0,57.0,76.0,59.0,51.0,57.0,81.0,81.0,32.0,55.0,57.0
2023,Novorizontino,6,63,Meio,10.5,0.30852050024446687,True,Léo Tocantins,"LWB, LWF",LE,24.0,21,1203,0.3098845514366672,False,10,2,18.0,1107.9,10250.12,664.42,202.76,11.94,71.0,7.55,21.2,1.87,34.61,29.38,31.72,136.1,118.1,332.31,465.88,23.76,2.74,7.63,93.0,93.0,69.0,83.0,88.0,65.0,98.0,76.0,90.0,64.0,79.0,79.0,67.0,86.0,100.0,52.0,98.0,95.0
2023,Novorizontino,6,63,Meio,10.5,0.30852050024446687,True,Jenison,CF,CA,32.0,31,1011,0.2604266679156031,False,11,1,31.0,1009.98,9900.37,694.79,179.98,11.67,70.66,8.64,17.73,1.07,35.28,27.69,30.34,135.05,87.5,439.88,415.7,30.18,7.54,21.28,68.0,82.0,45.0,58.0,62.0,71.0,63.0,41.0,43.0,33.0,55.0,56.0,43.0,95.0,74.0,34.0,43.0,63.0
2023,Novorizontino,6,63,Meio,10.5,0.30852050024446687,True,Felipe Marques,"RWF, AMF, LWF",ED,33.0,24,915,0.2356977261550711,False,12,2,23.0,911.95,10176.11,784.06,284.71,18.16,95.23,12.43,24.18,4.14,49.05,30.61,32.94,218.49,136.55,506.36,442.09,48.36,12.15,24.56,66.0,96.0,72.0,96.0,96.0,98.0,96.0,96.0,88.0,84.0,94.0,76.0,74.0,96.0,94.0,100.0,100.0,100.0
2023,Novorizontino,6,63,Meio,10.5,0.30852050024446687,True,Rodolfo,"CF, LWF",CA,31.0,20,894,0.2302882701449547,False,13,2,11.0,440.0,9935.93,595.27,188.61,10.84,64.64,7.77,16.98,2.05,29.87,28.28,29.78,154.83,68.76,371.75,324.25,26.31,6.72,15.5,71.0,57.0,48.0,53.0,51.0,54.0,54.0,69.0,19.0,47.0,38.0,71.0,31.0,63.0,48.0,16.0,30.0,24.0
2023,Novorizontino,6,63,Meio,10.5,0.30852050024446687,True,Ricardinho,"RCMF, LCMF",MED,34.0,19,763,0.196543568367562,False,14,2,16.0,667.36,10303.03,456.24,74.17,3.1,39.92,4.99,14.7,0.4,34.25,25.97,27.9,36.73,40.75,252.17,290.84,26.17,2.11,10.23,62.0,40.0,13.0,11.0,19.0,66.0,70.0,29.0,46.0,14.0,20.0,30.0,10.0,70.0,14.0,56.0,63.0,89.0
2023,Novorizontino,6,63,Meio,10.5,0.30852050024446687,True,Raul Prata,"RWB, RB, RCB",LD,36.0,10,721,0.1857246563473292,False,15,2,9.0,622.26,10023.05,596.16,164.3,10.56,63.49,7.67,19.81,2.75,27.19,28.79,29.58,139.03,77.26,321.73,369.24,30.22,2.63,7.23,88.0,82.0,27.0,59.0,63.0,55.0,90.0,90.0,22.0,43.0,27.0,61.0,16.0,73.0,67.0,82.0,96.0,98.0
2023,Novorizontino,6,63,Meio,10.5,0.30852050024446687,True,Zé Mateus,"RWB, RCMF",LD,28.0,14,704,0.1813455729105683,False,16,3,13.0,677.82,9938.72,586.18,177.51,10.09,60.81,7.44,19.38,1.33,32.79,28.28,29.9,142.69,75.88,386.67,324.42,28.32,2.11,6.34,84.0,73.0,35.0,47.0,47.0,43.0,82.0,31.0,71.0,31.0,34.0,69.0,14.0,92.0,37.0,78.0,86.0,94.0
2023,Novorizontino,6,63,Meio,10.5,0.30852050024446687,True,Biel,"LCMF, RCMF",MED,21.0,13,263,0.0677469966981242,False,17,3,12.0,254.4,10626.62,687.52,189.31,8.49,65.46,7.43,20.17,1.77,38.57,26.43,28.08,157.66,109.67,308.35,503.57,21.88,1.41,4.23,84.0,97.0,92.0,86.0,94.0,97.0,98.0,98.0,67.0,22.0,24.0,97.0,81.0,84.0,94.0,40.0,49.0,48.0
2023,Novorizontino,6,63,Meio,10.5,0.30852050024446687,True,Paulo Eduardo,LCB,ZE,21.0,5,232,0.0597616092546191,False,18,3,4.0,170.32,10099.24,492.54,133.71,6.87,42.81,6.34,11.63,0.0,18.5,27.18,27.18,89.9,57.11,224.43,348.73,,,,,,,,,,,,,,,,,,,,,
2023,Novorizontino,6,63,Meio,10.5,0.30852050024446687,True,Denner,"LW, AMF, LCMF",EE,23.0,4,222,0.0571856778212303,False,19,2,4.0,221.56,10484.38,701.91,263.22,11.37,72.71,5.69,16.25,1.62,38.59,28.73,28.73,201.96,111.35,435.72,442.03,53.8,3.71,22.26,,,,,,,,,,,,,,,,,,
2023,Novorizontino,6,63,Meio,10.5,0.30852050024446687,True,Guilherme Matos,"CB, LCB, RCB",ZD,21.0,4,178,0.0458515795143198,False,20,3,4.0,177.64,8930.42,452.45,207.73,9.63,58.27,7.6,20.77,1.01,30.91,30.53,30.53,57.78,246.0,117.04,462.86,4.38,0.0,0.0,,,,,,,,,,,,,,,,,,
2023,Novorizontino,6,63,Meio,10.5,0.30852050024446687,True,Joãozinho,"LWB, LWF, LB",LE,34.0,5,126,0.0324567360606983,False,21,3,5.0,126.4,10426.95,756.78,123.88,10.68,66.92,5.7,11.39,0.71,34.17,27.54,27.54,70.33,98.78,452.54,417.07,34.42,0.0,5.74,100.0,100.0,14.0,67.0,79.0,17.0,2.0,14.0,88.0,12.0,5.0,17.0,31.0,100.0,90.0,100.0,5.0,67.0
2023,Novorizontino,6,63,Meio,10.5,0.30852050024446687,True,João Afonso,"LCMF, RCB",MED,28.0,5,121,0.0311687703440039,False,22,4,4.0,105.28,10659.83,644.44,200.0,5.98,41.88,6.84,15.38,1.71,31.62,26.25,26.25,75.9,99.06,271.08,499.2,13.89,0.0,0.0,,,,,,,,,,,,,,,,,,
2023,Novorizontino,6,63,Meio,10.5,0.30852050024446687,True,Luisão,"RCB, LCB",ZD,19.0,2,65,0.0167435543170269,False,23,4,2.0,65.72,10634.29,532.74,143.8,10.96,54.78,6.85,17.8,0.0,28.76,29.9,29.9,42.74,144.55,147.95,449.5,4.22,0.0,0.0,,,,,,,,,,,,,,,,,,
2023,Ponte Preta,15,42,Meio,13.0,-0.17472310918557565,False,Artur,LB,LE,29.0,34,3442,0.887570912841671,True,1,1,34.0,3448.96,8947.3,446.61,191.95,9.45,55.32,8.98,18.16,2.3,26.93,30.19,32.08,107.44,117.78,226.62,309.94,15.75,0.72,2.12,5.0,19.0,64.0,50.0,40.0,100.0,79.0,88.0,29.0,81.0,88.0,50.0,64.0,19.0,31.0,7.0,27.0,7.0
2023,Ponte Preta,15,42,Meio,13.0,-0.17472310918557565,False,Filipinho,"LDMF, LCMF, RCMF",VOL,21.0,30,2603,0.6712222795255286,True,2,1,30.0,2607.3,10224.66,522.8,162.61,9.94,62.82,6.94,15.98,1.24,44.98,29.13,30.88,42.07,145.09,162.46,472.94,20.03,0.9,2.18,55.0,76.0,100.0,100.0,97.0,97.0,92.0,89.0,92.0,97.0,91.0,58.0,97.0,45.0,92.0,39.0,61.0,45.0
2023,Ponte Preta,15,42,Meio,13.0,-0.17472310918557565,False,Fábio Sanches,LCB,ZE,32.0,27,2486,0.6410520887055183,True,3,1,27.0,2489.67,8347.31,293.0,108.34,5.39,34.99,5.71,10.95,1.05,15.04,29.06,31.7,30.19,91.09,90.24,247.73,3.05,0.0,0.18,11.0,43.0,73.0,59.0,57.0,89.0,76.0,82.0,22.0,81.0,91.0,59.0,68.0,43.0,43.0,8.0,14.0,22.0
2023,Ponte Preta,15,42,Meio,13.0,-0.17472310918557565,False,Mateus Silva,RCB,ZD,28.0,25,2412,0.6219700876740588,True,4,1,25.0,2417.5,8783.41,291.23,63.55,4.02,31.64,5.66,11.35,1.15,17.91,27.34,29.76,14.95,55.78,109.85,229.59,7.58,0.24,0.24,32.0,35.0,5.0,30.0,40.0,82.0,70.0,78.0,38.0,12.0,38.0,8.0,8.0,62.0,38.0,68.0,59.0,45.0
2023,Ponte Preta,15,42,Meio,13.0,-0.17472310918557565,False,Felipe Amaral,"RDMF, DMF, RCMF",VOL,20.0,30,2215,0.5711707065497679,False,5,2,30.0,2219.7,10233.36,451.5,108.21,5.03,45.49,4.42,10.62,0.57,36.94,27.17,29.58,49.43,81.9,164.87,372.06,16.64,2.28,4.63,61.0,45.0,50.0,39.0,37.0,34.0,18.0,47.0,74.0,49.0,55.0,71.0,50.0,47.0,32.0,16.0,87.0,76.0
2023,Ponte Preta,15,42,Meio,13.0,-0.17472310918557565,False,Léo Naldi,"RW, RCMF",ED,22.0,28,2097,0.5407426508509541,False,6,1,28.0,2099.72,9713.24,536.71,178.32,8.74,59.24,5.23,12.47,0.99,33.61,28.63,30.68,85.65,123.45,282.15,388.05,25.88,1.98,5.57,36.0,24.0,18.0,10.0,14.0,4.0,4.0,10.0,16.0,24.0,36.0,6.0,54.0,6.0,68.0,8.0,12.0,8.0
2023,Ponte Preta,15,42,Meio,13.0,-0.17472310918557565,False,Élvis,"AMF, CF",MEI,32.0,23,1798,0.4636410520887055,False,7,1,23.0,1801.36,8908.39,283.73,51.56,2.0,25.98,3.7,7.54,0.25,17.59,25.37,27.38,25.07,35.53,131.27,224.24,13.75,1.46,5.22,3.0,3.0,3.0,3.0,3.0,3.0,3.0,6.0,3.0,3.0,9.0,3.0,3.0,3.0,9.0,3.0,3.0,3.0
2023,Ponte Preta,15,42,Meio,13.0,-0.17472310918557565,False,Jeh,CF,CA,23.0,18,1553,0.4004641567818463,False,8,1,18.0,1555.38,9246.17,505.91,212.42,9.95,59.6,8.39,16.49,1.62,27.6,29.61,31.88,167.72,91.63,322.46,290.7,26.85,7.54,18.64,24.0,34.0,63.0,47.0,38.0,66.0,46.0,57.0,11.0,80.0,85.0,78.0,48.0,43.0,27.0,20.0,43.0,51.0
2023,Ponte Preta,15,42,Meio,13.0,-0.17472310918557565,False,Matheus Jesus,"AMF, LCMF, RAMF",MEI,26.0,16,1432,0.3692625064466219,False,9,2,16.0,1434.08,9136.45,458.31,149.49,7.22,49.2,6.09,15.56,1.13,28.49,28.85,30.58,90.1,85.31,276.56,276.36,21.68,2.73,5.57,9.0,12.0,33.0,33.0,24.0,52.0,64.0,52.0,24.0,82.0,70.0,39.0,61.0,21.0,33.0,6.0,21.0,6.0
2023,Ponte Preta,15,42,Meio,13.0,-0.17472310918557565,False,Weverton,RB,LD,24.0,21,1427,0.3679731820526044,False,10,1,21.0,1430.52,9606.33,595.95,256.2,13.84,72.54,9.94,17.99,2.83,30.26,29.65,31.84,213.32,102.85,415.87,318.35,37.45,0.88,2.92,55.0,80.0,82.0,94.0,90.0,92.0,67.0,92.0,45.0,74.0,73.0,96.0,43.0,98.0,31.0,94.0,35.0,43.0
2023,Ponte Preta,15,42,Meio,13.0,-0.17472310918557565,False,Maílton,"RB, LW, LB",LD,25.0,28,1358,0.3501805054151624,False,11,2,28.0,1359.68,9368.78,499.45,212.56,11.39,62.89,7.22,19.13,1.79,33.23,29.03,31.88,180.94,91.71,356.77,267.31,28.17,2.04,6.59,24.0,29.0,63.0,63.0,55.0,39.0,76.0,59.0,73.0,53.0,76.0,92.0,31.0,80.0,12.0,73.0,82.0,96.0
2023,Ponte Preta,15,42,Meio,13.0,-0.17472310918557565,False,Pablo Dyego,"LAMF, LW, CF",EE,29.0,16,1220,0.3145951521402785,False,12,1,16.0,1222.72,9539.71,611.63,315.86,14.72,82.59,12.15,20.91,3.17,41.22,30.51,32.08,265.23,113.4,437.58,307.63,46.93,8.16,24.2,29.0,55.0,75.0,71.0,73.0,95.0,67.0,84.0,62.0,79.0,71.0,89.0,49.0,76.0,33.0,95.0,91.0,100.0
2023,Ponte Preta,15,42,Meio,13.0,-0.17472310918557565,False,Paulo Baya,"LAMF, CF, AMF",EE,24.0,24,1110,0.2862300154718927,False,13,2,24.0,1110.96,10325.7,758.39,388.35,18.39,94.21,8.75,19.77,2.92,48.69,30.31,31.76,261.39,234.4,496.41,463.09,35.7,2.42,9.69,89.0,89.0,93.0,91.0,93.0,71.0,53.0,78.0,87.0,75.0,63.0,85.0,96.0,95.0,91.0,67.0,5.0,19.0
2023,Ponte Preta,15,42,Meio,13.0,-0.17472310918557565,False,Tales,"RAMF, RW",ED,24.0,15,833,0.2148014440433213,False,14,2,15.0,835.65,9641.94,520.07,316.52,14.97,77.97,8.72,19.82,2.58,41.25,32.19,33.22,238.7,125.69,358.19,272.67,30.65,1.6,6.86,32.0,12.0,88.0,80.0,64.0,66.0,50.0,72.0,52.0,100.0,98.0,86.0,62.0,36.0,14.0,22.0,10.0,12.0
2023,Ponte Preta,15,42,Meio,13.0,-0.17472310918557565,False,Igor Torres,"CF, RAMF",CA,23.0,20,765,0.1972666322846828,False,15,2,20.0,766.2,10511.96,784.12,203.34,12.8,78.71,7.99,19.62,1.29,44.64,27.75,29.38,147.17,113.46,529.87,454.15,38.5,9.57,20.67,90.0,93.0,54.0,66.0,82.0,59.0,77.0,44.0,82.0,36.0,29.0,65.0,64.0,98.0,85.0,74.0,70.0,59.0
2023,Ponte Preta,15,42,Meio,13.0,-0.17472310918557565,False,Thomás Kayck,LCB,ZE,27.0,12,716,0.1846312532233109,False,16,2,12.0,716.04,8471.33,265.82,93.89,5.4,33.93,4.9,10.43,0.5,18.98,27.57,29.84,34.91,69.82,90.39,210.76,4.61,0.22,0.22,19.0,24.0,54.0,62.0,46.0,62.0,65.0,26.0,62.0,16.0,38.0,70.0,38.0,46.0,22.0,24.0,59.0,27.0
2023,Ponte Preta,15,42,Meio,13.0,-0.17472310918557565,False,André Felipe,CF,CA,32.0,10,657,0.169417225373904,False,17,3,10.0,657.3000000000001,9073.76,465.42,93.25,5.89,48.2,7.8,17.25,1.37,30.95,26.89,28.16,36.37,69.13,267.56,279.25,28.55,6.79,15.37,16.0,22.0,9.0,14.0,18.0,55.0,55.0,48.0,22.0,11.0,14.0,3.0,32.0,16.0,26.0,25.0,31.0,21.0
2023,Ponte Preta,15,42,Meio,13.0,-0.17472310918557565,False,Cássio,"RW, AMF, LAMF",ED,31.0,10,470,0.1211964930376482,False,18,3,10.0,469.4,10250.28,580.02,133.84,7.09,58.1,5.75,15.34,0.77,51.0,26.84,28.06,78.55,79.3,323.55,373.88,36.73,4.41,9.92,82.0,36.0,4.0,4.0,8.0,8.0,12.0,8.0,90.0,4.0,4.0,4.0,16.0,20.0,62.0,68.0,40.0,30.0
2023,Ponte Preta,15,42,Meio,13.0,-0.17472310918557565,False,Dudu Hatamoto,"LAMF, LW",EE,20.0,11,466,0.1201650335224342,False,19,3,11.0,467.5,10333.16,844.17,366.74,20.02,104.15,10.78,25.6,4.04,50.63,29.62,31.14,323.57,130.77,595.69,434.75,48.99,9.86,22.8,91.0,96.0,89.0,95.0,100.0,84.0,95.0,95.0,91.0,53.0,51.0,96.0,62.0,98.0,87.0,98.0,100.0,96.0
2023,Ponte Preta,15,42,Meio,13.0,-0.17472310918557565,False,Castro,RCB,ZD,28.0,6,459,0.1183599793708096,False,20,2,6.0,459.36,8870.69,349.54,167.32,7.64,44.08,5.68,13.91,0.39,19.4,28.8,29.16,80.98,136.48,145.65,288.67,5.2,0.4,1.6,50.0,72.0,90.0,90.0,88.0,85.0,100.0,21.0,57.0,50.0,15.0,100.0,88.0,85.0,78.0,20.0,88.0,98.0
2023,Ponte Preta,15,42,Meio,13.0,-0.17472310918557565,False,Samuel Andrade,"CF, RAMF, RW",CA,23.0,17,411,0.1059824651882413,False,21,4,17.0,411.74,10997.14,929.32,343.58,19.23,107.53,12.46,25.13,2.84,59.23,28.98,30.92,250.62,181.07,541.18,577.94,41.62,5.95,15.29,98.0,99.0,97.0,99.0,100.0,98.0,98.0,87.0,98.0,62.0,68.0,97.0,96.0,99.0,97.0,88.0,18.0,20.0
2023,Ponte Preta,15,42,Meio,13.0,-0.17472310918557565,False,Júnior Tavares,LB,LE,27.0,5,306,0.0789066529138731,False,22,2,5.0,306.35,10302.36,702.69,232.37,11.16,69.62,5.29,14.39,0.29,31.73,28.24,28.24,152.3,120.29,439.39,365.17,33.28,0.44,3.5,98.0,98.0,83.0,74.0,83.0,7.0,21.0,7.0,71.0,29.0,10.0,88.0,71.0,98.0,74.0,98.0,12.0,24.0
2023,Ponte Preta,15,42,Meio,13.0,-0.17472310918557565,False,P. Villero,"LW, LAMF, RCMF",EE,24.0,8,262,0.0675605982465188,False,23,4,8.0,262.16,10218.84,799.48,426.34,19.91,98.52,8.58,22.31,3.43,47.71,30.65,31.06,327.66,155.12,601.89,360.66,49.05,6.5,18.91,85.0,95.0,95.0,93.0,96.0,67.0,75.0,87.0,85.0,85.0,47.0,98.0,76.0,100.0,60.0,100.0,75.0,85.0
2023,Ponte Preta,15,42,Meio,13.0,-0.17472310918557565,False,Lucas Nathan,"AMF, DMF, LCMF",MEI,24.0,6,255,0.0657555440948942,False,24,3,6.0,255.9,10233.41,671.04,224.74,13.36,79.84,8.09,22.51,2.46,50.64,29.77,30.22,126.92,164.02,417.17,510.79,51.23,3.86,13.77,70.0,85.0,91.0,97.0,94.0,91.0,94.0,97.0,91.0,100.0,61.0,73.0,100.0,97.0,97.0,100.0,42.0,67.0
2023,Ponte Preta,15,42,Meio,13.0,-0.17472310918557565,False,Souza,"LCMF, AMF",MED,35.0,3,175,0.0451263537906137,False,25,1,3.0,174.69,9324.04,395.13,130.85,6.18,41.73,6.18,10.82,0.0,25.24,28.67,28.67,34.73,131.73,149.15,348.02,13.61,0.0,2.04,,,,,,,,,,,,,,,,,,
2023,Ponte Preta,15,42,Meio,13.0,-0.17472310918557565,False,Gabriel Santiago,"CF, RW",CA,23.0,2,137,0.0353274883960804,False,26,5,2.0,136.9,10900.58,700.8,377.36,10.52,75.6,8.55,17.75,1.31,55.88,28.15,28.15,261.65,81.7,500.9,441.37,44.8,9.33,18.67,,,,,,,,,,,,,,,,,,
2023,Ponte Preta,15,42,Meio,13.0,-0.17472310918557565,False,Éverton,"LAMF, LW",EE,34.0,4,133,0.0342960288808664,False,27,5,4.0,132.52,10338.91,812.17,264.16,12.9,82.85,8.83,19.69,1.36,53.65,29.4,29.4,212.14,151.92,581.79,404.19,37.45,6.42,17.12,,,,,,,,,,,,,,,,,,
2023,Ponte Preta,15,42,Meio,13.0,-0.17472310918557565,False,Guilherme Pira,"LAMF, CF, LW",EE,23.0,5,122,0.0314595152140278,False,28,6,5.0,122.1,9837.22,553.64,200.52,10.32,74.46,5.9,17.69,0.0,34.65,28.0,28.0,177.88,59.08,394.16,270.62,31.3,6.06,14.14,60.0,29.0,22.0,24.0,51.0,9.0,29.0,2.0,18.0,15.0,5.0,47.0,5.0,55.0,22.0,36.0,61.0,55.0
2023,Ponte Preta,15,42,Meio,13.0,-0.17472310918557565,False,Fraga,"RW, RDMF",ED,26.0,2,41,0.0105724600309437,False,29,4,2.0,41.12,10942.28,755.17,236.4,10.94,70.04,4.38,13.13,2.19,45.97,27.0,27.0,67.32,249.76,223.23,674.64,7.39,0.0,7.39,,,,,,,,,,,,,,,,,,
2023,Sampaio Corrêa,17,39,Cai,17.0,-0.19378341316156056,False,Gustavo Henrique,RCB,ZD,23.0,29,2836,0.7253196930946292,True,1,1,29.0,2838.23,8824.97,333.38,123.7,7.23,42.81,5.64,12.81,1.27,23.12,29.94,32.54,21.23,126.53,101.54,280.12,7.41,0.09,0.09,38.0,65.0,75.0,82.0,80.0,78.0,95.0,85.0,90.0,88.0,96.0,32.0,85.0,55.0,75.0,60.0,34.0,30.0
2023,Sampaio Corrêa,17,39,Cai,17.0,-0.19378341316156056,False,Neto Paraíba,"RCMF, LCMF, LDMF",MED,31.0,33,2733,0.6989769820971867,True,2,1,33.0,2736.69,9836.82,414.53,104.81,5.56,43.38,3.88,11.54,0.59,27.0,27.49,29.76,58.59,61.35,225.29,275.19,26.5,1.75,7.94,21.0,27.0,44.0,48.0,29.0,24.0,35.0,55.0,17.0,59.0,72.0,54.0,24.0,57.0,6.0,57.0,59.0,79.0
2023,Sampaio Corrêa,17,39,Cai,17.0,-0.19378341316156056,False,Ytalo,CF,CA,35.0,31,2665,0.6815856777493606,True,3,1,31.0,2666.93,8766.15,484.38,77.61,5.23,49.61,7.29,14.92,0.94,29.83,26.2,27.6,42.66,52.17,235.19,355.61,22.72,9.04,16.79,8.0,31.0,4.0,11.0,22.0,42.0,31.0,33.0,18.0,3.0,9.0,7.0,15.0,11.0,58.0,8.0,58.0,39.0
2023,Sampaio Corrêa,17,39,Cai,17.0,-0.19378341316156056,False,Mateus Pivô,RB,LD,25.0,28,2232,0.570843989769821,False,4,1,28.0,2238.88,9497.03,497.32,212.42,11.46,63.32,7.56,16.96,1.89,31.28,30.03,31.82,142.16,101.78,242.84,341.57,21.52,2.22,3.5,45.0,27.0,61.0,67.0,57.0,50.0,51.0,63.0,53.0,81.0,71.0,65.0,41.0,18.0,43.0,22.0,89.0,61.0
2023,Sampaio Corrêa,17,39,Cai,17.0,-0.19378341316156056,False,Pimentinha,"RAMF, RW, RWF",ED,35.0,23,1863,0.4764705882352941,False,5,1,23.0,1865.76,6923.63,323.82,173.03,7.72,45.87,7.48,15.24,2.03,24.89,29.74,31.94,136.05,50.41,243.01,130.51,17.21,1.42,3.73,2.0,2.0,14.0,8.0,4.0,36.0,10.0,60.0,6.0,64.0,70.0,26.0,4.0,4.0,2.0,2.0,6.0,2.0
2023,Sampaio Corrêa,17,39,Cai,17.0,-0.19378341316156056,False,Alyson,LB,LE,27.0,25,1764,0.451150895140665,False,6,1,25.0,1766.2500000000002,9839.9,548.03,248.61,12.23,67.01,6.93,17.22,1.32,30.93,31.09,33.64,137.6,145.48,292.95,355.5,23.68,2.04,7.19,81.0,69.0,86.0,86.0,81.0,40.0,69.0,52.0,64.0,98.0,100.0,83.0,93.0,64.0,64.0,48.0,81.0,88.0
2023,Sampaio Corrêa,17,39,Cai,17.0,-0.19378341316156056,False,Gabriel Furtado,"LCB, RCB, CB",ZE,23.0,16,1372,0.3508951406649616,False,7,1,16.0,1372.48,8548.65,282.05,67.28,4.0,31.02,5.12,10.56,0.72,17.31,27.32,29.08,17.2,60.36,71.15,253.41,4.19,0.0,0.17,24.0,38.0,14.0,24.0,30.0,73.0,68.0,55.0,46.0,14.0,24.0,11.0,19.0,8.0,51.0,16.0,14.0,18.0
2023,Sampaio Corrêa,17,39,Cai,17.0,-0.19378341316156056,False,Maurício Maranhão,"RDMF, RB, RCMF",VOL,24.0,23,1347,0.3445012787723785,False,8,1,23.0,1349.64,9884.16,401.33,80.96,4.0,39.95,4.8,12.6,0.87,33.68,26.56,29.42,48.68,42.3,225.46,249.24,26.18,0.85,4.35,26.0,13.0,21.0,16.0,11.0,61.0,50.0,79.0,53.0,32.0,53.0,66.0,3.0,84.0,5.0,63.0,55.0,74.0
2023,Sampaio Corrêa,17,39,Cai,17.0,-0.19378341316156056,False,Ferreira,"RCMF, RAMF, RW",MED,37.0,17,1339,0.3424552429667519,False,9,2,17.0,1338.92,10126.13,483.37,147.28,9.14,59.02,5.51,15.19,1.48,36.23,28.04,29.7,60.37,106.83,179.03,389.04,21.56,0.8,2.81,46.0,57.0,78.0,90.0,83.0,76.0,76.0,94.0,56.0,81.0,69.0,57.0,79.0,40.0,71.0,38.0,35.0,35.0
2023,Sampaio Corrêa,17,39,Cai,17.0,-0.19378341316156056,False,Vinícius Alves,"CF, LAMF, LW",CA,23.0,23,1336,0.3416879795396419,False,10,2,23.0,1337.91,10054.73,584.57,269.01,14.6,79.78,9.82,21.12,2.76,47.02,30.68,33.06,147.45,168.97,309.48,384.42,24.57,5.86,15.12,73.0,55.0,89.0,84.0,85.0,86.0,87.0,85.0,88.0,94.0,99.0,66.0,95.0,37.0,67.0,12.0,16.0,18.0
2023,Sampaio Corrêa,17,39,Cai,17.0,-0.19378341316156056,False,Pará,"LB, LCB",LE,35.0,15,1211,0.3097186700767263,False,11,2,15.0,1212.3,9040.41,434.89,102.08,6.09,47.29,6.01,14.62,0.37,24.72,26.99,28.46,55.62,64.16,211.13,306.09,21.04,0.56,3.17,14.0,14.0,5.0,5.0,10.0,21.0,26.0,10.0,7.0,7.0,14.0,10.0,2.0,17.0,19.0,26.0,19.0,17.0
2023,Sampaio Corrêa,17,39,Cai,17.0,-0.19378341316156056,False,Ícaro,"RCB, LCB",ZD,30.0,10,998,0.2552429667519181,False,12,2,10.0,1000.8,8744.18,281.48,75.0,4.59,32.11,4.05,7.19,0.45,14.84,27.85,29.0,13.84,72.11,58.28,254.3,3.49,0.0,0.0,28.0,32.0,22.0,40.0,42.0,18.0,5.0,30.0,8.0,28.0,12.0,5.0,40.0,5.0,52.0,10.0,14.0,15.0
2023,Sampaio Corrêa,17,39,Cai,17.0,-0.19378341316156056,False,Joécio,LCB,ZE,37.0,11,942,0.2409207161125319,False,13,2,11.0,944.02,8909.11,291.08,137.48,6.01,36.52,4.86,10.96,0.29,15.73,29.48,30.96,29.5,116.2,75.35,259.76,5.7,0.0,0.0,65.0,41.0,86.0,70.0,62.0,59.0,78.0,11.0,30.0,91.0,69.0,49.0,92.0,19.0,62.0,41.0,14.0,5.0
2023,Sampaio Corrêa,17,39,Cai,17.0,-0.19378341316156056,False,Rafael Jansen,"LCB, CB",ZE,34.0,10,933,0.238618925831202,False,14,3,10.0,933.4,8810.64,310.85,108.08,6.94,41.56,4.44,10.61,0.96,18.03,28.89,30.96,25.56,95.48,95.49,250.82,6.22,0.15,0.15,59.0,59.0,70.0,84.0,81.0,43.0,70.0,68.0,54.0,70.0,69.0,41.0,70.0,51.0,49.0,54.0,41.0,14.0
2023,Sampaio Corrêa,17,39,Cai,17.0,-0.19378341316156056,False,Jhony Douglas,"LDMF, RDMF, DMF",VOL,26.0,15,908,0.2322250639386189,False,15,2,15.0,909.6,9917.03,411.5,79.75,4.06,41.06,4.16,11.68,0.1,29.98,26.35,27.8,24.81,64.3,91.69,393.71,12.17,0.16,0.95,29.0,16.0,16.0,18.0,21.0,26.0,32.0,8.0,42.0,14.0,17.0,18.0,21.0,3.0,53.0,5.0,16.0,8.0
2023,Sampaio Corrêa,17,39,Cai,17.0,-0.19378341316156056,False,Mikael,"LDMF, LCMF, DMF",VOL,30.0,12,765,0.1956521739130435,False,16,3,12.0,765.5999999999999,9969.19,442.51,66.78,4.47,41.73,4.58,15.17,0.47,29.86,26.32,27.28,14.55,64.9,124.25,408.99,17.77,0.34,1.18,32.0,32.0,3.0,25.0,26.0,43.0,79.0,32.0,34.0,11.0,11.0,3.0,24.0,16.0,66.0,26.0,29.0,13.0
2023,Sampaio Corrêa,17,39,Cai,17.0,-0.19378341316156056,False,Eloir,"LCMF, LDMF",MED,35.0,18,749,0.1915601023017902,False,17,3,18.0,748.98,9613.41,463.87,135.08,6.37,48.79,4.21,11.66,0.96,31.37,27.16,28.36,45.99,90.46,245.77,319.45,22.86,1.66,6.27,11.0,46.0,70.0,60.0,51.0,35.0,37.0,81.0,37.0,45.0,27.0,41.0,63.0,65.0,29.0,44.0,54.0,65.0
2023,Sampaio Corrêa,17,39,Cai,17.0,-0.19378341316156056,False,Henrique,"LAMF, LW",EE,30.0,12,638,0.1631713554987212,False,18,1,12.0,636.96,9836.28,587.05,247.11,13.99,77.99,6.5,20.2,2.4,55.67,30.2,31.88,145.43,156.05,339.71,377.21,32.43,7.27,14.76,58.0,42.0,47.0,65.0,60.0,14.0,58.0,65.0,96.0,67.0,69.0,29.0,78.0,25.0,75.0,49.0,85.0,62.0
2023,Sampaio Corrêa,17,39,Cai,17.0,-0.19378341316156056,False,Fábio Aguiar,LCB,ZE,34.0,8,600,0.1534526854219949,False,19,4,8.0,599.2,8781.97,277.26,38.15,2.7,24.93,3.45,6.91,0.75,14.27,25.94,26.4,14.48,30.52,89.02,237.26,5.76,0.19,0.77,54.0,32.0,3.0,5.0,11.0,11.0,11.0,62.0,16.0,3.0,3.0,5.0,3.0,41.0,41.0,43.0,50.0,80.0
2023,Sampaio Corrêa,17,39,Cai,17.0,-0.19378341316156056,False,Samuel Santos,RB,LD,33.0,12,528,0.1350383631713555,False,20,2,12.0,528.72,9686.29,598.73,223.87,12.6,70.14,9.19,19.24,2.55,35.41,28.8,30.08,127.74,148.3,272.63,441.44,25.97,2.44,4.28,65.0,84.0,71.0,84.0,82.0,90.0,78.0,83.0,84.0,45.0,43.0,53.0,84.0,37.0,92.0,57.0,92.0,78.0
2023,Sampaio Corrêa,17,39,Cai,17.0,-0.19378341316156056,False,Lucas Mota,RB,LD,27.0,7,502,0.128388746803069,False,21,3,6.0,459.54,9408.33,541.51,134.54,8.03,58.17,7.05,19.58,2.55,26.63,27.87,28.28,76.81,78.44,260.36,348.97,27.83,1.86,4.64,31.0,53.0,16.0,22.0,35.0,35.0,84.0,83.0,16.0,18.0,18.0,22.0,18.0,29.0,47.0,69.0,80.0,82.0
2023,Sampaio Corrêa,17,39,Cai,17.0,-0.19378341316156056,False,Claudinei,"LCMF, DMF",MED,34.0,9,486,0.1242966751918158,False,22,4,9.0,485.73,9152.36,278.47,50.58,2.59,31.5,3.52,7.6,0.56,21.12,26.06,27.24,9.9,48.58,45.51,278.41,5.52,0.0,0.79,5.0,3.0,8.0,8.0,6.0,14.0,3.0,48.0,3.0,17.0,13.0,5.0,13.0,3.0,8.0,2.0,3.0,6.0
2023,Sampaio Corrêa,17,39,Cai,17.0,-0.19378341316156056,False,Matheus Martins,"LAMF, LWF, CF",EE,25.0,12,448,0.1145780051150895,False,23,2,12.0,448.08,9843.03,585.03,219.51,12.05,68.89,7.43,16.07,1.61,46.79,28.92,30.76,145.24,95.7,398.71,263.51,36.35,5.4,11.64,62.0,40.0,35.0,40.0,38.0,35.0,15.0,34.0,82.0,31.0,42.0,27.0,36.0,58.0,16.0,71.0,45.0,31.0
2023,Sampaio Corrêa,17,39,Cai,17.0,-0.19378341316156056,False,Thiaguinho,"RW, RAMF, LAMF",ED,22.0,7,423,0.1081841432225064,False,24,2,7.0,423.5,9939.25,572.56,224.43,11.26,70.77,5.53,20.4,1.49,44.63,29.89,30.18,169.57,104.62,337.24,358.73,42.58,6.92,12.78,48.0,34.0,36.0,34.0,40.0,6.0,62.0,24.0,70.0,68.0,24.0,50.0,30.0,28.0,54.0,94.0,82.0,54.0
2023,Sampaio Corrêa,17,39,Cai,17.0,-0.19378341316156056,False,Léo,"RCB, LCB",ZD,23.0,6,389,0.0994884910485933,False,25,3,5.0,383.8,8906.35,325.26,171.89,6.57,41.98,5.39,10.08,1.17,22.28,29.6,29.6,38.8,122.51,72.42,310.93,5.01,0.0,0.0,60.0,60.0,95.0,78.0,78.0,72.0,52.0,82.0,82.0,80.0,35.0,72.0,82.0,10.0,88.0,18.0,14.0,15.0
2023,Sampaio Corrêa,17,39,Cai,17.0,-0.19378341316156056,False,Bill,"LAMF, LW",EE,24.0,7,310,0.0792838874680307,False,26,3,7.0,310.1,9381.44,554.89,179.35,8.13,61.53,7.26,15.67,1.74,35.12,27.93,28.96,113.32,81.94,298.75,382.98,30.09,6.45,11.11,22.0,31.0,13.0,9.0,15.0,31.0,9.0,41.0,20.0,13.0,11.0,15.0,20.0,7.0,78.0,33.0,71.0,25.0
2023,Sampaio Corrêa,17,39,Cai,17.0,-0.19378341316156056,False,Marcos Ytalo,"RWB, RB, LB",LD,27.0,5,238,0.0608695652173913,False,27,4,5.0,238.1,9828.11,710.68,280.49,12.47,76.74,8.69,20.04,1.51,40.07,27.64,27.64,148.73,75.78,386.71,356.89,38.46,2.22,5.92,75.0,96.0,94.0,76.0,98.0,86.0,94.0,41.0,94.0,12.0,10.0,80.0,12.0,94.0,55.0,96.0,89.0,86.0
2023,Sampaio Corrêa,17,39,Cai,17.0,-0.19378341316156056,False,Riquelmo,"RW, RAMF, LW",ED,21.0,6,233,0.0595907928388746,False,28,3,6.0,233.34,9331.02,531.05,244.51,14.27,73.28,10.41,20.05,3.47,38.18,30.23,30.58,158.61,136.1,285.86,335.15,27.63,1.38,4.14,10.0,18.0,52.0,70.0,46.0,86.0,54.0,92.0,38.0,74.0,30.0,44.0,72.0,10.0,42.0,12.0,4.0,4.0
2023,Sampaio Corrêa,17,39,Cai,17.0,-0.19378341316156056,False,Rafael Vila,"AMF, RCMF, LCMF",MEI,35.0,8,214,0.0547314578005115,False,29,1,8.0,213.44,10262.78,590.35,177.1,7.59,61.99,6.33,20.66,0.84,34.16,26.95,28.1,116.2,79.98,368.3,272.33,35.1,2.06,13.08,73.0,61.0,76.0,42.0,64.0,59.0,91.0,33.0,52.0,24.0,18.0,61.0,48.0,67.0,30.0,55.0,9.0,61.0
2023,Sampaio Corrêa,17,39,Cai,17.0,-0.19378341316156056,False,Venícius,"CF, RAMF, RWB",CA,25.0,4,198,0.0506393861892583,False,30,3,4.0,198.0,9960.53,634.95,183.17,12.73,74.99,8.64,20.91,2.27,59.99,29.0,29.0,90.84,90.41,330.77,372.43,34.92,11.06,18.62,,,,,,,,,,,,,,,,,,
2023,Sampaio Corrêa,17,39,Cai,17.0,-0.19378341316156056,False,Cláudio Cebolinha,"CF, LW, RWF",CA,21.0,5,159,0.0406649616368286,False,31,4,5.0,157.89999999999998,10276.24,695.87,243.36,15.39,81.5,6.27,24.51,1.71,38.18,30.14,30.14,135.78,146.94,374.6,433.0,34.93,2.28,15.95,86.0,84.0,76.0,88.0,87.0,20.0,97.0,60.0,56.0,88.0,51.0,58.0,86.0,64.0,78.0,63.0,2.0,31.0
2023,Sampaio Corrêa,17,39,Cai,17.0,-0.19378341316156056,False,Patrick Allan,"CF, LB, AMF",CA,28.0,4,157,0.0401534526854219,False,32,5,4.0,157.76,9978.45,325.77,66.18,5.71,41.65,3.42,11.98,0.57,32.52,25.77,25.77,44.62,30.01,182.89,169.35,30.15,1.88,11.93,,,,,,,,,,,,,,,,,,
2023,Sampaio Corrêa,17,39,Cai,17.0,-0.19378341316156056,False,Patrick Carvalho,CF,CA,26.0,5,144,0.0368286445012787,False,33,6,5.0,143.75,9238.54,438.89,270.47,6.89,48.21,8.77,16.9,3.76,27.55,27.16,27.16,98.21,125.35,212.91,321.94,18.09,10.85,16.28,23.0,11.0,90.0,26.0,19.0,74.0,52.0,96.0,10.0,17.0,6.0,35.0,73.0,5.0,47.0,3.0,79.0,32.0
2023,Sampaio Corrêa,17,39,Cai,17.0,-0.19378341316156056,False,Getterson,CF,CA,32.0,5,107,0.0273657289002557,False,34,7,5.0,106.65,9025.04,447.33,87.78,5.91,46.42,6.75,14.35,0.0,33.76,27.16,27.16,39.19,66.82,174.57,380.05,32.06,13.26,28.74,14.0,14.0,8.0,16.0,13.0,31.0,24.0,3.0,38.0,17.0,6.0,5.0,30.0,3.0,65.0,47.0,96.0,98.0
2023,Sampaio Corrêa,17,39,Cai,17.0,-0.19378341316156056,False,Rodrigo Souza,"LAMF, LB, RDMF",EE,21.0,6,90,0.0230179028132992,False,35,4,6.0,90.12,9731.58,577.14,321.52,12.98,73.89,11.98,19.97,4.99,33.95,30.6,30.94,174.73,107.73,317.58,223.29,23.4,1.3,5.2,47.0,36.0,78.0,51.0,49.0,91.0,55.0,98.0,16.0,82.0,45.0,44.0,42.0,15.0,5.0,5.0,2.0,2.0
2023,Sampaio Corrêa,17,39,Cai,17.0,-0.19378341316156056,False,Emerson Carioca,"CF, AMF",CA,27.0,5,80,0.0204603580562659,False,36,8,5.0,79.65,9487.86,470.15,77.98,1.13,38.43,5.65,15.82,0.0,32.78,25.26,25.26,34.16,66.58,222.04,421.7,12.68,4.76,7.93,38.0,24.0,5.0,1.0,3.0,9.0,40.0,3.0,30.0,2.0,2.0,2.0,29.0,9.0,75.0,2.0,8.0,1.0
2023,Sampaio Corrêa,17,39,Cai,17.0,-0.19378341316156056,False,Jô,CF,CA,24.0,4,77,0.019693094629156,False,37,9,4.0,76.68,9452.64,510.54,149.05,7.04,59.86,9.39,16.43,0.0,26.99,28.12,28.12,139.09,59.13,369.82,264.35,31.05,9.8,22.88,,,,,,,,,,,,,,,,,,
2023,Sampaio Corrêa,17,39,Cai,17.0,-0.19378341316156056,False,Nadson,"LCMF, RW, LW",MED,23.0,2,61,0.0156010230179028,False,38,5,2.0,60.58,10649.96,586.8,72.79,7.43,62.39,7.43,14.86,0.0,57.94,26.55,26.55,11.13,93.47,208.66,566.17,38.91,6.95,13.9,,,,,,,,,,,,,,,,,,
2023,Sampaio Corrêa,17,39,Cai,17.0,-0.19378341316156056,False,Emerson Souza,LDMF,VOL,25.0,1,50,0.0127877237851662,False,39,4,1.0,49.83,9586.35,399.13,153.51,5.42,45.15,5.42,12.64,0.0,27.09,27.1,27.1,106.8,81.82,198.02,252.27,11.13,2.23,2.23,,,,,,,,,,,,,,,,,,
2023,Sampaio Corrêa,17,39,Cai,17.0,-0.19378341316156056,False,Alexandre Tam,"RAMF, LWF",ED,24.0,3,43,0.0109974424552429,False,40,4,3.0,43.08,12139.03,1098.8,200.54,8.36,100.27,8.36,18.8,0.0,68.94,26.17,26.17,131.82,44.32,695.45,465.39,56.69,15.87,27.21,,,,,,,,,,,,,,,,,,
2023,Sampaio Corrêa,17,39,Cai,17.0,-0.19378341316156056,False,João Diogo,LCMF,MED,24.0,1,26,0.0066496163682864,False,41,6,2.0,69.9,9580.69,607.73,186.7,11.59,65.67,5.15,14.16,2.58,37.34,29.6,29.6,194.8,67.39,354.01,434.48,33.64,3.74,14.95,,,,,,,,,,,,,,,,,,
2023,Sampaio Corrêa,17,39,Cai,17.0,-0.19378341316156056,False,Leonan Santos,LCB,ZE,23.0,1,12,0.0030690537084398,False,42,5,1.0,11.72,8895.02,261.17,215.08,7.68,38.41,7.68,15.36,0.0,15.36,28.1,28.1,85.0,,130.0,,0.0,0.0,0.0,,,,,,,,,,,,,,,,,,
2023,Sampaio Corrêa,17,39,Cai,17.0,-0.19378341316156056,False,Gabriel Silva,LW,EE,24.0,1,6,0.0015345268542199,False,43,5,1.0,6.23,13009.09,1155.08,765.24,28.88,173.26,14.44,14.44,0.0,72.19,29.0,29.0,349.64,298.09,530.94,435.67,38.79,0.0,12.93,,,,,,,,,,,,,,,,,,
2023,Sport,5,63,Meio,4.0,0.24204290072135137,True,Rafael Thyere,RCB,ZD,30.0,31,3114,0.8223459931819274,True,1,1,31.0,3119.84,8828.42,277.95,64.99,3.95,31.07,4.47,9.09,0.43,17.28,27.43,29.26,16.54,57.39,100.51,210.39,7.55,0.33,0.49,40.0,25.0,8.0,25.0,38.0,32.0,32.0,28.0,20.0,18.0,21.0,15.0,10.0,48.0,18.0,65.0,69.0,65.0
2023,Sport,5,63,Meio,4.0,0.24204290072135137,True,Sabino,LCB,ZE,26.0,30,2952,0.7795649877562779,True,2,1,30.0,2958.0,8342.3,241.61,88.91,4.62,29.33,2.83,5.6,0.73,11.71,28.9,31.44,35.3,67.96,74.29,198.28,2.91,0.12,0.17,8.0,8.0,43.0,38.0,22.0,3.0,3.0,59.0,3.0,73.0,86.0,73.0,35.0,16.0,11.0,5.0,31.0,18.0
2023,Sport,5,63,Meio,4.0,0.24204290072135137,True,Vágner Love,CF,CA,39.0,33,2871,0.7581744850434533,True,3,1,33.0,2875.62,9120.87,533.71,143.41,9.42,61.22,8.45,17.87,1.72,37.34,28.2,31.16,96.27,81.78,293.21,339.09,31.07,13.48,24.16,20.0,41.0,30.0,44.0,45.0,67.0,66.0,62.0,54.0,45.0,75.0,34.0,35.0,31.0,55.0,40.0,97.0,85.0
2023,Sport,5,63,Meio,4.0,0.24204290072135137,True,Jorginho,"CF, AMF",CA,32.0,27,2325,0.6139866519421905,True,4,2,27.0,2327.67,10803.48,522.57,127.17,7.69,54.02,3.56,9.05,0.39,40.6,27.74,29.52,98.31,57.32,330.84,313.15,42.58,8.85,17.98,93.0,37.0,24.0,33.0,29.0,1.0,1.0,10.0,70.0,35.0,30.0,36.0,19.0,47.0,41.0,91.0,54.0,43.0
2023,Sport,5,63,Meio,4.0,0.24204290072135137,True,Ronaldo Henrique,"LCMF, LDMF",MED,29.0,28,2254,0.5952369520334182,False,5,1,28.0,2257.36,10103.09,289.51,35.17,1.83,26.67,2.63,7.26,0.04,23.36,25.13,27.62,9.23,29.57,44.95,281.54,12.56,0.16,0.69,43.0,5.0,6.0,5.0,3.0,2.0,2.0,11.0,6.0,6.0,16.0,3.0,6.0,2.0,10.0,5.0,6.0,5.0
2023,Sport,5,63,Meio,4.0,0.24204290072135137,True,Luciano Juba,"LW, LAMF",EE,24.0,23,2203,0.5817688577327508,False,6,1,23.0,2207.31,9654.61,501.42,215.53,11.7,65.81,7.71,19.37,2.0,27.32,30.32,31.84,127.59,118.19,262.16,311.6,26.72,4.88,11.91,40.0,11.0,31.0,35.0,27.0,44.0,45.0,49.0,4.0,76.0,67.0,18.0,53.0,4.0,42.0,16.0,35.0,33.0
2023,Sport,5,63,Meio,4.0,0.24204290072135137,True,Fábio Matheus,"RCMF, RDMF, LCMF",MED,20.0,27,1923,0.5078263792192826,False,7,2,27.0,1925.64,10262.27,395.51,80.86,4.16,39.17,3.69,11.4,0.65,37.53,26.63,28.82,23.38,64.46,122.82,333.87,21.38,0.62,2.26,59.0,19.0,14.0,19.0,14.0,19.0,29.0,65.0,63.0,27.0,38.0,14.0,29.0,14.0,35.0,37.0,22.0,22.0
2023,Sport,5,63,Meio,4.0,0.24204290072135137,True,Ewerthon,RB,LD,22.0,27,1894,0.5001680510875306,False,8,1,27.0,1896.48,8968.2,430.55,180.25,9.21,54.1,6.69,16.8,2.28,22.97,29.07,31.58,81.41,122.14,186.51,311.87,18.77,1.69,3.12,4.0,4.0,41.0,27.0,18.0,26.0,45.0,73.0,4.0,55.0,67.0,25.0,61.0,6.0,25.0,8.0,76.0,51.0
2023,Sport,5,63,Meio,4.0,0.24204290072135137,True,Igor Cariús,LB,LE,30.0,15,1131,0.29867479713833,False,9,1,15.0,1134.4499999999998,10289.71,593.51,263.55,13.33,73.15,7.14,19.12,1.75,36.73,30.05,31.2,176.84,127.47,332.72,343.54,27.43,4.82,10.99,95.0,86.0,95.0,93.0,95.0,50.0,83.0,71.0,93.0,74.0,69.0,95.0,76.0,88.0,55.0,76.0,100.0,100.0
2023,Sport,5,63,Meio,4.0,0.24204290072135137,True,F. Labandeira,"RW, RAMF, RWF",ED,27.0,20,1112,0.2936572718106304,False,10,1,20.0,1112.2,10378.21,649.52,230.32,12.79,77.04,7.61,21.12,1.78,45.08,29.04,31.86,169.24,106.97,392.54,396.43,34.69,7.94,13.9,92.0,72.0,40.0,50.0,60.0,40.0,68.0,45.0,74.0,32.0,68.0,48.0,34.0,50.0,76.0,48.0,92.0,64.0
2023,Sport,5,63,Meio,4.0,0.24204290072135137,True,Fabrício Daniel,"CF, RW, RAMF",CA,25.0,23,1092,0.2883756662025256,False,11,3,22.0,1040.8200000000002,9824.44,449.73,137.83,7.26,51.97,5.97,12.28,1.47,31.3,27.92,30.12,117.62,42.13,311.79,229.42,32.73,6.42,14.33,60.0,15.0,29.0,29.0,25.0,14.0,11.0,52.0,24.0,38.0,49.0,46.0,9.0,38.0,7.0,49.0,26.0,15.0
2023,Sport,5,63,Meio,4.0,0.24204290072135137,True,Chico,LCB,ZE,24.0,11,1018,0.2688337254525376,False,12,2,11.0,1019.81,8729.91,298.03,107.23,5.21,34.95,5.03,9.44,0.62,15.27,29.03,30.54,33.83,97.49,94.69,247.92,4.88,0.44,0.3,49.0,51.0,68.0,51.0,54.0,68.0,41.0,41.0,24.0,78.0,49.0,68.0,76.0,49.0,46.0,27.0,80.0,32.0
2023,Sport,5,63,Meio,4.0,0.24204290072135137,True,A. Ruiz,"LWF, AMF, CF",EE,30.0,17,929,0.2453305804964709,False,13,2,17.0,930.75,9470.94,377.33,63.24,3.48,38.39,4.45,11.02,0.39,28.04,26.52,28.76,34.83,36.55,214.87,251.74,26.8,3.59,7.33,25.0,2.0,2.0,2.0,2.0,2.0,2.0,4.0,5.0,2.0,9.0,2.0,2.0,2.0,9.0,18.0,20.0,5.0
2023,Sport,5,63,Meio,4.0,0.24204290072135137,True,Alisson Cassiano,"RCB, RB",ZD,29.0,10,685,0.1808949920775916,False,14,2,10.0,685.6,8957.51,309.53,83.22,5.38,36.89,4.99,10.24,0.39,20.48,26.73,28.96,30.46,61.43,107.28,256.67,7.23,0.45,0.45,62.0,50.0,32.0,57.0,57.0,59.0,60.0,21.0,68.0,5.0,10.0,50.0,15.0,60.0,57.0,55.0,96.0,62.0
2023,Sport,5,63,Meio,4.0,0.24204290072135137,True,Peglow,"LW, LWF, LAMF",EE,21.0,12,628,0.1658424160944927,False,15,3,12.0,629.4000000000001,10044.08,700.72,305.74,16.87,90.66,12.01,26.88,2.86,51.77,29.52,30.6,185.16,205.4,381.04,477.04,40.92,9.03,18.99,76.0,85.0,69.0,85.0,87.0,93.0,96.0,74.0,93.0,44.0,38.0,51.0,93.0,45.0,93.0,82.0,93.0,87.0
2023,Sport,5,63,Meio,4.0,0.24204290072135137,True,R. Rosales,"RB, LB",LD,34.0,9,606,0.1600326499255774,False,16,2,9.0,605.34,9396.59,526.87,158.33,9.51,57.83,6.69,16.8,1.34,29.88,27.67,28.18,108.36,103.51,289.85,372.82,24.23,1.36,2.94,27.0,45.0,24.0,37.0,31.0,26.0,45.0,33.0,43.0,15.0,16.0,39.0,47.0,53.0,71.0,45.0,65.0,45.0
2023,Sport,5,63,Meio,4.0,0.24204290072135137,True,Pedro Martins,"LCMF, LDMF, RCMF",MED,23.0,11,490,0.1293993373985691,False,17,3,11.0,490.82,10509.75,447.2,104.7,4.95,44.19,3.85,11.73,0.55,28.97,26.92,28.88,47.36,83.95,180.38,352.39,22.93,0.64,3.5,78.0,38.0,43.0,32.0,33.0,22.0,38.0,46.0,27.0,37.0,42.0,43.0,48.0,41.0,46.0,46.0,25.0,40.0
2023,Sport,5,63,Meio,4.0,0.24204290072135137,True,Wanderson,"RW, RAMF, LW",ED,35.0,13,438,0.1156671628174965,False,18,2,13.0,439.0100000000001,10262.28,708.29,286.19,13.12,78.31,6.77,23.17,2.05,37.31,28.37,29.86,192.27,107.41,450.82,375.79,33.09,7.42,17.63,84.0,82.0,74.0,56.0,68.0,20.0,90.0,62.0,34.0,20.0,14.0,64.0,36.0,90.0,64.0,42.0,88.0,92.0
2023,Sport,5,63,Meio,4.0,0.24204290072135137,True,Gabriel Santos,CF,CA,24.0,13,317,0.083713448888462,False,19,4,13.0,315.90000000000003,10837.32,762.31,357.23,18.23,97.14,11.68,17.66,3.99,41.02,30.7,32.08,285.42,103.51,378.97,428.83,46.32,11.46,24.83,95.0,91.0,98.0,96.0,99.0,95.0,62.0,97.0,71.0,96.0,87.0,99.0,52.0,70.0,77.0,97.0,86.0,90.0
2023,Sport,5,63,Meio,4.0,0.24204290072135137,True,Edison Negueba,"RWF, LAMF, RW",ED,22.0,4,250,0.0660200701013108,False,20,3,4.0,250.4,10138.7,768.4,217.8,12.94,81.58,8.27,20.49,3.23,43.13,29.9,29.9,187.82,110.65,606.71,433.53,52.1,11.25,26.64,,,,,,,,,,,,,,,,,,
2023,Sport,5,63,Meio,4.0,0.24204290072135137,True,Renzo,RCB,ZD,21.0,2,205,0.0541364574830748,False,21,3,2.0,205.52,8486.03,287.71,145.83,6.13,36.35,3.5,8.32,1.31,16.2,29.5,29.5,96.59,96.74,79.32,262.67,4.1,0.0,0.0,,,,,,,,,,,,,,,,,,
2023,Sport,5,63,Meio,4.0,0.24204290072135137,True,Michel,"LAMF, LW, AMF",EE,26.0,7,170,0.0448936476688913,False,22,4,7.0,171.92,9989.24,775.69,301.48,16.23,88.46,8.37,21.98,2.62,39.26,28.39,29.22,262.14,187.96,561.84,521.43,47.11,6.11,21.81,75.0,93.0,65.0,82.0,84.0,58.0,71.0,67.0,53.0,16.0,13.0,87.0,87.0,96.0,95.0,96.0,65.0,93.0
2023,Sport,5,63,Meio,4.0,0.24204290072135137,True,Juan Xavier,"CF, AMF, LDMF",CA,21.0,5,153,0.0404042829020022,False,23,5,5.0,153.2,11897.86,653.78,41.71,2.94,59.92,4.11,16.45,0.0,65.79,24.88,24.88,27.64,20.7,435.98,295.69,67.55,11.26,22.52,99.0,76.0,1.0,2.0,41.0,2.0,45.0,3.0,99.0,1.0,1.0,1.0,1.0,92.0,32.0,100.0,84.0,74.0
2023,Sport,5,63,Meio,4.0,0.24204290072135137,True,Nathan,"LB, LW",LE,25.0,3,86,0.0227109041148509,False,24,2,3.0,85.89,10221.65,630.73,271.36,20.95,92.2,9.43,22.0,2.1,36.67,30.47,30.47,217.9,141.79,366.75,384.68,27.86,5.57,14.86,,,,,,,,,,,,,,,,,,
2023,Sport,5,63,Meio,4.0,0.24204290072135137,True,Victor Gabriel,LB,LE,19.0,4,75,0.0198060210303932,False,25,3,2.0,53.82,10467.2,600.37,193.99,10.03,71.91,10.03,16.72,3.34,30.1,28.55,28.55,53.73,142.62,234.12,311.16,12.47,0.0,0.0,,,,,,,,,,,,,,,,,,
2023,Sport,5,63,Meio,4.0,0.24204290072135137,True,Lucas André,AMF,MEI,20.0,1,52,0.0137321745810726,False,26,1,1.0,52.25,10517.51,756.17,148.13,8.61,79.23,10.33,17.22,0.0,84.4,27.8,27.8,103.72,94.14,330.61,716.01,32.37,2.16,6.47,,,,,,,,,,,,,,,,,,
2023,Sport,5,63,Meio,4.0,0.24204290072135137,True,Deyvson,"RAMF, RCMF",ED,20.0,1,22,0.0058097661689153,False,27,4,1.0,22.17,11015.19,917.59,1023.16,20.3,101.5,8.12,12.18,8.12,56.84,27.4,27.4,804.03,118.64,544.67,466.36,,,,,,,,,,,,,,,,,,,,,
2023,Tombense,18,37,Cai,19.0,-0.19349707409130368,False,Matheus Frizzo,"AMF, CF, LCMF",MEI,25.0,34,3106,0.799204678362573,True,1,1,34.0,3107.94,9928.91,514.86,157.64,7.56,56.47,5.65,12.65,0.61,36.52,28.42,29.82,128.16,60.05,324.4,296.22,35.18,4.02,10.87,42.0,39.0,45.0,39.0,45.0,42.0,27.0,30.0,64.0,67.0,52.0,76.0,15.0,45.0,36.0,62.0,45.0,36.0
2023,Tombense,18,37,Cai,19.0,-0.19349707409130368,False,Pedro Costa,RB,LD,30.0,34,2853,0.7341052631578947,True,2,1,34.0,2856.34,9246.37,505.75,293.98,14.71,72.69,8.95,16.48,2.96,29.27,31.6,33.66,178.78,153.17,275.08,300.59,22.14,0.87,2.66,18.0,31.0,96.0,96.0,92.0,88.0,39.0,94.0,33.0,100.0,100.0,90.0,86.0,39.0,18.0,25.0,33.0,37.0
2023,Tombense,18,37,Cai,19.0,-0.19349707409130368,False,Egídio,LB,LE,37.0,33,2743,0.7058011695906432,True,3,1,33.0,2746.92,9382.38,518.86,169.95,9.44,58.84,6.26,16.12,1.28,29.98,28.48,30.36,91.04,111.56,290.61,329.87,26.33,1.9,5.38,31.0,52.0,48.0,46.0,52.0,26.0,52.0,43.0,57.0,38.0,35.0,40.0,57.0,62.0,48.0,62.0,74.0,60.0
2023,Tombense,18,37,Cai,19.0,-0.19349707409130368,False,Roger Carvalho,LCB,ZE,36.0,24,2351,0.6049356725146199,True,4,1,24.0,2355.36,8132.4,202.1,76.08,3.17,23.31,3.48,7.37,0.38,12.23,27.58,29.88,25.88,62.45,40.18,197.2,1.36,0.1,0.31,3.0,3.0,22.0,14.0,3.0,14.0,14.0,19.0,8.0,19.0,41.0,43.0,24.0,3.0,8.0,3.0,27.0,36.0
2023,Tombense,18,37,Cai,19.0,-0.19349707409130368,False,João Pedro,"RCMF, RDMF",MED,24.0,28,2331,0.5997894736842105,False,5,1,28.0,2333.8,9852.85,462.47,111.26,5.9,47.24,4.09,13.54,0.46,41.46,27.59,29.6,72.75,61.9,251.28,307.97,26.69,3.04,6.91,24.0,44.0,51.0,53.0,44.0,32.0,59.0,33.0,78.0,64.0,63.0,73.0,25.0,68.0,24.0,62.0,84.0,73.0
2023,Tombense,18,37,Cai,19.0,-0.19349707409130368,False,Augusto,"RCB, LCB",ZD,26.0,23,2308,0.5938713450292398,False,6,1,23.0,2311.04,7871.74,230.32,67.69,3.35,26.25,3.93,8.72,0.47,17.6,27.97,30.36,16.27,65.28,52.05,210.51,3.43,0.19,0.31,2.0,5.0,10.0,8.0,8.0,8.0,25.0,32.0,30.0,32.0,45.0,12.0,30.0,2.0,20.0,8.0,46.0,50.0
2023,Tombense,18,37,Cai,19.0,-0.19349707409130368,False,Fernandão,CF,CA,36.0,31,2245,0.5776608187134503,False,7,1,31.0,2250.29,8668.84,383.73,148.99,7.32,48.0,7.4,17.32,1.36,22.28,29.16,31.02,115.6,62.38,277.35,185.35,30.95,12.34,24.49,4.0,4.0,34.0,30.0,16.0,45.0,57.0,47.0,3.0,69.0,70.0,45.0,24.0,20.0,2.0,38.0,88.0,88.0
2023,Tombense,18,37,Cai,19.0,-0.19349707409130368,False,Kevin,"RB, RW",LD,25.0,26,1521,0.3913684210526316,False,8,2,26.0,1522.3,9446.94,564.46,261.45,13.54,71.66,8.34,20.93,2.42,31.99,29.65,31.62,149.62,167.92,309.98,367.91,32.26,1.84,4.63,37.0,61.0,90.0,92.0,88.0,73.0,96.0,78.0,61.0,74.0,69.0,82.0,90.0,65.0,63.0,88.0,78.0,80.0
2023,Tombense,18,37,Cai,19.0,-0.19349707409130368,False,Guilherme Santos,"LB, LCMF, LW",LE,35.0,23,1519,0.3908538011695906,False,9,2,23.0,1521.91,9023.79,402.28,152.92,8.04,51.8,6.56,15.73,1.71,30.45,28.92,31.08,90.01,78.66,186.09,271.79,16.99,0.47,2.49,12.0,7.0,29.0,21.0,26.0,31.0,45.0,67.0,60.0,50.0,64.0,38.0,10.0,7.0,2.0,12.0,14.0,10.0
2023,Tombense,18,37,Cai,19.0,-0.19349707409130368,False,Alex Sandro,"CF, LAMF",CA,28.0,27,1453,0.3738713450292397,False,10,2,27.0,1452.6,8973.59,550.4,211.76,12.95,71.93,9.42,23.29,1.98,36.61,29.01,31.32,132.61,114.82,343.79,298.57,38.69,12.79,23.63,12.0,45.0,62.0,70.0,65.0,84.0,95.0,67.0,51.0,64.0,77.0,54.0,65.0,55.0,34.0,78.0,93.0,81.0
2023,Tombense,18,37,Cai,19.0,-0.19349707409130368,False,Kleiton,"LW, LAMF, RW",EE,24.0,20,1273,0.3275555555555555,False,11,1,20.0,1276.4,9884.64,675.19,293.49,15.72,85.18,9.03,23.76,2.26,41.96,30.61,32.88,245.47,96.86,455.66,320.64,42.01,6.35,17.02,67.0,80.0,62.0,75.0,82.0,78.0,84.0,62.0,69.0,84.0,84.0,80.0,38.0,85.0,47.0,84.0,69.0,76.0
2023,Tombense,18,37,Cai,19.0,-0.19349707409130368,False,Bruno Matias,"RCMF, LCMF",MED,24.0,12,1207,0.3105730994152046,False,12,2,12.0,1210.32,9787.28,462.3,125.89,5.5,47.07,4.54,13.38,0.59,28.26,27.61,28.74,63.23,87.3,195.55,349.48,29.46,1.29,2.73,17.0,43.0,63.0,40.0,41.0,42.0,56.0,55.0,19.0,67.0,32.0,62.0,54.0,46.0,43.0,70.0,46.0,33.0
2023,Tombense,18,37,Cai,19.0,-0.19349707409130368,False,Keké,"RW, LW, RAMF",ED,27.0,22,1165,0.299766081871345,False,13,1,22.0,1164.46,9481.84,584.19,256.74,13.99,75.04,7.26,16.15,2.16,33.46,30.46,32.92,235.84,89.0,431.45,283.81,38.83,7.9,17.14,22.0,40.0,60.0,66.0,56.0,32.0,22.0,68.0,12.0,82.0,92.0,82.0,20.0,74.0,18.0,82.0,90.0,86.0
2023,Tombense,18,37,Cai,19.0,-0.19349707409130368,False,Jáderson,"RAMF, RWF",ED,23.0,26,1139,0.2930760233918129,False,14,2,26.0,1139.06,10060.12,608.73,195.06,10.35,67.71,5.85,15.96,0.71,44.87,28.22,30.86,101.53,123.96,311.31,400.46,32.54,3.36,7.02,54.0,48.0,26.0,30.0,32.0,10.0,18.0,6.0,72.0,14.0,40.0,10.0,56.0,14.0,80.0,36.0,24.0,16.0
2023,Tombense,18,37,Cai,19.0,-0.19349707409130368,False,Wesley Marth,RCB,ZD,23.0,13,1111,0.2858713450292398,False,15,2,12.0,1110.6,8738.91,296.58,85.98,4.7,33.71,4.78,10.13,0.24,21.8,27.79,29.46,19.47,89.38,99.95,253.94,5.51,0.24,0.24,25.0,40.0,38.0,42.0,45.0,50.0,57.0,8.0,70.0,25.0,30.0,22.0,65.0,45.0,50.0,28.0,59.0,45.0
2023,Tombense,18,37,Cai,19.0,-0.19349707409130368,False,Ednei,RCB,ZD,32.0,8,742,0.1909239766081871,False,16,3,8.0,744.4,8690.2,279.17,104.34,3.26,30.11,4.96,8.46,0.6,17.65,28.15,29.26,56.47,61.5,100.62,214.08,7.19,0.2,0.0,18.0,28.0,55.0,5.0,20.0,55.0,15.0,44.0,32.0,38.0,21.0,92.0,18.0,50.0,25.0,52.0,50.0,15.0
2023,Tombense,18,37,Cai,19.0,-0.19349707409130368,False,Daniel Amorim,CF,CA,33.0,19,733,0.1886081871345029,False,17,3,19.0,730.93,9403.98,613.79,253.15,12.93,74.25,9.36,16.25,1.6,41.12,28.61,29.9,208.4,103.8,379.0,383.68,35.01,12.6,25.75,33.0,67.0,81.0,69.0,70.0,80.0,44.0,55.0,73.0,54.0,41.0,95.0,53.0,71.0,66.0,64.0,92.0,95.0
2023,Tombense,18,37,Cai,19.0,-0.19349707409130368,False,Alexandre Jesus,"RW, RAMF, RWF",ED,21.0,12,723,0.1860350877192982,False,18,3,12.0,723.5999999999999,9584.7,585.57,252.49,14.3,78.48,7.71,21.77,2.86,35.7,29.19,30.08,184.35,129.78,385.91,337.32,38.69,8.28,17.51,30.0,42.0,56.0,72.0,70.0,44.0,76.0,76.0,27.0,40.0,19.0,58.0,66.0,48.0,44.0,76.0,98.0,90.0
2023,Tombense,18,37,Cai,19.0,-0.19349707409130368,False,Pierre,"LCMF, RDMF, RCMF",MED,21.0,15,699,0.179859649122807,False,19,3,15.0,698.4000000000001,10271.75,519.87,123.2,6.83,53.87,6.44,17.01,0.52,46.65,27.63,29.62,33.59,120.1,154.33,469.19,31.36,0.65,1.45,60.0,67.0,57.0,68.0,70.0,92.0,94.0,42.0,94.0,70.0,66.0,29.0,87.0,25.0,86.0,79.0,28.0,13.0
2023,Tombense,18,37,Cai,19.0,-0.19349707409130368,False,Emerson,LB,LE,25.0,8,548,0.1410058479532163,False,20,3,8.0,549.2,9519.56,507.98,258.58,14.75,73.58,7.87,19.5,3.44,36.87,31.39,32.7,118.19,186.78,248.78,343.81,24.02,1.36,6.0,45.0,48.0,90.0,100.0,98.0,86.0,86.0,98.0,95.0,100.0,95.0,64.0,98.0,29.0,57.0,55.0,48.0,74.0
2023,Tombense,18,37,Cai,19.0,-0.19349707409130368,False,Matheus Buiate,"RCB, LCB",ZD,22.0,4,344,0.0885146198830409,False,21,4,4.0,344.44,8256.9,294.99,98.77,5.49,36.84,6.27,14.11,1.57,19.34,28.48,28.48,27.98,101.13,112.59,244.21,9.55,0.0,0.34,,,,,,,,,,,,,,,,,,
2023,Tombense,18,37,Cai,19.0,-0.19349707409130368,False,Djalma,"DMF, LDMF",VOL,22.0,4,130,0.0334502923976608,False,22,1,4.0,130.48,9107.59,381.38,135.17,8.28,53.1,6.9,18.62,0.0,40.0,27.65,27.65,38.01,140.55,109.57,372.7,19.94,0.0,0.0,,,,,,,,,,,,,,,,,,
2023,Tombense,18,37,Cai,19.0,-0.19349707409130368,False,Robert,"RW, LW",ED,31.0,3,85,0.0218713450292397,False,23,4,3.0,84.48,10027.66,467.67,125.71,4.26,57.53,5.33,21.31,0.0,41.55,26.3,26.3,15.37,82.71,184.46,284.88,46.97,5.87,23.48,,,,,,,,,,,,,,,,,,
2023,Tombense,18,37,Cai,19.0,-0.19349707409130368,False,Felipe Cruz,"LWF, RAMF, CF",EE,23.0,5,83,0.0213567251461988,False,24,2,5.0,83.3,10825.93,866.33,449.37,20.52,91.82,8.64,17.28,1.08,37.81,29.74,29.74,223.68,412.31,436.81,670.77,17.28,7.2,11.52,98.0,98.0,96.0,96.0,91.0,69.0,25.0,15.0,40.0,56.0,16.0,67.0,100.0,75.0,100.0,2.0,84.0,29.0
2023,Tombense,18,37,Cai,19.0,-0.19349707409130368,False,Ruan Levine,"RW, LW",ED,24.0,1,33,0.0084912280701754,False,25,5,1.0,33.2,10217.17,756.33,135.54,8.13,92.17,8.13,35.24,2.71,35.24,29.2,29.2,122.66,33.4,392.5,397.4,55.21,21.47,27.61,,,,,,,,,,,,,,,,,,
2023,Tombense,18,37,Cai,19.0,-0.19349707409130368,False,Rhayner,RDMF,VOL,32.0,1,24,0.0061754385964912,False,26,2,1.0,24.15,9629.81,186.34,100.62,3.73,33.54,3.73,14.91,0.0,29.81,28.0,28.0,89.81,21.95,104.78,153.66,,,,,,,,,,,,,,,,,,,,,
2023,Tombense,18,37,Cai,19.0,-0.19349707409130368,False,Wisney,RB,LD,24.0,1,14,0.0036023391812865,False,27,3,1.0,14.4,9718.75,350.0,87.5,6.25,50.0,12.5,12.5,0.0,12.5,26.5,26.5,38.96,0.0,155.84,219.91,15.58,0.0,0.0,,,,,,,,,,,,,,,,,,
2023,Tombense,18,37,Cai,19.0,-0.19349707409130368,False,Lucas Marques,RCMF,MED,25.0,1,13,0.003345029239766,False,28,4,1.0,12.73,11683.51,1166.23,728.01,21.2,120.16,7.07,21.2,0.0,56.54,30.4,30.4,1068.0,30.64,888.0,574.47,,,,,,,,,,,,,,,,,,,,,
2023,Tombense,18,37,Cai,19.0,-0.19349707409130368,False,F. Mederos,LCMF,MED,22.0,1,8,0.0020584795321637,False,29,5,1.0,8.13,10600.82,829.92,199.18,11.07,66.39,11.07,22.13,0.0,66.39,28.3,28.3,0.0,,670.81,,66.67,0.0,0.0,,,,,,,,,,,,,,,,,,
2023,Vila Nova,8,61,Meio,14.0,0.3302481759862095,True,Rafael Donato,RCB,ZD,34.0,37,3808,0.9747062245491565,True,1,1,37.0,3815.07,8442.17,253.3,84.76,4.25,29.91,4.32,8.54,0.97,16.75,28.7,31.36,23.44,73.95,74.04,215.51,5.21,0.37,0.6,10.0,15.0,35.0,38.0,18.0,28.0,18.0,66.0,18.0,45.0,75.0,38.0,45.0,15.0,28.0,22.0,79.0,80.0
2023,Vila Nova,8,61,Meio,14.0,0.3302481759862095,True,Eduardo Doma,LCB,ZE,25.0,35,3487,0.8925421756835369,True,2,1,35.0,3494.05,8710.26,260.92,81.65,4.33,30.6,4.1,7.75,0.33,16.1,28.35,30.8,18.6,76.75,80.52,215.8,4.59,0.23,0.38,43.0,19.0,35.0,30.0,24.0,30.0,16.0,16.0,35.0,43.0,65.0,16.0,49.0,24.0,27.0,22.0,64.0,49.0
2023,Vila Nova,8,61,Meio,14.0,0.3302481759862095,True,Rodrigo Gelado,LB,LE,19.0,35,3416,0.874368819080861,True,3,1,35.0,3421.6000000000004,9439.56,537.91,200.93,10.76,62.92,8.42,19.57,1.79,26.78,29.45,31.3,140.17,103.39,343.86,306.15,26.34,1.38,4.55,38.0,62.0,67.0,69.0,69.0,93.0,88.0,74.0,26.0,69.0,71.0,86.0,48.0,90.0,21.0,64.0,50.0,48.0
2023,Vila Nova,8,61,Meio,14.0,0.3302481759862095,True,Guilherme Parede,"LW, LAMF",EE,27.0,34,3202,0.8195927865037812,True,4,1,34.0,3205.86,9625.86,538.48,250.16,12.77,69.26,6.77,17.8,1.49,35.48,29.9,32.24,222.49,90.02,395.46,268.93,32.31,5.72,15.73,38.0,22.0,49.0,49.0,40.0,24.0,31.0,29.0,26.0,60.0,75.0,65.0,27.0,56.0,20.0,45.0,55.0,69.0
2023,Vila Nova,8,61,Meio,14.0,0.3302481759862095,True,Lourenço,"LCMF, AMF, LDMF",MED,25.0,34,2817,0.7210471204188481,True,5,1,34.0,2818.6000000000004,9877.78,415.53,144.08,6.96,48.98,5.59,10.95,0.77,30.94,29.22,31.6,76.17,100.72,188.42,318.98,15.63,1.04,3.65,27.0,29.0,76.0,71.0,52.0,79.0,24.0,74.0,35.0,95.0,96.0,76.0,76.0,44.0,27.0,13.0,43.0,41.0
2023,Vila Nova,8,61,Meio,14.0,0.3302481759862095,True,Ralf,"RCMF, RDMF, DMF",MED,39.0,31,2798,0.7161838278068644,True,6,2,31.0,2803.3300000000004,9268.45,381.78,99.55,5.04,41.32,5.43,15.15,0.64,28.44,28.17,29.98,38.83,74.22,124.67,329.55,10.4,0.23,0.91,6.0,16.0,32.0,35.0,25.0,73.0,74.0,63.0,21.0,84.0,79.0,35.0,41.0,16.0,33.0,3.0,10.0,10.0
2023,Vila Nova,8,61,Meio,14.0,0.3302481759862095,True,Caio Dantas,CF,CA,30.0,32,2457,0.6289005235602094,True,7,1,32.0,2460.8,9160.15,480.52,146.25,8.34,56.14,8.96,17.74,1.24,40.38,28.35,30.0,104.62,78.87,299.69,296.24,30.69,8.67,21.51,21.0,26.0,31.0,35.0,33.0,76.0,64.0,43.0,69.0,49.0,44.0,38.0,33.0,35.0,33.0,35.0,53.0,64.0
2023,Vila Nova,8,61,Meio,14.0,0.3302481759862095,True,Léo Duarte,RB,LD,24.0,29,2313,0.5920418848167539,False,8,1,29.0,2315.07,9555.86,568.46,185.78,10.07,63.33,8.36,19.9,1.32,37.05,28.64,30.18,113.42,103.8,330.37,351.55,28.14,1.27,2.6,51.0,65.0,45.0,45.0,59.0,75.0,92.0,29.0,88.0,39.0,45.0,43.0,49.0,75.0,51.0,71.0,59.0,35.0
2023,Vila Nova,8,61,Meio,14.0,0.3302481759862095,True,N. Pessôa,CF,CA,29.0,31,2139,0.5475043630017452,False,9,2,31.0,2143.34,9456.47,553.54,209.83,12.05,70.88,8.48,18.9,0.97,40.35,29.6,31.98,141.15,112.1,345.38,319.43,30.77,9.34,21.84,36.0,47.0,57.0,63.0,63.0,69.0,74.0,35.0,68.0,79.0,86.0,62.0,60.0,57.0,44.0,36.0,65.0,66.0
2023,Vila Nova,8,61,Meio,14.0,0.3302481759862095,True,Igor Henrique,"CF, LDMF, AMF",CA,31.0,28,1688,0.432065154159395,False,10,3,28.0,1688.4,9759.11,414.64,110.82,6.08,47.55,7.3,14.76,0.59,32.57,27.57,31.06,75.49,58.57,253.32,256.49,22.98,3.94,8.11,56.0,9.0,18.0,19.0,15.0,43.0,29.0,20.0,27.0,26.0,71.0,19.0,20.0,15.0,15.0,10.0,4.0,2.0
2023,Vila Nova,8,61,Meio,14.0,0.3302481759862095,True,Éverton Brito,"RW, RAMF",ED,28.0,26,1466,0.3752414194299011,False,11,1,26.0,1465.36,10131.0,707.82,236.45,12.1,77.26,8.17,21.62,1.72,53.68,28.29,30.34,152.89,136.59,449.39,431.34,38.8,6.64,13.46,62.0,80.0,46.0,42.0,62.0,48.0,72.0,36.0,96.0,18.0,26.0,36.0,76.0,86.0,90.0,80.0,76.0,58.0
2023,Vila Nova,8,61,Meio,14.0,0.3302481759862095,True,Sousa,"LCMF, LDMF",MED,28.0,28,1419,0.3632111692844676,False,12,3,27.0,1420.74,10337.92,413.11,94.9,5.0,43.78,5.38,12.92,0.51,28.89,27.17,30.22,44.64,66.43,164.65,323.4,20.06,0.91,2.92,65.0,25.0,27.0,33.0,30.0,71.0,50.0,40.0,25.0,48.0,84.0,38.0,33.0,33.0,30.0,30.0,38.0,37.0
2023,Vila Nova,8,61,Meio,14.0,0.3302481759862095,True,Juan Christian,"RAMF, LW, RW",ED,22.0,16,1139,0.2915415939499709,False,13,2,16.0,1140.32,9218.19,568.52,223.45,13.02,74.11,8.52,19.89,1.82,46.41,29.36,31.4,197.91,78.18,431.16,291.5,33.37,5.16,12.16,8.0,30.0,34.0,54.0,52.0,58.0,52.0,50.0,78.0,50.0,50.0,68.0,12.0,72.0,22.0,44.0,53.0,50.0
2023,Vila Nova,8,61,Meio,14.0,0.3302481759862095,True,Ronald,"RW, RAMF, LW",ED,26.0,22,930,0.23804537521815,False,14,3,22.0,933.24,9693.32,641.15,233.68,11.96,74.45,8.29,20.64,2.51,41.37,29.34,32.2,177.01,97.85,422.0,341.45,32.02,4.15,10.72,34.0,66.0,44.0,40.0,54.0,50.0,65.0,70.0,54.0,48.0,80.0,56.0,26.0,66.0,48.0,30.0,32.0,38.0
2023,Vila Nova,8,61,Meio,14.0,0.3302481759862095,True,Luciano Naninho,AMF,MEI,31.0,23,735,0.1881326352530541,False,15,1,23.0,734.39,9832.81,547.64,142.42,6.5,53.56,7.84,14.46,0.86,31.13,26.53,28.74,75.48,87.41,348.34,312.87,35.11,3.07,13.95,33.0,52.0,30.0,21.0,33.0,85.0,45.0,36.0,33.0,9.0,24.0,24.0,64.0,61.0,48.0,58.0,24.0,70.0
2023,Vila Nova,8,61,Meio,14.0,0.3302481759862095,True,Henrique Almeida,"CF, RAMF, AMF",CA,32.0,15,645,0.1650959860383944,False,16,4,15.0,644.85,9913.19,478.02,113.19,5.16,49.27,6.14,17.31,0.42,26.8,27.1,28.9,81.38,44.4,318.35,269.91,35.96,8.13,19.69,69.0,25.0,19.0,10.0,20.0,16.0,56.0,11.0,9.0,15.0,21.0,23.0,11.0,41.0,20.0,67.0,47.0,54.0
2023,Vila Nova,8,61,Meio,14.0,0.3302481759862095,True,Matheus Souza,"RW, RAMF, LAMF",ED,22.0,9,385,0.098545666084933,False,17,4,9.0,385.29,10232.39,661.74,311.83,15.42,80.82,9.58,22.19,1.64,52.32,29.56,30.82,236.18,151.52,448.22,364.52,36.48,6.18,13.6,76.0,74.0,86.0,84.0,74.0,78.0,78.0,32.0,94.0,58.0,38.0,84.0,88.0,80.0,56.0,66.0,68.0,60.0
2023,Vila Nova,8,61,Meio,14.0,0.3302481759862095,True,Rian,RB,LD,19.0,7,356,0.0911227457824316,False,18,2,7.0,356.86,9659.07,566.68,257.49,12.11,68.09,8.57,21.18,1.51,35.31,30.27,30.62,189.49,162.34,367.02,342.6,35.48,1.59,1.99,63.0,63.0,86.0,73.0,76.0,84.0,98.0,41.0,82.0,86.0,51.0,94.0,88.0,84.0,45.0,92.0,73.0,22.0
2023,Vila Nova,8,61,Meio,14.0,0.3302481759862095,True,Diego Renan,"LB, LCB",LE,33.0,9,315,0.0806282722513088,False,19,2,9.0,315.63,8984.13,459.31,104.35,5.42,49.32,7.41,16.54,1.43,23.38,26.34,27.5,45.25,101.75,197.59,421.05,20.56,0.0,2.57,7.0,24.0,7.0,2.0,14.0,62.0,60.0,57.0,2.0,2.0,2.0,5.0,40.0,14.0,93.0,21.0,5.0,14.0
2023,Vila Nova,8,61,Meio,14.0,0.3302481759862095,True,Marcondes,LCB,ZE,30.0,7,313,0.0801163467132053,False,20,2,6.0,307.44,8689.3,266.11,105.68,7.32,38.94,5.56,13.17,3.22,20.49,28.32,28.98,43.49,84.58,112.03,189.45,6.08,0.0,0.96,41.0,27.0,65.0,86.0,73.0,84.0,95.0,100.0,78.0,41.0,19.0,84.0,59.0,68.0,5.0,51.0,14.0,89.0
2023,Vila Nova,8,61,Meio,14.0,0.3302481759862095,True,Marlone,"RCMF, LCMF, LW",MED,31.0,15,299,0.0765328679464805,False,21,4,15.0,301.35,9967.0,583.61,140.97,6.87,55.25,5.97,15.83,0.3,35.24,27.11,29.02,71.72,95.87,322.52,342.63,29.55,8.57,13.7,30.0,83.0,71.0,70.0,73.0,86.0,84.0,21.0,51.0,40.0,49.0,71.0,73.0,90.0,40.0,71.0,100.0,97.0
2023,Vila Nova,8,61,Meio,14.0,0.3302481759862095,True,Marquinhos Pedroso,LB,LE,29.0,4,239,0.061175101803374,False,22,3,4.0,239.52,8506.01,432.87,158.57,9.02,51.1,6.76,12.78,1.88,26.3,28.23,28.23,119.53,123.33,291.21,345.34,22.87,0.0,2.29,,,,,,,,,,,,,,,,,,
2023,Vila Nova,8,61,Meio,14.0,0.3302481759862095,True,Jean Pierre,LCB,ZE,29.0,2,132,0.0337870855148342,False,23,3,2.0,132.18,9054.92,354.73,99.41,5.45,42.89,6.13,16.34,1.36,27.23,29.1,29.1,26.45,94.88,117.01,263.66,12.81,0.0,0.0,,,,,,,,,,,,,,,,,,
2023,Vila Nova,8,61,Meio,14.0,0.3302481759862095,True,João Lucas,"AMF, RW",MEI,22.0,3,126,0.0322513089005235,False,24,2,3.0,126.84,9355.27,458.4,158.24,7.1,50.38,5.68,14.9,0.0,34.77,28.87,28.87,87.62,129.62,266.7,300.82,24.57,3.84,12.29,,,,,,,,,,,,,,,,,,
2023,Vila Nova,8,61,Meio,14.0,0.3302481759862095,True,Gustavo Maia,"LAMF, LW, LCMF",EE,22.0,5,111,0.0284118673647469,False,25,2,5.0,110.35,9709.56,671.23,164.75,8.97,66.06,5.71,18.76,0.82,59.54,27.42,27.42,110.97,95.42,462.22,363.61,42.77,9.16,20.37,44.0,76.0,11.0,15.0,29.0,7.0,42.0,5.0,98.0,7.0,2.0,13.0,35.0,87.0,65.0,89.0,95.0,89.0
2023,Vila Nova,8,61,Meio,14.0,0.3302481759862095,True,Hiago Cena,RCB,ZD,25.0,1,96,0.0245724258289703,False,26,2,1.0,96.05,8600.83,273.61,24.36,2.81,29.98,4.69,11.24,1.87,17.8,26.1,26.1,9.49,26.5,113.91,291.53,7.12,1.19,1.19,,,,,,,,,,,,,,,,,,
2023,Vila Nova,8,61,Meio,14.0,0.3302481759862095,True,Romarinho,"LW, RWF",EE,26.0,2,43,0.0110063990692262,False,27,3,2.0,43.82,9709.32,603.88,125.29,6.16,61.62,6.16,16.43,2.05,51.35,26.6,26.6,67.22,49.64,336.1,308.27,27.34,4.97,19.88,,,,,,,,,,,,,,,,,,
2023,Vila Nova,8,61,Meio,14.0,0.3302481759862095,True,João Celeri,CF,CA,24.0,2,26,0.0066550319953461,False,28,5,2.0,26.34,10379.62,632.28,488.73,20.51,88.86,13.67,20.51,0.0,41.01,29.65,29.65,353.76,158.99,353.76,266.88,47.87,11.97,39.89,,,,,,,,,,,,,,,,,,
2023,Vitória,1,72,Sobe,9.0,0.5430094217663612,True,Wagner Leonardo,LCB,ZE,24.0,35,3546,0.9163436464867152,True,1,1,35.0,3549.35,8484.68,306.07,95.31,5.25,35.68,5.35,11.41,1.01,21.45,28.74,31.7,23.98,85.65,87.17,264.7,6.65,0.46,0.57,22.0,57.0,57.0,54.0,59.0,76.0,81.0,78.0,84.0,65.0,91.0,30.0,62.0,35.0,68.0,59.0,84.0,73.0
2023,Vitória,1,72,Sobe,9.0,0.5430094217663612,True,Camutanga,"RCB, CB",ZD,29.0,33,3069,0.7930791458171824,True,2,1,33.0,3071.31,8280.71,295.48,98.48,4.89,34.11,4.4,7.79,0.97,21.83,28.71,31.62,27.43,86.02,78.14,252.76,4.17,0.04,0.13,5.0,38.0,48.0,52.0,48.0,30.0,8.0,66.0,72.0,48.0,78.0,42.0,52.0,20.0,48.0,12.0,29.0,36.0
2023,Vitória,1,72,Sobe,9.0,0.5430094217663612,True,Osvaldo,"RAMF, RWF, RW",ED,36.0,31,2584,0.6677473159959594,True,3,1,31.0,2587.57,9150.57,528.92,193.8,10.33,62.88,6.82,16.03,1.74,35.48,29.16,32.08,141.78,74.14,328.95,280.45,29.91,4.12,9.71,4.0,16.0,24.0,28.0,22.0,22.0,20.0,40.0,24.0,38.0,75.0,30.0,10.0,24.0,16.0,20.0,28.0,26.0
2023,Vitória,1,72,Sobe,9.0,0.5430094217663612,True,Zeca,"RB, RWB, LB",LD,29.0,26,2214,0.572133342730284,False,4,1,26.0,2215.2000000000003,9394.99,467.15,133.75,7.39,50.34,5.85,15.89,0.81,29.58,28.0,29.94,62.5,97.16,221.29,324.05,19.1,0.4,1.19,25.0,18.0,14.0,14.0,8.0,9.0,29.0,18.0,37.0,24.0,37.0,10.0,37.0,12.0,35.0,10.0,11.0,8.0
2023,Vitória,1,72,Sobe,9.0,0.5430094217663612,True,Rodrigo Andrade,"LDMF, RDMF, LCMF",VOL,26.0,25,2208,0.5705828458665163,False,5,1,25.0,2212.5,9647.63,427.2,113.9,5.94,46.01,4.6,12.08,0.73,28.6,27.92,29.66,48.5,84.87,161.84,344.43,21.59,1.86,4.27,13.0,21.0,58.0,55.0,39.0,47.0,39.0,67.0,26.0,71.0,58.0,63.0,53.0,42.0,21.0,50.0,79.0,71.0
2023,Vitória,1,72,Sobe,9.0,0.5430094217663612,True,Matheuzinho,"AMF, LWB, LB",MEI,25.0,27,2009,0.5191580332182207,False,6,1,27.0,2009.07,9014.1,504.42,180.98,9.59,61.24,8.29,17.47,1.43,35.03,28.76,30.68,126.07,75.02,316.39,262.95,32.95,4.22,11.09,6.0,30.0,79.0,67.0,58.0,100.0,82.0,70.0,58.0,79.0,76.0,70.0,39.0,39.0,24.0,45.0,50.0,39.0
2023,Vitória,1,72,Sobe,9.0,0.5430094217663612,True,Dudu,"LCMF, LDMF, RCMF",MED,24.0,20,1854,0.4791035309042216,False,7,1,20.0,1855.2,10420.69,511.89,127.05,6.11,48.56,3.64,10.09,0.78,42.25,28.07,29.62,63.02,90.39,241.66,377.38,23.34,2.08,5.37,68.0,65.0,67.0,59.0,49.0,17.0,13.0,77.0,81.0,83.0,66.0,60.0,62.0,63.0,65.0,49.0,62.0,56.0
2023,Vitória,1,72,Sobe,9.0,0.5430094217663612,True,Léo Gamalho,CF,CA,37.0,23,1769,0.4571381586675124,False,8,1,23.0,1766.17,8023.44,279.64,71.34,4.03,33.22,5.96,12.18,0.76,21.76,27.24,29.56,43.92,35.74,167.59,149.2,18.27,6.85,13.36,1.0,1.0,2.0,3.0,1.0,13.0,8.0,24.0,2.0,19.0,31.0,9.0,2.0,2.0,1.0,4.0,32.0,14.0
2023,Vitória,1,72,Sobe,9.0,0.5430094217663612,True,Railan,"RB, RWB",LD,23.0,24,1532,0.395893532548688,False,9,2,24.0,1531.44,9279.79,514.63,230.31,10.52,62.12,8.52,18.75,2.06,31.68,29.61,31.44,145.49,118.73,293.29,296.13,24.65,2.58,6.12,20.0,37.0,75.0,57.0,51.0,80.0,75.0,65.0,57.0,71.0,65.0,75.0,57.0,59.0,16.0,47.0,94.0,90.0
2023,Vitória,1,72,Sobe,9.0,0.5430094217663612,True,Zé Hugo,"LAMF, LW",EE,23.0,34,1513,0.3909836258134235,False,10,1,34.0,1514.02,9102.42,551.04,253.17,11.71,65.57,8.02,19.5,1.43,38.28,29.84,32.68,215.68,80.94,391.19,257.93,29.51,4.9,15.96,5.0,27.0,51.0,36.0,25.0,49.0,47.0,27.0,42.0,58.0,82.0,64.0,16.0,51.0,13.0,29.0,37.0,73.0
2023,Vitória,1,72,Sobe,9.0,0.5430094217663612,True,Marcelo,"LB, LWB",LE,24.0,19,1490,0.385040054502314,False,11,1,19.0,1492.83,9116.78,541.62,220.23,11.45,66.38,7.96,20.92,2.83,31.23,30.47,32.5,160.11,102.58,321.24,323.88,29.3,0.7,5.52,19.0,64.0,79.0,79.0,76.0,88.0,95.0,93.0,67.0,95.0,92.0,93.0,43.0,83.0,36.0,93.0,24.0,62.0
2023,Vitória,1,72,Sobe,9.0,0.5430094217663612,True,Wellington Nem,"AMF, RWF, LWF",MEI,31.0,25,1477,0.3816806446308173,False,12,2,25.0,1479.5,9194.32,459.41,165.04,8.64,54.99,7.12,15.94,1.52,27.01,28.68,31.12,115.52,65.42,329.68,192.74,35.57,7.97,18.71,12.0,15.0,55.0,64.0,39.0,76.0,70.0,76.0,18.0,73.0,88.0,58.0,33.0,52.0,3.0,70.0,88.0,94.0
2023,Vitória,1,72,Sobe,9.0,0.5430094217663612,True,Mateus Gonçalves,"LAMF, AMF, RAMF",EE,28.0,19,1370,0.3540301172269599,False,13,2,19.0,1371.61,9087.82,531.56,263.84,12.14,67.45,8.46,20.41,2.36,37.47,31.09,33.18,215.05,90.49,363.51,267.1,28.81,3.07,10.84,4.0,18.0,53.0,42.0,33.0,65.0,64.0,64.0,38.0,91.0,92.0,62.0,29.0,31.0,18.0,27.0,13.0,22.0
2023,Vitória,1,72,Sobe,9.0,0.5430094217663612,True,Gegé,"LDMF, RCMF, LCMF",VOL,29.0,28,1267,0.3274132543989476,False,14,2,28.0,1266.16,10353.1,496.52,100.94,4.9,48.27,4.98,12.72,0.64,36.54,26.53,28.78,50.39,60.18,234.21,349.96,30.44,2.0,7.23,74.0,66.0,45.0,34.0,53.0,63.0,53.0,58.0,71.0,26.0,42.0,74.0,16.0,89.0,24.0,82.0,84.0,95.0
2023,Vitória,1,72,Sobe,9.0,0.5430094217663612,True,Yan Souto,"RCB, RB, LCB",ZD,21.0,14,1017,0.2628092184086264,False,15,2,14.0,1020.04,8844.38,390.7,169.23,8.47,48.79,7.5,12.97,1.76,32.65,29.97,32.06,58.67,141.2,137.76,319.11,9.97,0.45,0.91,48.0,92.0,92.0,98.0,95.0,100.0,98.0,98.0,100.0,92.0,85.0,95.0,92.0,78.0,90.0,82.0,96.0,92.0
2023,Vitória,1,72,Sobe,9.0,0.5430094217663612,True,Giovanni Augusto,"AMF, RCMF",MEI,33.0,20,986,0.2547983179458266,False,16,3,20.0,986.8,9618.22,399.19,120.29,5.75,43.59,5.2,11.49,1.09,27.63,28.61,31.3,83.74,53.59,226.11,243.19,29.71,2.67,6.67,21.0,9.0,18.0,15.0,6.0,36.0,15.0,48.0,21.0,70.0,91.0,33.0,12.0,9.0,15.0,30.0,18.0,9.0
2023,Vitória,1,72,Sobe,9.0,0.5430094217663612,True,Welder,CF,CA,28.0,20,863,0.2230131322385886,False,17,2,20.0,863.0,9436.49,595.97,244.06,12.93,77.18,11.79,25.66,2.09,42.24,29.23,31.72,200.98,90.82,376.17,319.24,37.69,10.59,23.26,34.0,58.0,77.0,69.0,79.0,97.0,99.0,70.0,78.0,75.0,84.0,91.0,46.0,66.0,43.0,70.0,76.0,78.0
2023,Vitória,1,72,Sobe,9.0,0.5430094217663612,True,Marco Antônio,"RCMF, RDMF, LDMF",MED,22.0,12,718,0.1855427913642023,False,18,2,12.0,717.24,9779.85,469.17,60.61,3.89,44.29,4.89,13.05,0.5,36.26,25.64,27.22,16.09,59.41,118.84,447.63,16.79,0.48,1.68,16.0,51.0,10.0,17.0,36.0,59.0,52.0,37.0,57.0,13.0,11.0,10.0,21.0,13.0,84.0,21.0,14.0,14.0
2023,Vitória,1,72,Sobe,9.0,0.5430094217663612,True,S. Tréllez,CF,CA,33.0,12,701,0.1811497169168605,False,19,3,12.0,703.2,8660.37,458.56,188.9,10.49,59.26,8.19,18.05,1.92,33.4,28.38,30.74,107.05,104.02,246.13,291.3,26.89,9.91,18.16,3.0,19.0,49.0,51.0,37.0,65.0,67.0,66.0,35.0,52.0,64.0,42.0,55.0,14.0,29.0,21.0,73.0,45.0
2023,Vitória,1,72,Sobe,9.0,0.5430094217663612,True,Matheus Trindade,"RDMF, RCMF",VOL,27.0,12,701,0.1811497169168605,False,20,3,12.0,700.8,10355.17,450.35,87.58,5.78,46.87,4.24,10.79,0.26,41.09,26.35,28.16,32.61,68.54,121.29,389.25,17.17,0.23,1.39,76.0,42.0,26.0,53.0,47.0,29.0,21.0,13.0,87.0,14.0,26.0,37.0,29.0,13.0,50.0,21.0,24.0,21.0
2023,Vitória,1,72,Sobe,9.0,0.5430094217663612,True,Edson Lucas,LB,LE,22.0,8,620,0.1602180092559964,False,21,2,8.0,619.68,9464.41,523.86,152.79,9.44,59.84,7.84,16.27,1.31,40.08,27.88,28.72,77.43,91.72,241.52,370.48,29.77,1.14,7.21,43.0,57.0,26.0,46.0,57.0,82.0,55.0,48.0,100.0,21.0,17.0,24.0,21.0,26.0,79.0,95.0,38.0,90.0
2023,Vitória,1,72,Sobe,9.0,0.5430094217663612,True,Léo Gomes,"RDMF, LDMF, RCMF",VOL,26.0,13,581,0.1501397796415063,False,22,4,13.0,579.28,9986.31,465.03,92.45,4.97,47.54,5.59,13.52,0.93,36.05,26.52,28.54,24.09,79.86,171.75,381.13,26.55,0.0,1.56,34.0,53.0,34.0,37.0,50.0,84.0,58.0,82.0,68.0,24.0,32.0,13.0,42.0,58.0,39.0,66.0,5.0,30.0
2023,Vitória,1,72,Sobe,9.0,0.5430094217663612,True,Diego Fumaça,"RDMF, LDMF",VOL,28.0,5,206,0.0532337256560246,False,23,5,5.0,205.9,10298.6,446.32,98.36,5.25,46.34,7.87,21.42,1.75,46.34,26.54,26.54,39.9,69.6,169.56,319.2,27.9,1.99,2.66,68.0,39.0,42.0,42.0,45.0,100.0,100.0,100.0,95.0,29.0,3.0,47.0,34.0,53.0,13.0,76.0,82.0,54.0
2023,Vitória,1,72,Sobe,9.0,0.5430094217663612,True,Jhonny Lucas,"RCMF, RDMF",MED,23.0,5,131,0.0338525148589282,False,24,3,5.0,131.1,9790.29,406.36,94.04,5.49,51.48,4.8,15.79,0.0,41.18,27.56,27.56,30.67,84.8,115.68,381.6,30.64,4.97,12.42,19.0,24.0,25.0,38.0,61.0,56.0,83.0,6.0,75.0,62.0,14.0,22.0,51.0,11.0,68.0,76.0,97.0,95.0
2023,Vitória,1,72,Sobe,9.0,0.5430094217663612,True,Pablo Diogo,RB,LD,30.0,6,128,0.0330772664270444,False,25,3,6.0,128.22,9554.93,581.13,206.34,12.63,71.59,11.93,19.65,0.7,37.2,27.67,27.92,63.44,240.89,219.36,452.22,32.32,0.0,4.22,49.0,71.0,59.0,86.0,86.0,100.0,86.0,14.0,90.0,15.0,14.0,12.0,100.0,10.0,98.0,90.0,3.0,76.0
2023,Vitória,1,72,Sobe,9.0,0.5430094217663612,True,D. Torres,"AMF, RCMF, RAMF",MEI,32.0,5,100,0.0258416143961284,False,26,4,5.0,99.9,9755.86,546.85,166.67,8.11,54.95,8.11,22.52,1.8,24.32,26.92,26.92,94.78,91.58,179.82,472.89,27.33,3.73,8.7,30.0,48.0,58.0,52.0,36.0,94.0,97.0,83.0,9.0,18.0,3.0,45.0,67.0,6.0,94.0,15.0,36.0,15.0
2023,Vitória,1,72,Sobe,9.0,0.5430094217663612,True,Dionísio,LCMF,MED,29.0,1,20,0.0051683228792256,False,27,4,1.0,20.43,7972.27,176.18,0.0,0.0,17.62,8.81,8.81,0.0,13.21,21.6,21.6,0.0,,48.16,,23.76,0.0,0.0,,,,,,,,,,,,,,,,,,
2024,Amazonas,11,52,Meio,17.0,0.11428842155292807,False,Fabiano,"LB, LCB",LE,34.0,35,3235,0.8441065540716844,True,1,1,35.0,3242.4,8665.67,372.31,137.84,8.05,47.63,7.69,16.04,1.53,25.18,29.16,31.36,75.62,87.29,164.44,262.19,14.03,0.22,1.08,2.0,5.0,11.0,23.0,11.0,61.0,43.0,57.0,18.0,59.0,75.0,18.0,16.0,5.0,9.0,7.0,5.0,5.0
2024,Amazonas,11,52,Meio,17.0,0.11428842155292807,False,Matheus Serafim,"LW, RW, LAMF",EE,26.0,33,2934,0.7655668097824798,True,2,1,33.0,2939.31,9009.68,524.29,356.77,16.99,80.83,10.35,22.47,3.89,37.97,32.15,33.96,319.54,94.45,406.59,198.53,31.23,3.58,11.51,14.0,27.0,91.0,91.0,70.0,84.0,86.0,91.0,41.0,100.0,98.0,98.0,34.0,66.0,2.0,32.0,17.0,23.0
2024,Amazonas,11,52,Meio,17.0,0.11428842155292807,False,Enio,"RW, RAMF, LW",ED,23.0,36,2843,0.741822235927604,True,3,1,36.0,2846.16,9043.28,526.22,202.91,10.88,65.39,9.2,17.39,2.4,31.97,28.92,31.02,149.7,80.81,356.47,251.73,29.6,5.55,11.34,4.0,14.0,30.0,35.0,30.0,68.0,34.0,72.0,20.0,44.0,48.0,40.0,20.0,38.0,6.0,22.0,60.0,40.0
2024,Amazonas,11,52,Meio,17.0,0.11428842155292807,False,Alexis Alvariño,"RCB, LCB",ZD,23.0,29,2789,0.7277320492444909,True,4,1,29.0,2793.28,8394.27,239.71,71.62,3.42,27.71,4.7,8.54,0.61,14.92,28.23,30.46,24.57,58.29,99.28,173.7,9.33,0.34,0.25,13.0,4.0,17.0,8.0,7.0,53.0,24.0,35.0,13.0,45.0,53.0,41.0,20.0,43.0,4.0,78.0,85.0,47.0
2024,Amazonas,11,52,Meio,17.0,0.11428842155292807,False,Miranda,"RCB, LCB",ZD,24.0,27,2685,0.700595393410347,True,5,2,27.0,2690.28,8430.18,272.02,83.23,4.75,31.88,5.19,10.0,0.47,16.76,28.23,31.02,24.31,73.86,76.1,228.91,6.01,0.17,0.17,17.0,26.0,30.0,41.0,33.0,67.0,48.0,22.0,30.0,45.0,70.0,39.0,37.0,15.0,30.0,30.0,51.0,34.0
2024,Amazonas,11,52,Meio,17.0,0.11428842155292807,False,Ezequiel,RB,LD,31.0,27,2387,0.6228384372702043,True,6,1,27.0,2392.74,9162.35,437.46,127.92,7.48,50.63,7.18,16.4,1.58,27.64,28.05,30.16,82.66,69.92,223.58,298.22,25.15,1.25,3.06,10.0,4.0,10.0,10.0,10.0,35.0,35.0,52.0,27.0,23.0,40.0,17.0,8.0,13.0,8.0,33.0,42.0,39.0
2024,Amazonas,11,52,Meio,17.0,0.11428842155292807,False,D. Torres,"CF, AMF, LCMF",CA,33.0,32,2103,0.5487344924923501,False,7,1,32.0,2104.64,9236.47,459.04,112.68,5.9,47.89,5.69,13.13,0.86,29.33,27.98,30.88,61.24,68.13,227.83,314.86,24.57,2.99,8.49,26.0,21.0,16.0,13.0,15.0,5.0,16.0,24.0,32.0,33.0,67.0,13.0,28.0,11.0,56.0,14.0,5.0,3.0
2024,Amazonas,11,52,Meio,17.0,0.11428842155292807,False,Cauan Barros,"RCMF, LCMF, LDMF",MED,20.0,24,1963,0.5122043788694641,False,8,1,24.0,1964.64,10141.83,437.65,81.86,5.04,44.07,3.76,9.62,0.46,32.25,26.69,28.54,35.42,65.09,134.67,402.56,18.64,1.27,2.76,32.0,18.0,11.0,21.0,16.0,10.0,5.0,30.0,34.0,21.0,24.0,19.0,21.0,10.0,65.0,11.0,30.0,19.0
2024,Amazonas,11,52,Meio,17.0,0.11428842155292807,False,Erick Varão,"RCMF, RDMF, LCMF",MED,28.0,21,1665,0.4344474227293213,False,9,2,21.0,1667.82,10145.74,691.99,261.19,13.33,80.73,5.99,18.51,1.19,44.03,29.28,30.52,168.45,158.44,353.57,490.13,42.12,3.41,9.86,35.0,98.0,98.0,100.0,100.0,82.0,94.0,90.0,87.0,97.0,82.0,98.0,97.0,90.0,94.0,97.0,72.0,77.0
2024,Amazonas,11,52,Meio,17.0,0.11428842155292807,False,Sassá,CF,CA,30.0,26,1612,0.4206181654292288,False,10,2,26.0,1613.04,8273.46,377.28,131.01,7.36,48.26,7.92,16.24,2.06,25.0,28.29,29.92,84.41,63.05,214.81,214.11,23.47,9.86,18.78,1.0,5.0,24.0,25.0,17.0,63.0,46.0,72.0,8.0,40.0,34.0,26.0,21.0,8.0,11.0,9.0,76.0,50.0
2024,Amazonas,11,52,Meio,17.0,0.11428842155292807,False,Rafael Tavares,"AMF, CF",MEI,33.0,28,1528,0.3987000972554973,False,11,1,28.0,1529.36,10148.11,424.37,59.26,2.88,37.55,4.24,10.83,0.0,28.25,25.88,28.18,29.94,38.46,235.32,263.33,29.57,3.06,8.38,61.0,39.0,6.0,17.0,11.0,17.0,28.0,8.0,33.0,11.0,28.0,11.0,17.0,33.0,28.0,44.0,39.0,33.0
2024,Amazonas,11,52,Meio,17.0,0.11428842155292807,False,J. Jiménez,"LCMF, LDMF, RCMF",MED,31.0,23,1461,0.3812178285931162,False,12,3,23.0,1465.1,9833.86,432.42,84.41,5.53,46.69,5.1,16.03,0.43,32.62,26.83,28.6,16.26,87.73,113.98,407.22,15.22,0.1,0.19,15.0,16.0,15.0,30.0,27.0,55.0,79.0,27.0,37.0,29.0,27.0,2.0,60.0,3.0,66.0,3.0,8.0,2.0
2024,Amazonas,11,52,Meio,17.0,0.11428842155292807,False,Renan Castro,LB,LE,28.0,16,1120,0.292240908983087,False,13,2,16.0,1123.04,9220.67,516.48,187.28,8.65,54.73,7.29,17.39,1.44,23.96,28.48,30.22,123.8,87.48,272.78,320.6,24.91,0.73,3.24,16.0,41.0,41.0,34.0,27.0,49.0,59.0,47.0,7.0,26.0,36.0,52.0,18.0,48.0,36.0,52.0,32.0,30.0
2024,Amazonas,11,52,Meio,17.0,0.11428842155292807,False,Luan Silva,CF,CA,31.0,14,962,0.2510140664658301,False,14,3,14.0,963.06,8981.4,408.93,113.17,5.89,45.7,7.2,15.51,1.03,23.64,28.58,30.32,85.28,49.87,261.63,227.94,26.22,8.36,17.86,18.0,9.0,17.0,12.0,9.0,37.0,40.0,30.0,6.0,48.0,48.0,27.0,11.0,21.0,16.0,19.0,55.0,44.0
2024,Amazonas,11,52,Meio,17.0,0.11428842155292807,False,Guilherme Xavier,"DMF, LCMF",VOL,29.0,14,922,0.2405768911450055,False,15,1,14.0,923.02,10054.21,435.15,66.2,3.61,41.54,3.61,13.36,0.29,29.54,25.81,28.46,29.04,46.91,184.71,305.43,24.09,0.99,2.82,60.0,38.0,8.0,12.0,28.0,8.0,45.0,12.0,42.0,8.0,28.0,38.0,5.0,62.0,15.0,65.0,55.0,52.0
2024,Amazonas,11,52,Meio,17.0,0.11428842155292807,False,Patric,RB,LD,35.0,8,806,0.2103090827146144,False,16,2,8.0,807.28,9081.31,509.27,161.77,9.14,58.53,6.47,17.5,0.78,25.42,28.44,29.02,118.05,65.53,278.61,272.08,26.4,3.58,6.33,4.0,21.0,17.0,31.0,23.0,15.0,42.0,12.0,15.0,27.0,16.0,46.0,6.0,29.0,2.0,54.0,94.0,90.0
2024,Amazonas,11,52,Meio,17.0,0.11428842155292807,False,Bruno Lopes,CF,CA,29.0,17,637,0.1662120169841307,False,17,4,16.0,636.16,9496.05,511.85,154.77,8.77,58.71,7.64,14.29,1.84,33.39,27.99,30.6,110.2,85.42,324.95,291.07,38.67,7.42,21.29,48.0,42.0,36.0,41.0,43.0,53.0,25.0,63.0,48.0,34.0,57.0,46.0,44.0,61.0,36.0,86.0,43.0,69.0
2024,Amazonas,11,52,Meio,17.0,0.11428842155292807,False,Jô,CF,CA,37.0,12,574,0.1497734658538321,False,18,5,12.0,575.28,8281.71,273.47,66.02,2.19,29.57,6.26,13.45,0.31,19.71,25.92,27.62,50.64,22.94,173.3,143.11,21.7,9.0,17.46,2.0,2.0,2.0,2.0,2.0,13.0,19.0,8.0,2.0,3.0,7.0,6.0,1.0,3.0,1.0,7.0,66.0,38.0
2024,Amazonas,11,52,Meio,17.0,0.11428842155292807,False,William Barbio,"CF, RW, LAMF",CA,31.0,16,483,0.1260288919989562,False,19,6,14.0,468.44,9400.19,448.03,198.46,8.07,53.6,6.53,16.52,2.11,23.25,28.83,30.78,132.42,87.37,287.28,193.34,21.33,3.51,9.03,38.0,17.0,57.0,37.0,28.0,19.0,55.0,76.0,4.0,59.0,63.0,63.0,47.0,33.0,5.0,5.0,9.0,4.0
2024,Amazonas,11,52,Meio,17.0,0.11428842155292807,False,Igor Bolt,"LAMF, CF, LW",EE,23.0,15,482,0.1257679626159356,False,20,2,14.0,479.92,8826.43,501.03,230.27,10.69,61.88,7.69,19.5,2.06,26.06,29.01,30.22,189.86,89.49,345.94,250.62,26.08,4.69,10.55,5.0,9.0,43.0,25.0,25.0,51.0,48.0,52.0,2.0,41.0,30.0,61.0,27.0,27.0,11.0,14.0,34.0,18.0
2024,Amazonas,11,52,Meio,17.0,0.11428842155292807,False,Cocote,"LW, LWB, LAMF",EE,19.0,14,425,0.1108949877837607,False,21,3,14.0,423.5,9894.16,660.21,259.24,13.6,77.77,9.14,19.34,2.76,41.44,28.69,31.02,156.49,171.49,439.76,361.24,29.21,5.18,12.2,64.0,68.0,55.0,55.0,55.0,75.0,43.0,70.0,70.0,32.0,50.0,39.0,89.0,82.0,64.0,25.0,39.0,25.0
2024,Amazonas,11,52,Meio,17.0,0.11428842155292807,False,Tiago Cametá,RB,LD,32.0,7,381,0.0994140949308537,False,22,3,7.0,381.5,9248.31,447.01,116.77,5.43,39.16,6.13,12.97,1.18,19.34,26.51,26.86,45.06,79.26,208.93,296.59,13.33,0.42,0.83,13.0,6.0,6.0,2.0,2.0,8.0,4.0,30.0,2.0,2.0,2.0,2.0,13.0,8.0,6.0,4.0,10.0,2.0
2024,Amazonas,11,52,Meio,17.0,0.11428842155292807,False,Sidcley,"LB, LW",LE,31.0,11,340,0.0887159902270085,False,23,3,11.0,338.25,9659.22,646.09,257.32,11.18,68.39,7.98,16.76,1.06,32.2,28.73,30.02,160.76,144.15,420.71,341.88,35.77,5.5,13.07,57.0,84.0,93.0,61.0,70.0,68.0,52.0,30.0,77.0,41.0,28.0,80.0,89.0,93.0,55.0,91.0,100.0,100.0
2024,Amazonas,11,52,Meio,17.0,0.11428842155292807,False,Wendell,"LCMF, RCMF",MED,21.0,5,306,0.0798443912043077,False,24,4,5.0,305.79999999999995,10714.06,559.78,107.72,6.47,52.68,6.18,16.48,0.88,47.09,27.36,27.36,42.36,68.75,230.87,364.3,27.07,5.34,6.1,94.0,69.0,31.0,48.0,47.0,85.0,84.0,77.0,92.0,45.0,8.0,24.0,24.0,42.0,45.0,44.0,94.0,45.0
2024,Amazonas,11,52,Meio,17.0,0.11428842155292807,False,Matheusinho,"CF, RW, AMF",CA,25.0,6,264,0.0688853571174419,False,25,7,6.0,264.54,9890.53,469.2,170.12,8.17,57.5,7.83,16.33,0.34,35.73,27.87,28.96,128.22,66.31,348.29,195.21,40.8,5.76,11.53,73.0,26.0,44.0,38.0,38.0,58.0,51.0,11.0,62.0,29.0,17.0,59.0,26.0,76.0,6.0,93.0,23.0,13.0
2024,Amazonas,11,52,Meio,17.0,0.11428842155292807,False,Judá,RCMF,MED,25.0,3,180,0.0469672889437104,False,26,5,3.0,180.45,9352.62,338.65,87.78,4.99,45.89,4.99,15.96,1.0,34.91,27.93,27.93,30.75,81.82,112.28,300.86,13.58,0.0,2.14,,,,,,,,,,,,,,,,,,
2024,Amazonas,11,52,Meio,17.0,0.11428842155292807,False,Gustavo Ermel,"LAMF, RW, LW",EE,29.0,5,179,0.0467063595606898,False,27,4,5.0,178.79999999999998,10051.01,692.11,228.52,14.09,85.07,6.54,14.09,2.01,33.22,28.94,28.94,96.82,195.11,461.37,305.79,33.8,5.83,14.57,77.0,82.0,36.0,64.0,84.0,16.0,9.0,50.0,23.0,38.0,14.0,14.0,93.0,95.0,25.0,52.0,57.0,52.0
2024,Amazonas,11,52,Meio,17.0,0.11428842155292807,False,Sousa,"LDMF, RCMF, DMF",VOL,29.0,4,160,0.0417487012832981,False,28,2,4.0,160.36,10687.75,425.44,74.65,5.05,43.22,4.49,12.35,0.56,34.8,25.95,25.95,8.37,80.24,91.56,429.32,19.44,0.0,0.81,,,,,,,,,,,,,,,,,,
2024,Amazonas,11,52,Meio,17.0,0.11428842155292807,False,Robson Duarte,"RAMF, RW, CF",ED,31.0,3,146,0.0380956899210095,False,29,2,2.0,109.34,9037.86,509.47,142.39,9.05,56.79,3.29,16.46,0.82,45.27,27.95,27.95,103.76,74.42,408.27,245.35,43.84,0.0,0.0,,,,,,,,,,,,,,,,,,
2024,Amazonas,11,52,Meio,17.0,0.11428842155292807,False,Jonny Uchuari,"LWB, LW, RW",LE,30.0,4,145,0.0378347605379889,False,30,4,4.0,144.68,10984.77,899.59,281.2,12.44,77.76,9.95,20.53,2.49,37.33,28.52,28.52,159.39,146.61,495.87,542.93,57.21,11.74,26.41,,,,,,,,,,,,,,,,,,
2024,Amazonas,11,52,Meio,17.0,0.11428842155292807,False,Matheus Melo,"AMF, LAMF, LCMF",MEI,25.0,4,97,0.0253101501529995,False,31,2,4.0,96.68,10038.41,655.45,230.9,11.17,65.17,4.66,13.97,0.93,33.52,27.05,27.05,103.75,191.68,423.75,395.34,40.25,1.44,8.62,,,,,,,,,,,,,,,,,,
2024,Amazonas,11,52,Meio,17.0,0.11428842155292807,False,Wellington Manzoli,LCB,ZE,23.0,2,39,0.0101762459378039,False,32,1,2.0,39.64,8572.33,365.6,79.48,0.0,24.98,11.35,13.62,0.0,13.62,23.95,23.95,112.5,30.56,330.88,169.44,0.0,0.0,0.0,,,,,,,,,,,,,,,,,,
2024,Amazonas,11,52,Meio,17.0,0.11428842155292807,False,Jonny,"RW, LW",ED,26.0,1,26,0.0067841639585359,False,33,3,1.0,25.93,9484.7,607.33,235.99,13.88,83.29,20.82,27.76,10.41,45.12,29.8,29.8,326.51,70.83,527.44,312.5,,,,,,,,,,,,,,,,,,,,,
2024,Amazonas,11,52,Meio,17.0,0.11428842155292807,False,Thiago Spice,CF,CA,39.0,1,6,0.0015655762981236,False,34,8,1.0,6.33,8497.89,355.26,0.0,0.0,28.42,14.21,14.21,0.0,42.63,,,,,,,0.0,0.0,0.0,,,,,,,,,,,,,,,,,,
2024,América-MG,7,58,Meio,5.0,0.040881277783413106,False,Alê,"DMF, RDMF, LDMF",VOL,34.0,34,3124,0.8168096788761855,True,1,1,34.0,3130.04,10462.22,543.33,120.7,6.01,52.79,4.69,16.76,0.52,36.43,27.44,29.5,51.89,91.42,245.39,394.0,34.3,1.36,4.08,80.0,80.0,57.0,52.0,70.0,52.0,90.0,38.0,82.0,55.0,57.0,75.0,50.0,85.0,49.0,95.0,68.0,68.0
2024,América-MG,7,58,Meio,5.0,0.040881277783413106,False,Ricardo Silva,RCB,ZD,31.0,32,3087,0.80713555655915,True,2,1,26.0,2582.84,9071.19,334.88,112.62,5.96,38.26,4.36,10.21,0.59,17.07,29.74,31.74,39.44,93.03,103.38,277.16,6.81,0.3,0.51,76.0,65.0,72.0,72.0,67.0,28.0,52.0,33.0,35.0,87.0,91.0,85.0,65.0,50.0,72.0,43.0,82.0,79.0
2024,América-MG,7,58,Meio,5.0,0.040881277783413106,False,Mateus Henrique,RB,LD,21.0,29,2585,0.6758812483658577,True,3,1,28.0,2485.0,9960.12,663.76,212.55,12.2,71.38,7.75,20.28,1.63,35.56,29.31,30.8,106.32,134.24,306.76,434.19,27.17,1.41,3.06,79.0,90.0,58.0,75.0,83.0,59.0,83.0,54.0,83.0,58.0,56.0,33.0,69.0,42.0,88.0,62.0,52.0,39.0
2024,América-MG,7,58,Meio,5.0,0.040881277783413106,False,Éder,"LCB, RCB",ZE,29.0,26,2507,0.6554871526704856,True,4,1,26.0,2512.64,9035.9,363.09,93.95,5.01,37.07,5.12,10.35,1.04,17.48,28.36,30.16,30.92,78.02,118.33,301.26,8.76,0.24,0.52,61.0,78.0,42.0,42.0,56.0,58.0,56.0,81.0,50.0,38.0,36.0,56.0,36.0,69.0,92.0,78.0,56.0,61.0
2024,América-MG,7,58,Meio,5.0,0.040881277783413106,False,Adyson,"RW, RAMF, RWF",ED,18.0,30,1780,0.4654037222790045,False,5,1,29.0,1718.54,10182.01,585.47,212.3,10.79,64.67,5.71,15.34,1.68,37.91,29.21,31.7,124.44,113.67,319.76,345.34,27.8,2.42,6.89,78.0,32.0,36.0,30.0,28.0,12.0,10.0,42.0,38.0,60.0,72.0,20.0,54.0,14.0,48.0,12.0,6.0,4.0
2024,América-MG,7,58,Meio,5.0,0.040881277783413106,False,Lucão,LCB,ZE,28.0,16,1514,0.3958546267024792,False,6,2,15.0,1411.5,9238.53,362.03,101.63,5.48,37.62,4.85,10.27,0.64,19.7,28.45,30.22,30.6,84.44,121.29,267.61,8.67,0.19,0.1,89.0,75.0,56.0,50.0,64.0,43.0,53.0,33.0,72.0,46.0,39.0,53.0,61.0,81.0,67.0,69.0,46.0,25.0
2024,América-MG,7,58,Meio,5.0,0.040881277783413106,False,Moisés,"LDMF, LCMF",VOL,36.0,30,1450,0.379121009721661,False,7,2,29.0,1411.43,10544.26,640.28,183.89,9.25,64.53,4.46,15.81,0.51,35.58,27.86,30.26,77.26,146.28,287.22,467.64,33.45,4.19,10.21,88.0,95.0,98.0,95.0,92.0,40.0,85.0,34.0,78.0,70.0,74.0,98.0,90.0,92.0,80.0,92.0,98.0,98.0
2024,América-MG,7,58,Meio,5.0,0.040881277783413106,False,Renato Marques,CF,CA,20.0,27,1423,0.3720615150578784,False,8,1,22.0,1131.02,9113.49,635.82,230.67,13.05,78.69,10.11,19.89,2.55,41.61,28.91,31.12,119.44,140.33,280.65,472.48,29.81,10.25,21.68,21.0,84.0,72.0,78.0,93.0,92.0,82.0,89.0,88.0,60.0,72.0,55.0,78.0,31.0,92.0,43.0,78.0,72.0
2024,América-MG,7,58,Meio,5.0,0.040881277783413106,False,Brenner,CF,CA,30.0,24,1307,0.3417318342801455,False,9,2,23.0,1216.01,9462.71,467.0,107.24,4.88,43.3,6.44,12.43,0.59,26.79,26.98,29.54,77.84,40.13,269.76,249.07,28.92,8.51,18.34,44.0,24.0,12.0,7.0,6.0,14.0,9.0,16.0,17.0,11.0,28.0,21.0,5.0,25.0,25.0,37.0,58.0,46.0
2024,América-MG,7,58,Meio,5.0,0.040881277783413106,False,F. Elizari,"LCMF, LDMF",MED,33.0,19,1299,0.3396401321575432,False,10,1,18.0,1233.9,10363.99,524.49,105.68,5.47,49.52,4.96,14.0,0.66,34.94,26.17,27.2,63.44,43.58,334.93,243.59,39.53,6.49,16.03,58.0,50.0,27.0,27.0,32.0,52.0,56.0,55.0,55.0,13.0,5.0,45.0,6.0,84.0,3.0,94.0,98.0,100.0
2024,América-MG,7,58,Meio,5.0,0.040881277783413106,False,Daniel Borges,RB,LD,31.0,17,1138,0.2975446269401726,False,11,2,16.0,1136.8,10042.6,604.06,241.86,11.48,68.01,6.97,17.81,0.79,34.2,29.11,30.68,122.13,157.07,315.34,392.01,34.05,1.4,3.34,85.0,69.0,79.0,63.0,69.0,29.0,48.0,13.0,75.0,46.0,52.0,48.0,92.0,48.0,73.0,98.0,50.0,44.0
2024,América-MG,7,58,Meio,5.0,0.040881277783413106,False,Felipe Amaral,"DMF, RDMF, LDMF",VOL,21.0,22,1017,0.2659076323358132,False,12,3,21.0,1004.64,10538.34,496.44,132.31,6.45,50.07,4.48,10.39,0.63,33.95,27.3,29.46,31.85,124.62,133.22,449.53,13.39,0.48,1.43,85.0,68.0,70.0,60.0,62.0,42.0,12.0,55.0,68.0,45.0,54.0,50.0,80.0,45.0,75.0,18.0,42.0,40.0
2024,América-MG,7,58,Meio,5.0,0.040881277783413106,False,Matheus Davó,"CF, LW, RWF",CA,25.0,16,879,0.2298257707209241,False,13,3,12.0,715.08,9563.75,550.91,268.6,14.98,76.65,9.69,17.24,2.64,33.98,30.8,32.08,207.93,86.32,338.76,259.45,33.41,6.26,20.46,53.0,63.0,84.0,94.0,87.0,88.0,63.0,92.0,52.0,94.0,83.0,89.0,45.0,72.0,28.0,62.0,29.0,65.0
2024,América-MG,7,58,Meio,5.0,0.040881277783413106,False,Vitor Jacaré,"RWF, RW, RAMF",ED,24.0,15,676,0.1767488293598916,False,14,2,14.0,636.3000000000001,9603.38,635.86,274.65,14.28,80.33,9.9,21.36,2.12,38.33,29.2,31.06,130.97,192.0,304.29,422.03,32.86,4.98,12.54,40.0,56.0,62.0,68.0,72.0,78.0,84.0,58.0,40.0,58.0,50.0,24.0,90.0,10.0,88.0,34.0,48.0,52.0
2024,América-MG,7,58,Meio,5.0,0.040881277783413106,False,Wallisson,"DMF, RCMF, RDMF",VOL,26.0,20,647,0.1691664091654584,False,15,4,18.0,561.78,10050.34,507.25,142.75,8.17,56.88,6.09,16.34,0.96,33.81,27.93,30.58,54.86,116.25,192.12,403.32,21.45,1.38,6.23,57.0,72.0,75.0,90.0,88.0,85.0,88.0,79.0,64.0,72.0,82.0,80.0,75.0,75.0,55.0,50.0,70.0,88.0
2024,América-MG,7,58,Meio,5.0,0.040881277783413106,False,Felipe Azevedo,"LWF, LAMF, LW",EE,37.0,16,598,0.1563547336645195,False,16,1,16.0,597.44,9561.15,606.39,229.6,13.11,72.32,7.68,24.86,1.21,38.27,28.52,30.6,141.09,116.02,308.67,398.2,33.66,7.55,17.34,34.0,48.0,41.0,45.0,41.0,48.0,100.0,18.0,43.0,24.0,35.0,36.0,52.0,16.0,77.0,50.0,89.0,82.0
2024,América-MG,7,58,Meio,5.0,0.040881277783413106,False,M. Benítez,"AMF, LCMF",MEI,30.0,10,596,0.1558318081338689,False,17,1,10.0,596.5999999999999,8557.88,341.81,63.96,2.87,33.34,4.68,11.92,0.15,24.13,26.56,28.44,34.22,43.25,168.51,233.48,24.89,1.87,7.67,6.0,6.0,11.0,11.0,6.0,28.0,44.0,17.0,11.0,33.0,39.0,17.0,28.0,11.0,17.0,17.0,17.0,22.0
2024,América-MG,7,58,Meio,5.0,0.040881277783413106,False,Júlio César,"RCB, LCB",ZD,20.0,7,547,0.14302013263293,False,18,2,7.0,549.29,9245.56,361.45,132.39,6.55,41.29,4.92,10.98,0.98,22.28,28.73,29.3,30.28,108.79,115.72,262.06,13.23,0.0,0.37,87.0,80.0,85.0,78.0,78.0,59.0,67.0,63.0,91.0,67.0,20.0,57.0,78.0,67.0,61.0,96.0,16.0,67.0
2024,América-MG,7,58,Meio,5.0,0.040881277783413106,False,Daniel Júnior,RW,ED,22.0,9,448,0.1171353188657269,False,19,3,6.0,298.08,9858.94,634.62,116.54,7.85,66.12,5.43,15.4,0.0,38.34,26.77,27.24,60.96,60.35,329.21,323.62,34.2,4.52,10.74,48.0,54.0,4.0,10.0,32.0,6.0,12.0,2.0,42.0,2.0,2.0,4.0,10.0,18.0,38.0,38.0,38.0,34.0
2024,América-MG,7,58,Meio,5.0,0.040881277783413106,False,Vinícius,"LW, LAMF, LWF",EE,30.0,13,301,0.0787002923629103,False,20,2,13.0,300.17,9606.43,690.78,341.49,16.49,81.25,8.69,24.58,1.5,40.18,29.48,31.3,192.86,199.59,349.13,482.79,37.28,6.28,15.7,39.0,77.0,86.0,89.0,73.0,70.0,95.0,36.0,55.0,52.0,57.0,64.0,95.0,32.0,95.0,70.0,70.0,64.0
2024,América-MG,7,58,Meio,5.0,0.040881277783413106,False,Thauan,"RAMF, CF, LW",ED,20.0,6,195,0.0509852392384302,False,21,4,6.0,196.2,10121.96,753.27,427.1,21.1,98.17,11.47,20.64,5.51,44.5,29.75,29.94,209.13,314.2,441.63,580.18,45.21,5.02,19.26,76.0,92.0,98.0,98.0,96.0,98.0,74.0,100.0,82.0,74.0,18.0,72.0,100.0,72.0,100.0,96.0,50.0,94.0
2024,América-MG,7,58,Meio,5.0,0.040881277783413106,False,Jonathas,CF,CA,35.0,5,160,0.0418340424520453,False,22,4,4.0,127.84,10000.21,633.64,211.92,9.15,60.55,8.45,19.01,0.0,30.27,28.12,28.12,148.55,64.67,334.23,502.54,17.74,8.32,12.75,,,,,,,,,,,,,,,,,,
2024,América-MG,7,58,Meio,5.0,0.040881277783413106,False,Flávio,RB,LD,24.0,2,101,0.0264077392978536,False,23,3,2.0,101.0,10218.12,547.13,159.5,6.24,49.9,4.46,14.26,0.89,17.82,30.55,30.55,57.48,131.39,166.06,474.19,14.89,1.06,1.06,,,,,,,,,,,,,,,,,,
2024,América-MG,7,58,Meio,5.0,0.040881277783413106,False,Gustavinho,"LCMF, LDMF, RAMF",MED,22.0,5,70,0.0183023935727698,False,24,2,5.0,71.05000000000001,10727.8,635.89,254.61,12.67,76.0,8.87,19.0,0.0,51.94,26.82,26.82,126.67,126.56,301.82,374.41,38.15,3.47,13.87,95.0,84.0,97.0,97.0,98.0,98.0,98.0,4.0,100.0,27.0,3.0,95.0,89.0,71.0,52.0,89.0,76.0,95.0
2024,América-MG,7,58,Meio,5.0,0.040881277783413106,False,Kauã Diniz,LCMF,MED,20.0,1,15,0.0039219414798792,False,25,3,1.0,14.58,10929.6,950.4,80.23,12.34,74.06,6.17,12.34,0.0,43.2,25.8,25.8,13.43,93.84,302.24,818.96,26.79,0.0,0.0,,,,,,,,,,,,,,,,,,
2024,América-MG,7,58,Meio,5.0,0.040881277783413106,False,Yago Santos,DMF,VOL,21.0,1,15,0.0039219414798792,False,26,5,1.0,14.58,11991.09,894.86,80.23,6.17,74.06,6.17,6.17,0.0,104.91,25.8,25.8,6.72,93.84,47.01,1091.94,13.39,0.0,0.0,,,,,,,,,,,,,,,,,,
2024,América-MG,7,58,Meio,5.0,0.040881277783413106,False,Pedro Barcelos,LCB,ZE,28.0,1,15,0.0039219414798792,False,27,3,1.0,14.77,9574.94,487.58,213.32,12.19,60.95,6.09,12.19,0.0,12.19,31.7,31.7,33.33,140.87,122.22,255.65,11.03,0.0,0.0,,,,,,,,,,,,,,,,,,
2024,Avaí,10,53,Meio,8.0,-0.036790844825395075,False,Marcos Vinicius,RB,LD,27.0,35,3463,0.9113811996076274,True,1,1,28.0,2765.84,9196.67,469.58,176.76,9.01,54.15,7.29,13.63,1.79,24.14,29.53,31.6,89.05,110.29,205.69,324.84,14.86,0.63,1.4,12.0,13.0,25.0,29.0,17.0,38.0,10.0,60.0,12.0,67.0,80.0,21.0,33.0,6.0,31.0,6.0,13.0,13.0
2024,Avaí,10,53,Meio,8.0,-0.036790844825395075,False,Tiago Pagnussat,"RCB, LCB",ZD,34.0,35,3296,0.8674306768428357,True,2,1,35.0,3303.65,9085.51,304.1,89.38,4.6,33.64,4.11,10.05,0.54,19.4,28.16,30.04,22.26,73.68,89.84,237.76,7.03,0.28,0.48,78.0,50.0,39.0,35.0,41.0,15.0,50.0,30.0,63.0,41.0,41.0,24.0,35.0,30.0,39.0,46.0,76.0,74.0
2024,Avaí,10,53,Meio,8.0,-0.036790844825395075,False,Maurício Garcez,"LW, LAMF, RW",EE,27.0,33,2570,0.6763643323683518,True,3,1,33.0,2577.63,10358.44,691.05,380.91,19.76,96.65,11.03,20.43,3.67,41.73,31.39,33.46,286.37,164.81,450.9,342.16,40.43,5.99,19.98,91.0,80.0,95.0,100.0,98.0,95.0,61.0,89.0,77.0,93.0,95.0,93.0,84.0,91.0,52.0,84.0,61.0,93.0
2024,Avaí,10,53,Meio,8.0,-0.036790844825395075,False,Vilar,"LCB, RCB",ZE,24.0,27,2541,0.6687322056606934,True,4,1,27.0,2548.26,9200.42,328.73,103.69,5.33,36.2,4.56,8.55,0.67,18.26,28.73,31.14,25.94,87.85,107.17,255.87,8.08,0.31,0.31,86.0,64.0,64.0,47.0,50.0,28.0,22.0,36.0,56.0,53.0,72.0,39.0,67.0,56.0,50.0,47.0,64.0,42.0
2024,Avaí,10,53,Meio,8.0,-0.036790844825395075,False,Giovanni,"CF, AMF",CA,30.0,33,2528,0.6653109074813982,True,5,1,33.0,2534.4,9887.63,455.3,106.18,6.11,49.15,6.5,13.25,1.21,29.26,27.06,29.38,55.54,65.45,213.61,307.25,29.61,3.01,8.38,72.0,20.0,11.0,15.0,18.0,17.0,18.0,37.0,31.0,13.0,24.0,9.0,24.0,7.0,52.0,41.0,6.0,2.0
2024,Avaí,10,53,Meio,8.0,-0.036790844825395075,False,Willian Maranhão,"LCMF, LB",MED,28.0,31,2458,0.6468885326698088,True,6,1,31.0,2466.05,9886.21,416.33,113.21,5.73,46.49,3.94,12.66,0.36,23.98,27.88,29.84,40.91,86.38,138.83,330.82,16.87,0.87,3.48,18.0,11.0,35.0,35.0,26.0,18.0,31.0,18.0,3.0,74.0,66.0,23.0,53.0,11.0,26.0,6.0,23.0,26.0
2024,Avaí,10,53,Meio,8.0,-0.036790844825395075,False,Pedro Castro,"RW, RCMF",ED,31.0,28,2137,0.5624087853195205,False,7,1,28.0,2141.44,10845.14,640.35,150.46,7.69,63.13,4.46,19.0,0.29,40.73,27.83,30.02,74.45,99.2,283.01,451.51,35.47,3.07,7.9,100.0,60.0,10.0,6.0,16.0,4.0,52.0,4.0,58.0,14.0,20.0,6.0,38.0,8.0,94.0,52.0,16.0,8.0
2024,Avaí,10,53,Meio,8.0,-0.036790844825395075,False,Zé Ricardo,"RCMF, LCMF",MED,28.0,25,1993,0.5245113285642511,False,8,2,25.0,1998.0,10231.29,471.27,108.74,5.68,48.24,4.46,15.45,0.41,31.76,27.34,28.9,35.14,88.22,158.83,376.04,26.31,0.48,2.45,44.0,27.0,32.0,34.0,29.0,31.0,73.0,24.0,31.0,44.0,42.0,18.0,65.0,21.0,55.0,42.0,13.0,16.0
2024,Avaí,10,53,Meio,8.0,-0.036790844825395075,False,Vágner Love,CF,CA,40.0,24,1649,0.4339785152044405,False,9,2,24.0,1653.36,9769.24,582.71,165.64,9.69,64.18,9.2,17.53,1.47,38.54,28.15,30.22,114.74,77.94,350.15,315.3,34.23,10.95,22.51,65.0,73.0,40.0,49.0,59.0,84.0,67.0,48.0,78.0,38.0,46.0,49.0,37.0,77.0,57.0,69.0,84.0,75.0
2024,Avaí,10,53,Meio,8.0,-0.036790844825395075,False,Hygor,CF,CA,31.0,23,1510,0.3973969423642845,False,10,3,23.0,1513.17,9819.03,772.8,348.84,18.44,98.38,14.99,29.32,4.1,49.96,29.97,31.74,243.67,163.09,414.14,475.81,40.77,13.65,29.09,69.0,98.0,98.0,98.0,99.0,99.0,100.0,99.0,98.0,83.0,78.0,98.0,85.0,93.0,93.0,92.0,96.0,98.0
2024,Avaí,10,53,Meio,8.0,-0.036790844825395075,False,Rodrigo Santos,"LCMF, RCMF",MED,23.0,13,1048,0.2758092686077948,False,11,3,13.0,1050.79,10305.72,620.01,155.11,8.22,63.38,5.05,18.84,0.69,33.15,27.82,29.48,67.45,111.61,260.01,456.51,25.13,1.91,4.76,52.0,81.0,76.0,74.0,82.0,53.0,97.0,56.0,45.0,68.0,60.0,55.0,82.0,53.0,87.0,32.0,44.0,35.0
2024,Avaí,10,53,Meio,8.0,-0.036790844825395075,False,William Pottker,"RW, CF, RAMF",ED,30.0,23,1046,0.2752829150417494,False,12,2,23.0,1047.88,10022.4,692.22,349.07,16.41,84.35,7.9,14.69,1.63,31.78,30.52,33.54,266.41,150.35,451.42,358.16,37.56,7.58,16.25,66.0,78.0,88.0,88.0,82.0,48.0,6.0,36.0,16.0,86.0,98.0,90.0,74.0,78.0,58.0,72.0,88.0,76.0
2024,Avaí,10,53,Meio,8.0,-0.036790844825395075,False,Judson,"RCMF, RDMF, DMF",MED,31.0,16,886,0.2331746297581166,False,13,4,13.0,853.1899999999999,10639.55,592.42,124.48,6.12,55.8,3.8,13.82,0.84,42.93,27.3,28.82,32.16,103.48,144.3,531.1,23.24,0.0,0.6,84.0,74.0,48.0,40.0,65.0,13.0,53.0,76.0,81.0,42.0,36.0,10.0,74.0,15.0,97.0,24.0,4.0,3.0
2024,Avaí,10,53,Meio,8.0,-0.036790844825395075,False,Ronaldo Henrique,"LCMF, RCMF, LDMF",MED,30.0,21,725,0.1908031676914611,False,14,5,20.0,723.4000000000001,10520.05,431.13,61.34,3.11,38.94,3.48,10.82,0.0,33.22,25.75,28.18,33.18,35.77,124.02,365.69,16.24,0.58,0.97,73.0,15.0,2.0,2.0,5.0,8.0,15.0,4.0,47.0,2.0,14.0,12.0,3.0,5.0,47.0,5.0,16.0,6.0
2024,Avaí,10,53,Meio,8.0,-0.036790844825395075,False,Gaspar,LW,EE,21.0,10,650,0.1710649089647582,False,15,2,10.0,651.5999999999999,10227.76,697.65,279.28,15.06,81.49,6.91,17.96,2.35,37.02,29.98,30.82,187.68,112.65,406.2,333.22,30.71,4.39,13.16,89.0,84.0,70.0,73.0,75.0,23.0,27.0,59.0,34.0,72.0,41.0,57.0,50.0,64.0,45.0,30.0,27.0,39.0
2024,Avaí,10,53,Meio,8.0,-0.036790844825395075,False,Gabriel Poveda,CF,CA,26.0,10,567,0.1492212359738737,False,16,4,9.0,542.61,9653.32,551.36,220.78,10.62,61.87,7.63,14.43,1.82,31.52,28.7,29.72,159.7,93.26,330.59,299.29,27.4,7.83,19.77,60.0,64.0,68.0,60.0,55.0,51.0,27.0,62.0,39.0,55.0,33.0,76.0,52.0,65.0,43.0,28.0,51.0,62.0
2024,Avaí,10,53,Meio,8.0,-0.036790844825395075,False,Alan Costa,LCB,ZE,33.0,7,406,0.1068497739072182,False,17,2,6.0,404.64,9034.85,269.8,58.5,2.89,23.58,5.34,10.01,1.78,15.79,26.78,26.78,26.92,36.99,105.21,171.2,7.33,0.31,0.92,58.0,14.0,6.0,3.0,3.0,75.0,44.0,100.0,14.0,3.0,3.0,47.0,3.0,42.0,3.0,42.0,64.0,78.0
2024,Avaí,10,53,Meio,8.0,-0.036790844825395075,False,Jean Lucas,"CF, LW, AMF",CA,29.0,13,392,0.1031652989449003,False,18,5,13.0,393.51,10727.27,713.34,252.95,9.83,68.38,5.72,11.66,2.06,43.23,28.52,30.64,106.44,206.72,327.1,499.45,31.67,2.42,12.35,97.0,95.0,80.0,51.0,66.0,6.0,4.0,72.0,94.0,45.0,58.0,44.0,96.0,62.0,96.0,48.0,2.0,16.0
2024,Avaí,10,53,Meio,8.0,-0.036790844825395075,False,Ademilson,CF,CA,30.0,10,283,0.0744790295954255,False,19,6,9.0,267.03000000000003,10496.65,528.17,133.47,7.42,58.31,6.74,16.85,1.35,38.42,27.23,29.02,77.84,76.43,309.12,297.98,30.99,5.47,16.77,95.0,53.0,26.0,27.0,40.0,23.0,58.0,41.0,77.0,18.0,19.0,21.0,36.0,47.0,41.0,45.0,20.0,36.0
2024,Avaí,10,53,Meio,8.0,-0.036790844825395075,False,G. Barros,"LW, RW",EE,22.0,5,247,0.0650046654066081,False,20,3,5.0,247.8,10594.08,729.25,430.36,18.88,97.69,7.26,23.97,2.54,46.49,29.94,29.94,294.05,201.68,442.95,383.65,51.62,9.85,22.06,98.0,95.0,100.0,95.0,100.0,32.0,91.0,66.0,93.0,68.0,23.0,95.0,98.0,89.0,73.0,100.0,100.0,98.0
2024,Avaí,10,53,Meio,8.0,-0.036790844825395075,False,Gustavo Talles,RB,LD,21.0,3,229,0.0602674833121994,False,21,2,3.0,229.14,9147.16,476.05,167.72,9.43,58.52,8.64,17.28,0.39,32.21,30.1,30.1,81.25,127.59,228.39,334.65,12.71,0.0,0.0,,,,,,,,,,,,,,,,,,
2024,Avaí,10,53,Meio,8.0,-0.036790844825395075,False,Cassiano,CF,CA,35.0,8,163,0.0428978156327009,False,22,7,8.0,162.48,10153.17,701.65,377.13,13.29,76.98,6.65,21.04,2.22,33.78,28.64,29.64,213.67,210.39,299.14,510.63,23.63,7.33,19.55,88.0,92.0,99.0,81.0,88.0,21.0,92.0,81.0,51.0,51.0,31.0,92.0,97.0,40.0,98.0,12.0,42.0,57.0
2024,Avaí,10,53,Meio,8.0,-0.036790844825395075,False,Kevin,"RB, RAMF, AMF",LD,26.0,3,92,0.0242122640380888,False,23,3,3.0,91.83,9634.74,678.19,253.83,11.76,69.58,9.8,23.52,1.96,26.46,28.73,28.73,129.37,183.11,401.8,433.59,34.86,6.54,10.89,,,,,,,,,,,,,,,,,,
2024,Botafogo-SP,14,45,Meio,18.0,-0.06581500763510828,False,Douglas Baggio,"RW, LW, RWF",ED,29.0,35,2934,0.7687946641257741,True,1,1,33.0,2768.37,9126.09,442.35,146.84,8.06,51.59,6.76,15.8,1.59,24.28,28.06,30.28,127.36,56.79,349.32,202.33,29.44,3.55,9.99,10.0,4.0,8.0,14.0,6.0,24.0,22.0,32.0,2.0,19.0,28.0,22.0,8.0,32.0,2.0,20.0,20.0,18.0
2024,Botafogo-SP,14,45,Meio,18.0,-0.06581500763510828,False,Emerson Negueba,"RB, RW, LW",LD,23.0,35,2618,0.6859933301572178,True,2,1,33.0,2490.18,9797.27,609.57,331.42,15.9,79.44,8.85,20.49,3.0,40.08,30.94,32.78,267.79,126.11,434.36,305.18,32.93,2.91,7.71,63.0,73.0,100.0,100.0,98.0,81.0,87.0,98.0,96.0,100.0,94.0,100.0,52.0,100.0,15.0,87.0,85.0,99.0
2024,Botafogo-SP,14,45,Meio,18.0,-0.06581500763510828,False,Bernardo Schappo,LCB,ZE,25.0,31,2563,0.6715817055740829,True,3,1,31.0,2568.9700000000003,9052.62,384.1,109.3,6.24,40.67,5.36,10.83,0.6,17.27,28.67,31.04,43.75,82.31,132.87,298.18,8.37,0.31,0.75,67.0,86.0,67.0,69.0,75.0,78.0,67.0,31.0,47.0,50.0,64.0,81.0,53.0,89.0,86.0,56.0,64.0,71.0
2024,Botafogo-SP,14,45,Meio,18.0,-0.06581500763510828,False,Gustavo Bochecha,"LCMF, RCMF",MED,28.0,36,2417,0.6333253930443068,True,4,1,35.0,2321.2,9504.44,416.67,103.14,4.85,39.86,4.3,10.28,0.58,25.67,26.96,28.88,66.53,61.91,188.29,316.29,23.06,2.92,7.95,3.0,13.0,26.0,19.0,10.0,24.0,10.0,44.0,5.0,33.0,40.0,53.0,16.0,27.0,23.0,23.0,61.0,61.0
2024,Botafogo-SP,14,45,Meio,18.0,-0.06581500763510828,False,Patrick Brey,"LB, LWB",LE,27.0,32,2198,0.5759409242496427,False,5,1,30.0,2074.8,10063.14,656.31,225.74,13.01,75.09,7.2,19.13,1.17,39.13,29.02,30.88,182.65,98.15,435.45,350.79,37.73,5.03,12.67,89.0,86.0,68.0,82.0,93.0,45.0,77.0,39.0,95.0,51.0,59.0,89.0,41.0,98.0,60.0,100.0,98.0,98.0
2024,Botafogo-SP,14,45,Meio,18.0,-0.06581500763510828,False,João Costa,"DMF, RCMF, LCMF",VOL,19.0,32,2186,0.5727965697951405,False,6,1,31.0,2174.65,9966.98,378.04,81.08,3.85,36.21,4.22,11.51,0.41,28.1,26.73,30.06,30.75,64.76,101.28,334.19,10.53,0.21,0.99,45.0,20.0,28.0,15.0,18.0,22.0,28.0,20.0,38.0,28.0,68.0,48.0,25.0,18.0,25.0,10.0,22.0,31.0
2024,Botafogo-SP,14,45,Meio,18.0,-0.06581500763510828,False,Jean Victor,"LB, LWB",LE,30.0,32,2182,0.5717484516436399,False,7,2,30.0,1973.4,10120.75,566.6,165.1,9.03,58.01,6.11,15.83,1.14,29.55,28.05,31.22,93.91,98.11,269.28,377.5,23.51,1.83,6.79,91.0,66.0,30.0,41.0,41.0,9.0,39.0,36.0,66.0,16.0,66.0,32.0,39.0,41.0,77.0,45.0,77.0,86.0
2024,Botafogo-SP,14,45,Meio,18.0,-0.06581500763510828,False,Alexandre Jesus,CF,CA,22.0,24,2015,0.527989518818485,False,8,1,22.0,1868.68,9364.14,553.89,293.35,15.75,75.23,8.09,18.35,2.22,25.91,31.25,33.48,236.36,137.4,381.21,305.25,34.3,9.46,25.03,36.0,66.0,94.0,96.0,84.0,66.0,72.0,81.0,14.0,97.0,98.0,97.0,77.0,86.0,51.0,71.0,71.0,87.0
2024,Botafogo-SP,14,45,Meio,18.0,-0.06581500763510828,False,Fábio Sanches,"CB, RCB",ZD,33.0,22,1871,0.4902572653644592,False,9,1,22.0,1875.06,8580.99,344.1,117.26,6.77,40.85,6.05,12.48,1.44,17.47,28.58,30.4,29.68,98.73,87.92,275.76,3.72,0.28,0.28,26.0,74.0,74.0,82.0,76.0,87.0,93.0,91.0,43.0,59.0,48.0,54.0,72.0,26.0,70.0,9.0,76.0,52.0
2024,Botafogo-SP,14,45,Meio,18.0,-0.06581500763510828,False,Matheus Costa,"RCB, LCB",ZD,29.0,21,1775,0.4651024297284421,False,10,2,21.0,1777.65,9195.62,394.31,160.6,8.46,47.74,5.52,11.7,1.42,21.06,29.8,31.62,55.48,125.57,141.75,300.89,7.27,0.27,0.63,83.0,91.0,93.0,93.0,91.0,80.0,80.0,88.0,82.0,89.0,89.0,93.0,91.0,85.0,87.0,54.0,72.0,83.0
2024,Botafogo-SP,14,45,Meio,18.0,-0.06581500763510828,False,Wallison,"RB, RCB",LD,22.0,20,1460,0.3825631252977608,False,11,2,18.0,1350.18,9615.68,526.4,196.51,11.33,64.46,7.4,18.73,0.93,35.26,29.27,31.38,89.37,133.74,230.19,364.49,26.28,1.11,3.53,37.0,31.0,37.0,60.0,56.0,40.0,67.0,21.0,79.0,56.0,75.0,23.0,65.0,17.0,60.0,50.0,33.0,46.0
2024,Botafogo-SP,14,45,Meio,18.0,-0.06581500763510828,False,Alex Sandro,"CF, LW",CA,28.0,23,1382,0.3621248213434969,False,12,2,21.0,1238.58,9253.82,577.04,252.37,13.52,74.05,10.9,22.24,2.47,32.92,29.81,31.18,160.78,136.3,372.4,307.99,37.33,8.67,19.53,27.0,69.0,79.0,83.0,82.0,94.0,94.0,87.0,44.0,81.0,74.0,78.0,76.0,84.0,53.0,81.0,63.0,56.0
2024,Botafogo-SP,14,45,Meio,18.0,-0.06581500763510828,False,Ericson,"RB, LCB, RCB",LD,25.0,16,1300,0.3406383992377322,False,13,3,14.0,1099.5600000000002,8943.28,379.86,163.04,7.53,46.08,6.79,13.1,1.31,22.51,30.41,32.48,50.12,135.02,118.82,304.68,7.55,0.55,1.1,2.0,2.0,19.0,13.0,6.0,23.0,6.0,40.0,6.0,93.0,88.0,4.0,75.0,2.0,13.0,2.0,12.0,8.0
2024,Botafogo-SP,14,45,Meio,18.0,-0.06581500763510828,False,S. Abdulai,"LCMF, RCMF",MED,25.0,16,1275,0.3340876607908528,False,14,2,13.0,989.95,10119.32,472.85,151.56,7.0,50.64,4.82,13.36,0.73,32.18,29.32,31.14,99.31,86.25,237.32,345.87,27.1,1.71,4.14,29.0,32.0,68.0,55.0,37.0,47.0,42.0,63.0,32.0,98.0,96.0,81.0,52.0,48.0,31.0,45.0,40.0,31.0
2024,Botafogo-SP,14,45,Meio,18.0,-0.06581500763510828,False,Victor Andrade,"LW, LWF, CF",EE,28.0,15,1263,0.3309433063363506,False,15,1,14.0,1217.58,8804.47,475.14,130.54,7.54,51.74,7.02,15.67,1.4,27.42,27.39,28.4,102.69,56.14,328.39,246.59,22.6,2.6,7.92,2.0,5.0,5.0,7.0,5.0,26.0,14.0,30.0,5.0,7.0,11.0,16.0,5.0,25.0,9.0,7.0,11.0,9.0
2024,Botafogo-SP,14,45,Meio,18.0,-0.06581500763510828,False,Matheus Barbosa,RCMF,MED,29.0,16,1184,0.3102429728442115,False,16,3,16.0,1186.72,10127.51,566.46,137.8,6.75,53.09,5.23,13.8,0.61,27.23,26.96,28.84,98.34,74.02,305.42,374.48,31.22,1.62,5.14,31.0,71.0,55.0,50.0,52.0,63.0,52.0,48.0,10.0,33.0,39.0,79.0,31.0,73.0,53.0,60.0,39.0,40.0
2024,Botafogo-SP,14,45,Meio,18.0,-0.06581500763510828,False,Carlos Manuel,"RCMF, LCMF",MED,23.0,19,1024,0.2683182467841829,False,17,4,16.0,879.68,10667.5,482.32,140.79,6.86,52.18,5.12,15.76,0.41,38.98,27.65,29.16,76.41,86.95,207.86,358.22,24.62,3.13,6.71,85.0,34.0,61.0,53.0,45.0,57.0,76.0,24.0,68.0,58.0,49.0,68.0,56.0,31.0,40.0,29.0,68.0,47.0
2024,Botafogo-SP,14,45,Meio,18.0,-0.06581500763510828,False,Raphael,"RCB, CB",ZD,25.0,11,959,0.2512863268222963,False,18,3,8.0,656.64,8837.57,325.13,101.71,5.35,36.6,4.66,10.97,1.23,20.97,29.26,30.28,17.97,96.04,95.36,262.13,7.07,0.2,0.2,50.0,59.0,61.0,57.0,61.0,49.0,64.0,83.0,74.0,76.0,46.0,13.0,70.0,41.0,63.0,48.0,58.0,40.0
2024,Botafogo-SP,14,45,Meio,18.0,-0.06581500763510828,False,Jonas Toró,"CF, LW, RW",CA,25.0,18,767,0.200976655550262,False,19,3,16.0,661.12,9210.36,488.14,202.41,10.07,59.76,7.9,15.38,2.59,28.59,29.33,31.9,174.96,94.5,321.82,279.02,21.52,3.55,10.44,25.0,34.0,61.0,55.0,45.0,61.0,39.0,91.0,24.0,72.0,80.0,80.0,53.0,57.0,33.0,6.0,12.0,9.0
2024,Botafogo-SP,14,45,Meio,18.0,-0.06581500763510828,False,Filipe Soutto,"LCMF, DMF",MED,33.0,20,739,0.193639828489757,False,20,5,19.0,730.3599999999999,10607.53,538.24,154.4,6.04,48.43,4.68,12.69,0.62,36.72,26.98,29.14,74.95,106.33,240.95,361.69,24.93,1.14,5.03,81.0,60.0,74.0,39.0,31.0,40.0,32.0,50.0,60.0,35.0,47.0,66.0,76.0,50.0,42.0,31.0,27.0,37.0
2024,Botafogo-SP,14,45,Meio,18.0,-0.06581500763510828,False,Leandro Pereira,CF,CA,33.0,11,608,0.1593139590281086,False,21,4,11.0,607.53,9198.55,524.83,154.5,9.63,60.73,10.22,20.15,1.19,37.48,27.83,29.0,102.12,91.59,314.41,312.52,35.99,14.82,26.46,24.0,52.0,35.0,47.0,48.0,93.0,84.0,36.0,68.0,27.0,18.0,41.0,51.0,48.0,55.0,74.0,98.0,92.0
2024,Botafogo-SP,14,45,Meio,18.0,-0.06581500763510828,False,Bruno Marques,CF,CA,25.0,13,502,0.1315388280133397,False,22,5,12.0,418.68,9992.46,532.84,192.16,9.89,61.69,7.31,13.11,1.5,38.26,29.26,30.42,128.77,124.91,330.0,333.63,36.36,7.52,27.27,79.0,56.0,55.0,52.0,54.0,40.0,15.0,51.0,75.0,67.0,53.0,61.0,73.0,64.0,66.0,76.0,45.0,95.0
2024,Botafogo-SP,14,45,Meio,18.0,-0.06581500763510828,False,Thassio,"RWB, RB",LD,23.0,7,389,0.1019294902334445,False,23,4,7.0,389.2,9833.86,667.6,188.23,10.64,68.22,7.86,20.35,0.46,35.38,29.39,29.94,97.39,114.55,335.65,422.81,32.26,0.67,5.38,67.0,92.0,31.0,52.0,71.0,63.0,85.0,4.0,81.0,62.0,33.0,27.0,37.0,67.0,85.0,83.0,18.0,81.0
2024,Botafogo-SP,14,45,Meio,18.0,-0.06581500763510828,False,Pedro Costa,"RWB, RB, RCB",LD,30.0,4,262,0.0686517389232968,False,24,5,4.0,262.16,9681.14,601.49,354.3,17.85,78.96,9.61,15.79,4.46,25.75,32.08,32.08,243.02,243.31,310.98,502.55,25.27,1.24,4.97,,,,,,,,,,,,,,,,,,
2024,Botafogo-SP,14,45,Meio,18.0,-0.06581500763510828,False,Ronald Camarão,"RB, RWB, RAMF",LD,24.0,7,125,0.0327536922343973,False,25,6,6.0,110.28,10346.12,647.35,251.43,14.69,75.1,9.8,14.69,3.27,47.35,28.82,29.54,115.04,214.2,330.97,390.4,25.16,3.28,5.47,98.0,85.0,87.0,96.0,90.0,92.0,15.0,100.0,100.0,37.0,25.0,40.0,100.0,62.0,71.0,35.0,92.0,83.0
2024,Botafogo-SP,14,45,Meio,18.0,-0.06581500763510828,False,William Gabriel,"RW, RB, LWF",ED,20.0,7,104,0.0272510719390185,False,26,2,7.0,104.51,10039.4,682.21,274.78,13.78,76.66,11.2,24.98,1.72,40.48,28.94,29.78,104.87,245.18,434.62,404.54,39.26,4.03,9.06,68.0,70.0,64.0,64.0,68.0,94.0,96.0,44.0,56.0,46.0,16.0,16.0,98.0,70.0,80.0,84.0,30.0,14.0
2024,Botafogo-SP,14,45,Meio,18.0,-0.06581500763510828,False,Rafael Castro,"LB, LW, LAMF",LE,19.0,3,88,0.0230585993330157,False,27,3,3.0,88.14,9511.27,617.81,322.69,12.25,71.48,11.23,18.38,2.04,40.85,31.17,31.17,139.58,214.38,280.38,641.12,49.69,3.11,21.74,,,,,,,,,,,,,,,,,,
2024,Botafogo-SP,14,45,Meio,18.0,-0.06581500763510828,False,Thalles,CF,CA,19.0,2,20,0.0052405907575035,False,28,6,1.0,15.52,10927.6,870.03,220.41,11.6,87.0,5.8,17.4,0.0,52.2,28.0,28.0,54.36,171.43,344.3,578.57,35.09,5.85,5.85,,,,,,,,,,,,,,,,,,
2024,Botafogo-SP,14,45,Meio,18.0,-0.06581500763510828,False,Luquinha,RW,ED,23.0,1,17,0.004454502143878,False,29,3,1.0,16.52,10282.34,811.91,261.55,16.35,98.08,10.9,32.69,5.45,32.69,27.9,27.9,154.97,175.32,715.23,385.71,59.29,0.0,11.86,,,,,,,,,,,,,,,,,,
2024,Botafogo-SP,14,45,Meio,18.0,-0.06581500763510828,False,Pedro Severino,CF,CA,18.0,1,14,0.0036684135302525,False,30,7,1.0,14.17,11594.12,1105.41,781.41,25.41,127.06,12.71,19.06,0.0,95.29,32.4,32.4,181.51,913.99,325.21,1081.87,7.54,7.54,7.54,,,,,,,,,,,,,,,,,,
2024,Brusque,19,36,Cai,20.0,-0.23983179110346897,False,Wallace,LCB,ZE,36.0,34,3333,0.8864790367039025,True,1,1,33.0,3241.26,8832.42,321.71,73.61,4.08,32.51,4.75,10.05,0.42,19.08,27.49,29.96,20.49,63.69,105.71,265.35,8.63,0.34,1.26,47.0,53.0,19.0,22.0,31.0,36.0,50.0,17.0,64.0,6.0,31.0,19.0,19.0,50.0,58.0,64.0,75.0,86.0
2024,Brusque,19,36,Cai,20.0,-0.23983179110346897,False,Rodolfo Potiguar,"DMF, RCMF, RDMF",VOL,36.0,35,2961,0.7875380821122878,True,2,1,34.0,2885.92,9309.93,296.43,65.06,3.12,30.28,3.62,11.16,0.47,18.18,27.31,30.68,15.88,56.57,69.95,265.69,9.0,0.05,0.27,8.0,2.0,5.0,5.0,2.0,10.0,22.0,28.0,2.0,48.0,85.0,5.0,12.0,2.0,8.0,2.0,8.0,8.0
2024,Brusque,19,36,Cai,20.0,-0.23983179110346897,False,Marcos Serrato,"LCMF, LW",MED,30.0,31,2488,0.6617341264084337,True,3,1,30.0,2395.2000000000003,10183.37,542.34,154.13,7.74,56.36,3.76,13.38,0.71,28.44,28.5,31.14,53.89,125.41,220.05,410.67,26.12,2.49,8.57,40.0,61.0,73.0,68.0,68.0,10.0,44.0,60.0,11.0,85.0,96.0,34.0,87.0,39.0,68.0,40.0,52.0,66.0
2024,Brusque,19,36,Cai,20.0,-0.23983179110346897,False,Ianson,"RCB, CB",ZD,29.0,24,2302,0.6122636491126263,True,4,1,23.0,2207.08,8255.51,259.48,63.21,3.63,29.48,4.24,8.93,0.86,14.56,27.32,29.32,15.25,57.52,57.25,228.32,3.07,0.0,0.0,11.0,17.0,7.0,15.0,17.0,20.0,30.0,59.0,11.0,12.0,22.0,4.0,17.0,4.0,28.0,7.0,16.0,10.0
2024,Brusque,19,36,Cai,20.0,-0.23983179110346897,False,Mateus Pivô,"RB, RWB",LD,26.0,26,2291,0.6093379757241646,True,5,1,25.0,2203.25,9644.16,554.37,249.21,12.62,67.23,7.43,19.2,2.08,31.08,30.92,33.28,171.45,123.43,277.5,362.78,24.85,2.51,4.89,44.0,44.0,85.0,85.0,63.0,42.0,73.0,80.0,56.0,98.0,100.0,92.0,48.0,27.0,56.0,31.0,79.0,77.0
2024,Brusque,19,36,Cai,20.0,-0.23983179110346897,False,Diego Mathias,"RW, RAMF, CF",ED,25.0,29,2067,0.5497606267227622,False,6,1,28.0,2052.4,10323.66,708.72,213.22,10.61,68.81,7.02,14.95,1.32,42.93,28.36,30.48,150.41,102.35,459.09,371.31,36.07,4.66,10.47,84.0,82.0,38.0,28.0,42.0,30.0,8.0,26.0,72.0,28.0,39.0,42.0,42.0,82.0,64.0,62.0,44.0,28.0
2024,Brusque,19,36,Cai,20.0,-0.23983179110346897,False,Paulinho Moccelin,"LW, CF",EE,30.0,29,1859,0.4944388026500314,False,7,1,28.0,1788.92,10055.24,660.49,229.1,12.78,74.91,7.19,16.3,2.16,42.66,28.94,30.82,122.36,138.12,360.31,400.15,34.81,5.57,13.33,80.0,70.0,39.0,41.0,50.0,30.0,16.0,55.0,86.0,38.0,41.0,20.0,64.0,41.0,82.0,57.0,47.0,41.0
2024,Brusque,19,36,Cai,20.0,-0.23983179110346897,False,Éverton Alemão,RCB,ZD,31.0,21,1675,0.445500265970308,False,8,2,19.0,1573.96,8708.02,283.15,96.92,5.37,33.96,4.57,8.23,1.14,16.24,28.67,31.26,27.77,77.25,72.83,235.02,2.91,0.0,0.08,37.0,35.0,52.0,59.0,46.0,39.0,15.0,74.0,28.0,63.0,74.0,48.0,46.0,13.0,37.0,4.0,16.0,22.0
2024,Brusque,19,36,Cai,20.0,-0.23983179110346897,False,Guilherme Queiróz,CF,CA,34.0,25,1410,0.3750181343391847,False,9,1,25.0,1413.75,9468.38,536.11,260.86,13.75,70.02,7.64,14.2,1.97,36.79,30.07,32.62,156.59,156.39,299.3,320.28,28.27,6.8,17.67,45.0,58.0,83.0,87.0,69.0,53.0,23.0,69.0,66.0,85.0,91.0,75.0,83.0,41.0,60.0,35.0,39.0,43.0
2024,Brusque,19,36,Cai,20.0,-0.23983179110346897,False,Dionísio,"RCMF, LCMF",MED,30.0,21,1250,0.3324628850524687,False,10,2,20.0,1170.4,9627.75,457.47,156.41,8.07,51.75,4.69,14.07,0.54,37.6,28.76,30.62,87.48,94.43,251.53,282.46,31.93,1.74,9.45,8.0,21.0,77.0,71.0,42.0,42.0,58.0,37.0,66.0,92.0,86.0,76.0,69.0,52.0,8.0,65.0,42.0,71.0
2024,Brusque,19,36,Cai,20.0,-0.23983179110346897,False,Alex Ruan,LB,LE,31.0,15,1205,0.3204942211905798,False,11,1,15.0,1209.75,9457.51,508.17,173.11,8.85,56.32,5.73,15.55,1.26,30.2,29.09,30.26,79.04,120.73,236.16,378.54,20.74,1.95,5.1,43.0,34.0,34.0,36.0,32.0,5.0,32.0,41.0,68.0,55.0,41.0,20.0,70.0,25.0,80.0,23.0,82.0,61.0
2024,Brusque,19,36,Cai,20.0,-0.23983179110346897,False,A. González,"CF, AMF",CA,27.0,14,1104,0.2936312200783403,False,12,2,14.0,1104.74,11422.0,641.55,111.2,6.11,59.55,5.78,12.3,0.41,60.12,26.59,27.94,59.04,65.46,323.8,406.56,39.9,3.54,11.89,100.0,87.0,13.0,15.0,44.0,7.0,7.0,12.0,100.0,6.0,8.0,12.0,25.0,58.0,81.0,89.0,11.0,14.0
2024,Brusque,19,36,Cai,20.0,-0.23983179110346897,False,Diego Tavares,"RW, CF, RWB",ED,33.0,30,1101,0.2928333091542144,False,13,2,29.0,1075.61,9270.48,587.21,426.14,18.66,85.85,10.21,23.51,4.77,30.12,32.2,34.38,363.23,163.38,393.7,316.3,29.28,3.87,10.58,14.0,36.0,96.0,92.0,84.0,82.0,90.0,98.0,10.0,100.0,100.0,100.0,84.0,48.0,24.0,16.0,26.0,30.0
2024,Brusque,19,36,Cai,20.0,-0.23983179110346897,False,Jhan Torres,LB,LE,23.0,14,1035,0.275279268823444,False,14,2,14.0,1036.7,9382.24,490.76,192.03,9.38,58.34,8.77,17.71,2.08,27.09,29.48,31.2,81.74,130.22,228.32,333.29,22.02,0.52,3.89,36.0,25.0,43.0,45.0,43.0,82.0,66.0,73.0,39.0,68.0,64.0,23.0,77.0,18.0,45.0,39.0,17.0,43.0
2024,Brusque,19,36,Cai,20.0,-0.23983179110346897,False,Rodrigo Pollero,CF,CA,27.0,11,887,0.2359156632332317,False,15,3,11.0,889.46,10333.75,506.32,87.12,6.68,56.76,9.01,19.53,0.81,38.55,26.71,27.6,73.94,28.32,366.54,233.93,41.98,11.14,27.93,93.0,40.0,5.0,19.0,37.0,82.0,79.0,22.0,79.0,8.0,6.0,19.0,3.0,83.0,20.0,95.0,85.0,97.0
2024,Brusque,19,36,Cai,20.0,-0.23983179110346897,False,Jhemerson,"CF, RCMF, LCMF",CA,27.0,15,794,0.2111804245853281,False,16,4,15.0,796.05,9565.57,514.39,164.72,9.5,60.94,7.24,17.3,1.36,37.53,28.53,29.96,95.62,100.0,332.07,294.65,42.99,2.67,9.93,54.0,45.0,39.0,46.0,51.0,38.0,65.0,42.0,69.0,46.0,36.0,34.0,56.0,66.0,38.0,97.0,3.0,7.0
2024,Brusque,19,36,Cai,20.0,-0.23983179110346897,False,Osman,"CF, LW",CA,31.0,18,733,0.1949562357947676,False,17,5,17.0,728.79,9652.13,529.66,111.89,6.67,55.2,7.41,14.82,1.11,32.48,27.54,30.16,53.16,72.95,292.14,327.53,32.25,6.72,15.93,59.0,54.0,14.0,18.0,34.0,43.0,34.0,32.0,42.0,22.0,40.0,7.0,32.0,35.0,65.0,53.0,37.0,33.0
2024,Brusque,19,36,Cai,20.0,-0.23983179110346897,False,Olávio,"CF, LWF",CA,30.0,12,707,0.1880410077856762,False,18,6,11.0,634.37,8493.46,424.31,182.44,9.65,55.89,9.08,20.57,1.7,24.83,29.52,30.44,128.4,86.77,259.8,233.51,26.77,11.92,23.26,5.0,11.0,52.0,48.0,36.0,83.0,89.0,57.0,7.0,76.0,54.0,60.0,46.0,18.0,19.0,23.0,91.0,77.0
2024,Brusque,19,36,Cai,20.0,-0.23983179110346897,False,Marcelo,"LB, LWB, LCMF",LE,25.0,9,639,0.169955026838822,False,19,3,9.0,640.35,9670.81,596.08,245.4,11.81,71.26,8.85,21.5,1.83,31.76,29.83,31.48,188.96,89.68,327.53,326.97,28.96,1.08,5.22,66.0,75.0,80.0,69.0,82.0,84.0,93.0,66.0,75.0,73.0,77.0,91.0,25.0,66.0,41.0,82.0,43.0,66.0
2024,Brusque,19,36,Cai,20.0,-0.23983179110346897,False,Cristovam,"RB, RCMF",LD,33.0,12,541,0.1438899366507084,False,20,2,12.0,539.76,10248.6,703.3,260.11,13.17,75.2,6.17,18.17,1.67,36.68,29.44,30.9,136.59,163.98,387.19,457.11,32.56,2.17,5.7,94.0,96.0,88.0,87.0,92.0,10.0,54.0,56.0,88.0,64.0,60.0,69.0,94.0,94.0,94.0,85.0,69.0,85.0
2024,Brusque,19,36,Cai,20.0,-0.23983179110346897,False,Maurício,LCB,ZE,33.0,7,538,0.1430920257265825,False,21,2,6.0,512.16,8469.45,262.35,56.23,3.51,27.94,3.87,9.66,0.7,16.34,27.88,28.46,14.15,38.66,81.1,221.91,6.63,0.0,0.0,11.0,11.0,3.0,11.0,8.0,3.0,36.0,46.0,25.0,19.0,8.0,6.0,6.0,14.0,22.0,31.0,14.0,8.0
2024,Brusque,19,36,Cai,20.0,-0.23983179110346897,False,Keké,"CF, LW, RW",CA,28.0,12,515,0.1369747086416171,False,22,7,12.0,515.76,9810.84,554.87,281.27,15.35,76.6,7.68,17.27,1.92,33.33,29.98,31.38,264.55,82.12,439.12,224.71,43.42,6.44,19.56,68.0,67.0,91.0,95.0,86.0,56.0,64.0,67.0,47.0,84.0,76.0,100.0,40.0,96.0,14.0,98.0,33.0,58.0
2024,Brusque,19,36,Cai,20.0,-0.23983179110346897,False,Lorran,"RB, RCMF, LCMF",LD,28.0,7,478,0.127133807244064,False,23,3,7.0,474.74,10165.71,509.18,106.73,7.39,53.84,7.01,18.39,1.14,47.01,27.31,28.06,55.95,73.59,211.26,373.37,26.29,1.21,1.62,90.0,19.0,4.0,8.0,15.0,31.0,59.0,27.0,98.0,8.0,6.0,8.0,12.0,10.0,63.0,52.0,38.0,15.0
2024,Brusque,19,36,Cai,20.0,-0.23983179110346897,False,Ronei,"RB, RCMF",LD,26.0,11,411,0.1093137966052517,False,24,4,11.0,410.19,10534.32,747.23,245.93,11.85,75.69,9.21,21.28,1.97,38.83,28.81,30.02,114.42,143.79,329.23,494.33,26.23,1.19,3.87,100.0,100.0,83.0,69.0,96.0,90.0,90.0,72.0,94.0,35.0,37.0,38.0,79.0,58.0,98.0,48.0,37.0,52.0
2024,Brusque,19,36,Cai,20.0,-0.23983179110346897,False,Madison,"RCMF, AMF",MED,26.0,15,401,0.1066540935248319,False,25,3,14.0,382.48,10608.7,524.73,113.65,5.65,52.71,5.18,13.88,0.24,42.12,26.11,28.7,45.32,83.05,235.74,382.57,28.29,4.26,10.07,82.0,52.0,37.0,32.0,48.0,60.0,55.0,13.0,76.0,6.0,34.0,29.0,45.0,45.0,58.0,47.0,87.0,81.0
2024,Brusque,19,36,Cai,20.0,-0.23983179110346897,False,Anderson Rosa,"LW, RW, RCMF",EE,31.0,6,334,0.0888340828860196,False,26,2,6.0,335.16,10949.84,536.51,69.01,4.83,50.48,5.1,12.89,0.81,37.59,25.83,26.36,37.58,36.51,327.21,345.12,48.24,1.47,7.73,100.0,30.0,2.0,2.0,2.0,2.0,5.0,5.0,39.0,2.0,2.0,2.0,2.0,23.0,55.0,98.0,5.0,7.0
2024,Brusque,19,36,Cai,20.0,-0.23983179110346897,False,Gabriel Pinheiro,"RB, RCB",LD,27.0,4,295,0.0784612408723826,False,27,5,3.0,294.24,9063.01,379.58,102.77,5.51,39.76,4.59,13.46,0.31,18.96,29.3,29.3,31.7,73.6,121.58,263.51,8.66,0.0,0.0,,,,,,,,,,,,,,,,,,
2024,Brusque,19,36,Cai,20.0,-0.23983179110346897,False,Wellissol,"CF, LW",CA,26.0,10,262,0.0696842207069974,False,28,8,9.0,253.08,9530.19,672.07,253.18,13.16,71.83,11.02,22.4,2.13,36.98,27.62,29.66,191.7,118.81,363.66,480.85,32.02,5.95,15.55,49.0,88.0,81.0,79.0,76.0,96.0,95.0,77.0,67.0,23.0,32.0,87.0,66.0,81.0,94.0,51.0,25.0,28.0
2024,Brusque,19,36,Cai,20.0,-0.23983179110346897,False,M. Ocampo,"CF, AMF",CA,22.0,4,181,0.0481406257555974,False,29,9,4.0,181.16,10284.79,609.61,147.56,10.93,71.05,8.94,20.37,0.5,49.68,28.5,28.5,79.39,99.32,445.18,266.6,61.08,12.22,26.18,,,,,,,,,,,,,,,,,,
2024,Brusque,19,36,Cai,20.0,-0.23983179110346897,False,Neto,RCB,ZD,20.0,1,101,0.0268630011122394,False,30,3,1.0,101.3,9119.05,183.02,86.18,4.44,26.65,3.55,6.22,1.78,17.77,31.1,31.1,13.03,74.25,54.47,143.19,,,,,,,,,,,,,,,,,,,,,
2024,Brusque,19,36,Cai,20.0,-0.23983179110346897,False,Cauari,"LW, LWF, CF",EE,21.0,3,39,0.010372842013637,False,31,3,3.0,39.3,11090.84,629.77,407.63,18.32,89.31,6.87,25.19,4.58,54.96,29.63,29.63,269.63,209.01,409.43,252.69,55.7,7.96,31.83,,,,,,,,,,,,,,,,,,
2024,Brusque,19,36,Cai,20.0,-0.23983179110346897,False,Gabriel Lima,RB,LD,21.0,1,14,0.0037235843125876,False,32,6,1.0,14.0,11468.57,495.0,77.14,12.86,77.14,6.43,12.86,0.0,70.71,26.7,26.7,50.99,0.0,219.26,152.42,15.28,0.0,5.09,,,,,,,,,,,,,,,,,,
2024,CRB,16,43,Meio,11.0,-0.21350572927073252,False,Anselmo Ramon,CF,CA,36.0,36,3188,0.825984548709252,True,1,1,36.0,3188.5199999999995,8747.01,443.32,112.65,5.33,43.07,6.52,12.62,0.76,29.19,27.69,31.6,65.85,69.13,218.27,324.03,19.67,5.5,10.68,9.0,15.0,15.0,11.0,5.0,18.0,12.0,21.0,29.0,25.0,77.0,16.0,29.0,9.0,64.0,4.0,21.0,11.0
2024,CRB,16,43,Meio,11.0,-0.21350572927073252,False,Hereda,RB,LD,25.0,33,3078,0.7974844544940645,True,2,1,33.0,3079.56,9887.91,601.92,243.69,11.78,67.3,8.15,17.65,1.87,33.52,30.36,32.68,162.94,131.61,353.12,363.52,27.97,1.35,2.86,71.0,62.0,81.0,65.0,65.0,67.0,46.0,63.0,71.0,90.0,92.0,90.0,60.0,83.0,58.0,67.0,48.0,35.0
2024,CRB,16,43,Meio,11.0,-0.21350572927073252,False,Gegé,"AMF, LCMF, CF",MEI,30.0,33,2801,0.7257160354249105,True,3,1,33.0,2804.34,10165.85,588.19,126.03,6.58,57.03,5.58,14.63,0.67,37.84,27.41,30.04,79.36,65.01,343.02,358.87,36.89,3.97,11.42,72.0,89.0,50.0,56.0,78.0,78.0,89.0,56.0,83.0,58.0,83.0,72.0,61.0,83.0,89.0,72.0,67.0,67.0
2024,CRB,16,43,Meio,11.0,-0.21350572927073252,False,Falcão,"LDMF, DMF, LCMF",VOL,26.0,35,2768,0.7171660071603543,True,4,1,35.0,2770.6,9545.92,402.04,113.73,5.75,44.08,4.35,14.07,0.58,33.14,27.79,30.26,27.6,112.04,90.6,405.35,10.37,0.18,0.42,15.0,25.0,50.0,48.0,38.0,25.0,52.0,45.0,57.0,68.0,74.0,35.0,68.0,5.0,57.0,8.0,15.0,11.0
2024,CRB,16,43,Meio,11.0,-0.21350572927073252,False,Saimon,RCB,ZD,33.0,23,2271,0.5883973996608254,False,5,1,23.0,2271.71,8859.43,280.74,67.95,3.29,27.89,4.08,7.57,0.48,17.43,27.25,29.98,29.16,49.19,88.59,240.86,6.21,0.07,0.07,54.0,28.0,11.0,2.0,9.0,11.0,4.0,25.0,41.0,9.0,37.0,52.0,2.0,28.0,43.0,35.0,33.0,20.0
2024,CRB,16,43,Meio,11.0,-0.21350572927073252,False,Fabio Alemão,LCB,ZE,27.0,16,1588,0.4114377237610703,False,6,1,16.0,1589.44,9173.55,400.26,138.44,7.19,43.94,5.89,12.17,0.51,27.69,28.36,29.74,63.21,98.01,164.15,294.73,10.11,1.04,1.99,81.0,92.0,83.0,86.0,92.0,89.0,94.0,25.0,97.0,38.0,28.0,97.0,81.0,97.0,81.0,81.0,94.0,94.0
2024,CRB,16,43,Meio,11.0,-0.21350572927073252,False,Gustavo Henrique,"RCB, LCB",ZD,24.0,20,1532,0.3969285848878839,False,7,2,19.0,1515.63,9202.64,377.09,157.43,8.08,45.61,5.88,11.58,1.19,24.41,29.57,31.42,48.64,137.79,128.28,297.04,9.28,0.2,0.41,85.0,83.0,89.0,89.0,89.0,85.0,78.0,79.0,93.0,85.0,78.0,89.0,93.0,80.0,85.0,76.0,58.0,70.0
2024,CRB,16,43,Meio,11.0,-0.21350572927073252,False,Willian Formiga,LB,LE,29.0,23,1469,0.3806058036555493,False,8,1,23.0,1470.16,9304.89,449.93,128.49,7.1,49.58,6.73,15.61,0.61,27.12,28.33,30.52,72.45,86.77,234.9,309.32,16.66,0.94,3.14,25.0,18.0,5.0,9.0,18.0,30.0,34.0,14.0,41.0,22.0,52.0,16.0,14.0,23.0,27.0,14.0,39.0,25.0
2024,CRB,16,43,Meio,11.0,-0.21350572927073252,False,Matheus Ribeiro,"RB, LB",LD,31.0,23,1278,0.3311192764273601,False,9,2,23.0,1279.95,9707.75,586.1,211.16,10.06,59.42,8.3,15.26,1.97,29.67,29.26,31.6,135.46,131.84,326.29,397.93,22.8,3.72,6.21,48.0,56.0,54.0,41.0,34.0,69.0,17.0,72.0,46.0,54.0,80.0,67.0,62.0,54.0,77.0,23.0,96.0,88.0
2024,CRB,16,43,Meio,11.0,-0.21350572927073252,False,Ryan,LB,LE,22.0,21,1278,0.3311192764273601,False,10,2,12.0,813.8399999999999,9517.1,473.79,173.63,8.52,53.31,7.85,14.82,1.88,28.64,28.83,30.64,96.75,96.81,272.23,284.21,16.7,0.64,3.21,48.0,23.0,36.0,30.0,23.0,65.0,20.0,68.0,52.0,43.0,55.0,34.0,34.0,45.0,14.0,16.0,25.0,27.0
2024,CRB,16,43,Meio,11.0,-0.21350572927073252,False,L. Segovia,LCB,ZE,26.0,13,1229,0.318423779913322,False,11,2,13.0,1229.8,8999.07,287.91,79.7,4.03,30.59,4.32,8.42,0.15,17.13,27.75,29.3,29.82,63.55,99.01,256.27,8.74,0.19,0.19,56.0,25.0,25.0,17.0,19.0,17.0,17.0,3.0,42.0,11.0,19.0,50.0,17.0,36.0,53.0,75.0,46.0,33.0
2024,CRB,16,43,Meio,11.0,-0.21350572927073252,False,F. Labandeira,"RW, RAMF, RWF",ED,28.0,23,1205,0.3122055775390993,False,12,1,22.0,1174.14,10239.67,725.44,284.92,14.56,82.78,7.67,19.85,1.61,43.92,29.49,32.26,181.73,152.68,461.89,406.85,40.85,5.6,13.85,82.0,88.0,72.0,74.0,76.0,46.0,68.0,34.0,78.0,66.0,82.0,64.0,78.0,86.0,82.0,90.0,62.0,62.0
2024,CRB,16,43,Meio,11.0,-0.21350572927073252,False,Kleiton,"RAMF, RW, LAMF",ED,25.0,20,1123,0.290960052760505,False,13,2,15.0,932.7,9706.18,673.47,354.73,16.21,86.08,10.61,25.96,3.09,39.95,31.1,33.48,262.69,152.12,421.39,378.68,37.44,9.23,17.27,42.0,66.0,90.0,84.0,86.0,88.0,98.0,88.0,54.0,96.0,96.0,86.0,76.0,64.0,68.0,70.0,96.0,86.0
2024,CRB,16,43,Meio,11.0,-0.21350572927073252,False,Mike,"RAMF, CF, RW",ED,31.0,27,1069,0.2769690974185039,False,14,3,27.0,1068.66,10540.95,683.92,169.19,8.0,63.41,7.24,16.42,1.18,39.16,26.8,29.24,96.03,91.22,406.94,392.75,37.42,7.68,13.8,92.0,76.0,16.0,12.0,20.0,36.0,26.0,22.0,50.0,4.0,10.0,10.0,28.0,56.0,76.0,68.0,90.0,60.0
2024,CRB,16,43,Meio,11.0,-0.21350572927073252,False,Rômulo,"RDMF, LDMF, DMF",VOL,28.0,26,1056,0.2736009044657999,False,15,2,26.0,1055.6,10503.7,524.64,124.92,5.63,50.31,4.43,11.26,0.6,35.98,26.55,28.7,49.93,90.53,189.24,425.96,23.66,0.95,3.33,82.0,75.0,60.0,45.0,65.0,32.0,25.0,52.0,80.0,20.0,32.0,68.0,48.0,70.0,70.0,62.0,52.0,57.0
2024,CRB,16,43,Meio,11.0,-0.21350572927073252,False,Chay,"LCMF, AMF, RW",MED,33.0,18,806,0.2088279630676465,False,16,1,18.0,807.3000000000001,10058.02,521.82,115.93,6.35,53.29,5.91,13.38,0.56,33.44,27.11,29.34,64.1,70.9,290.87,331.89,32.17,2.98,11.12,27.0,48.0,40.0,45.0,53.0,77.0,44.0,41.0,48.0,37.0,54.0,47.0,26.0,65.0,27.0,68.0,63.0,87.0
2024,CRB,16,43,Meio,11.0,-0.21350572927073252,False,João Neto,"CF, AMF",CA,21.0,18,561,0.1453504804974562,False,17,2,17.0,528.19,10112.99,618.0,213.33,10.05,62.7,8.01,16.19,2.9,36.29,29.09,32.3,111.37,141.41,321.08,406.36,29.33,4.93,14.54,85.0,81.0,63.0,54.0,56.0,65.0,45.0,94.0,64.0,64.0,85.0,47.0,79.0,56.0,80.0,39.0,15.0,23.0
2024,CRB,16,43,Meio,11.0,-0.21350572927073252,False,Rafael Bilu,"CF, AMF, RW",CA,25.0,15,557,0.1443141134350857,False,18,3,15.0,556.8,9901.59,521.3,147.9,7.11,54.96,10.02,20.53,0.97,38.96,28.69,31.92,107.37,69.53,332.85,295.02,33.79,3.41,9.92,74.0,51.0,33.0,23.0,33.0,91.0,88.0,28.0,81.0,54.0,82.0,45.0,31.0,67.0,39.0,65.0,8.0,6.0
2024,CRB,16,43,Meio,11.0,-0.21350572927073252,False,Marco Antônio,"RCMF, RW, RAMF",MED,24.0,10,508,0.1316186169210476,False,19,2,10.0,508.1,9992.23,611.32,229.93,12.75,73.69,5.67,18.6,1.24,41.45,29.23,30.62,126.44,145.49,315.88,416.52,33.8,5.13,9.41,21.0,79.0,94.0,98.0,95.0,73.0,95.0,92.0,74.0,95.0,86.0,94.0,95.0,82.0,71.0,74.0,90.0,69.0
2024,CRB,16,43,Meio,11.0,-0.21350572927073252,False,Getúlio,"CF, LAMF, RWF",CA,27.0,12,483,0.1251413227812323,False,20,4,11.0,480.37,9711.46,605.72,246.0,12.18,72.51,7.49,16.3,1.69,36.35,30.25,32.4,129.63,145.35,317.25,403.13,27.79,5.62,18.52,64.0,78.0,77.0,74.0,77.0,44.0,49.0,56.0,65.0,88.0,86.0,62.0,80.0,52.0,79.0,33.0,22.0,47.0
2024,CRB,16,43,Meio,11.0,-0.21350572927073252,False,Caio César,"AMF, LDMF, RDMF",MEI,28.0,13,481,0.1246231392500471,False,21,2,11.0,411.62,10360.04,486.1,133.17,6.78,52.7,4.81,12.25,0.44,35.21,27.25,28.72,62.86,65.4,286.78,255.01,27.55,1.8,8.68,83.0,61.0,67.0,61.0,56.0,33.0,58.0,39.0,67.0,50.0,44.0,56.0,67.0,67.0,22.0,28.0,6.0,39.0
2024,CRB,16,43,Meio,11.0,-0.21350572927073252,False,Darlisson,"LCB, LB",ZE,20.0,5,379,0.0981957791596005,False,22,3,5.0,378.9500000000001,9174.32,407.55,135.37,7.36,43.7,5.22,13.77,0.47,28.97,29.12,29.12,37.42,100.86,131.15,301.75,13.07,0.0,2.09,83.0,97.0,81.0,89.0,86.0,67.0,97.0,22.0,100.0,69.0,17.0,72.0,83.0,86.0,94.0,94.0,14.0,97.0
2024,CRB,16,43,Meio,11.0,-0.21350572927073252,False,Raí,"AMF, RAMF, RCMF",MEI,22.0,7,375,0.09715941209723,False,23,3,7.0,374.99,9908.84,482.9,141.61,7.92,55.92,8.88,19.2,3.36,33.36,28.53,29.3,61.76,117.87,269.59,302.48,34.72,2.95,10.48,44.0,56.0,72.0,72.0,72.0,100.0,100.0,100.0,61.0,94.0,72.0,50.0,89.0,50.0,44.0,61.0,33.0,61.0
2024,CRB,16,43,Meio,11.0,-0.21350572927073252,False,Jorge,LB,LE,28.0,9,353,0.0914593932541925,False,24,3,9.0,352.35,8834.55,469.78,162.21,7.15,49.81,6.9,13.54,1.02,26.57,28.48,30.18,56.26,136.95,205.04,337.75,17.19,0.78,3.52,7.0,20.0,27.0,14.0,20.0,36.0,7.0,25.0,30.0,26.0,34.0,5.0,82.0,11.0,50.0,18.0,34.0,34.0
2024,CRB,16,43,Meio,11.0,-0.21350572927073252,False,Lucas Kallyel,"RDMF, RCMF, LDMF",VOL,20.0,7,276,0.0715093273035613,False,25,3,6.0,268.86,9746.24,442.52,115.82,5.36,45.52,5.02,10.04,0.33,33.81,28.13,28.88,59.78,87.67,176.99,362.71,29.3,1.78,5.77,28.0,42.0,52.0,40.0,40.0,66.0,8.0,15.0,64.0,78.0,38.0,88.0,42.0,60.0,32.0,85.0,78.0,82.0
2024,CRB,16,43,Meio,11.0,-0.21350572927073252,False,Mateus Pureza,RB,LD,20.0,1,95,0.0246137177312982,False,26,3,1.0,95.38,9702.64,430.26,158.52,7.55,51.9,5.66,16.04,0.0,27.36,28.2,28.2,76.78,97.43,223.02,242.1,19.48,1.22,0.0,,,,,,,,,,,,,,,,,,
2024,CRB,16,43,Meio,11.0,-0.21350572927073252,False,Vinícius Barata,"RW, RAMF",ED,25.0,3,88,0.0228000753721499,False,27,4,3.0,88.38,9772.35,649.79,293.32,17.31,89.63,17.31,25.46,3.06,39.72,30.23,30.23,240.98,109.01,461.98,292.0,38.0,1.9,5.7,,,,,,,,,,,,,,,,,,
2024,CRB,16,43,Meio,11.0,-0.21350572927073252,False,Heron,"LB, LCB",LE,23.0,3,86,0.0222818918409647,False,28,4,3.0,86.76,9767.72,354.81,123.46,6.22,44.61,9.34,18.67,0.0,31.12,28.35,28.35,21.97,73.37,118.31,195.09,9.54,0.0,0.0,,,,,,,,,,,,,,,,,,
2024,Ceará,4,64,Sobe,4.0,0.18345478256664194,False,E. Pulga,"LW, LAMF, LWF",EE,23.0,35,3465,0.8820874797500579,True,1,1,34.0,3375.18,8845.08,506.66,301.87,15.55,76.63,8.61,19.04,3.25,32.72,31.86,33.3,265.16,100.13,395.18,233.17,32.85,7.83,16.65,11.0,11.0,82.0,77.0,52.0,65.0,39.0,82.0,18.0,95.0,93.0,89.0,39.0,55.0,7.0,45.0,93.0,77.0
2024,Ceará,4,64,Sobe,4.0,0.18345478256664194,False,David Ricardo,LCB,ZE,21.0,33,3218,0.8192085165470956,True,2,1,33.0,3224.43,8685.76,283.86,98.53,4.97,34.0,5.02,9.96,1.03,18.37,29.31,32.18,32.69,81.89,116.24,214.69,8.56,0.74,1.11,31.0,22.0,47.0,39.0,36.0,50.0,42.0,75.0,58.0,78.0,92.0,64.0,50.0,67.0,14.0,61.0,89.0,81.0
2024,Ceará,4,64,Sobe,4.0,0.18345478256664194,False,Matheus Bahia,LB,LE,24.0,33,3056,0.7779680629483916,True,3,1,32.0,2972.16,9253.16,516.38,250.0,12.45,66.32,7.45,16.65,2.63,26.4,30.65,33.3,194.36,118.44,347.63,284.3,33.04,1.96,5.87,23.0,39.0,84.0,77.0,66.0,55.0,48.0,91.0,27.0,91.0,100.0,93.0,64.0,77.0,16.0,89.0,85.0,80.0
2024,Ceará,4,64,Sobe,4.0,0.18345478256664194,False,Aylon,"CF, RW",CA,32.0,36,2892,0.7362184679472344,True,4,1,35.0,2817.5,9914.4,493.82,121.77,7.35,54.69,7.0,13.83,1.47,32.77,27.85,30.18,82.7,64.61,300.61,296.96,34.73,9.01,15.7,75.0,38.0,22.0,24.0,31.0,33.0,21.0,48.0,43.0,28.0,42.0,24.0,23.0,42.0,40.0,72.0,67.0,30.0
2024,Ceará,4,64,Sobe,4.0,0.18345478256664194,False,Rafael Ramos,RB,LD,29.0,28,2678,0.681740337884749,True,5,1,27.0,2588.49,9310.57,512.12,209.35,11.86,66.51,8.66,20.1,2.4,36.68,29.18,31.18,124.69,122.74,284.92,316.25,25.3,1.16,2.64,17.0,23.0,52.0,72.0,62.0,77.0,77.0,83.0,88.0,50.0,67.0,52.0,46.0,33.0,25.0,38.0,35.0,29.0
2024,Ceará,4,64,Sobe,4.0,0.18345478256664194,False,Patrick De Lucca,"RCMF, LDMF, LCMF",MED,24.0,33,2617,0.6662115251099283,True,6,1,32.0,2526.4,9548.75,398.16,99.99,5.17,40.68,4.06,12.75,0.46,26.61,27.6,30.18,37.26,84.59,140.64,339.38,19.03,1.39,2.69,5.0,8.0,24.0,23.0,11.0,19.0,35.0,30.0,6.0,53.0,73.0,21.0,47.0,13.0,29.0,15.0,35.0,18.0
2024,Ceará,4,64,Sobe,4.0,0.18345478256664194,False,Lourenço,"RDMF, RCMF, LCMF",VOL,26.0,30,2552,0.6496644295302013,True,7,1,30.0,2556.6,9697.21,310.3,104.76,4.75,36.54,4.44,8.91,0.84,25.06,29.05,33.0,45.36,85.44,125.21,254.32,14.84,0.66,2.88,22.0,5.0,45.0,30.0,20.0,35.0,2.0,72.0,22.0,98.0,100.0,62.0,38.0,38.0,2.0,30.0,50.0,55.0
2024,Ceará,4,64,Sobe,4.0,0.18345478256664194,False,Saulo Mineiro,"CF, RW, RAMF",CA,27.0,30,2471,0.6290442027308494,True,8,2,29.0,2377.42,8597.97,452.55,242.31,12.34,63.97,7.68,15.1,2.31,30.59,31.06,33.4,181.85,105.92,317.53,232.73,26.03,7.72,15.05,6.0,19.0,75.0,76.0,57.0,56.0,37.0,84.0,37.0,96.0,97.0,81.0,61.0,53.0,18.0,18.0,48.0,25.0
2024,Ceará,4,64,Sobe,4.0,0.18345478256664194,False,Matheus Felipe,"RCB, CB",ZD,25.0,22,1983,0.5048137005322842,False,9,1,21.0,1892.73,8037.92,210.74,65.67,3.42,24.73,4.09,7.66,0.67,11.32,28.1,30.94,22.87,56.46,69.72,178.24,4.74,0.12,0.19,2.0,2.0,9.0,8.0,2.0,13.0,7.0,41.0,2.0,39.0,64.0,28.0,11.0,7.0,7.0,15.0,43.0,37.0
2024,Ceará,4,64,Sobe,4.0,0.18345478256664194,False,Lucas Mugni,"LCMF, AMF, CF",MED,32.0,32,1931,0.4915760240685027,False,10,2,31.0,1856.28,10049.62,666.55,140.26,7.9,66.08,7.13,21.04,0.78,39.17,27.71,30.54,72.32,96.15,348.03,451.08,36.51,4.08,9.67,24.0,95.0,60.0,69.0,87.0,94.0,100.0,70.0,69.0,65.0,84.0,61.0,71.0,89.0,85.0,85.0,84.0,74.0
2024,Ceará,4,64,Sobe,4.0,0.18345478256664194,False,Richardson,"LDMF, RCMF, DMF",VOL,32.0,25,1683,0.4284424901643138,False,11,2,24.0,1670.64,8936.09,315.6,80.97,4.47,35.61,4.04,12.01,0.54,20.2,27.43,29.22,42.65,57.37,124.08,261.45,11.5,0.51,1.45,2.0,8.0,25.0,22.0,15.0,18.0,32.0,40.0,5.0,52.0,45.0,60.0,15.0,35.0,5.0,12.0,45.0,42.0
2024,Ceará,4,64,Sobe,4.0,0.18345478256664194,False,Raí Ramos,"RB, RW",LD,30.0,24,1298,0.3304327701920851,False,12,2,23.0,1290.0700000000002,9343.21,504.11,236.43,11.79,64.39,7.67,16.39,2.44,24.07,30.09,32.64,152.17,134.73,308.8,318.01,21.88,2.57,4.46,19.0,17.0,71.0,67.0,54.0,52.0,33.0,87.0,10.0,85.0,90.0,79.0,71.0,46.0,27.0,17.0,81.0,62.0
2024,Ceará,4,64,Sobe,4.0,0.18345478256664194,False,J. Recalde,"AMF, CF",MEI,32.0,29,1282,0.3263596389724601,False,13,1,27.0,1276.2900000000002,9776.68,472.24,174.17,8.25,53.8,5.01,13.68,1.27,29.76,27.89,30.84,73.13,150.78,245.62,342.81,28.64,5.97,13.13,33.0,50.0,94.0,83.0,61.0,61.0,72.0,89.0,50.0,78.0,89.0,61.0,100.0,39.0,72.0,39.0,94.0,78.0
2024,Ceará,4,64,Sobe,4.0,0.18345478256664194,False,Ramon Menezes,"RCB, LCB, CB",ZD,29.0,16,1176,0.2993751446424439,False,14,2,15.0,1081.9499999999998,8399.52,247.9,62.14,3.74,28.45,4.41,8.65,0.25,13.23,26.81,28.36,12.19,56.65,54.94,213.38,3.84,0.11,0.22,15.0,9.0,4.0,22.0,13.0,33.0,28.0,5.0,7.0,2.0,7.0,2.0,13.0,2.0,17.0,11.0,41.0,43.0
2024,Ceará,4,64,Sobe,4.0,0.18345478256664194,False,F. Barceló,CF,CA,31.0,25,1011,0.2573709789400601,False,15,3,23.0,993.6,9304.76,611.48,177.89,10.6,66.48,8.79,16.85,1.81,34.33,27.2,29.58,103.57,117.08,333.11,446.14,33.44,12.59,23.77,29.0,79.0,49.0,58.0,61.0,79.0,58.0,61.0,55.0,17.0,29.0,42.0,65.0,68.0,87.0,63.0,93.0,80.0
2024,Ceará,4,64,Sobe,4.0,0.18345478256664194,False,Tchoca,"RCB, CB",ZD,20.0,10,904,0.2301319139088174,False,16,3,10.0,905.3,8446.77,253.02,86.59,4.57,30.22,5.27,11.43,1.09,18.19,29.23,31.22,24.03,75.93,85.66,193.34,7.18,0.0,0.0,20.0,15.0,35.0,33.0,26.0,70.0,76.0,65.0,54.0,74.0,72.0,35.0,43.0,22.0,11.0,52.0,16.0,10.0
2024,Ceará,4,64,Sobe,4.0,0.18345478256664194,False,Eric,LB,LE,23.0,11,826,0.2102753992131451,False,17,2,12.0,931.32,9179.93,543.57,247.29,14.01,70.25,6.86,18.84,2.42,26.19,30.0,31.06,202.25,93.55,349.96,295.72,27.6,1.12,5.27,14.0,52.0,82.0,95.0,75.0,34.0,73.0,84.0,25.0,80.0,61.0,95.0,30.0,82.0,20.0,75.0,45.0,68.0
2024,Ceará,4,64,Sobe,4.0,0.18345478256664194,False,Jean Irmer,"CB, DMF, RCB",ZD,29.0,16,723,0.1840546169868086,False,18,4,14.0,634.1999999999999,9355.81,470.0,194.7,10.36,59.46,7.38,14.05,1.42,31.79,28.48,30.74,66.02,187.96,174.13,403.3,10.74,0.58,0.77,96.0,98.0,98.0,98.0,96.0,100.0,98.0,88.0,98.0,52.0,59.0,96.0,98.0,96.0,98.0,83.0,96.0,89.0
2024,Ceará,4,64,Sobe,4.0,0.18345478256664194,False,Lucas Rian,"RAMF, RW",ED,24.0,18,667,0.1697986577181208,False,19,1,18.0,670.68,9338.64,620.29,343.43,15.7,82.94,10.07,22.01,2.95,42.01,30.86,32.82,293.06,124.15,414.11,329.62,37.69,5.26,12.45,20.0,44.0,86.0,80.0,80.0,80.0,88.0,82.0,68.0,90.0,94.0,92.0,60.0,58.0,42.0,74.0,56.0,48.0
2024,Ceará,4,64,Sobe,4.0,0.18345478256664194,False,Guilherme Castilho,"LCMF, RCMF",MED,24.0,12,447,0.1137931034482758,False,20,3,12.0,447.24,10705.01,631.33,118.34,6.84,59.37,5.43,13.08,0.2,47.7,26.67,28.64,82.86,64.55,370.3,477.84,46.04,5.72,11.43,92.0,82.0,44.0,52.0,74.0,68.0,39.0,8.0,95.0,19.0,30.0,74.0,19.0,95.0,90.0,100.0,97.0,90.0
2024,Ceará,4,64,Sobe,4.0,0.18345478256664194,False,F. Castro,"RW, LW",ED,29.0,8,350,0.0890997454292987,False,21,2,8.0,349.68,9804.47,719.11,230.35,13.13,75.93,6.95,17.24,1.03,47.61,28.07,28.76,216.68,72.75,565.31,362.67,37.87,7.8,15.22,44.0,86.0,48.0,58.0,62.0,28.0,32.0,10.0,90.0,22.0,6.0,78.0,14.0,98.0,60.0,76.0,92.0,72.0
2024,Ceará,4,64,Sobe,4.0,0.18345478256664194,False,Talisson,"RAMF, LW, CF",ED,22.0,10,196,0.0498958574404073,False,22,3,10.0,196.1,10190.0,787.62,408.04,19.28,100.06,11.02,20.65,3.67,55.08,29.97,31.34,298.72,208.1,681.7,322.09,51.38,9.97,26.84,80.0,96.0,94.0,94.0,98.0,92.0,76.0,92.0,96.0,80.0,63.0,94.0,94.0,100.0,32.0,100.0,98.0,100.0
2024,Ceará,4,64,Sobe,4.0,0.18345478256664194,False,Janderson,"RWF, RW",ED,25.0,4,170,0.0432770192085165,False,23,4,4.0,170.48,9636.48,556.95,259.2,13.73,69.68,6.33,14.78,3.17,35.37,29.15,29.15,156.3,137.26,318.32,423.22,39.99,6.35,12.7,,,,,,,,,,,,,,,,,,
2024,Ceará,4,64,Sobe,4.0,0.18345478256664194,False,Kaique Rodrigues,"CF, LW, AMF",CA,20.0,6,135,0.0343670446655866,False,24,4,5.0,130.9,8965.39,546.67,281.24,13.75,73.58,8.94,16.5,2.06,35.76,29.46,29.46,190.69,168.95,365.71,407.37,41.21,17.92,33.14,16.0,62.0,89.0,87.0,80.0,81.0,54.0,72.0,63.0,74.0,26.0,86.0,88.0,82.0,82.0,94.0,100.0,100.0
2024,Ceará,4,64,Sobe,4.0,0.18345478256664194,False,Bruninho,LW,EE,24.0,1,53,0.0134922471650081,False,25,2,1.0,53.23,9351.1,620.48,407.45,16.91,79.46,10.14,18.6,5.07,20.29,30.8,30.8,382.93,182.61,413.22,528.26,62.68,8.65,21.61,,,,,,,,,,,,,,,,,,
2024,Ceará,4,64,Sobe,4.0,0.18345478256664194,False,Kauã Lucas,LW,EE,20.0,1,53,0.0134922471650081,False,26,3,1.0,53.3,9285.37,722.7,405.25,25.33,113.13,11.82,20.26,5.07,42.21,31.3,31.3,505.36,87.42,789.27,179.14,,,,,,,,,,,,,,,,,,,,,
2024,Ceará,4,64,Sobe,4.0,0.18345478256664194,False,Caio Rafael,"RAMF, RCMF, RW",ED,20.0,3,46,0.0117102522564221,False,27,5,3.0,45.18,9355.88,613.5,133.46,7.97,57.76,5.98,15.94,1.99,45.81,26.03,26.03,86.52,148.39,447.0,432.26,26.38,9.59,9.59,,,,,,,,,,,,,,,,,,
2024,Ceará,4,64,Sobe,4.0,0.18345478256664194,False,Yago Lincoln,"LCB, RCB",ZE,21.0,3,44,0.0112011108539689,False,28,2,3.0,43.41,9274.32,574.2,269.48,8.29,53.9,8.29,18.66,4.15,22.8,28.9,28.9,254.05,301.94,362.16,619.35,17.37,4.34,4.34,,,,,,,,,,,,,,,,,,
2024,Ceará,4,64,Sobe,4.0,0.18345478256664194,False,Lucas Teixeira,"RW, LW",ED,17.0,1,18,0.0045822726220782,False,29,6,1.0,18.18,9448.76,529.61,598.9,19.8,84.14,4.95,9.9,0.0,34.65,32.5,32.5,756.52,28.39,489.13,141.96,26.03,0.0,0.0,,,,,,,,,,,,,,,,,,
2024,Chapecoense,15,44,Meio,14.0,-0.1086443524692362,False,Rafael Carvalheira,"LCMF, RAMF, LDMF",MED,25.0,33,2909,0.7749067661161427,True,1,1,32.0,2862.72,10605.02,645.69,153.11,8.33,60.68,4.68,14.81,0.6,34.87,27.56,29.58,73.72,106.44,291.02,470.76,29.56,3.6,10.33,79.0,87.0,71.0,80.0,77.0,40.0,65.0,47.0,53.0,52.0,65.0,65.0,77.0,66.0,89.0,52.0,77.0,82.0
2024,Chapecoense,15,44,Meio,14.0,-0.1086443524692362,False,Bruno Leonardo,RCB,ZD,28.0,29,2843,0.7573255194459243,True,2,1,28.0,2749.32,8961.48,343.25,108.81,5.92,38.63,4.42,10.25,0.75,18.89,28.64,30.94,28.34,95.92,123.07,260.08,8.48,0.2,0.25,67.0,72.0,70.0,70.0,70.0,35.0,54.0,50.0,57.0,61.0,64.0,50.0,67.0,76.0,59.0,61.0,58.0,47.0
2024,Chapecoense,15,44,Meio,14.0,-0.1086443524692362,False,Mancha,LB,LE,23.0,25,2483,0.661427810335642,True,3,1,24.0,2388.96,9777.56,559.89,161.01,8.25,56.58,6.71,14.16,1.7,27.16,28.33,30.46,111.01,87.8,339.71,331.39,27.93,1.15,5.34,75.0,61.0,25.0,27.0,34.0,25.0,14.0,61.0,44.0,22.0,47.0,43.0,20.0,73.0,43.0,77.0,51.0,70.0
2024,Chapecoense,15,44,Meio,14.0,-0.1086443524692362,False,Foguinho,"RCMF, RDMF",MED,32.0,30,2423,0.6454448588172615,True,4,2,29.0,2375.9700000000003,10668.67,686.38,172.01,8.79,65.04,5.27,17.39,0.91,36.82,27.85,29.5,113.64,93.73,368.82,447.92,38.48,3.76,10.55,87.0,97.0,84.0,82.0,84.0,65.0,90.0,79.0,61.0,70.0,62.0,90.0,68.0,94.0,84.0,90.0,79.0,84.0
2024,Chapecoense,15,44,Meio,14.0,-0.1086443524692362,False,Eduardo Doma,"LCB, RCB",ZE,25.0,22,2048,0.5455514118273841,False,5,1,23.0,2153.72,8783.72,261.8,69.03,3.38,28.04,3.93,7.77,0.38,14.21,28.13,30.24,15.94,58.47,84.85,206.18,6.71,0.14,0.07,39.0,8.0,14.0,8.0,11.0,6.0,6.0,10.0,6.0,33.0,43.0,8.0,14.0,19.0,8.0,33.0,38.0,19.0
2024,Chapecoense,15,44,Meio,14.0,-0.1086443524692362,False,Tárik,"LDMF, LCMF, RCMF",VOL,31.0,27,1821,0.485082578582845,False,6,1,27.0,1804.68,9702.87,357.98,67.63,3.19,32.67,3.54,11.62,0.45,21.89,25.97,28.16,24.48,55.1,99.88,319.75,13.65,0.37,0.9,25.0,12.0,10.0,8.0,8.0,5.0,30.0,25.0,8.0,10.0,18.0,22.0,10.0,12.0,18.0,22.0,32.0,26.0
2024,Chapecoense,15,44,Meio,14.0,-0.1086443524692362,False,Thomás Bedinelli,"AMF, CF, RAMF",MEI,31.0,27,1618,0.431006925945658,False,7,1,26.0,1573.52,9725.35,576.07,219.63,12.13,67.49,6.98,18.47,2.17,37.23,29.51,32.06,136.14,127.32,409.95,294.23,32.5,3.89,8.7,22.0,78.0,100.0,100.0,100.0,94.0,94.0,94.0,72.0,100.0,100.0,100.0,94.0,100.0,39.0,56.0,61.0,44.0
2024,Chapecoense,15,44,Meio,14.0,-0.1086443524692362,False,Giovanni Augusto,"AMF, CF",MEI,34.0,27,1508,0.4017048481619605,False,8,2,26.0,1477.32,9144.11,418.62,130.85,5.91,44.47,4.93,11.45,0.91,24.91,28.03,30.86,107.29,56.64,285.11,232.72,27.39,2.03,7.38,11.0,28.0,61.0,44.0,44.0,50.0,33.0,78.0,22.0,83.0,94.0,94.0,33.0,61.0,11.0,22.0,28.0,17.0
2024,Chapecoense,15,44,Meio,14.0,-0.1086443524692362,False,Maílton,"RB, RW",LD,26.0,23,1386,0.3692061800745871,False,9,1,24.0,1403.28,9417.9,538.92,205.49,9.81,59.9,7.12,16.74,1.73,28.6,29.05,30.56,157.78,102.05,354.79,305.59,23.03,1.32,3.86,23.0,38.0,48.0,38.0,38.0,33.0,37.0,58.0,37.0,41.0,49.0,88.0,27.0,85.0,17.0,25.0,45.0,50.0
2024,Chapecoense,15,44,Meio,14.0,-0.1086443524692362,False,Marlone,"AMF, LCMF, RCMF",MEI,32.0,25,1208,0.3217900905700586,False,10,3,25.0,1219.0,10054.83,409.95,86.46,3.91,40.24,3.99,8.34,0.74,23.19,26.14,29.12,39.24,61.3,167.42,313.68,19.72,1.93,4.74,56.0,22.0,33.0,33.0,39.0,11.0,6.0,72.0,6.0,28.0,67.0,22.0,50.0,6.0,61.0,6.0,22.0,6.0
2024,Chapecoense,15,44,Meio,14.0,-0.1086443524692362,False,Habraão,LCB,ZE,23.0,11,1041,0.2773042088438998,False,11,2,10.0,946.4,8568.43,324.3,112.79,5.52,36.42,4.85,11.03,1.33,18.64,29.53,30.64,35.39,89.55,96.15,250.28,6.38,1.36,1.76,19.0,58.0,72.0,56.0,53.0,43.0,75.0,94.0,61.0,81.0,56.0,69.0,72.0,28.0,44.0,22.0,97.0,89.0
2024,Chapecoense,15,44,Meio,14.0,-0.1086443524692362,False,Auremir,"DMF, RDMF, LCMF",VOL,32.0,18,951,0.2533297815663292,False,12,2,19.0,1056.97,9963.2,449.01,112.66,6.05,48.79,4.51,14.48,0.43,25.46,27.63,29.46,29.37,98.12,122.74,366.78,18.03,0.56,1.55,42.0,48.0,48.0,55.0,52.0,45.0,60.0,22.0,25.0,62.0,54.0,40.0,52.0,32.0,35.0,45.0,48.0,45.0
2024,Chapecoense,15,44,Meio,14.0,-0.1086443524692362,False,JP Galvão,RB,LD,23.0,14,836,0.2226957911561001,False,13,2,14.0,837.62,9716.39,537.78,206.73,10.1,58.99,5.91,14.61,0.43,27.94,29.68,31.4,126.5,128.54,287.96,339.88,26.05,2.5,3.12,52.0,35.0,50.0,49.0,27.0,4.0,13.0,2.0,33.0,71.0,77.0,56.0,56.0,35.0,38.0,44.0,77.0,42.0
2024,Chapecoense,15,44,Meio,14.0,-0.1086443524692362,False,Italo,"LW, LAMF, LCMF",EE,21.0,13,784,0.2088438998401705,False,14,1,14.0,871.64,9860.87,588.16,265.58,12.91,73.93,8.05,21.17,2.48,34.18,29.98,32.3,189.2,127.7,382.32,328.58,23.99,2.33,9.33,57.0,43.0,57.0,43.0,45.0,59.0,68.0,64.0,25.0,72.0,75.0,59.0,61.0,50.0,41.0,9.0,8.0,16.0
2024,Chapecoense,15,44,Meio,14.0,-0.1086443524692362,False,W. Clar,LB,LE,29.0,8,746,0.1987213638785295,False,15,2,9.0,851.67,9845.96,581.85,172.14,8.88,57.38,6.66,14.9,1.48,27.16,28.52,29.6,96.97,113.36,339.18,365.66,28.03,1.15,3.13,77.0,73.0,32.0,39.0,36.0,23.0,25.0,50.0,44.0,34.0,16.0,36.0,50.0,70.0,70.0,80.0,51.0,23.0
2024,Chapecoense,15,44,Meio,14.0,-0.1086443524692362,False,Perotti,CF,CA,26.0,16,719,0.1915290356952584,False,16,1,16.0,720.48,9403.25,484.95,118.68,7.0,54.72,8.49,19.86,1.12,28.48,27.15,29.4,89.43,53.99,315.25,265.72,23.58,8.54,17.64,39.0,31.0,21.0,21.0,32.0,76.0,81.0,34.0,22.0,16.0,25.0,29.0,15.0,49.0,29.0,11.0,60.0,42.0
2024,Chapecoense,15,44,Meio,14.0,-0.1086443524692362,False,Jhonnathan,"LCB, LB",ZE,23.0,9,640,0.1704848161960575,False,17,3,9.0,640.71,9347.84,407.22,113.5,6.32,43.83,4.64,10.82,0.7,22.47,27.51,28.9,44.88,79.31,150.18,299.87,14.25,0.21,0.43,97.0,94.0,75.0,81.0,89.0,31.0,64.0,46.0,86.0,8.0,11.0,86.0,39.0,94.0,89.0,100.0,50.0,56.0
2024,Chapecoense,15,44,Meio,14.0,-0.1086443524692362,False,Thayllon,"RWF, RW, LW",ED,22.0,9,376,0.1001598295151838,False,18,1,8.0,356.32,9976.75,681.54,304.65,14.4,76.54,9.35,19.45,3.03,38.9,29.62,30.38,217.17,136.94,499.43,286.17,36.45,7.03,15.99,56.0,68.0,82.0,72.0,66.0,70.0,62.0,86.0,44.0,69.0,33.0,80.0,68.0,90.0,16.0,64.0,81.0,74.0
2024,Chapecoense,15,44,Meio,14.0,-0.1086443524692362,False,Rômulo Souza,"CF, RAMF, LAMF",CA,29.0,7,315,0.083910495471497,False,19,2,7.0,314.44,9615.87,704.12,290.52,14.6,83.58,11.16,26.91,3.72,39.21,29.51,30.12,221.28,169.69,505.19,421.12,32.72,4.09,13.91,58.0,94.0,93.0,92.0,95.0,97.0,98.0,98.0,82.0,75.0,38.0,94.0,91.0,99.0,83.0,56.0,14.0,21.0
2024,Chapecoense,15,44,Meio,14.0,-0.1086443524692362,False,Jenison,CF,CA,33.0,8,296,0.0788492274906766,False,20,3,9.0,312.84,9388.5,512.98,147.02,7.48,51.5,6.04,12.08,0.0,28.2,28.37,29.36,101.79,55.36,308.18,321.47,26.77,8.5,18.7,37.0,43.0,32.0,28.0,22.0,11.0,5.0,3.0,20.0,43.0,22.0,40.0,16.0,46.0,62.0,23.0,56.0,48.0
2024,Chapecoense,15,44,Meio,14.0,-0.1086443524692362,False,Neílton,"CF, AMF, LWB",CA,30.0,5,286,0.0761854022376132,False,21,4,5.0,286.90000000000003,10099.87,511.61,74.66,4.08,46.11,5.02,12.23,0.0,26.35,27.0,27.0,35.01,50.08,335.57,243.93,33.87,3.35,10.05,83.0,41.0,3.0,4.0,11.0,4.0,6.0,3.0,15.0,12.0,1.0,2.0,12.0,69.0,22.0,66.0,7.0,8.0
2024,Chapecoense,15,44,Meio,14.0,-0.1086443524692362,False,Lucas Buchecha,"LCMF, RW, RB",MED,23.0,10,280,0.0745871070857751,False,22,3,10.0,278.7,11077.72,729.49,210.23,10.98,74.27,8.72,17.12,2.26,48.12,28.15,29.34,100.06,140.74,285.96,520.89,29.33,2.72,8.15,100.0,100.0,92.0,95.0,97.0,97.0,88.0,100.0,97.0,79.0,54.0,82.0,94.0,63.0,95.0,48.0,55.0,63.0
2024,Chapecoense,15,44,Meio,14.0,-0.1086443524692362,False,Daniel Cruz,"RAMF, LAMF, RW",ED,23.0,4,233,0.0620671283963772,False,23,2,3.0,184.2,9460.26,585.34,200.81,13.19,71.34,8.31,21.99,1.47,34.69,30.1,30.1,88.49,102.76,353.96,240.35,25.27,4.01,10.43,,,,,,,,,,,,,,,,,,
2024,Chapecoense,15,44,Meio,14.0,-0.1086443524692362,False,Bruno Vinicius,"CB, RCB, RDMF",ZD,21.0,6,165,0.043953116675546,False,24,2,6.0,165.48,10369.26,697.77,187.09,8.16,69.07,5.44,13.6,2.18,39.16,27.0,27.36,36.69,212.48,278.71,568.66,37.08,0.0,2.71,100.0,100.0,96.0,91.0,100.0,76.0,96.0,98.0,100.0,4.0,2.0,76.0,100.0,100.0,100.0,100.0,16.0,100.0
2024,Chapecoense,15,44,Meio,14.0,-0.1086443524692362,False,Walterson,"LW, RW, LCMF",EE,29.0,7,156,0.041555673947789,False,25,2,7.0,157.36,9520.93,603.5,170.47,9.72,62.35,7.44,19.45,1.14,40.04,27.21,28.14,160.24,81.2,441.22,365.72,43.43,9.05,18.09,30.0,45.0,20.0,23.0,27.0,36.0,45.0,14.0,52.0,5.0,7.0,45.0,18.0,86.0,70.0,93.0,95.0,86.0
2024,Chapecoense,15,44,Meio,14.0,-0.1086443524692362,False,Victor Caetano,"RCMF, LCB, RCB",MED,26.0,3,118,0.0314331379861481,False,26,4,3.0,118.02,9152.78,305.8,59.48,4.58,36.6,5.34,15.25,2.29,22.12,26.23,26.23,9.68,45.63,56.89,237.69,2.41,0.0,0.0,,,,,,,,,,,,,,,,,,
2024,Chapecoense,15,44,Meio,14.0,-0.1086443524692362,False,Rodrigo Moledo,CB,ZD,36.0,3,117,0.0311667554608417,False,27,3,3.0,116.61,8583.96,394.43,116.55,7.72,42.45,6.17,12.35,1.54,15.44,28.1,28.1,47.02,69.87,90.49,317.03,8.87,1.77,2.66,,,,,,,,,,,,,,,,,,
2024,Chapecoense,15,44,Meio,14.0,-0.1086443524692362,False,R Giacomin,"LB, RDMF, RW",LE,26.0,6,110,0.0293020777836973,False,28,3,6.0,108.9,10527.31,830.45,256.99,13.22,84.28,12.39,24.79,1.65,45.45,29.35,30.02,165.26,84.38,483.4,500.84,37.56,1.3,7.77,98.0,100.0,91.0,86.0,100.0,100.0,98.0,59.0,98.0,66.0,28.0,84.0,11.0,100.0,100.0,98.0,61.0,95.0
2024,Chapecoense,15,44,Meio,14.0,-0.1086443524692362,False,Kelvyn,"RCB, LB",ZD,25.0,2,109,0.029035695258391,False,29,4,2.0,109.14,9470.62,459.35,224.31,9.07,52.78,6.6,14.84,0.0,14.02,27.6,27.6,42.52,212.94,169.37,303.32,16.29,0.0,0.0,,,,,,,,,,,,,,,,,,
2024,Chapecoense,15,44,Meio,14.0,-0.1086443524692362,False,Mailson,LW,EE,21.0,1,88,0.0234416622269579,False,30,3,1.0,87.77,10042.2,553.74,258.41,14.36,87.16,9.23,29.74,3.08,39.99,31.1,31.1,187.96,94.64,355.6,260.93,35.53,1.69,20.3,,,,,,,,,,,,,,,,,,
2024,Chapecoense,15,44,Meio,14.0,-0.1086443524692362,False,Ronaldo Mendes,"RAMF, CF",ED,31.0,2,40,0.0106553010122535,False,31,3,2.0,40.04,11584.27,979.78,184.27,6.74,74.16,11.24,17.98,0.0,51.69,26.3,26.3,183.36,66.06,672.33,584.59,51.88,3.05,18.31,,,,,,,,,,,,,,,,,,
2024,Chapecoense,15,44,Meio,14.0,-0.1086443524692362,False,Cacá,CF,CA,18.0,1,27,0.0071923281832711,False,32,5,1.0,27.35,9612.07,654.84,102.01,9.87,65.81,13.16,19.74,9.87,59.23,27.5,27.5,87.31,70.59,758.96,304.41,40.27,6.71,13.42,,,,,,,,,,,,,,,,,,
2024,Chapecoense,15,44,Meio,14.0,-0.1086443524692362,False,Diego Coser,LW,EE,18.0,1,13,0.0034629728289824,False,33,4,1.0,13.43,9634.24,703.47,301.49,13.4,87.1,6.7,20.1,0.0,33.5,29.6,29.6,,84.56,,350.34,0.0,0.0,0.0,,,,,,,,,,,,,,,,,,
2024,Chapecoense,15,44,Meio,14.0,-0.1086443524692362,False,David Antunes,LCMF,MED,18.0,1,13,0.0034629728289824,False,34,5,1.0,13.43,10465.01,870.97,73.7,6.7,87.1,6.7,13.4,0.0,80.4,26.1,26.1,,36.24,,918.12,0.0,0.0,0.0,,,,,,,,,,,,,,,,,,
2024,Chapecoense,15,44,Meio,14.0,-0.1086443524692362,False,Thiago Henrique,RB,LD,22.0,1,8,0.0021310602024507,False,35,3,1.0,8.37,9745.82,602.39,204.38,10.76,64.54,10.76,10.76,0.0,43.03,27.3,27.3,,,,,39.47,0.0,0.0,,,,,,,,,,,,,,,,,,
2024,Coritiba,13,50,Meio,2.0,-0.2531709005052454,False,Bruno Melo,"LCB, LB",ZE,31.0,35,3472,0.9124181757370156,True,1,1,30.0,2965.8,9077.7,307.01,69.46,4.1,32.5,5.16,10.95,0.73,16.99,28.0,29.98,26.68,52.59,119.23,227.88,12.48,0.82,1.88,72.0,39.0,17.0,25.0,28.0,61.0,72.0,53.0,33.0,24.0,33.0,44.0,11.0,75.0,25.0,92.0,92.0,92.0
2024,Coritiba,13,50,Meio,2.0,-0.2531709005052454,False,Lucas Ronier,"RAMF, RW, CF",ED,19.0,35,3182,0.8362081322566773,True,2,1,27.0,2444.04,10056.37,595.29,212.19,12.23,73.39,8.65,19.22,2.21,46.81,28.84,30.7,146.58,104.0,354.6,346.09,32.28,4.13,10.28,74.0,38.0,34.0,50.0,56.0,56.0,54.0,62.0,88.0,42.0,42.0,34.0,46.0,36.0,50.0,32.0,32.0,22.0
2024,Coritiba,13,50,Meio,2.0,-0.2531709005052454,False,S. Gómez,"LCMF, LDMF, RCMF",MED,28.0,29,2445,0.6425295045152659,True,3,1,25.0,2105.25,10421.74,556.19,139.11,8.21,57.97,4.4,12.74,0.77,47.54,28.18,30.8,53.63,109.52,226.25,435.14,24.36,1.27,5.06,65.0,68.0,58.0,73.0,69.0,27.0,34.0,67.0,94.0,81.0,92.0,32.0,81.0,40.0,81.0,27.0,30.0,39.0
2024,Coritiba,13,50,Meio,2.0,-0.2531709005052454,False,Matheus Frizzo,"AMF, CF, LAMF",MEI,25.0,32,2382,0.6259735295522958,True,4,1,29.0,2122.51,10563.15,607.39,147.51,9.12,63.39,6.44,14.42,1.06,39.47,28.09,29.76,104.85,66.91,355.22,345.73,42.05,4.8,14.97,94.0,100.0,83.0,94.0,89.0,83.0,83.0,83.0,94.0,89.0,78.0,89.0,72.0,94.0,78.0,94.0,83.0,94.0
2024,Coritiba,13,50,Meio,2.0,-0.2531709005052454,False,Benevenuto,"LCB, RCB",ZE,28.0,24,2157,0.5668450475416885,False,5,2,21.0,1893.36,8787.66,315.43,128.2,6.27,37.17,5.28,10.55,1.28,17.25,30.0,32.06,43.53,102.34,118.88,238.12,4.69,0.18,0.27,42.0,47.0,78.0,74.0,58.0,69.0,61.0,92.0,44.0,89.0,89.0,78.0,86.0,72.0,33.0,14.0,42.0,39.0
2024,Coritiba,13,50,Meio,2.0,-0.2531709005052454,False,Maurício Antônio,"RCB, CB, LCB",ZD,32.0,25,2110,0.5544937646328061,False,6,1,22.0,1896.18,8969.46,281.24,104.76,5.08,33.94,4.37,10.49,1.19,15.0,28.47,30.46,27.74,85.8,91.58,214.28,6.58,0.0,0.0,72.0,30.0,65.0,48.0,43.0,30.0,59.0,79.0,17.0,49.0,53.0,43.0,57.0,33.0,20.0,40.0,16.0,10.0
2024,Coritiba,13,50,Meio,2.0,-0.2531709005052454,False,Vini Paulista,"LDMF, LW, RDMF",VOL,23.0,29,1885,0.4953652826221988,False,7,1,25.0,1580.25,10086.58,715.35,323.39,16.29,88.0,8.03,23.07,2.11,49.1,30.14,32.14,173.23,210.92,334.48,513.31,31.46,5.68,14.73,62.0,98.0,100.0,100.0,100.0,100.0,100.0,98.0,98.0,100.0,98.0,100.0,100.0,98.0,92.0,90.0,100.0,100.0
2024,Coritiba,13,50,Meio,2.0,-0.2531709005052454,False,Everton Morelli,"RCMF, RDMF",MED,26.0,26,1776,0.4667208180037268,False,8,2,25.0,1710.0000000000002,10686.89,569.38,168.11,9.53,63.37,6.95,14.58,1.16,44.42,28.5,30.2,110.09,87.98,292.04,353.66,31.59,3.46,7.09,89.0,73.0,81.0,87.0,81.0,92.0,63.0,89.0,89.0,85.0,74.0,89.0,63.0,68.0,35.0,61.0,74.0,53.0
2024,Coritiba,13,50,Meio,2.0,-0.2531709005052454,False,Rodrigo Gelado,LB,LE,20.0,23,1697,0.4459601509866692,False,9,1,21.0,1591.8,9772.97,569.41,219.71,11.65,67.23,8.93,24.99,2.54,28.38,30.03,31.8,127.9,128.08,298.1,349.54,24.95,1.15,3.6,73.0,68.0,64.0,64.0,68.0,86.0,100.0,86.0,50.0,82.0,84.0,61.0,75.0,57.0,57.0,55.0,51.0,41.0
2024,Coritiba,13,50,Meio,2.0,-0.2531709005052454,False,Figueiredo,"LAMF, LW, CF",EE,22.0,31,1558,0.4094318887667829,False,10,1,26.0,1422.72,10550.07,717.34,254.74,13.28,78.88,7.53,19.86,1.96,42.64,29.82,32.8,159.72,140.25,426.81,400.04,39.84,6.55,18.13,95.0,89.0,50.0,48.0,64.0,43.0,50.0,48.0,84.0,61.0,89.0,43.0,66.0,80.0,80.0,82.0,75.0,89.0
2024,Coritiba,13,50,Meio,2.0,-0.2531709005052454,False,Robson,"CF, LW, LAMF",CA,33.0,22,1445,0.379736251134789,False,11,1,18.0,1352.16,10218.64,629.42,227.82,13.38,75.87,7.59,18.7,2.2,44.39,29.31,31.02,185.86,74.48,420.5,301.68,42.96,9.61,24.35,91.0,83.0,69.0,82.0,85.0,48.0,75.0,79.0,95.0,71.0,71.0,84.0,33.0,95.0,47.0,96.0,72.0,84.0
2024,Coritiba,13,50,Meio,2.0,-0.2531709005052454,False,Zé Gabriel,"RDMF, RCMF, LCMF",VOL,25.0,17,1293,0.3397916766209565,False,12,2,15.0,1258.8,9689.67,364.27,74.71,3.36,33.67,4.15,9.94,0.36,23.95,27.05,29.32,23.03,64.06,125.78,301.0,15.23,0.14,0.42,20.0,15.0,14.0,10.0,10.0,20.0,5.0,18.0,15.0,35.0,50.0,15.0,22.0,40.0,12.0,32.0,10.0,11.0
2024,Coritiba,13,50,Meio,2.0,-0.2531709005052454,False,Júnior Brumado,CF,CA,25.0,19,1253,0.3292799464857375,False,13,2,15.0,1012.2,9032.51,479.86,141.99,8.0,51.66,7.38,14.85,1.42,26.85,28.65,30.48,101.11,64.43,293.52,256.51,25.29,6.77,17.46,19.0,28.0,28.0,36.0,23.0,41.0,35.0,44.0,18.0,52.0,55.0,39.0,22.0,36.0,26.0,15.0,38.0,38.0
2024,Coritiba,13,50,Meio,2.0,-0.2531709005052454,False,Jamerson,LB,LE,25.0,18,1204,0.3164030770700941,False,14,2,14.0,785.68,9506.93,538.28,240.67,13.29,68.62,10.54,19.59,2.18,26.58,29.99,31.86,134.92,140.78,262.79,352.37,21.34,0.46,2.52,45.0,50.0,77.0,89.0,73.0,98.0,82.0,75.0,32.0,77.0,88.0,68.0,86.0,34.0,66.0,34.0,11.0,18.0
2024,Coritiba,13,50,Meio,2.0,-0.2531709005052454,False,Thalisson,RCB,ZD,22.0,13,1033,0.2714654307420325,False,15,2,12.0,1030.08,9143.9,361.28,158.23,8.91,49.01,6.12,12.41,2.45,21.06,30.28,32.16,66.07,125.49,156.78,254.62,14.27,0.0,0.0,80.0,78.0,91.0,96.0,93.0,89.0,89.0,100.0,82.0,98.0,100.0,98.0,89.0,89.0,57.0,98.0,16.0,10.0
2024,Coritiba,13,50,Meio,2.0,-0.2531709005052454,False,Josué,"AMF, CF",MEI,33.0,14,1030,0.2706770509818911,False,16,2,11.0,771.6500000000001,9755.85,405.43,82.58,3.85,39.89,5.02,9.91,0.7,28.11,25.93,27.14,45.26,42.41,175.67,311.68,23.91,1.82,6.38,28.0,17.0,28.0,28.0,33.0,67.0,17.0,64.0,28.0,17.0,14.0,39.0,22.0,17.0,56.0,11.0,11.0,11.0
2024,Coritiba,13,50,Meio,2.0,-0.2531709005052454,False,Leandro Damião,CF,CA,34.0,12,826,0.2170672272922738,False,17,3,12.0,826.1999999999999,8903.6,487.23,199.77,10.46,60.24,8.82,19.28,2.07,30.72,28.93,30.04,121.79,102.84,308.07,230.84,29.78,13.54,25.89,14.0,33.0,59.0,57.0,46.0,80.0,78.0,74.0,38.0,61.0,37.0,56.0,57.0,45.0,17.0,42.0,95.0,89.0
2024,Coritiba,13,50,Meio,2.0,-0.2531709005052454,False,Wesley Pomba,"LW, LAMF, RAMF",EE,22.0,20,710,0.1865832099001385,False,18,2,18.0,637.1999999999999,10096.11,652.61,282.8,15.26,86.31,13.0,22.46,4.8,41.53,29.74,32.14,218.98,94.15,416.85,325.92,32.26,5.28,14.15,84.0,64.0,73.0,75.0,89.0,100.0,84.0,100.0,73.0,57.0,73.0,75.0,32.0,73.0,34.0,43.0,41.0,45.0
2024,Coritiba,13,50,Meio,2.0,-0.2531709005052454,False,Brandão,CF,CA,20.0,19,609,0.1600410913087104,False,19,4,18.0,593.82,9696.02,617.1,300.29,14.86,77.61,10.91,23.95,3.64,37.9,29.76,32.68,218.61,131.67,363.17,357.39,32.93,10.76,26.91,63.0,80.0,95.0,93.0,91.0,95.0,97.0,97.0,74.0,78.0,93.0,93.0,74.0,80.0,69.0,58.0,80.0,93.0
2024,Coritiba,13,50,Meio,2.0,-0.2531709005052454,False,Matheus Bianqui,"CF, LDMF, AMF",CA,26.0,20,421,0.1106359596731807,False,20,5,15.0,365.85,10950.31,832.47,278.97,13.78,87.08,7.63,23.86,1.23,54.61,28.32,30.2,193.82,152.97,406.31,601.79,36.4,11.51,24.14,99.0,100.0,88.0,88.0,97.0,51.0,96.0,38.0,99.0,41.0,44.0,88.0,82.0,91.0,99.0,77.0,87.0,82.0
2024,Coritiba,13,50,Meio,2.0,-0.2531709005052454,False,Geovane Meurer,"LDMF, LCMF, AMF",VOL,22.0,12,419,0.1101103731664197,False,21,3,10.0,366.9,10715.13,611.72,128.52,8.09,64.51,4.66,13.24,0.49,44.64,27.12,28.22,38.27,115.72,190.12,523.68,29.97,1.56,4.67,98.0,92.0,68.0,88.0,90.0,50.0,42.0,30.0,95.0,40.0,22.0,57.0,72.0,72.0,100.0,88.0,75.0,75.0
2024,Coritiba,13,50,Meio,2.0,-0.2531709005052454,False,Jhonny,RB,LD,22.0,8,318,0.0835682545749916,False,22,1,6.0,297.72,10116.57,597.88,301.06,12.39,69.22,7.56,18.14,0.91,33.55,30.68,31.14,231.48,127.46,348.32,340.31,33.99,3.82,6.8,88.0,60.0,98.0,83.0,73.0,46.0,52.0,19.0,73.0,96.0,65.0,98.0,54.0,77.0,40.0,96.0,98.0,92.0
2024,Coritiba,13,50,Meio,2.0,-0.2531709005052454,False,Éberth,CF,CA,21.0,5,272,0.0714797649194897,False,23,6,5.0,271.4,10407.06,720.88,289.48,12.27,71.29,8.29,20.23,0.33,43.11,29.08,29.08,119.21,283.36,324.17,608.22,38.97,11.91,27.06,94.0,97.0,92.0,75.0,75.0,73.0,85.0,9.0,93.0,63.0,21.0,54.0,100.0,59.0,100.0,87.0,89.0,94.0
2024,Coritiba,13,50,Meio,2.0,-0.2531709005052454,False,Fransérgio,"LDMF, LCMF, RDMF",VOL,33.0,4,180,0.0473027856084858,False,24,4,4.0,180.36,10199.17,357.8,107.79,4.49,36.43,4.49,13.47,0.0,21.46,28.43,28.43,27.49,81.31,77.98,274.09,5.96,0.0,0.0,,,,,,,,,,,,,,,,,,
2024,Coritiba,13,50,Meio,2.0,-0.2531709005052454,False,Yago Ferreira,"AMF, RW",MEI,22.0,5,177,0.0465144058483444,False,25,3,4.0,152.68,9975.26,650.83,205.74,10.61,68.97,5.31,24.76,0.0,45.98,27.8,27.8,136.46,103.36,431.32,332.83,39.21,4.82,9.63,,,,,,,,,,,,,,,,,,
2024,Coritiba,13,50,Meio,2.0,-0.2531709005052454,False,Bernardo,"RDMF, RCMF",VOL,22.0,6,169,0.0444120598213005,False,26,5,6.0,170.10000000000002,10658.74,468.21,179.35,8.99,56.08,7.41,19.57,1.59,32.8,28.6,29.26,25.02,161.23,96.69,413.54,21.87,0.0,0.0,95.0,55.0,95.0,92.0,85.0,98.0,95.0,92.0,55.0,90.0,48.0,25.0,98.0,10.0,62.0,52.0,4.0,2.0
2024,Coritiba,13,50,Meio,2.0,-0.2531709005052454,False,E. Castillo,"LW, LAMF, LWF",EE,29.0,6,154,0.0404701610205934,False,27,3,6.0,153.54,10041.63,820.49,342.26,14.07,82.05,12.31,24.03,4.1,37.51,31.1,31.62,279.98,142.88,411.56,558.85,47.75,7.49,22.47,75.0,98.0,89.0,61.0,77.0,98.0,93.0,94.0,36.0,89.0,64.0,91.0,68.0,70.0,100.0,95.0,86.0,100.0
2024,Coritiba,13,50,Meio,2.0,-0.2531709005052454,False,David,"LW, RW, LAMF",EE,24.0,4,132,0.0346887094462229,False,28,4,3.0,104.73,11083.62,778.67,345.5,19.77,91.96,10.31,25.78,1.72,39.54,30.53,30.53,270.24,121.73,404.88,395.38,47.17,6.29,14.15,,,,,,,,,,,,,,,,,,
2024,Coritiba,13,50,Meio,2.0,-0.2531709005052454,False,Alef Manga,"LAMF, AMF",EE,29.0,4,113,0.0296956376319938,False,29,5,2.0,68.66,10270.49,741.84,338.16,13.11,78.64,6.55,10.49,1.31,55.05,29.4,29.4,209.97,199.76,391.16,550.98,,,,,,,,,,,,,,,,,,,,,
2024,Coritiba,13,50,Meio,2.0,-0.2531709005052454,False,Henrique Melo,"RDMF, LDMF",VOL,19.0,2,81,0.0212862535238186,False,30,6,2.0,80.32,10278.94,445.98,166.96,6.72,52.67,5.6,22.41,3.36,35.86,29.4,29.4,38.89,185.01,131.26,449.57,10.2,0.0,0.0,,,,,,,,,,,,,,,,,,
2024,Coritiba,13,50,Meio,2.0,-0.2531709005052454,False,Felipe Guimarães,RB,LD,20.0,2,51,0.0134024559224043,False,31,2,2.0,50.7,10615.38,702.96,420.71,17.75,90.53,12.43,26.63,3.55,35.5,30.5,30.5,247.06,214.68,352.94,389.25,38.78,1.76,5.29,,,,,,,,,,,,,,,,,,
2024,Coritiba,13,50,Meio,2.0,-0.2531709005052454,False,Jean Pedroso,"RCB, CB",ZD,20.0,2,40,0.010511730135219,False,32,3,1.0,22.48,9991.4,472.35,84.06,4.0,48.04,4.0,16.01,4.0,24.02,25.3,25.3,41.22,50.25,288.55,210.15,24.26,0.0,0.0,,,,,,,,,,,,,,,,,,
2024,Goiás,6,63,Meio,3.0,0.11749536721150822,False,Lucas Ribeiro,"LCB, RCB",ZE,25.0,30,2850,0.7380290974151326,True,1,1,29.0,2751.23,9048.19,380.99,151.48,7.52,43.96,5.2,10.86,1.18,20.18,30.11,33.06,45.03,128.77,133.34,295.16,7.0,0.11,0.32,64.0,83.0,94.0,92.0,94.0,64.0,69.0,86.0,75.0,92.0,94.0,89.0,97.0,92.0,83.0,39.0,31.0,44.0
2024,Goiás,6,63,Meio,3.0,0.11749536721150822,False,Welliton Matheus,"RW, RAMF, RWF",ED,24.0,35,2595,0.6719949150148312,True,2,1,34.0,2518.04,9287.92,530.87,198.06,9.94,63.34,10.69,18.98,1.97,36.1,29.89,32.4,149.47,78.53,349.03,266.79,29.32,4.83,10.59,16.0,16.0,28.0,22.0,18.0,90.0,50.0,53.0,34.0,76.0,86.0,38.0,16.0,30.0,12.0,18.0,46.0,32.0
2024,Goiás,6,63,Meio,3.0,0.11749536721150822,False,Rafael Gava,"RCMF, LCMF, RDMF",MED,31.0,31,2286,0.5919770234003484,False,3,1,30.0,2226.9,10411.76,598.77,150.75,7.03,56.02,4.81,12.45,0.77,35.93,27.65,29.36,101.37,84.8,345.52,371.96,36.23,5.49,9.96,63.0,77.0,66.0,56.0,66.0,45.0,29.0,67.0,58.0,58.0,57.0,84.0,50.0,87.0,48.0,82.0,95.0,79.0
2024,Goiás,6,63,Meio,3.0,0.11749536721150822,False,Messias,RCB,ZD,29.0,23,2255,0.5839493384810961,False,4,1,23.0,2214.44,8133.84,252.68,99.7,5.0,31.29,4.31,8.58,0.89,12.76,29.93,32.14,36.19,86.62,70.04,227.26,2.22,0.09,0.09,7.0,11.0,59.0,46.0,28.0,26.0,26.0,61.0,4.0,91.0,98.0,74.0,59.0,9.0,26.0,2.0,37.0,25.0
2024,Goiás,6,63,Meio,3.0,0.11749536721150822,False,Paulo Baya,"LW, LAMF, LWF",EE,24.0,33,2169,0.5616789867696219,False,5,1,31.0,2086.92,9635.92,670.58,381.93,18.98,90.39,9.49,20.7,3.19,39.63,31.89,34.22,246.41,213.64,398.41,394.38,28.01,4.4,10.87,41.0,75.0,98.0,98.0,93.0,80.0,64.0,80.0,48.0,98.0,100.0,86.0,100.0,57.0,75.0,20.0,30.0,20.0
2024,Goiás,6,63,Meio,3.0,0.11749536721150822,False,Sander,LB,LE,33.0,24,2070,0.5360421865436226,False,6,1,22.0,1970.76,9661.03,575.17,235.7,13.06,71.11,9.18,19.64,2.97,30.37,30.19,31.78,176.82,115.57,331.01,338.58,23.53,1.75,6.82,59.0,70.0,73.0,84.0,80.0,91.0,84.0,98.0,70.0,84.0,82.0,86.0,55.0,68.0,52.0,48.0,75.0,89.0
2024,Goiás,6,63,Meio,3.0,0.11749536721150822,False,Edson Felipe,LCB,ZE,33.0,28,1934,0.5008239559301285,False,7,2,27.0,1874.61,8915.72,288.33,87.33,3.79,30.05,5.04,8.26,0.72,16.42,27.77,31.08,23.38,83.1,63.46,266.52,6.49,0.41,0.41,53.0,28.0,33.0,14.0,17.0,53.0,8.0,50.0,28.0,14.0,68.0,33.0,56.0,6.0,61.0,28.0,78.0,53.0
2024,Goiás,6,63,Meio,3.0,0.11749536721150822,False,Thiago Galhardo,"CF, LW",CA,34.0,23,1818,0.4707848768774424,False,8,1,22.0,1723.04,9307.87,543.76,177.49,9.04,58.61,6.48,12.59,1.78,28.42,29.3,31.16,136.96,76.16,284.24,347.27,28.63,6.12,15.11,31.0,60.0,47.0,42.0,42.0,15.0,11.0,59.0,21.0,69.0,73.0,66.0,35.0,32.0,68.0,36.0,28.0,26.0
2024,Goiás,6,63,Meio,3.0,0.11749536721150822,False,David Braz,"CB, LCB",ZD,37.0,21,1744,0.451622016102453,False,9,2,21.0,1747.2,8921.43,309.38,76.03,3.5,29.98,4.58,9.99,0.52,15.35,27.33,29.94,18.51,70.24,106.79,242.33,12.44,0.14,0.5,65.0,52.0,28.0,11.0,24.0,41.0,46.0,28.0,20.0,15.0,34.0,15.0,33.0,54.0,48.0,91.0,46.0,76.0
2024,Goiás,6,63,Meio,3.0,0.11749536721150822,False,Breno Herculano,CF,CA,25.0,22,1276,0.330429869579547,False,10,2,22.0,1274.9,9664.05,491.98,148.89,7.91,53.09,7.41,13.2,0.92,30.5,28.52,31.18,113.73,59.99,279.97,285.77,27.22,10.86,20.02,62.0,36.0,34.0,34.0,27.0,43.0,17.0,26.0,36.0,45.0,74.0,48.0,18.0,28.0,35.0,26.0,82.0,63.0
2024,Goiás,6,63,Meio,3.0,0.11749536721150822,False,Rildo,"LWF, LW, LAMF",EE,24.0,16,833,0.215711662507651,False,11,2,14.0,766.2199999999999,9849.73,610.92,158.93,7.05,57.09,6.11,17.85,1.17,41.58,28.06,29.58,133.23,64.33,426.28,322.87,37.92,5.67,17.37,55.0,50.0,14.0,5.0,11.0,9.0,25.0,16.0,75.0,20.0,16.0,32.0,7.0,77.0,30.0,75.0,52.0,84.0
2024,Goiás,6,63,Meio,3.0,0.11749536721150822,False,Diego Caito,RB,LD,20.0,11,751,0.1944771411083384,False,12,1,11.0,751.63,9374.44,538.25,182.25,10.06,59.99,7.66,16.29,1.92,26.1,29.16,30.32,147.26,91.92,332.26,341.62,25.79,0.67,2.34,21.0,37.0,27.0,41.0,40.0,50.0,31.0,69.0,21.0,48.0,45.0,77.0,17.0,63.0,44.0,42.0,18.0,23.0
2024,Goiás,6,63,Meio,3.0,0.11749536721150822,False,Jhon Vásquez,"RW, CF, LW",ED,29.0,15,728,0.1885211168134093,False,13,2,15.0,729.15,9117.79,562.09,252.78,11.97,66.28,7.65,19.25,2.84,31.23,29.13,31.08,139.58,180.73,342.97,346.72,28.61,7.22,12.3,8.0,26.0,56.0,46.0,34.0,44.0,56.0,80.0,14.0,52.0,52.0,28.0,88.0,28.0,52.0,14.0,84.0,42.0
2024,Goiás,6,63,Meio,3.0,0.11749536721150822,False,Edu,CF,CA,31.0,13,623,0.1613305711191675,False,14,3,12.0,552.96,8838.05,426.6,165.69,8.63,53.06,7.16,14.32,2.28,25.88,28.33,30.48,100.92,111.83,210.8,309.86,17.46,5.37,12.43,11.0,13.0,41.0,40.0,26.0,35.0,26.0,82.0,13.0,42.0,55.0,38.0,63.0,6.0,54.0,2.0,17.0,17.0
2024,Goiás,6,63,Meio,3.0,0.11749536721150822,False,Nathan Melo,"RCMF, LDMF, LCMF",MED,23.0,12,512,0.1325862799566834,False,15,2,12.0,512.28,10310.24,526.47,121.21,7.55,58.5,5.97,16.16,0.53,33.55,27.44,29.5,28.88,117.32,211.32,426.33,25.45,0.0,0.77,53.0,53.0,45.0,63.0,73.0,81.0,81.0,35.0,50.0,48.0,62.0,6.0,84.0,32.0,77.0,35.0,4.0,5.0
2024,Goiás,6,63,Meio,3.0,0.11749536721150822,False,Régis,"CF, AMF, LCMF",CA,31.0,16,508,0.1315504496445218,False,16,4,14.0,481.04,9488.77,432.15,115.61,5.24,44.15,4.68,11.22,0.94,30.12,27.14,29.38,92.18,48.24,306.43,225.71,27.32,5.46,12.61,47.0,14.0,19.0,9.0,7.0,3.0,2.0,27.0,34.0,15.0,24.0,32.0,9.0,44.0,15.0,27.0,19.0,18.0
2024,Goiás,6,63,Meio,3.0,0.11749536721150822,False,Aloísio,"DMF, LDMF",VOL,28.0,7,456,0.1180846555864212,False,17,1,7.0,457.44999999999993,10005.72,463.35,88.34,6.1,48.6,5.9,15.15,0.59,37.78,26.5,26.8,24.36,88.12,109.61,471.83,14.31,0.0,1.02,48.0,52.0,35.0,57.0,50.0,82.0,72.0,49.0,88.0,18.0,5.0,20.0,45.0,25.0,82.0,25.0,4.0,35.0
2024,Goiás,6,63,Meio,3.0,0.11749536721150822,False,Mateus Gonçalves,"LW, LAMF, LWF",EE,29.0,8,455,0.1178256980083808,False,18,3,7.0,417.13,9549.15,577.85,335.75,15.75,78.76,10.57,21.79,4.1,39.92,31.23,31.98,237.75,173.86,351.83,357.76,25.91,0.94,6.12,32.0,38.0,84.0,82.0,61.0,89.0,70.0,94.0,50.0,91.0,68.0,84.0,91.0,34.0,59.0,11.0,2.0,2.0
2024,Goiás,6,63,Meio,3.0,0.11749536721150822,False,Á. Rodríguez,CF,CA,35.0,13,409,0.1059136494185225,False,19,5,13.0,409.89,8372.06,342.77,172.15,7.91,48.09,9.22,16.03,3.51,25.69,27.78,30.66,100.33,120.43,200.93,224.64,22.28,6.57,15.7,4.0,4.0,45.0,34.0,16.0,86.0,44.0,96.0,12.0,26.0,59.0,37.0,68.0,5.0,13.0,8.0,34.0,30.0
2024,Goiás,6,63,Meio,3.0,0.11749536721150822,False,Reynaldo,LCB,ZE,27.0,6,400,0.1035830312161589,False,20,3,6.0,401.76,8495.06,322.81,140.46,6.27,41.0,5.38,11.65,0.9,17.7,30.22,30.58,52.99,81.01,99.65,221.84,5.64,0.0,0.0,17.0,56.0,89.0,74.0,78.0,81.0,89.0,64.0,53.0,94.0,53.0,94.0,47.0,39.0,19.0,17.0,14.0,8.0
2024,Goiás,6,63,Meio,3.0,0.11749536721150822,False,Ian Luccas,"RW, RCMF, RDMF",ED,21.0,12,374,0.0968501341871086,False,21,3,12.0,372.84,10595.05,748.84,276.17,12.31,76.77,5.55,15.69,2.17,45.63,28.57,31.34,226.42,114.32,471.76,437.02,42.52,7.35,16.27,96.0,90.0,66.0,52.0,70.0,10.0,14.0,60.0,84.0,36.0,63.0,82.0,58.0,88.0,92.0,92.0,86.0,78.0
2024,Goiás,6,63,Meio,3.0,0.11749536721150822,False,Yan Souto,"RCB, CB",ZD,22.0,4,261,0.0675879278685437,False,22,3,4.0,262.28,8604.93,335.93,181.18,7.89,43.24,7.21,8.58,1.03,22.65,30.2,30.2,35.5,213.34,116.21,306.09,3.49,0.0,0.0,,,,,,,,,,,,,,,,,,
2024,Goiás,6,63,Meio,3.0,0.11749536721150822,False,Douglas Borel,"RB, RWB",LD,22.0,5,164,0.0424690427986251,False,23,2,5.0,165.10000000000002,9961.51,571.35,202.26,8.72,58.88,10.36,18.54,2.73,32.71,29.72,29.72,131.27,96.57,306.96,341.1,21.21,0.0,4.64,81.0,54.0,42.0,23.0,25.0,98.0,62.0,94.0,67.0,73.0,27.0,63.0,23.0,44.0,42.0,13.0,2.0,69.0
2024,Goiás,6,63,Meio,3.0,0.11749536721150822,False,Halerrandrio,"RWF, RW, LWF",ED,18.0,6,126,0.03262865483309,False,24,4,6.0,124.98,10447.92,785.52,437.76,21.6,102.24,7.92,19.44,1.44,43.2,31.98,32.46,305.27,216.0,460.9,466.97,29.91,3.42,17.09,86.0,94.0,100.0,100.0,100.0,50.0,60.0,30.0,74.0,98.0,88.0,96.0,96.0,84.0,96.0,24.0,18.0,84.0
2024,Goiás,6,63,Meio,3.0,0.11749536721150822,False,Tallyson Carlos,LW,EE,17.0,2,35,0.0090635152314139,False,25,4,2.0,35.54,10425.32,739.24,273.42,12.66,75.95,7.59,25.32,5.06,58.23,31.5,31.5,186.89,93.71,395.9,367.03,39.31,2.46,19.66,,,,,,,,,,,,,,,,,,
2024,Goiás,6,63,Meio,3.0,0.11749536721150822,False,Jhonny Lucas,RCMF,MED,24.0,1,32,0.0082866424972927,False,26,3,1.0,31.62,11386.4,389.98,111.02,5.69,39.85,2.85,8.54,0.0,34.16,25.6,25.6,101.5,7.88,267.29,147.15,23.65,3.38,13.51,,,,,,,,,,,,,,,,,,
2024,Goiás,6,63,Meio,3.0,0.11749536721150822,False,I. Torres,"LW, RW",EE,33.0,1,30,0.0077687273412119,False,27,5,1.0,29.53,10979.8,917.27,219.41,18.28,97.52,12.19,39.62,3.05,33.52,27.8,27.8,135.85,124.38,335.85,632.25,45.23,7.54,18.84,,,,,,,,,,,,,,,,,,
2024,Goiás,6,63,Meio,3.0,0.11749536721150822,False,Denzel,CF,CA,21.0,1,10,0.0025895757804039,False,28,6,1.0,10.2,9520.59,555.88,423.53,17.65,61.76,8.82,8.82,0.0,26.47,30.3,30.3,0.0,,77.88,,25.94,17.29,25.94,,,,,,,,,,,,,,,,,,
2024,Guarani,20,33,Cai,7.0,-0.5843585163982439,False,Matheus Bueno,"LCMF, RCMF, LDMF",MED,25.0,36,3348,0.8595635430038511,True,1,1,36.0,3350.16,10053.36,355.05,84.84,4.08,36.64,4.46,13.41,0.7,21.95,27.65,30.48,45.2,54.83,159.21,252.64,20.39,0.69,2.37,26.0,2.0,18.0,6.0,2.0,31.0,47.0,58.0,2.0,58.0,81.0,27.0,10.0,23.0,6.0,18.0,19.0,14.0
2024,Guarani,20,33,Cai,7.0,-0.5843585163982439,False,Caio Dantas,CF,CA,31.0,35,3111,0.7987163029525032,True,2,1,35.0,3110.4500000000003,8942.83,405.93,131.24,7.75,50.34,8.19,17.33,1.94,29.08,28.67,30.68,89.83,62.21,262.82,212.3,26.77,8.53,19.61,15.0,8.0,25.0,31.0,19.0,70.0,66.0,68.0,28.0,53.0,60.0,31.0,20.0,22.0,8.0,23.0,59.0,59.0
2024,Guarani,20,33,Cai,7.0,-0.5843585163982439,False,Matheus Salustiano,"LCB, RCB",ZE,31.0,26,2588,0.6644415917843389,True,3,1,25.0,2489.75,8335.79,283.23,138.92,6.72,39.19,4.81,9.91,0.98,15.33,31.1,33.26,44.03,107.91,82.23,218.69,3.74,0.06,0.06,8.0,19.0,86.0,83.0,67.0,39.0,39.0,69.0,8.0,100.0,100.0,83.0,89.0,17.0,17.0,8.0,28.0,17.0
2024,Guarani,20,33,Cai,7.0,-0.5843585163982439,False,Jefferson,LB,LE,27.0,30,2559,0.6569961489088575,True,4,1,29.0,2558.09,9392.69,402.69,150.58,7.49,46.76,6.12,12.84,0.74,24.1,28.93,31.32,101.35,69.91,240.13,220.35,21.61,0.54,2.3,39.0,9.0,20.0,18.0,7.0,11.0,2.0,18.0,9.0,45.0,73.0,41.0,7.0,27.0,5.0,36.0,20.0,14.0
2024,Guarani,20,33,Cai,7.0,-0.5843585163982439,False,J. Victor,"RW, LW, RAMF",ED,25.0,31,2445,0.6277278562259306,True,5,1,29.0,2337.11,9856.91,629.85,278.88,14.86,82.91,11.71,24.11,3.47,44.48,30.64,32.64,212.78,103.6,404.38,323.83,34.78,4.26,12.39,46.0,52.0,68.0,76.0,78.0,100.0,92.0,90.0,80.0,88.0,92.0,76.0,44.0,54.0,40.0,46.0,36.0,46.0
2024,Guarani,20,33,Cai,7.0,-0.5843585163982439,False,Douglas Bacelar,RCB,ZD,34.0,26,2438,0.6259306803594352,True,6,1,25.0,2418.5,8569.61,269.39,83.77,4.28,31.67,5.14,9.97,1.12,15.89,28.7,31.38,32.89,61.26,93.67,189.2,5.76,0.2,0.27,24.0,22.0,33.0,28.0,30.0,65.0,43.0,71.0,24.0,65.0,76.0,65.0,26.0,37.0,9.0,26.0,58.0,50.0
2024,Guarani,20,33,Cai,7.0,-0.5843585163982439,False,Luan Dias,"CF, AMF, RW",CA,26.0,28,2280,0.5853658536585366,False,7,2,28.0,2281.16,10035.24,514.27,146.21,8.32,58.39,6.75,13.45,1.03,41.74,28.14,30.14,85.62,87.84,277.39,336.3,29.02,2.83,9.86,81.0,44.0,31.0,39.0,41.0,24.0,19.0,30.0,89.0,37.0,39.0,28.0,48.0,27.0,67.0,38.0,4.0,5.0
2024,Guarani,20,33,Cai,7.0,-0.5843585163982439,False,Pacheco,RB,LD,33.0,24,1969,0.5055198973042362,False,8,1,24.0,1970.64,9662.88,533.74,192.45,10.09,60.88,6.71,15.48,1.23,29.87,29.32,31.36,137.88,94.67,335.12,301.92,30.03,0.8,2.67,46.0,33.0,35.0,46.0,42.0,20.0,19.0,38.0,48.0,60.0,72.0,71.0,19.0,65.0,12.0,71.0,23.0,31.0
2024,Guarani,20,33,Cai,7.0,-0.5843585163982439,False,Gabriel Bispo,"RCMF, RDMF",MED,27.0,21,1612,0.4138639281129653,False,9,2,21.0,1614.48,9984.38,459.07,80.27,4.4,44.49,4.79,18.06,0.56,28.99,26.16,28.3,33.84,60.57,130.69,389.02,18.38,0.69,1.95,19.0,23.0,10.0,12.0,18.0,44.0,92.0,41.0,18.0,11.0,18.0,16.0,15.0,6.0,61.0,10.0,19.0,10.0
2024,Guarani,20,33,Cai,7.0,-0.5843585163982439,False,Lucas Adell,LCB,ZE,24.0,15,1407,0.3612323491655969,False,10,2,15.0,1408.35,9255.73,310.45,77.9,4.6,32.27,4.28,8.44,0.38,21.41,28.0,29.44,17.42,72.02,105.26,235.33,11.59,0.0,0.09,92.0,44.0,22.0,31.0,25.0,11.0,19.0,10.0,81.0,24.0,22.0,11.0,31.0,44.0,28.0,89.0,14.0,22.0
2024,Guarani,20,33,Cai,7.0,-0.5843585163982439,False,Heitor,"RB, RW",LD,23.0,24,1360,0.3491655969191271,False,11,2,24.0,1362.96,9849.32,617.87,266.51,12.35,69.27,6.54,16.18,1.19,29.98,29.84,31.96,152.98,140.43,325.08,379.15,26.12,1.5,4.17,69.0,75.0,90.0,81.0,77.0,17.0,29.0,33.0,50.0,81.0,87.0,81.0,77.0,52.0,69.0,46.0,56.0,58.0
2024,Guarani,20,33,Cai,7.0,-0.5843585163982439,False,Anderson Leite,"RCMF, LW, LCMF",MED,31.0,25,1211,0.3109114249037227,False,12,3,25.0,1213.75,10870.22,642.1,163.81,7.64,60.58,5.19,15.87,1.11,36.93,27.98,31.1,94.55,79.71,340.34,388.5,34.13,3.08,6.85,98.0,85.0,79.0,65.0,76.0,61.0,77.0,85.0,63.0,76.0,94.0,77.0,39.0,85.0,60.0,76.0,66.0,52.0
2024,Guarani,20,33,Cai,7.0,-0.5843585163982439,False,Léo Santos,"LCB, RCB, CB",ZE,25.0,12,1092,0.2803594351732991,False,13,3,12.0,1090.92,9578.63,426.76,169.37,8.25,49.33,5.94,11.22,1.15,24.17,29.65,31.52,68.62,116.77,192.16,269.95,13.57,1.58,2.1,100.0,100.0,100.0,100.0,97.0,92.0,81.0,83.0,94.0,83.0,83.0,100.0,92.0,100.0,72.0,97.0,100.0,100.0
2024,Guarani,20,33,Cai,7.0,-0.5843585163982439,False,Reinaldo,"LW, RW",EE,23.0,23,865,0.2220795892169448,False,14,1,22.0,863.06,10480.41,718.85,292.38,13.76,79.87,7.51,18.56,1.25,41.29,29.05,31.7,162.9,167.81,373.52,440.55,31.88,5.57,12.69,93.0,93.0,80.0,57.0,66.0,41.0,36.0,23.0,68.0,43.0,66.0,48.0,86.0,48.0,93.0,36.0,47.0,30.0
2024,Guarani,20,33,Cai,7.0,-0.5843585163982439,False,Diogo Mateus,"RB, RCB",LD,31.0,11,826,0.2120667522464698,False,15,3,12.0,927.0,9468.57,486.82,96.22,5.63,44.76,6.02,12.72,0.68,22.14,27.44,28.9,52.9,60.17,252.95,298.72,27.13,0.34,1.02,27.0,15.0,2.0,4.0,4.0,6.0,2.0,8.0,4.0,10.0,13.0,6.0,4.0,21.0,10.0,60.0,6.0,6.0
2024,Guarani,20,33,Cai,7.0,-0.5843585163982439,False,Camacho,"LCMF, LDMF, RCMF",MED,34.0,10,790,0.2028241335044929,False,16,4,10.0,791.7,10340.72,471.79,91.74,3.75,43.2,4.55,10.8,0.23,30.47,27.48,28.66,29.9,80.99,151.9,422.41,20.34,0.97,3.87,56.0,29.0,21.0,5.0,15.0,37.0,13.0,11.0,23.0,50.0,32.0,8.0,40.0,18.0,74.0,16.0,24.0,29.0
2024,Guarani,20,33,Cai,7.0,-0.5843585163982439,False,Luccas Paraizo,"CF, RAMF",CA,22.0,15,692,0.1776636713735558,False,17,3,15.0,694.0500000000001,10568.79,638.9,274.65,13.23,77.42,8.3,17.89,1.3,48.5,30.35,32.5,169.08,118.87,296.02,395.54,31.15,11.48,23.49,96.0,85.0,86.0,80.0,89.0,74.0,68.0,40.0,96.0,89.0,88.0,79.0,67.0,38.0,76.0,46.0,86.0,78.0
2024,Guarani,20,33,Cai,7.0,-0.5843585163982439,False,Emerson,LB,LE,25.0,10,691,0.1774069319640565,False,18,2,10.0,691.0,9945.46,608.12,306.47,13.68,74.24,8.6,17.45,2.21,32.3,31.1,32.6,280.18,94.14,379.25,319.36,32.77,1.52,6.94,82.0,77.0,100.0,93.0,91.0,77.0,61.0,80.0,82.0,99.0,95.0,100.0,32.0,84.0,32.0,86.0,68.0,91.0
2024,Guarani,20,33,Cai,7.0,-0.5843585163982439,False,Marlon Maranhão,"RW, LW, RCMF",ED,21.0,13,547,0.1404364569961489,False,19,2,13.0,547.69,10042.84,586.44,182.55,9.53,64.25,6.74,15.77,1.97,30.73,29.23,31.4,160.98,54.65,379.44,286.89,34.74,2.46,12.31,70.0,34.0,20.0,20.0,24.0,22.0,20.0,53.0,12.0,62.0,68.0,48.0,6.0,44.0,18.0,43.0,8.0,44.0
2024,Guarani,20,33,Cai,7.0,-0.5843585163982439,False,Pierre,"RCMF, RW, LCMF",MED,22.0,12,490,0.1258023106546855,False,20,5,11.0,488.62,10804.05,544.46,115.85,5.53,53.41,5.89,16.21,2.21,39.6,27.7,29.16,33.73,97.21,236.08,376.6,34.88,0.28,3.07,97.0,65.0,39.0,30.0,56.0,74.0,82.0,98.0,71.0,63.0,49.0,15.0,73.0,47.0,56.0,81.0,11.0,24.0
2024,Guarani,20,33,Cai,7.0,-0.5843585163982439,False,Bruno Oliveira,"AMF, RW",MEI,26.0,8,385,0.0988446726572528,False,21,1,8.0,386.4,10023.38,466.11,111.35,6.52,48.45,4.89,11.88,0.7,29.58,26.59,27.14,60.15,74.21,271.71,283.82,37.73,3.55,7.74,50.0,44.0,44.0,50.0,50.0,44.0,39.0,64.0,44.0,39.0,14.0,44.0,78.0,56.0,33.0,78.0,50.0,28.0
2024,Guarani,20,33,Cai,7.0,-0.5843585163982439,False,Yan,RB,LD,18.0,7,381,0.0978177150192554,False,22,4,7.0,383.32,9274.85,467.92,212.95,10.1,59.4,7.28,18.55,0.7,25.59,29.57,30.56,115.71,119.23,228.62,296.55,21.74,0.38,1.91,15.0,12.0,60.0,49.0,31.0,37.0,63.0,10.0,19.0,69.0,49.0,44.0,42.0,15.0,4.0,15.0,8.0,17.0
2024,Guarani,20,33,Cai,7.0,-0.5843585163982439,False,Lucas Araújo,RCMF,MED,25.0,12,368,0.0944801026957638,False,23,6,12.0,367.8,10228.71,371.65,84.41,4.4,39.64,6.61,15.41,0.73,29.85,25.91,28.56,78.1,35.83,185.54,245.79,12.55,0.0,1.2,42.0,3.0,15.0,12.0,6.0,89.0,71.0,63.0,21.0,5.0,26.0,69.0,5.0,26.0,5.0,2.0,4.0,8.0
2024,Guarani,20,33,Cai,7.0,-0.5843585163982439,False,Vinicius Yuji,LB,LE,20.0,5,352,0.090372272143774,False,24,3,5.0,350.55,9935.3,512.45,201.28,9.76,60.08,6.93,14.38,0.26,35.69,29.68,29.68,132.2,105.72,283.49,310.02,25.91,0.72,4.68,80.0,36.0,52.0,52.0,50.0,39.0,16.0,2.0,89.0,70.0,20.0,66.0,48.0,50.0,30.0,66.0,30.0,55.0
2024,Guarani,20,33,Cai,7.0,-0.5843585163982439,False,Lohan,CF,CA,28.0,9,318,0.0816431322207958,False,25,4,9.0,317.61,9282.97,504.64,167.74,5.95,47.6,8.5,18.13,0.57,26.63,28.78,30.32,96.9,82.38,269.28,318.33,38.3,15.14,29.39,28.0,39.0,43.0,14.0,14.0,77.0,69.0,15.0,16.0,57.0,48.0,35.0,41.0,24.0,58.0,84.0,99.0,99.0
2024,Guarani,20,33,Cai,7.0,-0.5843585163982439,False,Rayan,RCB,ZD,34.0,3,283,0.0726572528883183,False,26,2,3.0,282.69,8884.75,287.8,115.56,7.0,39.79,5.09,12.1,0.0,22.29,29.43,29.43,18.22,124.02,64.12,279.88,5.85,0.0,0.0,,,,,,,,,,,,,,,,,,
2024,Guarani,20,33,Cai,7.0,-0.5843585163982439,False,Pedro Henrique,RCB,ZD,23.0,3,231,0.0593068035943517,False,27,3,3.0,231.48,9187.27,395.02,83.98,4.67,36.94,5.44,12.05,0.78,19.05,28.6,28.6,21.51,80.83,116.18,330.73,14.83,0.0,0.0,,,,,,,,,,,,,,,,,,
2024,Guarani,20,33,Cai,7.0,-0.5843585163982439,False,Bruno Mendes,CF,CA,30.0,6,199,0.0510911424903722,False,28,5,6.0,199.56,10103.69,445.11,92.9,4.51,46.45,8.12,16.69,0.0,32.02,26.62,27.14,56.46,48.03,253.51,212.93,32.97,6.59,26.37,84.0,16.0,7.0,6.0,12.0,67.0,56.0,3.0,40.0,7.0,3.0,11.0,8.0,15.0,9.0,59.0,35.0,91.0
2024,Guarani,20,33,Cai,7.0,-0.5843585163982439,False,Matheus Mancini,LCB,ZE,29.0,2,195,0.0500641848523748,False,29,4,2.0,195.48,9536.67,318.59,52.49,2.3,27.16,4.14,8.29,0.0,20.72,26.8,26.8,17.32,43.49,82.0,250.85,,,,,,,,,,,,,,,,,,,,,
2024,Guarani,20,33,Cai,7.0,-0.5843585163982439,False,Rafael Freitas,"LAMF, LCMF, CF",EE,18.0,6,182,0.0467265725288831,False,30,2,6.0,182.4,9680.82,616.83,211.7,12.34,73.53,5.92,19.25,1.48,40.96,27.63,28.18,122.54,85.87,346.54,331.1,31.33,5.93,14.39,43.0,55.0,30.0,36.0,43.0,5.0,41.0,34.0,64.0,14.0,9.0,23.0,25.0,30.0,43.0,34.0,59.0,50.0
2024,Guarani,20,33,Cai,7.0,-0.5843585163982439,False,Estevão,"CF, RCMF",CA,22.0,5,171,0.0439024390243902,False,31,6,4.0,168.08,11229.43,637.18,238.81,10.17,63.72,7.5,16.06,1.07,35.88,28.57,28.57,191.46,117.3,507.1,284.36,43.39,7.23,17.36,,,,,,,,,,,,,,,,,,
2024,Guarani,20,33,Cai,7.0,-0.5843585163982439,False,Gustavo França,"RW, RCMF, CF",ED,26.0,4,141,0.0362002567394095,False,32,3,4.0,141.08,10059.37,673.64,232.2,15.31,79.74,8.29,13.4,1.28,43.38,29.05,29.05,141.14,92.69,431.98,222.45,51.34,2.44,17.11,,,,,,,,,,,,,,,,,,
2024,Guarani,20,33,Cai,7.0,-0.5843585163982439,False,Kayque,"RCMF, LCMF, RDMF",MED,24.0,5,122,0.0313222079589217,False,33,7,5.0,121.4,10521.25,647.2,266.89,9.64,68.95,5.93,14.83,0.0,43.0,29.98,29.98,73.49,281.38,191.07,549.88,31.96,2.59,11.23,74.0,89.0,100.0,89.0,92.0,79.0,66.0,4.0,82.0,100.0,69.0,63.0,100.0,29.0,98.0,66.0,53.0,89.0
2024,Guarani,20,33,Cai,7.0,-0.5843585163982439,False,Renê Santos,CB,ZD,32.0,1,105,0.0269576379974326,False,34,4,1.0,104.68,7631.01,258.78,67.06,6.02,34.39,4.3,8.6,1.72,15.48,26.9,26.9,43.03,58.66,62.15,228.79,2.39,0.0,0.0,,,,,,,,,,,,,,,,,,
2024,Guarani,20,33,Cai,7.0,-0.5843585163982439,False,Pedro Manoel,"RB, LCB",LD,18.0,2,97,0.0249037227214377,False,35,5,2.0,97.7,8759.57,330.71,172.26,7.37,44.22,7.37,15.66,4.61,19.34,30.65,30.65,73.47,112.77,203.27,193.93,4.89,0.0,0.0,,,,,,,,,,,,,,,,,,
2024,Guarani,20,33,Cai,7.0,-0.5843585163982439,False,Daniel dos Anjos,CF,CA,28.0,4,92,0.0236200256739409,False,36,7,4.0,90.6,9246.36,491.72,140.07,9.93,58.61,8.94,22.85,1.99,29.8,25.4,25.4,180.62,45.34,460.9,270.69,34.41,10.75,25.81,,,,,,,,,,,,,,,,,,
2024,Guarani,20,33,Cai,7.0,-0.5843585163982439,False,Renyer,"LAMF, RWF, CF",EE,21.0,3,89,0.0228498074454428,False,37,3,3.0,89.34,10299.29,680.04,163.21,9.07,61.46,7.05,18.13,2.01,30.22,27.07,27.07,117.68,51.26,354.12,432.66,32.68,8.71,20.7,,,,,,,,,,,,,,,,,,
2024,Guarani,20,33,Cai,7.0,-0.5843585163982439,False,João Villela,"RW, LW",ED,20.0,1,72,0.0184852374839537,False,38,4,2.0,152.62,9927.23,688.78,222.32,12.38,82.56,10.61,26.54,1.77,44.23,28.0,28.0,143.31,96.45,357.51,380.26,32.68,5.45,14.79,,,,,,,,,,,,,,,,,,
2024,Guarani,20,33,Cai,7.0,-0.5843585163982439,False,Vinicius Kauê,LB,LE,21.0,2,68,0.0174582798459563,False,39,4,2.0,68.56,9942.88,758.68,294.02,10.5,68.25,6.56,15.75,0.0,32.81,32.0,32.0,190.95,146.56,339.89,638.93,29.27,1.27,5.09,,,,,,,,,,,,,,,,,,
2024,Guarani,20,33,Cai,7.0,-0.5843585163982439,False,Léo Porfírio,"LW, RW",EE,19.0,2,49,0.0125802310654685,False,40,4,2.0,49.72,10562.86,611.87,101.37,9.05,70.6,14.48,16.29,3.62,52.5,26.0,26.0,38.85,79.95,336.69,351.78,53.88,15.09,25.86,,,,,,,,,,,,,,,,,,
2024,Guarani,20,33,Cai,7.0,-0.5843585163982439,False,João Marcelo,CF,CA,19.0,1,20,0.0051347881899871,False,41,8,1.0,20.22,11356.47,934.87,0.0,0.0,48.97,4.45,8.9,0.0,93.49,23.8,23.8,0.0,0.0,336.26,603.09,49.34,4.93,29.61,,,,,,,,,,,,,,,,,,
2024,Ituano,18,37,Cai,15.0,-0.32241815779428873,False,Claudinho,"LCB, RCB",ZE,34.0,31,3015,0.7910743249689914,True,1,1,31.0,3020.3300000000004,8663.27,301.55,99.23,5.27,34.21,4.5,8.34,0.77,16.18,29.04,31.68,22.87,83.57,85.08,240.16,6.4,0.14,0.18,28.0,36.0,50.0,44.0,39.0,24.0,11.0,56.0,17.0,61.0,86.0,25.0,58.0,22.0,36.0,25.0,38.0,31.0
2024,Ituano,18,37,Cai,15.0,-0.32241815779428873,False,Miquéias,"RCMF, RDMF",MED,22.0,34,2820,0.7399103139013452,True,2,1,33.0,2820.51,10047.48,550.1,174.86,8.33,58.1,4.91,12.32,1.02,31.72,29.14,32.32,120.14,92.6,310.72,353.57,34.77,1.98,7.4,23.0,66.0,87.0,80.0,71.0,50.0,26.0,82.0,29.0,94.0,100.0,92.0,66.0,79.0,32.0,79.0,47.0,55.0
2024,Ituano,18,37,Cai,15.0,-0.32241815779428873,False,Vinícius Paiva,"LAMF, LW, LWF",EE,23.0,34,2660,0.6979295868714817,True,3,1,35.0,2725.4500000000003,9958.91,659.22,274.76,14.13,80.11,7.69,18.43,1.42,41.97,30.08,32.48,228.04,104.48,460.44,326.7,37.81,6.25,18.75,70.0,66.0,64.0,66.0,68.0,51.0,34.0,32.0,82.0,77.0,82.0,82.0,41.0,93.0,39.0,73.0,68.0,91.0
2024,Ituano,18,37,Cai,15.0,-0.32241815779428873,False,José Aldo,"LCMF, AMF",MED,25.0,29,2395,0.6283990077282702,True,4,2,30.0,2460.9,10375.4,528.58,106.75,5.23,50.84,4.5,14.37,0.22,37.23,26.95,29.12,54.66,73.01,211.35,411.45,25.2,1.91,4.75,60.0,55.0,29.0,24.0,40.0,35.0,60.0,10.0,65.0,31.0,45.0,35.0,27.0,34.0,69.0,34.0,44.0,34.0
2024,Ituano,18,37,Cai,15.0,-0.32241815779428873,False,Thonny Anderson,CF,CA,26.0,27,2369,0.6215771395859173,True,5,1,27.0,2372.22,9582.11,392.37,104.79,6.18,44.69,6.87,12.75,0.91,28.49,27.91,30.18,64.37,57.74,254.44,207.56,27.69,7.08,13.9,55.0,7.0,9.0,17.0,8.0,27.0,13.0,25.0,23.0,31.0,42.0,15.0,17.0,16.0,7.0,32.0,40.0,20.0
2024,Ituano,18,37,Cai,15.0,-0.32241815779428873,False,Guilherme Mariano,RCB,ZD,24.0,19,1924,0.5048182425341093,False,6,1,19.0,1927.74,9350.68,409.7,129.42,6.77,44.87,5.0,10.74,1.12,21.01,29.94,31.5,35.0,110.54,158.62,302.55,12.63,0.26,0.33,93.0,93.0,83.0,82.0,87.0,61.0,61.0,71.0,76.0,93.0,86.0,70.0,80.0,93.0,89.0,93.0,70.0,57.0
2024,Ituano,18,37,Cai,15.0,-0.32241815779428873,False,Bruno Xavier,"RWF, RAMF, RW",ED,27.0,27,1806,0.4738574563495849,False,7,1,27.0,1807.38,10011.57,683.37,216.0,11.5,71.35,7.37,17.68,1.1,41.38,28.33,30.48,159.95,91.45,446.34,356.53,40.15,6.76,18.41,62.0,74.0,42.0,44.0,50.0,38.0,36.0,13.0,62.0,26.0,39.0,46.0,30.0,74.0,56.0,88.0,76.0,88.0
2024,Ituano,18,37,Cai,15.0,-0.32241815779428873,False,Leozinho,"RW, RAMF, RWF",ED,25.0,30,1409,0.3696927774067359,False,8,2,30.0,1408.1999999999998,10053.37,604.73,241.67,13.68,74.85,8.88,16.55,1.66,38.99,29.16,31.84,171.8,94.28,402.08,289.35,35.15,4.62,12.69,72.0,40.0,52.0,60.0,60.0,58.0,28.0,40.0,46.0,54.0,76.0,56.0,34.0,52.0,20.0,50.0,41.0,56.0
2024,Ituano,18,37,Cai,15.0,-0.32241815779428873,False,Yann Rolim,"AMF, LDMF, LCMF",MEI,29.0,20,1215,0.3187911458830264,False,9,1,19.0,1153.11,10373.81,543.43,128.56,6.87,54.95,5.0,12.25,0.47,38.25,27.46,29.1,73.61,64.67,291.76,349.91,31.2,4.39,11.73,89.0,72.0,56.0,67.0,67.0,56.0,58.0,44.0,89.0,67.0,61.0,67.0,56.0,72.0,83.0,50.0,78.0,72.0
2024,Ituano,18,37,Cai,15.0,-0.32241815779428873,False,Guilherme Lazaroni,LB,LE,31.0,15,1177,0.3088207232134338,False,10,1,16.0,1278.24,9662.46,528.04,135.11,8.1,54.21,7.67,13.66,0.56,27.04,27.43,29.44,71.69,87.98,264.49,352.8,27.11,0.95,4.98,61.0,43.0,9.0,25.0,25.0,59.0,9.0,11.0,36.0,9.0,14.0,14.0,23.0,36.0,68.0,73.0,41.0,57.0
2024,Ituano,18,37,Cai,15.0,-0.32241815779428873,False,Wálber,"RCB, LCB",ZD,27.0,13,1156,0.3033107527907642,False,11,2,13.0,1157.65,8860.22,386.37,106.97,5.75,36.85,4.74,9.56,0.78,21.3,27.78,29.86,27.76,82.36,118.61,296.09,9.08,0.39,0.66,57.0,85.0,67.0,63.0,63.0,57.0,39.0,53.0,85.0,33.0,30.0,46.0,52.0,74.0,83.0,72.0,91.0,85.0
2024,Ituano,18,37,Cai,15.0,-0.32241815779428873,False,Salatiel,CF,CA,31.0,20,981,0.2573943326018509,False,12,2,20.0,983.0,9545.82,552.01,270.83,11.72,68.85,7.87,15.84,0.82,32.32,30.6,33.56,230.91,103.84,382.91,298.31,33.35,8.5,23.73,51.0,65.0,85.0,67.0,67.0,60.0,41.0,23.0,41.0,92.0,100.0,96.0,60.0,88.0,42.0,61.0,56.0,79.0
2024,Ituano,18,37,Cai,15.0,-0.32241815779428873,False,Léo Oliveira,RB,LD,22.0,16,963,0.2526715008109913,False,13,1,16.0,962.4,10257.49,719.35,198.82,9.73,65.46,8.7,21.14,0.84,37.41,27.89,29.96,122.45,104.28,372.63,444.21,30.21,1.63,4.74,96.0,98.0,38.0,35.0,58.0,79.0,88.0,17.0,90.0,19.0,35.0,50.0,29.0,88.0,90.0,73.0,60.0,71.0
2024,Ituano,18,37,Cai,15.0,-0.32241815779428873,False,Eduardo Person,"CF, AMF, LCMF",CA,27.0,13,763,0.2001955920236618,False,14,3,13.0,761.93,9927.96,426.45,159.95,7.8,52.92,6.73,14.65,1.65,25.63,28.08,29.94,105.33,82.72,259.41,242.66,26.33,5.45,12.26,77.0,12.0,38.0,33.0,25.0,22.0,32.0,55.0,11.0,35.0,35.0,43.0,42.0,17.0,21.0,20.0,18.0,15.0
2024,Ituano,18,37,Cai,15.0,-0.32241815779428873,False,Léo Duarte,"RB, RWB",LD,25.0,15,741,0.1944232420570556,False,15,2,15.0,741.9,9894.08,645.72,186.45,8.13,59.2,8.49,18.56,1.21,29.48,27.9,29.12,88.14,114.35,318.95,431.93,27.08,1.23,4.4,73.0,83.0,29.0,17.0,29.0,73.0,65.0,35.0,44.0,21.0,19.0,19.0,35.0,50.0,87.0,58.0,40.0,60.0
2024,Ituano,18,37,Cai,15.0,-0.32241815779428873,False,Eduardo Diniz,"LB, LWB",LE,35.0,9,722,0.1894380307222593,False,16,2,9.0,721.71,9640.69,536.2,133.92,7.11,48.88,6.98,13.84,0.75,24.69,28.49,29.62,59.74,98.75,218.3,393.5,18.67,1.15,2.53,55.0,48.0,7.0,11.0,16.0,41.0,11.0,20.0,14.0,31.0,18.0,7.0,43.0,16.0,86.0,20.0,51.0,20.0
2024,Ituano,18,37,Cai,15.0,-0.32241815779428873,False,Luiz Gustavo,"LCB, RCB",ZE,30.0,7,622,0.1632000763285946,False,17,2,6.0,523.5600000000001,9287.42,391.77,152.48,7.91,49.34,5.5,11.35,0.69,23.21,29.95,30.36,34.85,123.39,98.02,320.97,8.27,0.0,0.75,94.0,89.0,97.0,97.0,100.0,83.0,86.0,42.0,89.0,86.0,47.0,67.0,94.0,33.0,97.0,53.0,14.0,71.0
2024,Ituano,18,37,Cai,15.0,-0.32241815779428873,False,Marcel Scalese,LCB,ZE,28.0,9,601,0.157690105905925,False,18,3,10.0,699.5999999999999,9099.74,290.34,88.76,4.89,33.19,4.5,9.26,1.03,19.68,29.12,30.9,26.67,66.09,113.55,201.69,11.54,0.0,0.25,75.0,31.0,36.0,33.0,33.0,24.0,28.0,75.0,69.0,69.0,61.0,42.0,25.0,61.0,6.0,86.0,14.0,36.0
2024,Ituano,18,37,Cai,15.0,-0.32241815779428873,False,Neto Berola,"LAMF, LWF, CF",EE,36.0,18,583,0.1529672741150653,False,19,2,18.0,583.5600000000001,9395.52,564.2,285.34,13.57,71.72,8.95,20.36,1.85,41.03,30.06,32.12,185.37,145.29,357.37,324.56,32.16,4.77,12.87,23.0,34.0,75.0,52.0,34.0,73.0,57.0,45.0,66.0,75.0,70.0,55.0,70.0,36.0,32.0,41.0,36.0,34.0
2024,Ituano,18,37,Cai,15.0,-0.32241815779428873,False,Zé Eduardo,"CF, RAMF, AMF",CA,25.0,11,551,0.1445711287090926,False,20,4,11.0,552.2,9411.37,520.08,178.47,9.29,60.79,6.85,15.97,0.65,30.15,29.27,30.2,137.78,95.02,346.33,284.16,28.26,6.41,19.23,40.0,49.0,51.0,44.0,49.0,26.0,42.0,17.0,35.0,68.0,44.0,67.0,54.0,74.0,34.0,34.0,32.0,54.0
2024,Ituano,18,37,Cai,15.0,-0.32241815779428873,False,Xavier,"DMF, LCMF, LDMF",VOL,24.0,11,471,0.1235807651941608,False,21,1,11.0,469.59,9798.35,373.75,74.75,4.6,37.76,4.6,10.92,0.57,22.04,26.14,27.32,25.92,61.13,105.57,332.81,13.41,1.22,2.13,32.0,18.0,18.0,28.0,22.0,48.0,20.0,42.0,10.0,12.0,8.0,30.0,18.0,22.0,22.0,20.0,57.0,48.0
2024,Ituano,18,37,Cai,15.0,-0.32241815779428873,False,G. Falcão,"LCMF, RCMF",MED,23.0,15,426,0.1117736857170117,False,22,3,15.0,426.9,10386.32,531.97,135.36,6.33,53.34,4.85,12.44,0.63,39.85,26.75,29.36,70.77,87.94,306.54,353.59,32.31,2.38,7.82,61.0,56.0,52.0,44.0,55.0,48.0,27.0,52.0,73.0,24.0,57.0,60.0,61.0,74.0,34.0,70.0,50.0,60.0
2024,Ituano,18,37,Cai,15.0,-0.32241815779428873,False,Álvaro,CF,CA,26.0,11,376,0.0986547085201793,False,23,5,11.0,374.77,9421.48,493.29,233.92,11.29,61.48,7.93,18.97,1.44,26.9,27.35,28.76,94.55,167.62,297.28,245.12,29.59,8.85,21.01,42.0,37.0,73.0,64.0,52.0,64.0,76.0,45.0,19.0,20.0,15.0,33.0,87.0,39.0,24.0,40.0,64.0,67.0
2024,Ituano,18,37,Cai,15.0,-0.32241815779428873,False,Bruno Alves,"RAMF, LWF, AMF",ED,31.0,6,307,0.0805505199885507,False,24,3,6.0,305.94,9147.67,564.5,290.05,10.88,64.13,9.12,16.77,2.35,26.77,29.93,30.38,205.23,140.54,332.39,387.35,26.13,3.62,10.45,12.0,28.0,78.0,35.0,22.0,64.0,30.0,70.0,4.0,78.0,33.0,70.0,70.0,22.0,72.0,10.0,23.0,26.0
2024,Ituano,18,37,Cai,15.0,-0.32241815779428873,False,Vinicius Poz,"LB, LCB",LE,21.0,6,287,0.0753029291098177,False,25,3,6.0,288.9,9568.22,360.12,109.03,4.98,36.76,5.92,13.08,0.31,28.97,25.78,26.34,64.72,43.5,190.5,202.38,12.8,0.61,0.61,50.0,2.0,2.0,2.0,2.0,7.0,5.0,5.0,59.0,2.0,2.0,9.0,2.0,7.0,2.0,5.0,23.0,2.0
2024,Ituano,18,37,Cai,15.0,-0.32241815779428873,False,Vitão,"LCB, CB",ZE,23.0,4,283,0.0742534109340711,False,26,4,4.0,284.28,8757.07,310.25,100.36,1.9,26.91,3.48,6.65,0.0,17.73,29.15,29.15,11.4,82.25,113.03,204.1,5.7,0.0,0.0,,,,,,,,,,,,,,,,,,
2024,Ituano,18,37,Cai,15.0,-0.32241815779428873,False,Marlinho,LB,LE,19.0,7,199,0.0522135292433928,False,27,4,7.0,198.24,9996.4,661.04,250.61,11.8,72.64,10.44,19.52,0.91,38.59,28.09,29.76,124.34,157.26,304.28,408.56,20.9,1.19,4.18,84.0,89.0,86.0,66.0,86.0,95.0,80.0,23.0,93.0,18.0,23.0,55.0,95.0,59.0,91.0,27.0,57.0,48.0
2024,Ituano,18,37,Cai,15.0,-0.32241815779428873,False,Jhow,CF,CA,19.0,5,144,0.0377826543268772,False,28,6,5.0,144.0,10751.24,789.47,177.52,10.0,66.88,6.88,16.25,0.0,35.0,28.6,28.6,143.5,42.06,543.01,464.49,44.25,9.73,27.43,98.0,99.0,48.0,53.0,62.0,29.0,48.0,3.0,57.0,49.0,14.0,69.0,6.0,100.0,91.0,99.0,75.0,96.0
2024,Ituano,18,37,Cai,15.0,-0.32241815779428873,False,Matheus Aluísio,"LCMF, RB, DMF",MED,21.0,7,136,0.035683617975384,False,29,4,8.0,193.52,9744.56,542.37,169.32,8.84,65.59,9.77,13.02,1.86,33.03,27.4,28.64,68.99,124.55,268.22,432.46,30.27,0.76,6.81,13.0,63.0,82.0,84.0,85.0,100.0,37.0,97.0,44.0,47.0,30.0,58.0,85.0,58.0,79.0,56.0,21.0,50.0
2024,Ituano,18,37,Cai,15.0,-0.32241815779428873,False,Jonathan Vieira,LB,LE,26.0,3,127,0.0333222020799542,False,30,5,3.0,128.25,10214.74,659.65,208.42,10.53,68.07,9.12,16.14,2.81,21.75,29.9,29.9,84.16,124.55,309.5,378.48,19.89,0.0,1.81,,,,,,,,,,,,,,,,,,
2024,Ituano,18,37,Cai,15.0,-0.32241815779428873,False,Erik Nascimento,RCB,ZD,19.0,1,92,0.0241389180421715,False,31,3,1.0,92.5,10080.97,487.46,154.7,10.7,55.46,5.84,10.7,0.0,30.16,28.3,28.3,30.61,117.67,164.81,307.15,5.88,0.0,0.0,,,,,,,,,,,,,,,,,,
2024,Ituano,18,37,Cai,15.0,-0.32241815779428873,False,Jean Pyerre,"AMF, CF",MEI,26.0,3,73,0.0191537067073752,False,32,2,3.0,72.48,10859.6,422.17,45.94,0.0,24.83,3.72,11.17,0.0,18.62,23.0,23.0,2.47,35.08,133.42,302.03,38.26,2.47,7.4,,,,,,,,,,,,,,,,,,
2024,Ituano,18,37,Cai,15.0,-0.32241815779428873,False,Lipe Gadol,"LCMF, RCMF",MED,20.0,2,67,0.0175794294437553,False,33,5,2.0,66.84,10646.52,655.65,156.17,10.77,67.31,4.04,24.23,0.0,44.43,26.75,26.75,40.67,147.04,141.45,620.47,25.76,0.0,0.0,,,,,,,,,,,,,,,,,,
2024,Ituano,18,37,Cai,15.0,-0.32241815779428873,False,Marcelo Mineiro,"LW, RCB, LAMF",EE,21.0,2,57,0.0149556340043888,False,34,3,2.0,57.24,10424.17,907.34,229.59,18.87,89.63,9.44,17.3,3.15,37.74,27.4,27.4,130.49,139.24,501.27,573.09,28.95,4.14,14.47,,,,,,,,,,,,,,,,,,
2024,Ituano,18,37,Cai,15.0,-0.32241815779428873,False,Ruan Carlos,"RB, CF, LAMF",LD,22.0,2,45,0.0118070794771491,False,35,3,2.0,45.04,11039.82,875.35,273.8,15.99,95.93,11.99,19.99,2.0,71.95,27.45,27.45,92.71,262.96,522.36,554.09,38.4,6.78,24.85,,,,,,,,,,,,,,,,,,
2024,Mirassol,2,67,Sobe,9.0,0.36125256707631914,True,Danielzinho,"RCMF, RDMF",MED,29.0,37,3642,0.9449922158796056,True,1,1,37.0,3648.2,10703.32,515.77,122.69,6.24,49.64,3.31,11.89,0.64,31.23,27.85,30.44,65.41,74.33,264.89,323.41,32.31,3.0,7.57,90.0,47.0,47.0,42.0,34.0,5.0,23.0,53.0,27.0,70.0,79.0,48.0,32.0,56.0,24.0,70.0,65.0,57.0
2024,Mirassol,2,67,Sobe,9.0,0.36125256707631914,True,Lucas Ramon,RB,LD,30.0,37,3460,0.8977685521536066,True,2,1,37.0,3464.31,9778.89,543.5,217.29,10.76,62.22,7.77,16.13,2.08,28.32,30.41,33.14,125.36,116.61,267.0,328.57,24.73,1.32,1.94,62.0,40.0,63.0,54.0,50.0,62.0,27.0,80.0,35.0,93.0,97.0,54.0,38.0,25.0,33.0,29.0,45.0,19.0
2024,Mirassol,2,67,Sobe,9.0,0.36125256707631914,True,Dellatorre,CF,CA,32.0,34,2828,0.7337830825116762,True,3,1,33.0,2731.74,9825.29,583.82,177.06,10.74,68.17,7.18,16.74,1.25,40.92,28.54,30.78,98.99,89.56,319.97,304.68,32.34,10.31,22.25,71.0,74.0,46.0,62.0,65.0,36.0,57.0,39.0,86.0,47.0,63.0,36.0,49.0,55.0,49.0,54.0,79.0,74.0
2024,Mirassol,2,67,Sobe,9.0,0.36125256707631914,True,Gabriel,"LCMF, DMF, CF",MED,34.0,34,2708,0.7026466009340945,True,4,2,34.0,2710.82,10276.21,484.58,143.26,7.64,54.38,4.38,11.99,0.73,30.71,28.53,31.28,81.87,78.11,260.85,285.54,29.64,2.89,5.86,47.0,35.0,63.0,65.0,60.0,26.0,24.0,63.0,24.0,89.0,98.0,73.0,35.0,55.0,10.0,53.0,60.0,44.0
2024,Mirassol,2,67,Sobe,9.0,0.36125256707631914,True,Fernandinho,"LW, LWF, LAMF",EE,26.0,34,2638,0.6844836533471718,True,5,1,34.0,2641.46,9590.65,544.73,213.76,11.21,65.76,7.02,20.78,2.45,35.74,29.89,32.6,139.63,82.82,308.38,272.22,22.47,3.58,9.04,36.0,32.0,32.0,32.0,30.0,26.0,66.0,61.0,30.0,66.0,84.0,34.0,23.0,14.0,18.0,5.0,17.0,11.0
2024,Mirassol,2,67,Sobe,9.0,0.36125256707631914,True,Neto Moura,"DMF, LCMF, LDMF",VOL,27.0,33,2445,0.6344058121432278,True,6,1,32.0,2360.96,9855.48,388.12,95.08,4.92,41.71,3.66,13.5,0.72,24.28,27.51,30.38,25.33,84.9,111.69,329.7,19.85,0.15,0.26,38.0,22.0,38.0,35.0,30.0,12.0,48.0,62.0,18.0,57.0,78.0,28.0,35.0,28.0,20.0,48.0,12.0,5.0
2024,Mirassol,2,67,Sobe,9.0,0.36125256707631914,True,Zeca,LB,LE,30.0,23,2167,0.5622729631551635,False,7,1,23.0,2166.83,9246.68,428.72,145.95,7.27,48.31,5.57,14.87,0.54,24.34,28.64,30.48,68.33,97.02,192.19,288.09,16.31,0.33,1.5,18.0,14.0,16.0,16.0,14.0,2.0,23.0,9.0,11.0,39.0,50.0,11.0,36.0,9.0,18.0,11.0,7.0,9.0
2024,Mirassol,2,67,Sobe,9.0,0.36125256707631914,True,Chico Kim,"RWF, RW, LW",ED,33.0,36,1897,0.4922158796056046,False,8,1,36.0,1900.44,10543.59,695.9,196.59,11.37,72.65,7.15,17.81,1.89,46.13,28.25,30.74,144.13,82.02,386.51,401.81,39.52,6.48,15.17,94.0,80.0,26.0,42.0,52.0,34.0,38.0,46.0,86.0,24.0,44.0,32.0,22.0,46.0,78.0,86.0,68.0,70.0
2024,Mirassol,2,67,Sobe,9.0,0.36125256707631914,True,Negueba,"RW, RAMF, RWF",ED,24.0,24,1798,0.4665282823040996,False,9,2,24.0,1799.04,10530.7,656.87,193.31,11.26,69.74,6.3,21.91,1.4,41.37,28.45,30.42,102.5,108.99,333.18,379.35,31.2,4.62,11.33,90.0,64.0,24.0,40.0,44.0,16.0,86.0,28.0,60.0,34.0,36.0,14.0,50.0,24.0,70.0,28.0,41.0,38.0
2024,Mirassol,2,67,Sobe,9.0,0.36125256707631914,True,Lucas Gazal,RCB,ZD,24.0,22,1315,0.3412039439543332,False,10,1,20.0,1307.6,8779.97,296.18,71.03,3.3,29.67,3.79,7.71,0.41,14.94,27.35,30.02,22.75,53.06,118.42,208.19,8.9,0.0,0.09,48.0,41.0,15.0,4.0,20.0,4.0,9.0,15.0,15.0,20.0,39.0,26.0,4.0,72.0,13.0,67.0,16.0,25.0
2024,Mirassol,2,67,Sobe,9.0,0.36125256707631914,True,Warley,LB,LE,24.0,12,1067,0.2768552153606642,False,11,2,12.0,1069.32,9593.23,501.88,253.51,12.04,65.06,6.65,14.81,2.19,28.87,31.1,32.78,162.49,125.78,244.23,303.02,20.92,0.52,2.47,52.0,30.0,89.0,73.0,61.0,20.0,18.0,77.0,57.0,99.0,98.0,82.0,73.0,30.0,25.0,30.0,17.0,16.0
2024,Mirassol,2,67,Sobe,9.0,0.36125256707631914,True,Iury,"LWF, CF",EE,28.0,18,1030,0.2672548002075765,False,12,2,18.0,1030.32,9171.12,497.39,166.5,8.82,58.53,6.03,13.63,0.87,29.53,28.58,30.9,105.99,79.79,279.29,294.42,22.06,4.19,12.32,16.0,7.0,16.0,18.0,16.0,7.0,7.0,7.0,14.0,27.0,45.0,18.0,16.0,7.0,20.0,2.0,25.0,27.0
2024,Mirassol,2,67,Sobe,9.0,0.36125256707631914,True,Isaque,"AMF, CF, LCMF",MEI,27.0,17,854,0.2215879605604566,False,13,1,17.0,853.23,10798.0,588.43,141.78,8.23,63.51,5.49,13.19,0.42,37.45,27.41,28.92,94.82,59.18,333.77,306.53,43.12,4.03,14.47,100.0,94.0,78.0,78.0,94.0,72.0,67.0,28.0,78.0,58.0,50.0,78.0,44.0,78.0,50.0,100.0,72.0,89.0
2024,Mirassol,2,67,Sobe,9.0,0.36125256707631914,True,Léo Gamalho,CF,CA,38.0,19,747,0.1938245978204462,False,14,2,19.0,745.5600000000001,8352.26,312.68,78.23,2.9,30.3,6.88,12.92,0.0,22.94,25.49,28.32,67.42,30.88,187.39,190.09,17.78,4.94,13.24,3.0,3.0,4.0,3.0,3.0,29.0,14.0,3.0,3.0,1.0,12.0,17.0,4.0,4.0,4.0,3.0,16.0,19.0
2024,Mirassol,2,67,Sobe,9.0,0.36125256707631914,True,Alex Silva,"RB, LB",LD,30.0,26,716,0.1857810067462376,False,15,2,25.0,710.5,9798.7,603.62,203.02,9.75,61.55,7.6,16.84,1.39,33.06,27.22,29.74,140.17,95.59,337.31,355.23,33.18,0.96,4.05,65.0,65.0,44.0,37.0,46.0,48.0,38.0,42.0,69.0,6.0,29.0,73.0,21.0,69.0,50.0,90.0,29.0,54.0
2024,Mirassol,2,67,Sobe,9.0,0.36125256707631914,True,Rodrigo Andrade,"RCMF, LDMF, LCMF",MED,27.0,12,474,0.1229891022314478,False,16,3,12.0,472.68,10163.13,513.31,118.05,6.47,51.98,5.52,13.71,0.95,32.37,26.71,28.5,59.66,84.73,312.27,300.43,39.1,1.06,5.64,39.0,44.0,42.0,48.0,44.0,71.0,50.0,81.0,35.0,23.0,23.0,40.0,48.0,81.0,18.0,92.0,26.0,42.0
2024,Mirassol,2,67,Sobe,9.0,0.36125256707631914,True,Zé Mário,"LB, LCMF",LE,32.0,8,352,0.0913336792942397,False,17,3,8.0,352.0,8800.66,443.84,203.51,10.74,59.06,8.44,17.64,2.81,25.31,29.1,30.24,142.15,119.12,284.66,281.09,25.32,1.49,5.21,5.0,16.0,57.0,57.0,48.0,75.0,64.0,93.0,20.0,57.0,39.0,77.0,66.0,52.0,11.0,61.0,66.0,64.0
2024,Mirassol,2,67,Sobe,9.0,0.36125256707631914,True,Bruno Matias,"RCMF, DMF",MED,25.0,13,285,0.0739491437467566,False,18,4,14.0,346.92,10162.65,661.74,243.84,10.38,66.67,7.78,16.86,1.56,32.68,27.71,30.12,175.2,137.94,354.04,417.39,32.93,3.41,12.49,37.0,94.0,95.0,92.0,89.0,95.0,85.0,95.0,39.0,65.0,71.0,100.0,92.0,92.0,73.0,73.0,72.0,92.0
2024,Mirassol,2,67,Sobe,9.0,0.36125256707631914,True,Artur,"LB, LCB",LE,29.0,6,207,0.0537104307213284,False,19,4,6.0,207.78000000000003,8970.98,383.3,147.26,6.93,43.74,8.23,16.46,1.3,29.02,27.65,28.78,82.7,81.65,205.36,232.84,11.65,0.0,1.37,9.0,7.0,18.0,7.0,5.0,73.0,45.0,43.0,61.0,11.0,5.0,25.0,9.0,14.0,7.0,2.0,2.0,7.0
2024,Mirassol,2,67,Sobe,9.0,0.36125256707631914,True,Diego Gonçalves,"LWF, CF, LCMF",EE,29.0,5,134,0.0347690710949662,False,20,3,5.0,135.29999999999998,10066.3,870.73,372.51,18.63,93.79,8.65,21.95,4.66,41.91,30.18,30.18,346.12,160.94,646.61,431.57,40.94,4.65,14.89,82.0,100.0,93.0,93.0,95.0,68.0,77.0,98.0,80.0,82.0,27.0,100.0,80.0,100.0,89.0,86.0,32.0,55.0
2024,Mirassol,2,67,Sobe,9.0,0.36125256707631914,True,Cristian Renato,"RWF, LWF, RCMF",ED,24.0,7,118,0.0306175402179553,False,21,3,7.0,118.86,9516.45,820.11,289.27,17.42,97.69,11.36,26.5,2.27,49.22,28.39,29.12,185.64,195.88,562.79,557.96,35.69,6.69,18.96,32.0,100.0,76.0,90.0,94.0,96.0,100.0,66.0,92.0,31.0,8.0,66.0,92.0,96.0,98.0,56.0,72.0,92.0
2024,Mirassol,2,67,Sobe,9.0,0.36125256707631914,True,Henri,RCB,ZD,22.0,1,20,0.0051894135962636,False,22,2,1.0,19.97,8203.67,99.17,13.52,0.0,18.03,9.02,13.52,0.0,13.52,21.9,21.9,,29.27,,38.05,0.0,0.0,0.0,,,,,,,,,,,,,,,,,,
2024,Mirassol,2,67,Sobe,9.0,0.36125256707631914,True,Miguel Silva,LAMF,EE,20.0,1,18,0.0046704722366372,False,23,4,1.0,17.68,9960.23,590.39,356.27,20.36,91.61,10.18,25.45,5.09,30.54,32.2,32.2,63.38,540.0,147.89,640.0,33.9,8.47,12.71,,,,,,,,,,,,,,,,,,
2024,Mirassol,2,67,Sobe,9.0,0.36125256707631914,True,Vini Peixoto,AMF,MEI,23.0,1,12,0.0031136481577581,False,24,2,1.0,11.6,11273.28,783.62,473.28,15.52,100.86,7.76,31.03,7.76,31.03,28.5,28.5,128.97,,168.22,,,,,,,,,,,,,,,,,,,,,,
2024,Novorizontino,5,64,Meio,16.0,0.3963412340840158,True,Luisão,RCB,ZD,20.0,32,2956,0.7680823924032693,True,1,1,31.0,2866.26,9360.72,390.47,132.69,7.1,44.49,5.34,11.93,1.16,22.1,29.39,31.46,47.28,101.36,153.75,285.68,8.28,0.23,0.51,98.0,87.0,87.0,87.0,85.0,72.0,85.0,76.0,89.0,80.0,83.0,87.0,74.0,87.0,76.0,59.0,67.0,79.0
2024,Novorizontino,5,64,Meio,16.0,0.3963412340840158,True,N. Pessôa,"LW, LWF, CF",EE,30.0,37,2665,0.6924694099305523,True,2,1,36.0,2607.4800000000005,9713.95,585.6,234.37,12.77,72.28,7.46,18.4,1.52,35.93,29.38,31.08,226.39,82.3,440.77,298.64,36.99,9.73,21.94,48.0,41.0,45.0,39.0,39.0,39.0,32.0,39.0,32.0,50.0,52.0,77.0,20.0,84.0,23.0,66.0,98.0,95.0
2024,Novorizontino,5,64,Meio,16.0,0.3963412340840158,True,Rafael Donato,CB,ZD,35.0,30,2579,0.6701233051448009,True,3,2,30.0,2580.3,8880.9,303.65,95.88,5.27,34.32,4.05,8.3,0.73,17.37,28.47,30.98,37.24,75.91,105.45,232.15,4.93,0.57,1.0,59.0,48.0,50.0,53.0,48.0,9.0,20.0,48.0,39.0,49.0,67.0,78.0,41.0,52.0,35.0,18.0,93.0,96.0
2024,Novorizontino,5,64,Meio,16.0,0.3963412340840158,True,Waguininho,"RW, LW, LWB",ED,34.0,31,2508,0.6516747767751689,True,4,1,30.0,2424.6,9995.21,611.04,179.32,8.46,60.69,7.46,18.93,0.74,35.41,27.91,30.04,161.81,61.69,448.53,302.63,34.74,6.63,14.05,60.0,42.0,18.0,16.0,14.0,40.0,47.0,8.0,30.0,16.0,22.0,50.0,12.0,76.0,22.0,43.0,70.0,64.0
2024,Novorizontino,5,64,Meio,16.0,0.3963412340840158,True,Reverson,"LB, LCB, LWB",LE,27.0,32,2404,0.6246515802900742,True,5,1,31.0,2405.6,9694.19,546.09,185.31,9.62,58.74,6.85,16.72,1.09,23.83,28.63,30.44,127.01,92.76,327.07,324.05,22.16,1.96,5.0,68.0,55.0,39.0,50.0,45.0,32.0,50.0,32.0,5.0,36.0,43.0,59.0,27.0,64.0,39.0,41.0,85.0,59.0
2024,Novorizontino,5,64,Meio,16.0,0.3963412340840158,True,Eduardo,RCMF,MED,27.0,30,2371,0.6160769121746115,True,6,1,30.0,2370.3,10572.12,656.96,177.65,9.95,68.3,4.29,17.12,0.8,45.68,28.07,29.92,139.61,86.91,458.76,363.42,40.93,3.39,9.86,77.0,92.0,89.0,90.0,90.0,23.0,88.0,73.0,90.0,77.0,68.0,97.0,55.0,100.0,44.0,95.0,69.0,77.0
2024,Novorizontino,5,64,Meio,16.0,0.3963412340840158,True,Rodrigo Soares,"RB, RWB",LD,31.0,33,2145,0.5573534275050787,False,7,1,32.0,2096.32,10064.14,603.67,154.68,7.99,59.42,6.4,15.8,1.5,30.74,27.69,29.86,98.13,85.78,381.19,350.04,28.46,1.82,4.77,87.0,67.0,15.0,15.0,34.0,13.0,25.0,48.0,52.0,17.0,31.0,29.0,15.0,90.0,48.0,69.0,63.0,73.0
2024,Novorizontino,5,64,Meio,16.0,0.3963412340840158,True,Renato Palm,"CB, LCB, RCB",ZD,32.0,22,1843,0.4788822223272074,False,8,3,21.0,1749.51,9296.15,353.69,97.23,5.76,38.94,4.27,9.47,0.62,17.18,27.95,29.94,31.88,75.58,110.5,263.71,5.43,0.08,0.34,91.0,76.0,54.0,65.0,72.0,24.0,35.0,37.0,37.0,35.0,34.0,63.0,39.0,61.0,65.0,24.0,35.0,59.0
2024,Novorizontino,5,64,Meio,16.0,0.3963412340840158,True,Rodolfo,CF,CA,32.0,30,1826,0.4744649690556054,False,9,1,29.0,1812.79,9946.38,541.22,214.81,11.86,67.22,6.9,14.94,1.54,35.64,29.77,31.92,211.08,67.35,415.08,258.27,37.04,11.6,23.04,78.0,59.0,64.0,69.0,63.0,31.0,36.0,52.0,59.0,79.0,82.0,91.0,27.0,94.0,27.0,78.0,88.0,76.0
2024,Novorizontino,5,64,Meio,16.0,0.3963412340840158,True,Willian Farias,"LCMF, RCMF",MED,35.0,25,1340,0.3481834931733358,False,10,2,24.0,1282.32,9656.78,385.24,92.29,4.56,39.79,5.12,13.19,1.12,27.16,27.26,30.68,50.93,62.54,155.57,296.77,21.52,0.24,2.19,10.0,5.0,23.0,16.0,8.0,57.0,40.0,87.0,8.0,40.0,90.0,31.0,18.0,19.0,16.0,21.0,10.0,11.0
2024,Novorizontino,5,64,Meio,16.0,0.3963412340840158,True,Fabrício Daniel,"RW, CF, RWF",ED,26.0,23,1235,0.3209004582604998,False,11,2,23.0,1237.4,9984.15,492.36,126.47,6.62,49.67,5.53,11.56,1.16,33.89,27.53,29.54,107.98,45.38,396.49,214.3,37.95,3.96,12.49,58.0,6.0,6.0,4.0,4.0,8.0,4.0,20.0,24.0,8.0,12.0,18.0,2.0,50.0,4.0,78.0,28.0,50.0
2024,Novorizontino,5,64,Meio,16.0,0.3963412340840158,True,Lucca,CF,CA,34.0,24,1114,0.2894600085038031,False,12,2,23.0,1081.23,9550.95,559.05,195.87,11.65,70.26,9.41,16.4,1.91,38.37,28.76,30.82,141.32,108.28,382.7,321.31,33.99,12.25,24.19,52.0,68.0,56.0,66.0,71.0,87.0,52.0,66.0,76.0,56.0,65.0,68.0,62.0,87.0,61.0,67.0,92.0,83.0
2024,Novorizontino,5,64,Meio,16.0,0.3963412340840158,True,Paulo Vitor,"RW, CF, RB",ED,25.0,14,1110,0.2884206547928379,False,13,3,12.0,993.0,9582.82,682.55,404.03,19.94,95.89,10.33,20.66,2.72,41.51,31.04,32.12,363.0,155.33,536.64,344.84,35.9,3.01,11.1,36.0,72.0,92.0,96.0,92.0,84.0,78.0,74.0,64.0,94.0,80.0,98.0,80.0,94.0,46.0,58.0,14.0,36.0
2024,Novorizontino,5,64,Meio,16.0,0.3963412340840158,True,Pablo Dyego,"RW, RWF",ED,30.0,19,1011,0.2626966504464497,False,14,4,18.0,1009.44,9860.0,645.24,268.46,14.35,80.51,9.63,19.26,2.23,42.44,29.73,31.8,237.5,114.19,454.74,366.83,38.08,7.03,16.67,50.0,62.0,58.0,70.0,74.0,74.0,58.0,64.0,70.0,72.0,74.0,84.0,56.0,80.0,62.0,80.0,81.0,82.0
2024,Novorizontino,5,64,Meio,16.0,0.3963412340840158,True,Igor Formiga,"RWB, RB",LD,25.0,19,904,0.234893938678131,False,15,2,19.0,905.35,9966.98,595.54,235.69,12.23,71.07,7.75,18.99,1.49,29.32,29.2,31.76,155.77,134.91,386.48,344.95,27.42,1.45,2.18,83.0,58.0,69.0,79.0,81.0,59.0,71.0,45.0,42.0,52.0,83.0,83.0,73.0,92.0,46.0,63.0,54.0,21.0
2024,Novorizontino,5,64,Meio,16.0,0.3963412340840158,True,César Martins,"CB, RCB",ZD,31.0,10,735,0.1909812443898521,False,16,4,9.0,640.98,9261.64,466.59,234.35,11.94,61.5,6.6,14.88,1.4,24.71,30.66,31.5,75.35,160.18,207.04,304.45,12.37,1.5,2.44,89.0,96.0,100.0,100.0,98.0,96.0,100.0,85.0,96.0,100.0,86.0,100.0,96.0,98.0,91.0,89.0,100.0,98.0
2024,Novorizontino,5,64,Meio,16.0,0.3963412340840158,True,Léo Tocantins,"LB, LWB",LE,25.0,16,673,0.1748712618698918,False,17,2,15.0,625.3499999999999,10036.2,629.38,158.46,7.92,58.0,6.62,20.44,0.72,26.77,26.92,29.12,87.4,104.77,387.78,371.33,24.97,1.34,3.57,86.0,82.0,23.0,20.0,39.0,18.0,91.0,16.0,34.0,5.0,9.0,27.0,45.0,89.0,73.0,59.0,64.0,36.0
2024,Novorizontino,5,64,Meio,16.0,0.3963412340840158,True,Danilo Barcelos,"LB, LWB",LE,32.0,16,581,0.1509661265176926,False,18,3,15.0,535.5,10616.96,735.51,214.64,8.57,63.7,6.22,15.97,0.34,33.78,27.07,29.24,141.58,116.45,420.81,388.18,20.93,1.63,3.95,100.0,98.0,61.0,32.0,59.0,14.0,41.0,7.0,84.0,7.0,11.0,75.0,57.0,95.0,84.0,32.0,70.0,45.0
2024,Novorizontino,5,64,Meio,16.0,0.3963412340840158,True,Lucas Cardoso,"CF, RW",CA,23.0,11,470,0.1221240610384088,False,19,3,11.0,471.02,10141.98,702.92,336.27,20.83,99.16,16.24,27.7,4.2,48.91,31.73,32.74,259.82,169.92,463.14,397.2,37.36,10.82,21.63,87.0,93.0,97.0,100.0,100.0,100.0,99.0,100.0,97.0,99.0,95.0,99.0,92.0,97.0,78.0,82.0,81.0,71.0
2024,Novorizontino,5,64,Meio,16.0,0.3963412340840158,True,Raul Prata,RB,LD,37.0,6,376,0.097699248830727,False,20,3,5.0,328.8,9626.22,630.69,240.34,11.22,69.26,10.13,24.91,0.55,29.29,29.44,29.44,156.52,155.65,416.52,361.44,25.27,1.55,2.58,38.0,79.0,77.0,58.0,75.0,94.0,98.0,6.0,40.0,64.0,23.0,87.0,88.0,98.0,52.0,37.0,58.0,27.0
2024,Novorizontino,5,64,Meio,16.0,0.3963412340840158,True,Enzo,LB,LE,19.0,2,122,0.031700288184438,False,21,4,2.0,121.36,10586.43,846.11,430.1,18.54,97.89,10.38,27.44,0.74,37.08,30.9,30.9,184.08,329.84,487.56,547.54,35.33,0.0,9.64,,,,,,,,,,,,,,,,,,
2024,Novorizontino,5,64,Meio,16.0,0.3963412340840158,True,Ó. Ruiz,"CF, LWF, LW",CA,33.0,4,95,0.024684650635423,False,22,4,4.0,94.76,10093.42,735.07,353.29,17.09,91.17,12.35,24.69,2.85,45.59,29.27,29.27,278.1,192.16,504.24,401.69,65.45,21.82,49.09,,,,,,,,,,,,,,,,,,
2024,Operário-PR,8,55,Meio,12.0,0.16606984111002765,False,Willian Machado,LCB,ZE,27.0,34,3431,0.9205571003463584,True,1,1,34.0,3438.76,8750.26,293.99,85.61,4.16,31.54,5.05,10.02,0.58,16.2,28.82,31.08,23.48,80.74,97.18,266.81,8.66,0.22,0.65,33.0,33.0,31.0,28.0,22.0,56.0,47.0,28.0,19.0,56.0,68.0,36.0,42.0,31.0,64.0,67.0,53.0,67.0
2024,Operário-PR,8,55,Meio,12.0,0.16606984111002765,False,Pará,LB,LE,28.0,26,2109,0.5658568710668813,False,2,1,25.0,2059.75,9377.17,531.05,198.41,10.75,62.92,7.56,17.08,1.49,26.04,29.28,31.24,89.13,146.55,257.05,396.46,20.8,2.4,4.34,34.0,45.0,50.0,59.0,57.0,57.0,55.0,52.0,23.0,62.0,68.0,30.0,91.0,32.0,89.0,25.0,93.0,52.0
2024,Operário-PR,8,55,Meio,12.0,0.16606984111002765,False,Joseph,"RCB, LCB",ZD,29.0,21,2011,0.5395629055075858,False,3,1,20.0,1913.6,8971.64,325.03,104.08,5.27,35.65,3.95,8.18,0.8,19.71,29.43,31.44,39.22,85.59,118.01,274.41,10.66,0.28,0.85,74.0,57.0,63.0,53.0,54.0,7.0,13.0,57.0,70.0,83.0,80.0,83.0,54.0,70.0,67.0,80.0,76.0,91.0
2024,Operário-PR,8,55,Meio,12.0,0.16606984111002765,False,Jacy,"RDMF, DMF, RCMF",VOL,27.0,29,2000,0.5366115420264403,False,4,1,27.0,1921.32,10014.23,494.87,152.85,7.87,54.34,4.45,15.27,0.8,29.37,28.67,32.0,36.35,151.86,120.98,495.42,14.76,0.2,0.99,50.0,65.0,85.0,82.0,75.0,38.0,75.0,68.0,40.0,92.0,95.0,52.0,95.0,30.0,90.0,28.0,20.0,31.0
2024,Operário-PR,8,55,Meio,12.0,0.16606984111002765,False,Maxwell,"LW, LAMF, LWF",EE,29.0,27,1915,0.5138055514903166,False,5,1,26.0,1808.82,9974.78,612.36,190.32,10.95,69.31,7.31,18.36,1.24,39.11,28.52,30.36,123.31,94.88,312.17,432.82,27.26,2.71,9.25,73.0,52.0,23.0,30.0,32.0,34.0,30.0,20.0,45.0,24.0,32.0,25.0,36.0,20.0,91.0,18.0,14.0,14.0
2024,Operário-PR,8,55,Meio,12.0,0.16606984111002765,False,Vinicius Diniz,"RDMF, RCMF, LDMF",VOL,24.0,29,1894,0.508171130299039,False,6,2,28.0,1834.0,10404.17,584.51,127.3,7.02,54.47,4.96,15.61,0.83,31.8,27.18,29.0,51.39,106.98,219.5,517.35,24.6,3.17,6.92,75.0,88.0,65.0,68.0,78.0,62.0,82.0,70.0,50.0,42.0,40.0,72.0,62.0,80.0,95.0,70.0,95.0,92.0
2024,Operário-PR,8,55,Meio,12.0,0.16606984111002765,False,Ronald,"RW, RAMF, RWF",ED,27.0,29,1637,0.4392165471486414,False,7,1,28.0,1588.4399999999998,9113.78,499.2,213.62,10.09,60.46,9.01,19.72,2.32,34.05,28.95,31.22,133.68,110.77,272.61,335.44,23.7,2.88,8.09,6.0,8.0,40.0,24.0,12.0,60.0,66.0,68.0,26.0,48.0,60.0,26.0,52.0,4.0,44.0,2.0,12.0,12.0
2024,Operário-PR,8,55,Meio,12.0,0.16606984111002765,False,Thales Oleques,RB,LD,30.0,17,1588,0.4260695643689936,False,8,1,17.0,1555.33,9607.56,458.14,166.89,8.68,53.47,6.37,14.06,1.91,24.65,28.92,30.06,72.32,133.91,192.6,362.28,16.44,0.66,0.88,35.0,10.0,21.0,21.0,12.0,12.0,12.0,66.0,13.0,38.0,38.0,13.0,67.0,4.0,54.0,8.0,15.0,4.0
2024,Operário-PR,8,55,Meio,12.0,0.16606984111002765,False,Daniel Lima,CF,CA,19.0,29,1543,0.4139958046733987,False,9,1,29.0,1561.36,9326.8,544.64,218.08,11.41,68.94,9.22,18.68,2.19,34.13,29.78,32.72,118.85,163.12,260.9,445.88,32.03,7.56,19.62,33.0,61.0,65.0,65.0,68.0,86.0,74.0,78.0,53.0,80.0,94.0,53.0,86.0,20.0,86.0,52.0,46.0,61.0
2024,Operário-PR,8,55,Meio,12.0,0.16606984111002765,False,Índio,"LDMF, LCMF",VOL,31.0,24,1513,0.4059466315430021,False,10,3,23.0,1485.11,10044.8,531.4,148.65,7.64,54.78,4.79,15.51,0.73,26.97,28.44,30.72,58.63,125.83,187.93,478.35,23.26,1.97,3.51,55.0,78.0,80.0,78.0,82.0,55.0,80.0,65.0,30.0,85.0,88.0,85.0,82.0,68.0,85.0,57.0,80.0,60.0
2024,Operário-PR,8,55,Meio,12.0,0.16606984111002765,False,Felipe Augusto,"RAMF, RWF, CF",ED,32.0,21,1399,0.375359773647495,False,11,2,21.0,1400.07,9597.28,536.21,222.92,11.25,67.3,9.13,17.87,1.93,36.96,29.41,31.66,169.42,85.46,324.08,323.57,35.6,6.73,14.44,38.0,20.0,46.0,38.0,36.0,66.0,40.0,48.0,36.0,64.0,70.0,52.0,26.0,16.0,36.0,54.0,74.0,68.0
2024,Operário-PR,8,55,Meio,12.0,0.16606984111002765,False,German Fagner,RCB,ZD,33.0,14,1215,0.3259915117810625,False,12,2,13.0,1116.96,8968.23,288.29,127.47,5.8,37.23,4.59,8.46,0.48,15.47,29.3,31.84,33.05,119.44,107.31,247.47,6.58,0.1,0.0,70.0,39.0,80.0,67.0,65.0,43.0,22.0,25.0,22.0,78.0,95.0,67.0,87.0,59.0,50.0,40.0,39.0,10.0
2024,Operário-PR,8,55,Meio,12.0,0.16606984111002765,False,Boschilia,"RCMF, AMF, CF",MED,28.0,16,1183,0.3174057271086394,False,13,1,16.0,1220.64,10294.95,463.47,78.23,4.13,45.79,4.42,9.88,0.37,42.62,25.86,28.18,33.18,56.01,213.55,357.16,29.96,1.33,7.57,50.0,24.0,8.0,8.0,21.0,29.0,6.0,19.0,77.0,3.0,14.0,12.0,13.0,35.0,39.0,55.0,34.0,57.0
2024,Operário-PR,8,55,Meio,12.0,0.16606984111002765,False,R. Lindoso,"DMF, LCMF, RCMF",VOL,35.0,18,1095,0.2937948192594761,False,14,4,18.0,1089.18,10222.95,408.06,35.7,1.9,31.4,3.14,10.16,0.08,22.06,24.88,26.18,7.25,39.02,100.34,439.02,16.61,0.36,0.59,68.0,28.0,2.0,2.0,5.0,2.0,10.0,2.0,12.0,2.0,2.0,2.0,2.0,15.0,72.0,40.0,30.0,18.0
2024,Operário-PR,8,55,Meio,12.0,0.16606984111002765,False,Ronaldo,CF,CA,33.0,19,1088,0.2919166788623835,False,15,2,19.0,1098.77,9412.08,517.98,158.08,9.17,58.15,6.96,14.09,0.74,33.17,27.64,28.82,68.73,116.1,247.22,391.98,26.53,9.63,19.61,41.0,48.0,37.0,43.0,39.0,32.0,22.0,19.0,46.0,24.0,16.0,18.0,64.0,13.0,75.0,21.0,73.0,59.0
2024,Operário-PR,8,55,Meio,12.0,0.16606984111002765,False,Pedro Lucas,"RW, RAMF, RCMF",ED,21.0,17,966,0.2591833747987707,False,16,3,17.0,966.79,10018.34,584.38,153.99,7.82,59.49,5.96,16.11,1.12,39.85,27.59,30.22,100.29,80.08,317.48,410.26,35.91,2.8,9.93,64.0,30.0,12.0,8.0,10.0,14.0,24.0,16.0,52.0,12.0,25.0,12.0,18.0,12.0,86.0,60.0,10.0,16.0
2024,Operário-PR,8,55,Meio,12.0,0.16606984111002765,False,Lucas Hipólito,LB,LE,29.0,11,888,0.2382555246597395,False,17,2,10.0,843.5,9143.19,427.86,138.92,6.72,47.16,6.72,15.26,2.24,24.86,29.02,29.84,55.95,117.63,163.51,351.65,14.36,0.44,2.03,11.0,11.0,14.0,5.0,9.0,27.0,30.0,82.0,16.0,51.0,25.0,2.0,61.0,2.0,64.0,9.0,9.0,11.0
2024,Operário-PR,8,55,Meio,12.0,0.16606984111002765,False,Sávio,RB,LD,27.0,12,879,0.2358407727206205,False,18,2,12.0,880.3199999999999,9142.55,454.44,126.26,6.54,47.64,6.85,13.39,1.02,23.31,27.19,28.54,62.98,70.78,234.97,312.31,25.44,0.91,1.22,6.0,8.0,8.0,6.0,8.0,25.0,8.0,23.0,8.0,4.0,8.0,12.0,10.0,19.0,21.0,40.0,27.0,10.0
2024,Operário-PR,8,55,Meio,12.0,0.16606984111002765,False,Allan Godói,RCB,ZD,31.0,10,855,0.2294014342163032,False,19,3,10.0,859.4,8557.69,339.93,124.1,6.91,40.53,6.7,11.94,1.47,19.69,30.03,31.84,35.14,107.14,127.56,277.47,6.23,0.0,0.14,22.0,70.0,76.0,85.0,74.0,98.0,87.0,93.0,67.0,96.0,95.0,72.0,76.0,78.0,74.0,37.0,16.0,30.0
2024,Operário-PR,8,55,Meio,12.0,0.16606984111002765,False,Neto Paraíba,"RDMF, LDMF, RCMF",VOL,32.0,16,842,0.2259134591931313,False,20,5,15.0,776.4,10408.79,493.1,97.95,4.87,45.55,4.4,14.14,0.23,30.02,26.67,28.18,29.99,87.44,214.03,394.0,27.64,1.5,7.52,78.0,62.0,40.0,32.0,42.0,30.0,55.0,8.0,45.0,22.0,20.0,45.0,40.0,78.0,49.0,80.0,72.0,95.0
2024,Operário-PR,8,55,Meio,12.0,0.16606984111002765,False,S. Ocampos,RB,LD,22.0,11,797,0.2138396994975364,False,21,3,10.0,698.3,9724.05,655.65,280.72,15.47,80.68,10.18,26.29,2.45,34.54,30.08,31.22,155.82,156.82,352.48,403.27,33.31,0.85,2.72,54.0,88.0,96.0,98.0,100.0,96.0,100.0,88.0,77.0,83.0,69.0,85.0,90.0,79.0,81.0,92.0,25.0,33.0
2024,Operário-PR,8,55,Meio,12.0,0.16606984111002765,False,Gabriel Feliciano,"LB, LWB",LE,22.0,10,713,0.1913020147324259,False,22,3,10.0,716.2,9305.42,497.02,201.57,9.55,55.92,6.41,17.22,1.13,29.53,30.8,31.86,97.18,139.9,234.23,350.79,24.09,0.85,3.59,27.0,27.0,55.0,48.0,30.0,16.0,57.0,34.0,64.0,93.0,88.0,39.0,84.0,20.0,60.0,50.0,36.0,39.0
2024,Operário-PR,8,55,Meio,12.0,0.16606984111002765,False,Vinicius Mingotti,CF,CA,24.0,10,545,0.146226645202205,False,23,3,10.0,545.0,8979.25,490.49,244.75,14.04,73.99,11.89,20.97,2.97,35.67,29.86,30.9,123.17,161.44,264.39,300.78,27.67,7.73,16.69,17.0,35.0,76.0,90.0,81.0,98.0,91.0,95.0,60.0,82.0,69.0,57.0,84.0,23.0,45.0,31.0,49.0,35.0
2024,Operário-PR,8,55,Meio,12.0,0.16606984111002765,False,Nathan Fogaça,"CF, LCMF",CA,25.0,12,472,0.1266403239182399,False,24,4,12.0,468.24,9613.73,579.0,229.14,11.92,72.86,8.27,19.61,2.31,41.91,29.71,31.74,154.32,121.22,305.55,368.34,39.22,8.62,20.8,57.0,71.0,71.0,71.0,78.0,72.0,80.0,84.0,91.0,77.0,78.0,73.0,69.0,43.0,72.0,88.0,61.0,66.0
2024,Operário-PR,8,55,Meio,12.0,0.16606984111002765,False,Guilherme Pira,"RAMF, RW",ED,24.0,10,367,0.0984682179618518,False,25,4,9.0,328.59,9542.09,621.42,248.4,12.6,70.93,6.85,18.35,1.64,43.82,29.06,31.18,175.02,143.21,374.94,423.09,31.96,5.15,14.43,34.0,46.0,54.0,56.0,48.0,26.0,42.0,38.0,76.0,50.0,58.0,60.0,72.0,42.0,90.0,30.0,54.0,66.0
2024,Operário-PR,8,55,Meio,12.0,0.16606984111002765,False,Filipe Claudino,"LAMF, RWF, RW",EE,20.0,9,338,0.0906873506024684,False,26,2,9.0,338.85,10168.39,714.74,274.37,16.2,85.26,8.5,24.7,3.45,49.67,29.17,30.82,158.14,161.22,358.41,482.86,39.04,3.97,14.03,86.0,86.0,61.0,86.0,86.0,61.0,98.0,84.0,100.0,45.0,41.0,41.0,82.0,39.0,98.0,77.0,23.0,43.0
2024,Operário-PR,8,55,Meio,12.0,0.16606984111002765,False,Cássio,"LCMF, CF",MED,31.0,6,311,0.0834430947851114,False,27,2,6.0,311.22,10510.51,596.92,138.53,8.97,60.73,5.49,15.04,0.58,43.67,27.25,27.8,65.81,82.02,373.66,373.55,36.5,4.56,12.93,69.0,76.0,56.0,85.0,79.0,69.0,68.0,44.0,84.0,39.0,11.0,50.0,42.0,98.0,50.0,84.0,89.0,94.0
2024,Operário-PR,8,55,Meio,12.0,0.16606984111002765,False,M. Antônio,"AMF, LDMF",MEI,24.0,11,307,0.0823698717010585,False,28,1,10.0,244.1,10164.12,494.7,66.72,2.21,38.34,3.32,9.58,0.0,29.12,24.33,25.4,29.09,26.77,212.98,427.78,38.07,3.42,10.25,67.0,67.0,22.0,6.0,17.0,6.0,11.0,8.0,39.0,6.0,6.0,6.0,6.0,28.0,100.0,83.0,44.0,50.0
2024,Operário-PR,8,55,Meio,12.0,0.16606984111002765,False,Dudu Scheit,"AMF, RCMF",MEI,23.0,5,229,0.0614420215620274,False,29,2,4.0,227.12,10397.42,658.16,208.82,11.89,78.85,8.32,18.62,2.38,49.93,30.18,30.18,102.06,165.98,307.05,530.63,45.03,6.67,12.23,,,,,,,,,,,,,,,,,,
2024,Operário-PR,8,55,Meio,12.0,0.16606984111002765,False,Felipe Garcia,"CF, RW",CA,33.0,5,201,0.0539294599736572,False,30,5,5.0,201.8,10057.05,581.52,201.57,9.36,70.91,6.24,14.27,0.45,35.68,29.08,29.08,83.6,170.68,277.37,430.26,38.63,9.17,22.21,82.0,72.0,60.0,45.0,73.0,12.0,24.0,13.0,61.0,63.0,21.0,25.0,93.0,26.0,84.0,85.0,68.0,73.0
2024,Operário-PR,8,55,Meio,12.0,0.16606984111002765,False,Marcelo Cirino,"LCMF, CF, RWF",MED,32.0,3,201,0.0539294599736572,False,31,3,3.0,201.99,9846.46,655.0,226.8,14.26,79.31,7.13,14.26,1.78,40.55,29.27,29.27,111.88,163.82,250.99,559.59,29.67,5.65,19.08,,,,,,,,,,,,,,,,,,
2024,Operário-PR,8,55,Meio,12.0,0.16606984111002765,False,Erik Bessa,"RB, LB",LD,28.0,4,183,0.0490999560954192,False,32,4,5.0,220.0,9152.31,565.73,235.62,11.86,66.27,6.95,18.82,1.23,26.59,28.68,28.68,106.58,213.38,279.71,450.0,19.39,0.99,2.49,8.0,46.0,67.0,72.0,60.0,27.0,69.0,38.0,23.0,31.0,10.0,35.0,98.0,31.0,92.0,10.0,31.0,25.0
2024,Operário-PR,8,55,Meio,12.0,0.16606984111002765,False,Borech,"CB, RCB",ZD,22.0,3,175,0.0469535099273135,False,33,4,3.0,175.62,9042.19,332.6,176.81,6.15,38.44,5.12,9.74,1.02,24.09,28.57,28.57,82.05,97.51,135.03,221.67,11.62,0.0,0.0,,,,,,,,,,,,,,,,,,
2024,Operário-PR,8,55,Meio,12.0,0.16606984111002765,False,Guilherme Azevedo,"RAMF, AMF",ED,23.0,3,98,0.0262939655592955,False,34,5,2.0,61.36,9412.6,577.84,183.32,10.27,63.06,5.87,19.07,1.47,32.27,30.0,30.0,70.11,191.39,198.05,571.9,14.71,0.0,4.9,,,,,,,,,,,,,,,,,,
2024,Operário-PR,8,55,Meio,12.0,0.16606984111002765,False,Rafael Oller,RWF,ED,29.0,1,28,0.0075125615883701,False,35,6,1.0,27.87,10544.86,542.58,397.25,16.15,80.74,3.23,25.84,3.23,35.53,30.7,30.7,162.95,356.1,318.32,375.61,30.26,3.78,15.13,,,,,,,,,,,,,,,,,,
2024,Operário-PR,8,55,Meio,12.0,0.16606984111002765,False,João Botão,RWB,LD,18.0,1,28,0.0075125615883701,False,36,5,1.0,27.87,10154.07,842.94,532.89,25.84,119.5,12.92,22.61,0.0,48.44,30.0,30.0,276.63,356.1,416.84,502.44,34.05,3.78,11.35,,,,,,,,,,,,,,,,,,
2024,Operário-PR,8,55,Meio,12.0,0.16606984111002765,False,Rafhael Lucas,AMF,MEI,31.0,1,27,0.0072442558173569,False,37,3,1.0,26.55,10101.69,359.32,54.24,3.39,40.68,3.39,13.56,0.0,33.9,25.1,25.1,25.47,42.02,198.11,217.12,28.3,2.83,14.15,,,,,,,,,,,,,,,,,,
2024,Operário-PR,8,55,Meio,12.0,0.16606984111002765,False,Zé Pagliarini,LCMF,MED,20.0,1,8,0.0021464461681057,False,38,4,1.0,7.87,10525.42,880.93,308.9,11.44,68.64,11.44,34.32,0.0,68.64,24.5,24.5,,,,,78.43,0.0,0.0,,,,,,,,,,,,,,,,,,
2024,Paysandu,12,50,Meio,10.0,-0.03216267359260172,False,João Vieira,"RDMF, LDMF, RCMF",VOL,26.0,35,3364,0.8720982300676392,True,1,1,34.0,3273.18,9908.51,561.36,164.06,7.97,54.66,4.37,12.13,0.66,32.31,28.26,30.24,62.6,151.67,238.4,489.91,24.32,3.16,6.24,40.0,82.0,88.0,85.0,80.0,28.0,35.0,60.0,52.0,82.0,70.0,90.0,92.0,82.0,88.0,68.0,92.0,90.0
2024,Paysandu,12,50,Meio,10.0,-0.03216267359260172,False,Lucas Maia,"LCB, LB",ZE,31.0,29,2775,0.7194032664796964,True,2,1,28.0,2681.28,9139.03,380.65,102.31,5.57,40.25,5.3,11.08,0.37,21.68,28.05,30.24,31.92,96.05,120.84,346.9,11.49,0.66,1.22,78.0,81.0,61.0,61.0,72.0,72.0,78.0,6.0,83.0,29.0,43.0,61.0,78.0,78.0,100.0,83.0,86.0,83.0
2024,Paysandu,12,50,Meio,10.0,-0.03216267359260172,False,Edílson,RB,LD,29.0,31,2601,0.6742947373382668,True,3,1,30.0,2527.5,9566.94,606.29,211.8,10.08,61.99,8.4,19.51,1.53,27.77,29.05,30.92,130.26,125.71,344.15,412.1,30.66,2.19,4.83,33.0,71.0,56.0,44.0,48.0,71.0,75.0,50.0,29.0,41.0,62.0,60.0,50.0,73.0,83.0,75.0,71.0,75.0
2024,Paysandu,12,50,Meio,10.0,-0.03216267359260172,False,Kevyn,LB,LE,26.0,31,2407,0.6240013197897764,True,4,1,30.0,2316.3,9751.09,669.74,271.46,14.07,75.23,8.7,20.32,2.02,35.13,29.28,31.74,125.14,219.9,344.32,492.11,25.33,3.33,6.51,70.0,93.0,95.0,98.0,95.0,80.0,86.0,70.0,86.0,62.0,80.0,57.0,100.0,75.0,95.0,64.0,95.0,84.0
2024,Paysandu,12,50,Meio,10.0,-0.03216267359260172,False,Y. Quintana,"RCB, LCB",ZD,28.0,23,2143,0.5555607928165728,False,5,1,23.0,2145.44,8670.61,320.07,89.06,5.12,34.4,4.66,9.52,0.29,16.19,28.57,30.58,20.2,88.68,93.59,291.73,4.6,0.16,0.1,33.0,54.0,37.0,50.0,50.0,49.0,37.0,11.0,26.0,55.0,57.0,20.0,61.0,35.0,80.0,13.0,48.0,28.0
2024,Paysandu,12,50,Meio,10.0,-0.03216267359260172,False,E. Garcia,"LAMF, LW, LWF",EE,24.0,31,1763,0.4570479130824161,False,6,1,30.0,1697.7,9485.17,522.26,140.64,7.58,58.79,6.63,17.12,1.06,35.46,27.47,29.7,73.65,90.94,292.0,362.55,30.22,6.13,12.99,27.0,20.0,7.0,9.0,18.0,18.0,23.0,9.0,27.0,9.0,18.0,7.0,30.0,11.0,66.0,27.0,64.0,36.0
2024,Paysandu,12,50,Meio,10.0,-0.03216267359260172,False,Jean Dias,"RAMF, LAMF, RW",ED,33.0,28,1516,0.3930145412552143,False,7,1,27.0,1452.33,9912.21,638.59,238.29,12.33,70.59,7.13,18.47,1.24,39.04,29.18,31.38,170.02,125.44,427.23,391.13,34.23,5.52,10.35,52.0,58.0,50.0,54.0,46.0,32.0,44.0,24.0,48.0,56.0,66.0,54.0,62.0,66.0,74.0,40.0,58.0,24.0
2024,Paysandu,12,50,Meio,10.0,-0.03216267359260172,False,Leandro Vilela,"RCMF, LCMF, RDMF",MED,29.0,24,1488,0.3857556974853291,False,8,1,23.0,1402.31,10142.95,532.34,82.67,4.43,46.41,3.85,11.81,0.0,32.99,26.13,28.3,19.23,87.54,134.38,569.78,18.0,1.32,3.7,34.0,58.0,13.0,15.0,24.0,15.0,21.0,4.0,42.0,10.0,18.0,3.0,58.0,8.0,100.0,8.0,32.0,27.0
2024,Paysandu,12,50,Meio,10.0,-0.03216267359260172,False,B. Borasi,"LAMF, RAMF, LW",EE,26.0,16,1335,0.3460913011713134,False,9,2,16.0,1335.52,9883.74,617.38,255.35,13.88,78.38,7.75,20.42,1.62,48.12,29.56,31.24,198.81,105.88,402.98,341.02,36.61,7.74,16.7,61.0,57.0,52.0,59.0,59.0,55.0,59.0,41.0,98.0,55.0,55.0,68.0,45.0,59.0,50.0,64.0,91.0,80.0
2024,Paysandu,12,50,Meio,10.0,-0.03216267359260172,False,Ruan Ribeiro,"CF, RW",CA,20.0,22,1235,0.320166859136009,False,10,1,22.0,1235.74,9317.04,639.66,324.49,17.7,85.07,9.98,22.0,2.55,42.46,30.1,32.1,159.73,262.8,346.5,456.18,33.47,7.94,17.58,32.0,86.0,96.0,97.0,96.0,89.0,93.0,89.0,92.0,86.0,84.0,77.0,99.0,75.0,88.0,64.0,52.0,41.0
2024,Paysandu,12,50,Meio,10.0,-0.03216267359260172,False,Paulinho Bóia,"RAMF, LAMF, RW",ED,26.0,18,1198,0.3105748155829464,False,11,2,16.0,1161.44,8854.74,538.85,291.28,13.95,72.76,9.07,19.53,3.72,33.55,30.98,32.28,181.07,180.7,331.89,350.38,24.96,1.86,7.12,2.0,22.0,80.0,66.0,54.0,62.0,64.0,94.0,22.0,92.0,84.0,62.0,86.0,20.0,54.0,6.0,2.0,6.0
2024,Paysandu,12,50,Meio,10.0,-0.03216267359260172,False,Val Soares,"LDMF, AMF, LCMF",VOL,27.0,19,1073,0.2781692630388159,False,12,2,18.0,1065.24,10350.79,569.27,126.39,6.0,51.62,5.32,13.6,0.59,34.72,27.1,29.04,49.31,105.21,304.54,454.14,38.89,1.23,4.69,72.0,85.0,62.0,50.0,68.0,72.0,50.0,49.0,72.0,38.0,42.0,65.0,60.0,95.0,78.0,100.0,61.0,78.0
2024,Paysandu,12,50,Meio,10.0,-0.03216267359260172,False,Netinho,"RDMF, LDMF, AMF",VOL,26.0,27,1021,0.2646885531804577,False,13,3,25.0,993.75,9757.64,505.92,143.01,6.97,54.07,6.52,14.31,0.91,27.53,27.33,30.52,62.82,109.23,247.36,386.23,26.24,1.99,4.6,30.0,70.0,78.0,65.0,72.0,88.0,57.0,75.0,35.0,50.0,80.0,92.0,65.0,88.0,45.0,75.0,82.0,72.0
2024,Paysandu,12,50,Meio,10.0,-0.03216267359260172,False,J. Cazares,"AMF, CF",MEI,32.0,15,902,0.2338384671584454,False,14,1,14.0,829.9200000000001,9347.33,385.54,88.71,4.45,38.39,4.88,10.52,0.43,24.62,27.11,28.36,45.07,58.13,197.71,316.47,28.05,3.8,10.37,17.0,11.0,39.0,39.0,22.0,39.0,22.0,33.0,17.0,44.0,33.0,33.0,39.0,22.0,67.0,33.0,56.0,56.0
2024,Paysandu,12,50,Meio,10.0,-0.03216267359260172,False,Matheus Trindade,"LCMF, LDMF, RDMF",MED,28.0,12,840,0.2177653130965567,False,15,2,12.0,841.3199999999999,10468.91,514.24,74.99,4.39,45.47,3.85,10.7,0.53,32.95,26.52,28.46,24.57,67.91,146.36,490.12,25.79,1.53,2.37,66.0,45.0,5.0,10.0,19.0,15.0,11.0,35.0,40.0,16.0,21.0,5.0,23.0,16.0,92.0,37.0,37.0,14.0
2024,Paysandu,12,50,Meio,10.0,-0.03216267359260172,False,Carlão,"RCB, LCB",ZD,23.0,9,744,0.1928778487426645,False,16,2,8.0,649.6,8653.63,391.39,125.66,6.23,41.98,6.51,12.47,0.42,19.26,27.49,29.24,50.9,112.89,158.5,353.87,10.94,0.71,0.88,30.0,89.0,78.0,76.0,83.0,93.0,91.0,18.0,61.0,22.0,17.0,91.0,83.0,91.0,96.0,85.0,98.0,93.0
2024,Paysandu,12,50,Meio,10.0,-0.03216267359260172,False,Edinho,"RAMF, RW, RWF",ED,29.0,14,714,0.1851005161320732,False,17,3,13.0,687.18,9392.07,499.7,217.56,12.05,67.59,7.99,15.72,1.96,34.45,28.7,30.76,155.12,95.08,340.94,271.6,35.01,4.17,10.16,24.0,10.0,44.0,48.0,38.0,52.0,17.0,50.0,28.0,39.0,46.0,44.0,36.0,26.0,14.0,48.0,34.0,20.0
2024,Paysandu,12,50,Meio,10.0,-0.03216267359260172,False,Luan Freitas,"LDMF, RCB, LCMF",VOL,23.0,12,686,0.177841672362188,False,18,4,12.0,685.5600000000001,9509.47,436.13,152.42,7.48,49.49,6.56,15.49,2.49,31.11,28.8,31.14,55.57,135.99,156.0,379.64,10.14,0.35,0.7,10.0,40.0,82.0,75.0,60.0,90.0,78.0,100.0,48.0,95.0,92.0,82.0,88.0,48.0,40.0,5.0,28.0,22.0
2024,Paysandu,12,50,Meio,10.0,-0.03216267359260172,False,Y. González,"CF, RAMF, LW",CA,30.0,7,473,0.1226226108269896,False,19,2,7.0,472.85,8734.98,483.09,183.87,10.66,60.72,7.61,15.23,1.71,33.69,30.17,30.88,115.91,103.33,317.2,273.74,27.62,8.14,15.04,8.0,29.0,53.0,61.0,47.0,49.0,38.0,58.0,49.0,87.0,67.0,52.0,58.0,51.0,31.0,29.0,53.0,24.0
2024,Paysandu,12,50,Meio,10.0,-0.03216267359260172,False,Michel Macedo,RB,LD,34.0,9,382,0.0990313685748627,False,20,2,8.0,362.72,9554.65,566.72,204.71,9.43,61.29,9.18,21.59,1.49,27.79,27.65,28.78,133.07,119.56,352.53,373.84,33.15,1.97,3.61,31.0,48.0,46.0,33.0,44.0,88.0,92.0,45.0,31.0,15.0,12.0,65.0,44.0,81.0,65.0,88.0,67.0,48.0
2024,Paysandu,12,50,Meio,10.0,-0.03216267359260172,False,Gabriel Santos,"CF, RAMF, RCMF",CA,25.0,8,215,0.0557375503759044,False,21,3,8.0,215.28,10193.4,699.82,395.9,20.07,95.73,7.52,20.07,2.09,37.62,32.14,33.54,227.29,259.48,468.81,375.0,45.38,7.47,25.27,89.0,91.0,100.0,99.0,98.0,45.0,83.0,75.0,72.0,100.0,99.0,95.0,98.0,98.0,73.0,100.0,44.0,88.0
2024,Paysandu,12,50,Meio,10.0,-0.03216267359260172,False,Fraga,"LDMF, RCMF, LCMF",VOL,27.0,7,174,0.0451085291414296,False,22,5,7.0,174.58,11046.46,718.25,166.54,7.73,68.06,6.7,19.08,2.06,66.51,27.61,28.36,54.24,132.97,354.66,519.56,38.34,2.5,5.83,100.0,100.0,90.0,80.0,98.0,92.0,92.0,95.0,100.0,60.0,25.0,78.0,85.0,100.0,98.0,98.0,85.0,85.0
2024,Paysandu,12,50,Meio,10.0,-0.03216267359260172,False,Biel,"CF, RCMF, LDMF",CA,22.0,3,152,0.0394051518936626,False,23,4,3.0,151.68,10101.04,704.3,134.1,8.31,69.42,8.9,22.55,0.0,34.41,26.93,26.93,44.42,122.62,292.21,570.94,40.3,7.01,15.19,,,,,,,,,,,,,,,,,,
2024,Paysandu,12,50,Meio,10.0,-0.03216267359260172,False,Crystopher,"AMF, DMF, LCMF",MEI,26.0,4,122,0.0316278192830713,False,24,2,4.0,123.44,10186.79,578.21,130.52,6.56,53.23,5.1,16.77,0.73,37.92,27.07,27.07,47.1,123.59,247.1,504.15,37.03,4.63,13.11,,,,,,,,,,,,,,,,,,
2024,Paysandu,12,50,Meio,10.0,-0.03216267359260172,False,J. Tagueu,"CF, AMF",CA,30.0,5,109,0.0282576418184817,False,25,5,5.0,109.9,9138.15,468.5,117.94,7.37,52.42,8.19,17.2,2.46,40.95,27.08,27.08,40.37,135.45,134.86,509.7,23.83,12.83,19.25,22.0,25.0,20.0,26.0,24.0,70.0,62.0,86.0,87.0,14.0,2.0,3.0,75.0,2.0,97.0,13.0,94.0,55.0
2024,Paysandu,12,50,Meio,10.0,-0.03216267359260172,False,Brendon,"AMF, LWF",MEI,22.0,4,96,0.0248874643538922,False,26,3,4.0,95.28,10577.09,481.72,160.57,4.72,42.5,5.67,12.28,1.89,21.72,29.35,29.35,116.13,72.89,237.63,358.51,36.53,3.22,8.6,,,,,,,,,,,,,,,,,,
2024,Paysandu,12,50,Meio,10.0,-0.03216267359260172,False,Vinícius Leite,"LW, LAMF",EE,30.0,3,74,0.0191840871061252,False,27,3,3.0,74.19,9425.43,573.85,121.32,6.07,57.02,7.28,19.41,1.21,32.76,25.97,25.97,81.01,71.46,264.09,467.86,21.04,0.0,4.85,,,,,,,,,,,,,,,,,,
2024,Paysandu,12,50,Meio,10.0,-0.03216267359260172,False,Carlos Maia,AMF,MEI,23.0,1,56,0.0145176875397704,False,28,4,1.0,55.85,10140.91,517.28,51.57,1.61,45.12,4.83,14.5,0.0,32.23,26.1,26.1,3.11,38.92,180.16,454.05,17.07,0.0,4.66,,,,,,,,,,,,,,,,,,
2024,Paysandu,12,50,Meio,10.0,-0.03216267359260172,False,Keffel,LB,LE,24.0,1,55,0.0142584431194174,False,29,2,1.0,54.6,9430.22,721.98,347.8,21.43,92.31,13.19,16.48,4.95,26.37,29.8,29.8,143.52,344.44,259.14,747.22,21.91,1.99,3.98,,,,,,,,,,,,,,,,,,
2024,Ponte Preta,17,38,Cai,19.0,-0.20002465159252303,False,Igor Inocêncio,"RB, LB",LD,26.0,31,2674,0.705591671264423,True,1,1,31.0,2677.78,9945.22,546.62,170.23,8.87,57.81,5.81,15.73,1.18,31.22,28.43,30.18,90.18,105.02,302.2,339.7,27.85,1.9,5.16,77.0,42.0,23.0,25.0,19.0,2.0,23.0,30.0,58.0,25.0,42.0,25.0,31.0,40.0,37.0,65.0,65.0,79.0
2024,Ponte Preta,17,38,Cai,19.0,-0.20002465159252303,False,Élvis,"CF, AMF",CA,33.0,32,2537,0.669441312639432,True,2,1,32.0,2540.16,8879.71,249.4,48.89,1.91,23.35,4.11,8.01,0.14,17.93,25.59,28.26,28.83,27.03,134.49,164.35,14.38,1.66,5.5,13.0,1.0,1.0,1.0,1.0,1.0,1.0,6.0,1.0,2.0,11.0,1.0,2.0,1.0,2.0,1.0,1.0,1.0
2024,Ponte Preta,17,38,Cai,19.0,-0.20002465159252303,False,Castro,"RDMF, RCMF, LCB",VOL,29.0,27,2522,0.6654832441768418,True,3,1,27.0,2526.39,9800.96,442.88,119.66,6.84,47.88,5.02,15.14,0.96,34.56,27.74,29.78,37.12,101.71,161.08,357.81,16.46,1.35,4.1,35.0,45.0,55.0,62.0,48.0,66.0,70.0,79.0,70.0,65.0,65.0,55.0,55.0,52.0,30.0,38.0,65.0,70.0
2024,Ponte Preta,17,38,Cai,19.0,-0.20002465159252303,False,Emerson Santos,"DMF, LDMF, LCMF",VOL,32.0,33,2349,0.6198335212416342,True,4,2,32.0,2350.08,9541.75,327.69,74.71,3.94,34.47,5.17,13.06,0.65,27.5,26.84,29.66,26.5,55.01,91.31,283.3,11.53,0.38,0.9,12.0,10.0,14.0,18.0,12.0,70.0,40.0,57.0,32.0,30.0,60.0,32.0,8.0,8.0,10.0,15.0,35.0,26.0
2024,Ponte Preta,17,38,Cai,19.0,-0.20002465159252303,False,G. Risso,LB,LE,28.0,26,2205,0.5818360640007677,False,5,1,26.0,2210.26,9346.32,507.9,225.73,11.81,65.47,8.22,20.36,2.93,28.66,30.4,32.58,136.96,116.81,270.73,301.11,24.96,0.51,3.48,32.0,32.0,66.0,69.0,64.0,70.0,89.0,95.0,55.0,89.0,93.0,73.0,59.0,43.0,23.0,57.0,14.0,32.0
2024,Ponte Preta,17,38,Cai,19.0,-0.20002465159252303,False,Gabriel Novaes,"CF, LAMF, LWF",CA,25.0,26,2175,0.5739199270755871,False,6,2,26.0,2177.24,9432.86,465.43,219.69,11.95,64.77,6.78,16.41,1.86,35.55,30.58,32.64,187.49,75.92,343.77,215.25,32.77,6.1,17.32,43.0,23.0,67.0,72.0,60.0,25.0,53.0,65.0,58.0,91.0,92.0,85.0,34.0,73.0,12.0,57.0,27.0,37.0
2024,Ponte Preta,17,38,Cai,19.0,-0.20002465159252303,False,Sérgio Raphael,LCB,ZE,31.0,23,2087,0.5506992587617243,False,7,1,23.0,2088.86,9056.85,348.74,112.03,5.99,41.58,6.76,11.25,1.25,23.44,29.12,31.36,31.45,86.09,115.64,250.63,8.7,0.13,0.13,69.0,72.0,69.0,67.0,81.0,100.0,83.0,89.0,92.0,69.0,75.0,58.0,64.0,64.0,47.0,72.0,33.0,28.0
2024,Ponte Preta,17,38,Cai,19.0,-0.20002465159252303,False,Dodô,"LW, LWF, RW",EE,23.0,33,2029,0.535394727373042,False,8,1,34.0,2098.82,9950.95,650.97,226.85,13.29,77.88,7.8,20.03,1.33,44.17,28.65,30.96,123.54,147.01,423.18,359.48,41.17,6.83,16.19,68.0,61.0,34.0,50.0,57.0,57.0,52.0,25.0,91.0,30.0,48.0,27.0,75.0,75.0,61.0,89.0,80.0,66.0
2024,Ponte Preta,17,38,Cai,19.0,-0.20002465159252303,False,Mateus Silva,RCB,ZD,29.0,21,1966,0.5187708398301629,False,9,1,21.0,1968.96,8724.35,303.23,75.14,4.3,31.95,5.35,11.24,0.78,17.92,27.21,28.72,15.95,68.41,107.18,226.3,8.55,0.0,0.31,39.0,46.0,26.0,30.0,35.0,74.0,72.0,53.0,46.0,7.0,11.0,7.0,30.0,57.0,24.0,63.0,16.0,54.0
2024,Ponte Preta,17,38,Cai,19.0,-0.20002465159252303,False,Iago Dias,"LW, CF, LAMF",EE,31.0,31,1818,0.479717897665939,False,10,2,31.0,1819.7,9308.77,577.85,236.77,12.12,72.21,10.83,22.01,2.32,32.79,29.84,32.86,179.93,105.82,371.06,315.54,33.58,7.09,16.44,20.0,38.0,48.0,34.0,36.0,92.0,80.0,57.0,20.0,64.0,91.0,52.0,43.0,43.0,27.0,48.0,84.0,68.0
2024,Ponte Preta,17,38,Cai,19.0,-0.20002465159252303,False,Matheus Régis,"RAMF, RW",ED,24.0,30,1692,0.4464701225801809,False,11,1,30.0,1693.5,10677.33,787.77,280.2,16.37,92.16,7.55,20.89,2.07,60.32,28.7,31.16,201.64,134.2,524.57,407.85,47.62,10.32,22.18,98.0,98.0,70.0,86.0,90.0,42.0,82.0,56.0,100.0,39.0,56.0,68.0,64.0,92.0,84.0,98.0,100.0,98.0
2024,Ponte Preta,17,38,Cai,19.0,-0.20002465159252303,False,Jeh,CF,CA,24.0,18,1638,0.432221076114856,False,12,3,18.0,1638.72,8630.23,391.17,218.82,10.38,53.94,7.85,14.5,2.31,23.62,30.86,32.44,182.9,84.6,287.7,189.61,25.67,6.31,15.99,7.0,6.0,66.0,56.0,29.0,59.0,29.0,84.0,5.0,95.0,87.0,82.0,43.0,34.0,3.0,16.0,31.0,34.0
2024,Ponte Preta,17,38,Cai,19.0,-0.20002465159252303,False,Joílson,"RCB, LCB",ZD,33.0,15,1417,0.3739055340993595,False,13,2,15.0,1419.75,8585.81,298.69,91.66,4.69,33.28,5.07,10.97,0.25,18.07,28.57,30.2,23.98,80.34,80.54,254.24,4.93,0.36,0.36,28.0,43.0,46.0,39.0,39.0,63.0,64.0,5.0,50.0,55.0,43.0,33.0,50.0,17.0,54.0,18.0,88.0,63.0
2024,Ponte Preta,17,38,Cai,19.0,-0.20002465159252303,False,Ramon,"LCMF, LDMF",MED,27.0,22,1156,0.3050351428502891,False,14,1,22.0,1157.2,9868.83,493.0,126.38,7.39,54.99,6.14,15.24,0.78,35.54,26.53,28.82,66.33,78.04,299.98,292.92,34.25,5.32,9.52,16.0,39.0,50.0,60.0,63.0,84.0,69.0,70.0,56.0,18.0,36.0,52.0,34.0,69.0,13.0,77.0,92.0,73.0
2024,Ponte Preta,17,38,Cai,19.0,-0.20002465159252303,False,Dudu Vieira,"RDMF, RB, RCMF",VOL,30.0,14,1084,0.2860364142298559,False,15,3,14.0,1084.3,10258.12,599.4,167.76,10.29,67.98,7.22,22.33,1.33,36.44,28.24,29.76,77.21,115.7,255.03,421.93,26.23,2.68,5.07,70.0,90.0,92.0,98.0,95.0,95.0,98.0,90.0,85.0,80.0,62.0,95.0,70.0,90.0,68.0,72.0,90.0,80.0
2024,Ponte Preta,17,38,Cai,19.0,-0.20002465159252303,False,Éverton Brito,"RAMF, LAMF, RW",ED,29.0,18,1063,0.2804951183822295,False,16,2,18.0,1065.24,9971.71,627.7,205.66,10.48,68.36,6.59,18.93,1.1,49.94,28.06,30.32,148.03,84.56,432.71,322.68,39.02,8.36,16.41,54.0,50.0,32.0,26.0,40.0,20.0,47.0,13.0,94.0,19.0,30.0,36.0,24.0,68.0,34.0,82.0,94.0,80.0
2024,Ponte Preta,17,38,Cai,19.0,-0.20002465159252303,False,Luiz Felipe,RB,LD,26.0,13,980,0.2585938062225634,False,17,2,13.0,981.5,9715.58,520.11,191.37,11.0,67.58,7.52,20.27,1.83,31.36,29.75,30.72,98.64,117.17,290.26,314.55,22.31,0.17,1.36,50.0,27.0,33.0,56.0,67.0,44.0,81.0,62.0,62.0,75.0,54.0,31.0,40.0,37.0,23.0,19.0,4.0,12.0
2024,Ponte Preta,17,38,Cai,19.0,-0.20002465159252303,False,João Gabriel,"RB, LB",LD,19.0,14,971,0.2562189651450092,False,18,3,14.0,971.88,9453.06,518.92,135.38,7.5,53.52,7.69,15.65,1.11,31.3,27.46,29.02,59.58,97.88,291.89,323.87,24.09,0.78,2.97,25.0,25.0,12.0,12.0,13.0,54.0,21.0,25.0,60.0,12.0,16.0,10.0,25.0,38.0,29.0,27.0,21.0,37.0
2024,Ponte Preta,17,38,Cai,19.0,-0.20002465159252303,False,Nilson Júnior,LCB,ZE,32.0,9,812,0.2142634394415525,False,19,2,8.0,785.2,8774.81,329.99,100.98,6.3,39.89,4.93,10.43,1.03,19.14,28.96,29.64,18.43,80.78,105.92,237.23,3.98,0.0,0.0,36.0,67.0,53.0,78.0,69.0,47.0,58.0,75.0,67.0,58.0,25.0,17.0,44.0,53.0,31.0,11.0,14.0,8.0
2024,Ponte Preta,17,38,Cai,19.0,-0.20002465159252303,False,Renato,"CF, RW, RAMF",CA,34.0,17,678,0.1789046945090796,False,20,4,17.0,679.32,9609.54,600.93,202.96,10.86,67.7,8.61,18.55,1.59,39.88,28.25,30.22,152.34,99.73,407.3,319.42,36.22,8.64,20.38,56.0,77.0,62.0,63.0,64.0,78.0,73.0,54.0,83.0,39.0,46.0,72.0,55.0,92.0,59.0,75.0,62.0,64.0
2024,Ponte Preta,17,38,Cai,19.0,-0.20002465159252303,False,L. Haquín,"RCB, CB",ZD,26.0,7,603,0.1591143521961283,False,21,3,7.0,604.1700000000001,8900.04,244.61,72.1,3.58,25.03,3.13,6.11,0.0,18.03,27.34,28.12,17.62,54.37,86.92,163.42,7.14,0.0,0.0,63.0,7.0,24.0,13.0,4.0,2.0,2.0,2.0,48.0,17.0,4.0,11.0,7.0,24.0,2.0,50.0,16.0,10.0
2024,Ponte Preta,17,38,Cai,19.0,-0.20002465159252303,False,Hudson,"RCMF, LCMF",MED,23.0,10,522,0.1377407824981409,False,22,2,10.0,522.3,10321.29,471.81,137.17,7.07,52.9,4.48,14.47,0.34,43.94,27.69,29.08,78.24,82.82,232.84,306.93,20.59,0.53,2.94,55.0,31.0,53.0,58.0,50.0,34.0,61.0,16.0,85.0,61.0,44.0,71.0,44.0,44.0,19.0,19.0,15.0,21.0
2024,Ponte Preta,17,38,Cai,19.0,-0.20002465159252303,False,Heitor Roca,LB,LE,26.0,6,419,0.1105620457216878,False,23,2,6.0,418.44,10160.54,619.45,277.89,15.49,77.65,9.03,18.5,2.58,36.35,31.02,31.28,235.38,114.41,408.78,320.34,29.38,1.88,7.19,93.0,80.0,98.0,100.0,98.0,89.0,70.0,89.0,91.0,95.0,70.0,98.0,52.0,91.0,34.0,84.0,80.0,93.0
2024,Ponte Preta,17,38,Cai,19.0,-0.20002465159252303,False,Edson,"RB, RCB, LCB",LD,21.0,4,203,0.0535658598603881,False,24,4,4.0,203.28,8979.93,379.86,213.84,9.74,50.47,8.41,15.94,1.77,26.56,29.6,29.6,49.98,204.49,127.35,325.25,4.28,0.86,0.86,,,,,,,,,,,,,,,,,,
2024,Ponte Preta,17,38,Cai,19.0,-0.20002465159252303,False,Jean Carlos,"LAMF, LB, LCB",EE,21.0,5,125,0.0329839038549188,False,25,3,5.0,125.45,9686.0,510.73,208.74,10.76,60.26,8.61,20.09,0.72,28.69,27.64,27.64,76.73,153.38,235.75,356.39,29.07,2.33,6.98,45.0,14.0,27.0,27.0,20.0,65.0,55.0,2.0,9.0,16.0,5.0,9.0,77.0,2.0,57.0,23.0,8.0,5.0
2024,Ponte Preta,17,38,Cai,19.0,-0.20002465159252303,False,Thomás Luciano,RB,LD,22.0,3,119,0.0314006764698827,False,26,5,3.0,118.86,9298.57,427.03,206.7,9.84,50.73,8.33,17.41,1.51,24.23,29.6,29.6,118.92,127.89,188.11,308.63,16.09,0.0,0.0,,,,,,,,,,,,,,,,,,
2024,Ponte Preta,17,38,Cai,19.0,-0.20002465159252303,False,Venícius,CF,CA,25.0,3,107,0.0282342216998104,False,27,5,3.0,107.28,10153.21,741.59,200.5,7.55,62.92,5.03,15.1,0.0,45.3,27.83,27.83,117.6,127.39,297.28,547.87,38.83,4.85,29.13,,,,,,,,,,,,,,,,,,
2024,Ponte Preta,17,38,Cai,19.0,-0.20002465159252303,False,Guilherme Portuga,"AMF, LCMF, RW",MEI,26.0,4,94,0.0248038956988989,False,28,1,3.0,90.51,10420.18,423.57,139.2,5.97,47.73,3.98,10.94,0.0,36.79,27.9,27.9,84.01,108.59,217.43,342.23,30.96,3.57,10.72,,,,,,,,,,,,,,,,,,
2024,Ponte Preta,17,38,Cai,19.0,-0.20002465159252303,False,Guilherme Beléa,"LAMF, LW, RAMF",EE,23.0,4,67,0.0176793724662364,False,29,4,4.0,67.0,10342.05,577.47,329.02,8.06,65.8,10.74,20.14,1.34,41.63,30.1,30.1,191.83,170.08,354.98,260.43,22.22,0.0,10.1,,,,,,,,,,,,,,,,,,
2024,Ponte Preta,17,38,Cai,19.0,-0.20002465159252303,False,Kauã,CF,CA,17.0,2,44,0.0116103341569314,False,30,6,2.0,44.04,9806.66,472.14,75.62,4.09,51.1,8.18,18.4,0.0,32.7,24.35,24.35,32.89,57.48,188.37,450.76,2.98,0.0,2.98,,,,,,,,,,,,,,,,,,
2024,Santos,1,68,Sobe,1.0,0.03842289319675163,False,Gil,"LCB, RCB",ZE,37.0,34,3417,0.8922094568932776,True,1,1,34.0,3421.08,8056.16,247.28,66.11,3.13,24.94,4.1,8.39,0.39,12.79,28.05,30.72,23.33,48.9,74.44,206.57,3.72,0.44,0.54,3.0,3.0,8.0,6.0,6.0,8.0,14.0,14.0,3.0,29.0,58.0,31.0,8.0,11.0,11.0,6.0,81.0,64.0
2024,Santos,1,68,Sobe,1.0,0.03842289319675163,False,Diego Pituca,"RCMF, RDMF, LCMF",MED,31.0,36,3416,0.8919483478921382,True,2,1,36.0,3421.44,10501.07,505.61,152.07,7.47,50.66,2.92,8.81,0.55,28.59,28.68,30.66,56.14,130.07,214.43,393.87,26.09,2.78,6.74,68.0,40.0,69.0,61.0,39.0,2.0,2.0,39.0,13.0,90.0,89.0,37.0,90.0,37.0,63.0,39.0,56.0,48.0
2024,Santos,1,68,Sobe,1.0,0.03842289319675163,False,Gonzalo Escobar,LB,LE,27.0,33,3172,0.8282377516141284,True,3,1,30.0,2868.3,10276.16,685.76,208.36,12.3,73.3,7.12,18.11,1.51,45.94,28.99,30.46,111.1,132.36,383.33,413.33,35.98,2.03,5.56,95.0,95.0,59.0,75.0,89.0,43.0,68.0,55.0,100.0,48.0,47.0,45.0,80.0,86.0,93.0,95.0,89.0,75.0
2024,Santos,1,68,Sobe,1.0,0.03842289319675163,False,João Schmidt,"LDMF, LCMF, RDMF",VOL,31.0,33,3154,0.8235377895936195,True,4,1,33.0,3156.12,10030.61,452.56,81.64,4.31,42.8,3.76,10.89,0.26,33.48,26.72,28.54,19.01,78.92,129.39,417.45,23.46,0.19,0.68,52.0,50.0,30.0,20.0,35.0,15.0,18.0,10.0,60.0,25.0,30.0,12.0,30.0,42.0,65.0,60.0,18.0,20.0
2024,Santos,1,68,Sobe,1.0,0.03842289319675163,False,Guilherme,"LAMF, LW",EE,29.0,31,2824,0.7373718192176224,True,5,1,31.0,2825.34,9790.68,645.25,289.43,15.74,82.66,10.83,21.85,3.6,40.71,30.71,32.36,207.95,124.28,403.71,336.75,36.1,6.38,16.53,52.0,59.0,77.0,80.0,80.0,92.0,75.0,86.0,59.0,86.0,78.0,73.0,59.0,61.0,48.0,59.0,73.0,73.0
2024,Santos,1,68,Sobe,1.0,0.03842289319675163,False,Giuliano,"AMF, CF",MEI,34.0,29,2404,0.6277060387390808,True,6,1,29.0,2404.1000000000004,9883.6,421.46,66.45,3.44,39.38,4.57,13.78,0.26,31.07,26.12,27.94,42.32,31.15,265.64,218.57,35.21,7.18,15.81,39.0,33.0,17.0,22.0,28.0,22.0,78.0,22.0,56.0,22.0,22.0,28.0,11.0,44.0,6.0,67.0,100.0,100.0
2024,Santos,1,68,Sobe,1.0,0.03842289319675163,False,Rómulo Otero,"RW, RAMF, LW",ED,31.0,37,2374,0.6198727687048994,True,7,1,36.0,2358.72,9314.62,501.88,162.24,8.89,57.35,6.41,15.72,1.14,29.65,28.39,30.22,86.5,101.85,276.16,320.64,25.15,3.62,8.06,18.0,12.0,14.0,18.0,8.0,18.0,17.0,18.0,6.0,31.0,25.0,8.0,40.0,6.0,28.0,8.0,23.0,10.0
2024,Santos,1,68,Sobe,1.0,0.03842289319675163,False,João Pedro Chermont,RB,LD,18.0,31,2107,0.5501566654006836,False,8,1,28.0,1890.28,9755.18,641.65,266.95,13.71,75.56,9.09,20.19,2.48,36.14,29.76,31.78,175.59,130.86,340.37,397.8,34.92,2.31,7.18,56.0,81.0,92.0,90.0,94.0,87.0,79.0,90.0,85.0,78.0,85.0,96.0,58.0,71.0,75.0,100.0,73.0,94.0
2024,Santos,1,68,Sobe,1.0,0.03842289319675163,False,Jair Cunha,RCB,ZD,19.0,20,1909,0.4984570831750854,False,9,1,19.0,1907.98,8846.86,329.94,90.75,5.66,35.99,5.57,10.99,1.51,21.04,29.1,30.92,37.25,67.12,129.05,252.75,7.72,0.17,0.17,52.0,61.0,41.0,61.0,59.0,83.0,70.0,96.0,78.0,72.0,61.0,80.0,28.0,83.0,52.0,57.0,51.0,34.0
2024,Santos,1,68,Sobe,1.0,0.03842289319675163,False,W. Silva,CF,CA,23.0,16,1359,0.3548471325484238,False,10,1,16.0,1358.88,8854.1,486.13,278.3,13.64,71.06,8.34,20.33,1.85,34.17,31.38,32.58,135.92,180.76,252.18,301.03,27.05,8.22,17.49,12.0,32.0,87.0,84.0,74.0,75.0,87.0,64.0,54.0,98.0,89.0,65.0,95.0,14.0,46.0,25.0,54.0,40.0
2024,Santos,1,68,Sobe,1.0,0.03842289319675163,False,Julio Furch,CF,CA,34.0,28,1314,0.3430972274971515,False,11,2,28.0,1312.92,9328.26,516.86,127.64,7.06,55.66,7.54,16.25,0.21,28.93,26.78,29.48,80.82,61.66,324.46,294.61,37.16,13.75,24.73,34.0,47.0,23.0,22.0,35.0,46.0,48.0,7.0,27.0,9.0,27.0,22.0,19.0,60.0,37.0,80.0,97.0,86.0
2024,Santos,1,68,Sobe,1.0,0.03842289319675163,False,Joaquim,"LCB, RCB",ZE,25.0,12,1189,0.3104586023547284,False,12,2,12.0,1190.4,8789.79,334.78,101.84,5.9,36.06,5.52,9.22,0.68,17.01,29.23,31.46,40.41,65.93,127.11,246.85,8.11,0.45,0.45,44.0,69.0,58.0,64.0,47.0,86.0,25.0,39.0,36.0,75.0,81.0,75.0,22.0,83.0,39.0,50.0,83.0,58.0
2024,Santos,1,68,Sobe,1.0,0.03842289319675163,False,Willian,"CF, RAMF",CA,37.0,29,1150,0.3002753513102924,False,13,3,29.0,1148.69,9786.51,683.6,237.82,13.01,75.22,7.91,20.29,1.49,40.82,28.82,30.82,155.65,123.38,378.19,432.99,37.04,8.88,23.8,66.0,89.0,74.0,77.0,83.0,62.0,86.0,49.0,85.0,58.0,65.0,74.0,72.0,85.0,85.0,78.0,65.0,81.0
2024,Santos,1,68,Sobe,1.0,0.03842289319675163,False,Hayner,"RB, LB",LD,28.0,24,1015,0.2650256361564755,False,14,2,24.0,1013.76,9940.54,621.8,273.44,13.94,73.6,8.88,18.29,2.57,37.46,30.18,33.14,174.05,147.28,390.89,336.11,32.13,2.33,4.13,75.0,77.0,94.0,94.0,85.0,83.0,56.0,92.0,92.0,87.0,97.0,94.0,83.0,96.0,35.0,81.0,75.0,56.0
2024,Santos,1,68,Sobe,1.0,0.03842289319675163,False,Serginho,"AMF, RCMF, RAMF",MEI,33.0,19,1015,0.2650256361564755,False,15,2,16.0,890.08,10232.32,578.8,153.29,8.7,60.37,6.67,12.03,0.61,41.15,27.82,29.0,103.03,83.07,352.38,362.79,40.24,4.85,13.29,78.0,83.0,89.0,89.0,83.0,89.0,50.0,50.0,100.0,72.0,56.0,83.0,83.0,89.0,94.0,89.0,89.0,83.0
2024,Santos,1,68,Sobe,1.0,0.03842289319675163,False,Rodrigo Ferreira,"RB, LB",LD,29.0,21,861,0.2248148499810102,False,16,3,20.0,846.8000000000001,10185.17,653.09,239.02,12.22,69.4,8.93,17.54,2.76,28.8,28.61,30.84,131.08,146.4,329.41,399.43,31.13,2.97,7.35,92.0,87.0,75.0,77.0,79.0,85.0,44.0,96.0,38.0,29.0,58.0,62.0,81.0,60.0,79.0,77.0,87.0,96.0
2024,Santos,1,68,Sobe,1.0,0.03842289319675163,False,João Basso,"RCB, LCB",ZD,27.0,8,687,0.1793818837827573,False,17,2,8.0,688.0,8703.92,264.12,61.09,3.66,28.26,4.45,8.11,0.26,18.97,27.32,28.6,16.9,61.05,82.56,231.73,5.88,0.0,0.0,35.0,20.0,2.0,17.0,11.0,37.0,11.0,9.0,59.0,12.0,9.0,9.0,24.0,20.0,33.0,28.0,16.0,10.0
2024,Santos,1,68,Sobe,1.0,0.03842289319675163,False,Sandry,"RDMF, RCMF, LDMF",VOL,21.0,12,612,0.1597987086973034,False,18,2,12.0,611.64,10156.07,479.12,80.05,7.06,49.15,5.59,14.57,1.32,35.17,26.88,28.08,17.81,84.34,176.5,400.8,15.34,0.27,0.54,65.0,57.0,22.0,70.0,57.0,80.0,62.0,88.0,75.0,32.0,12.0,8.0,32.0,57.0,52.0,35.0,25.0,15.0
2024,Santos,1,68,Sobe,1.0,0.03842289319675163,False,Weslley Patati,"RW, RAMF",ED,20.0,13,566,0.1477876946448917,False,19,2,12.0,540.84,10529.94,711.84,287.86,15.81,89.85,9.48,19.97,3.0,58.9,29.62,31.14,174.51,155.34,419.91,373.85,36.94,5.1,12.99,88.0,84.0,74.0,82.0,88.0,72.0,70.0,84.0,98.0,69.0,54.0,58.0,82.0,62.0,66.0,66.0,52.0,58.0
2024,Santos,1,68,Sobe,1.0,0.03842289319675163,False,T. Rincón,"LDMF, LCMF, RCMF",VOL,36.0,14,474,0.1237656665400683,False,20,3,14.0,474.3200000000001,9573.35,429.06,78.56,4.55,38.9,4.93,14.8,0.19,24.86,25.71,28.04,29.84,61.98,187.54,352.27,27.74,2.6,3.9,18.0,32.0,20.0,25.0,25.0,60.0,66.0,5.0,20.0,5.0,10.0,42.0,20.0,65.0,28.0,82.0,88.0,65.0
2024,Santos,1,68,Sobe,1.0,0.03842289319675163,False,A. Morelos,CF,CA,28.0,6,369,0.0963492214204329,False,21,4,6.0,370.08,10130.75,532.34,145.18,7.54,51.31,5.84,11.43,1.46,28.7,28.08,28.58,80.88,81.55,260.85,322.19,31.32,9.66,18.99,86.0,55.0,29.0,29.0,21.0,8.0,3.0,46.0,25.0,35.0,13.0,23.0,39.0,19.0,63.0,47.0,74.0,53.0
2024,Santos,1,68,Sobe,1.0,0.03842289319675163,False,Souza,LB,LE,18.0,8,351,0.091649259399924,False,22,2,7.0,341.32,9439.52,662.84,232.28,12.66,70.66,7.38,18.98,1.05,27.95,27.9,28.94,136.86,148.48,349.2,494.52,35.94,1.73,5.53,41.0,91.0,70.0,80.0,77.0,52.0,75.0,27.0,48.0,14.0,7.0,70.0,93.0,80.0,98.0,93.0,73.0,73.0
2024,Santos,1,68,Sobe,1.0,0.03842289319675163,False,Luan Peres,LCB,ZE,29.0,5,328,0.0856437523737181,False,23,3,5.0,327.70000000000005,8277.14,280.68,80.47,5.49,35.7,6.04,11.81,0.82,17.03,29.1,29.1,17.54,74.49,73.09,258.23,1.67,0.0,0.0,6.0,17.0,28.0,53.0,44.0,94.0,92.0,58.0,39.0,64.0,14.0,14.0,33.0,8.0,56.0,3.0,14.0,8.0
2024,Santos,1,68,Sobe,1.0,0.03842289319675163,False,Aderlan,RB,LD,33.0,4,251,0.0655383592859855,False,24,4,4.0,251.28,9681.46,590.97,223.85,11.82,68.41,7.16,18.62,1.79,33.31,29.3,29.3,131.36,143.62,304.66,414.89,32.19,1.27,5.51,,,,,,,,,,,,,,,,,,
2024,Santos,1,68,Sobe,1.0,0.03842289319675163,False,Alex Nascimento,LCB,ZE,25.0,5,155,0.0404718951766046,False,25,4,4.0,153.96,8474.44,221.57,19.88,0.58,18.71,4.68,9.35,0.58,17.54,24.45,24.45,11.38,3.68,98.44,110.43,7.99,0.0,0.0,,,,,,,,,,,,,,,,,,
2024,Santos,1,68,Sobe,1.0,0.03842289319675163,False,Miguelito,"RAMF, RCMF, AMF",ED,20.0,5,133,0.0347274971515381,False,26,3,3.0,86.07000000000001,10427.73,577.23,184.04,9.41,74.24,4.18,14.64,1.05,51.24,28.27,28.27,87.73,116.67,298.29,470.0,42.38,5.85,11.69,,,,,,,,,,,,,,,,,,
2024,Santos,1,68,Sobe,1.0,0.03842289319675163,False,Enzo Monteiro,CF,CA,20.0,1,64,0.0167109760729206,False,27,5,1.0,63.93,10494.53,796.77,266.06,11.26,88.69,8.45,18.3,1.41,63.35,29.0,29.0,48.23,251.32,281.67,616.42,26.97,5.78,11.56,,,,,,,,,,,,,,,,,,
2024,Santos,1,68,Sobe,1.0,0.03842289319675163,False,B. Arce,"AMF, LCMF",MEI,26.0,2,50,0.0130554500569692,False,28,3,2.0,49.86,10272.99,859.09,149.8,10.83,79.41,5.41,19.85,3.61,52.34,26.3,26.3,11.68,238.48,276.92,898.37,45.03,3.34,13.34,,,,,,,,,,,,,,,,,,
2024,Santos,1,68,Sobe,1.0,0.03842289319675163,False,Hyan,RCMF,MED,20.0,1,32,0.0083554880364603,False,29,2,1.0,31.73,8602.0,255.25,53.89,5.67,36.87,5.67,14.18,5.67,42.54,27.8,27.8,37.5,56.69,237.5,237.4,49.79,12.45,24.9,,,,,,,,,,,,,,,,,,
2024,Santos,1,68,Sobe,1.0,0.03842289319675163,False,Alison,"RDMF, RW",VOL,31.0,1,26,0.006788834029624,False,30,4,1.0,26.33,8383.67,283.67,3.42,0.0,23.92,3.42,13.67,0.0,47.85,24.4,24.4,8.26,0.0,0.0,340.54,16.48,0.0,8.24,,,,,,,,,,,,,,,,,,
2024,Santos,1,68,Sobe,1.0,0.03842289319675163,False,A. Villarreal,CF,CA,19.0,1,22,0.0057443980250664,False,31,6,1.0,22.2,9810.81,328.38,85.14,4.05,32.43,4.05,8.11,0.0,48.65,27.8,27.8,45.47,53.93,193.26,182.02,37.88,7.58,26.52,,,,,,,,,,,,,,,,,,
2024,Santos,1,68,Sobe,1.0,0.03842289319675163,False,Luca Meirelles,AMF,MEI,17.0,2,22,0.0057443980250664,False,32,4,1.0,16.47,10062.15,787.04,240.49,10.93,81.98,10.93,16.4,5.47,43.72,27.8,27.8,287.7,35.29,671.31,441.18,83.0,11.86,53.36,,,,,,,,,,,,,,,,,,
2024,Santos,1,68,Sobe,1.0,0.03842289319675163,False,Nonato,LCMF,MED,26.0,1,14,0.0036555260159513,False,33,3,1.0,14.37,11251.04,350.81,93.97,6.26,43.85,6.26,12.53,0.0,37.59,26.3,26.3,36.73,113.39,61.22,566.93,,,,,,,,,,,,,,,,,,,,,
2024,Sport,3,66,Sobe,6.0,0.2793206962410859,True,Lucas Lima,"RW, RAMF, CF",ED,34.0,35,3249,0.8452532992762878,True,1,1,33.0,3052.5,9402.4,408.01,100.12,5.42,44.08,3.77,9.43,0.38,31.81,27.56,29.64,59.85,53.44,230.38,265.08,23.85,2.22,6.86,26.0,2.0,2.0,2.0,2.0,2.0,2.0,6.0,18.0,10.0,14.0,2.0,4.0,2.0,10.0,4.0,4.0,2.0
2024,Sport,3,66,Sobe,6.0,0.2793206962410859,True,F. Domínguez,"RCMF, AMF, RDMF",MED,26.0,33,2949,0.7672059032212288,True,2,1,31.0,2851.07,10285.03,649.66,172.98,10.86,71.4,6.22,15.53,1.04,42.77,28.52,30.4,101.53,109.21,370.49,425.74,42.36,7.44,14.75,48.0,90.0,85.0,94.0,94.0,87.0,74.0,84.0,79.0,87.0,77.0,85.0,79.0,97.0,76.0,98.0,100.0,98.0
2024,Sport,3,66,Sobe,6.0,0.2793206962410859,True,Chrystian Barletta,"LW, RW, RAMF",EE,23.0,32,2443,0.6355659618750296,True,3,1,30.0,2299.5,9730.04,663.81,276.21,14.87,83.37,10.37,21.8,2.94,46.62,30.14,32.36,204.91,119.09,386.2,413.08,37.25,6.64,15.52,50.0,73.0,66.0,70.0,82.0,86.0,73.0,73.0,95.0,80.0,78.0,70.0,57.0,52.0,86.0,68.0,77.0,59.0
2024,Sport,3,66,Sobe,6.0,0.2793206962410859,True,Chico,LCB,ZE,25.0,28,2435,0.633484697980228,True,4,1,26.0,2228.46,8860.48,321.42,96.85,5.53,37.2,4.69,9.41,0.97,16.24,28.45,31.4,22.99,91.71,95.7,284.83,8.07,0.32,0.38,50.0,50.0,44.0,58.0,61.0,33.0,33.0,67.0,22.0,46.0,78.0,28.0,75.0,25.0,78.0,44.0,69.0,49.0
2024,Sport,3,66,Sobe,6.0,0.2793206962410859,True,Gustavo Coutinho,CF,CA,25.0,34,2327,0.6053876354004067,True,5,1,32.0,2264.0,9660.9,534.45,256.29,13.71,72.91,7.27,14.51,1.79,40.35,30.61,33.14,145.78,169.39,280.44,360.58,30.31,10.12,21.24,61.0,57.0,82.0,85.0,79.0,39.0,31.0,60.0,84.0,93.0,96.0,71.0,89.0,29.0,71.0,44.0,77.0,68.0
2024,Sport,3,66,Sobe,6.0,0.2793206962410859,True,Rafael Thyere,RCB,ZD,31.0,23,2292,0.5962821058606499,False,6,1,21.0,2085.51,8746.87,288.01,69.82,4.19,32.28,4.7,10.27,0.65,16.96,27.75,29.7,24.14,59.61,94.31,238.74,9.12,0.3,0.36,43.0,37.0,13.0,26.0,37.0,53.0,57.0,39.0,33.0,28.0,26.0,37.0,22.0,39.0,41.0,74.0,82.0,63.0
2024,Sport,3,66,Sobe,6.0,0.2793206962410859,True,C. Ortiz,"CF, AMF, LCMF",CA,31.0,30,2064,0.5369660848588051,False,7,2,27.0,1781.19,10281.25,622.44,95.91,6.77,61.5,4.55,14.81,0.71,37.7,26.17,27.52,40.74,78.85,319.08,464.25,40.65,5.94,15.86,92.0,82.0,8.0,20.0,53.0,2.0,33.0,18.0,73.0,4.0,5.0,4.0,38.0,54.0,89.0,91.0,24.0,32.0
2024,Sport,3,66,Sobe,6.0,0.2793206962410859,True,Luciano Castán,"LCB, RCB",ZE,34.0,23,1936,0.50366586254198,False,8,2,21.0,1925.7,8644.99,308.83,91.14,4.95,35.33,4.49,9.39,0.89,16.87,28.41,30.38,22.17,89.04,105.29,267.95,8.45,0.33,0.88,22.0,42.0,39.0,36.0,42.0,19.0,31.0,61.0,31.0,42.0,50.0,22.0,69.0,47.0,69.0,58.0,72.0,75.0
2024,Sport,3,66,Sobe,6.0,0.2793206962410859,True,Dalbert,LB,LE,30.0,23,1585,0.4123504091575611,False,9,1,21.0,1433.25,9249.76,549.53,236.36,13.44,71.59,9.92,22.17,3.45,32.21,30.22,32.42,119.32,165.41,266.32,380.73,22.27,1.22,4.28,20.0,57.0,75.0,91.0,84.0,93.0,95.0,100.0,80.0,86.0,91.0,48.0,98.0,39.0,82.0,43.0,59.0,50.0
2024,Sport,3,66,Sobe,6.0,0.2793206962410859,True,Igor Cariús,RB,LD,31.0,20,1541,0.4009034577361525,False,10,1,18.0,1332.0,9770.34,523.88,223.05,11.42,64.19,7.7,17.23,2.43,32.7,29.76,31.36,115.22,150.41,257.89,366.52,20.77,2.73,4.58,60.0,29.0,65.0,62.0,52.0,56.0,40.0,85.0,65.0,78.0,72.0,42.0,87.0,23.0,62.0,12.0,83.0,65.0
2024,Sport,3,66,Sobe,6.0,0.2793206962410859,True,Zé Roberto,"CF, AMF",CA,30.0,28,1323,0.3441890166028097,False,11,3,26.0,1180.14,9041.05,450.62,114.01,4.5,40.04,6.48,12.43,0.53,28.83,27.5,30.4,62.09,52.4,235.76,301.77,25.72,6.62,14.47,20.0,18.0,18.0,5.0,4.0,15.0,9.0,14.0,26.0,21.0,51.0,14.0,13.0,12.0,48.0,17.0,36.0,22.0
2024,Sport,3,66,Sobe,6.0,0.2793206962410859,True,Wellington Silva,"LW, LAMF, CF",EE,31.0,21,1041,0.2708244643110543,False,12,2,19.0,973.94,9470.93,523.26,141.19,8.41,57.56,7.58,16.91,1.39,40.38,27.81,29.98,96.18,76.9,309.9,326.53,32.0,7.08,15.61,25.0,25.0,9.0,14.0,14.0,45.0,20.0,27.0,57.0,18.0,25.0,11.0,14.0,18.0,36.0,39.0,82.0,61.0
2024,Sport,3,66,Sobe,6.0,0.2793206962410859,True,Alisson Cassiano,RCB,ZD,30.0,10,888,0.2310202923229743,False,13,2,10.0,890.6999999999999,8740.82,281.71,91.44,4.95,34.46,4.14,8.29,0.4,18.09,27.76,29.74,23.9,92.45,101.59,241.22,11.58,0.36,0.36,41.0,33.0,43.0,43.0,52.0,17.0,17.0,13.0,52.0,30.0,28.0,30.0,63.0,48.0,46.0,87.0,88.0,63.0
2024,Sport,3,66,Sobe,6.0,0.2793206962410859,True,J. Fernández,"LCMF, RCMF, DMF",MED,29.0,12,792,0.2060451255853554,False,14,2,10.0,658.9,10541.17,386.68,76.22,4.64,37.97,3.41,10.24,0.41,30.87,26.12,27.56,45.18,49.16,113.44,354.22,18.68,2.19,4.57,76.0,6.0,6.0,18.0,3.0,6.0,8.0,24.0,26.0,8.0,10.0,26.0,8.0,2.0,37.0,13.0,48.0,32.0
2024,Sport,3,66,Sobe,6.0,0.2793206962410859,True,Lenny Lobato,"CF, LW, LAMF",CA,23.0,17,708,0.1841918546899389,False,15,4,14.0,679.6999999999999,9915.34,584.61,247.88,14.04,78.26,7.68,18.14,2.78,34.69,29.25,30.76,184.62,121.42,337.26,381.67,34.17,7.7,18.78,76.0,75.0,78.0,90.0,92.0,56.0,71.0,93.0,56.0,66.0,61.0,83.0,71.0,71.0,74.0,68.0,47.0,50.0
2024,Sport,3,66,Sobe,6.0,0.2793206962410859,True,Pedro Lima,RB,LD,18.0,8,703,0.182891064755688,False,16,2,8.0,704.8,9764.0,602.6,238.79,13.28,73.68,8.56,18.39,2.04,31.03,30.34,31.06,130.03,169.25,345.86,375.79,33.51,5.19,7.71,58.0,63.0,73.0,88.0,87.0,75.0,59.0,75.0,54.0,88.0,63.0,58.0,96.0,75.0,67.0,94.0,100.0,99.0
2024,Sport,3,66,Sobe,6.0,0.2793206962410859,True,Romarinho,"LW, LAMF, RW",EE,30.0,9,602,0.1566151080838181,False,17,3,9.0,603.09,8826.93,398.02,170.43,9.25,56.86,6.72,15.52,2.98,27.61,29.78,30.6,125.03,75.24,286.82,199.6,27.19,5.76,12.79,7.0,2.0,18.0,20.0,9.0,20.0,11.0,75.0,7.0,59.0,35.0,30.0,11.0,9.0,5.0,16.0,55.0,32.0
2024,Sport,3,66,Sobe,6.0,0.2793206962410859,True,Pedro Vilhena,"LAMF, RCMF, LW",EE,22.0,18,596,0.1550541601627169,False,18,4,16.0,505.76,9927.55,513.72,154.1,8.19,61.21,6.23,16.73,1.07,40.93,27.51,29.84,70.08,118.5,261.71,365.49,36.48,5.45,14.21,66.0,18.0,11.0,11.0,23.0,11.0,18.0,11.0,61.0,11.0,20.0,5.0,55.0,5.0,68.0,61.0,43.0,48.0
2024,Sport,3,66,Sobe,6.0,0.2793206962410859,True,Fábio Matheus,"LDMF, LCMF",VOL,21.0,14,533,0.1386642069911546,False,19,1,14.0,534.38,10558.14,486.41,87.75,5.05,47.83,5.56,12.8,0.51,41.1,26.29,28.1,24.22,77.04,157.41,411.48,27.27,0.39,3.53,90.0,60.0,32.0,38.0,45.0,78.0,38.0,34.0,92.0,15.0,15.0,18.0,28.0,50.0,60.0,78.0,38.0,62.0
2024,Sport,3,66,Sobe,6.0,0.2793206962410859,True,Allyson,RCB,ZD,33.0,7,486,0.1264367816091954,False,20,3,7.0,486.0100000000001,8749.14,332.03,98.89,6.11,41.67,6.3,11.3,1.11,21.67,28.74,29.64,19.56,114.49,111.46,318.74,8.62,0.21,0.42,46.0,63.0,57.0,74.0,80.0,91.0,74.0,67.0,87.0,70.0,24.0,17.0,85.0,63.0,93.0,65.0,63.0,72.0
2024,Sport,3,66,Sobe,6.0,0.2793206962410859,True,R. Rosales,RB,LD,35.0,7,480,0.1248758336880942,False,21,3,7.0,482.5100000000001,9486.14,568.52,146.79,8.95,59.87,6.71,21.64,2.05,27.23,27.56,28.04,108.1,57.92,328.6,310.3,31.49,3.0,5.78,29.0,50.0,13.0,27.0,37.0,20.0,94.0,77.0,25.0,13.0,4.0,37.0,2.0,56.0,19.0,79.0,88.0,87.0
2024,Sport,3,66,Sobe,6.0,0.2793206962410859,True,L. Di Plácido,RB,LD,30.0,10,424,0.1103069864244832,False,22,4,10.0,425.1,9635.19,667.93,214.88,13.76,74.52,10.59,22.44,1.91,31.76,29.08,30.32,142.47,132.79,362.75,494.95,26.95,1.68,4.63,42.0,94.0,62.0,92.0,88.0,100.0,96.0,66.0,63.0,44.0,45.0,75.0,63.0,87.0,100.0,56.0,62.0,67.0
2024,Sport,3,66,Sobe,6.0,0.2793206962410859,True,A. Ruiz,"LCMF, AMF, LDMF",MED,30.0,6,311,0.080909133910411,False,23,3,6.0,312.12,9427.51,413.77,74.68,3.46,41.81,3.17,9.52,0.29,28.83,26.77,27.32,59.84,27.57,272.84,218.95,31.78,4.06,8.45,2.0,10.0,3.0,3.0,13.0,3.0,3.0,15.0,16.0,26.0,6.0,42.0,2.0,60.0,2.0,63.0,82.0,65.0
2024,Sport,3,66,Sobe,6.0,0.2793206962410859,True,Riquelme,"LB, LAMF",LE,21.0,7,296,0.0770067641076581,False,24,2,7.0,298.06,9306.11,553.83,192.96,9.06,61.0,7.85,15.7,1.81,23.55,29.93,30.66,129.84,64.58,285.06,335.71,27.02,0.66,5.6,30.0,59.0,48.0,43.0,52.0,65.0,36.0,64.0,2.0,75.0,57.0,64.0,5.0,55.0,48.0,70.0,27.0,77.0
2024,Sport,3,66,Sobe,6.0,0.2793206962410859,True,Vinícius Faria,"RAMF, CF, RW",ED,24.0,8,257,0.0668606026205004,False,25,2,8.0,256.72,9478.13,624.65,188.59,10.87,64.5,8.06,24.19,2.8,35.75,26.86,28.68,141.82,92.42,418.32,320.69,42.92,6.95,18.8,30.0,48.0,22.0,32.0,26.0,54.0,94.0,78.0,32.0,6.0,4.0,30.0,32.0,60.0,30.0,94.0,78.0,90.0
2024,Sport,3,66,Sobe,6.0,0.2793206962410859,True,Luciano,"RDMF, RCMF",VOL,21.0,6,248,0.0645191807388486,False,26,2,6.0,249.3,10562.11,412.25,100.72,5.41,42.24,5.41,10.83,1.08,38.99,28.03,28.74,18.08,104.58,105.54,373.58,17.67,1.23,1.23,92.0,30.0,42.0,42.0,32.0,75.0,15.0,85.0,90.0,75.0,35.0,10.0,57.0,20.0,38.0,42.0,61.0,38.0
2024,Sport,3,66,Sobe,6.0,0.2793206962410859,True,Pedro Martins,"LCMF, LW, AMF",MED,24.0,5,174,0.0452674897119341,False,27,4,5.0,173.5,10242.31,465.87,180.02,8.3,54.47,6.74,10.89,0.52,34.24,28.3,28.3,58.44,170.51,175.31,441.55,30.4,0.0,3.04,45.0,26.0,90.0,77.0,61.0,90.0,16.0,32.0,52.0,82.0,18.0,39.0,98.0,24.0,82.0,58.0,4.0,23.0
2024,Sport,3,66,Sobe,6.0,0.2793206962410859,True,Lucas André,"RB, RCMF",LD,21.0,3,142,0.0369424341327278,False,28,5,3.0,142.53,10823.99,851.17,179.33,13.89,86.51,5.68,20.84,1.26,46.09,27.53,27.53,90.87,121.3,379.51,707.25,42.06,2.0,6.68,,,,,,,,,,,,,,,,,,
2024,Sport,3,66,Sobe,6.0,0.2793206962410859,True,Nassom,LB,LE,21.0,1,57,0.0148290052504611,False,29,3,1.0,56.87,9863.07,408.32,175.67,7.91,58.56,11.08,20.57,3.17,39.57,29.9,29.9,34.9,141.18,155.7,292.44,12.08,0.0,0.0,,,,,,,,,,,,,,,,,,
2024,Vila Nova,9,55,Meio,13.0,0.1349905938984619,False,Alesson,"LW, LAMF, CF",EE,25.0,35,3437,0.9019490898680728,True,1,1,35.0,3439.1000000000004,8829.78,512.24,276.44,14.58,74.01,10.0,22.11,3.11,31.48,30.57,32.66,227.9,112.01,373.49,258.03,34.46,6.15,16.48,9.0,16.0,68.0,68.0,48.0,82.0,82.0,77.0,16.0,84.0,86.0,80.0,48.0,45.0,14.0,55.0,66.0,70.0
2024,Vila Nova,9,55,Meio,13.0,0.1349905938984619,False,Jemmes,"LCB, RCB",ZE,24.0,35,3345,0.8778061407066345,True,2,1,35.0,3349.5,8477.08,324.58,148.57,7.69,42.78,6.45,14.38,1.34,20.85,30.98,33.2,52.43,130.29,107.86,276.86,6.92,0.25,0.38,14.0,61.0,92.0,94.0,83.0,97.0,100.0,97.0,78.0,97.0,97.0,92.0,100.0,58.0,75.0,36.0,58.0,49.0
2024,Vila Nova,9,55,Meio,13.0,0.1349905938984619,False,Ralf,"RCB, DMF, RDMF",ZD,40.0,28,2442,0.6408378462199108,True,3,1,28.0,2444.6800000000003,8897.72,339.68,94.24,4.68,35.67,4.64,11.82,0.7,19.62,27.66,30.42,31.78,78.13,114.55,286.26,9.05,0.22,0.72,61.0,67.0,48.0,37.0,57.0,46.0,83.0,46.0,65.0,26.0,50.0,61.0,48.0,65.0,78.0,70.0,65.0,87.0
2024,Vila Nova,9,55,Meio,13.0,0.1349905938984619,False,Rhuan,LB,LE,23.0,31,2348,0.6161700503375719,True,4,1,30.0,2247.0,9670.06,560.85,192.17,10.25,62.28,7.29,15.14,1.44,30.4,28.49,30.16,123.09,119.48,322.31,376.38,26.11,2.22,6.0,64.0,64.0,45.0,55.0,55.0,49.0,27.0,47.0,73.0,31.0,32.0,50.0,68.0,61.0,75.0,68.0,91.0,82.0
2024,Vila Nova,9,55,Meio,13.0,0.1349905938984619,False,Henrique Almeida,CF,CA,33.0,32,2027,0.531932151632989,False,5,1,32.0,2028.48,9189.55,459.72,137.37,7.76,50.85,7.05,16.02,1.42,25.56,27.94,30.4,123.72,46.73,327.74,244.88,32.36,10.93,24.63,23.0,22.0,27.0,32.0,20.0,34.0,43.0,44.0,9.0,32.0,51.0,58.0,7.0,63.0,23.0,55.0,83.0,85.0
2024,Vila Nova,9,55,Meio,13.0,0.1349905938984619,False,Igor Henrique,"RCMF, AMF, CF",MED,32.0,24,1916,0.5028031586229931,False,6,1,24.0,1910.4,9577.08,456.01,109.77,5.75,45.94,5.28,11.07,0.8,28.6,27.62,29.32,67.82,73.2,276.7,314.5,23.8,3.9,9.09,6.0,19.0,34.0,37.0,23.0,66.0,18.0,73.0,15.0,55.0,52.0,56.0,29.0,61.0,21.0,26.0,81.0,68.0
2024,Vila Nova,9,55,Meio,13.0,0.1349905938984619,False,Júnior Todinho,"CF, RW, RAMF",CA,30.0,26,1856,0.4870577569959682,False,7,2,26.0,1858.48,9360.26,516.51,187.02,10.61,63.97,8.14,17.19,1.55,33.12,29.45,30.88,133.1,103.71,352.81,300.74,33.18,7.12,15.55,35.0,46.0,54.0,59.0,57.0,68.0,61.0,53.0,45.0,73.0,67.0,64.0,59.0,79.0,44.0,60.0,41.0,28.0
2024,Vila Nova,9,55,Meio,13.0,0.1349905938984619,False,J. Quintero,RCB,ZD,29.0,18,1482,0.3889114201875134,False,8,2,19.0,1498.7199999999998,8126.57,252.89,71.76,4.02,29.13,4.26,9.01,0.42,13.81,27.59,28.96,21.91,56.97,72.01,209.94,5.19,0.0,0.0,4.0,13.0,20.0,24.0,15.0,22.0,33.0,18.0,9.0,24.0,13.0,22.0,15.0,11.0,15.0,22.0,16.0,10.0
2024,Vila Nova,9,55,Meio,13.0,0.1349905938984619,False,Juan Christian,"RW, RAMF, LW",ED,23.0,18,1273,0.3340649378533769,False,9,1,18.0,1274.4,9365.16,554.67,270.91,13.7,74.37,9.82,20.69,2.75,41.53,30.25,32.08,210.21,108.45,352.91,316.79,30.14,6.05,12.56,22.0,24.0,60.0,62.0,58.0,76.0,80.0,76.0,66.0,84.0,78.0,74.0,48.0,34.0,26.0,26.0,66.0,54.0
2024,Vila Nova,9,55,Meio,13.0,0.1349905938984619,False,Arilson,"LDMF, LCMF, RCMF",VOL,30.0,17,1160,0.3044110981224801,False,10,1,17.0,1167.73,9147.08,433.06,141.04,7.09,49.02,4.86,14.8,1.0,26.28,28.54,31.08,49.99,122.76,161.53,382.13,21.98,0.47,2.24,5.0,35.0,72.0,72.0,55.0,57.0,66.0,82.0,28.0,88.0,90.0,70.0,78.0,55.0,42.0,55.0,40.0,50.0
2024,Vila Nova,9,55,Meio,13.0,0.1349905938984619,False,Emerson Urso,"LW, RW, LAMF",EE,23.0,23,1003,0.2632106305317652,False,11,2,23.0,1001.65,9867.34,718.83,271.33,15.9,87.33,9.34,23.54,2.61,43.48,29.37,31.5,194.99,145.49,484.1,405.49,42.44,5.59,15.12,59.0,91.0,59.0,84.0,91.0,77.0,89.0,68.0,89.0,48.0,59.0,66.0,73.0,98.0,84.0,91.0,50.0,57.0
2024,Vila Nova,9,55,Meio,13.0,0.1349905938984619,False,Luciano Naninho,"CF, AMF, LCMF",CA,32.0,21,977,0.2563876231600544,False,12,3,21.0,977.13,9480.81,472.58,92.38,5.16,47.43,6.63,14.46,0.74,29.66,26.22,27.98,53.72,52.73,295.98,275.66,31.84,3.78,10.76,46.0,27.0,6.0,8.0,13.0,20.0,28.0,19.0,33.0,5.0,9.0,8.0,14.0,37.0,32.0,49.0,13.0,12.0
2024,Vila Nova,9,55,Meio,13.0,0.1349905938984619,False,João Lucas,"RCMF, AMF, LCMF",MED,23.0,24,871,0.2285707469523105,False,13,2,23.0,807.07,9679.77,490.76,149.09,8.25,53.52,5.91,13.6,1.45,29.66,27.87,30.38,108.03,78.25,307.08,296.24,29.37,2.81,11.09,11.0,37.0,65.0,76.0,58.0,77.0,48.0,94.0,19.0,73.0,76.0,87.0,37.0,76.0,15.0,50.0,58.0,85.0
2024,Vila Nova,9,55,Meio,13.0,0.1349905938984619,False,Dankler,"RCB, LCB, CB",ZD,32.0,8,784,0.2057399145931245,False,14,3,8.0,784.24,8161.69,269.93,71.84,3.67,29.84,5.51,9.64,0.69,19.85,28.0,29.12,30.9,55.9,99.41,223.59,6.14,0.0,0.2,9.0,24.0,22.0,20.0,22.0,78.0,41.0,43.0,72.0,37.0,15.0,59.0,9.0,46.0,22.0,33.0,16.0,40.0
2024,Vila Nova,9,55,Meio,13.0,0.1349905938984619,False,Gabriel Silva,"LW, CF",EE,25.0,13,549,0.1440704248872772,False,15,3,13.0,551.72,9212.51,522.53,193.81,8.48,56.28,6.36,12.72,1.79,28.71,28.78,31.52,169.32,70.18,407.26,260.29,39.19,3.76,16.64,18.0,23.0,25.0,16.0,7.0,14.0,2.0,43.0,11.0,34.0,61.0,50.0,9.0,68.0,16.0,80.0,20.0,75.0
2024,Vila Nova,9,55,Meio,13.0,0.1349905938984619,False,Apodi,"RW, RB, CF",ED,37.0,19,426,0.1117923515518763,False,16,2,19.0,426.36,9462.88,535.02,321.56,15.2,76.22,10.35,20.06,4.22,29.98,30.15,32.52,265.5,135.45,372.04,252.12,33.71,5.62,19.48,28.0,18.0,84.0,78.0,64.0,86.0,72.0,96.0,8.0,82.0,90.0,88.0,66.0,40.0,8.0,36.0,64.0,96.0
2024,Vila Nova,9,55,Meio,13.0,0.1349905938984619,False,Denílson,"CF, LW, RW",CA,28.0,10,404,0.1060190376219672,False,17,4,10.0,404.5,9805.8,598.57,199.15,11.79,70.54,6.01,17.13,1.11,38.94,29.11,30.34,115.17,145.82,351.69,396.36,37.88,9.26,18.8,67.0,76.0,58.0,68.0,72.0,9.0,60.0,32.0,80.0,65.0,49.0,51.0,81.0,78.0,77.0,83.0,69.0,52.0
2024,Vila Nova,9,55,Meio,13.0,0.1349905938984619,False,Ruan Santos,"RCB, LCB",ZD,20.0,4,403,0.1057566142615168,False,18,4,4.0,402.48,8409.02,271.68,71.55,4.92,31.75,4.7,8.94,0.67,14.09,28.3,28.3,21.96,64.88,82.04,230.97,5.18,0.0,0.0,,,,,,,,,,,,,,,,,,
2024,Vila Nova,9,55,Meio,13.0,0.1349905938984619,False,Anderson Conceição,LCB,ZE,34.0,5,398,0.1044444974592647,False,19,2,5.0,398.0,8654.38,249.88,66.94,4.07,29.17,4.3,7.69,0.45,15.38,27.78,27.78,7.82,70.71,40.66,247.04,6.25,0.0,0.0,25.0,6.0,11.0,19.0,14.0,14.0,3.0,19.0,11.0,17.0,6.0,3.0,28.0,3.0,42.0,19.0,14.0,8.0
2024,Vila Nova,9,55,Meio,13.0,0.1349905938984619,False,A. Silva,RB,LD,31.0,6,328,0.0860748622277357,False,20,1,6.0,328.38,9631.52,569.3,200.09,8.22,58.38,7.95,18.09,0.82,25.49,28.7,29.18,73.41,150.21,223.56,465.58,22.79,3.13,4.47,40.0,52.0,40.0,19.0,21.0,65.0,50.0,15.0,17.0,33.0,21.0,15.0,85.0,12.0,96.0,21.0,90.0,63.0
2024,Vila Nova,9,55,Meio,13.0,0.1349905938984619,False,Vanderley,"RCB, LCB",ZD,24.0,5,315,0.0826633585418803,False,21,5,4.0,301.88,8426.73,318.98,98.97,6.26,37.86,4.77,11.33,0.6,16.1,27.45,27.45,24.27,91.08,68.12,276.53,4.67,0.0,0.0,,,,,,,,,,,,,,,,,,
2024,Vila Nova,9,55,Meio,13.0,0.1349905938984619,False,Vitor Graziani,"RCMF, CB, LCMF",MED,20.0,3,238,0.0624567597871985,False,22,3,2.0,205.44,8742.25,264.61,15.77,0.88,23.22,5.7,13.14,0.0,21.9,24.95,24.95,7.7,11.3,62.26,237.91,5.57,0.0,0.0,,,,,,,,,,,,,,,,,,
2024,Vila Nova,9,55,Meio,13.0,0.1349905938984619,False,Igor Torres,"CF, RAMF, RW",CA,24.0,5,237,0.0621943364267481,False,23,5,5.0,237.05,10034.21,715.29,167.05,12.15,78.97,7.59,18.98,1.14,37.59,27.34,27.34,46.78,173.6,390.94,481.04,35.17,6.02,18.05,80.0,96.0,42.0,73.0,94.0,48.0,77.0,35.0,71.0,19.0,4.0,5.0,94.0,89.0,95.0,73.0,26.0,45.0
2024,Vila Nova,9,55,Meio,13.0,0.1349905938984619,False,Rian,"RB, RWB",LD,20.0,3,234,0.0614070663453968,False,24,2,3.0,235.62,9197.23,579.84,220.4,11.08,62.26,7.26,18.33,1.91,20.24,29.3,29.3,162.07,117.69,390.04,342.81,22.14,0.79,3.95,,,,,,,,,,,,,,,,,,
2024,Vila Nova,9,55,Meio,13.0,0.1349905938984619,False,Du Fernandes,"LCMF, RCMF, DMF",MED,23.0,5,234,0.0614070663453968,False,25,4,5.0,234.7,10510.84,506.98,85.52,5.37,50.62,4.22,11.5,0.38,51.77,26.44,26.44,60.28,55.19,308.04,292.87,37.92,4.21,14.45,71.0,42.0,19.0,26.0,35.0,21.0,19.0,21.0,98.0,15.0,2.0,44.0,11.0,77.0,11.0,87.0,85.0,97.0
2024,Vila Nova,9,55,Meio,13.0,0.1349905938984619,False,Higor,LB,LE,19.0,1,99,0.0259799126845909,False,26,2,1.0,99.87,8980.47,474.93,118.96,7.21,50.47,6.31,17.12,0.9,25.23,27.7,27.7,78.46,66.98,283.65,275.35,21.11,1.51,9.05,,,,,,,,,,,,,,,,,,
2024,Vila Nova,9,55,Meio,13.0,0.1349905938984619,False,Leonardo,LCB,ZE,19.0,1,80,0.0209938688360331,False,27,3,1.0,80.62,8711.23,154.06,91.54,2.23,20.1,5.58,11.16,0.0,15.63,28.9,28.9,3.78,86.0,11.34,129.0,0.0,0.0,0.0,,,,,,,,,,,,,,,,,,
2024,Vila Nova,9,55,Meio,13.0,0.1349905938984619,False,Guilherme Lacerda,"LCB, LB",ZE,23.0,5,76,0.0199441753942314,False,28,4,4.0,61.8,9692.91,476.34,126.73,10.2,50.98,10.2,20.39,1.46,40.79,25.43,25.43,101.17,71.03,231.85,296.92,13.68,0.0,3.42,,,,,,,,,,,,,,,,,,
2024,Vila Nova,9,55,Meio,13.0,0.1349905938984619,False,Fábio,RB,LD,23.0,3,75,0.019681752033781,False,29,3,3.0,75.12,9518.28,580.97,271.92,15.57,81.46,9.58,19.17,0.0,43.12,30.33,30.33,384.08,101.45,395.54,345.47,25.82,2.58,5.16,,,,,,,,,,,,,,,,,,
2024,Vila Nova,9,55,Meio,13.0,0.1349905938984619,False,Caíque,"RWF, RW, LW",ED,24.0,2,66,0.0173199417897273,False,30,3,2.0,66.5,8926.92,650.98,312.63,16.24,79.85,5.41,23.01,2.71,39.25,30.1,30.1,301.64,86.88,451.48,472.28,37.82,3.98,17.92,,,,,,,,,,,,,,,,,,
2024,Vila Nova,9,55,Meio,13.0,0.1349905938984619,False,Marcondes,LCB,ZE,31.0,3,52,0.0136460147434215,False,31,5,1.0,49.37,8415.4,224.24,21.88,1.82,21.88,3.65,7.29,0.0,7.29,24.2,24.2,0.0,19.15,36.61,300.0,8.06,0.0,0.0,,,,,,,,,,,,,,,,,,
2024,Vila Nova,9,55,Meio,13.0,0.1349905938984619,False,Everton,RW,ED,22.0,1,33,0.0086599708948636,False,32,4,1.0,32.62,10038.43,538.07,71.74,8.28,60.71,5.52,8.28,2.76,38.63,26.7,26.7,36.59,61.64,270.73,400.68,24.35,0.0,2.44,,,,,,,,,,,,,,,,,,
2024,Vila Nova,9,55,Meio,13.0,0.1349905938984619,False,Gustavo Pajé,RW,ED,19.0,1,20,0.0052484672090082,False,33,5,1.0,19.98,9579.48,360.3,4.5,4.5,40.53,9.01,18.02,0.0,31.53,23.9,23.9,0.0,0.0,178.77,153.77,24.64,0.0,6.16,,,,,,,,,,,,,,,,,,
2024,Vila Nova,9,55,Meio,13.0,0.1349905938984619,False,Sarjani,LW,EE,20.0,1,20,0.0052484672090082,False,34,4,1.0,19.98,10264.05,837.7,157.63,13.51,90.08,13.51,22.52,0.0,27.02,26.2,26.2,92.47,85.93,554.79,379.9,49.28,0.0,18.48,,,,,,,,,,,,,,,,,,
2024,Vila Nova,9,55,Meio,13.0,0.1349905938984619,False,Carlos Miguel,LCMF,MED,18.0,1,20,0.0052484672090082,False,35,5,1.0,19.98,9687.57,423.35,58.55,4.5,49.54,4.5,13.51,4.5,49.54,28.2,28.2,12.33,49.75,0.0,361.81,12.32,0.0,0.0,,,,,,,,,,,,,,,,,,
2025,Amazonas,18,36,Cai,12.0,-0.43849531608121006,False,Fabiano,"LB, LCB",LE,35.0,32,3118,0.8070117647058824,True,1,1,32.0,3121.6,8760.58,378.15,127.23,6.95,44.31,6.49,14.1,1.27,24.07,28.65,30.34,60.67,99.0,153.43,304.48,12.18,0.32,0.82,6.0,4.0,11.0,11.0,6.0,21.0,11.0,34.0,19.0,30.0,27.0,4.0,34.0,4.0,26.0,4.0,11.0,2.0
2025,Amazonas,18,36,Cai,12.0,-0.43849531608121006,False,Larry Vásquez,"RCMF, DMF, RDMF",MED,32.0,32,2908,0.7526588235294118,True,2,1,32.0,2902.4,9712.66,401.75,103.66,5.27,42.33,3.75,9.58,0.4,22.45,27.69,30.08,37.86,97.1,141.59,368.45,24.14,0.45,1.56,14.0,9.0,28.0,22.0,10.0,14.0,3.0,19.0,1.0,54.0,60.0,29.0,52.0,9.0,35.0,30.0,11.0,10.0
2025,Amazonas,18,36,Cai,12.0,-0.43849531608121006,False,Kevin Ramírez,"CF, LW, RW",CA,31.0,29,2447,0.6333411764705883,True,3,1,29.0,2449.92,8807.34,519.17,252.15,13.04,70.6,10.03,21.67,2.79,33.8,29.97,31.68,191.43,131.63,362.61,311.64,31.43,6.21,15.41,8.0,40.0,76.0,70.0,65.0,87.0,93.0,78.0,45.0,77.0,74.0,83.0,69.0,71.0,45.0,45.0,17.0,21.0
2025,Amazonas,18,36,Cai,12.0,-0.43849531608121006,False,Henrique Almeida,CF,CA,34.0,29,2283,0.5908941176470588,False,4,2,29.0,2276.21,9047.26,404.03,104.06,6.44,45.43,6.76,14.43,1.66,22.62,27.5,29.6,90.14,44.28,292.1,215.54,28.84,10.37,22.33,22.0,8.0,8.0,9.0,8.0,19.0,21.0,49.0,6.0,19.0,30.0,17.0,3.0,29.0,7.0,29.0,67.0,74.0
2025,Amazonas,18,36,Cai,12.0,-0.43849531608121006,False,Alexis Alvariño,"RCB, LCB",ZD,24.0,21,2003,0.5184235294117647,False,5,1,21.0,2004.66,8417.68,303.41,66.22,3.5,31.07,5.34,10.46,0.36,14.68,27.55,29.54,29.19,52.81,132.28,228.38,6.04,0.39,0.54,22.0,35.0,6.0,7.0,30.0,57.0,50.0,9.0,17.0,17.0,26.0,46.0,6.0,78.0,19.0,30.0,73.0,69.0
2025,Amazonas,18,36,Cai,12.0,-0.43849531608121006,False,N. Castrillón,"RB, RCB",LD,29.0,22,1698,0.4394823529411765,False,6,1,22.0,1701.48,8857.28,480.57,152.08,8.36,53.37,7.04,16.93,1.69,23.8,28.41,30.6,118.27,79.04,264.16,338.51,18.51,0.71,1.85,2.0,16.0,16.0,20.0,18.0,33.0,47.0,47.0,13.0,23.0,38.0,29.0,7.0,24.0,36.0,13.0,13.0,11.0
2025,Amazonas,18,36,Cai,12.0,-0.43849531608121006,False,Rafael Tavares,"CF, AMF, LW",CA,34.0,32,1673,0.4330117647058824,False,7,3,32.0,1674.88,9994.83,505.35,97.9,5.27,45.78,4.57,12.41,0.43,30.9,26.69,28.96,71.77,53.15,285.34,351.66,30.55,2.91,8.21,78.0,35.0,7.0,8.0,9.0,1.0,10.0,9.0,32.0,7.0,12.0,8.0,10.0,23.0,62.0,36.0,3.0,2.0
2025,Amazonas,18,36,Cai,12.0,-0.43849531608121006,False,J. Torres,"RW, RAMF",ED,28.0,24,1413,0.3657176470588235,False,8,1,24.0,1424.4,9167.26,507.6,198.45,10.05,59.9,7.64,16.11,2.65,31.46,29.07,31.68,150.56,87.79,354.18,290.29,33.96,2.43,9.83,4.0,13.0,23.0,15.0,12.0,29.0,15.0,81.0,15.0,38.0,65.0,40.0,23.0,37.0,21.0,46.0,11.0,25.0
2025,Amazonas,18,36,Cai,12.0,-0.43849531608121006,False,Luan Silva,"CF, RW",CA,33.0,25,1388,0.3592470588235294,False,9,4,25.0,1387.75,8958.84,402.89,120.05,7.26,46.5,6.42,13.62,1.36,22.83,27.97,30.28,105.3,50.03,282.72,240.79,26.04,6.8,15.25,10.0,7.0,12.0,17.0,12.0,13.0,17.0,37.0,7.0,28.0,42.0,31.0,8.0,21.0,14.0,15.0,21.0,20.0
2025,Amazonas,18,36,Cai,12.0,-0.43849531608121006,False,Léo Coelho,"LCB, RCB",ZE,32.0,14,1315,0.3403529411764706,False,10,1,14.0,1317.68,8716.49,354.03,126.84,6.08,40.03,6.01,14.55,0.96,23.63,28.99,31.24,34.31,115.71,138.69,274.01,11.66,0.98,1.72,47.0,82.0,85.0,79.0,85.0,91.0,100.0,71.0,100.0,68.0,57.0,71.0,85.0,94.0,62.0,91.0,100.0,100.0
2025,Amazonas,18,36,Cai,12.0,-0.43849531608121006,False,Gabriel Domingos,"LCMF, RCMF, DMF",MED,24.0,19,1180,0.3054117647058824,False,11,2,19.0,1182.37,9978.59,536.34,164.42,8.22,58.92,6.55,19.33,0.84,38.74,28.19,30.3,90.55,127.8,301.42,393.62,33.21,1.83,7.98,28.0,49.0,78.0,75.0,74.0,90.0,94.0,61.0,75.0,70.0,67.0,81.0,78.0,70.0,51.0,72.0,55.0,70.0
2025,Amazonas,18,36,Cai,12.0,-0.43849531608121006,False,Erick Varão,"LCMF, RCMF, RDMF",MED,29.0,18,1160,0.300235294117647,False,12,3,18.0,1152.36,9801.91,584.41,307.55,15.23,77.94,6.48,19.37,1.64,37.64,30.45,32.48,236.2,166.12,372.99,379.9,40.24,4.71,13.9,17.0,71.0,99.0,97.0,96.0,88.0,96.0,94.0,67.0,100.0,100.0,100.0,96.0,93.0,45.0,93.0,90.0,96.0
2025,Amazonas,18,36,Cai,12.0,-0.43849531608121006,False,Carlos Akapo,"RB, LB",LD,32.0,16,1062,0.2748705882352941,False,13,2,16.0,1062.56,9227.01,535.76,212.44,11.44,63.44,8.3,18.64,2.54,27.95,28.27,30.78,121.53,138.21,314.85,344.65,20.72,0.89,2.8,16.0,38.0,47.0,67.0,49.0,62.0,76.0,82.0,47.0,18.0,46.0,37.0,76.0,42.0,42.0,24.0,21.0,38.0
2025,Amazonas,18,36,Cai,12.0,-0.43849531608121006,False,Jackson,"CB, RCB",ZD,35.0,10,945,0.2445882352941176,False,14,2,10.0,945.6,8198.32,239.86,59.68,3.52,27.22,4.38,7.42,1.24,14.37,27.64,28.48,22.07,50.79,60.02,207.04,3.02,0.15,0.15,11.0,6.0,4.0,9.0,6.0,17.0,4.0,67.0,15.0,19.0,6.0,26.0,4.0,6.0,11.0,4.0,39.0,30.0
2025,Amazonas,18,36,Cai,12.0,-0.43849531608121006,False,Diego Zabala,"LW, LWF, CF",EE,33.0,17,906,0.2344941176470588,False,15,1,17.0,904.74,9525.6,492.77,150.8,7.76,53.61,6.07,13.43,0.8,30.34,27.56,29.36,119.96,78.26,352.49,280.07,33.46,5.12,15.07,28.0,8.0,8.0,6.0,8.0,10.0,6.0,12.0,18.0,10.0,20.0,28.0,14.0,40.0,10.0,36.0,48.0,52.0
2025,Amazonas,18,36,Cai,12.0,-0.43849531608121006,False,Rafael Vitor,"LCB, CB, RCB",ZE,32.0,12,899,0.2326823529411764,False,16,2,12.0,899.76,8364.78,271.38,72.62,4.5,29.41,4.7,7.7,0.5,15.0,28.19,30.2,20.54,72.17,63.74,282.41,2.91,0.16,0.16,9.0,15.0,15.0,26.0,9.0,26.0,7.0,18.0,21.0,28.0,31.0,12.0,29.0,6.0,71.0,3.0,35.0,18.0
2025,Amazonas,18,36,Cai,12.0,-0.43849531608121006,False,Bruno Ramires,"RCB, RB",ZD,31.0,9,758,0.1961882352941176,False,17,3,9.0,760.0500000000001,8585.03,268.33,97.57,4.74,31.5,5.21,9.83,1.3,14.21,29.59,31.06,29.52,101.42,112.81,215.33,9.27,0.31,0.46,30.0,17.0,41.0,33.0,31.0,51.0,44.0,70.0,13.0,74.0,61.0,48.0,54.0,67.0,15.0,74.0,65.0,61.0
2025,Amazonas,18,36,Cai,12.0,-0.43849531608121006,False,Guilherme Xavier,"LCMF, RCMF",MED,30.0,16,755,0.1954117647058823,False,18,4,16.0,756.16,9628.31,523.66,139.36,7.5,54.51,5.24,15.71,0.95,30.11,26.47,28.84,95.59,87.15,271.03,400.94,30.64,1.18,5.5,12.0,48.0,62.0,65.0,54.0,59.0,80.0,64.0,29.0,14.0,30.0,87.0,38.0,61.0,54.0,61.0,32.0,54.0
2025,Amazonas,18,36,Cai,12.0,-0.43849531608121006,False,Thomás Luciano,RB,LD,23.0,10,724,0.1873882352941176,False,19,3,10.0,724.9,9773.61,542.43,142.65,7.08,52.89,8.32,17.01,0.87,25.45,28.03,29.12,100.72,71.9,317.21,340.59,27.54,1.76,3.71,62.0,49.0,11.0,9.0,16.0,64.0,49.0,14.0,27.0,11.0,16.0,24.0,2.0,44.0,40.0,71.0,69.0,62.0
2025,Amazonas,18,36,Cai,12.0,-0.43849531608121006,False,Rafael Monteiro,"LB, LWB",LE,21.0,12,684,0.177035294117647,False,20,2,12.0,683.04,9162.59,442.59,169.84,8.56,53.23,7.12,16.73,0.4,26.35,29.98,32.06,102.34,107.23,204.01,308.6,13.92,0.0,2.21,23.0,19.0,34.0,28.0,21.0,45.0,45.0,4.0,45.0,77.0,76.0,38.0,43.0,13.0,32.0,9.0,3.0,17.0
2025,Amazonas,18,36,Cai,12.0,-0.43849531608121006,False,Robertinho,"LCMF, RCMF, DMF",MED,29.0,12,658,0.1703058823529412,False,21,5,12.0,667.3199999999999,9608.03,447.09,109.24,3.91,39.25,3.64,13.62,0.13,26.16,26.8,28.9,38.01,57.94,183.04,302.39,24.05,1.89,5.42,9.0,22.0,33.0,9.0,7.0,8.0,46.0,6.0,10.0,20.0,32.0,30.0,10.0,26.0,9.0,29.0,57.0,52.0
2025,Amazonas,18,36,Cai,12.0,-0.43849531608121006,False,Wellington,"RCB, CB",ZD,30.0,10,643,0.1664235294117647,False,22,4,10.0,644.9,8866.08,336.88,150.58,7.4,42.56,6.84,12.84,1.12,21.49,29.1,30.34,45.78,145.53,139.47,260.49,8.84,0.0,0.0,61.0,63.0,78.0,78.0,78.0,96.0,83.0,61.0,78.0,61.0,44.0,81.0,85.0,83.0,54.0,65.0,14.0,9.0
2025,Amazonas,18,36,Cai,12.0,-0.43849531608121006,False,Alyson,"LB, LWB",LE,29.0,6,567,0.1467529411764705,False,23,3,6.0,567.72,10004.32,561.05,260.95,12.68,65.47,6.02,15.54,0.79,24.73,30.52,30.74,169.12,171.4,311.45,384.99,25.34,2.25,8.38,94.0,72.0,87.0,83.0,72.0,15.0,34.0,17.0,26.0,96.0,38.0,87.0,98.0,70.0,81.0,66.0,82.0,91.0
2025,Amazonas,18,36,Cai,12.0,-0.43849531608121006,False,N. Linares,"LCMF, LDMF, RCMF",MED,29.0,7,486,0.1257882352941176,False,24,6,7.0,485.59,10519.94,487.1,72.47,4.08,42.82,3.71,14.46,0.0,34.48,26.19,26.86,35.74,58.63,211.1,369.36,27.43,1.98,5.62,74.0,35.0,7.0,12.0,14.0,13.0,62.0,3.0,52.0,10.0,7.0,25.0,12.0,33.0,38.0,41.0,58.0,55.0
2025,Amazonas,18,36,Cai,12.0,-0.43849531608121006,False,Diego Borges,LCB,ZE,20.0,5,444,0.1149176470588235,False,25,3,5.0,444.2000000000001,8028.38,247.38,45.18,3.04,26.95,4.46,7.7,1.62,16.61,26.7,26.7,15.13,45.64,80.08,224.17,6.3,0.0,0.0,3.0,6.0,3.0,6.0,6.0,15.0,7.0,94.0,47.0,3.0,3.0,3.0,6.0,15.0,24.0,32.0,7.0,4.0
2025,Amazonas,18,36,Cai,12.0,-0.43849531608121006,False,Iverton,"RCB, RCMF",ZD,24.0,6,435,0.1125882352941176,False,26,5,6.0,444.06000000000006,8253.03,306.87,117.96,4.46,30.81,5.47,10.74,0.61,18.85,28.38,29.58,49.71,55.65,103.45,191.03,5.85,0.0,0.0,13.0,37.0,57.0,26.0,26.0,62.0,54.0,30.0,57.0,35.0,28.0,85.0,7.0,50.0,4.0,28.0,14.0,9.0
2025,Amazonas,18,36,Cai,12.0,-0.43849531608121006,False,Fernando Neto,"LCMF, RCMF",MED,32.0,7,401,0.1037882352941176,False,27,7,7.0,402.92,10546.92,357.62,49.81,3.35,36.63,2.9,10.28,0.45,26.58,25.87,26.6,19.41,40.88,123.86,294.65,21.59,0.82,4.92,77.0,4.0,1.0,3.0,4.0,1.0,12.0,25.0,14.0,6.0,4.0,3.0,6.0,3.0,6.0,19.0,22.0,46.0
2025,Amazonas,18,36,Cai,12.0,-0.43849531608121006,False,Alex Sandro,"LAMF, LW, LWF",EE,29.0,7,389,0.1006823529411764,False,28,2,7.0,389.55,9560.78,494.4,182.51,10.4,64.23,8.32,22.64,1.16,29.8,29.66,30.2,118.29,88.2,305.74,284.89,34.39,6.57,17.2,32.0,10.0,18.0,28.0,22.0,52.0,86.0,20.0,12.0,60.0,30.0,24.0,16.0,20.0,12.0,52.0,76.0,76.0
2025,Amazonas,18,36,Cai,12.0,-0.43849531608121006,False,A. Rodríguez,CF,CA,30.0,9,387,0.1001647058823529,False,29,5,9.0,387.18,9011.0,481.89,147.84,9.07,60.21,10.69,17.9,0.93,29.52,27.86,29.52,127.17,70.58,314.84,286.53,26.51,6.99,14.73,19.0,24.0,22.0,31.0,33.0,91.0,66.0,25.0,21.0,23.0,26.0,47.0,23.0,43.0,33.0,19.0,26.0,15.0
2025,Amazonas,18,36,Cai,12.0,-0.43849531608121006,False,Gabriel Novaes,"CF, LAMF",CA,26.0,8,374,0.0968,False,30,6,8.0,376.32,9939.3,591.42,246.09,13.39,70.31,8.13,17.46,2.39,41.37,28.93,29.8,178.4,119.7,420.29,295.04,31.05,7.67,18.4,76.0,65.0,72.0,73.0,63.0,45.0,63.0,69.0,81.0,46.0,34.0,72.0,63.0,87.0,35.0,41.0,34.0,37.0
2025,Amazonas,18,36,Cai,12.0,-0.43849531608121006,False,William Barbio,"RB, RW",LD,32.0,10,367,0.0949882352941176,False,31,4,9.0,324.09,9371.48,513.48,207.17,9.72,57.21,6.66,13.05,2.22,22.77,28.4,30.22,167.02,97.15,293.59,322.33,20.41,0.43,2.61,31.0,22.0,42.0,29.0,24.0,22.0,7.0,73.0,4.0,20.0,29.0,80.0,27.0,33.0,24.0,22.0,7.0,27.0
2025,Amazonas,18,36,Cai,12.0,-0.43849531608121006,False,Cocote,"LW, LAMF, LCMF",EE,21.0,7,294,0.0760941176470588,False,32,3,7.0,294.28,10503.33,662.77,233.67,12.23,75.54,7.34,18.66,0.92,49.55,28.37,29.2,170.57,99.47,299.36,440.32,26.8,1.91,9.19,86.0,72.0,48.0,42.0,48.0,28.0,48.0,16.0,94.0,22.0,16.0,60.0,22.0,14.0,80.0,8.0,4.0,10.0
2025,Amazonas,18,36,Cai,12.0,-0.43849531608121006,False,Rodrigo Varanda,"LWF, RW, RWF",EE,22.0,4,269,0.0696235294117647,False,33,4,4.0,270.12,10140.29,722.35,253.22,13.66,79.97,6.0,17.66,1.0,39.65,29.65,29.65,180.31,127.65,508.3,399.94,43.61,2.64,9.69,,,,,,,,,,,,,,,,,,
2025,Amazonas,18,36,Cai,12.0,-0.43849531608121006,False,Matheus Blade,RCB,ZD,30.0,3,230,0.0595294117647058,False,34,6,3.0,230.49,9251.73,465.46,168.3,10.54,57.01,6.25,11.71,1.17,26.94,28.8,28.8,52.21,128.08,149.46,402.46,10.44,0.65,0.65,,,,,,,,,,,,,,,,,,
2025,Amazonas,18,36,Cai,12.0,-0.43849531608121006,False,Phillipe Guimarães,"DMF, RDMF, LDMF",VOL,34.0,5,223,0.0577176470588235,False,35,1,5.0,222.55,9684.33,390.62,85.73,5.66,46.1,4.45,15.77,0.4,36.39,26.72,26.72,17.7,90.16,63.13,407.62,5.9,0.59,1.77,26.0,21.0,29.0,50.0,50.0,29.0,86.0,31.0,81.0,31.0,2.0,7.0,55.0,2.0,64.0,2.0,35.0,38.0
2025,Amazonas,18,36,Cai,12.0,-0.43849531608121006,False,Luquinhas,"LW, RW, RAMF",EE,25.0,4,220,0.0569411764705882,False,36,5,4.0,218.88,10089.02,704.4,258.65,12.34,75.25,6.99,23.03,1.23,33.31,29.65,29.65,187.66,107.89,436.88,379.5,43.41,4.22,14.47,,,,,,,,,,,,,,,,,,
2025,Amazonas,18,36,Cai,12.0,-0.43849531608121006,False,Eliton Júnior,"AMF, CF, DMF",MEI,27.0,5,203,0.0525411764705882,False,37,1,5.0,203.2,10582.55,448.63,52.7,2.21,34.99,4.87,11.07,0.0,27.02,25.68,25.68,23.9,36.7,243.23,298.55,34.62,2.98,3.58,91.0,18.0,9.0,9.0,9.0,14.0,18.0,7.0,18.0,9.0,5.0,9.0,9.0,14.0,27.0,41.0,27.0,5.0
2025,Amazonas,18,36,Cai,12.0,-0.43849531608121006,False,Kiko,"LW, LAMF, CF",EE,28.0,7,202,0.0522823529411764,False,38,6,7.0,202.23,9626.8,528.74,157.55,10.24,62.31,6.68,16.47,0.45,40.95,28.39,29.08,96.67,96.33,330.61,292.37,29.53,1.55,10.1,38.0,18.0,12.0,24.0,18.0,14.0,20.0,6.0,52.0,24.0,14.0,10.0,18.0,30.0,16.0,20.0,2.0,18.0
2025,Amazonas,18,36,Cai,12.0,-0.43849531608121006,False,R. Durmisi,LB,LE,31.0,4,190,0.0491764705882352,False,39,4,4.0,189.88,9615.54,582.52,174.9,11.85,66.36,8.06,19.43,0.95,21.33,28.7,28.7,45.74,174.26,308.21,428.3,18.4,0.68,2.73,,,,,,,,,,,,,,,,,,
2025,Amazonas,18,36,Cai,12.0,-0.43849531608121006,False,Digão,LB,LE,28.0,3,189,0.0489176470588235,False,40,5,3.0,188.34,9521.79,551.9,119.46,9.56,64.51,9.08,24.37,1.43,32.01,27.53,27.53,71.16,84.54,301.62,397.33,23.29,2.33,8.54,,,,,,,,,,,,,,,,,,
2025,Amazonas,18,36,Cai,12.0,-0.43849531608121006,False,Vitão,"CF, RB",CA,25.0,6,124,0.0320941176470588,False,41,7,5.0,121.05,10093.03,834.09,216.33,14.87,82.52,8.92,18.58,0.74,38.66,27.54,27.54,112.7,174.51,420.25,581.37,35.86,6.9,24.83,85.0,98.0,52.0,83.0,90.0,70.0,78.0,15.0,72.0,20.0,2.0,40.0,88.0,86.0,98.0,73.0,24.0,91.0
2025,Amazonas,18,36,Cai,12.0,-0.43849531608121006,False,S. Viera,RB,LD,27.0,3,110,0.0284705882352941,False,42,5,3.0,109.77,10253.93,591.98,191.86,8.2,56.57,8.2,13.94,4.92,27.88,26.8,26.8,160.82,92.2,344.61,404.59,43.14,3.92,3.92,,,,,,,,,,,,,,,,,,
2025,Amazonas,18,36,Cai,12.0,-0.43849531608121006,False,Tiago Cametá,RB,LD,33.0,2,75,0.0194117647058823,False,43,6,2.0,74.76,8724.74,237.14,61.39,3.61,28.89,4.81,13.24,0.0,19.26,27.05,27.05,10.42,46.23,71.46,172.3,11.9,0.0,0.0,,,,,,,,,,,,,,,,,,
2025,Amazonas,18,36,Cai,12.0,-0.43849531608121006,False,Raimar,"LB, LW",LE,23.0,2,70,0.0181176470588235,False,44,6,2.0,69.14,8924.06,791.51,328.06,13.02,74.2,5.21,9.11,0.0,28.64,29.35,29.35,548.01,183.05,1083.37,462.44,79.94,4.21,21.04,,,,,,,,,,,,,,,,,,
2025,Amazonas,18,36,Cai,12.0,-0.43849531608121006,False,H. Rojas Santos,"LCMF, CF",MED,20.0,2,48,0.0124235294117647,False,45,8,2.0,47.54,9647.32,480.76,227.13,9.46,56.78,13.25,30.28,3.79,30.28,30.15,30.15,97.14,164.81,560.0,260.09,62.94,12.59,54.55,,,,,,,,,,,,,,,,,,
2025,Amazonas,18,36,Cai,12.0,-0.43849531608121006,False,Diogo Carlos,"RCMF, RWF",MED,31.0,1,37,0.0095764705882352,False,46,9,1.0,37.35,9428.92,474.7,303.61,19.28,89.16,9.64,21.69,4.82,45.78,30.1,30.1,202.74,273.68,331.51,400.0,62.96,5.47,13.69,,,,,,,,,,,,,,,,,,
2025,Amazonas,18,36,Cai,12.0,-0.43849531608121006,False,Wendell,RW,ED,22.0,1,11,0.0028470588235294,False,47,2,1.0,11.22,11843.09,882.62,296.88,24.07,136.4,16.05,24.07,8.02,80.24,26.0,26.0,64.67,232.84,194.01,743.28,32.37,10.79,0.0,,,,,,,,,,,,,,,,,,
2025,América-MG,14,46,Meio,5.0,-0.2729286899575676,False,Lucão,LCB,ZE,29.0,37,3750,0.9581436402490012,True,1,1,36.0,3656.52,9057.51,386.77,122.47,6.87,42.41,5.14,10.58,0.94,19.69,28.68,30.88,38.72,118.3,148.37,322.28,11.33,0.12,0.21,88.0,100.0,71.0,93.0,97.0,62.0,62.0,68.0,79.0,47.0,50.0,88.0,88.0,100.0,100.0,88.0,21.0,24.0
2025,América-MG,14,46,Meio,5.0,-0.2729286899575676,False,Ricardo Silva,RCB,ZD,33.0,29,2859,0.7304887113258385,True,2,1,28.0,2763.88,8934.93,332.26,114.26,5.7,37.28,4.72,9.44,0.88,18.2,29.3,31.5,27.49,119.08,106.55,292.3,10.13,0.16,0.24,69.0,57.0,52.0,52.0,50.0,30.0,33.0,54.0,52.0,67.0,70.0,39.0,65.0,56.0,69.0,81.0,41.0,35.0
2025,América-MG,14,46,Meio,5.0,-0.2729286899575676,False,Willian,CF,CA,38.0,33,2604,0.6653349437889065,True,3,1,32.0,2511.68,9331.75,569.08,194.93,11.14,67.36,8.06,18.53,1.4,37.37,28.83,30.84,125.22,107.65,344.34,343.0,36.42,8.44,21.02,48.0,58.0,43.0,48.0,52.0,43.0,77.0,40.0,63.0,44.0,55.0,44.0,56.0,57.0,56.0,78.0,43.0,63.0
2025,América-MG,14,46,Meio,5.0,-0.2729286899575676,False,Júlio César,"RB, RCB",LD,21.0,31,2474,0.6321192975936077,True,4,1,29.0,2422.95,9229.96,431.35,142.09,7.28,48.07,5.53,11.85,0.85,23.37,29.11,31.06,59.22,119.94,175.64,347.22,15.63,1.15,2.02,18.0,7.0,9.0,11.0,9.0,4.0,4.0,11.0,9.0,47.0,57.0,9.0,53.0,7.0,47.0,9.0,42.0,13.0
2025,América-MG,14,46,Meio,5.0,-0.2729286899575676,False,Miguelito,"RW, AMF, LAMF",ED,21.0,25,1987,0.5076883768466041,False,5,1,24.0,1913.04,10526.0,651.97,226.9,12.28,74.1,6.45,15.48,1.18,42.39,29.2,30.92,156.47,124.12,350.31,457.97,38.83,5.13,12.54,94.0,65.0,50.0,67.0,58.0,10.0,13.0,15.0,67.0,52.0,38.0,46.0,63.0,29.0,87.0,77.0,62.0,60.0
2025,América-MG,14,46,Meio,5.0,-0.2729286899575676,False,Kauã Diniz,"RCMF, DMF, LCMF",MED,21.0,27,1927,0.49235807860262,False,6,1,26.0,1857.96,9930.98,594.45,190.28,9.2,59.29,4.65,14.24,0.97,30.96,28.33,30.76,94.16,147.69,277.31,482.33,29.51,1.77,5.78,25.0,77.0,88.0,86.0,77.0,38.0,57.0,66.0,36.0,78.0,86.0,86.0,93.0,65.0,84.0,52.0,54.0,58.0
2025,América-MG,14,46,Meio,5.0,-0.2729286899575676,False,Figueiredo,"LW, LAMF, CF",EE,23.0,21,1841,0.4703846511195763,False,7,1,21.0,1844.01,9766.67,624.55,270.13,13.76,75.89,8.1,17.03,2.39,38.56,30.2,32.36,187.0,140.5,360.61,402.05,35.09,4.99,15.26,52.0,58.0,64.0,60.0,54.0,42.0,26.0,75.0,44.0,88.0,91.0,64.0,64.0,44.0,72.0,62.0,44.0,54.0
2025,América-MG,14,46,Meio,5.0,-0.2729286899575676,False,Miquéias,"RCMF, RDMF",MED,24.0,28,1787,0.4565873826999906,False,8,2,27.0,1758.5099999999998,10000.18,553.29,218.28,9.67,61.62,4.76,12.18,1.23,28.76,29.02,31.8,162.79,94.17,309.62,369.16,36.59,2.26,6.46,30.0,57.0,96.0,88.0,83.0,43.0,28.0,90.0,25.0,96.0,96.0,97.0,43.0,72.0,36.0,78.0,64.0,64.0
2025,América-MG,14,46,Meio,5.0,-0.2729286899575676,False,Mariano,"RB, RWB",LD,39.0,21,1623,0.4146845674997677,False,9,2,21.0,1627.29,8930.61,360.15,85.5,5.09,38.99,5.81,14.1,1.33,24.5,27.2,29.16,32.37,73.28,128.75,306.05,11.51,0.26,0.72,4.0,2.0,2.0,2.0,2.0,7.0,18.0,33.0,18.0,2.0,18.0,2.0,4.0,2.0,18.0,4.0,2.0,7.0
2025,América-MG,14,46,Meio,5.0,-0.2729286899575676,False,Cauan Barros,"LCMF, LDMF, DMF",MED,21.0,17,1551,0.3962882096069869,False,10,3,17.0,1554.14,10270.69,475.8,84.2,4.05,41.58,3.82,9.84,0.41,27.68,26.62,27.82,33.63,68.62,166.94,441.08,20.16,1.23,3.69,54.0,33.0,12.0,10.0,9.0,16.0,9.0,20.0,21.0,17.0,12.0,19.0,19.0,20.0,71.0,16.0,36.0,28.0
2025,América-MG,14,46,Meio,5.0,-0.2729286899575676,False,Felipe Amaral,"LCMF, DMF, LDMF",MED,22.0,21,1533,0.3916891201337917,False,11,4,20.0,1434.0,10445.69,552.95,159.42,8.35,57.49,3.51,9.6,0.56,36.72,28.3,30.28,25.26,182.62,145.12,545.21,17.17,0.72,2.32,67.0,55.0,77.0,77.0,70.0,4.0,5.0,38.0,65.0,75.0,65.0,7.0,97.0,12.0,97.0,10.0,19.0,14.0
2025,América-MG,14,46,Meio,5.0,-0.2729286899575676,False,Stênio,"RW, RAMF, LW",ED,22.0,29,1502,0.3837684660410666,False,12,2,28.0,1498.84,10229.7,664.51,334.69,16.57,87.55,9.43,21.38,3.72,45.93,30.8,33.76,243.44,144.58,402.66,370.06,33.74,5.11,11.12,81.0,69.0,88.0,88.0,88.0,79.0,75.0,93.0,85.0,90.0,94.0,88.0,75.0,67.0,63.0,44.0,60.0,38.0
2025,América-MG,14,46,Meio,5.0,-0.2729286899575676,False,F. Elizari,"AMF, LCMF, CF",MEI,34.0,23,1220,0.3117160642943417,False,13,1,23.0,1219.46,10251.01,525.08,112.26,7.45,56.91,5.83,16.61,0.59,39.34,26.88,29.38,65.41,64.31,286.09,336.5,41.72,4.72,13.03,55.0,41.0,23.0,41.0,45.0,41.0,86.0,18.0,59.0,23.0,43.0,27.0,32.0,32.0,45.0,82.0,55.0,64.0
2025,América-MG,14,46,Meio,5.0,-0.2729286899575676,False,Yago,"LCMF, LW",MED,19.0,18,1044,0.2667471894453219,False,14,5,15.0,860.7,9949.42,563.04,149.83,7.95,57.61,7.63,15.37,1.57,41.2,28.67,30.24,91.7,96.37,316.14,389.81,25.5,2.04,8.16,26.0,61.0,72.0,71.0,71.0,97.0,75.0,93.0,83.0,90.0,64.0,83.0,51.0,77.0,49.0,33.0,59.0,71.0
2025,América-MG,14,46,Meio,5.0,-0.2729286899575676,False,Arthur Sousa,CF,CA,22.0,19,984,0.2514168912013379,False,15,2,18.0,973.08,9587.31,503.26,217.55,11.47,65.95,6.66,15.08,1.39,34.41,29.08,31.7,133.72,134.38,269.99,362.56,36.72,12.12,25.56,58.0,34.0,53.0,50.0,44.0,15.0,28.0,38.0,48.0,52.0,76.0,55.0,72.0,16.0,67.0,79.0,92.0,94.0
2025,América-MG,14,46,Meio,5.0,-0.2729286899575676,False,Fabinho,"RW, RAMF, RWF",ED,25.0,12,845,0.2159017002694416,False,16,3,12.0,847.08,9271.73,493.59,205.79,10.52,62.68,9.46,20.61,2.34,30.6,30.02,31.94,157.16,90.51,324.3,264.98,31.54,5.48,14.09,13.0,10.0,37.0,25.0,17.0,81.0,69.0,65.0,10.0,71.0,69.0,48.0,25.0,17.0,8.0,29.0,71.0,79.0
2025,América-MG,14,46,Meio,5.0,-0.2729286899575676,False,Emerson Santos,"CB, LCB, RCB",ZD,30.0,12,678,0.1732323701570194,False,17,2,11.0,665.83,8537.19,318.18,108.94,5.27,35.95,5.41,13.11,0.41,16.76,26.39,28.96,33.37,94.64,113.15,255.1,8.04,0.0,0.0,28.0,48.0,46.0,39.0,43.0,59.0,91.0,14.0,31.0,4.0,14.0,61.0,43.0,69.0,50.0,57.0,14.0,9.0
2025,América-MG,14,46,Meio,5.0,-0.2729286899575676,False,F. Labandeira,"LW, RAMF, LAMF",EE,29.0,12,674,0.1722103502740871,False,18,2,12.0,676.08,9825.35,712.95,271.95,15.17,84.39,10.25,25.56,2.8,43.13,29.19,30.46,163.75,177.35,438.2,453.91,41.98,6.16,14.93,56.0,86.0,68.0,72.0,78.0,88.0,94.0,86.0,66.0,54.0,40.0,56.0,92.0,82.0,82.0,90.0,70.0,50.0
2025,América-MG,14,46,Meio,5.0,-0.2729286899575676,False,C. Ortiz,"LCMF, CF, AMF",MED,32.0,12,516,0.1318405648982625,False,19,6,11.0,441.65,9987.59,649.61,72.54,4.48,53.18,4.69,13.86,0.0,31.38,25.97,27.08,27.04,72.33,335.66,586.96,39.85,5.34,15.2,29.0,86.0,9.0,17.0,49.0,39.0,49.0,3.0,39.0,7.0,10.0,9.0,22.0,81.0,99.0,90.0,94.0,99.0
2025,América-MG,14,46,Meio,5.0,-0.2729286899575676,False,Maguinho,"RB, RWB",LD,33.0,6,450,0.1149772368298801,False,20,3,5.0,400.35,9296.45,561.13,248.64,13.71,71.49,9.22,17.54,2.92,25.85,30.58,30.58,150.07,150.81,313.12,439.42,25.04,2.11,5.01,20.0,51.0,76.0,91.0,84.0,87.0,58.0,91.0,31.0,91.0,36.0,69.0,84.0,40.0,96.0,47.0,82.0,80.0
2025,América-MG,14,46,Meio,5.0,-0.2729286899575676,False,Thauan,"CF, RW, LWF",CA,21.0,7,417,0.1065455727956889,False,21,3,7.0,417.13,9506.69,678.16,252.45,15.97,85.23,11.44,20.28,3.02,40.78,30.11,31.14,192.7,140.99,433.58,406.55,31.89,3.37,13.19,55.0,84.0,77.0,92.0,92.0,95.0,92.0,87.0,79.0,80.0,60.0,84.0,74.0,94.0,83.0,49.0,5.0,10.0
2025,América-MG,14,46,Meio,5.0,-0.2729286899575676,False,Rafa Silva,CF,CA,33.0,10,408,0.1042460280590913,False,22,4,10.0,408.1,8639.65,411.96,157.68,8.16,50.06,9.04,16.1,1.98,28.45,29.0,30.14,98.47,97.89,236.65,278.27,27.28,10.75,20.94,6.0,9.0,30.0,21.0,13.0,76.0,45.0,59.0,13.0,50.0,40.0,24.0,47.0,6.0,27.0,22.0,76.0,60.0
2025,América-MG,14,46,Meio,5.0,-0.2729286899575676,False,Jhosefer,"RCMF, RW",MED,21.0,12,393,0.1004134534980953,False,23,7,11.0,366.3,10512.74,731.06,280.38,15.24,86.74,10.81,20.89,3.19,47.92,28.56,30.06,134.93,203.69,373.52,490.57,39.87,6.11,10.37,72.0,97.0,97.0,99.0,99.0,100.0,99.0,100.0,91.0,87.0,58.0,96.0,100.0,94.0,87.0,91.0,100.0,81.0
2025,América-MG,14,46,Meio,5.0,-0.2729286899575676,False,Yago Santos,"LCMF, CF, RW",MED,22.0,12,303,0.0774180061321193,False,24,8,14.0,401.52,11112.47,721.32,166.77,9.64,68.81,7.62,16.14,0.67,52.68,28.08,30.52,75.69,129.35,338.68,510.34,44.02,3.76,10.54,99.0,94.0,80.0,87.0,90.0,96.0,86.0,51.0,97.0,67.0,78.0,70.0,81.0,83.0,91.0,99.0,75.0,83.0
2025,América-MG,14,46,Meio,5.0,-0.2729286899575676,False,Samuel Alves,RB,LD,21.0,5,269,0.068730837127195,False,25,4,5.0,269.95,9065.57,592.81,183.05,10.34,64.68,8.67,17.34,0.67,29.67,27.38,27.38,107.39,134.85,334.21,438.81,27.79,0.46,2.73,9.0,67.0,29.0,44.0,58.0,79.0,56.0,9.0,56.0,4.0,2.0,27.0,69.0,56.0,93.0,76.0,9.0,29.0
2025,América-MG,14,46,Meio,5.0,-0.2729286899575676,False,Rafael Barcelos,"RWB, LCB, LB",LD,21.0,5,264,0.0674533122735296,False,26,5,5.0,264.35,9305.98,447.05,144.02,7.49,46.99,9.53,14.98,1.7,24.85,29.34,29.34,59.32,98.98,190.42,294.59,15.44,1.49,2.49,22.0,9.0,13.0,16.0,7.0,91.0,24.0,50.0,22.0,58.0,22.0,11.0,29.0,9.0,9.0,7.0,47.0,23.0
2025,América-MG,14,46,Meio,5.0,-0.2729286899575676,False,Aloísio,"LCMF, DMF, LW",MED,29.0,7,244,0.0623432128588683,False,27,9,7.0,243.81,10482.53,567.02,78.63,4.43,48.73,4.43,11.44,0.37,36.55,25.61,26.7,23.69,82.89,223.0,482.35,28.21,0.49,0.97,70.0,65.0,10.0,16.0,36.0,28.0,19.0,15.0,64.0,4.0,6.0,4.0,35.0,38.0,86.0,46.0,14.0,3.0
2025,América-MG,14,46,Meio,5.0,-0.2729286899575676,False,Héber,"CF, RWF",CA,33.0,5,171,0.0436913499953544,False,28,5,5.0,171.4,9030.63,418.45,123.38,6.83,54.6,8.4,23.1,0.0,29.93,27.3,27.3,80.82,69.3,280.49,217.42,37.47,11.3,27.36,20.0,10.0,15.0,14.0,21.0,55.0,95.0,1.0,26.0,14.0,1.0,14.0,21.0,20.0,8.0,83.0,84.0,97.0
2025,América-MG,14,46,Meio,5.0,-0.2729286899575676,False,David José,"CF, LAMF",CA,23.0,6,144,0.0367927157855616,False,29,6,6.0,143.22,10178.49,737.13,347.52,14.45,89.86,7.54,23.25,3.77,39.59,30.68,31.56,238.13,129.77,392.75,425.73,41.05,9.12,20.2,90.0,91.0,98.0,79.0,94.0,33.0,97.0,98.0,77.0,87.0,72.0,92.0,67.0,79.0,85.0,90.0,52.0,53.0
2025,América-MG,14,46,Meio,5.0,-0.2729286899575676,False,Renato Marques,"RCMF, LAMF, LWF",MED,21.0,4,75,0.01916287280498,False,30,10,4.0,74.2,9682.63,617.52,213.53,9.71,65.51,8.49,14.56,4.85,41.25,28.02,28.02,104.9,233.97,376.22,404.14,40.5,15.36,20.95,,,,,,,,,,,,,,,,,,
2025,América-MG,14,46,Meio,5.0,-0.2729286899575676,False,Dalbert,LB,LE,31.0,3,65,0.0166078230976493,False,31,1,3.0,65.16,9497.65,755.45,323.17,16.57,85.63,11.05,22.1,4.14,27.62,28.93,28.93,105.43,335.14,475.4,610.81,24.14,2.41,4.83,,,,,,,,,,,,,,,,,,
2025,América-MG,14,46,Meio,5.0,-0.2729286899575676,False,Guilherme Pato,"LW, CF, LCMF",EE,24.0,2,49,0.0125197435659202,False,32,3,2.0,48.56,9602.88,624.5,342.83,16.68,85.24,7.41,22.24,1.85,44.47,29.3,29.3,192.92,212.52,269.72,495.89,33.67,5.61,13.09,,,,,,,,,,,,,,,,,,
2025,América-MG,14,46,Meio,5.0,-0.2729286899575676,False,Gustavinho,"RW, AMF",ED,23.0,2,46,0.011753228653721,False,33,4,2.0,46.22,9732.85,278.47,66.21,1.95,35.05,5.84,15.58,0.0,42.84,23.65,23.65,64.35,16.36,168.45,302.73,32.14,9.45,15.12,,,,,,,,,,,,,,,,,,
2025,América-MG,14,46,Meio,5.0,-0.2729286899575676,False,Kauan Cristtyan,"RAMF, LW",ED,19.0,2,30,0.007665149121992,False,34,5,2.0,30.14,10355.22,626.87,152.24,11.94,77.61,11.94,23.88,2.99,38.81,27.2,27.2,73.68,142.29,363.16,384.19,39.74,7.95,15.89,,,,,,,,,,,,,,,,,,
2025,América-MG,14,46,Meio,5.0,-0.2729286899575676,False,Pedro Barcelos,LB,LE,29.0,1,29,0.0074096441512589,False,35,2,1.0,29.47,10509.84,571.15,216.86,12.22,67.19,3.05,15.27,0.0,33.6,28.1,28.1,11.87,290.18,102.86,616.62,11.86,0.0,0.0,,,,,,,,,,,,,,,,,,
2025,América-MG,14,46,Meio,5.0,-0.2729286899575676,False,Jhonnatan,"RW, RWF",ED,20.0,2,19,0.0048545944439282,False,36,6,2.0,18.6,11080.65,987.1,382.26,14.52,116.13,9.68,38.71,0.0,72.58,30.2,30.2,76.96,341.18,457.48,635.29,59.83,8.55,21.37,,,,,,,,,,,,,,,,,,
2025,Athletic,15,44,Meio,11.0,-0.25515217038773663,False,Sidimar,"LCB, RCB",ZE,33.0,35,3401,0.8923102609359347,True,1,1,33.0,3199.35,8890.71,349.93,84.17,4.84,35.87,4.61,9.14,0.48,15.05,27.61,29.5,19.29,83.41,90.94,318.87,7.17,0.16,0.27,76.0,76.0,24.0,41.0,56.0,21.0,32.0,10.0,24.0,15.0,18.0,6.0,41.0,26.0,94.0,54.0,35.0,34.0
2025,Athletic,15,44,Meio,11.0,-0.25515217038773663,False,Sandry,"RDMF, LDMF",VOL,23.0,30,2710,0.7110146448504507,True,2,1,27.0,2437.56,10235.54,461.4,89.02,4.5,42.06,3.8,12.37,0.63,31.05,26.97,29.0,36.17,72.7,153.52,418.6,23.18,0.55,1.53,74.0,55.0,33.0,33.0,33.0,10.0,31.0,56.0,62.0,38.0,38.0,38.0,36.0,36.0,76.0,69.0,25.0,30.0
2025,Athletic,15,44,Meio,11.0,-0.25515217038773663,False,Douglas Pelé,RB,LD,26.0,32,2688,0.7052425702428088,True,3,1,29.0,2424.98,9955.34,621.31,294.64,14.88,76.86,8.5,17.89,2.23,32.73,30.45,32.82,205.1,158.43,356.16,385.64,27.87,1.65,2.79,82.0,76.0,96.0,96.0,96.0,73.0,62.0,76.0,80.0,89.0,93.0,93.0,93.0,82.0,76.0,78.0,62.0,36.0
2025,Athletic,15,44,Meio,11.0,-0.25515217038773663,False,Rodrigo Gelado,LB,LE,21.0,27,2386,0.6260077279015408,True,4,1,25.0,2187.75,9399.25,517.35,191.74,10.49,61.01,8.8,19.91,2.43,25.09,29.96,32.72,123.75,103.06,255.71,348.99,20.96,1.17,3.4,51.0,51.0,40.0,59.0,53.0,91.0,91.0,90.0,30.0,72.0,96.0,57.0,38.0,36.0,60.0,28.0,45.0,31.0
2025,Athletic,15,44,Meio,11.0,-0.25515217038773663,False,Welinton Torrão,"RAMF, RWF, RW",ED,26.0,31,2366,0.620760387349139,True,5,1,28.0,2152.92,10166.99,658.31,447.54,20.98,98.03,11.33,23.07,4.35,41.84,32.6,35.24,364.42,186.47,435.02,359.8,40.65,7.2,13.16,73.0,67.0,100.0,100.0,98.0,94.0,90.0,100.0,62.0,100.0,100.0,100.0,87.0,79.0,60.0,87.0,90.0,69.0
2025,Athletic,15,44,Meio,11.0,-0.25515217038773663,False,David Braga,"AMF, CF, RAMF",MEI,23.0,33,2303,0.6042312646090732,True,6,1,30.0,2096.1000000000004,10851.66,657.15,184.98,10.48,69.52,5.97,15.2,0.86,42.42,28.22,31.08,162.22,60.77,449.25,343.55,46.01,6.09,13.4,100.0,91.0,73.0,77.0,91.0,45.0,59.0,32.0,77.0,59.0,73.0,100.0,27.0,95.0,55.0,95.0,68.0,68.0
2025,Athletic,15,44,Meio,11.0,-0.25515217038773663,False,Ronaldo Tavares,CF,CA,27.0,25,2037,0.5344416352621285,False,7,1,22.0,1799.8200000000002,9161.34,484.93,239.02,12.5,66.15,9.05,15.9,2.8,30.9,31.01,32.88,188.69,94.93,311.06,252.3,32.33,10.99,21.0,34.0,28.0,70.0,62.0,45.0,77.0,42.0,79.0,32.0,92.0,94.0,81.0,41.0,37.0,16.0,56.0,79.0,62.0
2025,Athletic,15,44,Meio,11.0,-0.25515217038773663,False,Marcelo Ajul,RCB,ZD,22.0,24,2021,0.530243762820207,False,8,1,22.0,1825.56,8918.13,332.49,91.11,5.67,38.85,5.92,11.88,1.18,20.11,28.5,30.5,23.94,83.41,111.03,269.42,10.95,0.24,0.32,67.0,59.0,35.0,50.0,57.0,78.0,70.0,63.0,70.0,44.0,50.0,30.0,37.0,63.0,57.0,85.0,50.0,45.0
2025,Athletic,15,44,Meio,11.0,-0.25515217038773663,False,Yuri,LB,LE,29.0,25,1751,0.459404665362782,False,9,2,23.0,1646.5700000000002,9576.88,520.05,217.39,10.82,62.26,6.23,16.89,0.98,26.84,29.71,32.18,99.96,168.98,260.84,367.95,20.5,2.83,5.82,57.0,53.0,74.0,66.0,60.0,19.0,51.0,23.0,49.0,63.0,85.0,36.0,96.0,40.0,68.0,26.0,94.0,72.0
2025,Athletic,15,44,Meio,11.0,-0.25515217038773663,False,Fabrício Isidoro,"RDMF, LDMF, RCMF",VOL,33.0,20,1508,0.3956494776510995,False,10,2,18.0,1366.38,10126.7,385.19,55.59,2.9,37.02,3.49,10.21,0.13,31.02,25.66,26.98,19.3,44.45,106.75,346.19,18.81,1.11,1.88,67.0,19.0,5.0,5.0,17.0,5.0,7.0,12.0,57.0,2.0,7.0,14.0,5.0,19.0,40.0,40.0,62.0,48.0
2025,Athletic,15,44,Meio,11.0,-0.25515217038773663,False,Neto Costa,CF,CA,28.0,33,1502,0.394075275485379,False,11,2,29.0,1383.59,8994.6,439.64,152.47,7.15,52.17,8.52,16.13,1.3,30.57,28.12,30.46,109.62,81.49,256.07,300.94,24.12,9.22,17.79,16.0,14.0,26.0,15.0,17.0,62.0,47.0,35.0,28.0,29.0,46.0,35.0,31.0,12.0,40.0,9.0,53.0,34.0
2025,Athletic,15,44,Meio,11.0,-0.25515217038773663,False,Wesley Gasolina,"RB, RWB",LD,25.0,21,1241,0.3255974812765348,False,12,2,20.0,1207.0,9451.83,506.98,216.1,10.51,59.88,7.75,16.63,1.72,26.84,29.52,31.88,135.74,107.38,287.66,296.13,21.64,1.02,1.66,36.0,18.0,49.0,47.0,38.0,53.0,40.0,56.0,44.0,71.0,80.0,47.0,40.0,31.0,11.0,29.0,33.0,9.0
2025,Athletic,15,44,Meio,11.0,-0.25515217038773663,False,Amorim,"RDMF, LCMF, RCMF",VOL,20.0,14,1159,0.3040833850116872,False,13,3,13.0,1082.9,10373.96,492.19,105.47,5.15,46.96,4.74,11.22,0.83,33.25,27.28,28.38,67.98,62.21,307.61,307.42,38.56,2.11,7.76,86.0,69.0,43.0,40.0,52.0,45.0,17.0,67.0,67.0,45.0,26.0,86.0,26.0,98.0,21.0,100.0,83.0,98.0
2025,Athletic,15,44,Meio,11.0,-0.25515217038773663,False,Fernando Martínez,"LDMF, DMF, RDMF",VOL,31.0,18,943,0.2474121070457472,False,14,4,17.0,862.24,9988.86,471.59,115.44,7.83,52.29,4.91,17.85,0.63,29.85,27.62,29.92,30.53,116.07,131.87,445.94,12.9,0.55,1.45,62.0,64.0,55.0,86.0,74.0,52.0,98.0,56.0,48.0,50.0,61.0,29.0,81.0,26.0,81.0,17.0,25.0,26.0
2025,Athletic,15,44,Meio,11.0,-0.25515217038773663,False,Diego Fumaça,"LDMF, RCMF, LCMF",VOL,30.0,11,850,0.2230119734770786,False,15,5,10.0,827.6999999999999,10232.5,536.73,112.76,6.52,51.65,4.46,16.64,0.98,36.97,27.2,28.28,33.64,101.28,176.86,472.78,22.38,0.15,1.23,71.0,88.0,48.0,67.0,71.0,31.0,95.0,81.0,86.0,43.0,23.0,36.0,67.0,52.0,90.0,62.0,5.0,19.0
2025,Athletic,15,44,Meio,11.0,-0.25515217038773663,False,Alex Nascimento,LCB,ZE,26.0,9,712,0.1868053236655059,False,16,2,8.0,633.04,8886.16,265.16,63.41,3.84,30.71,5.4,9.1,0.43,20.19,27.57,28.64,21.83,58.76,90.33,244.89,6.69,0.17,0.34,71.0,12.0,9.0,15.0,21.0,71.0,29.0,6.0,82.0,12.0,6.0,21.0,12.0,24.0,32.0,38.0,43.0,47.0
2025,Athletic,15,44,Meio,11.0,-0.25515217038773663,False,Jhonatan Silva,"RCB, LCB",ZD,26.0,10,694,0.1820827171683442,False,17,2,8.0,572.0,8419.47,269.36,88.58,5.98,36.03,5.66,10.38,1.26,17.46,27.75,29.3,27.87,80.58,77.15,232.47,8.56,0.0,0.0,24.0,19.0,31.0,54.0,44.0,67.0,48.0,69.0,44.0,20.0,19.0,41.0,33.0,19.0,26.0,63.0,14.0,9.0
2025,Athletic,15,44,Meio,11.0,-0.25515217038773663,False,Alason Carioca,"LAMF, LWB",EE,26.0,18,640,0.1679148976768592,False,18,1,17.0,615.74,10312.23,716.82,297.31,17.1,90.33,9.06,26.75,1.9,49.26,29.88,31.64,189.55,166.06,473.31,407.79,43.43,5.86,17.81,84.0,88.0,76.0,94.0,90.0,71.0,98.0,40.0,92.0,74.0,71.0,68.0,86.0,90.0,74.0,92.0,62.0,82.0
2025,Athletic,15,44,Meio,11.0,-0.25515217038773663,False,Ezequiel,"LAMF, CF, LWF",EE,27.0,19,601,0.1576825835996756,False,19,2,17.0,549.61,9760.18,607.51,240.55,14.25,81.22,9.99,17.36,2.13,45.85,28.81,31.36,138.15,142.14,348.73,395.29,38.95,4.95,13.56,50.0,48.0,52.0,70.0,70.0,84.0,28.0,58.0,74.0,34.0,60.0,40.0,66.0,38.0,68.0,82.0,42.0,40.0
2025,Athletic,15,44,Meio,11.0,-0.25515217038773663,False,Alessio Da Cruz,"AMF, LAMF, CF",MEI,28.0,12,599,0.1571578495444354,False,20,2,10.0,471.7000000000001,10267.34,640.83,208.9,10.49,68.3,6.1,13.55,0.76,42.16,27.88,29.88,154.13,101.62,400.85,409.04,38.28,6.48,16.31,59.0,82.0,91.0,82.0,86.0,59.0,41.0,23.0,73.0,48.0,50.0,95.0,55.0,91.0,73.0,64.0,77.0,86.0
2025,Athletic,15,44,Meio,11.0,-0.25515217038773663,False,Chico Geraldes,"AMF, LCMF",MEI,30.0,10,519,0.136168487334828,False,21,3,9.0,482.13,10230.88,484.19,117.59,6.16,51.89,5.41,10.45,0.93,40.32,26.78,28.18,86.27,48.32,295.16,286.23,42.43,9.09,16.09,50.0,27.0,27.0,23.0,32.0,23.0,9.0,41.0,64.0,18.0,23.0,41.0,23.0,36.0,23.0,86.0,100.0,82.0
2025,Athletic,15,44,Meio,11.0,-0.25515217038773663,False,Edson Miranda,RCB,ZD,26.0,5,467,0.1225254018985832,False,22,3,5.0,466.4,8814.05,323.02,112.69,6.75,40.52,5.21,11.38,0.39,17.17,28.96,28.96,16.84,121.83,85.25,278.43,3.8,0.63,0.63,52.0,50.0,50.0,65.0,61.0,51.0,65.0,11.0,35.0,59.0,14.0,7.0,67.0,22.0,61.0,11.0,91.0,76.0
2025,Athletic,15,44,Meio,11.0,-0.25515217038773663,False,Gabriel Ferreira,"RCB, CB",ZD,28.0,6,425,0.1115059867385393,False,23,4,6.0,424.86,9239.17,387.67,66.31,4.02,37.5,4.66,11.65,0.42,19.28,26.58,27.06,17.6,66.88,98.6,328.62,6.11,0.61,0.61,89.0,83.0,7.0,17.0,52.0,24.0,67.0,17.0,61.0,7.0,2.0,9.0,19.0,44.0,91.0,32.0,89.0,74.0
2025,Athletic,15,44,Meio,11.0,-0.25515217038773663,False,Guilherme Cachoeira,"LAMF, LWF, LWB",EE,23.0,10,399,0.1046844440204169,False,24,3,9.0,379.08,9751.15,494.51,248.32,14.01,69.32,8.31,18.99,3.56,28.01,30.1,31.56,230.49,65.26,372.28,216.84,33.88,7.66,15.73,46.0,12.0,60.0,68.0,36.0,50.0,52.0,98.0,8.0,85.0,68.0,84.0,6.0,52.0,2.0,46.0,84.0,64.0
2025,Athletic,15,44,Meio,11.0,-0.25515217038773663,False,Lincoln,CF,CA,24.0,6,343,0.0899918904736917,False,25,3,6.0,343.20000000000005,9301.5,584.56,150.27,9.18,64.51,8.13,16.0,0.79,32.78,28.8,29.32,110.73,64.45,388.42,306.72,34.72,10.14,21.84,43.0,62.0,24.0,33.0,42.0,45.0,44.0,16.0,39.0,42.0,19.0,36.0,16.0,76.0,41.0,69.0,66.0,71.0
2025,Athletic,15,44,Meio,11.0,-0.25515217038773663,False,Kauan Lindes,"RCMF, LCMF, LDMF",MED,21.0,8,328,0.0860563850593903,False,26,1,8.0,327.28,9856.05,500.43,142.43,8.8,58.84,7.42,19.8,1.65,39.87,28.34,30.32,63.81,130.26,243.89,413.66,33.63,2.32,4.64,19.0,38.0,67.0,81.0,72.0,94.0,97.0,96.0,77.0,80.0,69.0,58.0,84.0,51.0,61.0,74.0,65.0,42.0
2025,Athletic,15,44,Meio,11.0,-0.25515217038773663,False,Luiz Filipe,"LAMF, LDMF, AMF",EE,24.0,5,290,0.0760864380098268,False,27,4,5.0,292.15,9680.26,634.88,271.69,13.86,79.48,9.55,23.72,2.77,42.51,30.26,30.26,189.52,139.88,374.46,428.19,35.05,6.12,15.58,40.0,62.0,66.0,64.0,66.0,80.0,90.0,83.0,62.0,90.0,32.0,66.0,62.0,54.0,78.0,60.0,68.0,60.0
2025,Athletic,15,44,Meio,11.0,-0.25515217038773663,False,João Miguel,"LDMF, RCMF, DMF",VOL,21.0,5,288,0.0755617039545866,False,28,6,4.0,226.0,10783.28,456.74,113.89,5.97,49.38,3.19,12.34,0.0,36.24,29.02,29.02,14.88,127.91,115.78,415.3,16.76,0.0,0.54,,,,,,,,,,,,,,,,,,
2025,Athletic,15,44,Meio,11.0,-0.25515217038773663,False,Matheus Guilherme,"RW, RAMF, LAMF",ED,25.0,9,261,0.0684777942088441,False,29,2,9.0,259.29,9969.71,735.18,274.56,14.93,86.78,9.72,20.13,1.39,51.72,29.46,30.52,148.52,203.62,447.78,464.07,38.69,8.66,15.01,56.0,87.0,73.0,81.0,87.0,88.0,62.0,23.0,100.0,60.0,23.0,37.0,98.0,81.0,88.0,75.0,98.0,90.0
2025,Athletic,15,44,Meio,11.0,-0.25515217038773663,False,Gustavo Silva,CF,CA,20.0,5,227,0.059557315269761,False,30,4,5.0,227.35,10104.46,629.43,326.19,15.83,80.36,7.92,19.0,1.58,39.19,29.2,29.2,128.4,337.17,320.78,478.91,40.11,14.46,23.32,86.0,77.0,91.0,91.0,83.0,41.0,83.0,45.0,74.0,56.0,15.0,48.0,100.0,49.0,91.0,88.0,99.0,81.0
2025,Athletic,15,44,Meio,11.0,-0.25515217038773663,False,Gabriel Queiroz,"LCB, LB",ZE,17.0,6,176,0.0461765968611362,False,31,3,1.0,22.83,10669.93,646.42,260.15,15.77,74.89,15.77,23.65,3.94,43.36,30.6,30.6,,,,,,,,,,,,,,,,,,,,,,,,,
2025,Athletic,15,44,Meio,11.0,-0.25515217038773663,False,Caick,"CF, AMF, LAMF",CA,19.0,4,94,0.0246625005962887,False,32,5,4.0,93.76,11430.72,1003.2,141.12,7.68,77.76,9.6,19.2,2.88,52.8,26.4,26.4,63.57,102.48,448.99,902.23,59.46,8.06,14.11,,,,,,,,,,,,,,,,,,
2025,Athletic,15,44,Meio,11.0,-0.25515217038773663,False,M. Generoso da Silva,LAMF,EE,17.0,1,50,0.0131183513810046,False,33,5,1.0,49.98,9550.38,662.62,547.38,18.01,95.43,12.6,36.01,7.2,30.61,31.5,31.5,252.96,440.75,363.76,502.4,27.16,0.0,6.27,,,,,,,,,,,,,,,,,,
2025,Athletic,15,44,Meio,11.0,-0.25515217038773663,False,Matheus Mega,"RAMF, RW",ED,25.0,1,27,0.0070839097457424,False,34,3,1.0,26.83,11195.78,919.01,194.53,10.06,83.85,10.06,16.77,0.0,60.37,27.9,27.9,64.29,188.98,296.43,831.5,39.29,7.14,17.86,,,,,,,,,,,,,,,,,,
2025,Athletic,15,44,Meio,11.0,-0.25515217038773663,False,Carlito,RDMF,VOL,20.0,1,9,0.0023613032485808,False,35,7,1.0,8.55,10031.58,526.32,94.74,10.53,63.16,10.53,0.0,0.0,21.05,27.7,27.7,117.16,,479.29,,31.8,0.0,0.0,,,,,,,,,,,,,,,,,,
2025,Athletico-PR,2,65,Sobe,1.0,0.02205482936045411,False,B. Zapelli,"RCMF, AMF, CF",MED,23.0,35,2829,0.7258414386676929,True,1,1,35.0,2833.6,10732.76,566.02,94.21,6.64,56.73,5.69,14.33,0.57,42.18,26.83,28.52,51.77,60.57,314.35,377.58,32.15,3.87,9.14,93.0,64.0,19.0,52.0,64.0,72.0,58.0,40.0,87.0,22.0,23.0,48.0,13.0,75.0,42.0,70.0,77.0,75.0
2025,Athletico-PR,2,65,Sobe,1.0,0.02205482936045411,False,Filipinho,"RCMF, RDMF, LCMF",MED,23.0,31,2340,0.6003778601917291,True,2,2,31.0,2344.84,10471.49,490.86,132.45,7.68,55.42,5.03,12.78,1.19,36.31,28.6,30.9,35.06,129.38,151.58,445.39,25.13,0.94,2.55,68.0,36.0,54.0,67.0,59.0,51.0,36.0,87.0,61.0,88.0,88.0,22.0,83.0,14.0,74.0,32.0,28.0,20.0
2025,Athletico-PR,2,65,Sobe,1.0,0.02205482936045411,False,L. Esquivel,"LB, LCB, LWB",LE,23.0,23,2042,0.5239194831245773,False,3,1,22.0,2044.46,9256.95,429.07,168.2,9.46,55.29,7.09,14.04,2.16,33.24,29.91,32.28,83.82,118.46,218.59,306.83,18.6,0.72,3.42,36.0,17.0,32.0,40.0,34.0,40.0,9.0,83.0,91.0,70.0,87.0,19.0,59.0,17.0,30.0,19.0,24.0,34.0
2025,Athletico-PR,2,65,Sobe,1.0,0.02205482936045411,False,K. Viveros,CF,CA,25.0,21,1855,0.4759405686562638,False,4,1,21.0,1859.97,9188.87,485.23,278.04,14.18,69.78,9.29,17.66,2.66,31.21,31.86,34.24,204.86,132.34,305.78,273.87,32.18,9.08,21.67,36.0,29.0,83.0,78.0,59.0,79.0,65.0,76.0,35.0,99.0,100.0,86.0,70.0,35.0,23.0,55.0,51.0,69.0
2025,Athletico-PR,2,65,Sobe,1.0,0.02205482936045411,False,G. Benavídez,"RB, RCB, RWB",LD,29.0,19,1735,0.4451519604413034,False,5,1,19.0,1740.4,9882.59,612.47,238.03,13.03,68.93,6.62,13.34,1.71,30.2,29.6,31.14,156.2,132.28,338.77,393.1,28.66,3.95,7.06,76.0,73.0,69.0,84.0,80.0,18.0,9.0,53.0,60.0,73.0,63.0,71.0,67.0,62.0,80.0,82.0,98.0,98.0
2025,Athletico-PR,2,65,Sobe,1.0,0.02205482936045411,False,S. Mendoza,"RW, RWF, RWB",ED,33.0,21,1612,0.4135936370209689,False,6,1,21.0,1615.5300000000002,9542.73,576.77,269.3,11.81,67.97,7.3,15.38,2.01,29.69,31.16,33.3,204.5,103.76,350.9,325.07,32.27,4.1,11.12,25.0,33.0,69.0,50.0,38.0,23.0,12.0,52.0,8.0,94.0,92.0,73.0,38.0,31.0,38.0,33.0,35.0,38.0
2025,Athletico-PR,2,65,Sobe,1.0,0.02205482936045411,False,Arthur Dias,"LCB, RCB",ZE,18.0,17,1529,0.3922981830056212,False,7,1,17.0,1532.89,8509.32,318.22,124.41,6.87,41.04,6.05,12.33,1.76,17.79,30.33,32.46,36.72,107.17,103.46,260.31,8.31,0.54,0.85,26.0,50.0,74.0,93.0,91.0,94.0,91.0,100.0,62.0,96.0,94.0,74.0,68.0,56.0,50.0,68.0,85.0,74.0
2025,Athletico-PR,2,65,Sobe,1.0,0.02205482936045411,False,J. Aguirre,"CB, RCB",ZD,29.0,16,1310,0.3361089730133184,False,8,1,15.0,1305.0,8330.31,266.13,86.55,4.14,30.34,4.9,9.79,0.41,17.65,28.91,30.46,18.96,90.14,73.49,235.98,5.22,0.39,0.58,17.0,13.0,28.0,22.0,20.0,39.0,43.0,14.0,48.0,54.0,47.0,15.0,41.0,11.0,28.0,22.0,73.0,72.0
2025,Athletico-PR,2,65,Sobe,1.0,0.02205482936045411,False,Alan Kardec,CF,CA,36.0,26,1238,0.3176358080843421,False,9,2,26.0,1239.94,9386.78,446.81,87.1,4.94,45.07,6.75,12.12,0.29,29.1,26.62,29.52,40.49,61.44,222.36,317.64,26.08,8.59,18.95,49.0,19.0,3.0,7.0,6.0,17.0,8.0,3.0,19.0,6.0,26.0,2.0,15.0,5.0,48.0,16.0,44.0,41.0
2025,Athletico-PR,2,65,Sobe,1.0,0.02205482936045411,False,Kauã Moraes,"RB, RWB",LD,18.0,14,1217,0.312247801646724,False,10,2,14.0,1221.08,9824.33,577.38,223.02,11.5,67.73,8.25,23.36,1.99,33.61,29.69,31.06,130.85,131.88,318.74,360.72,26.16,3.28,5.85,71.0,60.0,56.0,69.0,76.0,60.0,96.0,64.0,87.0,76.0,57.0,44.0,64.0,47.0,58.0,56.0,93.0,84.0
2025,Athletico-PR,2,65,Sobe,1.0,0.02205482936045411,False,Habraão,"RCB, CB",ZD,24.0,14,1204,0.3089123690901033,False,11,2,14.0,1206.1,8938.94,361.6,131.85,7.01,42.38,4.78,9.1,1.19,20.97,29.77,32.2,38.99,110.25,119.83,300.76,6.29,0.31,0.42,72.0,76.0,65.0,69.0,76.0,35.0,26.0,65.0,72.0,81.0,81.0,74.0,59.0,74.0,74.0,41.0,65.0,56.0
2025,Athletico-PR,2,65,Sobe,1.0,0.02205482936045411,False,Léo Derik,"LWB, LB",LE,20.0,15,1066,0.2735054696428988,False,12,2,15.0,1067.7,9627.46,549.69,297.22,14.5,76.62,10.54,20.15,3.03,33.04,31.97,34.28,217.72,128.01,328.82,314.65,29.53,2.82,7.93,64.0,64.0,100.0,98.0,98.0,100.0,94.0,100.0,87.0,100.0,100.0,98.0,66.0,79.0,36.0,89.0,91.0,89.0
2025,Athletico-PR,2,65,Sobe,1.0,0.02205482936045411,False,Raul,"DMF, LDMF, LCMF",VOL,29.0,15,995,0.2552888764490472,False,13,1,15.0,996.9,9792.08,437.33,131.27,7.13,47.85,5.06,13.45,0.72,30.79,27.82,30.66,61.35,102.07,172.38,354.99,21.91,0.74,2.65,38.0,43.0,71.0,74.0,57.0,62.0,55.0,60.0,52.0,54.0,81.0,74.0,69.0,50.0,48.0,57.0,50.0,57.0
2025,Athletico-PR,2,65,Sobe,1.0,0.02205482936045411,False,Dudu Kogitzki,"LCMF, AMF",MED,19.0,19,967,0.2481048678655564,False,14,3,19.0,969.38,11010.09,706.5,132.2,8.45,70.56,5.85,15.23,1.02,64.62,27.82,30.38,79.38,90.51,426.06,471.11,50.79,5.73,18.92,97.0,93.0,52.0,80.0,94.0,78.0,74.0,71.0,100.0,61.0,74.0,72.0,39.0,100.0,83.0,100.0,99.0,100.0
2025,Athletico-PR,2,65,Sobe,1.0,0.02205482936045411,False,Leozinho,"RWF, RW, RCMF",ED,26.0,20,944,0.242203717957689,False,15,2,20.0,945.0,10441.04,621.25,198.57,11.71,72.1,9.14,17.05,2.38,47.81,28.72,31.34,125.72,105.23,369.28,367.01,39.49,6.31,13.2,92.0,52.0,25.0,46.0,54.0,73.0,23.0,67.0,88.0,22.0,54.0,17.0,40.0,46.0,62.0,83.0,83.0,71.0
2025,Athletico-PR,2,65,Sobe,1.0,0.02205482936045411,False,C. Terán,"RCB, CB",ZD,24.0,10,837,0.2147505422993492,False,16,3,10.0,838.6,8409.24,313.7,153.47,7.51,41.32,5.8,10.62,2.79,18.67,30.71,32.46,33.87,136.67,91.98,239.17,6.5,0.14,0.27,20.0,43.0,83.0,81.0,69.0,74.0,52.0,100.0,56.0,93.0,85.0,63.0,76.0,28.0,31.0,43.0,37.0,39.0
2025,Athletico-PR,2,65,Sobe,1.0,0.02205482936045411,False,Julimar,"CF, LWF, LW",CA,24.0,13,823,0.2111585380076038,False,17,3,13.0,823.03,10073.4,631.8,239.57,11.92,75.01,9.62,17.5,2.3,37.18,30.43,32.26,234.25,64.66,469.98,295.55,43.43,7.59,19.93,83.0,79.0,71.0,53.0,74.0,83.0,64.0,65.0,62.0,85.0,84.0,91.0,17.0,97.0,36.0,94.0,31.0,48.0
2025,Athletico-PR,2,65,Sobe,1.0,0.02205482936045411,False,Giuliano,"RCMF, LCMF, AMF",MED,35.0,16,751,0.1926853730786275,False,18,4,16.0,752.96,10065.97,424.93,60.12,3.82,43.51,4.54,14.34,0.72,26.77,25.03,27.02,33.82,34.76,225.33,304.31,36.47,5.68,13.48,35.0,16.0,4.0,7.0,17.0,31.0,59.0,55.0,17.0,3.0,9.0,20.0,3.0,42.0,10.0,77.0,97.0,93.0
2025,Athletico-PR,2,65,Sobe,1.0,0.02205482936045411,False,João Cruz,"RCMF, RWF, RW",MED,19.0,16,643,0.1649756256851631,False,19,5,16.0,643.2,10434.9,638.41,177.86,9.8,68.15,5.32,14.97,0.84,50.1,27.72,29.64,87.89,144.45,366.81,449.73,42.76,2.23,7.81,65.0,84.0,86.0,90.0,88.0,62.0,71.0,61.0,94.0,58.0,49.0,78.0,88.0,90.0,75.0,97.0,62.0,68.0
2025,Athletico-PR,2,65,Sobe,1.0,0.02205482936045411,False,Tevis,"LAMF, LB, LW",EE,19.0,14,608,0.1559956149557997,False,20,1,14.0,610.54,9969.12,553.87,213.47,11.35,65.01,7.67,14.15,2.06,35.23,29.11,30.44,113.99,143.98,301.59,369.4,38.62,4.69,16.43,68.0,26.0,36.0,34.0,24.0,36.0,8.0,52.0,28.0,48.0,36.0,20.0,68.0,16.0,60.0,78.0,36.0,74.0
2025,Athletico-PR,2,65,Sobe,1.0,0.02205482936045411,False,Falcão,"LCMF, RCMF, LDMF",MED,27.0,9,596,0.1529167541343036,False,21,6,9.0,598.86,9873.12,424.59,118.28,6.16,46.89,4.21,15.78,0.75,30.36,28.42,29.56,23.84,120.39,91.37,431.35,13.32,0.0,0.87,20.0,14.0,43.0,40.0,30.0,22.0,81.0,57.0,31.0,83.0,43.0,6.0,70.0,1.0,65.0,4.0,3.0,1.0
2025,Athletico-PR,2,65,Sobe,1.0,0.02205482936045411,False,Fernando,LB,LE,25.0,8,510,0.1308515849135819,False,22,3,7.0,501.19999999999993,9211.43,501.57,202.03,10.06,62.31,8.44,17.78,0.72,32.14,29.33,29.88,120.13,118.46,314.37,305.43,27.45,1.0,3.74,26.0,43.0,60.0,49.0,62.0,83.0,66.0,13.0,81.0,43.0,15.0,55.0,59.0,72.0,28.0,77.0,34.0,36.0
2025,Athletico-PR,2,65,Sobe,1.0,0.02205482936045411,False,H. Palacios,RB,LD,25.0,5,483,0.1239241480652158,False,23,3,5.0,483.2,9565.85,537.91,253.31,11.55,65.75,6.52,13.78,1.68,26.63,31.14,31.14,162.98,141.17,249.83,393.42,22.11,1.6,3.85,49.0,42.0,78.0,71.0,67.0,16.0,13.0,43.0,42.0,96.0,63.0,76.0,80.0,22.0,82.0,31.0,56.0,64.0
2025,Athletico-PR,2,65,Sobe,1.0,0.02205482936045411,False,K. Velasco,"RAMF, RWF, RW",ED,28.0,13,461,0.1182795698924731,False,24,3,13.0,462.8,10081.61,767.21,298.33,14.78,85.37,10.11,22.17,0.97,42.98,28.81,30.46,171.94,186.52,421.63,502.81,39.29,5.57,11.41,62.0,92.0,79.0,79.0,81.0,90.0,83.0,12.0,69.0,27.0,19.0,60.0,88.0,75.0,96.0,79.0,73.0,44.0
2025,Athletico-PR,2,65,Sobe,1.0,0.02205482936045411,False,Isaac,"LW, LAMF",EE,21.0,10,378,0.0969841158771254,False,25,2,10.0,377.2,9967.17,615.43,205.94,11.69,72.78,8.83,21.24,2.39,46.29,28.74,30.32,146.58,125.81,322.26,475.99,28.43,3.25,7.72,66.0,52.0,30.0,38.0,46.0,66.0,80.0,75.0,84.0,30.0,34.0,44.0,52.0,26.0,86.0,16.0,16.0,2.0
2025,Athletico-PR,2,65,Sobe,1.0,0.02205482936045411,False,Tobias Figueiredo,RCB,ZD,31.0,4,321,0.0823595269750192,False,26,4,4.0,322.08,8735.46,375.02,144.75,7.55,42.48,5.59,13.13,1.96,19.28,28.02,28.02,38.7,156.34,130.14,357.48,8.18,0.0,0.0,,,,,,,,,,,,,,,,,,
2025,Athletico-PR,2,65,Sobe,1.0,0.02205482936045411,False,Diogo Riquelme,"RCMF, LCMF, DMF",MED,20.0,4,200,0.0513143470249341,False,27,7,4.0,199.36,10833.86,525.92,91.64,7.22,51.01,6.77,17.15,1.35,38.82,25.95,25.95,43.56,69.18,131.65,546.72,17.41,0.0,0.97,,,,,,,,,,,,,,,,,,
2025,Athletico-PR,2,65,Sobe,1.0,0.02205482936045411,False,Mádson,RCB,ZD,33.0,2,120,0.0307886082149604,False,28,5,2.0,120.44,8280.1,346.0,189.07,9.71,50.82,8.22,15.69,2.99,20.92,29.75,29.75,136.33,125.24,166.96,309.1,20.72,0.99,0.99,,,,,,,,,,,,,,,,,,
2025,Atlético-GO,11,52,Meio,2.0,-0.17129172835880957,False,Guilherme Romão,LB,LE,27.0,30,2764,0.7467701527730018,True,1,1,30.0,2769.0,9246.13,482.32,198.84,9.91,58.57,6.99,16.87,1.53,25.48,30.17,31.96,116.99,126.84,286.1,313.13,25.22,2.34,5.9,34.0,34.0,53.0,45.0,43.0,34.0,49.0,46.0,34.0,81.0,72.0,51.0,64.0,53.0,34.0,64.0,85.0,74.0
2025,Atlético-GO,11,52,Meio,2.0,-0.17129172835880957,False,Robert,"AMF, RAMF",MEI,22.0,33,2192,0.592228717394508,False,2,1,33.0,2195.82,9762.77,545.58,183.62,9.75,63.37,6.35,15.99,1.31,41.32,28.87,31.64,109.36,117.34,315.41,369.89,32.38,1.51,7.22,18.0,55.0,68.0,64.0,55.0,82.0,77.0,80.0,68.0,82.0,100.0,64.0,73.0,50.0,68.0,32.0,5.0,18.0
2025,Atlético-GO,11,52,Meio,2.0,-0.17129172835880957,False,Luizão,"LDMF, RDMF, DMF",VOL,27.0,28,2159,0.5833128653534411,False,3,1,28.0,2159.08,9600.04,454.01,130.84,7.0,49.98,6.09,15.42,0.88,27.55,28.37,30.5,30.55,128.18,160.57,403.84,17.93,0.69,1.72,19.0,50.0,69.0,71.0,67.0,88.0,81.0,74.0,33.0,76.0,76.0,31.0,83.0,43.0,62.0,33.0,48.0,36.0
2025,Atlético-GO,11,52,Meio,2.0,-0.17129172835880957,False,Adriano Martins,LCB,ZE,28.0,20,1955,0.5281966890995726,False,4,1,20.0,1957.0,8789.09,350.19,139.43,6.53,39.27,5.06,10.12,0.87,18.07,29.59,31.74,41.17,126.9,123.39,291.73,8.24,0.71,1.36,59.0,79.0,91.0,88.0,74.0,41.0,44.0,62.0,65.0,82.0,76.0,94.0,94.0,76.0,74.0,65.0,97.0,94.0
2025,Atlético-GO,11,52,Meio,2.0,-0.17129172835880957,False,F. Martínez,"RAMF, LAMF, CF",ED,29.0,33,1911,0.51630888637815,False,5,1,33.0,1912.35,9673.09,576.99,209.57,11.67,69.04,7.2,17.79,1.84,43.58,28.9,31.26,146.8,111.44,370.85,354.11,34.62,7.85,17.31,33.0,35.0,40.0,42.0,42.0,21.0,31.0,38.0,77.0,33.0,49.0,35.0,50.0,50.0,58.0,52.0,96.0,95.0
2025,Atlético-GO,11,52,Meio,2.0,-0.17129172835880957,False,Kauan,"AMF, LDMF, CF",MEI,20.0,32,1782,0.4814560102176155,False,6,2,32.0,1784.0,10485.17,544.71,137.57,7.37,56.15,6.05,14.43,1.31,48.48,27.76,30.94,62.86,116.73,277.97,423.99,31.77,2.89,7.25,82.0,50.0,36.0,36.0,41.0,55.0,50.0,80.0,95.0,41.0,68.0,23.0,68.0,27.0,82.0,18.0,14.0,23.0
2025,Atlético-GO,11,52,Meio,2.0,-0.17129172835880957,False,Lelê,CF,CA,27.0,17,1559,0.4212064646067691,False,7,1,17.0,1561.79,8988.55,533.7,309.29,16.77,78.43,9.22,16.48,2.71,34.75,31.74,33.34,182.96,213.18,314.65,341.05,28.08,8.65,17.23,14.0,45.0,87.0,93.0,79.0,78.0,51.0,77.0,50.0,98.0,95.0,79.0,98.0,42.0,53.0,27.0,47.0,28.0
2025,Atlético-GO,11,52,Meio,2.0,-0.17129172835880957,False,Tito,RCB,ZD,24.0,14,1399,0.3779780910743233,False,8,1,14.0,1400.28,8647.69,360.07,172.58,9.38,48.59,6.75,12.53,2.12,25.26,30.58,32.2,30.2,165.18,96.08,323.16,5.56,0.0,0.0,35.0,74.0,91.0,94.0,91.0,94.0,79.0,96.0,91.0,91.0,81.0,54.0,96.0,35.0,85.0,26.0,14.0,9.0
2025,Atlético-GO,11,52,Meio,2.0,-0.17129172835880957,False,Sandro Lima,CF,CA,34.0,17,1203,0.3250233334970771,False,9,2,17.0,1203.9399999999998,9799.82,566.47,232.7,13.68,73.85,8.52,18.46,2.92,41.86,29.21,30.6,149.03,129.16,346.09,348.93,37.38,11.97,25.31,69.0,57.0,66.0,77.0,71.0,62.0,76.0,84.0,84.0,59.0,51.0,62.0,66.0,58.0,59.0,81.0,90.0,93.0
2025,Atlético-GO,11,52,Meio,2.0,-0.17129172835880957,False,Rhaldney,"RDMF, RCMF",VOL,26.0,13,1193,0.3223215601512993,False,10,2,13.0,1194.83,10563.64,526.81,127.15,7.46,54.53,5.05,14.16,0.53,36.46,28.06,29.6,63.3,86.8,205.67,451.52,23.52,1.92,3.55,93.0,83.0,64.0,81.0,79.0,60.0,67.0,45.0,83.0,64.0,48.0,79.0,50.0,79.0,86.0,74.0,79.0,69.0
2025,Atlético-GO,11,52,Meio,2.0,-0.17129172835880957,False,Matheus Felipe,"LCB, RCB",ZE,26.0,13,1155,0.3120548214373434,False,11,2,13.0,1156.35,8380.43,320.36,108.03,5.76,36.04,5.45,9.03,0.7,15.72,28.77,30.34,30.97,106.93,99.16,292.77,7.17,0.41,0.31,15.0,53.0,53.0,62.0,59.0,74.0,26.0,41.0,29.0,59.0,47.0,50.0,65.0,44.0,79.0,54.0,71.0,41.0
2025,Atlético-GO,11,52,Meio,2.0,-0.17129172835880957,False,Willian Maranhão,"LDMF, LCMF, DMF",VOL,29.0,14,1084,0.2928722306823205,False,12,3,14.0,1086.12,9632.1,368.25,85.52,5.63,42.18,3.31,12.43,0.33,24.69,27.39,28.66,16.98,93.66,98.1,370.8,12.23,0.59,1.54,21.0,14.0,25.0,48.0,36.0,2.0,36.0,19.0,20.0,48.0,31.0,5.0,60.0,12.0,57.0,12.0,35.0,33.0
2025,Atlético-GO,11,52,Meio,2.0,-0.17129172835880957,False,Ruan,RB,LD,30.0,16,1040,0.2809844279608979,False,13,1,16.0,1043.36,9494.97,639.84,362.58,18.37,87.82,10.87,24.76,3.71,34.25,32.4,34.58,295.21,175.12,390.86,415.38,31.42,1.92,4.92,42.0,84.0,100.0,100.0,98.0,98.0,100.0,100.0,89.0,100.0,100.0,100.0,98.0,93.0,89.0,96.0,73.0,78.0
2025,Atlético-GO,11,52,Meio,2.0,-0.17129172835880957,False,Yuri Alves,"LAMF, LW",EE,18.0,18,1011,0.2731492852581421,False,14,1,18.0,1013.22,9451.55,546.68,204.28,11.37,69.46,9.41,21.05,2.22,46.27,29.04,31.16,143.4,105.85,369.43,319.82,31.07,3.07,10.99,22.0,22.0,26.0,36.0,38.0,76.0,74.0,62.0,82.0,40.0,56.0,42.0,32.0,50.0,32.0,30.0,14.0,26.0
2025,Atlético-GO,11,52,Meio,2.0,-0.17129172835880957,False,Kelvin,"RAMF, LAMF",ED,28.0,19,1010,0.2728791079235643,False,15,2,19.0,1021.06,9694.3,585.42,185.44,11.19,68.4,6.96,18.16,1.76,39.84,28.58,30.76,127.68,91.44,371.81,346.53,26.45,3.16,6.79,35.0,42.0,12.0,35.0,40.0,15.0,37.0,31.0,48.0,15.0,35.0,19.0,27.0,52.0,52.0,8.0,23.0,8.0
2025,Atlético-GO,11,52,Meio,2.0,-0.17129172835880957,False,Jean Dias,"RB, RAMF",LD,34.0,14,962,0.2599105958638306,False,16,2,14.0,962.36,10048.57,651.18,265.22,13.28,75.38,8.51,18.52,1.31,39.09,29.4,30.78,194.09,130.02,430.58,382.95,31.07,2.41,6.6,84.0,91.0,89.0,89.0,93.0,76.0,71.0,29.0,100.0,64.0,46.0,91.0,62.0,98.0,73.0,93.0,87.0,89.0
2025,Atlético-GO,11,52,Meio,2.0,-0.17129172835880957,False,Conrado,LB,LE,28.0,11,706,0.1907451982119172,False,17,2,11.0,706.64,9221.95,531.49,193.08,11.84,65.97,8.66,22.16,1.66,30.57,29.71,30.8,90.39,151.44,255.02,393.49,24.01,0.9,4.3,30.0,57.0,43.0,74.0,79.0,85.0,100.0,64.0,70.0,63.0,40.0,23.0,81.0,34.0,87.0,55.0,32.0,55.0
2025,Atlético-GO,11,52,Meio,2.0,-0.17129172835880957,False,Talisson,"RW, RAMF, LAMF",ED,23.0,15,685,0.1850714741857837,False,18,3,15.0,681.75,10209.24,709.83,372.67,18.88,92.67,8.98,19.67,3.3,45.54,30.06,31.64,261.46,197.56,412.59,440.88,35.59,4.77,14.67,75.0,83.0,94.0,98.0,94.0,71.0,56.0,86.0,83.0,75.0,63.0,94.0,92.0,69.0,81.0,56.0,50.0,85.0
2025,Atlético-GO,11,52,Meio,2.0,-0.17129172835880957,False,Valdir Júnior,RB,LD,25.0,13,637,0.17210296212605,False,19,3,13.0,638.43,9787.72,631.39,260.79,13.11,72.74,9.59,17.9,3.38,37.22,29.33,30.98,166.05,148.4,371.81,401.71,26.52,0.86,2.4,67.0,82.0,84.0,87.0,89.0,93.0,64.0,98.0,98.0,56.0,53.0,78.0,82.0,87.0,84.0,64.0,18.0,16.0
2025,Atlético-GO,11,52,Meio,2.0,-0.17129172835880957,False,Ezequiel Ham,RDMF,VOL,31.0,12,596,0.1610256914083607,False,20,4,12.0,596.76,9911.41,518.8,145.69,8.75,55.5,6.18,15.53,1.66,28.96,27.88,29.66,73.54,114.97,264.54,445.96,27.63,2.55,6.27,55.0,76.0,79.0,95.0,83.0,93.0,83.0,98.0,40.0,57.0,50.0,93.0,79.0,93.0,83.0,88.0,88.0,88.0
2025,Atlético-GO,11,52,Meio,2.0,-0.17129172835880957,False,Ariel,"AMF, LDMF",MEI,27.0,13,562,0.151839662032716,False,21,3,13.0,563.29,10508.74,649.46,172.39,8.95,66.46,6.23,17.73,0.96,47.13,28.42,30.66,89.61,140.15,386.24,479.41,40.55,8.85,21.61,86.0,86.0,59.0,59.0,68.0,77.0,95.0,50.0,91.0,68.0,59.0,45.0,86.0,82.0,91.0,73.0,95.0,100.0
2025,Atlético-GO,11,52,Meio,2.0,-0.17129172835880957,False,Daniel Lima,CF,CA,20.0,12,549,0.1483273566832048,False,22,3,12.0,549.12,9819.45,588.36,199.62,11.14,70.47,9.01,19.01,1.48,32.78,29.14,30.88,126.57,109.69,348.84,363.1,33.48,9.57,20.33,73.0,63.0,49.0,48.0,64.0,74.0,84.0,43.0,39.0,55.0,56.0,45.0,57.0,62.0,69.0,59.0,57.0,56.0
2025,Atlético-GO,11,52,Meio,2.0,-0.17129172835880957,False,Shaylon,"AMF, RAMF, RW",MEI,28.0,12,497,0.1342781352851599,False,23,4,12.0,497.76,9886.95,637.87,167.96,8.5,60.21,6.15,17.54,1.08,36.34,27.56,29.3,93.98,125.52,324.41,516.51,35.86,7.07,14.15,27.0,77.0,55.0,55.0,50.0,66.0,91.0,61.0,36.0,36.0,36.0,59.0,82.0,59.0,95.0,50.0,82.0,73.0
2025,Atlético-GO,11,52,Meio,2.0,-0.17129172835880957,False,A. Cruz,"RW, LB, RAMF",ED,24.0,9,483,0.1304956526010708,False,24,4,9.0,483.39,9909.34,706.72,191.95,11.17,78.01,8.56,21.6,2.05,50.45,29.1,30.0,128.22,108.11,395.51,505.8,36.82,6.61,12.98,48.0,79.0,17.0,33.0,69.0,60.0,77.0,56.0,94.0,42.0,12.0,21.0,42.0,65.0,100.0,63.0,87.0,65.0
2025,Atlético-GO,11,52,Meio,2.0,-0.17129172835880957,False,Heron,"LB, LCB",LE,24.0,6,249,0.0672741563098688,False,25,3,6.0,248.76,8937.77,512.68,196.82,10.49,53.91,5.43,11.58,1.45,24.24,27.73,28.34,172.82,93.96,318.7,338.93,21.07,0.0,4.21,11.0,45.0,47.0,59.0,28.0,5.0,6.0,38.0,21.0,11.0,2.0,91.0,26.0,74.0,49.0,30.0,3.0,53.0
2025,Atlético-GO,11,52,Meio,2.0,-0.17129172835880957,False,Radsley,"LCMF, AMF, RDMF",MED,30.0,6,247,0.0667338016407132,False,26,1,6.0,237.72,10103.85,348.64,61.32,3.03,33.69,4.54,11.74,0.38,24.61,26.22,26.56,47.04,29.31,157.69,319.1,22.38,0.45,4.03,41.0,3.0,6.0,1.0,1.0,31.0,22.0,17.0,9.0,12.0,3.0,42.0,1.0,16.0,14.0,22.0,11.0,32.0
2025,Atlético-GO,11,52,Meio,2.0,-0.17129172835880957,False,Maranhão,"CF, RAMF",CA,29.0,7,225,0.0607899002800019,False,27,4,7.0,224.42,8998.4,532.22,182.09,12.43,67.78,8.42,15.64,3.21,28.48,29.21,29.8,105.47,138.88,319.62,355.74,30.87,12.24,24.49,17.0,43.0,42.0,59.0,53.0,57.0,38.0,90.0,15.0,59.0,34.0,33.0,73.0,48.0,64.0,40.0,93.0,88.0
2025,Atlético-GO,11,52,Meio,2.0,-0.17129172835880957,False,Rai Natalino,"CF, LW",CA,20.0,6,111,0.0299896841381343,False,28,5,6.0,111.9,9671.41,701.44,271.09,13.67,78.03,11.26,16.89,3.22,42.63,29.9,30.46,154.4,204.81,422.8,442.69,23.81,5.18,18.63,60.0,87.0,80.0,76.0,78.0,94.0,57.0,91.0,88.0,71.0,46.0,64.0,97.0,90.0,87.0,7.0,12.0,38.0
2025,Atlético-GO,11,52,Meio,2.0,-0.17129172835880957,False,Castro,"RDMF, DMF, LDMF",VOL,30.0,4,93,0.0251264921157341,False,29,5,4.0,92.32,10486.14,596.53,184.22,9.75,67.26,5.85,12.67,0.97,44.84,28.2,28.2,33.67,203.88,244.12,466.02,14.01,1.4,2.8,,,,,,,,,,,,,,,,,,
2025,Atlético-GO,11,52,Meio,2.0,-0.17129172835880957,False,L. Cosentino,"RAMF, RDMF, LAMF",ED,24.0,3,73,0.0197229454241784,False,30,5,3.0,73.38,9644.43,765.47,494.37,23.31,105.5,8.59,23.31,0.0,50.3,29.17,29.17,331.49,312.68,431.11,771.83,34.31,5.15,12.01,,,,,,,,,,,,,,,,,,
2025,Atlético-GO,11,52,Meio,2.0,-0.17129172835880957,False,F. Barrios,RCMF,MED,23.0,1,53,0.0143193987326226,False,31,2,1.0,52.75,9511.85,600.57,75.07,5.12,49.48,5.12,11.94,0.0,44.36,26.3,26.3,13.31,100.8,276.16,653.76,19.93,3.32,16.61,,,,,,,,,,,,,,,,,,
2025,Atlético-GO,11,52,Meio,2.0,-0.17129172835880957,False,Klebert,"RDMF, RCMF",VOL,17.0,1,19,0.0051333693569779,False,32,6,1.0,18.52,9166.88,554.1,102.07,4.86,48.6,4.86,9.72,4.86,34.02,28.2,28.2,14.17,,193.7,,23.62,0.0,0.0,,,,,,,,,,,,,,,,,,
2025,Avaí,8,56,Meio,15.0,0.13789190342337299,False,Eduardo Brock,LCB,ZE,34.0,37,3698,0.9660397074190178,True,1,1,36.0,3605.76,8755.96,317.74,108.0,4.67,32.9,4.07,8.86,0.6,17.4,28.76,30.92,25.12,89.01,100.79,240.79,7.73,0.14,0.34,50.0,47.0,50.0,32.0,35.0,6.0,21.0,26.0,59.0,56.0,53.0,32.0,50.0,50.0,26.0,62.0,29.0,47.0
2025,Avaí,8,56,Meio,15.0,0.13789190342337299,False,Marquinhos Gabriel,"LW, AMF, LCMF",EE,34.0,37,3629,0.9480146290491118,True,2,1,36.0,3521.5199999999995,10064.72,582.07,133.81,7.64,57.63,4.96,11.91,0.72,35.73,27.24,28.66,87.42,64.82,346.49,340.24,33.74,2.68,10.06,74.0,38.0,2.0,4.0,12.0,2.0,4.0,8.0,32.0,4.0,7.0,6.0,4.0,36.0,46.0,38.0,6.0,14.0
2025,Avaí,8,56,Meio,15.0,0.13789190342337299,False,Cléber,CF,CA,28.0,37,3179,0.8304597701149425,True,3,1,36.0,3091.32,9452.47,517.06,236.55,12.98,69.99,8.97,15.49,2.39,40.0,30.27,32.86,159.53,115.39,296.56,291.41,31.16,7.75,17.55,52.0,38.0,67.0,69.0,60.0,73.0,34.0,69.0,78.0,84.0,93.0,67.0,60.0,31.0,34.0,42.0,35.0,31.0
2025,Avaí,8,56,Meio,15.0,0.13789190342337299,False,Marcos Vinicius,RB,LD,28.0,34,2980,0.7784743991640544,True,4,1,33.0,2884.53,9455.2,514.2,201.44,9.89,58.13,7.11,13.57,1.68,25.46,29.72,31.98,120.02,104.58,235.5,337.1,18.82,0.94,2.49,38.0,24.0,38.0,33.0,27.0,36.0,11.0,43.0,29.0,79.0,84.0,33.0,36.0,16.0,33.0,16.0,24.0,23.0
2025,Avaí,8,56,Meio,15.0,0.13789190342337299,False,Zé Ricardo,"DMF, RCMF, LCMF",VOL,29.0,28,2580,0.6739811912225705,True,5,1,27.0,2486.16,10264.61,453.51,107.59,5.54,45.47,4.92,14.66,1.01,26.1,27.82,29.56,25.05,92.56,157.56,357.13,23.16,0.67,2.52,79.0,48.0,45.0,45.0,43.0,55.0,76.0,83.0,26.0,54.0,45.0,19.0,57.0,40.0,55.0,67.0,45.0,52.0
2025,Avaí,8,56,Meio,15.0,0.13789190342337299,False,Emerson Negueba,"LW, RW, LAMF",EE,24.0,29,2076,0.542319749216301,False,6,2,28.0,2003.4,9927.52,650.91,312.63,15.63,83.92,10.11,21.11,2.34,40.97,31.13,33.46,218.66,131.35,418.34,317.55,35.53,3.94,10.68,64.0,68.0,84.0,80.0,74.0,86.0,76.0,72.0,54.0,96.0,96.0,78.0,58.0,76.0,30.0,64.0,22.0,24.0
2025,Avaí,8,56,Meio,15.0,0.13789190342337299,False,JP,"LCMF, RCMF, AMF",MED,20.0,28,1856,0.4848484848484848,False,7,1,27.0,1806.57,10693.44,555.87,129.58,6.92,53.7,3.64,10.06,0.45,33.28,27.36,29.2,78.13,60.62,274.45,351.18,31.22,3.13,9.51,88.0,58.0,49.0,55.0,52.0,8.0,10.0,25.0,46.0,41.0,38.0,71.0,14.0,62.0,22.0,65.0,74.0,80.0
2025,Avaí,8,56,Meio,15.0,0.13789190342337299,False,DG,LB,LE,24.0,18,1258,0.3286311389759666,False,8,1,17.0,1171.13,9732.02,559.24,244.0,12.45,67.09,7.99,18.29,2.69,32.58,30.35,32.6,140.19,150.03,300.7,362.9,27.15,1.79,7.26,70.0,70.0,79.0,78.0,81.0,78.0,72.0,98.0,85.0,91.0,94.0,74.0,79.0,64.0,66.0,74.0,70.0,85.0
2025,Avaí,8,56,Meio,15.0,0.13789190342337299,False,Alef Manga,CF,CA,30.0,23,1096,0.2863113897596656,False,9,2,23.0,1097.56,10153.88,690.9,344.59,18.21,90.21,8.61,15.58,3.2,47.89,29.96,31.9,246.92,170.22,404.32,399.98,42.95,8.85,22.47,88.0,86.0,95.0,97.0,95.0,64.0,35.0,88.0,97.0,75.0,80.0,93.0,86.0,84.0,78.0,92.0,49.0,77.0
2025,Avaí,8,56,Meio,15.0,0.13789190342337299,False,Hygor,"CF, LW",CA,32.0,26,946,0.2471264367816092,False,10,3,25.0,922.25,9679.71,828.97,347.92,19.13,102.86,15.03,29.38,4.2,46.85,29.32,32.02,218.93,199.11,427.9,559.68,44.01,12.83,29.16,62.0,97.0,99.0,98.0,99.0,100.0,100.0,99.0,95.0,63.0,83.0,88.0,94.0,92.0,94.0,95.0,97.0,99.0
2025,Avaí,8,56,Meio,15.0,0.13789190342337299,False,Railan,"RB, RW",LD,25.0,21,837,0.2186520376175548,False,11,2,20.0,827.4,9221.27,533.39,223.4,10.99,63.63,8.37,17.29,2.28,31.76,29.01,31.8,140.53,129.3,336.52,308.07,24.51,0.99,3.54,13.0,33.0,58.0,58.0,51.0,67.0,51.0,80.0,73.0,42.0,78.0,56.0,60.0,60.0,20.0,40.0,31.0,58.0
2025,Avaí,8,56,Meio,15.0,0.13789190342337299,False,Thayllon Roberth,"RW, RAMF",ED,19.0,22,799,0.2087251828631139,False,12,1,21.0,789.18,10592.92,761.15,254.29,13.11,80.05,7.87,19.39,3.08,41.51,28.64,30.68,177.36,109.85,449.23,389.31,37.15,4.98,13.81,98.0,90.0,63.0,69.0,71.0,38.0,52.0,83.0,60.0,17.0,31.0,63.0,48.0,83.0,67.0,65.0,58.0,75.0
2025,Avaí,8,56,Meio,15.0,0.13789190342337299,False,Barreto,"RCMF, LDMF, DMF",MED,29.0,10,663,0.1731974921630094,False,13,2,10.0,664.5999999999999,10718.07,672.63,116.6,6.36,56.2,3.66,9.48,1.08,35.89,26.87,28.28,44.62,95.21,277.58,534.5,29.84,4.07,10.68,91.0,88.0,41.0,46.0,62.0,10.0,1.0,75.0,59.0,26.0,17.0,38.0,46.0,67.0,96.0,57.0,80.0,84.0
2025,Avaí,8,56,Meio,15.0,0.13789190342337299,False,Pedrão,"RCB, LCB",ZD,21.0,7,561,0.146551724137931,False,14,1,7.0,562.87,8973.46,359.26,152.69,7.67,46.21,4.96,10.87,0.64,21.26,30.81,32.52,39.28,150.52,132.6,286.39,7.33,0.26,0.26,76.0,72.0,81.0,85.0,87.0,43.0,57.0,34.0,76.0,95.0,89.0,76.0,89.0,80.0,67.0,54.0,55.0,37.0
2025,Avaí,8,56,Meio,15.0,0.13789190342337299,False,Jamerson,"LCMF, AMF",MED,18.0,12,516,0.1347962382445141,False,15,3,10.0,490.3,10615.7,585.19,195.86,8.08,57.45,4.59,12.48,1.1,51.21,28.14,29.56,74.49,127.36,245.81,412.8,28.9,1.43,4.86,81.0,72.0,91.0,72.0,68.0,33.0,33.0,80.0,96.0,68.0,43.0,67.0,77.0,54.0,59.0,51.0,49.0,45.0
2025,Avaí,8,56,Meio,15.0,0.13789190342337299,False,Wanderson,"RCB, CB",ZD,34.0,6,426,0.1112852664576802,False,16,2,5.0,327.2,8742.92,368.29,119.1,6.33,38.51,6.88,12.93,1.38,22.55,28.24,28.24,25.37,105.32,100.3,308.37,6.11,0.38,0.38,48.0,81.0,59.0,59.0,56.0,98.0,85.0,72.0,85.0,30.0,4.0,33.0,56.0,46.0,81.0,32.0,70.0,52.0
2025,Avaí,8,56,Meio,15.0,0.13789190342337299,False,Gaspar,"LW, RW, CF",EE,22.0,18,421,0.1099791013584117,False,17,3,18.0,420.3,10640.89,865.81,219.08,12.85,87.37,8.57,17.99,2.14,47.11,27.95,29.98,136.22,109.08,464.55,513.63,36.61,8.94,17.87,94.0,96.0,40.0,50.0,86.0,58.0,39.0,60.0,88.0,14.0,28.0,38.0,36.0,88.0,98.0,68.0,94.0,84.0
2025,Avaí,8,56,Meio,15.0,0.13789190342337299,False,Mendes,"AMF, LCMF",MEI,30.0,9,310,0.0809822361546499,False,18,1,9.0,310.68,10649.64,727.18,121.97,7.82,66.92,5.79,16.22,0.29,56.2,26.37,27.38,44.21,111.74,346.74,556.47,45.68,7.84,15.68,95.0,100.0,32.0,50.0,82.0,36.0,82.0,14.0,100.0,14.0,14.0,14.0,64.0,77.0,100.0,91.0,86.0,77.0
2025,Avaí,8,56,Meio,15.0,0.13789190342337299,False,Leo Reis,"RAMF, RB, LW",ED,24.0,12,292,0.0762800417972831,False,19,2,12.0,291.84000000000003,10424.07,785.48,378.71,17.58,98.38,14.49,27.45,4.01,50.58,31.06,32.76,260.4,201.53,528.07,448.42,46.29,1.93,14.14,90.0,96.0,96.0,92.0,100.0,98.0,100.0,98.0,96.0,92.0,90.0,92.0,96.0,100.0,83.0,100.0,4.0,81.0
2025,Avaí,8,56,Meio,15.0,0.13789190342337299,False,Lucas Eduardo,"DMF, RDMF, RB",VOL,21.0,7,207,0.0540752351097178,False,20,2,7.0,206.5,10466.61,504.22,120.72,5.23,45.76,4.79,14.38,0.0,39.22,26.4,27.48,51.82,82.94,185.64,336.84,23.44,0.56,4.46,88.0,71.0,60.0,43.0,45.0,50.0,74.0,4.0,98.0,23.0,12.0,64.0,43.0,69.0,31.0,71.0,30.0,79.0
2025,Avaí,8,56,Meio,15.0,0.13789190342337299,False,J. Silva Miranda,"RW, CF",ED,16.0,3,157,0.0410135841170323,False,21,3,3.0,155.76,9667.42,622.92,239.81,13.29,71.65,6.36,16.76,1.73,34.67,29.23,29.23,159.1,114.55,432.98,332.97,35.59,7.91,15.82,,,,,,,,,,,,,,,,,,
2025,Avaí,8,56,Meio,15.0,0.13789190342337299,False,Guilherme Santos,"CF, RAMF",CA,24.0,6,152,0.0397074190177638,False,22,4,6.0,151.56,10843.94,747.59,178.73,10.09,78.98,5.34,13.66,0.59,48.1,27.9,28.34,27.7,202.14,277.04,614.44,33.51,6.56,13.11,97.0,92.0,40.0,40.0,80.0,8.0,19.0,13.0,98.0,26.0,7.0,1.0,95.0,19.0,100.0,60.0,20.0,9.0
2025,Avaí,8,56,Meio,15.0,0.13789190342337299,False,Judson,RCMF,MED,32.0,2,97,0.0253396029258098,False,23,4,2.0,97.08,10554.33,679.52,218.78,11.12,64.89,5.56,14.83,0.0,38.01,27.85,27.85,18.77,237.09,129.07,667.63,19.92,0.0,1.17,,,,,,,,,,,,,,,,,,
2025,Avaí,8,56,Meio,15.0,0.13789190342337299,False,Mateus Quaresma,"LW, LB",EE,28.0,3,80,0.0208986415882967,False,24,4,3.0,80.22,10849.36,550.77,366.81,13.46,72.91,8.97,20.19,3.37,29.16,30.07,30.07,255.0,178.55,312.0,299.2,35.95,0.0,10.48,,,,,,,,,,,,,,,,,,
2025,Avaí,8,56,Meio,15.0,0.13789190342337299,False,Vágner Love,CF,CA,41.0,4,71,0.0185475444096133,False,25,5,4.0,71.6,9618.16,682.7,217.51,12.57,80.47,8.8,18.86,3.77,46.52,28.68,28.67,156.16,61.89,347.95,317.34,35.52,16.39,28.69,,,,,,,,,,,,,,,,,,
2025,Avaí,8,56,Meio,15.0,0.13789190342337299,False,Rigley,"CF, LAMF",CA,20.0,3,50,0.0130616509926854,False,26,6,3.0,50.010000000000005,10452.6,599.4,288.0,19.8,95.4,9.0,25.2,0.0,41.4,28.37,28.37,83.23,265.4,218.71,412.55,24.42,6.98,12.21,,,,,,,,,,,,,,,,,,
2025,Avaí,8,56,Meio,15.0,0.13789190342337299,False,Del Piage,LCMF,MED,25.0,2,47,0.0122779519331243,False,27,5,2.0,46.96,11137.38,373.8,74.76,3.83,40.26,7.67,15.34,0.0,28.75,26.75,26.75,18.16,72.32,100.9,353.57,22.18,0.0,2.02,,,,,,,,,,,,,,,,,,
2025,Avaí,8,56,Meio,15.0,0.13789190342337299,False,N. Tedesco Borba,LCMF,MED,17.0,1,5,0.0013061650992685,False,28,6,1.0,4.83,12587.59,1992.41,484.14,37.24,148.97,18.62,18.62,18.62,55.86,29.2,29.2,,,,,27.27,0.0,0.0,,,,,,,,,,,,,,,,,,
2025,Botafogo-SP,16,42,Meio,17.0,-0.16081920676051564,False,G. Risso,LB,LE,29.0,35,3013,0.7884995122879642,True,1,1,35.0,3012.8,9161.07,444.07,172.45,9.17,54.49,7.56,18.16,1.46,23.45,29.66,32.4,103.16,98.85,252.87,260.73,21.12,0.13,0.96,21.0,21.0,36.0,36.0,30.0,59.0,70.0,40.0,13.0,56.0,89.0,40.0,32.0,32.0,6.0,32.0,6.0,6.0
2025,Botafogo-SP,16,42,Meio,17.0,-0.16081920676051564,False,L. Maciel,"LDMF, LCMF, AMF",VOL,29.0,35,2570,0.6725667927580711,True,2,1,35.0,2591.05,9796.98,376.54,98.75,4.03,35.95,4.48,10.35,0.35,27.47,26.82,29.4,43.5,52.29,185.67,230.27,26.23,2.08,6.92,40.0,17.0,40.0,19.0,14.0,33.0,10.0,21.0,31.0,33.0,43.0,50.0,14.0,71.0,5.0,83.0,81.0,95.0
2025,Botafogo-SP,16,42,Meio,17.0,-0.16081920676051564,False,Jefferson Nem,"LAMF, LW",EE,29.0,31,2512,0.657388242571313,True,3,1,31.0,2514.1,9335.81,546.54,224.59,12.06,71.06,9.31,22.09,2.0,38.55,30.04,32.36,163.36,106.76,341.18,310.99,29.51,3.9,10.09,16.0,20.0,44.0,40.0,42.0,74.0,84.0,50.0,42.0,80.0,91.0,54.0,34.0,34.0,26.0,18.0,20.0,16.0
2025,Botafogo-SP,16,42,Meio,17.0,-0.16081920676051564,False,Ericson,RCB,ZD,26.0,26,2296,0.6008612280826969,True,4,1,26.0,2296.32,8899.85,299.75,106.76,5.53,36.14,5.17,9.68,0.71,16.23,29.63,32.6,20.67,96.16,87.98,232.35,4.78,0.05,0.05,65.0,31.0,44.0,45.0,46.0,48.0,37.0,41.0,28.0,78.0,91.0,20.0,44.0,24.0,24.0,17.0,28.0,19.0
2025,Botafogo-SP,16,42,Meio,17.0,-0.16081920676051564,False,Jeferson,RB,LD,29.0,28,2285,0.5979825375300359,False,5,1,28.0,2287.88,9680.89,561.54,211.52,10.78,63.41,7.2,18.29,0.87,29.46,29.14,31.38,156.64,96.73,319.08,327.03,27.62,1.61,3.49,53.0,56.0,44.0,53.0,47.0,42.0,67.0,14.0,53.0,49.0,69.0,73.0,24.0,49.0,27.0,73.0,59.0,53.0
2025,Botafogo-SP,16,42,Meio,17.0,-0.16081920676051564,False,Gabriel Bispo,"RDMF, DMF, RCMF",VOL,28.0,27,2244,0.5872528727428449,False,6,2,27.0,2227.23,9899.85,406.63,72.94,4.08,39.44,4.65,16.28,0.36,26.87,26.4,27.96,18.11,63.41,93.25,350.9,13.68,0.62,1.86,52.0,31.0,17.0,24.0,26.0,40.0,93.0,24.0,29.0,23.0,17.0,10.0,29.0,10.0,45.0,19.0,39.0,43.0
2025,Botafogo-SP,16,42,Meio,17.0,-0.16081920676051564,False,Jonathan Cafú,"RAMF, RW",ED,34.0,33,2026,0.5302024599719268,False,7,1,33.0,2027.85,10306.64,677.64,220.54,11.63,76.03,8.79,19.79,2.26,41.5,28.43,30.32,185.43,78.0,471.26,321.2,39.63,4.74,12.13,85.0,75.0,46.0,40.0,65.0,65.0,58.0,63.0,58.0,13.0,13.0,65.0,13.0,88.0,33.0,85.0,48.0,54.0
2025,Botafogo-SP,16,42,Meio,17.0,-0.16081920676051564,False,A. Dramisino,"AMF, RCMF",MEI,25.0,28,1668,0.4365141674398687,False,8,1,28.0,1666.28,10414.02,557.91,198.77,10.15,66.71,6.0,15.56,1.08,43.43,29.01,31.26,112.75,120.39,297.03,351.71,36.39,4.91,11.64,64.0,59.0,82.0,73.0,73.0,50.0,68.0,61.0,82.0,86.0,86.0,68.0,77.0,41.0,59.0,55.0,59.0,50.0
2025,Botafogo-SP,16,42,Meio,17.0,-0.16081920676051564,False,Wesley Dias,"LDMF, RDMF, RCMF",VOL,30.0,20,1622,0.4244760069469226,False,9,3,20.0,1609.4,9352.4,313.67,82.43,3.97,34.39,4.75,10.4,0.62,21.08,27.92,30.2,54.53,44.47,178.54,199.67,17.22,2.88,6.1,7.0,5.0,19.0,17.0,12.0,48.0,12.0,52.0,5.0,60.0,67.0,69.0,7.0,57.0,2.0,29.0,93.0,86.0
2025,Botafogo-SP,16,42,Meio,17.0,-0.16081920676051564,False,Wallison,RB,LD,24.0,22,1425,0.3729212761401756,False,10,2,22.0,1424.72,9814.86,611.38,233.71,12.13,68.16,8.02,19.52,2.65,31.9,29.36,31.24,148.22,119.5,338.9,363.67,26.28,0.97,3.98,69.0,71.0,64.0,73.0,78.0,58.0,82.0,88.0,76.0,60.0,67.0,67.0,51.0,64.0,62.0,58.0,28.0,67.0
2025,Botafogo-SP,16,42,Meio,17.0,-0.16081920676051564,False,Alexandre Jesus,CF,CA,23.0,17,1420,0.3716127804344206,False,11,1,17.0,1420.18,9271.37,450.63,229.59,11.72,61.6,6.72,15.59,1.84,23.64,30.86,32.68,181.3,96.11,348.55,183.25,31.2,11.55,22.41,42.0,20.0,64.0,52.0,35.0,16.0,36.0,53.0,8.0,88.0,91.0,76.0,43.0,60.0,3.0,43.0,85.0,76.0
2025,Botafogo-SP,16,42,Meio,17.0,-0.16081920676051564,False,Rafael Milhorim,LCB,ZE,26.0,17,1261,0.3300026169914115,False,12,1,17.0,1261.91,8768.91,302.48,106.34,5.49,34.73,5.35,11.06,1.0,17.19,28.98,31.78,31.16,83.42,102.25,221.63,5.9,0.2,0.1,53.0,38.0,44.0,56.0,47.0,68.0,76.0,74.0,56.0,65.0,79.0,53.0,44.0,53.0,18.0,24.0,51.0,12.0
2025,Botafogo-SP,16,42,Meio,17.0,-0.16081920676051564,False,Edson Felipe,"RCB, CB",ZD,34.0,16,1170,0.3061879951466705,False,13,2,16.0,1170.4,8673.99,267.14,70.13,3.31,26.61,5.15,8.0,0.69,13.84,27.41,30.16,19.77,56.05,76.0,204.31,5.08,0.0,0.31,37.0,15.0,15.0,4.0,4.0,46.0,11.0,37.0,9.0,11.0,36.0,17.0,9.0,15.0,9.0,20.0,14.0,43.0
2025,Botafogo-SP,16,42,Meio,17.0,-0.16081920676051564,False,Vilar,LCB,ZE,25.0,11,1114,0.2915328432422144,False,14,2,11.0,1113.64,9038.06,325.6,126.56,6.22,39.6,5.09,9.7,1.13,20.53,30.0,31.26,32.25,107.53,97.41,242.32,4.98,0.11,0.11,82.0,56.0,81.0,82.0,76.0,47.0,41.0,82.0,85.0,91.0,62.0,68.0,71.0,38.0,29.0,12.0,16.0,15.0
2025,Botafogo-SP,16,42,Meio,17.0,-0.16081920676051564,False,G. Barros,"RAMF, RW",ED,23.0,16,1005,0.2630076368567554,False,15,2,16.0,1004.8,10270.45,706.81,254.38,13.79,81.51,8.33,21.14,1.34,47.92,28.82,30.56,165.37,138.53,455.21,381.5,38.04,5.31,13.06,83.0,81.0,65.0,71.0,75.0,54.0,73.0,19.0,90.0,29.0,27.0,56.0,73.0,85.0,65.0,71.0,69.0,67.0
2025,Botafogo-SP,16,42,Meio,17.0,-0.16081920676051564,False,R. Carrillo,"CF, AMF",CA,28.0,23,987,0.2582970523160374,False,16,2,22.0,974.38,10984.01,608.01,167.84,10.81,68.54,5.27,11.36,0.37,42.58,28.3,30.68,128.4,68.24,418.66,283.11,43.29,11.6,23.87,99.0,70.0,36.0,43.0,56.0,7.0,3.0,8.0,87.0,33.0,52.0,48.0,20.0,85.0,31.0,93.0,86.0,85.0
2025,Botafogo-SP,16,42,Meio,17.0,-0.16081920676051564,False,S. Abdulai,"LDMF, DMF, LCMF",VOL,26.0,16,915,0.2394547141531653,False,17,4,16.0,917.28,10484.84,462.44,116.37,6.18,46.02,5.3,14.91,0.29,35.62,28.54,31.58,49.16,81.77,182.99,329.72,20.42,0.77,1.53,90.0,57.0,57.0,55.0,48.0,68.0,79.0,14.0,79.0,86.0,93.0,60.0,40.0,60.0,26.0,48.0,52.0,30.0
2025,Botafogo-SP,16,42,Meio,17.0,-0.16081920676051564,False,Léo Gamalho,CF,CA,39.0,11,912,0.2386696167297123,False,18,3,11.0,911.13,8104.59,287.43,93.44,4.64,33.88,6.32,11.46,0.89,17.09,28.68,29.94,63.3,52.53,173.55,165.15,15.68,5.27,9.23,1.0,1.0,6.0,5.0,1.0,12.0,5.0,22.0,1.0,41.0,36.0,7.0,9.0,1.0,2.0,1.0,13.0,5.0
2025,Botafogo-SP,16,42,Meio,17.0,-0.16081920676051564,False,Alisson Cassiano,RCB,ZD,31.0,13,861,0.2253229605310113,False,19,3,13.0,860.47,9087.1,362.75,104.18,5.65,38.18,6.17,11.82,0.63,22.28,26.32,28.68,17.64,97.95,113.32,285.87,10.94,0.49,0.65,85.0,80.0,43.0,48.0,54.0,91.0,69.0,31.0,81.0,2.0,11.0,11.0,48.0,70.0,65.0,83.0,85.0,78.0
2025,Botafogo-SP,16,42,Meio,17.0,-0.16081920676051564,False,Jean Victor,LB,LE,31.0,16,788,0.2062189232269883,False,20,2,16.0,788.16,9866.91,479.34,145.35,6.74,49.55,6.05,14.39,0.57,25.92,27.95,30.06,119.3,56.25,265.57,272.27,25.17,1.68,7.32,79.0,30.0,17.0,6.0,13.0,17.0,15.0,9.0,40.0,15.0,17.0,53.0,2.0,43.0,9.0,62.0,66.0,87.0
2025,Botafogo-SP,16,42,Meio,17.0,-0.16081920676051564,False,Guilherme Queiróz,CF,CA,35.0,14,672,0.1758618228534722,False,21,4,14.0,682.64,9248.82,573.22,231.37,12.0,66.84,8.44,12.92,1.58,35.99,28.94,31.18,121.04,105.83,351.46,274.97,28.6,9.74,19.9,41.0,59.0,65.0,56.0,48.0,58.0,14.0,45.0,57.0,48.0,63.0,42.0,53.0,64.0,24.0,28.0,60.0,45.0
2025,Botafogo-SP,16,42,Meio,17.0,-0.16081920676051564,False,Matheus Régis,"LAMF, LW",EE,25.0,18,524,0.1371303499631242,False,22,2,17.0,519.69,11289.7,893.51,292.47,16.97,101.3,8.14,19.39,1.39,66.15,28.54,30.68,203.04,126.46,539.25,463.29,52.04,5.99,18.42,100.0,100.0,70.0,92.0,100.0,44.0,54.0,27.0,100.0,26.0,48.0,74.0,56.0,100.0,84.0,100.0,66.0,88.0
2025,Botafogo-SP,16,42,Meio,17.0,-0.16081920676051564,False,Matheus Barbosa,"RCMF, RDMF, LCMF",MED,30.0,11,410,0.1072966478719101,False,23,1,11.0,410.08,10294.79,509.82,106.44,6.36,53.33,4.61,16.46,0.22,31.6,26.53,28.0,40.48,68.3,221.21,345.23,30.18,1.29,4.31,55.0,42.0,30.0,46.0,51.0,35.0,90.0,10.0,41.0,16.0,13.0,32.0,17.0,36.0,20.0,58.0,41.0,36.0
2025,Botafogo-SP,16,42,Meio,17.0,-0.16081920676051564,False,Pablo Thomaz,"CF, RW",CA,25.0,6,197,0.051554730806747,False,24,5,6.0,196.14,10569.19,522.2,224.85,9.64,63.78,9.64,18.35,0.92,33.04,29.97,30.88,180.92,59.41,401.32,188.38,35.49,7.23,17.74,94.0,41.0,60.0,34.0,40.0,84.0,74.0,23.0,41.0,77.0,56.0,74.0,13.0,81.0,5.0,71.0,28.0,33.0
2025,Botafogo-SP,16,42,Meio,17.0,-0.16081920676051564,False,Jhony Douglas,"LCMF, DMF, RDMF",MED,28.0,4,186,0.048676040254086,False,25,2,4.0,197.04,9366.64,527.58,195.96,4.57,40.2,3.2,7.31,0.46,31.06,27.6,27.6,24.74,79.04,103.31,316.73,8.6,0.0,0.0,,,,,,,,,,,,,,,,,,
2025,Botafogo-SP,16,42,Meio,17.0,-0.16081920676051564,False,William Gabriel,"LAMF, LW, RAMF",EE,21.0,5,111,0.029048604667761,False,26,3,5.0,110.6,10750.37,873.01,318.13,16.27,93.57,14.65,30.1,3.25,54.51,27.5,27.5,154.69,205.37,404.8,571.81,30.09,3.01,11.03,96.0,98.0,88.0,84.0,94.0,100.0,100.0,96.0,98.0,6.0,2.0,50.0,96.0,62.0,100.0,24.0,10.0,28.0
2025,Botafogo-SP,16,42,Meio,17.0,-0.16081920676051564,False,M. Júnior,"AMF, RAMF",MEI,,1,51,0.013346656198701,False,27,2,1.0,50.57,10267.83,614.04,277.65,12.46,58.73,5.34,14.24,1.78,30.26,32.2,32.2,161.9,130.67,259.38,442.67,31.3,0.0,5.22,,,,,,,,,,,,,,,,,,
2025,Botafogo-SP,16,42,Meio,17.0,-0.16081920676051564,False,Tortello,"RDMF, LCMF",VOL,21.0,2,30,0.00785097423453,False,28,5,2.0,29.96,11559.84,597.66,117.13,3.0,63.07,9.01,12.01,0.0,42.05,25.4,25.4,106.09,22.82,212.18,333.76,21.2,0.0,7.07,,,,,,,,,,,,,,,,,,
2025,CRB,9,56,Meio,7.0,0.026058706010148702,False,Matheus Ribeiro,"LB, RB",LE,32.0,37,3468,0.909476695672905,True,1,1,36.0,3375.36,9455.01,554.14,219.44,9.92,60.26,7.73,14.85,1.33,25.86,29.47,31.74,138.57,109.94,290.95,341.97,22.68,2.07,5.38,55.0,66.0,77.0,47.0,49.0,68.0,26.0,36.0,38.0,48.0,68.0,66.0,49.0,55.0,53.0,45.0,77.0,69.0
2025,CRB,9,56,Meio,7.0,0.026058706010148702,False,Henri,RCB,ZD,23.0,35,3450,0.904756228394326,True,2,1,34.0,3355.8,9034.38,313.74,94.76,4.69,33.12,4.13,9.31,0.48,16.79,29.24,32.1,25.08,89.75,107.65,251.98,8.87,0.46,0.67,83.0,44.0,37.0,30.0,33.0,10.0,31.0,24.0,33.0,65.0,78.0,31.0,39.0,57.0,48.0,67.0,81.0,80.0
2025,CRB,9,56,Meio,7.0,0.026058706010148702,False,Higor Meritão,"DMF, LDMF",VOL,31.0,35,3283,0.8609607819763977,True,3,1,34.0,3189.2,10841.82,570.71,165.0,7.7,55.25,4.63,12.13,0.48,38.75,28.51,31.86,51.77,136.98,167.06,498.75,25.06,1.54,4.27,100.0,98.0,93.0,83.0,81.0,38.0,26.0,38.0,93.0,82.0,95.0,62.0,86.0,45.0,100.0,79.0,69.0,76.0
2025,CRB,9,56,Meio,7.0,0.026058706010148702,False,Thiaguinho,"RAMF, LW, RWF",ED,24.0,37,2730,0.7159375372511623,True,4,1,36.0,2649.6,9443.34,578.02,317.41,14.64,74.97,7.85,18.65,2.48,33.6,30.64,32.12,217.84,134.53,366.32,272.47,33.08,4.23,12.6,19.0,37.0,83.0,75.0,62.0,37.0,44.0,70.0,27.0,87.0,75.0,79.0,69.0,40.0,13.0,40.0,37.0,62.0
2025,CRB,9,56,Meio,7.0,0.026058706010148702,False,L. Segovia,LCB,ZE,27.0,24,2047,0.5368220288473,False,5,1,24.0,2048.64,9104.24,308.98,97.79,4.26,31.41,3.95,7.29,0.48,15.07,28.15,31.3,20.86,87.41,77.36,277.98,8.65,0.5,0.84,94.0,44.0,38.0,21.0,26.0,3.0,3.0,10.0,26.0,24.0,65.0,15.0,47.0,12.0,68.0,71.0,82.0,71.0
2025,CRB,9,56,Meio,7.0,0.026058706010148702,False,Gegé,"RCMF, RDMF",MED,31.0,30,2007,0.5263321015615687,False,6,1,29.0,1909.94,10538.25,585.98,131.79,6.55,55.13,4.95,12.49,0.57,35.34,27.0,29.78,71.11,73.99,311.48,355.87,33.81,3.96,9.32,75.0,74.0,51.0,49.0,57.0,48.0,35.0,40.0,55.0,30.0,54.0,65.0,23.0,74.0,28.0,75.0,78.0,78.0
2025,CRB,9,56,Meio,7.0,0.026058706010148702,False,Mikael,CF,CA,26.0,32,1895,0.496960305161521,False,7,1,31.0,1864.03,9056.86,483.56,164.92,9.8,59.04,7.97,17.19,2.46,35.58,28.8,31.54,100.57,82.13,266.96,264.59,25.21,9.51,18.19,23.0,26.0,33.0,37.0,29.0,42.0,58.0,73.0,55.0,42.0,70.0,27.0,33.0,15.0,19.0,12.0,55.0,36.0
2025,CRB,9,56,Meio,7.0,0.026058706010148702,False,Léo Campos,LB,LE,33.0,21,1705,0.4471331505542973,False,8,2,21.0,1720.74,9383.95,521.77,197.13,9.21,55.13,5.7,14.28,0.84,20.76,29.2,30.72,96.02,121.97,224.51,374.03,22.48,0.61,2.44,47.0,55.0,49.0,38.0,32.0,11.0,13.0,19.0,6.0,40.0,36.0,30.0,62.0,23.0,72.0,43.0,17.0,19.0
2025,CRB,9,56,Meio,7.0,0.026058706010148702,False,Crystopher,"RCMF, RDMF, LCMF",MED,27.0,22,1704,0.446870902372154,False,9,2,22.0,1705.22,10302.93,570.65,156.75,7.49,55.15,5.7,14.73,1.11,36.42,28.01,29.92,64.51,122.61,256.75,432.87,27.76,3.12,8.61,58.0,67.0,74.0,64.0,58.0,74.0,65.0,81.0,62.0,62.0,55.0,59.0,72.0,57.0,67.0,43.0,72.0,74.0
2025,CRB,9,56,Meio,7.0,0.026058706010148702,False,Fabio Alemão,"LCB, RCB",ZE,28.0,19,1662,0.4358564787221362,False,10,2,19.0,1663.83,8854.47,308.55,97.42,5.19,34.02,4.71,10.22,0.76,21.37,28.25,30.28,29.07,79.31,88.01,256.25,8.78,0.43,0.71,65.0,41.0,35.0,50.0,44.0,29.0,47.0,50.0,94.0,32.0,41.0,44.0,35.0,21.0,44.0,74.0,74.0,68.0
2025,CRB,9,56,Meio,7.0,0.026058706010148702,False,Douglas Baggio,"RW, RWF, LW",ED,30.0,32,1502,0.3938967695792109,False,11,2,30.0,1420.2,9637.39,547.53,227.99,10.77,63.87,8.11,17.87,1.71,28.32,29.07,31.44,155.28,91.76,353.34,240.99,33.0,6.32,14.47,31.0,29.0,52.0,29.0,23.0,48.0,33.0,29.0,6.0,38.0,58.0,44.0,31.0,35.0,6.0,38.0,85.0,83.0
2025,CRB,9,56,Meio,7.0,0.026058706010148702,False,William Pottker,"CF, RAMF, RW",CA,31.0,29,1411,0.3700321850041721,False,12,2,28.0,1384.6,9755.62,653.85,360.95,17.1,85.8,7.74,14.82,2.15,35.1,31.39,33.6,254.92,174.56,421.26,348.85,29.9,6.29,13.11,64.0,80.0,100.0,95.0,93.0,38.0,23.0,63.0,52.0,97.0,97.0,95.0,90.0,88.0,58.0,34.0,19.0,9.0
2025,CRB,9,56,Meio,7.0,0.026058706010148702,False,Dadá Belmonte,"LWF, LAMF, LW",EE,28.0,23,1322,0.3466920967934199,False,13,1,22.0,1321.1,9395.5,609.83,302.43,13.69,71.74,8.18,21.12,2.73,30.25,29.83,32.08,165.2,155.18,335.22,334.67,27.11,5.53,13.51,18.0,50.0,80.0,58.0,44.0,46.0,78.0,80.0,16.0,68.0,87.0,58.0,78.0,32.0,38.0,10.0,58.0,38.0
2025,CRB,9,56,Meio,7.0,0.026058706010148702,False,Breno Herculano,CF,CA,26.0,26,1226,0.3215162713076648,False,14,3,24.0,1132.8000000000002,9206.11,537.07,199.26,10.57,62.21,8.82,16.53,1.19,30.83,29.23,32.54,98.44,128.58,248.57,388.68,20.98,9.77,17.18,38.0,47.0,48.0,41.0,36.0,67.0,53.0,33.0,30.0,60.0,88.0,23.0,65.0,9.0,76.0,5.0,63.0,26.0
2025,CRB,9,56,Meio,7.0,0.026058706010148702,False,Giovanni,"LCMF, CF",MED,31.0,22,798,0.2092740493503397,False,15,3,22.0,796.62,9651.88,432.11,114.1,4.97,43.38,7.12,13.56,0.68,27.68,26.85,29.4,46.65,95.73,183.12,331.09,22.83,1.47,5.07,13.0,20.0,38.0,19.0,16.0,93.0,45.0,52.0,21.0,24.0,41.0,41.0,48.0,28.0,16.0,23.0,51.0,48.0
2025,CRB,9,56,Meio,7.0,0.026058706010148702,False,Hayner,RB,LD,29.0,17,787,0.2063893193467636,False,16,1,16.0,717.92,10149.95,658.45,239.46,11.28,65.69,7.4,17.3,1.76,31.72,28.64,31.4,174.76,83.14,372.93,328.1,25.85,1.58,4.4,87.0,93.0,71.0,60.0,64.0,44.0,53.0,60.0,71.0,33.0,71.0,87.0,11.0,91.0,29.0,53.0,51.0,73.0
2025,CRB,9,56,Meio,7.0,0.026058706010148702,False,Lucas Kallyel,"RCMF, LDMF",MED,21.0,11,460,0.1206341637859101,False,17,4,11.0,460.02,10040.87,454.3,135.78,6.26,45.98,4.3,12.13,0.98,29.54,28.55,31.16,63.03,94.32,207.4,311.0,23.88,1.3,4.41,33.0,25.0,57.0,43.0,28.0,23.0,26.0,68.0,26.0,86.0,92.0,57.0,45.0,32.0,13.0,28.0,43.0,39.0
2025,CRB,9,56,Meio,7.0,0.026058706010148702,False,Vinícius Barata,"RW, LW, RAMF",ED,26.0,13,450,0.1180116819644773,False,18,3,12.0,410.76,9929.72,752.4,367.22,17.97,91.37,14.24,24.76,3.72,34.84,30.03,31.98,232.24,186.69,470.98,344.57,34.65,4.33,11.63,54.0,88.0,92.0,94.0,92.0,96.0,96.0,93.0,31.0,73.0,71.0,85.0,90.0,87.0,50.0,54.0,38.0,49.0
2025,CRB,9,56,Meio,7.0,0.026058706010148702,False,Fernando Henrique,"DMF, RCMF, LDMF",VOL,24.0,9,377,0.0988675646680176,False,19,2,9.0,377.82,10804.76,469.06,85.52,3.57,41.69,4.05,13.58,0.0,35.49,25.89,26.96,41.36,56.59,214.7,298.0,31.27,0.99,4.96,98.0,62.0,25.0,12.0,29.0,12.0,62.0,4.0,76.0,6.0,5.0,48.0,19.0,88.0,17.0,93.0,57.0,83.0
2025,CRB,9,56,Meio,7.0,0.026058706010148702,False,F. Barceló,CF,CA,32.0,14,371,0.0972940755751579,False,20,4,14.0,371.42,9998.31,815.74,258.34,15.03,83.37,7.51,17.45,2.42,42.17,26.96,29.3,166.97,150.42,372.49,561.84,34.5,11.76,21.56,79.0,95.0,78.0,85.0,91.0,31.0,62.0,72.0,86.0,12.0,16.0,71.0,80.0,73.0,95.0,65.0,88.0,67.0
2025,CRB,9,56,Meio,7.0,0.026058706010148702,False,Darlisson,LCB,ZE,21.0,5,315,0.0826081773751341,False,21,3,4.0,218.92,9266.01,384.42,159.52,7.81,46.05,4.93,10.69,0.41,13.57,29.25,29.25,54.26,127.21,93.99,340.57,12.22,0.38,0.76,,,,,,,,,,,,,,,,,,
2025,CRB,9,56,Meio,7.0,0.026058706010148702,False,Rafinha,"LAMF, LW, LCMF",EE,25.0,9,283,0.074216235546549,False,22,2,7.0,234.36,10853.37,736.87,334.07,16.51,94.08,9.6,18.05,0.77,48.77,29.09,29.82,179.92,209.97,431.29,376.14,47.22,9.79,23.03,98.0,92.0,92.0,86.0,98.0,82.0,42.0,10.0,90.0,45.0,26.0,62.0,98.0,78.0,66.0,94.0,100.0,100.0
2025,CRB,9,56,Meio,7.0,0.026058706010148702,False,Willian Bahia,LB,LE,23.0,2,147,0.0385504827750625,False,23,3,2.0,146.94,10713.64,725.14,286.02,15.31,79.01,4.9,18.37,1.84,28.17,29.25,29.25,148.45,148.94,387.74,357.34,30.0,1.62,6.49,,,,,,,,,,,,,,,,,,
2025,CRB,9,56,Meio,7.0,0.026058706010148702,False,David Braw,"LWF, AMF, LCMF",EE,22.0,2,64,0.0167838836571701,False,24,3,2.0,63.7,10867.82,508.63,149.76,7.06,55.1,4.24,5.65,1.41,18.37,27.35,27.35,37.25,131.93,196.9,415.9,37.2,5.31,15.94,,,,,,,,,,,,,,,,,,
2025,CRB,9,56,Meio,7.0,0.026058706010148702,False,Gazão,"RDMF, RCMF",VOL,23.0,3,61,0.0159971391107402,False,25,3,3.0,60.63,9806.98,443.82,203.35,8.91,53.44,7.42,22.26,1.48,50.47,28.43,28.43,209.89,100.93,278.33,266.76,45.33,0.0,2.83,,,,,,,,,,,,,,,,,,
2025,CRB,9,56,Meio,7.0,0.026058706010148702,False,Dioran,CF,CA,22.0,1,23,0.0060317081892955,False,26,5,1.0,23.43,10558.04,595.31,468.56,19.2,84.5,11.52,23.04,0.0,19.2,32.5,32.5,452.02,65.09,766.82,155.66,24.13,8.04,24.13,,,,,,,,,,,,,,,,,,
2025,Chapecoense,3,62,Sobe,18.0,0.3687618280363034,True,W. Clar,"LWB, LB",LE,30.0,38,3795,0.9793778153153152,True,1,1,38.0,3801.14,9948.78,643.08,195.01,10.63,65.49,6.87,15.7,0.99,27.16,28.48,30.28,141.29,96.93,418.13,354.6,32.24,3.66,9.45,89.0,91.0,45.0,64.0,74.0,27.0,36.0,26.0,53.0,27.0,23.0,79.0,28.0,94.0,64.0,98.0,96.0,96.0
2025,Chapecoense,3,62,Sobe,18.0,0.3687618280363034,True,Rafael Carvalheira,RCMF,MED,26.0,38,3540,0.9135698198198198,True,2,1,38.0,3542.36,10814.08,723.16,176.22,9.15,65.4,4.04,12.96,0.64,33.64,28.03,30.38,104.27,112.37,351.33,514.81,30.31,5.26,12.39,94.0,96.0,83.0,84.0,86.0,20.0,39.0,48.0,48.0,64.0,74.0,90.0,68.0,87.0,93.0,59.0,93.0,86.0
2025,Chapecoense,3,62,Sobe,18.0,0.3687618280363034,True,Eduardo Doma,"CB, LCB, RCB",ZD,27.0,32,2950,0.7613081831831832,True,3,1,32.0,2954.56,8740.57,290.13,79.68,4.36,30.12,4.57,8.01,0.82,15.2,27.99,30.22,22.25,70.9,103.49,213.13,7.52,0.18,0.36,46.0,28.0,19.0,24.0,17.0,22.0,13.0,50.0,20.0,24.0,39.0,28.0,24.0,52.0,13.0,56.0,44.0,50.0
2025,Chapecoense,3,62,Sobe,18.0,0.3687618280363034,True,João Paulo,LCB,ZE,28.0,31,2874,0.7416948198198198,True,4,1,31.0,2878.9700000000003,8871.65,366.78,121.45,6.0,39.92,5.72,10.88,1.28,16.47,29.23,32.04,36.99,97.92,129.6,274.25,9.96,0.59,1.13,68.0,91.0,68.0,74.0,79.0,88.0,74.0,88.0,44.0,74.0,85.0,82.0,56.0,88.0,65.0,76.0,88.0,88.0
2025,Chapecoense,3,62,Sobe,18.0,0.3687618280363034,True,Giovanni Augusto,"AMF, CF",MEI,35.0,31,2556,0.6596283783783784,True,5,1,31.0,2560.29,9201.75,436.61,140.72,7.07,48.79,5.52,10.44,1.41,23.9,29.04,31.12,129.13,47.36,329.45,195.83,31.02,3.71,8.93,5.0,14.0,41.0,27.0,18.0,27.0,5.0,91.0,14.0,91.0,80.0,73.0,18.0,64.0,5.0,14.0,41.0,36.0
2025,Chapecoense,3,62,Sobe,18.0,0.3687618280363034,True,Victor Caetano,RCB,ZD,27.0,28,2514,0.6487894144144144,True,6,2,28.0,2518.04,8678.04,289.0,85.24,4.11,30.49,3.9,7.68,0.29,13.08,28.29,30.46,29.69,67.31,80.98,229.1,4.77,0.26,0.42,39.0,26.0,26.0,20.0,22.0,6.0,6.0,6.0,7.0,31.0,47.0,52.0,20.0,20.0,20.0,15.0,55.0,56.0
2025,Chapecoense,3,62,Sobe,18.0,0.3687618280363034,True,Bruno Matias,"LCMF, RCMF, DMF",MED,26.0,25,2389,0.6165305930930931,True,7,2,25.0,2394.5,10547.64,595.52,138.13,6.13,51.49,6.24,13.91,0.71,28.04,27.35,28.98,56.03,107.49,324.61,377.96,40.74,0.82,3.68,78.0,78.0,59.0,38.0,45.0,87.0,51.0,54.0,23.0,38.0,35.0,54.0,62.0,80.0,43.0,96.0,22.0,26.0
2025,Chapecoense,3,62,Sobe,18.0,0.3687618280363034,True,Bruno Leonardo,"CB, RCB",ZD,29.0,28,2314,0.5971753003003003,False,8,3,28.0,2316.16,8937.19,325.95,84.87,5.01,34.47,4.7,9.29,0.54,15.89,28.19,30.78,29.55,63.19,112.41,231.82,9.03,0.17,0.34,70.0,54.0,24.0,37.0,35.0,28.0,30.0,28.0,26.0,28.0,54.0,50.0,11.0,65.0,22.0,72.0,43.0,48.0
2025,Chapecoense,3,62,Sobe,18.0,0.3687618280363034,True,N. Pessôa,"CF, RWF",CA,31.0,31,2203,0.5685294669669669,False,9,1,31.0,2200.38,9811.35,625.37,274.69,15.75,80.49,8.34,19.88,1.72,33.09,29.6,31.5,186.1,156.02,387.69,364.29,35.36,11.23,23.01,71.0,76.0,81.0,90.0,84.0,53.0,88.0,50.0,42.0,67.0,69.0,80.0,81.0,74.0,70.0,70.0,83.0,79.0
2025,Chapecoense,3,62,Sobe,18.0,0.3687618280363034,True,Maílton,"RWB, RB",LD,27.0,20,1759,0.4539461336336336,False,10,1,20.0,1760.0,9326.61,528.22,192.16,10.23,59.21,7.87,16.87,2.05,25.93,29.88,32.22,146.92,81.08,352.97,262.65,20.15,1.06,2.77,27.0,29.0,33.0,40.0,36.0,56.0,44.0,69.0,36.0,84.0,89.0,64.0,9.0,80.0,2.0,20.0,38.0,33.0
2025,Chapecoense,3,62,Sobe,18.0,0.3687618280363034,True,Everton,"RWB, RCB, RW",LD,30.0,24,1102,0.2843937687687687,False,11,2,23.0,1086.98,9890.0,588.18,285.06,12.92,66.65,8.45,17.55,2.98,31.96,31.67,34.12,225.15,135.58,346.58,367.24,23.03,3.06,5.99,78.0,64.0,93.0,82.0,71.0,71.0,60.0,93.0,78.0,98.0,98.0,98.0,71.0,78.0,64.0,36.0,89.0,87.0
2025,Chapecoense,3,62,Sobe,18.0,0.3687618280363034,True,J. Jiménez,LCMF,MED,32.0,26,1000,0.2580705705705706,False,12,3,26.0,999.96,10090.17,466.56,102.69,5.58,48.33,5.49,14.85,0.18,26.55,26.92,30.36,32.03,92.8,144.88,385.25,16.91,0.0,1.35,39.0,29.0,23.0,29.0,35.0,65.0,68.0,9.0,13.0,28.0,71.0,14.0,42.0,10.0,46.0,9.0,3.0,9.0
2025,Chapecoense,3,62,Sobe,18.0,0.3687618280363034,True,Pedro Martins,"LCMF, RCMF",MED,25.0,21,928,0.2394894894894894,False,13,4,21.0,927.99,10388.69,541.95,141.5,7.86,52.08,4.36,11.93,0.48,30.36,27.51,29.58,46.02,128.59,201.09,443.94,28.31,1.2,2.7,62.0,51.0,64.0,68.0,46.0,26.0,25.0,29.0,31.0,46.0,47.0,39.0,80.0,29.0,72.0,48.0,33.0,22.0
2025,Chapecoense,3,62,Sobe,18.0,0.3687618280363034,True,Perotti,"CF, RWF",CA,27.0,21,721,0.1860688813813814,False,14,2,20.0,651.0,9813.47,581.13,181.27,10.65,64.29,8.3,19.22,0.83,28.62,27.81,30.42,122.43,91.04,313.07,369.84,31.58,12.08,24.34,72.0,60.0,41.0,42.0,41.0,52.0,85.0,19.0,17.0,22.0,44.0,43.0,37.0,40.0,72.0,47.0,91.0,87.0
2025,Chapecoense,3,62,Sobe,18.0,0.3687618280363034,True,Gabriel Inocêncio,"RWB, RW, RB",LD,31.0,14,566,0.1460679429429429,False,15,3,14.0,565.18,9773.82,739.06,335.53,17.36,92.52,12.1,24.36,3.34,35.19,30.36,32.32,215.14,199.87,421.39,519.94,32.89,4.74,8.59,64.0,100.0,98.0,98.0,100.0,100.0,98.0,96.0,91.0,87.0,91.0,96.0,100.0,96.0,100.0,98.0,100.0,100.0
2025,Chapecoense,3,62,Sobe,18.0,0.3687618280363034,True,Mailson,"RWF, CF, AMF",ED,22.0,15,436,0.1125187687687687,False,16,1,15.0,436.2,10581.91,856.88,304.13,16.3,90.99,8.87,22.28,1.24,42.09,29.11,30.86,218.64,159.4,497.3,503.27,36.32,10.63,22.14,96.0,100.0,81.0,87.0,90.0,69.0,85.0,17.0,65.0,44.0,37.0,81.0,81.0,96.0,98.0,62.0,100.0,100.0
2025,Chapecoense,3,62,Sobe,18.0,0.3687618280363034,True,Dentinho,"CF, RAMF, RWB",CA,28.0,9,294,0.0758727477477477,False,17,3,9.0,292.41,10339.31,680.73,336.37,14.46,79.71,9.54,16.0,3.69,37.54,29.69,31.54,308.69,99.86,452.29,310.55,34.01,4.69,13.68,92.0,85.0,93.0,80.0,81.0,81.0,44.0,97.0,66.0,70.0,70.0,100.0,49.0,95.0,44.0,64.0,9.0,13.0
2025,Chapecoense,3,62,Sobe,18.0,0.3687618280363034,True,David Antunes,"RCMF, LCMF",MED,20.0,5,260,0.0670983483483483,False,18,5,5.0,259.85,10974.91,851.68,215.09,12.47,85.55,5.89,15.93,1.04,54.03,28.5,28.5,132.35,122.32,399.46,590.23,39.07,4.27,12.82,96.0,100.0,94.0,96.0,97.0,81.0,84.0,72.0,99.0,84.0,22.0,94.0,71.0,97.0,100.0,88.0,83.0,91.0
2025,Chapecoense,3,62,Sobe,18.0,0.3687618280363034,True,Bressan,CB,ZD,32.0,5,239,0.0616788663663663,False,19,4,5.0,240.25,8678.21,312.42,148.72,5.99,36.34,4.5,9.74,1.5,19.85,29.32,29.32,32.73,158.1,132.14,248.6,8.89,0.0,0.0,41.0,39.0,76.0,56.0,48.0,20.0,39.0,81.0,65.0,69.0,21.0,57.0,94.0,76.0,44.0,69.0,14.0,9.0
2025,Chapecoense,3,62,Sobe,18.0,0.3687618280363034,True,Getúlio,"CF, RAMF",CA,28.0,5,181,0.0467107732732732,False,20,4,5.0,180.75,10118.34,756.85,207.63,12.95,81.16,8.46,16.43,1.99,41.83,27.58,27.58,134.63,92.97,356.49,464.27,36.29,14.63,25.17,87.0,93.0,51.0,67.0,87.0,59.0,49.0,60.0,83.0,21.0,3.0,56.0,40.0,69.0,88.0,76.0,100.0,92.0
2025,Chapecoense,3,62,Sobe,18.0,0.3687618280363034,True,Eduardo Person,"LCMF, LCB, RCMF",MED,28.0,4,174,0.0449042792792792,False,21,6,4.0,174.4,9860.78,505.73,182.68,6.71,47.48,7.74,10.32,0.52,23.74,27.43,27.43,93.27,137.73,236.23,350.77,11.56,0.0,3.4,,,,,,,,,,,,,,,,,,
2025,Chapecoense,3,62,Sobe,18.0,0.3687618280363034,True,Jhonnathan,LCB,ZE,24.0,3,163,0.042065503003003,False,22,2,3.0,163.86,8593.21,284.5,46.68,3.84,29.66,5.49,10.44,1.65,26.36,26.37,26.37,11.67,44.75,104.99,194.54,5.83,0.0,0.0,,,,,,,,,,,,,,,,,,
2025,Chapecoense,3,62,Sobe,18.0,0.3687618280363034,True,Thomás Bedinelli,"CF, AMF, RWF",CA,32.0,4,115,0.0296781156156156,False,23,5,4.0,115.52,9650.04,666.92,102.06,10.13,63.89,7.01,16.36,0.78,37.4,25.62,25.62,70.82,73.65,425.76,413.17,26.95,5.05,10.11,,,,,,,,,,,,,,,,,,
2025,Chapecoense,3,62,Sobe,18.0,0.3687618280363034,True,Rubens,"CF, RCB, RWB",CA,22.0,5,80,0.0206456456456456,False,24,6,5.0,80.1,11192.22,870.97,345.02,16.86,92.15,11.24,23.6,7.87,53.94,29.58,29.58,180.16,313.04,487.66,609.07,33.98,4.0,19.99,100.0,99.0,97.0,94.0,97.0,93.0,98.0,100.0,100.0,66.0,28.0,73.0,99.0,98.0,99.0,63.0,7.0,49.0
2025,Chapecoense,3,62,Sobe,18.0,0.3687618280363034,True,Mancha,"LWB, LB, RDMF",LE,24.0,4,64,0.0165165165165165,False,25,2,4.0,65.08,9650.86,383.05,143.82,8.3,47.02,6.91,13.83,0.0,16.59,26.07,26.07,80.33,125.0,261.09,115.0,11.94,0.0,3.98,,,,,,,,,,,,,,,,,,
2025,Chapecoense,3,62,Sobe,18.0,0.3687618280363034,True,Kaique Maciel,"RWF, CF",ED,24.0,2,47,0.0121293168168168,False,26,2,2.0,47.02,11157.96,773.34,279.48,13.4,86.14,7.66,21.06,0.0,61.25,28.25,28.25,122.85,216.69,387.24,405.48,42.67,10.67,29.33,,,,,,,,,,,,,,,,,,
2025,Chapecoense,3,62,Sobe,18.0,0.3687618280363034,True,Rômulo Souza,"LW, RWB",EE,30.0,2,30,0.0077421171171171,False,27,1,2.0,30.26,11043.83,1040.75,202.2,5.95,83.26,8.92,20.81,0.0,44.6,27.15,27.15,12.86,129.21,484.29,605.94,27.49,13.75,20.62,,,,,,,,,,,,,,,,,,
2025,Chapecoense,3,62,Sobe,18.0,0.3687618280363034,True,Gustavo Talles,RCMF,MED,22.0,1,4,0.0010322822822822,False,28,7,1.0,4.17,12420.0,1922.4,1533.6,43.2,216.0,21.6,0.0,0.0,43.2,31.7,31.7,,,,,115.38,23.08,69.23,,,,,,,,,,,,,,,,,,
2025,Coritiba,1,68,Sobe,4.0,0.3020744628088641,True,S. Gómez,"LCMF, LDMF",MED,29.0,34,3149,0.8142689233662435,True,1,1,33.0,3090.4500000000003,10433.0,659.81,209.16,10.78,69.28,5.27,14.71,1.22,40.28,28.83,30.66,110.7,146.62,348.73,454.18,37.51,5.52,12.52,64.0,87.0,93.0,94.0,93.0,61.0,64.0,88.0,80.0,93.0,81.0,91.0,90.0,86.0,77.0,84.0,96.0,88.0
2025,Coritiba,1,68,Sobe,4.0,0.3020744628088641,True,Maicon,RCB,ZD,36.0,31,3021,0.7811706629055006,True,2,1,30.0,2926.5,8135.51,169.21,35.4,1.54,16.48,3.35,5.97,0.25,9.5,26.45,29.88,15.51,28.0,41.76,152.42,4.1,0.13,0.18,6.0,2.0,2.0,2.0,2.0,2.0,2.0,2.0,2.0,6.0,31.0,2.0,2.0,2.0,2.0,13.0,35.0,31.0
2025,Coritiba,1,68,Sobe,4.0,0.3020744628088641,True,Jacy,LCB,ZE,28.0,32,3017,0.7801363422661024,True,3,1,31.0,2922.06,8838.53,358.09,107.25,5.57,38.96,4.96,11.98,1.08,19.44,29.26,32.76,31.35,99.0,131.75,292.11,11.72,0.44,0.93,62.0,85.0,47.0,59.0,68.0,35.0,88.0,79.0,76.0,76.0,100.0,59.0,59.0,91.0,76.0,97.0,76.0,79.0
2025,Coritiba,1,68,Sobe,4.0,0.3020744628088641,True,Zeca,"LB, RB",LE,31.0,33,2964,0.7664315937940761,True,4,1,30.0,2742.0,9220.98,424.58,133.17,6.76,45.46,5.58,14.87,0.62,24.26,28.29,31.04,75.81,85.93,230.15,277.72,21.43,0.63,1.13,28.0,13.0,13.0,9.0,9.0,9.0,28.0,11.0,23.0,23.0,51.0,13.0,13.0,26.0,11.0,40.0,20.0,9.0
2025,Coritiba,1,68,Sobe,4.0,0.3020744628088641,True,Josué,"AMF, RCMF, CF",MEI,34.0,34,2952,0.7633286318758815,True,5,1,33.0,2885.19,9305.05,414.96,94.52,5.27,43.27,4.49,11.51,0.84,22.62,26.95,28.88,47.82,66.19,241.48,267.45,32.25,1.98,4.63,9.0,9.0,14.0,14.0,14.0,9.0,23.0,27.0,9.0,32.0,27.0,18.0,36.0,9.0,18.0,23.0,9.0,9.0
2025,Coritiba,1,68,Sobe,4.0,0.3020744628088641,True,Lucas Ronier,"RW, RAMF, LW",ED,20.0,29,2612,0.6754113775270334,True,6,1,28.0,2514.6800000000003,9825.5,646.73,295.34,14.75,82.53,8.8,21.69,2.54,44.17,30.53,32.28,192.99,166.23,362.81,422.55,31.19,4.79,10.41,42.0,63.0,77.0,77.0,77.0,67.0,79.0,79.0,79.0,83.0,79.0,69.0,83.0,38.0,73.0,27.0,52.0,33.0
2025,Coritiba,1,68,Sobe,4.0,0.3020744628088641,True,Bruno Melo,"LB, LCB",LE,32.0,28,2350,0.6076633756464503,True,7,2,28.0,2352.0,8882.42,288.93,84.6,4.02,30.92,4.71,10.37,0.5,15.61,27.84,30.96,29.82,70.89,112.07,230.17,13.17,0.49,1.17,9.0,2.0,2.0,2.0,2.0,2.0,2.0,6.0,2.0,13.0,47.0,2.0,6.0,2.0,2.0,6.0,15.0,11.0
2025,Coritiba,1,68,Sobe,4.0,0.3020744628088641,True,Alex Silva,RB,LD,31.0,25,2200,0.5688763516690174,False,8,1,24.0,2103.12,9515.08,538.71,204.29,10.61,60.94,7.02,16.35,1.75,28.93,28.73,30.32,119.66,117.07,276.87,348.03,22.66,1.85,4.54,44.0,44.0,40.0,49.0,40.0,31.0,36.0,58.0,49.0,38.0,31.0,31.0,44.0,29.0,49.0,33.0,71.0,76.0
2025,Coritiba,1,68,Sobe,4.0,0.3020744628088641,True,Filipe Machado,"DMF, RCMF, RDMF",VOL,29.0,35,2056,0.5316408086506816,False,9,1,34.0,2015.52,9743.95,324.99,68.27,3.08,33.0,4.2,11.39,0.49,21.12,26.41,30.6,18.96,65.34,117.4,291.79,20.64,0.3,0.48,33.0,10.0,10.0,10.0,7.0,19.0,21.0,42.0,7.0,26.0,79.0,12.0,31.0,21.0,14.0,52.0,21.0,5.0
2025,Coritiba,1,68,Sobe,4.0,0.3020744628088641,True,Gustavo Coutinho,CF,CA,26.0,37,2042,0.528020686412788,False,10,1,37.0,2042.4,9867.53,664.79,269.35,15.38,81.57,8.73,18.6,2.34,41.29,29.94,32.3,132.52,189.43,313.86,470.7,27.33,7.91,18.73,74.0,81.0,79.0,86.0,88.0,66.0,79.0,66.0,80.0,73.0,85.0,52.0,93.0,41.0,90.0,23.0,37.0,40.0
2025,Coritiba,1,68,Sobe,4.0,0.3020744628088641,True,Iury,"LW, LAMF, RW",EE,29.0,27,1613,0.4170897978373295,False,11,1,26.0,1554.28,9092.67,516.4,189.64,10.31,61.61,6.89,15.52,1.39,30.05,29.17,31.46,123.23,101.65,279.2,337.86,23.97,4.74,11.77,8.0,16.0,22.0,26.0,16.0,16.0,14.0,27.0,14.0,52.0,64.0,30.0,28.0,6.0,44.0,4.0,38.0,30.0
2025,Coritiba,1,68,Sobe,4.0,0.3020744628088641,True,Wallisson,"DMF, RW, RCMF",VOL,27.0,30,1604,0.4147625763986836,False,12,2,27.0,1448.55,9833.04,482.33,179.87,9.94,63.31,7.27,22.74,1.43,37.28,29.07,32.14,67.12,148.77,153.83,412.75,18.07,1.47,3.33,43.0,67.0,98.0,100.0,100.0,98.0,100.0,93.0,90.0,98.0,98.0,83.0,95.0,38.0,69.0,38.0,67.0,64.0
2025,Coritiba,1,68,Sobe,4.0,0.3020744628088641,True,Dellatorre,CF,CA,33.0,25,1390,0.3594264221908791,False,13,2,23.0,1279.49,9779.69,622.63,228.38,11.54,69.42,8.51,16.46,2.95,42.77,28.49,31.02,138.73,147.75,352.48,388.06,33.18,9.73,21.08,67.0,74.0,63.0,51.0,57.0,60.0,50.0,85.0,90.0,36.0,58.0,58.0,78.0,66.0,74.0,57.0,59.0,65.0
2025,Coritiba,1,68,Sobe,4.0,0.3020744628088641,True,Clayson,"LW, RW, LAMF",EE,30.0,22,1234,0.3190879172543488,False,14,2,22.0,1236.4,10227.45,787.57,248.21,12.52,80.94,10.41,20.09,1.97,46.95,29.49,31.52,128.4,161.57,413.65,498.63,38.06,5.9,13.96,78.0,94.0,58.0,46.0,68.0,90.0,62.0,46.0,86.0,58.0,66.0,32.0,82.0,72.0,94.0,74.0,64.0,46.0
2025,Coritiba,1,68,Sobe,4.0,0.3020744628088641,True,Vini Paulista,"RCMF, RW, LW",MED,24.0,25,1167,0.3017630465444287,False,15,2,24.0,1125.84,10126.17,778.0,332.0,17.83,97.13,10.07,22.94,2.56,48.44,30.37,31.8,200.4,192.32,406.18,492.18,37.39,4.85,15.19,45.0,99.0,100.0,100.0,100.0,99.0,100.0,99.0,93.0,99.0,96.0,99.0,99.0,99.0,88.0,83.0,91.0,97.0
2025,Coritiba,1,68,Sobe,4.0,0.3020744628088641,True,C. de Pena,"LCMF, LW, CF",MED,33.0,29,919,0.2376351669017395,False,16,3,29.0,918.43,10299.7,597.59,139.23,7.45,60.36,6.17,15.48,1.18,35.86,27.71,30.32,98.86,74.86,371.19,363.97,37.67,4.17,13.71,57.0,80.0,61.0,61.0,78.0,86.0,78.0,86.0,58.0,57.0,69.0,88.0,26.0,91.0,33.0,86.0,81.0,94.0
2025,Coritiba,1,68,Sobe,4.0,0.3020744628088641,True,Guilherme Vargas,RCB,ZD,21.0,10,872,0.2254818993888105,False,17,2,10.0,874.3000000000001,8854.68,293.7,69.08,3.91,29.85,4.84,8.34,0.72,15.24,27.12,29.02,15.52,75.28,102.51,236.83,11.24,0.12,0.12,57.0,30.0,9.0,15.0,13.0,37.0,17.0,44.0,22.0,9.0,17.0,4.0,28.0,48.0,30.0,87.0,32.0,25.0
2025,Coritiba,1,68,Sobe,4.0,0.3020744628088641,True,Nícolas Careca,"LW, RW, LDMF",EE,28.0,15,615,0.1590267983074753,False,18,3,14.0,596.68,9598.61,547.68,188.84,8.3,57.32,6.34,15.99,0.91,33.18,29.09,30.46,110.09,116.7,290.79,364.15,19.24,3.04,9.11,36.0,24.0,20.0,12.0,10.0,12.0,16.0,14.0,24.0,45.0,40.0,16.0,46.0,8.0,54.0,2.0,12.0,8.0
2025,Coritiba,1,68,Sobe,4.0,0.3020744628088641,True,Tiago Cóser,"RB, LCB",LD,21.0,10,592,0.1530794546309355,False,19,2,10.0,592.7,9206.06,416.37,134.08,7.44,43.12,6.68,11.84,1.37,21.11,28.48,29.5,46.34,93.95,166.66,318.59,10.04,0.27,0.54,11.0,4.0,4.0,13.0,4.0,24.0,2.0,36.0,2.0,29.0,24.0,4.0,18.0,4.0,22.0,2.0,4.0,2.0
2025,Coritiba,1,68,Sobe,4.0,0.3020744628088641,True,Geovane,"RDMF, DMF, RCMF",VOL,36.0,16,463,0.1197226140103432,False,20,3,15.0,431.25,10803.55,566.05,113.13,6.47,55.52,5.84,14.19,0.42,38.82,26.27,28.42,45.44,87.56,176.89,485.01,25.96,2.6,4.22,95.0,95.0,50.0,64.0,86.0,79.0,69.0,36.0,95.0,12.0,29.0,52.0,52.0,55.0,95.0,81.0,90.0,74.0
2025,Coritiba,1,68,Sobe,4.0,0.3020744628088641,True,Ruan Assis,"RW, LW, RAMF",ED,21.0,6,262,0.0677480018805829,False,21,2,6.0,262.32,9530.62,606.56,252.16,12.01,69.64,7.89,22.3,2.06,40.83,28.72,29.3,129.39,169.07,282.56,501.33,28.99,3.8,9.51,23.0,50.0,62.0,58.0,46.0,40.0,87.0,58.0,52.0,22.0,8.0,23.0,85.0,6.0,92.0,25.0,31.0,23.0
2025,Coritiba,1,68,Sobe,4.0,0.3020744628088641,True,Everaldo,"LW, LCMF, RW",EE,31.0,11,238,0.0615420780441937,False,22,4,10.0,209.7,9873.82,656.65,236.91,12.45,77.68,9.44,17.6,1.72,45.92,28.31,29.72,111.4,170.78,311.51,411.6,27.5,3.37,7.86,60.0,70.0,50.0,44.0,62.0,78.0,34.0,34.0,78.0,20.0,22.0,18.0,88.0,24.0,76.0,12.0,18.0,4.0
2025,Coritiba,1,68,Sobe,4.0,0.3020744628088641,True,Júnior Brumado,CF,CA,26.0,6,185,0.0478373295721673,False,23,3,6.0,184.68,8471.58,560.91,176.41,12.18,66.76,7.31,14.13,3.41,35.57,28.55,29.0,103.83,111.04,312.72,391.27,17.69,4.88,9.15,2.0,56.0,38.0,57.0,47.0,26.0,20.0,94.0,53.0,37.0,13.0,29.0,58.0,38.0,77.0,2.0,10.0,3.0
2025,Coritiba,1,68,Sobe,4.0,0.3020744628088641,True,Rodrigo Moledo,RCB,ZD,37.0,1,96,0.0248236953455571,False,24,3,1.0,96.05,8471.53,318.58,46.85,2.81,30.92,2.81,5.62,0.0,17.8,26.7,26.7,12.25,31.88,30.63,281.9,3.67,0.0,0.0,,,,,,,,,,,,,,,,,,
2025,Coritiba,1,68,Sobe,4.0,0.3020744628088641,True,Felipe Guimarães,"RB, RW",LD,21.0,3,85,0.021979313587212,False,25,3,1.0,24.75,8840.0,552.73,527.27,18.18,94.55,3.64,14.55,3.64,18.18,34.7,34.7,556.36,31.21,486.82,124.86,31.82,0.0,8.68,,,,,,,,,,,,,,,,,,
2025,Coritiba,1,68,Sobe,4.0,0.3020744628088641,True,Geovane Meurer,RCMF,MED,23.0,1,63,0.0162905500705218,False,26,4,1.0,63.23,10881.13,586.4,251.92,11.39,74.01,4.27,14.23,1.42,35.58,29.0,29.0,147.54,155.88,434.19,285.51,56.8,0.0,14.73,,,,,,,,,,,,,,,,,,
2025,Criciúma,5,61,Meio,8.0,0.16389233609701992,False,Rodrigo,"CB, RCB",ZD,38.0,36,3611,0.9342600432778247,True,1,1,36.0,3610.44,8585.45,341.87,138.94,6.93,41.0,4.76,10.89,0.75,16.68,29.89,32.48,34.59,130.51,97.35,307.18,5.38,0.75,1.27,31.0,67.0,72.0,67.0,65.0,33.0,59.0,46.0,30.0,83.0,87.0,65.0,74.0,43.0,80.0,24.0,94.0,96.0
2025,Criciúma,5,61,Meio,8.0,0.16389233609701992,False,Luciano Castán,LCB,ZE,35.0,35,3532,0.9138206792736852,True,2,1,35.0,3531.5,9101.96,385.32,126.2,6.04,40.16,5.12,10.68,0.66,21.53,28.74,31.58,38.41,113.16,146.81,308.69,12.46,0.62,1.43,91.0,94.0,76.0,76.0,88.0,54.0,68.0,34.0,97.0,51.0,74.0,85.0,82.0,97.0,91.0,100.0,93.0,97.0
2025,Criciúma,5,61,Meio,8.0,0.16389233609701992,False,Diego Gonçalves,"LW, CF, AMF",EE,30.0,37,3198,0.8274061529777025,True,3,1,37.0,3210.49,10543.86,699.67,248.09,12.61,76.47,7.04,18.73,1.15,42.08,28.96,30.74,200.68,100.79,484.54,373.51,50.21,7.94,18.8,90.0,80.0,56.0,48.0,60.0,20.0,50.0,18.0,60.0,38.0,50.0,72.0,26.0,94.0,64.0,98.0,86.0,90.0
2025,Criciúma,5,61,Meio,8.0,0.16389233609701992,False,Nicolas,CF,CA,35.0,33,2459,0.636207545394675,True,4,1,33.0,2485.23,9310.42,442.24,87.78,4.27,40.2,6.01,12.42,0.62,28.46,26.34,29.42,76.71,30.48,316.02,229.2,31.88,10.73,21.15,44.0,16.0,5.0,1.0,5.0,10.0,12.0,14.0,14.0,2.0,22.0,12.0,1.0,45.0,9.0,48.0,74.0,66.0
2025,Criciúma,5,61,Meio,8.0,0.16389233609701992,False,Matheus Trindade,"LCMF, DMF, RCMF",MED,29.0,35,2459,0.636207545394675,True,5,1,35.0,2465.4,10609.32,575.61,100.91,4.42,46.33,3.61,9.67,0.55,38.08,26.39,28.42,35.23,74.72,229.81,458.6,27.61,1.29,3.66,80.0,70.0,22.0,14.0,29.0,6.0,7.0,36.0,70.0,13.0,19.0,23.0,25.0,48.0,80.0,42.0,41.0,25.0
2025,Criciúma,5,61,Meio,8.0,0.16389233609701992,False,Jhonata Robert,"RW, AMF",ED,25.0,31,2156,0.5578135290243673,False,6,1,31.0,2148.61,10136.37,670.37,250.34,12.15,74.77,6.41,17.26,1.51,43.57,28.85,30.94,193.22,114.61,495.64,344.53,43.57,7.53,14.69,69.0,73.0,58.0,62.0,60.0,8.0,27.0,25.0,75.0,31.0,40.0,71.0,52.0,94.0,48.0,96.0,94.0,87.0
2025,Criciúma,5,61,Meio,8.0,0.16389233609701992,False,Guilherme Lobo,"RCMF, LCMF",MED,25.0,29,2140,0.5536739109982125,False,7,2,29.0,2132.08,10254.85,606.36,156.95,8.15,61.08,5.11,14.94,1.06,40.74,27.81,30.08,84.69,109.77,348.04,420.59,36.89,2.87,5.87,51.0,83.0,75.0,74.0,80.0,53.0,70.0,74.0,81.0,59.0,60.0,77.0,64.0,84.0,62.0,80.0,70.0,59.0
2025,Criciúma,5,61,Meio,8.0,0.16389233609701992,False,Felipinho,"LB, LWB",LE,28.0,24,1977,0.5115015523567599,False,8,1,24.0,1978.32,9922.59,638.29,271.47,13.42,72.75,9.05,17.52,2.5,34.85,30.76,33.1,188.87,151.95,423.11,380.45,27.82,2.5,6.23,87.0,89.0,94.0,91.0,91.0,96.0,57.0,96.0,96.0,98.0,98.0,96.0,83.0,96.0,77.0,81.0,89.0,79.0
2025,Criciúma,5,61,Meio,8.0,0.16389233609701992,False,Léo Naldi,"LCMF, RCMF",MED,23.0,29,1904,0.4926145451124282,False,9,3,28.0,1903.16,10040.27,565.51,148.83,7.42,57.36,5.11,12.86,0.52,30.46,28.36,31.16,69.54,110.4,308.88,397.59,26.1,2.21,6.2,32.0,62.0,71.0,59.0,67.0,53.0,38.0,31.0,35.0,81.0,92.0,62.0,67.0,71.0,52.0,38.0,61.0,61.0
2025,Criciúma,5,61,Meio,8.0,0.16389233609701992,False,Marcelo Hermes,"LB, LWB",LE,30.0,12,1210,0.3130586132279612,False,10,2,12.0,1206.48,10087.98,598.93,201.56,9.7,60.27,5.97,14.47,1.04,23.72,29.63,31.22,138.22,112.47,322.36,391.09,25.16,1.64,5.38,96.0,79.0,57.0,43.0,51.0,13.0,19.0,28.0,17.0,53.0,55.0,64.0,51.0,77.0,83.0,60.0,64.0,69.0
2025,Criciúma,5,61,Meio,8.0,0.16389233609701992,False,Luiz Henrique,"LB, LCB, LWB",LE,26.0,21,1078,0.2789067645121836,False,11,3,21.0,1079.82,9700.0,585.21,216.85,10.58,64.5,9.08,21.42,1.58,30.75,28.09,30.36,139.31,135.88,351.95,377.15,27.47,1.43,3.15,68.0,74.0,72.0,62.0,68.0,98.0,98.0,60.0,74.0,17.0,30.0,72.0,70.0,87.0,74.0,79.0,60.0,26.0
2025,Criciúma,5,61,Meio,8.0,0.16389233609701992,False,Benevenuto,"RCB, CB",ZD,29.0,15,1029,0.2662291843070844,False,12,2,15.0,1026.75,9010.43,362.56,161.56,7.19,41.46,6.05,13.32,1.49,21.21,29.61,30.86,46.57,137.22,118.44,280.73,3.68,0.85,0.99,80.0,78.0,87.0,72.0,70.0,85.0,94.0,79.0,74.0,76.0,56.0,83.0,78.0,72.0,63.0,7.0,97.0,91.0
2025,Criciúma,5,61,Meio,8.0,0.16389233609701992,False,B. Borasi,"LW, AMF, RW",EE,27.0,23,993,0.256915043748236,False,13,2,22.0,901.34,10534.81,732.17,314.72,15.38,85.97,7.99,20.07,2.3,50.82,29.74,32.06,272.0,112.37,528.42,369.32,49.28,8.31,20.56,88.0,90.0,86.0,78.0,82.0,40.0,60.0,70.0,96.0,64.0,84.0,94.0,40.0,98.0,58.0,96.0,88.0,94.0
2025,Criciúma,5,61,Meio,8.0,0.16389233609701992,False,Léo Alaba,"RB, RWB",LD,26.0,17,884,0.2287138959450559,False,14,1,17.0,884.0,10197.32,623.75,262.04,14.35,74.52,7.74,18.32,2.65,33.49,29.27,30.74,169.03,153.34,344.65,390.87,30.82,3.3,6.97,91.0,80.0,87.0,93.0,91.0,51.0,69.0,88.0,84.0,53.0,42.0,82.0,89.0,76.0,78.0,91.0,96.0,96.0
2025,Criciúma,5,61,Meio,8.0,0.16389233609701992,False,Everton Morelli,"RCMF, RDMF",MED,27.0,12,861,0.2227631950324583,False,15,4,12.0,857.04,10634.41,599.37,141.97,7.25,61.53,5.57,16.7,0.84,41.48,27.57,28.78,93.12,78.93,354.6,359.78,37.74,4.61,8.37,86.0,81.0,65.0,58.0,81.0,68.0,91.0,61.0,84.0,49.0,28.0,84.0,32.0,88.0,30.0,87.0,88.0,72.0
2025,Criciúma,5,61,Meio,8.0,0.16389233609701992,False,Zé Gabriel,"RCB, LCMF, CB",ZD,26.0,10,735,0.1901637030764888,False,16,3,10.0,736.4,9348.32,442.91,126.86,5.99,43.02,5.74,13.81,0.49,20.04,28.43,30.0,58.29,99.83,160.77,398.64,18.17,0.47,1.1,91.0,94.0,61.0,56.0,80.0,72.0,96.0,26.0,67.0,39.0,33.0,94.0,50.0,94.0,98.0,98.0,83.0,93.0
2025,Criciúma,5,61,Meio,8.0,0.16389233609701992,False,Yan Souto,RCB,ZD,23.0,18,712,0.1842130021638912,False,17,4,16.0,713.6,8860.01,435.12,177.07,7.57,45.66,5.3,11.22,1.64,26.11,28.57,31.12,42.61,123.89,133.98,301.42,6.77,0.21,0.42,59.0,93.0,96.0,83.0,85.0,56.0,63.0,85.0,93.0,48.0,68.0,78.0,69.0,81.0,76.0,48.0,46.0,56.0
2025,Criciúma,5,61,Meio,8.0,0.16389233609701992,False,Fellipe Mateus,"CF, RCMF, LW",CA,34.0,16,505,0.1306566939505127,False,18,2,16.0,514.08,10947.59,724.63,174.37,7.35,59.53,5.08,12.26,0.53,45.52,26.39,28.08,75.79,86.31,426.28,357.77,44.08,4.31,12.6,98.0,90.0,37.0,19.0,31.0,6.0,9.0,10.0,94.0,3.0,5.0,10.0,35.0,91.0,65.0,97.0,8.0,7.0
2025,Criciúma,5,61,Meio,8.0,0.16389233609701992,False,Jonathan,RCB,ZD,32.0,6,455,0.1177203876187788,False,19,5,6.0,456.96,9619.13,461.64,161.49,8.67,49.63,6.11,13.0,1.97,31.31,28.35,28.56,57.07,126.09,164.0,374.21,14.11,1.15,1.44,96.0,98.0,85.0,91.0,93.0,89.0,87.0,93.0,96.0,33.0,9.0,93.0,72.0,96.0,96.0,93.0,100.0,98.0
2025,Criciúma,5,61,Meio,8.0,0.16389233609701992,False,Lucas Dias,RCB,ZD,29.0,6,452,0.1169442092388747,False,20,6,6.0,440.58,9718.41,425.08,141.76,7.35,45.55,5.92,12.26,1.02,29.21,29.12,29.82,33.33,124.39,143.15,338.88,14.87,0.0,0.0,98.0,91.0,74.0,76.0,83.0,78.0,72.0,56.0,94.0,63.0,30.0,59.0,70.0,85.0,93.0,94.0,14.0,9.0
2025,Criciúma,5,61,Meio,8.0,0.16389233609701992,False,Werik Popó,"CF, LWF",CA,23.0,7,419,0.1084062470599303,False,21,3,7.0,420.21,10092.61,612.3,224.02,13.06,74.1,9.64,14.78,3.0,37.48,29.91,30.52,142.03,134.37,328.02,403.4,37.81,10.11,20.59,84.0,73.0,58.0,71.0,72.0,84.0,22.0,86.0,65.0,72.0,48.0,60.0,71.0,51.0,80.0,84.0,65.0,59.0
2025,Criciúma,5,61,Meio,8.0,0.16389233609701992,False,Thales,"CF, AMF",CA,18.0,8,242,0.0626117226455922,False,22,4,6.0,217.2,10752.35,895.44,329.01,21.55,102.76,9.53,14.92,2.9,48.48,29.07,29.32,254.92,173.38,688.14,400.32,51.22,8.93,30.38,95.0,100.0,92.0,100.0,98.0,80.0,26.0,83.0,99.0,51.0,19.0,95.0,87.0,100.0,79.0,100.0,50.0,100.0
2025,Criciúma,5,61,Meio,8.0,0.16389233609701992,False,Sassá,"CF, AMF, RW",CA,31.0,11,234,0.0605419136325148,False,23,5,9.0,217.89,8806.4,555.2,155.32,9.91,58.25,7.02,15.7,2.07,34.7,26.97,28.78,99.2,96.14,332.33,367.02,26.6,7.6,20.09,7.0,51.0,27.0,38.0,26.0,22.0,41.0,62.0,49.0,13.0,10.0,26.0,44.0,55.0,71.0,20.0,33.0,52.0
2025,Criciúma,5,61,Meio,8.0,0.16389233609701992,False,Léo Mana,RB,LD,21.0,6,215,0.0556261172264559,False,24,2,6.0,203.76,10620.68,601.57,232.32,10.16,65.37,7.51,19.88,0.88,35.33,28.23,28.84,89.14,155.95,295.96,380.69,21.22,1.99,5.3,100.0,69.0,62.0,38.0,62.0,47.0,87.0,18.0,93.0,16.0,8.0,20.0,91.0,36.0,69.0,27.0,78.0,82.0
2025,Criciúma,5,61,Meio,8.0,0.16389233609701992,False,O. Otusanya,CF,CA,21.0,7,136,0.0351867532223163,False,25,6,6.0,131.28,10376.97,805.61,343.5,20.57,106.27,13.71,21.94,3.43,44.57,29.53,30.08,272.61,166.84,535.37,412.48,46.69,7.43,16.98,93.0,94.0,94.0,99.0,100.0,99.0,94.0,95.0,92.0,65.0,37.0,99.0,85.0,99.0,84.0,99.0,29.0,23.0
2025,Criciúma,5,61,Meio,8.0,0.16389233609701992,False,Hudson,"RCMF, LCMF",MED,24.0,4,130,0.0336343964625082,False,26,5,4.0,131.32,10420.94,447.6,167.94,6.85,46.61,4.8,10.28,0.0,39.76,27.98,27.98,65.52,134.23,191.89,313.19,22.98,0.0,7.07,,,,,,,,,,,,,,,,,,
2025,Criciúma,5,61,Meio,8.0,0.16389233609701992,False,Hiago Alves,LWB,LE,19.0,1,53,0.0137124847116379,False,27,4,1.0,52.67,10152.34,751.9,177.72,10.25,64.94,6.84,13.67,0.0,25.63,27.9,27.9,86.72,129.11,482.26,453.16,16.93,0.0,4.23,,,,,,,,,,,,,,,,,,
2025,Criciúma,5,61,Meio,8.0,0.16389233609701992,False,Adrianinho,"RW, LW",ED,21.0,1,39,0.0100903189387524,False,28,2,1.0,39.4,9877.16,495.69,322.08,15.99,70.81,6.85,18.27,6.85,25.13,30.2,30.2,161.97,303.33,295.21,375.17,18.26,2.61,5.22,,,,,,,,,,,,,,,,,,
2025,Criciúma,5,61,Meio,8.0,0.16389233609701992,False,Heitor Roca,LWB,LE,27.0,1,12,0.0031047135196161,False,29,5,1.0,11.5,11911.3,688.7,164.35,7.83,93.91,7.83,15.65,0.0,54.78,30.1,30.1,42.02,154.29,308.17,421.71,41.96,0.0,0.0,,,,,,,,,,,,,,,,,,
2025,Cuiabá,10,54,Meio,6.0,-0.047812121412182496,False,Mateusinho,"RB, RWB",LD,26.0,31,2859,0.7456433601251867,True,1,1,31.0,2864.4,9313.65,452.85,179.66,10.02,58.19,7.64,18.95,2.04,26.17,29.75,31.74,121.53,94.64,236.07,302.88,19.13,1.98,3.11,24.0,13.0,24.0,36.0,29.0,49.0,80.0,67.0,38.0,82.0,76.0,37.0,20.0,18.0,13.0,18.0,76.0,47.0
2025,Cuiabá,10,54,Meio,6.0,-0.047812121412182496,False,Bruno Alves,"RCB, LCB",ZD,34.0,24,2151,0.5609929582473859,False,2,1,24.0,2154.0,8094.53,254.62,72.66,3.76,29.08,5.06,9.78,1.09,14.0,28.47,32.24,20.92,64.53,91.89,197.65,6.53,0.31,0.5,4.0,7.0,17.0,11.0,11.0,44.0,41.0,58.0,11.0,43.0,83.0,22.0,15.0,26.0,7.0,44.0,65.0,67.0
2025,Cuiabá,10,54,Meio,6.0,-0.047812121412182496,False,Sander,"LB, LCB",LE,34.0,24,2077,0.5416933399720226,False,3,1,24.0,2079.12,9433.58,455.28,212.49,10.48,56.53,7.58,16.32,1.56,27.1,29.74,31.78,139.22,113.61,242.42,295.38,19.24,1.16,4.04,53.0,23.0,68.0,55.0,40.0,62.0,40.0,55.0,51.0,66.0,70.0,70.0,53.0,28.0,19.0,21.0,43.0,45.0
2025,Cuiabá,10,54,Meio,6.0,-0.047812121412182496,False,Alan Empereur,LCB,ZE,31.0,21,1978,0.5158735803874149,False,4,1,21.0,1982.82,8562.18,263.48,81.97,4.4,31.23,4.36,8.94,0.64,14.34,28.74,30.2,28.53,70.79,93.2,209.06,7.39,0.29,0.99,29.0,9.0,21.0,24.0,24.0,9.0,24.0,29.0,12.0,51.0,31.0,41.0,26.0,35.0,9.0,59.0,62.0,82.0
2025,Cuiabá,10,54,Meio,6.0,-0.047812121412182496,False,Calebe Costa,"CB, DMF, LCMF",ZD,22.0,28,1965,0.5124831069066078,False,5,2,28.0,1968.68,10199.06,455.88,138.06,8.27,53.21,5.26,14.13,1.42,35.48,28.53,31.02,50.33,114.52,213.05,323.63,24.9,0.85,2.83,100.0,96.0,69.0,89.0,94.0,54.0,98.0,74.0,100.0,46.0,58.0,87.0,63.0,100.0,87.0,100.0,97.0,100.0
2025,Cuiabá,10,54,Meio,6.0,-0.047812121412182496,False,Alisson Safira,CF,CA,30.0,22,1742,0.454323446428148,False,6,1,22.0,1745.04,8967.78,382.18,147.3,8.77,52.51,7.12,12.84,1.34,31.82,29.27,31.04,110.91,82.82,250.06,229.76,24.38,9.75,17.44,12.0,5.0,21.0,28.0,19.0,24.0,13.0,36.0,37.0,62.0,59.0,37.0,34.0,10.0,10.0,10.0,62.0,30.0
2025,Cuiabá,10,54,Meio,6.0,-0.047812121412182496,False,Juan Christian,"LW, RAMF, RW",EE,24.0,32,1693,0.441543969462029,False,7,1,32.0,1691.52,9746.35,591.79,217.55,13.14,75.55,8.41,19.74,1.92,43.63,29.71,32.08,155.57,96.39,355.47,354.91,36.82,7.05,13.9,42.0,42.0,38.0,52.0,50.0,54.0,58.0,42.0,68.0,62.0,87.0,52.0,20.0,42.0,50.0,70.0,78.0,44.0
2025,Cuiabá,10,54,Meio,6.0,-0.047812121412182496,False,Patrick De Lucca,"RCMF, LCMF, RDMF",MED,25.0,25,1556,0.4058135950873698,False,8,1,25.0,1557.5,9514.08,416.22,90.84,5.49,43.97,4.8,13.93,0.52,26.81,27.03,29.56,28.51,84.11,159.87,362.85,23.18,1.64,4.1,7.0,10.0,13.0,26.0,20.0,45.0,52.0,31.0,19.0,33.0,43.0,13.0,36.0,17.0,32.0,25.0,52.0,33.0
2025,Cuiabá,10,54,Meio,6.0,-0.047812121412182496,False,Lucas Mineiro,"RCMF, LCMF, RDMF",MED,29.0,25,1512,0.3943381463830998,False,9,2,25.0,1514.0,10166.86,424.53,112.36,5.65,45.18,3.92,11.35,0.65,35.19,27.69,30.52,27.38,106.82,146.9,351.72,19.66,1.27,3.25,49.0,13.0,36.0,30.0,25.0,19.0,17.0,49.0,54.0,54.0,78.0,10.0,59.0,13.0,23.0,13.0,39.0,23.0
2025,Cuiabá,10,54,Meio,6.0,-0.047812121412182496,False,Carlos Alberto,"CF, LW",CA,23.0,23,1492,0.3891220333357043,False,10,2,23.0,1490.4,9420.77,560.02,310.93,15.7,81.04,8.94,19.44,2.84,37.92,30.98,33.78,266.87,111.13,360.39,323.86,35.93,8.76,22.26,50.0,55.0,90.0,88.0,86.0,71.0,86.0,80.0,67.0,91.0,98.0,98.0,59.0,70.0,49.0,74.0,48.0,73.0
2025,Cuiabá,10,54,Meio,6.0,-0.047812121412182496,False,A. Martínez,"RW, RWF",ED,28.0,17,1432,0.3734736941935178,False,11,1,17.0,1441.43,9782.12,537.94,199.04,11.93,70.74,7.43,20.17,1.94,39.46,29.37,31.3,131.8,102.54,313.02,329.88,31.87,4.67,12.41,38.0,25.0,27.0,56.0,50.0,25.0,63.0,44.0,46.0,56.0,52.0,25.0,37.0,13.0,40.0,31.0,44.0,58.0
2025,Cuiabá,10,54,Meio,6.0,-0.047812121412182496,False,Derik Lacerda,"CF, LW, LAMF",CA,25.0,15,1369,0.3570429380942219,False,12,3,15.0,1371.0,9074.31,477.29,238.42,12.87,68.33,8.4,18.25,2.89,31.57,31.3,32.6,182.93,98.1,291.27,271.29,23.83,6.84,14.98,27.0,23.0,69.0,65.0,55.0,55.0,71.0,81.0,36.0,93.0,90.0,78.0,48.0,28.0,22.0,8.0,23.0,16.0
2025,Cuiabá,10,54,Meio,6.0,-0.047812121412182496,False,Marcelo,"LB, LCB",LE,20.0,12,817,0.2130782179861061,False,13,2,12.0,818.04,9145.74,427.65,126.19,8.25,51.6,7.7,18.59,1.54,36.42,28.16,29.78,75.39,84.97,214.93,301.22,21.38,1.09,2.5,17.0,15.0,6.0,23.0,17.0,64.0,79.0,51.0,98.0,19.0,13.0,11.0,11.0,15.0,23.0,36.0,40.0,21.0
2025,Cuiabá,10,54,Meio,6.0,-0.047812121412182496,False,Guilherme Mariano,RCB,ZD,25.0,16,801,0.2089053275481897,False,14,3,16.0,800.96,9022.06,390.8,176.19,10.45,53.49,6.52,12.7,2.25,24.83,29.9,32.04,58.86,152.18,151.62,300.08,9.89,0.32,0.97,81.0,87.0,94.0,96.0,96.0,93.0,81.0,98.0,89.0,85.0,76.0,96.0,91.0,91.0,72.0,80.0,69.0,87.0
2025,Cuiabá,10,54,Meio,6.0,-0.047812121412182496,False,Léo Ataíde,"LB, RB",LE,21.0,12,642,0.1674372288213955,False,15,3,12.0,642.96,9318.11,478.57,209.4,12.46,64.95,7.0,18.62,1.54,29.81,29.97,32.16,106.64,156.98,259.82,341.94,23.04,0.86,3.88,40.0,28.0,66.0,81.0,70.0,36.0,81.0,51.0,66.0,74.0,83.0,45.0,85.0,38.0,51.0,47.0,30.0,40.0
2025,Cuiabá,10,54,Meio,6.0,-0.047812121412182496,False,Edu,CF,CA,32.0,12,622,0.162221115774,False,16,4,12.0,624.84,8633.35,385.28,121.13,6.77,45.37,5.04,11.81,0.29,19.88,27.96,29.68,56.28,99.92,213.38,265.11,21.44,8.25,15.21,5.0,6.0,14.0,13.0,7.0,3.0,7.0,3.0,2.0,27.0,33.0,5.0,51.0,2.0,21.0,6.0,41.0,19.0
2025,Cuiabá,10,54,Meio,6.0,-0.047812121412182496,False,Jadson,"RAMF, RW, RWB",ED,20.0,18,594,0.1549185575076463,False,17,2,18.0,593.64,10107.09,716.56,383.0,18.19,92.94,10.16,23.65,3.34,48.37,30.59,31.84,292.25,207.97,489.27,422.99,42.96,7.23,18.85,65.0,85.0,98.0,96.0,96.0,92.0,92.0,88.0,92.0,85.0,67.0,98.0,100.0,90.0,75.0,90.0,92.0,98.0
2025,Cuiabá,10,54,Meio,6.0,-0.047812121412182496,False,Victor Barbara,"LW, RWF, LAMF",EE,20.0,13,423,0.1103207909524148,False,18,2,12.0,424.56000000000006,10195.01,638.27,265.19,13.99,78.64,7.42,20.14,2.12,37.31,29.16,31.34,197.24,115.71,405.67,341.49,39.64,6.52,15.75,76.0,64.0,62.0,66.0,64.0,32.0,64.0,56.0,40.0,50.0,58.0,70.0,44.0,64.0,48.0,84.0,74.0,66.0
2025,Cuiabá,10,54,Meio,6.0,-0.047812121412182496,False,Nino Paraíba,"RB, RWB",LD,39.0,9,397,0.1035398439908006,False,19,2,9.0,398.61,9605.62,537.58,242.04,11.29,63.67,10.16,20.09,2.26,30.25,29.48,30.84,192.06,103.6,342.19,290.47,26.63,0.97,2.92,51.0,40.0,73.0,62.0,53.0,96.0,90.0,78.0,62.0,67.0,49.0,89.0,33.0,73.0,4.0,69.0,28.0,40.0
2025,Cuiabá,10,54,Meio,6.0,-0.047812121412182496,False,Lucas Cardoso,"RW, RAMF, RCMF",ED,25.0,9,335,0.0873698935438746,False,20,3,9.0,334.8,9859.95,666.13,286.83,15.05,86.02,14.52,26.08,3.76,43.01,30.22,32.34,212.88,108.54,378.54,343.38,26.9,5.17,7.93,46.0,71.0,75.0,83.0,85.0,100.0,98.0,96.0,71.0,77.0,81.0,75.0,44.0,56.0,46.0,12.0,65.0,15.0
2025,Cuiabá,10,54,Meio,6.0,-0.047812121412182496,False,Luisão,LCB,ZE,19.0,4,177,0.0461626004694501,False,21,2,4.0,177.64,9003.55,285.73,75.99,4.56,34.45,6.59,12.16,0.51,24.32,25.88,25.88,28.62,67.06,74.81,240.35,5.85,0.65,0.65,,,,,,,,,,,,,,,,,,
2025,Cuiabá,10,54,Meio,6.0,-0.047812121412182496,False,Gabriel Mineiro,"LWF, LAMF, LCMF",EE,20.0,6,136,0.0354695687222893,False,22,3,6.0,135.78,9234.42,566.05,208.13,13.26,76.22,11.27,24.52,3.98,36.46,28.8,29.22,119.3,151.25,310.47,362.54,34.84,4.88,17.42,12.0,34.0,34.0,54.0,56.0,94.0,92.0,100.0,34.0,32.0,18.0,26.0,76.0,22.0,52.0,56.0,40.0,78.0
2025,Cuiabá,10,54,Meio,6.0,-0.047812121412182496,False,Ruan Oliveira,"RCMF, AMF",MED,25.0,4,108,0.0281670104559356,False,23,3,4.0,108.4,10341.77,635.88,149.42,5.81,58.94,4.98,13.28,1.66,37.36,27.3,27.3,27.15,212.02,258.35,497.6,35.54,0.94,8.42,,,,,,,,,,,,,,,,,,
2025,Cuiabá,10,54,Meio,6.0,-0.047812121412182496,False,Arthur Rezende,"LCMF, AMF",MED,31.0,3,86,0.0224292861038006,False,24,4,3.0,86.76,9868.54,367.19,47.71,2.07,35.27,5.19,15.56,0.0,36.3,25.3,25.3,15.65,42.68,279.78,233.47,54.19,0.0,5.81,,,,,,,,,,,,,,,,,,
2025,Cuiabá,10,54,Meio,6.0,-0.047812121412182496,False,Eduardo Vinícius,"RCMF, LCMF",MED,20.0,3,85,0.0221684804514308,False,25,5,3.0,84.57000000000001,10094.4,614.07,98.98,7.45,58.53,6.39,17.03,0.0,34.06,25.93,25.93,22.61,123.13,311.3,539.51,45.17,1.74,6.95,,,,,,,,,,,,,,,,,,
2025,Cuiabá,10,54,Meio,6.0,-0.047812121412182496,False,F. Pasadore,"CF, RWF",CA,24.0,5,74,0.0192996182753633,False,26,5,4.0,73.12,9863.49,658.39,188.29,12.31,83.68,11.08,22.15,2.46,46.76,27.2,27.2,107.27,205.14,343.84,517.17,44.35,10.75,36.29,,,,,,,,,,,,,,,,,,
2025,Cuiabá,10,54,Meio,6.0,-0.047812121412182496,False,Yamil Asad,CF,CA,30.0,1,10,0.0026080565236977,False,27,6,1.0,9.5,9786.32,416.84,9.47,0.0,47.37,18.95,18.95,0.0,28.42,23.5,23.5,14.17,0.0,354.33,118.94,42.45,14.15,42.45,,,,,,,,,,,,,,,,,,
2025,Ferroviária,17,40,Cai,19.0,-0.1029515506356915,False,Ricardinho,"DMF, LDMF, LCMF",VOL,36.0,33,2976,0.7796141938556799,True,1,1,32.0,2923.2,9525.64,297.15,39.07,2.16,29.03,4.19,11.48,0.4,24.69,26.13,29.28,13.86,33.11,92.89,263.09,14.46,0.23,1.02,14.0,2.0,2.0,2.0,2.0,17.0,24.0,31.0,20.0,10.0,40.0,2.0,2.0,7.0,10.0,24.0,17.0,12.0
2025,Ferroviária,17,40,Cai,19.0,-0.1029515506356915,False,Ronaldo Alves,LCB,ZE,36.0,29,2865,0.7505358418671112,True,2,1,28.0,2776.76,8409.86,283.51,64.4,3.6,30.05,4.63,8.36,0.49,14.52,27.21,29.24,20.53,52.4,76.72,246.39,6.31,0.3,0.34,18.0,21.0,12.0,9.0,12.0,24.0,12.0,15.0,15.0,6.0,12.0,9.0,9.0,9.0,38.0,35.0,65.0,47.0
2025,Ferroviária,17,40,Cai,19.0,-0.1029515506356915,False,Gustavo Medina,RCB,ZD,24.0,27,2556,0.6695879971421766,True,3,1,26.0,2471.56,8185.99,300.77,162.65,7.46,41.22,5.68,12.34,1.49,17.41,31.18,33.36,45.57,142.31,95.46,242.24,6.19,0.11,0.32,9.0,33.0,89.0,80.0,67.0,69.0,76.0,79.0,41.0,98.0,98.0,80.0,83.0,31.0,39.0,37.0,30.0,45.0
2025,Ferroviária,17,40,Cai,19.0,-0.1029515506356915,False,Netinho,"RCMF, LCMF, RDMF",MED,27.0,31,2462,0.6449630864491546,True,4,1,30.0,2424.6,9726.89,424.38,125.94,6.12,45.4,4.34,10.84,0.59,22.61,28.31,30.7,54.32,99.33,224.86,286.34,25.95,0.48,2.27,16.0,12.0,45.0,36.0,26.0,25.0,16.0,45.0,3.0,77.0,84.0,51.0,54.0,41.0,3.0,36.0,13.0,13.0
2025,Ferroviária,17,40,Cai,19.0,-0.1029515506356915,False,Alencar,"RCMF, RDMF, LCMF",MED,23.0,36,2457,0.6436532507739938,True,5,2,35.0,2388.05,10075.53,522.7,188.43,9.84,62.52,6.07,16.39,1.09,38.48,28.72,31.36,81.62,147.34,228.5,410.53,27.81,1.07,4.18,36.0,46.0,87.0,91.0,84.0,83.0,88.0,78.0,74.0,91.0,94.0,74.0,91.0,46.0,57.0,45.0,30.0,35.0
2025,Ferroviária,17,40,Cai,19.0,-0.1029515506356915,False,Thiago Lopes,"RW, RAMF, AMF",ED,28.0,34,1820,0.4767801857585139,False,6,1,33.0,1731.84,9264.21,518.65,206.94,11.69,66.52,8.37,23.85,1.87,33.31,29.59,32.6,168.88,80.12,344.11,281.83,36.26,4.89,12.73,12.0,19.0,38.0,44.0,33.0,58.0,94.0,40.0,23.0,66.0,84.0,58.0,17.0,25.0,17.0,60.0,56.0,63.0
2025,Ferroviária,17,40,Cai,19.0,-0.1029515506356915,False,Albano,"AMF, CF, RW",MEI,28.0,29,1667,0.4366992140985948,False,7,1,28.0,1617.28,10431.83,595.61,177.52,10.02,64.78,6.46,14.91,1.11,37.28,28.3,31.56,136.34,75.72,460.86,249.96,53.7,5.27,16.87,77.0,64.0,64.0,68.0,59.0,86.0,55.0,68.0,41.0,64.0,95.0,86.0,41.0,100.0,14.0,100.0,64.0,91.0
2025,Ferroviária,17,40,Cai,19.0,-0.1029515506356915,False,Maycon,"LCB, RCB",ZE,27.0,18,1497,0.3921648011431293,False,8,2,18.0,1496.34,8499.02,326.16,158.24,7.28,42.16,6.07,12.51,1.44,18.64,30.48,32.08,41.14,138.63,107.95,258.55,6.29,0.17,0.25,24.0,59.0,97.0,100.0,94.0,97.0,94.0,91.0,71.0,100.0,90.0,91.0,100.0,65.0,47.0,29.0,43.0,26.0
2025,Ferroviária,17,40,Cai,19.0,-0.1029515506356915,False,Zé Mário,LB,LE,33.0,21,1406,0.3683257918552036,False,9,1,21.0,1409.94,8586.35,491.97,206.57,11.36,61.41,8.17,17.68,2.43,22.09,29.66,32.5,109.34,138.78,266.24,337.56,21.36,1.4,4.41,2.0,40.0,64.0,70.0,55.0,81.0,64.0,90.0,9.0,56.0,91.0,47.0,72.0,45.0,45.0,34.0,56.0,57.0
2025,Ferroviária,17,40,Cai,19.0,-0.1029515506356915,False,Edson Lucas,LB,LE,25.0,15,1228,0.3216956418194808,False,10,2,15.0,1229.1,9606.76,594.24,216.02,11.13,65.9,7.98,18.53,1.61,31.27,29.47,31.16,134.38,129.4,305.12,392.38,26.59,0.72,4.62,62.0,77.0,70.0,68.0,77.0,73.0,77.0,62.0,77.0,48.0,53.0,62.0,68.0,66.0,85.0,70.0,24.0,60.0
2025,Ferroviária,17,40,Cai,19.0,-0.1029515506356915,False,Fabrício Daniel,"RW, RWF",ED,27.0,17,1105,0.2894736842105263,False,11,2,17.0,1107.38,10041.94,472.87,131.91,6.42,48.68,5.61,11.95,0.81,36.25,27.94,30.56,98.96,57.92,334.28,230.71,34.08,4.68,9.26,58.0,6.0,6.0,6.0,4.0,2.0,2.0,6.0,33.0,8.0,27.0,8.0,4.0,21.0,4.0,48.0,46.0,21.0
2025,Ferroviária,17,40,Cai,19.0,-0.1029515506356915,False,Eric,"LB, LCB",LE,24.0,17,1104,0.2892117170754941,False,12,3,16.0,1015.84,9238.33,479.86,255.7,11.78,63.26,7.71,16.75,2.22,24.99,30.24,31.72,178.14,118.2,267.44,281.53,21.42,1.76,4.16,32.0,32.0,83.0,72.0,66.0,66.0,47.0,85.0,28.0,86.0,66.0,94.0,55.0,47.0,13.0,38.0,68.0,51.0
2025,Ferroviária,17,40,Cai,19.0,-0.1029515506356915,False,Ian Luccas,"RAMF, LCMF, RW",ED,22.0,18,805,0.2108835437008811,False,13,3,17.0,767.7199999999999,10423.37,591.26,215.57,10.2,66.35,5.63,13.83,0.82,37.98,29.16,31.26,134.01,116.47,382.67,323.64,42.94,4.88,12.36,88.0,44.0,42.0,17.0,28.0,4.0,4.0,8.0,40.0,50.0,49.0,27.0,56.0,58.0,37.0,88.0,54.0,56.0
2025,Ferroviária,17,40,Cai,19.0,-0.1029515506356915,False,Tárik,"DMF, RCMF, LDMF",VOL,32.0,22,744,0.1949035484639199,False,14,2,19.0,702.0500000000001,9888.55,403.48,83.85,3.85,38.85,4.36,12.18,0.38,24.1,26.3,28.86,45.76,61.62,213.02,289.17,27.21,0.21,1.07,50.0,26.0,21.0,14.0,24.0,26.0,29.0,26.0,14.0,14.0,33.0,55.0,24.0,86.0,12.0,86.0,11.0,14.0
2025,Ferroviária,17,40,Cai,19.0,-0.1029515506356915,False,Kevin,"RB, LB",LD,27.0,17,659,0.1726363419861872,False,15,1,17.0,669.29,9371.06,640.91,268.55,11.3,66.3,9.28,22.05,2.15,30.93,28.45,30.86,143.0,135.97,325.64,349.37,25.42,1.03,3.51,29.0,87.0,91.0,64.0,69.0,89.0,93.0,71.0,67.0,27.0,51.0,58.0,73.0,53.0,51.0,51.0,36.0,56.0
2025,Ferroviária,17,40,Cai,19.0,-0.1029515506356915,False,Thayllon,"LW, LAMF",EE,23.0,12,595,0.1558704453441295,False,16,1,12.0,594.96,9783.71,644.5,379.35,18.6,90.0,8.77,20.87,1.51,37.21,30.1,31.64,282.58,147.37,410.37,307.37,33.77,7.5,17.93,54.0,66.0,100.0,98.0,88.0,62.0,70.0,30.0,38.0,85.0,71.0,98.0,74.0,68.0,24.0,43.0,80.0,86.0
2025,Ferroviária,17,40,Cai,19.0,-0.1029515506356915,False,Ronaldo,"CF, AMF",CA,34.0,20,559,0.1464396284829721,False,17,1,19.0,540.17,9317.67,484.17,124.29,6.66,50.98,5.83,13.16,0.33,27.16,26.88,29.62,91.44,70.43,295.42,276.29,31.92,10.4,21.99,47.0,27.0,16.0,10.0,15.0,9.0,15.0,6.0,9.0,10.0,31.0,19.0,22.0,30.0,26.0,50.0,69.0,72.0
2025,Ferroviária,17,40,Cai,19.0,-0.1029515506356915,False,Vitor Barreto,"LWF, LW",EE,25.0,14,516,0.1351750416765896,False,18,2,14.0,516.88,9504.2,620.65,296.39,15.32,76.45,9.06,20.2,2.26,42.67,29.93,32.46,239.1,138.92,482.27,275.21,33.95,5.25,15.43,24.0,56.0,74.0,74.0,58.0,71.0,66.0,67.0,64.0,76.0,94.0,86.0,60.0,92.0,8.0,48.0,52.0,56.0
2025,Ferroviária,17,40,Cai,19.0,-0.1029515506356915,False,Zé Hugo,"RW, LAMF, LW",ED,25.0,15,454,0.1189330793045963,False,19,4,15.0,457.65,9589.2,580.62,226.58,12.19,69.43,8.65,19.47,1.97,40.91,29.59,32.2,220.88,81.1,434.29,301.25,32.64,3.55,11.63,29.0,38.0,48.0,63.0,44.0,63.0,54.0,50.0,56.0,66.0,77.0,83.0,19.0,77.0,25.0,35.0,29.0,49.0
2025,Ferroviária,17,40,Cai,19.0,-0.1029515506356915,False,João Ramos,"RCB, LCB",ZD,22.0,6,399,0.104524886877828,False,20,2,6.0,397.92,8316.9,230.24,90.47,4.75,30.31,3.84,9.27,0.45,17.19,28.8,29.32,17.65,80.98,64.04,192.49,7.12,0.0,0.0,15.0,4.0,33.0,35.0,19.0,4.0,28.0,21.0,37.0,51.0,21.0,13.0,35.0,7.0,6.0,52.0,14.0,9.0
2025,Ferroviária,17,40,Cai,19.0,-0.1029515506356915,False,Erik Nascimento,RCB,ZD,20.0,3,277,0.0725648964039056,False,21,3,3.0,276.87,8680.7,371.2,185.6,8.78,47.78,6.83,13.33,3.58,25.03,30.03,30.03,49.78,198.09,138.1,275.6,7.79,0.43,0.43,,,,,,,,,,,,,,,,,,
2025,Ferroviária,17,40,Cai,19.0,-0.1029515506356915,False,Wesley Pomba,"LAMF, LW, RW",EE,23.0,9,260,0.0681114551083591,False,22,3,9.0,259.83,9755.26,685.52,294.78,15.93,85.56,11.43,19.4,2.77,46.07,29.87,31.7,219.02,112.47,435.6,336.45,33.75,5.16,15.88,48.0,78.0,72.0,82.0,80.0,96.0,56.0,83.0,80.0,72.0,76.0,80.0,42.0,80.0,41.0,40.0,50.0,68.0
2025,Ferroviária,17,40,Cai,19.0,-0.1029515506356915,False,Igor Bolt,"LAMF, RAMF, LW",EE,24.0,8,173,0.045320314360562,False,23,4,7.0,146.72,8801.84,559.51,177.3,9.2,58.9,5.52,17.79,0.0,22.09,28.0,28.66,107.18,100.19,376.49,299.42,30.19,8.92,14.41,2.0,32.0,16.0,16.0,14.0,4.0,36.0,2.0,2.0,16.0,7.0,12.0,24.0,56.0,18.0,26.0,92.0,48.0
2025,Ferroviária,17,40,Cai,19.0,-0.1029515506356915,False,Vitor Mendes,"LCB, RCB",ZE,26.0,3,151,0.0395570373898547,False,24,3,2.0,132.58,8707.2,264.74,95.03,4.75,34.62,8.82,13.58,0.0,21.72,31.15,31.15,11.49,96.66,64.81,250.24,13.11,1.64,1.64,,,,,,,,,,,,,,,,,,
2025,Ferroviária,17,40,Cai,19.0,-0.1029515506356915,False,Hernâni,"RWF, LWF, RW",ED,33.0,5,142,0.0371993331745653,False,25,5,4.0,110.72,9347.15,616.26,406.5,17.89,85.37,11.38,16.26,2.44,32.52,31.85,31.85,317.41,208.81,385.07,384.91,43.5,10.04,20.08,,,,,,,,,,,,,,,,,,
2025,Ferroviária,17,40,Cai,19.0,-0.1029515506356915,False,Cássio,"CF, LAMF, AMF",CA,32.0,2,38,0.0099547511312217,False,26,2,1.0,14.58,11139.43,814.63,111.09,6.17,67.89,12.34,24.69,0.0,30.86,25.5,25.5,52.94,85.71,582.35,385.71,60.45,0.0,37.78,,,,,,,,,,,,,,,,,,
2025,Ferroviária,17,40,Cai,19.0,-0.1029515506356915,False,Cássio Gabriel,CF,CA,32.0,1,23,0.0060252441057394,False,27,3,1.0,22.57,11358.35,410.78,255.24,7.98,55.83,3.99,19.94,0.0,51.85,28.2,28.2,187.99,91.75,258.49,192.23,51.64,4.69,14.08,,,,,,,,,,,,,,,,,,
2025,Goiás,6,61,Meio,10.0,0.18432141977477623,True,Anselmo Ramon,CF,CA,37.0,35,3153,0.826651730384212,True,1,1,35.0,3158.05,8515.31,366.45,85.1,4.3,35.85,6.5,11.74,0.31,21.92,26.8,29.32,59.89,44.14,220.74,235.64,20.03,7.47,13.67,3.0,2.0,2.0,2.0,2.0,14.0,6.0,5.0,3.0,9.0,19.0,6.0,2.0,3.0,12.0,3.0,30.0,12.0
2025,Goiás,6,61,Meio,10.0,0.18432141977477623,True,Willean Lepo,"LB, RB",LE,28.0,31,2962,0.7765754600057203,True,2,1,31.0,2963.29,9579.25,606.52,249.06,13.61,72.17,7.81,17.95,1.82,30.37,29.86,31.62,141.09,167.3,337.98,401.61,25.97,1.28,4.1,60.0,83.0,81.0,94.0,89.0,70.0,68.0,70.0,68.0,68.0,62.0,77.0,94.0,83.0,89.0,68.0,53.0,49.0
2025,Goiás,6,61,Meio,10.0,0.18432141977477623,True,Messias,RCB,ZD,30.0,29,2843,0.7453761083039375,True,3,1,29.0,2845.48,8038.29,254.97,116.71,5.38,31.06,4.11,8.82,0.79,11.39,30.32,34.62,36.49,112.8,59.92,239.24,2.64,0.0,0.1,2.0,9.0,54.0,43.0,28.0,7.0,22.0,48.0,4.0,89.0,100.0,70.0,61.0,4.0,33.0,2.0,14.0,22.0
2025,Goiás,6,61,Meio,10.0,0.18432141977477623,True,Rafael Gava,"LCMF, LDMF",MED,32.0,30,2276,0.5967203737248546,False,4,1,30.0,2276.7,10489.4,574.0,148.05,6.48,52.42,4.7,12.45,0.55,35.5,27.54,30.6,55.93,132.54,277.27,438.46,29.81,4.35,9.22,71.0,68.0,70.0,48.0,48.0,41.0,32.0,36.0,57.0,48.0,80.0,52.0,86.0,64.0,70.0,55.0,86.0,77.0
2025,Goiás,6,61,Meio,10.0,0.18432141977477623,True,Lucas Ribeiro,"LCB, RCB",ZE,26.0,25,2165,0.567618457431595,False,5,1,25.0,2166.25,8890.32,362.53,140.26,6.44,40.01,5.48,11.55,0.66,16.99,29.16,32.08,41.29,120.31,109.91,302.2,5.32,0.13,0.19,74.0,88.0,94.0,85.0,82.0,79.0,79.0,34.0,50.0,71.0,90.0,97.0,91.0,68.0,85.0,18.0,25.0,21.0
2025,Goiás,6,61,Meio,10.0,0.18432141977477623,True,Diego Caito,RB,LD,21.0,27,2154,0.5647344837448756,False,6,1,27.0,2155.41,9751.91,621.41,221.08,10.69,64.47,6.93,15.32,1.0,24.22,29.37,31.94,145.44,140.71,341.59,415.26,24.24,1.59,3.64,60.0,78.0,53.0,51.0,56.0,29.0,29.0,20.0,16.0,62.0,82.0,60.0,78.0,71.0,87.0,38.0,53.0,60.0
2025,Goiás,6,61,Meio,10.0,0.18432141977477623,True,Welliton Matheus,"RW, RAMF, RWF",ED,25.0,36,2111,0.5534607684240633,False,7,1,35.0,2060.45,9401.44,520.63,205.69,10.26,63.34,8.61,18.96,2.1,37.04,29.4,32.62,134.8,99.52,351.0,284.16,25.41,5.72,10.25,17.0,21.0,35.0,19.0,21.0,62.0,48.0,60.0,35.0,58.0,87.0,29.0,33.0,33.0,19.0,2.0,75.0,31.0
2025,Goiás,6,61,Meio,10.0,0.18432141977477623,True,Marcão,"DMF, LDMF, RDMF",VOL,34.0,24,1839,0.482147964534274,False,8,1,24.0,1840.8,9452.7,434.77,172.65,7.29,48.75,5.09,11.29,1.56,24.84,29.33,32.28,62.4,153.47,184.66,355.3,14.08,0.62,2.15,12.0,40.0,95.0,79.0,64.0,64.0,19.0,95.0,24.0,100.0,100.0,76.0,98.0,64.0,50.0,21.0,39.0,50.0
2025,Goiás,6,61,Meio,10.0,0.18432141977477623,True,Moraes,"LB, LWF",LE,27.0,21,1661,0.4354800266946325,False,9,2,21.0,1661.52,9877.89,694.18,285.88,15.0,79.14,8.83,17.66,2.44,32.34,30.05,31.56,226.09,150.02,443.74,423.25,31.51,4.49,11.83,85.0,100.0,98.0,100.0,100.0,94.0,62.0,94.0,83.0,79.0,60.0,100.0,77.0,100.0,96.0,94.0,98.0,98.0
2025,Goiás,6,61,Meio,10.0,0.18432141977477623,True,Jája Silva,"RW, RWF, LW",ED,26.0,31,1486,0.3895986271331871,False,10,2,30.0,1422.6,9192.11,573.17,321.22,13.98,75.73,9.17,21.13,2.53,31.32,31.43,35.04,255.07,152.05,368.09,320.95,26.2,4.02,11.35,6.0,31.0,85.0,73.0,63.0,75.0,71.0,76.0,13.0,98.0,98.0,90.0,79.0,44.0,31.0,6.0,33.0,42.0
2025,Goiás,6,61,Meio,10.0,0.18432141977477623,True,Titi,LCB,ZE,37.0,15,1414,0.3707217084564782,False,11,2,15.0,1416.75,8620.97,347.93,109.9,4.95,35.0,4.38,10.67,1.02,14.29,27.78,29.42,26.42,104.99,103.75,321.53,5.97,0.19,0.29,38.0,74.0,59.0,44.0,50.0,12.0,65.0,76.0,9.0,18.0,15.0,38.0,62.0,59.0,97.0,26.0,47.0,38.0
2025,Goiás,6,61,Meio,10.0,0.18432141977477623,True,Wellington Rato,"AMF, LCMF, LW",MEI,33.0,19,1398,0.3665268376394318,False,12,1,19.0,1400.4899999999998,10093.06,607.13,233.93,11.18,66.84,5.66,14.27,1.99,37.85,29.12,31.12,129.27,171.11,330.76,415.41,32.29,2.95,7.97,32.0,68.0,95.0,91.0,77.0,32.0,45.0,100.0,45.0,95.0,80.0,77.0,95.0,68.0,77.0,27.0,23.0,32.0
2025,Goiás,6,61,Meio,10.0,0.18432141977477623,True,Rodrigo Andrade,"DMF, LCMF, AMF",VOL,28.0,14,911,0.238845457145581,False,13,2,14.0,909.44,9729.8,520.8,194.05,9.3,57.0,6.14,13.46,1.68,30.87,29.04,30.4,93.17,170.31,204.86,481.19,28.83,2.22,6.82,29.0,81.0,100.0,98.0,93.0,90.0,57.0,100.0,55.0,95.0,69.0,95.0,100.0,76.0,93.0,90.0,86.0,90.0
2025,Goiás,6,61,Meio,10.0,0.18432141977477623,True,Arthur Caíke,"CF, LW, LAMF",CA,33.0,23,892,0.2338640480503384,False,14,2,21.0,879.69,9317.08,532.91,219.24,9.72,57.7,7.47,15.24,1.84,31.2,28.65,31.78,132.44,148.41,303.88,375.01,25.69,8.13,16.83,45.0,44.0,56.0,35.0,23.0,30.0,31.0,53.0,34.0,38.0,78.0,51.0,79.0,34.0,73.0,14.0,38.0,22.0
2025,Goiás,6,61,Meio,10.0,0.18432141977477623,True,Luiz Felipe,"CB, LCB, RCB",ZD,31.0,11,889,0.2330775097721422,False,15,2,11.0,888.25,8170.11,280.76,83.29,3.34,28.78,5.47,10.13,0.71,11.96,27.49,28.54,25.95,69.05,75.07,244.58,4.84,0.44,0.73,7.0,20.0,20.0,6.0,9.0,62.0,46.0,41.0,6.0,13.0,7.0,35.0,22.0,13.0,41.0,19.0,80.0,81.0
2025,Goiás,6,61,Meio,10.0,0.18432141977477623,True,Lucas Lovat,LB,LE,28.0,12,836,0.2191820001906759,False,16,3,12.0,838.56,9640.04,476.84,160.45,8.69,55.38,6.65,14.81,2.15,28.98,29.11,30.82,79.25,107.45,202.25,345.77,15.09,0.47,1.87,66.0,26.0,23.0,30.0,36.0,23.0,23.0,81.0,60.0,38.0,44.0,15.0,45.0,11.0,55.0,13.0,13.0,13.0
2025,Goiás,6,61,Meio,10.0,0.18432141977477623,True,Brayann,"RWF, RW, RWB",ED,27.0,11,548,0.1436743254838402,False,17,3,10.0,535.2,9919.87,501.95,163.28,7.23,52.46,6.89,16.14,0.34,31.28,29.48,31.1,123.57,72.32,332.14,274.72,28.66,1.88,6.34,52.0,12.0,8.0,8.0,6.0,12.0,17.0,2.0,12.0,62.0,44.0,15.0,10.0,19.0,15.0,23.0,2.0,4.0
2025,Goiás,6,61,Meio,10.0,0.18432141977477623,True,M. Benítez,"AMF, LCMF",MEI,31.0,12,431,0.1129993326341882,False,18,2,11.0,418.22,9353.9,228.78,38.31,1.29,22.17,4.3,10.76,0.0,20.02,24.76,27.18,20.69,23.82,78.28,241.4,19.95,3.11,7.77,14.0,5.0,5.0,5.0,5.0,5.0,14.0,7.0,5.0,5.0,9.0,5.0,5.0,5.0,9.0,5.0,32.0,27.0
2025,Goiás,6,61,Meio,10.0,0.18432141977477623,True,E. Garcia,"LWF, LW, RW",EE,25.0,11,338,0.0886166460101058,False,19,1,11.0,336.93,9572.73,459.93,204.86,8.28,49.68,7.21,16.56,1.34,25.11,28.15,30.46,146.65,125.97,261.02,305.0,33.77,4.39,17.56,34.0,6.0,28.0,10.0,4.0,24.0,22.0,24.0,4.0,18.0,40.0,46.0,54.0,4.0,22.0,43.0,30.0,80.0
2025,Goiás,6,61,Meio,10.0,0.18432141977477623,True,Baldória,"RCB, RB",ZD,20.0,9,307,0.0804890838020783,False,20,3,9.0,306.81000000000006,9485.93,517.41,229.08,12.32,63.06,7.63,15.25,1.76,34.61,29.57,31.68,68.92,193.8,181.36,409.99,16.08,0.0,0.87,94.0,100.0,100.0,100.0,100.0,100.0,100.0,87.0,98.0,72.0,74.0,100.0,100.0,98.0,100.0,96.0,14.0,85.0
2025,Goiás,6,61,Meio,10.0,0.18432141977477623,True,Anthony,"LCB, LB",ZE,20.0,7,275,0.0720993421679855,False,21,3,7.0,274.68,9215.06,385.67,163.83,7.21,45.55,6.88,11.8,1.64,20.64,29.9,31.32,36.96,134.69,114.98,296.32,11.68,0.45,0.9,100.0,97.0,100.0,97.0,100.0,100.0,85.0,97.0,88.0,85.0,68.0,79.0,97.0,74.0,82.0,94.0,79.0,76.0
2025,Goiás,6,61,Meio,10.0,0.18432141977477623,True,Alan Stence,"AMF, CF",MEI,23.0,2,55,0.0144198684335971,False,22,3,2.0,54.96,9553.97,563.25,276.71,14.74,75.32,8.19,8.19,0.0,27.84,30.0,30.0,421.22,38.87,398.75,484.39,56.07,5.61,22.43,,,,,,,,,,,,,,,,,,
2025,Goiás,6,61,Meio,10.0,0.18432141977477623,True,Danilo Cunha,"LB, LWB",LE,18.0,2,38,0.0099628181904852,False,23,4,2.0,38.12,8644.25,469.87,342.37,11.81,51.95,11.81,21.25,0.0,25.97,28.6,28.6,386.92,185.23,492.06,185.23,33.57,0.0,8.39,,,,,,,,,,,,,,,,,,
2025,Goiás,6,61,Meio,10.0,0.18432141977477623,True,Murilo Camara,LCB,ZE,18.0,1,35,0.009176279912289,False,24,4,1.0,34.52,8411.59,200.77,13.04,0.0,23.47,7.82,10.43,0.0,23.47,25.1,25.1,14.52,4.6,65.32,94.37,0.0,0.0,0.0,,,,,,,,,,,,,,,,,,
2025,Goiás,6,61,Meio,10.0,0.18432141977477623,True,Fábio,"RWB, RB",LD,24.0,2,34,0.0089141004862236,False,25,2,2.0,33.84,8951.23,369.75,61.18,2.66,37.24,10.64,18.62,0.0,34.58,26.05,26.05,108.9,13.27,192.17,207.08,25.59,0.0,6.4,,,,,,,,,,,,,,,,,,
2025,Novorizontino,7,60,Meio,14.0,0.23969321997361304,True,Rodrigo Soares,"RB, RWB",LD,32.0,30,2741,0.7030663402121954,True,1,1,30.0,2745.0,9685.03,540.24,155.74,8.03,55.08,6.36,14.3,1.08,24.56,28.22,30.7,87.16,96.18,319.7,334.9,26.62,1.1,3.02,56.0,47.0,18.0,18.0,20.0,13.0,20.0,23.0,20.0,13.0,40.0,18.0,22.0,51.0,31.0,67.0,40.0,44.0
2025,Novorizontino,7,60,Meio,14.0,0.23969321997361304,True,César Martins,"RCB, CB",ZD,32.0,27,2616,0.6710038474991256,True,2,1,27.0,2621.97,9093.0,415.89,195.96,10.47,54.71,5.97,13.22,1.82,21.69,30.81,32.88,68.33,154.63,144.68,324.59,8.92,0.75,1.25,87.0,89.0,98.0,98.0,98.0,81.0,93.0,91.0,80.0,95.0,94.0,98.0,93.0,87.0,89.0,70.0,94.0,94.0
2025,Novorizontino,7,60,Meio,14.0,0.23969321997361304,True,Luís Oyama,"RCMF, RDMF, LDMF",MED,28.0,35,2530,0.6489448525125335,True,3,1,34.0,2530.96,10633.32,683.89,194.98,10.1,69.2,5.23,16.36,1.28,40.22,28.94,31.9,119.01,110.06,394.52,429.42,40.59,4.53,12.76,84.0,90.0,90.0,93.0,91.0,58.0,87.0,91.0,78.0,94.0,99.0,93.0,65.0,96.0,64.0,94.0,87.0,90.0
2025,Novorizontino,7,60,Meio,14.0,0.23969321997361304,True,Fábio Matheus,"LCMF, LB, LDMF",MED,22.0,29,2405,0.6168823597994637,True,4,2,29.0,2406.71,10077.13,503.52,116.93,6.17,49.96,5.8,14.06,1.01,33.66,27.62,30.68,50.03,96.0,225.85,385.82,23.76,0.64,2.39,38.0,41.0,42.0,42.0,39.0,77.0,55.0,70.0,49.0,52.0,83.0,45.0,49.0,43.0,48.0,26.0,17.0,16.0
2025,Novorizontino,7,60,Meio,14.0,0.23969321997361304,True,Matheus Frizzo,"AMF, CF",MEI,27.0,34,2403,0.6163693599160546,True,5,1,34.0,2405.16,10214.64,521.96,108.82,6.06,50.93,6.17,12.16,0.94,34.17,26.9,29.38,79.75,44.49,321.28,303.77,35.67,4.6,11.97,36.0,36.0,18.0,18.0,27.0,73.0,32.0,45.0,32.0,27.0,43.0,32.0,14.0,55.0,32.0,45.0,50.0,55.0
2025,Novorizontino,7,60,Meio,14.0,0.23969321997361304,True,Jean Irmer,"LCMF, DMF, RCMF",MED,30.0,27,1813,0.4650343943103649,False,6,3,27.0,1816.83,10106.34,459.75,128.7,6.69,49.98,4.71,13.72,1.14,29.62,28.19,30.78,27.59,134.17,127.89,435.21,15.68,0.33,1.12,42.0,28.0,48.0,54.0,41.0,42.0,48.0,83.0,28.0,70.0,87.0,12.0,87.0,6.0,68.0,6.0,6.0,6.0
2025,Novorizontino,7,60,Meio,14.0,0.23969321997361304,True,Mayk,"LB, LWB",LE,25.0,21,1739,0.4460533986242276,False,7,1,21.0,1740.48,9320.34,486.64,154.51,8.74,53.78,7.55,17.01,2.07,22.75,28.84,30.7,83.1,98.23,221.59,350.45,15.1,1.05,2.83,43.0,36.0,19.0,32.0,26.0,55.0,53.0,77.0,11.0,32.0,34.0,17.0,30.0,21.0,62.0,15.0,37.0,23.0
2025,Novorizontino,7,60,Meio,14.0,0.23969321997361304,True,Robson,CF,CA,34.0,24,1592,0.4083479071936575,False,8,1,24.0,1594.8000000000002,9998.47,609.71,218.23,12.75,73.7,8.97,18.85,1.02,38.26,29.09,30.34,165.32,99.91,401.73,341.46,40.09,11.63,23.35,80.0,72.0,55.0,64.0,70.0,73.0,81.0,30.0,70.0,53.0,43.0,70.0,50.0,83.0,55.0,87.0,87.0,83.0
2025,Novorizontino,7,60,Meio,14.0,0.23969321997361304,True,Bruno José,"RW, RAMF",ED,27.0,32,1572,0.4032179083595663,False,9,1,32.0,1574.4,9467.41,545.97,256.44,11.78,67.74,8.06,18.35,2.17,33.21,29.85,31.5,191.01,91.69,366.54,268.3,28.61,3.23,8.71,21.0,27.0,67.0,48.0,37.0,45.0,40.0,62.0,21.0,69.0,60.0,67.0,29.0,42.0,10.0,21.0,25.0,17.0
2025,Novorizontino,7,60,Meio,14.0,0.23969321997361304,True,Waguininho,"RWF, LAMF, LW",ED,35.0,22,1505,0.3860324122653608,False,10,2,22.0,1509.1999999999998,9791.21,595.6,191.12,9.6,62.61,7.75,16.82,1.37,34.35,29.07,30.7,151.54,76.69,421.37,293.44,34.15,5.8,11.59,40.0,46.0,15.0,12.0,15.0,33.0,19.0,21.0,29.0,38.0,33.0,42.0,12.0,73.0,23.0,50.0,77.0,46.0
2025,Novorizontino,7,60,Meio,14.0,0.23969321997361304,True,Pablo Dyego,"LW, RW, RWF",EE,31.0,21,1248,0.3201119272472892,False,11,1,21.0,1250.76,10016.1,671.36,303.08,15.33,84.26,8.78,17.99,2.23,36.63,30.0,31.94,256.87,109.57,443.96,364.78,34.26,5.48,13.15,70.0,74.0,82.0,76.0,76.0,64.0,39.0,64.0,36.0,78.0,82.0,90.0,38.0,84.0,56.0,50.0,56.0,34.0
2025,Novorizontino,7,60,Meio,14.0,0.23969321997361304,True,Rômulo,"AMF, CF, LWF",MEI,23.0,16,1055,0.2706074384983094,False,12,2,16.0,1056.32,10229.57,535.83,194.94,10.99,65.35,7.5,15.25,1.62,39.28,29.84,31.42,131.1,103.27,311.95,331.34,37.9,8.78,17.0,45.0,45.0,77.0,86.0,64.0,95.0,64.0,95.0,55.0,100.0,91.0,82.0,59.0,45.0,41.0,59.0,91.0,95.0
2025,Novorizontino,7,60,Meio,14.0,0.23969321997361304,True,Rafael Donato,"CB, RCB",ZD,36.0,14,1020,0.2616299405386499,False,13,2,14.0,1022.0,8707.86,315.27,83.93,5.37,35.75,4.49,8.19,0.35,17.44,27.95,29.46,26.51,71.11,105.45,264.07,8.47,0.41,0.55,44.0,46.0,22.0,41.0,41.0,19.0,15.0,7.0,43.0,22.0,24.0,37.0,26.0,54.0,56.0,61.0,76.0,70.0
2025,Novorizontino,7,60,Meio,14.0,0.23969321997361304,True,Nathan Fogaça,CF,CA,26.0,17,1016,0.2606039407718316,False,14,2,17.0,1016.09,9768.54,589.2,224.18,12.93,73.07,8.15,18.34,1.86,36.23,30.59,31.98,157.06,107.61,352.34,347.34,36.83,8.15,19.12,66.0,64.0,59.0,66.0,67.0,47.0,73.0,55.0,58.0,86.0,81.0,65.0,55.0,65.0,57.0,80.0,40.0,42.0
2025,Novorizontino,7,60,Meio,14.0,0.23969321997361304,True,Raí Ramos,"RB, RWB",LD,31.0,14,1005,0.2577824414130815,False,15,2,14.0,1004.78,9834.3,564.23,219.55,10.84,65.21,7.17,19.71,1.79,31.17,29.19,31.08,126.74,127.28,306.24,357.52,26.4,1.66,2.41,73.0,58.0,51.0,56.0,60.0,40.0,84.0,62.0,69.0,51.0,60.0,40.0,56.0,38.0,56.0,62.0,64.0,18.0
2025,Novorizontino,7,60,Meio,14.0,0.23969321997361304,True,Patrick Brey,"LB, LWB",LE,28.0,14,959,0.2459834440946718,False,16,2,14.0,961.1,9981.19,636.49,198.34,12.45,73.98,6.93,19.85,1.69,37.74,28.99,30.24,148.88,90.92,427.85,346.94,33.42,4.89,12.03,91.0,85.0,51.0,78.0,96.0,30.0,89.0,67.0,100.0,36.0,20.0,83.0,19.0,98.0,57.0,100.0,100.0,100.0
2025,Novorizontino,7,60,Meio,14.0,0.23969321997361304,True,Caio Dantas,CF,CA,32.0,16,936,0.2400839454354669,False,17,3,16.0,938.08,9069.02,489.14,166.76,8.92,58.14,7.58,17.94,2.4,36.94,29.68,31.6,108.51,96.25,284.01,326.71,27.98,9.61,20.38,26.0,30.0,35.0,30.0,24.0,34.0,67.0,71.0,59.0,69.0,73.0,34.0,45.0,22.0,50.0,26.0,58.0,58.0
2025,Novorizontino,7,60,Meio,14.0,0.23969321997361304,True,Willian Farias,"RDMF, LCMF, LDMF",VOL,36.0,15,719,0.1844234580855777,False,18,1,14.0,719.04,9544.26,414.2,92.38,4.13,42.93,5.88,14.27,0.75,33.55,27.19,29.7,28.22,84.57,149.01,348.89,18.83,0.2,1.78,17.0,33.0,36.0,26.0,38.0,82.0,71.0,62.0,69.0,40.0,52.0,21.0,48.0,33.0,43.0,43.0,7.0,40.0
2025,Novorizontino,7,60,Meio,14.0,0.23969321997361304,True,Igor Formiga,"RB, RWB",LD,26.0,12,667,0.1710854611169406,False,19,3,12.0,668.76,10150.34,651.14,224.23,12.38,71.6,8.75,18.57,1.21,32.97,29.05,30.56,127.39,118.35,359.21,362.43,26.3,2.02,4.05,89.0,89.0,60.0,76.0,87.0,82.0,73.0,27.0,82.0,44.0,33.0,42.0,49.0,84.0,60.0,60.0,80.0,69.0
2025,Novorizontino,7,60,Meio,14.0,0.23969321997361304,True,Tavinho,"LW, LAMF, CF",EE,21.0,12,637,0.1633904628658039,False,20,2,12.0,634.8,10568.75,631.22,138.67,8.79,66.5,7.37,16.16,1.98,41.4,27.23,28.68,116.69,53.01,411.6,336.45,38.86,4.36,12.09,92.0,60.0,6.0,14.0,26.0,30.0,18.0,48.0,56.0,2.0,10.0,22.0,2.0,70.0,41.0,80.0,28.0,32.0
2025,Novorizontino,7,60,Meio,14.0,0.23969321997361304,True,Lucca,CF,CA,35.0,18,577,0.1480004663635303,False,21,4,18.0,579.0600000000001,9694.04,600.47,198.5,11.97,74.46,7.62,15.23,1.09,39.02,28.14,30.16,119.46,80.68,348.91,326.78,44.24,12.42,24.64,63.0,69.0,47.0,55.0,73.0,35.0,30.0,31.0,73.0,30.0,41.0,41.0,30.0,63.0,51.0,98.0,94.0,90.0
2025,Novorizontino,7,60,Meio,14.0,0.23969321997361304,True,Léo Tocantins,"LB, LWB",LE,26.0,14,536,0.1374839687536434,False,22,3,14.0,537.04,10123.45,666.66,161.39,7.71,60.0,6.87,20.45,0.17,29.5,27.31,28.8,104.56,78.01,363.76,413.89,28.81,2.06,6.63,98.0,98.0,26.0,13.0,47.0,27.0,96.0,2.0,62.0,4.0,4.0,43.0,9.0,89.0,94.0,85.0,74.0,83.0
2025,Novorizontino,7,60,Meio,14.0,0.23969321997361304,True,Ó. Ruiz,"LAMF, LW",EE,34.0,16,452,0.1159379736504605,False,23,3,16.0,452.64,9830.71,710.42,355.9,16.7,90.47,8.55,20.88,1.59,39.37,29.86,31.68,266.61,171.18,509.67,371.86,37.93,8.61,22.31,58.0,84.0,98.0,88.0,92.0,56.0,72.0,32.0,48.0,70.0,74.0,92.0,90.0,96.0,62.0,72.0,90.0,98.0
2025,Novorizontino,7,60,Meio,14.0,0.23969321997361304,True,Léo Natel,"CF, LAMF, LWF",CA,28.0,7,375,0.0961874781392095,False,24,5,7.0,376.39,10054.74,593.44,200.36,11.0,69.58,7.41,16.26,1.2,33.47,28.4,29.52,132.44,70.61,340.82,314.75,29.53,2.85,10.88,81.0,66.0,50.0,47.0,58.0,28.0,48.0,34.0,43.0,34.0,26.0,51.0,24.0,56.0,47.0,30.0,2.0,6.0
2025,Novorizontino,7,60,Meio,14.0,0.23969321997361304,True,Renato Palm,"RCB, RB",ZD,33.0,3,65,0.0166724962107963,False,25,3,3.0,64.98,9158.81,336.55,85.87,6.92,40.16,6.92,8.31,0.0,24.93,28.03,28.03,12.53,69.52,119.03,240.83,22.18,0.0,0.0,,,,,,,,,,,,,,,,,,
2025,Novorizontino,7,60,Meio,14.0,0.23969321997361304,True,Pedro Balotelli,CF,CA,19.0,1,30,0.0076949982511367,False,26,6,1.0,29.8,10165.77,712.75,277.85,12.08,84.56,6.04,15.1,0.0,66.44,28.8,28.8,,,,,,,,,,,,,,,,,,,,,,,,,
2025,Operário-PR,12,48,Meio,9.0,-0.16974957944782654,False,Boschilia,"CF, AMF, RWF",CA,29.0,34,3228,0.8534961421051367,True,1,1,34.0,3233.4,9954.46,460.57,75.99,4.9,46.32,5.07,10.05,0.36,37.16,26.27,28.28,48.33,45.57,238.35,354.46,27.58,1.88,7.29,77.0,21.0,1.0,6.0,10.0,5.0,2.0,7.0,60.0,1.0,6.0,3.0,5.0,7.0,63.0,24.0,1.0,1.0
2025,Operário-PR,12,48,Meio,9.0,-0.16974957944782654,False,Juan Zuluaga,"RCMF, LDMF, RW",MED,32.0,32,2511,0.663918467418215,True,2,1,32.0,2504.0,10373.67,561.79,128.13,7.48,57.0,5.21,13.48,0.58,34.07,27.26,28.74,57.89,100.84,244.67,455.18,30.69,2.85,6.23,61.0,59.0,46.0,62.0,65.0,57.0,43.0,42.0,51.0,35.0,26.0,55.0,57.0,52.0,78.0,62.0,68.0,62.0
2025,Operário-PR,12,48,Meio,9.0,-0.16974957944782654,False,Miranda,"RCB, LCB",ZD,25.0,24,2379,0.62901713818715,True,3,1,24.0,2382.96,8828.63,341.17,129.17,7.21,40.83,4.95,10.76,0.45,15.37,29.4,31.08,28.57,141.38,93.03,341.53,9.61,0.43,0.48,54.0,65.0,63.0,74.0,63.0,41.0,56.0,21.0,24.0,70.0,63.0,44.0,81.0,30.0,94.0,78.0,78.0,63.0
2025,Operário-PR,12,48,Meio,9.0,-0.16974957944782654,False,Neto Paraíba,"LCMF, LDMF",MED,33.0,31,2340,0.6187053818234262,True,4,2,31.0,2337.71,10128.94,471.67,104.03,6.16,47.74,3.85,12.4,0.54,26.68,27.35,29.0,53.55,76.55,240.42,355.74,27.21,1.33,7.24,46.0,32.0,29.0,40.0,33.0,17.0,29.0,33.0,16.0,38.0,36.0,49.0,30.0,49.0,26.0,39.0,45.0,67.0
2025,Operário-PR,12,48,Meio,9.0,-0.16974957944782654,False,Índio,"DMF, LCMF, RCMF",VOL,32.0,30,2291,0.60574958536644,True,5,1,30.0,2290.8,9918.19,519.32,159.7,7.94,55.79,5.3,16.19,0.59,22.28,28.31,30.7,60.18,139.66,208.19,452.63,23.99,1.57,2.8,57.0,79.0,88.0,88.0,90.0,68.0,90.0,48.0,10.0,74.0,83.0,71.0,90.0,81.0,88.0,76.0,71.0,60.0
2025,Operário-PR,12,48,Meio,9.0,-0.16974957944782654,False,Cristiano,LB,LE,31.0,22,1935,0.5116217580462947,False,6,1,22.0,1939.52,9260.71,516.28,259.49,13.64,69.23,7.98,18.89,2.13,28.21,30.24,32.06,158.84,163.23,272.2,368.25,23.43,1.23,4.05,38.0,49.0,85.0,96.0,85.0,73.0,85.0,79.0,57.0,86.0,76.0,85.0,89.0,49.0,70.0,51.0,48.0,47.0
2025,Operário-PR,12,48,Meio,9.0,-0.16974957944782654,False,Joseph,"RCB, LCB",ZD,30.0,19,1899,0.5021032137105498,False,7,2,19.0,1897.34,8986.13,390.2,152.5,7.87,45.4,4.74,8.68,1.57,17.98,29.73,31.58,53.49,137.95,158.95,315.11,13.2,0.3,0.49,78.0,85.0,80.0,87.0,81.0,31.0,19.0,83.0,50.0,80.0,72.0,89.0,80.0,93.0,83.0,91.0,60.0,65.0
2025,Operário-PR,12,48,Meio,9.0,-0.16974957944782654,False,Gabriel Feliciano,LB,LE,24.0,22,1608,0.4251616469966108,False,8,2,22.0,1605.5600000000002,9393.69,541.83,199.61,10.2,61.72,7.29,15.42,1.57,25.51,29.4,32.14,111.05,143.84,292.27,383.74,26.88,0.63,3.2,49.0,62.0,55.0,51.0,57.0,47.0,32.0,57.0,36.0,45.0,81.0,49.0,74.0,57.0,79.0,72.0,20.0,28.0
2025,Operário-PR,12,48,Meio,9.0,-0.16974957944782654,False,Diogo Mateus,RB,LD,32.0,22,1539,0.4069177703530995,False,9,1,22.0,1547.92,9519.6,513.34,138.09,6.34,48.49,6.28,15.76,0.47,23.72,27.51,28.9,56.68,86.86,233.43,351.94,24.58,0.47,0.7,47.0,20.0,7.0,4.0,11.0,11.0,33.0,7.0,11.0,7.0,12.0,7.0,13.0,13.0,53.0,42.0,11.0,4.0
2025,Operário-PR,12,48,Meio,9.0,-0.16974957944782654,False,Vinicius Mingotti,"CF, LW",CA,25.0,27,1386,0.3664639569261832,False,10,2,27.0,1391.85,8976.83,538.02,247.25,13.25,72.42,10.22,23.73,1.88,34.79,30.03,32.46,141.83,142.18,270.5,358.82,25.55,8.43,17.22,13.0,48.0,73.0,72.0,66.0,88.0,99.0,57.0,51.0,79.0,87.0,59.0,76.0,17.0,66.0,13.0,42.0,27.0
2025,Operário-PR,12,48,Meio,9.0,-0.16974957944782654,False,Daniel Amorim,CF,CA,35.0,23,1160,0.3067086508184506,False,11,3,23.0,1152.53,9436.12,629.97,165.4,10.85,70.2,11.79,15.31,1.87,38.42,27.43,29.6,78.7,144.77,291.03,499.68,27.05,9.86,19.2,51.0,78.0,34.0,44.0,62.0,98.0,33.0,56.0,71.0,16.0,30.0,13.0,77.0,27.0,92.0,21.0,64.0,43.0
2025,Operário-PR,12,48,Meio,9.0,-0.16974957944782654,False,Jaime Giraldo,LCB,ZE,27.0,12,1066,0.281854673941783,False,12,1,12.0,1068.72,9045.45,340.3,112.0,5.98,39.24,5.47,11.71,1.26,17.1,29.32,30.26,32.18,108.37,110.77,303.5,10.16,0.0,0.27,85.0,68.0,62.0,71.0,71.0,76.0,82.0,85.0,53.0,79.0,38.0,65.0,74.0,71.0,88.0,79.0,7.0,34.0
2025,Operário-PR,12,48,Meio,9.0,-0.16974957944782654,False,Allan Godói,RCB,ZD,32.0,10,1008,0.2665192414008605,False,13,3,10.0,1005.9,8356.43,336.5,172.59,8.95,46.97,5.99,13.06,1.79,18.61,31.89,33.12,38.16,172.39,97.26,294.59,3.29,0.0,0.13,19.0,61.0,93.0,93.0,89.0,83.0,89.0,89.0,54.0,100.0,96.0,72.0,98.0,41.0,70.0,6.0,14.0,28.0
2025,Operário-PR,12,48,Meio,9.0,-0.16974957944782654,False,Ademilson,"CF, LWF",CA,31.0,22,998,0.263875201307598,False,14,4,22.0,998.14,9595.65,556.55,148.06,8.3,59.51,8.3,17.22,0.99,33.54,27.88,30.1,103.95,78.47,331.73,337.36,30.8,6.06,17.11,59.0,52.0,23.0,22.0,30.0,52.0,59.0,28.0,44.0,24.0,38.0,30.0,29.0,53.0,52.0,38.0,16.0,24.0
2025,Operário-PR,12,48,Meio,9.0,-0.16974957944782654,False,Allano,"RW, RAMF",ED,30.0,12,876,0.2316179121697954,False,15,1,12.0,871.44,9347.52,516.9,232.68,11.15,66.92,9.71,20.55,2.48,40.69,30.78,32.6,160.08,127.07,316.9,322.38,35.63,2.96,11.12,15.0,17.0,56.0,31.0,35.0,87.0,67.0,70.0,50.0,88.0,84.0,52.0,65.0,15.0,35.0,58.0,19.0,38.0
2025,Operário-PR,12,48,Meio,9.0,-0.16974957944782654,False,Fransérgio,"RCMF, LCMF, LDMF",MED,34.0,11,762,0.2014758551066029,False,16,3,11.0,759.88,9395.93,388.12,103.51,5.57,42.52,3.67,14.45,0.47,22.74,28.21,29.7,41.96,99.57,124.75,374.61,12.24,2.37,4.38,6.0,6.0,26.0,28.0,12.0,12.0,61.0,28.0,4.0,72.0,51.0,35.0,55.0,4.0,41.0,1.0,67.0,38.0
2025,Operário-PR,12,48,Meio,9.0,-0.16974957944782654,False,Thales Oleques,RB,LD,31.0,10,680,0.1797947263418503,False,17,2,10.0,680.8,9407.1,521.89,163.92,9.78,58.69,7.14,16.52,1.32,25.12,28.67,29.54,73.53,127.68,222.98,418.61,24.61,0.89,2.48,33.0,27.0,22.0,31.0,33.0,38.0,38.0,31.0,24.0,36.0,27.0,13.0,58.0,11.0,91.0,44.0,21.0,20.0
2025,Operário-PR,12,48,Meio,9.0,-0.16974957944782654,False,Léo Gaúcho,CF,CA,23.0,10,659,0.1742422421459991,False,18,5,10.0,659.0,9188.02,559.13,290.36,15.43,76.34,11.75,19.67,3.28,37.97,30.9,31.84,162.97,180.82,287.3,406.25,29.7,10.57,22.59,35.0,53.0,86.0,87.0,77.0,97.0,87.0,92.0,69.0,90.0,79.0,69.0,92.0,24.0,81.0,33.0,72.0,78.0
2025,Operário-PR,12,48,Meio,9.0,-0.16974957944782654,False,Pedro Vilhena,"LW, LAMF, LCMF",EE,23.0,11,653,0.1726558180900415,False,19,1,11.0,654.17,10251.62,603.41,190.41,10.87,70.71,7.57,14.31,1.79,39.9,29.05,30.54,91.6,157.97,304.36,480.68,40.13,4.27,10.47,82.0,44.0,24.0,30.0,40.0,34.0,10.0,37.0,50.0,42.0,45.0,8.0,80.0,18.0,88.0,88.0,26.0,20.0
2025,Operário-PR,12,48,Meio,9.0,-0.16974957944782654,False,Marcos Paulo,"LAMF, LW, RAMF",EE,24.0,11,630,0.1665745258755378,False,20,2,11.0,630.96,9068.23,456.73,137.22,7.13,53.2,5.99,20.68,0.43,28.81,27.66,28.98,83.88,75.67,260.27,315.85,27.53,4.42,10.65,4.0,4.0,4.0,2.0,6.0,8.0,68.0,4.0,10.0,12.0,12.0,4.0,10.0,2.0,28.0,14.0,32.0,22.0
2025,Operário-PR,12,48,Meio,9.0,-0.16974957944782654,False,Kleiton,"LW, CF, RW",EE,26.0,15,609,0.1610220416796865,False,21,3,14.0,588.0,9512.44,674.62,343.43,18.98,93.82,11.63,26.32,2.91,43.77,31.96,33.68,224.24,215.0,398.17,500.43,38.35,9.59,21.28,26.0,76.0,94.0,100.0,96.0,98.0,96.0,88.0,70.0,98.0,98.0,82.0,100.0,60.0,96.0,76.0,98.0,96.0
2025,Operário-PR,12,48,Meio,9.0,-0.16974957944782654,False,André,"RCB, RCMF, DMF",ZD,26.0,11,575,0.152032305362594,False,22,4,11.0,576.4,9360.33,350.39,138.81,6.56,42.32,6.09,10.93,1.09,24.05,28.45,31.1,35.13,149.16,110.92,302.19,13.08,0.25,0.74,93.0,70.0,70.0,63.0,74.0,87.0,61.0,58.0,87.0,41.0,65.0,67.0,87.0,61.0,78.0,89.0,52.0,83.0
2025,Operário-PR,12,48,Meio,9.0,-0.16974957944782654,False,Thiago Conti,"RCMF, DMF, LDMF",MED,28.0,14,508,0.1343172367377352,False,23,4,13.0,505.44000000000005,10626.2,503.23,55.56,3.74,42.74,4.63,10.51,0.0,43.98,24.89,26.54,17.52,48.2,171.47,458.92,25.88,0.87,3.78,83.0,39.0,3.0,6.0,13.0,36.0,14.0,3.0,90.0,1.0,1.0,1.0,9.0,23.0,81.0,35.0,26.0,29.0
2025,Operário-PR,12,48,Meio,9.0,-0.16974957944782654,False,Pedro Lucas,"RW, RAMF, LB",ED,23.0,9,356,0.0941278273201451,False,24,2,8.0,341.6,10351.84,632.32,201.29,11.86,70.61,8.17,22.13,1.05,40.84,28.07,29.0,93.43,127.26,233.84,501.9,27.33,2.08,6.53,87.0,58.0,29.0,54.0,48.0,50.0,81.0,13.0,54.0,10.0,6.0,6.0,67.0,4.0,94.0,15.0,6.0,6.0
2025,Operário-PR,12,48,Meio,9.0,-0.16974957944782654,False,Nilson Júnior,LCB,ZE,33.0,4,320,0.0846092829844001,False,25,2,4.0,320.52,9023.4,371.21,121.3,6.18,41.0,4.77,8.14,0.28,16.29,30.35,30.35,27.08,136.1,105.69,340.45,6.18,0.0,0.0,,,,,,,,,,,,,,,,,,
2025,Operário-PR,12,48,Meio,9.0,-0.16974957944782654,False,Brenno Pereira,"RAMF, RW, LW",ED,20.0,8,293,0.0774703747325914,False,26,3,8.0,292.64,9741.1,526.22,193.45,11.38,66.43,8.0,17.22,1.54,43.06,29.27,30.36,115.05,149.82,342.19,393.2,39.33,5.13,14.96,37.0,23.0,21.0,38.0,31.0,42.0,25.0,27.0,73.0,54.0,16.0,13.0,77.0,23.0,69.0,81.0,62.0,88.0
2025,Operário-PR,12,48,Meio,9.0,-0.16974957944782654,False,Pernambuco,"RW, RAMF",ED,27.0,6,252,0.0666298103502151,False,27,4,6.0,252.42,10055.92,643.18,172.92,8.56,65.96,9.27,18.18,1.78,38.15,27.37,27.6,110.45,86.35,346.27,426.3,26.84,2.56,6.82,60.0,62.0,10.0,10.0,25.0,77.0,38.0,33.0,44.0,6.0,4.0,12.0,21.0,27.0,77.0,10.0,13.0,10.0
2025,Operário-PR,12,48,Meio,9.0,-0.16974957944782654,False,Kauã Gomes,"LW, LAMF, RAMF",EE,21.0,4,227,0.0600197101170588,False,28,4,4.0,227.84,9659.17,736.72,378.04,16.59,91.25,19.75,25.28,4.35,46.61,29.9,29.9,232.72,295.56,506.91,496.3,38.71,7.85,21.32,,,,,,,,,,,,,,,,,,
2025,Operário-PR,12,48,Meio,9.0,-0.16974957944782654,False,Léo Silva,"RW, LCMF, RCMF",ED,22.0,6,184,0.0486503377160301,False,29,5,6.0,184.92,10162.47,621.47,98.31,6.33,60.35,7.79,18.49,1.95,33.09,26.43,26.92,75.66,57.9,419.26,455.01,45.85,4.51,10.52,71.0,54.0,4.0,4.0,13.0,35.0,42.0,46.0,19.0,2.0,2.0,4.0,2.0,71.0,85.0,98.0,40.0,35.0
2025,Operário-PR,12,48,Meio,9.0,-0.16974957944782654,False,Jhemerson,"AMF, RAMF, LAMF",MEI,28.0,6,175,0.0462707016320938,False,30,1,6.0,175.44,10217.84,664.74,243.12,12.31,78.48,7.69,20.0,1.03,37.96,28.5,29.0,139.14,140.62,391.66,357.35,38.82,6.47,12.35,41.0,95.0,100.0,100.0,95.0,100.0,100.0,55.0,50.0,73.0,32.0,91.0,91.0,86.0,64.0,68.0,73.0,59.0
2025,Operário-PR,12,48,Meio,9.0,-0.16974957944782654,False,Ryan,"RCB, CB",ZD,20.0,2,124,0.032786097156455,False,31,5,2.0,123.72,8873.66,339.0,87.3,3.64,34.92,6.55,8.0,2.18,18.91,25.3,25.3,35.93,71.75,189.47,273.4,13.4,0.0,0.0,,,,,,,,,,,,,,,,,,
2025,Operário-PR,12,48,Meio,9.0,-0.16974957944782654,False,Charles,RCB,ZD,30.0,2,120,0.03172848111915,False,32,6,2.0,120.1,9328.98,336.47,112.41,4.5,33.72,5.25,8.99,1.5,17.24,26.5,26.5,18.47,166.69,132.38,319.38,7.18,0.0,1.03,,,,,,,,,,,,,,,,,,
2025,Operário-PR,12,48,Meio,9.0,-0.16974957944782654,False,Matheus Souza,"LAMF, LW",EE,24.0,4,115,0.0304064610725188,False,33,5,4.0,114.88,8775.39,477.95,153.57,7.84,54.06,6.27,18.02,0.0,45.44,29.07,29.07,128.24,124.42,399.74,308.99,52.75,8.24,16.48,,,,,,,,,,,,,,,,,,
2025,Operário-PR,12,48,Meio,9.0,-0.16974957944782654,False,Bernardo,"LCB, CB",ZE,20.0,1,102,0.0269692089512775,False,34,3,1.0,102.18,8469.48,211.38,10.57,0.0,16.73,4.4,6.17,0.0,13.21,24.0,24.0,8.71,1.7,84.94,206.97,6.53,0.0,0.0,,,,,,,,,,,,,,,,,,
2025,Operário-PR,12,48,Meio,9.0,-0.16974957944782654,False,João Botão,RB,LD,19.0,1,79,0.0208879167367737,False,35,3,1.0,78.98,9782.44,574.3,166.36,10.26,67.23,7.98,13.67,1.14,37.6,28.6,28.6,114.97,114.57,304.12,416.4,22.25,1.24,1.24,,,,,,,,,,,,,,,,,,
2025,Operário-PR,12,48,Meio,9.0,-0.16974957944782654,False,Matheus Galdino,"LCMF, LW",MED,20.0,1,53,0.0140134124942912,False,36,5,1.0,52.93,9834.26,586.59,238.04,13.6,76.51,15.3,17.0,1.7,51.01,29.6,29.6,233.17,91.1,422.76,411.52,52.29,0.0,17.43,,,,,,,,,,,,,,,,,,
2025,Operário-PR,12,48,Meio,9.0,-0.16974957944782654,False,Thiago Medeiros,"RCMF, AMF",MED,21.0,1,51,0.0134846044756387,False,37,6,1.0,61.9,8555.09,1086.11,649.92,18.9,81.42,10.18,26.17,2.91,33.44,27.7,27.7,190.8,213.65,266.67,454.01,,,,,,,,,,,,,,,,,,,,,
2025,Operário-PR,12,48,Meio,9.0,-0.16974957944782654,False,Jean Lucas,LCMF,MED,30.0,2,43,0.0113693724010287,False,38,7,2.0,43.34,11456.31,801.69,226.38,10.38,74.77,4.15,12.46,0.0,27.0,27.05,27.05,68.99,258.33,262.18,729.17,39.86,7.66,13.8,,,,,,,,,,,,,,,,,,
2025,Operário-PR,12,48,Meio,9.0,-0.16974957944782654,False,Léo Cittadini,RCMF,MED,31.0,1,32,0.00846092829844,False,39,8,1.0,31.97,10070.8,385.71,5.63,0.0,39.42,5.63,16.89,0.0,28.15,23.2,23.2,6.46,0.0,174.51,275.13,25.83,0.0,3.23,,,,,,,,,,,,,,,,,,
2025,Operário-PR,12,48,Meio,9.0,-0.16974957944782654,False,Filipe Claudino,"LAMF, RCB",EE,21.0,2,21,0.0055524841958512,False,40,6,1.0,17.97,10644.71,946.75,305.57,20.04,90.17,10.02,25.05,0.0,55.1,26.0,26.0,105.88,313.36,571.76,539.27,44.55,9.9,34.65,,,,,,,,,,,,,,,,,,
2025,Paysandu,20,28,Cai,13.0,-0.6162871790296546,False,Reverson,LB,LE,28.0,32,2761,0.7428215036931957,True,1,1,31.0,2657.01,9159.09,486.89,154.65,8.47,53.18,7.99,17.04,1.15,25.27,28.48,31.02,97.07,87.24,294.3,297.42,23.36,1.84,5.13,19.0,38.0,21.0,26.0,19.0,78.0,55.0,30.0,32.0,27.0,49.0,34.0,15.0,60.0,21.0,49.0,72.0,64.0
2025,Paysandu,20,28,Cai,13.0,-0.6162871790296546,False,Maurício Garcez,"LAMF, LW",EE,28.0,22,2046,0.550457369270655,False,2,1,22.0,2047.32,9291.22,559.24,354.52,17.8,83.04,8.97,16.84,3.03,35.56,32.46,33.92,316.45,145.26,414.6,289.47,30.54,4.59,13.38,14.0,30.0,96.0,96.0,72.0,68.0,24.0,92.0,30.0,100.0,100.0,100.0,70.0,74.0,14.0,28.0,34.0,36.0
2025,Paysandu,20,28,Cai,13.0,-0.6162871790296546,False,Edílson,"RB, RWB",LD,30.0,27,2041,0.5491121655334344,False,3,1,26.0,1946.1,9479.3,561.43,199.14,10.31,62.11,8.42,18.87,1.57,29.78,29.51,31.42,140.5,104.73,341.03,340.14,28.81,1.19,3.2,40.0,53.0,36.0,42.0,42.0,69.0,78.0,40.0,58.0,69.0,73.0,53.0,38.0,69.0,38.0,84.0,44.0,49.0
2025,Paysandu,20,28,Cai,13.0,-0.6162871790296546,False,Thalisson,RCB,ZD,23.0,21,2039,0.5485740840385462,False,4,1,21.0,2028.6,8885.61,343.34,135.05,7.1,41.66,5.68,9.67,2.0,19.83,30.08,32.78,53.73,106.7,149.05,246.47,8.3,0.3,0.23,63.0,69.0,67.0,70.0,72.0,69.0,35.0,94.0,63.0,87.0,93.0,91.0,57.0,89.0,43.0,59.0,60.0,33.0
2025,Paysandu,20,28,Cai,13.0,-0.6162871790296546,False,Leandro Vilela,"LDMF, RCMF, DMF",VOL,30.0,19,1637,0.4404197035660128,False,5,1,18.0,1575.9,9437.74,403.66,68.7,4.05,37.98,4.23,12.62,0.06,28.61,26.37,27.52,38.21,47.29,185.23,304.84,20.43,1.08,3.76,10.0,29.0,12.0,21.0,19.0,21.0,43.0,7.0,36.0,19.0,14.0,43.0,10.0,67.0,19.0,50.0,60.0,71.0
2025,Paysandu,20,28,Cai,13.0,-0.6162871790296546,False,André Lima,"RCMF, LCMF",MED,25.0,23,1581,0.4253534217091425,False,6,1,23.0,1583.3200000000002,9902.18,447.72,93.51,5.12,44.79,5.34,13.02,0.97,32.06,26.85,30.14,32.24,81.83,169.96,355.23,22.13,0.95,3.95,23.0,23.0,17.0,20.0,23.0,64.0,41.0,66.0,45.0,24.0,62.0,16.0,33.0,22.0,25.0,20.0,29.0,30.0
2025,Paysandu,20,28,Cai,13.0,-0.6162871790296546,False,Luan Freitas,"RCB, RB",ZD,24.0,17,1552,0.4175512400332632,False,7,2,16.0,1459.36,8769.47,329.45,116.99,6.54,39.72,5.92,12.33,1.48,22.45,28.8,30.16,36.22,96.31,109.3,240.41,6.21,0.29,0.29,50.0,56.0,56.0,61.0,59.0,78.0,74.0,76.0,83.0,51.0,36.0,69.0,46.0,59.0,37.0,39.0,57.0,41.0
2025,Paysandu,20,28,Cai,13.0,-0.6162871790296546,False,Diogo de Oliveira,CF,CA,28.0,17,1391,0.374235679694761,False,8,1,17.0,1392.47,8992.83,512.76,228.04,12.6,67.35,8.21,16.87,2.39,30.06,30.22,31.46,200.88,101.47,370.46,282.64,30.51,10.44,21.02,15.0,37.0,62.0,63.0,51.0,50.0,56.0,69.0,27.0,83.0,67.0,85.0,52.0,72.0,30.0,35.0,70.0,63.0
2025,Paysandu,20,28,Cai,13.0,-0.6162871790296546,False,J. Novillo,LCB,ZE,27.0,16,1361,0.3661644572714376,False,9,1,15.0,1265.1,8668.68,283.13,84.37,3.7,30.09,4.84,10.53,0.71,15.79,28.27,29.6,22.5,70.4,99.56,214.89,5.06,0.25,0.38,41.0,18.0,26.0,12.0,15.0,32.0,59.0,44.0,32.0,37.0,24.0,24.0,22.0,47.0,15.0,15.0,59.0,53.0
2025,Paysandu,20,28,Cai,13.0,-0.6162871790296546,False,Maurício Antônio,"LCB, RCB",ZE,33.0,15,1342,0.3610526830699995,False,10,2,15.0,1353.75,8373.78,284.35,99.92,4.79,32.78,5.12,10.44,0.86,14.76,28.19,29.54,24.82,73.24,81.01,211.77,3.82,0.11,0.0,12.0,24.0,41.0,35.0,32.0,54.0,56.0,57.0,18.0,28.0,21.0,29.0,32.0,18.0,12.0,6.0,16.0,4.0
2025,Paysandu,20,28,Cai,13.0,-0.6162871790296546,False,Rossi,"RW, CF, RWF",ED,32.0,17,1251,0.3365699750525852,False,11,1,16.0,1173.12,8567.55,384.27,219.03,10.51,56.16,8.06,15.27,3.3,23.94,30.46,32.0,174.33,101.94,300.53,187.06,25.65,3.53,7.07,2.0,2.0,44.0,23.0,8.0,45.0,10.0,86.0,2.0,81.0,73.0,62.0,35.0,12.0,2.0,4.0,27.0,12.0
2025,Paysandu,20,28,Cai,13.0,-0.6162871790296546,False,Anderson Leite,"RDMF, RCMF, AMF",VOL,32.0,16,1199,0.3225798561854913,False,12,2,16.0,1200.32,10353.94,552.39,125.07,6.37,53.69,4.35,13.35,0.3,34.87,28.51,31.26,95.09,67.69,302.62,378.02,33.97,4.25,8.78,83.0,93.0,62.0,60.0,76.0,24.0,52.0,17.0,74.0,82.0,88.0,100.0,33.0,95.0,60.0,98.0,100.0,100.0
2025,Paysandu,20,28,Cai,13.0,-0.6162871790296546,False,Denner,"AMF, LCMF, RCMF",MEI,25.0,18,1126,0.3029398816220711,False,13,1,18.0,1128.6,10420.56,492.76,143.15,7.58,53.67,5.34,11.88,0.88,30.7,28.54,30.1,90.9,86.68,273.39,338.32,32.8,3.38,9.28,68.0,32.0,45.0,45.0,36.0,18.0,27.0,36.0,27.0,77.0,55.0,50.0,45.0,23.0,50.0,36.0,36.0,45.0
2025,Paysandu,20,28,Cai,13.0,-0.6162871790296546,False,J. Benítez,"CF, AMF, LWF",CA,32.0,19,994,0.2674265029594482,False,14,2,18.0,925.74,9157.2,461.59,198.23,9.72,58.72,7.39,18.28,1.46,29.85,28.67,30.74,153.58,95.96,324.82,236.49,33.71,7.19,19.89,33.0,22.0,45.0,35.0,27.0,27.0,72.0,42.0,24.0,40.0,53.0,63.0,42.0,50.0,13.0,62.0,27.0,44.0
2025,Paysandu,20,28,Cai,13.0,-0.6162871790296546,False,Matheus Vargas,"LCMF, RCMF",MED,29.0,14,983,0.264467054737563,False,15,2,13.0,915.72,9026.01,332.01,92.59,4.13,36.96,5.5,13.47,0.59,26.34,27.4,29.7,75.64,38.09,215.89,176.68,19.9,1.4,4.66,1.0,1.0,14.0,13.0,6.0,67.0,42.0,45.0,12.0,42.0,51.0,68.0,4.0,35.0,1.0,14.0,48.0,43.0
2025,Paysandu,20,28,Cai,13.0,-0.6162871790296546,False,Ronaldo Henrique,"DMF, LDMF",VOL,31.0,15,981,0.2639289732426747,False,16,3,15.0,982.35,9885.62,358.88,65.14,3.02,32.62,3.76,9.35,0.09,22.36,25.89,28.06,24.67,51.59,91.13,345.93,12.85,0.25,0.88,48.0,12.0,7.0,7.0,5.0,7.0,5.0,10.0,12.0,6.0,19.0,17.0,12.0,5.0,38.0,14.0,19.0,10.0
2025,Paysandu,20,28,Cai,13.0,-0.6162871790296546,False,Thiago Heleno,"LCB, CB",ZE,36.0,11,958,0.2577410360514601,False,17,3,11.0,956.89,8129.49,222.15,55.21,2.73,23.23,5.08,8.37,0.56,13.64,27.39,29.14,25.4,45.36,60.93,189.38,5.36,0.2,0.6,6.0,3.0,6.0,3.0,3.0,44.0,15.0,21.0,3.0,9.0,9.0,35.0,3.0,3.0,3.0,21.0,51.0,65.0
2025,Paysandu,20,28,Cai,13.0,-0.6162871790296546,False,Y. Quintana,"LCB, RCB",ZE,29.0,10,755,0.2031257643203052,False,18,4,10.0,756.1,8677.09,295.66,87.96,4.64,33.56,5.12,10.36,0.36,16.19,28.06,30.3,23.91,62.87,92.42,204.17,4.2,0.16,0.48,44.0,32.0,29.0,29.0,38.0,54.0,51.0,3.0,38.0,21.0,44.0,26.0,15.0,32.0,6.0,9.0,35.0,59.0
2025,Paysandu,20,28,Cai,13.0,-0.6162871790296546,False,Patric,"LB, LCB, LWB",LE,31.0,11,697,0.1875214009685467,False,19,2,11.0,709.83,8707.73,405.07,188.65,8.24,50.08,7.48,16.48,1.52,23.71,30.42,31.5,71.32,108.57,159.9,249.4,8.2,0.18,0.91,4.0,9.0,38.0,21.0,15.0,53.0,43.0,43.0,15.0,94.0,57.0,9.0,47.0,6.0,4.0,2.0,9.0,4.0
2025,Paysandu,20,28,Cai,13.0,-0.6162871790296546,False,Wendel,CF,CA,28.0,12,646,0.1738003228488969,False,20,3,12.0,644.16,9146.83,432.96,161.36,7.96,51.55,7.68,15.65,0.56,27.24,28.95,30.52,132.74,60.14,299.38,213.19,29.56,8.6,19.92,31.0,12.0,31.0,20.0,16.0,37.0,40.0,12.0,10.0,49.0,48.0,53.0,14.0,33.0,6.0,31.0,45.0,47.0
2025,Paysandu,20,28,Cai,13.0,-0.6162871790296546,False,R. Martínez,"DMF, RCMF, RCB",VOL,29.0,13,635,0.1708408746270117,False,21,4,12.0,594.0,9778.54,419.37,69.09,4.85,41.82,5.76,12.88,0.61,30.76,26.35,28.28,29.85,52.79,143.31,330.49,8.99,0.22,0.44,36.0,36.0,14.0,36.0,31.0,76.0,48.0,50.0,50.0,17.0,23.0,26.0,17.0,29.0,29.0,8.0,14.0,2.0
2025,Paysandu,20,28,Cai,13.0,-0.6162871790296546,False,Vinícius Faria,"RAMF, CF, LW",ED,25.0,18,587,0.1579269187496942,False,22,2,17.0,576.4699999999999,9205.09,595.75,230.59,11.24,66.35,7.65,17.02,2.03,33.57,29.12,31.58,213.03,80.0,393.92,335.29,27.43,4.62,8.95,8.0,48.0,54.0,37.0,28.0,31.0,21.0,54.0,25.0,46.0,62.0,77.0,15.0,63.0,44.0,17.0,42.0,19.0
2025,Paysandu,20,28,Cai,13.0,-0.6162871790296546,False,Dudu Vieira,"RCMF, LDMF, RB",MED,31.0,10,516,0.1388250256811622,False,23,3,9.0,461.07,10120.51,429.63,93.11,5.27,43.92,5.86,15.42,0.59,32.01,27.59,28.68,44.07,64.4,181.97,295.87,20.77,0.0,1.02,43.0,19.0,16.0,22.0,19.0,80.0,77.0,45.0,43.0,51.0,25.0,36.0,16.0,25.0,7.0,17.0,3.0,4.0
2025,Paysandu,20,28,Cai,13.0,-0.6162871790296546,False,Petterson,"LW, RW, LWF",EE,21.0,10,431,0.1159565621484126,False,24,2,10.0,430.9,9085.42,500.17,302.19,13.78,67.25,7.73,17.54,2.51,30.7,30.78,31.8,275.26,104.84,409.78,229.76,29.91,2.96,9.48,6.0,14.0,78.0,62.0,30.0,38.0,32.0,78.0,20.0,94.0,80.0,96.0,30.0,66.0,4.0,22.0,8.0,12.0
2025,Paysandu,20,28,Cai,13.0,-0.6162871790296546,False,Ramon,"RCMF, LCMF, RDMF",MED,25.0,7,329,0.0885144059091131,False,25,4,7.0,329.77,10163.34,469.92,144.91,7.1,49.12,4.91,10.37,1.09,38.2,29.47,31.0,66.47,106.87,290.06,286.38,32.8,0.52,5.73,48.0,30.0,68.0,57.0,38.0,46.0,13.0,78.0,71.0,97.0,90.0,61.0,61.0,68.0,4.0,71.0,16.0,57.0
2025,Paysandu,20,28,Cai,13.0,-0.6162871790296546,False,Eliel,"LW, CF",EE,22.0,6,272,0.0731790833047987,False,26,3,5.0,255.15,10229.24,703.04,328.77,16.93,87.13,10.58,22.93,3.17,45.86,29.76,29.76,245.93,145.36,391.12,401.58,31.65,5.67,13.7,80.0,82.0,90.0,90.0,84.0,92.0,88.0,94.0,76.0,66.0,24.0,88.0,72.0,58.0,70.0,34.0,60.0,42.0
2025,Paysandu,20,28,Cai,13.0,-0.6162871790296546,False,Gustavo Nicola,"LCMF, DMF, RCMF",MED,26.0,4,264,0.0710267573252458,False,27,5,3.0,209.97,10080.31,360.49,57.44,3.0,36.43,3.43,10.72,0.43,28.72,26.13,26.13,12.65,58.92,81.47,353.54,26.97,1.59,6.35,,,,,,,,,,,,,,,,,,
2025,Paysandu,20,28,Cai,13.0,-0.6162871790296546,False,Lucca Carvalho,"RCB, RB",ZD,22.0,4,177,0.0476202122976079,False,28,3,4.0,176.92,9299.15,389.71,186.72,9.16,51.38,10.18,18.32,3.05,30.53,30.18,30.18,75.74,136.98,160.4,247.18,19.71,0.64,2.54,,,,,,,,,,,,,,,,,,
2025,Paysandu,20,28,Cai,13.0,-0.6162871790296546,False,P. Delvalle,"LW, LCMF, RAMF",EE,31.0,4,171,0.0460059678129433,False,29,4,4.0,170.56,9502.9,575.2,315.04,14.25,76.52,6.33,19.53,0.53,25.86,31.5,31.5,229.96,135.02,394.9,287.65,23.93,1.37,6.15,,,,,,,,,,,,,,,,,,
2025,Paysandu,20,28,Cai,13.0,-0.6162871790296546,False,Edinho,"RAMF, RDMF, AMF",ED,30.0,4,144,0.0387418676319522,False,30,3,4.0,142.84,9580.75,466.91,250.15,10.08,60.49,6.93,13.23,2.52,32.77,29.23,29.23,105.6,212.93,294.75,292.43,33.79,6.14,10.75,,,,,,,,,,,,,,,,,,
2025,Paysandu,20,28,Cai,13.0,-0.6162871790296546,False,Wendeson,RCB,ZD,26.0,1,99,0.0266350339969671,False,31,4,1.0,98.83,9098.95,477.17,123.84,3.64,40.98,5.46,10.02,0.0,18.21,30.7,30.7,86.54,66.86,145.88,449.33,9.88,0.0,1.24,,,,,,,,,,,,,,,,,,
2025,Paysandu,20,28,Cai,13.0,-0.6162871790296546,False,João Marcos,"RW, RWF, LW",ED,28.0,4,89,0.023944626522526,False,32,4,4.0,87.84,10217.07,826.75,395.45,16.39,94.25,11.27,21.51,3.07,46.1,30.62,30.62,351.02,168.08,665.43,447.71,44.83,8.3,8.3,,,,,,,,,,,,,,,,,,
2025,Paysandu,20,28,Cai,13.0,-0.6162871790296546,False,Kevyn,LCB,ZE,27.0,1,51,0.0137210781196497,False,33,5,1.0,51.17,8571.4,409.84,98.5,3.52,36.94,3.52,12.31,1.76,17.59,26.5,26.5,9.85,152.65,66.96,534.28,7.87,1.97,1.97,,,,,,,,,,,,,,,,,,
2025,Paysandu,20,28,Cai,13.0,-0.6162871790296546,False,J. Espinoza,"LCMF, RCMF",MED,25.0,2,49,0.0131829966247615,False,34,6,1.0,20.22,10025.39,351.69,0.0,0.0,31.16,4.45,4.45,0.0,35.61,24.0,24.0,0.0,0.0,28.35,286.96,14.15,0.0,0.0,,,,,,,,,,,,,,,,,,
2025,Paysandu,20,28,Cai,13.0,-0.6162871790296546,False,Iarley,RCB,ZD,20.0,1,44,0.0118377928875409,False,35,5,1.0,43.98,8033.5,200.53,77.76,8.18,36.83,8.18,14.32,6.14,26.6,28.6,28.6,82.5,31.58,75.0,146.62,3.75,0.0,0.0,,,,,,,,,,,,,,,,,,
2025,Paysandu,20,28,Cai,13.0,-0.6162871790296546,False,M. Cardoso de Souza,RB,LD,19.0,1,34,0.0091473854130998,False,36,2,1.0,33.55,10918.03,584.8,431.89,16.1,88.52,8.05,32.19,0.0,24.14,32.1,32.1,42.0,453.86,231.0,379.76,18.0,3.0,3.0,,,,,,,,,,,,,,,,,,
2025,Paysandu,20,28,Cai,13.0,-0.6162871790296546,False,Kaua,"RCMF, LCMF",MED,18.0,2,13,0.0034975297167734,False,37,7,1.0,6.3,12971.43,1300.0,342.86,14.29,100.0,14.29,28.57,0.0,57.14,29.9,29.9,0.0,,645.0,,41.78,0.0,16.71,,,,,,,,,,,,,,,,,,
2025,Paysandu,20,28,Cai,13.0,-0.6162871790296546,False,S. Monteiro,RW,ED,20.0,1,8,0.0021523259795529,False,38,5,1.0,8.15,10932.52,629.45,364.42,22.09,99.39,22.09,22.09,0.0,22.09,28.0,28.0,209.03,,174.19,,,,,,,,,,,,,,,,,,,,,,
2025,Remo,4,62,Sobe,3.0,0.10143384811159062,False,Pedro Rocha,"LW, LAMF, CF",EE,30.0,32,2972,0.774196604068487,True,1,1,31.0,2874.63,9136.31,429.13,164.15,8.08,49.59,5.98,11.74,1.22,27.43,28.84,30.9,135.36,65.83,295.32,232.28,26.48,6.36,16.34,10.0,2.0,14.0,8.0,2.0,6.0,2.0,22.0,6.0,36.0,52.0,36.0,8.0,10.0,6.0,6.0,72.0,70.0
2025,Remo,4,62,Sobe,3.0,0.10143384811159062,False,Klaus,RCB,ZD,31.0,27,2644,0.6887536410353565,True,2,1,26.0,2549.04,8587.08,259.62,69.88,3.78,28.74,4.13,7.98,0.64,15.18,28.17,30.64,16.17,65.06,71.1,222.95,6.15,0.12,0.12,33.0,11.0,11.0,13.0,7.0,10.0,9.0,34.0,19.0,26.0,52.0,6.0,17.0,9.0,17.0,35.0,32.0,25.0
2025,Remo,4,62,Sobe,3.0,0.10143384811159062,False,Caio Vinícius,"DMF, LDMF, RDMF",VOL,26.0,28,2549,0.6640064413763705,True,3,1,28.0,2549.4,10253.55,451.62,128.61,6.92,48.33,4.62,12.39,1.16,32.8,28.79,31.04,65.33,95.95,202.39,339.01,21.95,3.18,4.68,76.0,45.0,67.0,69.0,60.0,36.0,33.0,90.0,64.0,90.0,86.0,81.0,62.0,74.0,33.0,60.0,96.0,81.0
2025,Remo,4,62,Sobe,3.0,0.10143384811159062,False,Reynaldo,LCB,ZE,28.0,28,2448,0.6376962606862907,True,4,1,27.0,2378.97,8587.29,296.4,93.18,4.8,32.19,5.03,10.82,0.72,16.34,28.27,31.36,31.55,68.95,105.93,222.83,10.27,0.13,0.52,32.0,35.0,32.0,38.0,29.0,38.0,71.0,47.0,41.0,37.0,71.0,62.0,18.0,62.0,21.0,82.0,25.0,62.0
2025,Remo,4,62,Sobe,3.0,0.10143384811159062,False,Sávio,LB,LE,30.0,23,2066,0.5381864683733156,False,5,1,22.0,1960.64,9795.32,647.02,265.08,12.94,73.3,8.68,18.73,1.97,30.71,29.61,30.82,171.65,160.37,343.11,449.9,28.03,2.14,5.21,72.0,94.0,89.0,85.0,94.0,89.0,83.0,72.0,72.0,51.0,44.0,89.0,87.0,85.0,100.0,83.0,79.0,66.0
2025,Remo,4,62,Sobe,3.0,0.10143384811159062,False,Pedro Castro,"LCMF, RDMF",MED,32.0,28,1692,0.4407606507684656,False,6,1,27.0,1594.08,10649.88,544.6,108.51,5.7,50.81,5.02,15.02,0.45,38.28,27.01,29.58,50.83,75.6,228.26,410.68,31.23,1.26,5.15,87.0,52.0,32.0,32.0,42.0,49.0,72.0,25.0,72.0,32.0,47.0,46.0,29.0,45.0,58.0,67.0,38.0,51.0
2025,Remo,4,62,Sobe,3.0,0.10143384811159062,False,Jáderson,"RCMF, LDMF",MED,25.0,26,1679,0.4373741918677623,False,7,2,25.0,1617.7499999999998,10338.12,519.35,174.3,8.4,55.58,5.12,12.41,1.17,31.71,28.25,30.38,90.45,126.36,255.89,369.58,28.32,2.91,7.0,59.0,43.0,81.0,78.0,61.0,55.0,30.0,84.0,42.0,74.0,74.0,80.0,75.0,55.0,39.0,49.0,71.0,65.0
2025,Remo,4,62,Sobe,3.0,0.10143384811159062,False,Janderson,"RW, RWF, RAMF",ED,26.0,27,1383,0.3602671276671323,False,8,1,26.0,1314.56,10128.53,680.37,323.58,15.75,82.71,8.28,18.97,2.53,37.32,30.33,32.64,282.51,122.86,512.93,316.06,42.97,6.06,16.8,67.0,77.0,87.0,85.0,79.0,52.0,50.0,76.0,37.0,79.0,88.0,96.0,62.0,98.0,27.0,92.0,79.0,92.0
2025,Remo,4,62,Sobe,3.0,0.10143384811159062,False,Giovanni Pavani,"RCMF, LCMF, AMF",MED,28.0,24,1329,0.3462002983872877,False,9,3,23.0,1294.21,9618.7,425.22,94.57,3.41,35.53,3.41,9.6,0.14,23.36,26.08,28.2,32.89,47.13,165.26,308.22,16.87,0.76,2.41,10.0,17.0,20.0,4.0,3.0,3.0,5.0,7.0,6.0,9.0,16.0,17.0,7.0,19.0,12.0,7.0,20.0,17.0
2025,Remo,4,62,Sobe,3.0,0.10143384811159062,False,Kayky Almeida,LCB,ZE,20.0,15,1286,0.3349989343311151,False,10,2,15.0,1285.95,8905.03,333.9,133.81,5.95,37.44,5.25,8.75,0.77,14.14,30.33,32.64,42.92,111.19,124.52,263.53,7.03,0.62,1.14,79.0,65.0,88.0,68.0,62.0,65.0,18.0,53.0,6.0,96.0,97.0,100.0,76.0,82.0,56.0,47.0,93.0,91.0
2025,Remo,4,62,Sobe,3.0,0.10143384811159062,False,Alan Rodríguez,LB,LE,25.0,14,1168,0.3042603073862694,False,11,2,13.0,1117.09,9877.43,537.54,125.93,8.14,55.99,7.01,18.45,1.53,31.42,27.62,28.88,91.6,63.99,305.75,317.55,24.91,1.23,3.93,83.0,60.0,4.0,19.0,38.0,38.0,74.0,46.0,79.0,9.0,6.0,26.0,4.0,68.0,38.0,57.0,48.0,43.0
2025,Remo,4,62,Sobe,3.0,0.10143384811159062,False,Camutanga,RCB,ZD,31.0,14,1086,0.2828995666279868,False,12,2,13.0,1057.94,8442.56,287.73,95.71,4.59,30.54,4.34,7.91,0.85,17.27,28.94,31.02,28.13,80.27,76.8,251.28,3.76,0.0,0.0,26.0,24.0,39.0,28.0,24.0,15.0,7.0,52.0,39.0,56.0,58.0,43.0,31.0,17.0,46.0,9.0,14.0,9.0
2025,Remo,4,62,Sobe,3.0,0.10143384811159062,False,Luan Gonçalves,"DMF, RCMF, LDMF",VOL,25.0,14,1015,0.2644042910933762,False,13,2,13.0,907.53,10271.53,455.78,146.47,6.25,47.6,4.07,11.11,0.89,29.65,28.93,30.44,72.26,104.08,183.5,356.45,20.75,1.36,3.49,81.0,52.0,81.0,57.0,55.0,14.0,14.0,77.0,45.0,93.0,74.0,88.0,74.0,62.0,52.0,55.0,64.0,67.0
2025,Remo,4,62,Sobe,3.0,0.10143384811159062,False,Diego Hernández,"RAMF, AMF, CF",ED,25.0,14,904,0.23548914201814,False,14,2,14.0,902.58,9237.88,487.8,205.61,10.27,57.34,7.48,17.35,2.49,33.01,29.53,31.22,158.3,116.38,300.1,332.93,26.96,2.42,7.44,10.0,8.0,33.0,21.0,10.0,27.0,29.0,73.0,17.0,63.0,46.0,50.0,54.0,10.0,42.0,13.0,8.0,13.0
2025,Remo,4,62,Sobe,3.0,0.10143384811159062,False,Matheus Davó,CF,CA,26.0,12,857,0.2232457906079049,False,15,1,12.0,855.1200000000001,9226.88,522.97,278.17,14.63,73.36,8.84,14.84,2.63,33.99,31.32,32.76,229.04,115.88,317.47,298.42,34.54,11.12,23.56,40.0,42.0,84.0,81.0,69.0,69.0,24.0,74.0,47.0,94.0,92.0,90.0,62.0,47.0,38.0,66.0,81.0,84.0
2025,Remo,4,62,Sobe,3.0,0.10143384811159062,False,Adailton,"CF, RAMF, LWF",CA,34.0,16,856,0.2229852937693892,False,16,2,15.0,799.8,8878.42,489.43,309.37,12.49,65.95,7.65,15.64,1.58,29.6,31.87,34.12,264.42,126.74,352.98,241.23,32.05,7.85,17.41,9.0,31.0,88.0,60.0,44.0,36.0,38.0,45.0,22.0,100.0,99.0,97.0,64.0,67.0,15.0,52.0,36.0,29.0
2025,Remo,4,62,Sobe,3.0,0.10143384811159062,False,Felipe Vizeu,CF,CA,28.0,13,754,0.1964146162407938,False,17,3,12.0,712.92,9800.14,599.54,137.73,8.46,62.36,6.94,15.02,0.88,35.85,27.49,28.56,91.46,73.88,399.7,309.78,39.59,12.8,26.59,70.0,67.0,17.0,24.0,37.0,21.0,27.0,20.0,56.0,17.0,9.0,20.0,26.0,80.0,43.0,85.0,95.0,95.0
2025,Remo,4,62,Sobe,3.0,0.10143384811159062,False,Nathan Camargo,"RDMF, DMF, LCMF",VOL,20.0,13,689,0.1794823217372771,False,18,3,13.0,699.27,9651.02,512.2,163.18,6.43,51.22,5.02,13.64,1.03,33.59,28.45,29.76,46.97,99.81,146.29,408.93,17.66,1.83,2.64,24.0,74.0,90.0,62.0,69.0,57.0,64.0,86.0,71.0,79.0,57.0,57.0,64.0,31.0,67.0,31.0,74.0,55.0
2025,Remo,4,62,Sobe,3.0,0.10143384811159062,False,Pedro Costa,RB,LD,32.0,13,681,0.1773983470291519,False,19,1,12.0,654.24,9023.2,451.77,254.22,12.52,62.87,8.67,15.27,2.61,22.84,30.92,33.14,137.85,167.08,242.63,304.6,17.11,0.83,2.76,7.0,11.0,80.0,80.0,44.0,79.0,27.0,84.0,7.0,93.0,96.0,51.0,96.0,20.0,16.0,11.0,16.0,31.0
2025,Remo,4,62,Sobe,3.0,0.10143384811159062,False,Jorge,LB,LE,29.0,9,599,0.1560376062708693,False,20,3,9.0,596.97,8990.8,392.26,126.48,5.73,40.7,5.43,11.16,0.75,20.05,27.58,30.24,61.5,99.68,187.25,292.5,14.28,1.05,2.09,15.0,6.0,9.0,4.0,4.0,5.0,4.0,15.0,4.0,6.0,20.0,6.0,36.0,9.0,17.0,11.0,37.0,15.0
2025,Remo,4,62,Sobe,3.0,0.10143384811159062,False,Régis,"CF, AMF",CA,32.0,17,561,0.1461387264072749,False,21,4,17.0,561.17,9065.1,366.9,117.86,4.33,37.68,4.97,9.62,0.8,22.61,27.32,29.46,101.37,49.6,305.97,150.43,36.34,3.75,13.84,24.0,3.0,10.0,3.0,3.0,2.0,1.0,17.0,5.0,15.0,23.0,28.0,7.0,36.0,1.0,77.0,6.0,14.0
2025,Remo,4,62,Sobe,3.0,0.10143384811159062,False,Kadu Santos,"RB, RWB, RCB",LD,19.0,7,265,0.069031662206645,False,22,2,7.0,264.32,9690.04,534.21,186.58,8.85,55.16,8.85,20.09,1.7,25.88,28.41,28.9,145.49,100.57,371.92,291.41,30.61,2.31,6.93,58.0,36.0,31.0,22.0,22.0,84.0,90.0,50.0,33.0,23.0,12.0,62.0,31.0,89.0,7.0,89.0,84.0,91.0
2025,Remo,4,62,Sobe,3.0,0.10143384811159062,False,Eduardo Melo,"CF, RAMF",CA,24.0,6,226,0.058872285504535,False,23,5,5.0,205.6,9099.23,440.41,196.12,10.94,60.85,7.88,17.95,0.88,30.64,31.34,31.34,83.82,177.3,314.98,252.74,32.0,10.67,20.36,29.0,15.0,44.0,45.0,34.0,40.0,69.0,20.0,29.0,95.0,66.0,16.0,91.0,44.0,17.0,51.0,73.0,57.0
2025,Remo,4,62,Sobe,3.0,0.10143384811159062,False,Maxwell,"LWF, RW, RCMF",EE,30.0,5,154,0.0401165131314088,False,24,2,5.0,154.25,9534.59,606.74,153.44,9.33,67.09,8.75,17.5,2.92,45.51,27.52,27.52,65.64,186.52,362.21,487.83,34.76,3.95,7.9,30.0,46.0,10.0,18.0,28.0,60.0,30.0,90.0,72.0,8.0,4.0,2.0,94.0,46.0,90.0,54.0,24.0,6.0
2025,Remo,4,62,Sobe,3.0,0.10143384811159062,False,Freitas,"RB, LDMF",LD,22.0,4,153,0.0398560162928931,False,25,3,4.0,153.04,9095.08,492.25,209.37,9.41,59.99,7.06,14.7,1.76,29.41,29.3,29.3,78.06,257.47,199.18,489.43,19.49,3.36,6.72,,,,,,,,,,,,,,,,,,
2025,Remo,4,62,Sobe,3.0,0.10143384811159062,False,Ytalo,CF,CA,37.0,4,112,0.0291756459137518,False,26,6,4.0,111.84,8497.9,465.09,119.89,8.05,53.11,5.63,17.7,0.8,30.58,27.57,27.57,58.75,74.93,200.32,483.63,28.82,15.52,26.61,,,,,,,,,,,,,,,,,,
2025,Remo,4,62,Sobe,3.0,0.10143384811159062,False,Madison,"LDMF, RCMF",VOL,27.0,2,43,0.0112013640561725,False,27,4,2.0,42.54,9877.43,236.99,57.13,2.12,27.51,6.35,16.93,0.0,44.44,26.85,26.85,18.46,32.94,101.54,141.63,6.38,0.0,0.0,,,,,,,,,,,,,,,,,,
2025,Remo,4,62,Sobe,3.0,0.10143384811159062,False,Rafael Castro,"DMF, CB",VOL,29.0,2,42,0.0109408672176569,False,28,5,2.0,42.54,7828.2,262.28,46.53,2.12,40.19,8.46,21.15,2.12,35.96,25.9,25.9,24.74,37.11,210.31,167.01,18.02,0.0,0.0,,,,,,,,,,,,,,,,,,
2025,Remo,4,62,Sobe,3.0,0.10143384811159062,False,PH Gama,"LAMF, RW",EE,26.0,2,28,0.0072939114784379,False,29,3,2.0,27.82,11045.9,624.45,330.02,16.18,97.06,9.71,29.12,6.47,64.71,29.95,29.95,96.37,271.6,233.16,495.27,34.09,0.0,3.1,,,,,,,,,,,,,,,,,,
2025,Remo,4,62,Sobe,3.0,0.10143384811159062,False,Gabryel Martins,RAMF,ED,23.0,1,21,0.0054704336088284,False,30,3,1.0,20.85,10640.29,958.27,185.61,4.32,73.38,8.63,30.22,0.0,47.48,27.6,27.6,24.46,4.64,513.59,454.64,,,,,,,,,,,,,,,,,,,,,
2025,Vila Nova,13,47,Meio,16.0,-0.05517595873139092,False,João Vieira,"RDMF, RCMF, LDMF",VOL,27.0,36,3244,0.8508953907051052,True,1,1,36.0,3210.84,9955.62,598.32,157.37,8.55,60.18,5.33,13.57,0.87,37.0,28.17,30.42,94.43,103.77,332.82,430.18,31.57,3.18,6.91,60.0,100.0,86.0,92.0,98.0,71.0,60.0,71.0,88.0,69.0,71.0,98.0,71.0,100.0,79.0,95.0,96.0,93.0
2025,Vila Nova,13,47,Meio,16.0,-0.05517595873139092,False,Tiago Pagnussat,"RCB, LCB",ZD,35.0,33,3022,0.7926651882585783,True,2,1,33.0,3027.09,8692.26,280.91,70.08,4.04,29.88,4.67,8.77,0.27,20.07,27.5,30.28,20.08,63.44,97.02,239.31,6.88,0.23,0.42,43.0,22.0,13.0,19.0,15.0,26.0,20.0,4.0,69.0,15.0,43.0,19.0,13.0,37.0,35.0,50.0,48.0,56.0
2025,Vila Nova,13,47,Meio,16.0,-0.05517595873139092,False,Willian Formiga,LB,LE,30.0,29,2750,0.7213200753511219,True,3,1,29.0,2746.01,8961.07,411.5,140.76,7.8,48.86,7.11,15.04,1.54,26.05,29.68,31.7,84.23,93.63,221.21,289.88,17.63,1.4,3.4,13.0,11.0,15.0,15.0,11.0,43.0,30.0,51.0,43.0,60.0,64.0,21.0,23.0,19.0,15.0,17.0,56.0,31.0
2025,Vila Nova,13,47,Meio,16.0,-0.05517595873139092,False,Gabriel Poveda,CF,CA,27.0,32,2049,0.5374490306888905,False,4,1,32.0,2054.08,9035.52,446.72,156.82,8.59,54.2,6.92,13.54,0.96,29.4,28.48,31.72,134.63,76.15,289.01,279.88,30.68,9.51,20.02,21.0,17.0,29.0,26.0,20.0,20.0,16.0,27.0,20.0,35.0,77.0,56.0,28.0,26.0,28.0,37.0,55.0,50.0
2025,Vila Nova,13,47,Meio,16.0,-0.05517595873139092,False,Igor Henrique,"AMF, LCMF, RDMF",MEI,33.0,26,1856,0.4868254763097026,False,5,1,26.0,1859.0,9807.61,469.55,143.25,7.21,49.23,6.15,13.26,1.16,30.16,27.88,30.88,83.45,97.97,264.8,330.69,24.04,2.94,6.78,23.0,23.0,50.0,32.0,23.0,66.0,36.0,73.0,23.0,48.0,64.0,36.0,50.0,18.0,36.0,9.0,18.0,14.0
2025,Vila Nova,13,47,Meio,16.0,-0.05517595873139092,False,Júnior Todinho,"RAMF, CF, RW",ED,31.0,25,1580,0.4144311705653719,False,6,1,25.0,1583.25,9553.02,584.81,205.32,11.82,70.77,9.49,20.24,1.82,38.09,28.96,31.38,139.08,118.41,386.45,352.3,32.78,6.11,13.83,27.0,40.0,31.0,52.0,52.0,84.0,65.0,35.0,42.0,35.0,56.0,33.0,58.0,60.0,56.0,37.0,81.0,77.0
2025,Vila Nova,13,47,Meio,16.0,-0.05517595873139092,False,Guilherme Parede,"LAMF, LW, LWF",EE,29.0,21,1511,0.3963325941292892,False,7,1,21.0,1515.15,9449.91,582.08,207.37,10.22,62.91,7.25,18.06,2.26,32.49,28.6,30.54,208.22,77.81,454.98,322.31,34.97,5.06,15.69,20.0,40.0,32.0,22.0,20.0,26.0,44.0,67.0,22.0,28.0,45.0,76.0,12.0,86.0,34.0,58.0,46.0,62.0
2025,Vila Nova,13,47,Meio,16.0,-0.05517595873139092,False,André Luis,"CF, RW, LAMF",CA,28.0,23,1267,0.3323318310799532,False,8,2,23.0,1260.17,9080.57,507.46,220.13,12.36,66.92,10.0,20.21,2.21,27.43,29.96,32.38,215.07,90.89,390.24,281.3,32.08,5.61,17.93,28.0,36.0,57.0,58.0,49.0,86.0,90.0,64.0,12.0,75.0,86.0,87.0,36.0,77.0,29.0,53.0,14.0,35.0
2025,Vila Nova,13,47,Meio,16.0,-0.05517595873139092,False,Jean Mota,"LCMF, LDMF",MED,31.0,22,1211,0.3176431313637122,False,9,1,22.0,1214.1799999999998,9381.23,458.77,103.41,5.93,47.37,6.89,15.86,0.82,31.13,27.3,29.22,70.49,69.73,259.3,339.73,29.65,1.38,5.13,4.0,26.0,25.0,33.0,32.0,91.0,83.0,58.0,38.0,36.0,39.0,64.0,20.0,58.0,19.0,54.0,46.0,49.0
2025,Vila Nova,13,47,Meio,16.0,-0.05517595873139092,False,Bernardo Schappo,LCB,ZE,26.0,12,1210,0.3173808331544936,False,10,1,12.0,1212.24,8486.99,295.34,77.88,4.23,30.37,5.12,9.21,0.59,18.12,28.67,30.22,21.18,70.4,98.05,265.41,6.94,0.22,0.45,21.0,29.0,18.0,18.0,18.0,54.0,35.0,24.0,68.0,44.0,35.0,18.0,22.0,41.0,59.0,44.0,56.0,56.0
2025,Vila Nova,13,47,Meio,16.0,-0.05517595873139092,False,Walisson Maia,"LCB, RCB",ZE,34.0,16,1179,0.3092495886687174,False,11,2,16.0,1182.08,8617.69,343.1,112.01,5.94,38.45,5.63,13.25,0.69,19.19,28.5,29.9,36.79,83.08,123.7,255.94,7.13,0.0,0.26,35.0,71.0,65.0,65.0,65.0,85.0,97.0,38.0,74.0,41.0,26.0,76.0,38.0,79.0,41.0,50.0,7.0,29.0
2025,Vila Nova,13,47,Meio,16.0,-0.05517595873139092,False,Vinícius Paiva,"RAMF, LW, LAMF",ED,24.0,24,1044,0.2738393304242077,False,12,2,24.0,1043.28,9911.44,638.58,352.02,16.65,85.91,9.49,20.01,3.71,41.92,31.42,34.02,242.89,201.3,390.82,395.82,37.27,2.95,10.12,50.0,60.0,90.0,90.0,83.0,84.0,60.0,90.0,63.0,96.0,96.0,87.0,94.0,62.0,71.0,67.0,17.0,27.0
2025,Vila Nova,13,47,Meio,16.0,-0.05517595873139092,False,Bruno Xavier,"RW, LAMF, LWF",ED,28.0,17,890,0.2334454062045449,False,13,3,17.0,901.17,10213.67,768.59,251.07,12.08,76.5,7.19,18.68,1.9,47.04,28.41,30.56,163.28,122.66,492.46,434.99,43.21,5.24,17.31,77.0,94.0,60.0,60.0,67.0,19.0,46.0,42.0,87.0,12.0,27.0,54.0,60.0,92.0,79.0,94.0,67.0,95.0
2025,Vila Nova,13,47,Meio,16.0,-0.05517595873139092,False,Higor,"LB, LWB",LE,20.0,16,884,0.2318716169492333,False,14,2,16.0,892.32,9383.21,600.08,269.08,13.11,69.79,7.56,19.26,2.02,29.55,30.19,32.08,128.04,164.16,242.6,443.8,20.15,1.27,6.51,45.0,81.0,91.0,89.0,87.0,59.0,87.0,74.0,64.0,83.0,79.0,60.0,91.0,30.0,98.0,23.0,51.0,81.0
2025,Vila Nova,13,47,Meio,16.0,-0.05517595873139092,False,Ralf,"LDMF, DMF, LCMF",VOL,41.0,16,836,0.219281302906741,False,15,2,15.0,835.2,9276.8,391.39,88.47,4.2,38.04,5.93,12.5,0.86,24.68,26.83,28.92,37.06,61.43,102.0,343.09,7.69,0.21,1.25,5.0,24.0,31.0,29.0,21.0,86.0,38.0,69.0,17.0,36.0,36.0,40.0,21.0,17.0,36.0,5.0,11.0,21.0
2025,Vila Nova,13,47,Meio,16.0,-0.05517595873139092,False,Ruan Ribeiro,"CF, RAMF, RW",CA,22.0,18,733,0.1922645873572263,False,16,3,18.0,774.9,9104.56,608.43,281.86,13.59,76.3,8.71,20.21,1.97,39.49,29.48,31.32,181.36,163.81,428.72,351.22,40.08,6.84,20.28,30.0,71.0,85.0,74.0,76.0,65.0,90.0,58.0,76.0,64.0,64.0,77.0,84.0,93.0,60.0,86.0,23.0,55.0
2025,Vila Nova,13,47,Meio,16.0,-0.05517595873139092,False,Arilson,"RCMF, RDMF, LDMF",MED,31.0,13,721,0.1891170088466032,False,17,2,13.0,721.63,9151.86,400.97,114.24,5.36,44.03,5.61,13.97,0.37,23.45,28.05,29.96,36.84,105.14,139.21,358.23,13.09,0.38,1.33,3.0,7.0,39.0,25.0,22.0,70.0,54.0,15.0,7.0,65.0,57.0,28.0,58.0,7.0,29.0,3.0,7.0,7.0
2025,Vila Nova,13,47,Meio,16.0,-0.05517595873139092,False,Gustavo Pajé,"RAMF, RW, AMF",ED,20.0,17,553,0.1450509096978801,False,18,4,17.0,550.9699999999999,10217.53,514.85,192.09,9.96,63.05,7.02,15.19,1.96,37.89,28.74,31.0,102.51,109.39,295.59,319.47,33.18,3.0,11.75,79.0,15.0,19.0,13.0,19.0,17.0,8.0,48.0,38.0,25.0,42.0,10.0,46.0,8.0,29.0,42.0,21.0,52.0
2025,Vila Nova,13,47,Meio,16.0,-0.05517595873139092,False,Bruno Mendes,"CF, LAMF",CA,31.0,11,513,0.1345589813291365,False,19,4,11.0,511.39,9516.04,550.47,113.16,6.69,55.61,7.04,15.13,1.41,28.51,26.72,28.48,93.29,49.46,391.94,309.33,33.42,10.44,23.87,56.0,49.0,9.0,12.0,22.0,23.0,29.0,41.0,16.0,8.0,8.0,21.0,6.0,78.0,42.0,58.0,70.0,85.0
2025,Vila Nova,13,47,Meio,16.0,-0.05517595873139092,False,Diego Miticov,"RDMF, RCMF, LCMF",VOL,23.0,10,508,0.1332474902830436,False,20,3,10.0,508.4,9737.17,420.25,114.36,5.13,43.9,6.9,12.57,1.06,40.01,28.12,29.92,72.57,76.74,211.31,319.97,22.77,0.56,3.05,31.0,38.0,52.0,38.0,40.0,95.0,40.0,88.0,100.0,67.0,61.0,90.0,38.0,83.0,24.0,64.0,30.0,62.0
2025,Vila Nova,13,47,Meio,16.0,-0.05517595873139092,False,Thalys,"LB, RB",LE,25.0,5,318,0.0834108305315115,False,21,3,5.0,318.6,9819.77,559.04,283.9,12.99,68.93,7.34,14.69,1.69,33.05,30.34,30.34,148.52,190.99,331.38,337.34,31.94,0.77,3.85,74.0,68.0,96.0,87.0,83.0,49.0,21.0,67.0,89.0,89.0,27.0,81.0,100.0,81.0,43.0,96.0,28.0,38.0
2025,Vila Nova,13,47,Meio,16.0,-0.05517595873139092,False,Igor Inocêncio,"RB, AMF",LD,27.0,6,234,0.06137778095715,False,22,1,6.0,233.52,10470.5,665.56,236.24,9.63,67.06,6.17,14.64,0.39,36.61,28.98,29.3,169.77,115.24,451.47,370.87,36.92,1.61,6.96,98.0,96.0,67.0,27.0,73.0,9.0,22.0,4.0,96.0,40.0,20.0,84.0,42.0,100.0,67.0,100.0,59.0,93.0
2025,Vila Nova,13,47,Meio,16.0,-0.05517595873139092,False,Enzo,"RDMF, LDMF, LCMF",VOL,22.0,4,196,0.0514104490068436,False,23,4,4.0,195.08,10358.96,498.71,149.01,5.54,48.44,4.61,18.45,0.0,31.37,27.25,27.25,32.27,125.85,107.58,463.52,23.19,1.13,3.96,,,,,,,,,,,,,,,,,,
2025,Vila Nova,13,47,Meio,16.0,-0.05517595873139092,False,Nathan Melo,"LDMF, RDMF",VOL,24.0,6,185,0.0485251687054391,False,24,5,6.0,185.58,10137.49,548.54,134.83,7.28,55.78,7.28,16.01,0.49,31.04,26.5,27.0,41.25,107.08,239.69,413.67,16.82,1.87,1.87,69.0,90.0,74.0,76.0,88.0,100.0,88.0,42.0,60.0,29.0,10.0,45.0,76.0,90.0,71.0,26.0,76.0,45.0
2025,Vila Nova,13,47,Meio,16.0,-0.05517595873139092,False,Emerson Urso,"LAMF, LWF, RAMF",EE,24.0,4,171,0.0448529937763788,False,25,2,4.0,170.68,9804.47,588.46,218.3,9.49,64.33,12.13,24.26,2.11,34.8,29.25,29.25,126.7,117.88,336.41,313.41,33.67,3.74,14.96,,,,,,,,,,,,,,,,,,
2025,Vila Nova,13,47,Meio,16.0,-0.05517595873139092,False,Lucas Soares,RB,LD,19.0,1,24,0.0062951570212461,False,26,2,1.0,24.15,9294.41,704.35,305.59,14.91,104.35,11.18,29.81,0.0,48.45,29.7,29.7,149.34,267.47,707.42,477.11,31.33,7.83,7.83,,,,,,,,,,,,,,,,,,
2025,Vila Nova,13,47,Meio,16.0,-0.05517595873139092,False,Caixeta,LAMF,EE,18.0,1,22,0.0057705606028089,False,27,3,1.0,21.97,10095.3,864.49,381.03,28.68,131.11,16.39,40.97,8.19,86.04,28.0,28.0,,221.95,,397.89,32.26,0.0,16.13,,,,,,,,,,,,,,,,,,
2025,Vila Nova,13,47,Meio,16.0,-0.05517595873139092,False,R. Ykaro Santos Silva,RDMF,VOL,16.0,1,15,0.0039344731382788,False,28,6,1.0,14.65,10185.67,423.89,0.0,6.14,49.15,6.14,6.14,0.0,24.57,24.6,24.6,,0.0,,126.32,38.22,0.0,0.0,,,,,,,,,,,,,,,,,,
2025,Volta Redonda,19,36,Cai,20.0,-0.14732887629476143,False,Sánchez,"LB, LWB",LE,29.0,31,2714,0.7135788894997251,True,1,1,30.0,2631.6,9869.1,514.87,162.66,8.11,53.59,7.39,14.4,1.23,26.37,28.86,30.6,96.34,92.91,281.32,329.65,23.72,2.46,5.94,81.0,47.0,30.0,17.0,23.0,51.0,17.0,32.0,47.0,34.0,32.0,32.0,21.0,51.0,40.0,53.0,87.0,77.0
2025,Volta Redonda,19,36,Cai,20.0,-0.14732887629476143,False,Raí,"RW, AMF, RCMF",ED,23.0,31,2480,0.6520544016062337,True,2,1,30.0,2443.8,9852.69,421.99,93.1,5.27,44.82,5.75,14.99,0.7,26.77,27.12,29.7,39.95,68.07,227.78,270.4,28.51,2.43,5.36,44.0,4.0,2.0,2.0,2.0,6.0,6.0,4.0,4.0,4.0,10.0,2.0,6.0,2.0,12.0,19.0,11.0,2.0
2025,Volta Redonda,19,36,Cai,20.0,-0.14732887629476143,False,Gabriel Pinheiro,"RCB, CB",ZD,28.0,25,2232,0.5868489614456103,False,3,1,24.0,2149.44,8955.0,324.72,112.6,5.53,35.01,4.31,8.84,0.71,17.5,28.95,31.12,32.01,100.01,97.23,277.27,6.64,0.57,0.98,74.0,52.0,48.0,45.0,37.0,13.0,24.0,41.0,46.0,57.0,68.0,56.0,52.0,39.0,59.0,46.0,87.0,89.0
2025,Volta Redonda,19,36,Cai,20.0,-0.14732887629476143,False,Jhonny,"RB, RWB",LD,23.0,28,2105,0.5534574658794846,False,4,1,27.0,2047.14,10399.17,681.72,255.04,12.44,70.61,6.64,15.61,1.54,30.34,29.72,32.08,135.95,152.55,339.27,441.05,28.46,1.68,2.98,96.0,98.0,82.0,78.0,82.0,20.0,31.0,38.0,64.0,79.0,87.0,49.0,87.0,67.0,98.0,80.0,67.0,42.0
2025,Volta Redonda,19,36,Cai,20.0,-0.14732887629476143,False,André Luiz,"DMF, LDMF",VOL,30.0,29,1910,0.5021870593015751,False,5,1,29.0,1911.9700000000005,9852.52,464.4,140.08,6.07,48.62,5.88,13.32,0.89,29.51,28.02,31.36,29.35,137.22,124.74,414.32,18.06,0.66,1.44,45.0,60.0,76.0,52.0,62.0,82.0,50.0,77.0,43.0,62.0,90.0,24.0,88.0,24.0,74.0,36.0,43.0,24.0
2025,Volta Redonda,19,36,Cai,20.0,-0.14732887629476143,False,Pierre,"RCMF, DMF, RDMF",MED,23.0,19,1809,0.4756316179458374,False,6,1,18.0,1724.04,10712.35,592.3,137.14,7.93,59.04,5.64,16.86,0.42,37.85,27.41,28.78,41.12,125.07,223.94,494.53,31.61,0.39,2.48,90.0,75.0,58.0,70.0,75.0,71.0,93.0,22.0,68.0,43.0,28.0,33.0,74.0,39.0,90.0,68.0,9.0,19.0
2025,Volta Redonda,19,36,Cai,20.0,-0.14732887629476143,False,MV,"LW, CF, LAMF",EE,27.0,22,1757,0.4619595095250615,False,7,1,19.0,1509.93,9899.69,575.53,244.31,13.41,75.7,8.23,22.05,1.79,41.84,29.45,31.1,151.7,121.15,324.63,332.72,35.99,5.31,15.54,62.0,36.0,54.0,56.0,52.0,48.0,82.0,37.0,58.0,56.0,54.0,48.0,48.0,28.0,36.0,66.0,54.0,58.0
2025,Volta Redonda,19,36,Cai,20.0,-0.14732887629476143,False,Gabriel Bahia,"LCB, RCB, CB",ZE,26.0,17,1593,0.4188397829672299,False,8,1,16.0,1508.32,8784.82,293.63,126.56,5.43,33.71,4.53,9.49,0.9,15.81,29.95,31.86,30.63,112.91,91.19,244.98,6.78,0.39,1.0,56.0,26.0,81.0,53.0,41.0,18.0,38.0,65.0,35.0,88.0,82.0,47.0,79.0,29.0,35.0,41.0,68.0,85.0
2025,Volta Redonda,19,36,Cai,20.0,-0.14732887629476143,False,Lucas Adell,LCB,ZE,25.0,17,1458,0.3833448861056003,False,9,2,17.0,1459.11,9105.58,331.62,109.86,5.12,35.16,5.49,10.36,0.86,20.79,28.96,31.24,31.23,97.32,124.99,262.54,10.82,0.0,0.07,97.0,62.0,56.0,47.0,53.0,82.0,51.0,57.0,91.0,62.0,57.0,56.0,53.0,85.0,53.0,85.0,7.0,9.0
2025,Volta Redonda,19,36,Cai,20.0,-0.14732887629476143,False,Bruno Barra,"RDMF, CB, RCB",VOL,39.0,17,1346,0.3538972679685446,False,10,2,17.0,1348.61,9104.98,319.68,98.57,4.34,33.3,4.67,9.34,0.4,18.15,28.27,30.08,32.0,83.33,100.83,256.12,8.99,0.83,1.21,2.0,7.0,38.0,31.0,10.0,43.0,2.0,31.0,2.0,71.0,64.0,33.0,45.0,14.0,7.0,8.0,55.0,17.0
2025,Volta Redonda,19,36,Cai,20.0,-0.14732887629476143,False,Wellington Silva,RB,LD,37.0,20,1282,0.3370700576045127,False,11,2,19.0,1254.95,9942.12,583.59,182.36,8.96,58.23,6.81,16.71,1.08,29.33,27.71,28.62,97.39,118.33,336.18,345.33,29.12,1.52,3.32,80.0,62.0,27.0,24.0,31.0,27.0,42.0,23.0,51.0,9.0,4.0,22.0,47.0,58.0,44.0,87.0,49.0,51.0
2025,Volta Redonda,19,36,Cai,20.0,-0.14732887629476143,False,Igor Morais,"RCB, CB, LCB",ZD,27.0,13,1263,0.3320744795276908,False,12,2,13.0,1264.38,8835.09,312.71,86.56,4.7,35.52,5.48,12.53,0.43,18.86,28.42,30.26,21.12,76.78,95.54,255.25,9.34,0.0,0.09,56.0,41.0,30.0,31.0,39.0,65.0,79.0,19.0,59.0,37.0,41.0,24.0,30.0,33.0,52.0,76.0,14.0,20.0
2025,Volta Redonda,19,36,Cai,20.0,-0.14732887629476143,False,Matheus Lucas,CF,CA,27.0,23,850,0.2234863876472978,False,13,1,24.0,868.8000000000001,10290.97,701.91,121.09,8.39,67.23,8.18,17.4,0.93,44.23,26.44,29.16,74.51,74.24,348.5,503.19,41.07,13.07,27.86,91.0,88.0,13.0,23.0,50.0,49.0,60.0,25.0,91.0,5.0,14.0,9.0,27.0,59.0,93.0,91.0,98.0,98.0
2025,Volta Redonda,19,36,Cai,20.0,-0.14732887629476143,False,Ygor Catatau,"CF, LWF, LAMF",CA,30.0,12,794,0.2087625785787699,False,14,2,12.0,795.0,9485.35,436.78,146.5,7.25,50.95,7.47,16.53,1.81,29.78,29.2,31.16,97.98,67.57,241.31,264.94,26.29,6.02,15.06,53.0,13.0,20.0,16.0,14.0,30.0,53.0,51.0,23.0,56.0,62.0,22.0,19.0,8.0,20.0,17.0,15.0,17.0
2025,Volta Redonda,19,36,Cai,20.0,-0.14732887629476143,False,Thallyson,"RDMF, RCMF, DMF",VOL,29.0,10,705,0.1853622391662882,False,15,3,10.0,705.5,10033.07,530.29,154.48,8.55,57.28,5.61,12.76,0.77,28.83,28.58,29.72,53.52,141.64,167.76,491.84,19.83,0.0,0.6,64.0,86.0,83.0,92.0,95.0,74.0,45.0,64.0,38.0,88.0,55.0,67.0,93.0,48.0,98.0,45.0,2.0,7.0
2025,Volta Redonda,19,36,Cai,20.0,-0.14732887629476143,False,Caio Roque,LB,LE,23.0,9,674,0.1772115591462102,False,16,2,9.0,674.1,9826.57,637.52,202.27,10.41,62.75,6.94,17.62,2.4,27.77,28.2,29.58,138.98,107.16,398.75,338.22,30.13,2.25,9.18,77.0,87.0,62.0,53.0,64.0,32.0,60.0,87.0,55.0,21.0,11.0,68.0,40.0,91.0,47.0,91.0,82.0,94.0
2025,Volta Redonda,19,36,Cai,20.0,-0.14732887629476143,False,Bruno Santos,"CF, LW",CA,28.0,8,590,0.1551258455434185,False,17,3,7.0,502.25,9562.39,677.49,248.7,14.87,80.81,10.93,18.1,3.4,45.15,30.16,31.34,157.28,157.89,331.24,566.8,35.74,10.84,21.68,57.0,83.0,74.0,83.0,85.0,92.0,70.0,93.0,93.0,81.0,66.0,66.0,83.0,52.0,97.0,72.0,77.0,70.0
2025,Volta Redonda,19,36,Cai,20.0,-0.14732887629476143,False,Chay,"LCMF, RCMF, DMF",MED,34.0,12,586,0.1540741448956665,False,18,2,12.0,588.72,10257.25,547.03,134.54,5.96,50.91,4.43,11.47,0.31,30.42,27.47,28.96,82.44,75.43,318.07,332.32,37.1,4.27,12.43,52.0,54.0,55.0,35.0,43.0,28.0,20.0,13.0,33.0,45.0,33.0,75.0,28.0,78.0,17.0,81.0,83.0,87.0
2025,Volta Redonda,19,36,Cai,20.0,-0.14732887629476143,False,Lucas Tocantins,"RW, RAMF",ED,30.0,10,440,0.1156870712527188,False,19,2,10.0,441.2,10094.69,626.38,188.26,10.61,72.61,8.36,22.84,1.84,44.26,29.15,30.36,136.17,72.08,372.41,347.36,37.9,6.87,13.46,63.0,56.0,13.0,27.0,56.0,56.0,88.0,38.0,81.0,48.0,16.0,31.0,8.0,54.0,54.0,69.0,88.0,73.0
2025,Volta Redonda,19,36,Cai,20.0,-0.14732887629476143,False,Marquinhos,"LAMF, LW, LWF",EE,27.0,9,440,0.1156870712527188,False,20,2,10.0,521.7,9747.91,558.39,223.56,11.21,67.79,7.07,18.29,2.07,34.67,30.07,31.72,133.53,122.31,363.53,302.96,39.91,9.0,19.15,44.0,28.0,42.0,32.0,32.0,22.0,46.0,54.0,26.0,82.0,78.0,34.0,50.0,48.0,20.0,86.0,96.0,92.0
2025,Volta Redonda,19,36,Cai,20.0,-0.14732887629476143,False,Mirandinha,LW,EE,25.0,8,407,0.1070105409087649,False,21,3,7.0,372.4,10024.39,616.81,230.34,9.91,68.4,7.01,15.23,1.93,38.91,30.46,31.44,107.98,165.18,296.48,490.87,31.14,7.65,16.36,72.0,54.0,46.0,20.0,34.0,18.0,12.0,44.0,46.0,92.0,62.0,14.0,84.0,12.0,92.0,32.0,82.0,72.0
2025,Volta Redonda,19,36,Cai,20.0,-0.14732887629476143,False,Juninho Monteiro,LB,LE,26.0,9,405,0.1064846905848889,False,22,3,9.0,405.0,10146.86,650.92,162.45,8.89,59.11,8.67,15.78,0.89,34.22,27.11,29.12,93.71,87.47,300.09,410.81,29.1,1.57,4.98,100.0,96.0,28.0,34.0,45.0,87.0,38.0,21.0,94.0,2.0,9.0,28.0,17.0,62.0,91.0,87.0,62.0,62.0
2025,Volta Redonda,19,36,Cai,20.0,-0.14732887629476143,False,Kayke,"CF, RWF",CA,37.0,12,384,0.100963262184191,False,23,4,12.0,385.2000000000001,9196.8,502.55,156.3,8.88,62.85,10.28,18.69,1.64,37.38,28.15,30.58,110.94,59.03,266.53,297.33,34.7,10.92,23.23,37.0,33.0,28.0,29.0,38.0,90.0,80.0,48.0,64.0,31.0,50.0,38.0,12.0,14.0,37.0,67.0,78.0,80.0
2025,Volta Redonda,19,36,Cai,20.0,-0.14732887629476143,False,Daniel Cabral,"LCMF, RCMF",MED,23.0,10,383,0.100700337022253,False,24,3,10.0,382.0,9900.16,519.78,111.92,6.6,54.9,6.13,14.84,0.24,42.88,26.78,28.44,36.72,92.22,202.13,403.96,18.19,1.23,1.85,22.0,45.0,35.0,51.0,55.0,84.0,67.0,12.0,88.0,19.0,20.0,26.0,41.0,30.0,55.0,12.0,36.0,12.0
2025,Volta Redonda,19,36,Cai,20.0,-0.14732887629476143,False,Hyuri,"CF, RB",CA,33.0,7,382,0.100437411860315,False,25,5,6.0,364.62,9763.34,554.37,145.87,8.64,58.74,8.15,16.54,0.99,41.96,28.93,29.38,80.84,92.5,263.17,430.41,31.38,11.04,20.05,65.0,50.0,19.0,27.0,28.0,47.0,55.0,28.0,85.0,46.0,21.0,15.0,38.0,13.0,86.0,44.0,80.0,51.0
2025,Volta Redonda,19,36,Cai,20.0,-0.14732887629476143,False,Ynaiã,"RB, RCB",LD,26.0,6,316,0.0830843511724072,False,26,3,6.0,316.32,10271.61,530.38,155.93,6.54,50.08,5.12,13.94,0.0,26.18,28.63,28.84,81.92,91.49,267.35,381.85,25.18,3.11,4.35,93.0,31.0,20.0,7.0,13.0,2.0,16.0,2.0,40.0,31.0,8.0,16.0,16.0,27.0,71.0,49.0,91.0,71.0
2025,Volta Redonda,19,36,Cai,20.0,-0.14732887629476143,False,Léo Ceará,"RW, LW, CF",ED,26.0,10,285,0.0749336711523292,False,27,3,10.0,286.5,10841.46,787.81,274.54,12.25,81.04,6.91,17.9,0.94,51.2,28.68,30.5,149.33,134.63,370.24,492.84,38.32,2.74,10.17,100.0,98.0,71.0,65.0,73.0,13.0,35.0,10.0,98.0,19.0,21.0,38.0,71.0,48.0,90.0,73.0,15.0,29.0
2025,Volta Redonda,19,36,Cai,20.0,-0.14732887629476143,False,Henrique Silva,"RCMF, LCMF, LW",MED,31.0,7,251,0.0659942156464373,False,28,4,7.0,250.6,11154.16,691.07,177.44,8.98,66.81,5.75,11.85,1.8,41.67,26.99,28.02,48.52,153.87,265.76,522.18,31.08,0.83,4.56,100.0,91.0,84.0,83.0,87.0,75.0,23.0,97.0,86.0,29.0,14.0,43.0,94.0,59.0,94.0,64.0,25.0,41.0
2025,Volta Redonda,19,36,Cai,20.0,-0.14732887629476143,False,Lucas Ramires,RCB,ZD,23.0,3,234,0.0615244878934914,False,29,3,3.0,233.28000000000003,9173.75,268.92,69.45,3.86,30.48,5.4,11.57,0.0,25.08,28.13,28.13,29.89,51.54,110.7,173.13,13.83,0.0,0.0,,,,,,,,,,,,,,,,,,
2025,Volta Redonda,19,36,Cai,20.0,-0.14732887629476143,False,Heliardo,CF,CA,33.0,3,212,0.0557401343308554,False,30,6,3.0,211.59,9168.86,552.93,267.96,14.46,74.01,10.21,18.71,2.98,37.85,29.2,29.2,102.28,223.26,223.16,406.51,25.91,9.78,16.13,,,,,,,,,,,,,,,,,,
2025,Volta Redonda,19,36,Cai,20.0,-0.14732887629476143,False,Luciano Naninho,LCMF,MED,33.0,5,164,0.0431197265578315,False,31,5,4.0,146.68,8821.86,359.55,31.29,2.45,31.91,5.52,9.82,1.23,22.09,25.7,25.7,12.47,38.71,209.87,282.35,28.61,2.2,6.6,,,,,,,,,,,,,,,,,,
2025,Volta Redonda,19,36,Cai,20.0,-0.14732887629476143,False,L. Chávez,"LW, LCMF",EE,22.0,4,142,0.0373353729951956,False,32,4,4.0,141.32,9812.22,503.13,101.9,6.37,54.13,7.64,15.92,1.27,38.85,29.02,29.02,25.26,112.88,258.44,299.33,35.61,5.83,14.24,,,,,,,,,,,,,,,,,,
2025,Volta Redonda,19,36,Cai,20.0,-0.14732887629476143,False,Igor Maduro,"AMF, RCMF, LDMF",MEI,24.0,5,136,0.0357578220235676,False,33,1,5.0,135.15,10428.46,628.56,208.41,11.99,79.24,6.66,15.98,1.33,45.94,28.06,28.06,93.53,187.55,344.97,443.08,41.35,3.83,9.19,73.0,73.0,86.0,95.0,100.0,91.0,73.0,86.0,86.0,55.0,18.0,55.0,100.0,73.0,86.0,77.0,45.0,41.0
2025,Volta Redonda,19,36,Cai,20.0,-0.14732887629476143,False,Adsson,"LCMF, LDMF",MED,25.0,3,83,0.0218227884408537,False,34,6,2.0,77.84,10520.17,448.65,87.88,2.31,42.78,5.78,18.5,2.31,28.91,28.25,28.25,94.0,9.95,248.0,222.67,36.3,1.65,6.6,,,,,,,,,,,,,,,,,,
2025,Volta Redonda,19,36,Cai,20.0,-0.14732887629476143,False,Matheus Costa,"RW, LW",ED,26.0,3,56,0.0147238090685278,False,35,4,2.0,37.46,10737.54,1150.62,554.89,26.42,132.12,12.01,24.02,4.8,48.04,30.95,30.95,297.79,366.06,575.74,674.31,37.09,4.64,18.55,,,,,,,,,,,,,,,,,,
2025,Volta Redonda,19,36,Cai,20.0,-0.14732887629476143,False,C. Dotto Breve,"LCMF, LDMF",MED,20.0,2,52,0.0136721084207758,False,36,7,2.0,51.4,9681.13,590.08,91.05,5.25,45.53,3.5,10.51,0.0,22.76,26.9,26.9,17.01,125.84,313.04,517.02,57.69,0.0,3.39,,,,,,,,,,,,,,,,,,
2025,Volta Redonda,19,36,Cai,20.0,-0.14732887629476143,False,Lyncon,"DMF, LB",VOL,20.0,2,38,0.0099911561536439,False,37,4,1.0,34.58,7770.8,387.76,109.3,2.6,31.23,2.6,7.81,0.0,13.01,33.4,33.4,28.35,144.83,222.05,455.17,12.59,0.0,0.0,,,,,,,,,,,,,,,,,,
2025,Volta Redonda,19,36,Cai,20.0,-0.14732887629476143,False,João Henrique,CF,CA,20.0,1,34,0.0089394555058919,False,38,7,1.0,33.5,10816.12,601.79,72.54,8.06,69.85,8.06,16.12,0.0,26.87,26.6,26.6,58.79,23.65,425.13,289.66,22.62,9.05,22.62,,,,,,,,,,,,,,,,,,
2025,Volta Redonda,19,36,Cai,20.0,-0.14732887629476143,False,L. Belleggia,LCMF,MED,28.0,1,30,0.0078877548581399,False,39,8,1.0,30.28,12184.92,832.14,142.65,8.92,77.27,11.89,32.69,0.0,38.64,26.6,26.6,52.94,85.23,182.35,709.09,49.95,11.75,17.63,,,,,,,,,,,,,,,,,,
2025,Volta Redonda,19,36,Cai,20.0,-0.14732887629476143,False,Du Fernandes,RCMF,MED,24.0,1,21,0.0055214284006979,False,40,9,1.0,20.78,12718.36,887.73,181.88,8.66,69.29,4.33,8.66,0.0,47.63,25.9,25.9,88.84,93.51,305.15,718.83,50.13,19.28,34.7,,,,,,,,,,,,,,,,,,
2025,Volta Redonda,19,36,Cai,20.0,-0.14732887629476143,False,Kauã Ubá,"LAMF, LW, RW",EE,19.0,2,19,0.0049955780768219,False,41,5,1.0,16.82,10709.02,647.57,363.92,16.06,90.98,21.41,42.81,5.35,58.87,28.3,28.3,218.92,267.1,571.62,319.35,31.03,0.0,10.34,,,,,,,,,,,,,,,,,,
2025,Volta Redonda,19,36,Cai,20.0,-0.14732887629476143,False,Kerlinho,"RCMF, RW",MED,19.0,2,17,0.0044697277529459,False,42,10,1.0,14.22,8039.86,759.67,56.98,6.33,56.98,6.33,12.66,0.0,31.65,29.4,29.4,,,,,25.32,12.66,12.66,,,,,,,,,,,,,,,,,,
2026,América-MG,19,17,Cai,18.0,-0.4933836878119947,False,Felipe Amaral,"DMF, RCMF",VOL,23.0,24,1586,0.5914700298345539,False,1,1,23.0,1552.5,10994.25,498.81,104.75,5.16,45.85,3.42,8.87,0.12,27.53,26.57,28.44,33.28,92.26,150.87,453.54,22.75,1.45,2.81,98.0,48.0,39.0,36.0,35.0,4.0,4.0,20.0,33.0,20.0,46.0,35.0,52.0,35.0,74.0,37.0,63.0,48.0
2026,América-MG,19,17,Cai,18.0,-0.4933836878119947,False,Rafael Barcelos,LCB,ZE,22.0,16,1519,0.5664835909953891,False,2,1,16.0,1514.72,8919.41,321.09,91.26,3.86,29.95,4.46,9.21,0.71,15.03,28.79,30.96,32.05,76.34,92.53,280.99,6.95,0.2,0.3,46.0,36.0,31.0,15.0,21.0,31.0,26.0,46.0,26.0,67.0,76.0,49.0,28.0,31.0,54.0,36.0,50.0,36.0
2026,América-MG,19,17,Cai,18.0,-0.4933836878119947,False,Dalbert,LB,LE,32.0,17,1423,0.530682126390019,False,3,1,16.0,1307.36,9601.73,624.61,249.21,13.56,72.77,9.71,23.41,2.2,31.6,30.46,32.36,122.66,158.36,279.53,441.36,16.86,0.67,2.55,48.0,75.0,82.0,95.0,92.0,100.0,100.0,82.0,78.0,95.0,95.0,44.0,85.0,41.0,90.0,13.0,23.0,15.0
2026,América-MG,19,17,Cai,18.0,-0.4933836878119947,False,G. Mastriani,CF,CA,33.0,21,1408,0.5250881475454299,False,4,1,20.0,1328.1999999999998,9233.83,500.4,133.48,7.45,52.44,7.32,17.68,1.29,29.34,28.05,29.72,91.13,64.37,296.94,282.53,27.85,12.03,20.06,25.0,37.0,20.0,22.0,24.0,36.0,66.0,39.0,20.0,25.0,34.0,22.0,17.0,37.0,22.0,19.0,86.0,47.0
2026,América-MG,19,17,Cai,18.0,-0.4933836878119947,False,M. Segovia,"RW, RCMF",ED,23.0,19,1303,0.4859302956333062,False,5,1,15.0,1059.15,10852.85,742.71,258.13,14.27,84.37,6.8,17.5,1.44,51.58,28.58,29.6,133.27,169.24,403.32,455.57,43.04,4.45,10.73,92.0,79.0,62.0,74.0,77.0,23.0,28.0,36.0,95.0,41.0,28.0,28.0,87.0,51.0,82.0,85.0,44.0,36.0
2026,América-MG,19,17,Cai,18.0,-0.4933836878119947,False,Ricardo Silva,RCB,ZD,34.0,13,1252,0.4669107675617033,False,6,1,12.0,1152.6,9184.87,329.97,91.36,4.53,34.59,4.22,9.6,1.17,19.91,28.07,29.98,21.79,78.84,94.51,270.43,10.31,0.09,0.18,82.0,55.0,42.0,34.0,45.0,29.0,42.0,79.0,79.0,32.0,39.0,13.0,47.0,45.0,50.0,84.0,36.0,29.0
2026,América-MG,19,17,Cai,18.0,-0.4933836878119947,False,Willian,"CF, AMF, LW",CA,39.0,22,1234,0.4601979929481963,False,7,2,20.0,1118.1999999999998,9428.85,586.82,184.15,9.98,65.03,7.81,17.38,1.93,41.05,28.06,30.44,116.49,92.53,347.71,329.53,35.63,8.24,18.18,44.0,61.0,41.0,44.0,53.0,49.0,64.0,71.0,75.0,27.0,53.0,39.0,49.0,66.0,53.0,64.0,29.0,37.0
2026,América-MG,19,17,Cai,18.0,-0.4933836878119947,False,Paulo Victor,"CF, RW, RWF",CA,25.0,18,1104,0.4117168429617575,False,8,3,20.0,1114.4,9804.86,554.95,263.1,13.57,73.81,10.26,25.44,2.75,31.82,30.75,33.2,168.47,120.66,318.35,288.32,29.72,8.36,16.2,64.0,54.0,78.0,73.0,73.0,90.0,98.0,86.0,34.0,90.0,100.0,73.0,63.0,49.0,27.0,34.0,33.0,17.0
2026,América-MG,19,17,Cai,18.0,-0.4933836878119947,False,Alex Silva,RB,LD,32.0,14,1084,0.4042582045023054,False,9,1,14.0,1078.28,9558.53,507.34,156.17,8.43,54.51,6.51,15.94,1.5,26.04,28.0,29.56,69.74,104.13,217.25,350.55,20.79,1.81,3.01,42.0,16.0,7.0,9.0,12.0,19.0,36.0,42.0,26.0,14.0,19.0,7.0,16.0,12.0,30.0,21.0,60.0,43.0
2026,América-MG,19,17,Cai,18.0,-0.4933836878119947,False,Yago,"LCMF, RCMF",MED,20.0,18,1010,0.3766612422023325,False,10,1,12.0,653.64,10608.07,588.33,171.42,7.99,56.31,4.68,11.57,1.1,39.52,28.41,29.82,110.43,68.14,326.05,349.89,34.35,1.99,5.68,65.0,67.0,81.0,71.0,52.0,38.0,19.0,83.0,67.0,81.0,71.0,90.0,21.0,83.0,29.0,69.0,54.0,50.0
2026,América-MG,19,17,Cai,18.0,-0.4933836878119947,False,G. Barros,"LW, RW, LWF",EE,24.0,15,991,0.369575535665853,False,11,1,14.0,921.2,10411.35,780.63,304.63,17.2,91.45,8.01,20.42,2.44,49.14,29.71,30.78,183.57,171.77,420.84,461.66,38.36,6.64,15.44,86.0,98.0,88.0,98.0,98.0,60.0,79.0,80.0,90.0,71.0,54.0,76.0,90.0,76.0,88.0,76.0,83.0,71.0
2026,América-MG,19,17,Cai,18.0,-0.4933836878119947,False,Guilherme Parede,"LW, LAMF, RW",EE,30.0,11,870,0.3244507729861676,False,12,2,11.0,856.3499999999999,9827.06,539.39,163.75,8.83,57.6,6.1,17.24,1.16,32.69,28.21,29.26,120.91,62.32,307.13,281.11,26.16,5.42,12.6,36.0,21.0,17.0,14.0,10.0,19.0,30.0,19.0,12.0,24.0,17.0,24.0,5.0,19.0,12.0,10.0,55.0,43.0
2026,América-MG,19,17,Cai,18.0,-0.4933836878119947,False,Jhonny,RB,LD,24.0,11,834,0.3110252237591537,False,13,2,8.0,648.08,10107.15,710.9,269.42,14.17,76.38,5.83,14.03,0.97,26.8,28.3,28.88,177.05,161.8,397.43,497.99,37.06,3.16,4.31,88.0,95.0,81.0,86.0,93.0,7.0,9.0,9.0,33.0,21.0,5.0,84.0,86.0,93.0,95.0,98.0,88.0,65.0
2026,América-MG,19,17,Cai,18.0,-0.4933836878119947,False,Manoel,"LCB, RCB",ZE,36.0,9,833,0.3106522918361811,False,14,2,8.0,730.16,8747.07,287.69,55.1,3.2,27.49,3.7,6.9,0.49,13.56,26.61,27.72,19.7,43.72,91.09,225.02,5.65,0.42,0.42,31.0,23.0,5.0,10.0,13.0,5.0,3.0,32.0,8.0,5.0,5.0,13.0,5.0,26.0,15.0,15.0,69.0,49.0
2026,América-MG,19,17,Cai,18.0,-0.4933836878119947,False,Eduardo Person,"RCMF, LCMF",MED,29.0,11,725,0.2703756441551396,False,15,2,10.0,663.0,9882.53,441.56,119.18,5.43,47.64,5.16,12.62,0.54,23.89,28.51,29.82,67.7,72.25,210.72,347.12,29.24,3.76,9.84,10.0,6.0,33.0,21.0,18.0,52.0,40.0,28.0,2.0,88.0,71.0,54.0,29.0,21.0,21.0,38.0,83.0,83.0
2026,América-MG,19,17,Cai,18.0,-0.4933836878119947,False,Éverton Brito,"RW, LW, LWF",ED,31.0,10,709,0.264408733387578,False,16,2,9.0,648.54,10662.06,842.62,217.73,13.32,85.34,7.22,21.51,1.53,45.79,28.04,28.78,123.12,129.59,447.98,544.73,42.73,7.44,17.17,87.0,95.0,36.0,62.0,82.0,27.0,77.0,41.0,74.0,26.0,18.0,21.0,69.0,72.0,95.0,82.0,90.0,82.0
2026,América-MG,19,17,Cai,18.0,-0.4933836878119947,False,Alê,"DMF, LCMF",VOL,36.0,11,684,0.2550854353132628,False,17,2,10.0,642.5,10720.29,563.69,113.05,6.3,56.17,3.92,17.51,0.28,38.52,27.09,28.4,52.2,88.25,252.81,411.76,40.24,2.25,5.0,83.0,76.0,54.0,59.0,70.0,27.0,96.0,28.0,80.0,48.0,41.0,67.0,46.0,78.0,63.0,100.0,73.0,70.0
2026,América-MG,19,17,Cai,18.0,-0.4933836878119947,False,Léo Alaba,RB,LD,27.0,9,660,0.2461350691619202,False,18,3,9.0,658.53,10007.1,610.33,292.73,15.03,73.8,7.93,16.81,2.87,29.11,30.3,31.32,161.18,162.99,305.39,388.88,25.88,1.56,2.53,74.0,70.0,91.0,93.0,84.0,66.0,58.0,91.0,56.0,88.0,71.0,72.0,88.0,49.0,67.0,42.0,50.0,27.0
2026,América-MG,19,17,Cai,18.0,-0.4933836878119947,False,Thauan,"LW, RW",EE,22.0,10,606,0.2259967453213995,False,19,3,10.0,606.5,9725.19,681.27,274.38,14.39,79.09,9.65,18.4,1.93,52.09,29.51,30.8,131.09,225.06,342.32,548.48,30.55,5.55,11.11,31.0,71.0,79.0,83.0,74.0,93.0,45.0,65.0,95.0,64.0,57.0,33.0,98.0,33.0,100.0,36.0,60.0,33.0
2026,América-MG,19,17,Cai,18.0,-0.4933836878119947,False,F. Elizari,"LCMF, AMF",MED,35.0,12,590,0.2200298345538378,False,20,3,12.0,581.88,10571.69,623.53,138.13,7.89,60.17,5.88,14.85,1.08,37.28,27.37,28.8,98.02,55.53,359.65,338.46,45.51,5.23,15.43,60.0,83.0,54.0,66.0,67.0,71.0,73.0,79.0,56.0,42.0,36.0,81.0,6.0,94.0,19.0,94.0,96.0,98.0
2026,América-MG,19,17,Cai,18.0,-0.4933836878119947,False,T. Ostchega,LB,LE,28.0,7,550,0.2051125576349335,False,21,2,7.0,553.0,9695.91,563.76,178.54,9.28,57.29,7.49,20.67,1.3,30.6,28.64,29.16,96.16,98.86,313.53,300.2,27.22,3.47,7.86,57.0,50.0,15.0,28.0,28.0,50.0,90.0,31.0,72.0,32.0,18.0,21.0,28.0,62.0,21.0,64.0,82.0,79.0
2026,América-MG,19,17,Cai,18.0,-0.4933836878119947,False,L. Sosa,LCB,ZE,32.0,6,526,0.196162191483591,False,22,3,6.0,523.08,9570.44,395.05,80.18,4.65,38.2,4.3,11.01,0.34,20.65,27.57,27.74,23.93,67.67,138.21,291.72,15.69,0.0,0.27,87.0,77.0,21.0,28.0,44.0,28.0,67.0,15.0,67.0,15.0,8.0,26.0,21.0,79.0,62.0,92.0,18.0,33.0
2026,América-MG,19,17,Cai,18.0,-0.4933836878119947,False,Barreto,"RDMF, DMF, LCMF",VOL,30.0,6,500,0.1864659614863032,False,23,3,6.0,495.12,10898.7,599.86,132.33,6.0,55.26,4.0,10.36,0.18,32.9,27.28,27.8,30.06,116.95,202.72,470.79,26.09,0.99,4.94,96.0,83.0,67.0,54.0,67.0,35.0,17.0,23.0,52.0,52.0,22.0,26.0,74.0,61.0,85.0,54.0,53.0,67.0
2026,América-MG,19,17,Cai,18.0,-0.4933836878119947,False,Emerson Santos,"LCB, RCB",ZE,31.0,7,496,0.1849742337944128,False,24,4,6.0,478.68,8591.76,364.94,116.76,6.39,39.67,4.7,10.9,0.19,16.73,28.45,28.8,56.48,86.64,112.74,349.58,10.76,0.47,0.47,23.0,59.0,44.0,59.0,54.0,40.0,62.0,8.0,33.0,45.0,21.0,82.0,44.0,44.0,87.0,74.0,72.0,56.0
2026,América-MG,19,17,Cai,18.0,-0.4933836878119947,False,J. Jiménez,"DMF, LDMF",VOL,33.0,13,491,0.1831095741795497,False,25,4,12.0,421.2000000000001,10692.53,506.14,102.34,5.55,46.15,5.13,15.38,1.07,30.55,26.63,28.26,35.54,86.61,138.38,451.47,26.59,0.32,0.32,78.0,50.0,33.0,48.0,39.0,83.0,80.0,76.0,43.0,23.0,33.0,46.0,41.0,24.0,72.0,57.0,22.0,7.0
2026,América-MG,19,17,Cai,18.0,-0.4933836878119947,False,Paulinho,LB,LE,22.0,7,458,0.1708028207214537,False,26,3,6.0,431.94,9424.89,585.05,271.69,13.54,70.84,8.54,17.08,3.54,30.42,30.85,31.1,157.94,177.64,313.35,411.33,28.75,1.49,4.46,20.0,65.0,95.0,92.0,90.0,76.0,68.0,100.0,68.0,100.0,65.0,85.0,90.0,59.0,77.0,77.0,41.0,36.0
2026,América-MG,19,17,Cai,18.0,-0.4933836878119947,False,Otávio,"LDMF, LCMF, RCMF",VOL,20.0,7,438,0.1633441822620016,False,27,5,6.0,355.44,10265.22,539.09,160.54,7.6,59.0,4.56,16.46,1.01,43.81,27.73,27.98,56.7,121.92,229.07,391.41,25.32,0.41,3.27,61.0,67.0,85.0,67.0,78.0,52.0,89.0,74.0,96.0,65.0,26.0,74.0,78.0,67.0,50.0,50.0,24.0,57.0
2026,América-MG,19,17,Cai,18.0,-0.4933836878119947,False,Val Soares,"RCMF, RDMF, LCMF",MED,29.0,6,358,0.1335096284241931,False,28,4,5.0,333.6,10660.26,619.39,165.91,7.82,60.97,4.32,11.87,0.27,34.26,28.08,28.08,57.23,149.76,251.51,524.78,34.32,1.81,5.12,73.0,81.0,79.0,62.0,71.0,27.0,27.0,16.0,35.0,75.0,17.0,44.0,94.0,38.0,94.0,67.0,48.0,45.0
2026,América-MG,19,17,Cai,18.0,-0.4933836878119947,False,Fábio,RB,LD,25.0,4,252,0.0939788445890968,False,29,4,4.0,252.16,10282.81,665.32,189.89,12.85,69.96,6.42,19.27,2.86,31.05,28.18,28.18,113.01,71.39,304.48,381.92,29.83,0.43,2.98,,,,,,,,,,,,,,,,,,
2026,América-MG,19,17,Cai,18.0,-0.4933836878119947,False,R. Piñeiro,"LAMF, RW, LW",EE,27.0,6,223,0.0831638188228912,False,30,4,6.0,224.58,9802.88,626.81,268.12,14.03,79.35,9.62,17.23,3.21,45.29,29.87,30.4,129.86,188.07,303.86,370.45,34.11,5.48,9.69,33.0,55.0,76.0,74.0,76.0,90.0,26.0,95.0,83.0,81.0,38.0,31.0,95.0,17.0,60.0,57.0,57.0,21.0
2026,América-MG,19,17,Cai,18.0,-0.4933836878119947,False,Filipe Dahora,RB,LD,20.0,3,198,0.073840520748576,False,31,5,2.0,100.34,10015.25,693.27,287.89,14.35,79.82,8.07,19.73,0.9,34.98,30.05,30.05,240.36,109.44,384.57,411.53,33.35,0.0,4.0,,,,,,,,,,,,,,,,,,
2026,América-MG,19,17,Cai,18.0,-0.4933836878119947,False,Jhonatan Lima,"LCMF, CF, RW",MED,21.0,5,168,0.0626525630593978,False,32,5,5.0,167.5,10025.65,521.78,228.92,11.28,65.02,5.91,17.2,1.07,40.3,28.96,28.96,138.46,144.16,289.16,355.93,37.5,3.41,11.93,19.0,29.0,94.0,96.0,83.0,73.0,83.0,77.0,73.0,94.0,42.0,96.0,90.0,60.0,33.0,83.0,79.0,90.0
2026,América-MG,19,17,Cai,18.0,-0.4933836878119947,False,Italo Gabriel,"RW, LWF, LAMF",ED,16.0,7,143,0.0533292649850827,False,33,3,3.0,50.16,11616.28,791.16,279.87,10.76,77.14,8.97,21.53,0.0,50.23,27.03,27.03,119.7,198.53,451.69,388.24,52.31,10.06,22.13,,,,,,,,,,,,,,,,,,
2026,América-MG,19,17,Cai,18.0,-0.4933836878119947,False,Kaique Zizero,"LW, RW",EE,19.0,1,30,0.0111879576891781,False,34,5,1.0,29.47,10665.61,613.91,372.62,24.43,97.74,9.16,30.54,3.05,73.3,29.9,29.9,120.78,285.98,210.39,430.65,27.27,0.0,3.9,,,,,,,,,,,,,,,,,,
2026,América-MG,19,17,Cai,18.0,-0.4933836878119947,False,Gabriel Domingos,"LCMF, RCMF",MED,25.0,2,28,0.0104420938432329,False,35,6,1.0,27.67,9336.14,679.88,39.04,6.51,58.55,6.51,22.77,0.0,22.77,25.3,25.3,34.69,22.04,447.11,624.49,38.51,3.85,7.7,,,,,,,,,,,,,,,,,,
2026,América-MG,19,17,Cai,18.0,-0.4933836878119947,False,Heitor,LDMF,VOL,22.0,1,11,0.0041022511526986,False,36,6,1.0,11.25,10240.0,968.0,168.0,8.0,80.0,8.0,24.0,0.0,56.0,27.1,27.1,,150.0,,833.33,42.86,0.0,21.43,,,,,,,,,,,,,,,,,,
2026,Athletic,12,37,Meio,7.0,0.05154194051061389,False,Lucas Belezi,"LCB, CB",ZE,23.0,24,2297,0.8387385892116183,True,1,1,17.0,1601.23,9162.65,334.89,130.68,6.07,38.73,4.83,10.34,0.79,17.42,29.95,32.44,49.74,93.73,121.68,248.89,13.4,0.74,0.96,67.0,38.0,62.0,51.0,49.0,46.0,49.0,55.0,41.0,79.0,97.0,74.0,56.0,59.0,31.0,87.0,85.0,79.0
2026,Athletic,12,37,Meio,7.0,0.05154194051061389,False,Kauan,"LCMF, AMF, LWF",MED,21.0,25,2275,0.8307053941908714,True,2,1,23.0,2090.01,10622.59,562.34,140.9,7.79,56.58,5.51,13.0,0.73,41.9,28.01,30.26,86.69,79.63,299.1,351.72,31.38,2.07,8.04,69.0,56.0,56.0,58.0,54.0,67.0,44.0,50.0,77.0,67.0,85.0,75.0,44.0,67.0,31.0,52.0,58.0,73.0
2026,Athletic,12,37,Meio,7.0,0.05154194051061389,False,João Miguel,"DMF, LCMF",VOL,22.0,26,2249,0.8212116182572614,True,3,1,25.0,2155.0,10535.25,487.53,147.81,8.19,54.67,4.97,13.45,1.25,36.29,28.61,31.42,34.58,127.22,164.09,377.48,18.34,0.53,0.98,72.0,39.0,72.0,80.0,65.0,76.0,57.0,87.0,74.0,93.0,98.0,41.0,80.0,48.0,43.0,20.0,28.0,16.0
2026,Athletic,12,37,Meio,7.0,0.05154194051061389,False,Jhonatan Silva,"RCB, CB",ZD,27.0,22,2120,0.7741078838174275,True,4,1,19.0,1810.7,9019.04,319.74,102.24,5.37,37.58,4.82,9.94,1.14,17.35,29.39,31.32,28.23,82.48,101.4,247.8,6.21,0.0,0.0,63.0,50.0,55.0,58.0,68.0,58.0,57.0,76.0,42.0,82.0,79.0,50.0,53.0,53.0,37.0,37.0,13.0,8.0
2026,Athletic,12,37,Meio,7.0,0.05154194051061389,False,Zeca,"LB, RCB",LE,32.0,20,1569,0.5729128630705395,False,5,1,19.0,1462.62,9476.35,399.25,113.41,6.09,43.51,5.78,14.65,0.92,27.63,27.67,29.94,63.96,68.66,162.41,281.23,10.94,0.45,1.34,30.0,5.0,2.0,2.0,5.0,5.0,25.0,8.0,35.0,10.0,25.0,5.0,3.0,5.0,8.0,3.0,6.0,5.0
2026,Athletic,12,37,Meio,7.0,0.05154194051061389,False,Ian Luccas,"CF, LCMF",CA,23.0,17,1433,0.523253112033195,False,6,1,16.0,1340.32,10674.97,702.53,264.37,14.44,83.0,6.58,14.77,1.75,46.2,30.0,31.62,177.09,150.6,418.6,426.56,42.21,8.36,17.79,97.0,86.0,80.0,82.0,88.0,20.0,29.0,58.0,95.0,83.0,80.0,76.0,80.0,90.0,80.0,83.0,33.0,31.0
2026,Athletic,12,37,Meio,7.0,0.05154194051061389,False,Jota,"RCMF, DMF",MED,22.0,22,1354,0.4944066390041494,False,7,2,20.0,1221.2,11135.42,575.91,134.36,8.4,61.54,4.05,13.19,1.4,46.58,27.7,29.48,70.78,86.99,281.66,395.3,38.02,1.16,4.29,98.0,62.0,46.0,79.0,75.0,19.0,52.0,92.0,85.0,58.0,55.0,56.0,52.0,52.0,62.0,85.0,25.0,33.0
2026,Athletic,12,37,Meio,7.0,0.05154194051061389,False,D. Vera,"LWF, LW, RW",EE,23.0,21,1011,0.3691618257261411,False,8,1,19.0,913.71,10122.85,648.49,266.04,13.4,76.73,7.19,22.56,1.18,39.3,29.36,31.1,171.67,141.02,379.28,367.79,28.45,6.69,11.21,64.0,60.0,71.0,60.0,64.0,45.0,90.0,24.0,55.0,55.0,67.0,69.0,76.0,52.0,52.0,19.0,86.0,36.0
2026,Athletic,12,37,Meio,7.0,0.05154194051061389,False,G. Cabezas,"RCMF, LCMF",MED,23.0,19,996,0.3636846473029045,False,9,3,18.0,1012.5,10540.25,531.15,146.86,7.73,56.09,5.24,14.93,0.8,39.56,28.07,29.8,37.55,134.5,204.93,407.63,25.92,0.58,3.26,56.0,40.0,62.0,56.0,50.0,60.0,77.0,60.0,69.0,72.0,67.0,12.0,88.0,17.0,69.0,27.0,12.0,19.0
2026,Athletic,12,37,Meio,7.0,0.05154194051061389,False,Redney,"AMF, RAMF, RW",MEI,24.0,16,711,0.2596182572614108,False,10,1,15.0,678.9,10927.79,821.79,288.33,15.91,95.58,9.41,21.87,2.92,57.8,29.35,31.3,176.31,172.48,392.72,589.3,43.06,7.65,16.72,93.0,97.0,93.0,100.0,100.0,97.0,97.0,97.0,100.0,80.0,88.0,77.0,100.0,57.0,100.0,83.0,87.0,87.0
2026,Athletic,12,37,Meio,7.0,0.05154194051061389,False,Douglas Pelé,"RB, RWB",LD,27.0,12,664,0.2424564315352697,False,11,1,11.0,606.1,10313.52,619.09,243.98,12.33,70.39,6.53,16.33,2.67,29.85,28.99,30.5,147.44,126.95,299.3,373.11,27.84,1.18,4.71,98.0,79.0,63.0,64.0,70.0,21.0,42.0,88.0,63.0,36.0,47.0,58.0,47.0,42.0,53.0,63.0,42.0,74.0
2026,Athletic,12,37,Meio,7.0,0.05154194051061389,False,Bruninho,"RWF, RW, RCMF",ED,23.0,16,624,0.227850622406639,False,12,1,14.0,553.6999999999999,10075.16,713.47,346.41,17.07,91.19,8.94,23.25,1.3,46.82,30.06,31.8,202.77,216.86,418.51,441.01,31.86,2.9,13.03,54.0,64.0,90.0,90.0,90.0,72.0,91.0,31.0,79.0,83.0,87.0,67.0,100.0,62.0,72.0,33.0,15.0,59.0
2026,Athletic,12,37,Meio,7.0,0.05154194051061389,False,Jhan Torres,LCB,ZE,25.0,10,531,0.1938921161825726,False,13,2,10.0,531.7,9319.67,397.93,194.65,9.65,52.47,6.77,12.69,0.51,24.37,27.87,30.3,56.94,134.58,135.36,276.12,11.55,0.0,0.0,74.0,79.0,97.0,95.0,97.0,100.0,95.0,36.0,92.0,26.0,54.0,85.0,82.0,72.0,49.0,82.0,18.0,13.0
2026,Athletic,12,37,Meio,7.0,0.05154194051061389,False,Ronaldo Tavares,CF,CA,28.0,6,501,0.1829377593360996,False,14,2,6.0,498.42,8304.96,352.85,214.89,11.02,55.08,7.4,12.64,1.26,25.1,31.65,31.88,204.78,93.24,277.85,181.56,21.62,4.76,13.19,3.0,3.0,59.0,58.0,29.0,37.0,19.0,37.0,8.0,100.0,81.0,90.0,51.0,25.0,2.0,7.0,7.0,3.0
2026,Athletic,12,37,Meio,7.0,0.05154194051061389,False,Yago Santos,"LCMF, RCMF, RDMF",MED,23.0,8,473,0.1727136929460581,False,15,4,7.0,421.82,11547.2,675.08,134.85,7.89,66.78,5.12,14.3,0.64,52.7,27.46,28.58,78.67,66.21,253.19,490.55,48.59,7.92,19.54,100.0,88.0,48.0,66.0,88.0,48.0,62.0,33.0,96.0,46.0,31.0,65.0,17.0,42.0,88.0,96.0,100.0,100.0
2026,Athletic,12,37,Meio,7.0,0.05154194051061389,False,Felipe Vieira,LCB,ZE,21.0,8,405,0.1478838174273859,False,16,3,7.0,321.23,10155.26,428.42,123.29,5.88,45.67,5.32,12.33,0.84,26.9,27.81,28.26,38.77,91.18,153.27,311.2,14.56,0.66,1.99,100.0,90.0,54.0,46.0,72.0,62.0,92.0,59.0,100.0,23.0,15.0,59.0,51.0,90.0,79.0,90.0,79.0,90.0
2026,Athletic,12,37,Meio,7.0,0.05154194051061389,False,W. Aponzá,CF,CA,26.0,7,379,0.1383900414937759,False,17,3,6.0,345.66,10249.09,817.77,270.51,16.14,92.95,7.29,15.1,2.08,45.3,28.97,29.34,181.59,125.98,429.24,493.95,46.08,13.82,32.26,86.0,98.0,85.0,90.0,93.0,34.0,34.0,78.0,93.0,56.0,27.0,81.0,68.0,92.0,93.0,98.0,92.0,98.0
2026,Athletic,12,37,Meio,7.0,0.05154194051061389,False,Felipe Negrucci,"RCMF, DMF",MED,22.0,6,370,0.135103734439834,False,18,5,5.0,272.55,10927.13,520.42,93.78,5.28,51.18,5.94,13.21,0.33,43.92,25.88,25.88,54.72,56.91,163.58,391.82,14.39,0.0,1.2,90.0,27.0,12.0,19.0,29.0,75.0,54.0,21.0,81.0,2.0,2.0,31.0,8.0,6.0,58.0,4.0,4.0,6.0
2026,Athletic,12,37,Meio,7.0,0.05154194051061389,False,Ruan Assis,"LW, LWF",EE,22.0,7,352,0.1285311203319502,False,19,2,7.0,350.91,9031.46,506.76,221.32,11.28,65.65,8.46,20.77,2.31,37.7,29.67,30.62,174.6,118.0,363.68,275.54,24.39,1.59,4.77,10.0,5.0,48.0,43.0,29.0,71.0,81.0,76.0,43.0,69.0,49.0,71.0,55.0,43.0,10.0,7.0,5.0,2.0
2026,Athletic,12,37,Meio,7.0,0.05154194051061389,False,Gabriel Moysés,"CF, RWF",CA,24.0,9,306,0.1117344398340249,False,20,4,8.0,305.76,10763.5,784.42,156.3,7.95,71.23,7.95,17.07,0.59,45.03,27.06,27.78,80.61,101.04,453.38,486.78,44.46,13.76,26.99,100.0,95.0,31.0,29.0,63.0,56.0,56.0,10.0,92.0,8.0,7.0,15.0,54.0,95.0,90.0,93.0,90.0,92.0
2026,Athletic,12,37,Meio,7.0,0.05154194051061389,False,O. Otusanya,CF,CA,22.0,6,244,0.0890954356846473,False,21,5,5.0,240.4,10457.82,829.24,420.05,22.46,110.07,10.48,19.84,1.12,50.17,31.26,31.26,230.1,266.34,392.74,573.54,42.86,6.8,23.0,90.0,100.0,98.0,100.0,100.0,92.0,86.0,32.0,97.0,96.0,72.0,95.0,100.0,83.0,98.0,85.0,17.0,75.0
2026,Athletic,12,37,Meio,7.0,0.05154194051061389,False,Gabriel Queiroz,LCB,ZE,18.0,4,234,0.0854439834024896,False,22,4,1.0,65.6,9684.6,432.16,72.71,5.49,48.02,9.6,12.35,2.74,31.55,27.9,27.9,,,,,,,,,,,,,,,,,,,,,,,,,
2026,Athletic,12,37,Meio,7.0,0.05154194051061389,False,Kauan Lindes,"LW, AMF, RWF",EE,22.0,4,193,0.0704730290456431,False,23,3,3.0,126.54,10809.25,745.42,288.07,14.94,81.09,8.54,24.89,2.13,55.48,30.53,30.53,148.09,138.75,258.72,449.07,24.58,4.92,9.83,,,,,,,,,,,,,,,,,,
2026,Athletic,12,37,Meio,7.0,0.05154194051061389,False,Gustavinho,"AMF, CF, RCMF",MEI,24.0,5,174,0.0635352697095435,False,24,2,5.0,187.8,11320.97,756.3,161.04,9.59,77.64,7.19,19.17,1.92,48.89,26.96,26.96,85.9,110.67,359.62,553.36,58.37,5.0,12.51,100.0,90.0,43.0,57.0,87.0,73.0,83.0,83.0,93.0,17.0,7.0,27.0,87.0,40.0,97.0,100.0,50.0,50.0
2026,Athletic,12,37,Meio,7.0,0.05154194051061389,False,Yarlen,"RW, LW",ED,20.0,3,74,0.0270207468879668,False,25,2,2.0,45.86,9773.39,496.62,217.88,9.81,56.92,9.81,19.63,1.96,51.04,31.3,31.3,8.18,165.48,231.82,226.45,62.18,0.0,15.54,,,,,,,,,,,,,,,,,,
2026,Athletic,12,37,Meio,7.0,0.05154194051061389,False,Alexandre Pena,"RCMF, LCMF",MED,21.0,2,14,0.0051120331950207,False,26,6,2.0,15.04,10410.86,880.04,425.06,17.96,107.76,11.97,17.96,5.99,95.79,26.0,26.0,,,,,52.17,0.0,26.09,,,,,,,,,,,,,,,,,,
2026,Atlético-GO,9,40,Meio,12.0,0.26157128913412575,True,Ewerthon,RB,LD,25.0,22,2014,0.7563157176020756,True,1,1,15.0,1432.35,9123.03,447.46,207.36,9.74,54.54,6.97,14.52,1.38,24.51,30.0,31.28,128.85,110.92,245.33,284.43,21.54,1.52,1.93,14.0,9.0,40.0,23.0,14.0,35.0,12.0,35.0,16.0,81.0,66.0,40.0,30.0,16.0,7.0,23.0,47.0,8.0
2026,Atlético-GO,9,40,Meio,12.0,0.26157128913412575,True,Soares,"LAMF, LW",EE,26.0,25,1935,0.7266489143793528,True,2,1,26.0,1986.4,9223.49,552.45,310.41,15.72,78.75,8.2,22.52,2.49,33.57,31.12,33.22,253.06,113.81,358.05,300.05,29.85,3.0,8.82,14.0,24.0,90.0,88.0,69.0,62.0,88.0,86.0,21.0,98.0,100.0,93.0,52.0,40.0,14.0,31.0,11.0,14.0
2026,Atlético-GO,9,40,Meio,12.0,0.26157128913412575,True,J. Barreto,"RCB, LCB",ZD,28.0,19,1870,0.7022395193226819,True,3,1,20.0,1973.2,9183.28,317.52,78.59,4.11,32.16,4.11,9.08,0.41,18.38,27.93,30.6,27.76,61.85,112.83,241.56,6.69,0.09,0.19,79.0,47.0,18.0,13.0,30.0,16.0,26.0,21.0,55.0,24.0,55.0,42.0,13.0,71.0,34.0,50.0,36.0,32.0
2026,Atlético-GO,9,40,Meio,12.0,0.26157128913412575,True,Gustavo Coutinho,CF,CA,27.0,22,1728,0.6489143793527242,True,4,1,23.0,1743.86,9669.66,607.05,256.69,14.45,76.58,7.43,15.12,1.81,37.72,29.66,31.4,157.43,153.54,331.8,388.87,31.75,9.59,20.42,56.0,73.0,73.0,85.0,80.0,39.0,36.0,63.0,59.0,71.0,76.0,68.0,81.0,61.0,73.0,47.0,63.0,54.0
2026,Atlético-GO,9,40,Meio,12.0,0.26157128913412575,True,Tito,RCB,ZD,26.0,20,1717,0.6447835586508261,True,5,2,20.0,1721.0,9072.58,342.63,124.98,6.12,39.95,5.65,10.35,1.36,22.9,29.08,31.2,44.47,96.0,116.82,274.12,7.32,0.13,0.13,68.0,63.0,76.0,71.0,79.0,92.0,66.0,84.0,89.0,76.0,75.0,87.0,68.0,82.0,55.0,58.0,43.0,21.0
2026,Atlético-GO,9,40,Meio,12.0,0.26157128913412575,True,Adriano Martins,LCB,ZE,29.0,19,1669,0.6267581592243616,True,6,1,20.0,1772.6,9018.23,336.77,121.7,6.35,38.54,4.06,8.02,0.36,16.45,28.55,30.54,54.39,81.89,119.91,261.02,6.8,0.88,1.32,54.0,46.0,51.0,56.0,46.0,18.0,21.0,18.0,28.0,54.0,59.0,79.0,36.0,56.0,41.0,31.0,87.0,85.0
2026,Atlético-GO,9,40,Meio,12.0,0.26157128913412575,True,Leandro Vilela,"LDMF, DMF, RDMF",VOL,31.0,18,1293,0.4855591970503892,False,7,1,18.0,1286.1,10226.93,506.37,104.55,5.11,47.38,3.64,13.58,0.21,27.78,26.76,28.28,48.7,64.7,196.21,399.77,28.84,2.44,6.52,50.0,54.0,37.0,33.0,43.0,15.0,59.0,26.0,35.0,37.0,35.0,61.0,17.0,59.0,54.0,65.0,78.0,80.0
2026,Atlético-GO,9,40,Meio,12.0,0.26157128913412575,True,Bruno José,"RAMF, RW",ED,28.0,21,960,0.3605079885292913,False,8,1,21.0,961.59,9456.13,540.02,263.93,12.92,68.41,7.49,16.19,2.25,34.63,29.62,32.08,234.67,68.11,384.11,250.11,29.95,4.81,9.62,21.0,15.0,67.0,54.0,28.0,38.0,18.0,72.0,21.0,69.0,90.0,85.0,13.0,41.0,8.0,26.0,54.0,23.0
2026,Atlético-GO,9,40,Meio,12.0,0.26157128913412575,True,Guilherme Marques,"AMF, RAMF, CF",MEI,35.0,16,956,0.3590058719104192,False,9,1,17.0,1004.19,10411.83,618.69,187.77,9.32,61.39,4.21,13.89,0.27,32.62,28.03,30.14,150.28,72.21,395.14,340.19,42.55,8.12,14.25,60.0,60.0,57.0,53.0,50.0,23.0,50.0,17.0,33.0,50.0,63.0,63.0,33.0,60.0,47.0,80.0,90.0,70.0
2026,Atlético-GO,9,40,Meio,12.0,0.26157128913412575,True,Yuri,LB,LE,30.0,11,806,0.3026764987027174,False,10,1,12.0,858.48,9577.23,571.81,269.23,12.37,65.53,6.19,13.63,1.99,22.65,30.18,31.14,157.7,213.57,309.17,469.83,26.96,4.96,12.29,42.0,55.0,92.0,80.0,70.0,15.0,8.0,72.0,8.0,90.0,69.0,82.0,100.0,54.0,95.0,59.0,97.0,97.0
2026,Atlético-GO,9,40,Meio,12.0,0.26157128913412575,True,Igor Henrique,"RDMF, RCMF, LDMF",VOL,34.0,13,715,0.2685033456233784,False,11,2,13.0,714.61,9905.86,436.68,98.24,5.16,44.08,4.79,12.6,0.63,27.21,27.52,29.12,59.44,62.16,247.6,290.33,29.73,5.56,10.48,28.0,28.0,28.0,36.0,30.0,65.0,46.0,43.0,28.0,60.0,63.0,76.0,11.0,74.0,7.0,70.0,98.0,96.0
2026,Atlético-GO,9,40,Meio,12.0,0.26157128913412575,True,Matheusinho,"AMF, LWF, RW",MEI,28.0,12,627,0.2354567800081933,False,12,2,12.0,624.48,9841.53,576.52,214.18,11.24,68.89,6.77,15.85,1.3,41.8,29.02,30.78,189.51,96.34,434.01,298.4,37.25,5.48,15.34,30.0,43.0,73.0,80.0,67.0,67.0,73.0,67.0,67.0,77.0,70.0,87.0,57.0,87.0,30.0,47.0,57.0,80.0
2026,Atlético-GO,9,40,Meio,12.0,0.26157128913412575,True,Leo Jacó,CF,CA,21.0,17,564,0.2117984432609586,False,13,2,17.0,567.63,9978.32,682.65,296.3,18.23,88.62,11.41,22.67,1.9,39.32,28.78,30.72,162.72,169.84,354.62,431.67,38.42,11.99,28.28,76.0,85.0,92.0,97.0,92.0,98.0,97.0,69.0,69.0,49.0,66.0,71.0,88.0,69.0,81.0,78.0,83.0,95.0
2026,Atlético-GO,9,40,Meio,12.0,0.26157128913412575,True,Daniel Peixoto,"RDMF, AMF",VOL,29.0,6,503,0.1888911648231599,False,14,3,7.0,572.25,10475.39,576.88,172.53,8.96,59.61,4.25,13.21,0.47,30.2,28.4,29.02,91.59,116.96,291.55,394.46,31.18,4.35,5.08,70.0,78.0,89.0,89.0,80.0,41.0,52.0,41.0,41.0,87.0,59.0,87.0,76.0,89.0,52.0,74.0,91.0,74.0
2026,Atlético-GO,9,40,Meio,12.0,0.26157128913412575,True,Warley,RB,LD,26.0,5,443,0.1663594155400792,False,15,2,6.0,545.34,10047.41,513.61,301.2,14.19,69.65,8.09,16.67,2.31,27.73,30.75,31.08,197.55,140.99,262.05,289.35,29.44,0.83,3.03,81.0,19.0,93.0,88.0,65.0,72.0,53.0,74.0,44.0,95.0,59.0,91.0,67.0,21.0,9.0,72.0,21.0,47.0
2026,Atlético-GO,9,40,Meio,12.0,0.26157128913412575,True,Léo Tocantins,"RAMF, RW, LW",ED,27.0,11,401,0.1505871910419227,False,16,2,11.0,402.6,10631.24,736.5,188.43,10.73,73.54,6.71,20.34,0.67,38.45,27.67,29.54,99.79,117.4,404.94,452.12,34.84,4.36,11.48,85.0,74.0,15.0,28.0,54.0,21.0,56.0,10.0,33.0,10.0,23.0,15.0,62.0,54.0,79.0,51.0,41.0,46.0
2026,Atlético-GO,9,40,Meio,12.0,0.26157128913412575,True,Matheus Índio,RDMF,VOL,26.0,8,387,0.1453297828758705,False,17,4,8.0,388.48,10054.78,482.99,114.67,6.25,51.19,5.56,14.36,0.93,31.5,27.0,28.3,51.42,71.75,248.58,344.25,34.03,2.57,10.27,37.0,37.0,57.0,57.0,57.0,89.0,70.0,70.0,48.0,43.0,38.0,65.0,24.0,76.0,20.0,89.0,82.0,93.0
2026,Atlético-GO,9,40,Meio,12.0,0.26157128913412575,True,Natã,"RB, LCB",LD,25.0,9,362,0.1359415540079202,False,18,3,14.0,728.84,9044.57,378.45,166.07,8.15,48.15,6.67,14.57,1.11,24.57,27.6,30.34,102.15,96.59,194.77,270.78,14.23,0.25,0.75,7.0,5.0,9.0,7.0,5.0,23.0,14.0,19.0,19.0,12.0,42.0,14.0,12.0,7.0,5.0,5.0,5.0,5.0
2026,Atlético-GO,9,40,Meio,12.0,0.26157128913412575,True,Gustavo Maia,"LWF, LAMF, RAMF",EE,25.0,8,358,0.1344394373890482,False,19,2,9.0,408.33,9882.96,648.83,254.33,13.44,78.68,7.05,19.39,1.76,32.84,29.9,30.96,154.12,127.17,409.34,325.42,40.99,5.92,13.94,40.0,62.0,64.0,62.0,67.0,40.0,64.0,57.0,14.0,83.0,64.0,50.0,64.0,67.0,33.0,79.0,74.0,55.0
2026,Atlético-GO,9,40,Meio,12.0,0.26157128913412575,True,Henrique Freitas,"RAMF, AMF, RDMF",ED,27.0,6,340,0.1276799126041239,False,20,3,7.0,392.28,10557.51,753.86,389.55,17.89,95.9,10.09,20.88,2.98,45.88,30.16,30.6,342.1,127.57,536.24,356.47,50.3,8.38,17.23,79.0,85.0,100.0,95.0,97.0,82.0,67.0,77.0,77.0,88.0,62.0,97.0,67.0,95.0,36.0,95.0,97.0,85.0
2026,Atlético-GO,9,40,Meio,12.0,0.26157128913412575,True,Klebert,"RCMF, RDMF, LCMF",MED,18.0,6,247,0.0927557012153489,False,21,1,7.0,279.93,10844.37,710.57,192.91,10.61,80.7,6.11,16.4,1.61,48.23,29.17,30.04,103.91,122.39,314.16,466.73,25.88,0.76,4.57,81.0,94.0,88.0,90.0,100.0,83.0,79.0,94.0,88.0,98.0,79.0,85.0,77.0,75.0,85.0,25.0,15.0,38.0
2026,Atlético-GO,9,40,Meio,12.0,0.26157128913412575,True,João Pedro,CF,CA,29.0,5,156,0.0585825481360098,False,22,3,6.0,238.26,9863.23,637.23,235.7,14.35,77.06,9.82,22.66,1.51,43.06,28.43,29.22,185.03,81.52,441.33,243.75,43.38,17.7,35.41,69.0,81.0,68.0,78.0,83.0,83.0,95.0,47.0,80.0,42.0,22.0,85.0,32.0,93.0,12.0,90.0,100.0,100.0
2026,Atlético-GO,9,40,Meio,12.0,0.26157128913412575,True,Felipe Guimarães,"RB, RCB",LD,22.0,7,137,0.0514474941963676,False,23,4,5.0,111.05,9707.68,725.24,227.7,12.15,81.03,10.53,19.45,4.05,42.95,29.32,29.32,161.42,144.27,570.59,439.46,38.49,5.13,10.27,56.0,100.0,51.0,58.0,100.0,100.0,77.0,100.0,100.0,49.0,10.0,74.0,74.0,100.0,93.0,100.0,100.0,100.0
2026,Atlético-GO,9,40,Meio,12.0,0.26157128913412575,True,Ariel,"RCMF, RDMF, LCMF",MED,28.0,5,128,0.0480677318039055,False,24,2,5.0,126.7,10686.35,597.4,202.45,8.52,60.38,6.39,18.47,2.13,41.2,27.18,27.18,85.07,157.93,273.7,391.23,30.82,3.56,15.41,75.0,77.0,90.0,81.0,69.0,85.0,92.0,96.0,75.0,31.0,12.0,71.0,98.0,46.0,54.0,50.0,81.0,96.0
2026,Atlético-GO,9,40,Meio,12.0,0.26157128913412575,True,Netinho,"LDMF, RDMF, CF",VOL,28.0,4,125,0.0469411443397514,False,25,5,5.0,183.6,10210.35,506.33,111.75,6.37,48.53,4.9,11.76,1.47,23.04,26.9,26.9,34.37,97.1,230.8,359.6,22.14,0.0,5.03,48.0,52.0,52.0,65.0,50.0,73.0,35.0,89.0,11.0,41.0,4.0,39.0,57.0,70.0,28.0,33.0,7.0,72.0
2026,Atlético-GO,9,40,Meio,12.0,0.26157128913412575,True,Kevin Ramírez,CF,CA,32.0,1,64,0.0240338659019527,False,26,4,1.0,63.75,8865.88,578.82,348.71,16.94,80.47,16.94,33.88,7.06,45.18,29.4,29.4,162.86,282.83,341.14,350.79,37.69,13.71,29.13,,,,,,,,,,,,,,,,,,
2026,Atlético-GO,9,40,Meio,12.0,0.26157128913412575,True,Gabriel Pae,"RAMF, AMF, LAMF",ED,19.0,3,53,0.0199030452000546,False,27,4,3.0,53.91,11402.78,1192.21,586.09,30.06,143.6,20.04,31.73,3.34,73.47,30.43,30.43,275.84,376.79,617.14,648.21,68.03,12.96,42.12,,,,,,,,,,,,,,,,,,
2026,Atlético-GO,9,40,Meio,12.0,0.26157128913412575,True,Jader,"LDMF, LCMF, AMF",VOL,22.0,2,37,0.0138945787245664,False,28,6,2.0,39.04,9342.78,765.5,389.67,20.75,110.67,4.61,23.06,0.0,50.73,30.05,30.05,475.99,151.81,760.49,520.48,88.67,14.78,29.56,,,,,,,,,,,,,,,,,,
2026,Atlético-GO,9,40,Meio,12.0,0.26157128913412575,True,GH,AMF,MEI,19.0,1,25,0.0093882288679502,False,29,3,1.0,24.6,11579.27,786.59,340.24,14.63,76.83,10.98,21.95,3.66,43.9,29.8,29.8,146.4,230.62,326.06,630.0,76.41,0.0,16.61,,,,,,,,,,,,,,,,,,
2026,Avaí,17,29,Cai,14.0,-0.13009001532521158,False,Luiz Henrique,"LCMF, LDMF",MED,27.0,26,2167,0.7819511875082009,True,1,1,25.0,2115.25,10292.84,523.97,108.46,6.04,52.85,5.19,17.11,0.77,30.25,27.14,29.1,53.67,75.19,223.57,392.43,34.2,0.83,3.17,42.0,33.0,23.0,27.0,35.0,58.0,81.0,56.0,23.0,29.0,46.0,29.0,35.0,29.0,60.0,65.0,17.0,17.0
2026,Avaí,17,29,Cai,14.0,-0.13009001532521158,False,Allyson,"RCB, CB",ZD,35.0,21,1980,0.7144731662511481,True,2,1,20.0,1879.2,8794.3,300.81,109.29,6.51,39.66,5.12,10.68,0.86,18.73,29.05,30.22,28.96,85.26,87.22,234.42,5.16,0.07,0.15,42.0,34.0,66.0,76.0,74.0,79.0,74.0,61.0,61.0,74.0,47.0,55.0,58.0,26.0,26.0,13.0,28.0,26.0
2026,Avaí,17,29,Cai,14.0,-0.13009001532521158,False,Jean Lucas,"AMF, LAMF, LW",MEI,31.0,26,1972,0.7115864059834667,True,3,1,25.0,1893.75,10198.37,562.66,146.38,6.99,56.51,5.18,12.5,1.14,34.5,27.46,28.94,94.55,76.34,296.97,360.48,31.05,1.58,7.96,47.0,37.0,30.0,37.0,33.0,47.0,33.0,60.0,40.0,37.0,33.0,37.0,37.0,30.0,63.0,27.0,13.0,20.0
2026,Avaí,17,29,Cai,14.0,-0.13009001532521158,False,Thayllon Roberth,"RAMF, RW, RWF",ED,20.0,24,1917,0.691739929143157,True,4,1,23.0,1836.09,10522.91,690.99,259.49,13.77,82.4,8.48,19.8,1.37,49.16,29.8,31.4,243.36,82.83,455.75,373.09,43.81,8.1,18.58,77.0,62.0,64.0,67.0,72.0,54.0,51.0,33.0,87.0,77.0,82.0,90.0,23.0,77.0,54.0,90.0,95.0,95.0
2026,Avaí,17,29,Cai,14.0,-0.13009001532521158,False,DG,"LB, LWB",LE,25.0,23,1886,0.6805537331058915,True,5,1,22.0,1787.28,9532.44,521.31,242.05,12.49,67.63,6.65,16.16,1.66,29.21,30.06,31.5,150.28,139.09,281.84,328.43,24.77,1.67,5.09,38.0,30.0,80.0,85.0,78.0,30.0,52.0,50.0,52.0,82.0,80.0,72.0,77.0,44.0,41.0,46.0,46.0,49.0
2026,Avaí,17,29,Cai,14.0,-0.13009001532521158,False,Zé Ricardo,"RDMF, RCMF, LCMF",VOL,30.0,20,1697,0.6123540217819183,True,6,1,19.0,1593.15,10244.65,427.12,102.13,5.42,44.4,3.95,14.18,0.68,27.28,27.37,29.18,23.21,88.89,149.78,333.32,22.81,0.65,1.85,52.0,26.0,30.0,39.0,33.0,30.0,65.0,53.0,30.0,54.0,65.0,17.0,48.0,33.0,17.0,39.0,39.0,35.0
2026,Avaí,17,29,Cai,14.0,-0.13009001532521158,False,Wallison,RB,LD,25.0,18,1436,0.5181734680488125,False,7,1,18.0,1425.6,9689.52,580.4,193.13,10.8,64.46,7.45,19.51,1.33,32.89,28.85,30.14,115.93,116.22,327.78,360.0,30.22,1.86,6.46,53.0,47.0,33.0,42.0,42.0,51.0,81.0,33.0,81.0,28.0,36.0,26.0,40.0,67.0,40.0,81.0,63.0,93.0
2026,Avaí,17,29,Cai,14.0,-0.13009001532521158,False,Daniel Penha,"CF, AMF",CA,27.0,16,1313,0.4737895289332108,False,8,1,15.0,1265.5500000000002,10606.84,680.96,183.84,10.95,73.18,9.25,19.63,2.06,44.31,28.21,29.8,126.45,91.66,383.04,421.28,48.18,5.12,17.44,93.0,83.0,39.0,54.0,69.0,71.0,85.0,76.0,86.0,34.0,38.0,46.0,47.0,76.0,78.0,100.0,8.0,29.0
2026,Avaí,17,29,Cai,14.0,-0.13009001532521158,False,B. Baldini,LCB,ZE,19.0,9,938,0.3384726413856449,False,9,1,9.0,930.51,8566.09,368.11,151.75,8.61,48.26,6.19,12.28,0.77,18.96,29.48,30.22,38.85,132.14,117.49,299.96,5.95,0.0,0.14,21.0,67.0,77.0,77.0,79.0,92.0,90.0,50.0,49.0,74.0,51.0,62.0,77.0,54.0,67.0,21.0,18.0,26.0
2026,Avaí,17,29,Cai,14.0,-0.13009001532521158,False,Sorriso,"LAMF, LW",EE,21.0,18,844,0.3045532082403884,False,10,1,17.0,805.8,9631.86,693.58,382.2,18.43,95.38,10.16,22.67,3.91,47.02,30.14,31.96,218.26,284.07,441.72,438.47,32.96,4.37,14.02,26.0,74.0,100.0,100.0,100.0,100.0,93.0,100.0,86.0,86.0,88.0,90.0,100.0,86.0,83.0,45.0,40.0,57.0
2026,Avaí,17,29,Cai,14.0,-0.13009001532521158,False,Jefferson Maciel,"LCB, RCB",ZE,23.0,8,766,0.2764072956304946,False,11,2,8.0,757.76,9264.66,365.1,169.96,8.67,46.8,5.46,12.95,1.19,19.36,30.48,31.56,81.54,106.12,132.64,246.14,10.87,0.91,2.11,72.0,62.0,87.0,82.0,77.0,69.0,97.0,79.0,56.0,95.0,90.0,100.0,64.0,69.0,28.0,77.0,90.0,92.0
2026,Avaí,17,29,Cai,14.0,-0.13009001532521158,False,Reynaldo,LCB,ZE,29.0,8,725,0.2616126492586275,False,12,3,8.0,723.6,8781.93,264.66,77.86,3.98,29.72,3.98,10.2,1.62,14.05,28.64,29.5,25.21,49.33,62.09,186.87,2.58,0.0,0.0,33.0,13.0,18.0,18.0,15.0,15.0,41.0,95.0,15.0,62.0,31.0,31.0,8.0,5.0,8.0,3.0,18.0,13.0
2026,Avaí,17,29,Cai,14.0,-0.13009001532521158,False,Guilherme Vargas,"RCB, LCB",ZD,22.0,9,703,0.2536740585225036,False,13,2,9.0,706.14,8764.2,337.77,107.32,5.48,36.07,4.21,8.03,0.64,12.49,28.4,29.82,28.09,104.05,92.71,324.17,5.17,0.22,0.22,39.0,58.0,63.0,63.0,55.0,25.0,8.0,37.0,5.0,42.0,34.0,47.0,76.0,39.0,84.0,16.0,58.0,37.0
2026,Avaí,17,29,Cai,14.0,-0.13009001532521158,False,Wesley Gasolina,RB,LD,26.0,12,697,0.2515089883217425,False,14,2,10.0,507.7000000000001,9123.49,550.21,177.79,9.39,60.45,7.62,17.19,1.6,28.18,28.07,29.3,107.25,138.23,337.75,384.25,21.72,0.89,2.38,16.0,35.0,16.0,19.0,26.0,53.0,67.0,51.0,47.0,16.0,7.0,19.0,63.0,70.0,65.0,26.0,23.0,21.0
2026,Avaí,17,29,Cai,14.0,-0.13009001532521158,False,Walace,CF,CA,21.0,12,609,0.219754625377247,False,15,2,12.0,602.52,9360.67,535.4,308.03,17.18,79.47,7.92,17.18,3.44,35.11,31.27,32.26,179.35,224.9,320.1,360.32,29.82,7.9,21.41,39.0,44.0,97.0,92.0,85.0,53.0,59.0,97.0,54.0,98.0,92.0,78.0,95.0,51.0,64.0,36.0,27.0,63.0
2026,Avaí,17,29,Cai,14.0,-0.13009001532521158,False,Felipe Vizeu,CF,CA,29.0,7,585,0.2110943445742028,False,16,3,7.0,577.85,10132.01,488.57,116.19,6.23,49.22,4.83,11.53,0.16,31.93,27.79,28.46,82.05,43.92,329.02,214.96,37.68,8.61,22.07,80.0,25.0,12.0,14.0,14.0,5.0,7.0,5.0,36.0,19.0,15.0,17.0,3.0,56.0,5.0,73.0,39.0,68.0
2026,Avaí,17,29,Cai,14.0,-0.13009001532521158,False,Léo Gamalho,CF,CA,40.0,10,480,0.1732056160608844,False,17,4,9.0,392.31000000000006,8276.54,280.13,91.54,4.59,32.58,6.42,9.18,0.69,19.27,27.07,28.02,39.42,66.38,150.99,227.1,20.54,6.04,13.9,2.0,2.0,3.0,7.0,2.0,17.0,2.0,14.0,2.0,11.0,12.0,3.0,19.0,2.0,8.0,3.0,10.0,7.0
2026,Avaí,17,29,Cai,14.0,-0.13009001532521158,False,João Maistro,LCB,ZE,26.0,7,476,0.1717622359270436,False,18,4,6.0,394.86,8850.25,374.5,177.11,10.26,49.92,6.38,10.26,2.74,22.79,28.43,30.18,39.86,168.24,130.67,304.46,7.15,0.0,0.0,38.0,72.0,92.0,97.0,87.0,95.0,44.0,100.0,82.0,41.0,49.0,64.0,95.0,67.0,74.0,41.0,18.0,13.0
2026,Avaí,17,29,Cai,14.0,-0.13009001532521158,False,F. Avenatti,CF,CA,33.0,8,381,0.1374819577483269,False,19,5,7.0,372.75,8888.85,492.09,97.79,4.1,40.81,6.76,12.31,0.48,29.94,26.71,27.4,70.67,53.36,293.97,308.1,31.98,9.56,24.73,15.0,31.0,5.0,5.0,5.0,22.0,14.0,8.0,25.0,5.0,3.0,12.0,7.0,34.0,41.0,49.0,61.0,80.0
2026,Avaí,17,29,Cai,14.0,-0.13009001532521158,False,Gabriel Simples,"RCB, RB",ZD,21.0,4,325,0.1172746358745571,False,20,3,4.0,324.68,8670.88,316.28,80.94,4.71,34.37,4.71,8.32,0.28,14.41,26.48,26.48,38.39,72.52,90.7,354.24,9.25,0.0,0.4,,,,,,,,,,,,,,,,,,
2026,Avaí,17,29,Cai,14.0,-0.13009001532521158,False,Mateus Quaresma,LB,LE,30.0,5,297,0.1071709749376722,False,21,2,5.0,292.85,9673.96,446.24,141.37,7.38,52.86,7.99,18.13,2.46,30.43,28.4,28.4,104.24,69.96,224.65,264.27,22.76,1.42,4.27,55.0,10.0,8.0,10.0,10.0,62.0,82.0,92.0,70.0,25.0,8.0,28.0,5.0,15.0,3.0,31.0,36.0,33.0
2026,Avaí,17,29,Cai,14.0,-0.13009001532521158,False,Gabriel Cipriano,"RAMF, RWF, RW",ED,26.0,7,273,0.098510694134628,False,22,2,7.0,279.93,10381.43,779.28,256.22,14.15,83.59,6.11,25.4,0.64,36.65,28.77,30.26,218.21,62.61,505.1,358.52,40.56,6.6,17.45,72.0,90.0,59.0,69.0,74.0,13.0,97.0,8.0,28.0,49.0,51.0,74.0,8.0,90.0,38.0,74.0,79.0,88.0
2026,Avaí,17,29,Cai,14.0,-0.13009001532521158,False,Del Piage,"RDMF, LDMF, LCMF",VOL,26.0,7,211,0.0761383020600971,False,23,2,7.0,214.48,10831.47,541.68,87.27,5.45,49.51,5.03,13.01,0.0,43.22,26.63,27.6,42.12,72.38,208.73,464.64,23.97,2.25,6.74,93.0,70.0,20.0,41.0,54.0,80.0,48.0,8.0,93.0,23.0,15.0,59.0,26.0,63.0,80.0,46.0,73.0,83.0
2026,Avaí,17,29,Cai,14.0,-0.13009001532521158,False,Isaías,"CF, RAMF, LAMF",CA,21.0,9,188,0.067838866290513,False,24,6,8.0,189.76,10183.35,788.84,447.79,18.97,98.19,9.49,18.03,4.74,40.79,31.26,32.26,284.1,227.63,487.71,339.65,45.68,9.79,19.58,81.0,97.0,100.0,98.0,98.0,75.0,73.0,100.0,73.0,96.0,92.0,100.0,97.0,100.0,61.0,97.0,64.0,46.0
2026,Avaí,17,29,Cai,14.0,-0.13009001532521158,False,Hyan,"RWF, AMF, RDMF",ED,22.0,5,81,0.0292284477102742,False,25,3,5.0,86.35,10980.28,862.83,139.64,10.42,70.86,7.29,18.76,2.08,44.81,27.2,27.2,146.88,28.72,600.89,566.81,50.88,7.54,24.5,100.0,100.0,8.0,26.0,44.0,31.0,46.0,67.0,69.0,5.0,3.0,41.0,3.0,100.0,97.0,97.0,92.0,100.0
2026,Avaí,17,29,Cai,14.0,-0.13009001532521158,False,Jamerson,"RAMF, RCMF",ED,19.0,4,75,0.0270633775095131,False,26,4,4.0,75.72,11399.21,973.71,448.22,19.02,102.25,11.89,19.02,4.76,66.58,29.82,29.82,219.43,394.64,494.52,694.64,74.6,9.52,19.05,,,,,,,,,,,,,,,,,,
2026,Avaí,17,29,Cai,14.0,-0.13009001532521158,False,Kauã Gabriel,"LAMF, AMF",EE,19.0,2,56,0.0202073218737698,False,27,2,2.0,55.72,11992.1,917.5,116.3,8.08,75.92,3.23,22.61,0.0,56.54,26.6,26.6,0.0,108.3,209.58,643.21,38.85,3.38,11.82,,,,,,,,,,,,,,,,,,
2026,Avaí,17,29,Cai,14.0,-0.13009001532521158,False,Marcio Vitor,CF,CA,20.0,2,40,0.014433801338407,False,28,7,1.0,37.5,9897.6,768.0,295.2,7.2,48.0,9.6,14.4,0.0,43.2,27.7,27.7,33.92,420.94,281.98,657.46,21.19,8.47,10.59,,,,,,,,,,,,,,,,,,
2026,Avaí,17,29,Cai,14.0,-0.13009001532521158,False,Joao Vittor,RB,LD,19.0,1,24,0.0086602808030442,False,29,3,1.0,25.5,10274.12,734.12,105.88,7.06,70.59,7.06,21.18,0.0,35.29,27.9,27.9,65.52,50.7,434.48,349.86,,,,,,,,,,,,,,,,,,,,,
2026,Avaí,17,29,Cai,14.0,-0.13009001532521158,False,Alemao Imming,LB,LE,20.0,1,23,0.008299435769584,False,30,3,1.0,23.77,10190.32,552.88,231.0,7.57,68.16,7.57,15.15,0.0,37.87,29.7,29.7,42.86,132.84,231.43,292.25,8.57,0.0,0.0,,,,,,,,,,,,,,,,,,
2026,Avaí,17,29,Cai,14.0,-0.13009001532521158,False,Caio Brazil,LWF,EE,18.0,1,10,0.0036084503346017,False,31,3,1.0,8.47,9949.61,669.69,584.65,21.26,95.67,10.63,21.26,0.0,21.26,30.1,30.1,372.86,,424.29,,25.53,0.0,25.53,,,,,,,,,,,,,,,,,,
2026,Botafogo-SP,15,31,Meio,16.0,0.0005915618734981809,False,Vilar,"LCB, RCB",ZE,26.0,26,2612,0.9558534881399914,True,1,1,26.0,2627.3,9055.23,375.85,146.07,7.4,44.98,5.75,9.69,0.99,21.58,30.17,32.16,36.77,133.92,125.43,305.67,8.93,0.22,0.33,56.0,74.0,72.0,72.0,69.0,85.0,36.0,69.0,74.0,90.0,95.0,54.0,79.0,64.0,77.0,62.0,54.0,38.0
2026,Botafogo-SP,15,31,Meio,16.0,0.0005915618734981809,False,Everton Morelli,"RCMF, AMF",MED,28.0,26,2420,0.8855916697162248,True,2,1,26.0,2424.76,10058.23,533.2,157.98,9.39,61.25,6.64,14.92,0.85,37.93,28.6,30.62,85.33,109.49,282.41,386.2,28.65,3.98,7.45,23.0,42.0,73.0,83.0,73.0,90.0,75.0,62.0,62.0,90.0,93.0,73.0,69.0,54.0,48.0,31.0,85.0,69.0
2026,Botafogo-SP,15,31,Meio,16.0,0.0005915618734981809,False,Patrick Brey,"LB, LWB",LE,29.0,23,2301,0.8420439801723278,True,3,1,23.0,2305.98,9955.9,640.87,195.77,10.73,68.46,7.06,16.94,1.72,40.79,28.65,30.22,131.66,112.32,405.22,385.18,34.62,5.92,11.29,78.0,92.0,35.0,56.0,85.0,40.0,65.0,52.0,98.0,35.0,30.0,49.0,46.0,92.0,67.0,97.0,100.0,95.0
2026,Botafogo-SP,15,31,Meio,16.0,0.0005915618734981809,False,Rafael Gava,"LCMF, AMF",MED,33.0,25,1987,0.7271366312917928,True,4,2,25.0,1969.5,10727.2,589.46,133.85,7.27,57.95,4.57,11.97,0.27,34.69,27.59,29.18,56.74,102.18,289.7,415.65,34.97,3.21,7.19,77.0,69.0,44.0,50.0,62.0,33.0,31.0,16.0,40.0,52.0,48.0,40.0,56.0,62.0,75.0,73.0,75.0,67.0
2026,Botafogo-SP,15,31,Meio,16.0,0.0005915618734981809,False,Zé Hugo,"RAMF, RW, RWF",ED,26.0,26,1951,0.7139625403373366,True,5,1,26.0,1948.1800000000003,9251.42,549.7,231.26,12.1,69.71,8.92,20.37,1.94,39.27,29.9,32.32,192.84,94.86,376.33,304.99,25.56,3.8,6.82,10.0,18.0,41.0,49.0,41.0,67.0,59.0,62.0,44.0,79.0,92.0,56.0,33.0,33.0,13.0,8.0,31.0,8.0
2026,Botafogo-SP,15,31,Meio,16.0,0.0005915618734981809,False,Gabriel Inocêncio,"RB, RWB",LD,32.0,19,1676,0.6133271233241292,True,6,1,19.0,1682.07,9660.4,594.84,258.92,14.39,75.45,9.36,20.81,2.14,34.73,30.1,31.54,132.89,192.82,300.44,415.07,20.62,0.78,2.08,47.0,63.0,72.0,91.0,91.0,91.0,93.0,70.0,95.0,86.0,74.0,47.0,93.0,44.0,86.0,19.0,13.0,16.0
2026,Botafogo-SP,15,31,Meio,16.0,0.0005915618734981809,False,Matheus Sales,"DMF, LDMF, RDMF",VOL,31.0,22,1613,0.5902724641538308,False,7,1,22.0,1624.26,9464.44,410.06,109.77,5.49,42.45,4.71,11.19,1.16,25.27,27.74,31.0,30.42,103.36,141.24,368.14,21.42,0.55,1.65,11.0,22.0,48.0,43.0,26.0,63.0,26.0,85.0,17.0,67.0,96.0,30.0,59.0,26.0,37.0,30.0,30.0,33.0
2026,Botafogo-SP,15,31,Meio,16.0,0.0005915618734981809,False,Hygor,CF,CA,34.0,20,1584,0.5796600019960744,False,8,1,20.0,1584.0,9269.07,722.8,284.07,18.12,94.54,14.89,26.65,3.41,43.07,29.78,31.12,148.17,193.29,372.97,488.43,35.98,14.74,26.68,31.0,90.0,88.0,95.0,97.0,100.0,100.0,95.0,81.0,75.0,69.0,63.0,92.0,73.0,92.0,68.0,95.0,88.0
2026,Botafogo-SP,15,31,Meio,16.0,0.0005915618734981809,False,Kelvin,"LW, LAMF",EE,29.0,22,1400,0.5123257593399647,False,9,1,22.0,1403.38,10053.48,597.87,176.35,10.84,68.68,7.12,17.76,1.92,45.15,28.41,30.34,121.38,95.82,368.66,362.37,31.51,3.57,7.04,62.0,38.0,19.0,40.0,38.0,43.0,36.0,62.0,81.0,33.0,33.0,26.0,33.0,50.0,48.0,40.0,25.0,5.0
2026,Botafogo-SP,15,31,Meio,16.0,0.0005915618734981809,False,Ericson,RCB,ZD,27.0,14,1369,0.5009814032402942,False,10,1,14.0,1370.88,8828.56,340.15,131.57,6.76,41.23,4.92,10.24,1.05,18.32,29.71,30.78,28.47,112.13,92.6,283.5,5.6,0.41,0.51,50.0,61.0,82.0,84.0,84.0,66.0,63.0,72.0,53.0,87.0,59.0,53.0,82.0,37.0,61.0,21.0,79.0,70.0
2026,Botafogo-SP,15,31,Meio,16.0,0.0005915618734981809,False,L. Maciel,"DMF, LDMF, RDMF",VOL,30.0,20,979,0.3582620845670182,False,11,2,20.0,990.4,9664.48,379.35,69.06,3.0,35.62,4.63,10.09,0.18,26.8,26.02,28.8,36.68,48.96,137.12,345.25,22.25,0.76,3.2,15.0,15.0,11.0,4.0,13.0,57.0,15.0,23.0,26.0,9.0,54.0,48.0,7.0,22.0,24.0,35.0,46.0,54.0
2026,Botafogo-SP,15,31,Meio,16.0,0.0005915618734981809,False,Wesley Pinheiro,"LAMF, LWF",EE,26.0,17,903,0.3304501147742772,False,12,2,17.0,906.95,10186.3,592.46,266.06,13.99,74.13,7.24,18.86,1.19,42.67,29.77,30.94,160.8,139.52,333.66,369.89,29.6,3.66,10.66,69.0,36.0,74.0,70.0,55.0,48.0,55.0,27.0,71.0,76.0,62.0,57.0,69.0,29.0,57.0,29.0,31.0,26.0
2026,Botafogo-SP,15,31,Meio,16.0,0.0005915618734981809,False,Arthur Caíke,"CF, AMF",CA,34.0,15,644,0.2356698492963838,False,13,2,15.0,645.0,9112.92,487.34,186.68,10.46,61.53,7.53,14.79,1.4,33.35,28.94,30.62,100.58,122.65,271.06,310.98,20.23,7.43,15.07,24.0,24.0,42.0,49.0,39.0,43.0,31.0,44.0,42.0,54.0,62.0,32.0,64.0,20.0,46.0,2.0,22.0,10.0
2026,Botafogo-SP,15,31,Meio,16.0,0.0005915618734981809,False,Jefferson Nem,"LAMF, AMF, LW",EE,30.0,17,592,0.2166406068066136,False,14,3,17.0,606.9000000000001,9714.57,602.26,244.85,13.05,76.23,8.9,24.47,1.93,43.16,29.14,31.74,167.28,139.67,367.69,382.1,35.62,6.94,12.03,29.0,43.0,52.0,52.0,60.0,76.0,98.0,65.0,76.0,50.0,83.0,62.0,71.0,48.0,64.0,67.0,88.0,40.0
2026,Botafogo-SP,15,31,Meio,16.0,0.0005915618734981809,False,Felipe,LB,LE,27.0,10,522,0.1910243188396154,False,15,2,11.0,567.27,9952.09,637.36,206.74,11.58,68.23,6.35,14.12,2.22,34.75,28.29,29.3,69.08,212.47,271.11,552.27,28.49,0.62,5.61,75.0,85.0,48.0,72.0,82.0,18.0,15.0,86.0,90.0,20.0,20.0,8.0,97.0,31.0,100.0,74.0,21.0,56.0
2026,Botafogo-SP,15,31,Meio,16.0,0.0005915618734981809,False,Yuri Felipe,"RCMF, RB, DMF",MED,20.0,8,404,0.1478425762666755,False,16,3,8.0,412.56,9999.12,473.2,95.56,4.8,46.47,5.67,12.87,0.22,36.43,26.75,27.7,31.84,79.33,172.32,366.42,20.77,0.0,0.72,15.0,19.0,15.0,8.0,15.0,69.0,42.0,9.0,52.0,19.0,15.0,6.0,40.0,8.0,38.0,8.0,4.0,4.0
2026,Botafogo-SP,15,31,Meio,16.0,0.0005915618734981809,False,Guilherme Queiróz,"CF, AMF, LW",CA,36.0,10,347,0.1269835989221198,False,17,3,10.0,352.40000000000003,9408.75,494.74,188.24,9.96,63.09,9.96,17.11,1.79,44.44,29.11,30.48,103.17,135.22,261.4,361.3,31.58,8.84,20.63,42.0,32.0,44.0,42.0,46.0,86.0,58.0,60.0,90.0,61.0,54.0,36.0,73.0,12.0,66.0,46.0,47.0,56.0
2026,Botafogo-SP,15,31,Meio,16.0,0.0005915618734981809,False,Marco Antônio,"RDMF, RW, LDMF",VOL,26.0,10,332,0.121494394357763,False,18,3,9.0,261.72,10147.91,654.49,333.61,14.1,84.26,6.53,17.88,2.41,39.21,29.3,30.76,192.51,231.3,409.14,459.49,37.45,4.47,10.62,43.0,98.0,100.0,100.0,100.0,98.0,98.0,100.0,83.0,96.0,91.0,100.0,100.0,100.0,78.0,96.0,93.0,98.0
2026,Botafogo-SP,15,31,Meio,16.0,0.0005915618734981809,False,Thiago Moraes,"RW, LAMF, AMF",ED,28.0,13,313,0.1145414019095778,False,19,2,13.0,325.13,10757.37,848.38,244.13,13.01,88.57,8.3,25.74,1.11,53.7,27.95,30.1,114.84,113.84,402.47,691.61,35.83,4.65,11.63,90.0,97.0,51.0,56.0,85.0,46.0,100.0,23.0,97.0,23.0,38.0,18.0,54.0,49.0,100.0,59.0,49.0,49.0
2026,Botafogo-SP,15,31,Meio,16.0,0.0005915618734981809,False,Guilherme Mariano,RCB,ZD,26.0,4,234,0.0856315912039655,False,20,2,4.0,235.8,9243.62,412.95,183.57,8.4,48.85,8.01,12.98,2.29,21.75,29.38,29.38,41.7,171.89,118.15,318.9,7.88,0.0,0.0,,,,,,,,,,,,,,,,,,
2026,Botafogo-SP,15,31,Meio,16.0,0.0005915618734981809,False,Marcio Maranhão,"RW, RAMF, LW",ED,27.0,5,108,0.0395222728633687,False,21,3,5.0,108.15,9393.4,753.24,336.25,19.14,100.71,16.65,20.81,4.99,44.11,30.92,30.92,309.11,140.72,465.16,516.49,24.33,4.63,9.27,18.0,82.0,87.0,100.0,100.0,100.0,64.0,100.0,67.0,100.0,74.0,95.0,79.0,85.0,90.0,3.0,46.0,18.0
2026,Botafogo-SP,15,31,Meio,16.0,0.0005915618734981809,False,Jonathan,"LB, RB",LE,34.0,4,88,0.0322033334442263,False,22,3,4.0,89.36,10194.74,551.88,147.03,8.06,54.38,5.04,14.1,0.0,36.26,27.85,27.85,52.51,66.84,236.91,376.71,26.69,2.32,4.64,,,,,,,,,,,,,,,,,,
2026,Botafogo-SP,15,31,Meio,16.0,0.0005915618734981809,False,Thalles,CF,CA,21.0,1,37,0.0135400379254133,False,23,4,1.0,37.17,9330.13,658.65,276.05,19.37,79.91,4.84,9.69,2.42,29.06,29.1,29.1,28.21,408.37,222.88,634.36,22.56,16.92,22.56,,,,,,,,,,,,,,,,,,
2026,Botafogo-SP,15,31,Meio,16.0,0.0005915618734981809,False,Jadson,"RCMF, RWF",MED,21.0,2,25,0.0091486742739279,False,24,4,2.0,28.56,11225.32,790.78,151.23,3.15,56.71,6.3,12.6,0.0,28.35,24.8,24.8,46.75,235.23,306.49,255.68,23.38,0.0,2.6,,,,,,,,,,,,,,,,,,
2026,Botafogo-SP,15,31,Meio,16.0,0.0005915618734981809,False,Marquinho,"RDMF, RCMF",VOL,24.0,2,24,0.0087827273029708,False,25,4,2.0,25.72,10646.01,808.43,167.98,10.5,69.99,7.0,31.5,0.0,35.0,26.45,26.45,27.33,277.66,292.84,315.96,45.41,6.49,9.73,,,,,,,,,,,,,,,,,,
2026,Botafogo-SP,15,31,Meio,16.0,0.0005915618734981809,False,Erik Rebello,LCMF,MED,21.0,1,17,0.006221098506271,False,26,5,1.0,16.97,9696.66,456.19,164.44,15.91,58.35,10.61,15.91,0.0,37.13,29.2,29.2,25.9,233.33,103.6,583.33,12.93,0.0,0.0,,,,,,,,,,,,,,,,,,
2026,Botafogo-SP,15,31,Meio,16.0,0.0005915618734981809,False,Darlan,LCB,ZE,22.0,1,6,0.0021956818257427,False,27,2,1.0,5.75,8467.83,375.65,203.48,0.0,15.65,15.65,0.0,0.0,31.3,23.8,23.8,130.43,,117.39,,12.99,0.0,0.0,,,,,,,,,,,,,,,,,,
2026,CRB,7,42,Meio,9.0,0.25714748062290504,True,Dadá Belmonte,"LW, LWF, LAMF",EE,29.0,25,2285,0.8424669012904307,True,1,1,21.0,1912.26,9414.56,514.9,213.59,10.17,61.33,5.6,17.46,1.46,28.71,29.76,31.56,140.52,92.45,308.95,258.31,22.49,4.14,10.57,19.0,10.0,38.0,29.0,19.0,10.0,33.0,43.0,7.0,74.0,79.0,38.0,31.0,21.0,7.0,2.0,36.0,24.0
2026,CRB,7,42,Meio,9.0,0.25714748062290504,True,Mikael,CF,CA,27.0,26,2236,0.8244008714596949,True,2,1,25.0,2151.25,9063.59,472.13,204.79,10.33,57.11,6.9,15.27,1.59,31.42,29.65,31.44,139.34,83.18,285.97,224.65,27.99,7.14,18.6,20.0,22.0,54.0,46.0,31.0,25.0,37.0,53.0,32.0,69.0,78.0,58.0,39.0,31.0,7.0,20.0,20.0,42.0
2026,CRB,7,42,Meio,9.0,0.25714748062290504,True,Pedro Castro,"RCMF, DMF",MED,33.0,26,2179,0.8033852857382269,True,3,1,24.0,2067.36,10980.06,595.55,128.86,6.7,55.42,3.87,13.06,0.3,37.4,27.68,30.28,55.72,84.99,240.41,411.4,32.83,2.43,5.98,94.0,73.0,38.0,38.0,44.0,17.0,46.0,19.0,58.0,56.0,88.0,35.0,50.0,35.0,71.0,60.0,65.0,58.0
2026,CRB,7,42,Meio,9.0,0.25714748062290504,True,Crystopher,"RCMF, LCMF, DMF",MED,28.0,23,2138,0.7882688117982235,True,4,2,22.0,2032.58,10606.27,595.04,151.44,6.86,53.45,4.12,11.38,0.75,35.91,27.66,29.58,77.03,91.09,296.95,349.52,30.51,2.85,9.47,62.0,71.0,67.0,40.0,38.0,21.0,12.0,53.0,50.0,54.0,62.0,62.0,54.0,65.0,27.0,46.0,69.0,79.0
2026,CRB,7,42,Meio,9.0,0.25714748062290504,True,Lucas Lovat,LB,LE,29.0,23,1941,0.7156359979889391,True,5,1,19.0,1696.7,9613.49,469.96,180.19,8.81,51.03,6.1,12.73,1.22,24.82,29.6,31.46,113.93,87.18,213.36,297.37,16.87,0.75,3.17,52.0,18.0,22.0,18.0,8.0,11.0,5.0,22.0,12.0,62.0,78.0,38.0,15.0,10.0,13.0,15.0,26.0,23.0
2026,CRB,7,42,Meio,9.0,0.25714748062290504,True,Danielzinho,"LCMF, AMF",MED,30.0,25,1875,0.6913021618903972,True,6,3,24.0,1795.6799999999998,10486.98,570.35,113.78,4.91,48.92,3.81,10.58,0.7,30.47,26.41,28.62,66.12,53.56,339.52,302.7,38.15,4.28,9.8,52.0,60.0,31.0,12.0,23.0,12.0,8.0,46.0,25.0,8.0,33.0,50.0,2.0,88.0,6.0,88.0,90.0,81.0
2026,CRB,7,42,Meio,9.0,0.25714748062290504,True,Fabio Alemão,LCB,ZE,29.0,18,1608,0.5928607340372046,False,7,1,17.0,1589.5,9374.42,371.72,136.91,4.64,34.2,4.7,10.36,0.4,21.23,28.37,30.12,65.48,74.81,150.97,242.5,9.99,1.21,2.96,79.0,69.0,67.0,26.0,28.0,40.0,51.0,23.0,69.0,38.0,46.0,90.0,26.0,87.0,23.0,72.0,97.0,95.0
2026,CRB,7,42,Meio,9.0,0.25714748062290504,True,Bressan,RCB,ZD,33.0,19,1499,0.5526730350259762,False,8,1,18.0,1396.08,9681.81,382.68,94.7,4.84,36.75,4.38,10.96,0.39,20.76,27.22,29.42,26.41,70.37,106.53,292.96,10.48,0.36,0.84,97.0,89.0,50.0,42.0,61.0,32.0,79.0,18.0,84.0,5.0,26.0,26.0,29.0,66.0,68.0,87.0,74.0,84.0
2026,CRB,7,42,Meio,9.0,0.25714748062290504,True,Hereda,RB,LD,27.0,20,1404,0.5176470588235293,False,9,1,18.0,1371.42,10034.0,586.33,239.65,10.11,59.98,7.74,16.54,1.57,29.92,29.88,31.32,129.03,143.96,271.67,361.26,22.14,0.79,2.16,79.0,53.0,60.0,30.0,23.0,60.0,44.0,49.0,65.0,79.0,71.0,42.0,72.0,26.0,47.0,28.0,17.0,19.0
2026,CRB,7,42,Meio,9.0,0.25714748062290504,True,Henri,RCB,ZD,24.0,14,1300,0.4793028322440086,False,10,2,14.0,1298.36,9201.59,290.43,82.07,4.37,30.71,4.02,8.25,0.69,18.3,28.7,29.92,24.87,67.4,102.52,212.06,8.86,0.24,0.24,87.0,26.0,26.0,29.0,24.0,12.0,11.0,47.0,50.0,58.0,37.0,21.0,21.0,55.0,8.0,79.0,61.0,39.0
2026,CRB,7,42,Meio,9.0,0.25714748062290504,True,Kevin,RB,LD,29.0,16,1150,0.4239986592927769,False,11,2,15.0,1047.75,10259.0,628.61,261.99,12.37,68.63,8.16,20.87,2.49,33.5,29.79,31.6,146.27,139.93,294.68,381.02,26.57,2.32,5.1,93.0,84.0,74.0,67.0,63.0,77.0,95.0,84.0,86.0,74.0,80.0,53.0,65.0,37.0,60.0,51.0,77.0,77.0
2026,CRB,7,42,Meio,9.0,0.25714748062290504,True,Patrick De Lucca,"DMF, RB, LDMF",VOL,26.0,21,968,0.3568962627786157,False,12,1,20.0,959.6,10374.4,491.25,108.6,4.97,45.86,4.6,13.88,0.38,33.67,26.11,28.44,37.02,76.1,178.09,364.72,31.82,0.7,2.43,65.0,41.0,45.0,28.0,37.0,54.0,63.0,35.0,57.0,13.0,46.0,50.0,30.0,50.0,33.0,76.0,43.0,43.0
2026,CRB,7,42,Meio,9.0,0.25714748062290504,True,Lyncon,LCB,ZE,21.0,11,916,0.3377241494888553,False,13,2,10.0,818.0,9984.3,500.38,156.67,8.69,50.61,5.94,11.55,1.1,25.09,28.92,31.16,67.19,95.62,175.65,303.07,8.62,0.7,1.4,97.0,92.0,82.0,85.0,92.0,87.0,77.0,72.0,97.0,72.0,82.0,95.0,62.0,92.0,72.0,56.0,82.0,87.0
2026,CRB,7,42,Meio,9.0,0.25714748062290504,True,Douglas Baggio,"RW, CF, RAMF",ED,31.0,20,851,0.3137590078766549,False,14,1,17.0,803.59,9514.15,518.04,198.93,8.51,58.24,7.84,18.82,1.57,27.11,28.52,30.08,124.5,75.98,331.0,238.66,30.42,4.09,13.62,28.0,10.0,28.0,13.0,10.0,41.0,49.0,49.0,3.0,37.0,36.0,23.0,18.0,26.0,3.0,31.0,38.0,67.0
2026,CRB,7,42,Meio,9.0,0.25714748062290504,True,Reverson,LB,LE,29.0,10,566,0.2086810792693145,False,15,2,9.0,467.73,10665.11,699.1,176.84,7.31,60.23,6.54,16.55,1.35,33.48,27.29,28.06,98.65,71.43,331.56,372.71,23.58,3.02,7.26,100.0,98.0,12.0,8.0,35.0,22.0,57.0,35.0,85.0,2.0,5.0,23.0,8.0,74.0,62.0,41.0,77.0,77.0
2026,CRB,7,42,Meio,9.0,0.25714748062290504,True,L. Phellype,"CF, AMF",CA,32.0,14,433,0.159644712585889,False,16,2,14.0,434.56,9574.3,498.85,174.77,6.01,50.53,7.25,14.29,1.04,30.44,27.09,27.86,64.75,103.12,268.58,288.45,28.4,9.21,23.02,51.0,34.0,37.0,12.0,19.0,32.0,22.0,31.0,29.0,14.0,8.0,8.0,56.0,15.0,29.0,24.0,54.0,76.0
2026,CRB,7,42,Meio,9.0,0.25714748062290504,True,Guilherme Pato,"RW, LAMF, LW",ED,25.0,15,333,0.1227752639517345,False,17,2,5.0,104.4,10154.21,663.04,239.69,10.35,67.25,11.21,23.28,3.45,50.87,27.4,27.4,184.45,109.97,383.28,334.31,32.11,5.35,10.7,59.0,54.0,49.0,23.0,23.0,92.0,95.0,90.0,92.0,8.0,5.0,54.0,51.0,38.0,26.0,36.0,69.0,33.0
2026,CRB,7,42,Meio,9.0,0.25714748062290504,True,Geovane,"AMF, LCMF, RCMF",MEI,27.0,12,309,0.1139265962795374,False,18,1,10.0,264.5,10722.06,565.63,190.58,8.17,52.41,4.76,11.91,0.0,38.12,26.73,28.4,105.27,82.3,337.55,259.04,36.46,2.88,14.39,83.0,40.0,60.0,43.0,30.0,37.0,23.0,5.0,47.0,7.0,20.0,50.0,43.0,37.0,13.0,43.0,33.0,73.0
2026,CRB,7,42,Meio,9.0,0.25714748062290504,True,Vinícius Barata,"RW, RWF, RAMF",ED,27.0,10,292,0.1076587900117311,False,19,3,9.0,274.86,10564.58,822.51,387.02,15.39,89.72,8.84,23.25,2.29,36.67,29.7,31.08,199.67,195.75,424.47,388.91,35.67,5.2,13.16,82.0,92.0,97.0,85.0,87.0,62.0,91.0,74.0,31.0,72.0,77.0,62.0,92.0,64.0,59.0,56.0,59.0,62.0
2026,CRB,7,42,Meio,9.0,0.25714748062290504,True,Guilherme Estrella,"RCMF, RDMF, AMF",MED,21.0,6,212,0.0781632311044075,False,20,4,6.0,210.84,10330.9,686.79,133.18,8.11,63.17,5.98,11.52,1.28,37.56,27.95,28.22,57.75,102.45,284.5,607.62,28.86,1.27,7.64,46.0,90.0,42.0,75.0,81.0,77.0,17.0,90.0,60.0,61.0,19.0,46.0,58.0,56.0,98.0,35.0,30.0,71.0
2026,CRB,7,42,Meio,9.0,0.25714748062290504,True,Léo Campos,LB,LE,34.0,5,156,0.057516339869281,False,21,3,5.0,157.0,9957.41,563.44,237.87,10.32,56.75,4.59,11.46,0.0,16.62,27.32,27.32,77.23,178.24,251.87,418.17,15.76,3.0,3.75,80.0,48.0,78.0,45.0,25.0,2.0,2.0,2.0,2.0,5.0,2.0,13.0,92.0,18.0,85.0,10.0,74.0,28.0
2026,CRB,7,42,Meio,9.0,0.25714748062290504,True,João Neto,"CF, RW",CA,23.0,4,96,0.0353946706887883,False,22,3,3.0,82.89,10260.33,605.91,187.85,7.6,58.64,10.86,20.63,2.17,30.4,27.3,27.3,110.08,83.44,321.84,349.1,24.09,4.19,10.47,,,,,,,,,,,,,,,,,,
2026,CRB,7,42,Meio,9.0,0.25714748062290504,True,Estevão,"LCMF, RW",MED,24.0,3,41,0.0151164739400033,False,23,5,2.0,24.08,11607.2,721.25,369.97,14.95,78.48,11.21,7.47,3.74,44.84,27.7,27.7,238.52,29.17,273.5,345.83,9.49,0.0,0.0,,,,,,,,,,,,,,,,,,
2026,CRB,7,42,Meio,9.0,0.25714748062290504,True,David Braw,AMF,MEI,23.0,1,39,0.0143790849673202,False,24,2,1.0,39.12,9649.6,354.32,144.95,4.6,34.51,4.6,16.11,0.0,27.61,26.5,26.5,23.5,136.49,158.65,307.11,7.83,0.0,3.91,,,,,,,,,,,,,,,,,,
2026,Ceará,16,31,Meio,4.0,-0.14987788654168122,False,Éder,"RCB, LCB",ZD,31.0,20,2021,0.8287418452935694,True,1,1,20.0,2017.6,8582.88,279.68,80.91,4.15,29.93,4.64,9.59,0.89,17.31,28.53,31.9,27.74,69.39,103.98,234.88,8.49,0.46,0.91,18.0,18.0,24.0,18.0,18.0,45.0,39.0,63.0,38.0,50.0,89.0,39.0,24.0,63.0,29.0,74.0,83.0,89.0
2026,Ceará,16,31,Meio,4.0,-0.14987788654168122,False,Melk,"RAMF, AMF, RWF",ED,20.0,23,1761,0.7221248835041939,True,2,1,24.0,1828.8,9789.91,516.83,130.46,7.73,56.15,5.66,15.8,0.89,38.78,28.24,30.22,95.43,67.72,324.8,331.9,36.72,3.82,11.15,44.0,8.0,5.0,8.0,8.0,8.0,15.0,18.0,38.0,33.0,46.0,8.0,10.0,13.0,23.0,64.0,33.0,41.0
2026,Ceará,16,31,Meio,4.0,-0.14987788654168122,False,Joao Gabriel,"LCMF, LDMF, RDMF",MED,20.0,20,1727,0.7081826654240447,True,3,1,21.0,1824.27,10298.68,546.9,153.13,7.94,57.82,5.18,14.8,0.64,35.62,28.99,31.2,88.42,103.86,286.17,395.71,32.68,2.77,6.2,44.0,50.0,71.0,69.0,60.0,56.0,71.0,33.0,46.0,96.0,98.0,77.0,62.0,58.0,65.0,58.0,67.0,60.0
2026,Ceará,16,31,Meio,4.0,-0.14987788654168122,False,Lucca,CF,CA,23.0,16,1200,0.4920782851817334,False,4,1,17.0,1219.75,9524.19,601.01,131.64,8.49,60.73,7.01,12.54,0.81,38.22,27.89,30.02,93.28,78.97,330.23,470.87,33.53,6.75,17.95,46.0,69.0,19.0,31.0,36.0,29.0,17.0,19.0,61.0,22.0,42.0,27.0,27.0,58.0,88.0,53.0,15.0,34.0
2026,Ceará,16,31,Meio,4.0,-0.14987788654168122,False,Sánchez,"LB, LWB",LE,30.0,18,1194,0.4896178937558248,False,5,1,18.0,1198.44,9591.3,515.47,179.93,8.26,55.12,7.66,14.04,1.2,26.66,28.88,30.98,121.4,107.54,320.58,320.8,26.76,4.63,9.27,45.0,25.0,20.0,12.0,18.0,52.0,12.0,20.0,28.0,38.0,60.0,41.0,38.0,67.0,31.0,56.0,92.0,87.0
2026,Ceará,16,31,Meio,4.0,-0.14987788654168122,False,Matheus Araújo,"AMF, LAMF, LW",MEI,24.0,18,1023,0.4194967381174277,False,6,1,19.0,1098.77,10179.48,715.21,181.67,10.98,73.06,5.49,17.36,0.57,45.38,28.28,30.44,124.11,97.49,484.2,398.63,56.02,10.41,22.1,43.0,83.0,53.0,77.0,80.0,50.0,77.0,35.0,80.0,53.0,67.0,57.0,60.0,97.0,83.0,97.0,100.0,100.0
2026,Ceará,16,31,Meio,4.0,-0.14987788654168122,False,Rafael Ramos,"RB, RWB",LD,31.0,13,902,0.369878844361603,False,7,1,13.0,903.11,9685.9,610.22,251.44,13.55,71.76,8.57,21.43,2.39,35.88,29.73,30.98,166.08,159.55,375.97,397.87,25.03,1.56,2.66,51.0,67.0,67.0,81.0,81.0,84.0,98.0,79.0,98.0,67.0,55.0,77.0,84.0,88.0,77.0,37.0,50.0,35.0
2026,Ceará,16,31,Meio,4.0,-0.14987788654168122,False,Richardson,"RDMF, RCMF, LDMF",VOL,35.0,15,865,0.3547064305684995,False,8,1,15.0,853.65,9412.97,310.81,70.95,3.58,32.37,3.9,11.07,0.84,18.03,26.43,28.3,23.32,65.55,121.81,275.07,14.95,0.14,1.09,7.0,2.0,13.0,15.0,4.0,24.0,24.0,59.0,2.0,17.0,38.0,20.0,20.0,15.0,4.0,7.0,13.0,20.0
2026,Ceará,16,31,Meio,4.0,-0.14987788654168122,False,Fernando,"LB, LWB",LE,26.0,12,853,0.3497856477166822,False,9,2,12.0,852.96,9247.69,571.29,219.38,11.82,65.42,9.07,17.09,2.22,35.56,29.57,30.9,145.06,118.74,357.09,344.01,28.48,2.73,5.32,12.0,52.0,65.0,75.0,65.0,90.0,70.0,86.0,92.0,60.0,55.0,59.0,55.0,79.0,49.0,72.0,72.0,54.0
2026,Ceará,16,31,Meio,4.0,-0.14987788654168122,False,Fernandinho,"LAMF, CF",EE,28.0,11,689,0.2825349487418453,False,10,1,11.0,689.7,8840.85,534.09,182.94,10.31,63.55,6.79,19.7,1.57,33.54,29.19,30.62,142.37,86.42,366.88,302.0,33.48,5.88,14.42,7.0,14.0,26.0,33.0,26.0,29.0,69.0,50.0,19.0,52.0,49.0,45.0,19.0,45.0,17.0,52.0,67.0,60.0
2026,Ceará,16,31,Meio,4.0,-0.14987788654168122,False,W. Silva,CF,CA,26.0,13,664,0.2722833178005592,False,11,2,14.0,702.8000000000001,9236.05,544.11,267.77,13.96,71.46,7.94,18.82,1.79,32.91,30.48,32.24,197.95,134.83,353.22,303.68,36.97,10.9,24.15,27.0,47.0,83.0,76.0,66.0,54.0,80.0,60.0,40.0,88.0,90.0,88.0,71.0,68.0,37.0,69.0,76.0,78.0
2026,Ceará,16,31,Meio,4.0,-0.14987788654168122,False,Giulio,"LAMF, CF, LW",EE,21.0,13,662,0.2714631873252563,False,12,2,13.0,653.9,9889.38,711.32,326.2,16.93,86.58,9.08,22.3,3.3,37.99,30.98,32.54,214.57,176.51,494.63,364.65,41.42,8.24,21.6,43.0,81.0,93.0,90.0,88.0,81.0,86.0,98.0,48.0,95.0,98.0,86.0,93.0,95.0,50.0,83.0,93.0,95.0
2026,Ceará,16,31,Meio,4.0,-0.14987788654168122,False,Vina,"AMF, CF",MEI,35.0,12,636,0.2608014911463187,False,13,2,13.0,739.96,9059.03,373.49,117.12,6.45,42.08,4.26,11.68,1.34,24.81,27.48,29.92,78.9,57.24,244.32,197.57,34.81,7.41,14.07,7.0,7.0,17.0,27.0,13.0,28.0,20.0,70.0,7.0,40.0,53.0,23.0,17.0,17.0,3.0,37.0,80.0,67.0
2026,Ceará,16,31,Meio,4.0,-0.14987788654168122,False,Sávio,LB,LE,31.0,7,594,0.243578751164958,False,14,3,8.0,661.84,9608.82,582.53,181.67,10.06,60.78,5.98,14.01,0.95,26.38,28.05,28.86,107.48,108.11,275.51,415.0,27.56,0.51,2.78,50.0,62.0,25.0,38.0,40.0,8.0,10.0,10.0,20.0,16.0,12.0,33.0,41.0,36.0,82.0,69.0,10.0,18.0
2026,Ceará,16,31,Meio,4.0,-0.14987788654168122,False,Enzo Lodovico,"RAMF, RWB, RB",ED,20.0,14,568,0.2329170549860205,False,15,2,14.0,564.62,10040.84,723.13,384.92,18.65,92.92,12.59,23.11,2.23,49.25,30.85,32.7,278.3,213.75,464.72,442.5,43.56,6.43,14.04,51.0,67.0,95.0,97.0,92.0,97.0,87.0,69.0,90.0,97.0,95.0,92.0,97.0,82.0,77.0,87.0,77.0,69.0
2026,Ceará,16,31,Meio,4.0,-0.14987788654168122,False,Gabriel Rocha,LCB,ZE,20.0,6,567,0.232506989748369,False,16,1,6.0,564.54,8900.47,335.91,123.71,7.17,40.81,4.62,9.88,1.28,18.97,30.02,30.62,33.28,131.03,114.59,303.04,7.11,0.0,0.0,44.0,44.0,56.0,69.0,62.0,36.0,38.0,92.0,51.0,85.0,62.0,51.0,74.0,46.0,69.0,38.0,18.0,13.0
2026,Ceará,16,31,Meio,4.0,-0.14987788654168122,False,Dieguinho,"RDMF, LDMF, RB",VOL,31.0,8,546,0.2238956197576887,False,17,2,8.0,543.28,9743.59,366.6,103.87,4.8,41.08,4.8,10.44,1.66,29.32,27.91,28.72,34.02,92.39,160.24,311.48,18.76,0.0,0.72,17.0,11.0,35.0,24.0,20.0,67.0,20.0,93.0,37.0,70.0,52.0,37.0,54.0,39.0,13.0,22.0,7.0,13.0
2026,Ceará,16,31,Meio,4.0,-0.14987788654168122,False,Lucas Mugni,"AMF, LCMF",MEI,34.0,8,425,0.1742777260018639,False,18,3,9.0,447.48,10881.25,765.63,171.75,8.85,74.21,5.03,20.51,1.21,45.45,27.19,28.76,93.69,108.98,385.05,523.19,38.03,1.74,6.28,90.0,93.0,50.0,47.0,83.0,40.0,90.0,63.0,83.0,27.0,30.0,33.0,80.0,43.0,93.0,53.0,17.0,10.0
2026,Ceará,16,31,Meio,4.0,-0.14987788654168122,False,Vinícius Zanocelo,"LDMF, RDMF",VOL,25.0,5,387,0.158695246971109,False,19,3,6.0,495.84,10106.12,376.79,59.35,3.81,34.85,3.63,11.62,0.0,29.95,26.2,26.36,13.07,63.19,116.67,365.68,27.22,0.66,0.98,39.0,13.0,2.0,17.0,11.0,13.0,33.0,8.0,39.0,15.0,2.0,2.0,15.0,9.0,35.0,61.0,41.0,16.0
2026,Ceará,16,31,Meio,4.0,-0.14987788654168122,False,R. López,CF,CA,32.0,7,369,0.151314072693383,False,20,3,7.0,373.24,9394.48,513.84,147.09,8.68,61.0,6.99,20.01,0.48,38.82,28.07,28.66,99.82,78.93,321.03,292.38,38.09,14.96,27.2,41.0,41.0,25.0,32.0,37.0,27.0,88.0,8.0,64.0,29.0,19.0,31.0,25.0,54.0,31.0,76.0,97.0,93.0
2026,Ceará,16,31,Meio,4.0,-0.14987788654168122,False,Giovanni Pavani,"RDMF, RCMF, LDMF",VOL,29.0,6,326,0.1336812674743709,False,21,4,7.0,349.3,10138.11,423.31,64.41,3.35,38.13,2.83,8.24,0.0,23.19,26.06,27.06,30.17,47.64,178.28,332.46,28.46,1.31,3.06,41.0,24.0,9.0,9.0,15.0,2.0,2.0,8.0,13.0,11.0,7.0,28.0,4.0,52.0,15.0,63.0,61.0,50.0
2026,Ceará,16,31,Meio,4.0,-0.14987788654168122,False,Gustavo Prado,"LAMF, RAMF, LWF",EE,21.0,3,140,0.0574091332712022,False,22,3,3.0,139.47,8842.99,336.17,121.95,4.52,36.78,4.52,11.61,2.58,34.2,29.0,29.0,72.45,93.77,194.81,237.81,22.91,0.88,6.17,,,,,,,,,,,,,,,,,,
2026,Ceará,16,31,Meio,4.0,-0.14987788654168122,False,Gabriel Amaral,CF,CA,20.0,2,102,0.0418266542404473,False,23,4,2.0,101.32,9306.76,488.57,165.22,8.88,58.63,8.88,18.65,1.78,33.76,27.9,27.9,125.12,105.64,393.7,275.9,31.77,4.54,15.89,,,,,,,,,,,,,,,,,,
2026,Ceará,16,31,Meio,4.0,-0.14987788654168122,False,Thalisson,RCB,ZD,24.0,2,102,0.0418266542404473,False,24,2,2.0,100.34,8755.16,386.55,137.22,8.07,44.84,6.28,12.56,1.79,22.42,30.75,30.75,29.96,130.89,130.95,325.35,9.98,0.0,0.0,,,,,,,,,,,,,,,,,,
2026,Ceará,16,31,Meio,4.0,-0.14987788654168122,False,Caio,"LCMF, RDMF",MED,18.0,3,93,0.0381360671015843,False,25,2,3.0,93.78,8753.64,343.62,95.98,3.84,34.55,5.76,13.44,0.0,15.36,25.43,25.43,11.13,142.43,50.88,439.83,3.06,0.0,1.53,,,,,,,,,,,,,,,,,,
2026,Ceará,16,31,Meio,4.0,-0.14987788654168122,False,Gilmar,RCB,ZD,20.0,1,79,0.0323951537744641,False,26,3,1.0,78.77,9733.94,316.5,73.13,4.57,35.42,3.43,5.71,2.29,22.85,28.3,28.3,13.24,63.37,135.66,222.47,1.65,0.0,0.0,,,,,,,,,,,,,,,,,,
2026,Ceará,16,31,Meio,4.0,-0.14987788654168122,False,Kauã,"LWF, LWB, RB",EE,20.0,3,53,0.0217334575955265,False,27,4,3.0,61.41,9846.02,718.05,512.89,20.52,84.99,11.72,19.05,7.33,19.05,31.83,31.83,258.15,390.46,347.33,534.92,25.48,4.25,12.74,,,,,,,,,,,,,,,,,,
2026,Ceará,16,31,Meio,4.0,-0.14987788654168122,False,Lenny Lobato,RAMF,ED,25.0,1,23,0.0094315004659832,False,28,3,2.0,60.26,10743.25,636.17,270.3,13.44,73.17,8.96,13.44,2.99,37.33,28.45,28.45,68.15,283.96,234.89,514.97,12.28,0.0,8.19,,,,,,,,,,,,,,,,,,
2026,Ceará,16,31,Meio,4.0,-0.14987788654168122,False,Aloisio,RB,LD,18.0,2,22,0.0090214352283317,False,29,2,2.0,23.92,11451.01,1049.9,293.52,15.05,94.08,15.05,15.05,3.76,48.92,26.8,26.8,120.95,123.66,565.61,403.05,25.57,17.05,17.05,,,,,,,,,,,,,,,,,,
2026,Criciúma,5,44,Meio,5.0,0.3656324448684465,True,Marcelo Hermes,"LWB, LB",LE,31.0,26,2610,1.0013602594956577,True,1,1,25.0,2505.5,10102.7,639.18,204.53,11.1,64.84,6.75,16.02,1.83,25.68,29.2,31.18,150.38,106.78,389.02,388.9,26.06,2.64,7.1,90.0,90.0,45.0,68.0,60.0,32.0,46.0,60.0,15.0,55.0,72.0,74.0,36.0,90.0,69.0,49.0,69.0,72.0
2026,Criciúma,5,44,Meio,5.0,0.3656324448684465,True,César Martins,"RCB, CB, LCB",ZD,33.0,21,2035,0.7807540720588748,True,2,1,20.0,1932.2,9463.33,488.7,246.68,11.78,59.85,5.92,13.18,2.0,23.99,31.32,33.34,98.07,208.63,174.86,393.03,12.33,1.0,2.0,92.0,97.0,100.0,97.0,97.0,97.0,95.0,97.0,92.0,97.0,100.0,100.0,97.0,95.0,97.0,92.0,97.0,97.0
2026,Criciúma,5,44,Meio,5.0,0.3656324448684465,True,Guilherme Lobo,"LCMF, RCMF",MED,26.0,23,1914,0.7343308569634822,True,3,1,22.0,1783.76,10390.57,595.85,148.13,7.32,57.52,4.59,13.07,0.66,35.72,27.54,29.32,74.57,108.89,364.96,372.89,33.69,1.33,4.0,50.0,75.0,65.0,52.0,58.0,35.0,48.0,40.0,48.0,49.0,52.0,60.0,67.0,100.0,40.0,62.0,38.0,29.0
2026,Criciúma,5,44,Meio,5.0,0.3656324448684465,True,Fellipe Mateus,"AMF, LCMF, LWF",MEI,35.0,24,1906,0.7312615534861009,True,4,1,24.0,1909.68,11140.87,692.25,125.45,6.74,59.0,5.04,12.3,0.14,42.13,27.05,28.54,95.96,60.25,423.69,429.38,42.4,4.53,11.6,97.0,80.0,27.0,33.0,40.0,43.0,28.0,10.0,73.0,20.0,23.0,40.0,20.0,77.0,87.0,77.0,47.0,40.0
2026,Criciúma,5,44,Meio,5.0,0.3656324448684465,True,Waguininho,CF,CA,36.0,25,1881,0.7216699801192843,True,5,1,24.0,1790.64,9947.01,590.94,188.72,10.4,63.68,8.64,16.99,1.56,32.77,28.53,30.38,139.37,87.15,399.03,309.61,35.27,9.16,17.93,75.0,63.0,46.0,47.0,47.0,66.0,54.0,51.0,37.0,46.0,48.0,59.0,41.0,85.0,44.0,61.0,53.0,32.0
2026,Criciúma,5,44,Meio,5.0,0.3656324448684465,True,Luciano Castán,LCB,ZE,36.0,19,1841,0.7063234627323777,True,6,1,19.0,1837.49,9836.11,540.67,162.12,8.62,51.23,5.49,12.15,0.69,23.9,28.47,29.9,72.11,114.67,218.69,414.5,17.42,1.08,3.33,92.0,97.0,85.0,79.0,95.0,74.0,87.0,44.0,87.0,49.0,41.0,97.0,69.0,97.0,95.0,97.0,95.0,97.0
2026,Criciúma,5,44,Meio,5.0,0.3656324448684465,True,Rodrigo,CB,ZD,39.0,18,1767,0.6779324055666004,True,7,2,16.0,1560.96,8802.89,378.11,134.92,6.63,42.38,4.55,9.86,0.98,18.05,29.53,31.38,40.17,131.52,113.65,331.81,5.14,0.62,0.92,45.0,84.0,84.0,79.0,87.0,37.0,49.0,68.0,45.0,84.0,82.0,82.0,87.0,74.0,87.0,11.0,92.0,92.0
2026,Criciúma,5,44,Meio,5.0,0.3656324448684465,True,Willean Lepo,RWB,LD,29.0,22,1710,0.6560636182902584,True,8,1,21.0,1602.3,10107.89,682.17,270.9,15.5,77.74,6.96,15.9,2.47,33.93,29.68,30.92,181.82,152.72,398.41,436.97,29.62,3.54,5.9,91.0,93.0,86.0,98.0,98.0,33.0,33.0,81.0,91.0,63.0,51.0,86.0,81.0,95.0,88.0,77.0,91.0,84.0
2026,Criciúma,5,44,Meio,5.0,0.3656324448684465,True,Rómulo Otero,"RWF, AMF, RW",ED,33.0,23,1477,0.5666701545115274,False,9,1,22.0,1381.8200000000002,9531.25,492.56,157.61,6.97,51.13,6.51,14.39,0.78,30.02,27.89,29.68,92.78,100.91,302.88,311.9,26.0,2.5,7.49,33.0,5.0,10.0,5.0,5.0,18.0,8.0,13.0,5.0,18.0,31.0,3.0,41.0,8.0,18.0,13.0,13.0,15.0
2026,Criciúma,5,44,Meio,5.0,0.3656324448684465,True,Eduardo,"RCMF, LCMF",MED,29.0,17,1239,0.4753583760594329,False,10,2,16.0,1131.36,10780.03,722.61,229.18,10.98,72.39,4.38,17.82,0.95,49.08,27.98,29.54,107.73,172.02,357.41,515.31,36.12,1.4,4.2,79.0,98.0,96.0,94.0,96.0,29.0,88.0,69.0,92.0,65.0,60.0,88.0,100.0,92.0,90.0,77.0,40.0,31.0
2026,Criciúma,5,44,Meio,5.0,0.3656324448684465,True,Bruno Alves,"RCB, CB, LCB",ZD,35.0,15,1146,0.4396777231348749,False,11,3,13.0,1040.26,9110.05,375.14,111.61,5.8,38.76,4.84,10.99,1.38,16.44,28.79,30.14,28.05,99.35,116.44,291.97,6.49,0.15,0.29,71.0,82.0,68.0,68.0,71.0,61.0,82.0,87.0,24.0,61.0,45.0,45.0,74.0,76.0,66.0,47.0,50.0,53.0
2026,Criciúma,5,44,Meio,5.0,0.3656324448684465,True,Diego Gonçalves,"AMF, LWF, CF",MEI,31.0,19,848,0.3253461686024205,False,12,2,15.0,684.0,10828.16,748.61,282.87,13.81,83.28,8.29,20.26,1.58,40.26,29.64,31.3,220.07,105.57,535.92,361.17,50.71,8.83,20.1,87.0,87.0,90.0,90.0,93.0,93.0,87.0,77.0,63.0,93.0,88.0,97.0,73.0,100.0,67.0,90.0,93.0,97.0
2026,Criciúma,5,44,Meio,5.0,0.3656324448684465,True,Marcinho,"RWB, RB",LD,30.0,13,743,0.2850615604617906,False,13,2,13.0,745.5500000000001,10312.27,670.5,177.95,8.57,57.95,7.97,16.66,0.85,29.94,27.41,29.46,135.74,85.65,399.91,398.4,31.08,2.89,5.43,95.0,88.0,19.0,12.0,16.0,70.0,50.0,5.0,67.0,5.0,14.0,49.0,7.0,98.0,79.0,88.0,84.0,79.0
2026,Criciúma,5,44,Meio,5.0,0.3656324448684465,True,Jhonata Robert,"AMF, RWF",MEI,26.0,17,710,0.2724006836175927,False,14,3,16.0,683.2,10359.51,628.47,268.33,10.93,66.52,6.72,15.41,1.71,40.18,28.98,31.16,181.99,140.66,427.58,336.61,37.85,5.41,13.27,57.0,67.0,87.0,70.0,60.0,63.0,70.0,80.0,60.0,73.0,80.0,80.0,97.0,83.0,40.0,50.0,53.0,57.0
2026,Criciúma,5,44,Meio,5.0,0.3656324448684465,True,Romarinho,"AMF, RW, RWF",MEI,32.0,15,537,0.2060269959192215,False,15,4,13.0,515.32,10255.93,623.37,220.42,10.13,61.31,7.51,14.5,2.27,30.57,29.55,31.0,153.86,85.56,387.31,319.34,30.99,2.71,7.22,50.0,63.0,77.0,63.0,47.0,77.0,57.0,90.0,23.0,90.0,77.0,70.0,50.0,53.0,33.0,23.0,27.0,13.0
2026,Criciúma,5,44,Meio,5.0,0.3656324448684465,True,Jean Irmer,"RCMF, LCMF, DMF",MED,31.0,12,410,0.1573018032157929,False,16,3,12.0,445.32,10351.89,648.62,221.13,11.52,69.13,6.06,19.2,1.21,39.82,28.12,30.14,132.93,130.48,347.81,413.25,18.12,0.55,3.84,48.0,85.0,92.0,98.0,94.0,81.0,94.0,85.0,71.0,77.0,81.0,94.0,83.0,90.0,73.0,6.0,10.0,27.0
2026,Criciúma,5,44,Meio,5.0,0.3656324448684465,True,Cauê,CF,CA,23.0,12,374,0.143489937567577,False,17,2,11.0,366.52,10224.64,592.31,266.93,13.75,76.62,8.1,14.73,2.21,32.91,29.69,31.28,208.23,90.69,389.38,266.27,43.07,8.7,25.24,85.0,66.0,81.0,75.0,81.0,58.0,27.0,80.0,40.0,73.0,75.0,92.0,44.0,80.0,17.0,88.0,41.0,83.0
2026,Criciúma,5,44,Meio,5.0,0.3656324448684465,True,Hiago Alves,"LWB, RB, LW",LE,21.0,9,315,0.1208538244218897,False,18,2,7.0,275.17,10283.55,638.78,214.89,9.81,60.51,7.85,15.37,2.62,31.73,27.69,28.48,152.06,77.76,408.32,312.62,26.4,3.49,10.09,95.0,88.0,55.0,32.0,38.0,57.0,35.0,98.0,80.0,12.0,10.0,77.0,10.0,95.0,23.0,54.0,85.0,90.0
2026,Criciúma,5,44,Meio,5.0,0.3656324448684465,True,Yuri Jonathan,"CF, LWF",CA,28.0,4,93,0.0356806529245579,False,19,3,3.0,73.77,9300.54,494.13,380.66,10.98,62.22,7.32,13.42,1.22,26.84,30.97,30.97,140.38,339.96,198.68,391.05,19.02,5.95,13.08,,,,,,,,,,,,,,,,,,
2026,Criciúma,5,44,Meio,5.0,0.3656324448684465,True,Léo Mana,"RCB, RB",ZD,22.0,2,45,0.0172648320602699,False,20,4,2.0,46.2,10188.31,562.99,103.25,7.79,42.86,3.9,15.58,0.0,29.22,26.85,26.85,42.3,68.48,224.21,466.3,12.68,0.0,0.0,,,,,,,,,,,,,,,,,,
2026,Criciúma,5,44,Meio,5.0,0.3656324448684465,True,Bidu,LW,EE,18.0,1,14,0.0053712810854173,False,21,1,1.0,14.15,11588.69,865.02,178.09,6.36,38.16,12.72,19.08,0.0,25.44,28.5,28.5,82.44,144.39,295.42,702.67,0.0,0.0,0.0,,,,,,,,,,,,,,,,,,
2026,Cuiabá,10,39,Meio,11.0,0.1601841178549097,False,Raul,"RCMF, CB, LCMF",MED,30.0,26,2614,0.9671386768019912,True,1,1,26.0,2630.42,10175.36,457.66,104.7,5.0,43.56,3.73,11.39,0.75,26.21,27.38,29.52,43.58,79.34,212.01,330.21,26.08,0.31,1.53,35.0,10.0,21.0,15.0,10.0,8.0,15.0,53.0,10.0,44.0,58.0,21.0,42.0,25.0,12.0,29.0,8.0,8.0
2026,Cuiabá,10,39,Meio,11.0,0.1601841178549097,False,João Basso,RCB,ZD,29.0,26,2542,0.940499815007904,True,2,1,26.0,2558.66,9365.34,347.8,93.32,4.68,34.93,4.12,8.76,0.25,19.42,28.31,30.32,30.02,79.31,141.75,256.03,13.9,0.3,0.36,89.0,66.0,47.0,39.0,50.0,18.0,18.0,8.0,71.0,37.0,50.0,58.0,50.0,92.0,45.0,95.0,71.0,58.0
2026,Cuiabá,10,39,Meio,11.0,0.1601841178549097,False,Calebe Costa,"CB, RCMF",ZD,23.0,25,2318,0.8576233560929669,True,3,2,25.0,2330.75,10459.64,518.6,116.7,6.99,50.7,4.02,11.66,0.58,30.31,27.64,29.34,55.02,82.52,280.6,316.74,30.93,1.9,4.78,100.0,100.0,74.0,89.0,95.0,12.0,89.0,34.0,100.0,16.0,24.0,92.0,55.0,100.0,82.0,100.0,100.0,100.0
2026,Cuiabá,10,39,Meio,11.0,0.1601841178549097,False,Pepê,"LCMF, RW, RWF",MED,28.0,21,1571,0.5812451649793144,False,4,2,21.0,1572.69,10992.12,580.93,100.67,5.49,50.25,3.83,10.76,0.34,34.91,26.57,28.8,41.27,74.26,270.03,418.93,36.31,1.84,5.17,96.0,65.0,17.0,23.0,27.0,15.0,10.0,23.0,42.0,12.0,36.0,17.0,31.0,44.0,79.0,79.0,50.0,48.0
2026,Cuiabá,10,39,Meio,11.0,0.1601841178549097,False,Railan,"RWB, RB",LD,26.0,19,1538,0.5690356866570246,False,5,1,18.0,1530.36,9547.11,549.26,189.54,10.29,61.4,7.06,17.52,1.23,28.35,29.07,30.98,127.86,105.14,314.38,352.86,26.48,2.25,3.38,40.0,33.0,30.0,35.0,28.0,40.0,70.0,26.0,49.0,42.0,55.0,35.0,21.0,56.0,33.0,49.0,74.0,49.0
2026,Cuiabá,10,39,Meio,11.0,0.1601841178549097,False,Vitor Mendes,"LCB, CB",ZE,27.0,17,1430,0.5290773939658941,False,6,1,17.0,1428.51,9324.93,345.17,93.3,5.17,37.42,5.48,11.53,1.26,22.11,28.66,31.34,27.71,70.07,137.32,237.78,11.44,0.4,0.4,77.0,49.0,33.0,36.0,38.0,72.0,74.0,87.0,79.0,64.0,85.0,41.0,23.0,77.0,21.0,79.0,64.0,46.0
2026,Cuiabá,10,39,Meio,11.0,0.1601841178549097,False,Kauan Cristtyan,"CF, AMF, RWF",CA,20.0,23,1285,0.4754296861861357,False,7,1,21.0,1195.11,10608.05,769.47,229.61,12.8,80.5,9.79,21.31,1.96,44.05,29.02,30.62,192.85,103.43,458.34,498.06,37.62,6.57,16.22,95.0,93.0,63.0,68.0,86.0,81.0,92.0,74.0,85.0,58.0,62.0,86.0,58.0,97.0,95.0,71.0,12.0,19.0
2026,Cuiabá,10,39,Meio,11.0,0.1601841178549097,False,Jean Dias,"AMF, LWF, RWF",MEI,35.0,12,877,0.3244761360196427,False,8,1,12.0,869.28,10647.18,670.81,252.52,14.29,79.83,8.28,19.05,1.97,41.83,29.52,30.88,192.56,105.83,399.2,384.41,38.95,6.67,12.26,77.0,73.0,83.0,97.0,90.0,90.0,80.0,87.0,70.0,87.0,73.0,90.0,77.0,67.0,70.0,67.0,73.0,47.0
2026,Cuiabá,10,39,Meio,11.0,0.1601841178549097,False,Vinicius Peixoto,"CF, AMF",CA,22.0,22,852,0.3152265312300292,False,9,2,22.0,857.12,10266.95,592.17,168.13,9.87,69.41,8.3,19.22,1.89,42.32,28.91,32.08,101.22,68.39,302.97,356.37,39.7,10.26,22.79,88.0,64.0,32.0,39.0,59.0,64.0,83.0,68.0,76.0,51.0,85.0,34.0,22.0,41.0,63.0,80.0,71.0,70.0
2026,Cuiabá,10,39,Meio,11.0,0.1601841178549097,False,Alan Empereur,LCB,ZE,32.0,8,717,0.2652786653661161,False,10,2,8.0,722.88,9235.73,352.85,82.8,4.86,34.86,4.73,8.84,0.62,19.17,27.56,27.98,26.12,65.56,138.32,249.88,16.38,0.99,1.24,69.0,51.0,23.0,31.0,33.0,44.0,23.0,41.0,54.0,13.0,13.0,38.0,18.0,82.0,33.0,95.0,92.0,82.0
2026,Cuiabá,10,39,Meio,11.0,0.1601841178549097,False,Igor Inocêncio,RWB,LD,28.0,8,684,0.2530691870438263,False,11,2,8.0,683.36,10495.77,672.2,180.83,10.67,65.98,5.79,15.94,1.05,30.69,27.56,28.48,110.7,96.61,384.81,368.03,30.45,2.42,3.63,100.0,91.0,21.0,40.0,53.0,5.0,36.0,12.0,74.0,8.0,2.0,21.0,14.0,91.0,51.0,84.0,81.0,53.0
2026,Cuiabá,10,39,Meio,11.0,0.1601841178549097,False,Weverson,"LB, RWF, RW",LE,23.0,20,659,0.2438195822542127,False,12,1,20.0,659.2,10467.73,634.78,185.25,8.74,64.3,6.96,14.33,1.23,43.14,28.05,30.8,150.13,95.43,369.92,421.63,35.37,2.31,6.92,98.0,80.0,30.0,15.0,52.0,35.0,18.0,25.0,100.0,16.0,50.0,69.0,23.0,85.0,87.0,100.0,56.0,67.0
2026,Cuiabá,10,39,Meio,11.0,0.1601841178549097,False,Eric,"LWB, LCB, LB",LE,26.0,13,651,0.2408597087215364,False,13,2,13.0,665.47,9473.5,516.59,236.93,10.68,61.67,8.11,16.77,2.16,28.8,30.11,31.66,141.99,157.49,277.08,341.05,27.11,1.44,5.28,28.0,28.0,75.0,50.0,45.0,65.0,62.0,78.0,48.0,88.0,82.0,56.0,82.0,38.0,44.0,62.0,38.0,51.0
2026,Cuiabá,10,39,Meio,11.0,0.1601841178549097,False,Eliel,"AMF, RWF, CF",MEI,23.0,11,587,0.2171807204601258,False,14,2,11.0,581.24,10607.85,831.17,296.83,14.25,93.68,10.37,27.72,3.1,54.04,28.91,29.86,200.57,139.87,442.05,471.9,38.32,10.37,17.36,73.0,100.0,97.0,93.0,97.0,100.0,100.0,100.0,97.0,70.0,45.0,93.0,93.0,90.0,90.0,60.0,97.0,90.0
2026,Cuiabá,10,39,Meio,11.0,0.1601841178549097,False,Fábio Gomes,CF,CA,29.0,7,448,0.1657529178298745,False,15,3,6.0,372.3,10052.5,499.94,206.46,10.64,62.37,7.74,16.2,0.73,27.56,29.85,30.66,170.97,81.82,344.26,235.16,35.02,11.56,25.44,78.0,36.0,56.0,51.0,44.0,46.0,46.0,15.0,19.0,81.0,64.0,75.0,34.0,64.0,10.0,58.0,80.0,85.0
2026,Cuiabá,10,39,Meio,11.0,0.1601841178549097,False,Hernandes,"CF, AMF, LWF",CA,26.0,5,390,0.1442938347179711,False,16,4,5.0,398.3,9689.58,702.54,296.02,15.82,86.32,9.49,18.98,3.62,39.09,29.5,29.5,258.66,143.09,463.46,434.97,45.21,8.54,18.16,58.0,88.0,90.0,88.0,90.0,75.0,81.0,98.0,66.0,66.0,31.0,98.0,78.0,98.0,83.0,95.0,37.0,36.0
2026,Cuiabá,10,39,Meio,11.0,0.1601841178549097,False,Gabriel,RCB,ZD,22.0,4,277,0.1024856210689179,False,17,3,4.0,275.44,9323.8,427.37,104.56,6.53,43.78,5.88,11.44,0.0,19.28,29.07,29.07,50.04,68.92,187.9,279.69,14.34,0.0,0.0,,,,,,,,,,,,,,,,,,
2026,Cuiabá,10,39,Meio,11.0,0.1601841178549097,False,Mateus Criciúma,"CF, RCMF, RW",CA,27.0,6,200,0.0739968383169082,False,18,5,6.0,204.48,9943.36,542.77,141.31,6.6,51.5,3.96,10.56,1.32,36.54,28.77,29.42,104.26,81.92,377.58,363.14,38.0,1.95,15.59,73.0,46.0,24.0,17.0,20.0,2.0,3.0,41.0,56.0,47.0,29.0,37.0,36.0,75.0,68.0,75.0,2.0,14.0
2026,Cuiabá,10,39,Meio,11.0,0.1601841178549097,False,Wesley Dias,"LCMF, RCMF",MED,31.0,4,177,0.0654872019104638,False,19,3,3.0,135.72,10703.18,352.13,35.81,1.99,35.81,2.65,8.62,0.0,23.87,24.87,24.87,33.85,4.57,185.79,204.74,28.56,1.5,6.76,,,,,,,,,,,,,,,,,,
2026,Cuiabá,10,39,Meio,11.0,0.1601841178549097,False,Yamil Asad,"LCMF, LW, CF",MED,31.0,4,152,0.0562375971208502,False,20,4,4.0,152.6,10928.59,802.77,192.29,10.62,76.09,7.67,22.41,1.77,40.11,27.27,27.27,163.56,97.22,614.44,377.99,41.58,8.91,32.67,,,,,,,,,,,,,,,,,,
2026,Cuiabá,10,39,Meio,11.0,0.1601841178549097,False,Marcos Júnior,"LWF, AMF, RW",EE,33.0,6,137,0.0506878342470821,False,21,1,6.0,148.68,10724.95,616.75,114.39,4.24,55.08,6.05,11.5,0.0,36.92,25.48,26.04,77.37,29.14,438.82,258.13,68.13,4.47,23.45,100.0,52.0,5.0,2.0,5.0,14.0,2.0,4.0,31.0,2.0,2.0,12.0,2.0,83.0,5.0,100.0,43.0,98.0
2026,Cuiabá,10,39,Meio,11.0,0.1601841178549097,False,Victor Barbara,"RWF, CF, LW",ED,22.0,4,99,0.0366284349668695,False,22,1,4.0,99.8,10818.04,855.95,340.94,15.33,93.8,8.12,20.74,0.9,45.1,29.0,29.0,279.55,153.85,542.05,446.15,35.2,3.41,12.49,,,,,,,,,,,,,,,,,,
2026,Cuiabá,10,39,Meio,11.0,0.1601841178549097,False,Gabriel Mineiro,LWB,LE,21.0,1,28,0.0103595573643671,False,23,3,1.0,28.02,9216.3,542.89,131.71,9.64,57.82,9.64,25.7,3.21,28.91,28.0,28.0,45.96,166.67,160.85,753.33,22.96,7.65,11.48,,,,,,,,,,,,,,,,,,
2026,Cuiabá,10,39,Meio,11.0,0.1601841178549097,False,Aiyran,CF,CA,17.0,1,16,0.0059197470653526,False,24,6,1.0,24.47,9913.49,614.31,220.71,11.04,80.93,11.04,11.04,0.0,66.21,30.2,30.2,33.33,279.03,283.33,470.52,,,,,,,,,,,,,,,,,,,,,
2026,Fortaleza,4,47,Sobe,1.0,0.18138512690691688,False,Lucas Gazal,"LCB, RCB",ZE,27.0,24,2331,0.8497431648715825,True,1,1,24.0,2330.88,8446.63,236.45,74.36,3.24,24.52,3.75,6.91,0.27,13.05,27.68,30.48,23.08,61.02,65.03,202.62,4.65,0.06,0.19,15.0,8.0,15.0,13.0,5.0,10.0,5.0,13.0,5.0,18.0,56.0,21.0,13.0,10.0,13.0,13.0,36.0,28.0
2026,Fortaleza,4,47,Sobe,1.0,0.18138512690691688,False,Lucas Sasha,"RCMF, LCMF",MED,36.0,25,1894,0.6904391052195527,True,2,1,25.0,1884.75,10199.92,470.24,109.02,5.21,45.51,3.15,11.94,0.24,29.94,26.99,28.32,56.49,69.43,203.05,348.62,24.76,3.03,5.12,40.0,17.0,25.0,17.0,12.0,2.0,29.0,12.0,21.0,23.0,27.0,38.0,23.0,15.0,25.0,19.0,71.0,45.0
2026,Fortaleza,4,47,Sobe,1.0,0.18138512690691688,False,Maílton,"RB, RWB",LD,28.0,22,1838,0.6700248550124276,True,3,1,22.0,1839.86,8961.46,423.5,186.31,8.8,51.21,6.85,16.78,1.96,23.97,29.85,31.6,138.1,73.84,225.16,264.39,17.25,0.78,2.64,2.0,7.0,28.0,14.0,7.0,30.0,56.0,65.0,14.0,77.0,80.0,51.0,2.0,14.0,2.0,9.0,13.0,33.0
2026,Fortaleza,4,47,Sobe,1.0,0.18138512690691688,False,J. Miritello,CF,CA,27.0,23,1800,0.6561723280861641,True,4,1,23.0,1802.28,9097.35,389.28,121.75,6.84,45.74,5.64,12.48,1.55,26.47,28.24,30.42,95.31,44.66,253.51,194.88,24.31,10.85,20.14,22.0,7.0,14.0,19.0,10.0,10.0,15.0,49.0,10.0,36.0,51.0,29.0,5.0,10.0,3.0,8.0,75.0,49.0
2026,Fortaleza,4,47,Sobe,1.0,0.18138512690691688,False,Rodrigo Santos,LCMF,MED,25.0,25,1406,0.5125434962717481,False,5,2,25.0,1402.5,9779.83,556.8,113.0,6.1,52.75,4.75,17.45,0.45,36.96,27.19,29.92,53.2,83.35,276.85,389.24,29.51,1.86,5.9,8.0,52.0,29.0,29.0,33.0,40.0,85.0,25.0,54.0,33.0,77.0,27.0,48.0,50.0,50.0,40.0,52.0,54.0
2026,Fortaleza,4,47,Sobe,1.0,0.18138512690691688,False,E. Brítez,RCB,ZD,34.0,12,1208,0.4403645401822701,False,6,1,12.0,1208.28,8616.98,288.62,88.49,4.92,31.88,4.39,9.09,0.45,19.07,27.99,29.26,26.56,72.24,71.89,254.94,6.47,0.13,0.27,26.0,24.0,37.0,47.0,26.0,34.0,29.0,26.0,68.0,26.0,14.0,29.0,32.0,13.0,42.0,42.0,43.0,50.0
2026,Fortaleza,4,47,Sobe,1.0,0.18138512690691688,False,Luan Freitas,"CB, RCB, LCB",ZD,25.0,14,1195,0.4356255178127589,False,7,2,14.0,1195.88,8544.68,276.73,86.7,4.14,28.15,4.74,9.86,1.05,15.58,27.52,29.56,30.86,73.36,103.38,215.64,5.76,0.0,0.25,13.0,13.0,34.0,16.0,11.0,53.0,49.0,72.0,21.0,11.0,30.0,68.0,34.0,61.0,11.0,30.0,13.0,43.0
2026,Fortaleza,4,47,Sobe,1.0,0.18138512690691688,False,Gabriel Fuentes,"LB, LWB",LE,29.0,14,1162,0.4235956917978459,False,8,1,9.0,694.08,9507.44,580.28,221.87,11.28,65.35,8.43,17.25,1.3,27.36,29.01,29.7,,,,,,,,32.0,60.0,68.0,70.0,62.0,72.0,75.0,31.0,30.0,48.0,22.0,,,,,,,
2026,Fortaleza,4,47,Sobe,1.0,0.18138512690691688,False,Pierre,"DMF, RCMF",VOL,24.0,16,1114,0.4060977630488815,False,9,1,16.0,1114.88,10716.69,492.99,92.03,4.92,47.3,4.28,14.37,0.32,40.12,27.43,29.78,34.85,73.21,163.31,407.97,30.05,1.04,1.62,80.0,43.0,26.0,26.0,41.0,46.0,72.0,33.0,87.0,57.0,76.0,43.0,28.0,46.0,61.0,72.0,57.0,30.0
2026,Fortaleza,4,47,Sobe,1.0,0.18138512690691688,False,T. Pochettino,"AMF, RW",MEI,30.0,12,882,0.3215244407622204,False,10,1,12.0,876.1200000000001,9687.95,595.01,191.18,9.96,67.19,6.57,14.28,1.03,46.13,28.49,29.68,151.52,84.71,424.12,330.6,33.84,5.92,11.85,23.0,50.0,63.0,60.0,63.0,60.0,53.0,53.0,90.0,60.0,40.0,67.0,47.0,80.0,37.0,33.0,63.0,43.0
2026,Fortaleza,4,47,Sobe,1.0,0.18138512690691688,False,Welliton Matheus,"RW, RWF, RAMF",ED,26.0,19,703,0.256271748135874,False,11,1,19.0,715.16,9051.01,459.33,124.21,6.92,50.21,8.93,13.72,1.64,35.11,27.84,30.82,98.35,44.31,316.87,245.3,25.86,5.21,7.22,5.0,3.0,3.0,3.0,3.0,69.0,5.0,51.0,23.0,15.0,72.0,10.0,5.0,10.0,5.0,10.0,62.0,13.0
2026,Fortaleza,4,47,Sobe,1.0,0.18138512690691688,False,T. Cardona,LCB,ZE,30.0,8,638,0.2325766362883181,False,12,2,8.0,640.48,9087.5,250.26,53.68,2.67,25.29,3.37,7.45,0.0,16.58,26.06,27.3,9.62,42.87,65.87,186.26,8.71,0.58,0.77,62.0,10.0,3.0,3.0,8.0,3.0,10.0,3.0,31.0,3.0,3.0,3.0,3.0,13.0,5.0,59.0,77.0,72.0
2026,Fortaleza,4,47,Sobe,1.0,0.18138512690691688,False,Kauã Rocha,"CB, LCB",ZD,19.0,7,503,0.1833637116818558,False,13,3,7.0,501.48,8725.6,309.03,114.5,4.85,33.92,5.74,10.59,0.72,22.07,28.8,29.28,22.09,105.66,73.37,270.98,7.58,0.0,0.0,34.0,39.0,71.0,45.0,42.0,95.0,68.0,50.0,87.0,63.0,20.0,16.0,79.0,16.0,53.0,66.0,13.0,8.0
2026,Fortaleza,4,47,Sobe,1.0,0.18138512690691688,False,Paulo Baya,"LWF, LW, CF",EE,27.0,16,452,0.1647721623860812,False,14,1,16.0,466.08,10262.88,712.24,361.04,17.18,88.81,9.85,19.11,2.12,47.5,30.43,32.46,280.05,150.32,447.28,400.34,30.05,1.24,8.67,74.0,83.0,95.0,95.0,95.0,98.0,57.0,71.0,88.0,88.0,95.0,95.0,79.0,90.0,67.0,33.0,2.0,12.0
2026,Fortaleza,4,47,Sobe,1.0,0.18138512690691688,False,Lucas Crispim,"LCMF, AMF, RB",MED,32.0,14,449,0.1636785418392709,False,15,3,14.0,462.84,10164.23,561.5,165.85,9.53,61.83,7.39,14.78,0.78,38.5,28.07,30.3,99.95,105.27,302.65,347.64,30.02,2.36,5.73,33.0,54.0,77.0,85.0,77.0,96.0,69.0,58.0,65.0,72.0,90.0,83.0,65.0,69.0,23.0,44.0,62.0,52.0
2026,Fortaleza,4,47,Sobe,1.0,0.18138512690691688,False,Lucas Emanoel,CF,CA,20.0,7,322,0.1173819386909693,False,16,2,7.0,322.7,9284.75,490.02,123.83,6.41,50.48,9.48,15.9,0.84,29.84,27.77,28.48,78.33,66.59,272.99,336.65,31.52,10.3,21.82,34.0,27.0,15.0,15.0,17.0,73.0,41.0,20.0,24.0,17.0,17.0,14.0,20.0,24.0,58.0,42.0,73.0,66.0
2026,Fortaleza,4,47,Sobe,1.0,0.18138512690691688,False,Lucca Prior,"AMF, RWF, RCMF",MEI,22.0,10,249,0.0907705053852526,False,17,2,9.0,241.29,10115.68,532.91,123.81,5.97,56.69,7.83,14.54,0.37,39.16,27.14,28.26,59.81,80.99,252.7,397.16,35.92,7.33,13.93,40.0,30.0,23.0,10.0,37.0,87.0,63.0,27.0,53.0,23.0,17.0,13.0,40.0,20.0,80.0,40.0,77.0,63.0
2026,Fortaleza,4,47,Sobe,1.0,0.18138512690691688,False,Kaio Henrique,LB,LE,20.0,3,152,0.0554101077050538,False,18,2,3.0,153.84,10294.57,455.12,205.91,10.53,59.08,5.26,15.79,0.0,27.49,26.8,26.8,100.61,89.47,179.27,259.79,28.96,4.14,4.14,,,,,,,,,,,,,,,,,,
2026,Fortaleza,4,47,Sobe,1.0,0.18138512690691688,False,Nathan Fogaça,CF,CA,27.0,3,143,0.052129246064623,False,19,3,3.0,127.23,9601.73,638.04,273.75,18.39,84.88,7.07,20.51,4.95,37.49,29.43,29.43,214.06,135.32,335.84,415.24,28.52,1.9,16.16,,,,,,,,,,,,,,,,,,
2026,Fortaleza,4,47,Sobe,1.0,0.18138512690691688,False,Matheus Rossetto,RCMF,MED,30.0,1,48,0.0174979287489643,False,20,4,1.0,48.15,10175.7,332.71,37.38,1.87,28.04,1.87,9.35,0.0,26.17,24.8,24.8,1.88,48.17,120.38,268.73,20.68,0.0,1.88,,,,,,,,,,,,,,,,,,
2026,Goiás,13,36,Meio,6.0,0.011863184068382937,False,Filipe Machado,"LDMF, DMF, RDMF",VOL,30.0,21,1855,0.6866440084799946,True,1,1,21.0,1845.69,9613.7,322.48,76.22,3.12,30.67,3.8,9.12,0.44,19.26,26.88,29.6,21.01,62.17,117.36,267.42,20.5,0.25,0.41,13.0,4.0,17.0,7.0,2.0,20.0,7.0,37.0,4.0,39.0,72.0,11.0,13.0,11.0,2.0,28.0,17.0,9.0
2026,Goiás,13,36,Meio,6.0,0.011863184068382937,False,Lucas Ribeiro,"LCB, RCB",ZE,27.0,19,1499,0.5548675842110576,False,2,1,19.0,1493.9699999999998,8935.82,320.07,117.23,5.42,36.21,5.18,10.3,1.27,18.86,30.05,32.9,25.59,109.29,91.44,272.65,6.89,0.2,0.61,49.0,33.0,46.0,41.0,36.0,59.0,46.0,90.0,46.0,87.0,100.0,33.0,67.0,28.0,46.0,33.0,50.0,62.0
2026,Goiás,13,36,Meio,6.0,0.011863184068382937,False,Ramon Menezes,"LCB, RCB",ZE,31.0,16,1484,0.5493152067839957,False,3,2,16.0,1476.16,8744.54,280.95,70.97,2.99,26.46,4.27,7.99,0.37,14.21,27.23,29.18,18.31,62.09,82.9,228.97,9.02,0.1,0.2,28.0,21.0,10.0,8.0,10.0,26.0,18.0,21.0,18.0,10.0,28.0,10.0,15.0,21.0,18.0,64.0,38.0,31.0
2026,Goiás,13,36,Meio,6.0,0.011863184068382937,False,Lourenço,"AMF, RDMF, LDMF",MEI,29.0,20,1435,0.53117744052226,False,4,1,20.0,1426.6,10093.22,383.73,152.09,5.99,41.7,4.16,9.15,0.57,25.99,29.41,31.6,59.49,118.32,157.66,293.6,18.61,0.62,3.08,37.0,10.0,37.0,13.0,10.0,20.0,7.0,35.0,13.0,83.0,93.0,10.0,90.0,3.0,23.0,3.0,3.0,3.0
2026,Goiás,13,36,Meio,6.0,0.011863184068382937,False,Rodrigo Soares,RB,LD,33.0,21,1415,0.5237742706195108,False,5,1,21.0,1402.1699999999998,9998.23,586.18,166.3,9.24,59.75,6.74,14.7,1.09,27.66,28.18,30.02,85.51,106.67,320.24,360.36,32.05,2.95,6.26,72.0,51.0,12.0,16.0,21.0,26.0,16.0,15.0,42.0,19.0,28.0,9.0,26.0,58.0,42.0,91.0,86.0,88.0
2026,Goiás,13,36,Meio,6.0,0.011863184068382937,False,Kadu,"LAMF, CF",EE,24.0,17,1348,0.4989736514453007,False,6,1,17.0,1341.3000000000002,10022.93,608.25,302.48,14.36,76.63,7.38,23.01,1.68,37.78,30.73,32.4,195.7,160.93,344.58,341.28,38.23,5.69,18.36,60.0,45.0,86.0,81.0,62.0,52.0,95.0,55.0,45.0,93.0,90.0,79.0,88.0,36.0,38.0,74.0,62.0,88.0
2026,Goiás,13,36,Meio,6.0,0.011863184068382937,False,Anselmo Ramon,CF,CA,38.0,22,1331,0.4926809570279638,False,7,1,22.0,1337.6,8674.33,383.34,97.97,4.71,38.02,5.32,12.25,1.21,24.09,27.07,29.3,53.01,58.07,179.22,278.38,21.36,7.46,15.93,7.0,5.0,7.0,8.0,3.0,7.0,12.0,36.0,5.0,11.0,25.0,7.0,10.0,3.0,20.0,5.0,24.0,15.0
2026,Goiás,13,36,Meio,6.0,0.011863184068382937,False,Cadu,CF,CA,22.0,20,1235,0.4571457414947673,False,8,2,20.0,1227.2,10687.5,740.63,301.93,17.53,93.72,10.78,17.82,3.15,54.05,29.82,32.02,144.53,215.25,315.27,542.83,35.04,12.02,21.76,98.0,92.0,93.0,93.0,95.0,95.0,69.0,92.0,100.0,78.0,83.0,61.0,93.0,47.0,97.0,59.0,85.0,64.0
2026,Goiás,13,36,Meio,6.0,0.011863184068382937,False,Djalma Silva,LB,LE,31.0,20,1060,0.3923680048457112,False,9,1,19.0,1029.04,9838.04,490.91,179.73,9.45,55.1,8.31,16.27,1.84,28.6,28.41,30.72,83.79,118.47,257.45,299.98,23.47,0.59,2.21,68.0,22.0,18.0,30.0,15.0,68.0,55.0,64.0,42.0,28.0,45.0,18.0,51.0,21.0,18.0,36.0,18.0,10.0
2026,Goiás,13,36,Meio,6.0,0.011863184068382937,False,Gegé,"LAMF, LCMF",EE,32.0,17,1015,0.3757108725645253,False,10,2,17.0,1018.98,10288.44,564.02,135.84,6.62,54.49,4.15,13.87,0.35,37.36,26.66,28.64,63.77,82.14,267.75,405.9,33.34,3.6,8.29,79.0,26.0,7.0,5.0,2.0,2.0,7.0,7.0,40.0,7.0,7.0,7.0,12.0,2.0,69.0,50.0,29.0,7.0
2026,Goiás,13,36,Meio,6.0,0.011863184068382937,False,Diego Caito,RB,LD,22.0,12,682,0.25244809368375,False,11,2,12.0,681.84,9615.25,625.5,357.03,15.57,77.61,7.39,16.89,2.24,29.83,30.9,32.22,231.45,210.22,372.38,360.46,30.72,2.06,6.18,44.0,81.0,100.0,100.0,95.0,49.0,63.0,72.0,60.0,98.0,95.0,98.0,100.0,86.0,44.0,86.0,72.0,86.0
2026,Goiás,13,36,Meio,6.0,0.011863184068382937,False,Baldória,"DMF, LDMF, LCMF",VOL,21.0,13,645,0.2387522293636639,False,12,2,13.0,649.48,10768.54,458.83,111.14,5.54,48.64,5.54,16.77,0.83,42.68,28.15,30.46,23.63,104.67,120.33,383.8,17.98,0.27,0.27,89.0,33.0,50.0,46.0,52.0,87.0,91.0,57.0,91.0,80.0,89.0,22.0,65.0,13.0,48.0,13.0,20.0,4.0
2026,Goiás,13,36,Meio,6.0,0.011863184068382937,False,E. Garcia,"LAMF, LW, LWF",EE,26.0,15,619,0.2291281084900898,False,13,3,15.0,621.3000000000001,9896.19,630.79,220.74,10.28,67.79,7.68,17.96,1.45,41.57,27.78,29.28,116.31,134.15,301.06,438.91,32.07,5.13,12.61,45.0,57.0,45.0,31.0,36.0,55.0,40.0,40.0,67.0,12.0,19.0,21.0,67.0,14.0,86.0,43.0,52.0,45.0
2026,Goiás,13,36,Meio,6.0,0.011863184068382937,False,Marcos Vinicius,"RB, RWB",LD,29.0,7,310,0.1147491334926136,False,14,3,7.0,314.3,10017.73,664.87,336.44,15.18,75.02,7.16,13.46,4.01,24.62,29.64,30.54,228.43,136.82,301.79,407.31,28.29,0.99,1.99,77.0,86.0,98.0,95.0,88.0,44.0,7.0,98.0,23.0,60.0,49.0,95.0,58.0,47.0,84.0,67.0,28.0,12.0
2026,Goiás,13,36,Meio,6.0,0.011863184068382937,False,Bruno Sávio,"RAMF, CF, RWF",ED,31.0,8,236,0.0873574048524413,False,15,1,8.0,236.88,10325.15,733.17,188.8,8.36,66.48,10.26,17.85,1.52,44.83,27.19,27.98,142.37,114.89,444.9,489.43,42.23,8.45,17.45,67.0,72.0,18.0,10.0,21.0,85.0,33.0,38.0,72.0,3.0,8.0,33.0,56.0,69.0,87.0,79.0,100.0,88.0
2026,Goiás,13,36,Meio,6.0,0.011863184068382937,False,Brayann,"AMF, CF, RCMF",MEI,28.0,7,219,0.0810647104351044,False,16,2,7.0,218.33,10554.3,489.75,98.11,6.18,49.88,4.12,12.78,0.0,38.34,27.2,28.12,50.14,56.41,283.29,295.61,39.22,2.36,8.51,67.0,23.0,10.0,20.0,23.0,13.0,37.0,5.0,50.0,32.0,13.0,7.0,13.0,27.0,27.0,70.0,23.0,27.0
2026,Goiás,13,36,Meio,6.0,0.011863184068382937,False,Wellington Rato,"RAMF, RWF, LCMF",ED,34.0,6,212,0.0784736009691422,False,17,2,6.0,217.56,10375.1,595.36,205.62,10.76,67.44,5.38,16.55,0.83,35.58,27.92,28.5,93.74,149.95,240.37,461.71,24.35,0.68,6.76,69.0,38.0,33.0,31.0,26.0,5.0,23.0,15.0,26.0,21.0,10.0,5.0,82.0,3.0,85.0,5.0,3.0,5.0
2026,Goiás,13,36,Meio,6.0,0.011863184068382937,False,Felipe Clemente,CF,CA,27.0,3,168,0.0621866271830938,False,18,3,3.0,167.73,9625.34,581.7,165.82,10.73,70.3,6.44,14.49,1.61,44.0,27.77,27.77,122.44,59.36,333.28,320.14,33.93,12.72,28.28,,,,,,,,,,,,,,,,,,
2026,Goiás,13,36,Meio,6.0,0.011863184068382937,False,Murilo Camara,LCB,ZE,19.0,1,52,0.019248241747148,False,19,3,1.0,52.12,8686.28,293.57,108.79,6.91,39.72,5.18,15.54,3.45,34.54,29.3,29.3,79.8,63.61,101.97,185.06,,,,,,,,,,,,,,,,,,,,,
2026,Goiás,13,36,Meio,6.0,0.011863184068382937,False,Halerrandrio,"LWB, LWF",LE,20.0,2,44,0.0162869737860483,False,20,2,2.0,44.54,10751.52,804.04,513.13,22.22,103.03,8.08,20.2,4.04,48.48,33.1,33.1,418.49,179.12,466.05,490.38,41.1,0.0,3.74,,,,,,,,,,,,,,,,,,
2026,Goiás,13,36,Meio,6.0,0.011863184068382937,False,Danilo Cunha,LWF,EE,19.0,1,16,0.0059225359221994,False,21,4,1.0,16.62,10366.7,785.36,113.74,5.42,70.41,5.42,10.83,0.0,16.25,26.6,26.6,90.0,59.8,648.0,376.74,53.89,0.0,35.93,,,,,,,,,,,,,,,,,,
2026,Juventude,1,50,Sobe,3.0,0.4659058330243331,True,Rodrigo Sam,RCB,ZD,31.0,23,2267,0.8443202979515829,True,1,1,22.0,2165.68,9481.14,463.96,172.55,8.52,48.5,5.07,13.46,1.5,27.14,29.11,31.12,73.5,136.66,194.97,341.7,16.88,0.61,1.56,95.0,95.0,95.0,92.0,92.0,76.0,97.0,89.0,97.0,79.0,71.0,97.0,89.0,97.0,89.0,97.0,89.0,95.0
2026,Juventude,1,50,Sobe,3.0,0.4659058330243331,True,Messias,CB,ZD,31.0,19,1645,0.6126629422718808,True,2,2,18.0,1624.86,8180.29,238.18,92.95,4.43,28.08,3.88,7.7,0.5,11.69,29.93,31.54,37.17,77.38,63.43,218.18,2.69,0.1,0.2,5.0,5.0,45.0,32.0,8.0,8.0,3.0,30.0,3.0,89.0,86.0,76.0,45.0,5.0,16.0,3.0,39.0,34.0
2026,Juventude,1,50,Sobe,3.0,0.4659058330243331,True,Diogo Barbosa,"LWB, LB",LE,34.0,20,1586,0.5906890130353818,False,3,1,19.0,1505.56,9729.13,573.33,256.69,12.97,68.98,8.55,20.09,1.97,30.19,29.94,32.24,199.0,109.53,350.79,299.26,33.47,2.42,10.54,62.0,57.0,85.0,90.0,88.0,80.0,88.0,70.0,65.0,72.0,92.0,97.0,44.0,77.0,15.0,95.0,62.0,92.0
2026,Juventude,1,50,Sobe,3.0,0.4659058330243331,True,Alisson Safira,"CF, RWF",CA,31.0,26,1585,0.590316573556797,False,4,1,25.0,1549.0,9584.79,460.54,139.05,7.38,51.83,6.39,12.2,1.16,30.68,28.28,30.0,85.55,87.74,269.5,284.8,28.43,7.07,16.29,53.0,17.0,22.0,20.0,22.0,15.0,10.0,34.0,31.0,37.0,41.0,19.0,42.0,17.0,24.0,25.0,19.0,22.0
2026,Juventude,1,50,Sobe,3.0,0.4659058330243331,True,Lucas Mineiro,"LCMF, RCMF",MED,30.0,21,1570,0.5847299813780261,False,5,1,21.0,1558.2,10532.33,416.58,73.82,3.35,35.7,3.64,10.17,0.12,34.37,26.17,28.28,21.4,65.01,138.03,359.08,29.91,1.29,2.58,54.0,4.0,2.0,2.0,2.0,6.0,2.0,6.0,38.0,6.0,25.0,4.0,12.0,4.0,35.0,42.0,33.0,10.0
2026,Juventude,1,50,Sobe,3.0,0.4659058330243331,True,Luan Gonçalves,"LCMF, RCMF",MED,26.0,22,1258,0.4685288640595903,False,6,2,21.0,1172.22,10614.73,480.65,158.48,7.22,49.91,3.76,10.44,0.54,27.33,28.14,30.62,72.73,131.37,207.6,381.15,25.64,1.15,3.62,67.0,21.0,75.0,48.0,25.0,10.0,6.0,28.0,15.0,79.0,93.0,58.0,85.0,19.0,42.0,23.0,23.0,21.0
2026,Juventude,1,50,Sobe,3.0,0.4659058330243331,True,Gabriel Pinheiro,"RCB, LCB, CB",ZD,29.0,16,1236,0.4603351955307262,False,7,3,13.0,1086.28,8917.1,303.97,98.26,5.55,34.8,4.72,9.94,0.83,19.72,28.55,30.06,30.16,75.67,98.59,231.02,10.73,0.49,0.81,55.0,37.0,53.0,66.0,47.0,50.0,57.0,58.0,74.0,53.0,42.0,61.0,39.0,47.0,21.0,89.0,87.0,80.0
2026,Juventude,1,50,Sobe,3.0,0.4659058330243331,True,Aderlan,"RWB, RB",LD,36.0,14,1009,0.3757914338919925,False,8,1,14.0,1006.88,9878.34,609.7,206.39,9.92,64.09,6.44,15.29,1.52,29.23,28.87,29.88,127.88,109.33,323.29,363.92,29.71,1.64,4.68,63.0,65.0,37.0,27.0,40.0,15.0,19.0,45.0,58.0,30.0,23.0,37.0,28.0,63.0,49.0,79.0,58.0,70.0
2026,Juventude,1,50,Sobe,3.0,0.4659058330243331,True,Mandaca,"LCMF, RCMF, LWF",MED,24.0,13,836,0.3113594040968342,False,9,3,11.0,645.8100000000001,10063.25,546.12,230.63,10.59,61.87,5.99,11.84,1.25,27.45,28.65,30.18,170.93,113.27,320.05,334.44,30.81,3.35,8.26,25.0,48.0,98.0,88.0,79.0,79.0,25.0,88.0,17.0,92.0,83.0,100.0,71.0,79.0,15.0,48.0,77.0,75.0
2026,Juventude,1,50,Sobe,3.0,0.4659058330243331,True,M. Castro,"LW, RW, AMF",EE,30.0,16,796,0.2964618249534451,False,10,1,15.0,724.35,10002.14,699.45,278.34,14.29,79.03,5.96,15.78,1.62,37.15,29.53,30.86,158.83,159.65,388.82,407.75,34.5,4.2,14.71,55.0,76.0,81.0,79.0,71.0,12.0,21.0,52.0,36.0,67.0,60.0,55.0,86.0,57.0,74.0,61.0,38.0,62.0
2026,Juventude,1,50,Sobe,3.0,0.4659058330243331,True,Raí Ramos,"RWB, RB",LD,32.0,11,737,0.274487895716946,False,11,2,10.0,686.8000000000001,9746.63,540.31,209.94,11.14,62.38,7.34,15.86,1.44,23.59,29.24,29.94,147.21,111.58,323.27,345.58,27.14,1.94,2.42,60.0,26.0,42.0,47.0,35.0,47.0,29.0,37.0,12.0,47.0,26.0,56.0,35.0,60.0,28.0,56.0,70.0,23.0
2026,Juventude,1,50,Sobe,3.0,0.4659058330243331,True,Titi,CB,ZD,38.0,9,661,0.2461824953445065,False,12,4,9.0,662.76,9066.23,290.48,77.27,3.26,27.16,3.67,9.91,0.0,18.6,26.11,27.78,17.74,56.87,66.61,220.15,4.15,0.0,0.0,66.0,29.0,11.0,5.0,3.0,3.0,53.0,4.0,58.0,3.0,5.0,8.0,11.0,8.0,18.0,8.0,13.0,8.0
2026,Juventude,1,50,Sobe,3.0,0.4659058330243331,True,Patryck,LWB,LE,23.0,7,497,0.1851024208566108,False,13,2,7.0,488.94999999999993,9310.57,481.32,201.73,9.02,57.8,9.2,21.17,1.84,23.56,29.96,30.5,177.38,97.19,320.16,321.51,29.75,1.55,6.95,15.0,20.0,40.0,25.0,30.0,95.0,95.0,64.0,10.0,76.0,38.0,87.0,26.0,64.0,36.0,85.0,44.0,69.0
2026,Juventude,1,50,Sobe,3.0,0.4659058330243331,True,Allanzinho,"LW, AMF",EE,26.0,9,303,0.1128491620111731,False,14,2,6.0,228.9,10602.23,743.51,255.96,12.58,75.1,8.26,20.05,3.15,33.81,28.3,29.48,300.0,71.7,576.97,359.0,43.17,5.89,15.7,98.0,90.0,67.0,48.0,57.0,64.0,76.0,93.0,24.0,29.0,24.0,100.0,10.0,100.0,45.0,93.0,69.0,74.0
2026,Juventude,1,50,Sobe,3.0,0.4659058330243331,True,L. Amarilla,CF,CA,31.0,4,259,0.096461824953445,False,15,2,4.0,256.2,10756.79,757.43,238.89,16.51,91.34,8.43,17.57,1.76,56.91,29.35,29.35,171.2,81.74,387.39,399.07,47.77,11.42,27.0,,,,,,,,,,,,,,,,,,
2026,Juventude,1,50,Sobe,3.0,0.4659058330243331,True,Gabriel Pires,"LCMF, RCMF",MED,32.0,7,257,0.0957169459962756,False,16,4,7.0,265.51,10922.38,720.72,151.87,7.8,66.44,6.78,19.66,0.68,42.71,27.3,28.26,80.66,76.17,309.14,446.76,40.76,5.32,12.4,88.0,96.0,69.0,60.0,85.0,92.0,96.0,44.0,79.0,38.0,23.0,67.0,38.0,73.0,83.0,92.0,98.0,94.0
2026,Juventude,1,50,Sobe,3.0,0.4659058330243331,True,Pablo Roberto,"LW, LWF, RCMF",EE,26.0,4,171,0.0636871508379888,False,17,3,4.0,172.4,9581.15,597.16,119.01,7.83,61.59,9.4,18.79,1.04,39.15,28.2,28.2,85.36,48.72,416.54,310.44,36.34,1.86,8.39,,,,,,,,,,,,,,,,,,
2026,Juventude,1,50,Sobe,3.0,0.4659058330243331,True,Iba Ly,"RCMF, RW",MED,23.0,6,97,0.0361266294227188,False,18,5,6.0,95.82,10126.76,526.76,86.38,6.57,58.22,7.51,13.15,2.82,58.22,26.07,26.2,12.62,79.94,252.34,391.42,57.14,0.0,0.0,27.0,38.0,6.0,33.0,65.0,98.0,50.0,98.0,100.0,4.0,4.0,2.0,46.0,40.0,56.0,100.0,4.0,2.0
2026,Juventude,1,50,Sobe,3.0,0.4659058330243331,True,Lucas Alves,"LWF, AMF",EE,24.0,4,78,0.0290502793296089,False,19,4,4.0,80.68,9586.12,682.81,213.1,12.27,81.45,8.93,16.74,1.12,35.7,28.4,28.4,126.01,136.5,439.62,357.0,45.52,20.69,28.97,,,,,,,,,,,,,,,,,,
2026,Juventude,1,50,Sobe,3.0,0.4659058330243331,True,Carlos Júnior,"RCMF, RW, RAMF",MED,18.0,3,45,0.0167597765363128,False,20,6,3.0,44.34,11640.45,941.95,332.93,14.21,83.23,10.15,32.48,0.0,56.84,26.87,26.87,236.18,220.5,506.75,436.5,47.37,6.32,15.79,,,,,,,,,,,,,,,,,,
2026,Juventude,1,50,Sobe,3.0,0.4659058330243331,True,Ray Breno,"AMF, LAMF",MEI,21.0,2,26,0.0096834264432029,False,21,1,2.0,25.88,10344.49,653.7,525.05,13.91,69.54,10.43,20.86,10.43,41.73,27.55,27.55,282.22,990.53,127.34,830.77,41.02,0.0,23.44,,,,,,,,,,,,,,,,,,
2026,Londrina,18,22,Cai,17.0,-0.2867380443811932,False,Yago Lincoln,RCB,ZD,23.0,21,2039,0.7290427433772143,True,1,1,20.0,1962.2,9146.61,348.55,136.14,6.83,39.72,4.86,8.94,1.24,18.07,30.27,32.56,59.15,97.25,123.42,257.79,6.48,0.08,0.4,74.0,68.0,87.0,87.0,76.0,63.0,24.0,82.0,47.0,92.0,92.0,95.0,71.0,87.0,47.0,45.0,32.0,61.0
2026,Londrina,18,22,Cai,17.0,-0.2867380443811932,False,Gabriel Lacerda,LCB,ZE,27.0,19,1811,0.6475215342109539,True,2,1,19.0,1828.94,9089.57,365.75,121.54,6.25,40.1,5.56,11.56,0.49,18.4,28.45,30.76,46.35,83.15,147.49,255.18,8.44,0.28,0.66,64.0,64.0,49.0,54.0,56.0,79.0,79.0,32.0,44.0,45.0,67.0,72.0,38.0,85.0,38.0,54.0,56.0,67.0
2026,Londrina,18,22,Cai,17.0,-0.2867380443811932,False,Lucas Marques,"RCMF, DMF",MED,31.0,21,1667,0.5960344547375264,False,3,1,20.0,1632.2,10142.62,461.8,91.75,4.58,40.47,4.19,12.57,0.22,26.19,26.87,28.82,52.63,54.63,197.76,335.69,20.83,3.1,5.91,29.0,12.0,10.0,4.0,4.0,25.0,36.0,9.0,8.0,21.0,40.0,25.0,4.0,12.0,17.0,10.0,73.0,56.0
2026,Londrina,18,22,Cai,17.0,-0.2867380443811932,False,Bruno Santos,CF,CA,29.0,16,1539,0.5502681618722574,False,4,1,16.0,1562.72,9317.28,563.12,303.15,15.78,76.42,10.54,18.6,3.28,34.67,30.84,32.18,250.0,137.89,392.38,295.59,35.93,10.07,21.4,37.0,58.0,95.0,86.0,78.0,93.0,76.0,93.0,51.0,93.0,86.0,97.0,76.0,81.0,32.0,66.0,66.0,61.0
2026,Londrina,18,22,Cai,17.0,-0.2867380443811932,False,Heron,"LB, LCB",LE,26.0,23,1499,0.5359661953518609,False,5,1,22.0,1495.12,9922.21,539.78,225.32,10.59,62.3,7.22,16.13,0.96,29.2,30.07,33.06,188.25,93.56,300.82,320.81,23.49,1.24,4.64,72.0,40.0,72.0,48.0,48.0,45.0,50.0,12.0,50.0,85.0,100.0,90.0,21.0,51.0,33.0,38.0,33.0,44.0
2026,Londrina,18,22,Cai,17.0,-0.2867380443811932,False,André Luiz,"DMF, LCMF, LDMF",VOL,31.0,16,1438,0.5141556964082561,False,6,1,16.0,1460.48,9818.47,475.17,116.96,6.35,48.0,4.68,13.25,0.68,26.74,27.52,29.34,52.73,89.35,183.31,369.63,17.25,0.87,1.87,26.0,35.0,61.0,63.0,48.0,59.0,54.0,53.0,24.0,60.0,68.0,70.0,50.0,57.0,39.0,9.0,50.0,37.0
2026,Londrina,18,22,Cai,17.0,-0.2867380443811932,False,William Pottker,CF,CA,32.0,19,1425,0.5095075572891272,False,7,2,20.0,1469.4,9920.17,598.25,278.88,14.39,75.1,7.53,14.7,1.96,33.57,30.31,33.12,179.86,130.78,371.72,309.5,29.36,9.43,15.04,71.0,68.0,86.0,80.0,76.0,43.0,25.0,74.0,46.0,86.0,98.0,80.0,69.0,71.0,42.0,29.0,59.0,8.0
2026,Londrina,18,22,Cai,17.0,-0.2867380443811932,False,Kauê Leonardo,RB,LD,21.0,16,1281,0.4580204778156996,False,8,1,15.0,1179.4499999999998,10099.75,588.23,182.37,10.15,64.71,6.03,15.64,1.22,33.88,28.76,29.6,116.98,91.36,325.42,339.62,28.95,1.12,2.94,86.0,60.0,23.0,33.0,44.0,9.0,23.0,23.0,88.0,26.0,21.0,28.0,9.0,65.0,26.0,70.0,35.0,40.0
2026,Londrina,18,22,Cai,17.0,-0.2867380443811932,False,Paulinho Moccelin,"LW, AMF, CF",EE,32.0,21,1117,0.3993824150820738,False,9,1,20.0,1017.6,10583.41,652.5,219.59,10.79,69.34,6.63,14.42,1.24,38.91,28.15,31.66,170.9,91.7,418.76,349.96,33.94,4.82,13.78,95.0,64.0,40.0,36.0,40.0,26.0,14.0,31.0,52.0,21.0,81.0,64.0,29.0,74.0,40.0,55.0,50.0,51.0
2026,Londrina,18,22,Cai,17.0,-0.2867380443811932,False,Iago Teles,"LW, LAMF, LWF",EE,26.0,13,1103,0.3943767267999349,False,10,2,13.0,1123.72,9116.24,536.16,182.7,9.37,61.91,6.81,19.22,1.52,33.4,28.65,29.96,133.67,89.71,355.38,313.77,27.29,3.0,9.41,12.0,19.0,24.0,24.0,24.0,31.0,62.0,48.0,17.0,40.0,29.0,36.0,24.0,38.0,26.0,17.0,11.0,19.0
2026,Londrina,18,22,Cai,17.0,-0.2867380443811932,False,Pablo Dyego,"LW, RAMF, CF",EE,32.0,18,960,0.3432471964895173,False,11,3,17.0,900.49,10169.53,673.95,288.65,15.19,83.16,9.69,18.39,2.8,40.78,29.47,31.22,215.67,119.8,407.96,376.08,42.66,9.1,19.13,67.0,69.0,83.0,86.0,83.0,95.0,43.0,90.0,62.0,62.0,69.0,88.0,57.0,62.0,62.0,88.0,95.0,93.0
2026,Londrina,18,22,Cai,17.0,-0.2867380443811932,False,Tárik,"DMF, RDMF, RCMF",VOL,33.0,12,885,0.3164310092637737,False,12,2,12.0,812.76,9798.26,362.07,63.22,2.66,33.33,3.99,12.07,0.0,22.03,25.82,27.14,17.33,35.35,102.08,310.17,18.14,0.0,1.3,22.0,9.0,7.0,2.0,7.0,33.0,41.0,8.0,9.0,4.0,9.0,7.0,2.0,4.0,11.0,15.0,7.0,26.0
2026,Londrina,18,22,Cai,17.0,-0.2867380443811932,False,Kevyn,"LB, LWB",LE,28.0,16,861,0.3078498293515358,False,13,2,14.0,826.2800000000001,10019.31,711.96,274.35,14.7,81.79,8.82,22.65,2.18,34.63,29.0,30.24,196.95,121.6,411.11,400.96,30.03,3.71,8.16,88.0,100.0,98.0,100.0,100.0,85.0,98.0,80.0,88.0,44.0,32.0,95.0,59.0,97.0,74.0,87.0,90.0,82.0
2026,Londrina,18,22,Cai,17.0,-0.2867380443811932,False,Thalis,"LCMF, CF",MED,30.0,14,835,0.2985535511132781,False,14,2,12.0,720.24,10622.8,522.73,135.84,6.62,55.48,6.87,14.62,1.0,49.36,27.95,29.82,84.91,74.45,327.81,303.34,39.37,2.35,6.85,71.0,31.0,50.0,35.0,46.0,94.0,65.0,73.0,94.0,61.0,71.0,69.0,33.0,85.0,8.0,90.0,60.0,65.0
2026,Londrina,18,22,Cai,17.0,-0.2867380443811932,False,Gilberto,CF,CA,37.0,14,564,0.2016577279375914,False,15,3,13.0,529.23,9638.47,546.75,212.41,11.05,64.79,8.16,17.69,1.02,27.38,28.92,30.38,139.24,100.9,295.5,330.92,28.17,8.84,17.4,54.0,51.0,58.0,59.0,51.0,61.0,68.0,28.0,14.0,53.0,48.0,56.0,53.0,36.0,54.0,22.0,47.0,27.0
2026,Londrina,18,22,Cai,17.0,-0.2867380443811932,False,Rafael Monteiro,LB,LE,22.0,9,549,0.1962944904924426,False,16,3,9.0,547.38,9417.32,551.16,264.89,11.02,66.26,9.37,15.79,1.64,29.27,29.82,31.32,136.13,154.22,257.84,393.64,27.37,0.27,4.11,18.0,42.0,88.0,65.0,72.0,98.0,40.0,48.0,55.0,68.0,75.0,54.0,79.0,23.0,72.0,67.0,3.0,31.0
2026,Londrina,18,22,Cai,17.0,-0.2867380443811932,False,Nino Paraíba,"RB, RWB",LD,40.0,11,495,0.1769868356899073,False,17,2,7.0,379.61,10055.06,614.78,270.05,12.33,70.89,8.77,16.83,0.24,32.72,30.5,31.76,188.64,132.15,367.68,332.92,23.8,1.03,2.59,84.0,72.0,84.0,64.0,77.0,88.0,60.0,2.0,79.0,91.0,85.0,88.0,53.0,81.0,16.0,30.0,33.0,30.0
2026,Londrina,18,22,Cai,17.0,-0.2867380443811932,False,Artur,"LB, LCB",LE,32.0,8,437,0.1562489842353323,False,18,4,7.0,347.76,9458.86,448.77,190.74,9.83,56.16,8.54,20.7,1.29,26.14,29.04,29.96,105.62,113.98,218.14,280.69,14.25,0.45,1.78,22.0,12.0,32.0,35.0,20.0,76.0,92.0,28.0,18.0,50.0,28.0,31.0,49.0,13.0,5.0,8.0,6.0,8.0
2026,Londrina,18,22,Cai,17.0,-0.2867380443811932,False,André Dhominique,RB,LD,22.0,7,414,0.1480253534861043,False,19,3,7.0,414.33,9278.34,577.17,324.32,13.25,71.03,9.56,19.77,1.52,27.15,31.81,32.58,279.0,132.0,360.43,335.1,27.92,0.79,3.93,21.0,44.0,95.0,79.0,79.0,95.0,88.0,45.0,37.0,100.0,100.0,100.0,51.0,79.0,19.0,65.0,17.0,60.0
2026,Londrina,18,22,Cai,17.0,-0.2867380443811932,False,Caio Rodrigues,RCB,ZD,22.0,5,398,0.1423045668779457,False,20,2,6.0,467.88,8941.08,276.42,89.83,3.85,29.62,4.62,8.66,0.96,15.2,27.75,28.76,40.07,49.89,91.97,196.84,7.26,0.0,0.0,58.0,11.0,39.0,11.0,16.0,42.0,16.0,66.0,13.0,21.0,11.0,79.0,5.0,34.0,3.0,55.0,13.0,8.0
2026,Londrina,18,22,Cai,17.0,-0.2867380443811932,False,E. Rodríguez,"RWF, RAMF, CF",ED,23.0,7,356,0.1272875020315293,False,21,1,7.0,354.83,9775.8,585.15,236.65,14.2,76.85,8.88,21.56,2.03,40.58,29.54,30.2,130.63,169.4,328.7,376.63,28.69,6.83,12.3,41.0,31.0,44.0,72.0,64.0,64.0,79.0,64.0,51.0,64.0,44.0,26.0,90.0,23.0,56.0,18.0,85.0,51.0
2026,Londrina,18,22,Cai,17.0,-0.2867380443811932,False,Guilherme Portuga,"LCMF, DMF, RCMF",MED,28.0,6,318,0.1137006338371526,False,22,3,7.0,405.02,10549.8,405.3,88.21,5.56,43.55,3.56,12.0,0.67,34.22,26.5,27.0,32.82,58.9,190.51,271.23,21.31,2.03,3.72,58.0,2.0,8.0,25.0,8.0,4.0,33.0,42.0,33.0,10.0,8.0,8.0,10.0,10.0,2.0,15.0,56.0,25.0
2026,Londrina,18,22,Cai,17.0,-0.2867380443811932,False,André Cardoso,"DMF, AMF, LCMF",VOL,23.0,6,178,0.0636437510157646,False,23,3,5.0,159.3,10636.74,750.77,215.8,11.86,79.65,5.65,16.95,1.13,49.71,28.44,28.44,112.5,211.42,297.38,767.37,31.84,3.75,7.49,74.0,100.0,96.0,98.0,98.0,91.0,93.0,83.0,100.0,91.0,46.0,96.0,98.0,91.0,100.0,78.0,87.0,85.0
2026,Londrina,18,22,Cai,17.0,-0.2867380443811932,False,Chumbinho,"RCMF, AMF",MED,22.0,4,134,0.0479115878433284,False,24,4,4.0,135.68,10328.99,707.84,206.31,10.61,72.97,5.97,16.58,1.33,36.49,28.1,28.1,97.97,119.64,356.18,536.26,32.35,4.15,7.46,,,,,,,,,,,,,,,,,,
2026,Londrina,18,22,Cai,17.0,-0.2867380443811932,False,Caio Rafael,"CF, LCMF",CA,22.0,5,133,0.0475540386803185,False,25,4,5.0,133.3,9833.04,607.73,235.66,11.48,73.6,5.4,16.88,0.68,51.32,28.2,28.2,152.1,181.32,283.4,576.36,44.12,3.04,13.69,66.0,75.0,66.0,64.0,71.0,8.0,51.0,12.0,98.0,32.0,14.0,64.0,90.0,29.0,100.0,92.0,5.0,5.0
2026,Londrina,18,22,Cai,17.0,-0.2867380443811932,False,Fabiano,"RCMF, DMF, LCMF",MED,21.0,5,121,0.0432634487241995,False,26,5,5.0,121.1,10927.83,709.74,129.31,7.43,66.89,4.46,22.3,0.0,56.48,26.64,26.64,57.16,128.8,304.05,632.29,49.78,1.21,3.64,92.0,92.0,40.0,54.0,90.0,31.0,100.0,3.0,98.0,15.0,6.0,42.0,81.0,71.0,100.0,98.0,27.0,23.0
2026,Londrina,18,22,Cai,17.0,-0.2867380443811932,False,Murilo Sousa,"LDMF, DMF, RDMF",VOL,21.0,3,96,0.0343247196489517,False,27,4,3.0,97.68,10659.01,633.99,186.14,8.29,59.9,4.61,14.74,0.92,39.62,28.43,28.43,113.78,82.15,347.03,453.3,34.11,1.71,10.23,,,,,,,,,,,,,,,,,,
2026,Londrina,18,22,Cai,17.0,-0.2867380443811932,False,Hebert,LW,EE,26.0,1,50,0.0178774581504956,False,28,4,2.0,146.14,9919.91,718.73,339.35,21.56,99.16,9.24,18.48,5.54,38.18,29.7,29.7,334.62,72.33,532.64,295.35,37.96,4.85,21.0,,,,,,,,,,,,,,,,,,
2026,Londrina,18,22,Cai,17.0,-0.2867380443811932,False,Caio Maia,"LW, RW, CF",EE,21.0,3,46,0.016447261498456,False,29,5,3.0,47.97,12172.98,1177.91,330.11,11.25,101.29,11.25,28.13,5.63,58.15,27.77,27.77,281.87,85.98,679.95,545.79,50.6,5.95,17.86,,,,,,,,,,,,,,,,,,
2026,Londrina,18,22,Cai,17.0,-0.2867380443811932,False,Fellipe Resende,RW,ED,22.0,1,13,0.0046481391191288,False,30,2,1.0,18.33,9513.82,633.27,166.91,14.73,73.64,9.82,29.45,0.0,58.91,27.1,27.1,133.83,134.76,408.18,654.55,40.09,0.0,20.04,,,,,,,,,,,,,,,,,,
2026,Novorizontino,2,49,Sobe,8.0,0.49865492430500247,True,Rômulo,"AMF, CF",MEI,24.0,27,2289,0.8158841255954117,True,1,1,27.0,2278.8,10464.01,614.51,228.56,12.09,71.21,7.54,14.53,1.54,43.76,30.05,31.74,187.01,93.74,398.66,358.01,38.31,5.99,13.8,63.0,53.0,80.0,83.0,77.0,80.0,60.0,73.0,77.0,97.0,97.0,83.0,53.0,63.0,60.0,57.0,70.0,60.0
2026,Novorizontino,2,49,Sobe,8.0,0.49865492430500247,True,Robson,CF,CA,35.0,26,2272,0.8098246978386962,True,2,1,26.0,2260.7000000000003,10183.51,614.74,189.17,11.39,71.42,8.96,17.32,1.71,43.59,29.08,30.6,158.29,79.4,416.09,331.25,42.98,14.08,26.74,83.0,76.0,47.0,63.0,64.0,68.0,63.0,56.0,83.0,59.0,58.0,69.0,29.0,88.0,56.0,86.0,93.0,90.0
2026,Novorizontino,2,49,Sobe,8.0,0.49865492430500247,True,Maykon,LB,LE,20.0,21,1984,0.7071708629013966,True,3,1,20.0,1879.0,10170.94,642.47,201.75,10.73,65.43,6.42,16.76,1.58,31.23,28.59,30.8,146.7,101.05,363.81,414.12,26.36,1.99,6.22,92.0,95.0,42.0,56.0,68.0,20.0,60.0,42.0,75.0,30.0,50.0,62.0,33.0,82.0,79.0,51.0,54.0,59.0
2026,Novorizontino,2,49,Sobe,8.0,0.49865492430500247,True,Luís Oyama,"RDMF, LCMF, RCMF",VOL,29.0,23,1906,0.679368782605878,True,4,1,23.0,1899.8,11060.0,640.05,150.94,7.96,61.64,4.26,14.64,0.85,37.81,28.0,29.86,97.63,80.32,339.52,413.67,38.0,3.05,9.7,100.0,96.0,76.0,76.0,89.0,43.0,74.0,61.0,76.0,74.0,83.0,91.0,37.0,98.0,65.0,98.0,85.0,91.0
2026,Novorizontino,2,49,Sobe,8.0,0.49865492430500247,True,Léo Naldi,"LDMF, LCMF",VOL,25.0,23,1795,0.6398042837237938,True,5,2,23.0,1788.7099999999998,10295.62,522.24,131.01,7.65,54.04,4.18,11.22,0.65,26.57,27.96,30.16,56.07,103.37,218.72,400.83,19.02,2.57,5.13,63.0,63.0,65.0,70.0,63.0,37.0,28.0,47.0,22.0,72.0,87.0,72.0,61.0,65.0,57.0,24.0,82.0,76.0
2026,Novorizontino,2,49,Sobe,8.0,0.49865492430500247,True,Mádson,RB,LD,34.0,18,1458,0.5196850393700787,False,6,1,18.0,1459.62,8992.54,541.49,257.49,12.46,66.16,8.76,19.48,2.9,21.27,30.66,32.0,158.58,151.68,256.45,376.5,20.2,1.92,3.74,5.0,28.0,70.0,70.0,56.0,86.0,79.0,93.0,5.0,93.0,93.0,67.0,79.0,19.0,58.0,16.0,67.0,58.0
2026,Novorizontino,2,49,Sobe,8.0,0.49865492430500247,True,Vinícius Paiva,"LAMF, LW, RAMF",EE,25.0,20,1342,0.4783383558536664,False,7,1,20.0,1345.4,9946.67,669.03,362.58,17.13,87.23,8.56,19.8,2.74,37.06,31.13,32.44,294.43,153.72,494.48,329.31,41.29,7.3,17.22,50.0,67.0,98.0,93.0,90.0,74.0,71.0,88.0,33.0,100.0,93.0,98.0,81.0,93.0,36.0,81.0,90.0,86.0
2026,Novorizontino,2,49,Sobe,8.0,0.49865492430500247,True,Matheus Bianqui,"RCMF, RDMF",MED,28.0,21,1299,0.4630115679984447,False,8,1,20.0,1278.0,10907.75,738.78,179.73,10.85,74.86,5.49,17.89,0.99,48.45,28.02,29.48,111.5,119.06,364.68,553.29,35.79,4.98,10.66,85.0,100.0,85.0,92.0,98.0,65.0,90.0,71.0,90.0,69.0,55.0,92.0,73.0,98.0,96.0,75.0,94.0,88.0
2026,Novorizontino,2,49,Sobe,8.0,0.49865492430500247,True,Gabriel Bahia,RCB,ZD,27.0,13,1246,0.4441204108745666,False,9,1,13.0,1242.93,8947.24,349.22,154.66,8.69,46.92,5.5,12.53,1.74,14.55,30.91,32.66,42.64,123.8,100.92,279.64,7.34,0.0,0.12,61.0,71.0,92.0,95.0,89.0,84.0,92.0,92.0,11.0,95.0,95.0,84.0,84.0,50.0,58.0,62.0,13.0,18.0
2026,Novorizontino,2,49,Sobe,8.0,0.49865492430500247,True,N. Castrillón,RB,LD,30.0,12,1030,0.367130034671592,False,10,2,12.0,1025.64,9444.69,515.71,182.52,9.65,59.14,6.84,15.53,1.32,22.82,28.99,30.36,120.03,106.38,262.83,337.75,23.93,1.13,2.07,35.0,21.0,26.0,21.0,19.0,28.0,21.0,30.0,9.0,36.0,44.0,33.0,23.0,23.0,21.0,33.0,37.0,14.0
2026,Novorizontino,2,49,Sobe,8.0,0.49865492430500247,True,Alexis Alvariño,"RB, RCB",LD,25.0,11,729,0.2598425196850393,False,11,3,11.0,727.32,9099.04,367.42,102.22,6.06,41.95,5.07,11.76,0.87,21.04,27.56,29.32,39.79,81.81,124.75,299.3,7.55,0.0,0.22,9.0,2.0,2.0,2.0,2.0,2.0,2.0,7.0,2.0,8.0,10.0,5.0,5.0,2.0,12.0,2.0,2.0,2.0
2026,Novorizontino,2,49,Sobe,8.0,0.49865492430500247,True,Tavinho,"RW, RAMF, LW",ED,22.0,15,727,0.2591296458313081,False,12,1,15.0,724.6500000000001,10278.22,723.86,194.75,10.93,72.66,7.45,18.75,1.12,41.11,28.71,30.14,181.36,68.6,460.14,442.15,38.96,4.75,12.35,64.0,69.0,26.0,44.0,46.0,36.0,44.0,26.0,59.0,44.0,41.0,49.0,15.0,79.0,74.0,72.0,51.0,54.0
2026,Novorizontino,2,49,Sobe,8.0,0.49865492430500247,True,Sander,LB,LE,35.0,7,615,0.2192087100223583,False,13,2,7.0,615.7199999999999,9985.07,530.91,209.32,11.84,64.76,7.02,15.2,1.9,29.97,29.86,30.8,112.94,125.49,273.95,322.96,21.12,2.43,4.86,82.0,38.0,52.0,78.0,55.0,38.0,30.0,68.0,60.0,70.0,50.0,36.0,67.0,33.0,38.0,23.0,64.0,46.0
2026,Novorizontino,2,49,Sobe,8.0,0.49865492430500247,True,Diego Galo,"LW, LAMF, LB",EE,21.0,12,581,0.2070898545089271,False,14,2,12.0,586.5600000000001,10400.8,857.02,248.85,13.81,87.76,9.21,24.85,2.45,42.65,28.98,30.6,209.59,90.8,539.5,483.82,42.85,6.51,15.03,81.0,100.0,57.0,67.0,93.0,85.0,100.0,83.0,69.0,45.0,45.0,83.0,26.0,98.0,98.0,90.0,77.0,67.0
2026,Novorizontino,2,49,Sobe,8.0,0.49865492430500247,True,Eduardo Brock,"LCB, CB",ZE,35.0,5,474,0.1689511033343054,False,15,1,5.0,473.9500000000001,9057.22,360.22,102.54,5.7,37.6,4.56,9.49,1.14,17.09,27.92,27.92,16.17,89.5,105.1,278.01,9.95,0.0,0.0,59.0,56.0,41.0,44.0,41.0,33.0,28.0,77.0,36.0,28.0,10.0,5.0,49.0,41.0,51.0,69.0,18.0,13.0
2026,Novorizontino,2,49,Sobe,8.0,0.49865492430500247,True,Nícolas Careca,"LAMF, RW",EE,29.0,11,419,0.1493470723566961,False,16,3,10.0,404.0,10486.76,712.26,187.37,9.36,67.51,5.35,14.93,2.23,39.88,27.91,29.2,102.81,105.65,408.09,357.72,26.37,5.75,14.88,90.0,86.0,29.0,21.0,33.0,7.0,17.0,74.0,60.0,17.0,12.0,17.0,45.0,64.0,43.0,14.0,64.0,64.0
2026,Novorizontino,2,49,Sobe,8.0,0.49865492430500247,True,C. Ortiz,"LWF, AMF, CF",EE,34.0,14,379,0.1350895952820712,False,17,4,14.0,377.3,10529.7,727.87,104.73,7.16,70.38,5.01,14.31,0.72,37.22,25.83,26.92,56.66,62.82,423.16,471.55,49.76,11.15,24.02,93.0,88.0,2.0,7.0,43.0,5.0,10.0,12.0,38.0,5.0,5.0,2.0,7.0,79.0,95.0,98.0,100.0,100.0
2026,Novorizontino,2,49,Sobe,8.0,0.49865492430500247,True,Hélio Borges,"RW, RAMF",ED,26.0,7,181,0.0645150837626778,False,18,2,7.0,175.49,10876.42,769.38,296.47,16.93,94.89,9.75,23.08,3.59,57.45,28.97,30.0,235.93,136.56,431.36,522.39,52.64,5.14,16.69,95.0,87.0,82.0,87.0,95.0,79.0,85.0,92.0,100.0,54.0,33.0,87.0,77.0,67.0,92.0,100.0,56.0,79.0
2026,Novorizontino,2,49,Sobe,8.0,0.49865492430500247,True,Diego Mathias,"LAMF, RW, LW",EE,27.0,4,163,0.0580992190790966,False,19,5,4.0,162.8,11221.3,889.03,156.47,7.19,69.11,7.19,22.67,1.11,50.87,26.75,26.75,102.13,54.01,566.18,391.6,43.15,9.59,13.7,,,,,,,,,,,,,,,,,,
2026,Novorizontino,2,49,Sobe,8.0,0.49865492430500247,True,Ronald Barcellos,"RAMF, RWF",ED,24.0,5,93,0.0331486341985029,False,20,3,5.0,96.4,9145.0,554.47,228.69,10.27,69.08,10.27,21.47,3.73,40.14,28.52,28.52,200.66,94.15,481.59,358.66,34.01,1.7,15.31,8.0,23.0,38.0,18.0,33.0,87.0,74.0,97.0,46.0,37.0,13.0,64.0,31.0,87.0,41.0,44.0,8.0,72.0
2026,Novorizontino,2,49,Sobe,8.0,0.49865492430500247,True,J. Lora,"RAMF, RB",ED,25.0,2,64,0.0228119633193998,False,21,4,2.0,69.66,10161.67,709.4,333.38,18.09,89.16,7.75,18.09,2.58,34.89,30.3,30.3,277.21,97.34,430.8,424.01,41.2,1.87,9.36,,,,,,,,,,,,,,,,,,
2026,Novorizontino,2,49,Sobe,8.0,0.49865492430500247,True,Jardiel,CF,CA,21.0,1,16,0.0057029908298499,False,22,2,1.0,16.27,8808.2,719.26,381.76,5.53,49.8,5.53,5.53,0.0,33.2,29.2,29.2,348.39,,245.16,,12.88,0.0,12.88,,,,,,,,,,,,,,,,,,
2026,Náutico,11,37,Meio,20.0,0.3989639672274665,True,Igor Fernandes,"LB, LCB",LE,34.0,26,2392,0.8903627504060639,True,1,1,25.0,2280.75,9719.77,611.18,197.37,10.14,61.04,7.69,16.02,1.1,26.63,29.14,30.7,79.7,175.79,268.0,503.13,22.15,0.81,2.97,60.0,72.0,38.0,40.0,42.0,55.0,46.0,18.0,25.0,52.0,42.0,15.0,87.0,28.0,97.0,28.0,28.0,21.0
2026,Náutico,11,37,Meio,20.0,0.3989639672274665,True,Derek,"CF, RAMF, LAMF",CA,28.0,22,1526,0.5680157011369789,False,2,1,19.0,1393.46,9565.2,601.22,233.5,13.5,72.79,9.11,16.54,3.1,36.95,29.44,31.26,125.49,165.03,299.19,464.98,30.64,10.11,18.3,49.0,71.0,64.0,71.0,68.0,69.0,49.0,90.0,58.0,64.0,72.0,44.0,85.0,39.0,86.0,39.0,68.0,39.0
2026,Náutico,11,37,Meio,20.0,0.3989639672274665,True,Betão,"LCB, RCB",ZE,27.0,18,1416,0.5270709258256633,False,3,1,18.0,1418.22,9474.83,509.42,204.6,11.23,58.32,6.6,13.96,1.97,23.74,30.26,32.12,59.77,208.73,204.66,454.22,11.79,0.16,0.49,82.0,95.0,100.0,100.0,100.0,97.0,100.0,97.0,85.0,92.0,92.0,87.0,100.0,95.0,97.0,85.0,41.0,59.0
2026,Náutico,11,37,Meio,20.0,0.3989639672274665,True,Reginaldo,"RB, RAMF",LD,33.0,21,1377,0.5125541418516514,False,4,1,18.0,1226.52,9103.21,619.06,264.59,12.77,70.29,9.76,20.03,2.35,22.53,29.55,31.58,168.77,171.78,345.53,437.0,33.54,0.7,3.69,12.0,77.0,77.0,74.0,67.0,98.0,91.0,77.0,7.0,55.0,77.0,81.0,91.0,74.0,91.0,95.0,7.0,56.0
2026,Náutico,11,37,Meio,20.0,0.3989639672274665,True,Victor Andrade,"LAMF, LW",EE,30.0,19,1054,0.3923253925284244,False,5,1,18.0,1026.0,8764.24,566.57,178.68,8.68,58.68,7.28,18.6,1.49,27.19,28.24,30.56,115.95,95.99,339.99,414.06,23.74,2.77,9.22,5.0,29.0,21.0,12.0,12.0,50.0,50.0,45.0,5.0,26.0,43.0,19.0,36.0,31.0,76.0,5.0,7.0,17.0
2026,Náutico,11,37,Meio,20.0,0.3989639672274665,True,Samuel,"LDMF, RDMF",VOL,22.0,16,957,0.3562195452084461,False,6,1,8.0,398.8,9808.79,519.76,196.57,8.58,59.81,5.42,16.25,2.03,30.92,28.41,29.64,40.39,201.8,155.68,533.41,13.51,0.99,2.31,24.0,61.0,91.0,85.0,83.0,85.0,87.0,98.0,46.0,89.0,74.0,54.0,96.0,37.0,89.0,4.0,53.0,41.0
2026,Náutico,11,37,Meio,20.0,0.3989639672274665,True,Matheus Ribeiro,"RB, LB",LD,33.0,14,912,0.339469409853817,False,7,2,14.0,907.76,9897.67,719.21,265.91,13.68,74.76,7.73,15.86,1.09,28.75,28.89,30.14,150.86,202.42,369.58,584.0,32.97,3.93,7.68,67.0,98.0,79.0,84.0,86.0,58.0,29.0,15.0,51.0,33.0,36.0,60.0,98.0,84.0,100.0,93.0,98.0,98.0
2026,Náutico,11,37,Meio,20.0,0.3989639672274665,True,Mateus Silva,RCB,ZD,31.0,10,865,0.3219748240389821,False,8,1,10.0,863.1999999999999,8747.43,351.9,127.72,6.15,36.81,5.42,10.64,0.42,17.31,28.04,29.26,30.35,154.04,116.64,372.55,7.24,0.14,0.14,37.0,74.0,79.0,74.0,63.0,82.0,71.0,24.0,38.0,29.0,14.0,66.0,92.0,79.0,95.0,53.0,47.0,24.0
2026,Náutico,11,37,Meio,20.0,0.3989639672274665,True,Arnaldo,RB,LD,34.0,15,861,0.3204859231185706,False,9,3,14.0,794.36,9401.51,617.61,238.16,12.01,67.98,7.93,19.26,2.95,24.59,29.55,31.9,115.03,193.95,272.28,525.58,19.85,3.61,6.62,26.0,74.0,56.0,56.0,58.0,66.0,74.0,95.0,21.0,55.0,91.0,23.0,95.0,30.0,98.0,14.0,93.0,95.0
2026,Náutico,11,37,Meio,20.0,0.3989639672274665,True,Kauan Maranhão,CF,CA,22.0,11,766,0.285124526258798,False,10,2,10.0,685.5,9859.21,617.69,219.11,10.9,67.61,6.56,16.15,0.92,35.05,28.49,29.8,135.17,137.67,320.43,419.1,34.38,8.97,20.93,68.0,78.0,61.0,53.0,58.0,19.0,44.0,24.0,53.0,44.0,38.0,53.0,75.0,53.0,76.0,56.0,49.0,58.0
2026,Náutico,11,37,Meio,20.0,0.3989639672274665,True,Júnior Todinho,"RAMF, LAMF, CF",ED,32.0,14,710,0.2642799133730373,False,11,1,14.0,707.56,9961.46,604.86,184.19,9.29,60.17,6.49,14.76,0.38,34.47,28.23,30.7,99.74,120.56,325.15,434.34,32.75,5.42,10.84,49.0,41.0,13.0,15.0,13.0,15.0,10.0,3.0,18.0,29.0,67.0,13.0,64.0,18.0,69.0,38.0,72.0,38.0
2026,Náutico,11,37,Meio,20.0,0.3989639672274665,True,Wanderson,RCB,ZD,31.0,13,697,0.2594409853817001,False,12,2,11.0,656.15,8610.15,358.57,146.5,6.72,40.47,5.62,11.52,0.82,15.23,28.84,31.06,32.23,184.66,89.7,403.38,6.02,0.0,0.3,21.0,79.0,89.0,82.0,82.0,89.0,87.0,55.0,16.0,66.0,68.0,74.0,95.0,32.0,100.0,34.0,13.0,55.0
2026,Náutico,11,37,Meio,20.0,0.3989639672274665,True,B. Borasi,"LAMF, RAMF",EE,28.0,8,653,0.2430630752571738,False,13,2,8.0,649.68,10486.51,701.1,220.54,14.13,83.12,7.76,21.33,1.8,49.45,29.12,29.46,155.83,103.62,412.15,424.93,37.79,10.26,16.33,88.0,79.0,43.0,76.0,81.0,57.0,83.0,60.0,93.0,48.0,21.0,52.0,43.0,71.0,79.0,69.0,98.0,79.0
2026,Náutico,11,37,Meio,20.0,0.3989639672274665,True,Gustavo Henrique,LCB,ZE,20.0,7,513,0.190951543042772,False,14,2,5.0,375.5,9516.99,424.95,188.63,9.35,50.57,5.99,10.55,0.96,23.97,31.44,31.44,52.93,198.63,115.38,458.0,6.29,0.0,0.0,85.0,87.0,95.0,92.0,90.0,90.0,54.0,67.0,90.0,100.0,87.0,77.0,97.0,49.0,100.0,26.0,18.0,13.0
2026,Náutico,11,37,Meio,20.0,0.3989639672274665,True,Leonai,"LDMF, RDMF, LCMF",VOL,31.0,10,493,0.1835070384407146,False,15,2,10.0,492.5,9793.98,532.71,122.81,7.86,57.93,6.21,14.25,0.91,38.38,26.69,28.22,22.58,155.5,141.52,636.24,23.59,0.0,1.33,20.0,65.0,63.0,74.0,76.0,96.0,67.0,65.0,78.0,30.0,28.0,15.0,91.0,28.0,96.0,43.0,7.0,28.0
2026,Náutico,11,37,Meio,20.0,0.3989639672274665,True,Paulo Sérgio,CF,CA,37.0,6,383,0.142562263129399,False,16,3,6.0,381.84,8890.64,459.13,76.84,4.01,41.48,6.84,16.97,0.0,24.75,25.65,26.14,50.77,62.36,247.69,451.79,33.84,11.94,25.88,17.0,15.0,2.0,3.0,8.0,24.0,53.0,3.0,7.0,2.0,2.0,5.0,14.0,8.0,85.0,54.0,81.0,86.0
2026,Náutico,11,37,Meio,20.0,0.3989639672274665,True,Felipe Saraiva,"RAMF, LAMF",ED,28.0,8,249,0.0926840822956145,False,17,2,8.0,249.28,8971.24,531.37,189.16,10.83,63.89,7.22,17.33,1.08,32.49,27.73,28.56,146.47,88.44,356.63,335.7,34.41,2.99,13.47,3.0,13.0,21.0,37.0,15.0,27.0,26.0,21.0,13.0,13.0,15.0,38.0,26.0,28.0,31.0,49.0,21.0,64.0
2026,Náutico,11,37,Meio,20.0,0.3989639672274665,True,Léo Jance,LB,LE,21.0,5,212,0.0789117487818083,False,18,2,4.0,183.4,10498.17,642.42,185.51,9.82,61.35,7.85,19.63,1.96,26.5,29.3,29.3,124.19,90.55,306.96,529.13,25.1,1.57,6.28,,,,,,,,,,,,,,,,,,
2026,Náutico,11,37,Meio,20.0,0.3989639672274665,True,Auremir,"RDMF, LDMF, DMF",VOL,35.0,6,176,0.065511640498105,False,19,3,5.0,165.55,10247.66,581.7,168.53,8.7,61.43,4.89,18.48,1.09,35.34,27.64,27.64,42.06,147.92,121.96,540.5,10.14,0.0,0.0,54.0,80.0,87.0,87.0,87.0,70.0,100.0,79.0,70.0,63.0,17.0,57.0,89.0,17.0,91.0,2.0,7.0,2.0
2026,Náutico,11,37,Meio,20.0,0.3989639672274665,True,Felipe Cardoso,"LW, LAMF, AMF",EE,23.0,4,104,0.0387114239306984,False,20,3,4.0,102.92,10878.72,731.2,149.56,10.5,71.72,7.87,20.99,4.37,44.61,26.32,26.32,106.39,88.3,400.64,481.76,52.32,6.54,21.25,,,,,,,,,,,,,,,,,,
2026,Náutico,11,37,Meio,20.0,0.3989639672274665,True,P. Núñez,"RDMF, RCMF",VOL,27.0,3,89,0.0331280454791553,False,21,4,3.0,91.92,10312.38,458.24,96.94,3.92,42.1,3.92,12.73,0.98,32.31,25.73,25.73,20.62,74.52,242.9,351.06,31.07,0.0,0.0,,,,,,,,,,,,,,,,,,
2026,Náutico,11,37,Meio,20.0,0.3989639672274665,True,Marcos Rosa,CF,CA,18.0,2,40,0.0148890092041147,False,22,4,2.0,40.14,10472.73,858.53,372.1,11.21,69.49,8.97,17.93,4.48,33.62,27.6,27.6,237.62,293.02,311.88,971.16,35.61,5.93,29.67,,,,,,,,,,,,,,,,,,
2026,Náutico,11,37,Meio,20.0,0.3989639672274665,True,Halanzinho,RDMF,VOL,20.0,1,26,0.0096778559826746,False,23,5,1.0,25.3,9935.57,508.7,64.03,7.11,56.92,7.11,10.67,0.0,46.25,25.9,25.9,31.76,46.42,278.82,293.98,,,,,,,,,,,,,,,,,,,,,
2026,Náutico,11,37,Meio,20.0,0.3989639672274665,True,Rikelme,RAMF,ED,20.0,1,9,0.0033500270709258,False,24,3,1.0,10.53,11423.73,743.35,145.25,0.0,59.81,17.09,25.63,0.0,59.81,24.8,24.8,15.52,,186.21,,,,,,,,,,,,,,,,,,,,,,
2026,Náutico,11,37,Meio,20.0,0.3989639672274665,True,Wendell,RAMF,ED,18.0,1,8,0.0029778018408229,False,25,4,1.0,9.9,11627.27,663.64,154.55,0.0,63.64,18.18,18.18,0.0,109.09,23.9,23.9,157.89,9.78,326.32,361.96,31.47,0.0,0.0,,,,,,,,,,,,,,,,,,
2026,Operário-PR,6,43,Meio,13.0,0.3495581321373793,True,Boschilia,"AMF, RCMF",MEI,30.0,24,2396,0.8801763291477425,True,1,1,24.0,2402.4,9539.09,399.24,91.11,4.05,39.11,3.63,6.71,0.64,31.21,27.68,29.94,77.61,30.12,267.19,224.27,29.95,1.25,7.85,17.0,13.0,7.0,7.0,7.0,3.0,3.0,43.0,30.0,45.0,58.0,20.0,3.0,23.0,7.0,17.0,10.0,17.0
2026,Operário-PR,6,43,Meio,13.0,0.3495581321373793,True,Vinicius Diniz,"LCMF, RCMF, LDMF",MED,27.0,25,2353,0.8643801763291478,True,2,1,25.0,2348.75,10159.97,542.97,110.89,6.4,51.31,4.14,14.06,0.65,32.42,27.11,28.98,67.26,71.33,274.11,407.06,28.81,4.3,9.42,31.0,46.0,27.0,31.0,31.0,23.0,56.0,38.0,31.0,25.0,44.0,52.0,25.0,48.0,67.0,33.0,92.0,77.0
2026,Operário-PR,6,43,Meio,13.0,0.3495581321373793,True,Matheus Trindade,"DMF, RCMF, RDMF",VOL,30.0,26,2067,0.7593173924659364,True,3,1,26.0,2070.12,10262.69,511.35,89.12,5.09,47.95,3.74,11.91,0.65,31.87,26.69,28.52,22.16,88.19,145.33,480.35,24.57,0.42,1.15,57.0,57.0,22.0,30.0,46.0,17.0,37.0,47.0,50.0,30.0,50.0,13.0,43.0,30.0,87.0,48.0,26.0,22.0
2026,Operário-PR,6,43,Meio,13.0,0.3495581321373793,True,Miranda,LCB,ZE,26.0,20,1945,0.7145004007480631,True,4,1,20.0,1948.6,8430.99,288.01,88.07,4.57,32.79,4.9,10.62,0.55,15.01,28.1,29.86,22.16,84.1,101.7,243.19,9.08,0.31,0.87,10.0,26.0,28.0,23.0,26.0,51.0,56.0,38.0,23.0,33.0,36.0,18.0,41.0,36.0,26.0,67.0,59.0,74.0
2026,Operário-PR,6,43,Meio,13.0,0.3495581321373793,True,Pablo,CF,CA,34.0,23,1912,0.7023777718407694,True,5,1,23.0,1903.48,9265.82,471.76,98.67,5.53,47.0,6.1,13.47,0.76,29.6,27.02,27.98,65.25,57.86,334.51,246.5,35.57,7.65,18.51,29.0,20.0,8.0,10.0,12.0,14.0,20.0,17.0,22.0,7.0,10.0,10.0,8.0,63.0,14.0,63.0,25.0,41.0
2026,Operário-PR,6,43,Meio,13.0,0.3495581321373793,True,Mikael Doka,RB,LD,26.0,22,1877,0.6895204381512157,True,6,1,22.0,1875.5,9268.94,487.27,233.17,11.18,61.62,7.05,16.12,1.82,26.25,29.78,31.76,157.94,122.33,281.44,311.08,25.74,0.92,3.01,19.0,14.0,53.0,49.0,30.0,37.0,40.0,60.0,28.0,71.0,85.0,63.0,42.0,35.0,14.0,40.0,26.0,43.0
2026,Operário-PR,6,43,Meio,13.0,0.3495581321373793,True,Moraes,"LB, LW",LE,28.0,23,1876,0.6891530857600855,True,7,1,23.0,1874.27,9574.3,625.55,292.44,14.55,77.5,8.36,17.29,2.06,32.75,30.27,32.14,226.3,124.69,380.99,359.57,32.39,4.65,13.29,40.0,78.0,100.0,98.0,98.0,70.0,78.0,75.0,82.0,92.0,90.0,100.0,64.0,87.0,56.0,92.0,95.0,100.0
2026,Operário-PR,6,43,Meio,13.0,0.3495581321373793,True,J. Cuenú,RCB,ZD,31.0,18,1775,0.6520504942559445,True,8,1,18.0,1782.72,8645.62,279.93,79.51,4.34,32.51,5.0,8.89,0.5,18.88,28.96,31.54,17.62,76.07,80.78,235.71,7.72,0.26,0.26,29.0,21.0,21.0,26.0,37.0,74.0,21.0,30.0,63.0,71.0,86.0,5.0,42.0,21.0,32.0,68.0,66.0,47.0
2026,Operário-PR,6,43,Meio,13.0,0.3495581321373793,True,Hildeberto Pereira,"RW, RWF, RAMF",ED,30.0,24,1576,0.5789473684210527,False,9,1,24.0,1565.28,9256.37,549.75,283.13,14.49,74.75,8.22,21.33,3.22,34.44,30.16,32.92,232.62,107.34,400.88,266.02,35.16,5.23,12.55,13.0,21.0,69.0,79.0,59.0,44.0,72.0,85.0,15.0,88.0,97.0,82.0,47.0,46.0,10.0,54.0,64.0,56.0
2026,Operário-PR,6,43,Meio,13.0,0.3495581321373793,True,Gabriel Feliciano,LB,LE,25.0,21,1543,0.566824739513759,False,10,2,21.0,1548.54,8870.7,465.56,215.87,10.29,58.88,6.57,15.93,1.63,27.55,30.01,32.1,152.52,123.7,262.0,319.16,19.28,0.58,2.39,5.0,15.0,60.0,42.0,32.0,25.0,42.0,45.0,32.0,80.0,88.0,79.0,62.0,26.0,26.0,21.0,15.0,13.0
2026,Operário-PR,6,43,Meio,13.0,0.3495581321373793,True,Aylon,"LWF, RW, LW",EE,34.0,23,1431,0.5256812717071868,False,11,1,22.0,1432.64,9614.41,531.58,145.05,8.61,59.62,6.91,16.4,1.19,36.18,28.96,31.78,87.44,84.19,290.34,368.22,31.26,4.65,11.02,24.0,12.0,10.0,10.0,14.0,33.0,24.0,27.0,26.0,43.0,86.0,14.0,17.0,10.0,55.0,38.0,48.0,29.0
2026,Operário-PR,6,43,Meio,13.0,0.3495581321373793,True,Klaus,"RCB, LCB",ZD,32.0,12,1046,0.3842506011220946,False,12,2,12.0,1048.44,8613.96,293.31,71.33,4.29,30.56,4.21,8.33,0.34,16.65,28.33,29.56,22.84,69.61,71.56,290.19,5.4,0.0,0.0,24.0,32.0,5.0,21.0,21.0,25.0,13.0,13.0,32.0,39.0,30.0,18.0,26.0,11.0,63.0,18.0,13.0,8.0
2026,Operário-PR,6,43,Meio,13.0,0.3495581321373793,True,Maguinho,RB,LD,34.0,16,914,0.3357600854929201,False,13,2,16.0,925.28,9419.16,557.2,238.91,11.58,65.66,7.78,16.63,1.46,26.26,29.33,31.8,160.26,143.25,312.25,389.11,27.74,1.47,4.7,28.0,37.0,58.0,53.0,49.0,63.0,47.0,40.0,30.0,51.0,88.0,70.0,70.0,51.0,70.0,60.0,44.0,72.0
2026,Operário-PR,6,43,Meio,13.0,0.3495581321373793,True,Neto Paraíba,"RCMF, LCMF, DMF",MED,34.0,23,870,0.3195965802831953,False,14,2,22.0,869.88,9500.36,465.08,122.92,7.14,47.8,4.97,11.69,1.03,24.62,27.13,29.86,90.37,72.0,323.43,297.61,32.25,1.71,10.54,4.0,15.0,35.0,44.0,21.0,44.0,21.0,75.0,6.0,27.0,75.0,79.0,27.0,81.0,4.0,55.0,46.0,85.0
2026,Operário-PR,6,43,Meio,13.0,0.3495581321373793,True,Joseph,"LCB, RCB",ZE,31.0,6,602,0.2211461394603259,False,15,2,6.0,602.28,8953.43,335.48,125.53,6.87,40.5,3.89,9.56,0.9,14.64,30.63,30.94,25.02,118.06,122.31,254.71,7.78,0.19,0.37,51.0,41.0,59.0,64.0,59.0,13.0,31.0,64.0,21.0,97.0,72.0,28.0,72.0,62.0,36.0,46.0,46.0,44.0
2026,Operário-PR,6,43,Meio,13.0,0.3495581321373793,True,Caio Dantas,CF,CA,33.0,21,596,0.2189420251135453,False,16,2,21.0,600.81,8955.96,491.9,169.11,9.89,62.01,8.24,18.27,1.5,33.4,27.91,30.6,117.58,78.06,279.86,298.75,28.7,8.76,21.24,19.0,29.0,36.0,41.0,41.0,63.0,75.0,46.0,44.0,24.0,58.0,41.0,24.0,27.0,34.0,27.0,42.0,59.0
2026,Operário-PR,6,43,Meio,13.0,0.3495581321373793,True,A. Torres,"RW, RAMF, LW",ED,26.0,6,406,0.1491450707988244,False,17,2,6.0,405.6,10271.89,681.43,304.88,15.31,81.43,5.1,15.53,1.55,41.05,30.2,30.5,154.45,200.21,452.27,335.14,43.97,3.12,15.89,62.0,59.0,85.0,82.0,69.0,3.0,13.0,44.0,56.0,92.0,55.0,44.0,95.0,74.0,28.0,92.0,23.0,77.0
2026,Operário-PR,6,43,Meio,13.0,0.3495581321373793,True,Felipe Augusto,"RW, RWF, LW",ED,34.0,14,360,0.1322468608068394,False,18,3,11.0,298.87,9861.55,671.61,382.49,17.17,85.23,11.44,21.08,3.61,40.96,29.57,31.74,426.9,97.72,541.59,345.66,38.04,5.3,17.81,46.0,56.0,92.0,92.0,79.0,95.0,69.0,95.0,54.0,67.0,85.0,100.0,36.0,97.0,33.0,69.0,67.0,92.0
2026,Operário-PR,6,43,Meio,13.0,0.3495581321373793,True,E. Torres,"RW, RAMF, RCMF",ED,28.0,7,303,0.1113077745124232,False,19,4,7.0,305.06,9540.05,592.95,296.18,14.46,74.93,5.9,17.7,0.59,30.09,29.39,30.58,211.36,135.1,327.8,395.58,29.54,2.92,6.93,36.0,36.0,77.0,77.0,62.0,10.0,31.0,5.0,8.0,62.0,59.0,69.0,74.0,21.0,62.0,21.0,18.0,10.0
2026,Operário-PR,6,43,Meio,13.0,0.3495581321373793,True,Pedro Vilhena,"LW, LAMF, LCMF",EE,24.0,12,301,0.1105730697301629,False,20,2,12.0,308.04,9915.58,608.6,157.78,10.81,67.49,7.01,17.24,1.17,39.44,27.84,30.04,67.75,155.9,332.63,462.42,29.25,3.4,8.5,48.0,48.0,12.0,38.0,31.0,38.0,30.0,21.0,57.0,14.0,31.0,10.0,83.0,26.0,90.0,24.0,19.0,10.0
2026,Operário-PR,6,43,Meio,13.0,0.3495581321373793,True,Vinicius Mingotti,"CF, RWF",CA,26.0,9,273,0.1002872027785199,False,21,3,9.0,278.55,8707.39,405.47,203.87,9.69,54.92,7.75,22.62,2.58,27.46,29.79,30.8,129.27,115.15,227.44,270.23,24.7,6.74,15.34,8.0,8.0,53.0,37.0,27.0,47.0,93.0,83.0,17.0,76.0,68.0,49.0,61.0,7.0,19.0,10.0,14.0,12.0
2026,Operário-PR,6,43,Meio,13.0,0.3495581321373793,True,Maxwell,"LW, LAMF, LWF",EE,31.0,9,241,0.0885319262623564,False,22,3,9.0,251.82,10272.19,512.09,160.81,9.29,61.82,6.43,17.87,0.71,41.1,27.5,28.92,59.97,120.53,273.98,313.16,35.28,4.51,12.72,76.0,7.0,14.0,19.0,21.0,21.0,38.0,10.0,64.0,10.0,10.0,5.0,60.0,5.0,21.0,64.0,45.0,48.0
2026,Operário-PR,6,43,Meio,13.0,0.3495581321373793,True,Juan Zuluaga,DMF,VOL,33.0,1,19,0.006979695431472,False,23,2,1.0,18.92,12179.74,542.38,176.04,14.27,66.61,4.76,14.27,4.76,33.3,28.2,28.2,40.16,102.44,113.18,370.73,18.23,0.0,0.0,,,,,,,,,,,,,,,,,,
2026,Operário-PR,6,43,Meio,13.0,0.3495581321373793,True,Léo Gaúcho,CF,CA,24.0,1,14,0.0051429334758215,False,24,4,1.0,14.35,11157.49,1059.93,551.92,31.36,144.25,18.82,31.36,0.0,43.9,29.6,29.6,559.81,49.59,921.53,238.02,77.36,8.6,68.77,,,,,,,,,,,,,,,,,,
2026,Operário-PR,6,43,Meio,13.0,0.3495581321373793,True,Charles,LCB,ZE,31.0,1,8,0.0029388191290408,False,25,3,1.0,14.8,9516.89,200.68,121.62,0.0,12.16,6.08,6.08,0.0,18.24,21.3,21.3,75.0,46.88,330.0,51.56,0.0,0.0,0.0,,,,,,,,,,,,,,,,,,
2026,Ponte Preta,20,10,Cai,19.0,-0.6596890627053663,False,Lucas Cunha,"CB, RCB, LCB",ZD,29.0,20,2014,0.8041379310344827,True,1,1,19.0,1908.93,9189.33,356.51,103.06,5.47,37.48,4.71,9.99,0.75,19.0,28.41,30.8,27.39,85.51,106.84,293.74,7.34,0.0,0.6,84.0,76.0,58.0,61.0,66.0,47.0,61.0,53.0,66.0,45.0,63.0,34.0,61.0,68.0,71.0,62.0,13.0,74.0
2026,Ponte Preta,20,10,Cai,19.0,-0.6596890627053663,False,André Lima,"RCMF, LCMF, DMF",MED,26.0,19,1691,0.6751724137931034,True,2,1,18.0,1634.22,10046.7,505.3,103.87,4.9,42.74,5.4,11.73,0.72,26.93,27.29,29.28,54.86,67.06,239.79,381.49,24.46,1.32,4.52,21.0,23.0,19.0,10.0,6.0,62.0,23.0,48.0,12.0,35.0,50.0,33.0,19.0,33.0,44.0,17.0,35.0,35.0
2026,Ponte Preta,20,10,Cai,19.0,-0.6596890627053663,False,Élvis,"AMF, CF",MEI,35.0,19,1505,0.600907441016334,True,3,1,18.0,1394.1,8883.21,319.04,64.04,2.78,29.57,3.94,9.68,0.19,20.4,25.67,27.6,33.46,43.54,167.49,250.1,18.85,1.12,5.43,3.0,3.0,3.0,3.0,3.0,10.0,10.0,13.0,3.0,3.0,10.0,3.0,7.0,7.0,10.0,7.0,7.0,7.0
2026,Ponte Preta,20,10,Cai,19.0,-0.6596890627053663,False,Danilo Barcelos,"LCB, LB, DMF",ZE,35.0,17,1365,0.5450090744101633,False,4,1,16.0,1257.92,9930.87,554.4,131.43,6.51,49.37,4.94,11.45,0.43,24.9,26.98,29.04,65.77,77.46,259.35,412.1,22.92,3.44,7.79,95.0,100.0,64.0,62.0,85.0,54.0,69.0,26.0,95.0,8.0,23.0,92.0,33.0,100.0,92.0,100.0,100.0,100.0
2026,Ponte Preta,20,10,Cai,19.0,-0.6596890627053663,False,Kevyson,"LB, LWB, AMF",LE,22.0,18,1345,0.5370235934664247,False,5,1,17.0,1234.03,9867.4,596.3,215.3,12.47,67.24,8.68,17.8,2.26,28.66,29.96,32.06,190.4,92.56,447.61,320.65,30.82,2.5,8.54,70.0,68.0,57.0,82.0,75.0,82.0,80.0,90.0,45.0,76.0,85.0,92.0,18.0,100.0,28.0,90.0,67.0,85.0
2026,Ponte Preta,20,10,Cai,19.0,-0.6596890627053663,False,Márcio,"LCB, CB",ZE,25.0,14,1261,0.5034845735027224,False,6,2,11.0,953.26,8888.53,356.59,151.06,8.87,46.55,5.66,11.8,0.85,21.53,29.51,31.06,42.8,136.32,117.25,285.96,5.76,0.41,0.62,41.0,54.0,74.0,87.0,74.0,82.0,82.0,62.0,72.0,77.0,79.0,67.0,85.0,51.0,56.0,18.0,67.0,64.0
2026,Ponte Preta,20,10,Cai,19.0,-0.6596890627053663,False,Júlio,"RWB, RB, RW",LD,19.0,13,1059,0.4228312159709619,False,7,1,13.0,1052.61,9742.31,564.2,176.3,9.92,61.64,8.29,19.66,1.8,34.37,28.72,30.06,92.4,111.08,299.05,384.21,24.56,1.91,4.66,58.0,42.0,14.0,27.0,33.0,79.0,84.0,58.0,93.0,23.0,30.0,12.0,33.0,40.0,63.0,35.0,65.0,67.0
2026,Ponte Preta,20,10,Cai,19.0,-0.6596890627053663,False,Sergio Palacios,RCB,ZD,21.0,12,1053,0.4204355716878403,False,8,2,11.0,948.75,8913.87,418.6,244.92,12.43,60.42,6.73,14.7,2.47,24.0,31.94,33.28,54.04,213.67,135.7,353.95,8.54,0.25,0.25,53.0,92.0,97.0,100.0,100.0,100.0,100.0,100.0,95.0,100.0,97.0,89.0,100.0,89.0,92.0,76.0,63.0,43.0
2026,Ponte Preta,20,10,Cai,19.0,-0.6596890627053663,False,Brandão,CF,CA,22.0,16,1020,0.4072595281306715,False,9,1,15.0,915.9,9272.5,548.08,259.89,14.44,74.77,11.0,20.73,2.95,33.7,30.03,32.54,181.78,167.92,331.46,368.07,31.57,9.37,25.05,32.0,53.0,76.0,82.0,75.0,97.0,90.0,88.0,47.0,85.0,97.0,83.0,86.0,59.0,69.0,44.0,58.0,81.0
2026,Ponte Preta,20,10,Cai,19.0,-0.6596890627053663,False,Thalys,"RB, RWB",LD,26.0,12,1006,0.4016696914700544,False,10,2,12.0,1003.08,9883.64,586.98,199.46,12.29,68.1,8.34,17.68,1.97,32.39,30.09,31.28,132.27,116.02,353.61,355.12,27.25,1.01,2.78,65.0,57.0,35.0,60.0,60.0,81.0,72.0,67.0,77.0,84.0,66.0,44.0,37.0,77.0,37.0,58.0,30.0,37.0
2026,Ponte Preta,20,10,Cai,19.0,-0.6596890627053663,False,Diego Porfírio,"LB, LWB, LW",LE,27.0,13,917,0.3661343012704174,False,11,2,12.0,861.96,9469.5,528.98,183.46,8.88,56.59,7.41,17.23,1.36,26.42,28.92,30.92,132.73,100.37,327.77,362.05,22.95,1.85,7.12,25.0,35.0,28.0,22.0,22.0,48.0,72.0,39.0,22.0,40.0,57.0,51.0,31.0,69.0,59.0,33.0,51.0,74.0
2026,Ponte Preta,20,10,Cai,19.0,-0.6596890627053663,False,Diego Leão,"CB, RCB",ZD,21.0,11,913,0.3645372050816697,False,12,3,10.0,825.5,9172.44,378.43,77.95,3.6,32.16,4.58,9.27,0.33,16.57,27.61,28.4,26.99,56.83,102.86,299.09,5.76,0.29,0.86,76.0,87.0,16.0,8.0,30.0,39.0,34.0,11.0,29.0,13.0,8.0,32.0,8.0,58.0,79.0,30.0,68.0,87.0
2026,Ponte Preta,20,10,Cai,19.0,-0.6596890627053663,False,Léo Gomes,"LCMF, RCMF, LDMF",MED,29.0,12,908,0.362540834845735,False,13,2,12.0,905.88,9912.07,536.12,136.91,8.15,54.25,6.46,14.21,1.09,30.9,28.47,29.68,42.19,122.13,218.88,444.48,20.98,1.05,4.72,12.0,44.0,52.0,77.0,42.0,88.0,60.0,81.0,27.0,83.0,65.0,19.0,75.0,27.0,81.0,12.0,21.0,42.0
2026,Ponte Preta,20,10,Cai,19.0,-0.6596890627053663,False,Diego Tavares,"AMF, RAMF, RW",MEI,35.0,12,789,0.31502722323049,False,14,2,11.0,740.96,9270.23,535.07,312.9,13.6,71.06,7.77,20.89,2.79,29.15,32.18,33.4,307.3,101.14,403.34,264.96,27.89,4.16,10.41,10.0,33.0,100.0,87.0,73.0,83.0,93.0,93.0,20.0,100.0,100.0,100.0,67.0,70.0,20.0,13.0,43.0,33.0
2026,Ponte Preta,20,10,Cai,19.0,-0.6596890627053663,False,Murilo,"RCMF, LCMF",MED,27.0,10,789,0.31502722323049,False,15,3,10.0,787.6,10851.54,617.28,141.92,6.97,55.99,5.03,12.57,0.91,45.48,27.54,28.42,64.65,102.7,318.15,418.23,34.86,1.27,4.58,83.0,79.0,58.0,42.0,48.0,46.0,36.0,67.0,83.0,49.0,29.0,48.0,60.0,77.0,77.0,71.0,30.0,40.0
2026,Ponte Preta,20,10,Cai,19.0,-0.6596890627053663,False,Baianinho,"RCMF, LWB, RWF",MED,27.0,15,737,0.2942649727767695,False,16,4,14.0,689.64,9356.01,525.79,267.27,13.83,67.99,9.66,20.75,3.39,35.37,31.21,32.9,164.71,146.75,364.08,312.1,25.12,4.19,12.0,2.0,35.0,100.0,100.0,92.0,100.0,98.0,100.0,44.0,100.0,100.0,98.0,92.0,96.0,10.0,21.0,88.0,92.0
2026,Ponte Preta,20,10,Cai,19.0,-0.6596890627053663,False,Miguel,"LW, LAMF, LCMF",EE,21.0,14,625,0.249546279491833,False,17,1,13.0,605.15,10190.03,600.45,204.51,9.82,61.13,6.54,15.32,1.34,32.28,27.98,29.22,128.78,101.52,411.95,323.05,37.95,3.28,11.71,71.0,40.0,36.0,26.0,17.0,24.0,19.0,36.0,10.0,19.0,14.0,29.0,40.0,69.0,31.0,71.0,14.0,38.0
2026,Ponte Preta,20,10,Cai,19.0,-0.6596890627053663,False,Gustavo Almeida,"LCB, RB",ZE,20.0,7,577,0.2303811252268602,False,18,3,7.0,571.76,9570.77,405.81,174.57,7.08,44.23,4.88,11.49,0.79,21.88,28.87,30.08,28.41,146.55,86.05,330.38,7.82,0.0,0.74,90.0,82.0,90.0,67.0,67.0,49.0,72.0,55.0,77.0,69.0,44.0,44.0,90.0,23.0,85.0,49.0,18.0,69.0
2026,Ponte Preta,20,10,Cai,19.0,-0.6596890627053663,False,David Braz,RCB,ZD,39.0,5,399,0.1593103448275862,False,19,4,5.0,397.85,8811.87,328.23,71.71,3.17,28.73,4.98,9.73,0.0,16.74,27.32,27.32,13.78,43.74,94.2,297.21,5.7,0.81,0.81,47.0,53.0,8.0,3.0,13.0,71.0,45.0,4.0,34.0,8.0,3.0,3.0,3.0,42.0,74.0,26.0,95.0,80.0
2026,Ponte Preta,20,10,Cai,19.0,-0.6596890627053663,False,Luis Phelipe,"CF, LWF, LAMF",CA,25.0,8,393,0.1569147005444646,False,20,2,8.0,391.44,9535.65,558.49,198.42,8.74,58.63,7.82,17.93,1.84,34.26,28.16,28.98,154.14,90.74,412.36,318.37,31.12,8.3,20.23,47.0,56.0,51.0,34.0,34.0,51.0,71.0,64.0,49.0,31.0,20.0,66.0,46.0,86.0,49.0,41.0,31.0,51.0
2026,Ponte Preta,20,10,Cai,19.0,-0.6596890627053663,False,Gustavo Telles,"LDMF, DMF, RCMF",VOL,21.0,10,331,0.1321597096188747,False,21,1,10.0,341.3,10003.67,494.67,137.64,4.48,43.51,4.22,13.71,0.0,35.07,26.0,27.66,73.3,70.14,253.93,298.22,26.75,0.64,3.18,35.0,46.0,70.0,22.0,28.0,39.0,61.0,8.0,67.0,7.0,20.0,83.0,22.0,80.0,9.0,59.0,37.0,52.0
2026,Ponte Preta,20,10,Cai,19.0,-0.6596890627053663,False,Jonathan Cafú,"RAMF, RW, AMF",ED,35.0,10,304,0.1213793103448275,False,22,1,9.0,284.40000000000003,10932.27,739.2,293.97,13.29,77.21,10.44,20.57,1.27,43.98,28.74,29.58,217.97,99.98,524.88,361.8,41.73,2.28,9.86,97.0,77.0,74.0,59.0,67.0,90.0,62.0,28.0,64.0,46.0,26.0,72.0,38.0,92.0,46.0,77.0,10.0,28.0
2026,Ponte Preta,20,10,Cai,19.0,-0.6596890627053663,False,Lucas Justen,"RB, RWB",LD,23.0,5,281,0.1121960072595281,False,23,3,4.0,233.4,10051.21,609.98,326.97,13.11,71.72,9.25,14.65,2.31,34.7,31.52,31.52,219.65,207.52,328.64,432.52,24.79,1.18,2.36,,,,,,,,,,,,,,,,,,
2026,Ponte Preta,20,10,Cai,19.0,-0.6596890627053663,False,Rodrigo Souza,"RCMF, LCMF, DMF",MED,38.0,7,272,0.1086025408348457,False,24,5,7.0,275.73,10198.15,569.54,178.2,7.18,53.85,4.9,14.69,0.0,24.15,27.34,28.24,44.63,156.66,117.95,517.28,7.78,1.56,3.11,38.0,58.0,83.0,46.0,40.0,42.0,67.0,3.0,4.0,40.0,21.0,23.0,96.0,2.0,92.0,2.0,44.0,15.0
2026,Ponte Preta,20,10,Cai,19.0,-0.6596890627053663,False,R. Saravia,"DMF, LCMF",VOL,26.0,3,218,0.0870417422867513,False,25,2,3.0,217.71,10700.78,544.05,102.11,5.37,49.2,4.13,11.16,0.83,41.75,27.23,27.23,67.25,54.14,225.84,406.52,20.16,1.12,5.04,,,,,,,,,,,,,,,,,,
2026,Ponte Preta,20,10,Cai,19.0,-0.6596890627053663,False,João Damião,"CF, LWF",CA,17.0,7,210,0.0838475499092559,False,26,3,3.0,171.75,9633.54,377.82,82.27,5.76,39.3,4.19,12.58,1.05,20.44,27.97,27.97,49.77,49.23,237.86,187.69,19.21,1.6,4.8,,,,,,,,,,,,,,,,,,
2026,Ponte Preta,20,10,Cai,19.0,-0.6596890627053663,False,Nicolas Silva,AMF,MEI,20.0,5,142,0.0566969147005444,False,27,3,3.0,110.31,10407.52,470.81,281.5,12.24,66.91,6.53,14.69,2.45,50.59,28.57,28.57,265.68,124.54,264.1,285.27,29.89,2.85,11.39,,,,,,,,,,,,,,,,,,
2026,Ponte Preta,20,10,Cai,19.0,-0.6596890627053663,False,Bruno Lopes,"RWF, CF, AMF",ED,31.0,2,59,0.023557168784029,False,28,2,2.0,59.08,9462.57,623.02,236.11,13.71,76.16,10.66,19.8,1.52,41.13,29.65,29.65,265.94,116.55,697.05,246.04,36.31,8.38,22.35,,,,,,,,,,,,,,,,,,
2026,Ponte Preta,20,10,Cai,19.0,-0.6596890627053663,False,Cauã,LAMF,EE,20.0,1,31,0.0123774954627949,False,29,2,1.0,32.95,9101.06,461.61,117.45,8.19,43.7,5.46,13.66,0.0,19.12,28.5,28.5,79.3,67.13,396.48,195.1,7.92,0.0,0.0,,,,,,,,,,,,,,,,,,
2026,Ponte Preta,20,10,Cai,19.0,-0.6596890627053663,False,Caio Vinícius,AMF,MEI,18.0,1,29,0.011578947368421,False,30,4,1.0,28.92,10417.18,280.12,233.43,9.34,46.69,6.22,18.67,3.11,52.91,32.4,32.4,20.11,166.67,140.78,140.48,20.0,0.0,0.0,,,,,,,,,,,,,,,,,,
2026,Ponte Preta,20,10,Cai,19.0,-0.6596890627053663,False,Gabriel Cicala,RDMF,VOL,18.0,1,18,0.0071869328493647,False,31,3,1.0,18.08,10247.56,507.65,29.86,0.0,49.77,9.95,19.91,0.0,34.84,23.7,23.7,28.57,13.66,214.29,232.26,14.22,0.0,0.0,,,,,,,,,,,,,,,,,,
2026,Sport,8,41,Meio,2.0,0.02972487014197478,False,Perotti,CF,CA,28.0,26,2493,0.9317726207060584,True,1,1,26.0,2479.88,8781.87,429.43,123.97,7.48,49.61,7.48,17.31,0.94,26.86,28.34,29.74,92.5,63.6,269.8,258.53,26.92,10.19,18.77,14.0,12.0,17.0,24.0,15.0,41.0,61.0,25.0,12.0,39.0,36.0,24.0,15.0,19.0,15.0,15.0,69.0,44.0
2026,Sport,8,41,Meio,2.0,0.02972487014197478,False,Felipinho,LB,LE,29.0,22,2169,0.8106758180150182,True,2,1,22.0,2163.7,9232.48,527.03,224.87,10.94,62.73,8.98,14.97,2.5,28.29,30.61,32.92,147.99,127.11,291.85,355.06,24.71,1.69,4.59,10.0,32.0,70.0,62.0,50.0,88.0,28.0,95.0,40.0,98.0,98.0,67.0,69.0,46.0,54.0,44.0,49.0,41.0
2026,Sport,8,41,Meio,2.0,0.02972487014197478,False,Chrystian Barletta,"RAMF, RW, RWF",ED,25.0,21,1991,0.7441473276477184,True,3,1,21.0,1982.19,9336.28,577.24,251.76,12.71,69.6,8.44,13.62,3.31,38.59,30.73,33.1,218.4,92.28,415.15,311.28,36.01,3.98,9.91,15.0,28.0,56.0,51.0,38.0,51.0,3.0,87.0,36.0,95.0,100.0,77.0,28.0,59.0,15.0,62.0,36.0,31.0
2026,Sport,8,41,Meio,2.0,0.02972487014197478,False,Biel,"RDMF, LDMF, RW",VOL,24.0,24,1737,0.6492134144269648,True,4,1,24.0,1726.3200000000002,9298.53,603.42,159.07,9.96,64.39,7.09,15.59,1.88,34.31,28.02,29.34,101.01,103.65,308.37,470.49,37.23,3.97,8.03,4.0,87.0,83.0,91.0,93.0,100.0,83.0,96.0,63.0,76.0,68.0,93.0,63.0,93.0,83.0,91.0,89.0,87.0
2026,Sport,8,41,Meio,2.0,0.02972487014197478,False,Benevenuto,RCB,ZD,30.0,19,1733,0.6477183921715198,True,5,1,19.0,1738.69,7899.79,208.65,71.27,4.3,27.59,4.14,9.32,0.67,13.72,28.46,30.78,21.41,73.77,56.57,216.09,2.94,0.37,0.46,3.0,3.0,3.0,24.0,5.0,21.0,37.0,41.0,8.0,47.0,59.0,11.0,37.0,3.0,13.0,5.0,76.0,63.0
2026,Sport,8,41,Meio,2.0,0.02972487014197478,False,Zé Gabriel,"RDMF, RCMF, DMF",VOL,27.0,22,1586,0.5927763242839184,False,6,2,22.0,1576.08,9413.69,349.89,73.84,3.48,33.35,4.4,10.05,0.46,20.44,26.66,29.08,13.09,80.0,94.14,346.06,18.26,0.15,0.53,9.0,7.0,15.0,11.0,9.0,48.0,13.0,39.0,7.0,26.0,61.0,4.0,35.0,2.0,26.0,17.0,15.0,11.0
2026,Sport,8,41,Meio,2.0,0.02972487014197478,False,Marcelo Ajul,"RCB, LCB, RB",ZD,24.0,15,1426,0.5329754340661208,False,7,2,15.0,1420.65,8439.33,309.97,77.29,5.13,35.48,5.51,11.4,1.77,19.77,27.69,29.28,31.65,61.96,123.09,248.95,9.9,0.46,0.64,11.0,45.0,13.0,54.0,53.0,87.0,84.0,95.0,76.0,18.0,20.0,71.0,16.0,84.0,39.0,82.0,83.0,76.0
2026,Sport,8,41,Meio,2.0,0.02972487014197478,False,A. De Freitas,RB,LD,18.0,22,1202,0.4492541877612042,False,8,1,22.0,1204.72,9436.5,586.98,244.45,12.85,70.67,7.69,16.66,1.79,27.57,29.03,30.16,166.79,131.72,313.0,395.73,29.49,2.35,5.52,30.0,57.0,65.0,77.0,74.0,56.0,50.0,56.0,40.0,40.0,40.0,79.0,49.0,53.0,74.0,74.0,79.0,81.0
2026,Sport,8,41,Meio,2.0,0.02972487014197478,False,Zé Marcos,LCB,ZE,28.0,13,1173,0.4384152764092284,False,9,1,13.0,1166.88,8495.97,279.05,94.17,5.24,34.55,4.09,7.94,0.46,14.04,28.24,29.82,23.54,93.13,78.22,269.11,6.4,0.0,0.0,18.0,18.0,36.0,38.0,31.0,21.0,15.0,28.0,13.0,36.0,33.0,23.0,54.0,18.0,44.0,28.0,18.0,13.0
2026,Sport,8,41,Meio,2.0,0.02972487014197478,False,Clayson,"LAMF, LW",EE,31.0,20,1133,0.423465053854779,False,10,1,20.0,1108.8,9849.16,756.76,259.42,13.39,81.41,9.33,19.48,2.44,44.16,28.52,30.38,182.28,124.01,434.9,470.32,45.63,6.59,16.35,38.0,95.0,69.0,57.0,79.0,88.0,67.0,80.0,79.0,36.0,36.0,74.0,62.0,81.0,93.0,95.0,81.0,81.0
2026,Sport,8,41,Meio,2.0,0.02972487014197478,False,Zé Lucas,"LDMF, RDMF, RCMF",VOL,18.0,14,1087,0.4062722979171622,False,11,3,14.0,1080.52,10158.71,542.33,148.93,8.0,57.22,3.5,13.16,0.67,34.98,28.21,29.8,73.26,128.27,273.18,446.27,37.42,1.8,3.88,46.0,72.0,74.0,78.0,72.0,7.0,50.0,50.0,65.0,85.0,79.0,80.0,83.0,83.0,70.0,93.0,67.0,61.0
2026,Sport,8,41,Meio,2.0,0.02972487014197478,False,Juan Alano,"AMF, LAMF, LDMF",MEI,30.0,18,828,0.3094696068771024,False,12,1,18.0,830.6999999999999,10607.13,635.38,206.63,10.94,70.75,5.63,13.33,1.08,39.87,28.47,31.2,143.39,103.45,387.09,357.48,39.34,3.54,12.79,70.0,70.0,70.0,73.0,70.0,57.0,42.0,57.0,57.0,57.0,83.0,60.0,70.0,50.0,53.0,73.0,37.0,53.0
2026,Sport,8,41,Meio,2.0,0.02972487014197478,False,Yago Felipe,"AMF, RB, LCMF",MEI,31.0,16,821,0.3068533179300737,False,13,2,16.0,867.52,9697.86,477.77,108.21,6.02,49.49,3.84,9.75,0.31,30.71,26.78,28.6,67.2,64.98,234.88,389.74,30.33,2.27,8.89,27.0,20.0,13.0,17.0,20.0,7.0,13.0,22.0,27.0,10.0,27.0,17.0,27.0,13.0,73.0,20.0,20.0,30.0
2026,Sport,8,41,Meio,2.0,0.02972487014197478,False,C. de Pena,"AMF, LAMF, LCMF",MEI,34.0,16,776,0.2900343175563182,False,14,3,16.0,779.84,9881.88,583.3,196.78,10.5,62.9,4.15,15.12,0.81,26.31,28.51,29.94,159.71,109.51,417.9,339.7,38.59,7.45,15.35,33.0,47.0,67.0,67.0,53.0,17.0,67.0,50.0,17.0,63.0,58.0,73.0,83.0,73.0,43.0,63.0,83.0,83.0
2026,Sport,8,41,Meio,2.0,0.02972487014197478,False,Iury,"LAMF, LW, LWF",EE,30.0,13,743,0.2777003839488974,False,15,2,13.0,742.9499999999999,8751.44,482.1,190.78,9.08,55.84,6.06,12.36,0.85,23.74,29.42,30.78,141.73,83.96,282.14,314.7,26.25,5.91,15.31,2.0,2.0,31.0,17.0,7.0,17.0,5.0,14.0,2.0,60.0,54.0,43.0,14.0,7.0,29.0,12.0,71.0,69.0
2026,Sport,8,41,Meio,2.0,0.02972487014197478,False,Diego Hernández,"AMF, RAMF",MEI,26.0,10,728,0.2720940504909789,False,16,4,10.0,722.3000000000001,9565.44,430.62,150.15,6.73,47.72,4.61,13.33,0.62,25.79,28.73,29.86,98.3,65.89,225.26,264.75,26.96,2.76,8.12,20.0,17.0,33.0,30.0,17.0,33.0,42.0,40.0,10.0,67.0,45.0,43.0,30.0,10.0,17.0,10.0,30.0,23.0
2026,Sport,8,41,Meio,2.0,0.02972487014197478,False,Kayky Almeida,LCB,ZE,21.0,8,717,0.2679827392885053,False,17,2,8.0,725.44,8294.35,230.27,87.47,4.47,29.9,4.22,7.82,1.12,12.28,28.48,30.72,17.25,86.67,62.11,201.9,4.5,0.0,0.0,8.0,5.0,26.0,21.0,18.0,23.0,13.0,74.0,3.0,51.0,64.0,8.0,46.0,8.0,10.0,10.0,18.0,13.0
2026,Sport,8,41,Meio,2.0,0.02972487014197478,False,Edson Lucas,LB,LE,26.0,11,656,0.24518364989297,False,18,2,10.0,659.2,9737.59,607.6,268.44,12.7,72.91,9.15,19.53,1.78,37.28,29.72,31.14,146.8,180.5,329.04,378.29,29.04,3.25,6.3,65.0,70.0,90.0,88.0,95.0,92.0,85.0,57.0,95.0,65.0,69.0,64.0,95.0,72.0,64.0,79.0,79.0,63.0
2026,Sport,8,41,Meio,2.0,0.02972487014197478,False,Habraão,"LCB, RCB",ZE,25.0,7,587,0.2193945159865448,False,19,3,7.0,585.48,7945.43,277.17,73.79,4.92,32.59,5.38,9.68,0.77,17.37,27.94,28.6,26.0,77.16,75.33,287.48,7.9,0.0,0.45,5.0,15.0,13.0,33.0,23.0,67.0,33.0,50.0,38.0,31.0,18.0,36.0,31.0,15.0,59.0,51.0,18.0,54.0
2026,Sport,8,41,Meio,2.0,0.02972487014197478,False,Willian Oliveira,"LDMF, RDMF",VOL,33.0,7,584,0.218273249294961,False,20,4,7.0,580.09,10762.77,603.65,108.6,5.9,51.97,3.57,10.55,0.31,33.82,26.7,27.34,24.01,106.09,163.19,540.83,25.5,1.12,4.31,87.0,91.0,45.0,52.0,59.0,11.0,22.0,30.0,59.0,35.0,11.0,24.0,67.0,43.0,93.0,52.0,59.0,63.0
2026,Sport,8,41,Meio,2.0,0.02972487014197478,False,Pedro Martins,"LCMF, RCMF, RDMF",MED,26.0,15,555,0.2074343379429853,False,21,1,13.0,505.31,10016.23,506.6,143.39,8.02,57.18,5.17,14.07,0.89,31.89,28.48,31.14,40.73,128.23,235.79,384.46,32.25,1.54,6.66,17.0,25.0,60.0,73.0,56.0,54.0,58.0,65.0,29.0,85.0,96.0,15.0,79.0,31.0,46.0,55.0,42.0,62.0
2026,Sport,8,41,Meio,2.0,0.02972487014197478,False,Fábio Matheus,"LCMF, LDMF",MED,23.0,7,422,0.157724847949441,False,22,2,7.0,421.26,9627.37,453.97,76.05,4.7,47.64,5.13,10.25,0.64,28.2,26.74,27.04,35.18,66.12,211.33,390.56,36.32,0.88,2.63,6.0,8.0,4.0,6.0,18.0,50.0,4.0,33.0,19.0,17.0,10.0,10.0,15.0,23.0,52.0,81.0,19.0,12.0
2026,Sport,8,41,Meio,2.0,0.02972487014197478,False,Claudinho,RB,LD,25.0,6,307,0.114742958105399,False,23,2,6.0,310.44,9392.09,530.29,213.68,10.44,63.21,6.38,21.46,1.16,26.96,29.72,31.18,119.9,124.09,200.08,375.98,15.49,0.76,3.4,23.0,23.0,44.0,37.0,37.0,12.0,100.0,21.0,35.0,65.0,63.0,30.0,44.0,9.0,56.0,7.0,9.0,51.0
2026,Sport,8,41,Meio,2.0,0.02972487014197478,False,Dudu Teodora,"LAMF, LW, RAMF",EE,27.0,8,218,0.0814787129217491,False,24,3,8.0,231.52,9465.94,534.48,249.94,13.99,70.75,7.0,19.82,0.0,38.87,30.44,31.4,196.68,97.58,385.89,225.59,34.5,3.96,16.97,21.0,17.0,62.0,70.0,45.0,36.0,74.0,4.0,50.0,90.0,74.0,81.0,38.0,55.0,2.0,61.0,33.0,83.0
2026,Sport,8,41,Meio,2.0,0.02972487014197478,False,Zé Roberto,CF,CA,32.0,7,169,0.0631646902925486,False,25,2,7.0,183.05,8777.4,427.34,99.83,3.93,40.82,4.43,10.82,2.46,22.62,26.59,27.66,38.78,23.66,220.51,301.21,27.17,12.14,16.76,12.0,10.0,10.0,2.0,7.0,3.0,5.0,81.0,3.0,3.0,5.0,2.0,2.0,5.0,36.0,17.0,88.0,24.0
2026,Sport,8,41,Meio,2.0,0.02972487014197478,False,Patrick de Paula,LDMF,VOL,27.0,1,30,0.011212666915837,False,26,5,1.0,29.38,9911.74,401.25,241.97,6.13,52.07,3.06,15.31,0.0,15.31,28.6,28.6,179.67,83.02,218.87,215.09,29.41,3.27,13.07,,,,,,,,,,,,,,,,,,
2026,Sport,8,41,Meio,2.0,0.02972487014197478,False,Micael,RWF,ED,20.0,1,27,0.0100914002242533,False,27,2,1.0,27.12,9372.83,434.79,152.67,6.64,53.1,9.96,29.87,0.0,36.51,30.3,30.3,181.29,9.94,371.22,174.03,25.9,8.63,17.27,,,,,,,,,,,,,,,,,,
2026,Sport,8,41,Meio,2.0,0.02972487014197478,False,Dedezinho,"DMF, RCMF",VOL,20.0,1,27,0.0100914002242533,False,28,6,1.0,27.08,10776.74,571.57,79.75,9.97,53.17,3.32,9.97,0.0,46.52,25.6,25.6,38.85,34.81,202.88,372.93,25.9,4.32,4.32,,,,,,,,,,,,,,,,,,
2026,Sport,8,41,Meio,2.0,0.02972487014197478,False,Fernando Sobral,AMF,MEI,31.0,1,20,0.0074751112772246,False,29,5,1.0,19.97,11453.59,1262.1,482.3,22.54,126.21,9.02,22.54,4.51,67.61,31.9,31.9,383.41,74.16,589.24,815.73,60.48,4.03,36.29,,,,,,,,,,,,,,,,,,
2026,Sport,8,41,Meio,2.0,0.02972487014197478,False,Lipão,CF,CA,19.0,1,18,0.0067276001495022,False,30,3,1.0,17.85,10164.71,645.38,257.14,15.13,85.71,5.04,25.21,0.0,50.42,29.1,29.1,150.0,117.65,415.91,282.35,40.91,13.64,40.91,,,,,,,,,,,,,,,,,,
2026,Sport,8,41,Meio,2.0,0.02972487014197478,False,Adriel,RCMF,MED,20.0,1,6,0.0022425333831674,False,31,3,1.0,9.18,10760.8,499.82,9.8,9.8,49.0,9.8,19.6,0.0,58.8,24.1,24.1,,40.45,,273.03,,,,,,,,,,,,,,,,,,,,,
2026,São Bernardo,14,35,Meio,15.0,0.14446558857563874,False,Rodrigo Ferreira,RB,LD,31.0,25,2469,0.9407343262902668,True,1,1,26.0,2565.94,9897.95,563.0,224.89,11.4,65.48,8.14,15.75,1.86,30.62,29.63,31.08,103.04,149.76,279.35,355.07,25.92,1.57,2.53,70.0,40.0,47.0,51.0,47.0,74.0,26.0,63.0,70.0,58.0,59.0,16.0,77.0,33.0,35.0,44.0,53.0,27.0
2026,São Bernardo,14,35,Meio,15.0,0.14446558857563874,False,Pará,LB,LE,31.0,24,2238,0.8527190855559404,True,2,1,25.0,2249.0,9514.9,560.34,209.04,10.92,64.79,7.2,15.33,1.36,30.09,29.0,30.56,102.66,135.51,296.31,342.95,21.43,2.33,4.52,35.0,45.0,50.0,60.0,57.0,42.0,32.0,39.0,62.0,44.0,40.0,26.0,74.0,49.0,46.0,26.0,59.0,38.0
2026,São Bernardo,14,35,Meio,15.0,0.14446558857563874,False,Miraíma,"LDMF, RCMF, AMF",VOL,26.0,25,2106,0.8024246622791825,True,3,1,26.0,2190.76,10826.17,454.39,62.0,3.57,42.07,3.53,11.3,0.08,34.14,25.65,27.38,19.36,50.47,162.46,360.73,33.05,0.77,2.52,91.0,30.0,4.0,13.0,24.0,9.0,30.0,15.0,61.0,2.0,13.0,9.0,9.0,41.0,30.0,87.0,48.0,46.0
2026,São Bernardo,14,35,Meio,15.0,0.14446558857563874,False,Romisson,"LDMF, AMF, LCMF",VOL,29.0,22,1924,0.7330793210945619,True,4,2,23.0,2022.39,10467.94,612.99,220.77,11.26,67.69,4.9,14.82,0.98,39.87,29.57,30.88,138.67,115.22,323.43,383.74,31.9,4.7,9.39,67.0,93.0,98.0,96.0,96.0,73.0,78.0,72.0,85.0,98.0,93.0,98.0,72.0,96.0,46.0,80.0,96.0,89.0
2026,São Bernardo,14,35,Meio,15.0,0.14446558857563874,False,Foguinho,"RDMF, DMF, LDMF",VOL,34.0,23,1914,0.7292691375129893,True,5,3,24.0,1985.28,10648.18,602.46,151.73,7.84,60.79,4.99,14.69,0.91,40.98,28.11,30.06,63.29,110.07,278.7,403.13,32.72,1.91,4.84,76.0,85.0,78.0,72.0,85.0,78.0,76.0,65.0,89.0,78.0,85.0,78.0,70.0,85.0,59.0,85.0,70.0,65.0
2026,São Bernardo,14,35,Meio,15.0,0.14446558857563874,False,Augusto,LCB,ZE,29.0,19,1912,0.7285071007966748,True,6,1,20.0,2008.6,7883.43,201.54,70.3,2.87,23.12,3.72,7.35,0.18,13.89,27.75,29.88,21.73,56.59,54.76,169.36,2.98,0.35,0.44,3.0,3.0,8.0,5.0,3.0,8.0,8.0,5.0,10.0,21.0,38.0,15.0,10.0,3.0,3.0,5.0,62.0,51.0
2026,São Bernardo,14,35,Meio,15.0,0.14446558857563874,False,Jemerson,"RCB, LCB",ZD,34.0,20,1706,0.6500173190162799,True,7,1,19.0,1745.91,8567.09,278.1,103.35,5.05,33.56,4.79,9.23,0.67,15.57,28.87,31.2,30.25,89.81,80.44,234.36,8.47,0.17,0.51,16.0,16.0,61.0,50.0,39.0,55.0,32.0,41.0,18.0,68.0,75.0,63.0,63.0,18.0,24.0,71.0,53.0,70.0
2026,São Bernardo,14,35,Meio,15.0,0.14446558857563874,False,Felipe Garcia,CF,CA,35.0,20,1526,0.5814340145479737,False,8,1,21.0,1594.32,9701.37,523.83,256.21,13.49,71.07,8.13,16.09,1.69,38.44,29.85,32.2,138.62,156.6,287.81,307.06,32.16,8.81,17.23,59.0,42.0,71.0,69.0,61.0,59.0,42.0,54.0,63.0,81.0,88.0,54.0,83.0,32.0,39.0,51.0,44.0,25.0
2026,São Bernardo,14,35,Meio,15.0,0.14446558857563874,False,Hélder Maciel,"RCB, LCB",ZD,36.0,13,1240,0.4724627641149982,False,9,2,14.0,1327.34,8356.29,269.44,83.46,4.54,32.21,3.86,7.73,0.68,16.48,28.56,30.48,27.44,67.04,88.25,203.24,6.4,0.19,0.48,8.0,8.0,29.0,37.0,34.0,5.0,5.0,45.0,26.0,55.0,53.0,37.0,18.0,29.0,5.0,39.0,55.0,66.0
2026,São Bernardo,14,35,Meio,15.0,0.14446558857563874,False,Echaporã,"LAMF, LWF, LW",EE,26.0,19,1215,0.4629373051610668,False,10,1,19.0,1201.56,10404.91,752.95,249.41,13.56,84.04,9.21,18.57,1.35,53.78,29.41,31.44,171.17,109.18,443.28,407.65,42.45,6.51,18.9,83.0,93.0,60.0,64.0,86.0,85.0,48.0,38.0,100.0,57.0,76.0,67.0,48.0,88.0,71.0,86.0,77.0,90.0
2026,São Bernardo,14,35,Meio,15.0,0.14446558857563874,False,Pedro Vitor,"RAMF, RW",ED,28.0,19,1164,0.4435053688950467,False,11,1,20.0,1226.8000000000002,10419.02,628.37,236.82,11.66,72.92,9.02,19.81,1.83,48.13,28.94,30.64,158.96,107.34,409.31,320.13,34.16,3.57,9.63,74.0,49.0,46.0,46.0,49.0,74.0,54.0,59.0,85.0,51.0,64.0,46.0,47.0,56.0,21.0,46.0,28.0,26.0
2026,São Bernardo,14,35,Meio,15.0,0.14446558857563874,False,Hyoran,"AMF, CF",MEI,33.0,19,880,0.3352961551783858,False,12,1,19.0,876.66,10680.2,616.54,155.11,7.8,61.08,5.54,13.86,0.31,46.09,27.68,29.88,113.3,53.84,386.08,341.42,44.5,5.89,14.54,80.0,57.0,40.0,40.0,43.0,53.0,47.0,22.0,87.0,45.0,50.0,53.0,10.0,47.0,50.0,87.0,60.0,77.0
2026,São Bernardo,14,35,Meio,15.0,0.14446558857563874,False,Daniel Amorim,CF,CA,36.0,19,846,0.3223415310010391,False,13,2,20.0,885.4000000000001,9764.07,546.32,168.83,9.45,62.2,9.86,15.35,1.02,40.05,27.85,29.3,132.89,61.84,314.48,312.71,25.67,8.38,16.22,61.0,49.0,34.0,36.0,42.0,85.0,39.0,28.0,71.0,20.0,25.0,51.0,12.0,46.0,47.0,12.0,36.0,19.0
2026,São Bernardo,14,35,Meio,15.0,0.14446558857563874,False,Lucas Rian,"RWF, RAMF, LAMF",ED,26.0,14,677,0.2579494284724627,False,14,2,14.0,681.1,9494.67,567.04,202.71,10.31,66.07,8.33,18.5,3.17,41.36,29.71,31.26,133.36,80.25,282.09,361.77,26.97,1.44,6.29,26.0,26.0,31.0,21.0,18.0,49.0,38.0,82.0,62.0,74.0,79.0,31.0,21.0,5.0,44.0,15.0,5.0,3.0
2026,São Bernardo,14,35,Meio,15.0,0.14446558857563874,False,Marcão,"RDMF, DMF, LCMF",VOL,35.0,15,473,0.1802216834083824,False,15,4,16.0,497.44,9201.82,387.78,106.4,6.33,41.98,4.7,9.95,1.09,23.89,27.06,28.84,51.39,84.74,113.35,345.0,17.49,0.6,1.21,2.0,17.0,41.0,61.0,22.0,61.0,11.0,79.0,15.0,46.0,57.0,63.0,39.0,7.0,22.0,11.0,35.0,24.0
2026,São Bernardo,14,35,Meio,15.0,0.14446558857563874,False,Daniel Davi,"LAMF, LWF",EE,21.0,13,382,0.145549012816072,False,16,2,13.0,388.57,9951.38,612.38,199.19,11.35,71.34,9.03,14.36,0.93,52.58,28.31,30.42,140.8,111.45,317.76,433.82,33.16,3.57,13.78,52.0,50.0,33.0,45.0,48.0,79.0,12.0,17.0,98.0,31.0,40.0,40.0,50.0,24.0,81.0,48.0,25.0,51.0
2026,São Bernardo,14,35,Meio,15.0,0.14446558857563874,False,Mário Sérgio,LB,LE,32.0,6,336,0.1280221683408382,False,17,2,7.0,412.3,10012.6,635.46,216.99,10.7,67.67,7.86,15.5,1.75,29.69,28.37,29.12,128.49,133.29,309.65,443.42,29.12,3.54,6.3,85.0,82.0,62.0,52.0,80.0,60.0,38.0,55.0,57.0,22.0,15.0,46.0,72.0,56.0,92.0,82.0,87.0,63.0
2026,São Bernardo,14,35,Meio,15.0,0.14446558857563874,False,Fabrício Daniel,"CF, RAMF, RW",CA,29.0,11,309,0.1177346726705923,False,18,3,16.0,625.12,10488.71,625.04,154.93,7.49,57.88,6.05,11.66,0.86,39.31,27.62,30.22,89.35,80.84,304.96,409.58,26.05,2.61,6.33,92.0,80.0,29.0,25.0,32.0,12.0,8.0,22.0,68.0,15.0,46.0,20.0,31.0,42.0,75.0,14.0,3.0,2.0
2026,São Bernardo,14,35,Meio,15.0,0.14446558857563874,False,Matheus Salustiano,RCB,ZD,33.0,3,262,0.0998268098372012,False,19,3,3.0,262.89,7862.76,269.76,110.92,5.14,33.89,4.11,9.24,0.68,16.77,28.23,28.23,18.18,114.46,47.55,281.54,4.19,0.0,0.0,,,,,,,,,,,,,,,,,,
2026,São Bernardo,14,35,Meio,15.0,0.14446558857563874,False,Hugo Sanches,"RB, LB",LD,32.0,6,250,0.0952545895393141,False,20,2,6.0,245.94,9440.21,544.87,226.14,10.98,65.87,9.51,19.76,2.56,32.93,29.17,29.5,158.19,104.48,272.04,339.1,26.25,3.75,6.43,33.0,30.0,49.0,44.0,51.0,93.0,86.0,86.0,84.0,44.0,16.0,65.0,19.0,28.0,23.0,47.0,95.0,91.0
2026,São Bernardo,14,35,Meio,15.0,0.14446558857563874,False,Lucas Fernandes,"AMF, LCMF",MEI,28.0,5,138,0.0525805334257014,False,21,2,5.0,139.0,10333.87,674.6,164.44,9.06,65.39,7.12,12.3,0.65,36.9,26.92,26.92,100.0,100.41,465.77,389.76,52.55,5.97,19.11,53.0,77.0,47.0,50.0,57.0,70.0,28.0,47.0,43.0,13.0,3.0,47.0,63.0,93.0,77.0,93.0,67.0,93.0
2026,São Bernardo,14,35,Meio,15.0,0.14446558857563874,False,L. Jabá,"LAMF, CF, LW",EE,28.0,5,104,0.0396259092483546,False,22,3,6.0,141.06,10015.08,567.95,236.11,12.76,74.03,8.3,19.14,1.28,42.76,28.62,29.58,148.51,88.03,293.45,306.56,29.13,3.33,15.82,57.0,33.0,50.0,50.0,52.0,67.0,60.0,33.0,74.0,38.0,26.0,48.0,21.0,12.0,19.0,21.0,17.0,76.0
2026,São Bernardo,14,35,Meio,15.0,0.14446558857563874,False,Júnior Urso,RCMF,MED,37.0,2,62,0.0236231382057499,False,23,1,2.0,62.46,10941.2,834.2,243.49,11.53,86.45,4.32,15.85,0.0,37.46,27.85,27.85,122.38,169.93,390.93,641.96,40.75,1.7,5.09,,,,,,,,,,,,,,,,,,
2026,São Bernardo,14,35,Meio,15.0,0.14446558857563874,False,Rodrigo Andrade,DMF,VOL,29.0,1,42,0.0160027710426047,False,24,5,1.0,41.53,9681.86,498.39,140.85,4.33,49.84,8.67,13.0,0.0,28.17,31.8,31.8,0.0,159.32,116.88,455.59,26.73,0.0,0.0,,,,,,,,,,,,,,,,,,
2026,São Bernardo,14,35,Meio,15.0,0.14446558857563874,False,Wellington Manzoli,LCB,ZE,25.0,1,22,0.0083824038794596,False,25,2,1.0,22.17,8619.7,93.38,211.13,4.06,28.42,8.12,12.18,0.0,24.36,31.9,31.9,,3.09,,43.22,,,,,,,,,,,,,,,,,,,,,
2026,São Bernardo,14,35,Meio,15.0,0.14446558857563874,False,Breninho,RAMF,ED,21.0,1,19,0.0072393488049878,False,26,3,1.0,19.88,9745.35,760.44,45.26,4.53,63.37,18.11,22.63,4.53,63.37,25.7,25.7,24.79,33.49,535.54,468.84,54.46,4.95,14.85,,,,,,,,,,,,,,,,,,
2026,São Bernardo,14,35,Meio,15.0,0.14446558857563874,False,Lucas Reis,CF,CA,25.0,1,5,0.0019050917907862,False,27,4,1.0,5.95,9453.78,559.66,136.13,0.0,75.63,15.13,15.13,15.13,45.38,29.6,29.6,110.96,,123.29,,24.59,0.0,12.3,,,,,,,,,,,,,,,,,,
2026,São Bernardo,14,35,Meio,15.0,0.14446558857563874,False,João Victor,LCMF,MED,21.0,1,3,0.0011430550744717,False,28,2,1.0,2.88,13265.9,842.77,0.0,0.0,62.43,31.21,62.43,0.0,0.0,24.2,24.2,,,,,94.49,0.0,0.0,,,,,,,,,,,,,,,,,,
2026,Vila Nova,3,47,Sobe,10.0,0.5198230154605341,True,Janderson,LAMF,EE,27.0,25,2279,0.8595282177878352,True,1,1,25.0,2253.5,9372.51,567.45,248.22,13.14,73.33,8.35,18.77,2.0,36.58,29.86,31.3,166.52,139.89,391.64,313.4,29.49,3.42,11.1,17.0,31.0,55.0,55.0,50.0,69.0,52.0,69.0,29.0,79.0,71.0,60.0,74.0,60.0,24.0,26.0,21.0,31.0
2026,Vila Nova,3,47,Sobe,10.0,0.5198230154605341,True,João Vieira,"RDMF, LDMF",VOL,28.0,22,2081,0.7848522251937187,True,2,1,23.0,2179.25,9968.67,563.6,155.49,8.34,57.49,3.92,11.98,0.91,33.41,28.2,29.8,79.63,128.32,289.89,455.14,32.36,5.94,10.81,33.0,74.0,80.0,83.0,74.0,27.0,39.0,65.0,54.0,83.0,79.0,85.0,85.0,87.0,76.0,83.0,100.0,100.0
2026,Vila Nova,3,47,Sobe,10.0,0.5198230154605341,True,Marquinhos Gabriel,AMF,MEI,36.0,23,2055,0.775046286772269,True,3,1,23.0,2069.08,9490.26,507.06,118.49,6.31,50.2,4.26,11.4,0.39,33.71,27.2,29.1,90.11,60.29,317.72,357.52,32.39,3.9,11.16,13.0,27.0,20.0,23.0,27.0,28.0,17.0,30.0,37.0,32.0,37.0,30.0,23.0,33.0,57.0,30.0,40.0,37.0
2026,Vila Nova,3,47,Sobe,10.0,0.5198230154605341,True,Higor,LB,LE,21.0,22,1921,0.7245079887540287,True,4,1,23.0,2019.63,9026.56,426.56,152.01,8.82,53.16,6.64,14.53,1.07,27.72,29.34,31.0,74.79,118.74,192.21,354.7,18.42,1.13,3.33,8.0,8.0,10.0,20.0,12.0,28.0,20.0,15.0,38.0,57.0,62.0,10.0,55.0,8.0,51.0,18.0,31.0,26.0
2026,Vila Nova,3,47,Sobe,10.0,0.5198230154605341,True,Tiago Pagnussat,RCB,ZD,36.0,21,1770,0.6675581156140712,True,5,1,21.0,1790.46,8723.33,309.28,85.8,5.13,36.19,4.93,10.76,0.35,20.16,28.15,30.88,25.19,91.05,83.68,298.66,5.65,0.07,0.07,32.0,42.0,32.0,54.0,58.0,68.0,76.0,16.0,82.0,34.0,66.0,24.0,66.0,24.0,76.0,24.0,28.0,16.0
2026,Vila Nova,3,47,Sobe,10.0,0.5198230154605341,True,Dudu,"RDMF, LDMF",VOL,24.0,23,1685,0.6355002400054859,True,6,2,24.0,1734.96,10265.09,515.09,210.78,10.58,63.39,5.76,15.77,1.61,36.21,30.79,33.08,92.36,185.33,231.02,440.43,28.95,2.33,6.51,59.0,59.0,93.0,93.0,91.0,93.0,85.0,91.0,72.0,100.0,100.0,89.0,93.0,72.0,67.0,67.0,76.0,78.0
2026,Vila Nova,3,47,Sobe,10.0,0.5198230154605341,True,Ryan Lima,RAMF,ED,25.0,19,1467,0.5532812178564082,False,7,1,18.0,1412.46,9528.58,588.81,189.24,10.77,69.26,8.67,18.61,1.78,40.27,28.98,30.74,144.4,102.53,361.64,398.96,29.67,5.43,11.38,31.0,33.0,23.0,33.0,36.0,59.0,41.0,56.0,49.0,56.0,69.0,36.0,44.0,31.0,64.0,23.0,74.0,44.0
2026,Vila Nova,3,47,Sobe,10.0,0.5198230154605341,True,André Luis,"CF, RAMF",CA,29.0,18,1319,0.4974627991496948,False,8,1,17.0,1216.18,8746.01,464.64,251.08,11.77,64.75,9.62,18.72,2.74,27.38,30.82,32.44,224.49,103.79,309.97,285.94,29.65,9.07,20.27,10.0,19.0,69.0,66.0,49.0,80.0,78.0,85.0,14.0,92.0,95.0,93.0,59.0,44.0,25.0,31.0,51.0,53.0
2026,Vila Nova,3,47,Sobe,10.0,0.5198230154605341,True,Hayner,RB,LD,30.0,25,1276,0.4812452856065281,False,9,1,25.0,1187.0,9678.33,583.7,281.69,12.74,70.59,7.13,16.91,1.74,30.63,29.78,32.48,225.84,134.83,343.33,392.52,26.88,1.63,3.99,49.0,49.0,88.0,72.0,72.0,42.0,65.0,53.0,72.0,71.0,98.0,93.0,56.0,72.0,72.0,53.0,56.0,63.0
2026,Vila Nova,3,47,Sobe,10.0,0.5198230154605341,True,Nathan Camargo,"RB, LDMF",LD,21.0,19,1147,0.432592744977028,False,10,2,19.0,1131.83,9499.44,464.16,137.57,7.32,52.4,6.44,12.48,1.27,28.87,27.09,30.1,39.59,137.52,173.41,404.75,17.84,1.16,1.93,37.0,12.0,5.0,5.0,9.0,15.0,5.0,28.0,53.0,2.0,33.0,2.0,60.0,5.0,81.0,12.0,40.0,8.0
2026,Vila Nova,3,47,Sobe,10.0,0.5198230154605341,True,Willian Maranhão,"LDMF, DMF, RDMF",VOL,30.0,15,973,0.3669683878488651,False,11,3,14.0,869.12,9908.35,398.91,91.44,4.45,39.15,3.83,9.73,0.1,25.89,27.19,28.24,37.28,78.93,135.09,371.32,20.43,0.59,1.91,30.0,20.0,24.0,20.0,17.0,22.0,9.0,17.0,20.0,50.0,30.0,52.0,33.0,20.0,41.0,26.0,33.0,39.0
2026,Vila Nova,3,47,Sobe,10.0,0.5198230154605341,True,Anderson,LCB,ZE,31.0,11,946,0.3567852979496674,False,12,1,9.0,740.61,8436.17,304.15,94.66,5.95,38.76,5.35,11.91,0.24,19.44,28.6,29.12,30.62,94.82,103.33,292.76,6.26,0.17,0.35,13.0,28.0,38.0,49.0,51.0,64.0,85.0,10.0,62.0,56.0,26.0,46.0,59.0,38.0,64.0,23.0,44.0,41.0
2026,Vila Nova,3,47,Sobe,10.0,0.5198230154605341,True,Dellatorre,CF,CA,34.0,15,920,0.3469793595282178,False,13,2,16.0,1016.8,9309.99,568.9,193.76,11.33,67.01,9.56,16.46,1.33,44.35,28.39,30.18,128.23,124.25,388.16,339.57,41.02,15.63,30.47,36.0,59.0,49.0,61.0,56.0,78.0,47.0,42.0,88.0,41.0,44.0,47.0,66.0,78.0,59.0,81.0,98.0,97.0
2026,Vila Nova,3,47,Sobe,10.0,0.5198230154605341,True,Willian Formiga,"LB, LCB",LE,31.0,17,897,0.3383048755400123,False,14,2,16.0,796.64,8643.41,344.88,116.01,6.1,39.99,6.1,14.57,0.68,22.37,27.65,30.38,52.54,87.14,138.74,284.76,12.49,0.57,1.14,2.0,2.0,5.0,5.0,2.0,11.0,22.0,5.0,5.0,8.0,35.0,3.0,13.0,3.0,10.0,5.0,13.0,3.0
2026,Vila Nova,3,47,Sobe,10.0,0.5198230154605341,True,Caio Marcelo,LCB,ZE,28.0,10,738,0.2783377905780703,False,15,2,10.0,736.9,8834.18,424.43,153.53,8.92,48.98,5.5,10.99,1.22,20.03,28.63,30.96,46.06,153.19,137.3,369.32,7.36,0.0,0.0,36.0,85.0,79.0,90.0,82.0,77.0,64.0,85.0,64.0,59.0,76.0,69.0,92.0,74.0,90.0,44.0,18.0,13.0
2026,Vila Nova,3,47,Sobe,10.0,0.5198230154605341,True,Breno,LCB,ZE,24.0,7,640,0.2413769457587602,False,16,3,8.0,741.2,8685.95,319.72,138.79,7.65,41.77,4.98,10.81,1.21,19.43,29.99,30.82,38.1,139.8,101.61,317.83,4.47,0.56,0.93,26.0,31.0,69.0,74.0,64.0,56.0,59.0,82.0,59.0,82.0,69.0,56.0,87.0,33.0,82.0,8.0,74.0,77.0
2026,Vila Nova,3,47,Sobe,10.0,0.5198230154605341,True,Everton Galdino,"RAMF, RWF, RW",ED,29.0,8,461,0.1738668312418569,False,17,2,7.0,416.22,9468.27,605.65,296.44,13.62,74.6,8.65,16.22,3.03,31.35,30.06,30.5,218.75,151.91,395.76,369.7,30.41,7.16,15.33,23.0,44.0,79.0,64.0,56.0,56.0,21.0,79.0,10.0,83.0,55.0,79.0,85.0,44.0,51.0,28.0,87.0,74.0
2026,Vila Nova,3,47,Sobe,10.0,0.5198230154605341,True,Rafa Silva,CF,CA,34.0,5,432,0.1629294383871631,False,18,3,5.0,433.45,8533.15,434.6,148.05,7.89,52.53,9.97,14.95,1.87,30.11,29.62,29.62,117.69,82.75,264.59,326.29,29.7,11.05,22.79,5.0,14.0,27.0,27.0,25.0,88.0,32.0,66.0,27.0,68.0,32.0,42.0,37.0,14.0,51.0,32.0,78.0,70.0
2026,Vila Nova,3,47,Sobe,10.0,0.5198230154605341,True,Douglas Mendes,"RCB, LCB",ZD,22.0,4,385,0.1452033189330041,False,19,2,4.0,384.04,9133.11,430.96,168.26,7.5,45.46,5.86,10.78,1.17,16.4,30.15,30.15,47.38,144.82,147.11,349.31,5.88,0.0,0.31,,,,,,,,,,,,,,,,,,
2026,Vila Nova,3,47,Sobe,10.0,0.5198230154605341,True,Bruno Xavier,"RAMF, LAMF, RW",ED,29.0,7,265,0.0999451416032366,False,20,3,7.0,266.0,9750.72,633.42,247.35,10.83,73.43,7.44,18.27,1.69,47.71,29.11,30.24,193.02,132.06,378.89,421.06,37.22,6.63,18.86,38.0,51.0,54.0,37.0,51.0,33.0,36.0,54.0,82.0,59.0,49.0,59.0,72.0,36.0,67.0,67.0,82.0,97.0
2026,Vila Nova,3,47,Sobe,10.0,0.5198230154605341,True,Higor Meritão,"LDMF, DMF",VOL,32.0,6,259,0.0976822327367482,False,21,4,7.0,323.61,10761.35,603.46,115.41,5.84,53.95,4.45,12.24,0.0,47.28,26.69,27.94,33.18,132.33,180.51,647.18,23.18,1.78,3.57,85.0,89.0,59.0,50.0,61.0,50.0,43.0,8.0,98.0,30.0,24.0,33.0,87.0,54.0,98.0,41.0,65.0,59.0
2026,Vila Nova,3,47,Sobe,10.0,0.5198230154605341,True,Igor Cariús,"RB, LB",LD,33.0,4,242,0.0912706576150312,False,22,3,4.0,255.28,9683.05,545.78,303.56,14.1,71.92,6.35,13.75,1.41,24.33,30.88,30.88,137.87,247.51,245.33,434.79,24.47,2.04,5.3,,,,,,,,,,,,,,,,,,
2026,Vila Nova,3,47,Sobe,10.0,0.5198230154605341,True,Gustavo Puskas,CF,CA,18.0,9,241,0.0908935061372831,False,23,4,8.0,229.28,9770.16,509.43,257.46,10.99,65.15,7.06,14.52,0.0,42.39,29.44,30.58,93.14,248.86,271.96,383.06,29.85,9.23,22.8,63.0,39.0,75.0,56.0,54.0,31.0,24.0,3.0,78.0,64.0,56.0,25.0,98.0,22.0,71.0,37.0,56.0,73.0
2026,Vila Nova,3,47,Sobe,10.0,0.5198230154605341,True,Emerson Urso,"RAMF, LW, LAMF",ED,25.0,11,189,0.0712816292943838,False,24,4,12.0,231.12,10089.61,611.86,288.6,10.91,68.94,9.35,22.2,1.56,38.95,28.23,29.16,183.58,116.82,325.1,369.07,33.11,3.15,9.46,56.0,46.0,72.0,41.0,31.0,77.0,82.0,46.0,41.0,29.0,21.0,51.0,59.0,15.0,49.0,41.0,26.0,21.0
2026,Vila Nova,3,47,Sobe,10.0,0.5198230154605341,True,Ruan Ribeiro,LAMF,EE,22.0,1,16,0.006034423643969,False,25,2,1.0,16.23,6963.45,177.41,55.44,5.54,38.81,11.09,22.18,0.0,27.72,22.3,22.3,26.57,,119.56,,6.62,0.0,0.0,,,,,,,,,,,,,,,,,,
2026,Vila Nova,3,47,Sobe,10.0,0.5198230154605341,True,Samuel Lucas,RCB,ZD,18.0,1,16,0.006034423643969,False,26,3,1.0,16.23,9070.23,493.43,249.49,11.09,55.44,11.09,5.54,0.0,38.81,28.8,28.8,93.1,178.45,113.79,496.55,10.31,0.0,0.0,,,,,,,,,,,,,,,,,,
