ano,clube,jogador,pos11,idade,Altura,minutos,fatia,Contrato termina,Golos de cabeça/90,Golos de cabeça,Duelos aéreos/90,"Duelos aéreos ganhos, %",Golos esperados/90,Remates/90,Toques na área/90,rendimento,faixa,aereos_ganhos_90
2022,Sampaio Corrêa,Ygor Catatau,EE,27.0,184.0,2706,0.7201335462331253,2026-11-30,0.2,6,9.28,49.1,0.26,2.16,2.56,0.4733855144264345,Meio,4.55648
2022,Bahia,Matheus Davó,CA,23.0,178.0,2214,0.5967654986522911,2027-06-30,0.16,4,4.76,17.09,0.41,2.72,4.63,0.16512566879886736,Sobe,0.813484
2022,Guarani,Yuri Jonathan,CA,24.0,185.0,1141,0.30788666748436155,2026-12-31,0.32,4,9.47,44.17,0.36,2.05,4.18,0.053639264952930255,Meio,4.182899000000001
2022,Ponte Preta,Wallisson,ED,24.0,184.0,2001,0.5290469895445259,2027-12-31,0.18,4,6.07,47.41,0.15,1.57,1.98,-0.16202681237652006,Meio,2.877787
2022,Chapecoense,Perotti,CA,24.0,186.0,2003,0.5377312442036413,2026-11-30,0.13,3,8.63,30.21,0.32,2.25,3.5,-0.16469053487358654,Meio,2.607123
2022,Criciúma,Hygor,ED,30.0,186.0,1790,0.4689211717075494,2026-11-30,0.15,3,6.34,34.92,0.41,2.16,3.87,0.3122380378239036,Meio,2.213928
2022,Londrina,Gabriel Santos,CA,23.0,185.0,1566,0.41734706238643243,2027-06-30,0.18,3,7.84,43.41,0.2,1.88,2.37,0.22893520831096859,Meio,3.4033439999999997
2022,Vasco,Andrey Santos,VOL,18.0,180.0,3109,0.8220320649953129,2031-06-30,0.09,3,4.14,48.25,0.12,1.36,1.33,0.0703163200791106,Sobe,1.99755
2022,Vila Nova,Rafael Donato,ZD,33.0,193.0,3339,0.8668019729544757,,0.08,3,5.44,67.33,0.11,0.67,0.89,0.0046557676533542924,Meio,3.6627520000000002
2022,Bahia,Ricardo Goulart,CA,31.0,181.0,1019,0.2746630727762803,,0.18,2,5.74,36.92,0.25,1.59,2.38,0.16512566879886736,Sobe,2.119208
2022,CSA,Rodrigo Rodrigues,CA,26.0,191.0,1645,0.439989301172008,2027-06-30,0.11,2,7.5,36.5,0.53,1.91,2.84,-0.2412591642698685,Cai,2.7375
2022,Criciúma,Rômulo,MED,26.0,185.0,1536,0.40238151940938316,2028-06-30,0.12,2,4.1,50.0,0.11,1.41,1.46,0.3122380378239036,Meio,2.05
2022,Criciúma,Zé Marcos,ZE,24.0,188.0,1181,0.30938318647296975,2027-12-31,0.15,2,5.72,62.67,0.1,0.53,0.61,0.3122380378239036,Meio,3.584724
2022,Guarani,João Victor,ZD,25.0,188.0,3058,0.8251686495768429,2027-12-31,0.06,2,4.68,69.81,0.03,0.32,0.56,0.053639264952930255,Meio,3.267108
2022,Ituano,Bernardo Schappo,ZE,23.0,191.0,2675,0.7094635322483424,2028-06-30,0.07,2,5.45,55.56,0.1,0.47,0.57,0.3504136826485551,Meio,3.02802
2022,Ituano,Aylon,CA,30.0,180.0,1995,0.529113924050633,2026-11-30,0.09,2,8.08,36.87,0.34,2.53,3.16,0.3504136826485551,Meio,2.9790959999999997
2022,Ituano,Mário Sérgio,LE,28.0,179.0,1870,0.495961422543701,2026-11-30,0.1,2,3.27,57.35,0.07,0.91,1.16,0.3504136826485551,Meio,1.875345
2022,Ituano,Rafael Elias,CA,23.0,182.0,1850,0.4906570223025919,2027-06-30,0.1,2,6.66,32.85,0.42,2.68,2.72,0.3504136826485551,Meio,2.1878100000000003
2022,Novorizontino,Ronaldo,CA,31.0,185.0,1651,0.4417015273859325,,0.11,2,6.76,40.32,0.47,2.45,3.54,-0.13704714893867997,Meio,2.725632
2022,Novorizontino,Quirino,CA,28.0,181.0,1448,0.38739176962739563,,0.12,2,9.32,30.0,0.26,2.42,3.79,-0.13704714893867997,Meio,2.7960000000000003
2022,Náutico,Victor Ferraz,LD,34.0,174.0,2347,0.6215572033898306,,0.08,2,1.73,48.89,0.03,0.58,0.96,-0.5603728775246417,Cai,0.845797
2022,Ponte Preta,Lucca,CA,32.0,178.0,2617,0.69191202980411,,0.07,2,4.61,23.13,0.46,1.93,2.65,-0.16202681237652006,Meio,1.066293
2022,Ponte Preta,Mateus Silva,ZD,26.0,192.0,1441,0.380987862035813,2026-11-30,0.12,2,5.18,72.29,0.16,0.87,0.62,-0.16202681237652006,Meio,3.744622
2022,Sampaio Corrêa,Gabriel Poveda,CA,24.0,183.0,3122,0.8308414380413219,2026-12-31,0.06,2,5.48,26.84,0.41,2.54,2.36,0.4733855144264345,Meio,1.4708320000000001
2022,Sport,Kayke,CA,34.0,182.0,1433,0.38217965814038063,,0.13,2,2.64,19.05,0.33,1.76,3.89,0.10876017669562454,Meio,0.50292
2022,Vila Nova,N. Pessôa,CA,28.0,182.0,1138,0.29542397281287613,2027-04-30,0.16,2,12.18,28.57,0.33,1.9,2.45,0.0046557676533542924,Meio,3.479826
2022,Bahia,Ignácio,ZD,25.0,190.0,3355,0.9043126684636119,2028-06-30,0.03,1,3.46,57.36,0.06,0.27,0.43,0.16512566879886736,Sobe,1.984656
2022,Bahia,Vitor Jacaré,EE,22.0,178.0,2098,0.5654986522911051,2026-12-31,0.04,1,3.26,31.58,0.2,2.96,2.79,0.16512566879886736,Sobe,1.0295079999999999
2022,Bahia,Luiz Henrique,LE,24.0,178.0,1692,0.45606469002695416,,0.05,1,4.36,40.24,0.03,0.37,0.64,0.16512566879886736,Sobe,1.754464
2022,Brusque,Wallace,ZE,34.0,186.0,2921,0.7754555327621575,2026-12-31,0.03,1,3.97,63.57,0.05,0.37,0.68,-0.15078874981208978,Cai,2.5237290000000003
2022,Brusque,Bruno Aguiar,ZD,36.0,186.0,1144,0.3037045975624472,,0.08,1,5.51,51.43,0.07,0.55,0.55,-0.15078874981208978,Cai,2.833793
2022,Brusque,Crislan,CA,30.0,190.0,1125,0.29866055267286107,,0.08,1,9.28,43.1,0.2,1.36,2.8,-0.15078874981208978,Cai,3.9996799999999997
2022,CRB,Gum,ZD,36.0,189.0,2461,0.6574780201097781,,0.04,1,5.19,61.97,0.05,0.44,0.59,-0.06933256682494893,Meio,3.216243
2022,CRB,Claudinei,VOL,33.0,178.0,1400,0.37402244134648077,,0.06,1,2.12,48.48,0.0,0.06,0.13,-0.06933256682494893,Meio,1.027776
2022,CSA,Lucão,ZD,26.0,187.0,3435,0.9187618538151049,,0.03,1,4.79,65.57,0.02,0.34,0.47,-0.2412591642698685,Cai,3.1408029999999996
2022,CSA,Geovane,VOL,33.0,179.0,2749,0.7352769537518845,2026-11-30,0.03,1,3.31,50.5,0.02,0.62,0.65,-0.2412591642698685,Cai,1.67155
2022,CSA,Lucas Barcelos,CA,23.0,182.0,1779,0.4758303749452901,2027-06-30,0.05,1,4.15,23.17,0.29,2.23,3.09,-0.2412591642698685,Cai,0.9615550000000002
2022,Chapecoense,Victor Ramos,ZE,33.0,192.0,2848,0.764582418118807,,0.03,1,4.49,63.38,0.05,0.38,0.51,-0.16469053487358654,Meio,2.845762
2022,Chapecoense,Léo,ZD,34.0,186.0,2480,0.665788060721433,,0.04,1,4.61,63.78,0.06,0.25,0.44,-0.16469053487358654,Meio,2.940258
2022,Chapecoense,Matheus Bianqui,MED,24.0,187.0,2013,0.5404158734807438,2026-12-31,0.04,1,6.93,49.68,0.26,2.1,1.74,-0.16469053487358654,Meio,3.442824
2022,Chapecoense,Chrystian Barletta,ED,21.0,178.0,1922,0.5159857470591106,2029-07-31,0.05,1,2.62,32.14,0.16,1.97,2.9,-0.16469053487358654,Meio,0.842068
2022,Chapecoense,Pablo Oliveira,MED,27.0,183.0,1104,0.29638307219212184,,0.08,1,2.36,62.07,0.07,0.65,0.98,-0.16469053487358654,Meio,1.4648519999999998
2022,Criciúma,Rodrigo,ZD,35.0,187.0,3497,0.9160990712074303,2027-12-31,0.03,1,4.17,62.35,0.07,0.54,0.51,0.3122380378239036,Meio,2.5999950000000003
2022,Criciúma,Marquinhos Gabriel,CA,32.0,174.0,1731,0.4534651107406525,2027-11-30,0.05,1,1.87,19.44,0.21,2.29,2.76,0.3122380378239036,Meio,0.363528
2022,Criciúma,Thiago Alagoano,EE,33.0,171.0,1671,0.4377470826387235,,0.05,1,1.62,16.67,0.19,1.62,2.85,0.3122380378239036,Meio,0.27005400000000007
2022,Criciúma,Léo Costa,VOL,26.0,182.0,1544,0.4044772564896404,2026-10-31,0.06,1,4.55,55.13,0.15,1.87,0.99,0.3122380378239036,Meio,2.508415
2022,Criciúma,Lohan,CA,26.0,191.0,1194,0.31278875922838767,2027-12-30,0.08,1,10.48,43.17,0.4,2.41,3.62,0.3122380378239036,Meio,4.524216
2022,Cruzeiro,Lucas Oliveira,ZD,26.0,187.0,3374,0.9003226354219732,2026-12-31,0.03,1,2.91,56.88,0.04,0.48,0.45,0.5032450477868315,Sobe,1.655208
2022,Cruzeiro,Eduardo Brock,ZE,31.0,186.0,3000,0.8005239793319263,2027-12-31,0.03,1,5.01,62.87,0.09,0.66,0.27,0.5032450477868315,Sobe,3.1497869999999994
2022,Cruzeiro,Zé Ivaldo,ZD,25.0,185.0,2702,0.7210052640516217,2028-12-31,0.03,1,3.26,43.88,0.06,1.17,0.63,0.5032450477868315,Sobe,1.430488
2022,Cruzeiro,Edu,CA,29.0,184.0,2278,0.6078645416393761,,0.04,1,3.71,36.17,0.36,2.25,3.67,0.5032450477868315,Sobe,1.341907
2022,Cruzeiro,Luvannor,CA,32.0,182.0,1800,0.4803143875991558,,0.05,1,4.5,44.44,0.3,2.8,4.35,0.5032450477868315,Sobe,1.9997999999999998
2022,Cruzeiro,Geovane Jesus,LD,20.0,181.0,1611,0.42988137690124445,2026-12-31,0.06,1,5.87,57.14,0.05,1.06,1.62,0.5032450477868315,Sobe,3.354118
2022,Grêmio,Bruno Alves,ZE,31.0,185.0,3205,0.9458081824279008,2027-12-31,0.03,1,4.44,62.03,0.04,0.34,0.42,0.025855751827733586,Sobe,2.7541320000000002
2022,Grêmio,Bitello,VOL,22.0,179.0,2835,0.8366197183098592,2031-06-30,0.03,1,1.33,33.33,0.16,1.78,2.22,0.025855751827733586,Sobe,0.443289
2022,Grêmio,Thiago Santos,MED,32.0,181.0,967,0.2853655264922871,2026-12-31,0.09,1,5.86,57.14,0.09,0.65,0.74,0.025855751827733586,Sobe,3.3484040000000004
2022,Guarani,Nícolas Careca,CA,25.0,188.0,948,0.25580767815528027,2026-11-30,0.09,1,8.26,28.74,0.19,1.33,2.47,0.053639264952930255,Meio,2.3739239999999997
2022,Ituano,Lucas Siqueira,VOL,33.0,181.0,2964,0.7861121157323689,,0.03,1,5.22,54.65,0.04,0.64,0.79,0.3504136826485551,Meio,2.8527299999999998
2022,Ituano,Kaio Mendes,ED,27.0,173.0,2336,0.6195539481615431,,0.04,1,2.77,36.11,0.09,1.0,1.04,0.3504136826485551,Meio,1.0002469999999999
2022,Ituano,J. Jiménez,VOL,29.0,181.0,950,0.25195901145268235,2026-11-30,0.09,1,3.41,63.89,0.09,0.66,0.66,0.3504136826485551,Meio,2.178649
2022,Novorizontino,Douglas Baggio,ED,27.0,172.0,2670,0.714320459188637,2026-11-30,0.03,1,3.78,41.07,0.28,2.02,2.46,-0.13704714893867997,Meio,1.552446
2022,Novorizontino,Ligger,ZE,34.0,186.0,2595,0.6942552777507539,2026-10-30,0.03,1,4.61,61.65,0.06,0.35,0.45,-0.13704714893867997,Meio,2.842065
2022,Novorizontino,D. Torres,MEI,31.0,174.0,1790,0.4788889969841424,,0.05,1,1.21,20.83,0.16,1.81,1.11,-0.13704714893867997,Meio,0.25204299999999996
2022,Novorizontino,Paulinho,LE,37.0,180.0,1277,0.3416431559490223,,0.07,1,4.86,56.52,0.03,0.7,0.28,-0.13704714893867997,Meio,2.746872
2022,Náutico,Wellington,ZD,30.0,188.0,1241,0.3286546610169492,,0.07,1,4.28,59.32,0.03,0.29,0.73,-0.5603728775246417,Cai,2.5388960000000003
2022,Náutico,Kieza,CA,35.0,180.0,1141,0.3021716101694915,,0.08,1,7.81,29.29,0.1,0.63,1.5,-0.5603728775246417,Cai,2.287549
2022,Operário-PR,Giovanni Pavani,EE,25.0,178.0,1840,0.49875557526921466,2027-12-31,0.05,1,4.7,44.79,0.1,1.52,1.61,-0.39133416123100295,Cai,2.10513
2022,Operário-PR,Paulo Victor,ED,21.0,180.0,1491,0.4041546536556517,2026-12-31,0.06,1,5.86,35.05,0.17,1.15,2.47,-0.39133416123100295,Cai,2.05393
2022,Operário-PR,Felipe Garcia,CA,31.0,185.0,1346,0.3648505458219364,2026-11-30,0.07,1,10.03,39.33,0.12,1.6,2.81,-0.39133416123100295,Cai,3.9447989999999993
2022,Operário-PR,Júnior Brandao,CA,27.0,187.0,1261,0.34181020674699986,,0.07,1,9.21,21.71,0.21,1.86,3.21,-0.39133416123100295,Cai,1.9994910000000001
2022,Ponte Preta,Élvis,MEI,31.0,175.0,1412,0.37332051436125463,2026-11-30,0.06,1,1.47,21.74,0.14,1.4,0.76,-0.16202681237652006,Meio,0.319578
2022,Sampaio Corrêa,André Luiz,VOL,27.0,183.0,3136,0.8345671844002517,2026-11-30,0.03,1,3.07,60.75,0.08,1.32,0.57,0.4733855144264345,Meio,1.865025
2022,Sampaio Corrêa,Joécio,ZE,36.0,189.0,1405,0.37390525959258725,2026-09-13,0.06,1,3.84,76.67,0.05,0.38,0.51,0.4733855144264345,Meio,2.944128
2022,Sport,Fabinho,MED,35.0,180.0,2715,0.724087768214329,,0.03,1,6.07,60.11,0.09,0.83,1.16,0.10876017669562454,Meio,3.648677
2022,Sport,Rafael Thyere,ZD,29.0,189.0,2375,0.633410110316402,2026-12-31,0.04,1,5.12,60.74,0.05,0.3,0.49,0.10876017669562454,Meio,3.109888
2022,Sport,Vágner Love,CA,38.0,172.0,1468,0.3915141229239908,,0.06,1,5.21,37.65,0.57,2.33,4.05,0.10876017669562454,Meio,1.961565
2022,Tombense,Ednei,ZD,32.0,185.0,2213,0.5928641013151486,,0.04,1,5.68,54.48,0.07,0.51,0.68,0.17052437043767044,Meio,3.094464
2022,Tombense,Ciel,CA,40.0,179.0,2117,0.5671456405260594,,0.04,1,2.89,19.7,0.42,2.1,2.5,0.17052437043767044,Meio,0.56933
2022,Tombense,Kleiton,ED,23.0,182.0,1228,0.32898197759376524,,0.07,1,4.57,39.34,0.26,1.87,3.37,0.17052437043767044,Meio,1.797838
2022,Tombense,Marcondes,ZD,29.0,184.0,1178,0.3155869459327813,,0.08,1,6.34,55.42,0.02,0.31,0.61,0.17052437043767044,Meio,3.5136279999999998
2022,Vasco,Anderson Conceição,ZE,32.0,188.0,3493,0.923563204576593,,0.03,1,4.69,62.09,0.03,0.28,0.46,0.0703163200791106,Sobe,2.912021
2022,Vasco,J. Quintero,ZD,27.0,184.0,2662,0.7038434728264789,2026-12-31,0.03,1,3.14,58.06,0.02,0.17,0.34,0.0703163200791106,Sobe,1.8230840000000001
2022,Vasco,Raniel,CA,26.0,181.0,2189,0.5787803764151623,2027-06-30,0.04,1,6.54,40.88,0.48,2.22,2.75,0.0703163200791106,Sobe,2.6735520000000004
2022,Vasco,Léo Matos,LD,36.0,184.0,1400,0.3701656130567507,,0.06,1,3.34,61.54,0.01,0.13,0.45,0.0703163200791106,Sobe,2.055436
2022,Vila Nova,Arthur Rezende,VOL,28.0,179.0,2653,0.6887168715927595,,0.03,1,2.41,47.89,0.14,1.8,0.37,0.0046557676533542924,Meio,1.154149
2022,Vila Nova,Pablo Dyego,EE,28.0,174.0,2028,0.5264673258914875,2026-11-30,0.04,1,3.11,28.57,0.23,2.26,2.75,0.0046557676533542924,Meio,0.888527
2022,Vila Nova,Wagner,MEI,37.0,173.0,1559,0.404715266797253,,0.06,1,1.73,33.33,0.12,1.33,1.67,0.0046557676533542924,Meio,0.5766089999999999
2022,Bahia,Patrick De Lucca,VOL,22.0,180.0,2836,0.7644204851752021,2026-11-30,0.0,0,3.59,48.67,0.05,0.48,0.86,0.16512566879886736,Sobe,1.747253
2022,Bahia,Danielzinho,MEI,26.0,173.0,2828,0.7622641509433963,2026-12-31,0.0,0,1.5,27.66,0.13,1.4,1.3,0.16512566879886736,Sobe,0.41490000000000005
2022,Bahia,Luiz Otávio,ZE,29.0,194.0,2685,0.7237196765498652,2026-12-31,0.0,0,5.36,68.13,0.07,0.4,0.77,0.16512566879886736,Sobe,3.651768
2022,Bahia,Danilo Fernandes,GOL,34.0,188.0,2369,0.638544474393531,,0.0,0,0.49,84.62,0.0,0.0,0.0,0.16512566879886736,Sobe,0.414638
2022,Bahia,Lucas Mugni,VOL,30.0,183.0,2201,0.5932614555256065,2027-12-31,0.0,0,2.66,41.54,0.23,1.19,1.31,0.16512566879886736,Sobe,1.104964
2022,Bahia,Rezende,VOL,27.0,186.0,1982,0.5342318059299191,2026-12-31,0.0,0,5.31,57.26,0.08,0.68,0.82,0.16512566879886736,Sobe,3.0405059999999997
2022,Bahia,Mateus Claus,GOL,27.0,194.0,1387,0.3738544474393531,2026-12-31,0.0,0,0.71,100.0,0.0,0.0,0.0,0.16512566879886736,Sobe,0.71
2022,Bahia,André Dhominique,LD,18.0,178.0,1283,0.345822102425876,2027-12-31,0.0,0,2.95,54.76,0.0,0.21,0.42,0.16512566879886736,Sobe,1.61542
2022,Bahia,Hugo Rodallega,CA,37.0,181.0,1262,0.34016172506738546,2026-12-31,0.0,0,6.42,41.11,0.27,3.0,2.85,0.16512566879886736,Sobe,2.639262
2022,Bahia,Matheus Bahia,LE,22.0,181.0,1212,0.3266846361185984,2027-12-31,0.0,0,1.49,50.0,0.01,0.45,0.37,0.16512566879886736,Sobe,0.745
2022,Bahia,Douglas Borel,LD,20.0,178.0,1110,0.2991913746630728,2028-06-30,0.0,0,3.24,40.0,0.03,0.49,0.73,0.16512566879886736,Sobe,1.2960000000000003
2022,Bahia,Marcinho,LD,26.0,178.0,1107,0.29838274932614556,2027-12-31,0.0,0,2.76,52.94,0.02,0.65,0.24,0.16512566879886736,Sobe,1.461144
2022,Bahia,Gabriel Xavier,ZE,21.0,190.0,1046,0.2819407008086253,2029-12-31,0.0,0,4.9,63.16,0.06,0.43,0.69,0.16512566879886736,Sobe,3.0948399999999996
2022,Bahia,Rildo,EE,22.0,178.0,976,0.26307277628032344,2027-06-30,0.0,0,3.14,14.71,0.32,3.97,2.49,0.16512566879886736,Sobe,0.4618940000000001
2022,Bahia,Emerson Santos,VOL,30.0,180.0,966,0.26037735849056604,2026-10-30,0.0,0,5.4,60.34,0.02,0.84,0.09,0.16512566879886736,Sobe,3.25836
2022,Brusque,Rodolfo Potiguar,VOL,34.0,179.0,3034,0.8054543260528538,2026-09-30,0.0,0,4.54,51.63,0.03,1.19,0.09,-0.15078874981208978,Cai,2.344002
2022,Brusque,Jordan,GOL,24.0,190.0,2492,0.6615663086762399,2026-11-30,0.0,0,0.22,83.33,0.0,0.0,0.0,-0.15078874981208978,Cai,0.183326
2022,Brusque,Airton,LE,33.0,175.0,2482,0.6589115482080367,2026-09-30,0.0,0,1.85,41.18,0.01,0.33,0.47,-0.15078874981208978,Cai,0.7618300000000001
2022,Brusque,Éverton Alemão,ZD,29.0,185.0,2265,0.601303246048027,,0.0,0,4.61,56.03,0.06,0.48,0.75,-0.15078874981208978,Cai,2.5829830000000005
2022,Brusque,Fernandinho,EE,25.0,175.0,2150,0.57077350066369,2026-12-31,0.0,0,1.93,30.43,0.15,2.18,3.47,-0.15078874981208978,Cai,0.587299
2022,Brusque,Alex Sandro,CA,27.0,175.0,2035,0.5402437552793532,,0.0,0,2.65,28.33,0.43,2.96,2.92,-0.15078874981208978,Cai,0.7507449999999999
2022,Brusque,Wagner Balotelli,VOL,30.0,180.0,1883,0.49989139616266437,,0.0,0,4.06,45.88,0.05,0.38,0.48,-0.15078874981208978,Cai,1.862728
2022,Brusque,Alex Ruan,LE,29.0,175.0,1821,0.4834318812598045,,0.0,0,2.08,33.33,0.09,1.53,1.19,-0.15078874981208978,Cai,0.6932639999999999
2022,Brusque,Zé Mateus,MED,27.0,173.0,1793,0.4759985519488355,2026-09-30,0.0,0,1.61,50.0,0.1,1.0,0.4,-0.15078874981208978,Cai,0.805
2022,Brusque,Pará,LD,36.0,173.0,1763,0.46803427054422586,,0.0,0,2.09,60.98,0.02,0.26,0.66,-0.15078874981208978,Cai,1.274482
2022,Brusque,Álvaro,MEI,29.0,175.0,1394,0.3700736092675274,,0.0,0,3.23,32.0,0.08,1.74,1.74,-0.15078874981208978,Cai,1.0336
2022,Brusque,Matheus Trindade,VOL,26.0,175.0,1334,0.3541450464583082,2026-11-30,0.0,0,4.39,50.77,0.04,0.94,1.08,-0.15078874981208978,Cai,2.228803
2022,Brusque,Toty,LD,31.0,166.0,1141,0.30290816942198623,2026-12-31,0.0,0,4.1,55.77,0.04,0.55,0.79,-0.15078874981208978,Cai,2.2865699999999998
2022,Brusque,Jaílson,ED,29.0,182.0,1122,0.29786412453240013,,0.0,0,3.53,20.45,0.1,1.68,2.65,-0.15078874981208978,Cai,0.7218849999999999
2022,Brusque,Luiz Antônio,VOL,31.0,179.0,1016,0.2697236635694461,,0.0,0,2.3,50.0,0.05,1.59,0.89,-0.15078874981208978,Cai,1.15
2022,Brusque,Júnior Todinho,CA,28.0,182.0,973,0.2583081935561723,2026-11-30,0.0,0,5.92,32.81,0.31,1.76,2.59,-0.15078874981208978,Cai,1.9423520000000003
2022,Brusque,Diego Jardel,MEI,32.0,180.0,960,0.2548570049475081,2026-09-30,0.0,0,3.28,40.0,0.22,1.69,1.31,-0.15078874981208978,Cai,1.3119999999999998
2022,Brusque,Jeferson,ZE,30.0,193.0,902,0.23945939423192952,,0.0,0,4.59,67.39,0.05,0.4,0.5,-0.15078874981208978,Cai,3.0932009999999996
2022,CRB,Diogo Silva,GOL,36.0,192.0,3564,0.9521542721134697,2026-11-30,0.0,0,0.58,86.96,0.04,0.05,0.0,-0.06933256682494893,Meio,0.5043679999999999
2022,CRB,Anselmo Ramon,CA,34.0,182.0,2960,0.7907903045611309,2026-11-30,0.0,0,4.5,29.05,0.29,1.61,1.92,-0.06933256682494893,Meio,1.30725
2022,CRB,Raul Prata,LD,34.0,176.0,2482,0.6630883567299752,2027-04-30,0.0,0,2.57,43.66,0.02,0.44,0.8,-0.06933256682494893,Meio,1.122062
2022,CRB,Guilherme Romão,LE,24.0,176.0,2241,0.5987030650410453,2028-12-31,0.0,0,3.73,46.24,0.03,0.64,0.48,-0.06933256682494893,Meio,1.724752
2022,CRB,Fabinho,ED,22.0,180.0,2166,0.578666148540341,2027-12-31,0.0,0,1.66,30.0,0.17,1.29,1.54,-0.06933256682494893,Meio,0.498
2022,CRB,Yago Henrique,VOL,27.0,180.0,1995,0.5329819789187351,,0.0,0,3.02,49.25,0.04,0.5,0.63,-0.06933256682494893,Meio,1.4873500000000002
2022,CRB,Rafael Longuine,MEI,32.0,174.0,1962,0.5241657356584253,,0.0,0,1.19,19.23,0.12,1.97,1.1,-0.06933256682494893,Meio,0.228837
2022,CRB,Reginaldo,LD,29.0,174.0,1947,0.5201583523582843,2026-11-30,0.0,0,1.8,38.46,0.04,0.23,0.6,-0.06933256682494893,Meio,0.6922800000000001
2022,CRB,Emerson Negueba,EE,21.0,175.0,1928,0.5150823335114393,2026-12-31,0.0,0,3.5,32.0,0.13,1.59,1.96,-0.06933256682494893,Meio,1.12
2022,CRB,Wellington Carvalho,ZE,29.0,185.0,1829,0.48863360373050957,,0.0,0,3.94,56.25,0.05,0.15,0.2,-0.06933256682494893,Meio,2.21625
2022,CRB,Richard Rodrigues,EE,22.0,171.0,1388,0.3708165347063681,2026-09-15,0.0,0,3.89,36.67,0.24,2.2,2.07,-0.06933256682494893,Meio,1.4264630000000003
2022,CRB,Diego Ivo,ZE,33.0,188.0,1361,0.36360324476611455,,0.0,0,4.1,59.68,0.03,0.26,0.46,-0.06933256682494893,Meio,2.4468799999999997
2022,CRB,Gilvan,ZE,32.0,188.0,1083,0.2893330742701705,,0.0,0,4.99,66.67,0.01,0.17,0.42,-0.06933256682494893,Meio,3.326833
2022,CRB,Gabriel Conceição,CA,21.0,180.0,1078,0.2879972798367902,,0.0,0,6.76,40.74,0.13,1.09,1.92,-0.06933256682494893,Meio,2.754024
2022,CRB,Juninho Valoura,VOL,36.0,172.0,1072,0.28639432651673385,,0.0,0,2.69,40.63,0.03,1.26,0.25,-0.06933256682494893,Meio,1.0929470000000001
2022,CRB,Marthã,VOL,25.0,181.0,1058,0.2826541021032691,,0.0,0,3.06,52.78,0.01,0.26,0.0,-0.06933256682494893,Meio,1.615068
2022,CRB,Uillian Correia,VOL,32.0,184.0,1054,0.28158546655656486,,0.0,0,1.88,59.09,0.01,0.26,0.09,-0.06933256682494893,Meio,1.110892
2022,CSA,Marcelo Carné,GOL,32.0,188.0,3268,0.8740942469484025,2026-11-30,0.0,0,0.58,80.95,0.0,0.0,0.0,-0.2412591642698685,Cai,0.46951
2022,CSA,Diego Renan,LE,32.0,172.0,2844,0.7606866702329427,,0.0,0,3.1,56.12,0.03,0.73,0.44,-0.2412591642698685,Cai,1.7397200000000002
2022,CSA,Gabriel,MEI,32.0,178.0,2743,0.7336721295530808,2026-12-31,0.0,0,1.57,52.08,0.05,1.02,0.72,-0.2412591642698685,Cai,0.817656
2022,CSA,Osvaldo,EE,35.0,169.0,2144,0.5734571803725138,2026-12-31,0.0,0,1.39,24.24,0.15,1.93,2.98,-0.2412591642698685,Cai,0.33693599999999996
2022,CSA,Lourenço,ED,24.0,169.0,1908,0.5103340952195692,2026-11-30,0.0,0,3.16,29.85,0.16,2.5,1.89,-0.2412591642698685,Cai,0.9432600000000001
2022,CSA,Werley,ZE,33.0,184.0,1621,0.43357000437679327,,0.0,0,5.05,65.93,0.07,0.61,0.72,-0.2412591642698685,Cai,3.3294650000000003
2022,CSA,Giva,VOL,23.0,180.0,1609,0.4303603559791859,,0.0,0,2.57,30.43,0.03,0.56,0.39,-0.2412591642698685,Cai,0.7820509999999998
2022,CSA,Igor Inocêncio,LD,24.0,185.0,1597,0.4271507075815786,2026-11-30,0.0,0,4.45,60.76,0.02,0.62,0.56,-0.2412591642698685,Cai,2.70382
2022,CSA,Lucas Marques,LD,24.0,173.0,1381,0.36937703642464625,,0.0,0,3.32,50.98,0.03,0.52,0.72,-0.2412591642698685,Cai,1.6925359999999998
2022,CSA,Wellington,ZD,27.0,187.0,1358,0.36322521032923216,2027-06-30,0.0,0,4.18,49.21,0.03,0.27,0.46,-0.2412591642698685,Cai,2.056978
2022,CSA,Yann Rolim,MEI,27.0,173.0,1071,0.28646111948645625,2026-09-30,0.0,0,1.68,30.0,0.16,1.76,2.52,-0.2412591642698685,Cai,0.504
2022,CSA,Élton,CA,36.0,185.0,907,0.24259592471915578,,0.0,0,6.95,27.14,0.24,1.98,3.47,-0.2412591642698685,Cai,1.8862300000000003
2022,Chapecoense,Fernando,LE,22.0,181.0,3509,0.9420364133352858,2029-12-31,0.0,0,3.03,61.86,0.02,0.46,0.36,-0.16469053487358654,Meio,1.8743579999999997
2022,Chapecoense,Ronei,LD,24.0,175.0,2347,0.6300824913359692,,0.0,0,2.07,46.3,0.02,0.58,0.27,-0.16469053487358654,Meio,0.9584099999999998
2022,Chapecoense,Marcelo Freitas,MED,28.0,183.0,2299,0.6171962708058769,2027-07-30,0.0,0,3.37,44.19,0.06,1.14,0.31,-0.16469053487358654,Meio,1.489203
2022,Chapecoense,Saulo,GOL,37.0,188.0,2000,0.5369258554205105,,0.0,0,0.45,80.0,0.0,0.0,0.0,-0.16469053487358654,Meio,0.36
2022,Chapecoense,Vagner,GOL,32.0,192.0,1782,0.4784009371796749,,0.0,0,0.35,100.0,0.0,0.0,0.0,-0.16469053487358654,Meio,0.35
2022,Chapecoense,Frazan,ZD,26.0,188.0,1327,0.35625030507150873,2027-06-30,0.0,0,2.98,59.09,0.0,0.0,0.0,-0.16469053487358654,Meio,1.760882
2022,Chapecoense,Maílton,LD,24.0,169.0,1186,0.3183970322643628,2027-12-31,0.0,0,2.58,41.18,0.06,1.9,0.99,-0.16469053487358654,Meio,1.062444
2022,Chapecoense,Alisson Farias,EE,26.0,171.0,1167,0.31329623663786793,2026-09-30,0.0,0,1.23,12.5,0.12,1.7,1.85,-0.16469053487358654,Meio,0.15375
2022,Chapecoense,Lima,MED,23.0,173.0,1137,0.30524234880656026,,0.0,0,1.5,10.53,0.06,1.35,0.95,-0.16469053487358654,Meio,0.15794999999999998
2022,Chapecoense,Betinho,MED,30.0,182.0,1068,0.2867184067945526,2027-06-30,0.0,0,1.94,52.17,0.04,1.18,0.17,-0.16469053487358654,Meio,1.012098
2022,Chapecoense,Willian Popp,EE,28.0,178.0,972,0.2609459657343681,2027-06-30,0.0,0,4.35,31.91,0.28,1.76,2.96,-0.16469053487358654,Meio,1.3880849999999998
2022,Chapecoense,Thomás Bedinelli,CA,29.0,180.0,967,0.25960365109581685,,0.0,0,1.02,45.45,0.16,1.77,1.77,-0.16469053487358654,Meio,0.46359
2022,Criciúma,Gustavo,GOL,29.0,187.0,3696,0.9682305310788283,,0.0,0,0.66,88.89,0.0,0.0,0.0,0.3122380378239036,Meio,0.586674
2022,Criciúma,Arilson,MED,28.0,180.0,2931,0.7678256727792331,,0.0,0,2.61,51.76,0.06,0.92,0.68,0.3122380378239036,Meio,1.350936
2022,Criciúma,Fellipe Mateus,MED,31.0,178.0,2895,0.7583948559180756,2026-12-31,0.0,0,2.92,40.43,0.09,1.27,1.18,0.3122380378239036,Meio,1.180556
2022,Criciúma,Marcelo Hermes,LE,27.0,177.0,2464,0.6454870207192188,2026-12-31,0.0,0,2.85,43.59,0.06,1.02,1.13,0.3122380378239036,Meio,1.242315
2022,Criciúma,Cristovam,LD,32.0,175.0,1981,0.5189568944986901,,0.0,0,3.63,51.25,0.02,0.86,0.77,0.3122380378239036,Meio,1.860375
2022,Criciúma,Rayan,ZE,32.0,184.0,1683,0.44089068825910926,,0.0,0,3.48,66.15,0.06,0.48,0.53,0.3122380378239036,Meio,2.30202
2022,Criciúma,Marcos Serrato,VOL,28.0,175.0,1604,0.4201952845915694,2026-11-30,0.0,0,2.08,54.05,0.06,1.23,0.28,0.3122380378239036,Meio,1.12424
2022,Criciúma,Caio Dantas,CA,29.0,177.0,1448,0.37932841152655394,2026-11-30,0.0,0,5.22,19.05,0.25,1.62,2.36,0.3122380378239036,Meio,0.99441
2022,Criciúma,Hélder Santos,LE,33.0,179.0,1404,0.3678018575851393,,0.0,0,3.33,59.62,0.02,0.51,0.77,0.3122380378239036,Meio,1.9853459999999998
2022,Criciúma,Rafael Bilu,ED,23.0,174.0,1297,0.3397713741366992,2027-06-30,0.0,0,3.75,44.44,0.3,2.78,1.73,0.3122380378239036,Meio,1.6664999999999999
2022,Criciúma,Claudinho,LD,21.0,180.0,1280,0.33531793284115263,2027-12-31,0.0,0,2.11,56.67,0.05,1.34,1.13,0.3122380378239036,Meio,1.195737
2022,Cruzeiro,Rafael Cabral,GOL,32.0,186.0,3663,0.9774397787642821,2027-12-31,0.0,0,0.32,84.62,0.0,0.0,0.0,0.5032450477868315,Sobe,0.270784
2022,Cruzeiro,Neto Moura,MED,25.0,177.0,2465,0.6577638696843995,2026-12-31,0.0,0,1.79,55.1,0.02,0.88,0.15,0.5032450477868315,Sobe,0.98629
2022,Cruzeiro,Matheus Bidu,LE,23.0,172.0,2276,0.6073308589864881,2027-12-31,0.0,0,2.06,44.23,0.08,1.03,1.34,0.5032450477868315,Sobe,0.911138
2022,Cruzeiro,Willian Oliveira,MED,29.0,179.0,2237,0.5969240472551731,2027-12-31,0.0,0,3.54,54.55,0.05,0.52,0.48,0.5032450477868315,Sobe,1.93107
2022,Cruzeiro,Filipe Machado,MED,26.0,174.0,2077,0.554229435024137,2027-12-31,0.0,0,2.99,42.03,0.06,1.3,0.26,0.5032450477868315,Sobe,1.256697
2022,Cruzeiro,Bruno Rodrigues,EE,25.0,177.0,1524,0.4066661815006186,2028-12-31,0.0,0,1.89,31.25,0.12,2.66,2.6,0.5032450477868315,Sobe,0.590625
2022,Cruzeiro,Daniel Júnior,EE,20.0,177.0,1474,0.3933241151784198,2030-06-30,0.0,0,1.65,18.52,0.13,2.26,2.2,0.5032450477868315,Sobe,0.30557999999999996
2022,Cruzeiro,Jajá,EE,21.0,177.0,1323,0.35303107488537955,2028-05-31,0.0,0,1.22,27.78,0.19,2.38,4.9,0.5032450477868315,Sobe,0.33891600000000005
2022,Cruzeiro,L. País,LD,28.0,182.0,905,0.2414914004317978,2026-12-31,0.0,0,4.38,27.27,0.09,1.29,1.99,0.5032450477868315,Sobe,1.194426
2022,Grêmio,Pedro Geromel,ZD,36.0,190.0,3234,0.9543661971830987,,0.0,0,3.34,62.5,0.02,0.19,0.28,0.025855751827733586,Sobe,2.0875
2022,Grêmio,M. Villasanti,VOL,25.0,178.0,2959,0.8732126089872569,2029-12-31,0.0,0,1.95,50.0,0.03,0.64,0.4,0.025855751827733586,Sobe,0.975
2022,Grêmio,Biel,ED,21.0,170.0,2646,0.7808450704225353,2029-06-30,0.0,0,0.95,39.29,0.22,2.24,3.3,0.025855751827733586,Sobe,0.373255
2022,Grêmio,Brenno,GOL,23.0,190.0,2375,0.7008718980549967,2027-12-31,0.0,0,0.42,100.0,0.0,0.0,0.0,0.025855751827733586,Sobe,0.42
2022,Grêmio,Nicolas,LE,25.0,181.0,2141,0.6318175720992623,2026-11-30,0.0,0,2.44,46.55,0.01,0.59,0.97,0.025855751827733586,Sobe,1.1358199999999998
2022,Grêmio,Rodrigo Ferreira,LD,27.0,178.0,1829,0.5397451374916163,2026-11-30,0.0,0,2.56,46.15,0.03,0.59,0.89,0.025855751827733586,Sobe,1.18144
2022,Grêmio,Diogo Barbosa,LE,30.0,179.0,1635,0.4824949698189135,2026-11-30,0.0,0,2.26,53.66,0.02,0.22,1.1,0.025855751827733586,Sobe,1.2127159999999997
2022,Grêmio,J. Campaz,MEI,22.0,165.0,1525,0.4500335345405768,2026-12-31,0.0,0,2.12,25.0,0.17,2.36,2.01,0.025855751827733586,Sobe,0.53
2022,Grêmio,Gabriel Grando,GOL,22.0,192.0,1276,0.37655264922870557,2029-12-31,0.0,0,0.71,90.0,0.0,0.0,0.0,0.025855751827733586,Sobe,0.639
2022,Grêmio,Guilherme,EE,27.0,180.0,1202,0.35471495640509726,2028-06-30,0.0,0,3.89,44.23,0.18,2.4,3.14,0.025855751827733586,Sobe,1.720547
2022,Grêmio,Edílson,LD,36.0,177.0,966,0.28507042253521125,,0.0,0,3.45,54.05,0.03,1.12,0.09,0.025855751827733586,Sobe,1.864725
2022,Grêmio,Janderson,ED,23.0,161.0,954,0.28152917505030184,2027-11-30,0.0,0,1.32,21.43,0.15,1.7,3.77,0.025855751827733586,Sobe,0.282876
2022,Guarani,Maurício Kozlinski,GOL,31.0,190.0,3380,0.9120569115662946,2028-11-30,0.0,0,0.64,87.5,0.0,0.0,0.0,0.053639264952930255,Meio,0.56
2022,Guarani,Bruno José,ED,24.0,173.0,2469,0.6662332883601129,2026-11-30,0.0,0,3.28,46.67,0.13,1.57,1.64,0.053639264952930255,Meio,1.530776
2022,Guarani,Giovanni Augusto,MEI,32.0,177.0,2294,0.6190114068441065,2027-12-31,0.0,0,2.31,40.68,0.13,1.53,1.14,0.053639264952930255,Meio,0.939708
2022,Guarani,Leandro Vilela,VOL,27.0,178.0,2276,0.6141542990310315,2026-11-30,0.0,0,3.32,50.0,0.04,0.91,0.51,0.053639264952930255,Meio,1.66
2022,Guarani,Derlan,ZE,26.0,187.0,2139,0.5771863117870722,,0.0,0,4.59,57.8,0.05,0.5,0.63,0.053639264952930255,Meio,2.6530199999999997
2022,Guarani,Rodrigo Andrade,MED,25.0,174.0,1906,0.5143137495400466,2026-11-30,0.0,0,1.75,37.84,0.06,0.8,0.71,0.053639264952930255,Meio,0.6622
2022,Guarani,Diogo Mateus,LD,29.0,173.0,1782,0.4808536734944192,2026-10-31,0.0,0,2.42,54.17,0.14,1.01,0.35,0.053639264952930255,Meio,1.310914
2022,Guarani,Jamerson,LE,23.0,177.0,1716,0.4630442781798111,2026-12-31,0.0,0,3.04,62.07,0.01,0.37,0.21,0.053639264952930255,Meio,1.8869280000000002
2022,Guarani,Matheus Pereira,LE,21.0,172.0,1455,0.39261621489022447,2028-06-30,0.0,0,3.34,46.3,0.1,0.62,0.87,0.053639264952930255,Meio,1.54642
2022,Guarani,Isaque,EE,25.0,178.0,1369,0.36941003311664417,2026-12-31,0.0,0,2.17,18.18,0.2,1.51,2.04,0.053639264952930255,Meio,0.394506
2022,Guarani,Madison,VOL,24.0,178.0,1366,0.36860051514779835,2026-12-31,0.0,0,4.22,42.19,0.09,0.92,1.25,0.053639264952930255,Meio,1.7804179999999996
2022,Guarani,Ronaldo Alves,ZE,33.0,187.0,1293,0.34890224457255,,0.0,0,4.73,64.71,0.04,0.63,0.9,0.053639264952930255,Meio,3.0607830000000003
2022,Guarani,Yago César,ED,25.0,170.0,1269,0.3424261008217834,2027-06-30,0.0,0,1.7,25.0,0.13,1.63,2.27,0.053639264952930255,Meio,0.425
2022,Guarani,Lucas Ramon,LD,28.0,178.0,1267,0.34188642217588616,2027-12-31,0.0,0,4.12,55.17,0.07,0.71,0.92,0.053639264952930255,Meio,2.2730040000000002
2022,Guarani,Júlio César,EE,28.0,172.0,1223,0.33001349196614743,,0.0,0,1.1,13.33,0.15,2.43,2.21,0.053639264952930255,Meio,0.14663
2022,Guarani,Lucão,CA,30.0,184.0,1123,0.30302955967128664,,0.0,0,11.54,31.94,0.35,2.32,3.53,0.053639264952930255,Meio,3.685876
2022,Guarani,Eduardo Person,VOL,25.0,174.0,1024,0.27631546669937446,2026-11-30,0.0,0,1.58,38.89,0.03,1.23,0.44,0.053639264952930255,Meio,0.6144620000000001
2022,Ituano,Rafael Pereira,ZE,37.0,181.0,2569,0.6813502109704641,,0.0,0,2.0,59.65,0.08,0.6,0.56,0.3504136826485551,Meio,1.193
2022,Ituano,Caíque,MED,26.0,178.0,2310,0.6126582278481013,2027-12-31,0.0,0,2.92,44.0,0.01,0.39,0.31,0.3504136826485551,Meio,1.2848
2022,Ituano,Lucas Dias,ZD,26.0,191.0,2107,0.5588185654008438,2026-11-30,0.0,0,4.49,48.57,0.12,0.6,1.07,0.3504136826485551,Meio,2.180793
2022,Ituano,Roberto,LE,31.0,176.0,1882,0.4991440626883665,,0.0,0,2.58,64.81,0.02,0.67,0.53,0.3504136826485551,Meio,1.672098
2022,Ituano,Pegorari,GOL,30.0,192.0,1792,0.47527426160337555,,0.0,0,0.4,100.0,0.0,0.0,0.0,0.3504136826485551,Meio,0.4
2022,Ituano,Raí Ramos,LD,28.0,179.0,1715,0.4548523206751055,2027-12-31,0.0,0,1.47,50.0,0.02,0.52,0.16,0.3504136826485551,Meio,0.735
2022,Ituano,Léo Santos,ZD,28.0,197.0,1482,0.39305605786618447,,0.0,0,6.07,79.0,0.07,0.55,0.85,0.3504136826485551,Meio,4.7953
2022,Ituano,Gerson Magrão,MEI,37.0,181.0,1409,0.37369499698613623,,0.0,0,1.6,28.0,0.12,1.28,1.47,0.3504136826485551,Meio,0.44800000000000006
2022,Ituano,Jefferson Paulino,GOL,30.0,185.0,1379,0.36573839662447255,,0.0,0,0.46,85.71,0.0,0.0,0.0,0.3504136826485551,Meio,0.394266
2022,Ituano,G. Barros,EE,20.0,182.0,1290,0.34213381555153705,2027-12-31,0.0,0,2.02,27.59,0.21,2.16,2.72,0.3504136826485551,Meio,0.557318
2022,Ituano,Pacheco,LD,31.0,175.0,1236,0.3278119349005425,,0.0,0,3.2,52.27,0.0,0.22,0.07,0.3504136826485551,Meio,1.6726400000000001
2022,Ituano,J. Victor,EE,23.0,179.0,1011,0.2681374321880651,,0.0,0,2.94,30.3,0.14,2.05,1.69,0.3504136826485551,Meio,0.89082
2022,Ituano,Léo Ceará,ED,23.0,175.0,989,0.2623025919228451,,0.0,0,2.46,29.63,0.08,1.46,1.0,0.3504136826485551,Meio,0.7288979999999999
2022,Ituano,Dudu Vieira,MED,28.0,175.0,941,0.24957203134418324,2027-05-30,0.0,0,1.91,45.0,0.01,0.57,0.96,0.3504136826485551,Meio,0.8595
2022,Londrina,João Paulo,VOL,37.0,178.0,3336,0.8890611750454269,,0.0,0,2.27,47.56,0.13,0.72,0.0,0.22893520831096859,Meio,1.079612
2022,Londrina,Caprini,ED,24.0,170.0,3325,0.8861296184130829,,0.0,0,3.37,33.88,0.16,2.36,1.28,0.22893520831096859,Meio,1.1417560000000002
2022,Londrina,Vilar,ZE,22.0,190.0,3166,0.8437552998182919,2026-11-30,0.0,0,3.66,64.0,0.05,0.32,0.41,0.22893520831096859,Meio,2.3424
2022,Londrina,Saimon,ZD,31.0,185.0,3137,0.8360266505148395,2026-10-30,0.0,0,4.68,66.26,0.05,0.32,0.72,0.22893520831096859,Meio,3.1009680000000004
2022,Londrina,Matheus Nogueira,GOL,35.0,190.0,2826,0.7531435493640217,,0.0,0,0.59,100.0,0.0,0.0,0.0,0.22893520831096859,Meio,0.59
2022,Londrina,Gegé,MED,28.0,175.0,2677,0.7134342822531798,2026-12-31,0.0,0,1.95,30.36,0.07,1.64,1.18,0.22893520831096859,Meio,0.59202
2022,Londrina,Douglas Coutinho,CA,28.0,183.0,2587,0.6894488188976378,,0.0,0,5.98,31.33,0.22,1.84,2.6,0.22893520831096859,Meio,1.873534
2022,Londrina,Alan Ruschel,LE,32.0,176.0,1959,0.522083585705633,2026-12-31,0.0,0,2.07,55.56,0.02,0.14,0.41,0.22893520831096859,Meio,1.150092
2022,Londrina,Mandaca,MED,20.0,178.0,1877,0.5002301635372501,2026-12-31,0.0,0,3.55,50.0,0.08,0.96,0.82,0.22893520831096859,Meio,1.775
2022,Londrina,Samuel Santos,LD,32.0,177.0,1725,0.45972138098122345,,0.0,0,2.47,48.89,0.05,0.49,0.99,0.22893520831096859,Meio,1.207583
2022,Londrina,Jeferson,LD,26.0,170.0,1356,0.3613809812235009,2026-10-31,0.0,0,3.65,41.82,0.03,0.33,0.8,0.22893520831096859,Meio,1.52643
2022,Londrina,Jhonny Lucas,MED,22.0,170.0,1297,0.34565717746820107,,0.0,0,3.75,34.62,0.05,1.15,0.94,0.22893520831096859,Meio,1.29825
2022,Londrina,Felipe,LE,23.0,176.0,1195,0.31847365233192004,2026-11-30,0.0,0,2.26,53.33,0.01,0.38,0.53,0.22893520831096859,Meio,1.205258
2022,Londrina,Eltinho,LE,35.0,171.0,1057,0.28169594185342217,,0.0,0,2.44,55.56,0.05,0.63,0.54,0.22893520831096859,Meio,1.3556640000000002
2022,Novorizontino,Gustavo Bochecha,MED,26.0,173.0,2498,0.6683043097577585,,0.0,0,1.26,48.57,0.06,1.33,0.65,-0.13704714893867997,Meio,0.611982
2022,Novorizontino,Romário,LE,30.0,172.0,2215,0.5925916917988131,,0.0,0,3.29,44.44,0.03,0.2,0.04,-0.13704714893867997,Meio,1.462076
2022,Novorizontino,Danielzinho,VOL,27.0,167.0,2176,0.5821577974511138,2027-12-31,0.0,0,5.58,30.37,0.1,1.86,1.03,-0.13704714893867997,Meio,1.694646
2022,Novorizontino,Jhony Douglas,VOL,25.0,180.0,2149,0.574934332133476,2026-10-30,0.0,0,3.14,44.0,0.11,1.51,0.42,-0.13704714893867997,Meio,1.3816
2022,Novorizontino,Willean Lepo,LD,25.0,180.0,2008,0.5372117910302558,2027-12-31,0.0,0,3.94,55.68,0.02,0.58,1.08,-0.13704714893867997,Meio,2.193792
2022,Novorizontino,Rodolfo Filemon,ZD,28.0,184.0,1959,0.5241025391575056,2027-06-30,0.0,0,5.1,56.76,0.04,0.41,0.51,-0.13704714893867997,Meio,2.8947599999999993
2022,Novorizontino,Wálber,ZD,25.0,186.0,1863,0.49841910691701524,,0.0,0,2.8,46.55,0.05,0.39,0.24,-0.13704714893867997,Meio,1.3033999999999997
2022,Novorizontino,Lucas Frigeri,GOL,33.0,194.0,1796,0.48049421149917304,,0.0,0,0.25,80.0,0.0,0.0,0.0,-0.13704714893867997,Meio,0.2
2022,Novorizontino,Joílson,ZD,31.0,188.0,1460,0.39060219865745693,,0.0,0,3.39,45.45,0.07,0.37,0.62,-0.13704714893867997,Meio,1.540755
2022,Novorizontino,Ronald,EE,25.0,162.0,1262,0.3376301196614456,2026-10-31,0.0,0,1.78,20.0,0.17,1.64,2.21,-0.13704714893867997,Meio,0.35600000000000004
2022,Novorizontino,Giovanni,GOL,35.0,191.0,1080,0.2889386127055161,,0.0,0,0.5,100.0,0.0,0.0,0.0,-0.13704714893867997,Meio,0.5
2022,Novorizontino,Felipe Albuquerque,LD,22.0,174.0,996,0.2664656094950871,2026-10-30,0.0,0,3.25,50.0,0.05,0.99,0.36,-0.13704714893867997,Meio,1.625
2022,Náutico,Jean Carlos,MEI,30.0,178.0,2702,0.715572033898305,2027-12-31,0.0,0,1.37,34.15,0.16,3.13,1.17,-0.5603728775246417,Cai,0.46785499999999997
2022,Náutico,Bruno Bispo,ZE,26.0,186.0,2235,0.591896186440678,2026-10-30,0.0,0,3.42,57.65,0.03,0.2,0.16,-0.5603728775246417,Cai,1.9716299999999998
2022,Náutico,Lucas Perri,GOL,24.0,197.0,2154,0.5704449152542372,2029-06-30,0.0,0,0.17,100.0,0.02,0.04,0.08,-0.5603728775246417,Cai,0.17
2022,Náutico,Pedro Vitor,LE,24.0,177.0,1950,0.5164194915254238,2026-12-31,0.0,0,4.06,43.18,0.14,1.52,1.48,-0.5603728775246417,Cai,1.7531079999999997
2022,Náutico,Richard Franco,MED,30.0,184.0,1888,0.5,,0.0,0,3.53,44.59,0.21,1.67,2.43,-0.5603728775246417,Cai,1.574027
2022,Náutico,João Lucas,LE,31.0,184.0,1874,0.4962923728813559,2026-07-31,0.0,0,1.87,48.72,0.03,0.24,0.48,-0.5603728775246417,Cai,0.9110640000000001
2022,Náutico,João Paulo,ZE,24.0,187.0,1584,0.4194915254237288,2026-12-31,0.0,0,4.15,60.27,0.02,0.17,0.11,-0.5603728775246417,Cai,2.501205
2022,Náutico,Souza,MED,34.0,183.0,1412,0.3739406779661017,,0.0,0,3.19,50.0,0.13,1.78,0.57,-0.5603728775246417,Cai,1.595
2022,Náutico,Ralph,VOL,24.0,175.0,1302,0.3448093220338983,2027-06-30,0.0,0,2.49,50.0,0.04,0.9,0.41,-0.5603728775246417,Cai,1.245
2022,Náutico,Jobson,MED,26.0,185.0,1191,0.3154131355932203,,0.0,0,1.81,70.83,0.07,1.44,0.6,-0.5603728775246417,Cai,1.2820230000000001
2022,Náutico,Djavan,VOL,26.0,176.0,1137,0.3011122881355932,2026-12-31,0.0,0,3.25,51.22,0.0,0.08,0.0,-0.5603728775246417,Cai,1.66465
2022,Náutico,Thassio,LD,21.0,170.0,1090,0.2886652542372881,,0.0,0,2.31,42.86,0.04,0.5,0.5,-0.5603728775246417,Cai,0.9900660000000001
2022,Náutico,Júnior Tavares,LE,26.0,178.0,1086,0.2876059322033898,,0.0,0,2.32,67.86,0.06,1.08,0.5,-0.5603728775246417,Cai,1.5743519999999998
2022,Náutico,Carlão,ZD,21.0,186.0,956,0.2531779661016949,2028-12-31,0.0,0,4.42,53.19,0.0,0.09,0.28,-0.5603728775246417,Cai,2.3509979999999997
2022,Operário-PR,Fabiano,LE,32.0,180.0,3403,0.9224267514354009,,0.0,0,4.15,55.41,0.02,0.42,0.37,-0.39133416123100295,Cai,2.299515
2022,Operário-PR,Vanderlei,GOL,38.0,195.0,3240,0.8782435129740519,,0.0,0,0.39,92.86,0.0,0.0,0.0,-0.39133416123100295,Cai,0.36215400000000003
2022,Operário-PR,Reniê,ZE,33.0,183.0,3222,0.8733643823464183,,0.0,0,4.33,53.55,0.01,0.28,0.25,-0.39133416123100295,Cai,2.318715
2022,Operário-PR,Arnaldo,LD,30.0,173.0,2929,0.7939429782410488,2026-11-30,0.0,0,1.75,36.84,0.01,0.4,0.09,-0.39133416123100295,Cai,0.6446999999999999
2022,Operário-PR,Ricardinho,MED,33.0,174.0,2453,0.6649170794214041,2026-12-31,0.0,0,1.8,36.73,0.04,0.73,0.4,-0.39133416123100295,Cai,0.66114
2022,Operário-PR,Fernando Neto,VOL,29.0,179.0,1823,0.49414750745422736,2026-09-30,0.0,0,3.75,42.11,0.05,1.68,0.84,-0.39133416123100295,Cai,1.579125
2022,Operário-PR,J. Reina,MEI,33.0,173.0,1789,0.4849313718242528,2026-12-31,0.0,0,1.66,24.24,0.13,1.31,1.26,-0.39133416123100295,Cai,0.40238399999999996
2022,Operário-PR,Thales,ZD,29.0,187.0,1578,0.42773711835588085,,0.0,0,3.99,65.71,0.04,0.29,0.29,-0.39133416123100295,Cai,2.6218289999999995
2022,Operário-PR,Paulo Sérgio,CA,33.0,181.0,1546,0.41906310835119887,2026-11-30,0.0,0,5.71,31.63,0.33,2.45,2.62,-0.39133416123100295,Cai,1.8060729999999998
2022,Operário-PR,Tomás Bastos,MED,30.0,177.0,1326,0.35942928956901016,2026-12-31,0.0,0,2.65,23.08,0.16,2.24,1.29,-0.39133416123100295,Cai,0.6116199999999999
2022,Operário-PR,Silvinho,EE,32.0,175.0,1161,0.3147039254823686,,0.0,0,2.56,51.52,0.16,1.71,1.24,-0.39133416123100295,Cai,1.318912
2022,Operário-PR,Rafael Chorão,VOL,34.0,182.0,1122,0.3041324757891624,,0.0,0,2.01,64.0,0.09,0.96,0.88,-0.39133416123100295,Cai,1.2863999999999998
2022,Operário-PR,Lucas Mendes,LD,31.0,177.0,1095,0.296813779847712,,0.0,0,4.03,26.53,0.03,0.49,0.41,-0.39133416123100295,Cai,1.069159
2022,Operário-PR,Felipe Saraiva,EE,24.0,172.0,1010,0.27377344077277543,2026-12-31,0.0,0,1.43,37.5,0.13,2.32,1.43,-0.39133416123100295,Cai,0.53625
2022,Ponte Preta,Caíque França,GOL,27.0,186.0,3500,0.9253695469294555,2027-12-31,0.0,0,0.54,80.95,0.0,0.0,0.0,-0.16202681237652006,Meio,0.43713
2022,Ponte Preta,Léo Naldi,MED,21.0,176.0,3102,0.8201418098786203,2027-12-31,0.0,0,3.89,49.25,0.07,1.1,0.64,-0.16202681237652006,Meio,1.9158250000000001
2022,Ponte Preta,Fábio Sanches,ZE,31.0,186.0,2883,0.7622401153707486,,0.0,0,4.9,59.87,0.04,0.31,0.56,-0.16202681237652006,Meio,2.93363
2022,Ponte Preta,Artur,LE,27.0,178.0,2840,0.7508712895084725,2027-12-31,0.0,0,4.85,61.44,0.06,0.92,1.39,-0.16202681237652006,Meio,2.97984
2022,Ponte Preta,Felipe Amaral,VOL,19.0,174.0,2358,0.6234346833313303,2027-12-31,0.0,0,2.6,44.12,0.06,1.26,0.34,-0.16202681237652006,Meio,1.1471200000000001
2022,Ponte Preta,Fessin,EE,23.0,176.0,2094,0.5536353803629371,,0.0,0,5.07,34.75,0.09,0.86,1.98,-0.16202681237652006,Meio,1.761825
2022,Ponte Preta,Igor Formiga,LD,23.0,177.0,1980,0.5234947722629492,2026-12-31,0.0,0,3.27,45.83,0.02,0.45,0.64,-0.16202681237652006,Meio,1.4986410000000001
2022,Ponte Preta,Thiago Lopes,ZD,20.0,183.0,1638,0.4330729479629852,,0.0,0,3.24,50.85,0.01,0.16,0.27,-0.16202681237652006,Meio,1.6475400000000002
2022,Ponte Preta,Norberto,LD,32.0,175.0,1247,0.3296959500060089,,0.0,0,3.1,55.81,0.03,0.72,1.23,-0.16202681237652006,Meio,1.7301100000000003
2022,Ponte Preta,Echaporã,EE,22.0,169.0,1104,0.29188799423146256,2026-11-30,0.0,0,2.04,32.0,0.1,2.04,2.61,-0.16202681237652006,Meio,0.6528
2022,Ponte Preta,Danilo Gomes,ED,23.0,175.0,1027,0.27152986419901454,,0.0,0,2.28,34.62,0.1,2.54,1.84,-0.16202681237652006,Meio,0.7893359999999998
2022,Ponte Preta,Nicolas,CA,21.0,180.0,1008,0.2665064295156832,,0.0,0,6.88,38.96,0.09,1.61,1.34,-0.16202681237652006,Meio,2.680448
2022,Ponte Preta,Fraga,VOL,25.0,178.0,1002,0.264920081720947,,0.0,0,3.95,50.0,0.01,0.27,0.27,-0.16202681237652006,Meio,1.975
2022,Ponte Preta,Jean Carlos,LE,19.0,175.0,939,0.24826342987621677,2026-11-30,0.0,0,3.55,37.84,0.01,0.29,0.77,-0.16202681237652006,Meio,1.3433199999999998
2022,Sampaio Corrêa,Mateusinho,LD,23.0,175.0,3143,0.8364300575797164,2028-12-31,0.0,0,3.98,64.03,0.05,1.46,1.0,0.4733855144264345,Meio,2.548394
2022,Sampaio Corrêa,Allan Godói,ZD,29.0,187.0,2871,0.7640441283205109,2027-06-30,0.0,0,3.35,61.68,0.02,0.19,0.25,0.4733855144264345,Meio,2.0662800000000003
2022,Sampaio Corrêa,Ferreira,VOL,36.0,179.0,2398,0.638167126336672,,0.0,0,2.74,52.05,0.01,0.38,0.49,0.4733855144264345,Meio,1.42617
2022,Sampaio Corrêa,Pimentinha,ED,34.0,165.0,2388,0.6355058789374365,,0.0,0,1.24,27.27,0.13,1.73,3.09,0.4733855144264345,Meio,0.338148
2022,Sampaio Corrêa,Rafael Vila,MEI,34.0,168.0,2383,0.6341752552378188,,0.0,0,1.93,23.53,0.11,1.06,1.02,0.4733855144264345,Meio,0.454129
2022,Sampaio Corrêa,Luiz Daniel,GOL,29.0,187.0,2274,0.6051676585861518,2026-10-31,0.0,0,0.4,100.0,0.0,0.0,0.0,0.4733855144264345,Meio,0.4
2022,Sampaio Corrêa,Nilson Júnior,ZE,30.0,190.0,1873,0.49845163787680846,,0.0,0,2.45,58.82,0.03,0.19,0.38,0.4733855144264345,Meio,1.44109
2022,Sampaio Corrêa,Lucas Hipólito,LE,27.0,172.0,1760,0.46837954226544737,2026-09-14,0.0,0,3.58,65.71,0.0,0.36,0.1,0.4733855144264345,Meio,2.3524179999999997
2022,Sampaio Corrêa,Pará,LE,34.0,172.0,1663,0.44256544249286306,,0.0,0,2.54,46.81,0.03,0.7,0.16,0.4733855144264345,Meio,1.188974
2022,Sampaio Corrêa,Lucas Araújo,VOL,23.0,181.0,1156,0.30764019935162334,2027-06-30,0.0,0,2.96,57.89,0.1,1.56,0.86,0.4733855144264345,Meio,1.713544
2022,Sampaio Corrêa,Eloir,VOL,34.0,182.0,1125,0.2993903324139933,,0.0,0,2.56,62.5,0.08,0.72,0.8,0.4733855144264345,Meio,1.6
2022,Sampaio Corrêa,Maurício Maranhão,LD,23.0,176.0,956,0.25441525136691345,2026-10-30,0.0,0,4.05,41.86,0.04,0.94,0.19,0.4733855144264345,Meio,1.6953299999999998
2022,Sport,Sabino,ZE,25.0,185.0,3621,0.9657170566129228,2028-12-31,0.0,0,3.88,69.23,0.05,0.57,0.65,0.10876017669562454,Meio,2.6861240000000004
2022,Sport,Luciano Juba,EE,23.0,176.0,3405,0.9081100739483574,2029-12-31,0.0,0,2.17,31.71,0.13,2.54,1.22,0.10876017669562454,Meio,0.688107
2022,Sport,Sander,LE,31.0,176.0,2723,0.7262213601648685,2026-11-30,0.0,0,3.64,60.91,0.05,0.63,0.89,0.10876017669562454,Meio,2.217124
2022,Sport,Mailson,GOL,26.0,197.0,1868,0.4981937204509638,2028-06-30,0.0,0,0.63,100.0,0.0,0.0,0.0,0.10876017669562454,Meio,0.63
2022,Sport,Ewerthon,LD,21.0,171.0,1663,0.4435204267183901,2026-12-31,0.0,0,3.03,51.79,0.04,0.6,1.68,0.10876017669562454,Meio,1.569237
2022,Sport,Ronaldo Henrique,VOL,28.0,172.0,1488,0.39684810280033944,2026-10-31,0.0,0,3.27,46.3,0.06,0.91,0.0,0.10876017669562454,Meio,1.5140099999999999
2022,Sport,Giovanni,MEI,28.0,174.0,1469,0.3917808219178082,,0.0,0,1.23,15.0,0.09,2.82,0.49,0.10876017669562454,Meio,0.1845
2022,Sport,Saulo,GOL,27.0,191.0,1392,0.3712449993938659,2026-12-31,0.0,0,0.52,100.0,0.0,0.0,0.0,0.10876017669562454,Meio,0.52
2022,Sport,Bruno Matias,MED,23.0,172.0,1247,0.3325736452903382,2026-12-31,0.0,0,1.08,33.33,0.03,0.72,0.22,0.10876017669562454,Meio,0.359964
2022,Sport,Eduardo,LD,35.0,173.0,1235,0.32937325736452905,,0.0,0,3.5,52.08,0.0,0.29,0.07,0.10876017669562454,Meio,1.8228
2022,Sport,Fabio Alemão,ZD,25.0,184.0,1144,0.3051036489271427,2026-11-30,0.0,0,4.48,42.11,0.08,0.63,1.18,0.10876017669562454,Meio,1.8865280000000002
2022,Sport,William Oliveira,VOL,30.0,182.0,1007,0.26856588677415444,,0.0,0,4.92,69.09,0.02,0.63,0.27,0.10876017669562454,Meio,3.399228
2022,Sport,Pedro Naressi,MED,24.0,178.0,975,0.2600315189719966,2028-06-30,0.0,0,3.97,41.86,0.12,1.11,1.02,0.10876017669562454,Meio,1.661842
2022,Sport,J. Parraguez,CA,32.0,183.0,932,0.248563462237847,2026-12-31,0.0,0,6.08,22.22,0.12,0.77,2.9,0.10876017669562454,Meio,1.350976
2022,Sport,Thiago Lopes,ED,25.0,178.0,900,0.24002909443568918,,0.0,0,2.1,19.05,0.19,1.3,2.8,0.10876017669562454,Meio,0.40005
2022,Tombense,Felipe Garcia,GOL,34.0,193.0,3595,0.9631027764247443,,0.0,0,0.56,90.91,0.0,0.0,0.0,0.17052437043767044,Meio,0.509096
2022,Tombense,Manoel,LE,26.0,178.0,3246,0.8696054554310765,,0.0,0,2.79,54.08,0.01,0.71,0.48,0.17052437043767044,Meio,1.508832
2022,Tombense,Everton Galdino,ED,25.0,177.0,2779,0.7444958597174867,2027-06-30,0.0,0,3.58,31.78,0.1,1.37,1.2,0.17052437043767044,Meio,1.137724
2022,Tombense,Zé Ricardo,VOL,23.0,179.0,2696,0.7222601071602534,2026-12-31,0.0,0,1.93,53.57,0.03,0.55,0.17,0.17052437043767044,Meio,1.033901
2022,Tombense,David,LD,28.0,175.0,2582,0.69171943497321,,0.0,0,3.07,49.41,0.0,0.22,0.51,0.17052437043767044,Meio,1.5168869999999999
2022,Tombense,Jean Lucas,EE,27.0,175.0,2527,0.6769849001461277,2026-12-31,0.0,0,1.31,33.33,0.17,2.21,1.27,0.17052437043767044,Meio,0.43662300000000004
2022,Tombense,Roger Carvalho,ZE,35.0,184.0,2351,0.6298343886994643,,0.0,0,3.14,62.2,0.08,0.31,0.34,0.17052437043767044,Meio,1.9530800000000001
2022,Tombense,Rodrigo,VOL,28.0,176.0,2055,0.5505358012664394,2026-10-30,0.0,0,1.86,53.66,0.02,0.09,0.18,0.17052437043767044,Meio,0.998076
2022,Tombense,Joseph,ZE,27.0,186.0,2043,0.5473209936678033,2027-07-30,0.0,0,2.35,52.94,0.03,0.18,0.37,0.17052437043767044,Meio,1.2440900000000001
2022,Tombense,Keké,EE,26.0,177.0,1993,0.5339259620068193,2026-09-30,0.0,0,4.99,32.71,0.12,1.45,1.68,0.17052437043767044,Meio,1.6322290000000002
2022,Tombense,Renatinho,ED,33.0,167.0,1184,0.31719434973209937,,0.0,0,1.87,8.33,0.18,1.32,1.48,0.17052437043767044,Meio,0.15577100000000002
2022,Tombense,Diego Ferreira,LD,26.0,173.0,1006,0.2695080370189966,2027-06-30,0.0,0,2.06,39.13,0.01,0.18,1.25,0.17052437043767044,Meio,0.8060780000000001
2022,Tombense,Nenê Bonilha,MEI,30.0,175.0,967,0.2590599123234291,2026-09-15,0.0,0,2.54,34.62,0.12,1.46,1.07,0.17052437043767044,Meio,0.8793479999999999
2022,Tombense,Guilherme Rend,VOL,23.0,181.0,920,0.24646858256210424,,0.0,0,2.93,63.33,0.01,0.59,0.1,0.17052437043767044,Meio,1.855569
2022,Vasco,Thiago Rodrigues,GOL,33.0,188.0,3595,0.9505324135278707,2026-11-30,0.0,0,0.6,95.83,0.0,0.0,0.0,0.0703163200791106,Sobe,0.5749799999999999
2022,Vasco,Edimar,LE,36.0,183.0,3188,0.8429199817320866,,0.0,0,2.96,67.62,0.03,0.25,0.9,0.0703163200791106,Sobe,2.001552
2022,Vasco,Yuri Lara,VOL,28.0,173.0,2966,0.784222291661659,2026-12-31,0.0,0,4.52,53.69,0.02,0.3,0.24,0.0703163200791106,Sobe,2.4267879999999997
2022,Vasco,Nenê,MEI,40.0,181.0,2570,0.6795183039684638,,0.0,0,1.79,23.53,0.18,1.26,1.37,0.0703163200791106,Sobe,0.42118700000000003
2022,Vasco,Figueiredo,ED,20.0,178.0,2495,0.659688003268995,2028-06-30,0.0,0,5.01,47.48,0.09,1.88,2.34,0.0703163200791106,Sobe,2.378748
2022,Vasco,Gabriel Pec,EE,21.0,178.0,2156,0.5700550441073962,2031-06-30,0.0,0,3.13,22.67,0.16,1.59,2.3,0.0703163200791106,Sobe,0.709571
2022,Vasco,Danilo Boza,ZD,24.0,185.0,1387,0.3667283609355095,2027-06-30,0.0,0,5.13,73.42,0.07,0.52,1.17,0.0703163200791106,Sobe,3.766446
2022,Vasco,Gabriel Dias,LD,28.0,179.0,1043,0.2757733817272793,,0.0,0,5.61,58.46,0.07,0.78,1.21,0.0703163200791106,Sobe,3.279606
2022,Vasco,Eguinaldo,CA,17.0,175.0,1039,0.2747157656899743,2028-06-30,0.0,0,5.72,31.82,0.23,1.99,2.69,0.0703163200791106,Sobe,1.820104
2022,Vasco,Marlon Gomes,ED,18.0,181.0,1038,0.27445136168064804,2028-12-31,0.0,0,5.9,36.76,0.05,0.87,1.56,0.0703163200791106,Sobe,2.1688400000000003
2022,Vila Nova,Tony,GOL,29.0,194.0,2875,0.7463479102258513,2026-11-30,0.0,0,0.72,95.65,0.0,0.0,0.0,0.0046557676533542924,Meio,0.68868
2022,Vila Nova,Willian Formiga,LE,27.0,185.0,2787,0.7235031741911123,2026-12-31,0.0,0,4.94,62.09,0.03,0.48,0.45,0.0046557676533542924,Meio,3.067246000000001
2022,Vila Nova,Alex Silva,LD,28.0,184.0,2599,0.6746985108441697,2027-11-30,0.0,0,3.15,53.85,0.01,0.24,0.59,0.0046557676533542924,Meio,1.696275
2022,Vila Nova,Alisson Cassiano,ZE,28.0,187.0,1968,0.5108913695041654,,0.0,0,2.93,62.5,0.05,0.23,0.32,0.0046557676533542924,Meio,1.83125
2022,Vila Nova,Matheuzinho,ED,29.0,171.0,1911,0.49609421093620937,,0.0,0,1.41,20.0,0.1,2.03,1.08,0.0046557676533542924,Meio,0.282
2022,Vila Nova,Daniel Amorim,CA,32.0,191.0,1827,0.47428787199395844,2026-11-30,0.0,0,10.94,44.14,0.22,1.43,2.36,0.0046557676533542924,Meio,4.8289159999999995
2022,Vila Nova,Ralf,MED,38.0,182.0,1776,0.46104830906473465,2026-10-31,0.0,0,1.77,54.29,0.01,0.3,0.1,0.0046557676533542924,Meio,0.960933
2022,Vila Nova,Renato Palm,ZE,30.0,190.0,1591,0.4130224435371581,2026-11-30,0.0,0,4.24,66.67,0.03,0.45,0.45,0.0046557676533542924,Meio,2.826808
2022,Vila Nova,Sousa,MED,27.0,183.0,1252,0.3250182899487882,,0.0,0,4.24,57.63,0.06,1.15,0.29,0.0046557676533542924,Meio,2.443512
2022,Vila Nova,Diego Tavares,ED,31.0,175.0,973,0.2525900927477403,2026-11-30,0.0,0,2.77,33.33,0.06,1.2,1.85,0.0046557676533542924,Meio,0.923241
2022,Vila Nova,Dentinho,ED,25.0,183.0,920,0.23883133127227243,,0.0,0,2.05,23.81,0.09,2.15,1.27,0.0046557676533542924,Meio,0.4881049999999999
2022,Vila Nova,Kaio Nunes,EE,26.0,180.0,908,0.23571613999480803,,0.0,0,2.08,19.05,0.13,1.39,1.39,0.0046557676533542924,Meio,0.39624000000000004
2023,Vila Nova,Rafael Donato,ZD,34.0,193.0,3808,0.9747062245491565,,0.14,6,6.83,64.71,0.11,0.83,1.16,0.3302481759862095,Meio,4.419693
2023,Atlético-GO,Gustavo Coutinho,CA,24.0,186.0,2565,0.6721537985087072,2027-12-31,0.18,5,8.67,29.15,0.34,1.89,3.37,0.18558960744544706,Sobe,2.5273049999999997
2023,Vitória,Wagner Leonardo,ZE,24.0,186.0,3546,0.9163436464867151,2028-12-31,0.13,5,4.29,62.13,0.1,0.53,0.71,0.5430094217663612,Sobe,2.6653770000000003
2023,CRB,Renato,EE,33.0,181.0,2306,0.5864157573515812,,0.16,4,4.53,31.03,0.22,1.99,2.5,0.15062576340236156,Meio,1.405659
2023,Tombense,Fernandão,CA,36.0,192.0,2245,0.5776608187134503,,0.16,4,9.5,57.81,0.36,2.0,2.97,-0.19349707409130368,Cai,5.49195
2023,Botafogo-SP,Osman,CA,30.0,179.0,2554,0.6597933302019727,,0.11,3,13.88,35.03,0.15,1.23,2.36,0.013668611812490905,Meio,4.862164
2023,CRB,Anselmo Ramon,CA,35.0,182.0,2764,0.7028851488810801,2026-11-30,0.1,3,3.22,34.34,0.31,1.89,2.6,0.15062576340236156,Meio,1.1057480000000002
2023,Guarani,Derek,CA,25.0,185.0,2252,0.5894726822767942,2027-12-31,0.12,3,5.91,27.7,0.28,2.2,3.28,0.14501311880046508,Meio,1.63707
2023,Londrina,Gabriel,ZD,19.0,185.0,3149,0.8133129842686077,2027-12-31,0.09,3,4.97,64.37,0.09,0.46,0.54,-0.37832821317998466,Cai,3.199189
2023,Novorizontino,César Martins,ZD,30.0,191.0,2586,0.666135868674332,2026-11-30,0.1,3,4.11,70.34,0.16,0.97,1.04,0.30852050024446687,Meio,2.8909740000000004
2023,Atlético-GO,Luiz Fernando,EE,26.0,178.0,2849,0.7465755056340377,2027-12-31,0.06,2,3.7,22.22,0.25,1.83,2.94,0.18558960744544706,Sobe,0.82214
2023,Botafogo-SP,Diogo Silva,ZD,28.0,187.0,2366,0.6112259276655707,,0.08,2,3.46,49.45,0.07,0.46,0.57,0.013668611812490905,Meio,1.71097
2023,Chapecoense,Gustavo Cazonatti,MED,27.0,178.0,2458,0.6211776598433156,2028-12-31,0.07,2,3.84,56.19,0.08,0.66,0.51,-0.3390110779505011,Meio,2.157696
2023,Chapecoense,Bruno Leonardo,ZD,27.0,187.0,2199,0.555724033358605,,0.08,2,6.1,51.68,0.06,0.33,0.45,-0.3390110779505011,Meio,3.1524799999999997
2023,Criciúma,Arilson,VOL,29.0,180.0,3194,0.8106598984771574,,0.06,2,2.68,45.26,0.03,0.56,0.68,0.39874169705344986,Sobe,1.212968
2023,Criciúma,Rômulo,MED,27.0,185.0,1873,0.47538071065989845,2028-06-30,0.1,2,3.27,44.12,0.08,1.01,0.67,0.39874169705344986,Sobe,1.4427240000000001
2023,Criciúma,Felipe Vizeu,CA,26.0,184.0,1813,0.4601522842639594,2027-06-30,0.1,2,5.86,33.05,0.2,1.64,3.28,0.39874169705344986,Sobe,1.93673
2023,Criciúma,Hygor,CA,30.0,186.0,1232,0.31269035532994927,2026-11-30,0.15,2,8.11,28.83,0.26,1.61,2.92,0.39874169705344986,Sobe,2.3381129999999994
2023,Ituano,Mário Sérgio,LE,29.0,179.0,2815,0.7328126848893621,2026-11-30,0.06,2,3.61,57.52,0.08,0.83,1.15,-0.03296053550170286,Meio,2.076472
2023,Ituano,Matheus Cadorini,CA,20.0,191.0,1096,0.28531534729617797,2028-12-10,0.16,2,7.72,30.85,0.37,2.22,4.11,-0.03296053550170286,Meio,2.38162
2023,Juventude,Danilo Boza,ZD,25.0,185.0,3888,0.98267542851891,2027-06-30,0.05,2,5.09,57.27,0.09,0.76,0.97,0.31095398156595455,Sobe,2.915043
2023,Mirassol,Thalisson,ZD,25.0,185.0,2506,0.6456493734629347,2027-06-30,0.07,2,4.42,63.41,0.06,0.43,0.5,0.29025976567153844,Meio,2.802722
2023,Novorizontino,Geovane,MED,34.0,179.0,3232,0.8325410392712456,2026-11-30,0.06,2,3.31,52.1,0.08,1.31,0.61,0.30852050024446687,Meio,1.72451
2023,Novorizontino,Aylon,EE,31.0,180.0,2491,0.6416645200571388,2026-11-30,0.07,2,5.85,35.19,0.31,2.02,2.85,0.30852050024446687,Meio,2.0586149999999996
2023,Ponte Preta,Eliel,CA,20.0,175.0,2185,0.5634347601856627,2027-12-31,0.08,2,5.73,21.58,0.22,1.32,2.27,-0.17472310918557565,Meio,1.236534
2023,Sport,Vágner Love,CA,39.0,172.0,2871,0.7581744850434533,,0.06,2,5.17,23.64,0.3,1.82,2.98,0.24204290072135137,Meio,1.222188
2023,Vila Nova,Igor Henrique,CA,31.0,183.0,1688,0.432065154159395,2026-11-30,0.11,2,5.33,35.0,0.27,2.4,1.92,0.3302481759862095,Meio,1.8655000000000002
2023,Vitória,Camutanga,ZD,29.0,189.0,3069,0.7930791458171824,2026-12-31,0.06,2,3.78,65.89,0.04,0.21,0.26,0.5430094217663612,Sobe,2.490642
2023,Vitória,Léo Gamalho,CA,37.0,188.0,1769,0.4571381586675124,2026-11-30,0.1,2,9.77,40.63,0.55,2.34,2.49,0.5430094217663612,Sobe,3.969551
2023,ABC,Paulo Sérgio,CA,34.0,181.0,1257,0.3223602918891194,2026-11-30,0.07,1,5.16,23.61,0.28,1.93,2.29,-0.5097111342256536,Cai,1.2182760000000001
2023,ABC,Felipe Garcia,CA,32.0,185.0,1142,0.29286830018884197,2026-11-30,0.08,1,8.59,28.44,0.21,1.89,2.99,-0.5097111342256536,Cai,2.442996
2023,Atlético-GO,Lucas Gazal,ZD,24.0,187.0,1673,0.43840674655168305,2028-12-31,0.05,1,4.68,51.72,0.04,0.43,0.32,0.18558960744544706,Sobe,2.4204959999999995
2023,Atlético-GO,Rodrigo Soares,LD,30.0,176.0,1656,0.43395192605474425,2026-11-30,0.05,1,1.3,41.67,0.05,0.98,0.33,0.18558960744544706,Sobe,0.54171
2023,Atlético-GO,Alix,ZE,23.0,195.0,1439,0.3770874526526431,2028-12-31,0.06,1,3.63,53.45,0.16,0.63,0.56,0.18558960744544706,Sobe,1.9402350000000002
2023,Atlético-GO,Renato Alves,VOL,31.0,183.0,1310,0.3432832265288134,,0.07,1,3.37,59.18,0.03,0.89,0.89,0.18558960744544706,Sobe,1.994366
2023,Avaí,Eduardo,MED,26.0,178.0,1546,0.4018525957607694,2026-11-30,0.06,1,2.15,51.35,0.06,0.76,0.58,-0.2910287894146686,Meio,1.104025
2023,Avaí,Waguininho,ED,33.0,177.0,1500,0.3898957914884567,2026-11-30,0.06,1,5.16,25.58,0.2,1.86,2.76,-0.2910287894146686,Meio,1.319928
2023,Botafogo-SP,Salatiel,CA,30.0,187.0,1956,0.5053076561766088,2027-03-30,0.05,1,6.63,26.39,0.22,1.61,2.9,0.013668611812490905,Meio,1.749657
2023,CRB,Guilherme Romão,LE,25.0,176.0,2058,0.5233493619382282,2028-12-31,0.04,1,3.06,55.71,0.07,0.96,1.31,0.15062576340236156,Meio,1.704726
2023,CRB,Anderson Conceição,ZE,33.0,188.0,1760,0.44756796744960237,,0.05,1,5.22,65.69,0.04,0.41,0.46,0.15062576340236156,Meio,3.4290179999999997
2023,Ceará,Erick,ED,25.0,173.0,2848,0.7267665754187352,2028-12-31,0.03,1,1.52,29.17,0.24,2.15,2.46,-0.27985821938296507,Meio,0.443384
2023,Ceará,Tiago Pagnussat,ZD,33.0,191.0,1905,0.48612722126850094,2026-12-31,0.05,1,5.2,68.18,0.06,0.43,1.09,-0.27985821938296507,Meio,3.5453600000000005
2023,Ceará,Nicolas,CA,33.0,180.0,1500,0.3827773395814968,2026-12-31,0.06,1,10.44,33.33,0.32,1.38,3.18,-0.27985821938296507,Meio,3.4796519999999997
2023,Ceará,Léo Santos,VOL,24.0,186.0,1353,0.3452651603025101,2027-06-30,0.07,1,4.59,46.38,0.11,0.6,0.93,-0.27985821938296507,Meio,2.128842
2023,Chapecoense,Cristiano,LE,30.0,178.0,2083,0.526408895628001,2026-12-31,0.04,1,3.59,56.63,0.09,0.78,0.99,-0.3390110779505011,Meio,2.033017
2023,Chapecoense,Alisson Farias,EE,27.0,171.0,1753,0.44301238311852414,2026-09-30,0.05,1,2.41,19.15,0.23,2.1,2.57,-0.3390110779505011,Meio,0.461515
2023,Chapecoense,Felipe Ferreira,ED,29.0,186.0,1211,0.3060399292393227,,0.07,1,1.56,23.81,0.12,2.3,2.3,-0.3390110779505011,Meio,0.371436
2023,Criciúma,Marcelo Hermes,LE,28.0,177.0,3535,0.8972081218274112,2026-12-31,0.03,1,2.21,54.02,0.04,0.74,0.89,0.39874169705344986,Sobe,1.193842
2023,Guarani,Matheus Barbosa,VOL,29.0,184.0,2464,0.6449647820293165,2026-10-31,0.04,1,3.14,45.35,0.04,0.55,0.47,0.14501311880046508,Meio,1.42399
2023,Guarani,J. Victor,EE,24.0,179.0,2084,0.5454978107747953,,0.04,1,2.29,22.64,0.13,1.34,2.07,0.14501311880046508,Meio,0.518456
2023,Guarani,Bruno Mendes,CA,29.0,184.0,1561,0.4085998477060727,2027-06-30,0.06,1,5.71,36.36,0.31,1.5,2.54,0.14501311880046508,Meio,2.076156
2023,Guarani,Isaque,MEI,26.0,178.0,1522,0.3983913953931087,2026-12-31,0.06,1,0.77,15.38,0.29,1.24,2.13,0.14501311880046508,Meio,0.118426
2023,Ituano,Marcel Scalese,ZE,27.0,190.0,2351,0.6120222458880605,2027-06-30,0.04,1,4.1,51.4,0.03,0.23,0.46,-0.03296053550170286,Meio,2.1073999999999997
2023,Ituano,Quirino,CA,29.0,181.0,1634,0.4253697787244113,,0.06,1,7.44,25.19,0.27,1.82,2.7,-0.03296053550170286,Meio,1.8741360000000002
2023,Ituano,Paulo Victor,CA,22.0,180.0,1289,0.3355579221393918,2026-12-31,0.07,1,7.89,38.05,0.21,1.4,3.14,-0.03296053550170286,Meio,3.002145
2023,Ituano,Marthã,MED,26.0,181.0,1184,0.30822387883090757,,0.08,1,4.03,41.51,0.06,0.76,0.53,-0.03296053550170286,Meio,1.6728530000000001
2023,Juventude,Alan Ruschel,LE,33.0,176.0,2845,0.7190616240062497,2026-12-31,0.03,1,2.63,43.37,0.04,0.51,0.41,0.31095398156595455,Sobe,1.140631
2023,Juventude,David,EE,23.0,179.0,2243,0.5669086898580028,2027-12-31,0.04,1,2.85,45.07,0.19,2.05,3.17,0.31095398156595455,Sobe,1.284495
2023,Juventude,Jean Irmer,MED,28.0,183.0,1871,0.47288727540094666,2026-12-31,0.05,1,3.7,45.45,0.12,2.21,0.67,0.31095398156595455,Sobe,1.6816500000000003
2023,Juventude,Mandaca,MED,21.0,178.0,1320,0.33362437387987687,2026-12-31,0.07,1,4.64,41.18,0.06,1.16,1.64,0.31095398156595455,Sobe,1.910752
2023,Juventude,Luiz Gustavo,ZD,29.0,180.0,1146,0.2896466155048022,,0.08,1,4.87,54.84,0.05,0.39,0.47,0.31095398156595455,Sobe,2.6707080000000003
2023,Juventude,Gabriel Taliari,CA,26.0,177.0,1113,0.28130600615780527,2028-12-31,0.08,1,3.32,26.83,0.38,1.86,1.78,0.31095398156595455,Sobe,0.890756
2023,Londrina,Iago Dias,CA,30.0,175.0,2234,0.5769899037332707,2026-09-30,0.04,1,4.15,26.21,0.17,1.85,2.09,-0.37832821317998466,Cai,1.0877150000000002
2023,Mirassol,Luiz Otávio,ZE,30.0,194.0,3637,0.9370418081742593,2026-12-31,0.02,1,4.43,68.72,0.07,0.37,0.45,0.29025976567153844,Meio,3.044296
2023,Mirassol,Lucas Ramon,LD,29.0,178.0,3252,0.8378498653238083,2027-12-31,0.03,1,4.07,52.38,0.08,0.83,0.97,0.29025976567153844,Meio,2.1318660000000005
2023,Mirassol,Guilherme Biro,LE,23.0,188.0,2519,0.64899871179295,2027-12-31,0.04,1,3.79,58.49,0.11,0.93,1.18,0.29025976567153844,Meio,2.216771
2023,Mirassol,Cristian Renato,CA,23.0,189.0,1246,0.3210211968614592,2026-12-31,0.07,1,6.86,40.0,0.32,1.95,2.96,0.29025976567153844,Meio,2.744
2023,Novorizontino,Adriano Martins,ZD,26.0,193.0,3420,0.8809685502189541,2026-12-31,0.03,1,5.11,60.31,0.1,0.68,0.68,0.30852050024446687,Meio,3.0818410000000007
2023,Novorizontino,Douglas Baggio,ED,28.0,172.0,2510,0.6465587897805775,2026-11-30,0.04,1,4.05,27.43,0.24,2.04,2.33,0.30852050024446687,Meio,1.1109149999999999
2023,Novorizontino,Ronaldo,CA,32.0,185.0,2346,0.604313514273002,,0.04,1,6.98,31.32,0.49,3.03,4.64,0.30852050024446687,Meio,2.1861360000000003
2023,Ponte Preta,Filipinho,VOL,21.0,183.0,2603,0.6712222795255286,2027-12-31,0.03,1,3.28,54.74,0.03,0.52,0.41,-0.17472310918557565,Meio,1.795472
2023,Ponte Preta,Léo Naldi,ED,22.0,176.0,2097,0.5407426508509541,2027-12-31,0.04,1,3.82,40.45,0.06,0.94,0.6,-0.17472310918557565,Meio,1.54519
2023,Ponte Preta,Jeh,CA,23.0,185.0,1553,0.4004641567818463,2028-06-30,0.06,1,9.16,27.85,0.28,2.26,3.48,-0.17472310918557565,Meio,2.55106
2023,Ponte Preta,Pablo Dyego,EE,29.0,174.0,1220,0.3145951521402785,2026-11-30,0.07,1,2.95,45.0,0.35,2.43,2.88,-0.17472310918557565,Meio,1.3275
2023,Sampaio Corrêa,Ytalo,CA,35.0,181.0,2665,0.6815856777493606,2026-09-30,0.03,1,5.27,32.05,0.39,1.65,2.7,-0.19378341316156056,Cai,1.6890349999999998
2023,Sampaio Corrêa,Alyson,LE,27.0,185.0,1764,0.451150895140665,,0.05,1,3.01,50.85,0.05,0.66,1.38,-0.19378341316156056,Cai,1.5305849999999999
2023,Sampaio Corrêa,Joécio,ZE,37.0,189.0,942,0.24092071611253196,2026-09-13,0.1,1,6.31,62.12,0.07,0.48,0.67,-0.19378341316156056,Cai,3.919772
2023,Sport,Rafael Thyere,ZD,30.0,189.0,3114,0.8223459931819274,2026-12-31,0.03,1,4.91,56.47,0.07,0.35,0.49,0.24204290072135137,Meio,2.772677
2023,Sport,Jorginho,CA,32.0,180.0,2325,0.6139866519421905,,0.04,1,3.25,46.43,0.18,1.35,2.36,0.24204290072135137,Meio,1.5089750000000002
2023,Sport,Fábio Matheus,MED,20.0,182.0,1923,0.5078263792192826,2026-12-31,0.05,1,3.7,54.43,0.04,1.03,0.33,0.24204290072135137,Meio,2.01391
2023,Tombense,Alex Sandro,CA,28.0,175.0,1453,0.37387134502923974,,0.06,1,2.42,28.21,0.29,2.29,2.79,-0.19349707409130368,Cai,0.6826819999999999
2023,Vila Nova,Eduardo Doma,ZE,25.0,187.0,3487,0.8925421756835369,2027-12-31,0.03,1,5.6,56.68,0.1,0.59,0.65,0.3302481759862095,Meio,3.1740799999999996
2023,Vila Nova,Rodrigo Gelado,LE,19.0,178.0,3416,0.874368819080861,2027-12-31,0.03,1,3.77,55.24,0.02,0.5,0.45,0.3302481759862095,Meio,2.082548
2023,Vila Nova,Caio Dantas,CA,30.0,177.0,2457,0.6289005235602094,2026-11-30,0.04,1,4.95,28.15,0.34,2.01,2.89,0.3302481759862095,Meio,1.393425
2023,Vila Nova,N. Pessôa,CA,29.0,182.0,2139,0.5475043630017452,2027-04-30,0.04,1,10.43,33.87,0.29,2.27,2.95,0.3302481759862095,Meio,3.532641
2023,Vitória,Zé Hugo,EE,23.0,178.0,1513,0.39098362581342355,2027-12-31,0.06,1,2.74,34.78,0.18,2.02,3.57,0.5430094217663612,Sobe,0.952972
2023,ABC,Ramon,MED,23.0,178.0,2404,0.6165108525866692,,0.0,0,0.71,42.11,0.02,0.41,0.19,-0.5097111342256536,Cai,0.298981
2023,ABC,Gedeílson,LD,31.0,177.0,2029,0.5203413144335906,,0.0,0,3.68,67.47,0.05,0.4,0.4,-0.5097111342256536,Cai,2.482896
2023,ABC,Simão,GOL,30.0,190.0,1961,0.5029025715151656,2028-06-30,0.0,0,0.37,100.0,0.0,0.0,0.0,-0.5097111342256536,Cai,0.37
2023,ABC,Habraão,ZE,22.0,187.0,1953,0.5008509547012333,2028-02-28,0.0,0,5.94,64.34,0.09,0.69,0.97,-0.5097111342256536,Cai,3.8217960000000004
2023,ABC,Matheus Anjos,CA,24.0,181.0,1919,0.49213158324202083,2026-10-30,0.0,0,3.1,16.67,0.12,1.22,0.8,-0.5097111342256536,Cai,0.5167700000000001
2023,ABC,Fábio Lima,ED,26.0,176.0,1834,0.47033315459398967,2026-11-30,0.0,0,2.6,35.85,0.13,2.06,1.96,-0.5097111342256536,Cai,0.9321
2023,ABC,Michael,GOL,28.0,194.0,1756,0.4503298906581493,2026-12-31,0.0,0,0.77,80.0,0.0,0.0,0.0,-0.5097111342256536,Cai,0.616
2023,ABC,Romário,LE,31.0,172.0,1725,0.4423798755041615,,0.0,0,3.39,46.15,0.01,0.31,0.26,-0.5097111342256536,Cai,1.564485
2023,ABC,Thonny Anderson,CA,25.0,184.0,1693,0.43417340824843215,,0.0,0,6.49,35.25,0.27,1.65,1.38,-0.5097111342256536,Cai,2.287725
2023,ABC,Afonso,ZD,29.0,186.0,1550,0.39750075769939147,2026-10-30,0.0,0,3.72,62.5,0.02,0.17,0.23,-0.5097111342256536,Cai,2.325
2023,ABC,Fabrício,ZE,33.0,188.0,1430,0.36672650549040636,2026-11-30,0.0,0,3.46,54.55,0.02,0.38,0.0,-0.5097111342256536,Cai,1.88743
2023,ABC,Wallace,MED,22.0,178.0,1304,0.33441354067097195,,0.0,0,1.79,42.31,0.05,0.76,0.21,-0.5097111342256536,Cai,0.757349
2023,ABC,Jhonnathan,LE,22.0,186.0,1272,0.3262070734152426,2026-11-30,0.0,0,4.81,63.24,0.02,0.21,0.14,-0.5097111342256536,Cai,3.0418439999999998
2023,ABC,Richardson,ZE,31.0,183.0,1219,0.3126151120229408,,0.0,0,4.87,65.15,0.04,0.3,0.37,-0.5097111342256536,Cai,3.1728050000000003
2023,ABC,Nathan Melo,MED,22.0,186.0,1188,0.304665096868953,,0.0,0,4.77,50.79,0.03,0.61,0.3,-0.5097111342256536,Cai,2.4226829999999997
2023,ABC,Welliton Matheus,ED,23.0,180.0,1154,0.2959457254097405,2026-11-30,0.0,0,2.73,25.71,0.21,1.56,2.11,-0.5097111342256536,Cai,0.701883
2023,ABC,Wellington Reis,MED,31.0,179.0,1130,0.2897908749679435,2027-03-30,0.0,0,2.23,46.43,0.06,1.19,0.64,-0.5097111342256536,Cai,1.035389
2023,ABC,Wallyson,CA,34.0,180.0,1034,0.26517147320075535,2026-12-31,0.0,0,1.74,40.0,0.25,1.65,1.65,-0.5097111342256536,Cai,0.696
2023,ABC,Alex Silva,LD,29.0,184.0,918,0.23542302939873638,2027-11-30,0.0,0,5.2,58.49,0.01,0.2,0.49,-0.5097111342256536,Cai,3.0414800000000004
2023,Atlético-GO,Ronaldo,GOL,27.0,194.0,3659,0.9588345998999452,2029-12-31,0.0,0,0.49,95.0,0.0,0.0,0.0,0.18558960744544706,Sobe,0.46549999999999997
2023,Atlético-GO,Shaylon,MEI,26.0,178.0,3304,0.8658074659932821,2026-12-31,0.0,0,1.17,30.23,0.08,1.77,1.5,0.18558960744544706,Sobe,0.353691
2023,Atlético-GO,Bruno Tubarão,LD,28.0,180.0,2767,0.7250875479429212,2026-12-31,0.0,0,3.06,53.19,0.04,0.65,0.85,0.18558960744544706,Sobe,1.6276140000000001
2023,Atlético-GO,Heron,ZE,23.0,186.0,2652,0.6949519975224527,2026-11-30,0.0,0,5.19,62.75,0.03,0.24,0.54,0.18558960744544706,Sobe,3.2567250000000003
2023,Atlético-GO,Rhaldney,VOL,24.0,179.0,2576,0.6750363294184911,2028-06-30,0.0,0,2.76,53.16,0.04,0.49,1.5,0.18558960744544706,Sobe,1.4672159999999996
2023,Atlético-GO,Matheus Sales,VOL,28.0,178.0,2102,0.5508254520332563,2026-11-30,0.0,0,3.43,47.5,0.02,0.34,0.21,0.18558960744544706,Sobe,1.62925
2023,Atlético-GO,Kelvin,ED,26.0,174.0,1954,0.5120423088834362,2026-11-30,0.0,0,1.57,20.59,0.09,1.7,2.4,0.18558960744544706,Sobe,0.323263
2023,Atlético-GO,Luiz Felipe,ZD,29.0,187.0,1675,0.4389308430807347,2026-12-31,0.0,0,5.0,68.82,0.09,0.38,0.54,0.18558960744544706,Sobe,3.441
2023,Atlético-GO,Baralhas,VOL,24.0,178.0,1514,0.396741072492079,2028-12-31,0.0,0,2.68,57.78,0.12,1.43,1.49,0.18558960744544706,Sobe,1.548504
2023,Atlético-GO,Lucas Esteves,LE,23.0,171.0,1507,0.3949067346403983,2029-12-31,0.0,0,3.11,53.85,0.03,0.72,0.72,0.18558960744544706,Sobe,1.674735
2023,Atlético-GO,Airton,ED,24.0,178.0,1236,0.3238916549539033,2026-12-31,0.0,0,2.84,23.08,0.17,1.97,4.95,0.18558960744544706,Sobe,0.6554719999999999
2023,Atlético-GO,Jefferson,LE,26.0,178.0,1052,0.27567477428115394,2028-05-31,0.0,0,2.57,53.33,0.02,0.51,0.6,0.18558960744544706,Sobe,1.370581
2023,Avaí,Natanael,LE,32.0,168.0,2767,0.7192277700323731,2026-09-30,0.0,0,1.76,38.89,0.05,1.11,0.65,-0.2910287894146686,Meio,0.684464
2023,Avaí,Rafael Gava,MED,30.0,178.0,2645,0.6875162456579788,2026-11-30,0.0,0,1.74,23.53,0.08,1.22,1.5,-0.2910287894146686,Meio,0.409422
2023,Avaí,Wellington,VOL,32.0,178.0,2302,0.5983600746709516,,0.0,0,1.37,42.86,0.01,0.51,0.23,-0.2910287894146686,Meio,0.587182
2023,Avaí,Igor Bohn,GOL,27.0,193.0,2240,0.5822443819560954,2026-12-31,0.0,0,0.52,76.92,0.0,0.0,0.0,-0.2910287894146686,Meio,0.39998400000000006
2023,Avaí,Roberto,ZD,25.0,188.0,2229,0.5793851461518467,,0.0,0,3.47,70.93,0.04,0.36,0.52,-0.2910287894146686,Meio,2.4612710000000004
2023,Avaí,Thales Oleques,LD,29.0,175.0,2069,0.5377962617264114,,0.0,0,2.65,50.82,0.0,0.04,0.52,-0.2910287894146686,Meio,1.34673
2023,Avaí,Alan Costa,ZD,32.0,195.0,2050,0.5328575817008909,,0.0,0,4.17,62.11,0.05,0.26,0.48,-0.2910287894146686,Meio,2.589987
2023,Avaí,Igor Inocêncio,LD,25.0,185.0,2044,0.5312979985349371,2026-11-30,0.0,0,4.05,56.52,0.02,0.57,0.66,-0.2910287894146686,Meio,2.28906
2023,Avaí,Bruno Cortez,LE,36.0,179.0,1436,0.3732602377182826,,0.0,0,2.63,59.52,0.01,0.19,0.25,-0.2910287894146686,Meio,1.5653759999999999
2023,Avaí,Felipe Silva,ZE,21.0,190.0,1431,0.37196058507998775,2029-06-30,0.0,0,5.28,70.24,0.02,0.19,0.25,-0.2910287894146686,Meio,3.7086719999999995
2023,Avaí,Gabriel Poveda,CA,24.0,183.0,1313,0.34128878281622915,2026-12-31,0.0,0,7.13,19.23,0.29,1.51,2.47,-0.2910287894146686,Meio,1.371099
2023,Avaí,William Pottker,ED,29.0,182.0,1179,0.30645809210992697,2026-11-30,0.0,0,2.75,33.33,0.23,1.91,2.98,-0.2910287894146686,Meio,0.916575
2023,Avaí,Ygor Vinhas,GOL,29.0,192.0,1131,0.2939814267822964,2026-12-31,0.0,0,0.24,100.0,0.0,0.0,0.08,-0.2910287894146686,Meio,0.24
2023,Avaí,Felipinho,EE,21.0,180.0,1049,0.27266712351426076,,0.0,0,3.26,13.16,0.27,2.4,2.49,-0.2910287894146686,Meio,0.42901599999999995
2023,Avaí,Jean Cléber,MED,33.0,180.0,997,0.25915073607599426,,0.0,0,2.53,42.86,0.01,0.18,0.72,-0.2910287894146686,Meio,1.084358
2023,Botafogo-SP,Guilherme Madruga,MED,22.0,187.0,3120,0.8060122123062471,2026-12-31,0.0,0,3.72,51.94,0.05,1.07,1.15,0.013668611812490905,Meio,1.932168
2023,Botafogo-SP,Matheus Albino,GOL,28.0,187.0,3098,0.8003287928604979,2028-12-31,0.0,0,0.7,95.83,0.0,0.0,0.0,0.013668611812490905,Meio,0.6708099999999999
2023,Botafogo-SP,Márcio,ZE,22.0,191.0,3062,0.791028651949272,2027-06-30,0.0,0,3.53,58.33,0.05,0.5,0.85,0.013668611812490905,Meio,2.059049
2023,Botafogo-SP,Tárik,VOL,30.0,183.0,2702,0.6980272428370127,2026-11-30,0.0,0,3.03,47.25,0.04,0.73,0.63,0.013668611812490905,Meio,1.4316749999999998
2023,Botafogo-SP,Patrick Brey,LE,26.0,177.0,2687,0.6941521841240018,2026-11-30,0.0,0,3.18,47.37,0.05,0.7,1.47,0.013668611812490905,Meio,1.5063659999999999
2023,Botafogo-SP,Thassio,LD,22.0,170.0,2404,0.6210427430718647,,0.0,0,2.51,40.3,0.06,0.49,0.67,0.013668611812490905,Meio,1.0115299999999998
2023,Botafogo-SP,Luiz Henrique,EE,24.0,177.0,1614,0.4169563175199624,2026-11-30,0.0,0,2.23,37.5,0.03,0.95,0.39,0.013668611812490905,Meio,0.83625
2023,Botafogo-SP,Lucas Cardoso,EE,23.0,189.0,1586,0.4097228745890089,2026-11-30,0.0,0,2.27,40.0,0.16,1.7,2.55,0.013668611812490905,Meio,0.9079999999999999
2023,Botafogo-SP,Lucas Dias,ZD,28.0,191.0,1400,0.36167214654767493,2026-11-30,0.0,0,5.21,62.96,0.08,0.58,0.96,0.013668611812490905,Meio,3.280216
2023,Botafogo-SP,Carlos Manuel,MED,23.0,175.0,1383,0.35728041333959604,,0.0,0,1.43,36.36,0.01,0.33,0.46,0.013668611812490905,Meio,0.519948
2023,Botafogo-SP,Jean Victor,LE,29.0,181.0,1130,0.2919210897134805,2026-10-30,0.0,0,1.99,36.0,0.04,1.19,0.48,0.013668611812490905,Meio,0.7164
2023,Botafogo-SP,Edson Cariús,CA,34.0,184.0,1070,0.2764208548614373,,0.0,0,12.11,28.47,0.16,1.09,1.85,0.013668611812490905,Meio,3.4477169999999995
2023,Botafogo-SP,Edson Carioca,ED,26.0,179.0,1043,0.26944574917801783,2028-12-31,0.0,0,5.09,37.29,0.14,2.33,2.93,0.013668611812490905,Meio,1.8980609999999998
2023,Botafogo-SP,Vidal,LD,27.0,174.0,1015,0.2622123062470643,,0.0,0,2.13,45.83,0.01,0.53,0.44,0.013668611812490905,Meio,0.9761789999999999
2023,Botafogo-SP,Ericson,LD,24.0,184.0,972,0.25110380460310006,2026-11-30,0.0,0,4.72,54.9,0.01,0.37,0.56,0.013668611812490905,Meio,2.59128
2023,CRB,Diogo Silva,GOL,37.0,192.0,3478,0.8844553356759756,2026-11-30,0.0,0,0.44,88.24,0.0,0.0,0.0,0.15062576340236156,Meio,0.388256
2023,CRB,João Paulo,MEI,33.0,169.0,3058,0.7776493434436841,2026-10-31,0.0,0,1.74,23.73,0.19,2.27,1.74,0.15062576340236156,Meio,0.412902
2023,CRB,Lucas Lima,MED,23.0,180.0,2802,0.7125485481782874,2026-11-30,0.0,0,3.15,41.84,0.09,1.25,1.19,0.15062576340236156,Meio,1.3179600000000002
2023,CRB,Falcão,VOL,25.0,183.0,2643,0.6721148511189199,2028-06-30,0.0,0,2.93,60.47,0.03,0.85,0.2,0.15062576340236156,Meio,1.771771
2023,CRB,Matheus Ribeiro,LD,30.0,178.0,2522,0.6413445533567598,2026-11-30,0.0,0,1.5,54.76,0.01,0.18,0.57,0.15062576340236156,Meio,0.8214
2023,CRB,Ramon Menezes,ZE,28.0,186.0,2186,0.5558997595709265,2026-12-31,0.0,0,5.11,62.9,0.03,0.21,0.33,0.15062576340236156,Meio,3.2141900000000003
2023,CRB,Fabio Alemão,ZD,26.0,184.0,2184,0.5553911596079156,2026-11-30,0.0,0,3.59,51.72,0.06,0.37,0.62,0.15062576340236156,Meio,1.8567479999999998
2023,CRB,Hereda,LD,24.0,177.0,2154,0.5477621601627519,2026-12-31,0.0,0,2.63,55.56,0.02,0.33,0.58,0.15062576340236156,Meio,1.4612280000000002
2023,CRB,Juninho Valoura,MED,37.0,172.0,1736,0.4414647678934714,,0.0,0,2.23,37.21,0.04,1.35,0.41,0.15062576340236156,Meio,0.829783
2023,CRB,Léo Pereira,EE,23.0,172.0,1568,0.3987423710005548,2028-12-31,0.0,0,3.62,14.29,0.16,1.61,3.21,0.15062576340236156,Meio,0.5172979999999999
2023,CRB,Saimon,ZD,32.0,185.0,1189,0.30236267800998706,2026-10-30,0.0,0,5.07,65.67,0.01,0.08,0.3,0.15062576340236156,Meio,3.3294690000000005
2023,CRB,Edimar,LE,37.0,183.0,1153,0.2932078786757906,,0.0,0,2.65,64.71,0.02,0.31,0.55,0.15062576340236156,Meio,1.7148149999999998
2023,CRB,Rômulo Souza,CA,28.0,175.0,1140,0.2899019789162197,,0.0,0,3.71,42.55,0.22,1.74,2.84,0.15062576340236156,Meio,1.578605
2023,CRB,Rafael Longuine,MED,33.0,174.0,949,0.24133068244867764,,0.0,0,0.85,11.11,0.07,1.9,1.52,0.15062576340236156,Meio,0.09443499999999999
2023,CRB,Gum,ZD,37.0,189.0,940,0.23904198261512852,,0.0,0,3.83,72.5,0.02,0.1,0.29,0.15062576340236156,Meio,2.7767500000000003
2023,Ceará,Jean Carlos,MEI,31.0,178.0,2641,0.6739433025564887,2027-12-31,0.0,0,1.53,46.67,0.13,2.08,0.92,-0.27985821938296507,Meio,0.714051
2023,Ceará,Luiz Otávio,ZE,34.0,190.0,2353,0.6004500533568413,2026-12-31,0.0,0,5.01,60.31,0.04,0.34,0.5,-0.27985821938296507,Meio,3.021531
2023,Ceará,David Ricardo,ZE,20.0,188.0,2319,0.591773766992994,2030-06-30,0.0,0,4.77,48.78,0.08,0.35,0.74,-0.27985821938296507,Meio,2.326806
2023,Ceará,Warley,LD,23.0,172.0,2302,0.5874356238110704,2027-12-31,0.0,0,2.35,48.33,0.0,0.12,0.35,-0.27985821938296507,Meio,1.135755
2023,Ceará,Bruno Ferreira,GOL,29.0,197.0,1999,0.510114601215608,2027-12-31,0.0,0,0.5,81.82,0.0,0.0,0.0,-0.27985821938296507,Meio,0.40909999999999996
2023,Ceará,Richardson,VOL,32.0,174.0,1786,0.4557602189950355,2026-12-31,0.0,0,1.86,48.65,0.05,0.5,0.45,-0.27985821938296507,Meio,0.9048900000000001
2023,Ceará,Janderson,EE,24.0,161.0,1654,0.4220758131118638,2027-11-30,0.0,0,1.47,33.33,0.21,2.5,2.61,-0.27985821938296507,Meio,0.4899509999999999
2023,Ceará,Willian Maranhão,VOL,27.0,179.0,1575,0.40191620656057164,2027-11-30,0.0,0,1.94,52.94,0.05,0.4,0.29,-0.27985821938296507,Meio,1.0270359999999998
2023,Ceará,Caíque,LD,27.0,178.0,1500,0.3827773395814968,2027-12-31,0.0,0,3.0,50.0,0.0,0.12,0.36,-0.27985821938296507,Meio,1.5
2023,Ceará,Chay,MEI,32.0,177.0,1492,0.38073586043706215,,0.0,0,2.05,26.47,0.11,1.87,2.17,-0.27985821938296507,Meio,0.542635
2023,Ceará,Guilherme Castilho,MEI,23.0,185.0,1400,0.3572588502760637,2027-06-30,0.0,0,1.99,48.39,0.2,2.25,1.48,-0.27985821938296507,Meio,0.962961
2023,Ceará,Richard,GOL,32.0,186.0,1349,0.34424442073029277,2026-12-31,0.0,0,0.27,100.0,0.0,0.0,0.0,-0.27985821938296507,Meio,0.27
2023,Ceará,Paulo Victor,LE,22.0,180.0,1293,0.32995406671925026,2030-06-30,0.0,0,2.58,56.76,0.03,0.35,0.42,-0.27985821938296507,Meio,1.464408
2023,Ceará,Danilo Barcelos,LE,31.0,181.0,1110,0.2832552312903076,2026-11-30,0.0,0,4.14,58.82,0.01,0.41,0.57,-0.27985821938296507,Meio,2.435148
2023,Ceará,Zé Ricardo,VOL,27.0,176.0,1040,0.26539228877650445,2026-12-31,0.0,0,2.42,46.43,0.04,0.69,0.69,-0.27985821938296507,Meio,1.1236059999999999
2023,Ceará,E. Pulga,EE,22.0,169.0,1021,0.26054377580847216,2029-12-31,0.0,0,3.0,20.59,0.2,2.2,3.88,-0.27985821938296507,Meio,0.6176999999999999
2023,Ceará,Bissoli,CA,25.0,175.0,1008,0.2572263721987659,2028-06-30,0.0,0,7.41,31.33,0.25,1.52,2.23,-0.27985821938296507,Meio,2.3215529999999998
2023,Ceará,Gabriel Lacerda,ZE,24.0,187.0,952,0.2429360181877233,2026-12-31,0.0,0,2.93,64.52,0.0,0.09,0.09,-0.27985821938296507,Meio,1.890436
2023,Ceará,Saulo Mineiro,CA,26.0,184.0,915,0.23349417714471304,2026-12-31,0.0,0,4.52,28.26,0.23,2.16,3.15,-0.27985821938296507,Meio,1.2773519999999998
2023,Chapecoense,Airton,GOL,29.0,188.0,3154,0.7970684862269396,2026-11-30,0.0,0,0.43,93.33,0.0,0.0,0.0,-0.3390110779505011,Meio,0.40131900000000004
2023,Chapecoense,Bruno Nazário,CA,28.0,178.0,2668,0.6742481678038919,2026-12-31,0.0,0,4.22,32.8,0.27,2.36,2.77,-0.3390110779505011,Meio,1.3841599999999996
2023,Chapecoense,Giovanni Pavani,MED,26.0,178.0,2578,0.6515036643922163,2027-12-31,0.0,0,5.13,52.38,0.07,1.61,1.19,-0.3390110779505011,Meio,2.687094
2023,Chapecoense,Lucas Freitas,ZE,22.0,184.0,2347,0.5931261056355825,2027-12-31,0.0,0,2.38,58.06,0.04,0.12,0.23,-0.3390110779505011,Meio,1.3818279999999998
2023,Chapecoense,Rodrigo Freitas,ZD,25.0,189.0,1906,0.4816780389183725,,0.0,0,3.59,71.05,0.03,0.47,0.85,-0.3390110779505011,Meio,2.5506949999999997
2023,Chapecoense,Mancha,LE,22.0,178.0,1710,0.43214556482183475,,0.0,0,3.74,49.3,0.05,1.05,0.95,-0.3390110779505011,Meio,1.84382
2023,Chapecoense,Ronei,LD,25.0,175.0,1512,0.3821076573161486,,0.0,0,3.63,54.1,0.0,0.24,0.06,-0.3390110779505011,Meio,1.9638300000000002
2023,Chapecoense,Bruno Vinicius,MED,20.0,185.0,1488,0.37604245640636846,,0.0,0,3.08,52.94,0.02,0.48,0.24,-0.3390110779505011,Meio,1.6305519999999998
2023,Chapecoense,Marcinho,EE,28.0,176.0,1483,0.3747788728834976,2026-11-30,0.0,0,1.94,18.75,0.1,1.64,2.73,-0.3390110779505011,Meio,0.36375
2023,Chapecoense,Felipe Albuquerque,LD,23.0,174.0,1443,0.3646702047005307,2026-10-30,0.0,0,2.43,71.79,0.01,0.5,0.12,-0.3390110779505011,Meio,1.7444970000000004
2023,Chapecoense,Kayke,CA,35.0,182.0,1441,0.36416477129138236,,0.0,0,2.87,23.91,0.25,1.37,2.5,-0.3390110779505011,Meio,0.6862170000000001
2023,Chapecoense,Dudu Vieira,MED,29.0,175.0,991,0.2504422542330048,2027-05-30,0.0,0,2.72,43.33,0.04,0.91,0.54,-0.3390110779505011,Meio,1.178576
2023,Chapecoense,M. Antônio,EE,25.0,172.0,942,0.23805913570887036,,0.0,0,1.34,35.71,0.08,1.34,1.91,-0.3390110779505011,Meio,0.47851400000000005
2023,Chapecoense,Victor Ramos,ZE,34.0,192.0,930,0.2350265352539803,,0.0,0,5.32,61.82,0.03,0.39,0.58,-0.3390110779505011,Meio,3.288824
2023,Criciúma,Fellipe Mateus,MED,32.0,178.0,3613,0.917005076142132,2026-12-31,0.0,0,2.54,35.29,0.14,1.77,1.92,0.39874169705344986,Sobe,0.896366
2023,Criciúma,Rodrigo,ZD,36.0,187.0,3587,0.9104060913705584,2027-12-31,0.0,0,4.69,66.31,0.05,0.45,0.55,0.39874169705344986,Sobe,3.1099390000000007
2023,Criciúma,Gustavo,GOL,30.0,187.0,3501,0.8885786802030456,,0.0,0,0.36,92.86,0.0,0.0,0.0,0.39874169705344986,Sobe,0.334296
2023,Criciúma,Walisson Maia,ZE,31.0,187.0,3090,0.7842639593908629,,0.0,0,5.88,57.43,0.02,0.2,0.41,0.39874169705344986,Sobe,3.376884
2023,Criciúma,Fabinho,ED,23.0,180.0,2408,0.6111675126903553,2027-12-31,0.0,0,2.8,32.0,0.21,1.72,2.24,0.39874169705344986,Sobe,0.8959999999999999
2023,Criciúma,Éder,CA,36.0,179.0,2101,0.533248730964467,,0.0,0,2.61,21.31,0.31,2.18,2.61,0.39874169705344986,Sobe,0.556191
2023,Criciúma,Claudinho,LD,22.0,180.0,2074,0.5263959390862945,2027-12-31,0.0,0,1.87,37.21,0.09,1.0,1.39,0.39874169705344986,Sobe,0.695827
2023,Criciúma,Cristovam,LD,32.0,175.0,1380,0.350253807106599,,0.0,0,2.67,46.34,0.03,0.72,0.91,0.39874169705344986,Sobe,1.237278
2023,Criciúma,Marquinhos Gabriel,MEI,32.0,174.0,1347,0.34187817258883246,2027-11-30,0.0,0,1.6,20.83,0.1,1.07,1.27,0.39874169705344986,Sobe,0.33327999999999997
2023,Criciúma,Miquéias,VOL,21.0,187.0,1011,0.2565989847715736,2026-12-31,0.0,0,2.31,53.85,0.02,0.45,0.09,0.39874169705344986,Sobe,1.243935
2023,Criciúma,Rayan,ZE,33.0,184.0,902,0.22893401015228426,,0.0,0,4.19,54.76,0.04,0.4,0.5,0.39874169705344986,Sobe,2.294444
2023,Guarani,Lucão,ZE,27.0,187.0,3596,0.941271654292785,,0.0,0,4.61,55.98,0.04,0.33,0.45,0.14501311880046508,Meio,2.580678
2023,Guarani,Diogo Mateus,LD,30.0,173.0,3446,0.9020083761660004,2026-10-31,0.0,0,2.22,45.88,0.05,0.86,0.57,0.14501311880046508,Meio,1.018536
2023,Guarani,Mayk,LE,24.0,172.0,3303,0.864577384351799,2027-12-31,0.0,0,2.97,52.29,0.01,0.27,0.57,0.14501311880046508,Meio,1.553013
2023,Guarani,Bruno José,ED,25.0,173.0,2645,0.6923424709689701,2026-11-30,0.0,0,3.84,34.51,0.12,1.19,2.11,0.14501311880046508,Meio,1.325184
2023,Guarani,Pegorari,GOL,32.0,192.0,2488,0.6512469065296022,,0.0,0,0.29,75.0,0.0,0.0,0.0,0.14501311880046508,Meio,0.2175
2023,Guarani,Matheus Bueno,VOL,25.0,178.0,2450,0.64130020940415,2027-06-30,0.0,0,1.87,47.06,0.03,0.7,0.11,0.14501311880046508,Meio,0.8800220000000002
2023,Guarani,Alan Santos,ZD,32.0,184.0,2361,0.6180039977155911,2026-09-30,0.0,0,4.76,59.2,0.05,0.27,0.34,0.14501311880046508,Meio,2.8179199999999995
2023,Guarani,Bruninho,MEI,23.0,175.0,2310,0.6046544831524843,2029-06-30,0.0,0,1.68,23.26,0.2,2.03,2.38,0.14501311880046508,Meio,0.390768
2023,Guarani,Régis,MEI,30.0,170.0,1352,0.35389301351608604,2026-10-31,0.0,0,1.66,16.0,0.15,0.87,2.0,0.14501311880046508,Meio,0.2656
2023,Guarani,Wálber,ZD,26.0,186.0,1162,0.30415952788882544,,0.0,0,3.41,52.27,0.01,0.23,0.7,0.14501311880046508,Meio,1.782407
2023,Guarani,Wenderson,MED,25.0,177.0,1138,0.29787740338853985,2026-11-30,0.0,0,2.29,27.59,0.02,0.47,0.32,0.14501311880046508,Meio,0.631811
2023,Guarani,Lucas Araújo,VOL,24.0,181.0,1090,0.2853131543879688,2027-06-30,0.0,0,2.81,64.71,0.06,1.32,0.17,0.14501311880046508,Meio,1.8183509999999998
2023,Guarani,Alexis Alvariño,ZD,22.0,182.0,1083,0.2834808680753855,2026-12-31,0.0,0,2.74,54.55,0.02,0.42,0.66,0.14501311880046508,Meio,1.4946700000000002
2023,Ituano,Jefferson Paulino,GOL,31.0,185.0,3648,0.9496627618033369,,0.0,0,0.27,81.82,0.0,0.0,0.0,-0.03296053550170286,Meio,0.220914
2023,Ituano,Claudinho,ZD,33.0,183.0,2733,0.711466098686546,,0.0,0,6.68,64.53,0.03,0.3,0.59,-0.03296053550170286,Meio,4.3106040000000005
2023,Ituano,José Aldo,VOL,25.0,175.0,2327,0.6057744645604071,2027-12-31,0.0,0,3.25,48.81,0.03,0.73,0.35,-0.03296053550170286,Meio,1.586325
2023,Ituano,Pacheco,LD,32.0,175.0,2216,0.5768784759200094,,0.0,0,2.84,51.43,0.01,0.32,0.28,-0.03296053550170286,Meio,1.4606119999999998
2023,Ituano,Hélio Borges,ED,23.0,175.0,2186,0.5690687492604425,2027-12-31,0.0,0,3.38,39.02,0.09,1.32,1.56,-0.03296053550170286,Meio,1.3188760000000002
2023,Ituano,Felipe Saraiva,EE,25.0,172.0,1999,0.5203881197491421,2026-12-31,0.0,0,1.4,41.94,0.11,1.94,1.8,-0.03296053550170286,Meio,0.5871599999999999
2023,Ituano,Rafael Carvalheira,VOL,24.0,176.0,1985,0.5167435806413442,2026-11-30,0.0,0,2.22,24.49,0.13,1.81,1.04,-0.03296053550170286,Meio,0.543678
2023,Ituano,Yann Rolim,MEI,28.0,173.0,1568,0.4081883800733641,2026-09-30,0.0,0,1.61,28.57,0.14,2.01,1.43,-0.03296053550170286,Meio,0.459977
2023,Ituano,Eduardo Person,MEI,26.0,174.0,1523,0.39647379008401373,2026-11-30,0.0,0,1.12,21.05,0.05,1.48,0.95,-0.03296053550170286,Meio,0.23576000000000005
2023,Ituano,Rafael Pereira,ZE,38.0,181.0,1465,0.381374985208851,,0.0,0,3.56,48.28,0.03,0.25,0.61,-0.03296053550170286,Meio,1.718768
2023,Ituano,Iury,LD,31.0,175.0,1428,0.37174298899538516,,0.0,0,3.59,54.39,0.01,0.32,0.69,-0.03296053550170286,Meio,1.952601
2023,Ituano,Wesley Pomba,EE,21.0,178.0,1265,0.32931014081173826,2028-06-30,0.0,0,3.13,31.82,0.16,1.85,3.63,-0.03296053550170286,Meio,0.9959659999999999
2023,Ituano,Thiago Conti,VOL,26.0,180.0,1132,0.2946870192876583,2026-11-30,0.0,0,3.98,32.0,0.08,0.8,0.95,-0.03296053550170286,Meio,1.2736
2023,Ituano,Richard,LE,18.0,175.0,939,0.24444444444444444,2027-11-30,0.0,0,2.11,50.0,0.0,0.29,0.0,-0.03296053550170286,Meio,1.055
2023,Juventude,Thiago Couto,GOL,24.0,188.0,3436,0.8684343550388309,2027-12-31,0.0,0,0.65,100.0,0.0,0.0,0.0,0.31095398156595455,Sobe,0.65
2023,Juventude,Jádson,ED,30.0,171.0,3112,0.7865447359955885,2026-12-31,0.0,0,1.53,35.85,0.03,0.78,0.72,0.31095398156595455,Sobe,0.548505
2023,Juventude,Reginaldo,LD,30.0,174.0,3040,0.7683470428748679,2026-11-30,0.0,0,3.2,38.89,0.01,0.27,0.56,0.31095398156595455,Sobe,1.24448
2023,Juventude,Zé Marcos,ZE,25.0,188.0,2704,0.6834244749781719,2027-12-31,0.0,0,6.56,59.9,0.08,0.63,0.73,0.31095398156595455,Sobe,3.9294399999999996
2023,Juventude,Nenê,MEI,41.0,181.0,2415,0.6103809567575019,,0.0,0,1.68,20.0,0.19,2.16,1.42,0.31095398156595455,Sobe,0.336
2023,Juventude,Vini Paulista,MED,22.0,179.0,2163,0.54668903083498,2027-12-31,0.0,0,1.46,25.71,0.06,0.58,0.92,0.31095398156595455,Sobe,0.375366
2023,Juventude,Rodrigo Rodrigues,CA,27.0,191.0,1937,0.4895684940949405,2027-06-30,0.0,0,6.5,40.0,0.39,2.23,2.93,0.31095398156595455,Sobe,2.6
2023,Juventude,Ruan,EE,18.0,172.0,1140,0.28813014107807544,2030-06-30,0.0,0,2.53,18.75,0.16,1.74,2.53,0.31095398156595455,Sobe,0.47437499999999994
2023,Juventude,Matheus Vargas,MEI,27.0,181.0,1059,0.26765773631726486,,0.0,0,3.14,32.43,0.15,1.95,1.61,0.31095398156595455,Sobe,1.018302
2023,Juventude,Kelvyn,LE,24.0,175.0,1019,0.2575479068057534,,0.0,0,2.83,50.0,0.04,0.62,0.97,0.31095398156595455,Sobe,1.415
2023,Juventude,Dani Bolt,LD,24.0,183.0,915,0.2312623500758237,2027-06-30,0.0,0,3.64,48.65,0.04,0.59,1.28,0.31095398156595455,Sobe,1.77086
2023,Londrina,João Paulo,VOL,38.0,178.0,3221,0.8319088988025358,,0.0,0,1.76,41.27,0.14,1.23,0.06,-0.37832821317998466,Cai,0.7263520000000001
2023,Londrina,Paulinho Moccelin,EE,29.0,169.0,2726,0.7040619863817797,2026-11-30,0.0,0,1.32,35.0,0.1,1.49,1.72,-0.37832821317998466,Cai,0.462
2023,Londrina,Neneca,GOL,19.0,192.0,2161,0.5581357126085935,2030-06-30,0.0,0,0.71,88.24,0.0,0.0,0.0,-0.37832821317998466,Cai,0.626504
2023,Londrina,Gustavo Salomão,LE,25.0,184.0,1846,0.47677858652265787,2026-09-15,0.0,0,2.73,66.07,0.02,0.39,1.07,-0.37832821317998466,Cai,1.8037109999999998
2023,Londrina,Rafael Vaz,ZE,34.0,188.0,1734,0.44785160835876964,,0.0,0,5.14,54.55,0.05,1.19,0.52,-0.37832821317998466,Cai,2.8038699999999994
2023,Londrina,Lucas Frigeri,GOL,34.0,194.0,1686,0.4354543320028175,,0.0,0,0.27,80.0,0.0,0.0,0.0,-0.37832821317998466,Cai,0.21600000000000003
2023,Londrina,Ezequiel,LD,30.0,178.0,1670,0.4313219065508335,,0.0,0,2.59,52.08,0.01,0.22,0.59,-0.37832821317998466,Cai,1.3488719999999998
2023,Londrina,Patrick,ZE,29.0,189.0,1610,0.4158253111058934,2027-06-30,0.0,0,5.93,56.6,0.03,0.5,0.89,-0.37832821317998466,Cai,3.3563799999999997
2023,Londrina,Moisés Gaúcho,VOL,28.0,181.0,1575,0.4067856304296783,2027-06-30,0.0,0,4.8,51.19,0.04,0.69,1.26,-0.37832821317998466,Cai,2.4571199999999997
2023,Londrina,Marcos Pedro,LE,21.0,174.0,1417,0.365977929091336,,0.0,0,4.38,33.33,0.03,0.83,1.02,-0.37832821317998466,Cai,1.459854
2023,Londrina,Higor Leite,MEI,30.0,181.0,1362,0.35177271660014087,,0.0,0,2.71,36.59,0.09,1.72,1.26,-0.37832821317998466,Cai,0.991589
2023,Londrina,Ariel,MEI,24.0,178.0,1128,0.2913359943648744,2027-04-30,0.0,0,4.39,21.82,0.26,1.28,2.15,-0.37832821317998466,Cai,0.957898
2023,Londrina,Rodrigo,MED,21.0,178.0,1050,0.2711904202864522,2027-06-30,0.0,0,2.23,46.15,0.0,0.0,0.26,-0.37832821317998466,Cai,1.029145
2023,Londrina,William Barbio,ED,30.0,176.0,1024,0.26447522892697817,,0.0,0,5.01,17.54,0.13,1.14,1.76,-0.37832821317998466,Cai,0.878754
2023,Mirassol,Alex Muralha,GOL,33.0,188.0,3892,1.0027403677245579,2026-12-31,0.0,0,0.53,86.96,0.0,0.0,0.0,0.29025976567153844,Meio,0.46088799999999996
2023,Mirassol,Danielzinho,MED,28.0,167.0,3084,0.7945661084436116,2027-12-31,0.0,0,3.62,42.74,0.07,0.93,0.76,0.29025976567153844,Meio,1.5471880000000002
2023,Mirassol,Negueba,ED,23.0,171.0,3064,0.7894132802435883,2027-12-31,0.0,0,2.88,31.63,0.19,2.5,3.03,0.29025976567153844,Meio,0.910944
2023,Mirassol,Gabriel,CA,33.0,178.0,3014,0.7765312097435296,2026-12-31,0.0,0,1.97,30.3,0.17,1.43,1.55,0.29025976567153844,Meio,0.59691
2023,Mirassol,Chico Kim,EE,32.0,175.0,2964,0.7636491392434711,2026-12-31,0.0,0,3.1,27.45,0.13,1.64,1.97,0.29025976567153844,Meio,0.85095
2023,Mirassol,Rodrigo Sam,ZD,28.0,187.0,1630,0.41995549830190887,2027-12-31,0.0,0,5.74,68.27,0.04,0.33,0.44,0.29025976567153844,Meio,3.918698
2023,Mirassol,Yuri Lima,VOL,28.0,182.0,1488,0.3833704180817426,,0.0,0,3.21,49.06,0.02,0.54,0.12,0.29025976567153844,Meio,1.5748260000000003
2023,Mirassol,Zé Roberto,CA,29.0,184.0,1484,0.3823398524417379,2026-11-30,0.0,0,7.82,45.74,0.52,1.82,2.55,0.29025976567153844,Meio,3.576868
2023,Mirassol,Fernandinho,EE,26.0,175.0,1476,0.3802787211617285,2026-12-31,0.0,0,1.59,26.92,0.1,1.52,2.99,0.29025976567153844,Meio,0.4280280000000001
2023,Mirassol,Manoel,LE,27.0,178.0,1196,0.3081391263614006,,0.0,0,3.76,46.0,0.03,1.05,0.23,0.29025976567153844,Meio,1.7295999999999998
2023,Mirassol,Neto Moura,MED,26.0,177.0,1177,0.30324393957137835,2026-12-31,0.0,0,3.59,68.09,0.0,0.15,0.0,0.29025976567153844,Meio,2.4444310000000002
2023,Mirassol,Camilo,CA,37.0,174.0,1011,0.26047546551118395,,0.0,0,3.12,31.43,0.17,2.23,1.6,0.29025976567153844,Meio,0.9806159999999999
2023,Novorizontino,Jordi,GOL,30.0,192.0,3314,0.8536636770250334,2027-12-31,0.0,0,0.95,88.57,0.0,0.03,0.03,0.30852050024446687,Meio,0.8414149999999999
2023,Novorizontino,Willean Lepo,LD,26.0,180.0,3055,0.7869470529002647,2027-12-31,0.0,0,4.21,52.45,0.04,0.71,1.44,0.30852050024446687,Meio,2.208145
2023,Novorizontino,Marlon,MED,33.0,175.0,2799,0.7210032082055126,2026-11-30,0.0,0,1.48,41.3,0.14,1.86,0.96,0.30852050024446687,Meio,0.61124
2023,Novorizontino,Reverson,LE,26.0,175.0,2605,0.6710301383977707,2026-11-30,0.0,0,3.14,53.85,0.05,0.62,0.62,0.30852050024446687,Meio,1.69089
2023,Novorizontino,Ligger,ZE,35.0,186.0,1857,0.4783504671802918,2026-10-30,0.0,0,6.79,73.57,0.06,0.87,0.68,0.30852050024446687,Meio,4.995403
2023,Novorizontino,Renato Palm,ZE,31.0,190.0,1790,0.46109172657658715,2026-11-30,0.0,0,5.78,72.17,0.01,0.1,0.45,0.30852050024446687,Meio,4.171426
2023,Novorizontino,Rômulo,EE,21.0,175.0,1654,0.4260590590825001,2028-12-31,0.0,0,3.16,25.86,0.17,2.23,1.52,0.30852050024446687,Meio,0.817176
2023,Novorizontino,Léo Tocantins,LE,24.0,178.0,1203,0.3098845514366672,2026-12-31,0.0,0,4.79,46.88,0.13,2.32,1.5,0.30852050024446687,Meio,2.245552
2023,Novorizontino,Jenison,CA,32.0,185.0,1011,0.26042666791560315,,0.0,0,10.15,33.33,0.18,1.6,3.29,0.30852050024446687,Meio,3.3829949999999998
2023,Novorizontino,Roberto,LE,32.0,176.0,977,0.2516685010420814,,0.0,0,4.33,76.6,0.07,1.01,1.11,0.30852050024446687,Meio,3.31678
2023,Novorizontino,Felipe Marques,ED,33.0,166.0,915,0.2356977261550711,,0.0,0,2.66,25.93,0.39,2.46,3.84,0.30852050024446687,Meio,0.689738
2023,Ponte Preta,Caíque França,GOL,28.0,186.0,3690,0.9515214027849407,2027-12-31,0.0,0,0.61,76.0,0.0,0.0,0.0,-0.17472310918557565,Meio,0.4636
2023,Ponte Preta,Artur,LE,29.0,178.0,3442,0.887570912841671,2027-12-31,0.0,0,3.43,59.54,0.03,0.37,0.63,-0.17472310918557565,Meio,2.042222
2023,Ponte Preta,Fábio Sanches,ZE,32.0,186.0,2486,0.6410520887055183,,0.0,0,5.03,58.27,0.03,0.18,0.33,-0.17472310918557565,Meio,2.9309810000000005
2023,Ponte Preta,Mateus Silva,ZD,28.0,192.0,2412,0.6219700876740588,2026-11-30,0.0,0,3.81,67.65,0.04,0.37,0.49,-0.17472310918557565,Meio,2.577465
2023,Ponte Preta,Felipe Amaral,VOL,20.0,174.0,2215,0.5711707065497679,2027-12-31,0.0,0,2.4,50.85,0.04,0.69,0.28,-0.17472310918557565,Meio,1.2204
2023,Ponte Preta,Luiz Felipe,LD,25.0,180.0,2105,0.5428055698813822,2026-11-30,0.0,0,2.95,57.97,0.02,0.17,0.13,-0.17472310918557565,Meio,1.710115
2023,Ponte Preta,Élvis,MEI,32.0,175.0,1798,0.46364105208870554,2026-11-30,0.0,0,1.9,31.58,0.1,1.1,0.65,-0.17472310918557565,Meio,0.60002
2023,Ponte Preta,Ramon,VOL,26.0,174.0,1449,0.37364620938628157,,0.0,0,0.93,60.0,0.02,0.25,0.31,-0.17472310918557565,Meio,0.558
2023,Ponte Preta,Matheus Jesus,MEI,26.0,187.0,1432,0.36926250644662195,2028-06-30,0.0,0,3.08,46.94,0.15,1.57,1.07,-0.17472310918557565,Meio,1.445752
2023,Ponte Preta,Weverton,LD,24.0,180.0,1427,0.36797318205260443,2026-11-30,0.0,0,2.4,36.84,0.01,0.32,0.32,-0.17472310918557565,Meio,0.8841600000000001
2023,Ponte Preta,Maílton,LD,25.0,169.0,1358,0.35018050541516244,2027-12-31,0.0,0,2.25,32.35,0.14,2.19,1.33,-0.17472310918557565,Meio,0.727875
2023,Ponte Preta,Edson,ZD,21.0,187.0,1356,0.34966477565755544,2027-03-31,0.0,0,4.78,55.56,0.02,0.13,0.2,-0.17472310918557565,Meio,2.6557680000000006
2023,Ponte Preta,Paulo Baya,EE,24.0,185.0,1110,0.28623001547189275,2026-12-31,0.0,0,2.84,40.0,0.14,3.16,1.22,-0.17472310918557565,Meio,1.136
2023,Sampaio Corrêa,Luiz Daniel,GOL,30.0,187.0,3303,0.8447570332480818,2026-10-31,0.0,0,0.52,84.21,0.0,0.0,0.0,-0.19378341316156056,Cai,0.437892
2023,Sampaio Corrêa,Gustavo Henrique,ZD,23.0,192.0,2836,0.7253196930946292,2028-12-31,0.0,0,3.84,49.59,0.01,0.22,0.19,-0.19378341316156056,Cai,1.904256
2023,Sampaio Corrêa,Neto Paraíba,MED,31.0,179.0,2733,0.6989769820971867,2026-11-30,0.0,0,2.96,54.44,0.12,1.58,1.22,-0.19378341316156056,Cai,1.6114239999999997
2023,Sampaio Corrêa,Mateus Pivô,LD,25.0,180.0,2232,0.570843989769821,2027-06-30,0.0,0,4.56,56.64,0.1,0.73,1.33,-0.19378341316156056,Cai,2.5827839999999997
2023,Sampaio Corrêa,Vitinho,LE,21.0,176.0,2057,0.5260869565217391,,0.0,0,2.28,34.62,0.06,0.88,1.84,-0.19378341316156056,Cai,0.7893359999999998
2023,Sampaio Corrêa,Pimentinha,ED,35.0,165.0,1863,0.4764705882352941,,0.0,0,2.13,11.36,0.13,2.27,4.69,-0.19378341316156056,Cai,0.24196799999999996
2023,Sampaio Corrêa,Robinho,MED,29.0,173.0,1730,0.4424552429667519,,0.0,0,1.66,31.25,0.09,1.98,0.88,-0.19378341316156056,Cai,0.51875
2023,Sampaio Corrêa,Marcinho,MEI,28.0,174.0,1681,0.429923273657289,,0.0,0,1.28,37.5,0.13,2.46,0.86,-0.19378341316156056,Cai,0.48
2023,Sampaio Corrêa,Gabriel Furtado,ZE,23.0,182.0,1372,0.35089514066496164,2027-05-31,0.0,0,5.18,74.68,0.04,0.52,0.72,-0.19378341316156056,Cai,3.868424
2023,Sampaio Corrêa,Maurício Maranhão,VOL,24.0,176.0,1347,0.3445012787723785,2026-10-30,0.0,0,3.34,58.0,0.02,0.8,0.33,-0.19378341316156056,Cai,1.9372
2023,Sampaio Corrêa,Ferreira,MED,37.0,179.0,1339,0.3424552429667519,,0.0,0,4.44,37.88,0.02,0.4,0.4,-0.19378341316156056,Cai,1.6818720000000003
2023,Sampaio Corrêa,Vinícius Alves,CA,23.0,181.0,1336,0.3416879795396419,2027-05-15,0.0,0,5.32,16.46,0.31,2.02,2.36,-0.19378341316156056,Cai,0.8756720000000001
2023,Sampaio Corrêa,Pará,LE,35.0,172.0,1211,0.3097186700767263,,0.0,0,3.2,44.19,0.02,0.74,0.22,-0.19378341316156056,Cai,1.4140799999999998
2023,Sampaio Corrêa,Ícaro,ZD,30.0,183.0,998,0.25524296675191815,,0.0,0,2.89,53.13,0.01,0.18,0.09,-0.19378341316156056,Cai,1.535457
2023,Sampaio Corrêa,Rafael Jansen,ZE,34.0,185.0,933,0.23861892583120203,,0.0,0,5.21,57.41,0.05,0.48,0.58,-0.19378341316156056,Cai,2.9910609999999997
2023,Sampaio Corrêa,Jhony Douglas,VOL,26.0,180.0,908,0.23222506393861891,2026-10-30,0.0,0,3.17,53.13,0.02,1.69,0.3,-0.19378341316156056,Cai,1.684221
2023,Sport,Sabino,ZE,26.0,185.0,2952,0.7795649877562779,2028-12-31,0.0,0,4.97,57.67,0.08,0.95,1.1,0.24204290072135137,Meio,2.866199
2023,Sport,Felipinho,LE,26.0,177.0,2485,0.6562394968070294,2027-12-31,0.0,0,2.32,59.38,0.09,1.12,1.01,0.24204290072135137,Meio,1.377616
2023,Sport,Renan,GOL,34.0,190.0,2376,0.6274547462428579,2027-12-31,0.0,0,0.68,83.33,0.0,0.0,0.0,0.24204290072135137,Meio,0.566644
2023,Sport,Ronaldo Henrique,MED,29.0,172.0,2254,0.5952369520334182,2026-10-31,0.0,0,2.91,43.84,0.13,0.4,0.04,0.24204290072135137,Meio,1.2757440000000002
2023,Sport,Luciano Juba,EE,24.0,176.0,2203,0.5817688577327508,2029-12-31,0.0,0,2.33,42.11,0.18,2.33,2.0,0.24204290072135137,Meio,0.981163
2023,Sport,Fabinho,MED,36.0,180.0,2066,0.5455898593172325,,0.0,0,8.15,47.06,0.09,0.57,1.35,0.24204290072135137,Meio,3.8353900000000003
2023,Sport,Ewerthon,LD,22.0,171.0,1894,0.5001680510875306,2026-12-31,0.0,0,4.04,49.41,0.05,0.95,1.14,0.24204290072135137,Meio,1.996164
2023,Sport,Edinho,ED,29.0,158.0,1825,0.4819465117395689,,0.0,0,1.48,13.33,0.08,1.08,2.66,0.24204290072135137,Meio,0.19728400000000001
2023,Sport,Igor Cariús,LE,30.0,184.0,1131,0.29867479713833006,2026-12-31,0.0,0,5.25,57.58,0.1,1.51,1.67,0.24204290072135137,Meio,3.0229500000000002
2023,Sport,Eduardo,LD,36.0,173.0,1124,0.2968262351754934,,0.0,0,2.4,40.0,0.01,0.4,0.16,0.24204290072135137,Meio,0.96
2023,Sport,F. Labandeira,ED,27.0,173.0,1112,0.29365727181063045,2026-12-31,0.0,0,4.78,35.59,0.21,1.54,2.35,0.24204290072135137,Meio,1.701202
2023,Sport,Fabrício Daniel,CA,25.0,182.0,1092,0.2883756662025256,2026-11-30,0.0,0,2.72,21.21,0.3,1.73,2.88,0.24204290072135137,Meio,0.5769120000000001
2023,Sport,Dênis,GOL,36.0,188.0,1043,0.27543573246266867,2026-12-31,0.0,0,0.69,87.5,0.0,0.0,0.0,0.24204290072135137,Meio,0.6037499999999999
2023,Sport,Chico,ZE,24.0,188.0,1018,0.2688337254525376,2029-06-30,0.0,0,4.33,55.1,0.01,0.44,0.71,0.24204290072135137,Meio,2.38583
2023,Sport,Felipe,MED,29.0,184.0,963,0.2543093100302492,,0.0,0,2.8,46.67,0.03,0.93,0.28,0.24204290072135137,Meio,1.30676
2023,Sport,A. Ruiz,EE,30.0,183.0,929,0.24533058049647094,2026-12-31,0.0,0,6.3,35.38,0.07,1.45,1.36,0.24204290072135137,Meio,2.22894
2023,Tombense,Felipe Garcia,GOL,35.0,193.0,3799,0.9775204678362572,,0.0,0,0.62,100.0,0.0,0.0,0.0,-0.19349707409130368,Cai,0.62
2023,Tombense,Matheus Frizzo,MEI,25.0,182.0,3106,0.799204678362573,,0.0,0,2.52,42.53,0.18,2.14,1.54,-0.19349707409130368,Cai,1.071756
2023,Tombense,Pedro Costa,LD,30.0,184.0,2853,0.7341052631578947,2026-10-31,0.0,0,2.18,40.58,0.02,0.44,0.63,-0.19349707409130368,Cai,0.884644
2023,Tombense,Egídio,LE,37.0,177.0,2743,0.7058011695906432,,0.0,0,1.84,48.21,0.02,0.46,0.26,-0.19349707409130368,Cai,0.8870640000000001
2023,Tombense,Roger Carvalho,ZE,36.0,184.0,2351,0.6049356725146199,,0.0,0,4.82,54.76,0.04,0.34,0.5,-0.19349707409130368,Cai,2.639432
2023,Tombense,João Pedro,MED,24.0,185.0,2331,0.5997894736842105,2029-06-30,0.0,0,2.36,44.26,0.03,0.54,1.04,-0.19349707409130368,Cai,1.044536
2023,Tombense,Bruno Silva,VOL,36.0,182.0,2310,0.5943859649122807,,0.0,0,3.66,61.7,0.0,0.12,0.08,-0.19349707409130368,Cai,2.25822
2023,Tombense,Augusto,ZD,26.0,186.0,2308,0.5938713450292398,2026-11-30,0.0,0,4.84,60.48,0.09,0.58,0.9,-0.19349707409130368,Cai,2.9272319999999996
2023,Tombense,Marcelinho,EE,20.0,164.0,1901,0.48914619883040933,,0.0,0,1.56,18.18,0.18,2.98,2.41,-0.19349707409130368,Cai,0.283608
2023,Tombense,Kevin,LD,25.0,175.0,1521,0.3913684210526316,2026-11-30,0.0,0,1.3,50.0,0.08,1.12,0.65,-0.19349707409130368,Cai,0.65
2023,Tombense,Guilherme Santos,LE,35.0,173.0,1519,0.3908538011695906,,0.0,0,2.43,53.66,0.02,0.36,0.53,-0.19349707409130368,Cai,1.303938
2023,Tombense,Kleiton,EE,24.0,182.0,1273,0.32755555555555554,,0.0,0,4.17,45.76,0.11,1.77,2.55,-0.19349707409130368,Cai,1.9081919999999999
2023,Tombense,Bruno Matias,MED,24.0,172.0,1207,0.31057309941520467,2026-12-31,0.0,0,0.97,46.15,0.04,0.52,0.22,-0.19349707409130368,Cai,0.44765499999999997
2023,Tombense,Keké,ED,27.0,177.0,1165,0.299766081871345,2026-09-30,0.0,0,4.79,20.97,0.26,2.47,3.55,-0.19349707409130368,Cai,1.0044629999999999
2023,Tombense,Jáderson,ED,23.0,170.0,1139,0.2930760233918129,2027-12-31,0.0,0,1.9,33.33,0.05,1.82,1.66,-0.19349707409130368,Cai,0.6332699999999999
2023,Tombense,Wesley Marth,ZD,23.0,190.0,1111,0.2858713450292398,2027-12-31,0.0,0,4.29,50.94,0.01,0.08,0.41,-0.19349707409130368,Cai,2.185326
2023,Vila Nova,Dênis Júnior,GOL,25.0,188.0,3808,0.9747062245491565,2026-12-31,0.0,0,0.38,87.5,0.0,0.0,0.0,0.3302481759862095,Meio,0.3325
2023,Vila Nova,Guilherme Parede,EE,27.0,178.0,3202,0.8195927865037812,2027-12-31,0.0,0,1.43,41.18,0.24,3.01,2.92,0.3302481759862095,Meio,0.588874
2023,Vila Nova,Lourenço,MED,25.0,169.0,2817,0.7210471204188481,2026-11-30,0.0,0,2.65,42.17,0.1,2.36,0.58,0.3302481759862095,Meio,1.117505
2023,Vila Nova,Ralf,MED,39.0,182.0,2798,0.7161838278068644,2026-10-31,0.0,0,1.93,51.67,0.01,0.13,0.19,0.3302481759862095,Meio,0.997231
2023,Vila Nova,Léo Duarte,LD,24.0,175.0,2313,0.5920418848167539,,0.0,0,4.55,51.28,0.02,0.58,0.58,0.3302481759862095,Meio,2.33324
2023,Vila Nova,Éverton Brito,ED,28.0,170.0,1466,0.3752414194299011,2026-12-31,0.0,0,2.21,27.78,0.13,1.04,2.09,0.3302481759862095,Meio,0.613938
2023,Vila Nova,Sousa,MED,28.0,183.0,1419,0.36321116928446767,,0.0,0,6.22,40.82,0.07,1.33,0.82,0.3302481759862095,Meio,2.539004
2023,Vila Nova,Juan Christian,ED,22.0,177.0,1139,0.2915415939499709,2027-12-31,0.0,0,1.11,28.57,0.38,3.95,3.4,0.3302481759862095,Meio,0.317127
2023,Vila Nova,Marcelinho,LD,24.0,169.0,1104,0.2825828970331588,,0.0,0,3.42,64.29,0.02,0.98,0.65,0.3302481759862095,Meio,2.198718
2023,Vila Nova,Cristiano,MED,23.0,175.0,1056,0.27029668411867364,2028-12-23,0.0,0,1.7,25.0,0.0,0.34,0.09,0.3302481759862095,Meio,0.425
2023,Vila Nova,Ronald,ED,26.0,162.0,930,0.23804537521815008,2026-10-31,0.0,0,2.03,19.05,0.1,1.35,2.71,0.3302481759862095,Meio,0.3867149999999999
2023,Vitória,Lucas Arcanjo,GOL,25.0,189.0,3619,0.9352080249958888,2028-12-31,0.0,0,0.47,94.74,0.0,0.0,0.0,0.5430094217663612,Sobe,0.4452779999999999
2023,Vitória,Osvaldo,ED,36.0,169.0,2584,0.6677473159959594,2026-12-31,0.0,0,0.87,12.0,0.15,2.05,2.02,0.5430094217663612,Sobe,0.10439999999999999
2023,Vitória,Zeca,LD,29.0,170.0,2214,0.572133342730284,2026-12-31,0.0,0,0.85,57.14,0.02,0.65,0.16,0.5430094217663612,Sobe,0.48569
2023,Vitória,Rodrigo Andrade,VOL,26.0,174.0,2208,0.5705828458665163,2026-11-30,0.0,0,1.83,60.0,0.07,0.69,0.98,0.5430094217663612,Sobe,1.098
2023,Vitória,Matheuzinho,MEI,25.0,165.0,2009,0.5191580332182207,2029-12-31,0.0,0,1.84,34.15,0.06,1.43,1.3,0.5430094217663612,Sobe,0.62836
2023,Vitória,Dudu,MED,24.0,186.0,1854,0.4791035309042216,2026-12-31,0.0,0,2.52,51.92,0.08,0.53,0.58,0.5430094217663612,Sobe,1.308384
2023,Vitória,Railan,LD,23.0,185.0,1532,0.395893532548688,2027-12-31,0.0,0,2.41,46.34,0.04,0.53,0.94,0.5430094217663612,Sobe,1.116794
2023,Vitória,Marcelo,LE,24.0,176.0,1490,0.38504005450231404,,0.0,0,2.48,53.66,0.01,0.24,0.3,0.5430094217663612,Sobe,1.330768
2023,Vitória,Wellington Nem,MEI,31.0,165.0,1477,0.3816806446308173,,0.0,0,2.07,38.24,0.25,2.25,2.07,0.5430094217663612,Sobe,0.791568
2023,Vitória,Mateus Gonçalves,EE,28.0,172.0,1370,0.3540301172269599,,0.0,0,2.1,15.63,0.13,1.71,2.5,0.5430094217663612,Sobe,0.32823
2023,Vitória,Gegé,VOL,29.0,175.0,1267,0.3274132543989476,2026-12-31,0.0,0,2.63,45.95,0.08,2.56,0.64,0.5430094217663612,Sobe,1.208485
2023,Vitória,Iury,CA,27.0,183.0,1160,0.2997627269950901,2028-06-30,0.0,0,4.11,26.42,0.18,1.71,3.26,0.5430094217663612,Sobe,1.085862
2023,Vitória,João Victor,ZD,26.0,188.0,1116,0.28839241666079357,2027-12-31,0.0,0,4.27,66.04,0.18,0.65,0.65,0.5430094217663612,Sobe,2.819908
2023,Vitória,Yan Souto,ZD,21.0,187.0,1017,0.2628092184086264,,0.0,0,4.25,43.75,0.09,0.44,0.71,0.5430094217663612,Sobe,1.859375
2023,Vitória,Giovanni Augusto,MEI,33.0,177.0,986,0.2547983179458266,2027-12-31,0.0,0,1.46,31.25,0.05,1.0,1.37,0.5430094217663612,Sobe,0.45625
2023,Vitória,Felipe,LE,24.0,176.0,960,0.2480794982028332,2026-11-30,0.0,0,3.28,48.57,0.0,0.09,0.38,0.5430094217663612,Sobe,1.5930959999999998
2024,Ceará,E. Pulga,EE,23.0,169.0,3465,0.8820874797500579,2029-12-31,0.1,4,2.47,22.11,0.28,2.34,3.97,0.18345478256664194,Sobe,0.5461170000000001
2024,Chapecoense,Mário Sérgio,CA,28.0,181.0,2212,0.5892381459776239,2026-12-31,0.16,4,8.79,28.24,0.42,1.91,3.01,-0.1086443524692362,Meio,2.4822959999999994
2024,Novorizontino,N. Pessôa,EE,30.0,182.0,2665,0.6924694099305523,2027-04-30,0.14,4,6.75,40.0,0.23,2.09,2.36,0.3963412340840158,Meio,2.7
2024,Novorizontino,Lucca,CA,34.0,178.0,1114,0.2894600085038031,,0.32,4,6.06,25.33,0.31,2.26,2.67,0.3963412340840158,Meio,1.5349979999999999
2024,América-MG,Alê,VOL,34.0,184.0,3124,0.8168096788761855,2026-11-30,0.09,3,1.81,44.44,0.15,0.89,1.04,0.040881277783413106,Meio,0.804364
2024,Avaí,Maurício Garcez,EE,27.0,183.0,2570,0.6763643323683518,2028-12-31,0.11,3,8.12,40.09,0.17,1.75,3.54,-0.036790844825395075,Meio,3.255308
2024,Chapecoense,Bruno Leonardo,ZD,28.0,187.0,2843,0.7573255194459243,,0.09,3,4.75,66.67,0.08,0.44,0.73,-0.1086443524692362,Meio,3.1668250000000002
2024,Novorizontino,Luisão,ZD,20.0,192.0,2956,0.7680823924032693,2028-12-31,0.09,3,4.17,59.85,0.04,0.43,0.24,0.3963412340840158,Meio,2.495745
2024,Novorizontino,Rafael Donato,ZD,35.0,193.0,2579,0.6701233051448009,,0.1,3,7.33,73.33,0.1,0.7,0.8,0.3963412340840158,Meio,5.375089
2024,Ponte Preta,Jeh,CA,24.0,185.0,1638,0.432221076114856,2028-06-30,0.16,3,7.97,24.14,0.39,3.3,4.34,-0.20002465159252303,Cai,1.923958
2024,Vila Nova,Alesson,EE,25.0,173.0,3437,0.9019490898680727,2028-12-31,0.08,3,2.91,29.73,0.36,1.99,2.91,0.1349905938984619,Meio,0.8651430000000001
2024,Vila Nova,Jemmes,ZE,24.0,187.0,3345,0.8778061407066345,2030-12-31,0.08,3,4.71,58.86,0.03,0.27,0.4,0.1349905938984619,Meio,2.772306
2024,Amazonas,Cauan Barros,MED,20.0,175.0,1963,0.5122043788694641,2027-12-31,0.09,2,5.0,52.29,0.13,1.19,0.87,0.11428842155292807,Meio,2.6145
2024,Avaí,Tiago Pagnussat,ZD,34.0,191.0,3296,0.8674306768428357,2026-12-31,0.05,2,5.82,69.48,0.1,0.66,0.87,-0.036790844825395075,Meio,4.043736000000001
2024,Botafogo-SP,Alexandre Jesus,CA,22.0,184.0,2015,0.527989518818485,2029-06-08,0.09,2,7.86,30.11,0.25,1.47,2.68,-0.06581500763510828,Meio,2.3666460000000002
2024,CRB,Anselmo Ramon,CA,36.0,182.0,3188,0.825984548709252,2026-11-30,0.06,2,3.36,43.7,0.27,1.5,2.17,-0.21350572927073252,Meio,1.4683199999999998
2024,CRB,Gegé,MEI,30.0,175.0,2801,0.7257160354249105,2026-12-31,0.06,2,1.8,19.64,0.15,2.73,1.25,-0.21350572927073252,Meio,0.35352000000000006
2024,Ceará,F. Barceló,CA,31.0,180.0,1011,0.25737097894006017,2026-12-31,0.18,2,8.28,35.48,0.31,1.78,3.03,0.18345478256664194,Sobe,2.9377439999999995
2024,Goiás,Marcão,MED,33.0,183.0,3060,0.792410188803616,2026-11-30,0.06,2,3.85,48.09,0.13,0.79,1.06,0.11749536721150822,Meio,1.8514650000000004
2024,Goiás,Edson Felipe,ZE,33.0,183.0,1934,0.5008239559301285,,0.09,2,3.02,60.0,0.05,0.56,0.6,0.11749536721150822,Meio,1.8119999999999998
2024,Guarani,Douglas Bacelar,ZD,34.0,190.0,2438,0.6259306803594352,,0.07,2,4.61,63.2,0.05,0.3,0.37,-0.5843585163982439,Cai,2.91352
2024,Ituano,Yann Rolim,MEI,29.0,173.0,1215,0.3187911458830264,2026-09-30,0.15,2,1.63,18.18,0.2,1.63,1.63,-0.32241815779428873,Cai,0.296334
2024,Mirassol,Luiz Otávio,ZE,31.0,194.0,3047,0.7906071613907628,2026-12-31,0.06,2,4.67,72.15,0.09,0.65,0.77,0.36125256707631914,Sobe,3.3694050000000004
2024,Novorizontino,Waguininho,ED,34.0,177.0,2508,0.6516747767751689,2026-11-30,0.07,2,5.89,51.22,0.14,1.22,1.76,0.3963412340840158,Meio,3.0168579999999996
2024,Paysandu,Nicolas,CA,34.0,180.0,2363,0.6125945652942424,2026-12-31,0.08,2,6.86,45.0,0.24,1.37,2.67,-0.03216267359260172,Meio,3.0869999999999997
2024,Ponte Preta,Gabriel Novaes,CA,25.0,183.0,2175,0.5739199270755871,,0.08,2,4.34,36.19,0.28,1.99,3.02,-0.20002465159252303,Cai,1.5706459999999998
2024,Santos,Guilherme,EE,29.0,180.0,2824,0.7373718192176224,2028-06-30,0.06,2,3.76,44.07,0.34,2.8,3.44,0.03842289319675163,Sobe,1.6570319999999998
2024,Santos,Giuliano,MEI,34.0,172.0,2404,0.6277060387390808,,0.07,2,2.51,29.85,0.25,1.53,2.13,0.03842289319675163,Sobe,0.7492350000000001
2024,Sport,F. Domínguez,MED,26.0,177.0,2949,0.7672059032212288,2030-12-31,0.06,2,2.23,39.73,0.21,1.5,2.44,0.2793206962410859,Sobe,0.885979
2024,Sport,Chrystian Barletta,EE,23.0,178.0,2443,0.6355659618750296,2029-07-31,0.07,2,1.77,22.92,0.21,1.62,2.8,0.2793206962410859,Sobe,0.40568400000000004
2024,Sport,Zé Roberto,CA,30.0,184.0,1323,0.3441890166028097,2026-11-30,0.14,2,9.39,40.58,0.32,1.97,3.27,0.2793206962410859,Sobe,3.810462
2024,Vila Nova,Henrique Almeida,CA,33.0,177.0,2027,0.531932151632989,,0.09,2,3.95,16.85,0.24,1.73,2.62,0.1349905938984619,Meio,0.665575
2024,Amazonas,Matheus Serafim,EE,26.0,178.0,2934,0.7655668097824798,2026-12-31,0.03,1,1.41,26.09,0.2,2.12,3.13,0.11428842155292807,Meio,0.36786899999999995
2024,Amazonas,Erick Varão,MED,28.0,182.0,1665,0.43444742272932135,,0.05,1,4.22,57.69,0.16,1.24,1.95,0.11428842155292807,Meio,2.4345179999999997
2024,América-MG,Éder,ZE,29.0,184.0,2507,0.6554871526704856,2026-12-31,0.04,1,3.59,65.0,0.05,0.39,0.47,0.040881277783413106,Meio,2.3335
2024,América-MG,Fabinho,EE,24.0,180.0,2221,0.5807088017874545,2027-12-31,0.04,1,2.27,23.21,0.28,2.11,3.93,0.040881277783413106,Meio,0.526867
2024,América-MG,Renato Marques,CA,20.0,180.0,1423,0.3720615150578784,2027-12-31,0.06,1,5.38,42.35,0.28,2.85,3.48,0.040881277783413106,Meio,2.2784299999999997
2024,América-MG,Brenner,CA,30.0,182.0,1307,0.3417318342801455,2027-06-30,0.07,1,5.51,35.0,0.48,1.86,3.51,0.040881277783413106,Meio,1.9284999999999999
2024,América-MG,Rodriguinho,EE,21.0,170.0,1183,0.30931045137981034,2027-12-31,0.08,1,1.52,45.0,0.19,1.45,2.66,0.040881277783413106,Meio,0.684
2024,Avaí,Mário Sérgio,LE,30.0,179.0,2843,0.7482115941335503,2026-11-30,0.03,1,3.7,47.86,0.08,0.51,0.98,-0.036790844825395075,Meio,1.7708199999999998
2024,Avaí,Jonathan Costa,ZD,29.0,186.0,1090,0.28686269349474847,2026-11-30,0.08,1,3.8,60.87,0.09,0.5,0.74,-0.036790844825395075,Meio,2.3130599999999997
2024,Botafogo-SP,Bernardo Schappo,ZE,25.0,191.0,2563,0.6715817055740829,2028-06-30,0.04,1,5.76,65.85,0.04,0.35,0.49,-0.06581500763510828,Meio,3.7929599999999994
2024,Botafogo-SP,Lucas Dias,ZD,28.0,191.0,1386,0.3631729394949976,2026-11-30,0.06,1,4.48,43.48,0.03,0.45,0.91,-0.06581500763510828,Meio,1.947904
2024,Brusque,Guilherme Queiróz,CA,34.0,179.0,1410,0.3750181343391847,2026-12-31,0.06,1,4.72,16.22,0.14,1.34,1.79,-0.23983179110346897,Cai,0.7655839999999999
2024,CRB,Saimon,ZD,33.0,185.0,2271,0.5883973996608254,2026-10-30,0.04,1,5.19,57.25,0.04,0.2,0.36,-0.21350572927073252,Meio,2.971275
2024,CRB,F. Labandeira,ED,28.0,173.0,1205,0.31220557753909933,2026-12-31,0.07,1,3.36,42.22,0.25,1.12,3.06,-0.21350572927073252,Meio,1.4185919999999999
2024,CRB,Rômulo,VOL,28.0,185.0,1056,0.2736009044657999,2028-06-30,0.09,1,2.98,51.43,0.06,0.94,0.77,-0.21350572927073252,Meio,1.5326140000000001
2024,Ceará,David Ricardo,ZE,21.0,188.0,3218,0.8192085165470956,2030-06-30,0.03,1,5.2,68.28,0.03,0.34,0.5,0.18345478256664194,Sobe,3.5505600000000004
2024,Ceará,Saulo Mineiro,CA,27.0,184.0,2471,0.6290442027308494,2026-12-31,0.04,1,5.86,31.68,0.45,2.91,4.04,0.18345478256664194,Sobe,1.856448
2024,Ceará,Ramon Menezes,ZD,29.0,186.0,1176,0.2993751446424439,2026-12-31,0.08,1,4.52,76.27,0.03,0.23,0.61,0.18345478256664194,Sobe,3.4474039999999997
2024,Chapecoense,Rafael Carvalheira,MED,25.0,176.0,2909,0.7749067661161427,2026-11-30,0.03,1,1.64,35.85,0.1,1.21,0.93,-0.1086443524692362,Meio,0.58794
2024,Chapecoense,João Paulo,ZE,27.0,187.0,1153,0.30713905167820993,2026-12-31,0.08,1,3.04,66.67,0.06,0.23,0.23,-0.1086443524692362,Meio,2.026768
2024,Chapecoense,Habraão,ZE,23.0,187.0,1041,0.27730420884389984,2028-02-28,0.09,1,5.62,58.46,0.14,1.3,1.47,-0.1086443524692362,Meio,3.2854520000000003
2024,Coritiba,Bruno Melo,ZE,31.0,186.0,3472,0.9124181757370156,2026-12-31,0.03,1,2.9,58.04,0.06,0.31,0.62,-0.2531709005052454,Meio,1.68316
2024,Coritiba,Matheus Frizzo,MEI,25.0,182.0,2382,0.6259735295522958,,0.04,1,2.23,28.81,0.25,2.38,1.74,-0.2531709005052454,Meio,0.6424629999999999
2024,Coritiba,Zé Gabriel,VOL,25.0,184.0,1293,0.33979167662095655,2026-11-30,0.07,1,2.02,55.17,0.03,0.56,0.42,-0.2531709005052454,Meio,1.1144340000000001
2024,Goiás,Lucas Ribeiro,ZE,25.0,190.0,2850,0.7380290974151326,2026-12-31,0.03,1,2.56,61.73,0.07,0.16,0.19,0.11749536721150822,Meio,1.580288
2024,Goiás,Paulo Baya,EE,24.0,185.0,2169,0.5616789867696219,2026-12-31,0.04,1,1.83,38.64,0.17,2.78,1.66,0.11749536721150822,Meio,0.7071120000000001
2024,Goiás,Sander,LE,33.0,176.0,2070,0.5360421865436226,2026-11-30,0.04,1,2.22,43.14,0.05,0.7,0.7,0.11749536721150822,Meio,0.9577080000000001
2024,Goiás,Luiz Henrique,LE,25.0,177.0,1407,0.3643533123028391,2026-11-30,0.06,1,1.98,45.16,0.04,0.83,0.9,0.11749536721150822,Meio,0.894168
2024,Goiás,Breno Herculano,CA,25.0,189.0,1276,0.33042986957954706,2026-12-31,0.07,1,12.27,37.36,0.37,2.33,3.24,0.11749536721150822,Meio,4.584072
2024,Guarani,Matheus Bueno,MED,25.0,178.0,3348,0.8595635430038511,2027-06-30,0.03,1,2.04,61.84,0.03,0.97,0.38,-0.5843585163982439,Cai,1.2615360000000002
2024,Guarani,Gabriel Bispo,MED,27.0,177.0,1612,0.41386392811296535,,0.06,1,4.35,50.0,0.05,1.4,0.78,-0.5843585163982439,Cai,2.175
2024,Guarani,Anderson Leite,MED,31.0,183.0,1211,0.3109114249037227,,0.07,1,4.38,49.15,0.05,1.26,1.41,-0.5843585163982439,Cai,2.15277
2024,Ituano,Vinícius Paiva,EE,23.0,174.0,2660,0.6979295868714817,2026-12-31,0.03,1,0.98,20.69,0.16,1.32,2.23,-0.32241815779428873,Cai,0.202762
2024,Ituano,Thonny Anderson,CA,26.0,184.0,2369,0.6215771395859173,,0.04,1,7.75,32.84,0.33,2.43,2.17,-0.32241815779428873,Cai,2.5451
2024,Ituano,Salatiel,CA,31.0,187.0,981,0.25739433260185096,2027-03-30,0.09,1,5.87,25.0,0.24,1.28,3.03,-0.32241815779428873,Cai,1.4675
2024,Mirassol,João Victor,ZD,26.0,188.0,3525,0.9146341463414634,2027-12-31,0.03,1,3.57,63.57,0.03,0.28,0.33,0.36125256707631914,Sobe,2.269449
2024,Mirassol,Lucas Ramon,LD,30.0,178.0,3460,0.8977685521536066,2027-12-31,0.03,1,2.89,54.05,0.02,0.31,0.7,0.36125256707631914,Sobe,1.562045
2024,Mirassol,Dellatorre,CA,32.0,181.0,2828,0.7337830825116762,2027-11-30,0.03,1,3.28,38.83,0.45,2.45,3.31,0.36125256707631914,Sobe,1.2736239999999999
2024,Novorizontino,Patrick,ZE,25.0,183.0,2339,0.60776208248689,2027-12-31,0.04,1,7.58,65.48,0.05,0.31,0.54,0.3963412340840158,Meio,4.9633840000000005
2024,Novorizontino,Renato Palm,ZD,32.0,190.0,1843,0.47888222232720745,2026-11-30,0.05,1,5.86,68.33,0.05,0.54,0.44,0.3963412340840158,Meio,4.004138
2024,Novorizontino,Fabrício Daniel,ED,26.0,182.0,1235,0.32090045826049984,2026-11-30,0.07,1,2.7,29.73,0.2,2.62,1.53,0.3963412340840158,Meio,0.80271
2024,Operário-PR,Willian Machado,ZE,27.0,186.0,3431,0.9205571003463584,2028-12-31,0.03,1,4.83,69.57,0.04,0.55,0.47,0.16606984111002765,Meio,3.360231
2024,Paysandu,João Vieira,VOL,26.0,173.0,3364,0.8720982300676392,2027-12-31,0.03,1,1.12,35.71,0.09,0.86,0.91,-0.03216267359260172,Meio,0.39995200000000003
2024,Paysandu,Lucas Maia,ZE,31.0,192.0,2775,0.7194032664796964,,0.03,1,4.15,59.38,0.1,0.49,0.62,-0.03216267359260172,Meio,2.4642700000000004
2024,Paysandu,Kevyn,LE,26.0,178.0,2407,0.6240013197897764,2026-11-30,0.04,1,3.37,48.89,0.06,0.37,0.71,-0.03216267359260172,Meio,1.6475929999999999
2024,Paysandu,Y. Quintana,ZD,28.0,196.0,2143,0.5555607928165728,,0.04,1,5.75,68.61,0.03,0.21,0.38,-0.03216267359260172,Meio,3.945075
2024,Paysandu,Ruan Ribeiro,CA,20.0,178.0,1235,0.32016685913600906,2027-06-30,0.07,1,4.01,20.0,0.11,0.8,2.4,-0.03216267359260172,Meio,0.8019999999999999
2024,Ponte Preta,Castro,VOL,29.0,191.0,2522,0.6654832441768418,,0.04,1,5.57,50.0,0.09,0.89,1.0,-0.20002465159252303,Cai,2.785
2024,Ponte Preta,Sérgio Raphael,ZE,31.0,188.0,2087,0.5506992587617243,,0.04,1,3.75,57.47,0.04,0.17,0.39,-0.20002465159252303,Cai,2.155125
2024,Ponte Preta,Mateus Silva,ZD,29.0,192.0,1966,0.5187708398301629,2026-11-30,0.05,1,2.66,63.79,0.04,0.37,0.46,-0.20002465159252303,Cai,1.696814
2024,Santos,Gil,ZE,37.0,192.0,3417,0.8922094568932776,,0.03,1,3.87,68.03,0.06,0.47,0.76,0.03842289319675163,Sobe,2.632761
2024,Santos,Diego Pituca,MED,31.0,178.0,3416,0.8919483478921382,2027-12-31,0.03,1,1.79,54.41,0.08,1.45,0.63,0.03842289319675163,Sobe,0.973939
2024,Santos,W. Silva,CA,23.0,180.0,1359,0.3548471325484238,2029-06-30,0.07,1,6.89,18.27,0.16,1.26,2.38,0.03842289319675163,Sobe,1.258803
2024,Santos,Julio Furch,CA,34.0,188.0,1314,0.34309722749715155,,0.07,1,10.14,41.22,0.32,1.64,3.22,0.03842289319675163,Sobe,4.179708
2024,Santos,Willian,CA,37.0,171.0,1150,0.3002753513102924,2026-11-30,0.08,1,1.96,20.0,0.28,1.8,2.9,0.03842289319675163,Sobe,0.392
2024,Sport,Gustavo Coutinho,CA,25.0,186.0,2327,0.6053876354004067,2027-12-31,0.04,1,7.89,31.37,0.4,2.09,3.44,0.2793206962410859,Sobe,2.4750929999999998
2024,Sport,Rafael Thyere,ZD,31.0,189.0,2292,0.5962821058606499,2026-12-31,0.04,1,4.2,54.21,0.05,0.24,0.39,0.2793206962410859,Sobe,2.2768200000000003
2024,Sport,Luciano Castán,ZE,34.0,187.0,1936,0.50366586254198,2026-12-31,0.05,1,3.67,55.7,0.04,0.33,0.46,0.2793206962410859,Sobe,2.04419
2024,Vila Nova,Elias,LD,25.0,181.0,2943,0.7723119498055682,2026-12-31,0.03,1,5.66,58.92,0.06,0.73,1.44,0.1349905938984619,Meio,3.3348720000000003
2024,Vila Nova,Igor Henrique,MED,32.0,183.0,1916,0.5028031586229931,2026-11-30,0.05,1,3.66,41.03,0.09,1.46,1.74,0.1349905938984619,Meio,1.5016980000000002
2024,Amazonas,Marcão,GOL,32.0,195.0,3436,0.8965533600588277,,0.0,0,0.52,80.0,0.0,0.0,0.0,0.11428842155292807,Meio,0.41600000000000004
2024,Amazonas,Fabiano,LE,34.0,180.0,3235,0.8441065540716844,,0.0,0,3.56,59.38,0.01,0.33,0.45,0.11428842155292807,Meio,2.113928
2024,Amazonas,Enio,ED,23.0,168.0,2843,0.741822235927604,2028-12-31,0.0,0,2.09,16.67,0.12,1.23,2.25,0.11428842155292807,Meio,0.348403
2024,Amazonas,Alexis Alvariño,ZD,23.0,182.0,2789,0.7277320492444909,2026-12-31,0.0,0,2.94,43.96,0.07,0.45,0.48,0.11428842155292807,Meio,1.292424
2024,Amazonas,Miranda,ZD,24.0,181.0,2685,0.700595393410347,2026-11-30,0.0,0,4.29,52.34,0.07,0.5,0.5,0.11428842155292807,Meio,2.245386
2024,Amazonas,Ezequiel,LD,31.0,178.0,2387,0.6228384372702043,,0.0,0,1.73,43.48,0.01,0.26,0.57,0.11428842155292807,Meio,0.752204
2024,Amazonas,D. Torres,CA,33.0,174.0,2103,0.5487344924923501,,0.0,0,1.5,34.29,0.1,1.54,0.6,0.11428842155292807,Meio,0.51435
2024,Amazonas,Sassá,CA,30.0,174.0,1612,0.4206181654292288,,0.0,0,2.51,28.89,0.26,2.18,2.51,0.11428842155292807,Meio,0.725139
2024,Amazonas,Rafael Tavares,MEI,33.0,175.0,1528,0.3987000972554973,2026-12-31,0.0,0,3.3,44.64,0.09,1.88,1.59,0.11428842155292807,Meio,1.4731199999999998
2024,Amazonas,J. Jiménez,MED,31.0,181.0,1461,0.3812178285931162,2026-11-30,0.0,0,2.71,50.0,0.03,0.68,0.43,0.11428842155292807,Meio,1.355
2024,Amazonas,Diogo Silva,ZE,29.0,187.0,1364,0.3559076784401167,,0.0,0,3.17,52.08,0.07,0.53,0.86,0.11428842155292807,Meio,1.6509359999999997
2024,Amazonas,Renan Castro,LE,28.0,175.0,1120,0.292240908983087,,0.0,0,2.09,53.85,0.0,0.4,0.16,0.11428842155292807,Meio,1.125465
2024,Amazonas,Luan Silva,CA,31.0,,962,0.25101406646583013,,0.0,0,6.46,24.64,0.37,1.96,1.87,0.11428842155292807,Meio,1.5917439999999998
2024,Amazonas,Guilherme Xavier,VOL,29.0,170.0,922,0.24057689114500558,,0.0,0,1.46,53.33,0.01,0.88,0.1,0.11428842155292807,Meio,0.778618
2024,América-MG,Juninho,MED,36.0,170.0,3466,0.9062299446174324,2026-12-31,0.0,0,1.58,29.51,0.11,0.83,2.36,0.040881277783413106,Meio,0.46625800000000006
2024,América-MG,Ricardo Silva,ZD,31.0,190.0,3087,0.80713555655915,2026-11-30,0.0,0,4.37,72.0,0.03,0.26,0.32,0.040881277783413106,Meio,3.1464
2024,América-MG,Marlon,LE,30.0,177.0,2798,0.7315728173801431,2026-12-31,0.0,0,2.06,46.88,0.03,0.68,1.09,0.040881277783413106,Meio,0.965728
2024,América-MG,Mateus Henrique,LD,21.0,178.0,2585,0.6758812483658577,,0.0,0,1.78,64.71,0.03,0.59,0.63,0.040881277783413106,Meio,1.151838
2024,América-MG,Elias,GOL,29.0,186.0,2211,0.5780941741342017,2026-11-30,0.0,0,0.41,100.0,0.0,0.0,0.0,0.040881277783413106,Meio,0.41
2024,América-MG,Adyson,ED,18.0,168.0,1780,0.46540372227900456,2027-06-30,0.0,0,1.52,30.0,0.19,2.48,2.02,0.040881277783413106,Meio,0.456
2024,América-MG,Dalberson,GOL,27.0,191.0,1520,0.3974234032944309,2026-12-31,0.0,0,0.3,100.0,0.0,0.0,0.0,0.040881277783413106,Meio,0.3
2024,América-MG,Lucão,ZE,28.0,187.0,1514,0.3958546267024792,,0.0,0,4.28,70.83,0.06,0.36,0.36,0.040881277783413106,Meio,3.031524
2024,América-MG,Moisés,VOL,36.0,184.0,1450,0.379121009721661,,0.0,0,2.73,45.45,0.24,1.92,1.43,0.040881277783413106,Meio,1.240785
2024,América-MG,F. Elizari,MED,33.0,173.0,1299,0.3396401321575432,2026-11-30,0.0,0,0.76,0.0,0.12,0.9,1.73,0.040881277783413106,Meio,0.0
2024,América-MG,Daniel Borges,LD,31.0,174.0,1138,0.2975446269401726,2026-12-31,0.0,0,2.77,54.29,0.09,1.11,0.63,0.040881277783413106,Meio,1.503833
2024,América-MG,Felipe Amaral,VOL,21.0,174.0,1017,0.26590763233581327,2027-12-31,0.0,0,2.74,25.81,0.03,1.15,0.35,0.040881277783413106,Meio,0.7071940000000001
2024,América-MG,Nicolas,LE,27.0,181.0,974,0.2546647334268261,2026-11-30,0.0,0,2.13,39.13,0.08,1.11,0.83,0.040881277783413106,Meio,0.833469
2024,Avaí,César Augusto,GOL,29.0,192.0,3686,0.9700696222216906,2027-12-31,0.0,0,0.56,95.65,0.0,0.0,0.0,-0.036790844825395075,Meio,0.5356400000000001
2024,Avaí,Marcos Vinicius,LD,27.0,176.0,3463,0.9113811996076274,2026-12-31,0.0,0,3.07,61.86,0.02,0.62,0.65,-0.036790844825395075,Meio,1.8991019999999998
2024,Avaí,Vilar,ZE,24.0,190.0,2541,0.6687322056606934,2026-11-30,0.0,0,4.92,66.19,0.04,0.21,0.28,-0.036790844825395075,Meio,3.2565479999999996
2024,Avaí,Giovanni,CA,30.0,174.0,2528,0.6653109074813982,,0.0,0,1.53,30.23,0.15,2.49,1.17,-0.036790844825395075,Meio,0.462519
2024,Avaí,Willian Maranhão,MED,28.0,179.0,2458,0.6468885326698088,2027-11-30,0.0,0,2.97,53.09,0.05,0.66,0.33,-0.036790844825395075,Meio,1.5767730000000002
2024,Avaí,Pedro Castro,ED,31.0,180.0,2137,0.5624087853195205,2026-11-30,0.0,0,2.7,37.5,0.1,1.09,0.67,-0.036790844825395075,Meio,1.0125
2024,Avaí,Zé Ricardo,MED,28.0,176.0,1993,0.5245113285642511,2026-12-31,0.0,0,1.9,35.71,0.01,0.36,0.09,-0.036790844825395075,Meio,0.67849
2024,Avaí,Vágner Love,CA,40.0,172.0,1649,0.43397851520444053,,0.0,0,4.04,37.84,0.23,1.47,2.51,-0.036790844825395075,Meio,1.528736
2024,Avaí,Hygor,CA,31.0,186.0,1510,0.3973969423642845,2026-11-30,0.0,0,5.6,37.23,0.43,1.73,3.52,-0.036790844825395075,Meio,2.0848799999999996
2024,Avaí,João Paulo,ED,34.0,169.0,1137,0.29923200229681557,2026-10-31,0.0,0,1.9,29.17,0.19,1.5,1.42,-0.036790844825395075,Meio,0.55423
2024,Avaí,Rodrigo Santos,MED,23.0,,1048,0.2758092686077948,2028-12-31,0.0,0,1.98,56.52,0.08,1.2,0.94,-0.036790844825395075,Meio,1.119096
2024,Avaí,William Pottker,ED,30.0,182.0,1046,0.2752829150417494,2026-11-30,0.0,0,3.44,37.5,0.14,1.63,2.15,-0.036790844825395075,Meio,1.29
2024,Botafogo-SP,Douglas Baggio,ED,29.0,172.0,2934,0.7687946641257741,2026-11-30,0.0,0,2.98,25.77,0.13,1.72,1.6,-0.06581500763510828,Meio,0.767946
2024,Botafogo-SP,Emerson Negueba,LD,23.0,175.0,2618,0.6859933301572178,2026-12-31,0.0,0,2.3,37.31,0.09,1.31,1.51,-0.06581500763510828,Meio,0.8581300000000001
2024,Botafogo-SP,Gustavo Bochecha,MED,28.0,173.0,2417,0.6333253930443068,,0.0,0,0.82,40.91,0.07,0.71,1.23,-0.06581500763510828,Meio,0.3354619999999999
2024,Botafogo-SP,João Carlos,GOL,36.0,191.0,2222,0.582229633158647,2026-12-31,0.0,0,0.53,84.62,0.0,0.0,0.0,-0.06581500763510828,Meio,0.44848600000000005
2024,Botafogo-SP,Patrick Brey,LE,27.0,177.0,2198,0.5759409242496427,2026-11-30,0.0,0,3.48,38.82,0.06,0.61,1.68,-0.06581500763510828,Meio,1.3509360000000001
2024,Botafogo-SP,João Costa,VOL,19.0,,2186,0.5727965697951405,,0.0,0,1.69,58.54,0.04,0.78,0.33,-0.06581500763510828,Meio,0.9893259999999999
2024,Botafogo-SP,Jean Victor,LE,30.0,181.0,2182,0.5717484516436399,2026-10-30,0.0,0,2.56,48.39,0.03,1.24,0.54,-0.06581500763510828,Meio,1.2387839999999999
2024,Botafogo-SP,Fábio Sanches,ZD,33.0,186.0,1871,0.49025726536445924,,0.0,0,3.7,45.45,0.02,0.14,0.34,-0.06581500763510828,Meio,1.6816500000000003
2024,Botafogo-SP,Matheus Costa,ZD,29.0,188.0,1775,0.4651024297284421,,0.0,0,3.85,56.58,0.04,0.46,0.81,-0.06581500763510828,Meio,2.17833
2024,Botafogo-SP,Wallison,LD,22.0,177.0,1460,0.3825631252977608,2026-11-30,0.0,0,2.47,50.0,0.03,0.86,0.68,-0.06581500763510828,Meio,1.235
2024,Botafogo-SP,Alex Sandro,CA,28.0,175.0,1382,0.3621248213434969,,0.0,0,3.19,28.57,0.35,1.95,2.54,-0.06581500763510828,Meio,0.911383
2024,Botafogo-SP,Ericson,LD,25.0,184.0,1300,0.34063839923773226,2026-11-30,0.0,0,3.53,58.82,0.02,0.21,0.35,-0.06581500763510828,Meio,2.0763459999999996
2024,Botafogo-SP,S. Abdulai,MED,25.0,187.0,1275,0.3340876607908528,2028-06-30,0.0,0,2.82,57.5,0.08,1.34,0.28,-0.06581500763510828,Meio,1.6214999999999997
2024,Botafogo-SP,Victor Andrade,EE,28.0,178.0,1263,0.3309433063363506,2026-11-30,0.0,0,2.21,19.35,0.18,1.71,2.21,-0.06581500763510828,Meio,0.427635
2024,Botafogo-SP,Matheus Barbosa,MED,29.0,184.0,1184,0.31024297284421154,2026-10-31,0.0,0,2.66,65.71,0.13,0.84,0.91,-0.06581500763510828,Meio,1.747886
2024,Botafogo-SP,Carlos Manuel,MED,23.0,175.0,1024,0.2683182467841829,,0.0,0,1.49,23.53,0.03,0.79,0.35,-0.06581500763510828,Meio,0.350597
2024,Botafogo-SP,Raphael,ZD,25.0,185.0,959,0.25128632682229635,,0.0,0,3.0,75.0,0.03,0.19,0.28,-0.06581500763510828,Meio,2.25
2024,Brusque,Matheus Nogueira,GOL,37.0,190.0,3704,0.9851540209874752,,0.0,0,0.66,92.59,0.0,0.0,0.0,-0.23983179110346897,Cai,0.611094
2024,Brusque,Wallace,ZE,36.0,186.0,3333,0.8864790367039025,2026-12-31,0.0,0,3.11,49.57,0.01,0.08,0.32,-0.23983179110346897,Cai,1.541627
2024,Brusque,Rodolfo Potiguar,VOL,36.0,179.0,2961,0.7875380821122878,2026-09-30,0.0,0,2.98,44.9,0.04,0.91,0.09,-0.23983179110346897,Cai,1.33802
2024,Brusque,Marcos Serrato,MED,30.0,175.0,2488,0.6617341264084337,2026-11-30,0.0,0,2.53,51.43,0.09,1.01,0.83,-0.23983179110346897,Cai,1.3011789999999999
2024,Brusque,Ianson,ZD,29.0,187.0,2302,0.6122636491126263,2027-11-30,0.0,0,2.97,63.16,0.05,0.23,0.31,-0.23983179110346897,Cai,1.875852
2024,Brusque,Mateus Pivô,LD,26.0,180.0,2291,0.6093379757241646,2027-06-30,0.0,0,4.6,56.41,0.03,0.47,0.86,-0.23983179110346897,Cai,2.5948599999999997
2024,Brusque,Diego Mathias,ED,25.0,182.0,2067,0.5497606267227622,2029-12-31,0.0,0,2.87,28.79,0.11,1.87,1.61,-0.23983179110346897,Cai,0.826273
2024,Brusque,Paulinho Moccelin,EE,30.0,169.0,1859,0.49443880265003143,2026-11-30,0.0,0,2.37,30.61,0.05,0.97,2.03,-0.23983179110346897,Cai,0.725457
2024,Brusque,Dentinho,ED,27.0,183.0,1800,0.47874655447555486,,0.0,0,2.4,18.75,0.13,1.8,1.45,-0.23983179110346897,Cai,0.45
2024,Brusque,Éverton Alemão,ZD,31.0,185.0,1675,0.445500265970308,,0.0,0,4.57,62.35,0.06,0.16,0.21,-0.23983179110346897,Cai,2.849395
2024,Brusque,Dionísio,MED,30.0,172.0,1250,0.3324628850524687,2026-12-31,0.0,0,1.08,26.67,0.07,1.73,0.79,-0.23983179110346897,Cai,0.288036
2024,Brusque,Alex Ruan,LE,31.0,175.0,1205,0.3204942211905798,,0.0,0,2.39,40.63,0.1,0.97,0.9,-0.23983179110346897,Cai,0.9710570000000002
2024,Brusque,A. González,CA,27.0,174.0,1104,0.2936312200783403,2026-12-31,0.0,0,1.88,34.78,0.07,1.71,1.22,-0.23983179110346897,Cai,0.653864
2024,Brusque,Diego Tavares,ED,33.0,175.0,1101,0.2928333091542144,2026-11-30,0.0,0,1.96,41.67,0.11,1.31,1.8,-0.23983179110346897,Cai,0.8167320000000001
2024,Brusque,Jhan Torres,LE,23.0,186.0,1035,0.27527926882344406,2026-11-30,0.0,0,4.35,56.0,0.02,0.52,0.17,-0.23983179110346897,Cai,2.4359999999999995
2024,Brusque,Paulinho,MED,25.0,,946,0.2516079114077083,,0.0,0,2.38,52.0,0.08,1.43,0.38,-0.23983179110346897,Cai,1.2375999999999998
2024,CRB,Matheus Albino,GOL,29.0,187.0,3649,0.9454258526474468,2028-12-31,0.0,0,0.67,88.89,0.0,0.0,0.0,-0.21350572927073252,Meio,0.5955630000000001
2024,CRB,Léo Pereira,EE,24.0,172.0,3128,0.8104390427736952,2028-12-31,0.0,0,2.24,26.92,0.14,2.13,2.65,-0.21350572927073252,Meio,0.6030080000000001
2024,CRB,Hereda,LD,25.0,177.0,3078,0.7974844544940645,2026-12-31,0.0,0,3.77,54.26,0.02,0.64,0.99,-0.21350572927073252,Meio,2.0456019999999997
2024,CRB,Falcão,VOL,26.0,183.0,2768,0.7171660071603543,,0.0,0,3.25,53.0,0.02,0.55,0.13,-0.21350572927073252,Meio,1.7225
2024,CRB,João Pedro,VOL,24.0,185.0,2732,0.7078387035990202,2029-06-30,0.0,0,2.17,50.0,0.05,0.63,0.79,-0.21350572927073252,Meio,1.085
2024,CRB,Fabio Alemão,ZE,27.0,184.0,1588,0.4114377237610703,2026-11-30,0.0,0,2.61,63.04,0.02,0.17,0.28,-0.21350572927073252,Meio,1.6453439999999997
2024,CRB,Gustavo Henrique,ZD,24.0,192.0,1532,0.39692858488788396,2028-12-31,0.0,0,3.7,66.67,0.03,0.23,0.35,-0.21350572927073252,Meio,2.4667900000000005
2024,CRB,Willian Formiga,LE,29.0,185.0,1469,0.3806058036555493,2026-12-31,0.0,0,5.39,56.82,0.03,0.49,0.86,-0.21350572927073252,Meio,3.062598
2024,CRB,Matheus Ribeiro,LD,31.0,178.0,1278,0.3311192764273601,2026-11-30,0.0,0,1.69,37.5,0.04,0.7,0.85,-0.21350572927073252,Meio,0.63375
2024,CRB,Ryan,LE,22.0,172.0,1278,0.3311192764273601,2026-11-30,0.0,0,2.61,45.95,0.05,0.63,0.49,-0.21350572927073252,Meio,1.199295
2024,CRB,L. Segovia,ZE,26.0,182.0,1229,0.31842377991332205,2026-12-31,0.0,0,4.83,53.03,0.07,0.44,0.51,-0.21350572927073252,Meio,2.5613490000000003
2024,CRB,Kleiton,ED,25.0,182.0,1123,0.290960052760505,,0.0,0,4.25,33.96,0.1,1.36,2.64,-0.21350572927073252,Meio,1.4433
2024,CRB,Mike,ED,31.0,174.0,1069,0.2769690974185039,,0.0,0,3.96,34.04,0.25,1.68,2.69,-0.21350572927073252,Meio,1.3479839999999998
2024,Ceará,Matheus Bahia,LE,24.0,181.0,3056,0.7779680629483916,2027-12-31,0.0,0,1.47,56.0,0.02,0.62,1.03,0.18345478256664194,Sobe,0.8231999999999999
2024,Ceará,Aylon,CA,32.0,180.0,2892,0.7362184679472344,2026-11-30,0.0,0,7.28,28.21,0.33,2.12,2.4,0.18345478256664194,Sobe,2.053688
2024,Ceará,Rafael Ramos,LD,29.0,168.0,2678,0.681740337884749,2026-12-31,0.0,0,2.69,45.0,0.01,0.37,0.37,0.18345478256664194,Sobe,1.2105
2024,Ceará,Patrick De Lucca,MED,24.0,180.0,2617,0.6662115251099283,2026-11-30,0.0,0,2.61,53.95,0.01,0.24,0.48,0.18345478256664194,Sobe,1.408095
2024,Ceará,Lourenço,VOL,26.0,169.0,2552,0.6496644295302013,2026-11-30,0.0,0,2.64,57.33,0.12,1.73,0.67,0.18345478256664194,Sobe,1.513512
2024,Ceará,Richard,GOL,33.0,186.0,2533,0.6448275862068966,2026-12-31,0.0,0,0.43,100.0,0.0,0.0,0.0,0.18345478256664194,Sobe,0.43
2024,Ceará,Matheus Felipe,ZD,25.0,186.0,1983,0.5048137005322842,2027-12-31,0.0,0,3.72,51.22,0.02,0.32,0.41,0.18345478256664194,Sobe,1.905384
2024,Ceará,Lucas Mugni,MED,32.0,183.0,1931,0.4915760240685027,2027-12-31,0.0,0,2.05,31.82,0.05,0.56,1.68,0.18345478256664194,Sobe,0.65231
2024,Ceará,Richardson,VOL,32.0,174.0,1683,0.42844249016431385,2026-12-31,0.0,0,1.98,51.35,0.05,0.8,0.7,0.18345478256664194,Sobe,1.01673
2024,Ceará,Bruno Ferreira,GOL,30.0,197.0,1339,0.3408701689423745,2027-12-31,0.0,0,0.27,100.0,0.0,0.0,0.0,0.18345478256664194,Sobe,0.27
2024,Ceará,Raí Ramos,LD,30.0,179.0,1298,0.33043277019208517,2027-12-31,0.0,0,2.43,34.29,0.15,0.9,0.76,0.18345478256664194,Sobe,0.8332470000000001
2024,Ceará,J. Recalde,MEI,32.0,178.0,1282,0.3263596389724601,,0.0,0,7.72,40.91,0.17,2.11,1.54,0.18345478256664194,Sobe,3.158251999999999
2024,Ceará,Tchoca,ZD,20.0,192.0,904,0.2301319139088174,2030-12-31,0.0,0,5.77,63.79,0.04,0.2,0.4,0.18345478256664194,Sobe,3.6806829999999997
2024,Chapecoense,Marcinho,EE,29.0,176.0,2702,0.7197655833777304,2026-11-30,0.0,0,2.96,35.96,0.11,1.4,2.23,-0.1086443524692362,Meio,1.064416
2024,Chapecoense,Mancha,LE,23.0,178.0,2483,0.661427810335642,,0.0,0,2.43,52.24,0.04,0.65,0.47,-0.1086443524692362,Meio,1.2694320000000001
2024,Chapecoense,Foguinho,MED,32.0,180.0,2423,0.6454448588172615,2026-11-30,0.0,0,1.86,24.0,0.06,1.04,0.89,-0.1086443524692362,Meio,0.4464
2024,Chapecoense,Eduardo Doma,ZE,25.0,187.0,2048,0.5455514118273841,2027-12-31,0.0,0,5.54,65.87,0.03,0.31,0.53,-0.1086443524692362,Meio,3.649198
2024,Chapecoense,Marcelinho,LD,25.0,169.0,1988,0.5295684603090037,,0.0,0,3.49,63.64,0.09,1.49,1.36,-0.1086443524692362,Meio,2.2210360000000002
2024,Chapecoense,Matheus Cavichioli,GOL,37.0,192.0,1945,0.5181140117208312,2026-09-30,0.0,0,0.42,88.89,0.0,0.0,0.0,-0.1086443524692362,Meio,0.37333799999999995
2024,Chapecoense,Tárik,VOL,31.0,183.0,1821,0.485082578582845,2026-11-30,0.0,0,3.16,59.38,0.03,0.59,0.49,-0.1086443524692362,Meio,1.876408
2024,Chapecoense,Thomás Bedinelli,MEI,31.0,180.0,1618,0.431006925945658,,0.0,0,1.39,24.0,0.04,1.06,0.78,-0.1086443524692362,Meio,0.3336
2024,Chapecoense,Léo Vieira,GOL,33.0,193.0,1524,0.40596696856686204,2026-12-31,0.0,0,0.53,100.0,0.0,0.0,0.0,-0.1086443524692362,Meio,0.53
2024,Chapecoense,Giovanni Augusto,MEI,34.0,177.0,1508,0.40170484816196056,2027-12-31,0.0,0,1.73,44.83,0.1,1.01,1.73,-0.1086443524692362,Meio,0.7755589999999999
2024,Chapecoense,Maílton,LD,26.0,169.0,1386,0.3692061800745871,2027-12-31,0.0,0,2.53,33.33,0.13,2.53,1.49,-0.1086443524692362,Meio,0.8432489999999998
2024,Chapecoense,Marlone,MEI,32.0,180.0,1208,0.3217900905700586,2027-05-15,0.0,0,2.83,57.89,0.1,1.94,0.6,-0.1086443524692362,Meio,1.638287
2024,Chapecoense,Auremir,VOL,32.0,174.0,951,0.25332978156632924,2026-11-30,0.0,0,3.22,67.65,0.03,0.28,0.28,-0.1086443524692362,Meio,2.1783300000000003
2024,Coritiba,Pedro Morisco,GOL,20.0,190.0,3621,0.9515743704907066,2027-12-31,0.0,0,0.7,89.29,0.0,0.0,0.0,-0.2531709005052454,Meio,0.62503
2024,Coritiba,Natanael,LD,22.0,172.0,3443,0.9047971713889817,2028-12-31,0.0,0,3.37,48.06,0.06,0.6,1.28,-0.2531709005052454,Meio,1.6196220000000003
2024,Coritiba,Lucas Ronier,ED,19.0,165.0,3182,0.8362081322566773,2027-12-31,0.0,0,2.46,25.29,0.2,2.32,2.8,-0.2531709005052454,Meio,0.622134
2024,Coritiba,S. Gómez,MED,28.0,172.0,2445,0.6425295045152659,2028-12-31,0.0,0,2.02,47.27,0.04,0.74,0.63,-0.2531709005052454,Meio,0.9548540000000001
2024,Coritiba,Benevenuto,ZE,28.0,181.0,2157,0.5668450475416885,2026-11-30,0.0,0,3.92,51.06,0.03,0.29,0.42,-0.2531709005052454,Meio,2.001552
2024,Coritiba,Maurício Antônio,ZD,32.0,183.0,2110,0.5544937646328061,,0.0,0,3.8,66.29,0.03,0.34,0.47,-0.2531709005052454,Meio,2.5190200000000003
2024,Coritiba,Vini Paulista,VOL,23.0,179.0,1885,0.4953652826221988,2027-12-31,0.0,0,1.96,31.71,0.1,1.38,1.53,-0.2531709005052454,Meio,0.6215160000000001
2024,Coritiba,Everton Morelli,MED,26.0,185.0,1776,0.46672081800372683,2028-12-31,0.0,0,3.55,50.0,0.08,0.76,1.32,-0.2531709005052454,Meio,1.775
2024,Coritiba,Rodrigo Gelado,LE,20.0,178.0,1697,0.4459601509866692,2027-12-31,0.0,0,3.34,66.67,0.03,0.37,0.64,-0.2531709005052454,Meio,2.226778
2024,Coritiba,Figueiredo,EE,22.0,178.0,1558,0.40943188876678294,2028-06-30,0.0,0,3.0,36.54,0.13,2.08,2.02,-0.2531709005052454,Meio,1.0962
2024,Coritiba,Robson,CA,33.0,179.0,1445,0.37973625113478904,2026-12-31,0.0,0,5.85,30.85,0.33,2.68,3.05,-0.2531709005052454,Meio,1.804725
2024,Coritiba,Júnior Brumado,CA,25.0,190.0,1253,0.3292799464857375,2026-12-31,0.0,0,7.76,45.37,0.28,1.65,2.44,-0.2531709005052454,Meio,3.5207119999999996
2024,Coritiba,Jamerson,LE,25.0,177.0,1204,0.31640307707009413,2026-12-31,0.0,0,2.24,50.0,0.02,0.45,0.45,-0.2531709005052454,Meio,1.12
2024,Coritiba,Thalisson,ZD,22.0,190.0,1033,0.27146543074203255,2027-12-31,0.0,0,3.57,68.29,0.0,0.0,0.09,-0.2531709005052454,Meio,2.437953
2024,Coritiba,Josué,MEI,33.0,174.0,1030,0.27067705098189115,2026-12-31,0.0,0,1.22,14.29,0.18,1.49,0.79,-0.2531709005052454,Meio,0.174338
2024,Goiás,Tadeu,GOL,32.0,184.0,3863,1.0003531239700552,2029-12-31,0.0,0,0.44,84.21,0.07,0.09,0.0,0.11749536721150822,Meio,0.37052399999999996
2024,Goiás,Dieguinho,LD,29.0,175.0,2886,0.7473515702245869,2026-12-31,0.0,0,2.68,36.05,0.01,0.31,0.62,0.11749536721150822,Meio,0.96614
2024,Goiás,Welliton Matheus,ED,24.0,180.0,2595,0.6719949150148312,2026-11-30,0.0,0,2.43,27.14,0.15,1.6,3.05,0.11749536721150822,Meio,0.6595020000000001
2024,Goiás,Rafael Gava,MED,31.0,178.0,2286,0.5919770234003484,2026-11-30,0.0,0,1.54,38.46,0.09,0.94,1.02,0.11749536721150822,Meio,0.592284
2024,Goiás,Messias,ZD,29.0,192.0,2255,0.5839493384810961,2027-12-31,0.0,0,5.39,72.59,0.03,0.44,0.6,0.11749536721150822,Meio,3.9126010000000004
2024,Goiás,Juninho,MED,23.0,174.0,1876,0.4858044164037855,2028-12-31,0.0,0,1.78,29.73,0.1,1.3,1.3,0.11749536721150822,Meio,0.529194
2024,Goiás,Thiago Galhardo,CA,34.0,183.0,1818,0.47078487687744247,,0.0,0,2.82,21.05,0.33,2.03,2.43,0.11749536721150822,Meio,0.59361
2024,Goiás,David Braz,ZD,37.0,188.0,1744,0.45162201610245306,2026-11-30,0.0,0,3.25,57.14,0.1,0.62,0.62,0.11749536721150822,Meio,1.85705
2024,Guarani,Caio Dantas,CA,31.0,177.0,3111,0.7987163029525032,2026-11-30,0.0,0,5.38,24.73,0.35,1.71,2.55,-0.5843585163982439,Cai,1.3304740000000002
2024,Guarani,Matheus Salustiano,ZE,31.0,183.0,2588,0.6644415917843389,2027-03-31,0.0,0,4.66,58.96,0.03,0.24,0.35,-0.5843585163982439,Cai,2.747536
2024,Guarani,Jefferson,LE,27.0,178.0,2559,0.6569961489088575,2028-05-31,0.0,0,2.78,53.16,0.01,0.7,0.39,-0.5843585163982439,Cai,1.4778479999999998
2024,Guarani,J. Victor,ED,25.0,179.0,2445,0.6277278562259306,,0.0,0,2.32,23.81,0.15,1.95,2.54,-0.5843585163982439,Cai,0.552392
2024,Guarani,Luan Dias,CA,26.0,178.0,2280,0.5853658536585366,,0.0,0,0.87,18.18,0.14,1.86,0.99,-0.5843585163982439,Cai,0.158166
2024,Guarani,Vladimir,GOL,35.0,191.0,2258,0.5797175866495508,2026-11-30,0.0,0,0.2,100.0,0.0,0.0,0.0,-0.5843585163982439,Cai,0.2
2024,Guarani,Pacheco,LD,33.0,175.0,1969,0.5055198973042362,,0.0,0,2.01,52.27,0.01,0.41,0.32,-0.5843585163982439,Cai,1.050627
2024,Guarani,Airton,EE,25.0,178.0,1498,0.3845956354300385,2026-12-31,0.0,0,2.82,46.81,0.23,2.4,3.36,-0.5843585163982439,Cai,1.320042
2024,Guarani,Lucas Adell,ZE,24.0,188.0,1407,0.36123234916559693,2026-11-30,0.0,0,4.73,52.7,0.01,0.26,0.38,-0.5843585163982439,Cai,2.4927100000000006
2024,Guarani,Heitor,LD,23.0,174.0,1360,0.3491655969191271,,0.0,0,1.46,54.55,0.09,1.79,1.65,-0.5843585163982439,Cai,0.79643
2024,Guarani,Léo Santos,ZE,25.0,186.0,1092,0.2803594351732991,2027-06-30,0.0,0,5.36,53.85,0.08,0.49,0.91,-0.5843585163982439,Cai,2.8863600000000003
2024,Guarani,Marlon,EE,26.0,175.0,963,0.2472400513478819,2026-11-30,0.0,0,2.24,25.0,0.13,1.5,2.34,-0.5843585163982439,Cai,0.56
2024,Guarani,Pegorari,GOL,33.0,192.0,963,0.2472400513478819,,0.0,0,0.28,66.67,0.0,0.0,0.0,-0.5843585163982439,Cai,0.18667600000000004
2024,Ituano,Jefferson Paulino,GOL,32.0,185.0,3203,0.8404016792290812,,0.0,0,0.11,100.0,0.0,0.0,0.0,-0.32241815779428873,Cai,0.11
2024,Ituano,Claudinho,ZE,34.0,183.0,3015,0.7910743249689914,,0.0,0,4.06,67.65,0.01,0.21,0.45,-0.32241815779428873,Cai,2.74659
2024,Ituano,Miquéias,MED,22.0,187.0,2820,0.7399103139013452,2026-12-31,0.0,0,1.72,46.3,0.06,0.67,0.86,-0.32241815779428873,Cai,0.79636
2024,Ituano,Rodrigo,VOL,30.0,176.0,2610,0.6848106096746494,2026-10-30,0.0,0,1.45,57.14,0.02,0.14,0.1,-0.32241815779428873,Cai,0.82853
2024,Ituano,José Aldo,MED,25.0,175.0,2395,0.6283990077282702,2027-12-31,0.0,0,2.22,40.68,0.13,1.16,0.79,-0.32241815779428873,Cai,0.903096
2024,Ituano,Marcinho,LD,28.0,178.0,2080,0.5457494513882263,2027-12-31,0.0,0,2.68,53.23,0.02,1.04,0.26,-0.32241815779428873,Cai,1.426564
2024,Ituano,Guilherme Mariano,ZD,24.0,,1924,0.5048182425341093,2028-12-31,0.0,0,5.01,50.47,0.08,0.28,0.56,-0.32241815779428873,Cai,2.5285469999999997
2024,Ituano,Bruno Xavier,ED,27.0,178.0,1806,0.4738574563495849,2026-11-30,0.0,0,1.59,12.5,0.24,1.94,2.24,-0.32241815779428873,Cai,0.19875
2024,Ituano,Leozinho,ED,25.0,173.0,1409,0.36969277740673595,2028-12-31,0.0,0,1.21,42.11,0.32,2.62,2.43,-0.32241815779428873,Cai,0.509531
2024,Ituano,Richard,LE,19.0,175.0,1328,0.3484400343478676,2027-11-30,0.0,0,2.03,36.67,0.04,0.27,0.34,-0.32241815779428873,Cai,0.744401
2024,Ituano,Guilherme Lazaroni,LE,31.0,182.0,1177,0.3088207232134338,,0.0,0,2.37,74.19,0.01,0.69,0.38,-0.32241815779428873,Cai,1.758303
2024,Ituano,Wálber,ZD,27.0,186.0,1156,0.30331075279076425,,0.0,0,1.87,37.5,0.05,0.47,0.47,-0.32241815779428873,Cai,0.70125
2024,Ituano,Léo Oliveira,LD,22.0,189.0,963,0.2526715008109913,2027-12-31,0.0,0,7.2,54.55,0.06,0.75,1.21,-0.32241815779428873,Cai,3.9276
2024,Mirassol,Alex Muralha,GOL,34.0,188.0,3645,0.9457706279190451,2026-12-31,0.0,0,0.35,92.86,0.0,0.0,0.0,0.36125256707631914,Sobe,0.32500999999999997
2024,Mirassol,Danielzinho,MED,29.0,167.0,3642,0.9449922158796056,2027-12-31,0.0,0,2.08,45.24,0.05,0.67,0.94,0.36125256707631914,Sobe,0.940992
2024,Mirassol,Gabriel,MED,34.0,178.0,2708,0.7026466009340945,2026-12-31,0.0,0,2.09,34.92,0.16,1.23,1.0,0.36125256707631914,Sobe,0.7298279999999999
2024,Mirassol,Fernandinho,EE,26.0,175.0,2638,0.6844836533471718,2026-12-31,0.0,0,1.57,41.3,0.13,1.5,3.04,0.36125256707631914,Sobe,0.6484099999999999
2024,Mirassol,Neto Moura,VOL,27.0,177.0,2445,0.6344058121432278,2026-12-31,0.0,0,2.32,57.14,0.01,0.44,0.11,0.36125256707631914,Sobe,1.325648
2024,Mirassol,Zeca,LE,30.0,170.0,2167,0.5622729631551635,2026-12-31,0.0,0,0.83,35.0,0.01,0.46,0.17,0.36125256707631914,Sobe,0.2905
2024,Mirassol,Chico Kim,ED,33.0,175.0,1897,0.4922158796056046,2026-12-31,0.0,0,2.89,36.07,0.07,1.19,1.47,0.36125256707631914,Sobe,1.042423
2024,Mirassol,Negueba,ED,24.0,171.0,1798,0.46652828230409965,2027-12-31,0.0,0,2.55,29.41,0.11,1.8,1.6,0.36125256707631914,Sobe,0.7499549999999999
2024,Mirassol,Lucas Gazal,ZD,24.0,187.0,1315,0.3412039439543332,2028-12-31,0.0,0,4.31,76.19,0.1,0.55,0.62,0.36125256707631914,Sobe,3.283789
2024,Mirassol,Warley,LE,24.0,172.0,1067,0.27685521536066426,2027-12-31,0.0,0,0.93,36.36,0.02,0.67,0.42,0.36125256707631914,Sobe,0.338148
2024,Mirassol,Iury,EE,28.0,183.0,1030,0.2672548002075765,2028-06-30,0.0,0,3.23,21.62,0.23,1.75,2.45,0.36125256707631914,Sobe,0.698326
2024,Novorizontino,Jordi,GOL,30.0,192.0,3501,0.9096943355222753,2027-12-31,0.0,0,0.67,92.31,0.0,0.0,0.0,0.3963412340840158,Meio,0.618477
2024,Novorizontino,Marlon,MED,34.0,175.0,2620,0.680776680682194,2026-11-30,0.0,0,1.65,29.17,0.1,1.37,0.69,0.3963412340840158,Meio,0.481305
2024,Novorizontino,Reverson,LE,27.0,175.0,2404,0.6246515802900742,2026-11-30,0.0,0,2.36,46.03,0.03,0.45,0.45,0.3963412340840158,Meio,1.0863079999999998
2024,Novorizontino,Eduardo,MED,27.0,178.0,2371,0.6160769121746115,2026-11-30,0.0,0,1.59,45.24,0.02,0.8,0.49,0.3963412340840158,Meio,0.7193160000000001
2024,Novorizontino,Rodrigo Soares,LD,31.0,176.0,2145,0.5573534275050787,2026-11-30,0.0,0,1.8,34.88,0.04,1.01,0.67,0.3963412340840158,Meio,0.6278400000000001
2024,Novorizontino,Geovane,MED,35.0,179.0,1940,0.5040865498181131,2026-11-30,0.0,0,2.92,47.62,0.04,1.07,0.79,0.3963412340840158,Meio,1.390504
2024,Novorizontino,Rodolfo,CA,32.0,175.0,1826,0.4744649690556054,2026-10-30,0.0,0,4.19,25.88,0.38,2.07,3.35,0.3963412340840158,Meio,1.0843720000000001
2024,Novorizontino,Willian Farias,MED,35.0,177.0,1340,0.34818349317333586,,0.0,0,1.61,50.0,0.02,1.07,0.13,0.3963412340840158,Meio,0.805
2024,Novorizontino,Paulo Vitor,ED,25.0,168.0,1110,0.2884206547928379,2028-12-31,0.0,0,1.54,15.79,0.11,1.7,1.54,0.3963412340840158,Meio,0.24316599999999997
2024,Novorizontino,Pablo Dyego,ED,30.0,174.0,1011,0.2626966504464497,2026-11-30,0.0,0,2.76,32.26,0.17,1.69,2.31,0.3963412340840158,Meio,0.8903759999999998
2024,Novorizontino,Igor Formiga,LD,25.0,177.0,904,0.23489393867813105,2026-12-31,0.0,0,4.98,62.0,0.02,0.6,1.49,0.3963412340840158,Meio,3.0876000000000006
2024,Operário-PR,Rafael Santos,GOL,35.0,191.0,3128,0.8392604517293527,2026-12-31,0.0,0,0.32,81.82,0.0,0.0,0.0,0.16606984111002765,Meio,0.261824
2024,Operário-PR,Rodrigo Rodrigues,CA,24.0,178.0,2154,0.5779306307624762,2026-12-31,0.0,0,1.8,25.58,0.12,2.42,1.25,0.16606984111002765,Meio,0.46043999999999996
2024,Operário-PR,Pará,LE,28.0,167.0,2109,0.5658568710668813,2027-03-31,0.0,0,2.26,39.62,0.08,0.81,0.47,0.16606984111002765,Meio,0.8954119999999999
2024,Operário-PR,Joseph,ZD,29.0,186.0,2011,0.5395629055075858,2027-07-30,0.0,0,2.64,45.76,0.03,0.27,0.36,0.16606984111002765,Meio,1.208064
2024,Operário-PR,Jacy,VOL,27.0,192.0,2000,0.5366115420264403,2028-12-31,0.0,0,6.8,71.52,0.03,0.45,0.54,0.16606984111002765,Meio,4.863359999999999
2024,Operário-PR,Maxwell,EE,29.0,180.0,1915,0.5138055514903166,2026-11-30,0.0,0,2.3,46.94,0.23,2.77,1.79,0.16606984111002765,Meio,1.0796199999999998
2024,Operário-PR,Vinicius Diniz,VOL,24.0,190.0,1894,0.508171130299039,2027-12-31,0.0,0,3.04,59.38,0.12,1.71,1.09,0.16606984111002765,Meio,1.8051520000000003
2024,Operário-PR,Ronald,ED,27.0,162.0,1637,0.4392165471486414,2026-10-31,0.0,0,2.36,13.95,0.12,1.04,2.47,0.16606984111002765,Meio,0.32921999999999996
2024,Operário-PR,Thales Oleques,LD,30.0,175.0,1588,0.4260695643689936,,0.0,0,2.32,56.1,0.0,0.11,0.17,0.16606984111002765,Meio,1.3015199999999998
2024,Operário-PR,Daniel Lima,CA,19.0,186.0,1543,0.4139958046733987,2026-12-31,0.0,0,6.71,21.74,0.14,1.69,2.86,0.16606984111002765,Meio,1.4587539999999999
2024,Operário-PR,Índio,VOL,31.0,185.0,1513,0.4059466315430021,2026-11-30,0.0,0,2.68,55.56,0.04,0.77,0.59,0.16606984111002765,Meio,1.489008
2024,Operário-PR,Felipe Augusto,ED,32.0,182.0,1399,0.375359773647495,2027-03-31,0.0,0,3.22,30.0,0.22,2.57,2.51,0.16606984111002765,Meio,0.9660000000000001
2024,Operário-PR,German Fagner,ZD,33.0,186.0,1215,0.3259915117810625,2026-11-30,0.0,0,4.81,64.62,0.01,0.07,0.37,0.16606984111002765,Meio,3.108222
2024,Operário-PR,Boschilia,MED,28.0,173.0,1183,0.31740572710863946,2027-11-30,0.0,0,1.9,44.0,0.11,2.66,0.08,0.16606984111002765,Meio,0.836
2024,Operário-PR,R. Lindoso,VOL,35.0,182.0,1095,0.2937948192594761,,0.0,0,2.38,44.83,0.01,0.58,0.25,0.16606984111002765,Meio,1.066954
2024,Operário-PR,Ronaldo,CA,33.0,185.0,1088,0.29191667886238354,,0.0,0,6.37,32.47,0.3,1.65,3.06,0.16606984111002765,Meio,2.068339
2024,Operário-PR,Pedro Lucas,ED,21.0,173.0,966,0.2591833747987707,2027-03-31,0.0,0,1.3,28.57,0.06,1.49,0.93,0.16606984111002765,Meio,0.37140999999999996
2024,Paysandu,Edílson,LD,29.0,171.0,2601,0.6742947373382668,2027-12-31,0.0,0,1.83,37.74,0.01,0.45,1.0,-0.03216267359260172,Meio,0.690642
2024,Paysandu,Wanderson,ZD,29.0,187.0,2135,0.5534868374537484,2026-11-30,0.0,0,4.97,56.78,0.03,0.3,0.42,-0.03216267359260172,Meio,2.8219659999999998
2024,Paysandu,Diogo Silva,GOL,38.0,192.0,1956,0.5070820862105536,2026-11-30,0.0,0,0.37,87.5,0.0,0.0,0.0,-0.03216267359260172,Meio,0.32375
2024,Paysandu,Matheus Nogueira,GOL,26.0,191.0,1931,0.5006009757017275,2028-12-31,0.0,0,0.37,62.5,0.0,0.0,0.0,-0.03216267359260172,Meio,0.23125
2024,Paysandu,Bryan,LE,27.0,175.0,1852,0.48012066649383706,2027-12-31,0.0,0,3.3,57.35,0.05,1.12,1.17,-0.03216267359260172,Meio,1.89255
2024,Paysandu,E. Garcia,EE,24.0,160.0,1763,0.45704791308241616,2026-12-31,0.0,0,1.63,18.75,0.18,1.99,3.17,-0.03216267359260172,Meio,0.305625
2024,Paysandu,Jean Dias,ED,33.0,170.0,1516,0.39301454125521434,2026-11-30,0.0,0,1.31,40.91,0.14,2.02,1.66,-0.03216267359260172,Meio,0.535921
2024,Paysandu,Leandro Vilela,MED,29.0,178.0,1488,0.3857556974853291,2026-11-30,0.0,0,2.18,52.78,0.08,1.21,0.79,-0.03216267359260172,Meio,1.1506040000000002
2024,Paysandu,B. Borasi,EE,26.0,171.0,1335,0.3460913011713134,2027-06-30,0.0,0,2.22,18.18,0.21,1.62,2.49,-0.03216267359260172,Meio,0.403596
2024,Paysandu,Paulinho Bóia,ED,26.0,171.0,1198,0.3105748155829464,,0.0,0,2.48,12.12,0.16,2.18,2.4,-0.03216267359260172,Meio,0.30057599999999995
2024,Paysandu,Robinho,MEI,36.0,175.0,1183,0.30668614927765075,,0.0,0,0.46,0.0,0.13,0.84,1.29,-0.03216267359260172,Meio,0.0
2024,Paysandu,Val Soares,VOL,27.0,176.0,1073,0.27816926303881595,2026-11-30,0.0,0,1.76,52.38,0.08,2.6,0.75,-0.03216267359260172,Meio,0.921888
2024,Paysandu,Juninho,MEI,25.0,168.0,1039,0.2693549527468125,2026-09-30,0.0,0,2.69,9.68,0.12,1.47,3.03,-0.03216267359260172,Meio,0.26039199999999996
2024,Paysandu,Netinho,VOL,26.0,180.0,1021,0.2646885531804577,2027-12-31,0.0,0,1.67,36.84,0.12,3.26,0.62,-0.03216267359260172,Meio,0.615228
2024,Paysandu,J. Cazares,MEI,32.0,171.0,902,0.23383846715844547,,0.0,0,0.9,22.22,0.07,1.7,1.3,-0.03216267359260172,Meio,0.19998000000000002
2024,Ponte Preta,Pedro Rocha,GOL,26.0,196.0,3257,0.8594285988437643,2027-12-31,0.0,0,0.44,81.25,0.0,0.0,0.0,-0.20002465159252303,Cai,0.3575
2024,Ponte Preta,Igor Inocêncio,LD,26.0,185.0,2674,0.705591671264423,2026-11-30,0.0,0,3.3,50.0,0.03,1.14,0.57,-0.20002465159252303,Cai,1.65
2024,Ponte Preta,Élvis,CA,33.0,175.0,2537,0.669441312639432,2026-11-30,0.0,0,1.31,35.14,0.18,1.28,0.46,-0.20002465159252303,Cai,0.460334
2024,Ponte Preta,Emerson Santos,VOL,32.0,180.0,2349,0.6198335212416342,2026-10-30,0.0,0,2.95,55.84,0.07,0.5,0.31,-0.20002465159252303,Cai,1.64728
2024,Ponte Preta,G. Risso,LE,28.0,179.0,2205,0.5818360640007677,2026-12-31,0.0,0,1.06,30.77,0.0,0.2,0.33,-0.20002465159252303,Cai,0.326162
2024,Ponte Preta,Dodô,EE,23.0,171.0,2029,0.535394727373042,2026-11-30,0.0,0,2.35,13.21,0.18,1.73,1.64,-0.20002465159252303,Cai,0.310435
2024,Ponte Preta,Iago Dias,EE,31.0,175.0,1818,0.47971789766593903,2026-09-30,0.0,0,4.41,32.58,0.16,1.09,2.33,-0.20002465159252303,Cai,1.4367779999999999
2024,Ponte Preta,Matheus Régis,ED,24.0,181.0,1692,0.4464701225801809,,0.0,0,1.97,24.32,0.23,3.09,3.94,-0.20002465159252303,Cai,0.47910400000000003
2024,Ponte Preta,Emerson Santos,VOL,29.0,184.0,1683,0.4440952815026267,2026-11-30,0.0,0,2.03,36.84,0.02,0.53,0.59,-0.20002465159252303,Cai,0.7478520000000001
2024,Ponte Preta,Joílson,ZD,33.0,188.0,1417,0.37390553409935956,,0.0,0,3.81,43.33,0.09,0.32,0.51,-0.20002465159252303,Cai,1.650873
2024,Ponte Preta,Ramon,MED,27.0,174.0,1156,0.3050351428502891,,0.0,0,1.63,52.38,0.1,0.31,0.78,-0.20002465159252303,Cai,0.853794
2024,Ponte Preta,Dudu Vieira,VOL,30.0,175.0,1084,0.2860364142298559,2027-05-30,0.0,0,1.58,36.84,0.02,0.66,0.25,-0.20002465159252303,Cai,0.582072
2024,Ponte Preta,Éverton Brito,ED,29.0,170.0,1063,0.2804951183822295,2026-12-31,0.0,0,1.35,6.25,0.03,0.59,1.19,-0.20002465159252303,Cai,0.084375
2024,Ponte Preta,Luiz Felipe,LD,26.0,180.0,980,0.2585938062225634,2026-11-30,0.0,0,1.84,60.0,0.0,0.18,0.18,-0.20002465159252303,Cai,1.104
2024,Ponte Preta,João Gabriel,LD,19.0,,971,0.25621896514500925,2027-05-30,0.0,0,1.2,30.77,0.05,0.46,0.28,-0.20002465159252303,Cai,0.36924
2024,Santos,Gonzalo Escobar,LE,27.0,171.0,3172,0.8282377516141284,2027-12-31,0.0,0,2.53,47.19,0.04,0.51,0.85,0.03842289319675163,Sobe,1.1939069999999998
2024,Santos,João Schmidt,VOL,31.0,183.0,3154,0.8235377895936195,2027-12-31,0.0,0,3.85,57.04,0.05,0.57,0.57,0.03842289319675163,Sobe,2.19604
2024,Santos,Gabriel Brazão,GOL,23.0,192.0,3126,0.8162267375617166,2028-12-31,0.0,0,0.49,100.0,0.0,0.0,0.0,0.03842289319675163,Sobe,0.49
2024,Santos,Rómulo Otero,ED,31.0,166.0,2374,0.6198727687048994,2026-12-31,0.0,0,2.54,29.85,0.13,2.92,1.18,0.03842289319675163,Sobe,0.75819
2024,Santos,João Pedro Chermont,LD,18.0,181.0,2107,0.5501566654006836,2027-12-31,0.0,0,2.9,57.35,0.03,0.6,1.11,0.03842289319675163,Sobe,1.66315
2024,Santos,Jair Cunha,ZD,19.0,198.0,1909,0.4984570831750854,2030-06-30,0.0,0,4.2,66.29,0.0,0.05,0.24,0.03842289319675163,Sobe,2.7841800000000005
2024,Santos,Joaquim,ZE,25.0,190.0,1189,0.31045860235472844,2027-06-30,0.0,0,6.96,64.13,0.1,0.68,0.98,0.03842289319675163,Sobe,4.463448
2024,Santos,Serginho,MEI,33.0,166.0,1015,0.2650256361564755,2027-05-31,0.0,0,2.13,33.33,0.13,2.13,2.57,0.03842289319675163,Sobe,0.7099289999999999
2024,Santos,Hayner,LD,28.0,178.0,1015,0.2650256361564755,2026-12-31,0.0,0,2.57,34.48,0.04,0.62,1.15,0.03842289319675163,Sobe,0.8861359999999999
2024,Sport,Caíque França,GOL,29.0,186.0,3678,0.956861075635022,2027-12-31,0.0,0,0.39,100.0,0.0,0.0,0.0,0.2793206962410859,Sobe,0.39
2024,Sport,Lucas Lima,ED,34.0,176.0,3249,0.8452532992762878,2026-11-30,0.0,0,0.83,16.67,0.06,0.75,1.99,0.2793206962410859,Sobe,0.138361
2024,Sport,Felipe,VOL,30.0,184.0,2975,0.7739700108793339,,0.0,0,2.39,59.49,0.02,0.64,0.57,0.2793206962410859,Sobe,1.4218110000000002
2024,Sport,Chico,ZE,25.0,188.0,2435,0.633484697980228,2029-06-30,0.0,0,3.18,66.28,0.1,0.59,0.63,0.2793206962410859,Sobe,2.107704
2024,Sport,C. Ortiz,CA,31.0,170.0,2064,0.5369660848588051,2026-11-30,0.0,0,3.66,30.95,0.17,2.22,2.01,0.2793206962410859,Sobe,1.13277
2024,Sport,Felipinho,LE,27.0,177.0,1613,0.41963483278936664,2027-12-31,0.0,0,2.51,55.56,0.02,0.73,0.95,0.2793206962410859,Sobe,1.3945560000000001
2024,Sport,Dalbert,LE,30.0,181.0,1585,0.4123504091575611,2026-11-30,0.0,0,2.95,59.62,0.02,0.45,0.68,0.2793206962410859,Sobe,1.7587899999999999
2024,Sport,Igor Cariús,LD,31.0,184.0,1541,0.4009034577361525,2026-12-31,0.0,0,4.09,61.43,0.06,0.88,1.81,0.2793206962410859,Sobe,2.5124869999999997
2024,Sport,Wellington Silva,EE,31.0,170.0,1041,0.27082446431105434,,0.0,0,1.64,26.32,0.14,1.47,2.59,0.2793206962410859,Sobe,0.431648
2024,Vila Nova,Dênis Júnior,GOL,25.0,188.0,3662,0.9609943459694158,2026-12-31,0.0,0,0.42,82.35,0.0,0.0,0.0,0.1349905938984619,Meio,0.34586999999999996
2024,Vila Nova,Cristiano,MED,24.0,175.0,3140,0.8240093518142997,2028-12-23,0.0,0,0.92,25.0,0.02,0.8,0.14,0.1349905938984619,Meio,0.23
2024,Vila Nova,Ralf,ZD,40.0,182.0,2442,0.6408378462199108,2026-10-31,0.0,0,2.03,61.82,0.0,0.04,0.11,0.1349905938984619,Meio,1.254946
2024,Vila Nova,Rhuan,LE,23.0,177.0,2348,0.6161700503375719,2026-10-30,0.0,0,3.14,48.78,0.03,0.73,0.73,0.1349905938984619,Meio,1.5316920000000003
2024,Vila Nova,Júnior Todinho,CA,30.0,182.0,1856,0.48705775699596826,2026-11-30,0.0,0,5.19,42.99,0.2,1.55,2.18,0.1349905938984619,Meio,2.2311810000000003
2024,Vila Nova,J. Quintero,ZD,29.0,184.0,1482,0.38891142018751346,2026-12-31,0.0,0,3.95,64.62,0.02,0.18,0.24,0.1349905938984619,Meio,2.55249
2024,Vila Nova,João Vitor,LD,26.0,177.0,1294,0.3395758284228356,2026-12-31,0.0,0,1.88,62.96,0.02,1.53,0.21,0.1349905938984619,Meio,1.1836479999999998
2024,Vila Nova,Juan Christian,ED,23.0,177.0,1273,0.33406493785337693,2027-12-31,0.0,0,1.13,37.5,0.13,2.19,2.47,0.1349905938984619,Meio,0.4237499999999999
2024,Vila Nova,Arilson,VOL,30.0,180.0,1160,0.30441109812248013,,0.0,0,2.48,65.63,0.03,0.62,0.39,0.1349905938984619,Meio,1.627624
2024,Vila Nova,Emerson Urso,EE,23.0,169.0,1003,0.2632106305317652,2027-12-31,0.0,0,3.14,20.0,0.14,1.35,1.26,0.1349905938984619,Meio,0.628
2024,Vila Nova,Luciano Naninho,CA,32.0,172.0,977,0.2563876231600544,2026-11-30,0.0,0,2.21,33.33,0.14,1.38,0.83,0.1349905938984619,Meio,0.736593
2025,CRB,Breno Herculano,CA,26.0,189.0,1226,0.3215162713076648,2026-12-31,0.29,4,8.52,43.97,0.32,2.79,4.4,0.026058706010148702,Meio,3.746244
2025,Ferroviária,Carlão,CA,33.0,186.0,3375,0.8841390807335079,2026-11-30,0.11,4,6.99,33.59,0.35,1.6,2.8,-0.1029515506356915,Cai,2.3479410000000005
2025,CRB,Mikael,CA,26.0,184.0,1895,0.49696030516152107,2027-11-30,0.14,3,4.18,30.68,0.39,2.85,4.13,0.026058706010148702,Meio,1.282424
2025,Criciúma,Rodrigo,ZD,38.0,187.0,3611,0.9342600432778249,2027-12-31,0.07,3,6.46,64.48,0.11,0.62,0.87,0.16389233609701992,Meio,4.165408
2025,Criciúma,Nicolas,CA,35.0,180.0,2459,0.636207545394675,2026-12-31,0.11,3,7.72,37.44,0.32,1.35,2.82,0.16389233609701992,Meio,2.8903679999999996
2025,Goiás,Anselmo Ramon,CA,37.0,182.0,3153,0.826651730384212,2026-11-30,0.09,3,3.85,28.15,0.29,1.31,2.48,0.18432141977477623,Meio,1.083775
2025,Paysandu,Maurício Garcez,EE,28.0,183.0,2046,0.550457369270655,2028-12-31,0.13,3,5.54,41.27,0.31,2.95,3.56,-0.6162871790296546,Cai,2.2863580000000003
2025,Paysandu,Diogo de Oliveira,CA,28.0,194.0,1391,0.374235679694761,2026-12-31,0.19,3,7.76,39.17,0.29,1.62,3.11,-0.6162871790296546,Cai,3.0395920000000003
2025,Amazonas,Luan Silva,CA,33.0,,1388,0.3592470588235294,,0.13,2,6.81,32.38,0.28,2.53,1.82,-0.43849531608121006,Cai,2.205078
2025,Amazonas,Jackson,ZD,35.0,186.0,945,0.24458823529411766,,0.19,2,5.33,75.0,0.1,0.76,0.67,-0.43849531608121006,Cai,3.9975
2025,América-MG,Willian,CA,38.0,171.0,2604,0.6653349437889065,2026-11-30,0.07,2,1.45,23.81,0.42,2.32,2.9,-0.2729286899575676,Meio,0.34524499999999997
2025,América-MG,Cauan Barros,MED,21.0,175.0,1551,0.3962882096069869,2027-12-31,0.12,2,5.16,56.18,0.08,1.33,0.58,-0.2729286899575676,Meio,2.898888
2025,Athletic,Neto Costa,CA,28.0,184.0,1502,0.394075275485379,2026-12-31,0.12,2,5.81,25.77,0.34,1.62,2.4,-0.25515217038773663,Meio,1.4972369999999997
2025,Athletico-PR,Alan Kardec,CA,36.0,190.0,1238,0.3176358080843421,2026-11-30,0.15,2,9.38,34.11,0.39,2.33,3.2,0.02205482936045411,Sobe,3.1995180000000003
2025,Atlético-GO,Guilherme Romão,LE,27.0,176.0,2764,0.7467701527730018,2028-12-31,0.07,2,3.48,46.73,0.08,0.62,1.17,-0.17129172835880957,Meio,1.626204
2025,Avaí,Cléber,CA,28.0,199.0,3179,0.8304597701149425,,0.06,2,9.82,40.35,0.3,1.93,2.43,0.13789190342337299,Meio,3.9623700000000004
2025,Botafogo-SP,Alexandre Jesus,CA,23.0,184.0,1420,0.3716127804344206,2029-06-08,0.13,2,8.87,32.14,0.33,1.9,2.73,-0.16081920676051564,Meio,2.850818
2025,Coritiba,Gustavo Coutinho,CA,26.0,186.0,2042,0.528020686412788,2027-12-31,0.09,2,6.43,30.14,0.28,2.12,2.73,0.3020744628088641,Sobe,1.938002
2025,Cuiabá,Carlos Alberto,CA,23.0,181.0,1492,0.3891220333357043,2029-12-31,0.12,2,3.38,14.29,0.31,1.87,3.86,-0.047812121412182496,Meio,0.483002
2025,Goiás,Messias,ZD,30.0,192.0,2843,0.7453761083039375,2027-12-31,0.06,2,4.72,70.47,0.03,0.41,0.38,0.18432141977477623,Meio,3.3261839999999996
2025,Novorizontino,Nathan Fogaça,CA,26.0,178.0,1016,0.26060394077183163,2027-12-31,0.18,2,4.16,40.43,0.35,3.01,3.37,0.23969321997361304,Meio,1.681888
2025,Novorizontino,Caio Dantas,CA,32.0,177.0,936,0.24008394543546696,2026-11-30,0.19,2,3.56,32.43,0.34,1.92,3.08,0.23969321997361304,Meio,1.154508
2025,Operário-PR,Índio,VOL,32.0,185.0,2291,0.60574958536644,2026-11-30,0.08,2,2.99,50.0,0.04,0.75,0.79,-0.16974957944782654,Meio,1.495
2025,Operário-PR,Daniel Amorim,CA,35.0,191.0,1160,0.3067086508184506,2026-11-30,0.16,2,10.94,29.79,0.42,2.02,2.95,-0.16974957944782654,Meio,3.2590259999999995
2025,Remo,Caio Vinícius,VOL,26.0,187.0,2549,0.6640064413763705,,0.07,2,3.92,46.85,0.07,0.64,0.71,0.10143384811159062,Sobe,1.8365200000000002
2025,Amazonas,Kevin Ramírez,CA,31.0,179.0,2447,0.6333411764705883,2026-12-31,0.04,1,6.18,29.17,0.28,2.43,3.86,-0.43849531608121006,Cai,1.802706
2025,Amazonas,Henrique Almeida,CA,34.0,177.0,2283,0.5908941176470588,,0.04,1,3.94,20.0,0.2,1.97,2.48,-0.43849531608121006,Cai,0.7879999999999999
2025,Amazonas,Léo Coelho,ZE,32.0,190.0,1315,0.3403529411764706,,0.07,1,5.48,63.75,0.05,0.48,0.75,-0.43849531608121006,Cai,3.4935
2025,América-MG,Lucão,ZE,29.0,187.0,3750,0.9581436402490011,,0.02,1,4.32,66.11,0.04,0.43,0.65,-0.2729286899575676,Meio,2.8559520000000003
2025,América-MG,Ricardo Silva,ZD,33.0,190.0,2859,0.7304887113258385,2026-11-30,0.03,1,4.82,60.13,0.02,0.22,0.28,-0.2729286899575676,Meio,2.8982660000000005
2025,América-MG,Júlio César,LD,21.0,186.0,2474,0.6321192975936077,2027-12-31,0.04,1,4.44,47.54,0.07,0.62,1.09,-0.2729286899575676,Meio,2.110776
2025,América-MG,Miguelito,ED,21.0,177.0,1987,0.5076883768466041,2029-05-31,0.05,1,1.0,31.82,0.27,2.4,3.03,-0.2729286899575676,Meio,0.3182
2025,América-MG,Stênio,ED,22.0,180.0,1502,0.3837684660410666,2029-06-30,0.06,1,2.16,30.56,0.12,1.2,3.36,-0.2729286899575676,Meio,0.660096
2025,Athletic,Sidimar,ZE,33.0,186.0,3401,0.8923102609359347,2026-12-31,0.03,1,3.73,64.54,0.01,0.19,0.4,-0.25515217038773663,Meio,2.4073420000000003
2025,Athletic,Welinton Torrão,ED,26.0,183.0,2366,0.620760387349139,2028-06-30,0.04,1,3.61,48.42,0.14,1.29,3.08,-0.25515217038773663,Meio,1.747962
2025,Athletic,David Braga,MEI,23.0,186.0,2303,0.6042312646090732,2027-12-31,0.04,1,1.84,31.91,0.16,1.25,1.95,-0.25515217038773663,Meio,0.587144
2025,Athletic,Ronaldo Tavares,CA,27.0,194.0,2037,0.5344416352621285,2028-12-31,0.04,1,5.35,52.07,0.39,1.86,3.93,-0.25515217038773663,Meio,2.785745
2025,Athletic,Yuri,LE,29.0,173.0,1751,0.459404665362782,2026-11-30,0.05,1,1.7,30.3,0.11,0.82,1.28,-0.25515217038773663,Meio,0.5151
2025,Athletico-PR,Léo,ZE,29.0,183.0,2411,0.6185944533855807,2028-12-31,0.04,1,2.35,53.97,0.02,0.22,0.26,0.02205482936045411,Sobe,1.268295
2025,Athletico-PR,K. Viveros,CA,25.0,180.0,1855,0.47594056865626383,2028-06-30,0.05,1,3.64,22.67,0.34,2.13,3.35,0.02205482936045411,Sobe,0.8251880000000001
2025,Athletico-PR,G. Benavídez,LD,29.0,175.0,1735,0.4451519604413034,2028-12-31,0.05,1,1.24,41.67,0.08,0.57,1.19,0.02205482936045411,Sobe,0.516708
2025,Atlético-GO,Alix,ZD,25.0,195.0,1838,0.49658594095397157,2028-12-31,0.05,1,5.39,68.18,0.11,0.64,0.83,-0.17129172835880957,Meio,3.6749020000000003
2025,Atlético-GO,Lelê,CA,27.0,189.0,1559,0.42120646460676914,2028-12-31,0.06,1,5.54,40.63,0.31,2.94,3.46,-0.17129172835880957,Meio,2.250902
2025,Avaí,Eduardo Brock,ZE,34.0,186.0,3698,0.9660397074190178,2027-12-31,0.02,1,2.85,68.38,0.02,0.32,0.34,0.13789190342337299,Meio,1.9488299999999998
2025,Avaí,Jonathan Costa,ZD,30.0,186.0,2758,0.7204806687565308,2026-11-30,0.03,1,4.41,51.11,0.05,0.42,0.59,0.13789190342337299,Meio,2.2539510000000003
2025,Avaí,JP,MED,20.0,176.0,1856,0.48484848484848486,2027-12-31,0.05,1,2.09,27.91,0.23,1.41,1.75,0.13789190342337299,Meio,0.5833189999999999
2025,Avaí,Hygor,CA,32.0,186.0,946,0.2471264367816092,2026-11-30,0.1,1,7.04,33.78,0.23,1.43,2.95,0.13789190342337299,Meio,2.3781120000000002
2025,Botafogo-SP,L. Maciel,VOL,29.0,180.0,2570,0.6725667927580711,2026-12-31,0.04,1,1.26,41.67,0.08,1.79,0.91,-0.16081920676051564,Meio,0.525042
2025,Botafogo-SP,Ericson,ZD,26.0,184.0,2296,0.6008612280826969,2026-11-30,0.04,1,4.31,67.27,0.03,0.31,0.39,-0.16081920676051564,Meio,2.899336999999999
2025,Botafogo-SP,Gabriel Bispo,VOL,28.0,177.0,2244,0.5872528727428449,,0.04,1,5.45,56.62,0.06,1.48,0.96,-0.16081920676051564,Meio,3.0857900000000003
2025,Botafogo-SP,Wesley Dias,VOL,30.0,181.0,1622,0.42447600694692267,2026-11-30,0.06,1,4.16,57.33,0.06,0.78,1.11,-0.16081920676051564,Meio,2.384928
2025,Botafogo-SP,Vilar,ZE,25.0,190.0,1114,0.29153284324221446,2026-11-30,0.08,1,5.09,68.25,0.1,0.65,0.73,-0.16081920676051564,Meio,3.473925
2025,Botafogo-SP,Léo Gamalho,CA,39.0,188.0,912,0.23866961672971237,2026-11-30,0.1,1,9.18,32.26,0.33,1.09,1.58,-0.16081920676051564,Meio,2.961468
2025,CRB,Thiaguinho,ED,24.0,170.0,2730,0.7159375372511623,2027-12-31,0.03,1,1.85,35.71,0.27,2.93,3.49,0.026058706010148702,Meio,0.6606350000000001
2025,Chapecoense,Rafael Carvalheira,MED,26.0,176.0,3540,0.9135698198198198,2026-11-30,0.03,1,1.22,18.75,0.14,1.55,0.99,0.3687618280363034,Sobe,0.22875
2025,Chapecoense,Eduardo Doma,ZD,27.0,187.0,2950,0.7613081831831832,2027-12-31,0.03,1,3.29,53.7,0.04,0.49,0.52,0.3687618280363034,Sobe,1.76673
2025,Chapecoense,Marcinho,CA,30.0,176.0,2540,0.6554992492492492,2026-11-30,0.04,1,2.41,30.88,0.16,1.7,2.59,0.3687618280363034,Sobe,0.744208
2025,Chapecoense,Victor Caetano,ZD,27.0,186.0,2514,0.6487894144144144,2027-12-15,0.04,1,4.01,58.93,0.03,0.29,0.36,0.3687618280363034,Sobe,2.3630929999999997
2025,Chapecoense,N. Pessôa,CA,31.0,182.0,2203,0.5685294669669669,2027-04-30,0.04,1,5.8,25.35,0.17,1.84,2.25,0.3687618280363034,Sobe,1.4703
2025,Coritiba,Maicon,ZD,36.0,191.0,3021,0.7811706629055006,2026-12-31,0.03,1,3.87,63.85,0.01,0.09,0.21,0.3020744628088641,Sobe,2.4709950000000003
2025,Coritiba,Alex Silva,LD,31.0,184.0,2200,0.5688763516690174,2027-11-30,0.04,1,4.58,59.82,0.06,0.9,1.68,0.3020744628088641,Sobe,2.739756
2025,Criciúma,Jhonata Robert,ED,25.0,179.0,2156,0.5578135290243673,2027-12-31,0.04,1,3.17,31.58,0.18,2.67,2.17,0.16389233609701992,Meio,1.001086
2025,Criciúma,Marcelo Hermes,LE,30.0,177.0,1210,0.31305861322796125,2026-12-31,0.07,1,2.45,51.52,0.16,1.26,1.19,0.16389233609701992,Meio,1.2622400000000003
2025,Cuiabá,Nathan,ZD,30.0,188.0,2309,0.6022002513218104,2027-06-30,0.04,1,5.61,65.97,0.01,0.27,0.31,-0.047812121412182496,Meio,3.700917
2025,Cuiabá,Bruno Alves,ZD,34.0,185.0,2151,0.5609929582473859,2027-12-31,0.04,1,4.14,77.78,0.13,0.42,0.46,-0.047812121412182496,Meio,3.2200919999999997
2025,Cuiabá,Alan Empereur,ZE,31.0,186.0,1978,0.5158735803874149,2026-12-31,0.05,1,3.5,58.44,0.1,0.64,0.68,-0.047812121412182496,Meio,2.0454
2025,Cuiabá,Juan Christian,EE,24.0,177.0,1693,0.44154396946202906,2027-12-31,0.05,1,1.38,26.92,0.2,2.66,3.83,-0.047812121412182496,Meio,0.371496
2025,Cuiabá,Patrick De Lucca,MED,25.0,180.0,1556,0.40581359508736986,2026-11-30,0.06,1,2.89,56.0,0.07,0.52,0.93,-0.047812121412182496,Meio,1.6184
2025,Cuiabá,Lucas Mineiro,MED,29.0,188.0,1512,0.3943381463830998,2026-12-31,0.06,1,3.87,46.15,0.06,1.01,0.77,-0.047812121412182496,Meio,1.786005
2025,Ferroviária,Gustavo Medina,ZD,24.0,184.0,2556,0.6695879971421766,2026-12-31,0.04,1,3.59,54.9,0.04,0.32,0.46,-0.1029515506356915,Cai,1.9709099999999997
2025,Ferroviária,Juninho,EE,30.0,175.0,2277,0.5964991664682067,2026-11-30,0.04,1,2.85,31.94,0.25,2.09,2.13,-0.1029515506356915,Cai,0.9102900000000002
2025,Ferroviária,Thiago Lopes,ED,28.0,178.0,1820,0.4767801857585139,,0.05,1,1.68,29.41,0.16,1.48,1.83,-0.1029515506356915,Cai,0.49408799999999997
2025,Goiás,Rafael Gava,MED,32.0,178.0,2276,0.5967203737248546,2026-11-30,0.04,1,1.54,58.97,0.04,0.91,0.79,0.18432141977477623,Meio,0.908138
2025,Goiás,Moraes,LE,27.0,170.0,1661,0.4354800266946325,2026-11-30,0.05,1,3.68,52.94,0.09,1.57,1.73,0.18432141977477623,Meio,1.948192
2025,Goiás,Jája Silva,ED,26.0,175.0,1486,0.38959862713318716,2028-12-31,0.06,1,2.54,11.9,0.43,3.45,3.63,0.18432141977477623,Meio,0.30226000000000003
2025,Goiás,Gonzalo Freitas,VOL,33.0,186.0,1255,0.32903517971207935,2026-12-31,0.07,1,5.24,67.12,0.1,1.0,0.72,0.18432141977477623,Meio,3.5170880000000007
2025,Novorizontino,César Martins,ZD,32.0,191.0,2616,0.6710038474991256,2026-11-30,0.03,1,3.58,58.65,0.05,0.17,0.41,0.23969321997361304,Meio,2.09967
2025,Novorizontino,João Vitor,ZE,20.0,189.0,2445,0.627142357467646,2028-12-31,0.04,1,3.06,63.86,0.05,0.44,0.48,0.23969321997361304,Meio,1.954116
2025,Novorizontino,Bruno José,ED,27.0,173.0,1572,0.4032179083595663,2026-11-30,0.06,1,3.49,44.26,0.11,1.43,1.95,0.23969321997361304,Meio,1.5446739999999999
2025,Novorizontino,Rafael Donato,ZD,36.0,193.0,1020,0.2616299405386499,,0.09,1,5.56,77.78,0.18,1.15,1.15,0.23969321997361304,Meio,4.324568
2025,Operário-PR,Neto Paraíba,MED,33.0,179.0,2340,0.6187053818234262,2026-11-30,0.04,1,3.42,50.56,0.08,1.85,1.38,-0.16974957944782654,Meio,1.729152
2025,Paysandu,Thiago Heleno,ZE,36.0,185.0,958,0.25774103605146015,,0.09,1,4.13,61.36,0.02,0.28,0.38,-0.6162871790296546,Cai,2.5341679999999998
2025,Remo,Pedro Rocha,EE,30.0,175.0,2972,0.774196604068487,2026-12-31,0.03,1,1.51,38.0,0.39,3.09,2.57,0.10143384811159062,Sobe,0.5738
2025,Remo,Reynaldo,ZE,28.0,186.0,2448,0.6376962606862907,,0.04,1,3.82,49.04,0.05,0.18,0.26,0.10143384811159062,Sobe,1.8733279999999999
2025,Remo,Marcelinho,LD,27.0,169.0,1923,0.5009354204655789,,0.05,1,3.32,45.07,0.05,0.8,0.84,0.10143384811159062,Sobe,1.496324
2025,Remo,Jáderson,MED,25.0,170.0,1679,0.43737419186776233,2027-12-31,0.05,1,2.47,36.96,0.07,0.86,0.75,0.10143384811159062,Sobe,0.9129120000000001
2025,Remo,Giovanni Pavani,MED,28.0,178.0,1329,0.3462002983872877,2027-12-31,0.07,1,5.35,51.9,0.07,1.29,0.88,0.10143384811159062,Sobe,2.7766499999999996
2025,Remo,Luan Gonçalves,VOL,25.0,188.0,1015,0.26440429109337626,2026-12-31,0.09,1,2.75,64.52,0.1,0.8,0.8,0.10143384811159062,Sobe,1.7742999999999998
2025,Remo,João Pedro,CA,28.0,185.0,946,0.246430009235797,2027-12-31,0.1,1,5.9,30.65,0.29,1.24,2.57,0.10143384811159062,Sobe,1.8083500000000001
2025,Vila Nova,João Vieira,VOL,27.0,173.0,3244,0.8508953907051052,2027-12-31,0.03,1,1.25,37.78,0.11,0.69,0.69,-0.05517595873139092,Meio,0.47225
2025,Vila Nova,Tiago Pagnussat,ZD,35.0,191.0,3022,0.7926651882585783,2026-12-31,0.03,1,5.75,69.43,0.07,0.74,0.8,-0.05517595873139092,Meio,3.9922250000000004
2025,Vila Nova,Gabriel Poveda,CA,27.0,183.0,2049,0.5374490306888905,2026-12-31,0.04,1,6.46,32.65,0.31,1.93,2.72,-0.05517595873139092,Meio,2.10919
2025,Vila Nova,Igor Henrique,MEI,33.0,183.0,1856,0.48682547630970263,2026-11-30,0.05,1,3.44,33.8,0.1,0.87,0.82,-0.05517595873139092,Meio,1.16272
2025,Vila Nova,Bernardo Schappo,ZE,26.0,191.0,1210,0.31738083315449367,2028-06-30,0.07,1,4.83,64.62,0.08,0.67,0.97,-0.05517595873139092,Meio,3.1211460000000004
2025,Vila Nova,Peter Roman,ZD,24.0,189.0,985,0.25836373608031094,2026-11-30,0.09,1,4.02,52.27,0.06,0.27,0.27,-0.05517595873139092,Meio,2.101254
2025,Volta Redonda,Gabriel Pinheiro,ZD,28.0,,2232,0.5868489614456103,2026-12-31,0.04,1,5.36,57.14,0.03,0.36,0.56,-0.14732887629476143,Cai,3.062704
2025,Volta Redonda,André Luiz,VOL,30.0,183.0,1910,0.5021870593015751,2026-11-30,0.05,1,3.35,53.52,0.1,1.37,0.66,-0.14732887629476143,Cai,1.79292
2025,Volta Redonda,Gabriel Bahia,ZE,26.0,,1593,0.41883978296722996,2027-03-31,0.06,1,5.14,57.14,0.07,0.85,0.68,-0.14732887629476143,Cai,2.9369959999999997
2025,Amazonas,Fabiano,LE,35.0,180.0,3118,0.8070117647058824,,0.0,0,3.69,46.88,0.02,0.26,0.46,-0.43849531608121006,Cai,1.729872
2025,Amazonas,Larry Vásquez,MED,32.0,186.0,2908,0.7526588235294118,2026-12-31,0.0,0,2.23,54.17,0.01,0.31,0.31,-0.43849531608121006,Cai,1.207991
2025,Amazonas,Alexis Alvariño,ZD,24.0,182.0,2003,0.5184235294117647,2026-12-31,0.0,0,2.29,39.22,0.02,0.36,0.31,-0.43849531608121006,Cai,0.898138
2025,Amazonas,Renan,GOL,36.0,190.0,1746,0.4519058823529412,2027-12-31,0.0,0,0.31,100.0,0.0,0.0,0.0,-0.43849531608121006,Cai,0.31
2025,Amazonas,N. Castrillón,LD,29.0,183.0,1698,0.4394823529411765,2026-11-30,0.0,0,3.6,52.94,0.09,0.53,0.58,-0.43849531608121006,Cai,1.90584
2025,Amazonas,Rafael Tavares,CA,34.0,175.0,1673,0.4330117647058824,2026-12-31,0.0,0,3.23,31.67,0.11,1.4,1.34,-0.43849531608121006,Cai,1.022941
2025,Amazonas,J. Torres,ED,28.0,167.0,1413,0.36571764705882354,,0.0,0,0.38,33.33,0.15,2.1,1.72,-0.43849531608121006,Cai,0.126654
2025,Amazonas,Gabriel Domingos,MED,24.0,,1180,0.3054117647058824,2026-11-30,0.0,0,4.65,37.7,0.12,1.68,1.3,-0.43849531608121006,Cai,1.7530500000000004
2025,Amazonas,Erick Varão,MED,29.0,182.0,1160,0.30023529411764704,,0.0,0,4.58,45.76,0.11,1.32,1.63,-0.43849531608121006,Cai,2.095808
2025,Amazonas,D. Torres,MEI,22.0,179.0,1148,0.2971294117647059,,0.0,0,2.12,51.85,0.11,1.33,1.72,-0.43849531608121006,Cai,1.09922
2025,Amazonas,Carlos Akapo,LD,32.0,179.0,1062,0.27487058823529414,2027-06-30,0.0,0,4.75,60.71,0.01,0.25,0.68,-0.43849531608121006,Cai,2.883725
2025,Amazonas,Diego Zabala,EE,33.0,171.0,906,0.23449411764705883,2026-12-31,0.0,0,1.59,18.75,0.19,1.79,2.28,-0.43849531608121006,Cai,0.298125
2025,América-MG,Paulinho,LE,21.0,,2020,0.5161200408807953,2029-12-31,0.0,0,1.29,37.93,0.02,0.58,0.62,-0.2729286899575676,Meio,0.48929700000000004
2025,América-MG,Kauã Diniz,MED,21.0,,1927,0.49235807860262004,2026-12-31,0.0,0,1.45,45.16,0.04,1.07,0.56,-0.2729286899575676,Meio,0.65482
2025,América-MG,Figueiredo,EE,23.0,178.0,1841,0.4703846511195763,2028-06-30,0.0,0,3.03,32.26,0.27,2.64,3.47,-0.2729286899575676,Meio,0.9774779999999998
2025,América-MG,Matheus Mendes,GOL,26.0,191.0,1813,0.4632305119390504,2028-06-30,0.0,0,0.35,85.71,0.0,0.0,0.0,-0.2729286899575676,Meio,0.29998499999999995
2025,América-MG,Miquéias,MED,24.0,187.0,1787,0.45658738269999066,2026-12-31,0.0,0,2.32,43.48,0.07,1.11,1.51,-0.2729286899575676,Meio,1.0087359999999999
2025,América-MG,Marlon,LE,31.0,177.0,1689,0.43154789556815015,2026-12-31,0.0,0,2.24,42.86,0.04,0.64,0.8,-0.2729286899575676,Meio,0.9600640000000001
2025,América-MG,Mariano,LD,39.0,177.0,1623,0.41468456749976773,,0.0,0,1.05,42.11,0.0,0.0,0.11,-0.2729286899575676,Meio,0.44215499999999996
2025,América-MG,Felipe Amaral,MED,22.0,174.0,1533,0.3916891201337917,2027-12-31,0.0,0,1.94,45.45,0.05,1.35,0.7,-0.2729286899575676,Meio,0.88173
2025,América-MG,Gustavo,GOL,32.0,187.0,1416,0.36179503855802286,,0.0,0,0.32,100.0,0.0,0.0,0.0,-0.2729286899575676,Meio,0.32
2025,América-MG,F. Elizari,MEI,34.0,173.0,1220,0.31171606429434173,2026-11-30,0.0,0,0.81,27.27,0.13,1.25,1.25,-0.2729286899575676,Meio,0.220887
2025,América-MG,Yago,MED,19.0,,1044,0.26674718944532194,2028-12-31,0.0,0,2.16,28.0,0.01,0.6,0.43,-0.2729286899575676,Meio,0.6048
2025,América-MG,Arthur Sousa,CA,22.0,184.0,984,0.2514168912013379,2028-12-31,0.0,0,4.66,37.25,0.19,1.74,4.21,-0.2729286899575676,Meio,1.7358500000000001
2025,Athletic,Adriel,GOL,24.0,195.0,2937,0.7705719601202118,2029-06-30,0.0,0,0.43,100.0,0.01,0.06,0.0,-0.25515217038773663,Meio,0.43
2025,Athletic,Sandry,VOL,23.0,174.0,2710,0.7110146448504507,2026-12-31,0.0,0,0.6,33.33,0.02,0.56,0.3,-0.25515217038773663,Meio,0.19997999999999996
2025,Athletic,Douglas Pelé,LD,26.0,171.0,2688,0.7052425702428088,2027-12-31,0.0,0,2.85,40.0,0.08,1.1,0.94,-0.25515217038773663,Meio,1.14
2025,Athletic,Rodrigo Gelado,LE,21.0,178.0,2386,0.6260077279015408,2027-12-31,0.0,0,4.19,58.56,0.03,0.64,0.91,-0.25515217038773663,Meio,2.4536640000000003
2025,Athletic,Marcelo Ajul,ZD,22.0,,2021,0.530243762820207,2027-12-31,0.0,0,3.96,58.43,0.04,0.27,0.22,-0.25515217038773663,Meio,2.313828
2025,Athletic,Max,EE,23.0,184.0,1892,0.4963984162572151,2026-11-30,0.0,0,1.52,50.0,0.17,1.76,3.71,-0.25515217038773663,Meio,0.76
2025,Athletic,Fabrício Isidoro,VOL,33.0,172.0,1508,0.39564947765109953,2026-11-30,0.0,0,1.55,46.15,0.01,0.3,0.42,-0.25515217038773663,Meio,0.715325
2025,Athletic,Wesley Gasolina,LD,25.0,177.0,1241,0.3255974812765348,2026-11-30,0.0,0,0.94,23.08,0.02,0.8,0.58,-0.25515217038773663,Meio,0.21695199999999995
2025,Athletic,Amorim,VOL,20.0,177.0,1159,0.30408338501168725,2030-06-30,0.0,0,1.63,28.57,0.1,1.24,0.85,-0.25515217038773663,Meio,0.46569099999999997
2025,Athletic,Fernando Martínez,VOL,31.0,176.0,943,0.24741210704574726,,0.0,0,3.34,42.86,0.02,0.48,0.38,-0.25515217038773663,Meio,1.431524
2025,Athletico-PR,B. Zapelli,MED,23.0,181.0,2829,0.7258414386676929,2028-07-01,0.0,0,2.16,47.06,0.17,2.29,1.43,0.02205482936045411,Sobe,1.016496
2025,Athletico-PR,Filipinho,MED,23.0,183.0,2340,0.6003778601917291,2027-12-31,0.0,0,2.08,48.15,0.02,0.73,0.38,0.02205482936045411,Sobe,1.00152
2025,Athletico-PR,Santos,GOL,35.0,188.0,2124,0.5449583654048002,2026-12-31,0.0,0,0.17,100.0,0.0,0.0,0.0,0.02205482936045411,Sobe,0.17
2025,Athletico-PR,Patrick,MED,33.0,176.0,2082,0.534182352529564,2026-12-31,0.0,0,2.2,41.18,0.12,0.91,1.43,0.02205482936045411,Sobe,0.90596
2025,Athletico-PR,L. Esquivel,LE,23.0,183.0,2042,0.5239194831245773,2029-06-30,0.0,0,1.94,61.36,0.04,1.01,0.75,0.02205482936045411,Sobe,1.1903839999999999
2025,Athletico-PR,Luiz Fernando,EE,28.0,178.0,2040,0.5234063396543279,2027-12-31,0.0,0,3.88,30.68,0.18,2.12,3.44,0.02205482936045411,Sobe,1.1903839999999999
2025,Athletico-PR,Mycael,GOL,21.0,190.0,1700,0.4361719497119399,2028-12-31,0.0,0,0.16,100.0,0.0,0.0,0.0,0.02205482936045411,Sobe,0.16
2025,Athletico-PR,S. Mendoza,ED,33.0,172.0,1612,0.4135936370209689,2027-12-31,0.0,0,1.06,47.37,0.25,1.73,2.07,0.02205482936045411,Sobe,0.5021220000000001
2025,Athletico-PR,Arthur Dias,ZE,18.0,,1529,0.39229818300562125,2028-12-31,0.0,0,3.3,67.86,0.04,0.59,0.65,0.02205482936045411,Sobe,2.2393799999999997
2025,Athletico-PR,J. Aguirre,ZD,29.0,185.0,1310,0.33610897301331844,2027-12-31,0.0,0,5.36,48.72,0.05,0.27,0.55,0.02205482936045411,Sobe,2.6113920000000004
2025,Athletico-PR,Kauã Moraes,LD,18.0,,1217,0.31224780164672405,2030-08-31,0.0,0,1.55,38.1,0.09,0.96,1.33,0.02205482936045411,Sobe,0.59055
2025,Athletico-PR,Habraão,ZD,24.0,187.0,1204,0.30891236909010333,2028-02-28,0.0,0,6.65,60.67,0.04,0.67,0.97,0.02205482936045411,Sobe,4.034555
2025,Athletico-PR,Lucas Belezi,ZD,22.0,186.0,1120,0.287360343339631,2028-11-30,0.0,0,3.78,61.7,0.01,0.16,0.16,0.02205482936045411,Sobe,2.3322599999999998
2025,Athletico-PR,Léo Derik,LE,20.0,,1066,0.2735054696428988,2029-12-31,0.0,0,2.53,53.33,0.09,0.34,1.44,0.02205482936045411,Sobe,1.3492489999999997
2025,Athletico-PR,Raul,VOL,29.0,180.0,995,0.2552888764490472,2027-12-31,0.0,0,2.17,50.0,0.02,0.45,0.0,0.02205482936045411,Sobe,1.085
2025,Athletico-PR,J. Mendoza Valencia,ED,32.0,,978,0.2509271569519278,,0.0,0,1.29,35.71,0.23,1.29,1.56,0.02205482936045411,Sobe,0.460659
2025,Athletico-PR,Dudu Kogitzki,MED,19.0,176.0,967,0.2481048678655564,2029-12-31,0.0,0,1.95,28.57,0.16,1.12,1.58,0.02205482936045411,Sobe,0.557115
2025,Athletico-PR,Leozinho,ED,26.0,173.0,944,0.242203717957689,2028-12-31,0.0,0,2.38,40.0,0.23,3.15,2.86,0.02205482936045411,Sobe,0.9519999999999998
2025,Atlético-GO,Paulo Vítor,GOL,36.0,195.0,2419,0.6535589723436656,2026-11-30,0.0,0,0.93,80.0,0.0,0.04,0.0,-0.17129172835880957,Meio,0.7440000000000001
2025,Atlético-GO,Robert,MEI,22.0,180.0,2192,0.592228717394508,2027-12-31,0.0,0,1.11,40.74,0.12,2.05,1.56,-0.17129172835880957,Meio,0.452214
2025,Atlético-GO,Luizão,VOL,27.0,184.0,2159,0.5833128653534411,2026-11-30,0.0,0,1.71,53.66,0.04,0.58,0.38,-0.17129172835880957,Meio,0.9175859999999999
2025,Atlético-GO,Adriano Martins,ZE,28.0,193.0,1955,0.5281966890995726,2026-12-31,0.0,0,2.95,59.38,0.09,0.46,0.55,-0.17129172835880957,Meio,1.75171
2025,Atlético-GO,F. Martínez,ED,29.0,175.0,1911,0.51630888637815,2026-12-31,0.0,0,3.53,40.0,0.29,1.84,3.49,-0.17129172835880957,Meio,1.412
2025,Atlético-GO,Kauan,MEI,20.0,174.0,1782,0.4814560102176155,2028-05-31,0.0,0,1.52,20.0,0.06,1.06,0.51,-0.17129172835880957,Meio,0.304
2025,Atlético-GO,Tito,ZD,24.0,184.0,1399,0.3779780910743233,2028-11-30,0.0,0,3.6,57.14,0.05,0.32,0.45,-0.17129172835880957,Meio,2.05704
2025,Atlético-GO,Ronald,VOL,22.0,188.0,1350,0.3647394016800118,2027-12-31,0.0,0,2.2,51.52,0.04,0.47,0.47,-0.17129172835880957,Meio,1.1334400000000002
2025,Atlético-GO,Sandro Lima,CA,34.0,186.0,1203,0.3250233334970771,,0.0,0,6.96,29.03,0.14,1.5,2.84,-0.17129172835880957,Meio,2.020488
2025,Atlético-GO,Rhaldney,VOL,26.0,179.0,1193,0.3223215601512993,2028-06-30,0.0,0,1.81,50.0,0.05,0.98,0.91,-0.17129172835880957,Meio,0.905
2025,Atlético-GO,Matheus Felipe,ZE,26.0,186.0,1155,0.3120548214373434,2027-12-31,0.0,0,2.65,61.76,0.06,0.31,0.47,-0.17129172835880957,Meio,1.6366399999999999
2025,Atlético-GO,Marcelinho,EE,22.0,164.0,1150,0.31070393476445446,,0.0,0,1.25,18.75,0.22,2.74,1.57,-0.17129172835880957,Meio,0.234375
2025,Atlético-GO,Vladimir,GOL,36.0,191.0,1124,0.303679324065432,2026-11-30,0.0,0,0.08,100.0,0.0,0.0,0.0,-0.17129172835880957,Meio,0.08
2025,Atlético-GO,Willian Maranhão,VOL,29.0,179.0,1084,0.29287223068232054,2027-11-30,0.0,0,3.49,35.71,0.05,0.91,0.42,-0.17129172835880957,Meio,1.2462790000000001
2025,Atlético-GO,Ruan,LD,30.0,174.0,1040,0.28098442796089795,,0.0,0,1.04,41.67,0.0,0.09,0.95,-0.17129172835880957,Meio,0.43336800000000003
2025,Atlético-GO,Yuri Alves,EE,18.0,,1011,0.27314928525814214,,0.0,0,2.05,21.74,0.13,2.76,1.96,-0.17129172835880957,Meio,0.44566999999999996
2025,Atlético-GO,Kelvin,ED,28.0,174.0,1010,0.27287910792356435,2026-11-30,0.0,0,0.98,27.27,0.06,0.89,1.6,-0.17129172835880957,Meio,0.267246
2025,Atlético-GO,Jean Dias,LD,34.0,170.0,962,0.2599105958638306,2026-11-30,0.0,0,0.94,20.0,0.12,1.87,1.31,-0.17129172835880957,Meio,0.18799999999999997
2025,Avaí,Marquinhos Gabriel,EE,34.0,174.0,3629,0.9480146290491118,2027-11-30,0.0,0,0.97,23.08,0.12,1.19,1.59,0.13789190342337299,Meio,0.223876
2025,Avaí,Marcos Vinicius,LD,28.0,176.0,2980,0.7784743991640544,2026-12-31,0.0,0,2.99,45.45,0.02,0.42,0.72,0.13789190342337299,Meio,1.3589550000000004
2025,Avaí,João Vitor,ED,27.0,177.0,2869,0.7494775339602926,2026-12-31,0.0,0,1.38,47.73,0.08,2.45,0.38,0.13789190342337299,Meio,0.6586739999999999
2025,Avaí,Zé Ricardo,VOL,29.0,176.0,2580,0.6739811912225705,2026-12-31,0.0,0,2.62,46.67,0.02,0.49,0.24,0.13789190342337299,Meio,1.2227540000000001
2025,Avaí,César Augusto,GOL,30.0,192.0,2193,0.572884012539185,2027-12-31,0.0,0,0.41,80.0,0.0,0.0,0.0,0.13789190342337299,Meio,0.32799999999999996
2025,Avaí,Emerson Negueba,EE,24.0,175.0,2076,0.542319749216301,2026-12-31,0.0,0,2.86,42.42,0.2,2.17,2.34,0.13789190342337299,Meio,1.213212
2025,Avaí,Mário Sérgio,LE,31.0,179.0,1913,0.4997387669801463,2026-11-30,0.0,0,2.63,41.07,0.04,0.42,1.04,0.13789190342337299,Meio,1.080141
2025,Avaí,Igor Bohn,GOL,29.0,193.0,1344,0.3510971786833856,2026-12-31,0.0,0,0.6,100.0,0.0,0.0,0.0,0.13789190342337299,Meio,0.6
2025,Avaí,DG,LE,24.0,,1258,0.3286311389759666,2026-11-30,0.0,0,3.43,56.25,0.02,0.86,0.72,0.13789190342337299,Meio,1.929375
2025,Avaí,Andrey,LE,23.0,183.0,1189,0.3106060606060606,2027-06-30,0.0,0,2.5,39.39,0.08,0.83,1.82,0.13789190342337299,Meio,0.9847499999999999
2025,Avaí,Alef Manga,CA,30.0,190.0,1096,0.28631138975966564,2026-12-31,0.0,0,2.63,28.13,0.38,2.79,3.78,0.13789190342337299,Meio,0.739819
2025,Botafogo-SP,Victor Souza,GOL,33.0,191.0,3425,0.8963195584421765,2027-12-31,0.0,0,0.34,61.54,0.0,0.0,0.0,-0.16081920676051564,Meio,0.209236
2025,Botafogo-SP,G. Risso,LE,29.0,179.0,3013,0.7884995122879642,2026-12-31,0.0,0,0.75,20.0,0.01,0.15,0.21,-0.16081920676051564,Meio,0.15
2025,Botafogo-SP,Jefferson Nem,EE,29.0,166.0,2512,0.657388242571313,2026-12-31,0.0,0,1.97,34.55,0.13,1.79,1.86,-0.16081920676051564,Meio,0.6806349999999999
2025,Botafogo-SP,Jeferson,LD,29.0,170.0,2285,0.5979825375300359,2026-10-31,0.0,0,3.27,42.17,0.0,0.08,0.43,-0.16081920676051564,Meio,1.378959
2025,Botafogo-SP,Jonathan Cafú,ED,34.0,175.0,2026,0.5302024599719268,2026-11-30,0.0,0,2.84,32.81,0.1,0.58,1.69,-0.16081920676051564,Meio,0.9318040000000001
2025,Botafogo-SP,A. Dramisino,MEI,25.0,173.0,1668,0.4365141674398687,2027-12-31,0.0,0,1.62,30.0,0.06,1.13,1.19,-0.16081920676051564,Meio,0.486
2025,Botafogo-SP,Carlão,ZE,24.0,186.0,1550,0.40563366878405066,2028-12-31,0.0,0,3.83,66.67,0.02,0.41,0.46,-0.16081920676051564,Meio,2.553461
2025,Botafogo-SP,Marquinho,MEI,23.0,181.0,1504,0.3935955082911046,2028-06-30,0.0,0,1.91,18.75,0.21,1.62,0.84,-0.16081920676051564,Meio,0.358125
2025,Botafogo-SP,Wallison,LD,24.0,177.0,1425,0.3729212761401756,2026-11-30,0.0,0,2.84,46.67,0.04,0.88,0.95,-0.16081920676051564,Meio,1.325428
2025,Botafogo-SP,Rafael Milhorim,ZE,26.0,,1261,0.33000261699141153,2026-10-31,0.0,0,4.21,64.41,0.01,0.21,0.29,-0.16081920676051564,Meio,2.711661
2025,Botafogo-SP,Edson Felipe,ZD,34.0,183.0,1170,0.3061879951466705,,0.0,0,4.92,43.75,0.02,0.15,0.31,-0.16081920676051564,Meio,2.1525
2025,Botafogo-SP,G. Barros,ED,23.0,182.0,1005,0.26300763685675543,2027-12-31,0.0,0,4.84,33.33,0.1,1.52,1.07,-0.16081920676051564,Meio,1.6131719999999998
2025,Botafogo-SP,R. Carrillo,CA,28.0,186.0,987,0.2582970523160374,2026-12-31,0.0,0,8.94,31.63,0.39,1.82,2.74,-0.16081920676051564,Meio,2.827722
2025,Botafogo-SP,S. Abdulai,VOL,26.0,187.0,915,0.23945471415316538,2028-06-30,0.0,0,2.85,37.93,0.0,0.3,0.2,-0.16081920676051564,Meio,1.081005
2025,CRB,Matheus Albino,GOL,30.0,187.0,3593,0.9422577184408154,2028-12-31,0.0,0,0.65,92.31,0.0,0.0,0.0,0.026058706010148702,Meio,0.600015
2025,CRB,Matheus Ribeiro,LE,32.0,178.0,3468,0.909476695672905,2026-11-30,0.0,0,1.09,35.71,0.04,0.57,1.04,0.026058706010148702,Meio,0.38923900000000006
2025,CRB,Henri,ZD,23.0,187.0,3450,0.9047562283943259,2027-12-31,0.0,0,4.12,65.19,0.08,0.6,0.76,0.026058706010148702,Meio,2.6858280000000003
2025,CRB,Higor Meritão,VOL,31.0,186.0,3283,0.8609607819763977,2027-11-30,0.0,0,2.52,47.83,0.08,1.23,0.8,0.026058706010148702,Meio,1.205316
2025,CRB,Danielzinho,MED,29.0,173.0,2834,0.7432113481940636,2026-12-31,0.0,0,0.35,18.18,0.08,1.18,1.81,0.026058706010148702,Meio,0.06362999999999999
2025,CRB,L. Segovia,ZE,27.0,182.0,2047,0.5368220288473,2026-12-31,0.0,0,3.34,48.68,0.06,0.44,0.31,0.026058706010148702,Meio,1.6259119999999998
2025,CRB,Gegé,MED,31.0,175.0,2007,0.5263321015615687,2026-12-31,0.0,0,1.48,21.21,0.12,2.47,1.57,0.026058706010148702,Meio,0.313908
2025,CRB,Léo Campos,LE,33.0,180.0,1705,0.4471331505542973,2027-11-30,0.0,0,2.48,51.06,0.04,1.0,0.42,0.026058706010148702,Meio,1.266288
2025,CRB,Crystopher,MED,27.0,174.0,1704,0.44687090237215404,2026-12-31,0.0,0,1.69,34.38,0.05,1.53,1.21,0.026058706010148702,Meio,0.581022
2025,CRB,Fabio Alemão,ZE,28.0,184.0,1662,0.4358564787221362,2026-11-30,0.0,0,2.71,58.0,0.07,0.43,0.54,0.026058706010148702,Meio,1.5718
2025,CRB,Weverton,LD,26.0,180.0,1605,0.42090833233996905,2026-11-30,0.0,0,0.73,69.23,0.01,0.28,0.62,0.026058706010148702,Meio,0.505379
2025,CRB,Douglas Baggio,ED,30.0,172.0,1502,0.3938967695792109,2026-11-30,0.0,0,3.12,38.46,0.23,2.52,2.64,0.026058706010148702,Meio,1.1999520000000001
2025,CRB,William Pottker,CA,31.0,182.0,1411,0.3700321850041721,2026-11-30,0.0,0,3.57,30.36,0.29,2.04,3.83,0.026058706010148702,Meio,1.083852
2025,CRB,Dadá Belmonte,EE,28.0,166.0,1322,0.34669209679341995,2026-11-30,0.0,0,1.57,30.43,0.21,2.04,2.04,0.026058706010148702,Meio,0.47775100000000004
2025,Chapecoense,W. Clar,LE,30.0,177.0,3795,0.9793778153153153,2028-12-31,0.0,0,2.23,50.0,0.15,0.74,1.35,0.3687618280363034,Sobe,1.115
2025,Chapecoense,João Paulo,ZE,28.0,187.0,2874,0.7416948198198198,2026-12-31,0.0,0,4.54,64.14,0.06,0.34,0.47,0.3687618280363034,Sobe,2.911956
2025,Chapecoense,Giovanni Augusto,MEI,35.0,177.0,2556,0.6596283783783784,2027-12-31,0.0,0,1.34,42.11,0.08,1.16,1.51,0.3687618280363034,Sobe,0.564274
2025,Chapecoense,Léo Vieira,GOL,34.0,193.0,2432,0.6276276276276276,2026-12-31,0.0,0,0.7,100.0,0.0,0.0,0.0,0.3687618280363034,Sobe,0.7
2025,Chapecoense,Bruno Matias,MED,26.0,172.0,2389,0.6165305930930931,2026-12-31,0.0,0,0.75,50.0,0.02,0.6,0.26,0.3687618280363034,Sobe,0.375
2025,Chapecoense,Bruno Leonardo,ZD,29.0,187.0,2314,0.5971753003003003,,0.0,0,4.04,57.69,0.04,0.27,0.35,0.3687618280363034,Sobe,2.330676
2025,Chapecoense,Maílton,LD,27.0,169.0,1759,0.4539461336336336,2027-12-31,0.0,0,1.53,33.33,0.09,2.51,2.05,0.3687618280363034,Sobe,0.509949
2025,Chapecoense,Italo,CA,22.0,,1494,0.3855574324324324,2027-11-30,0.0,0,3.37,30.36,0.24,2.29,3.86,0.3687618280363034,Sobe,1.023132
2025,Chapecoense,Rafael Santos,GOL,36.0,191.0,1428,0.36852477477477474,2026-12-31,0.0,0,0.5,75.0,0.0,0.0,0.0,0.3687618280363034,Sobe,0.375
2025,Chapecoense,Everton,LD,30.0,,1102,0.28439376876876876,2026-12-31,0.0,0,3.35,36.59,0.1,1.06,1.55,0.3687618280363034,Sobe,1.225765
2025,Chapecoense,J. Jiménez,MED,32.0,181.0,1000,0.2580705705705706,2026-11-30,0.0,0,3.51,56.41,0.03,0.54,0.27,0.3687618280363034,Sobe,1.9799909999999996
2025,Chapecoense,Pedro Martins,MED,25.0,175.0,928,0.23948948948948948,2026-12-31,0.0,0,2.81,51.72,0.06,0.97,0.39,0.3687618280363034,Sobe,1.453332
2025,Coritiba,S. Gómez,MED,29.0,172.0,3149,0.8142689233662435,2028-12-31,0.0,0,2.0,32.86,0.08,1.2,1.23,0.3020744628088641,Sobe,0.6572
2025,Coritiba,Jacy,ZE,28.0,192.0,3017,0.7801363422661024,2028-12-31,0.0,0,5.43,65.93,0.07,0.6,0.92,0.3020744628088641,Sobe,3.5799990000000004
2025,Coritiba,Pedro Morisco,GOL,21.0,190.0,2993,0.7739304184297132,2027-12-31,0.0,0,0.39,100.0,0.0,0.0,0.0,0.3020744628088641,Sobe,0.39
2025,Coritiba,Zeca,LE,31.0,170.0,2964,0.7664315937940761,2026-12-31,0.0,0,1.28,40.48,0.01,0.18,0.18,0.3020744628088641,Sobe,0.5181439999999999
2025,Coritiba,Josué,MEI,34.0,174.0,2952,0.7633286318758815,2026-12-31,0.0,0,0.98,21.88,0.14,1.55,1.13,0.3020744628088641,Sobe,0.214424
2025,Coritiba,Lucas Ronier,ED,20.0,165.0,2612,0.6754113775270334,2027-12-31,0.0,0,2.17,34.92,0.19,2.31,3.1,0.3020744628088641,Sobe,0.757764
2025,Coritiba,Bruno Melo,LE,32.0,186.0,2350,0.6076633756464503,2026-12-31,0.0,0,2.57,64.18,0.09,0.65,0.69,0.3020744628088641,Sobe,1.649426
2025,Coritiba,Filipe Machado,VOL,29.0,174.0,2056,0.5316408086506816,2027-12-31,0.0,0,1.49,50.0,0.02,0.44,0.13,0.3020744628088641,Sobe,0.745
2025,Coritiba,Iury,EE,29.0,183.0,1613,0.4170897978373295,2028-06-30,0.0,0,2.29,34.15,0.17,1.51,2.29,0.3020744628088641,Sobe,0.7820349999999999
2025,Coritiba,Wallisson,VOL,27.0,184.0,1604,0.4147625763986836,2027-12-31,0.0,0,2.64,46.81,0.1,1.35,0.84,0.3020744628088641,Sobe,1.2357840000000002
2025,Coritiba,Dellatorre,CA,33.0,181.0,1390,0.35942642219087917,2027-11-30,0.0,0,4.53,27.14,0.34,1.88,3.04,0.3020744628088641,Sobe,1.2294420000000001
2025,Coritiba,Clayson,EE,30.0,166.0,1234,0.3190879172543488,2026-11-30,0.0,0,1.09,33.33,0.1,0.95,1.39,0.3020744628088641,Sobe,0.36329700000000004
2025,Coritiba,Vini Paulista,MED,24.0,179.0,1167,0.30176304654442876,2027-12-31,0.0,0,0.93,33.33,0.13,1.16,1.77,0.3020744628088641,Sobe,0.309969
2025,Coritiba,C. de Pena,MED,33.0,177.0,919,0.23763516690173953,2026-11-30,0.0,0,2.35,54.17,0.04,1.37,1.27,0.3020744628088641,Sobe,1.272995
2025,Criciúma,Luciano Castán,ZE,35.0,187.0,3532,0.9138206792736853,2026-12-31,0.0,0,4.31,61.54,0.03,0.31,0.56,0.16389233609701992,Meio,2.652374
2025,Criciúma,Diego Gonçalves,EE,30.0,182.0,3198,0.8274061529777025,,0.0,0,5.32,37.57,0.3,2.0,3.01,0.16389233609701992,Meio,1.998724
2025,Criciúma,Alisson,GOL,30.0,188.0,2756,0.7130492050051745,2026-12-31,0.0,0,0.46,100.0,0.0,0.0,0.0,0.16389233609701992,Meio,0.46
2025,Criciúma,Marcinho,LD,29.0,178.0,2655,0.686917866215072,2027-12-31,0.0,0,2.41,38.03,0.04,1.15,0.95,0.16389233609701992,Meio,0.9165230000000001
2025,Criciúma,Matheus Trindade,MED,29.0,175.0,2459,0.636207545394675,2026-11-30,0.0,0,3.7,50.5,0.04,0.81,0.55,0.16389233609701992,Meio,1.8685000000000003
2025,Criciúma,Guilherme Lobo,MED,25.0,,2140,0.5536739109982125,2027-12-31,0.0,0,2.23,33.96,0.06,0.88,0.42,0.16389233609701992,Meio,0.757308
2025,Criciúma,Felipinho,LE,28.0,177.0,1977,0.5115015523567599,2027-12-31,0.0,0,2.0,47.73,0.02,0.82,1.14,0.16389233609701992,Meio,0.9545999999999999
2025,Criciúma,Léo Naldi,MED,23.0,176.0,1904,0.49261454511242825,2027-12-31,0.0,0,3.59,44.74,0.08,1.18,0.99,0.16389233609701992,Meio,1.606166
2025,Criciúma,Luiz Henrique,LE,26.0,177.0,1078,0.27890676451218366,2026-11-30,0.0,0,2.92,40.0,0.0,0.25,0.33,0.16389233609701992,Meio,1.168
2025,Criciúma,Kauã Moroso,GOL,21.0,189.0,1057,0.2734735158528554,2027-12-31,0.0,0,0.68,100.0,0.0,0.0,0.0,0.16389233609701992,Meio,0.68
2025,Criciúma,Benevenuto,ZD,29.0,181.0,1029,0.2662291843070844,2026-11-30,0.0,0,4.2,62.5,0.05,0.26,0.7,0.16389233609701992,Meio,2.625
2025,Criciúma,B. Borasi,EE,27.0,171.0,993,0.256915043748236,2027-06-30,0.0,0,1.81,40.0,0.21,1.99,2.99,0.16389233609701992,Meio,0.7240000000000001
2025,Cuiabá,Denilson,MED,24.0,180.0,3056,0.7970220736420324,2028-12-31,0.0,0,1.53,40.38,0.03,0.88,0.44,-0.047812121412182496,Meio,0.6178140000000001
2025,Cuiabá,Mateusinho,LD,26.0,175.0,2859,0.7456433601251867,2028-12-31,0.0,0,3.75,54.62,0.06,1.04,0.91,-0.047812121412182496,Meio,2.04825
2025,Cuiabá,Max,LE,24.0,175.0,2680,0.6989591483509969,2028-12-31,0.0,0,1.71,29.41,0.09,1.85,0.97,-0.047812121412182496,Meio,0.502911
2025,Cuiabá,Sander,LE,34.0,176.0,2077,0.5416933399720226,2026-11-30,0.0,0,2.95,47.06,0.0,0.43,0.39,-0.047812121412182496,Meio,1.3882700000000003
2025,Cuiabá,Calebe Costa,ZD,22.0,187.0,1965,0.5124831069066078,2026-11-30,0.0,0,2.98,55.38,0.02,0.5,0.18,-0.047812121412182496,Meio,1.650324
2025,Cuiabá,Mateus Pasinato,GOL,33.0,192.0,1826,0.4762311212272091,2027-06-30,0.0,0,0.39,100.0,0.0,0.0,0.0,-0.047812121412182496,Meio,0.39
2025,Cuiabá,Alisson Safira,CA,30.0,185.0,1742,0.45432344642814804,2027-12-31,0.0,0,8.16,45.57,0.57,2.69,3.41,-0.047812121412182496,Meio,3.718512
2025,Cuiabá,David,MED,18.0,,1664,0.4339806055433056,2028-12-31,0.0,0,3.89,37.5,0.12,1.62,1.41,-0.047812121412182496,Meio,1.45875
2025,Cuiabá,A. Martínez,ED,28.0,171.0,1432,0.3734736941935178,2026-12-31,0.0,0,0.94,26.67,0.14,2.39,1.7,-0.047812121412182496,Meio,0.25069800000000003
2025,Cuiabá,Luan Polli,GOL,32.0,190.0,1404,0.36617113592716405,2026-11-30,0.0,0,0.32,100.0,0.0,0.0,0.0,-0.047812121412182496,Meio,0.32
2025,Cuiabá,Derik Lacerda,CA,25.0,191.0,1369,0.35704293809422194,2028-12-31,0.0,0,4.54,44.93,0.31,2.04,2.89,-0.047812121412182496,Meio,2.039822
2025,Ferroviária,Dênis Júnior,GOL,27.0,188.0,3824,1.0017623243629434,2026-12-31,0.0,0,0.45,94.74,0.0,0.0,0.0,-0.1029515506356915,Cai,0.42632999999999993
2025,Ferroviária,Lucas Rodrigues,LD,26.0,178.0,3319,0.8694689211717075,2026-09-30,0.0,0,4.2,50.97,0.03,0.79,0.57,-0.1029515506356915,Cai,2.14074
2025,Ferroviária,Ricardinho,VOL,36.0,174.0,2976,0.7796141938556799,2026-12-31,0.0,0,1.66,36.36,0.04,0.57,0.21,-0.1029515506356915,Cai,0.603576
2025,Ferroviária,Ronaldo Alves,ZE,36.0,187.0,2865,0.7505358418671112,,0.0,0,3.74,57.14,0.01,0.13,0.38,-0.1029515506356915,Cai,2.137036
2025,Ferroviária,Netinho,MED,27.0,180.0,2462,0.6449630864491546,2027-12-31,0.0,0,1.06,31.03,0.1,2.6,0.29,-0.1029515506356915,Cai,0.32891800000000004
2025,Ferroviária,Alencar,MED,23.0,,2457,0.6436532507739938,2027-12-31,0.0,0,1.76,43.75,0.04,0.66,0.44,-0.1029515506356915,Cai,0.77
2025,Ferroviária,Albano,MEI,28.0,178.0,1667,0.43669921409859486,2027-12-31,0.0,0,0.92,11.76,0.09,2.11,2.32,-0.1029515506356915,Cai,0.10819200000000001
2025,Ferroviária,Maycon,ZE,27.0,188.0,1497,0.3921648011431293,2028-11-30,0.0,0,2.77,65.22,0.03,0.24,0.24,-0.1029515506356915,Cai,1.806594
2025,Ferroviária,Zé Mário,LE,33.0,175.0,1406,0.3683257918552036,2026-10-31,0.0,0,3.07,45.83,0.05,0.9,0.96,-0.1029515506356915,Cai,1.4069809999999998
2025,Ferroviária,Edson Lucas,LE,25.0,176.0,1228,0.3216956418194808,2027-11-30,0.0,0,2.86,71.79,0.05,0.37,0.59,-0.1029515506356915,Cai,2.053194
2025,Ferroviária,Fabrício Daniel,ED,27.0,182.0,1105,0.2894736842105263,2026-11-30,0.0,0,2.28,35.71,0.27,2.28,2.85,-0.1029515506356915,Cai,0.8141879999999999
2025,Ferroviária,Eric,LE,24.0,180.0,1104,0.28921171707549415,2026-11-30,0.0,0,3.99,57.14,0.03,0.49,0.9,-0.1029515506356915,Cai,2.2798860000000003
2025,Goiás,Tadeu,GOL,33.0,184.0,3753,0.9839593860234532,2029-12-31,0.0,0,0.53,90.91,0.07,0.1,0.0,0.18432141977477623,Meio,0.481823
2025,Goiás,Juninho,MED,37.0,170.0,3274,0.8583754409381257,2026-12-31,0.0,0,2.12,25.97,0.07,0.52,1.73,0.18432141977477623,Meio,0.550564
2025,Goiás,Willean Lepo,LE,28.0,180.0,2962,0.7765754600057203,2027-12-31,0.0,0,3.1,47.06,0.04,0.79,1.31,0.18432141977477623,Meio,1.4588600000000003
2025,Goiás,Lucas Ribeiro,ZE,26.0,190.0,2165,0.567618457431595,2026-12-31,0.0,0,3.08,45.95,0.04,0.42,0.42,0.18432141977477623,Meio,1.4152600000000002
2025,Goiás,Diego Caito,LD,21.0,180.0,2154,0.5647344837448756,2026-12-31,0.0,0,2.88,46.38,0.03,1.13,1.0,0.18432141977477623,Meio,1.335744
2025,Goiás,Welliton Matheus,ED,25.0,180.0,2111,0.5534607684240633,2026-11-30,0.0,0,3.62,32.94,0.18,1.24,2.56,0.18432141977477623,Meio,1.1924279999999998
2025,Goiás,Marcão,VOL,34.0,183.0,1839,0.482147964534274,2026-11-30,0.0,0,4.85,46.46,0.07,0.83,1.13,0.18432141977477623,Meio,2.25331
2025,Goiás,Pedrinho,EE,21.0,182.0,1624,0.42577938793021264,2027-12-31,0.0,0,2.22,17.5,0.1,1.16,2.44,0.18432141977477623,Meio,0.3885
2025,Goiás,Titi,ZE,37.0,188.0,1414,0.3707217084564782,2026-11-30,0.0,0,2.74,46.51,0.02,0.38,0.57,0.18432141977477623,Meio,1.2743740000000001
2025,Goiás,Wellington Rato,MEI,33.0,172.0,1398,0.3665268376394318,2027-12-31,0.0,0,1.42,36.36,0.12,1.93,1.09,0.18432141977477623,Meio,0.516312
2025,Goiás,Rodrigo Andrade,VOL,28.0,174.0,911,0.23884545714558109,2026-11-30,0.0,0,1.58,25.0,0.09,1.28,0.59,0.18432141977477623,Meio,0.395
2025,Novorizontino,Airton,GOL,31.0,188.0,3310,0.8490148070420893,2026-11-30,0.0,0,0.68,92.0,0.0,0.0,0.0,0.23969321997361304,Meio,0.6256
2025,Novorizontino,Patrick,ZE,26.0,183.0,2758,0.7074268392211729,2027-12-31,0.0,0,5.16,64.56,0.05,0.39,0.62,0.23969321997361304,Meio,3.3312960000000005
2025,Novorizontino,Rodrigo Soares,LD,32.0,176.0,2741,0.7030663402121954,2026-11-30,0.0,0,1.41,34.88,0.03,0.85,0.72,0.23969321997361304,Meio,0.49180799999999997
2025,Novorizontino,Luís Oyama,MED,28.0,171.0,2530,0.6489448525125335,2027-12-31,0.0,0,1.6,33.33,0.08,1.07,1.25,0.23969321997361304,Meio,0.53328
2025,Novorizontino,Fábio Matheus,MED,22.0,182.0,2405,0.6168823597994637,2026-12-31,0.0,0,2.4,51.56,0.03,0.9,0.52,0.23969321997361304,Meio,1.23744
2025,Novorizontino,Matheus Frizzo,MEI,27.0,182.0,2403,0.6163693599160546,,0.0,0,2.7,25.0,0.22,2.7,1.35,0.23969321997361304,Meio,0.675
2025,Novorizontino,Jean Irmer,MED,30.0,183.0,1813,0.4650343943103649,2026-12-31,0.0,0,2.98,65.0,0.09,1.89,0.65,0.23969321997361304,Meio,1.9369999999999998
2025,Novorizontino,Mayk,LE,25.0,172.0,1739,0.4460533986242276,2027-12-31,0.0,0,2.69,59.62,0.01,0.41,0.57,0.23969321997361304,Meio,1.6037779999999997
2025,Novorizontino,Robson,CA,34.0,179.0,1592,0.4083479071936575,2026-12-31,0.0,0,7.35,31.54,0.46,2.26,2.88,0.23969321997361304,Meio,2.31819
2025,Novorizontino,Waguininho,ED,35.0,177.0,1505,0.38603241226536084,2026-11-30,0.0,0,5.98,31.0,0.27,1.79,3.17,0.23969321997361304,Meio,1.8538000000000003
2025,Novorizontino,Pablo Dyego,EE,31.0,174.0,1248,0.32011192724728926,2026-11-30,0.0,0,2.31,40.63,0.21,2.09,2.24,0.23969321997361304,Meio,0.9385530000000002
2025,Novorizontino,Rômulo,MEI,23.0,175.0,1055,0.2706074384983094,2028-12-31,0.0,0,2.9,29.41,0.25,2.13,1.96,0.23969321997361304,Meio,0.85289
2025,Novorizontino,Raí Ramos,LD,31.0,179.0,1005,0.2577824414130815,2027-12-31,0.0,0,1.16,53.85,0.04,1.61,0.45,0.23969321997361304,Meio,0.62466
2025,Novorizontino,Marlon,MED,35.0,175.0,973,0.24957444327853562,2026-11-30,0.0,0,1.85,15.0,0.08,1.29,0.92,0.23969321997361304,Meio,0.2775
2025,Novorizontino,Patrick Brey,LE,28.0,177.0,959,0.2459834440946718,2026-11-30,0.0,0,2.91,32.26,0.02,0.66,1.41,0.23969321997361304,Meio,0.938766
2025,Operário-PR,Elias,GOL,30.0,186.0,3330,0.8804653510564142,2026-11-30,0.0,0,0.3,100.0,0.0,0.0,0.0,-0.16974957944782654,Meio,0.3
2025,Operário-PR,Boschilia,CA,29.0,173.0,3228,0.8534961421051367,2027-11-30,0.0,0,1.09,20.51,0.22,2.51,0.92,-0.16974957944782654,Meio,0.223559
2025,Operário-PR,Juan Zuluaga,MED,32.0,176.0,2511,0.663918467418215,2027-11-30,0.0,0,1.83,43.14,0.07,0.75,0.65,-0.16974957944782654,Meio,0.789462
2025,Operário-PR,Miranda,ZD,25.0,181.0,2379,0.62901713818715,2026-11-30,0.0,0,3.67,50.52,0.05,0.61,0.64,-0.16974957944782654,Meio,1.854084
2025,Operário-PR,Rodrigo Rodrigues,EE,25.0,178.0,2149,0.5682042160421124,2026-12-31,0.0,0,2.55,34.43,0.15,2.64,2.43,-0.16974957944782654,Meio,0.877965
2025,Operário-PR,Cristiano,LE,31.0,178.0,1935,0.5116217580462947,2026-12-31,0.0,0,2.09,57.78,0.01,0.28,0.6,-0.16974957944782654,Meio,1.207602
2025,Operário-PR,Joseph,ZD,30.0,186.0,1899,0.5021032137105498,2027-07-30,0.0,0,3.79,50.0,0.04,0.38,0.38,-0.16974957944782654,Meio,1.895
2025,Operário-PR,Gabriel Feliciano,LE,24.0,,1608,0.42516164699661085,2026-12-31,0.0,0,2.13,57.89,0.01,0.78,0.5,-0.16974957944782654,Meio,1.233057
2025,Operário-PR,Diogo Mateus,LD,32.0,173.0,1539,0.40691777035309956,2026-10-31,0.0,0,1.4,41.67,0.0,0.18,0.35,-0.16974957944782654,Meio,0.58338
2025,Operário-PR,Vinicius Mingotti,CA,25.0,190.0,1386,0.3664639569261832,2026-12-31,0.0,0,6.04,37.63,0.26,1.3,2.73,-0.16974957944782654,Meio,2.272852
2025,Operário-PR,Gabriel Souza,LD,22.0,,1230,0.32521693147128816,,0.0,0,3.07,52.38,0.02,0.37,1.02,-0.16974957944782654,Meio,1.608066
2025,Operário-PR,Jaime Giraldo,ZE,27.0,187.0,1066,0.28185467394178304,2027-06-30,0.0,0,3.97,59.57,0.07,0.51,0.51,-0.16974957944782654,Meio,2.364929
2025,Operário-PR,Allan Godói,ZD,32.0,187.0,1008,0.26651924140086053,2027-06-30,0.0,0,4.82,59.26,0.1,0.45,0.8,-0.16974957944782654,Meio,2.856332
2025,Operário-PR,Ademilson,CA,31.0,176.0,998,0.263875201307598,,0.0,0,2.71,23.33,0.31,2.43,2.71,-0.16974957944782654,Meio,0.6322429999999999
2025,Paysandu,Reverson,LE,28.0,175.0,2761,0.7428215036931957,2026-11-30,0.0,0,1.86,42.11,0.02,0.46,0.59,-0.6162871790296546,Cai,0.783246
2025,Paysandu,Marlon,ED,27.0,175.0,2176,0.5854326664383896,2026-11-30,0.0,0,1.86,22.22,0.18,1.36,1.78,-0.6162871790296546,Cai,0.413292
2025,Paysandu,Edílson,LD,30.0,171.0,2041,0.5491121655334344,2027-12-31,0.0,0,2.03,30.43,0.01,0.62,0.84,-0.6162871790296546,Cai,0.617729
2025,Paysandu,Thalisson,ZD,23.0,190.0,2039,0.5485740840385462,2027-12-31,0.0,0,4.94,61.61,0.07,0.26,0.49,-0.6162871790296546,Cai,3.043534
2025,Paysandu,Matheus Nogueira,GOL,27.0,191.0,1958,0.526781783495573,2028-12-31,0.0,0,0.51,100.0,0.0,0.0,0.0,-0.6162871790296546,Cai,0.51
2025,Paysandu,Gabriel Mesquita,GOL,26.0,197.0,1877,0.5049894829525999,2026-12-31,0.0,0,0.58,100.0,0.0,0.0,0.0,-0.6162871790296546,Cai,0.58
2025,Paysandu,Bryan,LD,28.0,175.0,1707,0.45925255588710073,2027-12-31,0.0,0,2.74,48.08,0.06,1.0,0.42,-0.6162871790296546,Cai,1.3173920000000001
2025,Paysandu,Leandro Vilela,VOL,30.0,178.0,1637,0.4404197035660128,2026-11-30,0.0,0,1.7,51.61,0.04,0.99,0.77,-0.6162871790296546,Cai,0.87737
2025,Paysandu,André Lima,MED,25.0,179.0,1581,0.4253534217091425,2026-11-30,0.0,0,1.14,50.0,0.06,1.14,0.51,-0.6162871790296546,Cai,0.57
2025,Paysandu,Luan Freitas,ZD,24.0,184.0,1552,0.4175512400332632,2027-12-31,0.0,0,3.42,54.24,0.04,0.35,0.75,-0.6162871790296546,Cai,1.855008
2025,Paysandu,J. Novillo,ZE,27.0,190.0,1361,0.36616445727143765,2027-12-31,0.0,0,3.24,71.43,0.04,0.26,0.53,-0.6162871790296546,Cai,2.3143320000000003
2025,Paysandu,Maurício Antônio,ZE,33.0,183.0,1342,0.3610526830699995,,0.0,0,4.76,60.56,0.05,0.6,0.47,-0.6162871790296546,Cai,2.882656
2025,Paysandu,Rossi,ED,32.0,167.0,1251,0.33656997505258524,,0.0,0,2.59,36.11,0.12,1.37,1.65,-0.6162871790296546,Cai,0.9352489999999999
2025,Paysandu,Anderson Leite,VOL,32.0,183.0,1199,0.32257985618549134,,0.0,0,2.4,46.88,0.09,1.28,1.43,-0.6162871790296546,Cai,1.12512
2025,Paysandu,Denner,MEI,25.0,183.0,1126,0.30293988162207114,,0.0,0,2.0,48.0,0.06,0.88,1.12,-0.6162871790296546,Cai,0.96
2025,Paysandu,J. Benítez,CA,32.0,182.0,994,0.2674265029594482,2026-12-31,0.0,0,7.24,42.5,0.27,2.99,3.62,-0.6162871790296546,Cai,3.077
2025,Paysandu,Matheus Vargas,MED,29.0,181.0,983,0.264467054737563,,0.0,0,2.38,53.85,0.11,1.92,1.28,-0.6162871790296546,Cai,1.28163
2025,Paysandu,Ronaldo Henrique,VOL,31.0,172.0,981,0.2639289732426747,2026-10-31,0.0,0,3.58,61.54,0.01,0.64,0.0,-0.6162871790296546,Cai,2.203132
2025,Remo,Marcelo Rangel,GOL,37.0,186.0,3670,0.9560233973524048,2026-12-31,0.0,0,0.47,94.74,0.0,0.0,0.0,0.10143384811159062,Sobe,0.4452779999999999
2025,Remo,Klaus,ZD,31.0,187.0,2644,0.6887536410353565,2027-11-30,0.0,0,3.54,62.5,0.02,0.2,0.34,0.10143384811159062,Sobe,2.2125
2025,Remo,Sávio,LE,30.0,173.0,2066,0.5381864683733156,2026-11-30,0.0,0,1.22,32.14,0.04,1.05,1.26,0.10143384811159062,Sobe,0.392108
2025,Remo,Pedro Castro,MED,32.0,180.0,1692,0.44076065076846566,2026-11-30,0.0,0,2.02,42.11,0.02,0.74,0.37,0.10143384811159062,Sobe,0.850622
2025,Remo,Janderson,ED,26.0,161.0,1383,0.36026712766713237,2027-11-30,0.0,0,2.28,22.86,0.1,1.17,1.69,0.10143384811159062,Sobe,0.521208
2025,Remo,Kayky Almeida,ZE,20.0,,1286,0.33499893433111516,2029-12-31,0.0,0,2.66,71.05,0.02,0.35,0.28,0.10143384811159062,Sobe,1.8899299999999999
2025,Remo,Nicolás Ferreira,EE,23.0,170.0,1244,0.3240580671134582,2027-06-30,0.0,0,2.6,22.22,0.09,1.3,1.16,0.10143384811159062,Sobe,0.57772
2025,Remo,Alan Rodríguez,LE,25.0,172.0,1168,0.3042603073862694,2026-12-31,0.0,0,1.46,68.42,0.0,0.39,0.46,0.10143384811159062,Sobe,0.9989319999999999
2025,Remo,Camutanga,ZD,31.0,189.0,1086,0.2828995666279868,2026-12-31,0.0,0,4.39,54.72,0.11,0.58,0.58,0.10143384811159062,Sobe,2.402208
2025,Remo,Nathan,LD,23.0,183.0,1029,0.26805124683259524,2026-12-31,0.0,0,2.71,48.39,0.0,0.35,0.52,0.10143384811159062,Sobe,1.311369
2025,Remo,Marrony,ED,26.0,181.0,947,0.24669050607431264,2026-12-31,0.0,0,3.71,15.38,0.33,1.81,2.19,0.10143384811159062,Sobe,0.570598
2025,Remo,Diego Hernández,ED,25.0,175.0,904,0.23548914201814003,2027-12-31,0.0,0,1.49,26.67,0.13,2.69,1.59,0.10143384811159062,Sobe,0.39738300000000004
2025,Vila Nova,Elias,LD,26.0,181.0,3331,0.8737153349071226,2026-12-31,0.0,0,4.11,52.63,0.03,0.7,0.86,-0.05517595873139092,Meio,2.1630930000000004
2025,Vila Nova,Halls,GOL,26.0,198.0,3252,0.852993776378854,2027-06-30,0.0,0,0.61,86.36,0.0,0.0,0.0,-0.05517595873139092,Meio,0.526796
2025,Vila Nova,Willian Formiga,LE,30.0,185.0,2750,0.7213200753511219,2026-12-31,0.0,0,3.99,59.84,0.02,0.43,0.52,-0.05517595873139092,Meio,2.387616
2025,Vila Nova,Dodô,MEI,24.0,171.0,2092,0.5487278536852899,2026-11-30,0.0,0,1.94,17.78,0.18,2.07,0.99,-0.05517595873139092,Meio,0.344932
2025,Vila Nova,Weverton,ZE,22.0,183.0,1761,0.4619071464339366,2027-12-31,0.0,0,3.32,52.31,0.09,0.2,0.41,-0.05517595873139092,Meio,1.736692
2025,Vila Nova,Júnior Todinho,ED,31.0,182.0,1580,0.4144311705653719,2026-11-30,0.0,0,4.61,40.74,0.16,1.48,1.94,-0.05517595873139092,Meio,1.8781140000000003
2025,Vila Nova,Guilherme Parede,EE,29.0,178.0,1511,0.3963325941292892,2027-12-31,0.0,0,0.83,28.57,0.1,1.61,1.25,-0.05517595873139092,Meio,0.237131
2025,Vila Nova,André Luis,CA,28.0,179.0,1267,0.33233183107995323,2026-11-30,0.0,0,3.62,19.61,0.12,1.07,2.56,-0.05517595873139092,Meio,0.709882
2025,Vila Nova,Jean Mota,MED,31.0,172.0,1211,0.31764313136371225,2026-11-30,0.0,0,1.64,59.09,0.1,1.78,0.22,-0.05517595873139092,Meio,0.969076
2025,Vila Nova,Walisson Maia,ZE,34.0,187.0,1179,0.3092495886687174,,0.0,0,4.5,61.02,0.0,0.0,0.0,-0.05517595873139092,Meio,2.7459000000000002
2025,Vila Nova,Vinícius Paiva,ED,24.0,174.0,1044,0.2738393304242077,2026-12-31,0.0,0,1.03,33.33,0.06,0.78,1.29,-0.05517595873139092,Meio,0.343299
2025,Volta Redonda,Sánchez,LE,29.0,178.0,2714,0.7135788894997251,2026-11-30,0.0,0,3.05,51.09,0.2,1.62,2.39,-0.14732887629476143,Cai,1.558245
2025,Volta Redonda,Raí,ED,23.0,175.0,2480,0.6520544016062337,2026-12-31,0.0,0,1.23,32.35,0.12,2.76,1.09,-0.14732887629476143,Cai,0.397905
2025,Volta Redonda,Jean Drosny,GOL,31.0,192.0,2194,0.5768578052919664,,0.0,0,0.16,75.0,0.0,0.0,0.0,-0.14732887629476143,Cai,0.12
2025,Volta Redonda,Jhonny,LD,23.0,179.0,2105,0.5534574658794846,2027-12-31,0.0,0,2.31,31.48,0.02,0.56,0.73,-0.14732887629476143,Cai,0.7271880000000001
2025,Volta Redonda,Pierre,MED,23.0,181.0,1809,0.4756316179458374,2029-12-31,0.0,0,1.49,50.0,0.04,0.8,0.7,-0.14732887629476143,Cai,0.745
2025,Volta Redonda,MV,EE,27.0,172.0,1757,0.46195950952506154,2027-12-31,0.0,0,1.13,22.73,0.19,2.41,2.61,-0.14732887629476143,Cai,0.256849
2025,Volta Redonda,Lucas Adell,ZE,25.0,188.0,1458,0.3833448861056003,2026-11-30,0.0,0,3.27,52.83,0.03,0.12,0.31,-0.14732887629476143,Cai,1.727541
2025,Volta Redonda,Vitinho,ED,24.0,182.0,1448,0.3807156344862203,2026-11-30,0.0,0,1.86,36.67,0.04,0.93,1.93,-0.14732887629476143,Cai,0.6820620000000001
2025,Volta Redonda,Jefferson Paulino,GOL,33.0,185.0,1394,0.36651767574156846,,0.0,0,0.32,100.0,0.0,0.0,0.0,-0.14732887629476143,Cai,0.32
2025,Volta Redonda,Bruno Barra,VOL,39.0,179.0,1346,0.3538972679685446,2026-11-20,0.0,0,3.01,33.33,0.07,0.8,0.6,-0.14732887629476143,Cai,1.0032329999999998
2025,Volta Redonda,Wellington Silva,LD,37.0,177.0,1282,0.33707005760451275,,0.0,0,2.11,43.33,0.01,0.21,0.49,-0.14732887629476143,Cai,0.9142629999999999
2025,Volta Redonda,Ítalo,CA,28.0,183.0,1274,0.33496665630900874,,0.0,0,4.8,13.24,0.17,1.41,2.83,-0.14732887629476143,Cai,0.63552
2025,Volta Redonda,Igor Morais,ZD,27.0,,1263,0.3320744795276908,,0.0,0,4.2,77.97,0.01,0.07,0.14,-0.14732887629476143,Cai,3.27474
2025,Volta Redonda,Robinho,MED,22.0,180.0,1163,0.305781963333891,2028-06-30,0.0,0,2.63,29.41,0.09,1.55,2.32,-0.14732887629476143,Cai,0.7734829999999999
2025,Volta Redonda,Fabrício,ZE,35.0,188.0,1054,0.2771231206826493,2026-11-30,0.0,0,3.07,63.89,0.05,0.85,0.51,-0.14732887629476143,Cai,1.9614229999999997
2026,CRB,Mikael,CA,27.0,184.0,2236,0.8244008714596949,2027-11-30,0.2,5,3.3,47.56,0.54,3.7,4.43,0.25714748062290504,Meio,1.56948
2026,Botafogo-SP,Everton Morelli,MED,28.0,185.0,2420,0.8855916697162248,2028-12-31,0.15,4,3.35,44.44,0.17,1.52,2.53,0.0005915618734981809,Meio,1.48874
2026,Operário-PR,Vinicius Diniz,MED,27.0,190.0,2353,0.8643801763291478,2027-12-31,0.15,4,2.33,49.18,0.16,1.53,1.19,0.3495581321373793,Meio,1.145894
2026,Botafogo-SP,Hygor,CA,34.0,186.0,1584,0.5796600019960744,2026-11-30,0.17,3,7.39,33.85,0.37,2.22,3.35,0.0005915618734981809,Meio,2.501515
2026,Criciúma,Waguininho,CA,36.0,177.0,1881,0.7216699801192843,2026-11-30,0.14,3,6.27,36.64,0.18,1.44,2.39,0.3656324448684465,Meio,2.297328
2026,Juventude,Alisson Safira,CA,31.0,185.0,1585,0.590316573556797,2027-12-31,0.17,3,6.3,52.25,0.3,1.99,3.12,0.4659058330243331,Sobe,3.29175
2026,Juventude,Alan Kardec,CA,37.0,190.0,1130,0.4208566108007449,2026-11-30,0.24,3,5.42,50.0,0.26,1.51,2.55,0.4659058330243331,Sobe,2.71
2026,Botafogo-SP,Vilar,ZE,26.0,190.0,2612,0.9558534881399914,2026-11-30,0.07,2,5.0,66.9,0.12,0.65,1.03,0.0005915618734981809,Meio,3.345
2026,Botafogo-SP,Patrick Brey,LE,29.0,177.0,2301,0.8420439801723278,2026-11-30,0.08,2,3.52,40.0,0.12,1.02,2.19,0.0005915618734981809,Meio,1.4080000000000001
2026,CRB,Crystopher,MED,28.0,174.0,2138,0.7882688117982235,2026-12-31,0.08,2,0.88,33.33,0.11,1.77,1.56,0.25714748062290504,Meio,0.29330399999999995
2026,Ceará,Luiz Otávio,ZE,33.0,194.0,1988,0.8152096924510718,2026-12-31,0.09,2,5.48,62.81,0.1,0.68,0.86,-0.14987788654168122,Meio,3.4419880000000007
2026,Ceará,Júlio César,ZD,22.0,186.0,1877,0.7696924510717614,2027-12-31,0.1,2,2.88,46.67,0.04,0.43,0.53,-0.14987788654168122,Meio,1.3440960000000002
2026,Cuiabá,João Basso,ZD,29.0,187.0,2542,0.9404998150079041,2026-11-30,0.07,2,4.53,64.84,0.06,0.39,0.67,0.1601841178549097,Meio,2.9372520000000004
2026,Fortaleza,J. Miritello,CA,27.0,182.0,1800,0.6561723280861641,2026-12-31,0.1,2,5.0,31.0,0.38,2.0,3.15,0.18138512690691688,Sobe,1.55
2026,Goiás,Kadu,EE,24.0,,1348,0.4989736514453007,2026-12-15,0.13,2,5.01,40.0,0.27,2.74,2.67,0.011863184068382937,Meio,2.0039999999999996
2026,Novorizontino,Robson,CA,35.0,179.0,2272,0.8098246978386962,2026-12-31,0.08,2,5.43,37.96,0.49,2.54,3.88,0.49865492430500247,Sobe,2.061228
2026,Novorizontino,Mádson,LD,34.0,182.0,1458,0.5196850393700787,2026-11-30,0.12,2,2.65,62.79,0.07,0.56,1.36,0.49865492430500247,Sobe,1.663935
2026,Sport,Perotti,CA,28.0,186.0,2493,0.9317726207060583,2026-11-30,0.07,2,4.91,23.53,0.42,2.45,2.71,0.02972487014197478,Meio,1.155323
2026,Vila Nova,Dudu,VOL,24.0,180.0,1685,0.6355002400054859,2029-11-30,0.11,2,4.22,56.96,0.09,1.34,1.07,0.5198230154605341,Sobe,2.403712
2026,América-MG,Felipe Amaral,VOL,23.0,174.0,1586,0.5914700298345539,2027-12-31,0.06,1,2.5,47.73,0.06,1.31,0.96,-0.4933836878119947,Cai,1.19325
2026,América-MG,G. Mastriani,CA,33.0,180.0,1408,0.5250881475454299,2026-12-31,0.06,1,4.15,32.31,0.26,1.98,2.49,-0.4933836878119947,Cai,1.3408650000000002
2026,América-MG,Willian,CA,39.0,171.0,1234,0.46019799294819635,2026-11-30,0.07,1,1.97,33.33,0.35,2.7,3.21,-0.4933836878119947,Cai,0.656601
2026,América-MG,Paulo Victor,CA,25.0,180.0,1104,0.41171684296175753,2026-12-31,0.08,1,5.22,40.63,0.31,1.96,3.42,-0.4933836878119947,Cai,2.120886
2026,América-MG,G. Barros,EE,24.0,182.0,991,0.369575535665853,2027-12-31,0.09,1,2.36,34.62,0.17,1.63,2.18,-0.4933836878119947,Cai,0.817032
2026,Athletic,D. Vera,EE,23.0,,1011,0.3691618257261411,2026-12-31,0.09,1,1.34,26.67,0.17,1.51,1.96,0.05154194051061389,Meio,0.3573780000000001
2026,Atlético-GO,Marrony,MEI,27.0,181.0,1956,0.734535026628431,2026-12-31,0.05,1,2.44,35.85,0.24,1.98,3.22,0.26157128913412575,Meio,0.8747400000000001
2026,Atlético-GO,Gustavo Coutinho,CA,27.0,186.0,1728,0.6489143793527242,2027-12-31,0.05,1,5.99,24.35,0.54,2.5,3.02,0.26157128913412575,Meio,1.4585650000000001
2026,Atlético-GO,Adriano Martins,ZE,29.0,193.0,1669,0.6267581592243616,2026-12-31,0.05,1,2.43,68.89,0.04,0.38,0.65,0.26157128913412575,Meio,1.6740270000000002
2026,Atlético-GO,Bruno José,ED,28.0,173.0,960,0.3605079885292913,2026-11-30,0.09,1,2.81,56.67,0.26,1.41,2.72,0.26157128913412575,Meio,1.592427
2026,Avaí,Allyson,ZD,35.0,184.0,1980,0.7144731662511481,2026-11-30,0.05,1,3.45,73.68,0.05,0.32,0.45,-0.13009001532521158,Cai,2.5419600000000004
2026,Avaí,Thayllon Roberth,ED,20.0,,1917,0.691739929143157,2029-12-30,0.05,1,1.13,25.0,0.16,1.46,2.72,-0.13009001532521158,Cai,0.2825
2026,Avaí,Paulo Vitor,MED,22.0,184.0,1515,0.5466802256921663,2027-12-31,0.06,1,2.79,78.72,0.09,0.77,0.89,-0.13009001532521158,Cai,2.196288
2026,CRB,Pedro Castro,MED,33.0,180.0,2179,0.8033852857382269,2026-11-30,0.04,1,1.94,53.19,0.07,1.2,0.95,0.25714748062290504,Meio,1.0318859999999999
2026,Criciúma,Fellipe Mateus,MEI,35.0,178.0,1906,0.7312615534861009,2026-12-31,0.05,1,2.93,37.1,0.1,1.18,1.42,0.3656324448684465,Meio,1.0870300000000002
2026,Criciúma,Luciano Castán,ZE,36.0,187.0,1841,0.7063234627323777,2026-12-31,0.05,1,4.01,71.95,0.06,0.29,0.83,0.3656324448684465,Meio,2.885195
2026,Criciúma,Willean Lepo,LD,29.0,180.0,1710,0.6560636182902584,2027-12-31,0.05,1,3.37,39.06,0.07,0.89,2.68,0.3656324448684465,Meio,1.3163220000000002
2026,Criciúma,Bruno Alves,ZD,35.0,185.0,1146,0.43967772313487496,2027-12-31,0.08,1,5.73,75.34,0.09,0.47,0.55,0.3656324448684465,Meio,4.316982
2026,Cuiabá,Kauan Cristtyan,CA,20.0,,1285,0.4754296861861357,2026-11-30,0.07,1,3.99,24.56,0.18,1.54,3.5,0.1601841178549097,Meio,0.979944
2026,Goiás,Anselmo Ramon,CA,38.0,182.0,1331,0.4926809570279638,2026-11-30,0.07,1,2.64,38.46,0.44,1.56,2.3,0.011863184068382937,Meio,1.015344
2026,Goiás,Lucas Rodrigues,MED,18.0,,1069,0.3956994313019484,2029-12-31,0.08,1,1.43,41.18,0.07,0.67,0.76,0.011863184068382937,Meio,0.588874
2026,Juventude,Messias,ZD,31.0,192.0,1645,0.6126629422718808,2027-12-31,0.05,1,3.67,67.16,0.13,0.71,0.93,0.4659058330243331,Sobe,2.464772
2026,Juventude,Gabriel Pinheiro,ZD,29.0,,1236,0.46033519553072627,2026-12-31,0.07,1,3.13,69.77,0.03,0.29,0.51,0.4659058330243331,Sobe,2.183801
2026,Londrina,Yago Lincoln,ZD,23.0,190.0,2039,0.7290427433772143,2030-06-30,0.04,1,4.55,67.96,0.09,0.66,0.79,-0.2867380443811932,Cai,3.0921799999999995
2026,Londrina,Bruno Santos,CA,29.0,185.0,1539,0.5502681618722574,2028-12-31,0.06,1,5.2,47.19,0.54,2.4,2.51,-0.2867380443811932,Cai,2.45388
2026,Londrina,André Luiz,VOL,31.0,183.0,1438,0.5141556964082561,2026-11-30,0.06,1,3.19,54.9,0.07,0.75,0.63,-0.2867380443811932,Cai,1.75131
2026,Londrina,William Pottker,CA,32.0,182.0,1425,0.5095075572891272,2026-11-30,0.06,1,3.85,22.95,0.39,1.89,3.47,-0.2867380443811932,Cai,0.883575
2026,Londrina,Pablo Dyego,EE,32.0,174.0,960,0.3432471964895173,2026-11-30,0.09,1,2.44,38.46,0.17,1.5,1.41,-0.2867380443811932,Cai,0.9384239999999999
2026,Novorizontino,Matheus Bianqui,MED,28.0,187.0,1299,0.4630115679984447,2026-12-31,0.07,1,5.27,65.79,0.28,2.15,2.36,0.49865492430500247,Sobe,3.467133
2026,Náutico,Igor Fernandes,LE,34.0,183.0,2392,0.8903627504060639,2026-11-30,0.04,1,4.06,59.26,0.07,0.45,1.02,0.3989639672274665,Meio,2.4059559999999998
2026,Náutico,Léo Índio,ZD,30.0,186.0,1009,0.37557525717379536,2026-11-30,0.09,1,3.21,55.56,0.04,0.36,0.62,0.3989639672274665,Meio,1.783476
2026,Operário-PR,Moraes,LE,28.0,170.0,1876,0.6891530857600855,2026-11-30,0.05,1,2.4,46.0,0.09,1.15,1.82,0.3495581321373793,Meio,1.1039999999999999
2026,Ponte Preta,Danilo Barcelos,ZE,35.0,181.0,1365,0.5450090744101633,2026-11-30,0.07,1,2.51,39.47,0.06,1.12,0.59,-0.6596890627053663,Cai,0.9906969999999998
2026,Ponte Preta,Léo Gomes,MED,29.0,181.0,908,0.362540834845735,2026-11-30,0.1,1,3.17,43.75,0.11,1.09,0.69,-0.6596890627053663,Cai,1.386875
2026,Sport,Benevenuto,ZD,30.0,181.0,1733,0.6477183921715198,2026-11-30,0.05,1,3.12,68.33,0.05,0.36,0.78,0.02972487014197478,Meio,2.1318960000000002
2026,São Bernardo,Pará,LE,31.0,167.0,2238,0.8527190855559404,2027-03-31,0.04,1,1.45,63.89,0.03,0.32,0.48,0.14446558857563874,Meio,0.926405
2026,São Bernardo,Foguinho,VOL,34.0,180.0,1914,0.7292691375129893,2026-11-30,0.05,1,1.18,8.0,0.06,0.52,0.71,0.14446558857563874,Meio,0.0944
2026,São Bernardo,Jemerson,ZD,34.0,184.0,1706,0.6500173190162799,2026-11-30,0.05,1,3.32,73.02,0.08,0.53,0.42,0.14446558857563874,Meio,2.4242639999999995
2026,São Bernardo,Hélder Maciel,ZD,36.0,188.0,1240,0.47246276411499827,2026-11-30,0.07,1,3.85,73.58,0.05,0.29,0.65,0.14446558857563874,Meio,2.83283
2026,Vila Nova,Ryan Lima,ED,25.0,,1467,0.5532812178564082,2028-11-30,0.06,1,1.6,30.77,0.16,2.76,1.1,0.5198230154605341,Sobe,0.49232
2026,Vila Nova,Hayner,LD,30.0,178.0,1276,0.48124528560652813,2026-12-31,0.07,1,1.06,33.33,0.02,0.28,0.56,0.5198230154605341,Sobe,0.353298
2026,Vila Nova,Nathan Camargo,LD,21.0,168.0,1147,0.43259274497702804,2027-12-31,0.08,1,1.8,47.83,0.02,0.47,0.31,0.5198230154605341,Sobe,0.8609399999999999
2026,Vila Nova,Dellatorre,CA,34.0,181.0,920,0.3469793595282178,2027-11-30,0.1,1,5.09,32.69,0.32,1.96,2.74,0.5198230154605341,Sobe,1.6639209999999998
2026,América-MG,Gustavo,GOL,33.0,187.0,2107,0.7857675617032818,,0.0,0,0.09,50.0,0.0,0.0,0.0,-0.4933836878119947,Cai,0.045
2026,América-MG,Rafael Barcelos,ZE,22.0,183.0,1519,0.5664835909953891,2026-12-31,0.0,0,4.27,65.28,0.06,0.53,0.71,-0.4933836878119947,Cai,2.7874559999999997
2026,América-MG,Dalbert,LE,32.0,181.0,1423,0.530682126390019,2026-11-30,0.0,0,2.91,71.74,0.01,0.25,0.38,-0.4933836878119947,Cai,2.087634
2026,América-MG,M. Segovia,ED,23.0,165.0,1303,0.4859302956333062,2026-12-31,0.0,0,0.35,20.0,0.18,1.93,2.21,-0.4933836878119947,Cai,0.07
2026,América-MG,Ricardo Silva,ZD,34.0,190.0,1252,0.4669107675617033,2026-11-30,0.0,0,3.95,76.36,0.13,0.43,0.86,-0.4933836878119947,Cai,3.01622
2026,América-MG,Alex Silva,LD,32.0,184.0,1084,0.4042582045023054,2027-11-30,0.0,0,3.9,59.57,0.04,0.5,1.16,-0.4933836878119947,Cai,2.32323
2026,América-MG,Yago,MED,20.0,,1010,0.3766612422023325,2028-12-31,0.0,0,2.05,39.13,0.02,0.45,0.71,-0.4933836878119947,Cai,0.802165
2026,Athletic,Luan Polli,GOL,33.0,190.0,2603,0.9504730290456432,2026-11-30,0.0,0,0.14,100.0,0.0,0.0,0.0,0.05154194051061389,Meio,0.14
2026,Athletic,Lucas Belezi,ZE,23.0,186.0,2297,0.8387385892116183,2028-11-30,0.0,0,3.25,57.83,0.09,0.43,0.55,0.05154194051061389,Meio,1.879475
2026,Athletic,Kauan,MED,21.0,174.0,2275,0.8307053941908714,2028-05-31,0.0,0,1.42,27.78,0.1,1.15,1.03,0.05154194051061389,Meio,0.394476
2026,Athletic,João Miguel,VOL,22.0,,2249,0.8212116182572614,2026-11-30,0.0,0,3.4,52.94,0.05,0.48,0.48,0.05154194051061389,Meio,1.7999599999999998
2026,Athletic,Jhonatan Silva,ZD,27.0,,2120,0.7741078838174275,2026-11-30,0.0,0,3.57,63.1,0.01,0.34,0.47,0.05154194051061389,Meio,2.25267
2026,Athletic,Diogo Batista,LD,23.0,173.0,1705,0.6225726141078839,2026-11-30,0.0,0,1.64,29.03,0.03,0.95,0.48,0.05154194051061389,Meio,0.476092
2026,Athletic,Zeca,LE,32.0,170.0,1569,0.5729128630705395,2026-12-31,0.0,0,1.43,28.0,0.05,0.52,0.11,0.05154194051061389,Meio,0.4004
2026,Athletic,Ian Luccas,CA,23.0,186.0,1433,0.523253112033195,2030-06-30,0.0,0,4.96,41.77,0.31,1.82,2.7,0.05154194051061389,Meio,2.0717920000000003
2026,Athletic,Max,ED,24.0,184.0,1376,0.5024398340248963,2026-11-30,0.0,0,1.24,26.32,0.17,1.37,3.2,0.05154194051061389,Meio,0.326368
2026,Athletic,Jota,MED,22.0,180.0,1354,0.4944066390041494,2029-03-31,0.0,0,1.93,34.48,0.06,0.86,0.93,0.05154194051061389,Meio,0.6654639999999999
2026,Athletic,Enzo,LE,24.0,,1206,0.4403651452282158,2027-12-31,0.0,0,3.13,38.1,0.09,0.6,1.12,0.05154194051061389,Meio,1.19253
2026,Athletic,G. Cabezas,MED,23.0,178.0,996,0.36368464730290456,2028-06-30,0.0,0,1.36,46.67,0.03,0.54,0.63,0.05154194051061389,Meio,0.634712
2026,Atlético-GO,Paulo Vítor,GOL,37.0,195.0,2402,0.9020210296326642,2026-11-30,0.0,0,0.34,100.0,0.0,0.0,0.0,0.26157128913412575,Meio,0.34
2026,Atlético-GO,Guilherme,LE,24.0,177.0,2274,0.8539532978287587,2027-12-31,0.0,0,1.58,45.0,0.04,0.47,0.51,0.26157128913412575,Meio,0.7110000000000001
2026,Atlético-GO,Ewerthon,LD,25.0,171.0,2014,0.7563157176020756,2026-12-31,0.0,0,1.88,61.9,0.05,1.21,0.8,0.26157128913412575,Meio,1.1637199999999999
2026,Atlético-GO,Soares,EE,26.0,168.0,1935,0.7266489143793528,2029-08-25,0.0,0,0.37,37.5,0.21,1.95,2.65,0.26157128913412575,Meio,0.13875
2026,Atlético-GO,J. Barreto,ZD,28.0,189.0,1870,0.7022395193226819,2026-12-31,0.0,0,4.91,63.73,0.02,0.24,0.58,0.26157128913412575,Meio,3.1291429999999996
2026,Atlético-GO,Tito,ZD,26.0,184.0,1717,0.6447835586508261,2028-11-30,0.0,0,3.83,65.75,0.04,0.37,0.37,0.26157128913412575,Meio,2.5182249999999997
2026,Atlético-GO,Cristiano,VOL,26.0,175.0,1661,0.6237539259866175,2028-12-23,0.0,0,0.81,46.67,0.02,0.87,0.27,0.26157128913412575,Meio,0.378027
2026,Atlético-GO,Leandro Vilela,VOL,31.0,178.0,1293,0.4855591970503892,2026-11-30,0.0,0,1.67,50.0,0.07,0.56,0.63,0.26157128913412575,Meio,0.835
2026,Atlético-GO,Guilherme Marques,MEI,35.0,174.0,956,0.3590058719104192,2026-11-30,0.0,0,1.69,44.44,0.18,1.6,2.35,0.26157128913412575,Meio,0.751036
2026,Avaí,Luiz Henrique,MED,27.0,177.0,2167,0.7819511875082009,2026-11-30,0.0,0,1.95,55.32,0.05,0.66,0.37,-0.13009001532521158,Cai,1.07874
2026,Avaí,Jean Lucas,MEI,31.0,175.0,1972,0.7115864059834667,2026-12-31,0.0,0,2.1,26.09,0.07,1.92,0.91,-0.13009001532521158,Cai,0.54789
2026,Avaí,DG,LE,25.0,,1886,0.6805537331058915,2026-11-30,0.0,0,3.24,66.18,0.06,0.62,1.19,-0.13009001532521158,Cai,2.1442320000000006
2026,Avaí,Zé Ricardo,VOL,30.0,176.0,1697,0.6123540217819183,2026-12-31,0.0,0,1.91,44.44,0.03,0.64,0.16,-0.13009001532521158,Cai,0.8488039999999999
2026,Avaí,Wallison,LD,25.0,177.0,1436,0.5181734680488125,2026-11-30,0.0,0,2.88,54.35,0.03,0.88,0.75,-0.13009001532521158,Cai,1.56528
2026,Avaí,Daniel Penha,CA,27.0,170.0,1313,0.4737895289332108,2026-12-31,0.0,0,1.85,14.81,0.21,2.47,1.51,-0.13009001532521158,Cai,0.27398500000000003
2026,Avaí,Léo Aragão,GOL,24.0,192.0,1285,0.4636858679963259,2027-12-31,0.0,0,0.28,100.0,0.0,0.0,0.0,-0.13009001532521158,Cai,0.28
2026,Avaí,Bruno Ferreira,GOL,32.0,197.0,1195,0.43120981498491007,2027-12-31,0.0,0,0.08,100.0,0.0,0.0,0.0,-0.13009001532521158,Cai,0.08
2026,Avaí,B. Baldini,ZE,19.0,,938,0.3384726413856449,2028-12-31,0.0,0,1.92,45.0,0.07,0.38,0.38,-0.13009001532521158,Cai,0.8639999999999999
2026,Botafogo-SP,Victor Souza,GOL,34.0,191.0,2238,0.8189893210020294,2027-12-31,0.0,0,0.28,100.0,0.0,0.0,0.0,0.0005915618734981809,Meio,0.28
2026,Botafogo-SP,Rafael Gava,MED,33.0,178.0,1987,0.7271366312917928,2026-11-30,0.0,0,1.31,44.83,0.1,1.04,0.95,0.0005915618734981809,Meio,0.587273
2026,Botafogo-SP,Zé Hugo,ED,26.0,178.0,1951,0.7139625403373366,2027-12-31,0.0,0,2.68,25.86,0.08,1.43,2.63,0.0005915618734981809,Meio,0.693048
2026,Botafogo-SP,Gabriel Inocêncio,LD,32.0,175.0,1676,0.6133271233241292,2026-11-30,0.0,0,2.79,61.54,0.0,0.38,0.43,0.0005915618734981809,Meio,1.716966
2026,Botafogo-SP,Matheus Sales,VOL,31.0,178.0,1613,0.5902724641538308,2026-11-30,0.0,0,1.62,58.62,0.01,0.28,0.45,0.0005915618734981809,Meio,0.9496439999999999
2026,Botafogo-SP,Kelvin,EE,29.0,174.0,1400,0.5123257593399647,2026-11-30,0.0,0,1.16,16.67,0.12,1.48,2.31,0.0005915618734981809,Meio,0.193372
2026,Botafogo-SP,Ericson,ZD,27.0,184.0,1369,0.5009814032402942,2026-11-30,0.0,0,1.91,55.17,0.02,0.13,0.33,0.0005915618734981809,Meio,1.053747
2026,Botafogo-SP,Wallace,ZE,31.0,191.0,1046,0.3827805316211451,2026-11-30,0.0,0,5.16,70.0,0.08,0.52,0.69,0.0005915618734981809,Meio,3.612
2026,Botafogo-SP,L. Maciel,VOL,30.0,180.0,979,0.3582620845670182,2026-12-31,0.0,0,1.2,46.15,0.11,1.75,0.37,0.0005915618734981809,Meio,0.5538
2026,Botafogo-SP,Wesley Pinheiro,EE,26.0,,903,0.33045011477427727,,0.0,0,2.39,45.83,0.09,1.79,2.09,0.0005915618734981809,Meio,1.095337
2026,CRB,Dadá Belmonte,EE,29.0,166.0,2285,0.8424669012904307,2026-11-30,0.0,0,1.38,34.29,0.22,2.72,2.44,0.25714748062290504,Meio,0.4732019999999999
2026,CRB,Lucas Lovat,LE,29.0,183.0,1941,0.7156359979889391,2026-12-31,0.0,0,0.88,57.89,0.03,0.74,0.42,0.25714748062290504,Meio,0.509432
2026,CRB,Vitor Caetano,GOL,27.0,190.0,1937,0.714161220043573,2027-11-30,0.0,0,0.23,80.0,0.0,0.0,0.0,0.25714748062290504,Meio,0.18400000000000002
2026,CRB,Danielzinho,MED,30.0,173.0,1875,0.6913021618903972,2026-12-31,0.0,0,0.58,41.67,0.16,1.54,1.63,0.25714748062290504,Meio,0.24168599999999998
2026,CRB,Fabio Alemão,ZE,29.0,184.0,1608,0.5928607340372046,2026-11-30,0.0,0,2.74,42.86,0.02,0.22,0.5,0.25714748062290504,Meio,1.174364
2026,CRB,Thiaguinho,ED,25.0,170.0,1505,0.5548852019440255,2027-12-31,0.0,0,2.03,29.41,0.23,3.11,3.71,0.25714748062290504,Meio,0.597023
2026,CRB,Bressan,ZD,33.0,185.0,1499,0.5526730350259762,2027-11-30,0.0,0,3.36,60.71,0.1,0.54,0.48,0.25714748062290504,Meio,2.039856
2026,CRB,Hereda,LD,27.0,177.0,1404,0.5176470588235293,2026-12-31,0.0,0,2.76,51.16,0.01,0.51,0.77,0.25714748062290504,Meio,1.412016
2026,CRB,Henri,ZD,24.0,187.0,1300,0.47930283224400866,2027-12-31,0.0,0,4.15,63.33,0.03,0.55,0.55,0.25714748062290504,Meio,2.628195
2026,CRB,Kevin,LD,29.0,175.0,1150,0.4239986592927769,2026-11-30,0.0,0,2.03,53.85,0.01,0.39,0.55,0.25714748062290504,Meio,1.0931549999999999
2026,CRB,Patrick De Lucca,VOL,26.0,180.0,968,0.3568962627786157,2026-11-30,0.0,0,2.23,62.5,0.13,0.56,0.74,0.25714748062290504,Meio,1.39375
2026,CRB,Lyncon,ZE,21.0,186.0,916,0.3377241494888553,2026-11-30,0.0,0,3.34,58.82,0.09,0.59,0.69,0.25714748062290504,Meio,1.964588
2026,Ceará,Éder,ZD,31.0,184.0,2021,0.8287418452935694,2026-12-31,0.0,0,3.61,54.32,0.04,0.45,0.53,-0.14987788654168122,Meio,1.960952
2026,Ceará,Richard,GOL,35.0,186.0,1972,0.8086486486486487,2026-12-31,0.0,0,0.27,83.33,0.0,0.0,0.0,-0.14987788654168122,Meio,0.22499100000000002
2026,Ceará,Melk,ED,20.0,,1761,0.7221248835041939,2028-12-31,0.0,0,1.74,20.59,0.22,2.61,2.25,-0.14987788654168122,Meio,0.358266
2026,Ceará,Joao Gabriel,MED,20.0,,1727,0.7081826654240447,2028-12-31,0.0,0,2.45,46.81,0.02,0.63,0.36,-0.14987788654168122,Meio,1.1468450000000001
2026,Ceará,Bryan,LD,30.0,175.0,1329,0.5449767008387698,2027-12-31,0.0,0,2.51,32.43,0.12,1.76,1.35,-0.14987788654168122,Meio,0.813993
2026,Ceará,Lucca,CA,23.0,180.0,1200,0.49207828518173347,2027-12-31,0.0,0,7.13,27.37,0.2,1.88,3.6,-0.14987788654168122,Meio,1.951481
2026,Ceará,Sánchez,LE,30.0,178.0,1194,0.4896178937558248,2026-11-30,0.0,0,4.07,50.0,0.15,0.9,1.58,-0.14987788654168122,Meio,2.035
2026,Ceará,Matheus Araújo,MEI,24.0,176.0,1023,0.41949673811742777,2027-12-31,0.0,0,2.2,28.0,0.13,2.02,2.55,-0.14987788654168122,Meio,0.6160000000000001
2026,Ceará,Rafael Ramos,LD,31.0,168.0,902,0.369878844361603,2026-12-31,0.0,0,3.39,50.0,0.06,1.0,1.0,-0.14987788654168122,Meio,1.695
2026,Criciúma,Marcelo Hermes,LE,31.0,177.0,2610,1.0013602594956577,2026-12-31,0.0,0,2.41,41.43,0.08,1.45,1.62,0.3656324448684465,Meio,0.998463
2026,Criciúma,César Martins,ZD,33.0,191.0,2035,0.7807540720588748,2026-11-30,0.0,0,4.2,60.0,0.12,0.8,1.15,0.3656324448684465,Meio,2.52
2026,Criciúma,Guilherme Lobo,MED,26.0,,1914,0.7343308569634822,2027-12-31,0.0,0,1.41,46.67,0.1,1.08,0.66,0.3656324448684465,Meio,0.6580469999999999
2026,Criciúma,Airton,GOL,32.0,188.0,1797,0.6894422936067803,2026-11-30,0.0,0,0.3,100.0,0.0,0.0,0.0,0.3656324448684465,Meio,0.3
2026,Criciúma,Rodrigo,ZD,39.0,187.0,1767,0.6779324055666004,2027-12-31,0.0,0,5.76,63.72,0.12,0.56,1.27,0.3656324448684465,Meio,3.6702719999999998
2026,Criciúma,Rómulo Otero,ED,33.0,166.0,1477,0.5666701545115274,2026-12-31,0.0,0,2.07,35.29,0.17,2.92,1.16,0.3656324448684465,Meio,0.7305029999999999
2026,Criciúma,Eduardo,MED,29.0,178.0,1239,0.4753583760594329,2026-11-30,0.0,0,1.02,50.0,0.01,0.15,0.15,0.3656324448684465,Meio,0.51
2026,Cuiabá,Raul,MED,30.0,180.0,2614,0.9671386768019912,2027-12-31,0.0,0,1.34,28.21,0.02,0.41,0.17,0.1601841178549097,Meio,0.378014
2026,Cuiabá,Calebe Costa,ZD,23.0,187.0,2318,0.8576233560929669,2026-11-30,0.0,0,1.98,58.82,0.05,0.85,0.62,0.1601841178549097,Meio,1.164636
2026,Cuiabá,Marcelo Carné,GOL,36.0,188.0,2110,0.7806666442433823,2026-11-30,0.0,0,0.13,100.0,0.0,0.0,0.0,0.1601841178549097,Meio,0.13
2026,Cuiabá,David,MED,19.0,,1616,0.5978944536006189,2028-12-31,0.0,0,3.45,48.39,0.07,1.39,1.45,0.1601841178549097,Meio,1.6694550000000001
2026,Cuiabá,Pepê,MED,28.0,183.0,1571,0.5812451649793144,2027-12-31,0.0,0,1.95,44.12,0.04,0.69,0.92,0.1601841178549097,Meio,0.8603399999999999
2026,Cuiabá,Marlon,LE,32.0,177.0,1544,0.5712555918065318,2026-12-31,0.0,0,1.63,53.57,0.02,0.47,0.64,0.1601841178549097,Meio,0.8731909999999999
2026,Cuiabá,Railan,LD,26.0,185.0,1538,0.5690356866570246,2027-12-31,0.0,0,1.87,65.63,0.13,1.29,1.17,0.1601841178549097,Meio,1.227281
2026,Cuiabá,Vitor Mendes,ZE,27.0,186.0,1430,0.5290773939658941,2026-11-30,0.0,0,4.28,69.12,0.05,0.31,0.31,0.1601841178549097,Meio,2.9583360000000005
2026,Cuiabá,Rodrigo Rodrigues,CA,26.0,178.0,1418,0.5246375836668796,2026-12-31,0.0,0,3.55,7.14,0.21,2.48,3.05,0.1601841178549097,Meio,0.25347
2026,Cuiabá,Lorenzo,LE,19.0,,900,0.33298577242608723,2028-12-31,0.0,0,2.5,56.0,0.06,0.6,1.0,0.1601841178549097,Meio,1.4
2026,Fortaleza,Lucas Gazal,ZE,27.0,187.0,2331,0.8497431648715825,2028-12-31,0.0,0,4.32,71.43,0.03,0.54,0.77,0.18138512690691688,Sobe,3.085776000000001
2026,Fortaleza,Lucas Sasha,MED,36.0,177.0,1894,0.6904391052195527,2026-12-31,0.0,0,1.33,28.57,0.12,0.71,1.14,0.18138512690691688,Sobe,0.379981
2026,Fortaleza,Maílton,LD,28.0,169.0,1838,0.6700248550124276,2027-12-31,0.0,0,1.32,18.52,0.16,1.91,1.22,0.18138512690691688,Sobe,0.24446400000000001
2026,Fortaleza,João Ricardo,GOL,38.0,186.0,1816,0.6620049710024856,2027-12-31,0.0,0,0.15,33.33,0.0,0.0,0.0,0.18138512690691688,Sobe,0.04999499999999999
2026,Fortaleza,Luiz Fernando,MEI,29.0,178.0,1803,0.6572659486329744,2027-12-31,0.0,0,2.0,37.5,0.22,2.25,3.44,0.18138512690691688,Sobe,0.75
2026,Fortaleza,Maurício,LE,25.0,170.0,1739,0.6339353769676885,2028-11-30,0.0,0,1.81,51.43,0.03,0.72,0.78,0.18138512690691688,Sobe,0.930883
2026,Fortaleza,Rodrigo Santos,MED,25.0,,1406,0.5125434962717481,2028-12-31,0.0,0,3.33,63.46,0.12,1.34,1.09,0.18138512690691688,Sobe,2.113218
2026,Fortaleza,Rodriguinho,MED,23.0,170.0,1351,0.49249378624689316,2027-12-31,0.0,0,1.8,29.63,0.07,1.13,1.0,0.18138512690691688,Sobe,0.5333399999999999
2026,Fortaleza,Vitinho,MEI,25.0,169.0,1348,0.4914001657000829,2026-12-31,0.0,0,1.14,23.53,0.17,2.07,2.07,0.18138512690691688,Sobe,0.268242
2026,Fortaleza,E. Brítez,ZD,34.0,178.0,1208,0.4403645401822701,2027-12-31,0.0,0,2.98,52.5,0.09,0.3,0.45,0.18138512690691688,Sobe,1.5644999999999998
2026,Fortaleza,Luan Freitas,ZD,25.0,184.0,1195,0.43562551781275893,2027-12-31,0.0,0,2.18,55.17,0.03,0.23,0.23,0.18138512690691688,Sobe,1.202706
2026,Fortaleza,Gabriel Fuentes,LE,29.0,180.0,1162,0.4235956917978459,2028-08-31,0.0,0,2.48,75.0,0.0,0.15,0.7,0.18138512690691688,Sobe,1.86
2026,Fortaleza,Pierre,VOL,24.0,181.0,1114,0.40609776304888157,2029-12-31,0.0,0,1.37,70.59,0.03,0.24,0.4,0.18138512690691688,Sobe,0.9670830000000001
2026,Goiás,Filipe Machado,VOL,30.0,174.0,1855,0.6866440084799946,2027-12-31,0.0,0,1.41,58.62,0.01,0.34,0.05,0.011863184068382937,Meio,0.8265419999999999
2026,Goiás,Lucas Lima,MEI,36.0,176.0,1804,0.667765925227984,2026-11-30,0.0,0,0.5,20.0,0.08,0.6,1.25,0.011863184068382937,Meio,0.1
2026,Goiás,Luiz Felipe,ZD,33.0,187.0,1778,0.6581418043544099,2026-12-31,0.0,0,4.25,70.24,0.06,0.35,0.3,0.011863184068382937,Meio,2.9852
2026,Goiás,Nicolas,LE,29.0,181.0,1720,0.6366726116364371,2026-11-30,0.0,0,1.47,53.57,0.01,0.58,1.2,0.011863184068382937,Meio,0.787479
2026,Goiás,Thiago Rodrigues,GOL,37.0,188.0,1512,0.5596796446478447,2026-11-30,0.0,0,0.12,100.0,0.0,0.0,0.0,0.011863184068382937,Meio,0.12
2026,Goiás,Lucas Ribeiro,ZE,27.0,190.0,1499,0.5548675842110576,2026-12-31,0.0,0,2.58,51.16,0.01,0.3,0.36,0.011863184068382937,Meio,1.319928
2026,Goiás,Ramon Menezes,ZE,31.0,186.0,1484,0.5493152067839957,2026-12-31,0.0,0,2.55,69.05,0.08,0.61,0.79,0.011863184068382937,Meio,1.7607749999999998
2026,Goiás,Lourenço,MEI,29.0,169.0,1435,0.53117744052226,2026-11-30,0.0,0,1.38,27.27,0.06,1.63,0.38,0.011863184068382937,Meio,0.37632599999999994
2026,Goiás,Rodrigo Soares,LD,33.0,176.0,1415,0.5237742706195108,2026-11-30,0.0,0,1.53,62.5,0.02,0.76,1.34,0.011863184068382937,Meio,0.95625
2026,Goiás,Jean Carlos,ED,21.0,,1364,0.5048961873675001,2028-12-31,0.0,0,1.45,31.82,0.16,1.85,2.71,0.011863184068382937,Meio,0.46138999999999997
2026,Goiás,Cadu,CA,22.0,177.0,1235,0.45714574149476733,2027-12-31,0.0,0,4.59,19.05,0.35,1.6,2.11,0.011863184068382937,Meio,0.8743949999999999
2026,Goiás,Luisão,ZE,23.0,192.0,1220,0.45159336406770534,2028-12-31,0.0,0,3.47,61.7,0.0,0.0,0.0,0.011863184068382937,Meio,2.1409900000000004
2026,Goiás,Tadeu,GOL,34.0,184.0,1207,0.44678130363091834,2029-12-31,0.0,0,0.45,100.0,0.06,0.07,0.0,0.011863184068382937,Meio,0.45
2026,Goiás,Djalma Silva,LE,31.0,180.0,1060,0.3923680048457112,2026-12-31,0.0,0,2.55,66.67,0.06,1.19,1.02,0.011863184068382937,Meio,1.700085
2026,Goiás,Gegé,EE,32.0,175.0,1015,0.37571087256452534,2026-12-31,0.0,0,1.51,29.41,0.1,1.95,1.33,0.011863184068382937,Meio,0.444091
2026,Goiás,Juninho,VOL,38.0,170.0,1005,0.3720092876131507,2026-12-31,0.0,0,2.24,32.0,0.11,0.63,1.7,0.011863184068382937,Meio,0.7168000000000001
2026,Juventude,Jandrei,GOL,33.0,186.0,2395,0.8919925512104283,2026-12-31,0.0,0,0.56,93.33,0.0,0.0,0.0,0.4659058330243331,Sobe,0.522648
2026,Juventude,Marcos Paulo,ZE,23.0,,2295,0.8547486033519553,2028-12-31,0.0,0,3.37,66.28,0.07,0.63,1.14,0.4659058330243331,Sobe,2.233636
2026,Juventude,Rodrigo Sam,ZD,31.0,187.0,2267,0.8443202979515829,2027-12-31,0.0,0,2.9,60.27,0.01,0.2,0.75,0.4659058330243331,Sobe,1.7478300000000002
2026,Juventude,Raí,MED,24.0,175.0,2186,0.8141527001862198,2026-12-31,0.0,0,0.86,42.86,0.08,1.65,0.78,0.4659058330243331,Sobe,0.368596
2026,Juventude,Marcos Paulo,MEI,25.0,185.0,1643,0.6119180633147113,2026-12-31,0.0,0,1.48,40.74,0.21,1.37,2.57,0.4659058330243331,Sobe,0.602952
2026,Juventude,Diogo Barbosa,LE,34.0,179.0,1586,0.5906890130353818,2026-11-30,0.0,0,1.19,38.1,0.05,0.57,1.08,0.4659058330243331,Sobe,0.45338999999999996
2026,Juventude,Lucas Mineiro,MED,30.0,188.0,1570,0.5847299813780261,2026-12-31,0.0,0,2.52,61.36,0.01,0.34,0.4,0.4659058330243331,Sobe,1.5462719999999999
2026,Juventude,Fábio Lima,MEI,29.0,176.0,1360,0.5065176908752328,2026-11-30,0.0,0,2.25,38.24,0.2,1.92,2.58,0.4659058330243331,Sobe,0.8604
2026,Juventude,Luan Gonçalves,MED,26.0,188.0,1258,0.4685288640595903,2026-12-31,0.0,0,1.29,61.11,0.04,0.86,0.57,0.4659058330243331,Sobe,0.788319
2026,Juventude,Aderlan,LD,36.0,180.0,1009,0.37579143389199254,2026-11-30,0.0,0,1.78,50.0,0.02,0.71,0.98,0.4659058330243331,Sobe,0.89
2026,Londrina,Maurício Kozlinski,GOL,35.0,190.0,2495,0.8920851617097351,2028-11-30,0.0,0,0.11,100.0,0.0,0.0,0.0,-0.2867380443811932,Cai,0.11
2026,Londrina,Gabriel Lacerda,ZE,27.0,187.0,1811,0.6475215342109539,2026-12-31,0.0,0,3.38,69.12,0.03,0.3,0.6,-0.2867380443811932,Cai,2.336256
2026,Londrina,Lucas Marques,MED,31.0,178.0,1667,0.5960344547375264,2026-12-31,0.0,0,1.57,44.83,0.06,1.46,0.92,-0.2867380443811932,Cai,0.703831
2026,Londrina,Heron,LE,26.0,186.0,1499,0.5359661953518609,2026-11-30,0.0,0,3.24,72.22,0.07,0.54,0.78,-0.2867380443811932,Cai,2.339928
2026,Londrina,Victor Hugo,ED,23.0,,1336,0.4776856817812449,2029-12-31,0.0,0,2.09,16.13,0.09,1.21,2.16,-0.2867380443811932,Cai,0.33711699999999994
2026,Londrina,Kauê Leonardo,LD,21.0,,1281,0.45802047781569966,2026-11-30,0.0,0,1.97,67.86,0.01,0.28,0.56,-0.2867380443811932,Cai,1.336842
2026,Londrina,João Vitor,MED,22.0,,1269,0.4537298878595807,2026-12-31,0.0,0,1.49,47.62,0.04,0.78,0.85,-0.2867380443811932,Cai,0.709538
2026,Londrina,Paulinho Moccelin,EE,32.0,169.0,1117,0.3993824150820738,2026-11-30,0.0,0,1.21,20.0,0.13,1.69,1.53,-0.2867380443811932,Cai,0.242
2026,Londrina,Iago Teles,EE,26.0,177.0,1103,0.39437672679993496,2027-06-30,0.0,0,2.94,41.67,0.2,3.18,2.28,-0.2867380443811932,Cai,1.225098
2026,Novorizontino,Patrick,ZE,27.0,183.0,2357,0.8401218366222741,2027-12-31,0.0,0,4.05,66.04,0.07,0.5,0.61,0.49865492430500247,Sobe,2.67462
2026,Novorizontino,Rômulo,MEI,24.0,175.0,2289,0.8158841255954117,2028-12-31,0.0,0,2.01,29.41,0.37,1.97,2.01,0.49865492430500247,Sobe,0.5911409999999999
2026,Novorizontino,Maykon,LE,20.0,,1984,0.7071708629013966,2027-12-31,0.0,0,3.08,57.35,0.04,0.77,1.45,0.49865492430500247,Sobe,1.76638
2026,Novorizontino,Luís Oyama,VOL,29.0,171.0,1906,0.679368782605878,2027-12-31,0.0,0,0.71,40.0,0.11,1.18,0.99,0.49865492430500247,Sobe,0.284
2026,Novorizontino,Jordi,GOL,33.0,192.0,1845,0.6576261300670749,2027-12-31,0.0,0,0.2,100.0,0.0,0.0,0.0,0.49865492430500247,Sobe,0.2
2026,Novorizontino,Léo Naldi,VOL,25.0,176.0,1795,0.6398042837237938,2027-12-31,0.0,0,3.01,48.33,0.13,1.1,1.1,0.49865492430500247,Sobe,1.454733
2026,Novorizontino,Vinícius Paiva,EE,25.0,174.0,1342,0.47833835585366646,2026-12-31,0.0,0,1.07,31.25,0.14,1.21,2.55,0.49865492430500247,Sobe,0.334375
2026,Novorizontino,Gabriel Bahia,ZD,27.0,,1246,0.4441204108745666,2027-03-31,0.0,0,3.11,72.09,0.14,0.51,0.94,0.49865492430500247,Sobe,2.2419990000000003
2026,Novorizontino,Juninho,CA,25.0,174.0,1128,0.40206085350442305,2028-12-31,0.0,0,1.12,21.43,0.22,2.71,1.99,0.49865492430500247,Sobe,0.24001600000000003
2026,Novorizontino,Reidiney,ED,19.0,,1076,0.38352613330741064,,0.0,0,3.51,52.38,0.06,1.34,1.92,0.49865492430500247,Sobe,1.838538
2026,Novorizontino,N. Castrillón,LD,30.0,183.0,1030,0.367130034671592,2026-11-30,0.0,0,2.88,69.7,0.02,0.26,0.52,0.49865492430500247,Sobe,2.00736
2026,Náutico,Muriel,GOL,39.0,190.0,2749,1.0232471575527884,2026-11-30,0.0,0,0.16,100.0,0.0,0.0,0.0,0.3989639672274665,Meio,0.16
2026,Náutico,Wenderson,VOL,28.0,177.0,2388,0.8888738494856524,2026-11-30,0.0,0,1.47,53.85,0.03,1.02,0.83,0.3989639672274665,Meio,0.7915949999999999
2026,Náutico,Vinícius,ED,33.0,180.0,1750,0.6513941526800217,2027-12-31,0.0,0,1.23,45.83,0.28,2.83,3.34,0.3989639672274665,Meio,0.563709
2026,Náutico,Derek,CA,28.0,185.0,1526,0.5680157011369789,2027-12-31,0.0,0,3.48,35.59,0.49,3.07,5.07,0.3989639672274665,Meio,1.2385320000000002
2026,Náutico,Dodô,MEI,25.0,171.0,1516,0.5642934488359502,2026-11-30,0.0,0,0.89,13.33,0.29,2.73,2.97,0.3989639672274665,Meio,0.11863699999999999
2026,Náutico,Betão,ZE,27.0,188.0,1416,0.5270709258256633,2026-11-30,0.0,0,4.51,59.15,0.04,0.44,0.44,0.3989639672274665,Meio,2.667665
2026,Náutico,Reginaldo,LD,33.0,174.0,1377,0.5125541418516514,2026-11-30,0.0,0,2.16,45.45,0.06,0.33,0.78,0.3989639672274665,Meio,0.9817200000000001
2026,Náutico,Luiz Felipe,VOL,28.0,180.0,1101,0.40981997834325934,2026-11-30,0.0,0,2.45,40.0,0.1,0.98,1.23,0.3989639672274665,Meio,0.98
2026,Náutico,Victor Andrade,EE,30.0,178.0,1054,0.39232539252842447,2026-11-30,0.0,0,1.37,31.25,0.1,2.99,1.96,0.3989639672274665,Meio,0.428125
2026,Náutico,Jean Carlos,MEI,34.0,178.0,960,0.3573362208987547,2027-12-31,0.0,0,1.78,26.32,0.23,3.38,1.88,0.3989639672274665,Meio,0.468496
2026,Náutico,Samuel,VOL,22.0,184.0,957,0.3562195452084461,2027-12-31,0.0,0,2.35,52.0,0.09,0.94,1.13,0.3989639672274665,Meio,1.222
2026,Náutico,Matheus Ribeiro,LD,33.0,178.0,912,0.339469409853817,2026-11-30,0.0,0,1.28,53.85,0.08,0.79,1.88,0.3989639672274665,Meio,0.68928
2026,Operário-PR,Boschilia,MEI,30.0,173.0,2396,0.8801763291477425,2027-11-30,0.0,0,0.71,26.32,0.27,2.85,0.86,0.3495581321373793,Meio,0.186872
2026,Operário-PR,Vágner,GOL,40.0,186.0,2333,0.8570331285065456,2026-11-30,0.0,0,0.12,100.0,0.0,0.0,0.0,0.3495581321373793,Meio,0.12
2026,Operário-PR,Matheus Trindade,VOL,30.0,175.0,2067,0.7593173924659364,2026-11-30,0.0,0,1.87,44.19,0.02,0.44,0.17,0.3495581321373793,Meio,0.826353
2026,Operário-PR,Miranda,ZE,26.0,181.0,1945,0.7145004007480631,2026-11-30,0.0,0,2.82,49.18,0.03,0.09,0.23,0.3495581321373793,Meio,1.386876
2026,Operário-PR,Pablo,CA,34.0,185.0,1912,0.7023777718407694,2026-11-30,0.0,0,2.87,29.51,0.27,2.07,2.17,0.3495581321373793,Meio,0.846937
2026,Operário-PR,Mikael Doka,LD,26.0,170.0,1877,0.6895204381512157,2027-12-31,0.0,0,1.82,50.0,0.02,0.82,0.53,0.3495581321373793,Meio,0.91
2026,Operário-PR,J. Cuenú,ZD,31.0,192.0,1775,0.6520504942559445,2026-11-30,0.0,0,2.89,64.91,0.04,0.2,0.35,0.3495581321373793,Meio,1.875899
2026,Operário-PR,Hildeberto Pereira,ED,30.0,177.0,1576,0.5789473684210527,2026-11-30,0.0,0,2.51,36.36,0.13,0.91,1.83,0.3495581321373793,Meio,0.912636
2026,Operário-PR,Gabriel Feliciano,LE,25.0,,1543,0.566824739513759,2026-12-31,0.0,0,1.52,57.69,0.02,1.34,0.41,0.3495581321373793,Meio,0.876888
2026,Operário-PR,Aylon,EE,34.0,180.0,1431,0.5256812717071868,2026-11-30,0.0,0,2.7,44.19,0.15,1.38,1.95,0.3495581321373793,Meio,1.19313
2026,Operário-PR,Klaus,ZD,32.0,187.0,1046,0.3842506011220946,2027-11-30,0.0,0,4.04,57.45,0.17,0.6,0.95,0.3495581321373793,Meio,2.32098
2026,Operário-PR,Maguinho,LD,34.0,175.0,914,0.33576008549292014,2027-11-30,0.0,0,3.64,48.65,0.04,0.89,0.49,0.3495581321373793,Meio,1.77086
2026,Ponte Preta,Lucas Cunha,ZD,29.0,186.0,2014,0.8041379310344827,2026-12-31,0.0,0,2.68,65.0,0.02,0.27,0.45,-0.6596890627053663,Cai,1.7420000000000002
2026,Ponte Preta,André Lima,MED,26.0,179.0,1691,0.6751724137931034,2026-11-30,0.0,0,0.9,58.82,0.04,0.75,0.37,-0.6596890627053663,Cai,0.5293800000000001
2026,Ponte Preta,Élvis,MEI,35.0,175.0,1505,0.600907441016334,2026-11-30,0.0,0,1.91,37.5,0.12,1.85,0.48,-0.6596890627053663,Cai,0.71625
2026,Ponte Preta,Diogo Silva,GOL,40.0,192.0,1421,0.5673684210526316,2026-11-30,0.0,0,0.19,100.0,0.0,0.0,0.0,-0.6596890627053663,Cai,0.19
2026,Ponte Preta,Kevyson,LE,22.0,174.0,1345,0.5370235934664247,2027-12-31,0.0,0,3.35,64.0,0.04,0.87,1.0,-0.6596890627053663,Cai,2.144
2026,Ponte Preta,Márcio,ZE,25.0,191.0,1261,0.5034845735027224,2027-06-30,0.0,0,3.5,61.22,0.0,0.07,0.43,-0.6596890627053663,Cai,2.1426999999999996
2026,Ponte Preta,David,CA,26.0,179.0,1134,0.45277676950998186,2027-12-31,0.0,0,3.33,26.19,0.3,1.27,2.86,-0.6596890627053663,Cai,0.8721270000000001
2026,Ponte Preta,Júlio,LD,19.0,,1059,0.4228312159709619,,0.0,0,1.95,47.83,0.03,0.42,0.59,-0.6596890627053663,Cai,0.9326849999999999
2026,Ponte Preta,Sergio Palacios,ZD,21.0,195.0,1053,0.4204355716878403,2029-08-31,0.0,0,2.74,62.5,0.02,0.17,0.34,-0.6596890627053663,Cai,1.7125
2026,Ponte Preta,Brandão,CA,22.0,191.0,1020,0.4072595281306715,2026-12-31,0.0,0,7.59,19.77,0.31,1.5,2.65,-0.6596890627053663,Cai,1.5005429999999997
2026,Ponte Preta,Thalys,LD,26.0,177.0,1006,0.40166969147005444,2026-11-30,0.0,0,1.88,52.38,0.02,0.27,0.45,-0.6596890627053663,Cai,0.9847440000000001
2026,Ponte Preta,Diego Porfírio,LE,27.0,182.0,917,0.3661343012704174,2026-11-28,0.0,0,0.88,55.56,0.05,0.59,0.98,-0.6596890627053663,Cai,0.48892800000000003
2026,Ponte Preta,Diego Leão,ZD,21.0,,913,0.3645372050816697,2027-12-31,0.0,0,3.06,80.65,0.0,0.0,0.1,-0.6596890627053663,Cai,2.46789
2026,Ponte Preta,Vinicius Ferrari,GOL,23.0,193.0,906,0.36174228675136116,2026-11-30,0.0,0,0.0,0.0,0.0,0.0,0.0,-0.6596890627053663,Cai,0.0
2026,Sport,Thiago Couto,GOL,27.0,188.0,2741,1.0244640005436445,2027-12-31,0.0,0,0.23,100.0,0.0,0.0,0.0,0.02972487014197478,Meio,0.23
2026,Sport,Felipinho,LE,29.0,177.0,2169,0.8106758180150182,2027-12-31,0.0,0,2.16,67.31,0.08,0.91,1.16,0.02972487014197478,Meio,1.453896
2026,Sport,Chrystian Barletta,ED,25.0,178.0,1991,0.7441473276477184,2029-07-31,0.0,0,0.9,25.0,0.39,2.35,2.44,0.02972487014197478,Meio,0.225
2026,Sport,Biel,VOL,24.0,186.0,1737,0.6492134144269648,2028-07-31,0.0,0,2.07,32.5,0.13,1.04,1.5,0.02972487014197478,Meio,0.67275
2026,Sport,Zé Gabriel,VOL,27.0,184.0,1586,0.5927763242839184,2026-11-30,0.0,0,2.1,62.16,0.03,0.23,0.28,0.02972487014197478,Meio,1.30536
2026,Sport,Marcelo Ajul,ZD,24.0,,1426,0.5329754340661208,2027-12-31,0.0,0,3.28,61.54,0.06,0.25,0.69,0.02972487014197478,Meio,2.018512
2026,Sport,A. De Freitas,LD,18.0,,1202,0.4492541877612042,2027-08-31,0.0,0,1.27,29.41,0.05,0.45,1.35,0.02972487014197478,Meio,0.37350700000000003
2026,Sport,Zé Marcos,ZE,28.0,188.0,1173,0.4384152764092284,2027-12-31,0.0,0,3.07,60.0,0.16,0.61,0.61,0.02972487014197478,Meio,1.8419999999999999
2026,Sport,Clayson,EE,31.0,166.0,1133,0.423465053854779,2026-11-30,0.0,0,1.03,30.77,0.09,1.27,1.75,0.02972487014197478,Meio,0.316931
2026,Sport,Zé Lucas,VOL,18.0,,1087,0.4062722979171622,2031-06-30,0.0,0,1.82,36.36,0.03,0.25,0.5,0.02972487014197478,Meio,0.661752
2026,São Bernardo,Rodrigo Ferreira,LD,31.0,178.0,2469,0.9407343262902668,2026-11-30,0.0,0,1.97,53.7,0.1,0.91,1.13,0.14446558857563874,Meio,1.05789
2026,São Bernardo,Alex Alves,GOL,39.0,189.0,2467,0.9399722895739522,2026-11-30,0.0,0,0.4,100.0,0.0,0.0,0.0,0.14446558857563874,Meio,0.4
2026,São Bernardo,Miraíma,VOL,26.0,173.0,2106,0.8024246622791825,2027-12-31,0.0,0,0.9,28.57,0.06,1.88,0.26,0.14446558857563874,Meio,0.25713
2026,São Bernardo,Romisson,VOL,29.0,178.0,1924,0.7330793210945619,2027-12-31,0.0,0,0.98,28.57,0.09,0.84,1.36,0.14446558857563874,Meio,0.279986
2026,São Bernardo,Augusto,ZE,29.0,186.0,1912,0.7285071007966748,2026-11-30,0.0,0,4.42,60.64,0.03,0.19,0.28,0.14446558857563874,Meio,2.680288
2026,São Bernardo,Felipe Garcia,CA,35.0,185.0,1526,0.5814340145479737,2026-11-30,0.0,0,5.07,29.07,0.16,0.77,2.24,0.14446558857563874,Meio,1.4738490000000002
2026,São Bernardo,Echaporã,EE,26.0,169.0,1215,0.46293730516106685,2026-11-30,0.0,0,2.0,18.52,0.14,1.48,1.48,0.14446558857563874,Meio,0.3704
2026,São Bernardo,Pedro Vitor,ED,28.0,177.0,1164,0.44350536889504677,2026-12-31,0.0,0,4.1,52.83,0.28,2.78,3.25,0.14446558857563874,Meio,2.1660299999999997
2026,São Bernardo,Lucas Lima,VOL,26.0,180.0,965,0.3676827156217527,2026-11-30,0.0,0,2.24,41.67,0.27,1.77,1.49,0.14446558857563874,Meio,0.9334080000000001
2026,Vila Nova,Helton Leite,GOL,35.0,196.0,2539,0.9575876020023315,2026-11-30,0.0,0,0.25,100.0,0.0,0.0,0.0,0.5198230154605341,Sobe,0.25
2026,Vila Nova,Janderson,EE,27.0,161.0,2279,0.8595282177878352,2027-11-30,0.0,0,0.79,25.0,0.18,1.97,2.72,0.5198230154605341,Sobe,0.1975
2026,Vila Nova,João Vieira,VOL,28.0,173.0,2081,0.7848522251937187,2027-12-31,0.0,0,0.82,36.84,0.15,1.04,1.25,0.5198230154605341,Sobe,0.302088
2026,Vila Nova,Marquinhos Gabriel,MEI,36.0,174.0,2055,0.775046286772269,2027-11-30,0.0,0,1.09,28.0,0.16,1.58,2.1,0.5198230154605341,Sobe,0.3052
2026,Vila Nova,Higor,LE,21.0,178.0,1921,0.7245079887540287,2026-11-30,0.0,0,2.34,58.0,0.01,0.98,0.61,0.5198230154605341,Sobe,1.3572
2026,Vila Nova,Tiago Pagnussat,ZD,36.0,191.0,1770,0.6675581156140712,2026-12-31,0.0,0,4.83,73.68,0.05,0.31,0.71,0.5198230154605341,Sobe,3.5587440000000004
2026,Vila Nova,André Luis,CA,29.0,179.0,1319,0.4974627991496948,2026-11-30,0.0,0,4.16,40.98,0.2,1.71,3.55,0.5198230154605341,Sobe,1.704768
2026,Vila Nova,Willian Maranhão,VOL,30.0,179.0,973,0.3669683878488651,2027-11-30,0.0,0,1.85,75.0,0.02,0.65,0.37,0.5198230154605341,Sobe,1.3875
2026,Vila Nova,Anderson,ZE,31.0,186.0,946,0.3567852979496674,2026-11-30,0.0,0,4.19,54.55,0.02,0.1,0.29,0.5198230154605341,Sobe,2.285645
