ano,clube,sid,nome,finalizacoes_bp,xg_bp,gols_bp,gols_bp_cabeca,gols_escanteio,gols_falta_direta,gols_penalti,xg_bp_cabeca,assist_bp,assist_escanteio,assist_falta,assist_bp_cabeca,n_ev,chave,clube_wyscout,casamento
2022,Bahia,1177384,André Dhominique,1,,0,0,0,0,0,,0,0,0,0,1,andre dhominique,Bahia,exato
2022,Bahia,1067629,Caio Vidal,2,,0,0,0,0,0,,0,0,0,0,2,caio vidal,Bahia,exato
2022,Bahia,840218,Danielzinho,3,,1,0,1,0,0,,1,1,0,1,4,danielzinho,Bahia,exato
2022,Bahia,805825,Didi,4,,0,0,0,0,0,,0,0,0,0,4,didi,Bahia,exato
2022,Bahia,973933,Djalma,3,,0,0,0,0,0,,0,0,0,0,3,,,sem casar
2022,Bahia,244087,Emerson Santos,4,,0,0,0,0,0,,0,0,0,0,4,emerson santos,Bahia,exato
2022,Bahia,1197991,Everton Moraes,1,,0,0,0,0,0,,0,0,0,0,1,everton moraes,Bahia,exato
2022,Bahia,1117710,Gabriel Xavier,5,,0,0,0,0,0,,0,0,0,0,5,gabriel xavier,Bahia,exato
2022,Bahia,1105963,Gregory,2,,1,0,0,0,0,,0,0,0,0,2,gregory,Bahia,exato
2022,Bahia,15668,Hugo Rodallega,13,,0,0,0,0,0,,1,0,1,0,14,hugo rodallega,Bahia,exato
2022,Bahia,958382,Ignácio,13,,3,2,2,0,0,,1,1,0,1,14,ignacio,Bahia,exato
2022,Bahia,1084036,Igor Torres,1,,0,0,0,0,0,,0,0,0,0,1,igor torres,Bahia,exato
2022,Bahia,162595,Jonathan Copete,1,,0,0,0,0,0,,0,0,0,0,1,j copete,Bahia,palavras
2022,Bahia,249881,Lucas Mugni,9,,2,0,1,0,4,,1,1,0,1,10,lucas mugni,Bahia,exato
2022,Bahia,1017715,Luiz Henrique,1,,0,0,0,0,0,,0,0,0,0,1,luiz henrique,Bahia,exato
2022,Bahia,874778,Luiz Otávio,19,,1,0,1,0,0,,0,0,0,0,19,luiz otavio,Bahia,exato
2022,Bahia,840148,Marcinho,3,,0,0,0,0,0,,0,0,0,0,3,marcinho,Bahia,exato
2022,Bahia,870560,Marco Antônio,3,,0,0,0,0,0,,0,0,0,0,3,m antonio,Bahia,palavras
2022,Bahia,1047204,Matheus Bahia,2,,0,0,0,0,0,,0,0,0,0,2,matheus bahia,Bahia,exato
2022,Bahia,981695,Matheus Davó,8,,2,2,2,0,0,,1,1,0,1,9,matheus davo,Bahia,exato
2022,Bahia,979868,Patrick De Lucca,4,,0,0,0,0,0,,0,0,0,0,4,patrick de lucca,Bahia,exato
2022,Bahia,1392679,Patrick Verhon,0,,0,0,0,0,0,,1,1,0,1,1,patrick verhon,Bahia,exato
2022,Bahia,868030,Rezende,9,,0,0,0,0,0,,0,0,0,0,9,rezende,Bahia,exato
2022,Bahia,151993,Ricardo Goulart,4,,2,2,2,0,0,,0,0,0,0,4,ricardo goulart,Bahia,exato
2022,Bahia,1047095,Rildo,7,,0,0,0,0,0,,0,0,0,0,7,rildo,Bahia,exato
2022,Bahia,1019652,Vítor Jacaré,9,,0,0,0,0,0,,0,0,0,0,9,vitor jacare,Bahia,exato
2022,Bahia,966130,Warley,1,,0,0,0,0,0,,0,0,0,0,1,warley,Sampaio Corrêa,"exato, outro clube na base"
2022,Brusque,1014249,Airton,4,,0,0,0,0,0,,2,1,1,1,6,airton,Brusque,exato
2022,Brusque,871073,Alex Ruan,1,,0,0,0,0,0,,1,1,0,1,2,alex ruan,Brusque,exato
2022,Brusque,936929,Alex Sandro,4,,0,0,0,0,1,,0,0,0,0,4,alex sandro,Brusque,exato
2022,Brusque,124988,Bruno Aguiar,5,,1,1,1,0,0,,0,0,0,0,5,bruno aguiar,Brusque,exato
2022,Brusque,386138,Crislan,6,,1,1,0,0,0,,0,0,0,0,6,crislan,Brusque,exato
2022,Brusque,879866,Diego Jardel,2,,0,0,0,0,2,,1,0,1,1,3,diego jardel,Brusque,exato
2022,Brusque,871219,Fernandinho,8,,0,0,0,0,0,,0,0,0,0,8,fernandinho,Brusque,exato
2022,Brusque,933955,Gabriel Taliari,5,,1,0,0,0,0,,0,0,0,0,5,gabriel taliari,Brusque,exato
2022,Brusque,870789,Ianson,1,,0,0,0,0,0,,0,0,0,0,1,ianson,Brusque,exato
2022,Brusque,977803,Jailson,7,,0,0,0,0,0,,0,0,0,0,7,jailson,Brusque,exato
2022,Brusque,842290,Jeferson Santos,5,,0,0,0,0,0,,1,1,0,0,6,jeferson,Brusque,palavras
2022,Brusque,166487,Luiz Antônio,6,,0,0,0,0,0,,0,0,0,0,6,luiz antonio,Brusque,exato
2022,Brusque,852556,Matheus Trindade,5,,0,0,0,0,0,,0,0,0,0,5,matheus trindade,Brusque,exato
2022,Brusque,124982,Pará,2,,0,0,0,0,0,,0,0,0,0,2,para,Brusque,exato
2022,Brusque,1174206,Paulo Baya,13,,0,0,0,0,0,,0,0,0,0,13,paulo baya,Brusque,exato
2022,Brusque,871168,Rodolfo Potiguar,12,,0,0,0,0,0,,1,1,0,0,13,rodolfo potiguar,Brusque,exato
2022,Brusque,880215,Todinho,3,,0,0,0,0,1,,0,0,0,0,3,,,sem casar
2022,Brusque,291949,Toty,5,,0,0,0,0,0,,0,0,0,0,5,toty,Brusque,exato
2022,Brusque,1102255,Wagner Balotelli,4,,0,0,0,0,0,,0,0,0,0,4,wagner balotelli,Brusque,exato
2022,Brusque,77244,Wallace Reis,14,,3,1,2,0,0,,0,0,0,0,14,wallace,Brusque,palavras
2022,Brusque,1014251,Zé Mateus,4,,0,0,0,0,0,,0,0,0,0,4,ze mateus,Brusque,exato
2022,Brusque,870586,Álvaro,2,,0,0,0,0,0,,0,0,0,0,2,alvaro,Brusque,exato
2022,Brusque,866862,Éverton Alemão,11,,1,0,1,0,0,,0,0,0,0,11,everton alemao,Brusque,exato
2022,CRB,125032,Anselmo Ramon,6,,1,0,1,0,3,,0,0,0,0,6,anselmo ramon,CRB,exato
2022,CRB,923949,Bruninho,1,,0,0,0,0,0,,0,0,0,0,1,bruninho,CRB,exato
2022,CRB,1116458,Bryan,1,,0,0,0,0,0,,0,0,0,0,1,bryan,CRB,exato
2022,CRB,251245,Claudinei,1,,1,1,0,0,0,,0,0,0,0,1,claudinei,CRB,exato
2022,CRB,1189439,David Braw,1,,0,0,0,0,0,,0,0,0,0,1,david braw,CRB,exato
2022,CRB,242359,Diego Ivo,3,,0,0,0,0,0,,1,1,0,0,4,diego ivo,CRB,exato
2022,CRB,167109,Diogo Silva,0,,0,0,0,0,2,,0,0,0,0,0,diogo silva,CRB,exato
2022,CRB,1130178,Emerson Ramon,6,,1,0,0,0,0,,1,1,0,0,7,,,sem casar
2022,CRB,995294,Fabinho,4,,2,0,2,0,0,,0,0,0,0,4,fabinho,CRB,exato
2022,CRB,931563,Gabriel,1,,0,0,0,0,0,,0,0,0,0,1,,,sem casar
2022,CRB,1139530,Gabriel Conceição,6,,0,0,0,0,0,,1,1,0,0,7,gabriel conceicao,CRB,exato
2022,CRB,887150,Gilvan,3,,0,0,0,0,0,,0,0,0,0,3,gilvan,CRB,exato
2022,CRB,1097858,Guilherme Lopes,3,,0,0,0,0,0,,0,0,0,0,3,guilherme,CRB,palavras
2022,CRB,883908,Guilherme Romão,4,,0,0,0,0,0,,0,0,0,0,4,guilherme romao,CRB,exato
2022,CRB,90655,Gum,12,,1,1,0,0,0,,0,0,0,0,12,gum,CRB,exato
2022,CRB,986570,Iago Mendonça,2,,0,0,0,0,0,,0,0,0,0,2,iago mendonca,CRB,exato
2022,CRB,842073,Juninho Valoura,5,,0,0,0,0,0,,1,0,1,1,6,juninho valoura,CRB,exato
2022,CRB,341145,Paulinho Moccelin,2,,0,0,0,0,0,,0,0,0,0,2,paulinho moccelin,CRB,exato
2022,CRB,795175,Rafael Longuine,9,,0,0,0,0,0,,1,0,1,0,10,rafael longuine,CRB,exato
2022,CRB,870934,Raul Prata,4,,0,0,0,0,0,,0,0,0,0,4,raul prata,CRB,exato
2022,CRB,555456,Reginaldo,2,,0,0,0,0,0,,0,0,0,0,2,reginaldo,CRB,exato
2022,CRB,927208,Richard,7,,1,0,1,0,0,,0,0,0,0,7,,,sem casar
2022,CRB,253857,Uillian Correia,1,,0,0,0,0,0,,0,0,0,0,1,uillian correia,CRB,exato
2022,CRB,913587,Vico,1,,0,0,0,0,0,,0,0,0,0,1,vico,CRB,exato
2022,CRB,1017033,Wallace,1,,0,0,0,0,0,,0,0,0,0,1,wallace,CRB,exato
2022,CRB,829487,Wellington Carvalho,5,,1,0,1,0,0,,0,0,0,0,5,wellington carvalho,CRB,exato
2022,CRB,338841,Yago,6,,0,0,0,0,0,,0,0,0,0,6,,,sem casar
2022,CSA,60472,Bruno Mezenga,1,,0,0,0,0,0,,0,0,0,0,1,bruno mezenga,CSA,exato
2022,CSA,875175,Dalberto,3,,1,1,1,0,0,,0,0,0,0,3,dalberto,CSA,exato
2022,CSA,106403,Diego Renan,4,,0,0,0,0,0,,0,0,0,0,4,diego renan,CSA,exato
2022,CSA,866803,Douglão,1,,0,0,0,0,0,,0,0,0,0,1,douglas,CSA,parecido
2022,CSA,241436,Ernandes,1,,0,0,0,0,0,,0,0,0,0,1,ernandes,CSA,exato
2022,CSA,847089,Felipe Augusto,1,,0,0,0,0,0,,0,0,0,0,1,felipe augusto,CSA,exato
2022,CSA,243459,Gabriel Santana,3,,0,0,0,0,0,,0,0,0,0,3,gabriel,CSA,palavras
2022,CSA,1046816,Gabriel Tonini,1,,0,0,0,0,0,,0,0,0,0,1,gabriel tonini,CSA,exato
2022,CSA,871172,Geovane,4,,1,1,1,0,0,,0,0,0,0,4,geovane,CSA,exato
2022,CSA,1119894,Giva,1,,0,0,0,0,0,,0,0,0,0,1,giva,CSA,exato
2022,CSA,1017722,Guilherme Paraíba,8,,0,0,0,0,0,,0,0,0,0,8,guilherme paraiba,CSA,exato
2022,CSA,129501,Héctor Canteros,3,,0,0,0,0,0,,0,0,0,0,3,h canteros,CSA,palavras
2022,CSA,1017027,Igor,8,,0,0,0,0,0,,0,0,0,0,8,,,sem casar
2022,CSA,1145122,Igor Inocencio,0,,0,0,0,0,0,,1,1,0,1,1,igor inocencio,CSA,exato
2022,CSA,879871,Lourenço,15,,0,0,0,0,0,,1,1,0,1,16,lourenco,CSA,exato
2022,CSA,1000738,Lucas Barcellos,4,,0,0,0,0,0,,0,0,0,0,4,lucas barcelos,CSA,parecido
2022,CSA,966145,Lucas Lourenço,1,,0,0,0,0,0,,0,0,0,0,1,lucas lourenco,CSA,exato
2022,CSA,931672,Lucas Marques,2,,1,0,0,1,0,,0,0,0,0,2,lucas marques,CSA,exato
2022,CSA,338827,Lucão,13,,1,1,1,0,0,,0,0,0,0,13,lucao,CSA,exato
2022,CSA,883911,Luiz Henrique,1,,0,0,0,0,0,,0,0,0,0,1,luiz henrique,CSA,exato
2022,CSA,877897,Marco Túlio,2,,0,0,0,0,0,,0,0,0,0,2,marco tulio,CSA,exato
2022,CSA,922553,Matheus Ferreira,1,,0,0,0,0,0,,0,0,0,0,1,ferreira,CSA,palavras
2022,CSA,90468,Osvaldo,3,,0,0,0,0,0,,1,1,0,1,4,osvaldo,CSA,exato
2022,CSA,893661,Rickson,1,,0,0,0,0,0,,0,0,0,0,1,rickson,CSA,exato
2022,CSA,989091,Rodrigo Rodrigues,8,,0,0,0,0,4,,0,0,0,0,8,rodrigo rodrigues,CSA,exato
2022,CSA,241472,Rogério,2,,0,0,0,0,0,,0,0,0,0,2,rogerio,CSA,exato
2022,CSA,804360,Wellington Nascimento,7,,0,0,0,0,0,,0,0,0,0,7,wellington,CSA,palavras
2022,CSA,123212,Werley,9,,0,0,0,0,0,,0,0,0,0,9,werley,CSA,exato
2022,CSA,592022,Yann Rollim,2,,0,0,0,0,0,,0,0,0,0,2,yann rolim,CSA,parecido
2022,CSA,54412,Élton,1,,0,0,0,0,0,,0,0,0,0,1,elton,CSA,exato
2022,Chapecoense,789962,Alisson Farias,5,,0,0,0,0,0,,0,0,0,0,5,alisson farias,Chapecoense,exato
2022,Chapecoense,880111,Betinho,6,,0,0,0,0,0,,0,0,0,0,6,betinho,Chapecoense,exato
2022,Chapecoense,1049140,Carlos Orejuela,6,,0,0,0,0,0,,1,1,0,1,7,c orejuela,Chapecoense,palavras
2022,Chapecoense,1201657,Chrystian Barletta,11,,0,0,0,0,0,,0,0,0,0,11,chrystian barletta,Chapecoense,exato
2022,Chapecoense,1016996,Claudinho,4,,0,0,0,0,0,,0,0,0,0,4,claudinho,Chapecoense,exato
2022,Chapecoense,869679,Cleylton Santos,1,,0,0,0,0,0,,0,0,0,0,1,cleylton,Chapecoense,palavras
2022,Chapecoense,973924,Darlan,2,,0,0,0,0,0,,0,0,0,0,2,darlan,Chapecoense,exato
2022,Chapecoense,924423,Derek Freitas,1,,0,0,0,0,0,,0,0,0,0,1,derek,Chapecoense,palavras
2022,Chapecoense,973844,Felipe Ferreira,6,,0,0,0,0,0,,1,1,0,0,7,felipe ferreira,Chapecoense,exato
2022,Chapecoense,1017746,Fernando,2,,0,0,0,0,0,,0,0,0,0,2,fernando,Chapecoense,exato
2022,Chapecoense,220709,Francinilson Meireles Maranhão,2,,0,0,0,0,0,,0,0,0,0,2,maranhao,Chapecoense,palavras
2022,Chapecoense,994466,Jonathan Junior,4,,0,0,0,0,0,,0,0,0,0,4,jonathan junior,Chapecoense,exato
2022,Chapecoense,932080,Kevin,1,,0,0,0,0,0,,0,0,0,0,1,kevin,Chapecoense,exato
2022,Chapecoense,840078,Lima,2,,0,0,0,0,0,,0,0,0,0,2,lima,Chapecoense,exato
2022,Chapecoense,1017275,Luizinho,2,,0,0,0,0,0,,0,0,0,0,2,luizinho,Chapecoense,exato
2022,Chapecoense,35574,Léo,8,,2,1,1,0,0,,1,0,1,1,9,leo,Chapecoense,exato
2022,Chapecoense,829492,Marcelo Freitas,13,,0,0,0,0,0,,1,0,1,1,14,marcelo freitas,Chapecoense,exato
2022,Chapecoense,356446,Marcelo Santos,1,,0,0,0,0,0,,0,0,0,0,1,marcelo santos,Chapecoense,exato
2022,Chapecoense,981746,Matheus Bianqui,10,,0,0,0,0,0,,0,0,0,0,10,matheus bianqui,Chapecoense,exato
2022,Chapecoense,973857,Maílton,10,,0,0,0,0,0,,2,2,0,2,12,mailton,Chapecoense,exato
2022,Chapecoense,872015,Pablo Oliveira,6,,1,1,0,0,0,,1,1,0,0,7,pablo oliveira,Chapecoense,exato
2022,Chapecoense,840076,Perotti,16,,2,1,2,0,0,,0,0,0,0,16,perotti,Chapecoense,exato
2022,Chapecoense,221212,Thomás,3,,0,0,0,0,0,,1,1,0,1,4,,,sem casar
2022,Chapecoense,77267,Victor Ramos,14,,1,1,1,0,0,,0,0,0,0,14,victor ramos,Chapecoense,exato
2022,Chapecoense,794909,Willian Popp,4,,1,0,1,0,1,,0,0,0,0,4,willian popp,Chapecoense,exato
2022,Chapecoense,887270,Xandão,8,,2,2,2,0,0,,0,0,0,0,8,xandao,Chapecoense,exato
2022,Chapecoense,329025,Éderson,1,,0,0,0,0,0,,0,0,0,0,1,ederson,Chapecoense,exato
2022,Criciúma,922580,Arilson,6,,0,0,0,0,0,,1,1,0,1,7,arilson,Criciúma,exato
2022,Criciúma,869574,Caio Dantas,4,,0,0,0,0,0,,0,0,0,0,4,caio dantas,Criciúma,exato
2022,Criciúma,992791,Claudinho,5,,0,0,0,0,0,,1,0,1,0,6,claudinho,Criciúma,exato
2022,Criciúma,336555,Cristovam,4,,0,0,0,0,0,,0,0,0,0,4,cristovam,Criciúma,exato
2022,Criciúma,1018777,Eduardo Melo,1,,0,0,0,0,0,,0,0,0,0,1,eduardo melo,Criciúma,exato
2022,Criciúma,865321,Fellipe Mateus,12,,0,0,0,0,1,,2,0,2,2,14,fellipe mateus,Criciúma,exato
2022,Criciúma,794907,Fernando Viana,4,,0,0,0,0,0,,0,0,0,0,4,fernando viana,Criciúma,exato
2022,Criciúma,869427,Gedeilson,1,,0,0,0,0,0,,0,0,0,0,1,gedeilson,Criciúma,exato
2022,Criciúma,892073,Gustavo Cazonatti,1,,0,0,0,0,0,,0,0,0,0,1,gustavo cazonatti,Criciúma,exato
2022,Criciúma,39608,Helder Santos,1,,0,0,0,0,0,,0,0,0,0,1,helder santos,Criciúma,exato
2022,Criciúma,832472,Hygor,7,,2,1,2,0,0,,0,0,0,0,7,hygor,Criciúma,exato
2022,Criciúma,329257,Italo Melo,2,,0,0,0,0,0,,1,0,1,1,3,italo,Criciúma,palavras
2022,Criciúma,1017385,Kadu,2,,0,0,0,0,0,,0,0,0,0,2,kadu,Criciúma,exato
2022,Criciúma,874035,Leo Costa,8,,1,1,0,0,0,,0,0,0,0,8,leo costa,Criciúma,exato
2022,Criciúma,867919,Lohan,2,,0,0,0,0,0,,0,0,0,0,2,lohan,Criciúma,exato
2022,Criciúma,912784,Lucas Poletto,1,,0,0,0,0,0,,0,0,0,0,1,lucas poletto,Criciúma,exato
2022,Criciúma,875897,Lucas Xavier,3,,0,0,0,0,0,,0,0,0,0,3,lucas xavier,Criciúma,exato
2022,Criciúma,783490,Marcelo Hermes,11,,0,0,0,0,0,,1,1,0,1,12,marcelo hermes,Criciúma,exato
2022,Criciúma,797650,Marcos Serrato,5,,0,0,0,0,0,,0,0,0,0,5,marcos serrato,Criciúma,exato
2022,Criciúma,90812,Marquinhos Gabriel,7,,0,0,0,0,1,,1,0,1,1,8,marquinhos gabriel,Criciúma,exato
2022,Criciúma,158325,Negueba,1,,0,0,0,0,0,,0,0,0,0,1,negueba,Criciúma,exato
2022,Criciúma,249509,Oswaldo Henriquez,2,,0,0,0,0,0,,0,0,0,0,2,o henriquez,Criciúma,palavras
2022,Criciúma,959005,Rafael Bilú,4,,0,0,0,0,1,,0,0,0,0,4,rafael bilu,Criciúma,exato
2022,Criciúma,865323,Rayan,11,,0,0,0,0,0,,0,0,0,0,11,rayan,Criciúma,exato
2022,Criciúma,994108,Renan Areias,3,,0,0,0,0,0,,0,0,0,0,3,renan areias,Criciúma,exato
2022,Criciúma,886773,Rodrigo Fagundes,21,,2,1,0,0,0,,0,0,0,0,21,rodrigo,Criciúma,palavras
2022,Criciúma,879593,Rômulo,7,,1,1,0,0,0,,0,0,0,0,7,romulo,Criciúma,exato
2022,Criciúma,866917,Thiago Alagoano,4,,0,0,0,0,0,,0,0,0,0,4,thiago alagoano,Criciúma,exato
2022,Criciúma,901700,Zé Marcos,11,,2,2,1,0,0,,0,0,0,0,11,ze marcos,Criciúma,exato
2022,Cruzeiro,989383,Adriano Firmino,1,,0,0,0,0,0,,0,0,0,0,1,adriano firmino,Cruzeiro,exato
2022,Cruzeiro,1199079,Breno Teixeira,1,,0,0,0,0,0,,0,0,0,0,1,breno,Cruzeiro,palavras
2022,Cruzeiro,817650,Bruno Rodrigues,17,,1,0,1,0,0,,0,0,0,0,17,bruno rodrigues,Cruzeiro,exato
2022,Cruzeiro,1017022,Chay,1,,0,0,0,0,0,,1,1,0,1,2,chay,Cruzeiro,exato
2022,Cruzeiro,1177371,Daniel Júnior,3,,0,0,0,0,0,,0,0,0,0,3,daniel junior,Cruzeiro,exato
2022,Cruzeiro,868864,Edu,14,,1,0,1,0,0,,1,0,1,0,15,edu,Cruzeiro,exato
2022,Cruzeiro,866775,Eduardo Brock,21,,1,1,1,0,1,,0,0,0,0,21,eduardo brock,Cruzeiro,exato
2022,Cruzeiro,152510,Fernando Canesin,1,,0,0,0,0,0,,0,0,0,0,1,fernando canesin,Cruzeiro,exato
2022,Cruzeiro,844601,Filipe Machado,12,,0,0,0,0,0,,2,1,1,2,14,filipe machado,Cruzeiro,exato
2022,Cruzeiro,1105059,Geovane,11,,2,1,1,0,0,,0,0,0,0,11,geovane,CSA,"exato, outro clube na base"
2022,Cruzeiro,1020057,Jajá,5,,0,0,0,0,0,,0,0,0,0,5,jaja,Cruzeiro,exato
2022,Cruzeiro,1412631,Juan Christian,1,,0,0,0,0,0,,0,0,0,0,1,juan christian,Cruzeiro,exato
2022,Cruzeiro,905454,Lincoln,2,,0,0,0,0,1,,0,0,0,0,2,lincoln,Cruzeiro,exato
2022,Cruzeiro,867907,Lucas Oliveira,8,,1,1,1,0,0,,0,0,0,0,8,lucas oliveira,Cruzeiro,exato
2022,Cruzeiro,157188,Luvannor Henrique,14,,0,0,0,0,0,,0,0,0,0,14,luvannor,Cruzeiro,palavras
2022,Cruzeiro,1049019,Luís Felipe,1,,0,0,0,0,0,,0,0,0,0,1,luis felipe,Cruzeiro,exato
2022,Cruzeiro,981703,Matheus Bidu,8,,0,0,0,0,0,,1,0,1,1,9,matheus bidu,Cruzeiro,exato
2022,Cruzeiro,559034,Neto Moura,5,,0,0,0,0,0,,1,1,0,0,6,neto moura,Cruzeiro,exato
2022,Cruzeiro,931631,Pablo Siles,1,,0,0,0,0,0,,0,0,0,0,1,p siles,Cruzeiro,palavras
2022,Cruzeiro,959627,Rafael Santos,5,,0,0,0,0,0,,0,0,0,0,5,rafael santos,Cruzeiro,exato
2022,Cruzeiro,243963,Rafael Silva,2,,0,0,0,0,0,,0,0,0,0,2,rafa silva,Cruzeiro,parecido
2022,Cruzeiro,870333,Rodolfo,1,,0,0,0,0,0,,0,0,0,0,1,rodolfo,Cruzeiro,exato
2022,Cruzeiro,147465,Rômulo,3,,1,0,0,0,0,,0,0,0,0,3,romulo,Cruzeiro,exato
2022,Cruzeiro,976235,Wagner Leonardo,3,,1,1,0,0,0,,0,0,0,0,3,wagner leonardo,Cruzeiro,exato
2022,Cruzeiro,295167,Willian Oliveira,5,,0,0,0,0,0,,0,0,0,0,5,willian oliveira,Cruzeiro,exato
2022,Cruzeiro,844602,Zé Ivaldo,16,,1,1,0,0,0,,1,1,0,1,17,ze ivaldo,Cruzeiro,exato
2022,Grêmio,1106140,Biel,5,,1,0,0,0,0,,1,1,0,0,6,biel,Grêmio,exato
2022,Grêmio,1106839,Bitello,6,,0,0,0,0,0,,1,1,0,1,7,bitello,Grêmio,exato
2022,Grêmio,551810,Bruno Alves,12,,1,1,1,0,0,,0,0,0,0,12,bruno alves,Grêmio,exato
2022,Grêmio,17880,Diego Souza,23,,5,3,4,0,4,,0,0,0,0,23,,,sem casar
2022,Grêmio,123349,Edílson,8,,0,0,0,0,0,,1,0,1,1,9,edilson,Grêmio,exato
2022,Grêmio,1066681,Elias Manoel,2,,0,0,0,0,0,,0,0,0,0,2,elias manoel,Grêmio,exato
2022,Grêmio,77424,Elkeson,7,,0,0,0,0,1,,0,0,0,0,7,,,sem casar
2022,Grêmio,998499,Ferreirinha,3,,0,0,0,0,0,,0,0,0,0,3,,,sem casar
2022,Grêmio,1176796,Gabriel Silva,1,,0,0,0,0,1,,0,0,0,0,1,gabriel silva,Grêmio,exato
2022,Grêmio,844605,Guilherme,5,,0,0,0,0,0,,1,0,1,0,6,guilherme,Grêmio,exato
2022,Grêmio,877299,Jaminton Campaz,7,,0,0,0,0,0,,0,0,0,0,7,j campaz,Grêmio,palavras
2022,Grêmio,870898,Janderson,1,,0,0,0,0,0,,0,0,0,0,1,janderson,Grêmio,exato
2022,Grêmio,27234,Lucas Leiva,4,,1,1,0,0,0,,0,0,0,0,4,,,sem casar
2022,Grêmio,245159,Lucas Silva,2,,0,0,0,0,0,,0,0,0,0,2,lucas silva,Grêmio,exato
2022,Grêmio,155715,Martín Benítez,1,,0,0,0,0,0,,0,0,0,0,1,m benitez,Grêmio,palavras
2022,Grêmio,1139775,Mathias Villasanti,4,,0,0,0,0,0,,1,1,0,0,5,m villasanti,Grêmio,palavras
2022,Grêmio,1175603,Natã,4,,0,0,0,0,0,,0,0,0,0,4,nata,Grêmio,exato
2022,Grêmio,841336,Nicolas,4,,0,0,0,0,0,,2,2,0,2,6,nicolas,Grêmio,exato
2022,Grêmio,13338,Pedro Geromel,6,,0,0,0,0,0,,0,0,0,0,6,pedro geromel,Grêmio,exato
2022,Grêmio,1104816,Pedro Lucas,2,,0,0,0,0,0,,0,0,0,0,2,pedro lucas,Grêmio,exato
2022,Grêmio,1105992,Ricardinho,1,,0,0,0,0,0,,0,0,0,0,1,ricardinho,Grêmio,exato
2022,Grêmio,1048150,Rodrigo Ferreira,4,,0,0,0,0,0,,0,0,0,0,4,rodrigo ferreira,Grêmio,exato
2022,Grêmio,976188,Rodrigues,1,,0,0,0,0,0,,0,0,0,0,1,rodrigues,Grêmio,exato
2022,Grêmio,378590,Thiago Santos,2,,0,0,0,0,0,,0,0,0,0,2,thiago santos,Grêmio,exato
2022,Grêmio,249647,Walter Kannemann,2,,0,0,0,0,0,,0,0,0,0,2,w kannemann,Grêmio,palavras
2022,Guarani,974329,Bruno José,9,,0,0,0,0,0,,1,1,0,0,10,bruno jose,Guarani,exato
2022,Guarani,836165,Bruno Miranda,1,,0,0,0,0,0,,0,0,0,0,1,b miranda,Guarani,palavras
2022,Guarani,877553,Derlan,17,,0,0,0,0,0,,0,0,0,0,17,derlan,Guarani,exato
2022,Guarani,553652,Diogo Mateus,12,,1,0,0,0,1,,1,1,0,1,13,diogo mateus,Guarani,exato
2022,Guarani,973874,Edson,1,,1,1,0,0,0,,0,0,0,0,1,,,sem casar
2022,Guarani,938482,Eduardo Person,3,,0,0,0,0,0,,0,0,0,0,3,eduardo person,Guarani,exato
2022,Guarani,82967,Ernando,10,,0,0,0,0,0,,0,0,0,0,10,ernando,Guarani,exato
2022,Guarani,82680,Giovanni Augusto,8,,0,0,0,0,2,,0,0,0,0,8,giovanni augusto,Guarani,exato
2022,Guarani,922628,Isaque,4,,0,0,0,0,0,,0,0,0,0,4,isaque,Guarani,exato
2022,Guarani,972373,Jamerson,6,,0,0,0,0,0,,1,1,0,1,7,jamerson,Guarani,exato
2022,Guarani,896246,Jenison,3,,0,0,0,0,0,,0,0,0,0,3,jenison,Guarani,exato
2022,Guarani,863297,João Victor,16,,2,2,2,0,0,,0,0,0,0,16,joao victor,Guarani,exato
2022,Guarani,866565,Júlio César,5,,0,0,0,0,0,,0,0,0,0,5,julio cesar,Guarani,exato
2022,Guarani,30646,Leandro Castán,4,,0,0,0,0,0,,0,0,0,0,4,,,sem casar
2022,Guarani,871013,Leandro Vilela,5,,0,0,0,0,0,,0,0,0,0,5,leandro vilela,Guarani,exato
2022,Guarani,797225,Lucas Ramon,3,,0,0,0,0,0,,0,0,0,0,3,lucas ramon,Guarani,exato
2022,Guarani,147067,Lucão,9,,0,0,0,0,0,,0,0,0,0,9,lucao,Guarani,exato
2022,Guarani,931760,Madison,4,,1,0,1,0,0,,0,0,0,0,4,madison,Guarani,exato
2022,Guarani,879595,Marcinho,1,,0,0,0,0,0,,0,0,0,0,1,marcinho,Guarani,exato
2022,Guarani,880134,Maxwell,3,,0,0,0,0,0,,0,0,0,0,3,maxwell,Guarani,exato
2022,Guarani,606612,Nicolas Careca,2,,0,0,0,0,0,,0,0,0,0,2,nicolas careca,Guarani,exato
2022,Guarani,1015292,Richard Ríos,1,,0,0,0,0,0,,0,0,0,0,1,r rios,Guarani,palavras
2022,Guarani,874398,Rodrigo Andrade,1,,0,0,0,0,0,,0,0,0,0,1,rodrigo andrade,Guarani,exato
2022,Guarani,1123234,Ronald,1,,0,0,0,0,0,,0,0,0,0,1,ronald,Guarani,exato
2022,Guarani,84883,Ronaldo Alves,9,,0,0,0,0,0,,0,0,0,0,9,ronaldo alves,Guarani,exato
2022,Guarani,795269,Silas,4,,0,0,0,0,0,,0,0,0,0,4,silas,Guarani,exato
2022,Guarani,840210,Vitinho,1,,0,0,0,0,0,,0,0,0,0,1,vitinho,Guarani,exato
2022,Guarani,843733,Yago,4,,0,0,0,0,0,,0,0,0,0,4,,,sem casar
2022,Guarani,877626,Yuri,4,,0,0,0,0,1,,0,0,0,0,4,,,sem casar
2022,Ituano,364528,Aylon,14,,3,2,2,0,0,,0,0,0,0,14,aylon,Ituano,exato
2022,Ituano,1017590,Bernardo Schappo,20,,3,2,3,0,0,,0,0,0,0,20,bernardo schappo,Ituano,exato
2022,Ituano,840208,Brenner,1,,0,0,0,0,0,,0,0,0,0,1,brenner,Ituano,exato
2022,Ituano,342145,Bruno Lopes,3,,0,0,0,0,0,,0,0,0,0,3,bruno lopes,Ituano,exato
2022,Ituano,871032,Caique Gonçalves,1,,0,0,0,0,0,,0,0,0,0,1,caique,Ituano,palavras
2022,Ituano,870270,Dudu Vieira,2,,1,0,0,0,0,,0,0,0,0,2,dudu vieira,Ituano,exato
2022,Ituano,1020259,Gabriel Barros,7,,0,0,0,0,0,,0,0,0,0,7,g barros,Ituano,palavras
2022,Ituano,47748,Gerson Magrão,1,,0,0,0,0,0,,2,1,1,2,3,gerson magrao,Ituano,exato
2022,Ituano,1125099,Iago Teles,1,,0,0,0,0,0,,0,0,0,0,1,iago teles,Ituano,exato
2022,Ituano,877571,Jorge Roa Jiménez,4,,2,1,1,0,0,,0,0,0,0,4,j jimenez,Ituano,palavras
2022,Ituano,1016885,João Victor,2,,0,0,0,0,0,,0,0,0,0,2,j victor,Ituano,palavras
2022,Ituano,811708,Kaio Mendes,5,,0,0,0,0,0,,2,1,1,1,7,kaio mendes,Ituano,exato
2022,Ituano,940520,Leo Ceará,7,,0,0,0,0,0,,0,0,0,0,7,leo ceara,Ituano,exato
2022,Ituano,981745,Lucas Dias Costa,16,,2,0,2,0,0,,0,0,0,0,16,lucas dias,Ituano,palavras
2022,Ituano,794847,Lucas Siqueira,8,,1,1,0,0,0,,0,0,0,0,8,lucas siqueira,Ituano,exato
2022,Ituano,866330,Léo Santos,16,,0,0,0,0,0,,1,1,0,0,17,leo santos,Ituano,exato
2022,Ituano,355810,Mário Sergio,2,,0,0,0,0,0,,1,0,1,1,3,mario sergio,Ituano,exato
2022,Ituano,1016901,Nathan,1,,0,0,0,0,0,,0,0,0,0,1,,,sem casar
2022,Ituano,330323,Pacheco,1,,0,0,0,0,0,,0,0,0,0,1,pacheco,Ituano,exato
2022,Ituano,928527,Rafael Elias,8,,2,1,0,0,2,,0,0,0,0,8,rafael elias,Ituano,exato
2022,Ituano,44356,Rafael Pereira,10,,0,0,0,0,0,,0,0,0,0,10,rafael pereira,Ituano,exato
2022,Ituano,879591,Raí Ramos,4,,0,0,0,0,0,,1,0,1,1,5,rai ramos,Ituano,exato
2022,Ituano,840248,Roberto,4,,0,0,0,0,0,,2,2,0,2,6,roberto,Ituano,exato
2022,Ituano,990160,Vinicius Paiva,1,,0,0,0,0,0,,0,0,0,0,1,vinicius paiva,Ituano,exato
2022,Londrina,826355,Augusto,7,,2,1,1,0,0,,0,0,0,0,7,augusto,Londrina,exato
2022,Londrina,866700,Caprini,28,,2,0,0,1,0,,3,1,2,2,31,caprini,Londrina,exato
2022,Londrina,1394481,Danilo,3,,0,0,0,0,0,,0,0,0,0,3,,,sem casar
2022,Londrina,814401,Denilson,3,,1,1,1,0,0,,0,0,0,0,3,denilson,Londrina,exato
2022,Londrina,329031,Douglas Coutinho,14,,1,0,0,0,0,,0,0,0,0,14,douglas coutinho,Londrina,exato
2022,Londrina,125225,Eltinho,2,,1,0,0,1,0,,0,0,0,0,2,eltinho,Londrina,exato
2022,Londrina,945147,Emerson Souza,1,,0,0,0,0,0,,0,0,0,0,1,emerson souza,Londrina,exato
2022,Londrina,892875,Felipe Vieira,1,,0,0,0,0,0,,0,0,0,0,1,felipe,Londrina,palavras
2022,Londrina,1010620,Gabriel Santos,9,,1,1,1,0,0,,0,0,0,0,9,gabriel santos,Londrina,exato
2022,Londrina,335807,Gegê,14,,0,0,0,0,0,,0,0,0,0,14,gege,Londrina,exato
2022,Londrina,358526,Jeferson,1,,0,0,0,0,0,,0,0,0,0,1,jeferson,Londrina,exato
2022,Londrina,893524,Jhonny Lucas,3,,0,0,0,0,0,,0,0,0,0,3,jhonny lucas,Londrina,exato
2022,Londrina,146790,João Paulo,10,,0,0,0,0,4,,2,2,0,2,12,joao paulo,Londrina,exato
2022,Londrina,798166,Leandrinho,2,,0,0,0,0,0,,0,0,0,0,2,leandrinho,Londrina,exato
2022,Londrina,1116677,Luis Mandaca,8,,0,0,0,0,0,,0,0,0,0,8,mandaca,Londrina,palavras
2022,Londrina,981012,Marcinho,1,,0,0,0,0,0,,0,0,0,0,1,marcinho,Londrina,exato
2022,Londrina,976088,Matheus Lucas,4,,1,1,0,0,0,,0,0,0,0,4,matheus lucas,Londrina,exato
2022,Londrina,956861,Mirandinha,2,,0,0,0,0,0,,0,0,0,0,2,mirandinha,Londrina,exato
2022,Londrina,883913,Mossoró,1,,0,0,0,0,0,,0,0,0,0,1,mossoro,Londrina,exato
2022,Londrina,981706,Pedro Cacho,2,,0,0,0,0,0,,0,0,0,0,2,pedro cacho,Londrina,exato
2022,Londrina,123352,Saimon,13,,0,0,0,0,0,,1,0,1,0,14,saimon,Londrina,exato
2022,Londrina,973885,Salatiel,1,,0,0,0,0,0,,0,0,0,0,1,salatiel,Londrina,exato
2022,Londrina,845539,Samuel Santos,7,,0,0,0,0,0,,0,0,0,0,7,samuel santos,Londrina,exato
2022,Londrina,47745,Thiago Ribeiro,1,,0,0,0,0,0,,0,0,0,0,1,thiago ribeiro,Londrina,exato
2022,Londrina,1177012,Vilar,12,,1,0,1,0,0,,0,0,0,0,12,vilar,Londrina,exato
2022,Novorizontino,870314,Cléo Silva,2,,0,0,0,0,0,,0,0,0,0,2,cleo silva,Novorizontino,exato
2022,Novorizontino,356514,Danielzinho,12,,0,0,0,0,0,,1,1,0,0,13,danielzinho,Novorizontino,exato
2022,Novorizontino,1086464,Diego Quirino,7,,0,0,0,0,0,,0,0,0,0,7,quirino,Novorizontino,palavras
2022,Novorizontino,828838,Diego Torres,9,,1,0,0,0,0,,2,2,0,2,11,d torres,Novorizontino,palavras
2022,Novorizontino,795035,Douglas Baggio,8,,1,1,1,0,0,,1,1,0,1,9,douglas baggio,Novorizontino,exato
2022,Novorizontino,914491,Felipe Albuquerque,5,,0,0,0,0,0,,0,0,0,0,5,felipe albuquerque,Novorizontino,exato
2022,Novorizontino,850478,Gustavo Bochecha,5,,0,0,0,0,0,,1,1,0,1,6,gustavo bochecha,Novorizontino,exato
2022,Novorizontino,1019256,Hélio Borges,3,,0,0,0,0,0,,0,0,0,0,3,helio borges,Novorizontino,exato
2022,Novorizontino,871012,Jhony Douglas,13,,2,0,2,0,0,,0,0,0,0,13,jhony douglas,Novorizontino,exato
2022,Novorizontino,329085,Joilson,8,,0,0,0,0,0,,0,0,0,0,8,joilson,Novorizontino,exato
2022,Novorizontino,870897,Ligger,8,,1,1,1,0,0,,0,0,0,0,8,ligger,Novorizontino,exato
2022,Novorizontino,981627,Lucas Tocantins,2,,0,0,0,0,0,,0,0,0,0,2,lucas tocantins,Novorizontino,exato
2022,Novorizontino,981628,Luiz Henrique,1,,0,0,0,0,0,,0,0,0,0,1,luiz henrique,Novorizontino,exato
2022,Novorizontino,870647,Léo Baiano,3,,1,1,1,0,0,,0,0,0,0,3,leo baiano,Novorizontino,exato
2022,Novorizontino,965313,Léo Tocantins,1,,0,0,0,0,0,,0,0,0,0,1,leo tocantins,Sampaio Corrêa,"exato, outro clube na base"
2022,Novorizontino,243665,Paulinho,10,,1,1,1,0,0,,1,1,0,0,11,paulinho,Novorizontino,exato
2022,Novorizontino,874853,Ramón Martínez,3,,0,0,0,0,0,,0,0,0,0,3,r martinez,Novorizontino,palavras
2022,Novorizontino,865380,Reverson,2,,0,0,0,0,0,,0,0,0,0,2,reverson,Novorizontino,exato
2022,Novorizontino,869584,Rodolfo Filemon,9,,0,0,0,0,0,,0,0,0,0,9,rodolfo filemon,Novorizontino,exato
2022,Novorizontino,261681,Romário,1,,0,0,0,0,0,,0,0,0,0,1,romario,Novorizontino,exato
2022,Novorizontino,923057,Ronald,4,,0,0,0,0,0,,0,0,0,0,4,ronald,Novorizontino,exato
2022,Novorizontino,387766,Ronaldo Henrique Silva,8,,1,1,1,0,4,,0,0,0,0,8,ronaldo,Novorizontino,palavras
2022,Novorizontino,1105078,Rômulo,0,,0,0,0,0,0,,1,1,0,1,1,romulo,Novorizontino,exato
2022,Novorizontino,867951,Vinícius Leite,3,,0,0,0,0,0,,0,0,0,0,3,vinicius leite,Novorizontino,exato
2022,Novorizontino,27570,Welliton,1,,0,0,0,0,0,,0,0,0,0,1,welliton,Novorizontino,exato
2022,Novorizontino,868076,Willean Lepo,8,,0,0,0,0,0,,0,0,0,0,8,willean lepo,Novorizontino,exato
2022,Novorizontino,938612,Wálber,3,,0,0,0,0,0,,0,0,0,0,3,walber,Novorizontino,exato
2022,Náutico,356512,Ailton,1,,0,0,0,0,0,,0,0,0,0,1,ailton,Náutico,exato
2022,Náutico,1105082,Amarildo,3,,1,0,1,0,0,,0,0,0,0,3,amarildo,Náutico,exato
2022,Náutico,1066713,Anilson,3,,0,0,0,0,0,,0,0,0,0,3,anilson,Náutico,exato
2022,Náutico,883833,Arthur Henrique,2,,0,0,0,0,0,,0,0,0,0,2,arthur,Náutico,palavras
2022,Náutico,849183,Bruno Bispo,2,,0,0,0,0,0,,0,0,0,0,2,bruno bispo,Náutico,exato
2022,Náutico,931759,Camutanga,7,,0,0,0,0,0,,0,0,0,0,7,camutanga,Náutico,exato
2022,Náutico,295157,Eduardo,2,,0,0,0,0,0,,0,0,0,0,2,eduardo,Sport,"exato, outro clube na base"
2022,Náutico,47014,Elierce Barboza de Souza,12,,0,0,0,0,1,,1,1,0,1,13,souza,Náutico,palavras
2022,Náutico,1093892,Everton,1,,0,0,0,0,0,,1,1,0,1,2,everton,Ponte Preta,"exato, outro clube na base"
2022,Náutico,551468,Ewandro Costa,2,,0,0,0,0,0,,0,0,0,0,2,ewandro costa,Náutico,exato
2022,Náutico,243187,Geuvânio,2,,0,0,0,0,0,,0,0,0,0,2,geuvanio,Náutico,exato
2022,Náutico,850475,Jean Carlos,27,,0,0,0,0,1,,1,0,1,1,28,jean carlos,Náutico,exato
2022,Náutico,826353,Jobson,5,,0,0,0,0,0,,0,0,0,0,5,jobson,Náutico,exato
2022,Náutico,98912,Jonathas,3,,0,0,0,0,0,,0,0,0,0,3,jonathas,Náutico,exato
2022,Náutico,378570,João Lucas,2,,0,0,0,0,0,,0,0,0,0,2,joao lucas,Náutico,exato
2022,Náutico,867913,João Paulo,2,,0,0,0,0,0,,0,0,0,0,2,joao paulo,Náutico,exato
2022,Náutico,794924,Junior Tavares,3,,0,0,0,0,0,,0,0,0,0,3,junior tavares,Náutico,exato
2022,Náutico,76489,Kieza,1,,1,1,1,0,0,,0,0,0,0,1,kieza,Náutico,exato
2022,Náutico,878903,Leandro Carvalho,1,,0,0,0,0,0,,1,1,0,1,2,leandro carvalho,Náutico,exato
2022,Náutico,871290,Lucas Perri,1,,0,0,0,0,0,,0,0,0,0,1,lucas perri,Náutico,exato
2022,Náutico,974310,Luis Phelipe,1,,0,0,0,0,0,,0,0,0,0,1,luis phelipe,Náutico,exato
2022,Náutico,876624,Léo Passos,1,,0,0,0,0,0,,0,0,0,0,1,leo passos,Náutico,exato
2022,Náutico,1016172,Matheus Nascimento,1,,0,0,0,0,0,,0,0,0,0,1,nascimento,Náutico,palavras
2022,Náutico,39686,Mauricio,3,,1,0,1,0,0,,0,0,0,0,3,mauricio,Náutico,exato
2022,Náutico,797895,Niltinho,1,,0,0,0,0,0,,0,0,0,0,1,niltinho,Náutico,exato
2022,Náutico,976852,Pedro Vitor,3,,0,0,0,0,1,,0,0,0,0,3,pedro vitor,Náutico,exato
2022,Náutico,848042,Ralph,1,,0,0,0,0,0,,0,0,0,0,1,ralph,Náutico,exato
2022,Náutico,992024,Rhaldney,2,,0,0,0,0,0,,0,0,0,0,2,rhaldney,Náutico,exato
2022,Náutico,877524,Richard Franco,10,,0,0,0,0,0,,0,0,0,0,10,richard franco,Náutico,exato
2022,Náutico,1047809,Thassio,2,,0,0,0,0,0,,0,0,0,0,2,thassio,Náutico,exato
2022,Náutico,843077,Thiago Ennes,1,,0,0,0,0,0,,0,0,0,0,1,thiago ennes,Náutico,exato
2022,Náutico,1174641,Thomaz,1,,0,0,0,0,0,,0,0,0,0,1,thomaz,Náutico,exato
2022,Náutico,255613,Victor Ferraz,6,,2,2,1,0,0,,0,0,0,0,6,victor ferraz,Náutico,exato
2022,Náutico,922644,Vitinho,2,,0,0,0,0,0,,0,0,0,0,2,,,sem casar
2022,Náutico,243475,Wellington,7,,1,1,1,0,0,,0,0,0,0,7,wellington,Náutico,exato
2022,Operário-PR,551314,Alemão,2,,0,0,0,0,0,,0,0,0,0,2,,,sem casar
2022,Operário-PR,1116646,André Lima,3,,0,0,0,0,0,,0,0,0,0,3,andre lima,Operário-PR,exato
2022,Operário-PR,801074,Arnaldo,3,,0,0,0,0,0,,0,0,0,0,3,arnaldo,Operário-PR,exato
2022,Operário-PR,77600,Dirceu,8,,0,0,0,0,0,,0,0,0,0,8,,,sem casar
2022,Operário-PR,870696,Fabiano,7,,0,0,0,0,0,,1,0,0,0,8,fabiano,Operário-PR,exato
2022,Operário-PR,57869,Felipe Garcia,12,,0,0,0,0,0,,0,0,0,0,12,felipe garcia,Operário-PR,exato
2022,Operário-PR,882076,Felipe Saraiva,7,,1,0,1,0,0,,1,0,1,0,8,felipe saraiva,Operário-PR,exato
2022,Operário-PR,343627,Fernando Neto,8,,0,0,0,0,0,,0,0,0,0,8,fernando neto,Operário-PR,exato
2022,Operário-PR,843769,Getterson,1,,0,0,0,0,0,,0,0,0,0,1,getterson,Operário-PR,exato
2022,Operário-PR,870185,Giovanni Confreste,9,,1,0,0,0,0,,0,0,0,0,9,,,sem casar
2022,Operário-PR,1184837,Gustavo,1,,0,0,0,0,0,,0,0,0,0,1,gustavo,Operário-PR,exato
2022,Operário-PR,931498,Gustavo Alcino,1,,0,0,0,0,0,,0,0,0,0,1,gustavo,Operário-PR,palavras
2022,Operário-PR,590378,Javier Reina,4,,1,0,0,0,1,,0,0,0,0,4,j reina,Operário-PR,palavras
2022,Operário-PR,981622,Jean Carlo,2,,0,0,0,0,0,,0,0,0,0,2,jean carlo,Operário-PR,exato
2022,Operário-PR,866872,Junior Brandão,1,,0,0,0,0,0,,0,0,0,0,1,junior brandao,Operário-PR,exato
2022,Operário-PR,775585,Kalil,2,,0,0,0,0,0,,0,0,0,0,2,,,sem casar
2022,Operário-PR,870672,Lucas Mendes,1,,0,0,0,0,0,,0,0,0,0,1,lucas mendes,Operário-PR,exato
2022,Operário-PR,1019739,Lucas Souza,2,,0,0,0,0,0,,0,0,0,0,2,lucas souza,Operário-PR,exato
2022,Operário-PR,867872,Marcelo,4,,0,0,0,0,0,,0,0,0,0,4,marcelo,Operário-PR,exato
2022,Operário-PR,34168,Paulo Sérgio,12,,1,0,0,1,3,,0,0,0,0,12,paulo sergio,Operário-PR,exato
2022,Operário-PR,1107995,Paulo Victor,7,,1,0,0,0,0,,0,0,0,0,7,paulo victor,Operário-PR,exato
2022,Operário-PR,939530,Rafael Chorão,4,,0,0,0,0,0,,1,1,0,0,5,rafael chorao,Operário-PR,exato
2022,Operário-PR,1201761,Raphinha,1,,0,0,0,0,0,,0,0,0,0,1,raphinha,Operário-PR,exato
2022,Operário-PR,124739,Renie,9,,0,0,0,0,0,,0,0,0,0,9,renie,Operário-PR,exato
2022,Operário-PR,870802,Ricardinho,6,,0,0,0,0,0,,0,0,0,0,6,ricardinho,Operário-PR,exato
2022,Operário-PR,1066226,Ronald,1,,0,0,0,0,0,,0,0,0,0,1,,,sem casar
2022,Operário-PR,223592,Silvinho,1,,0,0,0,0,0,,0,0,0,0,1,silvinho,Operário-PR,exato
2022,Operário-PR,356520,Thales,8,,1,0,0,0,0,,0,0,0,0,8,thales,Operário-PR,exato
2022,Operário-PR,846524,Thomaz,1,,0,0,0,0,0,,0,0,0,0,1,thomaz,Náutico,"exato, outro clube na base"
2022,Operário-PR,839688,Tomas Bastos,11,,0,0,0,0,0,,1,1,0,1,12,tomas bastos,Operário-PR,exato
2022,Operário-PR,925871,Willian Machado,5,,1,1,1,0,0,,0,0,0,0,5,willian machado,Operário-PR,exato
2022,Ponte Preta,360160,Artur,14,,0,0,0,0,0,,2,2,0,2,16,artur,Ponte Preta,exato
2022,Ponte Preta,1105318,Bernardo,4,,0,0,0,0,0,,0,0,0,0,4,bernardo,Ponte Preta,exato
2022,Ponte Preta,307894,Cássio Gabriel,1,,0,0,0,0,0,,0,0,0,0,1,cassio,Ponte Preta,palavras
2022,Ponte Preta,988772,Da Silva,1,,0,0,0,0,0,,0,0,0,0,1,da silva,Ponte Preta,exato
2022,Ponte Preta,1009923,Danilo Gomes,4,,0,0,0,0,0,,0,0,0,0,4,danilo gomes,Ponte Preta,exato
2022,Ponte Preta,1134472,Douglas Mendes,3,,0,0,0,0,0,,0,0,0,0,3,douglas mendes,Ponte Preta,exato
2022,Ponte Preta,981418,Echaporã,4,,0,0,0,0,0,,0,0,0,0,4,echapora,Ponte Preta,exato
2022,Ponte Preta,1391413,Eliel,2,,1,1,1,0,0,,0,0,0,0,2,eliel,Ponte Preta,exato
2022,Ponte Preta,156028,Elvis,10,,1,0,0,1,1,,1,1,0,1,11,elvis,Ponte Preta,exato
2022,Ponte Preta,46825,Fabricio,5,,0,0,0,0,0,,0,0,0,0,5,fabricio,Ponte Preta,exato
2022,Ponte Preta,1201949,Felipe Amaral,10,,1,0,1,0,0,,0,0,0,0,10,felipe amaral,Ponte Preta,exato
2022,Ponte Preta,875173,Fessin,3,,0,0,0,0,0,,1,1,0,1,4,fessin,Ponte Preta,exato
2022,Ponte Preta,870544,Fábio Sanches,14,,0,0,0,0,0,,2,1,1,2,16,fabio sanches,Ponte Preta,exato
2022,Ponte Preta,840131,Guilherme Souza,5,,0,0,0,0,0,,1,1,0,0,6,guilherme souza,Ponte Preta,exato
2022,Ponte Preta,1009030,Igor Formiga,5,,0,0,0,0,0,,0,0,0,0,5,igor formiga,Ponte Preta,exato
2022,Ponte Preta,981623,Jean Carlos,2,,0,0,0,0,0,,0,0,0,0,2,jean carlos,Ponte Preta,exato
2022,Ponte Preta,1101061,Leo Naldi,7,,0,0,0,0,1,,0,0,0,0,7,leo naldi,Ponte Preta,exato
2022,Ponte Preta,329235,Lucca,26,,6,2,5,0,3,,0,0,0,0,26,lucca,Ponte Preta,exato
2022,Ponte Preta,822509,Léo Santos,1,,0,0,0,0,0,,0,0,0,0,1,leo santos,Ponte Preta,exato
2022,Ponte Preta,870300,Mateus Silva,9,,2,2,1,0,0,,2,2,0,1,11,mateus silva,Ponte Preta,exato
2022,Ponte Preta,884753,Matheus Anjos,2,,0,0,0,0,0,,0,0,0,0,2,matheus anjos,Ponte Preta,exato
2022,Ponte Preta,1067649,Nicolás,2,,0,0,0,0,0,,0,0,0,0,2,nicolas,Ponte Preta,exato
2022,Ponte Preta,839972,Ribamar,3,,0,0,0,0,0,,0,0,0,0,3,ribamar,Ponte Preta,exato
2022,Ponte Preta,123335,Rithely,1,,0,0,0,0,0,,0,0,0,0,1,rithely,Ponte Preta,exato
2022,Ponte Preta,1101062,Thiago Lopes,1,,0,0,0,0,0,,0,0,0,0,1,thiago lopes,Ponte Preta,exato
2022,Ponte Preta,1174640,Vitinho,2,,0,0,0,0,0,,0,0,0,0,2,vitinho,Ponte Preta,exato
2022,Ponte Preta,922601,Wallisson Luiz,11,,2,2,2,0,0,,0,0,0,0,11,wallisson,Ponte Preta,palavras
2022,Ponte Preta,1105334,Wesley Fraga,1,,0,0,0,0,0,,0,0,0,0,1,,,sem casar
2022,Sampaio Corrêa,987088,Allan,6,,0,0,0,0,0,,1,0,1,0,7,,,sem casar
2022,Sampaio Corrêa,958600,Andrey,1,,0,0,0,0,0,,0,0,0,0,1,andrey,Sampaio Corrêa,exato
2022,Sampaio Corrêa,1016673,André Luiz,12,,3,1,1,0,0,,0,0,0,0,12,andre luiz,Sampaio Corrêa,exato
2022,Sampaio Corrêa,822525,Eron,0,,0,0,0,0,1,,0,0,0,0,0,eron,Sampaio Corrêa,exato
2022,Sampaio Corrêa,885184,Gabriel Furtado,3,,0,0,0,0,0,,0,0,0,0,3,gabriel furtado,Sampaio Corrêa,exato
2022,Sampaio Corrêa,937806,Gabriel Poveda,16,,2,1,1,0,5,,1,0,1,0,17,gabriel poveda,Sampaio Corrêa,exato
2022,Sampaio Corrêa,870734,Joécio,6,,1,1,1,0,0,,0,0,0,0,6,joecio,Sampaio Corrêa,exato
2022,Sampaio Corrêa,790154,Leandro Ferreira,1,,0,0,0,0,0,,0,0,0,0,1,ferreira,Sampaio Corrêa,palavras
2022,Sampaio Corrêa,914473,Lucas Araujo,9,,1,0,1,0,0,,0,0,0,0,9,lucas araujo,Sampaio Corrêa,exato
2022,Sampaio Corrêa,986884,Lucas Hipólito,2,,0,0,0,0,0,,1,0,0,1,3,lucas hipolito,Sampaio Corrêa,exato
2022,Sampaio Corrêa,965313,Léo Tocantins,1,,0,0,0,0,0,,0,0,0,0,1,leo tocantins,Sampaio Corrêa,exato
2022,Sampaio Corrêa,1107069,Mateusinho,17,,0,0,0,0,0,,1,0,1,0,18,mateusinho,Sampaio Corrêa,exato
2022,Sampaio Corrêa,1105420,Maurício,5,,0,0,0,0,0,,1,1,0,0,6,mauricio,Náutico,"exato, outro clube na base"
2022,Sampaio Corrêa,1394062,Nadson Mesquita,5,,0,0,0,0,0,,0,0,0,0,5,nadson,Sampaio Corrêa,palavras
2022,Sampaio Corrêa,254475,Nilson Junior,6,,0,0,0,0,0,,0,0,0,0,6,nilson junior,Sampaio Corrêa,exato
2022,Sampaio Corrêa,125000,Pará,3,,0,0,0,0,0,,1,1,0,1,4,para,Sampaio Corrêa,exato
2022,Sampaio Corrêa,871197,Paulo Sérgio,2,,1,0,0,0,0,,0,0,0,0,2,paulo sergio,Sampaio Corrêa,exato
2022,Sampaio Corrêa,870807,Pimentinha,4,,0,0,0,0,0,,0,0,0,0,4,pimentinha,Sampaio Corrêa,exato
2022,Sampaio Corrêa,540232,Rafael Costa,1,,0,0,0,0,0,,0,0,0,0,1,rafael costa,Sampaio Corrêa,exato
2022,Sampaio Corrêa,986866,Rafael Vila,5,,0,0,0,0,0,,0,0,0,0,5,rafael vila,Sampaio Corrêa,exato
2022,Sampaio Corrêa,878087,Renatinho,2,,0,0,0,0,0,,1,1,0,1,3,renatinho,Sampaio Corrêa,exato
2022,Sampaio Corrêa,966130,Warley,0,,0,0,0,0,0,,2,1,1,2,2,warley,Sampaio Corrêa,exato
2022,Sampaio Corrêa,887310,Wesley,1,,0,0,0,0,0,,0,0,0,0,1,wesley,Ponte Preta,"exato, outro clube na base"
2022,Sampaio Corrêa,826340,Wesley Pionteck,1,,0,0,0,0,0,,0,0,0,0,1,wesley pionteck,Sampaio Corrêa,exato
2022,Sampaio Corrêa,924424,Ygor Catatau,19,,4,3,2,0,0,,2,2,0,1,21,ygor catatau,Sampaio Corrêa,exato
2022,Sport,122969,Blas Cáceres,3,,0,0,0,0,0,,0,0,0,0,3,b caceres,Sport,parecido
2022,Sport,924131,Bruno Matias,4,,0,0,0,0,0,,0,0,0,0,4,bruno matias,Sport,exato
2022,Sport,877904,Chico,5,,1,1,1,0,0,,0,0,0,0,5,chico,Sport,exato
2022,Sport,926793,Denner Melz,2,,0,0,0,0,0,,0,0,0,0,2,denner,Sport,palavras
2022,Sport,39657,Eduardo,2,,0,0,0,0,0,,0,0,0,0,2,eduardo,Sport,exato
2022,Sport,992512,Ewerthon,2,,0,0,0,0,0,,0,0,0,0,2,ewerthon,Sport,exato
2022,Sport,795254,Fabinho,17,,3,1,1,0,0,,0,0,0,0,17,fabinho,Sport,exato
2022,Sport,1147016,Flávio Souza,1,,0,0,0,0,0,,0,0,0,0,1,flavio souza,Sport,exato
2022,Sport,911436,Fábio Alemão,8,,0,0,0,0,0,,0,0,0,0,8,fabio alemao,Sport,exato
2022,Sport,242215,Giovanni,5,,0,0,0,0,0,,1,0,1,1,6,giovanni,Sport,exato
2022,Sport,981595,Gustavo Coutinho,10,,0,0,0,0,0,,0,0,0,0,10,gustavo coutinho,Sport,exato
2022,Sport,805287,Javier Parraguez,3,,1,0,1,0,0,,0,0,0,0,3,j parraguez,Sport,palavras
2022,Sport,869639,Jáderson,1,,0,0,0,0,0,,0,0,0,0,1,jaderson,Sport,exato
2022,Sport,108193,Kayke Rodrigues,8,,3,2,0,0,0,,0,0,0,0,8,kayke,Sport,palavras
2022,Sport,869208,Lucas Hernández,1,,0,0,0,0,0,,0,0,0,0,1,l hernandez,Sport,palavras
2022,Sport,1017264,Luciano Juba,26,,2,0,0,2,0,,1,1,0,1,27,luciano juba,Sport,exato
2022,Sport,354894,Rafael Thyere,8,,1,1,1,0,0,,1,1,0,0,9,rafael thyere,Sport,exato
2022,Sport,551746,Ronaldo Henrique,4,,0,0,0,0,1,,0,0,0,0,4,ronaldo henrique,Sport,exato
2022,Sport,975118,Sabino,26,,0,0,0,0,0,,0,0,0,0,26,sabino,Sport,exato
2022,Sport,795014,Sander,5,,0,0,0,0,0,,1,0,0,0,6,sander,Sport,exato
2022,Sport,802485,Thiago Lopes,2,,0,0,0,0,0,,1,1,0,1,3,thiago lopes,Sport,exato
2022,Sport,13313,Vágner Love,2,,0,0,0,0,0,,0,0,0,0,2,vagner love,Sport,exato
2022,Sport,348650,Wanderson,2,,0,0,0,0,0,,0,0,0,0,2,wanderson,Sport,exato
2022,Sport,868033,William Oliveira,1,,0,0,0,0,0,,0,0,0,0,1,william oliveira,Sport,exato
2022,Tombense,924230,Anderson Jordan,2,,0,0,0,0,0,,0,0,0,0,2,,,sem casar
2022,Tombense,818115,Ciel,14,,2,0,1,0,4,,0,0,0,0,14,ciel,Tombense,exato
2022,Tombense,879598,David,1,,0,0,0,0,0,,0,0,0,0,1,david,Tombense,exato
2022,Tombense,840147,Diego Ferreira,1,,0,0,0,0,0,,0,0,0,0,1,diego ferreira,Tombense,exato
2022,Tombense,595490,Ednei,12,,1,1,0,0,0,,0,0,0,0,12,ednei,Tombense,exato
2022,Tombense,914475,Emerson,1,,0,0,0,0,0,,0,0,0,0,1,emerson,Tombense,exato
2022,Tombense,871162,Everton Galdino,9,,1,0,1,0,0,,0,0,0,0,9,everton galdino,Tombense,exato
2022,Tombense,1129037,Gabriel Henrique,1,,0,0,0,0,0,,0,0,0,0,1,gabriel henrique,Tombense,exato
2022,Tombense,1017236,Guilherme Rend,1,,0,0,0,0,0,,0,0,0,0,1,guilherme rend,Tombense,exato
2022,Tombense,865400,Igor Henrique,5,,1,1,1,0,0,,0,0,0,0,5,igor henrique,Tombense,exato
2022,Tombense,902684,Jean Lucas,10,,1,0,0,1,2,,2,2,0,2,12,jean lucas,Tombense,exato
2022,Tombense,981442,Joseph,5,,0,0,0,0,0,,2,2,0,0,7,joseph,Tombense,exato
2022,Tombense,866785,Keké,12,,0,0,0,0,1,,0,0,0,0,12,keke,Tombense,exato
2022,Tombense,1046696,Kleiton,3,,0,0,0,0,0,,0,0,0,0,3,kleiton,Tombense,exato
2022,Tombense,879599,Manoel Neto,12,,0,0,0,0,0,,0,0,0,0,12,manoel,Tombense,palavras
2022,Tombense,1201986,Marcelinho,2,,0,0,0,0,0,,0,0,0,0,2,marcelinho,Tombense,exato
2022,Tombense,870911,Marcondes,7,,1,1,1,0,0,,0,0,0,0,7,marcondes,Tombense,exato
2022,Tombense,869442,Matheus Paquetá,1,,0,0,0,0,0,,0,0,0,0,1,matheus paqueta,Tombense,exato
2022,Tombense,329053,Nenê Bonilha,3,,0,0,0,0,0,,1,0,1,1,4,nene bonilha,Tombense,exato
2022,Tombense,77551,Renatinho,3,,0,0,0,0,0,,0,0,0,0,3,renatinho,Tombense,exato
2022,Tombense,557000,Rodrigo,1,,0,0,0,0,0,,0,0,0,0,1,rodrigo,Tombense,exato
2022,Tombense,219984,Roger Carvalho,9,,0,0,0,0,0,,0,0,0,0,9,roger carvalho,Tombense,exato
2022,Tombense,989407,Vinicius Mingotti,2,,0,0,0,0,0,,0,0,0,0,2,vinicius mingotti,Tombense,exato
2022,Tombense,943044,Zé Ricardo,7,,1,0,1,0,0,,0,0,0,0,7,ze ricardo,Tombense,exato
2022,Vasco,39649,Alex Teixeira,1,,0,0,0,0,0,,1,0,1,1,2,alex teixeira,Vasco,exato
2022,Vasco,243513,Anderson Conceição,18,,1,1,1,0,0,,0,0,0,0,18,anderson conceicao,Vasco,exato
2022,Vasco,1105779,Andrey Santos,8,,2,2,1,0,0,,0,0,0,0,8,andrey santos,Vasco,exato
2022,Vasco,931588,Bruno Tubarão,4,,1,0,1,0,0,,0,0,0,0,4,bruno tubarao,Vasco,exato
2022,Vasco,905487,Carlos Palacios,4,,1,0,0,1,0,,0,0,0,0,4,c palacios,Vasco,palavras
2022,Vasco,924226,Danilo Boza,10,,0,0,0,0,0,,0,0,0,0,10,danilo boza,Vasco,exato
2022,Vasco,47612,Edimar,9,,0,0,0,0,0,,0,0,0,0,9,edimar,Vasco,exato
2022,Vasco,1390545,Eguinaldo,4,,0,0,0,0,0,,0,0,0,0,4,eguinaldo,Vasco,exato
2022,Vasco,1105790,Figueiredo,28,,2,0,0,1,0,,2,2,0,1,30,figueiredo,Vasco,exato
2022,Vasco,909487,Fábio Gomes,2,,0,0,0,0,0,,0,0,0,0,2,fabio gomes,Vasco,exato
2022,Vasco,870697,Gabriel Dias,5,,0,0,0,0,0,,0,0,0,0,5,gabriel dias,Vasco,exato
2022,Vasco,995072,Gabriel Pec,5,,0,0,0,0,0,,0,0,0,0,5,gabriel pec,Vasco,exato
2022,Vasco,928133,Getúlio,2,,0,0,0,0,0,,0,0,0,0,2,getulio,Vasco,exato
2022,Vasco,589394,Juan Quintero,7,,1,1,1,0,0,,0,0,0,0,7,j quintero,Vasco,parecido
2022,Vasco,1016874,Juninho,1,,0,0,0,0,0,,0,0,0,0,1,juninho,Vasco,exato
2022,Vasco,1034696,Lucas Oliveira,1,,0,0,0,0,0,,0,0,0,0,1,lucas oliveira,Vasco,exato
2022,Vasco,1015283,Luiz Henrique,0,,0,0,0,0,0,,1,1,0,1,1,luiz henrique,Vasco,exato
2022,Vasco,108848,Léo Matos,4,,1,1,1,0,0,,0,0,0,0,4,leo matos,Vasco,exato
2022,Vasco,1105833,Marlon Gomes,1,,0,0,0,0,0,,0,0,0,0,1,marlon gomes,Vasco,exato
2022,Vasco,5672,Nenê,13,,0,0,0,0,3,,3,2,1,2,16,nene,Vasco,exato
2022,Vasco,1108505,Paulo Victor,1,,0,0,0,0,0,,0,0,0,0,1,paulo victor,Vasco,exato
2022,Vasco,988791,Raniel,17,,4,1,3,0,3,,0,0,0,0,17,raniel,Vasco,exato
2022,Vasco,809536,Yuri,2,,0,0,0,0,0,,0,0,0,0,2,,,sem casar
2022,Vasco,988852,Zé Gabriel,1,,0,0,0,0,0,,0,0,0,0,1,ze gabriel,Vasco,exato
2022,Vila Nova,335187,Alex Silva,5,,0,0,0,0,0,,2,0,0,1,7,alex silva,Vila Nova,exato
2022,Vila Nova,983861,Alisson Cassiano,9,,0,0,0,0,0,,0,0,0,0,9,alisson cassiano,Vila Nova,exato
2022,Vila Nova,924230,Anderson Jordan,2,,0,0,0,0,0,,0,0,0,0,2,jordan,Vila Nova,palavras
2022,Vila Nova,795290,Arthur Rezende,11,,1,1,1,0,4,,2,1,1,2,13,arthur rezende,Vila Nova,exato
2022,Vila Nova,869443,Daniel Amorim,9,,0,0,0,0,0,,0,0,0,0,9,daniel amorim,Vila Nova,exato
2022,Vila Nova,1174558,Dentinho,2,,0,0,0,0,0,,0,0,0,0,2,dentinho,Vila Nova,exato
2022,Vila Nova,871003,Diego Tavares,2,,0,0,0,0,0,,0,0,0,0,2,diego tavares,Vila Nova,exato
2022,Vila Nova,1212553,Jefin,1,,0,0,0,0,0,,0,0,0,0,1,,,sem casar
2022,Vila Nova,931809,Kaio Nunes,3,,0,0,0,0,0,,0,0,0,0,3,kaio nunes,Vila Nova,exato
2022,Vila Nova,281187,Marlone,4,,0,0,0,0,0,,0,0,0,0,4,marlone,Vila Nova,exato
2022,Vila Nova,866432,Matheus Mancini,1,,1,1,1,0,0,,0,0,0,0,1,matheus mancini,Vila Nova,exato
2022,Vila Nova,1047431,Matheus Souza,2,,0,0,0,0,0,,0,0,0,0,2,matheus souza,Vila Nova,exato
2022,Vila Nova,805331,Matheuzinho,8,,0,0,0,0,0,,1,1,0,1,9,matheuzinho,Vila Nova,exato
2022,Vila Nova,925860,Neto Pessoa,6,,3,1,0,0,1,,0,0,0,0,6,n pessoa,Vila Nova,palavras
2022,Vila Nova,931595,Pablo,1,,0,0,0,0,0,,0,0,0,0,1,,,sem casar
2022,Vila Nova,550248,Pablo Dyego,7,,2,1,0,0,0,,0,0,0,0,7,pablo dyego,Vila Nova,exato
2022,Vila Nova,243379,Rafael Donato,24,,3,3,2,0,0,,0,0,0,0,24,rafael donato,Vila Nova,exato
2022,Vila Nova,1107354,Rafinha Silva,2,,0,0,0,0,0,,0,0,0,0,2,rafinha silva,Vila Nova,exato
2022,Vila Nova,1047213,Railan,2,,0,0,0,0,0,,0,0,0,0,2,railan,Vila Nova,exato
2022,Vila Nova,105046,Ralf,1,,0,0,0,0,0,,0,0,0,0,1,ralf,Vila Nova,exato
2022,Vila Nova,872383,Renato Silveira,9,,0,0,0,0,0,,0,0,0,0,9,,,sem casar
2022,Vila Nova,980845,Riquelme,0,,0,0,0,0,0,,1,1,0,1,1,riquelme,Vila Nova,exato
2022,Vila Nova,869507,Rubens,2,,0,0,0,0,1,,0,0,0,0,2,rubens,Vila Nova,exato
2022,Vila Nova,925267,Sousa,4,,0,0,0,0,0,,0,0,0,0,4,sousa,Vila Nova,exato
2022,Vila Nova,243189,Victor Andrade,1,,0,0,0,0,0,,0,0,0,0,1,victor andrade,Vila Nova,exato
2022,Vila Nova,33112,Wagner,7,,1,0,0,1,0,,1,1,0,1,8,wagner,Vila Nova,exato
2022,Vila Nova,929687,Willian Formiga,4,,0,0,0,0,0,,0,0,0,0,4,willian formiga,Vila Nova,exato
2023,ABC,931054,Afonso,3,,0,0,0,0,0,,0,0,0,0,3,afonso,ABC,exato
2023,ABC,851580,Alemão,2,,0,0,0,0,0,,0,0,0,0,2,alemao,ABC,exato
2023,ABC,988753,Anderson Cordeiro,2,,0,0,0,0,0,,0,0,0,0,2,anderson,ABC,palavras
2023,ABC,1432158,Andrey,2,,0,0,0,0,0,,0,0,0,0,2,andrey,ABC,exato
2023,ABC,1016830,De Paula,1,,0,0,0,0,0,,0,0,0,0,1,de paula,ABC,exato
2023,ABC,46825,Fabricio,5,,0,0,0,0,0,,0,0,0,0,5,fabricio,ABC,exato
2023,ABC,57869,Felipe Garcia,4,,1,1,1,0,0,,0,0,0,0,4,felipe garcia,ABC,exato
2023,ABC,1200923,Fábio Lima,11,,0,0,0,0,0,,0,0,0,0,11,fabio lima,ABC,exato
2023,ABC,869427,Gedeilson,7,,0,0,0,0,0,,0,0,0,0,7,gedeilson,ABC,exato
2023,ABC,863353,Genilson,1,,0,0,0,0,0,,0,0,0,0,1,genilson,ABC,exato
2023,ABC,846357,Geovane,4,,0,0,0,0,0,,0,0,0,0,4,geovane,ABC,exato
2023,ABC,1167540,Habraão,16,,0,0,0,0,0,,0,0,0,0,16,habraao,ABC,exato
2023,ABC,1067637,Jhonnathan,1,,0,0,0,0,0,,0,0,0,0,1,jhonnathan,ABC,exato
2023,ABC,940520,Leo Ceará,1,,0,0,0,0,0,,0,0,0,0,1,leo ceara,ABC,exato
2023,ABC,1467378,Luccas Romário,2,,0,0,0,0,0,,0,0,0,0,2,luccas romario,ABC,exato
2023,ABC,243491,Luiz Gustavo,3,,1,1,1,0,0,,0,0,0,0,3,gustavo,ABC,palavras
2023,ABC,884753,Matheus Anjos,7,,0,0,0,0,1,,1,0,1,0,8,matheus anjos,ABC,exato
2023,ABC,869441,Maycon Douglas,2,,0,0,0,0,0,,0,0,0,0,2,maycon douglas,ABC,exato
2023,ABC,39356,Márcio Azevedo,1,,0,0,0,0,0,,1,1,0,1,2,marcio azevedo,ABC,exato
2023,ABC,1174204,Nathan Melo,5,,0,0,0,0,0,,0,0,0,0,5,nathan melo,ABC,exato
2023,ABC,34168,Paulo Sérgio,6,,3,1,1,0,0,,0,0,0,0,6,paulo sergio,ABC,exato
2023,ABC,1161558,Ramon Vinicius,4,,0,0,0,0,0,,0,0,0,0,4,ramon,ABC,palavras
2023,ABC,1564266,Randerson,1,,0,0,0,0,0,,0,0,0,0,1,randerson,ABC,exato
2023,ABC,38152,Renan Bressan,1,,0,0,0,0,0,,0,0,0,0,1,renan bressan,ABC,exato
2023,ABC,975905,Richardson,8,,0,0,0,0,0,,1,1,0,0,9,richardson,ABC,exato
2023,ABC,840107,Thallyson,1,,0,0,0,0,0,,0,0,0,0,1,thallyson,ABC,exato
2023,ABC,923836,Thonny Anderson,9,,0,0,0,0,3,,1,1,0,1,10,thonny anderson,ABC,exato
2023,ABC,880215,Todinho,3,,0,0,0,0,0,,0,0,0,0,3,,,sem casar
2023,ABC,1017033,Wallace,3,,0,0,0,0,0,,0,0,0,0,3,wallace,ABC,exato
2023,ABC,84848,Wallyson,5,,0,0,0,0,1,,0,0,0,0,5,wallyson,ABC,exato
2023,ABC,871017,Wellington Reis,3,,0,0,0,0,0,,0,0,0,0,3,wellington reis,ABC,exato
2023,ABC,989892,Welliton,1,,0,0,0,0,0,,0,0,0,0,1,welligton,ABC,parecido
2023,Atlético-GO,992703,Airton,4,,0,0,0,0,0,,1,1,0,1,5,airton,Atlético-GO,exato
2023,Atlético-GO,1117597,Alix Vinicius,9,,2,1,0,0,0,,0,0,0,0,9,alix,Atlético-GO,palavras
2023,Atlético-GO,931588,Bruno Tubarão,4,,0,0,0,0,0,,0,0,0,0,4,bruno tubarao,Atlético-GO,exato
2023,Atlético-GO,1167524,Daniel Lima,7,,0,0,0,0,0,,0,0,0,0,7,daniel lima,Atlético-GO,exato
2023,Atlético-GO,1470709,David Braga,1,,0,0,0,0,0,,0,0,0,0,1,david braga,Atlético-GO,exato
2023,Atlético-GO,338839,Dodô,5,,1,0,1,0,0,,0,0,0,0,5,dodo,Atlético-GO,exato
2023,Atlético-GO,922575,Gabriel Baralhas,4,,0,0,0,0,0,,1,1,0,0,5,baralhas,Atlético-GO,palavras
2023,Atlético-GO,1467556,Guilherme,1,,0,0,0,0,0,,0,0,0,0,1,,,sem casar
2023,Atlético-GO,981595,Gustavo Coutinho,9,,2,1,2,0,4,,0,0,0,0,9,gustavo coutinho,Atlético-GO,exato
2023,Atlético-GO,992611,Heron,10,,0,0,0,0,0,,0,0,0,0,10,heron,Atlético-GO,exato
2023,Atlético-GO,1084036,Igor Torres,3,,0,0,0,0,0,,0,0,0,0,3,igor torres,Ponte Preta,"exato, outro clube na base"
2023,Atlético-GO,870891,Jefferson,3,,0,0,0,0,0,,0,0,0,0,3,jefferson,Atlético-GO,exato
2023,Atlético-GO,869675,Kelvin,6,,0,0,0,0,0,,1,1,0,1,7,kelvin,Atlético-GO,exato
2023,Atlético-GO,1387272,Lucas Esteves,7,,0,0,0,0,0,,0,0,0,0,7,lucas esteves,Atlético-GO,exato
2023,Atlético-GO,1103705,Lucas Gazal,9,,1,1,1,0,0,,1,1,0,0,10,lucas gazal,Atlético-GO,exato
2023,Atlético-GO,831993,Luiz Felipe,7,,1,0,0,0,0,,0,0,0,0,7,luiz felipe,Atlético-GO,exato
2023,Atlético-GO,874143,Luiz Fernando,11,,2,1,2,0,0,,2,0,2,1,13,luiz fernando,Atlético-GO,exato
2023,Atlético-GO,870560,Marco Antônio,2,,0,0,0,0,0,,0,0,0,0,2,marco antonio,Vitória,"exato, outro clube na base"
2023,Atlético-GO,880169,Matheus Peixoto,1,,0,0,0,0,1,,0,0,0,0,1,matheus peixoto,Atlético-GO,exato
2023,Atlético-GO,1067451,Matheus Régis,1,,0,0,0,0,0,,0,0,0,0,1,matheus regis,Atlético-GO,exato
2023,Atlético-GO,839516,Ramon Menezes,3,,0,0,0,0,0,,0,0,0,0,3,ramon menezes,CRB,"exato, outro clube na base"
2023,Atlético-GO,129625,Renato,5,,1,1,1,0,0,,0,0,0,0,5,renato,CRB,"exato, outro clube na base"
2023,Atlético-GO,992024,Rhaldney,4,,0,0,0,0,0,,0,0,0,0,4,rhaldney,Atlético-GO,exato
2023,Atlético-GO,804765,Rodrigo Soares,2,,0,0,0,0,0,,2,2,0,2,4,rodrigo soares,Atlético-GO,exato
2023,Atlético-GO,874723,Shaylon,14,,0,0,0,0,0,,1,0,1,0,15,shaylon,Atlético-GO,exato
2023,Atlético-GO,870660,Sillas,2,,0,0,0,0,0,,0,0,0,0,2,sillas,Atlético-GO,exato
2023,Avaí,329161,Alan Costa,3,,0,0,0,0,0,,0,0,0,0,3,alan costa,Avaí,exato
2023,Avaí,1174203,Andrey,4,,0,0,0,0,0,,0,0,0,0,4,andrey,Avaí,exato
2023,Avaí,331855,Deni Júnior,1,,0,0,0,0,0,,0,0,0,0,1,,,sem casar
2023,Avaí,1174558,Dentinho,3,,0,0,0,0,0,,0,0,0,0,3,dentinho,Avaí,exato
2023,Avaí,185233,Douglas,10,,1,0,0,0,0,,0,0,0,0,10,,,sem casar
2023,Avaí,1111124,Edinho,1,,0,0,0,0,0,,0,0,0,0,1,edinho,Avaí,exato
2023,Avaí,870800,Eduardo Biasi,3,,0,0,0,0,0,,0,0,0,0,3,eduardo,Avaí,palavras
2023,Avaí,1429871,Felipe Rocha,6,,0,0,0,0,0,,0,0,0,0,6,,,sem casar
2023,Avaí,42109,Fellipe Bastos,14,,1,0,0,1,0,,0,0,0,0,14,fellipe bastos,Avaí,exato
2023,Avaí,937806,Gabriel Poveda,3,,0,0,0,0,1,,0,0,0,0,3,gabriel poveda,Avaí,exato
2023,Avaí,1047787,Gaspar,2,,0,0,0,0,0,,0,0,0,0,2,gaspar,Avaí,exato
2023,Avaí,242215,Giovanni,5,,0,0,0,0,0,,0,0,0,0,5,giovanni,Avaí,exato
2023,Avaí,1468105,Gustavo Modesto,3,,1,1,0,0,0,,0,0,0,0,3,gustavo modesto,Avaí,exato
2023,Avaí,1118337,Gustavo Santos,1,,0,0,0,0,0,,1,0,1,1,2,,,sem casar
2023,Avaí,1017027,Igor,6,,0,0,0,0,0,,0,0,0,0,6,,,sem casar
2023,Avaí,842286,Jean Cleber,3,,0,0,0,0,0,,0,0,0,0,3,jean cleber,Avaí,exato
2023,Avaí,902684,Jean Lucas,2,,0,0,0,0,0,,0,0,0,0,2,jean lucas,Avaí,exato
2023,Avaí,789084,Jonathan Costa,5,,0,0,0,0,0,,0,0,0,0,5,jonathan costa,Avaí,exato
2023,Avaí,866565,Júlio César,4,,0,0,0,0,0,,0,0,0,0,4,julio cesar,Avaí,exato
2023,Avaí,1129191,Lipe,4,,0,0,0,0,0,,0,0,0,0,4,,,sem casar
2023,Avaí,922557,Marquinhos Cipriano,1,,0,0,0,0,0,,0,0,0,0,1,marquinhos cipriano,Avaí,exato
2023,Avaí,1117233,Natanael,12,,0,0,0,0,0,,0,0,0,0,12,natanael,Avaí,exato
2023,Avaí,870920,Rafael Gava,15,,0,0,0,0,0,,0,0,0,0,15,rafael gava,Avaí,exato
2023,Avaí,123217,Ricardo Bueno,2,,0,0,0,0,0,,0,0,0,0,2,ricardo bueno,Avaí,exato
2023,Avaí,973751,Roberto,6,,0,0,0,0,0,,0,0,0,0,6,roberto,Avaí,exato
2023,Avaí,1090424,Robinho,0,,0,0,0,0,0,,1,0,1,0,1,robinho,Avaí,exato
2023,Avaí,973438,Santiago Patiño,3,,1,0,0,0,0,,0,0,0,0,3,s patino,Avaí,palavras
2023,Avaí,351502,Thales Oleques,2,,0,0,0,0,0,,0,0,0,0,2,thales oleques,Avaí,exato
2023,Avaí,1113559,Vitinho,2,,0,0,0,0,0,,0,0,0,0,2,vitinho,Avaí,exato
2023,Avaí,924251,Waguininho,11,,0,0,0,0,1,,0,0,0,0,11,waguininho,Avaí,exato
2023,Avaí,39396,Wellington,4,,0,0,0,0,0,,0,0,0,0,4,wellington,Avaí,homonimo
2023,Avaí,243501,William Pottker,3,,0,0,0,0,2,,0,0,0,0,3,william pottker,Avaí,exato
2023,Avaí,927216,Xavier,2,,0,0,0,0,0,,0,0,0,0,2,xavier,Avaí,exato
2023,Botafogo-SP,1467119,Carlinhos,2,,0,0,0,0,0,,0,0,0,0,2,carlinhos,Botafogo-SP,exato
2023,Botafogo-SP,986159,Diogo Silva,10,,2,2,1,0,0,,0,0,0,0,10,diogo silva,Botafogo-SP,exato
2023,Botafogo-SP,973874,Edson,9,,0,0,0,0,0,,0,0,0,0,9,edson,Ponte Preta,"exato, outro clube na base"
2023,Botafogo-SP,975345,Edson Carius,5,,0,0,0,0,0,,0,0,0,0,5,edson carius,Botafogo-SP,exato
2023,Botafogo-SP,914471,Ericson da Silva,2,,0,0,0,0,0,,0,0,0,0,2,ericson,Botafogo-SP,palavras
2023,Botafogo-SP,166373,Fillipe Soutto,1,,0,0,0,0,0,,0,0,0,0,1,filipe soutto,Botafogo-SP,parecido
2023,Botafogo-SP,1463460,Guilherme Madruga,10,,0,0,0,0,0,,0,0,0,0,10,guilherme madruga,Botafogo-SP,exato
2023,Botafogo-SP,861171,Guilherme Mantuan,2,,0,0,0,0,0,,0,0,0,0,2,guilherme mantuan,Botafogo-SP,exato
2023,Botafogo-SP,794929,Gustavo Xuxa,8,,0,0,0,0,0,,0,0,0,0,8,gustavo xuxa,Botafogo-SP,exato
2023,Botafogo-SP,988780,Ivonei,3,,0,0,0,0,0,,0,0,0,0,3,ivonei,Botafogo-SP,exato
2023,Botafogo-SP,840145,Jean Victor,8,,1,0,0,1,0,,0,0,0,0,8,jean victor,Botafogo-SP,exato
2023,Botafogo-SP,931472,Jonas Toró,2,,0,0,0,0,0,,1,0,1,1,3,jonas toro,Botafogo-SP,exato
2023,Botafogo-SP,1198000,João Maranini,1,,0,0,0,0,0,,0,0,0,0,1,joao maranini,Botafogo-SP,exato
2023,Botafogo-SP,1139528,Lucas Cardoso,6,,0,0,0,0,0,,1,1,0,1,7,lucas cardoso,Botafogo-SP,exato
2023,Botafogo-SP,981745,Lucas Dias Costa,8,,0,0,0,0,0,,0,0,0,0,8,lucas dias,Botafogo-SP,palavras
2023,Botafogo-SP,1015283,Luiz Henrique,4,,0,0,0,0,0,,1,1,0,1,5,luiz henrique,Botafogo-SP,exato
2023,Botafogo-SP,1103059,Marcio Silva,20,,0,0,0,0,0,,0,0,0,0,20,marcio,Botafogo-SP,palavras
2023,Botafogo-SP,839772,Osman Menezes,16,,3,2,2,0,1,,0,0,0,0,16,osman,Botafogo-SP,palavras
2023,Botafogo-SP,871192,Patrick Brey,5,,0,0,0,0,0,,1,0,1,0,6,patrick brey,Botafogo-SP,exato
2023,Botafogo-SP,1175496,Pedro Henrique,2,,0,0,0,0,0,,0,0,0,0,2,,,sem casar
2023,Botafogo-SP,870764,Robinho,5,,0,0,0,0,1,,1,1,0,1,6,robinho,Botafogo-SP,exato
2023,Botafogo-SP,973885,Salatiel,10,,2,0,1,0,0,,0,0,0,0,10,salatiel,Botafogo-SP,exato
2023,Botafogo-SP,946791,Tarik,10,,1,0,0,0,0,,0,0,0,0,10,tarik,Botafogo-SP,exato
2023,Botafogo-SP,1047809,Thassio,3,,0,0,0,0,0,,0,0,0,0,3,thassio,Botafogo-SP,exato
2023,Botafogo-SP,814017,Tomás Andrade,2,,0,0,0,0,0,,0,0,0,0,2,t andrade,Botafogo-SP,palavras
2023,Botafogo-SP,866725,Vidal,2,,0,0,0,0,0,,0,0,0,0,2,vidal,Botafogo-SP,exato
2023,Botafogo-SP,1476216,Willian Gabriel,1,,0,0,0,0,0,,0,0,0,0,1,william gabriel,Botafogo-SP,parecido
2023,CRB,243513,Anderson Conceição,13,,1,1,1,0,0,,1,1,0,0,14,anderson conceicao,CRB,exato
2023,CRB,870921,Anderson Leite,1,,0,0,0,0,0,,0,0,0,0,1,anderson leite,CRB,exato
2023,CRB,125032,Anselmo Ramon,8,,2,1,1,0,0,,0,0,0,0,8,anselmo ramon,CRB,exato
2023,CRB,926887,Bruno Silva,4,,0,0,0,0,0,,1,0,1,0,5,bruno silva,CRB,exato
2023,CRB,1491309,Christhian Eto'o,1,,0,0,0,0,0,,0,0,0,0,1,christhian etoo,CRB,parecido
2023,CRB,1189439,David Braw,1,,0,0,0,0,0,,0,0,0,0,1,david braw,CRB,exato
2023,CRB,981295,Diogo Hereda,3,,0,0,0,0,0,,0,0,0,0,3,hereda,CRB,palavras
2023,CRB,47612,Edimar,3,,0,0,0,0,0,,0,0,0,0,3,edimar,CRB,exato
2023,CRB,979343,Falcão,8,,1,0,1,0,0,,0,0,0,0,8,falcao,CRB,exato
2023,CRB,911436,Fábio Alemão,7,,0,0,0,0,0,,0,0,0,0,7,fabio alemao,CRB,exato
2023,CRB,883908,Guilherme Romão,9,,1,1,1,0,0,,0,0,0,0,9,guilherme romao,CRB,exato
2023,CRB,90655,Gum,2,,0,0,0,0,0,,0,0,0,0,2,gum,CRB,exato
2023,CRB,349534,Hyuri,1,,1,0,0,0,0,,0,0,0,0,1,hyuri,CRB,exato
2023,CRB,1593938,Jailson Cauã,2,,0,0,0,0,0,,0,0,0,0,2,jailson caua,CRB,exato
2023,CRB,162595,Jonathan Copete,2,,0,0,0,0,0,,0,0,0,0,2,j copete,CRB,palavras
2023,CRB,869433,João Paulo,10,,1,0,0,0,0,,1,1,0,1,11,joao paulo,CRB,exato
2023,CRB,842073,Juninho Valoura,9,,1,0,0,1,0,,3,2,1,3,12,juninho valoura,CRB,exato
2023,CRB,1048254,Lucas Lima,9,,1,0,0,0,0,,0,0,0,0,9,lucas lima,CRB,exato
2023,CRB,1008491,Léo Pereira,3,,0,0,0,0,0,,0,0,0,0,3,leo pereira,CRB,exato
2023,CRB,978982,Matheus Miguel,2,,0,0,0,0,0,,0,0,0,0,2,,,sem casar
2023,CRB,243691,Mike,3,,0,0,0,0,0,,0,0,0,0,3,mike,CRB,exato
2023,CRB,795175,Rafael Longuine,1,,0,0,0,0,0,,0,0,0,0,1,rafael longuine,CRB,exato
2023,CRB,839516,Ramon Menezes,6,,0,0,0,0,0,,0,0,0,0,6,ramon menezes,CRB,exato
2023,CRB,243111,Renato,9,,2,2,2,0,0,,0,0,0,0,9,renato,CRB,exato
2023,CRB,795019,Rômulo,1,,1,0,1,0,0,,1,1,0,1,2,,,sem casar
2023,CRB,123352,Saimon,4,,0,0,0,0,0,,0,0,0,0,4,saimon,CRB,exato
2023,Ceará,795290,Arthur Rezende,2,,0,0,0,0,0,,0,0,0,0,2,arthur rezende,Ceará,exato
2023,Ceará,1017022,Chay,7,,2,0,2,0,0,,0,0,0,0,7,chay,Ceará,exato
2023,Ceará,975207,Cléber,4,,0,0,0,0,0,,0,0,0,0,4,cleber,Ceará,exato
2023,Ceará,551576,Danilo Barcelos,2,,0,0,0,0,0,,0,0,0,0,2,danilo barcelos,Ceará,exato
2023,Ceará,1186587,David Ricardo,15,,0,0,0,0,0,,0,0,0,0,15,david ricardo,Ceará,exato
2023,Ceará,895650,Erick,14,,1,0,1,0,1,,1,0,1,0,15,erick,Ceará,exato
2023,Ceará,1104070,Erick Pulga,2,,0,0,0,0,0,,0,0,0,0,2,,,sem casar
2023,Ceará,913594,Guilherme Bissoli,1,,0,0,0,0,2,,0,0,0,0,1,bissoli,Ceará,palavras
2023,Ceará,924228,Guilherme Castilho,5,,0,0,0,0,1,,2,1,1,1,7,guilherme castilho,Ceará,exato
2023,Ceará,870898,Janderson,7,,0,0,0,0,0,,1,1,0,1,8,janderson,Ceará,exato
2023,Ceará,850475,Jean Carlos,19,,2,0,0,2,0,,2,2,0,0,21,jean carlos,Ceará,exato
2023,Ceará,871204,Luiz Otávio,11,,1,0,1,0,0,,0,0,0,0,11,luiz otavio,Ceará,exato
2023,Ceará,157188,Luvannor Henrique,1,,0,0,0,0,0,,0,0,0,0,1,luvannor,Ceará,palavras
2023,Ceará,822509,Léo Santos,7,,2,1,1,0,0,,0,0,0,0,7,leo santos,Ceará,exato
2023,Ceará,866564,Nicolas,7,,1,0,0,0,0,,0,0,0,0,7,nicolas,Ceará,exato
2023,Ceará,1093360,Pedrinho,1,,0,0,0,0,0,,0,0,0,0,1,pedrinho,Ceará,exato
2023,Ceará,1104816,Pedro Lucas,2,,0,0,0,0,0,,0,0,0,0,2,pedro lucas,Ceará,exato
2023,Ceará,869573,Saulo Mineiro,4,,0,0,0,0,0,,0,0,0,0,4,saulo mineiro,Ceará,exato
2023,Ceará,591766,Tiago Pagnussat,9,,0,0,0,0,0,,0,0,0,0,9,tiago pagnussat,Ceará,exato
2023,Ceará,1650429,Tiago Pagnussat,0,,0,0,0,0,0,,1,0,1,0,1,tiago pagnussat,Ceará,exato
2023,Ceará,973291,Vitor Gabriel,9,,2,1,1,0,0,,0,0,0,0,9,vitor gabriel,Ceará,exato
2023,Ceará,986945,Warley,2,,0,0,0,0,0,,0,0,0,0,2,warley,Ceará,exato
2023,Ceará,840132,Zé Ricardo,2,,0,0,0,0,0,,0,0,0,0,2,ze ricardo,Ceará,exato
2023,Chapecoense,789962,Alisson Farias,6,,0,0,0,0,1,,0,0,0,0,6,alisson farias,Chapecoense,exato
2023,Chapecoense,840280,Bruno Leonardo,9,,2,2,2,0,0,,0,0,0,0,9,bruno leonardo,Chapecoense,exato
2023,Chapecoense,288247,Bruno Nazário,14,,1,0,0,1,2,,4,2,2,3,18,bruno nazario,Chapecoense,exato
2023,Chapecoense,1177399,Bruno Vinicius,1,,0,0,0,0,0,,0,0,0,0,1,bruno vinicius,Chapecoense,exato
2023,Chapecoense,886239,Cristiano,11,,1,1,0,0,0,,0,0,0,0,11,cristiano,Chapecoense,exato
2023,Chapecoense,1124544,Danrlei,3,,0,0,0,0,0,,0,0,0,0,3,danrlei,Chapecoense,exato
2023,Chapecoense,974447,Douglas Borel,2,,0,0,0,0,0,,0,0,0,0,2,douglas borel,Chapecoense,exato
2023,Chapecoense,870270,Dudu Vieira,3,,0,0,0,0,0,,0,0,0,0,3,dudu vieira,Chapecoense,exato
2023,Chapecoense,870696,Fabiano,1,,0,0,0,0,0,,0,0,0,0,1,fabiano,Chapecoense,exato
2023,Chapecoense,914491,Felipe Albuquerque,7,,0,0,0,0,0,,0,0,0,0,7,felipe albuquerque,Chapecoense,exato
2023,Chapecoense,973844,Felipe Ferreira,4,,0,0,0,0,0,,0,0,0,0,4,felipe ferreira,Chapecoense,exato
2023,Chapecoense,870185,Giovanni Confreste,8,,0,0,0,0,0,,0,0,0,0,8,,,sem casar
2023,Chapecoense,1176815,Giovanni Pavani,0,,0,0,0,0,0,,2,1,1,1,2,giovanni pavani,Chapecoense,exato
2023,Chapecoense,892073,Gustavo Cazonatti,10,,2,2,2,0,0,,1,1,0,1,11,gustavo cazonatti,Chapecoense,exato
2023,Chapecoense,329219,Henrique Dourado,2,,0,0,0,0,0,,0,0,0,0,2,henrique dourado,Chapecoense,exato
2023,Chapecoense,811708,Kaio Mendes,3,,0,0,0,0,0,,1,0,1,0,4,kaio mendes,Chapecoense,exato
2023,Chapecoense,108193,Kayke Rodrigues,2,,0,0,0,0,1,,0,0,0,0,2,kayke,Chapecoense,palavras
2023,Chapecoense,1069729,Lucas Freitas,2,,0,0,0,0,0,,0,0,0,0,2,lucas freitas,Chapecoense,exato
2023,Chapecoense,1108007,Mancha,6,,1,0,1,0,0,,0,0,0,0,6,mancha,Chapecoense,exato
2023,Chapecoense,870329,Marcinho,4,,0,0,0,0,0,,0,0,0,0,4,marcinho,Chapecoense,exato
2023,Chapecoense,870560,Marco Antônio,1,,0,0,0,0,0,,0,0,0,0,1,m antonio,Chapecoense,palavras
2023,Chapecoense,880134,Maxwell,2,,1,1,1,0,0,,0,0,0,0,2,maxwell,Chapecoense,exato
2023,Chapecoense,846846,Murilo Freitas,2,,0,0,0,0,0,,0,0,0,0,2,murilo,Chapecoense,palavras
2023,Chapecoense,964105,Neto,1,,0,0,0,0,0,,0,0,0,0,1,neto,Chapecoense,exato
2023,Chapecoense,872015,Pablo Oliveira,3,,0,0,0,0,0,,0,0,0,0,3,pablo oliveira,Chapecoense,exato
2023,Chapecoense,931631,Pablo Siles,3,,0,0,0,0,0,,0,0,0,0,3,p siles,Chapecoense,palavras
2023,Chapecoense,835251,Rafael Ribeiro,4,,0,0,0,0,0,,0,0,0,0,4,rafael ribeiro,Chapecoense,exato
2023,Chapecoense,839972,Ribamar,3,,0,0,0,0,0,,1,1,0,0,4,ribamar,Chapecoense,exato
2023,Chapecoense,927208,Richard,5,,0,0,0,0,0,,0,0,0,0,5,,,sem casar
2023,Chapecoense,972565,Rodrigo Freitas,10,,2,0,0,0,0,,0,0,0,0,10,rodrigo freitas,Chapecoense,exato
2023,Chapecoense,976082,Ronei,2,,0,0,0,0,0,,0,0,0,0,2,ronei,Chapecoense,exato
2023,Chapecoense,839688,Tomas Bastos,2,,0,0,0,0,0,,0,0,0,0,2,tomas bastos,Chapecoense,exato
2023,Chapecoense,255613,Victor Ferraz,1,,0,0,0,0,0,,0,0,0,0,1,victor ferraz,Chapecoense,exato
2023,Chapecoense,77267,Victor Ramos,6,,0,0,0,0,0,,0,0,0,0,6,victor ramos,Chapecoense,exato
2023,Criciúma,922580,Arilson,10,,3,2,3,0,0,,0,0,0,0,10,arilson,Criciúma,exato
2023,Criciúma,992791,Claudinho,6,,0,0,0,0,0,,1,0,1,1,7,claudinho,Criciúma,exato
2023,Criciúma,336555,Cristovam,1,,0,0,0,0,0,,0,0,0,0,1,cristovam,Criciúma,exato
2023,Criciúma,869676,Crystopher,3,,0,0,0,0,0,,1,1,0,1,4,crystopher,Criciúma,exato
2023,Criciúma,995294,Fabinho,6,,0,0,0,0,0,,0,0,0,0,6,fabinho,Criciúma,exato
2023,Criciúma,839635,Felipe Vizeu,7,,2,2,1,0,0,,0,0,0,0,7,felipe vizeu,Criciúma,exato
2023,Criciúma,865321,Fellipe Mateus,11,,1,0,0,1,1,,5,4,1,4,16,fellipe mateus,Criciúma,exato
2023,Criciúma,39608,Helder Santos,1,,0,0,0,0,0,,0,0,0,0,1,helder santos,Criciúma,exato
2023,Criciúma,832472,Hygor,3,,1,1,0,0,0,,0,0,0,0,3,hygor,Criciúma,exato
2023,Criciúma,882351,Jonathan,3,,0,0,0,0,0,,0,0,0,0,3,jonathan,Criciúma,exato
2023,Criciúma,1462654,João Carlos,2,,0,0,0,0,0,,0,0,0,0,2,joao carlos,Criciúma,exato
2023,Criciúma,874035,Leo Costa,4,,0,0,0,0,0,,0,0,0,0,4,leo costa,Criciúma,exato
2023,Criciúma,867919,Lohan,3,,0,0,0,0,0,,0,0,0,0,3,lohan,Criciúma,exato
2023,Criciúma,783490,Marcelo Hermes,4,,0,0,0,0,0,,0,0,0,0,4,marcelo hermes,Criciúma,exato
2023,Criciúma,90812,Marquinhos Gabriel,3,,0,0,0,0,1,,0,0,0,0,3,marquinhos gabriel,Criciúma,exato
2023,Criciúma,865323,Rayan,4,,0,0,0,0,0,,0,0,0,0,4,rayan,Criciúma,exato
2023,Criciúma,886773,Rodrigo Fagundes,13,,0,0,0,0,0,,0,0,0,0,13,rodrigo,Criciúma,palavras
2023,Criciúma,879593,Rômulo,8,,1,1,1,0,0,,0,0,0,0,8,romulo,Criciúma,exato
2023,Criciúma,866350,Tiago Marques,2,,0,0,0,0,0,,0,0,0,0,2,tiago marques,Criciúma,exato
2023,Criciúma,552176,Walisson Maia,12,,0,0,0,0,0,,0,0,0,0,12,walisson maia,Criciúma,exato
2023,Criciúma,989385,Welinton Torrao,1,,0,0,0,0,0,,0,0,0,0,1,welinton torrao,Criciúma,exato
2023,Criciúma,18082,Éder,16,,1,0,0,1,3,,0,0,0,0,16,eder,Criciúma,exato
2023,Guarani,243653,Alan Santos,6,,0,0,0,0,0,,0,0,0,0,6,alan santos,Guarani,exato
2023,Guarani,1066548,Alexis Alvarino,5,,0,0,0,0,0,,0,0,0,0,5,alexis alvarino,Guarani,exato
2023,Guarani,923949,Bruninho,8,,0,0,0,0,0,,0,0,0,0,8,bruninho,Guarani,exato
2023,Guarani,974329,Bruno José,11,,0,0,0,0,0,,0,0,0,0,11,bruno jose,Guarani,exato
2023,Guarani,795018,Bruno Mendes,6,,0,0,0,0,1,,0,0,0,0,6,bruno mendes,Guarani,exato
2023,Guarani,924423,Derek Freitas,9,,4,2,4,0,0,,0,0,0,0,9,derek,Guarani,palavras
2023,Guarani,553652,Diogo Mateus,17,,0,0,0,0,1,,1,0,1,1,18,diogo mateus,Guarani,exato
2023,Guarani,1544648,Gustavo França,1,,0,0,0,0,0,,0,0,0,0,1,gustavo franca,Guarani,exato
2023,Guarani,1125099,Iago Teles,2,,0,0,0,0,0,,0,0,0,0,2,iago teles,Guarani,exato
2023,Guarani,922628,Isaque,4,,0,0,0,0,0,,0,0,0,0,4,isaque,Guarani,exato
2023,Guarani,1016885,João Victor,4,,1,0,1,0,0,,0,0,0,0,4,j victor,Guarani,palavras
2023,Guarani,914473,Lucas Araujo,6,,0,0,0,0,0,,0,0,0,0,6,lucas araujo,Guarani,exato
2023,Guarani,973294,Lucas Silva,1,,0,0,0,0,0,,0,0,0,0,1,lucas silva,Guarani,exato
2023,Guarani,338827,Lucão,22,,0,0,0,0,0,,1,1,0,0,23,lucao,Guarani,exato
2023,Guarani,870590,Matheus Barbosa,5,,1,1,1,0,0,,0,0,0,0,5,matheus barbosa,Guarani,exato
2023,Guarani,931567,Matheus Bueno,4,,0,0,0,0,0,,0,0,0,0,4,matheus bueno,Guarani,exato
2023,Guarani,944459,Mayk,4,,0,0,0,0,0,,1,1,0,1,5,mayk,Guarani,exato
2023,Guarani,329223,Neílton,2,,0,0,0,0,0,,0,0,0,0,2,neilton,Criciúma,"exato, outro clube na base"
2023,Guarani,936947,Pablo Thomaz,1,,1,1,0,0,0,,0,0,0,0,1,pablo thomaz,Guarani,exato
2023,Guarani,335365,Régis,2,,0,0,0,0,1,,1,1,0,1,3,regis,Guarani,exato
2023,Guarani,958676,Wenderson,1,,0,0,0,0,0,,0,0,0,0,1,wenderson,Guarani,exato
2023,Guarani,938612,Wálber,3,,0,0,0,0,0,,0,0,0,0,3,walber,Guarani,exato
2023,Ituano,1119733,Aluisio,1,,0,0,0,0,0,,0,0,0,0,1,,,sem casar
2023,Ituano,1086456,Brayan Kruger,1,,0,0,0,0,0,,0,0,0,0,1,brayan,Ituano,palavras
2023,Ituano,901455,Bruno Xavier,5,,0,0,0,0,0,,0,0,0,0,5,bruno xavier,Ituano,exato
2023,Ituano,866864,Claudinho,9,,0,0,0,0,0,,1,1,0,1,10,claudinho,Ituano,exato
2023,Ituano,1063195,Davi Araújo,1,,0,0,0,0,0,,0,0,0,0,1,davi araujo,Ituano,exato
2023,Ituano,1086464,Diego Quirino,5,,1,0,1,0,0,,0,0,0,0,5,quirino,Ituano,palavras
2023,Ituano,938482,Eduardo Person,4,,0,0,0,0,0,,1,1,0,1,5,eduardo person,Ituano,exato
2023,Ituano,1105974,Emerson Urso,1,,0,0,0,0,0,,0,0,0,0,1,emerson urso,Ituano,exato
2023,Ituano,882076,Felipe Saraiva,9,,0,0,0,0,0,,0,0,0,0,9,felipe saraiva,Ituano,exato
2023,Ituano,877549,Frazan,1,,0,0,0,0,0,,0,0,0,0,1,frazan,Ituano,exato
2023,Ituano,1019256,Hélio Borges,11,,0,0,0,0,0,,0,0,0,0,11,helio borges,Ituano,exato
2023,Ituano,950329,Iury,2,,0,0,0,0,0,,0,0,0,0,2,iury,Ituano,exato
2023,Ituano,988851,José Aldo,9,,0,0,0,0,0,,0,0,0,0,9,jose aldo,Ituano,exato
2023,Ituano,1175501,Kaique Clemente,1,,0,0,0,0,0,,0,0,0,0,1,kaique clemente,Ituano,exato
2023,Ituano,1498671,Kauan Richard,2,,0,0,0,0,0,,0,0,0,0,2,richard,Ituano,palavras
2023,Ituano,794847,Lucas Siqueira,0,,0,0,0,0,0,,1,1,0,0,1,lucas siqueira,Ituano,exato
2023,Ituano,870692,Marcel,7,,0,0,0,0,0,,0,0,0,0,7,,,sem casar
2023,Ituano,942337,Marthã Fernando,6,,1,1,1,0,0,,0,0,0,0,6,martha,Ituano,palavras
2023,Ituano,1105596,Matheus Cadorini,3,,0,0,0,0,1,,0,0,0,0,3,matheus cadorini,Ituano,exato
2023,Ituano,355810,Mário Sergio,12,,1,1,1,0,0,,0,0,0,0,12,mario sergio,Ituano,exato
2023,Ituano,1107995,Paulo Victor,4,,1,0,0,0,0,,0,0,0,0,4,paulo victor,Ituano,exato
2023,Ituano,1120738,Rafael Carvalheira,26,,1,0,0,1,0,,1,0,1,0,27,rafael carvalheira,Ituano,exato
2023,Ituano,44356,Rafael Pereira,5,,0,0,0,0,0,,0,0,0,0,5,rafael pereira,Ituano,exato
2023,Ituano,794851,Rafael Silva,1,,0,0,0,0,0,,0,0,0,0,1,rafael silva,Ituano,exato
2023,Ituano,1119736,Robinho,2,,0,0,0,0,0,,0,0,0,0,2,,,sem casar
2023,Ituano,933329,Thiaguinho,2,,0,0,0,0,0,,0,0,0,0,2,thiaguinho,Sampaio Corrêa,"exato, outro clube na base"
2023,Ituano,1065976,Vinicius Balieiro,1,,0,0,0,0,0,,0,0,0,0,1,vinicius balieiro,Ituano,exato
2023,Ituano,1106143,Wesley Pomba,3,,1,0,0,0,0,,0,0,0,0,3,wesley pomba,Ituano,exato
2023,Ituano,592022,Yann Rollim,9,,1,0,0,0,0,,0,0,0,0,9,yann rolim,Ituano,parecido
2023,Juventude,551674,Alan Ruschel,7,,2,0,1,1,0,,0,0,0,0,7,alan ruschel,Juventude,exato
2023,Juventude,1174525,Daniel Cruz,1,,0,0,0,0,0,,0,0,0,0,1,daniel cruz,Juventude,exato
2023,Juventude,924226,Danilo Boza,32,,2,2,1,0,0,,0,0,0,0,32,danilo boza,Juventude,exato
2023,Juventude,1122846,David Da Hora,6,,1,1,1,0,0,,0,0,0,0,6,david,Juventude,palavras
2023,Juventude,927667,Erick Farias,2,,0,0,0,0,0,,0,0,0,0,2,erick farias,Juventude,exato
2023,Juventude,849787,Fernando Boldrin,3,,0,0,0,0,0,,0,0,0,0,3,fernando boldrin,Juventude,exato
2023,Juventude,933955,Gabriel Taliari,2,,1,1,0,0,3,,0,0,0,0,2,gabriel taliari,Juventude,exato
2023,Juventude,848630,Jean Irmer,13,,2,1,2,0,0,,0,0,0,0,13,jean irmer,Juventude,exato
2023,Juventude,243651,Jádson,5,,1,0,1,0,0,,1,0,1,0,6,jadson,Juventude,exato
2023,Juventude,1021672,Kelvyn,2,,0,0,0,0,0,,0,0,0,0,2,kelvyn,Juventude,exato
2023,Juventude,1116677,Luis Mandaca,1,,1,1,1,0,0,,0,0,0,0,1,mandaca,Juventude,palavras
2023,Juventude,243491,Luiz Gustavo,2,,0,0,0,0,0,,0,0,0,0,2,luiz gustavo,Juventude,exato
2023,Juventude,811310,Matheus Vargas,5,,1,0,0,0,0,,0,0,0,0,5,matheus vargas,Juventude,exato
2023,Juventude,5672,Nenê,18,,1,0,0,1,1,,5,3,2,5,23,nene,Juventude,exato
2023,Juventude,871021,Rafael Furtado,1,,0,0,0,0,0,,0,0,0,0,1,rafael furtado,Juventude,exato
2023,Juventude,555456,Reginaldo,3,,0,0,0,0,0,,0,0,0,0,3,reginaldo,Juventude,exato
2023,Juventude,989091,Rodrigo Rodrigues,7,,1,0,0,0,2,,0,0,0,0,7,rodrigo rodrigues,Juventude,exato
2023,Juventude,863278,Romercio,5,,0,0,0,0,0,,0,0,0,0,5,romercio,Juventude,exato
2023,Juventude,1400494,Ruan Pereira Duarte,2,,0,0,0,0,0,,0,0,0,0,2,ruan,Juventude,palavras
2023,Juventude,243189,Victor Andrade,4,,0,0,0,0,0,,0,0,0,0,4,victor andrade,Juventude,exato
2023,Juventude,1111139,Vini Paulista,2,,0,0,0,0,0,,0,0,0,0,2,vini paulista,Juventude,exato
2023,Juventude,901700,Zé Marcos,15,,0,0,0,0,0,,0,0,0,0,15,ze marcos,Juventude,exato
2023,Londrina,1017744,Ariel,5,,0,0,0,0,0,,0,0,0,0,5,ariel,Londrina,exato
2023,Londrina,1464655,Brandão,2,,0,0,0,0,0,,0,0,0,0,2,brandao,Londrina,exato
2023,Londrina,875174,Caio Mancha,7,,1,1,1,0,0,,0,0,0,0,7,caio mancha,Londrina,exato
2023,Londrina,795263,Carlos Jatobá,3,,1,0,0,0,0,,0,0,0,0,3,jatoba,Londrina,palavras
2023,Londrina,1184878,Da Silva,3,,0,0,0,0,0,,0,0,0,0,3,da silva,Londrina,exato
2023,Londrina,1394481,Danilo,2,,0,0,0,0,0,,0,0,0,0,2,,,sem casar
2023,Londrina,879866,Diego Jardel,4,,0,0,0,0,0,,0,0,0,0,4,diego jardel,Londrina,exato
2023,Londrina,1197991,Everton Moraes,1,,0,0,0,0,0,,0,0,0,0,1,everton moraes,Londrina,exato
2023,Londrina,1185837,Gabriel,18,,4,3,4,0,0,,0,0,0,0,18,gabriel,Londrina,exato
2023,Londrina,1018088,Garraty,2,,0,0,0,0,0,,0,0,0,0,2,garraty,Londrina,exato
2023,Londrina,1023165,Guilherme Lacerda,3,,0,0,0,0,0,,0,0,0,0,3,guilherme lacerda,Londrina,exato
2023,Londrina,881476,Gustavo Salomão,5,,0,0,0,0,0,,0,0,0,0,5,gustavo salomao,Londrina,exato
2023,Londrina,255463,Higor Leite,5,,0,0,0,0,0,,1,0,1,0,6,higor leite,Londrina,exato
2023,Londrina,841878,Iago Dias,5,,1,1,1,0,0,,0,0,0,0,5,iago dias,Londrina,exato
2023,Londrina,1516624,Jonas Rocha Silva,2,,0,0,0,0,0,,0,0,0,0,2,jonas,Londrina,palavras
2023,Londrina,146790,João Paulo,20,,2,0,0,2,5,,0,0,0,0,20,joao paulo,Londrina,exato
2023,Londrina,986064,Luan Freitas,3,,0,0,0,0,0,,0,0,0,0,3,luan freitas,Londrina,exato
2023,Londrina,870672,Lucas Mendes,1,,0,0,0,0,0,,0,0,0,0,1,lucas mendes,Londrina,exato
2023,Londrina,1106147,Marcos Pedro,7,,0,0,0,0,0,,0,0,0,0,7,marcos pedro,Londrina,exato
2023,Londrina,976088,Matheus Lucas,2,,0,0,0,0,0,,0,0,0,0,2,matheus lucas,Londrina,exato
2023,Londrina,840022,Moisés,5,,0,0,0,0,0,,0,0,0,0,5,,,sem casar
2023,Londrina,866397,Patrick Marcelino,7,,0,0,0,0,0,,0,0,0,0,7,patrick,Londrina,palavras
2023,Londrina,341145,Paulinho Moccelin,9,,0,0,0,0,0,,1,1,0,1,10,paulinho moccelin,Londrina,exato
2023,Londrina,335167,Rafael Vaz,19,,0,0,0,0,0,,0,0,0,0,19,rafael vaz,Londrina,exato
2023,Londrina,1464654,Udeh Clinton,4,,1,0,1,0,0,,0,0,0,0,4,u clinton,Londrina,parecido
2023,Londrina,871205,Vinicius Barata,1,,0,0,0,0,0,,0,0,0,0,1,vinicius barata,Londrina,exato
2023,Londrina,220731,William Barbio,3,,1,0,0,1,0,,0,0,0,0,3,william barbio,Londrina,exato
2023,Londrina,887270,Xandão,2,,0,0,0,0,0,,0,0,0,0,2,xandao,Londrina,exato
2023,Londrina,978731,Zé Vitor,3,,0,0,0,0,0,,0,0,0,0,3,ze vitor,Londrina,exato
2023,Mirassol,345609,Camilo,6,,0,0,0,0,0,,1,0,1,1,7,camilo,Mirassol,exato
2023,Mirassol,880132,Chico,16,,1,0,1,0,0,,0,0,0,0,16,chico,Sport,"exato, outro clube na base"
2023,Mirassol,1148306,Cristian Renato,4,,0,0,0,0,0,,0,0,0,0,4,cristian renato,Mirassol,exato
2023,Mirassol,356514,Danielzinho,10,,1,0,0,1,0,,1,0,1,1,11,danielzinho,Mirassol,exato
2023,Mirassol,871219,Fernandinho,1,,0,0,0,0,0,,0,0,0,0,1,fernandinho,Mirassol,exato
2023,Mirassol,981813,Flávio,1,,0,0,0,0,0,,0,0,0,0,1,flavio,Mirassol,exato
2023,Mirassol,243459,Gabriel Santana,3,,0,0,0,0,2,,0,0,0,0,3,gabriel,Mirassol,palavras
2023,Mirassol,1047850,Guilherme Biro,13,,2,1,0,1,0,,1,0,1,0,14,guilherme biro,Mirassol,exato
2023,Mirassol,974503,Heitor,3,,0,0,0,0,0,,0,0,0,0,3,heitor,Mirassol,exato
2023,Mirassol,1167536,Julimar,1,,0,0,0,0,0,,0,0,0,0,1,julimar,Mirassol,exato
2023,Mirassol,871013,Leandro Vilela,4,,0,0,0,0,0,,0,0,0,0,4,leandro vilela,Mirassol,exato
2023,Mirassol,797225,Lucas Ramon,14,,1,0,1,0,0,,0,0,0,0,14,lucas ramon,Mirassol,exato
2023,Mirassol,874778,Luiz Otávio,15,,0,0,0,0,0,,2,2,0,0,17,luiz otavio,Mirassol,exato
2023,Mirassol,879599,Manoel Neto,6,,0,0,0,0,0,,0,0,0,0,6,manoel,Mirassol,palavras
2023,Mirassol,872007,Negueba,12,,0,0,0,0,0,,0,0,0,0,12,negueba,Mirassol,exato
2023,Mirassol,795030,Paulinho,1,,0,0,0,0,0,,0,0,0,0,1,paulinho,Mirassol,exato
2023,Mirassol,1046538,Reinaldo Kauan,5,,1,0,0,0,0,,0,0,0,0,5,kauan,Mirassol,palavras
2023,Mirassol,794640,Rodrigo Sam,5,,0,0,0,0,0,,0,0,0,0,5,rodrigo sam,Mirassol,exato
2023,Mirassol,863277,Thalisson,10,,3,2,0,0,0,,0,0,0,0,10,thalisson,Mirassol,exato
2023,Mirassol,913587,Vico,2,,0,0,0,0,0,,0,0,0,0,2,vico,Mirassol,exato
2023,Mirassol,842734,Yuri Lima,3,,0,0,0,0,0,,0,0,0,0,3,yuri lima,Mirassol,exato
2023,Mirassol,842076,Zé Roberto,10,,2,0,1,0,4,,0,0,0,0,10,ze roberto,Mirassol,exato
2023,Novorizontino,1008459,Adriano Martins,19,,1,1,0,0,0,,0,0,0,0,19,adriano martins,Novorizontino,exato
2023,Novorizontino,364528,Aylon,9,,0,0,0,0,0,,0,0,0,0,9,aylon,Novorizontino,exato
2023,Novorizontino,1104822,Biel,1,,0,0,0,0,0,,0,0,0,0,1,biel,Novorizontino,exato
2023,Novorizontino,329107,César Martins,26,,4,3,4,0,0,,0,0,0,0,26,cesar martins,Novorizontino,exato
2023,Novorizontino,926793,Denner Melz,1,,0,0,0,0,0,,0,0,0,0,1,denner,Novorizontino,palavras
2023,Novorizontino,795035,Douglas Baggio,7,,2,0,2,0,0,,0,0,0,0,7,douglas baggio,Novorizontino,exato
2023,Novorizontino,871172,Geovane,17,,2,2,2,0,0,,1,1,0,0,18,geovane,Novorizontino,exato
2023,Novorizontino,896246,Jenison,13,,0,0,0,0,0,,1,0,1,1,14,jenison,Novorizontino,exato
2023,Novorizontino,794840,Jordi,1,,0,0,0,0,0,,0,0,0,0,1,jordi,Novorizontino,exato
2023,Novorizontino,358496,João Afonso,2,,0,0,0,0,0,,0,0,0,0,2,joao afonso,Novorizontino,exato
2023,Novorizontino,870897,Ligger,9,,0,0,0,0,0,,0,0,0,0,9,ligger,Novorizontino,exato
2023,Novorizontino,1467379,Luis Fellipe,1,,0,0,0,0,0,,0,0,0,0,1,,,sem casar
2023,Novorizontino,965313,Léo Tocantins,11,,0,0,0,0,0,,0,0,0,0,11,leo tocantins,Novorizontino,exato
2023,Novorizontino,866574,Marlon,12,,0,0,0,0,1,,2,2,0,2,14,marlon,Novorizontino,exato
2023,Novorizontino,870934,Raul Prata,8,,0,0,0,0,0,,2,2,0,2,10,raul prata,Novorizontino,exato
2023,Novorizontino,872383,Renato Silveira,3,,0,0,0,0,0,,0,0,0,0,3,,,sem casar
2023,Novorizontino,865380,Reverson,4,,0,0,0,0,0,,1,1,0,1,5,reverson,Novorizontino,exato
2023,Novorizontino,870802,Ricardinho,1,,0,0,0,0,0,,0,0,0,0,1,ricardinho,Novorizontino,exato
2023,Novorizontino,840248,Roberto,6,,0,0,0,0,0,,0,0,0,0,6,roberto,Novorizontino,exato
2023,Novorizontino,870333,Rodolfo,1,,0,0,0,0,0,,0,0,0,0,1,rodolfo,Novorizontino,exato
2023,Novorizontino,387766,Ronaldo Henrique Silva,11,,0,0,0,0,1,,0,0,0,0,11,ronaldo,Novorizontino,palavras
2023,Novorizontino,1105078,Rômulo,8,,2,0,1,1,0,,1,1,0,0,9,romulo,Novorizontino,exato
2023,Novorizontino,868076,Willean Lepo,10,,0,0,0,0,0,,0,0,0,0,10,willean lepo,Novorizontino,exato
2023,Novorizontino,1014251,Zé Mateus,4,,0,0,0,0,0,,0,0,0,0,4,ze mateus,Novorizontino,exato
2023,Ponte Preta,118815,André Balada,2,,0,0,0,0,0,,0,0,0,0,2,,,sem casar
2023,Ponte Preta,360160,Artur,9,,0,0,0,0,0,,0,0,0,0,9,artur,Ponte Preta,exato
2023,Ponte Preta,307894,Cássio Gabriel,1,,0,0,0,0,0,,1,1,0,1,2,cassio,Ponte Preta,palavras
2023,Ponte Preta,1091074,Dudu Hatamoto,1,,0,0,0,0,0,,0,0,0,0,1,dudu hatamoto,Ponte Preta,exato
2023,Ponte Preta,1467375,Edson,1,,0,0,0,0,0,,0,0,0,0,1,edson,Ponte Preta,exato
2023,Ponte Preta,1391413,Eliel,3,,0,0,0,0,0,,0,0,0,0,3,eliel,Ponte Preta,exato
2023,Ponte Preta,47014,Elierce Barboza de Souza,3,,0,0,0,0,0,,0,0,0,0,3,souza,Ponte Preta,palavras
2023,Ponte Preta,156028,Elvis,9,,1,0,0,1,0,,1,1,0,1,10,elvis,Ponte Preta,exato
2023,Ponte Preta,1201949,Felipe Amaral,4,,0,0,0,0,0,,0,0,0,0,4,felipe amaral,Ponte Preta,exato
2023,Ponte Preta,1107060,Felipinho,2,,1,1,1,0,0,,0,0,0,0,2,filipinho,Ponte Preta,parecido
2023,Ponte Preta,870544,Fábio Sanches,6,,0,0,0,0,0,,0,0,0,0,6,fabio sanches,Ponte Preta,exato
2023,Ponte Preta,1084036,Igor Torres,3,,0,0,0,0,0,,0,0,0,0,3,igor torres,Ponte Preta,exato
2023,Ponte Preta,1464661,Jeh,7,,1,1,1,0,0,,0,0,0,0,7,jeh,Ponte Preta,exato
2023,Ponte Preta,1101061,Leo Naldi,2,,0,0,0,0,0,,0,0,0,0,2,leo naldi,Ponte Preta,exato
2023,Ponte Preta,870300,Mateus Silva,11,,0,0,0,0,0,,0,0,0,0,11,mateus silva,Ponte Preta,exato
2023,Ponte Preta,840298,Matheus Jesus,5,,1,0,1,0,0,,0,0,0,0,5,matheus jesus,Ponte Preta,exato
2023,Ponte Preta,973857,Maílton,8,,0,0,0,0,1,,0,0,0,0,8,mailton,Ponte Preta,exato
2023,Ponte Preta,550248,Pablo Dyego,3,,1,0,0,0,1,,0,0,0,0,3,pablo dyego,Ponte Preta,exato
2023,Ponte Preta,1463941,Paul Villero,2,,0,0,0,0,0,,0,0,0,0,2,p villero,Ponte Preta,parecido
2023,Ponte Preta,1174206,Paulo Baya,13,,0,0,0,0,0,,0,0,0,0,13,paulo baya,Ponte Preta,exato
2023,Ponte Preta,1107629,Tales,3,,0,0,0,0,0,,0,0,0,0,3,tales,Ponte Preta,exato
2023,Ponte Preta,1018930,Thomás Kayck,1,,0,0,0,0,0,,0,0,0,0,1,thomas kayck,Ponte Preta,exato
2023,Ponte Preta,985888,Weverton,2,,0,0,0,0,0,,0,0,0,0,2,weverton,Ponte Preta,exato
2023,Sampaio Corrêa,931484,Alyson,6,,1,1,1,0,0,,0,0,0,0,6,alyson,Sampaio Corrêa,exato
2023,Sampaio Corrêa,980202,Bill,1,,0,0,0,0,0,,0,0,0,0,1,bill,Sampaio Corrêa,exato
2023,Sampaio Corrêa,251245,Claudinei,1,,0,0,0,0,0,,0,0,0,0,1,claudinei,Sampaio Corrêa,exato
2023,Sampaio Corrêa,1470449,Cláudio Cebolinha,1,,0,0,0,0,0,,0,0,0,0,1,claudio cebolinha,Sampaio Corrêa,exato
2023,Sampaio Corrêa,871217,Eloir,2,,0,0,0,0,1,,0,0,0,0,2,eloir,Sampaio Corrêa,exato
2023,Sampaio Corrêa,870882,Emerson Carioca,1,,0,0,0,0,0,,0,0,0,0,1,emerson carioca,Sampaio Corrêa,exato
2023,Sampaio Corrêa,309634,Fabio Aguiar,3,,1,0,1,0,0,,0,0,0,0,3,fabio aguiar,Sampaio Corrêa,exato
2023,Sampaio Corrêa,885184,Gabriel Furtado,8,,0,0,0,0,0,,0,0,0,0,8,gabriel furtado,Sampaio Corrêa,exato
2023,Sampaio Corrêa,843769,Getterson,2,,0,0,0,0,0,,0,0,0,0,2,getterson,Sampaio Corrêa,exato
2023,Sampaio Corrêa,1020175,Gustavo Henrique,10,,0,0,0,0,0,,0,0,0,0,10,gustavo henrique,Sampaio Corrêa,exato
2023,Sampaio Corrêa,828132,Henrique Rafael,2,,0,0,0,0,0,,0,0,0,0,2,henrique,Sampaio Corrêa,palavras
2023,Sampaio Corrêa,871012,Jhony Douglas,10,,0,0,0,0,0,,0,0,0,0,10,jhony douglas,Sampaio Corrêa,exato
2023,Sampaio Corrêa,870734,Joécio,5,,0,0,0,0,0,,0,0,0,0,5,joecio,Sampaio Corrêa,exato
2023,Sampaio Corrêa,975444,Lucas Mota,1,,0,0,0,0,0,,0,0,0,0,1,lucas mota,Sampaio Corrêa,exato
2023,Sampaio Corrêa,870111,Luiz Otavio,1,,0,0,0,0,0,,0,0,0,0,1,luiz otavio,Sampaio Corrêa,exato
2023,Sampaio Corrêa,879595,Marcinho,21,,0,0,0,0,0,,0,0,0,0,21,marcinho,Sampaio Corrêa,exato
2023,Sampaio Corrêa,929688,Mateus Pivô,11,,1,0,0,0,0,,0,0,0,0,11,mateus pivo,Sampaio Corrêa,exato
2023,Sampaio Corrêa,1148580,Matheus Martins,1,,0,0,0,0,0,,0,0,0,0,1,matheus martins,Sampaio Corrêa,exato
2023,Sampaio Corrêa,1105420,Maurício,2,,0,0,0,0,0,,0,0,0,0,2,,,sem casar
2023,Sampaio Corrêa,1105026,Mikael,1,,0,0,0,0,0,,0,0,0,0,1,mikael,Sampaio Corrêa,exato
2023,Sampaio Corrêa,870342,Paraíba,8,,0,0,0,0,0,,0,0,0,0,8,,,sem casar
2023,Sampaio Corrêa,125000,Pará,3,,0,0,0,0,0,,0,0,0,0,3,para,Sampaio Corrêa,exato
2023,Sampaio Corrêa,870807,Pimentinha,4,,0,0,0,0,0,,0,0,0,0,4,pimentinha,Sampaio Corrêa,exato
2023,Sampaio Corrêa,942387,Rafael Jansen,4,,0,0,0,0,0,,0,0,0,0,4,rafael jansen,Sampaio Corrêa,exato
2023,Sampaio Corrêa,869554,Robinho,1,,0,0,0,0,0,,0,0,0,0,1,robinho,Sampaio Corrêa,homonimo
2023,Sampaio Corrêa,879594,Robinho,7,,0,0,0,0,0,,0,0,0,0,7,robinho,Sampaio Corrêa,homonimo
2023,Sampaio Corrêa,845539,Samuel Santos,1,,0,0,0,0,0,,1,1,0,0,2,samuel santos,Sampaio Corrêa,exato
2023,Sampaio Corrêa,928304,Vinicius Rodrigues,1,,0,0,0,0,0,,0,0,0,0,1,,,sem casar
2023,Sampaio Corrêa,959474,Vitinho,8,,0,0,0,0,0,,0,0,0,0,8,vitinho,Sampaio Corrêa,exato
2023,Sampaio Corrêa,47548,Ytalo,8,,2,0,2,0,1,,0,0,0,0,8,ytalo,Sampaio Corrêa,exato
2023,Sampaio Corrêa,795185,Ícaro,2,,0,0,0,0,0,,0,0,0,0,2,icaro,Sampaio Corrêa,exato
2023,Sport,158255,Alan Ruiz,5,,1,0,0,0,0,,1,1,0,1,6,a ruiz,Sport,palavras
2023,Sport,983861,Alisson Cassiano,4,,0,0,0,0,0,,0,0,0,0,4,alisson cassiano,Sport,exato
2023,Sport,877904,Chico,4,,0,0,0,0,0,,0,0,0,0,4,chico,Sport,exato
2023,Sport,17880,Diego Souza,3,,0,0,0,0,0,,0,0,0,0,3,,,sem casar
2023,Sport,865404,Edinho,6,,1,0,1,0,0,,3,2,1,1,9,edinho,Sport,exato
2023,Sport,39657,Eduardo,3,,0,0,0,0,0,,0,0,0,0,3,eduardo,Sport,exato
2023,Sport,992512,Ewerthon,8,,0,0,0,0,0,,1,1,0,0,9,ewerthon,Sport,exato
2023,Sport,795254,Fabinho,4,,1,0,1,0,0,,0,0,0,0,4,fabinho,Sport,exato
2023,Sport,1467723,Fabio Matheus,3,,1,1,1,0,0,,0,0,0,0,3,fabio matheus,Sport,exato
2023,Sport,1128767,Fabrício Daniel,6,,2,0,1,0,1,,0,0,0,0,6,fabricio daniel,Sport,exato
2023,Sport,875275,Facundo Labandeira,3,,0,0,0,0,0,,1,0,0,1,4,f labandeira,Sport,palavras
2023,Sport,870853,Felipe,2,,0,0,0,0,0,,0,0,0,0,2,felipe,Sport,exato
2023,Sport,1048276,Felipinho,7,,0,0,0,0,0,,0,0,0,0,7,felipinho,Sport,exato
2023,Sport,874195,Igor Cariús,12,,0,0,0,0,0,,0,0,0,0,12,igor carius,Sport,exato
2023,Sport,1048028,Italo,1,,0,0,0,0,0,,0,0,0,0,1,italo,Sport,exato
2023,Sport,793854,Jorginho,3,,1,1,0,0,0,,2,1,1,0,5,jorginho,Sport,exato
2023,Sport,1002523,João Peglow,3,,1,0,0,0,0,,0,0,0,0,3,peglow,Sport,palavras
2023,Sport,1105823,Lucas Andre,1,,0,0,0,0,0,,0,0,0,0,1,lucas andre,Sport,exato
2023,Sport,1017264,Luciano Juba,21,,1,0,0,0,0,,3,3,0,1,24,luciano juba,Sport,exato
2023,Sport,811310,Matheus Vargas,2,,0,0,0,0,0,,0,0,0,0,2,matheus vargas,Juventude,"exato, outro clube na base"
2023,Sport,1104587,Nathan Mendes,1,,0,0,0,0,0,,0,0,0,0,1,nathan,Sport,palavras
2023,Sport,354894,Rafael Thyere,9,,2,1,2,0,0,,0,0,0,0,9,rafael thyere,Sport,exato
2023,Sport,41334,Roberto Rosales,2,,0,0,0,0,0,,0,0,0,0,2,r rosales,Sport,palavras
2023,Sport,551746,Ronaldo Henrique,1,,0,0,0,0,3,,0,0,0,0,1,ronaldo henrique,Sport,exato
2023,Sport,975118,Sabino,32,,1,0,1,0,0,,0,0,0,0,32,sabino,Sport,exato
2023,Sport,1106487,Victor Gabriel,1,,0,0,0,0,0,,0,0,0,0,1,victor gabriel,Sport,exato
2023,Sport,13313,Vágner Love,9,,4,1,4,0,0,,0,0,0,0,9,vagner love,Sport,exato
2023,Tombense,936929,Alex Sandro,4,,1,0,1,0,0,,0,0,0,0,4,alex sandro,Tombense,exato
2023,Tombense,1016865,Alexandre Jesus,2,,0,0,0,0,0,,0,0,0,0,2,alexandre jesus,Tombense,exato
2023,Tombense,826355,Augusto,14,,0,0,0,0,0,,0,0,0,0,14,augusto,Tombense,exato
2023,Tombense,924131,Bruno Matias,2,,0,0,0,0,0,,0,0,0,0,2,bruno matias,Tombense,exato
2023,Tombense,125235,Bruno Silva,2,,0,0,0,0,0,,0,0,0,0,2,bruno silva,Tombense,exato
2023,Tombense,869443,Daniel Amorim,4,,0,0,0,0,1,,0,0,0,0,4,daniel amorim,Tombense,exato
2023,Tombense,595490,Ednei,3,,0,0,0,0,0,,0,0,0,0,3,ednei,Tombense,exato
2023,Tombense,34147,Egídio,7,,0,0,0,0,0,,2,1,1,2,9,egidio,Tombense,exato
2023,Tombense,914475,Emerson,2,,0,0,0,0,0,,0,0,0,0,2,emerson,Tombense,exato
2023,Tombense,329251,Fernandão,9,,2,2,0,0,2,,0,0,0,0,9,fernandao,Tombense,exato
2023,Tombense,32152,Guilherme Santos,2,,0,0,0,0,0,,0,0,0,0,2,guilherme santos,Tombense,exato
2023,Tombense,1104713,João Pedro,3,,0,0,0,0,0,,0,0,0,0,3,joao pedro,Tombense,exato
2023,Tombense,869639,Jáderson,4,,0,0,0,0,0,,0,0,0,0,4,jaderson,Tombense,exato
2023,Tombense,866785,Keké,4,,0,0,0,0,0,,0,0,0,0,4,keke,Tombense,exato
2023,Tombense,810691,Kevin,3,,0,0,0,0,0,,2,0,0,0,5,kevin,Tombense,exato
2023,Tombense,1046696,Kleiton,5,,0,0,0,0,0,,0,0,0,0,5,kleiton,Tombense,exato
2023,Tombense,895781,Luiz Fernando,3,,0,0,0,0,0,,0,0,0,0,3,luiz fernando,Tombense,exato
2023,Tombense,1049019,Luís Felipe,3,,1,1,1,0,0,,0,0,0,0,3,luis felipe,Tombense,exato
2023,Tombense,1046439,Marcelinho,12,,0,0,0,0,0,,0,0,0,0,12,marcelinho,Tombense,exato
2023,Tombense,1143785,Mateus Buiate,3,,0,0,0,0,0,,0,0,0,0,3,matheus buiate,Tombense,parecido
2023,Tombense,1005337,Matheus Frizzo,11,,2,0,0,0,0,,2,2,0,1,13,matheus frizzo,Tombense,exato
2023,Tombense,868018,Pedro,6,,1,0,1,0,0,,0,0,0,0,6,,,sem casar
2023,Tombense,1017710,Pierre,1,,0,0,0,0,0,,0,0,0,0,1,pierre,Tombense,exato
2023,Tombense,1510236,Rafinha,1,,0,0,0,0,0,,0,0,0,0,1,rafinha,Tombense,exato
2023,Tombense,219984,Roger Carvalho,10,,0,0,0,0,0,,0,0,0,0,10,roger carvalho,Tombense,exato
2023,Tombense,962025,Wesley,3,,0,0,0,0,0,,0,0,0,0,3,,,sem casar
2023,Tombense,1112474,Ze Vitor,9,,2,2,1,0,0,,0,0,0,0,9,ze vitor,Tombense,exato
2023,Vila Nova,869574,Caio Dantas,8,,0,0,0,0,0,,0,0,0,0,8,caio dantas,Vila Nova,exato
2023,Vila Nova,1021866,Cristiano,1,,0,0,0,0,0,,0,0,0,0,1,cristiano,Vila Nova,exato
2023,Vila Nova,106403,Diego Renan,1,,0,0,0,0,0,,0,0,0,0,1,diego renan,Vila Nova,exato
2023,Vila Nova,1122967,Eduardo Doma,21,,2,1,2,0,0,,0,0,0,0,21,eduardo doma,Vila Nova,exato
2023,Vila Nova,1093892,Everton,3,,0,0,0,0,0,,0,0,0,0,3,everton,Ponte Preta,"exato, outro clube na base"
2023,Vila Nova,823980,Guilherme Parede,8,,0,0,0,0,0,,0,0,0,0,8,guilherme parede,Vila Nova,exato
2023,Vila Nova,1023049,Gustavo Maia,3,,0,0,0,0,0,,0,0,0,0,3,gustavo maia,Vila Nova,exato
2023,Vila Nova,39402,Henrique Almeida,4,,0,0,0,0,0,,0,0,0,0,4,henrique almeida,Vila Nova,exato
2023,Vila Nova,865400,Igor Henrique,16,,2,1,1,0,1,,0,0,0,0,16,igor henrique,Vila Nova,exato
2023,Vila Nova,1412631,Juan Christian,7,,0,0,0,0,0,,0,0,0,0,7,juan christian,Vila Nova,exato
2023,Vila Nova,879871,Lourenço,31,,0,0,0,0,0,,3,3,0,3,34,lourenco,Vila Nova,exato
2023,Vila Nova,987089,Luciano Naninho,2,,0,0,0,0,0,,0,0,0,0,2,luciano naninho,Vila Nova,exato
2023,Vila Nova,1017589,Léo Duarte,3,,0,0,0,0,0,,0,0,0,0,3,leo duarte,Vila Nova,exato
2023,Vila Nova,986868,Marcelinho,7,,0,0,0,0,0,,0,0,0,0,7,marcelinho,Vila Nova,exato
2023,Vila Nova,870911,Marcondes,1,,0,0,0,0,0,,0,0,0,0,1,marcondes,Vila Nova,exato
2023,Vila Nova,1047431,Matheus Souza,3,,0,0,0,0,0,,0,0,0,0,3,matheus souza,Vila Nova,exato
2023,Vila Nova,925860,Neto Pessoa,15,,0,0,0,0,0,,0,0,0,0,15,n pessoa,Vila Nova,palavras
2023,Vila Nova,243379,Rafael Donato,29,,3,3,2,0,0,,0,0,0,0,29,rafael donato,Vila Nova,exato
2023,Vila Nova,1464671,Rodrigo,6,,0,0,0,0,0,,0,0,0,0,6,,,sem casar
2023,Vila Nova,1465499,Rodrigo Gelado,0,,0,0,0,0,0,,1,0,0,1,1,rodrigo gelado,Vila Nova,exato
2023,Vila Nova,923057,Ronald,3,,0,0,0,0,0,,0,0,0,0,3,ronald,Vila Nova,exato
2023,Vila Nova,925267,Sousa,12,,0,0,0,0,0,,0,0,0,0,12,sousa,Vila Nova,exato
2023,Vila Nova,243189,Victor Andrade,1,,0,0,0,0,0,,0,0,0,0,1,victor andrade,Juventude,"exato, outro clube na base"
2023,Vitória,931759,Camutanga,9,,2,2,0,0,0,,1,1,0,0,10,camutanga,Vitória,exato
2023,Vitória,828838,Diego Torres,2,,0,0,0,0,0,,0,0,0,0,2,d torres,Vitória,palavras
2023,Vitória,1201139,Dudu,2,,0,0,0,0,0,,0,0,0,0,2,dudu,Vitória,exato
2023,Vitória,1117470,Edson Lucas,2,,0,0,0,0,0,,0,0,0,0,2,edson lucas,Vitória,exato
2023,Vitória,335807,Gegê,8,,0,0,0,0,0,,0,0,0,0,8,gege,Vitória,exato
2023,Vitória,82680,Giovanni Augusto,4,,0,0,0,0,0,,0,0,0,0,4,giovanni augusto,Vitória,exato
2023,Vitória,795020,Iury Castilho,2,,0,0,0,0,0,,0,0,0,0,2,iury,Vitória,palavras
2023,Vitória,893524,Jhonny Lucas,1,,0,0,0,0,0,,0,0,0,0,1,jhonny lucas,Vitória,exato
2023,Vitória,863297,João Victor,8,,0,0,0,0,0,,0,0,0,0,8,joao victor,Vitória,exato
2023,Vitória,808786,Léo Gamalho,8,,1,1,1,0,4,,0,0,0,0,8,leo gamalho,Vitória,exato
2023,Vitória,931751,Léo Gomes,4,,1,0,0,0,0,,0,0,0,0,4,leo gomes,Vitória,exato
2023,Vitória,866865,Marcelo,2,,0,0,0,0,0,,0,0,0,0,2,marcelo,Vitória,exato
2023,Vitória,1112391,Marco Antônio,3,,0,0,0,0,0,,0,0,0,0,3,marco antonio,Vitória,exato
2023,Vitória,787480,Mateus Gonçalves,3,,0,0,0,0,0,,1,1,0,1,4,mateus goncalves,Vitória,exato
2023,Vitória,852556,Matheus Trindade,5,,1,1,0,0,0,,0,0,0,0,5,matheus trindade,Vitória,exato
2023,Vitória,795266,Matheuzinho,6,,0,0,0,0,0,,0,0,0,0,6,matheuzinho,Vitória,exato
2023,Vitória,90468,Osvaldo,7,,0,0,0,0,0,,6,2,4,5,13,osvaldo,Vitória,exato
2023,Vitória,329115,Rafinha,4,,0,0,0,0,0,,0,0,0,0,4,rafinha,Vitória,exato
2023,Vitória,874398,Rodrigo Andrade,3,,1,0,1,0,0,,0,0,0,0,3,rodrigo andrade,Vitória,exato
2023,Vitória,250105,Santiago Tréllez,2,,1,0,1,0,1,,0,0,0,0,2,s trellez,Vitória,palavras
2023,Vitória,802485,Thiago Lopes,2,,0,0,0,0,0,,0,0,0,0,2,thiago lopes,Vitória,exato
2023,Vitória,976235,Wagner Leonardo,19,,5,5,3,0,0,,0,0,0,0,19,wagner leonardo,Vitória,exato
2023,Vitória,866818,Welder,4,,0,0,0,0,1,,0,0,0,0,4,welder,Vitória,exato
2023,Vitória,220333,Wellington Nem,7,,0,0,0,0,0,,3,1,2,3,10,wellington nem,Vitória,exato
2023,Vitória,1176038,Yan Souto,5,,0,0,0,0,0,,0,0,0,0,5,yan souto,Vitória,exato
2023,Vitória,555454,Zeca,7,,1,0,0,1,0,,0,0,0,0,7,zeca,Vitória,exato
2023,Vitória,1166468,Zé Hugo,5,,1,0,1,0,0,,0,0,0,0,5,ze hugo,Vitória,exato
2024,Amazonas,1066548,Alexis Alvarino,11,,1,0,1,0,0,,0,0,0,0,11,alexis alvarino,Amazonas,exato
2024,Amazonas,342145,Bruno Lopes,4,,0,0,0,0,0,,0,0,0,0,4,bruno lopes,Amazonas,exato
2024,Amazonas,1444694,Cauan Barros,7,,2,2,1,0,0,,1,1,0,0,8,cauan barros,Amazonas,exato
2024,Amazonas,1861413,Cocote,5,,0,0,0,0,0,,0,0,0,0,5,cocote,Amazonas,exato
2024,Amazonas,108482,Dentinho,1,,0,0,0,0,0,,0,0,0,0,1,dentinho,Amazonas,exato
2024,Amazonas,828838,Diego Torres,9,,0,0,0,0,0,,3,2,1,2,12,d torres,Amazonas,palavras
2024,Amazonas,986159,Diogo Silva,7,,0,0,0,0,0,,0,0,0,0,7,diogo silva,Amazonas,exato
2024,Amazonas,872011,Erick Varão,11,,0,0,0,0,0,,0,0,0,0,11,erick varao,Amazonas,exato
2024,Amazonas,870696,Fabiano,14,,0,0,0,0,0,,0,0,0,0,14,fabiano,Amazonas,exato
2024,Amazonas,840039,Gustavo Ermel,1,,0,0,0,0,0,,0,0,0,0,1,gustavo ermel,Amazonas,exato
2024,Amazonas,1034314,Igor Bolt,5,,0,0,0,0,0,,0,0,0,0,5,igor bolt,Amazonas,exato
2024,Amazonas,1047747,Jonny,1,,0,0,0,0,0,,0,0,0,0,1,jonny,Amazonas,exato
2024,Amazonas,877571,Jorge Roa Jiménez,7,,1,0,1,0,0,,0,0,0,0,7,j jimenez,Amazonas,palavras
2024,Amazonas,17878,Jô,4,,1,1,1,0,0,,0,0,0,0,4,jo,Amazonas,exato
2024,Amazonas,1114095,Luan Silva,3,,0,0,0,0,0,,1,1,0,0,4,luan silva,Amazonas,exato
2024,Amazonas,889084,Matheus Serafim,7,,0,0,0,0,0,,0,0,0,0,7,matheus serafim,Amazonas,exato
2024,Amazonas,926868,Miranda,10,,2,0,1,0,0,,0,0,0,0,10,miranda,Amazonas,exato
2024,Amazonas,1400493,Pará,1,,0,0,0,0,0,,0,0,0,0,1,para,Operário-PR,"exato, outro clube na base"
2024,Amazonas,78853,Patric,2,,0,0,0,0,0,,1,1,0,1,3,patric,Amazonas,exato
2024,Amazonas,937943,Rafael Tavares,9,,0,0,0,0,0,,0,0,0,0,9,rafael tavares,Amazonas,exato
2024,Amazonas,931548,Robson Duarte,1,,0,0,0,0,0,,0,0,0,0,1,robson duarte,Amazonas,exato
2024,Amazonas,243157,Sassá,8,,1,0,1,0,1,,0,0,0,0,8,sassa,Amazonas,exato
2024,Amazonas,592086,Sidcley,1,,0,0,0,0,0,,1,0,1,0,2,sidcley,Amazonas,exato
2024,Amazonas,1199416,Wendell,2,,0,0,0,0,0,,0,0,0,0,2,wendell,Amazonas,exato
2024,Amazonas,220731,William Barbio,2,,0,0,0,0,0,,0,0,0,0,2,william barbio,Amazonas,exato
2024,Amazonas,839773,Xavier,4,,0,0,0,0,0,,0,0,0,0,4,xavier,Ituano,"exato, outro clube na base"
2024,Amazonas,1015935,Ênio,7,,0,0,0,0,0,,0,0,0,0,7,enio,Amazonas,exato
2024,América-MG,1175259,Adyson,7,,0,0,0,0,0,,0,0,0,0,7,adyson,América-MG,exato
2024,América-MG,869564,Alê,13,,3,1,3,0,0,,0,0,0,0,13,ale,América-MG,exato
2024,América-MG,840208,Brenner,4,,0,0,0,0,3,,0,0,0,0,4,brenner,América-MG,exato
2024,América-MG,794874,Daniel Borges,5,,0,0,0,0,0,,0,0,0,0,5,daniel borges,América-MG,exato
2024,América-MG,1172052,Daniel Júnior,1,,0,0,0,0,0,,0,0,0,0,1,daniel junior,América-MG,exato
2024,América-MG,995294,Fabinho,7,,0,0,0,0,0,,0,0,0,0,7,fabinho,América-MG,exato
2024,América-MG,1201949,Felipe Amaral,3,,0,0,0,0,0,,0,0,0,0,3,felipe amaral,América-MG,exato
2024,América-MG,166471,Felipe Azevedo,2,,0,0,0,0,0,,0,0,0,0,2,felipe azevedo,América-MG,exato
2024,América-MG,98912,Jonathas,1,,0,0,0,0,0,,0,0,0,0,1,jonathas,América-MG,exato
2024,América-MG,1185832,Júlio César,1,,0,0,0,0,0,,0,0,0,0,1,julio cesar,América-MG,exato
2024,América-MG,1485486,Kauã Diniz,1,,0,0,0,0,0,,0,0,0,0,1,kaua diniz,América-MG,exato
2024,América-MG,338827,Lucão,6,,1,0,1,0,0,,0,0,0,0,6,lucao,América-MG,exato
2024,América-MG,870933,Marlon Lopes,7,,0,0,0,0,0,,0,0,0,0,7,marlon,América-MG,palavras
2024,América-MG,155715,Martín Benítez,5,,0,0,0,0,0,,1,1,0,1,6,m benitez,América-MG,palavras
2024,América-MG,1175493,Mateus Henrique,4,,0,0,0,0,0,,0,0,0,0,4,mateus henrique,América-MG,exato
2024,América-MG,981695,Matheus Davó,2,,0,0,0,0,0,,0,0,0,0,2,matheus davo,América-MG,exato
2024,América-MG,243249,Moisés,6,,0,0,0,0,2,,0,0,0,0,6,moises,América-MG,exato
2024,América-MG,841336,Nicolas,5,,0,0,0,0,0,,0,0,0,0,5,nicolas,América-MG,exato
2024,América-MG,1194689,Renato Marques,2,,0,0,0,0,0,,0,0,0,0,2,renato marques,América-MG,exato
2024,América-MG,599700,Ricardo Silva,8,,0,0,0,0,0,,0,0,0,0,8,ricardo silva,América-MG,exato
2024,América-MG,1174770,Rodriguinho,6,,1,0,0,1,0,,0,0,0,0,6,rodriguinho,América-MG,exato
2024,América-MG,1019652,Vítor Jacaré,1,,0,0,0,0,0,,0,0,0,0,1,vitor jacare,América-MG,exato
2024,América-MG,922601,Wallisson Luiz,4,,0,0,0,0,0,,0,0,0,0,4,wallisson,América-MG,palavras
2024,América-MG,842072,Éder,12,,1,1,1,0,0,,0,0,0,0,12,eder,América-MG,exato
2024,Avaí,156023,Ademilson,1,,0,0,0,0,0,,0,0,0,0,1,ademilson,Avaí,exato
2024,Avaí,329161,Alan Costa,2,,0,0,0,0,0,,0,0,0,0,2,alan costa,Avaí,exato
2024,Avaí,1515290,Andrey,0,,0,0,0,0,0,,1,1,0,1,1,andrey,Avaí,exato
2024,Avaí,1020259,Gabriel Barros,2,,0,0,0,0,0,,0,0,0,0,2,g barros,Avaí,palavras
2024,Avaí,937806,Gabriel Poveda,3,,1,0,1,0,0,,0,0,0,0,3,gabriel poveda,Avaí,exato
2024,Avaí,1467756,Gaspar,2,,0,0,0,0,0,,0,0,0,0,2,gaspar,Avaí,exato
2024,Avaí,242215,Giovanni,13,,1,0,1,0,0,,1,1,0,1,14,giovanni,Avaí,exato
2024,Avaí,832472,Hygor,4,,0,0,0,0,0,,0,0,0,0,4,hygor,Avaí,exato
2024,Avaí,789084,Jonathan Costa,5,,1,1,1,0,0,,0,0,0,0,5,jonathan costa,Avaí,exato
2024,Avaí,869433,João Paulo,5,,0,0,0,0,1,,0,0,0,0,5,joao paulo,Avaí,exato
2024,Avaí,942054,Marcos Vinícius,12,,0,0,0,0,0,,1,1,0,1,13,marcos vinicius,Avaí,exato
2024,Avaí,1050353,Maurício Garcez,7,,1,1,0,0,0,,0,0,0,0,7,mauricio garcez,Avaí,exato
2024,Avaí,355810,Mário Sergio,11,,1,1,1,0,0,,1,1,0,0,12,mario sergio,Avaí,exato
2024,Avaí,1117233,Natanael,4,,0,0,0,0,0,,0,0,0,0,4,natanael,Avaí,exato
2024,Avaí,1093360,Pedrinho,2,,0,0,0,0,0,,0,0,0,0,2,pedrinho,Avaí,exato
2024,Avaí,243185,Pedro Castro,9,,0,0,0,0,1,,1,1,0,1,10,pedro castro,Avaí,exato
2024,Avaí,1173040,Rodrigo Santos,3,,0,0,0,0,0,,0,0,0,0,3,rodrigo santos,Avaí,exato
2024,Avaí,551746,Ronaldo Henrique,1,,0,0,0,0,0,,0,0,0,0,1,ronaldo henrique,Avaí,exato
2024,Avaí,1650429,Tiago Pagnussat,22,,4,2,2,0,0,,1,1,0,0,23,tiago pagnussat,Avaí,exato
2024,Avaí,1177012,Vilar,9,,0,0,0,0,0,,0,0,0,0,9,vilar,Avaí,exato
2024,Avaí,13313,Vágner Love,5,,1,0,1,0,0,,0,0,0,0,5,vagner love,Avaí,exato
2024,Avaí,243501,William Pottker,2,,0,0,0,0,0,,1,0,1,1,3,william pottker,Avaí,exato
2024,Avaí,868120,Willian Maranhão,3,,0,0,0,0,0,,0,0,0,0,3,willian maranhao,Avaí,exato
2024,Avaí,840132,Zé Ricardo,1,,0,0,0,0,0,,0,0,0,0,1,ze ricardo,Avaí,exato
2024,Botafogo-SP,936929,Alex Sandro,8,,1,0,1,0,0,,0,0,0,0,8,alex sandro,Botafogo-SP,exato
2024,Botafogo-SP,1016865,Alexandre Jesus,8,,2,0,0,0,0,,0,0,0,0,8,alexandre jesus,Botafogo-SP,exato
2024,Botafogo-SP,1017590,Bernardo Schappo,10,,1,1,1,0,0,,0,0,0,0,10,bernardo schappo,Botafogo-SP,exato
2024,Botafogo-SP,978517,Bruno Marques,5,,0,0,0,0,0,,0,0,0,0,5,bruno marques,Botafogo-SP,exato
2024,Botafogo-SP,1482115,Carlos Manuel,4,,0,0,0,0,0,,0,0,0,0,4,carlos manuel,Botafogo-SP,exato
2024,Botafogo-SP,795035,Douglas Baggio,14,,1,0,1,0,1,,2,2,0,2,16,douglas baggio,Botafogo-SP,exato
2024,Botafogo-SP,1130178,Emerson Ramon,9,,0,0,0,0,0,,0,0,0,0,9,,,sem casar
2024,Botafogo-SP,914471,Ericson da Silva,7,,0,0,0,0,0,,0,0,0,0,7,ericson,Botafogo-SP,palavras
2024,Botafogo-SP,1429871,Felipe Rocha,1,,0,0,0,0,0,,0,0,0,0,1,,,sem casar
2024,Botafogo-SP,166373,Fillipe Soutto,3,,1,1,1,0,0,,0,0,0,0,3,filipe soutto,Botafogo-SP,parecido
2024,Botafogo-SP,870544,Fábio Sanches,3,,0,0,0,0,0,,1,0,1,0,4,fabio sanches,Botafogo-SP,exato
2024,Botafogo-SP,850478,Gustavo Bochecha,6,,1,0,0,0,0,,1,1,0,0,7,gustavo bochecha,Botafogo-SP,exato
2024,Botafogo-SP,840145,Jean Victor,21,,1,0,0,1,0,,2,0,2,0,23,jean victor,Botafogo-SP,exato
2024,Botafogo-SP,931472,Jonas Toró,1,,0,0,0,0,0,,0,0,0,0,1,jonas toro,Botafogo-SP,exato
2024,Botafogo-SP,1174637,João Costa,5,,0,0,0,0,0,,0,0,0,0,5,joao costa,Botafogo-SP,exato
2024,Botafogo-SP,552638,Leandro Pereira,1,,0,0,0,0,0,,0,0,0,0,1,leandro pereira,Botafogo-SP,exato
2024,Botafogo-SP,981745,Lucas Dias Costa,6,,1,1,1,0,0,,0,0,0,0,6,lucas dias,Botafogo-SP,palavras
2024,Botafogo-SP,870590,Matheus Barbosa,7,,0,0,0,0,0,,0,0,0,0,7,matheus barbosa,Botafogo-SP,exato
2024,Botafogo-SP,886225,Matheus Costa,11,,0,0,0,0,0,,1,1,0,1,12,matheus costa,Botafogo-SP,exato
2024,Botafogo-SP,871192,Patrick Brey,1,,0,0,0,0,0,,0,0,0,0,1,patrick brey,Botafogo-SP,exato
2024,Botafogo-SP,868018,Pedro,1,,0,0,0,0,0,,0,0,0,0,1,,,sem casar
2024,Botafogo-SP,1107939,Raphael,2,,0,0,0,0,0,,0,0,0,0,2,raphael,Botafogo-SP,exato
2024,Botafogo-SP,870764,Robinho,1,,0,0,0,0,0,,0,0,0,0,1,robinho,Botafogo-SP,exato
2024,Botafogo-SP,1031485,Sabit Abdulai,7,,2,0,1,0,0,,0,0,0,0,7,s abdulai,Botafogo-SP,palavras
2024,Botafogo-SP,1047809,Thassio,1,,0,0,0,0,0,,0,0,0,0,1,thassio,Botafogo-SP,exato
2024,Botafogo-SP,243189,Victor Andrade,6,,0,0,0,0,1,,1,0,0,0,7,victor andrade,Botafogo-SP,exato
2024,Botafogo-SP,988671,Wallison,6,,1,0,1,0,0,,0,0,0,0,6,wallison,Botafogo-SP,exato
2024,Botafogo-SP,1476216,Willian Gabriel,2,,0,0,0,0,0,,0,0,0,0,2,william gabriel,Botafogo-SP,parecido
2024,Brusque,924762,Agustín González,9,,0,0,0,0,0,,1,1,0,1,10,a gonzalez,Brusque,palavras
2024,Brusque,871073,Alex Ruan,2,,0,0,0,0,0,,0,0,0,0,2,alex ruan,Brusque,exato
2024,Brusque,922586,Anderson Rosa,1,,0,0,0,0,0,,0,0,0,0,1,anderson rosa,Brusque,exato
2024,Brusque,1174558,Dentinho,3,,0,0,0,0,0,,0,0,0,0,3,dentinho,Brusque,exato
2024,Brusque,1047223,Diego Mathias,5,,0,0,0,0,0,,0,0,0,0,5,diego mathias,Brusque,exato
2024,Brusque,871003,Diego Tavares,3,,0,0,0,0,0,,0,0,0,0,3,diego tavares,Brusque,exato
2024,Brusque,1117584,Dionísio,5,,0,0,0,0,0,,0,0,0,0,5,dionisio,Brusque,exato
2024,Brusque,975380,Gabriel Barbosa Pinheiro,1,,0,0,0,0,0,,0,0,0,0,1,gabriel pinheiro,Brusque,palavras
2024,Brusque,840040,Guilherme Queiróz,5,,1,1,1,0,0,,0,0,0,0,5,guilherme queiroz,Brusque,exato
2024,Brusque,870789,Ianson,7,,1,0,0,0,0,,0,0,0,0,7,ianson,Brusque,exato
2024,Brusque,1174854,Jhan Pool Torres,1,,0,0,0,0,0,,0,0,0,0,1,jhan torres,Brusque,palavras
2024,Brusque,875231,Jhemerson,2,,0,0,0,0,0,,1,1,0,1,3,jhemerson,Brusque,exato
2024,Brusque,866785,Keké,3,,1,1,1,0,0,,0,0,0,0,3,keke,Brusque,exato
2024,Brusque,934805,Lorran,1,,0,0,0,0,0,,0,0,0,0,1,lorran,Brusque,exato
2024,Brusque,1017715,Luiz Henrique,1,,0,0,0,0,0,,0,0,0,0,1,luiz henrique,Brusque,exato
2024,Brusque,931760,Madison,1,,0,0,0,0,0,,0,0,0,0,1,madison,Brusque,exato
2024,Brusque,866865,Marcelo,1,,0,0,0,0,0,,0,0,0,0,1,marcelo,Brusque,exato
2024,Brusque,797650,Marcos Serrato,6,,0,0,0,0,0,,0,0,0,0,6,marcos serrato,Brusque,exato
2024,Brusque,929688,Mateus Pivô,3,,0,0,0,0,0,,0,0,0,0,3,mateus pivo,Brusque,exato
2024,Brusque,1048406,Olavio,5,,0,0,0,0,0,,0,0,0,0,5,olavio,Brusque,exato
2024,Brusque,839772,Osman Menezes,2,,0,0,0,0,0,,0,0,0,0,2,osman,Brusque,palavras
2024,Brusque,1129413,Paulinho,5,,0,0,0,0,0,,0,0,0,0,5,paulinho,Brusque,exato
2024,Brusque,341145,Paulinho Moccelin,1,,0,0,0,0,0,,0,0,0,0,1,paulinho moccelin,Brusque,exato
2024,Brusque,1622610,Robson Luiz,1,,0,0,0,0,0,,0,0,0,0,1,,,sem casar
2024,Brusque,871168,Rodolfo Potiguar,11,,1,0,0,0,1,,0,0,0,0,11,rodolfo potiguar,Brusque,exato
2024,Brusque,925282,Rodrigo Pollero,9,,1,1,1,0,0,,0,0,0,0,9,rodrigo pollero,Brusque,exato
2024,Brusque,77244,Wallace Reis,5,,0,0,0,0,0,,0,0,0,0,5,wallace,Brusque,palavras
2024,Brusque,989891,Wellissol,1,,0,0,0,0,0,,0,0,0,0,1,wellissol,Brusque,exato
2024,Brusque,866862,Éverton Alemão,4,,0,0,0,0,0,,0,0,0,0,4,everton alemao,Brusque,exato
2024,CRB,125032,Anselmo Ramon,8,,1,0,0,0,3,,0,0,0,0,8,anselmo ramon,CRB,exato
2024,CRB,879867,Caio César,2,,0,0,0,0,0,,0,0,0,0,2,caio cesar,CRB,exato
2024,CRB,1017022,Chay,5,,0,0,0,0,0,,0,0,0,0,5,chay,CRB,exato
2024,CRB,1119496,Darlisson Pereira,1,,0,0,0,0,0,,0,0,0,0,1,darlisson,CRB,palavras
2024,CRB,981295,Diogo Hereda,5,,0,0,0,0,0,,0,0,0,0,5,hereda,CRB,palavras
2024,CRB,875275,Facundo Labandeira,3,,0,0,0,0,0,,0,0,0,0,3,f labandeira,CRB,palavras
2024,CRB,979343,Falcão,4,,0,0,0,0,0,,0,0,0,0,4,falcao,CRB,exato
2024,CRB,911436,Fábio Alemão,2,,0,0,0,0,0,,0,0,0,0,2,fabio alemao,CRB,exato
2024,CRB,335807,Gegê,22,,2,0,0,2,1,,2,1,1,1,24,gege,CRB,exato
2024,CRB,928133,Getúlio,2,,0,0,0,0,0,,0,0,0,0,2,getulio,CRB,exato
2024,CRB,1020175,Gustavo Henrique,2,,0,0,0,0,0,,0,0,0,0,2,gustavo henrique,CRB,exato
2024,CRB,1110033,João Neto,1,,0,0,0,0,0,,0,0,0,0,1,joao neto,CRB,exato
2024,CRB,1104713,João Pedro,8,,0,0,0,0,0,,0,0,0,0,8,joao pedro,CRB,exato
2024,CRB,1046696,Kleiton,3,,0,0,0,0,0,,1,1,0,0,4,kleiton,CRB,exato
2024,CRB,1507250,Lucas Kallyel,2,,0,0,0,0,0,,0,0,0,0,2,lucas kallyel,CRB,exato
2024,CRB,827141,Luis Segovia,5,,1,0,1,0,0,,0,0,0,0,5,l segovia,CRB,parecido
2024,CRB,1008491,Léo Pereira,14,,0,0,0,0,0,,0,0,0,0,14,leo pereira,CRB,exato
2024,CRB,1990021,Mateus Pureza,1,,0,0,0,0,0,,0,0,0,0,1,mateus pureza,CRB,exato
2024,CRB,794878,Matheus Ribeiro,1,,0,0,0,0,0,,0,0,0,0,1,matheus ribeiro,CRB,exato
2024,CRB,243691,Mike,3,,0,0,0,0,0,,0,0,0,0,3,mike,CRB,exato
2024,CRB,959005,Rafael Bilú,2,,0,0,0,0,0,,0,0,0,0,2,rafael bilu,CRB,exato
2024,CRB,1086990,Ryan,4,,0,0,0,0,0,,0,0,0,0,4,ryan,CRB,exato
2024,CRB,879593,Rômulo,3,,1,1,1,0,0,,1,0,1,1,4,romulo,CRB,exato
2024,CRB,123352,Saimon,10,,2,1,1,0,0,,0,0,0,0,10,saimon,CRB,exato
2024,CRB,368846,Wanderson,3,,0,0,0,0,0,,0,0,0,0,3,wanderson,CRB,exato
2024,CRB,929687,Willian Formiga,9,,0,0,0,0,0,,0,0,0,0,9,willian formiga,CRB,exato
2024,Ceará,364528,Aylon,17,,1,0,1,0,0,,0,0,0,0,17,aylon,Ceará,exato
2024,Ceará,1186587,David Ricardo,12,,1,1,1,0,0,,0,0,0,0,12,david ricardo,Ceará,exato
2024,Ceará,1640518,Eric,2,,0,0,0,0,0,,0,0,0,0,2,eric,Ceará,exato
2024,Ceará,1104070,Erick Pulga,10,,2,1,1,0,0,,1,1,0,0,11,e pulga,Ceará,palavras
2024,Ceará,848010,Facundo Barceló,4,,2,2,2,0,0,,0,0,0,0,4,f barcelo,Ceará,palavras
2024,Ceará,579914,Facundo Castro,2,,0,0,0,0,0,,0,0,0,0,2,f castro,Ceará,palavras
2024,Ceará,924228,Guilherme Castilho,1,,0,0,0,0,0,,1,1,0,1,2,guilherme castilho,Ceará,exato
2024,Ceará,848630,Jean Irmer,6,,0,0,0,0,0,,1,1,0,1,7,jean irmer,Ceará,exato
2024,Ceará,312820,Jorge Recalde,7,,2,0,0,0,0,,0,0,0,0,7,j recalde,Ceará,palavras
2024,Ceará,1411150,João Pedro Tchoca,3,,0,0,0,0,0,,0,0,0,0,3,tchoca,Ceará,palavras
2024,Ceará,1858928,Kaique,1,,1,0,0,0,0,,0,0,0,0,1,,,sem casar
2024,Ceará,879871,Lourenço,25,,1,0,0,1,1,,3,2,1,2,28,lourenco,Ceará,exato
2024,Ceará,249881,Lucas Mugni,4,,1,0,1,0,0,,3,3,0,2,7,lucas mugni,Ceará,exato
2024,Ceará,1893682,Lucas Rian,1,,0,0,0,0,0,,1,1,0,0,2,lucas rian,Ceará,exato
2024,Ceará,1047204,Matheus Bahia,4,,0,0,0,0,0,,0,0,0,0,4,matheus bahia,Ceará,exato
2024,Ceará,1110173,Matheus Felipe,8,,0,0,0,0,0,,0,0,0,0,8,matheus felipe,Ceará,exato
2024,Ceará,979868,Patrick De Lucca,5,,0,0,0,0,0,,0,0,0,0,5,patrick de lucca,Ceará,exato
2024,Ceará,788195,Rafael Ramos,8,,1,0,1,0,0,,0,0,0,0,8,rafael ramos,Ceará,exato
2024,Ceará,839516,Ramon Menezes,9,,2,2,2,0,0,,0,0,0,0,9,ramon menezes,Ceará,exato
2024,Ceará,879591,Raí Ramos,4,,0,0,0,0,1,,0,0,0,0,4,rai ramos,Ceará,exato
2024,Ceará,870758,Richardson,4,,0,0,0,0,0,,0,0,0,0,4,richardson,Ceará,exato
2024,Ceará,869573,Saulo Mineiro,16,,0,0,0,0,5,,1,0,0,0,17,saulo mineiro,Ceará,exato
2024,Ceará,1592238,Yago Lincoln,2,,0,0,0,0,0,,0,0,0,0,2,yago lincoln,Ceará,exato
2024,Chapecoense,840280,Bruno Leonardo,17,,4,3,3,0,0,,0,0,0,0,17,bruno leonardo,Chapecoense,exato
2024,Chapecoense,1177399,Bruno Vinicius,1,,0,0,0,0,0,,0,0,0,0,1,bruno vinicius,Chapecoense,exato
2024,Chapecoense,1174525,Daniel Cruz,1,,0,0,0,0,0,,0,0,0,0,1,daniel cruz,Chapecoense,exato
2024,Chapecoense,2002928,David,1,,0,0,0,0,0,,0,0,0,0,1,david,Coritiba,"exato, outro clube na base"
2024,Chapecoense,1122967,Eduardo Doma,6,,0,0,0,0,0,,0,0,0,0,6,eduardo doma,Chapecoense,exato
2024,Chapecoense,888385,Foguinho,1,,0,0,0,0,0,,0,0,0,0,1,foguinho,Chapecoense,exato
2024,Chapecoense,82680,Giovanni Augusto,0,,0,0,0,0,0,,0,0,0,0,0,giovanni augusto,Chapecoense,exato
2024,Chapecoense,1167540,Habraão,13,,1,1,1,0,0,,0,0,0,0,13,habraao,Chapecoense,exato
2024,Chapecoense,1474897,Italo,2,,1,1,1,0,0,,0,0,0,0,2,italo,Chapecoense,exato
2024,Chapecoense,1546812,Italo,2,,0,0,0,0,0,,0,0,0,0,2,italo,Chapecoense,exato
2024,Chapecoense,896246,Jenison,1,,0,0,0,0,0,,0,0,0,0,1,jenison,Chapecoense,exato
2024,Chapecoense,1067637,Jhonnathan,2,,1,1,0,0,0,,0,0,0,0,2,jhonnathan,Chapecoense,exato
2024,Chapecoense,867913,João Paulo,4,,1,1,1,0,0,,0,0,0,0,4,joao paulo,Chapecoense,exato
2024,Chapecoense,1108007,Mancha,7,,0,0,0,0,0,,0,0,0,0,7,mancha,Chapecoense,exato
2024,Chapecoense,986868,Marcelinho,9,,1,0,0,0,0,,2,1,0,2,11,marcelinho,Chapecoense,homonimo
2024,Chapecoense,1201986,Marcelinho,1,,0,0,0,0,0,,0,0,0,0,1,marcelinho,Chapecoense,homonimo
2024,Chapecoense,870329,Marcinho,8,,1,0,0,0,0,,1,0,1,1,9,marcinho,Chapecoense,exato
2024,Chapecoense,281187,Marlone,8,,0,0,0,0,0,,0,0,0,0,8,marlone,Chapecoense,exato
2024,Chapecoense,973857,Maílton,14,,0,0,0,0,0,,0,0,0,0,14,mailton,Chapecoense,exato
2024,Chapecoense,870559,Mário Sérgio Pereira,15,,1,1,1,0,0,,0,0,0,0,15,mario sergio,Chapecoense,palavras
2024,Chapecoense,840076,Perotti,3,,1,1,0,0,1,,0,0,0,0,3,perotti,Chapecoense,exato
2024,Chapecoense,1120738,Rafael Carvalheira,8,,0,0,0,0,0,,2,1,1,2,10,rafael carvalheira,Chapecoense,exato
2024,Chapecoense,1650061,Rodrigo Endrio Azevedo Tiago,1,,0,0,0,0,0,,0,0,0,0,1,rodrigo,Chapecoense,palavras
2024,Chapecoense,1470928,Rubens Tadeu,2,,0,0,0,0,0,,1,1,0,1,3,rubens,Chapecoense,palavras
2024,Chapecoense,795019,Rômulo,1,,0,0,0,0,0,,0,0,0,0,1,romulo,CRB,"exato, outro clube na base"
2024,Chapecoense,946791,Tarik,5,,0,0,0,0,0,,0,0,0,0,5,tarik,Chapecoense,exato
2024,Chapecoense,1017879,Thayllon,2,,0,0,0,0,0,,0,0,0,0,2,thayllon,Chapecoense,exato
2024,Chapecoense,221212,Thomás,2,,0,0,0,0,0,,0,0,0,0,2,,,sem casar
2024,Chapecoense,863292,Victor Caetano,2,,1,1,1,0,0,,0,0,0,0,2,victor caetano,Chapecoense,exato
2024,Chapecoense,846362,Walter Clar,2,,0,0,0,0,1,,1,1,0,1,3,w clar,Chapecoense,palavras
2024,Coritiba,1464655,Brandão,4,,0,0,0,0,0,,0,0,0,0,4,brandao,Coritiba,exato
2024,Coritiba,870851,Bruno Melo,10,,2,1,1,0,0,,0,0,0,0,10,bruno melo,Coritiba,exato
2024,Coritiba,1104714,David da Hora,2,,0,0,0,0,0,,0,0,0,0,2,david,Coritiba,palavras
2024,Coritiba,928137,Everton Morelli,4,,0,0,0,0,0,,0,0,0,0,4,everton morelli,Coritiba,exato
2024,Coritiba,1105790,Figueiredo,10,,0,0,0,0,0,,0,0,0,0,10,figueiredo,Coritiba,exato
2024,Coritiba,972373,Jamerson,4,,1,0,1,0,0,,0,0,0,0,4,jamerson,Coritiba,exato
2024,Coritiba,1185449,Jhonny,1,,0,0,0,0,0,,0,0,0,0,1,jhonny,Coritiba,exato
2024,Coritiba,77726,Josué,2,,0,0,0,0,1,,1,1,0,1,3,josue,Coritiba,exato
2024,Coritiba,888376,Júnior Brumado,4,,1,0,1,0,0,,0,0,0,0,4,junior brumado,Coritiba,exato
2024,Coritiba,108485,Leandro Damião,2,,0,0,0,0,0,,0,0,0,0,2,leandro damiao,Coritiba,exato
2024,Coritiba,1172056,Lucas Ronier,18,,1,0,0,0,0,,1,1,0,1,19,lucas ronier,Coritiba,exato
2024,Coritiba,841808,Marcelo Benevenuto,9,,0,0,0,0,0,,0,0,0,0,9,benevenuto,Coritiba,palavras
2024,Coritiba,981746,Matheus Bianqui,1,,0,0,0,0,0,,0,0,0,0,1,matheus bianqui,Coritiba,exato
2024,Coritiba,1005337,Matheus Frizzo,8,,0,0,0,0,4,,0,0,0,0,8,matheus frizzo,Coritiba,exato
2024,Coritiba,583824,Maurício Antônio,7,,0,0,0,0,0,,0,0,0,0,7,mauricio antonio,Coritiba,exato
2024,Coritiba,1046805,Natanael,4,,0,0,0,0,0,,1,1,0,0,5,natanael,Coritiba,exato
2024,Coritiba,850987,Robson,11,,1,0,0,1,1,,1,0,1,0,12,robson,Coritiba,exato
2024,Coritiba,925142,Sebastián Gómez,2,,0,0,0,0,0,,0,0,0,0,2,s gomez,Coritiba,palavras
2024,Coritiba,1111139,Vini Paulista,6,,0,0,0,0,0,,0,0,0,0,6,vini paulista,Coritiba,exato
2024,Coritiba,1106143,Wesley Pomba,2,,0,0,0,0,0,,0,0,0,0,2,wesley pomba,Coritiba,exato
2024,Coritiba,988852,Zé Gabriel,4,,1,1,1,0,0,,0,0,0,0,4,ze gabriel,Coritiba,exato
2024,Coritiba,1618633,Éberth,2,,0,0,0,0,0,,0,0,0,0,2,eberth,Coritiba,exato
2024,Goiás,962371,Aloisio,5,,0,0,0,0,0,,0,0,0,0,5,aloisio,Goiás,exato
2024,Goiás,1018671,Breno Herculano,8,,0,0,0,0,0,,0,0,0,0,8,breno herculano,Goiás,exato
2024,Goiás,46942,David Braz,6,,0,0,0,0,0,,0,0,0,0,6,david braz,Goiás,exato
2024,Goiás,1468270,Diego Caito,2,,0,0,0,0,0,,1,0,1,1,3,diego caito,Goiás,exato
2024,Goiás,1016930,Dieguinho,2,,0,0,0,0,0,,0,0,0,0,2,dieguinho,Goiás,exato
2024,Goiás,1034318,Douglas Silva,3,,0,0,0,0,0,,0,0,0,0,3,,,sem casar
2024,Goiás,578420,Edson,9,,2,2,0,0,0,,0,0,0,0,9,edson,Ponte Preta,"exato, outro clube na base"
2024,Goiás,868864,Edu,4,,1,0,1,0,1,,0,0,0,0,4,edu,Goiás,exato
2024,Goiás,1046496,Ian Luccas,1,,0,0,0,0,0,,0,0,0,0,1,ian luccas,Goiás,exato
2024,Goiás,805288,Jhon Vásquez,1,,0,0,0,0,0,,0,0,0,0,1,jhon vasquez,Goiás,exato
2024,Goiás,1016874,Juninho,1,,0,0,0,0,0,,0,0,0,0,1,juninho,Goiás,exato
2024,Goiás,945578,Lucas Ribeiro,6,,3,1,3,0,0,,0,0,0,0,6,lucas ribeiro,Goiás,exato
2024,Goiás,1015283,Luiz Henrique,4,,0,0,0,0,0,,0,0,0,0,4,luiz henrique,Goiás,exato
2024,Goiás,866754,Marcão Silva,10,,3,1,1,0,0,,0,0,0,0,10,marcao,Goiás,palavras
2024,Goiás,787480,Mateus Gonçalves,2,,0,0,0,0,0,,0,0,0,0,2,mateus goncalves,Goiás,exato
2024,Goiás,839765,Messias,8,,0,0,0,0,0,,1,1,0,0,9,messias,Goiás,exato
2024,Goiás,1174204,Nathan Melo,6,,1,1,0,0,0,,0,0,0,0,6,nathan melo,Goiás,exato
2024,Goiás,1174206,Paulo Baya,17,,1,0,0,0,0,,1,0,1,0,18,paulo baya,Goiás,exato
2024,Goiás,870920,Rafael Gava,8,,0,0,0,0,0,,2,1,1,2,10,rafael gava,Goiás,exato
2024,Goiás,877470,Reynaldo,1,,0,0,0,0,0,,0,0,0,0,1,reynaldo,Goiás,exato
2024,Goiás,1047095,Rildo,1,,0,0,0,0,0,,0,0,0,0,1,rildo,Goiás,exato
2024,Goiás,795014,Sander,6,,1,1,1,0,0,,0,0,0,0,6,sander,Goiás,exato
2024,Goiás,552172,Tadeu,0,,0,0,0,0,4,,0,0,0,0,0,tadeu,Goiás,exato
2024,Goiás,165677,Thiago Galhardo,5,,0,0,0,0,1,,2,1,1,2,7,thiago galhardo,Goiás,exato
2024,Goiás,39396,Wellington,1,,0,0,0,0,0,,0,0,0,0,1,wellington,Goiás,exato
2024,Goiás,989892,Welliton,9,,0,0,0,0,0,,1,1,0,0,10,wellington,Goiás,parecido
2024,Goiás,1176038,Yan Souto,2,,0,0,0,0,0,,0,0,0,0,2,yan souto,Goiás,exato
2024,Goiás,819171,Ángelo Rodríguez,1,,0,0,0,0,0,,0,0,0,0,1,a rodriguez,Goiás,palavras
2024,Guarani,992703,Airton,3,,0,0,0,0,0,,1,0,1,1,4,airton,Guarani,exato
2024,Guarani,870921,Anderson Leite,3,,1,1,0,0,0,,0,0,0,0,3,anderson leite,Guarani,exato
2024,Guarani,795018,Bruno Mendes,2,,0,0,0,0,0,,0,0,0,0,2,bruno mendes,Guarani,exato
2024,Guarani,1095914,Bruno Oliveira,2,,0,0,0,0,0,,0,0,0,0,2,bruno oliveira,Guarani,exato
2024,Guarani,869574,Caio Dantas,11,,0,0,0,0,4,,0,0,0,0,11,caio dantas,Guarani,exato
2024,Guarani,1017022,Chay,1,,0,0,0,0,0,,0,0,0,0,1,chay,CRB,"exato, outro clube na base"
2024,Guarani,553652,Diogo Mateus,3,,0,0,0,0,0,,0,0,0,0,3,diogo mateus,Guarani,exato
2024,Guarani,185233,Douglas,14,,1,1,0,0,0,,0,0,0,0,14,,,sem casar
2024,Guarani,914475,Emerson,2,,0,0,0,0,0,,0,0,0,0,2,emerson,Guarani,exato
2024,Guarani,982557,Gabriel Bispo,13,,0,0,0,0,0,,0,0,0,0,13,gabriel bispo,Guarani,exato
2024,Guarani,76444,Guilherme Camacho,2,,0,0,0,0,0,,0,0,0,0,2,camacho,Guarani,palavras
2024,Guarani,974503,Heitor,11,,1,0,1,0,0,,0,0,0,0,11,heitor,Guarani,exato
2024,Guarani,870891,Jefferson,11,,0,0,0,0,0,,0,0,0,0,11,jefferson,Guarani,exato
2024,Guarani,1016885,João Victor,7,,1,0,1,0,0,,0,0,0,0,7,j victor,Guarani,palavras
2024,Guarani,867919,Lohan,3,,0,0,0,0,0,,0,0,0,0,3,lohan,Guarani,exato
2024,Guarani,1016887,Luan Dias,9,,0,0,0,0,0,,0,0,0,0,9,luan dias,Guarani,exato
2024,Guarani,1175733,Lucas Adell,5,,0,0,0,0,0,,0,0,0,0,5,lucas adell,Guarani,exato
2024,Guarani,914473,Lucas Araujo,1,,0,0,0,0,0,,0,0,0,0,1,lucas araujo,Guarani,exato
2024,Guarani,1463461,Luccas Paraizo Feitosa,1,,0,0,0,0,0,,0,0,0,0,1,luccas paraizo,Guarani,palavras
2024,Guarani,822509,Léo Santos,4,,0,0,0,0,0,,0,0,0,0,4,leo santos,Guarani,exato
2024,Guarani,870922,Marcelinho,1,,0,0,0,0,0,,0,0,0,0,1,marcelinho,Guarani,exato
2024,Guarani,965796,Marlon,3,,0,0,0,0,0,,1,0,1,1,4,marlon,Guarani,exato
2024,Guarani,1645113,Marlon Maranhão,2,,0,0,0,0,0,,0,0,0,0,2,marlon maranhao,Guarani,exato
2024,Guarani,931567,Matheus Bueno,11,,0,0,0,0,0,,0,0,0,0,11,matheus bueno,Guarani,exato
2024,Guarani,866432,Matheus Mancini,1,,0,0,0,0,0,,0,0,0,0,1,matheus mancini,Guarani,exato
2024,Guarani,345789,Matheus Salustiano,7,,2,0,1,1,0,,0,0,0,0,7,matheus salustiano,Guarani,exato
2024,Guarani,330323,Pacheco,2,,0,0,0,0,0,,0,0,0,0,2,pacheco,Guarani,exato
2024,Guarani,1017710,Pierre,2,,0,0,0,0,0,,0,0,0,0,2,pierre,Guarani,exato
2024,Guarani,1430092,Rafael Freitas,1,,0,0,0,0,0,,0,0,0,0,1,rafael freitas,Guarani,exato
2024,Guarani,865323,Rayan,3,,0,0,0,0,0,,0,0,0,0,3,rayan,Guarani,exato
2024,Guarani,981635,Reinaldo,1,,0,0,0,0,0,,0,0,0,0,1,reinaldo,Guarani,exato
2024,Guarani,1465212,Yan Henrique,1,,0,0,0,0,0,,0,0,0,0,1,yan,Guarani,palavras
2024,Ituano,942083,Alvaro,1,,0,0,0,0,0,,0,0,0,0,1,alvaro,Ituano,exato
2024,Ituano,828959,Bruno Alves,1,,0,0,0,0,0,,0,0,0,0,1,bruno alves,Ituano,exato
2024,Ituano,901455,Bruno Xavier,10,,1,0,1,0,0,,0,0,0,0,10,bruno xavier,Ituano,exato
2024,Ituano,866864,Claudinho,6,,0,0,0,0,0,,1,1,0,0,7,claudinho,Ituano,exato
2024,Ituano,870325,Eduardo Diniz,2,,0,0,0,0,1,,0,0,0,0,2,eduardo diniz,Ituano,exato
2024,Ituano,938482,Eduardo Person,3,,0,0,0,0,0,,0,0,0,0,3,eduardo person,Ituano,exato
2024,Ituano,243543,Guilherme Lazaroni,4,,0,0,0,0,0,,0,0,0,0,4,guilherme lazaroni,Ituano,exato
2024,Ituano,1645838,Guilherme Mariano,4,,0,0,0,0,0,,0,0,0,0,4,guilherme mariano,Ituano,exato
2024,Ituano,988851,José Aldo,9,,2,0,1,0,2,,1,1,0,1,10,jose aldo,Ituano,exato
2024,Ituano,1462654,João Carlos,1,,0,0,0,0,0,,0,0,0,0,1,joao carlos,Ituano,exato
2024,Ituano,1498671,Kauan Richard,1,,0,0,0,0,0,,0,0,0,0,1,richard,Ituano,palavras
2024,Ituano,1473262,Leozinho,3,,0,0,0,0,0,,0,0,0,0,3,leozinho,Ituano,exato
2024,Ituano,1017589,Léo Duarte,1,,0,0,0,0,0,,0,0,0,0,1,leo duarte,Ituano,exato
2024,Ituano,1176157,Léo Oliveira,7,,0,0,0,0,0,,0,0,0,0,7,leo oliveira,Ituano,exato
2024,Ituano,870692,Marcel,1,,0,0,0,0,0,,0,0,0,0,1,,,sem casar
2024,Ituano,840148,Marcinho,13,,0,0,0,0,0,,0,0,0,0,13,marcinho,Ituano,exato
2024,Ituano,1645760,Marlon Cavalcanti,1,,0,0,0,0,0,,0,0,0,0,1,,,sem casar
2024,Ituano,1172986,Miqueias,10,,0,0,0,0,0,,0,0,0,0,10,miqueias,Ituano,exato
2024,Ituano,79097,Neto Berola,3,,0,0,0,0,0,,0,0,0,0,3,neto berola,Ituano,exato
2024,Ituano,557000,Rodrigo,1,,0,0,0,0,0,,0,0,0,0,1,rodrigo,Ituano,exato
2024,Ituano,973885,Salatiel,5,,1,1,1,0,1,,0,0,0,0,5,salatiel,Ituano,exato
2024,Ituano,923836,Thonny Anderson,10,,0,0,0,0,0,,1,0,0,0,11,thonny anderson,Ituano,exato
2024,Ituano,1892044,Victor Reis,1,,0,0,0,0,0,,0,0,0,0,1,victor reis,Ituano,exato
2024,Ituano,990160,Vinicius Paiva,3,,0,0,0,0,0,,0,0,0,0,3,vinicius paiva,Ituano,exato
2024,Ituano,938612,Wálber,5,,1,0,1,0,0,,0,0,0,0,5,walber,Ituano,exato
2024,Ituano,927216,Xavier,2,,0,0,0,0,0,,0,0,0,0,2,xavier,Ituano,exato
2024,Ituano,592022,Yann Rollim,3,,0,0,0,0,0,,0,0,0,0,3,yann rolim,Ituano,parecido
2024,Ituano,1016911,Zé Eduardo,1,,0,0,0,0,0,,0,0,0,0,1,ze eduardo,Ituano,exato
2024,Mirassol,335187,Alex Silva,1,,1,1,1,0,0,,0,0,0,0,1,alex silva,Mirassol,exato
2024,Mirassol,924131,Bruno Matias,1,,0,0,0,0,0,,0,0,0,0,1,bruno matias,Mirassol,exato
2024,Mirassol,880132,Chico,4,,1,0,0,1,0,,0,0,0,0,4,chico,Sport,"exato, outro clube na base"
2024,Mirassol,1148306,Cristian Renato,1,,0,0,0,0,0,,0,0,0,0,1,cristian renato,Mirassol,exato
2024,Mirassol,356514,Danielzinho,14,,2,0,0,2,0,,1,0,1,1,15,danielzinho,Mirassol,exato
2024,Mirassol,166503,Dellatorre,13,,3,1,2,0,1,,0,0,0,0,13,dellatorre,Mirassol,exato
2024,Mirassol,344077,Diego Gonçalves,1,,0,0,0,0,0,,0,0,0,0,1,diego goncalves,Mirassol,exato
2024,Mirassol,1086464,Diego Quirino,2,,0,0,0,0,0,,0,0,0,0,2,quirino,Mirassol,palavras
2024,Mirassol,871219,Fernandinho,9,,0,0,0,0,0,,1,1,0,1,10,fernandinho,Mirassol,exato
2024,Mirassol,243459,Gabriel Santana,5,,0,0,0,0,2,,0,0,0,0,5,gabriel,Mirassol,palavras
2024,Mirassol,922628,Isaque,3,,0,0,0,0,0,,0,0,0,0,3,isaque,Mirassol,exato
2024,Mirassol,795020,Iury Castilho,2,,0,0,0,0,0,,0,0,0,0,2,iury,Mirassol,palavras
2024,Mirassol,863297,João Victor,10,,1,1,0,0,0,,1,0,1,0,11,joao victor,Mirassol,exato
2024,Mirassol,1103705,Lucas Gazal,6,,0,0,0,0,0,,0,0,0,0,6,lucas gazal,Mirassol,exato
2024,Mirassol,797225,Lucas Ramon,6,,1,1,1,0,0,,0,0,0,0,6,lucas ramon,Mirassol,exato
2024,Mirassol,874778,Luiz Otávio,22,,3,2,2,0,0,,1,1,0,0,23,luiz otavio,Mirassol,exato
2024,Mirassol,808786,Léo Gamalho,1,,0,0,0,0,1,,0,0,0,0,1,leo gamalho,Mirassol,exato
2024,Mirassol,872007,Negueba,5,,0,0,0,0,0,,0,0,0,0,5,negueba,Mirassol,exato
2024,Mirassol,559034,Neto Moura,2,,0,0,0,0,0,,0,0,0,0,2,neto moura,Mirassol,exato
2024,Mirassol,986945,Warley,3,,0,0,0,0,0,,0,0,0,0,3,warley,Mirassol,exato
2024,Mirassol,555454,Zeca,9,,0,0,0,0,0,,4,3,1,4,13,zeca,Mirassol,exato
2024,Novorizontino,329107,César Martins,4,,1,0,1,0,0,,0,0,0,0,4,cesar martins,Novorizontino,exato
2024,Novorizontino,551576,Danilo Barcelos,2,,0,0,0,0,0,,2,2,0,2,4,danilo barcelos,Novorizontino,exato
2024,Novorizontino,1124220,Dudu,1,,0,0,0,0,0,,0,0,0,0,1,dudu,Novorizontino,exato
2024,Novorizontino,870800,Eduardo Biasi,3,,0,0,0,0,0,,0,0,0,0,3,eduardo,Novorizontino,palavras
2024,Novorizontino,1128767,Fabrício Daniel,10,,0,0,0,0,1,,1,0,1,1,11,fabricio daniel,Novorizontino,exato
2024,Novorizontino,871172,Geovane,7,,0,0,0,0,0,,0,0,0,0,7,geovane,Novorizontino,exato
2024,Novorizontino,1009030,Igor Formiga,1,,0,0,0,0,0,,0,0,0,0,1,igor formiga,Novorizontino,exato
2024,Novorizontino,1139528,Lucas Cardoso,2,,0,0,0,0,0,,0,0,0,0,2,lucas cardoso,Novorizontino,exato
2024,Novorizontino,329235,Lucca,5,,1,1,1,0,0,,0,0,0,0,5,lucca,Novorizontino,exato
2024,Novorizontino,1467379,Luis Fellipe,9,,3,3,3,0,0,,0,0,0,0,9,,,sem casar
2024,Novorizontino,965313,Léo Tocantins,1,,0,0,0,0,0,,0,0,0,0,1,leo tocantins,Novorizontino,exato
2024,Novorizontino,866574,Marlon,6,,0,0,0,0,1,,1,1,0,1,7,marlon,Novorizontino,exato
2024,Novorizontino,925860,Neto Pessoa,7,,0,0,0,0,0,,0,0,0,0,7,n pessoa,Novorizontino,palavras
2024,Novorizontino,992025,Neto Pessoa,11,,2,2,2,0,0,,1,1,0,1,12,n pessoa,Novorizontino,palavras
2024,Novorizontino,550248,Pablo Dyego,4,,0,0,0,0,0,,0,0,0,0,4,pablo dyego,Novorizontino,exato
2024,Novorizontino,1148340,Patrick,8,,1,1,1,0,0,,0,0,0,0,8,patrick,Novorizontino,exato
2024,Novorizontino,881153,Paulo Vitor,2,,0,0,0,0,0,,0,0,0,0,2,paulo vitor,Novorizontino,exato
2024,Novorizontino,243379,Rafael Donato,27,,2,2,1,0,0,,0,0,0,0,27,rafael donato,Novorizontino,exato
2024,Novorizontino,870934,Raul Prata,3,,0,0,0,0,0,,0,0,0,0,3,raul prata,Novorizontino,exato
2024,Novorizontino,872383,Renato Silveira,8,,1,1,0,0,0,,0,0,0,0,8,,,sem casar
2024,Novorizontino,865380,Reverson,2,,0,0,0,0,0,,1,1,0,1,3,reverson,Novorizontino,exato
2024,Novorizontino,870333,Rodolfo,4,,0,0,0,0,1,,1,0,0,1,5,rodolfo,Novorizontino,exato
2024,Novorizontino,804765,Rodrigo Soares,7,,0,0,0,0,0,,4,3,1,4,11,rodrigo soares,Novorizontino,exato
2024,Novorizontino,924251,Waguininho,14,,2,2,1,0,0,,0,0,0,0,14,waguininho,Novorizontino,exato
2024,Novorizontino,243239,Willian Farias,6,,0,0,0,0,0,,0,0,0,0,6,willian farias,Novorizontino,exato
2024,Operário-PR,551314,Alemão,2,,0,0,0,0,0,,0,0,0,0,2,,,sem casar
2024,Operário-PR,307894,Cássio Gabriel,2,,0,0,0,0,0,,0,0,0,0,2,cassio,Operário-PR,palavras
2024,Operário-PR,1175667,Daniel Alves,4,,0,0,0,0,0,,0,0,0,0,4,,,sem casar
2024,Operário-PR,1167524,Daniel Lima,2,,0,0,0,0,0,,0,0,0,0,2,daniel lima,Operário-PR,exato
2024,Operário-PR,1116336,Eduardo Scheit,1,,0,0,0,0,0,,0,0,0,0,1,,,sem casar
2024,Operário-PR,847089,Felipe Augusto,6,,0,0,0,0,0,,0,0,0,0,6,felipe augusto,Operário-PR,exato
2024,Operário-PR,358540,Gabriel Boschilia,12,,1,0,0,1,1,,0,0,0,0,12,boschilia,Operário-PR,palavras
2024,Operário-PR,1463925,Gabriel Feliciano,1,,0,0,0,0,0,,0,0,0,0,1,gabriel feliciano,Operário-PR,exato
2024,Operário-PR,880204,Jacy Maranhão,7,,0,0,0,0,0,,0,0,0,0,7,jacy,Operário-PR,palavras
2024,Operário-PR,981442,Joseph,5,,0,0,0,0,0,,0,0,0,0,5,joseph,Operário-PR,exato
2024,Operário-PR,986884,Lucas Hipólito,3,,0,0,0,0,0,,0,0,0,0,3,lucas hipolito,Operário-PR,exato
2024,Operário-PR,329027,Marcelo Cirino,1,,0,0,0,0,0,,0,0,0,0,1,marcelo cirino,Operário-PR,exato
2024,Operário-PR,880134,Maxwell,13,,0,0,0,0,1,,0,0,0,0,13,maxwell,Operário-PR,exato
2024,Operário-PR,934638,Nathan Fogaça,4,,2,0,1,1,0,,0,0,0,0,4,nathan fogaca,Operário-PR,exato
2024,Operário-PR,870342,Paraíba,1,,0,0,0,0,0,,0,0,0,0,1,,,sem casar
2024,Operário-PR,552188,Pará,8,,0,0,0,0,0,,0,0,0,0,8,para,Operário-PR,exato
2024,Operário-PR,1104816,Pedro Lucas,5,,0,0,0,0,0,,0,0,0,0,5,pedro lucas,Operário-PR,exato
2024,Operário-PR,840279,Rafael Oller,1,,0,0,0,0,0,,0,0,0,0,1,rafael oller,Operário-PR,exato
2024,Operário-PR,343683,Rodrigo Lindoso,1,,0,0,0,0,0,,0,0,0,0,1,r lindoso,Operário-PR,palavras
2024,Operário-PR,954327,Rodrigo Rodrigues,7,,0,0,0,0,0,,0,0,0,0,7,rodrigo rodrigues,Operário-PR,exato
2024,Operário-PR,923057,Ronald,4,,1,0,0,0,0,,1,1,0,1,5,ronald,Operário-PR,exato
2024,Operário-PR,1003060,Santiago Ocampos,1,,0,0,0,0,0,,0,0,0,0,1,s ocampos,Operário-PR,palavras
2024,Operário-PR,1652832,Vinicius Diniz,0,,0,0,0,0,0,,1,0,1,0,1,vinicius diniz,Operário-PR,exato
2024,Operário-PR,989407,Vinicius Mingotti,3,,1,0,1,0,0,,0,0,0,0,3,vinicius mingotti,Operário-PR,exato
2024,Operário-PR,1148464,Vinícius Diniz,10,,0,0,0,0,0,,0,0,0,0,10,vinicius diniz,Operário-PR,exato
2024,Operário-PR,925871,Willian Machado,19,,2,1,1,0,0,,0,0,0,0,19,willian machado,Operário-PR,exato
2024,Operário-PR,981621,Índio,2,,0,0,0,0,0,,0,0,0,0,2,indio,Operário-PR,exato
2024,Paysandu,983526,Benjamín Borasi,4,,1,0,1,0,0,,0,0,0,0,4,b borasi,Paysandu,palavras
2024,Paysandu,1383112,Biel Fonseca,1,,0,0,0,0,0,,0,0,0,0,1,biel,Paysandu,palavras
2024,Paysandu,1109888,Brendon Valenca Sobral,1,,0,0,0,0,0,,0,0,0,0,1,brendon,Paysandu,palavras
2024,Paysandu,882748,Bryan Borges,6,,0,0,0,0,0,,1,1,0,0,7,bryan,Paysandu,palavras
2024,Paysandu,1179313,Carlos Maia,1,,0,0,0,0,0,,0,0,0,0,1,carlos maia,Paysandu,exato
2024,Paysandu,1022676,Carlão,2,,0,0,0,0,0,,0,0,0,0,2,carlao,Paysandu,exato
2024,Paysandu,865404,Edinho,2,,0,0,0,0,0,,0,0,0,0,2,edinho,Paysandu,exato
2024,Paysandu,993066,Edílson Júnior,2,,0,0,0,0,0,,0,0,0,0,2,edilson,Paysandu,palavras
2024,Paysandu,1019977,Esli García,9,,1,0,0,1,0,,0,0,0,0,9,e garcia,Paysandu,palavras
2024,Paysandu,1047201,Jean Dias,2,,0,0,0,0,0,,1,0,1,1,3,jean dias,Paysandu,exato
2024,Paysandu,1046490,João Vieira,4,,0,0,0,0,3,,0,0,0,0,4,joao vieira,Paysandu,exato
2024,Paysandu,158411,Juan Cazares,6,,0,0,0,0,0,,1,0,1,0,7,j cazares,Paysandu,parecido
2024,Paysandu,1474281,Juninho,1,,0,0,0,0,0,,0,0,0,0,1,juninho,Paysandu,exato
2024,Paysandu,931758,Kevyn,5,,0,0,0,0,0,,0,0,0,0,5,kevyn,Paysandu,exato
2024,Paysandu,871013,Leandro Vilela,7,,0,0,0,0,0,,0,0,0,0,7,leandro vilela,Paysandu,exato
2024,Paysandu,986064,Luan Freitas,4,,1,1,1,0,0,,0,0,0,0,4,luan freitas,Paysandu,exato
2024,Paysandu,1016889,Lucas Maia,14,,2,1,1,0,0,,0,0,0,0,14,lucas maia,Paysandu,exato
2024,Paysandu,852556,Matheus Trindade,5,,0,0,0,0,0,,0,0,0,0,5,matheus trindade,Paysandu,exato
2024,Paysandu,1010635,Netinho,14,,0,0,0,0,0,,1,0,1,1,15,netinho,Paysandu,exato
2024,Paysandu,866564,Nicolas,14,,1,1,0,0,0,,0,0,0,0,14,nicolas,Paysandu,exato
2024,Paysandu,912781,Paulinho Bóia,5,,1,0,0,0,0,,1,1,0,1,6,paulinho boia,Paysandu,exato
2024,Paysandu,1090424,Robinho,1,,0,0,0,0,0,,1,1,0,1,2,robinho,Paysandu,exato
2024,Paysandu,1067642,Ruan,2,,0,0,0,0,0,,0,0,0,0,2,,,sem casar
2024,Paysandu,871681,Val Soares,6,,0,0,0,0,0,,0,0,0,0,6,val soares,Paysandu,exato
2024,Paysandu,871476,Wanderson,7,,0,0,0,0,0,,0,0,0,0,7,wanderson,Paysandu,exato
2024,Paysandu,846309,Yefferson Quintana,10,,1,1,0,0,0,,0,0,0,0,10,y quintana,Paysandu,palavras
2024,Paysandu,351432,Yony González,2,,0,0,0,0,0,,0,0,0,0,2,y gonzalez,Paysandu,parecido
2024,Ponte Preta,1587716,Castro,13,,1,1,1,0,0,,0,0,0,0,13,castro,Ponte Preta,exato
2024,Ponte Preta,1018871,Dodô,9,,1,0,0,1,1,,0,0,0,0,9,dodo,Ponte Preta,exato
2024,Ponte Preta,870270,Dudu Vieira,3,,0,0,0,0,0,,0,0,0,0,3,dudu vieira,Ponte Preta,exato
2024,Ponte Preta,156028,Elvis,10,,1,0,0,1,2,,3,2,1,3,13,elvis,Ponte Preta,exato
2024,Ponte Preta,244087,Emerson Santos,7,,0,0,0,0,0,,0,0,0,0,7,emerson santos,Ponte Preta,homonimo
2024,Ponte Preta,844015,Emerson Santos,1,,0,0,0,0,0,,0,0,0,0,1,emerson santos,Ponte Preta,homonimo
2024,Ponte Preta,1093892,Everton,2,,0,0,0,0,0,,0,0,0,0,2,everton,Vila Nova,"exato, outro clube na base"
2024,Ponte Preta,882854,Gabriel Novaes,8,,0,0,0,0,0,,0,0,0,0,8,gabriel novaes,Ponte Preta,exato
2024,Ponte Preta,869620,Gabriel Risso Patrón,3,,0,0,0,0,0,,0,0,0,0,3,g risso,Ponte Preta,palavras
2024,Ponte Preta,865377,Heitor Roca,1,,0,0,0,0,0,,0,0,0,0,1,heitor roca,Ponte Preta,exato
2024,Ponte Preta,841878,Iago Dias,3,,0,0,0,0,0,,0,0,0,0,3,iago dias,Ponte Preta,exato
2024,Ponte Preta,1017027,Igor,7,,1,0,1,0,0,,0,0,0,0,7,,,sem casar
2024,Ponte Preta,1145122,Igor Inocencio,0,,0,0,0,0,0,,2,1,0,1,2,igor inocencio,Ponte Preta,exato
2024,Ponte Preta,981623,Jean Carlos,1,,0,0,0,0,0,,0,0,0,0,1,jean carlos,Ponte Preta,exato
2024,Ponte Preta,1464661,Jeh,12,,4,3,2,0,0,,0,0,0,0,12,jeh,Ponte Preta,exato
2024,Ponte Preta,329085,Joilson,8,,1,0,1,0,0,,0,0,0,0,8,joilson,Ponte Preta,exato
2024,Ponte Preta,876304,Luis Haquín,1,,0,0,0,0,0,,0,0,0,0,1,l haquin,Ponte Preta,palavras
2024,Ponte Preta,1111235,Luiz Felipe,0,,0,0,0,0,0,,1,1,0,1,1,luiz felipe,Ponte Preta,exato
2024,Ponte Preta,870300,Mateus Silva,7,,1,1,1,0,0,,0,0,0,0,7,mateus silva,Ponte Preta,exato
2024,Ponte Preta,1067451,Matheus Régis,10,,0,0,0,0,0,,1,1,0,1,11,matheus regis,Ponte Preta,exato
2024,Ponte Preta,254475,Nilson Junior,1,,0,0,0,0,0,,0,0,0,0,1,nilson junior,Ponte Preta,exato
2024,Ponte Preta,243111,Renato,2,,0,0,0,0,0,,0,0,0,0,2,renato,Ponte Preta,exato
2024,Ponte Preta,975553,Sergio Raphael,6,,1,1,1,0,0,,0,0,0,0,6,sergio raphael,Ponte Preta,exato
2024,Ponte Preta,1461997,Venicius,1,,0,0,0,0,0,,0,0,0,0,1,venicius,Ponte Preta,exato
2024,Santos,584432,Aderlan,1,,0,0,0,0,0,,0,0,0,0,1,aderlan,Santos,exato
2024,Santos,831085,Alfredo Morelos,2,,0,0,0,0,0,,0,0,0,0,2,a morelos,Santos,palavras
2024,Santos,866417,Diego Pituca,7,,0,0,0,0,0,,0,0,0,0,7,diego pituca,Santos,exato
2024,Santos,106402,Gil,17,,1,1,1,0,0,,0,0,0,0,17,gil,Santos,exato
2024,Santos,90862,Giuliano,8,,1,0,0,0,1,,0,0,0,0,8,giuliano,Santos,exato
2024,Santos,840500,Gonzalo Escobar,4,,0,0,0,0,0,,0,0,0,0,4,gonzalo escobar,Santos,exato
2024,Santos,844605,Guilherme,13,,2,0,0,1,1,,1,1,0,1,14,guilherme,Santos,exato
2024,Santos,948004,Ignacio Laquintana,3,,0,0,0,0,0,,0,0,0,0,3,ignacio laquintana,Santos,exato
2024,Santos,1170722,Jair,3,,0,0,0,0,0,,0,0,0,0,3,,,sem casar
2024,Santos,1047740,Joaquim,12,,1,0,1,0,0,,0,0,0,0,12,joaquim,Santos,exato
2024,Santos,850955,João Basso,4,,2,0,1,0,0,,1,0,1,1,5,joao basso,Santos,exato
2024,Santos,1482361,João Pedro Chermont,2,,1,0,1,0,0,,1,0,0,0,3,joao pedro chermont,Santos,exato
2024,Santos,244591,João Schmidt,8,,0,0,0,0,0,,0,0,0,0,8,joao schmidt,Santos,exato
2024,Santos,158411,Juan Cazares,2,,0,0,0,0,0,,0,0,0,0,2,,,sem casar
2024,Santos,787551,Julio Furch,4,,0,0,0,0,1,,0,0,0,0,4,julio furch,Santos,exato
2024,Santos,842098,Luan Peres,5,,1,1,1,0,0,,0,0,0,0,5,luan peres,Santos,exato
2024,Santos,896248,Pedrinho,2,,1,1,0,0,0,,0,0,0,0,2,pedrinho,Santos,exato
2024,Santos,1048150,Rodrigo Ferreira,4,,0,0,0,0,0,,0,0,0,0,4,rodrigo ferreira,Santos,exato
2024,Santos,845323,Rómulo Otero,31,,3,0,0,3,0,,2,1,1,2,33,romulo otero,Santos,exato
2024,Santos,325357,Serginho,7,,0,0,0,0,0,,0,0,0,0,7,serginho,Santos,exato
2024,Santos,1482340,Souza,0,,0,0,0,0,0,,1,1,0,1,1,souza,Santos,exato
2024,Santos,937265,Wendel,6,,2,1,1,0,0,,1,1,0,0,7,,,sem casar
2024,Santos,1148468,Weslley Patati,3,,0,0,0,0,0,,1,1,0,0,4,weslley patati,Santos,exato
2024,Santos,146308,Willian Bigode,4,,2,1,1,0,0,,0,0,0,0,4,willian,Santos,palavras
2024,Sport,158255,Alan Ruiz,4,,1,0,0,1,0,,0,0,0,0,4,a ruiz,Sport,palavras
2024,Sport,983861,Alisson Cassiano,5,,0,0,0,0,0,,0,0,0,0,5,alisson cassiano,Sport,exato
2024,Sport,877904,Chico,11,,1,0,1,0,0,,1,1,0,0,12,chico,Sport,exato
2024,Sport,293235,Christian Ortíz,15,,0,0,0,0,0,,2,2,0,1,17,c ortiz,Sport,palavras
2024,Sport,1035765,Chrystian Barletta,8,,1,1,1,0,0,,2,0,2,1,10,chrystian barletta,Sport,exato
2024,Sport,385386,Dalbert,4,,0,0,0,0,0,,0,0,0,0,4,dalbert,Sport,exato
2024,Sport,795254,Fabinho,3,,0,0,0,0,0,,0,0,0,0,3,fabinho,Sport,exato
2024,Sport,1467723,Fabio Matheus,1,,0,0,0,0,0,,1,1,0,0,2,fabio matheus,Sport,exato
2024,Sport,939934,Fabricio Domínguez,9,,1,1,1,0,0,,0,0,0,0,9,f dominguez,Sport,palavras
2024,Sport,870853,Felipe,8,,0,0,0,0,0,,0,0,0,0,8,felipe,Sport,exato
2024,Sport,1048276,Felipinho,3,,0,0,0,0,0,,1,0,1,1,4,felipinho,Sport,exato
2024,Sport,981595,Gustavo Coutinho,15,,0,0,0,0,2,,0,0,0,0,15,gustavo coutinho,Sport,exato
2024,Sport,329597,Helibelton Palacios,1,,0,0,0,0,0,,0,0,0,0,1,helibelton palacios,Sport,exato
2024,Sport,874195,Igor Cariús,3,,0,0,0,0,0,,0,0,0,0,3,igor carius,Sport,exato
2024,Sport,334027,Julián Fernández,5,,0,0,0,0,0,,0,0,0,0,5,j fernandez,Sport,palavras
2024,Sport,244589,Lucas Lima,8,,0,0,0,0,1,,1,1,0,1,9,lucas lima,Sport,exato
2024,Sport,845110,Luciano Castan,7,,1,1,0,0,0,,0,0,0,0,7,luciano castan,Sport,exato
2024,Sport,1597270,Pedro Lima,1,,0,0,0,0,0,,0,0,0,0,1,pedro lima,Sport,exato
2024,Sport,354894,Rafael Thyere,6,,2,0,2,0,0,,0,0,0,0,6,rafael thyere,Sport,exato
2024,Sport,1110657,Vinni Faria,1,,0,0,0,0,0,,0,0,0,0,1,,,sem casar
2024,Sport,121264,Wellington Silva,3,,1,0,1,0,0,,0,0,0,0,3,wellington silva,Sport,exato
2024,Sport,842076,Zé Roberto,5,,2,1,0,0,3,,0,0,0,0,5,ze roberto,Sport,exato
2024,Vila Nova,871015,Alesson,8,,1,1,1,0,3,,0,0,0,0,8,alesson,Vila Nova,exato
2024,Vila Nova,243513,Anderson Conceição,1,,0,0,0,0,0,,0,0,0,0,1,anderson conceicao,Vila Nova,exato
2024,Vila Nova,33119,Apodi,1,,0,0,0,0,0,,1,1,0,0,2,apodi,Vila Nova,exato
2024,Vila Nova,922580,Arilson,3,,0,0,0,0,0,,0,0,0,0,3,arilson,Vila Nova,exato
2024,Vila Nova,1021866,Cristiano,8,,0,0,0,0,0,,0,0,0,0,8,cristiano,Vila Nova,exato
2024,Vila Nova,349536,Dankler,2,,0,0,0,0,0,,0,0,0,0,2,dankler,Vila Nova,exato
2024,Vila Nova,876202,Elias,5,,1,1,0,0,0,,0,0,0,0,5,elias,Vila Nova,exato
2024,Vila Nova,1105974,Emerson Urso,3,,0,0,0,0,0,,0,0,0,0,3,emerson urso,Vila Nova,exato
2024,Vila Nova,1640518,Eric,3,,0,0,0,0,0,,0,0,0,0,3,eric,Ceará,"exato, outro clube na base"
2024,Vila Nova,981440,Gabriel Santos Silva,2,,0,0,0,0,0,,0,0,0,0,2,gabriel silva,Vila Nova,palavras
2024,Vila Nova,1177383,Geovane,2,,0,0,0,0,0,,0,0,0,0,2,geovane,Vila Nova,exato
2024,Vila Nova,39402,Henrique Almeida,5,,1,0,1,0,0,,0,0,0,0,5,henrique almeida,Vila Nova,exato
2024,Vila Nova,865400,Igor Henrique,12,,1,1,1,0,0,,0,0,0,0,12,igor henrique,Vila Nova,exato
2024,Vila Nova,1527129,Jemmes,9,,2,2,2,0,0,,0,0,0,0,9,jemmes,Vila Nova,exato
2024,Vila Nova,1126214,João Lucas,2,,0,0,0,0,0,,0,0,0,0,2,joao lucas,Vila Nova,exato
2024,Vila Nova,1465222,João Vitor,8,,0,0,0,0,0,,0,0,0,0,8,joao vitor,Vila Nova,exato
2024,Vila Nova,1412631,Juan Christian,3,,0,0,0,0,0,,0,0,0,0,3,juan christian,Vila Nova,exato
2024,Vila Nova,589394,Juan Quintero,1,,0,0,0,0,0,,0,0,0,0,1,j quintero,Vila Nova,parecido
2024,Vila Nova,987089,Luciano Naninho,2,,0,0,0,0,0,,2,2,0,2,4,luciano naninho,Vila Nova,exato
2024,Vila Nova,105046,Ralf,1,,0,0,0,0,0,,0,0,0,0,1,ralf,Vila Nova,exato
2024,Vila Nova,1016904,Rhuan,7,,0,0,0,0,0,,0,0,0,0,7,rhuan,Vila Nova,exato
2024,Vila Nova,1470187,Rian Pacheco,1,,0,0,0,0,0,,0,0,0,0,1,rian,Vila Nova,palavras
2024,Vila Nova,840248,Roberto,2,,0,0,0,0,0,,1,1,0,1,3,roberto,Vila Nova,exato
2024,Vila Nova,1416498,Ruan Santos,1,,0,0,0,0,0,,0,0,0,0,1,ruan santos,Vila Nova,exato
2024,Vila Nova,880215,Todinho,3,,1,0,0,0,0,,0,0,0,0,3,,,sem casar
2024,Vila Nova,1117608,Vanderley,1,,0,0,0,0,0,,0,0,0,0,1,vanderley,Vila Nova,exato
2024,Vila Nova,1175242,Vitor Graziani,1,,0,0,0,0,0,,0,0,0,0,1,vitor graziani,Vila Nova,exato
2024,Vila Nova,159935,Éric Davis,3,,1,0,0,1,0,,1,1,0,1,4,eric davis,Vila Nova,exato
2025,Amazonas,1066548,Alexis Alvarino,6,0.38,0,0,0,0,0,0.29,0,0,0,0,6,alexis alvarino,Amazonas,exato
2025,Amazonas,931484,Alyson,2,0.16,0,0,0,0,0,0.11,0,0,0,0,2,alyson,Amazonas,exato
2025,Amazonas,780440,Bruno Ramires,2,0.06,0,0,0,0,0,0.06,0,0,0,0,2,bruno ramires,Amazonas,exato
2025,Amazonas,284179,Carlos Akapo,1,0.06,0,0,0,0,0,0.0,0,0,0,0,1,carlos akapo,Amazonas,exato
2025,Amazonas,1010852,Diego Torres,3,0.07,0,0,0,0,0,0.0,0,0,0,0,3,d torres,Amazonas,palavras
2025,Amazonas,833435,Diego Zabala,3,0.12,0,0,0,0,0,0.0,3,2,1,3,6,diego zabala,Amazonas,exato
2025,Amazonas,1176195,Diogo Carlos Santos,1,0.01,0,0,0,0,0,0.0,0,0,0,0,1,diogo carlos,Amazonas,palavras
2025,Amazonas,927606,Eliton Júnior,3,0.15,0,0,0,0,0,0.0,0,0,0,0,3,eliton junior,Amazonas,exato
2025,Amazonas,872011,Erick Varão,3,0.07,0,0,0,0,0,0.01,0,0,0,0,3,erick varao,Amazonas,exato
2025,Amazonas,870696,Fabiano,9,0.71,0,0,0,0,0,0.59,0,0,0,0,9,fabiano,Amazonas,exato
2025,Amazonas,1395018,Gabriel Domingos,4,0.42,0,0,0,0,0,0.36,0,0,0,0,4,gabriel domingos,Amazonas,exato
2025,Amazonas,882854,Gabriel Novaes,1,0.01,0,0,0,0,0,0.01,0,0,0,0,1,gabriel novaes,Amazonas,exato
2025,Amazonas,39402,Henrique Almeida,15,1.22,1,0,0,1,0,0.12,0,0,0,0,15,henrique almeida,Amazonas,exato
2025,Amazonas,1177363,Iverton,2,0.03,0,0,0,0,0,0.03,0,0,0,0,2,iverton,Amazonas,exato
2025,Amazonas,243621,Jackson,9,0.82,2,2,1,0,0,0.76,0,0,0,0,9,jackson,Amazonas,exato
2025,Amazonas,830671,Joaquín Torres,8,0.23,0,0,0,0,0,0.0,1,1,0,1,9,j torres,Amazonas,palavras
2025,Amazonas,789931,Kevin Ramírez,20,1.21,2,0,1,0,1,0.44,0,0,0,0,20,kevin ramirez,Amazonas,exato
2025,Amazonas,820057,Larry Vásquez,2,0.13,0,0,0,0,0,0.0,0,0,0,0,2,larry vasquez,Amazonas,exato
2025,Amazonas,1114095,Luan Silva,12,1.87,1,1,1,0,2,1.45,0,0,0,0,12,luan silva,Amazonas,exato
2025,Amazonas,1001103,Luquinha,1,0.01,0,0,0,0,0,0.0,0,0,0,0,1,luquinhas,Amazonas,parecido
2025,Amazonas,992498,Léo Coelho,7,0.78,1,1,1,0,0,0.76,0,0,0,0,7,leo coelho,Amazonas,exato
2025,Amazonas,895321,Nicolás Linares,2,0.05,0,0,0,0,0,0.02,0,0,0,0,2,n linares,Amazonas,palavras
2025,Amazonas,833742,Nilson Castrillón,6,0.29,0,0,0,0,0,0.11,0,0,0,0,6,n castrillon,Amazonas,palavras
2025,Amazonas,1485293,Rafael Monteiro,1,0.02,0,0,0,0,0,0.0,1,1,0,0,2,rafael monteiro,Amazonas,exato
2025,Amazonas,937943,Rafael Tavares,12,0.61,0,0,0,0,0,0.09,0,0,0,0,12,rafael tavares,Amazonas,exato
2025,Amazonas,870642,Rafael Vitor,4,0.11,0,0,0,0,0,0.04,0,0,0,0,4,rafael vitor,Amazonas,exato
2025,Amazonas,1019462,Robertinho,3,0.06,0,0,0,0,0,0.02,0,0,0,0,3,robertinho,Amazonas,exato
2025,Amazonas,1105305,Rodrigo Varanda,1,0.03,0,0,0,0,0,0.0,0,0,0,0,1,rodrigo varanda,Amazonas,exato
2025,Amazonas,877509,Santiago Viera,1,0.02,0,0,0,0,0,0.0,0,0,0,0,1,s viera,Amazonas,palavras
2025,Amazonas,1117180,Thomas Luciano,1,0.01,0,0,0,0,0,0.0,0,0,0,0,1,thomas luciano,Amazonas,exato
2025,Amazonas,804360,Wellington Nascimento,1,0.03,0,0,0,0,0,0.03,0,0,0,0,1,wellington,Amazonas,palavras
2025,Amazonas,839773,Xavier,4,0.12,0,0,0,0,0,0.0,0,0,0,0,4,,,sem casar
2025,América-MG,962371,Aloisio,1,0.02,0,0,0,0,0,0.0,0,0,0,0,1,aloisio,América-MG,exato
2025,América-MG,1170780,Arthur Sousa,4,0.2,0,0,0,0,0,0.12,0,0,0,0,4,arthur sousa,América-MG,exato
2025,América-MG,1394094,Breno Teixeira,2,0.07,0,0,0,0,0,0.07,0,0,0,0,2,breno,América-MG,palavras
2025,América-MG,1444694,Cauan Barros,3,0.16,1,1,0,0,0,0.14,0,0,0,0,3,cauan barros,América-MG,exato
2025,América-MG,293235,Christian Ortíz,7,0.33,0,0,0,0,0,0.0,2,2,0,2,9,c ortiz,América-MG,palavras
2025,América-MG,385386,Dalbert,1,0.02,0,0,0,0,0,0.02,0,0,0,0,1,dalbert,América-MG,exato
2025,América-MG,1472105,David José,1,0.02,0,0,0,0,0,0.02,0,0,0,0,1,david jose,América-MG,exato
2025,América-MG,995294,Fabinho,5,1.01,0,0,0,0,1,0.0,0,0,0,0,5,fabinho,América-MG,exato
2025,América-MG,875275,Facundo Labandeira,1,0.55,0,0,0,0,0,0.55,0,0,0,0,1,f labandeira,América-MG,palavras
2025,América-MG,1201949,Felipe Amaral,6,0.25,0,0,0,0,0,0.18,0,0,0,0,6,felipe amaral,América-MG,exato
2025,América-MG,249911,Fernando Elizari,3,0.08,0,0,0,0,0,0.0,0,0,0,0,3,f elizari,América-MG,palavras
2025,América-MG,1105790,Figueiredo,12,0.94,0,0,0,0,2,0.0,0,0,0,0,12,figueiredo,América-MG,exato
2025,América-MG,1018095,Guilherme Pato,2,0.07,0,0,0,0,0,0.0,0,0,0,0,2,guilherme pato,América-MG,exato
2025,América-MG,1047852,Gustavinho,1,0.04,0,0,0,0,0,0.0,0,0,0,0,1,gustavinho,América-MG,exato
2025,América-MG,243499,Héber,1,0.04,0,0,0,0,0,0.04,0,0,0,0,1,heber,América-MG,exato
2025,América-MG,1868440,Jhosefer,1,0.09,0,0,0,0,0,0.09,0,0,0,0,1,jhosefer,América-MG,exato
2025,América-MG,1185832,Júlio César,9,0.72,1,1,1,0,0,0.68,0,0,0,0,9,julio cesar,América-MG,exato
2025,América-MG,1485486,Kauã Diniz,6,0.26,0,0,0,0,0,0.0,0,0,0,0,6,kaua diniz,América-MG,exato
2025,América-MG,338827,Lucão,16,0.88,1,1,1,0,0,0.88,0,0,0,0,16,lucao,América-MG,exato
2025,América-MG,40076,Mariano,0,0.0,0,0,0,0,0,0.0,1,1,0,1,1,mariano,América-MG,exato
2025,América-MG,870933,Marlon Lopes,7,0.11,0,0,0,0,0,0.0,0,0,0,0,7,marlon,América-MG,palavras
2025,América-MG,1159656,Miguelito,10,0.26,0,0,0,0,1,0.0,1,0,1,1,11,miguelito,América-MG,exato
2025,América-MG,1172986,Miqueias,2,0.18,0,0,0,0,0,0.0,0,0,0,0,2,miqueias,América-MG,exato
2025,América-MG,1485496,Paulinho,5,0.13,0,0,0,0,0,0.0,0,0,0,0,5,paulinho,América-MG,exato
2025,América-MG,1485499,Rafael Barcelos,1,0.1,0,0,0,0,0,0.1,0,0,0,0,1,rafael barcelos,América-MG,exato
2025,América-MG,243963,Rafael Silva,5,0.4,0,0,0,0,0,0.27,0,0,0,0,5,rafa silva,América-MG,parecido
2025,América-MG,1194689,Renato Marques,1,0.06,0,0,0,0,0,0.06,0,0,0,0,1,renato marques,América-MG,exato
2025,América-MG,599700,Ricardo Silva,5,0.61,1,1,1,0,0,0.59,0,0,0,0,5,ricardo silva,América-MG,exato
2025,América-MG,1046740,Stênio Zanetti,3,0.1,0,0,0,0,0,0.04,0,0,0,0,3,stenio,América-MG,palavras
2025,América-MG,146308,Willian Bigode,13,2.24,2,0,0,1,1,0.76,0,0,0,0,13,willian,América-MG,palavras
2025,América-MG,1485488,Yago Souza,3,0.11,0,0,0,0,0,0.0,0,0,0,0,3,yago,América-MG,palavras
2025,Athletic,1106840,Adriel,2,0.14,0,0,0,0,0,0.0,0,0,0,0,2,adriel,Athletic,exato
2025,Athletic,1104608,Alason Carioca,4,0.15,0,0,0,0,0,0.02,0,0,0,0,4,alason carioca,Athletic,exato
2025,Athletic,780206,Alessio Da Cruz,1,0.23,1,1,1,0,0,0.23,0,0,0,0,1,alessio da cruz,Athletic,exato
2025,Athletic,931556,Alex Nascimento,6,0.44,0,0,0,0,0,0.44,0,0,0,0,6,alex nascimento,Athletic,exato
2025,Athletic,1511706,Alexsandro Amorim,4,0.12,0,0,0,0,0,0.0,0,0,0,0,4,amorim,Athletic,palavras
2025,Athletic,822513,Andrey,2,0.14,0,0,0,0,0,0.0,0,0,0,0,2,andrey,Athletic,exato
2025,Athletic,1470709,David Braga,4,0.82,1,0,0,0,0,0.35,0,0,0,0,4,david braga,Athletic,exato
2025,Athletic,981612,Diego Fumaça,4,0.33,0,0,0,0,0,0.0,0,0,0,0,4,diego fumaca,Athletic,exato
2025,Athletic,1111658,Douglas Pele,11,0.35,0,0,0,0,1,0.0,1,0,1,1,12,douglas pele,Athletic,exato
2025,Athletic,1175544,Edson Alves,0,0.0,0,0,0,0,0,0.0,1,1,0,0,1,,,sem casar
2025,Athletic,890060,Ezequiel,2,0.17,0,0,0,0,0,0.0,1,1,0,1,3,ezequiel,Athletic,exato
2025,Athletic,915638,Fabrício Isidoro,5,0.16,0,0,0,0,0,0.0,0,0,0,0,5,fabricio isidoro,Athletic,exato
2025,Athletic,974318,Fernando Martinez,2,0.09,0,0,0,0,0,0.02,0,0,0,0,2,fernando martinez,Athletic,exato
2025,Athletic,314376,Francisco Geraldes,1,0.02,0,0,0,0,0,0.0,0,0,0,0,1,,,sem casar
2025,Athletic,1106521,Gabriel Ferreira,1,0.12,0,0,0,0,0,0.0,0,0,0,0,1,gabriel ferreira,Athletic,exato
2025,Athletic,1467761,Jhonathan,5,0.62,2,2,0,0,0,0.56,0,0,0,0,5,,,sem casar
2025,Athletic,905454,Lincoln,2,1.1,2,0,2,0,0,0.0,0,0,0,0,2,lincoln,Athletic,exato
2025,Athletic,1090716,Luiz Filipe,1,0.04,0,0,0,0,0,0.0,0,0,0,0,1,luiz filipe,Athletic,exato
2025,Athletic,1634992,Marcelo Ajul,7,0.89,0,0,0,0,0,0.89,0,0,0,0,7,marcelo ajul,Athletic,exato
2025,Athletic,1872964,Matheus Guilherme,2,0.13,0,0,0,0,0,0.0,0,0,0,0,2,matheus guilherme,Athletic,exato
2025,Athletic,1642625,Max,5,0.21,0,0,0,0,0,0.02,0,0,0,0,5,max,Athletic,exato
2025,Athletic,928141,Neto Costa,11,1.76,3,2,2,0,2,0.81,0,0,0,0,11,neto costa,Athletic,exato
2025,Athletic,1465499,Rodrigo Gelado,7,0.37,0,0,0,0,0,0.33,0,0,0,0,7,rodrigo gelado,Athletic,exato
2025,Athletic,828707,Ronaldo Tavares,6,0.41,0,0,0,0,2,0.22,0,0,0,0,6,ronaldo tavares,Athletic,exato
2025,Athletic,973847,Sandry,1,0.05,0,0,0,0,0,0.0,2,1,1,2,3,sandry,Athletic,exato
2025,Athletic,312072,Sidimar,7,0.42,2,1,2,0,0,0.22,0,0,0,0,7,sidimar,Athletic,exato
2025,Athletic,989385,Welinton Torrao,11,0.52,0,0,0,0,0,0.16,0,0,0,0,11,welinton torrao,Athletic,exato
2025,Athletic,994479,Wesley Gasolina,2,0.14,0,0,0,0,0,0.0,0,0,0,0,2,wesley gasolina,Athletic,exato
2025,Athletic,857733,Yuri,1,0.06,0,0,0,0,0,0.0,2,1,1,2,3,yuri,Athletic,exato
2025,Athletico-PR,39656,Alan Kardec,6,0.28,0,0,0,0,0,0.25,0,0,0,0,6,alan kardec,Athletico-PR,exato
2025,Athletico-PR,2063956,Arthur Dias,6,0.34,0,0,0,0,0,0.3,0,0,0,0,6,arthur dias,Athletico-PR,exato
2025,Athletico-PR,1092354,Bruno Zapelli,24,1.14,0,0,0,0,1,0.0,0,0,0,0,24,b zapelli,Athletico-PR,palavras
2025,Athletico-PR,974512,Carlos Terán,2,0.04,0,0,0,0,0,0.01,0,0,0,0,2,c teran,Athletico-PR,palavras
2025,Athletico-PR,1482354,Dudu,3,0.18,0,0,0,0,0,0.0,0,0,0,0,3,,,sem casar
2025,Athletico-PR,979343,Falcão,5,0.22,0,0,0,0,0,0.19,0,0,0,0,5,falcao,Athletico-PR,exato
2025,Athletico-PR,1107060,Felipinho,7,0.34,0,0,0,0,0,0.29,0,0,0,0,7,filipinho,Athletico-PR,parecido
2025,Athletico-PR,981452,Gastón Benavídez,5,0.4,0,0,0,0,0,0.29,0,0,0,0,5,g benavidez,Athletico-PR,palavras
2025,Athletico-PR,90862,Giuliano,3,0.27,0,0,0,0,2,0.0,0,0,0,0,3,giuliano,Athletico-PR,exato
2025,Athletico-PR,1167540,Habraão,10,0.26,0,0,0,0,0,0.26,0,0,0,0,10,habraao,Athletico-PR,exato
2025,Athletico-PR,930464,Hayen Palacios,2,0.62,1,0,1,0,0,0.24,0,0,0,0,2,h palacios,Athletico-PR,palavras
2025,Athletico-PR,1485226,João Cruz,5,0.15,1,0,0,1,0,0.0,1,1,0,1,6,joao cruz,Athletico-PR,exato
2025,Athletico-PR,925173,Juan Felipe Aguirre,6,0.3,0,0,0,0,0,0.2,0,0,0,0,6,j aguirre,Athletico-PR,palavras
2025,Athletico-PR,1167536,Julimar,3,0.24,0,0,0,0,1,0.08,0,0,0,0,3,julimar,Athletico-PR,exato
2025,Athletico-PR,2057367,Kauã Moraes,3,0.07,0,0,0,0,0,0.0,0,0,0,0,3,kaua moraes,Athletico-PR,exato
2025,Athletico-PR,925124,Kevin Viveros,6,1.07,1,0,1,0,3,0.53,0,0,0,0,6,k viveros,Athletico-PR,palavras
2025,Athletico-PR,1546647,Leozinho,6,0.48,1,0,0,1,0,0.0,0,0,0,0,6,leozinho,Athletico-PR,exato
2025,Athletico-PR,1087079,Lucas Esquivel,11,0.33,0,0,0,0,0,0.0,0,0,0,0,11,l esquivel,Athletico-PR,palavras
2025,Athletico-PR,874143,Luiz Fernando,6,0.64,0,0,0,0,0,0.36,2,2,0,1,8,luiz fernando,Athletico-PR,exato
2025,Athletico-PR,360940,Léo,4,0.86,1,1,1,0,0,0.82,0,0,0,0,4,leo,Athletico-PR,exato
2025,Athletico-PR,594428,Patrick,7,0.72,0,0,0,0,0,0.53,0,0,0,0,7,patrick,Athletico-PR,exato
2025,Athletico-PR,870760,Raul,2,0.04,0,0,0,0,0,0.0,0,0,0,0,2,raul,Athletico-PR,exato
2025,Athletico-PR,2436885,Renan Peixoto Nepomuceno,6,1.34,1,1,1,0,0,0.52,0,0,0,0,6,renan,Athletico-PR,palavras
2025,Athletico-PR,354510,Steven Mendoza,3,0.05,0,0,0,0,1,0.0,0,0,0,0,3,s mendoza,Athletico-PR,palavras
2025,Athletico-PR,1836909,Tevis,2,0.58,0,0,0,0,0,0.52,0,0,0,0,2,tevis,Athletico-PR,exato
2025,Atlético-GO,1008459,Adriano Martins,6,1.19,1,0,1,0,0,0.48,0,0,0,0,6,adriano martins,Atlético-GO,exato
2025,Atlético-GO,1086925,Alejo Cruz,3,0.21,0,0,0,0,0,0.0,0,0,0,0,3,a cruz,Atlético-GO,palavras
2025,Atlético-GO,1117597,Alix Vinicius,14,0.84,2,2,2,0,0,0.82,0,0,0,0,14,alix,Atlético-GO,palavras
2025,Atlético-GO,1184843,Ariel Gomes,1,0.15,0,0,0,0,0,0.0,0,0,0,0,1,ariel,Atlético-GO,palavras
2025,Atlético-GO,869574,Caio Dantas,4,0.17,0,0,0,0,0,0.02,0,0,0,0,4,caio dantas,Novorizontino,"exato, outro clube na base"
2025,Atlético-GO,882662,Conrado Buchanelli,1,0.05,0,0,0,0,0,0.0,0,0,0,0,1,conrado,Atlético-GO,palavras
2025,Atlético-GO,1175667,Daniel Alves,1,0.03,0,0,0,0,0,0.03,0,0,0,0,1,,,sem casar
2025,Atlético-GO,1046433,Danielzinho,2,0.08,0,0,0,0,0,0.0,0,0,0,0,2,danielzinho,Atlético-GO,exato
2025,Atlético-GO,546316,Ezequiel Ham,2,0.08,0,0,0,0,0,0.0,0,0,0,0,2,ezequiel ham,Atlético-GO,exato
2025,Atlético-GO,877402,Federico Martínez,12,1.0,0,0,0,0,0,0.42,1,0,0,0,13,f martinez,Atlético-GO,palavras
2025,Atlético-GO,1177400,Francisco Barrios,1,0.05,0,0,0,0,0,0.05,0,0,0,0,1,f barrios,Atlético-GO,palavras
2025,Atlético-GO,883908,Guilherme Romão,12,2.16,1,1,0,0,0,1.88,0,0,0,0,12,guilherme romao,Atlético-GO,exato
2025,Atlético-GO,992611,Heron,2,0.09,0,0,0,0,0,0.03,0,0,0,0,2,heron,Atlético-GO,exato
2025,Atlético-GO,1047201,Jean Dias,7,0.26,0,0,0,0,0,0.0,0,0,0,0,7,jean dias,Atlético-GO,exato
2025,Atlético-GO,1516708,Kauan Rodrigues,4,0.14,0,0,0,0,0,0.0,0,0,0,0,4,kauan,Atlético-GO,palavras
2025,Atlético-GO,869675,Kelvin,5,0.43,1,0,0,0,0,0.0,0,0,0,0,5,kelvin,Atlético-GO,exato
2025,Atlético-GO,1173457,Lelê,7,0.2,0,0,0,0,0,0.07,0,0,0,0,7,lele,Atlético-GO,exato
2025,Atlético-GO,1101061,Leo Naldi,1,0.06,0,0,0,0,0,0.0,0,0,0,0,1,leo,Atlético-GO,palavras
2025,Atlético-GO,885854,Luizão,4,0.46,1,0,0,0,0,0.09,0,0,0,0,4,luizao,Atlético-GO,exato
2025,Atlético-GO,1468786,Maranhao,2,0.08,0,0,0,0,0,0.02,0,0,0,0,2,maranhao,Atlético-GO,exato
2025,Atlético-GO,1046439,Marcelinho,4,0.18,0,0,0,0,1,0.0,1,1,0,1,5,marcelinho,Atlético-GO,exato
2025,Atlético-GO,1110173,Matheus Felipe,2,0.55,1,0,0,0,0,0.05,0,0,0,0,2,matheus felipe,Atlético-GO,exato
2025,Atlético-GO,364778,Pedro Henrique,5,0.12,0,0,0,0,0,0.12,0,0,0,0,5,pedro henrique,Atlético-GO,exato
2025,Atlético-GO,1148275,Radsley,1,0.02,0,0,0,0,0,0.0,0,0,0,0,1,radsley,Atlético-GO,exato
2025,Atlético-GO,1856193,Rai,2,0.09,0,0,0,0,0,0.09,0,0,0,0,2,rai,Volta Redonda,"exato, outro clube na base"
2025,Atlético-GO,879591,Raí Ramos,6,0.15,0,0,0,0,0,0.0,0,0,0,0,6,rai ramos,Novorizontino,"exato, outro clube na base"
2025,Atlético-GO,992024,Rhaldney,3,0.09,0,0,0,0,0,0.0,0,0,0,0,3,rhaldney,Atlético-GO,exato
2025,Atlético-GO,1650085,Robert Santos,14,0.62,0,0,0,0,0,0.0,2,1,1,1,16,robert,Atlético-GO,palavras
2025,Atlético-GO,1587711,Ronald,3,0.17,0,0,0,0,0,0.17,0,0,0,0,3,ronald,Atlético-GO,exato
2025,Atlético-GO,874723,Shaylon,2,0.04,0,0,0,0,0,0.0,0,0,0,0,2,shaylon,Atlético-GO,exato
2025,Atlético-GO,1463902,Talisson,3,0.09,0,0,0,0,0,0.0,0,0,0,0,3,talisson,Atlético-GO,exato
2025,Atlético-GO,1105307,Tito,6,1.05,0,0,0,0,0,0.59,1,1,0,0,7,tito,Atlético-GO,exato
2025,Atlético-GO,800407,Wallace,1,0.01,0,0,0,0,0,0.0,0,0,0,0,1,wallace,Atlético-GO,exato
2025,Atlético-GO,243501,William Pottker,3,0.11,0,0,0,0,0,0.04,0,0,0,0,3,william pottker,CRB,"exato, outro clube na base"
2025,Atlético-GO,868120,Willian Maranhão,2,0.08,0,0,0,0,0,0.0,0,0,0,0,2,willian maranhao,Atlético-GO,exato
2025,Atlético-GO,1631403,Yuri Alves de Aquino,5,0.15,0,0,0,0,0,0.0,0,0,0,0,5,yuri alves,Atlético-GO,palavras
2025,Avaí,954719,Alef Manga,9,0.23,0,0,0,0,1,0.0,0,0,0,0,9,alef manga,Avaí,exato
2025,Avaí,922629,Anderson,1,0.14,0,0,0,0,0,0.14,0,0,0,0,1,anderson,Avaí,exato
2025,Avaí,1515290,Andrey,3,0.12,1,0,0,1,0,0.0,1,0,1,0,4,andrey,Avaí,exato
2025,Avaí,975207,Cléber,8,0.44,0,0,0,0,4,0.26,0,0,0,0,8,cleber,Avaí,exato
2025,Avaí,1034318,Douglas Silva,3,0.06,0,0,0,0,0,0.0,0,0,0,0,3,,,sem casar
2025,Avaí,866775,Eduardo Brock,13,0.82,1,1,1,0,0,0.66,0,0,0,0,13,eduardo brock,Avaí,exato
2025,Avaí,1130178,Emerson Ramon,12,0.35,0,0,0,0,0,0.04,0,0,0,0,12,,,sem casar
2025,Avaí,2032250,Gabriel Mendes Alves,1,0.09,0,0,0,0,0,0.0,0,0,0,0,1,mendes,Avaí,palavras
2025,Avaí,1467756,Gaspar,1,0.06,0,0,0,0,0,0.0,0,0,0,0,1,gaspar,Avaí,exato
2025,Avaí,1046835,Guilherme Santos,1,0.06,0,0,0,0,0,0.0,1,1,0,1,2,guilherme santos,Avaí,exato
2025,Avaí,832472,Hygor,5,0.48,0,0,0,0,0,0.48,0,0,0,0,5,hygor,Avaí,exato
2025,Avaí,1641124,JP,4,0.15,0,0,0,0,0,0.0,0,0,0,0,4,jp,Avaí,exato
2025,Avaí,789084,Jonathan Costa,9,1.03,1,1,0,0,0,1.01,0,0,0,0,9,jonathan costa,Avaí,exato
2025,Avaí,1465222,João Vitor,28,0.99,2,0,1,1,0,0.09,1,0,0,1,29,joao vitor,Avaí,exato
2025,Avaí,1105277,Léo Reis,2,0.12,0,0,0,0,0,0.0,0,0,0,0,2,leo reis,Avaí,exato
2025,Avaí,942054,Marcos Vinícius,4,0.17,0,0,0,0,0,0.0,0,0,0,0,4,marcos vinicius,Avaí,exato
2025,Avaí,90812,Marquinhos Gabriel,10,0.8,1,0,0,0,0,0.0,1,1,0,0,11,marquinhos gabriel,Avaí,exato
2025,Avaí,355810,Mário Sergio,6,0.44,0,0,0,0,0,0.3,0,0,0,0,6,mario sergio,Avaí,exato
2025,Avaí,1217828,Pedrão,1,0.02,0,0,0,0,0,0.02,0,0,0,0,1,pedrao,Avaí,exato
2025,Avaí,1047213,Railan,3,0.18,1,0,0,1,0,0.13,0,0,0,0,3,railan,Avaí,exato
2025,Avaí,1018259,Romildo Del Piage,1,0.06,0,0,0,0,0,0.0,0,0,0,0,1,del piage,Avaí,palavras
2025,Avaí,1633708,Thayllon Roberth,3,0.14,0,0,0,0,0,0.0,0,0,0,0,3,thayllon roberth,Avaí,exato
2025,Avaí,840132,Zé Ricardo,3,0.11,0,0,0,0,0,0.0,0,0,0,0,3,ze ricardo,Avaí,exato
2025,Botafogo-SP,1092324,Alejo Dramisino,4,0.16,1,0,0,0,0,0.0,1,1,0,1,5,a dramisino,Botafogo-SP,palavras
2025,Botafogo-SP,1016865,Alexandre Jesus,4,1.11,1,0,1,0,0,0.27,0,0,0,0,4,alexandre jesus,Botafogo-SP,exato
2025,Botafogo-SP,983861,Alisson Cassiano,2,0.12,0,0,0,0,0,0.07,0,0,0,0,2,alisson cassiano,Botafogo-SP,exato
2025,Botafogo-SP,1022676,Carlão,6,0.32,0,0,0,0,0,0.24,0,0,0,0,6,carlao,Botafogo-SP,exato
2025,Botafogo-SP,578420,Edson,3,0.18,0,0,0,0,0,0.18,0,0,0,0,3,,,sem casar
2025,Botafogo-SP,914471,Ericson da Silva,5,0.53,1,1,1,0,0,0.53,0,0,0,0,5,ericson,Botafogo-SP,palavras
2025,Botafogo-SP,1020259,Gabriel Barros,3,0.28,0,0,0,0,0,0.13,0,0,0,0,3,g barros,Botafogo-SP,palavras
2025,Botafogo-SP,982557,Gabriel Bispo,14,0.55,0,0,0,0,0,0.27,1,0,1,0,15,gabriel bispo,Botafogo-SP,exato
2025,Botafogo-SP,840040,Guilherme Queiróz,5,0.38,1,0,1,0,0,0.05,0,0,0,0,5,guilherme queiroz,Botafogo-SP,exato
2025,Botafogo-SP,840145,Jean Victor,5,0.42,0,0,0,0,0,0.0,0,0,0,0,5,jean victor,Botafogo-SP,exato
2025,Botafogo-SP,835259,Jefferson Nem,9,1.62,2,0,0,0,0,0.62,1,1,0,1,10,jefferson nem,Botafogo-SP,exato
2025,Botafogo-SP,871012,Jhony Douglas,1,0.04,0,0,0,0,0,0.0,1,0,0,0,2,jhony douglas,Botafogo-SP,exato
2025,Botafogo-SP,790103,Jonathan Cafú,7,1.08,1,0,0,0,0,0.16,0,0,0,0,7,jonathan cafu,Botafogo-SP,exato
2025,Botafogo-SP,840847,Leandro Maciel,14,0.31,1,0,0,1,1,0.0,0,0,0,0,14,l maciel,Botafogo-SP,palavras
2025,Botafogo-SP,808786,Léo Gamalho,2,0.1,0,0,0,0,3,0.1,0,0,0,0,2,leo gamalho,Botafogo-SP,exato
2025,Botafogo-SP,1147010,Marquinho,9,0.26,0,0,0,0,3,0.0,0,0,0,0,9,marquinho,Botafogo-SP,exato
2025,Botafogo-SP,870590,Matheus Barbosa,2,0.23,0,0,0,0,0,0.02,0,0,0,0,2,matheus barbosa,Botafogo-SP,exato
2025,Botafogo-SP,1067451,Matheus Régis,4,0.58,0,0,0,0,0,0.42,0,0,0,0,4,matheus regis,Botafogo-SP,exato
2025,Botafogo-SP,1463340,Rafael Henrique Milhorim,4,0.2,0,0,0,0,0,0.13,0,0,0,0,4,rafael milhorim,Botafogo-SP,palavras
2025,Botafogo-SP,870764,Robinho,3,0.06,0,0,0,0,0,0.0,0,0,0,0,3,robinho,Botafogo-SP,exato
2025,Botafogo-SP,873891,Ronie Carrillo,4,0.14,0,0,0,0,0,0.08,0,0,0,0,4,r carrillo,Botafogo-SP,palavras
2025,Botafogo-SP,1177012,Vilar,10,0.81,1,1,1,0,0,0.81,0,0,0,0,10,vilar,Botafogo-SP,exato
2025,Botafogo-SP,988671,Wallison,2,0.11,0,0,0,0,0,0.0,0,0,0,0,2,wallison,Botafogo-SP,exato
2025,Botafogo-SP,887310,Wesley,9,0.28,0,0,0,0,0,0.19,0,0,0,0,9,,,sem casar
2025,CRB,1018671,Breno Herculano,15,1.06,2,2,1,0,0,1.06,0,0,0,0,15,breno herculano,CRB,exato
2025,CRB,869676,Crystopher,5,0.18,0,0,0,0,0,0.02,0,0,0,0,5,crystopher,CRB,exato
2025,CRB,926786,Dadá Belmonte,2,0.04,0,0,0,0,0,0.0,0,0,0,0,2,dada belmonte,CRB,exato
2025,CRB,1175667,Daniel Alves,1,0.23,0,0,0,0,0,0.23,0,0,0,0,1,,,sem casar
2025,CRB,840218,Danielzinho,5,0.27,1,0,0,1,0,0.0,0,0,0,0,5,danielzinho,CRB,exato
2025,CRB,1541871,Darlisson Pereira,1,0.01,0,0,0,0,0,0.01,0,0,0,0,1,darlisson,CRB,palavras
2025,CRB,795035,Douglas Baggio,7,0.45,0,0,0,0,1,0.11,0,0,0,0,7,douglas baggio,CRB,exato
2025,CRB,848010,Facundo Barceló,1,0.18,0,0,0,0,0,0.18,0,0,0,0,1,f barcelo,CRB,palavras
2025,CRB,911436,Fábio Alemão,6,0.39,1,0,1,0,0,0.19,0,0,0,0,6,fabio alemao,CRB,exato
2025,CRB,335807,Gegê,16,0.85,1,0,0,1,0,0.21,0,0,0,0,16,gege,CRB,exato
2025,CRB,242215,Giovanni,6,0.16,0,0,0,0,0,0.0,1,1,0,1,7,giovanni,CRB,exato
2025,CRB,1002459,Henri Santos,17,1.16,0,0,0,0,0,0.93,0,0,0,0,17,henri,CRB,palavras
2025,CRB,973845,Higor Meritão,10,0.97,1,0,1,0,0,0.44,1,0,0,1,11,higor meritao,CRB,exato
2025,CRB,125034,Leo Campos,13,0.49,0,0,0,0,0,0.0,1,1,0,1,14,leo campos,CRB,exato
2025,CRB,1507250,Lucas Kallyel,2,0.1,0,0,0,0,0,0.0,0,0,0,0,2,lucas kallyel,CRB,exato
2025,CRB,827141,Luis Segovia,7,1.28,1,0,1,0,0,0.36,0,0,0,0,7,l segovia,CRB,parecido
2025,CRB,794892,Luiz Fernando,1,0.24,0,0,0,0,0,0.24,0,0,0,0,1,luiz fernando,CRB,homonimo
2025,CRB,794878,Matheus Ribeiro,6,0.19,1,0,1,0,0,0.0,0,0,0,0,6,matheus ribeiro,CRB,exato
2025,CRB,994017,Mikael,11,0.64,1,1,1,0,0,0.4,0,0,0,0,11,mikael,CRB,exato
2025,CRB,1510236,Rafinha,1,0.22,0,0,0,0,0,0.0,0,0,0,0,1,rafinha,CRB,exato
2025,CRB,981296,Thiaguinho,25,1.13,1,0,1,0,0,0.35,1,1,0,0,26,thiaguinho,CRB,exato
2025,CRB,871205,Vinicius Barata,2,0.04,0,0,0,0,0,0.0,0,0,0,0,2,vinicius barata,CRB,exato
2025,CRB,985888,Weverton,1,0.01,0,0,0,0,0,0.0,0,0,0,0,1,weverton,CRB,exato
2025,Chapecoense,312114,Bressan,2,0.16,0,0,0,0,0,0.16,0,0,0,0,2,bressan,Chapecoense,exato
2025,Chapecoense,840280,Bruno Leonardo,8,0.58,0,0,0,0,0,0.42,0,0,0,0,8,bruno leonardo,Chapecoense,exato
2025,Chapecoense,924131,Bruno Matias,3,0.04,0,0,0,0,0,0.0,0,0,0,0,3,bruno matias,Chapecoense,exato
2025,Chapecoense,2002928,David,1,0.07,0,0,0,0,0,0.0,0,0,0,0,1,,,sem casar
2025,Chapecoense,1122967,Eduardo Doma,11,1.66,2,1,1,0,0,1.01,0,0,0,0,11,eduardo doma,Chapecoense,exato
2025,Chapecoense,1105232,Everton,7,1.19,0,0,0,0,0,0.42,1,0,0,0,8,everton,Chapecoense,exato
2025,Chapecoense,1047680,Gabriel Inocêncio,2,0.09,0,0,0,0,0,0.0,0,0,0,0,2,gabriel inocencio,Chapecoense,exato
2025,Chapecoense,928133,Getúlio,2,0.11,0,0,0,0,0,0.11,0,0,0,0,2,getulio,Chapecoense,exato
2025,Chapecoense,82680,Giovanni Augusto,6,0.36,1,0,0,1,0,0.0,1,1,0,1,7,giovanni augusto,Chapecoense,exato
2025,Chapecoense,1546812,Italo,8,0.5,0,0,0,0,0,0.09,1,1,0,0,9,italo,Chapecoense,exato
2025,Chapecoense,877571,Jorge Roa Jiménez,3,0.16,0,0,0,0,0,0.15,1,0,1,0,4,j jimenez,Chapecoense,palavras
2025,Chapecoense,1019157,João Paulo,11,2.28,1,0,1,0,0,0.34,0,0,0,0,11,joao paulo,Chapecoense,exato
2025,Chapecoense,1652653,Mailson,2,0.18,0,0,0,0,0,0.18,0,0,0,0,2,mailson,Chapecoense,exato
2025,Chapecoense,870329,Marcinho,6,0.3,0,0,0,0,0,0.1,0,0,0,0,6,marcinho,Chapecoense,homonimo
2025,Chapecoense,879595,Marcinho,1,0.0,0,0,0,0,0,0.0,0,0,0,0,1,marcinho,Chapecoense,homonimo
2025,Chapecoense,973857,Maílton,12,0.46,2,0,0,2,0,0.0,0,0,0,0,12,mailton,Chapecoense,exato
2025,Chapecoense,870559,Mário Sérgio Pereira,8,0.92,0,0,0,0,0,0.42,0,0,0,0,8,mario sergio,Chapecoense,palavras
2025,Chapecoense,992025,Neto Pessoa,9,0.48,1,0,1,0,0,0.29,0,0,0,0,9,n pessoa,Chapecoense,palavras
2025,Chapecoense,1106488,Pedro Martins,5,0.22,0,0,0,0,0,0.0,0,0,0,0,5,pedro martins,Chapecoense,exato
2025,Chapecoense,840076,Perotti,11,0.97,1,0,1,0,0,0.43,0,0,0,0,11,perotti,Chapecoense,exato
2025,Chapecoense,1120738,Rafael Carvalheira,15,0.67,1,0,0,0,0,0.02,2,1,1,1,17,rafael carvalheira,Chapecoense,exato
2025,Chapecoense,1470928,Rubens Tadeu,1,0.03,0,0,0,0,0,0.0,0,0,0,0,1,rubens,Chapecoense,palavras
2025,Chapecoense,863292,Victor Caetano,6,0.51,1,1,1,0,0,0.48,0,0,0,0,6,victor caetano,Chapecoense,exato
2025,Chapecoense,846362,Walter Clar,9,0.34,1,0,0,0,4,0.0,0,0,0,0,9,w clar,Chapecoense,palavras
2025,Coritiba,335187,Alex Silva,12,0.86,1,1,1,0,0,0.73,0,0,0,0,12,alex silva,Coritiba,exato
2025,Coritiba,870851,Bruno Melo,9,1.0,2,0,2,0,0,0.36,0,0,0,0,9,bruno melo,Coritiba,exato
2025,Coritiba,311394,Carlos De Pena,7,0.24,0,0,0,0,0,0.0,0,0,0,0,7,c de pena,Coritiba,palavras
2025,Coritiba,811308,Clayson,6,0.25,0,0,0,0,0,0.0,0,0,0,0,6,clayson,Coritiba,exato
2025,Coritiba,166503,Dellatorre,7,0.42,1,0,0,0,0,0.15,0,0,0,0,7,dellatorre,Coritiba,exato
2025,Coritiba,923951,Everaldo,1,0.03,0,0,0,0,0,0.0,0,0,0,0,1,everaldo,Coritiba,exato
2025,Coritiba,844601,Filipe Machado,2,0.12,0,0,0,0,0,0.11,0,0,0,0,2,filipe machado,Coritiba,exato
2025,Coritiba,871172,Geovane,2,0.13,0,0,0,0,0,0.07,0,0,0,0,2,geovane,Coritiba,exato
2025,Coritiba,1845365,Guilherme Aquino,8,0.88,0,0,0,0,0,0.83,0,0,0,0,8,,,sem casar
2025,Coritiba,981595,Gustavo Coutinho,15,1.01,1,1,0,0,1,0.49,0,0,0,0,15,gustavo coutinho,Coritiba,exato
2025,Coritiba,795020,Iury Castilho,10,0.46,0,0,0,0,0,0.36,0,0,0,0,10,iury,Coritiba,palavras
2025,Coritiba,880204,Jacy Maranhão,15,1.51,0,0,0,0,0,0.86,0,0,0,0,15,jacy,Coritiba,palavras
2025,Coritiba,77726,Josué,12,0.95,1,0,0,1,3,0.0,2,2,0,2,14,josue,Coritiba,exato
2025,Coritiba,1588318,João Almeida,3,0.04,0,0,0,0,0,0.0,0,0,0,0,3,,,sem casar
2025,Coritiba,1172056,Lucas Ronier,11,0.29,1,0,1,0,0,0.03,0,0,0,0,11,lucas ronier,Coritiba,exato
2025,Coritiba,44691,Maicon,7,0.69,1,1,1,0,0,0.69,1,1,0,0,8,maicon,Coritiba,exato
2025,Coritiba,606612,Nicolas Careca,2,0.13,0,0,0,0,0,0.04,1,1,0,0,3,nicolas careca,Coritiba,exato
2025,Coritiba,989091,Rodrigo Rodrigues,2,0.16,0,0,0,0,0,0.16,0,0,0,0,2,rodrigo rodrigues,Coritiba,exato
2025,Coritiba,925142,Sebastián Gómez,9,0.31,2,0,2,0,0,0.0,0,0,0,0,9,s gomez,Coritiba,palavras
2025,Coritiba,1124329,Tiago Cóser,1,0.24,0,0,0,0,0,0.24,0,0,0,0,1,tiago coser,Coritiba,exato
2025,Coritiba,1111139,Vini Paulista,3,0.3,0,0,0,0,0,0.05,0,0,0,0,3,vini paulista,Coritiba,exato
2025,Coritiba,922601,Wallisson Luiz,9,0.68,0,0,0,0,0,0.43,0,0,0,0,9,wallisson,Coritiba,palavras
2025,Coritiba,555454,Zeca,3,0.05,0,0,0,0,0,0.0,1,0,1,1,4,zeca,Coritiba,exato
2025,Criciúma,1107068,Adriano,1,0.03,0,0,0,0,0,0.0,0,0,0,0,1,,,sem casar
2025,Criciúma,344077,Diego Gonçalves,15,3.69,4,0,4,0,1,0.78,2,0,2,1,17,diego goncalves,Criciúma,exato
2025,Criciúma,928137,Everton Morelli,5,0.17,0,0,0,0,0,0.12,0,0,0,0,5,everton morelli,Criciúma,exato
2025,Criciúma,1819828,Fabricio,1,0.15,0,0,0,0,0,0.15,0,0,0,0,1,fabricio,Criciúma,exato
2025,Criciúma,1048276,Felipinho,4,0.08,0,0,0,0,0,0.0,0,0,0,0,4,felipinho,Criciúma,exato
2025,Criciúma,865321,Fellipe Mateus,2,0.08,0,0,0,0,0,0.0,0,0,0,0,2,fellipe mateus,Criciúma,exato
2025,Criciúma,882854,Gabriel Novaes,3,0.21,0,0,0,0,0,0.0,0,0,0,0,3,gabriel novaes,Amazonas,"exato, outro clube na base"
2025,Criciúma,1148301,Guilherme Lobo,6,0.8,1,0,0,0,0,0.0,0,0,0,0,6,guilherme lobo,Criciúma,exato
2025,Criciúma,850475,Jean Carlos,2,0.07,0,0,0,0,1,0.0,0,0,0,0,2,jean carlos,Criciúma,exato
2025,Criciúma,998494,Jhonata Robert,13,0.53,0,0,0,0,0,0.04,5,4,1,4,18,jhonata robert,Criciúma,exato
2025,Criciúma,882351,Jonathan,2,0.36,1,1,1,0,0,0.36,0,0,0,0,2,jonathan,Criciúma,exato
2025,Criciúma,1462654,João Carlos,2,0.12,0,0,0,0,0,0.0,0,0,0,0,2,joao carlos,Criciúma,exato
2025,Criciúma,1016874,Juninho,5,0.14,1,1,0,0,0,0.04,0,0,0,0,5,juninho,Criciúma,exato
2025,Criciúma,1101061,Leo Naldi,2,0.14,0,0,0,0,0,0.0,0,0,0,0,2,leo naldi,Criciúma,exato
2025,Criciúma,981745,Lucas Dias Costa,3,0.07,0,0,0,0,0,0.07,0,0,0,0,3,lucas dias,Criciúma,palavras
2025,Criciúma,845110,Luciano Castan,16,1.05,0,0,0,0,0,0.63,0,0,0,0,16,luciano castan,Criciúma,exato
2025,Criciúma,1105945,Léo Alaba,1,0.01,0,0,0,0,0,0.0,0,0,0,0,1,leo alaba,Criciúma,exato
2025,Criciúma,841808,Marcelo Benevenuto,5,0.47,0,0,0,0,0,0.44,0,0,0,0,5,benevenuto,Criciúma,palavras
2025,Criciúma,783490,Marcelo Hermes,5,0.2,1,0,0,1,0,0.04,0,0,0,0,5,marcelo hermes,Criciúma,exato
2025,Criciúma,840148,Marcinho,23,0.63,1,0,1,0,0,0.08,4,1,2,1,27,marcinho,Criciúma,exato
2025,Criciúma,852556,Matheus Trindade,7,0.31,1,0,0,0,0,0.11,0,0,0,0,7,matheus trindade,Criciúma,exato
2025,Criciúma,866564,Nicolas,13,2.59,4,2,1,0,1,0.99,1,0,0,0,14,nicolas,Criciúma,exato
2025,Criciúma,1486805,Oluwasegun Samuel Otusanya,1,0.12,0,0,0,0,0,0.12,0,0,0,0,1,o otusanya,Criciúma,palavras
2025,Criciúma,886773,Rodrigo Fagundes,20,4.3,6,3,3,0,0,1.5,2,1,0,0,22,rodrigo,Criciúma,palavras
2025,Criciúma,243157,Sassá,1,0.7,0,0,0,0,0,0.0,0,0,0,0,1,sassa,Criciúma,exato
2025,Criciúma,1463902,Talisson,2,0.02,0,0,0,0,0,0.0,0,0,0,0,2,alisson,Criciúma,parecido
2025,Criciúma,2163481,Thales Lourenco Rodrigues,1,0.04,0,0,0,0,0,0.04,0,0,0,0,1,thales,Criciúma,palavras
2025,Criciúma,1176038,Yan Souto,4,0.33,0,0,0,0,0,0.21,0,0,0,0,4,yan souto,Criciúma,exato
2025,Criciúma,988852,Zé Gabriel,3,0.04,0,0,0,0,0,0.0,0,0,0,0,3,ze gabriel,Criciúma,exato
2025,Cuiabá,373740,Alan Empereur,12,1.63,1,1,1,0,0,1.29,0,0,0,0,12,alan empereur,Cuiabá,exato
2025,Cuiabá,1110829,Alejandro Martínez,4,0.11,0,0,0,0,0,0.03,0,0,0,0,4,a martinez,Cuiabá,palavras
2025,Cuiabá,870927,Alisson Safira,17,0.98,0,0,0,0,5,0.85,0,0,0,0,17,alisson safira,Cuiabá,exato
2025,Cuiabá,551810,Bruno Alves,8,1.62,2,0,2,0,0,0.11,0,0,0,0,8,bruno alves,Cuiabá,exato
2025,Cuiabá,1645786,Calebe Costa,3,0.06,0,0,0,0,0,0.01,0,0,0,0,3,calebe costa,Cuiabá,exato
2025,Cuiabá,1008700,Carlos Alberto,4,0.16,0,0,0,0,0,0.0,0,0,0,0,4,carlos alberto,Cuiabá,exato
2025,Cuiabá,1633878,David,10,0.94,1,0,1,0,0,0.34,0,0,0,0,10,david,Cuiabá,exato
2025,Cuiabá,1175760,Denilson,10,0.3,0,0,0,0,0,0.0,0,0,0,0,10,denilson,Cuiabá,exato
2025,Cuiabá,994190,Derik Lacerda,4,0.27,0,0,0,0,1,0.2,0,0,0,0,4,derik lacerda,Cuiabá,exato
2025,Cuiabá,868864,Edu,4,0.33,0,0,0,0,1,0.24,0,0,0,0,4,edu,Cuiabá,exato
2025,Cuiabá,1936059,Gabriel Mineiro,1,0.04,0,0,0,0,0,0.0,0,0,0,0,1,gabriel mineiro,Cuiabá,exato
2025,Cuiabá,1645838,Guilherme Mariano,2,0.04,0,0,0,0,0,0.04,0,0,0,0,2,guilherme mariano,Cuiabá,exato
2025,Cuiabá,1128847,Jader Gentil,1,0.01,0,0,0,0,0,0.0,0,0,0,0,1,,,sem casar
2025,Cuiabá,1462231,Jadson Alves,2,0.02,0,0,0,0,0,0.0,0,0,0,0,2,jadson,Cuiabá,palavras
2025,Cuiabá,1412631,Juan Christian,10,0.48,0,0,0,0,0,0.15,0,0,0,0,10,juan christian,Cuiabá,exato
2025,Cuiabá,1139528,Lucas Cardoso,1,0.02,0,0,0,0,0,0.0,0,0,0,0,1,lucas cardoso,Cuiabá,exato
2025,Cuiabá,840077,Lucas Mineiro,13,0.96,1,1,1,0,0,0.88,1,1,0,0,14,lucas mineiro,Cuiabá,exato
2025,Cuiabá,1632328,Luisão,1,0.1,0,0,0,0,0,0.1,0,0,0,0,1,luisao,Cuiabá,exato
2025,Cuiabá,1107069,Mateusinho,18,0.72,2,0,0,2,0,0.0,2,1,1,2,20,mateusinho,Cuiabá,exato
2025,Cuiabá,1105838,Max,10,0.36,0,0,0,0,0,0.01,0,0,0,0,10,max,Cuiabá,exato
2025,Cuiabá,1126701,Nathan Cardoso,7,0.32,1,1,1,0,0,0.32,1,1,0,1,8,nathan,Cuiabá,palavras
2025,Cuiabá,77375,Nino Paraíba,2,0.05,0,0,0,0,0,0.0,0,0,0,0,2,nino paraiba,Cuiabá,exato
2025,Cuiabá,979868,Patrick De Lucca,4,0.65,1,1,0,0,0,0.36,0,0,0,0,4,patrick de lucca,Cuiabá,exato
2025,Cuiabá,896248,Pedrinho,3,0.06,0,0,0,0,0,0.0,0,0,0,0,3,pedrinho,Cuiabá,exato
2025,Cuiabá,1047656,Ruan Oliveira,1,0.05,0,0,0,0,0,0.0,0,0,0,0,1,ruan oliveira,Cuiabá,exato
2025,Cuiabá,795014,Sander,4,0.16,0,0,0,0,0,0.0,1,1,0,1,5,sander,Cuiabá,exato
2025,Cuiabá,2125558,Victor Hugo Da Silva Barbara,2,0.2,0,0,0,0,0,0.0,0,0,0,0,2,victor barbara,Cuiabá,palavras
2025,Ferroviária,874410,Albano,6,0.17,0,0,0,0,0,0.0,0,0,0,0,6,albano,Ferroviária,exato
2025,Ferroviária,1533964,Alencar,2,0.16,0,0,0,0,0,0.0,0,0,0,0,2,alencar,Ferroviária,exato
2025,Ferroviária,922564,Carlão,14,1.02,2,1,1,0,3,0.47,1,1,0,1,15,carlao,Ferroviária,exato
2025,Ferroviária,1117470,Edson Lucas,3,0.07,0,0,0,0,0,0.0,0,0,0,0,3,edson lucas,Ferroviária,exato
2025,Ferroviária,1640518,Eric,1,0.08,0,0,0,0,0,0.08,0,0,0,0,1,eric,Ferroviária,exato
2025,Ferroviária,1128767,Fabrício Daniel,4,0.16,0,0,0,0,1,0.0,0,0,0,0,4,fabricio daniel,Ferroviária,exato
2025,Ferroviária,1523441,Fábio Soares,1,0.03,0,0,0,0,0,0.0,0,0,0,0,1,fabio soares,Ferroviária,exato
2025,Ferroviária,1017000,Gustavo Medina,9,0.59,1,1,1,0,0,0.59,1,1,0,0,10,gustavo medina,Ferroviária,exato
2025,Ferroviária,1046496,Ian Luccas,2,0.12,0,0,0,0,0,0.05,0,0,0,0,2,ian luccas,Ferroviária,exato
2025,Ferroviária,1034314,Igor Bolt,1,0.07,0,0,0,0,0,0.0,0,0,0,0,1,igor bolt,Ferroviária,exato
2025,Ferroviária,576004,Juninho,8,0.36,0,0,0,0,1,0.0,1,1,0,0,9,juninho,Ferroviária,exato
2025,Ferroviária,810691,Kevin,2,0.05,0,0,0,0,0,0.0,1,1,0,0,3,kevin,Ferroviária,exato
2025,Ferroviária,1085865,Lucas Rodrigues,17,0.63,0,0,0,0,0,0.02,0,0,0,0,17,lucas rodrigues,Ferroviária,exato
2025,Ferroviária,866399,Maycon,5,0.26,0,0,0,0,0,0.1,0,0,0,0,5,maycon,Ferroviária,exato
2025,Ferroviária,1010635,Netinho,27,0.89,2,0,0,2,1,0.0,2,1,1,2,29,netinho,Ferroviária,exato
2025,Ferroviária,870802,Ricardinho,6,1.15,1,0,1,0,0,0.07,0,0,0,0,6,ricardinho,Ferroviária,exato
2025,Ferroviária,84883,Ronaldo Alves,7,0.46,0,0,0,0,0,0.3,0,0,0,0,7,ronaldo alves,Ferroviária,exato
2025,Ferroviária,387766,Ronaldo Henrique Silva,3,0.18,0,0,0,0,0,0.14,0,0,0,0,3,ronaldo,Ferroviária,palavras
2025,Ferroviária,946791,Tarik,2,0.25,1,0,1,0,0,0.0,0,0,0,0,2,tarik,Ferroviária,exato
2025,Ferroviária,802485,Thiago Lopes,9,1.05,3,1,2,0,0,0.55,0,0,0,0,9,thiago lopes,Ferroviária,exato
2025,Ferroviária,1465450,Vitor Barreto,2,0.1,0,0,0,0,0,0.0,0,0,0,0,2,vitor barreto,Ferroviária,exato
2025,Ferroviária,988873,Vitor Mendes,1,0.02,0,0,0,0,0,0.0,0,0,0,0,1,vitor mendes,Ferroviária,exato
2025,Ferroviária,1106143,Wesley Pomba,4,0.62,0,0,0,0,0,0.0,0,0,0,0,4,wesley pomba,Ferroviária,exato
2025,Ferroviária,220359,Zé Mário,9,0.32,0,0,0,0,0,0.0,0,0,0,0,9,ze mario,Ferroviária,exato
2025,Goiás,1467706,Alan Stence,2,0.11,0,0,0,0,0,0.11,0,0,0,0,2,alan stence,Goiás,exato
2025,Goiás,125032,Anselmo Ramon,18,2.87,3,2,0,0,0,1.67,0,0,0,0,18,anselmo ramon,Goiás,exato
2025,Goiás,1809800,Anthony,1,0.14,0,0,0,0,0,0.0,0,0,0,0,1,anthony,Goiás,exato
2025,Goiás,829832,Arthur Caíke,8,0.75,0,0,0,0,0,0.49,1,1,0,1,9,arthur caike,Goiás,exato
2025,Goiás,1171645,Brayann,5,0.4,0,0,0,0,0,0.0,2,1,1,2,7,brayann,Goiás,exato
2025,Goiás,1468270,Diego Caito,6,0.14,0,0,0,0,0,0.0,0,0,0,0,6,diego caito,Goiás,exato
2025,Goiás,1034318,Douglas Silva,1,0.01,0,0,0,0,0,0.0,0,0,0,0,1,,,sem casar
2025,Goiás,1019977,Esli García,1,0.06,0,0,0,0,0,0.0,0,0,0,0,1,e garcia,Goiás,palavras
2025,Goiás,848010,Facundo Barceló,2,0.26,0,0,0,0,0,0.26,0,0,0,0,2,,,sem casar
2025,Goiás,162579,Gonzalo Freitas,8,0.61,1,1,1,0,0,0.46,0,0,0,0,8,gonzalo freitas,Goiás,exato
2025,Goiás,1018779,Jajá,11,1.22,1,1,1,0,0,0.06,0,0,0,0,11,,,sem casar
2025,Goiás,1588737,Jean Carlos,3,0.07,0,0,0,0,0,0.0,0,0,0,0,3,jean carlos,Goiás,exato
2025,Goiás,330691,Juninho,2,0.15,0,0,0,0,0,0.14,0,0,0,0,2,juninho,Goiás,exato
2025,Goiás,810689,Lucas Lovat,8,0.16,1,0,1,0,0,0.0,0,0,0,0,8,lucas lovat,Goiás,exato
2025,Goiás,945578,Lucas Ribeiro,8,0.46,0,0,0,0,0,0.22,0,0,0,0,8,lucas ribeiro,Goiás,exato
2025,Goiás,831993,Luiz Felipe,4,0.28,0,0,0,0,0,0.28,0,0,0,0,4,luiz felipe,Goiás,exato
2025,Goiás,866754,Marcão Silva,13,0.88,1,0,0,0,0,0.61,0,0,0,0,13,marcao,Goiás,palavras
2025,Goiás,155715,Martín Benítez,3,0.18,0,0,0,0,0,0.12,0,0,0,0,3,m benitez,Goiás,palavras
2025,Goiás,839765,Messias,14,0.61,2,2,2,0,0,0.59,0,0,0,0,14,messias,Goiás,exato
2025,Goiás,877139,Moraes Júnior,10,0.2,0,0,0,0,0,0.0,0,0,0,0,10,moraes,Goiás,palavras
2025,Goiás,1217904,Pedrinho,6,0.34,1,0,1,0,0,0.14,0,0,0,0,6,pedrinho,Goiás,exato
2025,Goiás,870920,Rafael Gava,8,0.32,1,0,0,1,0,0.0,3,2,1,1,11,rafael gava,Goiás,exato
2025,Goiás,874398,Rodrigo Andrade,1,0.02,0,0,0,0,0,0.0,0,0,0,0,1,rodrigo andrade,Goiás,exato
2025,Goiás,552172,Tadeu,0,0.0,0,0,0,0,2,0.0,0,0,0,0,0,tadeu,Goiás,exato
2025,Goiás,243435,Titi,8,0.43,0,0,0,0,0,0.22,0,0,0,0,8,titi,Goiás,exato
2025,Goiás,1836052,Vitinho,0,0.0,0,0,0,0,0,0.0,1,0,0,0,1,vitinho,Goiás,exato
2025,Goiás,865356,Wellington Rato,9,0.37,0,0,0,0,1,0.0,1,1,0,1,10,wellington rato,Goiás,exato
2025,Goiás,989892,Welliton,8,0.68,1,0,1,0,0,0.14,0,0,0,0,8,,,sem casar
2025,Goiás,868076,Willean Lepo,14,0.64,0,0,0,0,0,0.2,1,0,0,1,15,willean lepo,Goiás,exato
2025,Goiás,1166468,Zé Hugo,1,0.03,0,0,0,0,0,0.0,0,0,0,0,1,ze hugo,Ferroviária,"exato, outro clube na base"
2025,Novorizontino,974329,Bruno José,9,0.58,1,1,0,0,0,0.29,1,0,0,1,10,bruno jose,Novorizontino,exato
2025,Novorizontino,869574,Caio Dantas,2,0.15,0,0,0,0,0,0.01,0,0,0,0,2,caio dantas,Novorizontino,exato
2025,Novorizontino,329107,César Martins,6,1.19,2,1,2,0,0,0.54,1,0,1,0,7,cesar martins,Novorizontino,exato
2025,Novorizontino,1476558,Dantas,9,1.53,2,0,2,0,0,0.22,0,0,0,0,9,,,sem casar
2025,Novorizontino,1467723,Fabio Matheus,7,0.39,0,0,0,0,0,0.13,0,0,0,0,7,fabio matheus,Novorizontino,exato
2025,Novorizontino,1009030,Igor Formiga,1,0.04,0,0,0,0,0,0.0,0,0,0,0,1,igor formiga,Novorizontino,exato
2025,Novorizontino,848630,Jean Irmer,16,0.7,1,0,0,1,0,0.27,0,0,0,0,16,jean irmer,Novorizontino,exato
2025,Novorizontino,329235,Lucca,8,1.02,1,0,0,0,0,0.25,0,0,0,0,8,lucca,Novorizontino,exato
2025,Novorizontino,922570,Luís Oyama,10,0.24,0,0,0,0,0,0.01,0,0,0,0,10,luis oyama,Novorizontino,exato
2025,Novorizontino,875905,Léo Natel,1,0.06,0,0,0,0,0,0.0,0,0,0,0,1,leo natel,Novorizontino,exato
2025,Novorizontino,965313,Léo Tocantins,1,0.01,0,0,0,0,0,0.0,0,0,0,0,1,leo tocantins,Novorizontino,exato
2025,Novorizontino,866574,Marlon,2,0.03,0,0,0,0,0,0.0,0,0,0,0,2,marlon,Novorizontino,exato
2025,Novorizontino,1005337,Matheus Frizzo,18,0.63,0,0,0,0,3,0.0,1,1,0,0,19,matheus frizzo,Novorizontino,exato
2025,Novorizontino,944459,Mayk,2,0.02,0,0,0,0,0,0.0,1,0,0,1,3,mayk,Novorizontino,exato
2025,Novorizontino,934638,Nathan Fogaça,12,1.74,1,1,0,0,0,0.99,0,0,0,0,12,nathan fogaca,Novorizontino,exato
2025,Novorizontino,550248,Pablo Dyego,5,0.37,1,0,0,0,0,0.1,0,0,0,0,5,pablo dyego,Novorizontino,exato
2025,Novorizontino,1148340,Patrick,15,1.02,0,0,0,0,0,0.85,1,1,0,1,16,patrick,Novorizontino,exato
2025,Novorizontino,871192,Patrick Brey,2,0.09,0,0,0,0,0,0.0,0,0,0,0,2,patrick brey,Novorizontino,exato
2025,Novorizontino,243379,Rafael Donato,12,1.69,1,1,1,0,0,1.41,0,0,0,0,12,rafael donato,Novorizontino,exato
2025,Novorizontino,879591,Raí Ramos,3,0.1,0,0,0,0,0,0.0,0,0,0,0,3,rai ramos,Novorizontino,exato
2025,Novorizontino,872383,Renato Silveira,1,0.04,0,0,0,0,0,0.0,0,0,0,0,1,,,sem casar
2025,Novorizontino,850987,Robson,15,1.71,0,0,0,0,2,1.12,1,1,0,0,16,robson,Novorizontino,exato
2025,Novorizontino,804765,Rodrigo Soares,7,0.25,0,0,0,0,0,0.0,0,0,0,0,7,rodrigo soares,Novorizontino,exato
2025,Novorizontino,1105078,Rômulo,6,0.23,0,0,0,0,1,0.08,1,1,0,1,7,romulo,Novorizontino,exato
2025,Novorizontino,1836636,Tavinho,3,0.2,0,0,0,0,0,0.0,0,0,0,0,3,tavinho,Novorizontino,exato
2025,Novorizontino,924251,Waguininho,2,0.39,1,0,1,0,0,0.23,0,0,0,0,2,waguininho,Novorizontino,exato
2025,Novorizontino,243239,Willian Farias,1,0.01,0,0,0,0,0,0.01,0,0,0,0,1,willian farias,Novorizontino,exato
2025,Novorizontino,589988,Óscar Ruiz,2,0.23,0,0,0,0,0,0.23,0,0,0,0,2,o ruiz,Novorizontino,palavras
2025,Operário-PR,156023,Ademilson,1,0.67,0,0,0,0,1,0.67,0,0,0,0,1,ademilson,Operário-PR,exato
2025,Operário-PR,987088,Allan,6,0.86,0,0,0,0,0,0.86,0,0,0,0,6,allano,Operário-PR,parecido
2025,Operário-PR,796925,Allano,4,0.18,0,0,0,0,0,0.0,1,0,0,0,5,allano,Operário-PR,exato
2025,Operário-PR,1491420,André Simplicio,3,0.11,1,1,1,0,0,0.04,0,0,0,0,3,andre,Operário-PR,palavras
2025,Operário-PR,1545706,Brenno Pereira Silva,1,0.03,0,0,0,0,1,0.0,0,0,0,0,1,brenno pereira,Operário-PR,palavras
2025,Operário-PR,937938,Charles,2,0.31,0,0,0,0,0,0.03,0,0,0,0,2,charles,Operário-PR,exato
2025,Operário-PR,886239,Cristiano,5,0.15,0,0,0,0,0,0.08,0,0,0,0,5,cristiano,Operário-PR,exato
2025,Operário-PR,869443,Daniel Amorim,5,0.99,2,1,0,0,1,0.6,0,0,0,0,5,daniel amorim,Operário-PR,exato
2025,Operário-PR,553652,Diogo Mateus,1,0.03,0,0,0,0,0,0.0,0,0,0,0,1,diogo mateus,Operário-PR,exato
2025,Operário-PR,1148453,Filipe Claudino,1,0.01,0,0,0,0,0,0.0,0,0,0,0,1,filipe claudino,Operário-PR,exato
2025,Operário-PR,84847,Fransérgio,2,0.04,0,0,0,0,0,0.0,0,0,0,0,2,fransergio,Operário-PR,exato
2025,Operário-PR,358540,Gabriel Boschilia,26,0.89,2,0,0,1,4,0.0,4,1,3,3,30,boschilia,Operário-PR,palavras
2025,Operário-PR,1463925,Gabriel Feliciano,7,0.1,0,0,0,0,0,0.0,0,0,0,0,7,gabriel feliciano,Operário-PR,exato
2025,Operário-PR,1188034,Gabriel Souza,4,0.24,0,0,0,0,0,0.2,0,0,0,0,4,gabriel souza,Operário-PR,homonimo
2025,Operário-PR,880204,Jacy Maranhão,4,0.1,0,0,0,0,0,0.06,0,0,0,0,4,,,sem casar
2025,Operário-PR,891517,Jaime Giraldo,5,0.48,0,0,0,0,0,0.44,1,0,1,1,6,jaime giraldo,Operário-PR,exato
2025,Operário-PR,870891,Jefferson,2,0.03,0,0,0,0,0,0.0,0,0,0,0,2,jefferson,Operário-PR,exato
2025,Operário-PR,981442,Joseph,6,0.25,0,0,0,0,0,0.09,0,0,0,0,6,joseph,Operário-PR,exato
2025,Operário-PR,355836,Juan Zuluaga,7,0.38,0,0,0,0,0,0.07,0,0,0,0,7,juan zuluaga,Operário-PR,exato
2025,Operário-PR,2198470,Kauã Henrique,2,0.25,0,0,0,0,0,0.0,0,0,0,0,2,,,sem casar
2025,Operário-PR,1046696,Kleiton,2,0.02,0,0,0,0,0,0.01,0,0,0,0,2,kleiton,Operário-PR,exato
2025,Operário-PR,1069410,Léo Gaúcho,4,0.52,0,0,0,0,1,0.41,0,0,0,0,4,leo gaucho,Operário-PR,exato
2025,Operário-PR,962027,Marcos Paulo,1,0.46,1,1,0,0,0,0.46,0,0,0,0,1,marcos paulo,Operário-PR,exato
2025,Operário-PR,926868,Miranda,15,1.05,1,0,0,0,0,0.83,0,0,0,0,15,miranda,Operário-PR,exato
2025,Operário-PR,1148584,Neto Paraíba,8,0.56,1,1,0,0,0,0.49,0,0,0,0,8,neto paraiba,Operário-PR,exato
2025,Operário-PR,1104816,Pedro Lucas,1,0.02,0,0,0,0,0,0.0,0,0,0,0,1,pedro lucas,Operário-PR,exato
2025,Operário-PR,1009937,Pedro Vilhena,1,0.04,0,0,0,0,0,0.0,1,1,0,1,2,pedro vilhena,Operário-PR,exato
2025,Operário-PR,954327,Rodrigo Rodrigues,14,0.53,0,0,0,0,0,0.0,0,0,0,0,14,rodrigo rodrigues,Operário-PR,exato
2025,Operário-PR,933329,Thiaguinho,2,0.72,0,0,0,0,0,0.72,0,0,0,0,2,thiaguinho,CRB,"exato, outro clube na base"
2025,Operário-PR,989407,Vinicius Mingotti,5,0.36,0,0,0,0,0,0.36,0,0,0,0,5,vinicius mingotti,Operário-PR,exato
2025,Operário-PR,976860,Vitor Pernambuco,3,0.18,0,0,0,0,0,0.0,0,0,0,0,3,pernambuco,Operário-PR,palavras
2025,Operário-PR,981621,Índio,9,1.31,2,2,1,0,0,1.2,0,0,0,0,9,indio,Operário-PR,exato
2025,Paysandu,870921,Anderson Leite,5,0.28,0,0,0,0,0,0.25,0,0,0,0,5,anderson leite,Paysandu,exato
2025,Paysandu,1116646,André Lima,5,0.23,1,0,0,0,0,0.0,0,0,0,0,5,andre lima,Paysandu,exato
2025,Paysandu,983526,Benjamín Borasi,2,0.03,0,0,0,0,0,0.0,0,0,0,0,2,,,sem casar
2025,Paysandu,882748,Bryan Borges,8,0.17,1,0,0,0,0,0.0,0,0,0,0,8,bryan,Paysandu,palavras
2025,Paysandu,1527130,Carlos Eduardo,3,0.17,0,0,0,0,0,0.0,0,0,0,0,3,carlos eduardo,Paysandu,exato
2025,Paysandu,938619,Denilson,2,0.06,0,0,0,0,0,0.06,0,0,0,0,2,denilson,Paysandu,exato
2025,Paysandu,926793,Denner Melz,2,0.08,0,0,0,0,0,0.0,0,0,0,0,2,denner,Paysandu,palavras
2025,Paysandu,1018176,Diogo Oliveira,8,1.53,3,3,1,0,0,1.33,0,0,0,0,8,diogo de oliveira,Paysandu,parecido
2025,Paysandu,865404,Edinho,1,0.02,0,0,0,0,0,0.0,0,0,0,0,1,edinho,Paysandu,exato
2025,Paysandu,993066,Edílson Júnior,3,0.05,0,0,0,0,0,0.0,1,0,0,1,4,edilson,Paysandu,palavras
2025,Paysandu,1391413,Eliel,3,0.1,0,0,0,0,0,0.0,0,0,0,0,3,eliel,Paysandu,exato
2025,Paysandu,242215,Giovanni,3,0.07,0,0,0,0,0,0.0,0,0,0,0,3,giovanni,CRB,"exato, outro clube na base"
2025,Paysandu,966531,Joaquín Novillo,7,0.29,0,0,0,0,0,0.21,0,0,0,0,7,j novillo,Paysandu,palavras
2025,Paysandu,126570,Jorge Benítez,11,0.48,0,0,0,0,0,0.08,0,0,0,0,11,j benitez,Paysandu,palavras
2025,Paysandu,1131641,João Marcos,1,0.03,0,0,0,0,0,0.0,0,0,0,0,1,joao marcos,Paysandu,exato
2025,Paysandu,871013,Leandro Vilela,5,0.26,0,0,0,0,0,0.21,0,0,0,0,5,leandro vilela,Paysandu,exato
2025,Paysandu,986064,Luan Freitas,6,0.35,0,0,0,0,0,0.31,0,0,0,0,6,luan freitas,Paysandu,exato
2025,Paysandu,1201986,Marcelinho,8,0.22,0,0,0,0,0,0.0,1,1,0,0,9,marcelinho,Paysandu,exato
2025,Paysandu,965796,Marlon,10,0.32,1,0,0,0,2,0.06,0,0,0,0,10,marlon,Paysandu,exato
2025,Paysandu,811310,Matheus Vargas,6,0.28,0,0,0,0,0,0.12,0,0,0,0,6,matheus vargas,Paysandu,exato
2025,Paysandu,583824,Maurício Antônio,8,0.37,0,0,0,0,0,0.37,0,0,0,0,8,mauricio antonio,Paysandu,exato
2025,Paysandu,1050353,Maurício Garcez,14,0.93,1,1,0,0,1,0.49,1,0,0,0,15,mauricio garcez,Paysandu,exato
2025,Paysandu,866564,Nicolas,4,0.59,0,0,0,0,0,0.47,0,0,0,0,4,nicolas,Criciúma,"exato, outro clube na base"
2025,Paysandu,2456856,Pedro Gonçalves,2,0.04,0,0,0,0,0,0.0,0,0,0,0,2,,,sem casar
2025,Paysandu,1161558,Ramon Vinicius,2,0.03,0,0,0,0,0,0.0,0,0,0,0,2,ramon,Paysandu,palavras
2025,Paysandu,865380,Reverson,7,0.23,0,0,0,0,0,0.0,4,0,4,3,11,reverson,Paysandu,exato
2025,Paysandu,551746,Ronaldo Henrique,2,0.02,0,0,0,0,0,0.0,0,0,0,0,2,ronaldo henrique,Paysandu,exato
2025,Paysandu,243425,Rossi,12,1.07,1,0,0,0,0,0.0,0,0,0,0,12,rossi,Paysandu,exato
2025,Paysandu,1109577,Thalisson Gabriel,9,0.76,1,0,1,0,0,0.29,1,1,0,1,10,thalisson,Paysandu,palavras
2025,Paysandu,33106,Thiago Heleno,6,0.26,1,1,0,0,0,0.26,1,1,0,0,7,thiago heleno,Paysandu,exato
2025,Paysandu,1110657,Vinni Faria,2,0.17,0,0,0,0,0,0.14,0,0,0,0,2,,,sem casar
2025,Paysandu,2171221,Wendel Júnior,4,0.1,0,0,0,0,0,0.02,0,0,0,0,4,wendel,Paysandu,palavras
2025,Paysandu,846309,Yefferson Quintana,3,0.97,1,0,1,0,0,0.11,0,0,0,0,3,y quintana,Paysandu,palavras
2025,Remo,124747,Adailton,5,0.24,0,0,0,0,0,0.17,0,0,0,0,5,adailton,Remo,exato
2025,Remo,990289,Alan Rodríguez,1,0.11,0,0,0,0,0,0.0,0,0,0,0,1,alan rodriguez,Remo,exato
2025,Remo,924404,Caio Vinícius,7,0.79,1,0,0,0,0,0.2,1,0,0,1,8,caio vinicius,Remo,exato
2025,Remo,931759,Camutanga,8,0.57,0,0,0,0,0,0.56,0,0,0,0,8,camutanga,Remo,exato
2025,Remo,1086482,Diego Hernández,12,0.46,3,0,0,3,0,0.0,1,1,0,1,13,diego hernandez,Remo,exato
2025,Remo,338839,Dodô,1,0.03,0,0,0,0,0,0.0,0,0,0,0,1,dodo,Remo,exato
2025,Remo,1018777,Eduardo Melo,1,0.19,1,0,0,0,0,0.0,0,0,0,0,1,eduardo melo,Remo,exato
2025,Remo,839635,Felipe Vizeu,1,0.12,0,0,0,0,0,0.12,0,0,0,0,1,felipe vizeu,Remo,exato
2025,Remo,1464525,Freitas,1,0.04,0,0,0,0,0,0.0,0,0,0,0,1,freitas,Remo,exato
2025,Remo,1176815,Giovanni Pavani,6,0.54,1,1,1,0,0,0.44,0,0,0,0,6,giovanni pavani,Remo,exato
2025,Remo,870898,Janderson,3,0.07,0,0,0,0,0,0.0,0,0,0,0,3,janderson,Remo,exato
2025,Remo,759428,Jorge,4,0.07,0,0,0,0,0,0.02,0,0,0,0,4,jorge,Remo,exato
2025,Remo,362966,João Pedro Silva,6,0.75,1,1,1,0,0,0.39,1,0,1,0,7,joao pedro,Remo,palavras
2025,Remo,869639,Jáderson,1,0.03,0,0,0,0,0,0.0,0,0,0,0,1,jaderson,Remo,exato
2025,Remo,1464528,Kayky Almeida,3,0.31,0,0,0,0,0,0.27,1,0,0,0,4,kayky almeida,Remo,exato
2025,Remo,2120751,Luan Martins Gonçalves,5,0.46,0,0,0,0,0,0.25,0,0,0,0,5,luan goncalves,Remo,palavras
2025,Remo,986868,Marcelinho,7,0.52,2,1,0,0,0,0.28,0,0,0,0,7,marcelinho,Remo,exato
2025,Remo,926871,Marrony,2,0.29,0,0,0,0,1,0.29,0,0,0,0,2,marrony,Remo,exato
2025,Remo,981695,Matheus Davó,2,0.22,1,1,0,0,0,0.09,0,0,0,0,2,matheus davo,Remo,exato
2025,Remo,880134,Maxwell,3,0.08,0,0,0,0,0,0.03,0,0,0,0,3,maxwell,Remo,exato
2025,Remo,358538,Nathan Allan,2,0.15,0,0,0,0,0,0.0,0,0,0,0,2,nathan,Remo,palavras
2025,Remo,1199453,Nathan Camargo,1,0.0,0,0,0,0,0,0.0,0,0,0,0,1,nathan camargo,Remo,exato
2025,Remo,1190330,Nicolás Ferreira,3,0.08,0,0,0,0,0,0.0,0,0,0,0,3,nicolas ferreira,Remo,exato
2025,Remo,32985,Panagiotis Tachtsidis,4,0.32,1,1,1,0,0,0.28,0,0,0,0,4,,,sem casar
2025,Remo,243185,Pedro Castro,2,0.03,0,0,0,0,0,0.02,1,0,0,1,3,pedro castro,Remo,exato
2025,Remo,794930,Pedro Rocha,17,0.94,1,0,0,1,2,0.16,2,1,1,1,19,pedro rocha,Remo,exato
2025,Remo,877470,Reynaldo,5,0.63,2,1,2,0,0,0.34,0,0,0,0,5,reynaldo,Remo,exato
2025,Remo,335365,Régis,1,0.04,0,0,0,0,0,0.04,0,0,0,0,1,regis,Remo,exato
2025,Remo,866369,Sávio,13,0.44,0,0,0,0,0,0.0,2,2,0,2,15,savio,Remo,exato
2025,Remo,866721,William Klaus,6,0.31,0,0,0,0,0,0.13,0,0,0,0,6,klaus,Remo,palavras
2025,Remo,47548,Ytalo,1,0.04,0,0,0,0,0,0.04,0,0,0,0,1,ytalo,Remo,exato
2025,Vila Nova,876286,André Luís,2,0.17,0,0,0,0,0,0.17,0,0,0,0,2,andre luis,Vila Nova,exato
2025,Vila Nova,922580,Arilson,5,0.61,1,1,0,0,0,0.47,0,0,0,0,5,arilson,Vila Nova,exato
2025,Vila Nova,1017590,Bernardo Schappo,12,1.16,1,1,1,0,0,1.12,0,0,0,0,12,bernardo schappo,Vila Nova,exato
2025,Vila Nova,795018,Bruno Mendes,2,0.11,0,0,0,0,0,0.07,1,1,0,0,3,bruno mendes,Vila Nova,exato
2025,Vila Nova,901455,Bruno Xavier,4,0.1,0,0,0,0,0,0.0,0,0,0,0,4,bruno xavier,Vila Nova,exato
2025,Vila Nova,1018871,Dodô,15,0.57,0,0,0,0,2,0.0,3,3,0,3,18,dodo,Vila Nova,exato
2025,Vila Nova,876202,Elias,8,0.93,1,0,0,0,0,0.41,0,0,0,0,8,elias,Vila Nova,exato
2025,Vila Nova,1105974,Emerson Urso,1,0.05,1,0,0,0,0,0.0,0,0,0,0,1,emerson urso,Vila Nova,exato
2025,Vila Nova,1802523,Enzo,1,0.17,0,0,0,0,0,0.17,0,0,0,0,1,enzo,Vila Nova,exato
2025,Vila Nova,937806,Gabriel Poveda,8,2.18,2,1,2,0,0,0.96,0,0,0,0,8,gabriel poveda,Vila Nova,exato
2025,Vila Nova,981440,Gabriel Santos Silva,2,0.11,0,0,0,0,0,0.0,0,0,0,0,2,gabriel silva,Vila Nova,palavras
2025,Vila Nova,823980,Guilherme Parede,2,0.08,0,0,0,0,0,0.03,1,1,0,1,3,guilherme parede,Vila Nova,exato
2025,Vila Nova,1845397,Gustavo Paje,5,0.15,2,0,2,0,0,0.0,0,0,0,0,5,gustavo paje,Vila Nova,exato
2025,Vila Nova,1991456,Higor,5,0.12,0,0,0,0,0,0.03,0,0,0,0,5,higor,Vila Nova,exato
2025,Vila Nova,865400,Igor Henrique,6,0.88,2,1,2,0,0,0.14,0,0,0,0,6,igor henrique,Vila Nova,exato
2025,Vila Nova,1145122,Igor Inocencio,2,0.06,0,0,0,0,0,0.0,0,0,0,0,2,igor inocencio,Vila Nova,exato
2025,Vila Nova,243231,Jean Mota,8,0.4,0,0,0,0,1,0.0,1,0,1,1,9,jean mota,Vila Nova,exato
2025,Vila Nova,1046490,João Vieira,6,0.42,0,0,0,0,3,0.0,0,0,0,0,6,joao vieira,Vila Nova,exato
2025,Vila Nova,1174204,Nathan Melo,1,0.03,0,0,0,0,0,0.0,0,0,0,0,1,nathan melo,Vila Nova,exato
2025,Vila Nova,1417920,Pedro Romano,2,0.18,1,1,1,0,0,0.18,0,0,0,0,2,,,sem casar
2025,Vila Nova,1507546,Ruan Ribeiro,4,0.16,0,0,0,0,0,0.03,0,0,0,0,4,ruan ribeiro,Vila Nova,exato
2025,Vila Nova,1650429,Tiago Pagnussat,26,1.95,1,1,1,0,0,1.63,0,0,0,0,26,tiago pagnussat,Vila Nova,exato
2025,Vila Nova,880215,Todinho,5,0.38,0,0,0,0,0,0.34,0,0,0,0,5,,,sem casar
2025,Vila Nova,990160,Vinicius Paiva,2,0.04,0,0,0,0,0,0.0,0,0,0,0,2,vinicius paiva,Vila Nova,exato
2025,Vila Nova,552176,Walisson Maia,2,0.09,0,0,0,0,0,0.09,1,1,0,1,3,walisson maia,Vila Nova,exato
2025,Vila Nova,1105062,Weverton,9,1.38,1,0,1,0,0,0.31,1,1,0,0,10,weverton,Vila Nova,exato
2025,Vila Nova,929687,Willian Formiga,6,0.33,0,0,0,0,0,0.32,0,0,0,0,6,willian formiga,Vila Nova,exato
2025,Volta Redonda,1016673,André Luiz,9,1.26,1,0,1,0,0,0.31,1,0,0,0,10,andre luiz,Volta Redonda,exato
2025,Volta Redonda,873115,Bruno Barra,4,0.29,0,0,0,0,0,0.07,0,0,0,0,4,bruno barra,Volta Redonda,exato
2025,Volta Redonda,1105781,Bruno Santos,5,0.64,0,0,0,0,0,0.55,0,0,0,0,5,bruno santos,Volta Redonda,exato
2025,Volta Redonda,1069328,Caio Roque,2,0.04,0,0,0,0,0,0.0,1,1,0,1,3,caio roque,Volta Redonda,exato
2025,Volta Redonda,1017022,Chay,3,0.06,0,0,0,0,0,0.0,0,0,0,0,3,chay,Volta Redonda,exato
2025,Volta Redonda,1002399,Daniel Cabral,4,0.07,0,0,0,0,0,0.0,0,0,0,0,4,daniel cabral,Volta Redonda,exato
2025,Volta Redonda,243167,Dener,2,0.54,1,1,1,0,0,0.5,0,0,0,0,2,dener,Volta Redonda,exato
2025,Volta Redonda,46825,Fabricio,10,0.72,0,0,0,0,0,0.16,0,0,0,0,10,fabricio,Volta Redonda,exato
2025,Volta Redonda,1487513,Gabriel Bahia,13,1.13,1,1,1,0,0,0.85,0,0,0,0,13,gabriel bahia,Volta Redonda,exato
2025,Volta Redonda,975380,Gabriel Barbosa Pinheiro,10,0.69,0,0,0,0,0,0.38,0,0,0,0,10,gabriel pinheiro,Volta Redonda,palavras
2025,Volta Redonda,867456,Heliardo,1,0.04,0,0,0,0,0,0.0,0,0,0,0,1,heliardo,Volta Redonda,exato
2025,Volta Redonda,349534,Hyuri,1,0.02,0,0,0,0,0,0.0,0,0,0,0,1,hyuri,Volta Redonda,exato
2025,Volta Redonda,981620,Igor Maduro,3,0.76,0,0,0,0,0,0.46,0,0,0,0,3,igor maduro,Volta Redonda,exato
2025,Volta Redonda,1009011,Igor Morais,2,0.35,0,0,0,0,0,0.35,0,0,0,0,2,igor morais,Volta Redonda,exato
2025,Volta Redonda,1185449,Jhonny,8,0.24,0,0,0,0,0,0.0,0,0,0,0,8,jhonny,Volta Redonda,exato
2025,Volta Redonda,2363439,João Bom Henrique,1,0.02,0,0,0,0,0,0.02,0,0,0,0,1,joao henrique,Volta Redonda,parecido
2025,Volta Redonda,1517440,João Pedro Jotta,1,0.03,0,0,0,0,0,0.0,0,0,0,0,1,joao pedro,Volta Redonda,palavras
2025,Volta Redonda,108193,Kayke Rodrigues,1,0.05,0,0,0,0,0,0.0,0,0,0,0,1,kayke,Volta Redonda,palavras
2025,Volta Redonda,940520,Leo Ceará,1,0.02,0,0,0,0,0,0.0,0,0,0,0,1,leo ceara,Volta Redonda,exato
2025,Volta Redonda,1175733,Lucas Adell,2,0.1,0,0,0,0,0,0.1,0,0,0,0,2,lucas adell,Volta Redonda,exato
2025,Volta Redonda,1470977,Lucas Ramires,2,0.1,1,1,1,0,0,0.1,0,0,0,0,2,lucas ramires,Volta Redonda,exato
2025,Volta Redonda,981627,Lucas Tocantins,1,0.04,0,0,0,0,0,0.04,0,0,0,0,1,lucas tocantins,Volta Redonda,exato
2025,Volta Redonda,987089,Luciano Naninho,2,0.07,0,0,0,0,0,0.0,1,1,0,1,3,luciano naninho,Volta Redonda,exato
2025,Volta Redonda,1105842,Marcos Vinicius,9,0.29,0,0,0,0,0,0.0,1,1,0,0,10,marcos vinicius,Avaí,"exato, outro clube na base"
2025,Volta Redonda,976088,Matheus Lucas,2,0.47,1,0,0,0,0,0.0,0,0,0,0,2,matheus lucas,Volta Redonda,exato
2025,Volta Redonda,956861,Mirandinha,7,0.45,0,0,0,0,0,0.17,0,0,0,0,7,mirandinha,Volta Redonda,exato
2025,Volta Redonda,892126,Patrick,4,0.09,0,0,0,0,0,0.02,0,0,0,0,4,patrick,Volta Redonda,exato
2025,Volta Redonda,1017710,Pierre,2,0.07,0,0,0,0,0,0.0,0,0,0,0,2,pierre,Volta Redonda,exato
2025,Volta Redonda,1175321,Raí,16,0.46,0,0,0,0,0,0.0,0,0,0,0,16,rai,Volta Redonda,exato
2025,Volta Redonda,2058164,Robinho,6,0.19,0,0,0,0,0,0.0,0,0,0,0,6,robinho,Volta Redonda,exato
2025,Volta Redonda,870753,Sánchez,21,1.33,0,0,0,0,1,1.08,0,0,0,0,21,sanchez,Volta Redonda,exato
2025,Volta Redonda,840107,Thallyson,5,0.22,0,0,0,0,0,0.0,0,0,0,0,5,thallyson,Volta Redonda,exato
2025,Volta Redonda,1176159,Vitinho,5,0.14,0,0,0,0,0,0.0,0,0,0,0,5,vitinho,Volta Redonda,homonimo
2025,Volta Redonda,243469,Wellington Silva,1,0.02,0,0,0,0,0,0.0,0,0,0,0,1,wellington silva,Volta Redonda,exato
2025,Volta Redonda,924424,Ygor Catatau,8,0.46,0,0,0,0,0,0.41,0,0,0,0,8,ygor catatau,Volta Redonda,exato
2025,Volta Redonda,973884,Ynaiã,1,0.03,0,0,0,0,0,0.03,0,0,0,0,1,ynaia,Volta Redonda,exato
2025,Volta Redonda,1020448,Ítalo,5,0.38,0,0,0,0,0,0.21,0,0,0,0,5,italo,Volta Redonda,exato
2026,América-MG,335187,Alex Silva,3,0.13,0,0,0,0,0,0.08,0,0,0,0,3,alex silva,América-MG,exato
2026,América-MG,869564,Alê,3,0.15,0,0,0,0,0,0.08,0,0,0,0,3,ale,América-MG,exato
2026,América-MG,360160,Artur,3,0.17,0,0,0,0,0,0.05,0,0,0,0,3,artur,Londrina,"exato, outro clube na base"
2026,América-MG,599688,Barreto,2,0.05,0,0,0,0,0,0.05,0,0,0,0,2,barreto,América-MG,exato
2026,América-MG,385386,Dalbert,5,0.15,0,0,0,0,0,0.0,0,0,0,0,5,dalbert,América-MG,exato
2026,América-MG,938482,Eduardo Person,2,0.07,0,0,0,0,0,0.0,0,0,0,0,2,eduardo person,América-MG,exato
2026,América-MG,844015,Emerson Santos,3,0.51,1,0,0,0,0,0.16,0,0,0,0,3,emerson santos,América-MG,exato
2026,América-MG,1093892,Everton,2,0.04,0,0,0,0,0,0.0,0,0,0,0,2,,,sem casar
2026,América-MG,1201949,Felipe Amaral,5,0.33,1,1,1,0,0,0.29,0,0,0,0,5,felipe amaral,América-MG,exato
2026,América-MG,249911,Fernando Elizari,1,0.03,0,0,0,0,0,0.0,0,0,0,0,1,f elizari,América-MG,palavras
2026,América-MG,1845396,Fábio,1,0.02,0,0,0,0,0,0.0,0,0,0,0,1,fabio,América-MG,exato
2026,América-MG,1020259,Gabriel Barros,3,0.2,0,0,0,0,0,0.0,0,0,0,0,3,g barros,América-MG,palavras
2026,América-MG,345847,Gonzalo Mastriani,10,1.58,1,0,1,0,0,0.58,1,0,0,0,11,g mastriani,América-MG,palavras
2026,América-MG,823980,Guilherme Parede,6,0.45,0,0,0,0,0,0.0,0,0,0,0,6,guilherme parede,América-MG,exato
2026,América-MG,2488155,Jhonatan Lima,2,0.12,0,0,0,0,0,0.05,0,0,0,0,2,jhonatan lima,América-MG,exato
2026,América-MG,1185449,Jhonny,1,0.02,0,0,0,0,0,0.0,0,0,0,0,1,jhonny,América-MG,exato
2026,América-MG,877571,Jorge Roa Jiménez,2,0.03,0,0,0,0,0,0.02,0,0,0,0,2,j jimenez,América-MG,palavras
2026,América-MG,2660888,Julio César,1,0.02,0,0,0,0,0,0.0,0,0,0,0,1,julio cesar,América-MG,exato
2026,América-MG,789668,Luca Sosa,2,0.55,0,0,0,0,0,0.01,0,0,0,0,2,l sosa,América-MG,palavras
2026,América-MG,2584981,Luidy,1,0.02,0,0,0,0,0,0.0,0,0,0,0,1,luidy,América-MG,exato
2026,América-MG,1105945,Léo Alaba,2,0.04,0,0,0,0,0,0.0,0,0,0,0,2,leo alaba,América-MG,exato
2026,América-MG,871209,Maguinho,2,0.05,0,0,0,0,0,0.03,0,0,0,0,2,maguinho,Operário-PR,"exato, outro clube na base"
2026,América-MG,84845,Manoel,1,0.06,0,0,0,0,0,0.06,0,0,0,0,1,manoel,América-MG,exato
2026,América-MG,2124981,Marcelo Enrique Macola Filho,1,0.07,0,0,0,0,0,0.07,0,0,0,0,1,marcelo,América-MG,palavras
2026,América-MG,988622,Matías Segovia,9,0.28,0,0,0,0,0,0.0,2,2,0,2,11,m segovia,América-MG,palavras
2026,América-MG,1126701,Nathan Cardoso,6,0.57,1,1,1,0,0,0.57,0,0,0,0,6,nathan,América-MG,palavras
2026,América-MG,2026354,Otávio Gonçalves,6,0.13,0,0,0,0,0,0.0,0,0,0,0,6,otavio,América-MG,palavras
2026,América-MG,1485496,Paulinho,1,0.05,0,0,0,0,0,0.0,1,0,1,0,2,paulinho,América-MG,exato
2026,América-MG,1107995,Paulo Victor,10,1.93,2,1,1,0,0,1.22,0,0,0,0,10,paulo victor,América-MG,exato
2026,América-MG,1485499,Rafael Barcelos,10,0.61,0,0,0,0,0,0.61,0,0,0,0,10,rafael barcelos,América-MG,exato
2026,América-MG,599700,Ricardo Silva,8,0.88,0,0,0,0,0,0.59,0,0,0,0,8,ricardo silva,América-MG,exato
2026,América-MG,924872,Rodrigo Piñeiro,1,0.02,0,0,0,0,0,0.0,0,0,0,0,1,r pineiro,América-MG,palavras
2026,América-MG,1589390,Thauan Willians,4,0.17,0,0,0,0,0,0.0,0,0,0,0,4,thauan,América-MG,palavras
2026,América-MG,992131,Tobías Ostchega,5,0.17,0,0,0,0,0,0.13,0,0,0,0,5,t ostchega,América-MG,palavras
2026,América-MG,871681,Val Soares,4,0.17,0,0,0,0,0,0.0,0,0,0,0,4,val soares,América-MG,exato
2026,América-MG,146308,Willian Bigode,12,0.53,0,0,0,0,1,0.06,0,0,0,0,12,willian,América-MG,palavras
2026,América-MG,1125086,Yago Santos,1,0.05,0,0,0,0,0,0.0,0,0,0,0,1,yago,América-MG,palavras
2026,Athletic,2032258,Bruninho,3,0.16,0,0,0,0,0,0.0,0,0,0,0,3,bruninho,Athletic,exato
2026,Athletic,852534,Carlinhos,1,0.03,0,0,0,0,0,0.03,0,0,0,0,1,carlinhos,Athletic,exato
2026,Athletic,1588320,Diogo Batista de Souza,7,0.2,0,0,0,0,0,0.0,0,0,0,0,7,diogo batista,Athletic,palavras
2026,Athletic,1197424,Dixon Vera,3,0.11,0,0,0,0,0,0.0,0,0,0,0,3,d vera,Athletic,palavras
2026,Athletic,1111658,Douglas Pele,1,0.01,0,0,0,0,0,0.0,0,0,0,0,1,douglas pele,Athletic,exato
2026,Athletic,1485598,Felipe Negrucci,1,0.02,0,0,0,0,0,0.0,0,0,0,0,1,felipe negrucci,Athletic,exato
2026,Athletic,1589311,Felipe Vieira,3,0.15,0,0,0,0,0,0.08,0,0,0,0,3,felipe vieira,Athletic,exato
2026,Athletic,1468837,Gabriel Moyses,3,0.24,0,0,0,0,0,0.24,0,0,0,0,3,gabriel moyses,Athletic,exato
2026,Athletic,1099301,Gian Cabezas,2,0.04,0,0,0,0,0,0.0,0,0,0,0,2,g cabezas,Athletic,parecido
2026,Athletic,1047852,Gustavinho,1,0.02,0,0,0,0,0,0.0,0,0,0,0,1,gustavinho,Athletic,exato
2026,Athletic,1046496,Ian Luccas,8,0.88,2,0,2,0,1,0.62,0,0,0,0,8,ian luccas,Athletic,exato
2026,Athletic,1467761,Jhonathan,13,0.65,0,0,0,0,0,0.5,0,0,0,0,13,,,sem casar
2026,Athletic,2032278,Joao Miguel,7,0.43,0,0,0,0,0,0.27,0,0,0,0,7,joao miguel,Athletic,exato
2026,Athletic,1200993,Jota,3,0.27,0,0,0,0,0,0.0,0,0,0,0,3,jota,Athletic,exato
2026,Athletic,1631554,Kauan Lindes,1,0.03,0,0,0,0,0,0.0,0,0,0,0,1,kauan lindes,Athletic,exato
2026,Athletic,1516708,Kauan Rodrigues,2,0.06,0,0,0,0,0,0.0,0,0,0,0,2,kauan,Athletic,palavras
2026,Athletic,1130040,Lucas Belezi,8,1.45,1,0,1,0,0,0.16,0,0,0,0,8,lucas belezi,Athletic,exato
2026,Athletic,1836632,Marcelo Henrique,1,0.03,0,0,0,0,0,0.0,0,0,0,0,1,marcelo,Athletic,palavras
2026,Athletic,1642625,Max,7,0.53,0,0,0,0,0,0.0,0,0,0,0,7,max,Athletic,exato
2026,Athletic,1486805,Oluwasegun Samuel Otusanya,1,0.04,0,0,0,0,0,0.04,0,0,0,0,1,o otusanya,Athletic,palavras
2026,Athletic,1175752,Pedro Oliveira,4,0.13,0,0,0,0,0,0.0,0,0,0,0,4,pedro,Athletic,palavras
2026,Athletic,2034254,Redney Emanuel de Jesus Assis,2,0.18,0,0,0,0,0,0.0,0,0,0,0,2,redney,Athletic,palavras
2026,Athletic,828707,Ronaldo Tavares,0,0.0,0,0,0,0,1,0.0,0,0,0,0,0,ronaldo tavares,Athletic,exato
2026,Athletic,1137850,Wilinton Aponzá,2,0.04,0,0,0,0,2,0.02,0,0,0,0,2,w aponza,Athletic,palavras
2026,Athletic,1807776,Yarlen,1,0.03,0,0,0,0,0,0.0,0,0,0,0,1,yarlen,Athletic,exato
2026,Athletic,555454,Zeca,6,0.16,0,0,0,0,0,0.0,0,0,0,0,6,zeca,Athletic,exato
2026,Atlético-GO,1008459,Adriano Martins,7,0.35,1,1,1,0,0,0.35,0,0,0,0,7,adriano martins,Atlético-GO,exato
2026,Atlético-GO,974329,Bruno José,3,0.16,1,1,1,0,0,0.16,0,0,0,0,3,bruno jose,Atlético-GO,exato
2026,Atlético-GO,1021866,Cristiano,5,0.16,0,0,0,0,0,0.0,0,0,0,0,5,cristiano,Atlético-GO,exato
2026,Atlético-GO,992512,Ewerthon,7,0.28,0,0,0,0,0,0.0,1,1,0,0,8,ewerthon,Atlético-GO,exato
2026,Atlético-GO,1640631,Geovany Soares,8,0.76,0,0,0,0,0,0.22,0,0,0,0,8,soares,Atlético-GO,palavras
2026,Atlético-GO,1097858,Guilherme Lopes,5,0.34,1,0,1,0,0,0.0,0,0,0,0,5,guilherme,Atlético-GO,palavras
2026,Atlético-GO,109610,Guilherme Marques,3,0.21,0,0,0,0,1,0.0,1,0,1,1,4,guilherme marques,Atlético-GO,exato
2026,Atlético-GO,981595,Gustavo Coutinho,14,0.89,0,0,0,0,5,0.62,0,0,0,0,14,gustavo coutinho,Atlético-GO,exato
2026,Atlético-GO,1023049,Gustavo Maia,4,0.15,0,0,0,0,0,0.0,0,0,0,0,4,gustavo maia,Atlético-GO,exato
2026,Atlético-GO,1047819,Henrique Freitas,2,0.15,0,0,0,0,0,0.02,0,0,0,0,2,henrique freitas,Atlético-GO,exato
2026,Atlético-GO,865400,Igor Henrique,3,0.09,0,0,0,0,0,0.08,0,0,0,0,3,igor henrique,Atlético-GO,exato
2026,Atlético-GO,979864,Indio,2,0.34,0,0,0,0,0,0.0,0,0,0,0,2,,,sem casar
2026,Atlético-GO,1128847,Jader Gentil,2,0.04,0,0,0,0,0,0.0,0,0,0,0,2,jader,Atlético-GO,palavras
2026,Atlético-GO,362966,João Pedro Silva,2,0.13,1,0,1,0,0,0.0,0,0,0,0,2,joao pedro,Atlético-GO,palavras
2026,Atlético-GO,1173455,Junior Barreto,8,0.42,0,0,0,0,0,0.42,0,0,0,0,8,j barreto,Atlético-GO,palavras
2026,Atlético-GO,1888591,Klebert,2,0.06,1,0,0,1,0,0.0,0,0,0,0,2,klebert,Atlético-GO,exato
2026,Atlético-GO,871013,Leandro Vilela,2,0.18,0,0,0,0,0,0.18,0,0,0,0,2,leandro vilela,Atlético-GO,exato
2026,Atlético-GO,1462709,Leo Jacó,4,1.64,2,1,1,0,0,1.07,0,0,0,0,4,leo jaco,Atlético-GO,exato
2026,Atlético-GO,926871,Marrony,9,1.13,0,0,0,0,0,0.32,0,0,0,0,9,marrony,Atlético-GO,exato
2026,Atlético-GO,1175603,Natã,1,0.01,0,0,0,0,0,0.01,0,0,0,0,1,nata,Atlético-GO,exato
2026,Atlético-GO,1010635,Netinho,6,0.15,0,0,0,0,0,0.0,1,1,0,1,7,netinho,Atlético-GO,exato
2026,Atlético-GO,1049781,Peixoto,4,0.15,0,0,0,0,0,0.12,0,0,0,0,4,,,sem casar
2026,Atlético-GO,2034254,Redney Emanuel de Jesus Assis,1,0.03,0,0,0,0,0,0.0,0,0,0,0,1,,,sem casar
2026,Atlético-GO,1105307,Tito,9,0.79,0,0,0,0,0,0.65,1,1,0,0,10,tito,Atlético-GO,exato
2026,Atlético-GO,986945,Warley,0,0.0,0,0,0,0,0,0.0,2,2,0,1,2,warley,Atlético-GO,exato
2026,Avaí,809194,Allyson,7,0.81,1,1,1,0,0,0.64,0,0,0,0,7,allyson,Avaí,exato
2026,Avaí,2055361,Bruno Baldini,6,0.93,0,0,0,0,0,0.7,0,0,0,0,6,b baldini,Avaí,palavras
2026,Avaí,215954,Cristiano,2,0.07,0,0,0,0,0,0.0,0,0,0,0,2,cristiano,Avaí,exato
2026,Avaí,862256,Daniel Penha,11,0.55,0,0,0,0,1,0.0,0,0,0,0,11,daniel penha,Avaí,exato
2026,Avaí,1609565,Douglas Teixeira,11,1.34,1,0,1,0,0,0.13,1,0,1,1,12,,,sem casar
2026,Avaí,308058,Felipe Avenatti,1,0.14,1,0,1,0,0,0.0,0,0,0,0,1,f avenatti,Avaí,palavras
2026,Avaí,839635,Felipe Vizeu,3,0.27,0,0,0,0,0,0.18,0,0,0,0,3,felipe vizeu,Avaí,exato
2026,Avaí,2062666,Gabriel Cipriano,1,0.03,0,0,0,0,0,0.0,0,0,0,0,1,gabriel cipriano,Avaí,exato
2026,Avaí,2424221,Gabriel Simples,1,0.01,0,0,0,0,0,0.01,0,0,0,0,1,gabriel simples,Avaí,exato
2026,Avaí,1845365,Guilherme Aquino,5,0.32,0,0,0,0,0,0.15,0,0,0,0,5,,,sem casar
2026,Avaí,1656040,Hyan,1,0.02,0,0,0,0,0,0.02,0,0,0,0,1,hyan,Avaí,exato
2026,Avaí,2030554,Isaías Pereira,3,0.26,0,0,0,0,0,0.2,0,0,0,0,3,isaias,Avaí,palavras
2026,Avaí,902684,Jean Lucas,7,0.22,0,0,0,0,0,0.0,1,1,0,1,8,jean lucas,Avaí,exato
2026,Avaí,1199426,Jefferson Maciel,5,0.74,0,0,0,0,0,0.61,0,0,0,0,5,jefferson maciel,Avaí,exato
2026,Avaí,1643776,Joao Vitor,2,0.03,0,0,0,0,0,0.0,0,0,0,0,2,joao vitor,Avaí,exato
2026,Avaí,1015283,Luiz Henrique,4,0.08,0,0,0,0,1,0.0,0,0,0,0,4,luiz henrique,Avaí,exato
2026,Avaí,808786,Léo Gamalho,2,0.07,0,0,0,0,0,0.07,0,0,0,0,2,leo gamalho,Avaí,exato
2026,Avaí,874360,Mateus Quaresma,1,0.02,0,0,0,0,0,0.0,0,0,0,0,1,mateus quaresma,Avaí,exato
2026,Avaí,1488136,Paulo Vitor,4,0.48,1,1,0,0,0,0.22,0,0,0,0,4,paulo vitor,Avaí,exato
2026,Avaí,877470,Reynaldo,2,0.42,0,0,0,0,0,0.08,0,0,0,0,2,reynaldo,Avaí,exato
2026,Avaí,1018259,Romildo Del Piage,1,0.49,1,0,1,0,0,0.0,0,0,0,0,1,del piage,Avaí,palavras
2026,Avaí,1897879,Sorriso,2,0.15,0,0,0,0,0,0.09,0,0,0,0,2,sorriso,Avaí,exato
2026,Avaí,1633708,Thayllon Roberth,7,0.41,1,0,1,0,0,0.0,1,1,0,0,8,thayllon roberth,Avaí,exato
2026,Avaí,2436887,Walace dos Santos França,3,0.15,0,0,0,0,0,0.02,0,0,0,0,3,walace,Avaí,palavras
2026,Avaí,988671,Wallison,4,0.18,0,0,0,0,0,0.03,1,1,0,0,5,wallison,Avaí,exato
2026,Avaí,1019166,Wenderson,4,0.06,0,0,0,0,0,0.0,0,0,0,0,4,wenderson,Avaí,exato
2026,Avaí,994479,Wesley Gasolina,1,0.03,0,0,0,0,0,0.0,0,0,0,0,1,wesley gasolina,Avaí,exato
2026,Avaí,2437584,William Fernando,1,0.02,0,0,0,0,0,0.02,0,0,0,0,1,william,Avaí,palavras
2026,Avaí,840132,Zé Ricardo,1,0.02,0,0,0,0,0,0.0,0,0,0,0,1,ze ricardo,Avaí,exato
2026,Botafogo-SP,829832,Arthur Caíke,8,0.57,0,0,0,0,0,0.27,0,0,0,0,8,arthur caike,Botafogo-SP,exato
2026,Botafogo-SP,914471,Ericson da Silva,2,0.19,0,0,0,0,0,0.02,0,0,0,0,2,ericson,Botafogo-SP,palavras
2026,Botafogo-SP,928137,Everton Morelli,26,2.97,5,3,3,0,0,1.2,0,0,0,0,26,everton morelli,Botafogo-SP,exato
2026,Botafogo-SP,1047680,Gabriel Inocêncio,3,0.07,0,0,0,0,0,0.0,0,0,0,0,3,gabriel inocencio,Botafogo-SP,exato
2026,Botafogo-SP,840040,Guilherme Queiróz,1,0.03,0,0,0,0,0,0.03,0,0,0,0,1,guilherme queiroz,Botafogo-SP,exato
2026,Botafogo-SP,2027332,Hebert Willian  Badaró Oliveira,1,0.07,1,1,0,0,0,0.07,0,0,0,0,1,badaro,Botafogo-SP,palavras
2026,Botafogo-SP,832472,Hygor,13,1.49,2,2,1,0,0,1.13,0,0,0,0,13,hygor,Botafogo-SP,exato
2026,Botafogo-SP,835259,Jefferson Nem,1,0.0,0,0,0,0,0,0.0,0,0,0,0,1,jefferson nem,Botafogo-SP,exato
2026,Botafogo-SP,869675,Kelvin,7,0.22,0,0,0,0,0,0.0,1,1,0,1,8,kelvin,Botafogo-SP,exato
2026,Botafogo-SP,840847,Leandro Maciel,11,0.21,0,0,0,0,0,0.0,0,0,0,0,11,l maciel,Botafogo-SP,palavras
2026,Botafogo-SP,1126962,Luizão,1,0.03,0,0,0,0,1,0.03,0,0,0,0,1,luizao,Botafogo-SP,exato
2026,Botafogo-SP,1185811,Marco Antonio Batistussi,4,0.34,0,0,0,0,0,0.0,0,0,0,0,4,marco antonio,Botafogo-SP,palavras
2026,Botafogo-SP,822935,Matheus Sales,1,0.04,0,0,0,0,0,0.0,0,0,0,0,1,matheus sales,Botafogo-SP,exato
2026,Botafogo-SP,871192,Patrick Brey,11,0.72,3,2,2,1,0,0.17,2,2,0,2,13,patrick brey,Botafogo-SP,exato
2026,Botafogo-SP,2364097,Pedrinho,2,0.16,0,0,0,0,0,0.0,1,0,0,1,3,,,sem casar
2026,Botafogo-SP,870920,Rafael Gava,10,0.52,1,0,0,1,1,0.0,4,2,2,4,14,rafael gava,Botafogo-SP,exato
2026,Botafogo-SP,1131921,Thiago Moraes,1,0.03,0,0,0,0,0,0.0,0,0,0,0,1,thiago moraes,Botafogo-SP,exato
2026,Botafogo-SP,1177012,Vilar,25,3.23,3,2,2,0,0,2.3,0,0,0,0,25,vilar,Botafogo-SP,exato
2026,Botafogo-SP,800407,Wallace,11,0.4,0,0,0,0,0,0.18,0,0,0,0,11,wallace,Botafogo-SP,exato
2026,Botafogo-SP,1067632,Wesley Pinheiro,5,0.14,1,0,0,1,0,0.0,1,1,0,1,6,wesley pinheiro,Botafogo-SP,exato
2026,Botafogo-SP,2052653,Yuri Felipe Santos da Conceicao,2,0.03,0,0,0,0,0,0.0,0,0,0,0,2,,,sem casar
2026,Botafogo-SP,1166468,Zé Hugo,7,0.24,0,0,0,0,0,0.0,1,1,0,1,8,ze hugo,Botafogo-SP,exato
2026,CRB,312114,Bressan,8,1.28,2,0,2,0,0,0.72,0,0,0,0,8,bressan,CRB,exato
2026,CRB,869676,Crystopher,8,0.26,1,1,1,0,0,0.04,0,0,0,0,8,crystopher,CRB,exato
2026,CRB,926786,Dadá Belmonte,16,0.69,0,0,0,0,0,0.0,2,2,0,1,18,dada belmonte,CRB,exato
2026,CRB,840218,Danielzinho,8,0.51,1,0,1,0,0,0.0,2,1,1,1,10,danielzinho,CRB,exato
2026,CRB,981295,Diogo Hereda,6,0.12,0,0,0,0,0,0.0,0,0,0,0,6,hereda,CRB,palavras
2026,CRB,795035,Douglas Baggio,2,0.38,0,0,0,0,1,0.16,0,0,0,0,2,douglas baggio,CRB,exato
2026,CRB,911436,Fábio Alemão,2,0.04,0,0,0,0,0,0.04,0,0,0,0,2,fabio alemao,CRB,exato
2026,CRB,1018095,Guilherme Pato,2,0.05,0,0,0,0,0,0.0,0,0,0,0,2,guilherme pato,CRB,exato
2026,CRB,1002459,Henri Santos,3,0.07,0,0,0,0,0,0.07,0,0,0,0,3,henri,CRB,palavras
2026,CRB,810691,Kevin,1,0.01,0,0,0,0,0,0.0,0,0,0,0,1,kevin,CRB,exato
2026,CRB,125034,Leo Campos,3,0.08,0,0,0,0,0,0.0,1,0,0,1,4,leo campos,CRB,exato
2026,CRB,810689,Lucas Lovat,9,0.22,0,0,0,0,0,0.0,0,0,0,0,9,lucas lovat,CRB,exato
2026,CRB,291707,Luiz Phellype,2,0.13,1,1,0,0,0,0.1,0,0,0,0,2,l phellype,CRB,parecido
2026,CRB,885854,Luizão,2,0.08,0,0,0,0,0,0.08,0,0,0,0,2,luizao,CRB,exato
2026,CRB,1463561,Lyncon,8,0.74,0,0,0,0,0,0.64,0,0,0,0,8,lyncon,CRB,exato
2026,CRB,994017,Mikael,27,1.96,3,2,2,1,4,0.65,0,0,0,0,27,mikael,CRB,exato
2026,CRB,979868,Patrick De Lucca,6,0.53,0,0,0,0,0,0.43,0,0,0,0,6,patrick de lucca,CRB,exato
2026,CRB,243185,Pedro Castro,12,0.7,0,0,0,0,0,0.26,0,0,0,0,12,pedro castro,CRB,exato
2026,CRB,865380,Reverson,1,0.01,0,0,0,0,0,0.0,0,0,0,0,1,reverson,CRB,exato
2026,CRB,981296,Thiaguinho,9,0.81,1,0,0,0,0,0.15,2,2,0,1,11,thiaguinho,CRB,exato
2026,CRB,871205,Vinicius Barata,1,0.02,0,0,0,0,0,0.0,0,0,0,0,1,vinicius barata,CRB,exato
2026,CRB,1843731,Wallace,4,0.46,0,0,0,0,0,0.4,0,0,0,0,4,wallace,CRB,exato
2026,CRB,924424,Ygor Catatau,1,0.02,0,0,0,0,0,0.02,0,0,0,0,1,,,sem casar
2026,Ceará,335187,Alex Silva,1,0.04,0,0,0,0,0,0.0,0,0,0,0,1,alex silva,América-MG,"exato, outro clube na base"
2026,Ceará,882748,Bryan Borges,5,0.13,0,0,0,0,0,0.05,0,0,0,0,5,bryan,Ceará,palavras
2026,Ceará,1016930,Dieguinho,4,0.12,0,0,0,0,0,0.0,0,0,0,0,4,dieguinho,Ceará,exato
2026,Ceará,1631189,Enzo Valentim Lodovico,1,0.08,1,0,0,0,0,0.0,0,0,0,0,1,enzo lodovico,Ceará,palavras
2026,Ceará,871219,Fernandinho,1,0.03,0,0,0,0,0,0.0,0,0,0,0,1,fernandinho,Ceará,exato
2026,Ceará,1017746,Fernando,5,0.21,0,0,0,0,0,0.0,0,0,0,0,5,fernando,Ceará,exato
2026,Ceará,1591290,Gabriel Silva Rocha,2,0.24,1,1,1,0,0,0.24,0,0,0,0,2,gabriel rocha,Ceará,palavras
2026,Ceará,1631766,Giulio,2,0.19,0,0,0,0,0,0.0,0,0,0,0,2,giulio,Ceará,exato
2026,Ceará,2118168,João Gabriel,3,0.14,0,0,0,0,0,0.01,0,0,0,0,3,joao gabriel,Ceará,exato
2026,Ceará,875906,Juan Alano,1,0.02,0,0,0,0,0,0.0,0,0,0,0,1,juan alano,Sport,"exato, outro clube na base"
2026,Ceará,1185832,Júlio César,8,0.71,2,2,2,0,0,0.56,0,0,0,0,8,julio cesar,Ceará,exato
2026,Ceará,1657072,Kauã Ziegler,1,0.03,0,0,0,0,0,0.0,0,0,0,0,1,kaua,Ceará,palavras
2026,Ceará,1048254,Lucas Lima,3,0.46,0,0,0,0,0,0.35,0,0,0,0,3,,,sem casar
2026,Ceará,249881,Lucas Mugni,1,0.05,0,0,0,0,0,0.0,1,1,0,1,2,lucas mugni,Ceará,exato
2026,Ceará,1199435,Lucca,10,0.53,0,0,0,0,0,0.4,0,0,0,0,10,lucca,Ceará,exato
2026,Ceará,871204,Luiz Otávio,1,0.04,0,0,0,0,0,0.04,0,0,0,0,1,luiz otavio,Ceará,homonimo
2026,Ceará,874778,Luiz Otávio,22,1.41,2,2,2,0,0,1.02,0,0,0,0,22,luiz otavio,Ceará,homonimo
2026,Ceará,1002617,Matheus Araújo,4,0.25,0,0,0,0,0,0.0,0,0,0,0,4,matheus araujo,Ceará,exato
2026,Ceará,822523,Matheusinho,5,0.15,0,0,0,0,0,0.0,0,0,0,0,5,matheusinho,Atlético-GO,"exato, outro clube na base"
2026,Ceará,2440251,Melk,15,1.3,0,0,0,0,0,0.0,3,3,0,3,18,melk,Ceará,exato
2026,Ceará,1190330,Nicolás Ferreira,2,0.14,0,0,0,0,0,0.0,0,0,0,0,2,nicolas ferreira,Ceará,exato
2026,Ceará,2025593,Pedro Esli da Silva,1,0.08,0,0,0,0,0,0.08,0,0,0,0,1,pedro,Ceará,palavras
2026,Ceará,219190,Pedro Henrique,2,0.1,0,0,0,0,0,0.0,0,0,0,0,2,pedro,Ceará,palavras
2026,Ceará,788195,Rafael Ramos,2,0.03,0,0,0,0,0,0.0,0,0,0,0,2,rafael ramos,Ceará,exato
2026,Ceará,926513,Renzo López,2,0.36,0,0,0,0,0,0.36,0,0,0,0,2,r lopez,Ceará,palavras
2026,Ceará,870758,Richardson,1,0.02,0,0,0,0,0,0.0,0,0,0,0,1,richardson,Ceará,exato
2026,Ceará,869573,Saulo Mineiro,1,0.06,0,0,0,0,0,0.0,0,0,0,0,1,,,sem casar
2026,Ceará,870753,Sánchez,7,0.45,0,0,0,0,0,0.21,0,0,0,0,7,sanchez,Ceará,exato
2026,Ceará,866369,Sávio,2,0.07,0,0,0,0,0,0.0,0,0,0,0,2,savio,Ceará,exato
2026,Ceará,1109577,Thalisson Gabriel,1,0.05,0,0,0,0,0,0.05,0,0,0,0,1,thalisson,Ceará,palavras
2026,Ceará,1101714,Vina,8,0.46,0,0,0,0,0,0.09,0,0,0,0,8,vina,Ceará,exato
2026,Ceará,973841,Vinicius Zanocelo,4,0.21,0,0,0,0,1,0.2,0,0,0,0,4,vinicius zanocelo,Ceará,exato
2026,Ceará,937265,Wendel,2,0.09,0,0,0,0,0,0.0,0,0,0,0,2,,,sem casar
2026,Ceará,842072,Éder,7,0.14,0,0,0,0,0,0.14,0,0,0,0,7,eder,Ceará,exato
2026,Criciúma,551810,Bruno Alves,8,0.87,2,1,1,0,0,0.52,0,0,0,0,8,bruno alves,Criciúma,exato
2026,Criciúma,831516,Cauê,3,0.37,1,1,1,0,0,0.34,0,0,0,0,3,caue,Criciúma,exato
2026,Criciúma,329107,César Martins,13,2.01,1,0,0,0,0,1.23,0,0,0,0,13,cesar martins,Criciúma,exato
2026,Criciúma,344077,Diego Gonçalves,5,1.51,0,0,0,0,0,1.38,0,0,0,0,5,diego goncalves,Criciúma,exato
2026,Criciúma,870800,Eduardo Biasi,1,0.04,0,0,0,0,0,0.0,0,0,0,0,1,eduardo,Criciúma,palavras
2026,Criciúma,865321,Fellipe Mateus,7,0.54,0,0,0,0,0,0.04,0,0,0,0,7,fellipe mateus,Criciúma,exato
2026,Criciúma,1148301,Guilherme Lobo,6,0.1,0,0,0,0,0,0.0,1,0,0,0,7,guilherme lobo,Criciúma,exato
2026,Criciúma,1914330,Hiago Alves,3,0.34,0,0,0,0,0,0.0,0,0,0,0,3,hiago alves,Criciúma,exato
2026,Criciúma,848630,Jean Irmer,2,0.02,0,0,0,0,0,0.0,0,0,0,0,2,jean irmer,Criciúma,exato
2026,Criciúma,998494,Jhonata Robert,3,0.06,0,0,0,0,1,0.0,0,0,0,0,3,jhonata robert,Criciúma,exato
2026,Criciúma,1462654,João Carlos,1,0.0,0,0,0,0,0,0.0,0,0,0,0,1,joao carlos,Criciúma,exato
2026,Criciúma,845110,Luciano Castan,6,0.89,1,1,1,0,0,0.89,0,0,0,0,6,luciano castan,Criciúma,exato
2026,Criciúma,783490,Marcelo Hermes,18,0.58,1,0,0,0,0,0.05,0,0,0,0,18,marcelo hermes,Criciúma,exato
2026,Criciúma,840148,Marcinho,3,0.16,0,0,0,0,0,0.0,0,0,0,0,3,marcinho,Criciúma,exato
2026,Criciúma,866564,Nicolas,6,0.58,1,1,1,0,0,0.58,0,0,0,0,6,nicolas,Criciúma,exato
2026,Criciúma,886773,Rodrigo Fagundes,12,1.56,0,0,0,0,0,1.18,0,0,0,0,12,rodrigo,Criciúma,palavras
2026,Criciúma,870578,Romarinho,1,0.03,0,0,0,0,0,0.0,2,1,1,1,3,romarinho,Criciúma,exato
2026,Criciúma,931521,Ronald,1,0.02,0,0,0,0,0,0.0,0,0,0,0,1,ronald,Criciúma,exato
2026,Criciúma,1927514,Ruan Rodrigues Carvalho,3,0.64,0,0,0,0,0,0.35,0,0,0,0,3,ruan carvalho,Criciúma,palavras
2026,Criciúma,845323,Rómulo Otero,30,0.97,2,0,0,2,1,0.0,2,2,0,2,32,romulo otero,Criciúma,exato
2026,Criciúma,2207925,Thiaguinho,1,0.01,0,0,0,0,0,0.0,0,0,0,0,1,thiaguinho,Criciúma,exato
2026,Criciúma,924251,Waguininho,13,0.99,0,0,0,0,0,0.78,0,0,0,0,13,waguininho,Criciúma,exato
2026,Criciúma,868076,Willean Lepo,7,0.42,1,1,1,0,0,0.32,0,0,0,0,7,willean lepo,Criciúma,exato
2026,Criciúma,877626,Yuri,2,0.08,0,0,0,0,0,0.08,0,0,0,0,2,yuri,Atlético-GO,"exato, outro clube na base"
2026,Cuiabá,1645786,Calebe Costa,13,0.72,1,0,1,0,0,0.0,0,0,0,0,13,calebe costa,Cuiabá,exato
2026,Cuiabá,1633878,David,8,0.28,0,0,0,0,0,0.08,0,0,0,0,8,david,Cuiabá,exato
2026,Cuiabá,1391413,Eliel,3,0.18,0,0,0,0,0,0.05,0,0,0,0,3,eliel,Cuiabá,exato
2026,Cuiabá,1640518,Eric,2,0.21,1,0,1,0,0,0.0,0,0,0,0,2,eric,Cuiabá,exato
2026,Cuiabá,909487,Fábio Gomes,5,0.14,0,0,0,0,0,0.02,0,0,0,0,5,fabio gomes,Cuiabá,exato
2026,Cuiabá,1465498,Gabriel Knesowitsch,2,0.07,0,0,0,0,0,0.07,0,0,0,0,2,gabriel,Cuiabá,palavras
2026,Cuiabá,976884,Hernandes,4,0.41,0,0,0,0,0,0.0,1,1,0,0,5,hernandes,Cuiabá,exato
2026,Cuiabá,1145122,Igor Inocencio,6,0.21,0,0,0,0,0,0.13,1,1,0,1,7,igor inocencio,Cuiabá,exato
2026,Cuiabá,1047201,Jean Dias,4,0.14,0,0,0,0,0,0.0,0,0,0,0,4,jean dias,Cuiabá,exato
2026,Cuiabá,850955,João Basso,12,1.2,2,2,2,0,0,0.85,1,0,1,1,13,joao basso,Cuiabá,exato
2026,Cuiabá,1631777,Kauan Cristtyan,6,0.24,0,0,0,0,0,0.02,0,0,0,0,6,kauan cristtyan,Cuiabá,exato
2026,Cuiabá,2114147,Lorenzo,2,0.04,0,0,0,0,0,0.0,0,0,0,0,2,lorenzo,Cuiabá,exato
2026,Cuiabá,1632328,Luisão,1,0.02,0,0,0,0,0,0.02,0,0,0,0,1,luisao,Cuiabá,exato
2026,Cuiabá,870111,Luiz Otavio,2,0.04,0,0,0,0,0,0.0,0,0,0,0,2,luiz otavio,Cuiabá,exato
2026,Cuiabá,870933,Marlon Lopes,5,0.14,1,0,0,0,0,0.0,0,0,0,0,5,marlon,Cuiabá,palavras
2026,Cuiabá,904837,Mateus Criciuma,4,0.83,0,0,0,0,0,0.0,0,0,0,0,4,mateus criciuma,Cuiabá,exato
2026,Cuiabá,77375,Nino Paraíba,2,0.1,0,0,0,0,0,0.0,0,0,0,0,2,nino paraiba,Londrina,"exato, outro clube na base"
2026,Cuiabá,911263,Pedro Henrique,4,0.17,0,0,0,0,0,0.13,0,0,0,0,4,pedro henrique,Cuiabá,exato
2026,Cuiabá,946945,Pepê,5,0.2,0,0,0,0,0,0.0,3,2,0,2,8,pepe,Cuiabá,exato
2026,Cuiabá,1047213,Railan,7,0.81,0,0,0,0,0,0.64,0,0,0,0,7,railan,Cuiabá,exato
2026,Cuiabá,870760,Raul,4,0.1,0,0,0,0,0,0.0,0,0,0,0,4,raul,Cuiabá,exato
2026,Cuiabá,954327,Rodrigo Rodrigues,11,0.54,0,0,0,0,0,0.2,0,0,0,0,11,rodrigo rodrigues,Cuiabá,exato
2026,Cuiabá,1520882,Victor Hugo,1,0.01,0,0,0,0,0,0.0,0,0,0,0,1,victor hugo,Londrina,"exato, outro clube na base"
2026,Cuiabá,1875994,Vinicius Peixoto,6,1.02,1,1,0,0,0,0.95,0,0,0,0,6,vinicius peixoto,Cuiabá,exato
2026,Cuiabá,988873,Vitor Mendes,7,0.7,2,1,2,0,0,0.62,0,0,0,0,7,vitor mendes,Cuiabá,exato
2026,Cuiabá,1106499,Weverson,3,0.04,0,0,0,0,0,0.03,0,0,0,0,3,weverson,Cuiabá,exato
2026,Cuiabá,323557,Yamil Asad,1,0.04,0,0,0,0,0,0.0,0,0,0,0,1,yamil asad,Cuiabá,exato
2026,Fortaleza,789395,Emanuel Brítez,3,0.37,0,0,0,0,0,0.1,0,0,0,0,3,e britez,Fortaleza,palavras
2026,Fortaleza,927551,Gabriel Fuentes,1,0.04,0,0,0,0,0,0.0,0,0,0,0,1,gabriel fuentes,Fortaleza,exato
2026,Fortaleza,1003721,Juan Miritello,9,0.76,1,1,1,0,0,0.71,0,0,0,0,9,j miritello,Fortaleza,parecido
2026,Fortaleza,1868762,Kauã Rocha,1,0.02,0,0,0,0,0,0.02,0,0,0,0,1,kaua rocha,Fortaleza,exato
2026,Fortaleza,986064,Luan Freitas,2,0.17,0,0,0,0,0,0.17,0,0,0,0,2,luan freitas,Fortaleza,exato
2026,Fortaleza,795178,Lucas Crispim,1,0.01,0,0,0,0,0,0.0,0,0,0,0,1,lucas crispim,Fortaleza,exato
2026,Fortaleza,1103705,Lucas Gazal,13,0.83,0,0,0,0,0,0.83,1,0,1,1,14,lucas gazal,Fortaleza,exato
2026,Fortaleza,123225,Lucas Sasha,2,0.18,0,0,0,0,0,0.14,0,0,0,0,2,lucas sasha,Fortaleza,exato
2026,Fortaleza,1631235,Lucca Prior,1,0.02,0,0,0,0,0,0.02,0,0,0,0,1,lucca prior,Fortaleza,exato
2026,Fortaleza,874143,Luiz Fernando,7,0.88,0,0,0,0,1,0.27,0,0,0,0,7,luiz fernando,Fortaleza,exato
2026,Fortaleza,1118234,Maurício Júnior,3,0.09,0,0,0,0,0,0.0,0,0,0,0,3,mauricio,Fortaleza,palavras
2026,Fortaleza,1197893,Maurício Lima,3,0.06,0,0,0,0,0,0.03,1,1,0,0,4,mauricio,Fortaleza,palavras
2026,Fortaleza,973857,Maílton,10,0.39,0,0,0,0,3,0.0,1,1,0,1,11,mailton,Fortaleza,exato
2026,Fortaleza,934638,Nathan Fogaça,1,0.08,0,0,0,0,0,0.0,0,0,0,0,1,nathan fogaca,Fortaleza,exato
2026,Fortaleza,840247,Neris,1,0.19,1,1,0,0,0,0.19,0,0,0,0,1,neris,Fortaleza,exato
2026,Fortaleza,1174206,Paulo Baya,7,0.25,0,0,0,0,0,0.0,0,0,0,0,7,paulo baya,Fortaleza,exato
2026,Fortaleza,219190,Pedro Henrique,3,0.08,0,0,0,0,0,0.02,0,0,0,0,3,pedro henrique,Fortaleza,exato
2026,Fortaleza,1017710,Pierre,1,0.11,0,0,0,0,0,0.0,0,0,0,0,1,pierre,Fortaleza,exato
2026,Fortaleza,1173040,Rodrigo Santos,10,0.85,0,0,0,0,0,0.72,0,0,0,0,10,rodrigo santos,Fortaleza,exato
2026,Fortaleza,1174770,Rodriguinho,2,0.02,0,0,0,0,0,0.0,0,0,0,0,2,rodriguinho,Fortaleza,exato
2026,Fortaleza,1587711,Ronald,1,0.02,0,0,0,0,0,0.0,0,0,0,0,1,ronald,Fortaleza,exato
2026,Fortaleza,1170779,Ryan Gustavo,1,0.02,0,0,0,0,0,0.0,0,0,0,0,1,ryan,Fortaleza,palavras
2026,Fortaleza,849020,Tomás Cardona,4,0.18,0,0,0,0,0,0.16,0,0,0,0,4,t cardona,Fortaleza,palavras
2026,Fortaleza,1066721,Vitinho,5,0.27,1,0,1,0,0,0.08,0,0,0,0,5,vitinho,Fortaleza,exato
2026,Fortaleza,989892,Welliton,3,0.35,0,0,0,0,0,0.34,0,0,0,0,3,,,sem casar
2026,Goiás,125032,Anselmo Ramon,5,1.38,2,1,1,0,1,0.24,1,0,0,0,6,anselmo ramon,Goiás,exato
2026,Goiás,1171645,Brayann,2,0.08,0,0,0,0,0,0.0,0,0,0,0,2,brayann,Goiás,exato
2026,Goiás,1199473,Cadu,2,0.3,0,0,0,0,1,0.12,1,0,0,0,3,cadu,Goiás,exato
2026,Goiás,1468270,Diego Caito,1,0.11,0,0,0,0,0,0.0,0,0,0,0,1,diego caito,Goiás,exato
2026,Goiás,973933,Djalma,9,0.65,0,0,0,0,0,0.53,0,0,0,0,9,,,sem casar
2026,Goiás,1019977,Esli García,3,0.13,1,0,1,0,0,0.0,2,1,0,2,5,e garcia,Goiás,palavras
2026,Goiás,844601,Filipe Machado,2,0.19,0,0,0,0,0,0.0,0,0,0,0,2,filipe machado,Goiás,exato
2026,Goiás,335807,Gegê,6,0.27,1,0,0,1,0,0.0,0,0,0,0,6,gege,Goiás,exato
2026,Goiás,1588737,Jean Carlos,8,0.61,1,0,0,0,0,0.02,0,0,0,0,8,jean carlos,Goiás,exato
2026,Goiás,330691,Juninho,1,0.68,0,0,0,0,0,0.68,0,0,0,0,1,juninho,Goiás,exato
2026,Goiás,2440936,Kadu,8,0.69,2,1,1,0,0,0.19,0,0,0,0,8,kadu,Goiás,exato
2026,Goiás,879871,Lourenço,17,0.62,0,0,0,0,0,0.0,0,0,0,0,17,lourenco,Goiás,exato
2026,Goiás,244589,Lucas Lima,3,0.1,0,0,0,0,0,0.0,0,0,0,0,3,lucas lima,Goiás,exato
2026,Goiás,945578,Lucas Ribeiro,2,0.08,0,0,0,0,0,0.08,0,0,0,0,2,lucas ribeiro,Goiás,exato
2026,Goiás,1888138,Lucas Rodrigues,1,0.03,0,0,0,0,0,0.0,0,0,0,0,1,lucas rodrigues,Goiás,exato
2026,Goiás,1467379,Luis Fellipe,3,0.22,0,0,0,0,0,0.22,0,0,0,0,3,luiz felipe,Goiás,parecido
2026,Goiás,831993,Luiz Felipe,11,0.68,0,0,0,0,0,0.48,0,0,0,0,11,luiz felipe,Goiás,exato
2026,Goiás,841336,Nicolas,4,0.12,0,0,0,0,0,0.02,0,0,0,0,4,nicolas,Goiás,exato
2026,Goiás,1217904,Pedrinho,1,0.02,0,0,0,0,0,0.0,0,0,0,0,1,pedrinho,Goiás,exato
2026,Goiás,839516,Ramon Menezes,6,0.49,0,0,0,0,0,0.38,0,0,0,0,6,ramon menezes,Goiás,exato
2026,Goiás,804765,Rodrigo Soares,3,0.05,0,0,0,0,0,0.0,0,0,0,0,3,rodrigo soares,Goiás,exato
2026,Goiás,552172,Tadeu,0,0.0,0,0,0,0,2,0.0,0,0,0,0,0,tadeu,Goiás,exato
2026,Juventude,584432,Aderlan,3,0.08,0,0,0,0,0,0.0,1,0,1,1,4,aderlan,Juventude,exato
2026,Juventude,39656,Alan Kardec,4,0.44,2,2,1,0,0,0.4,0,0,0,0,4,alan kardec,Juventude,exato
2026,Juventude,870927,Alisson Safira,14,1.45,2,1,0,0,1,0.92,1,1,0,0,15,alisson safira,Juventude,exato
2026,Juventude,243107,Diogo Barbosa,1,0.04,0,0,0,0,0,0.0,0,0,0,0,1,diogo barbosa,Juventude,exato
2026,Juventude,1200923,Fábio Lima,7,0.29,0,0,0,0,0,0.02,1,1,0,0,8,fabio lima,Juventude,exato
2026,Juventude,975380,Gabriel Barbosa Pinheiro,2,0.12,1,1,1,0,0,0.12,0,0,0,0,2,gabriel pinheiro,Juventude,palavras
2026,Juventude,178407,Gabriel Pires,3,0.13,0,0,0,0,0,0.08,0,0,0,0,3,gabriel pires,Juventude,exato
2026,Juventude,2120751,Luan Martins Gonçalves,6,0.32,0,0,0,0,0,0.05,1,0,1,0,7,luan goncalves,Juventude,palavras
2026,Juventude,840077,Lucas Mineiro,2,0.06,0,0,0,0,0,0.02,0,0,0,0,2,lucas mineiro,Juventude,exato
2026,Juventude,340265,Luis Amarilla,1,0.04,0,0,0,0,0,0.04,0,0,0,0,1,l amarilla,Juventude,parecido
2026,Juventude,1116677,Luis Mandaca,3,0.2,0,0,0,0,1,0.07,0,0,0,0,3,mandaca,Juventude,palavras
2026,Juventude,340143,Manuel Castro,3,0.12,0,0,0,0,0,0.06,1,1,0,1,4,m castro,Juventude,palavras
2026,Juventude,962027,Marcos Paulo,5,0.24,1,0,1,0,0,0.06,0,0,0,0,5,marcos paulo,Juventude,homonimo
2026,Juventude,1170913,Marcos Paulo,13,0.62,0,0,0,0,0,0.28,1,0,1,0,14,marcos paulo,Juventude,homonimo
2026,Juventude,839765,Messias,14,0.98,1,1,1,0,0,0.6,0,0,0,0,14,messias,Juventude,exato
2026,Juventude,931595,Pablo,1,0.04,0,0,0,0,0,0.0,0,0,0,0,1,pablo,Operário-PR,"exato, outro clube na base"
2026,Juventude,1002528,Patryck,2,0.09,0,0,0,0,0,0.0,0,0,0,0,2,patryck,Juventude,exato
2026,Juventude,1175321,Raí,14,0.62,3,0,2,0,0,0.0,3,2,1,3,17,rai,Juventude,exato
2026,Juventude,879591,Raí Ramos,2,0.13,0,0,0,0,0,0.0,0,0,0,0,2,rai ramos,Juventude,exato
2026,Juventude,794640,Rodrigo Sam,6,0.48,0,0,0,0,0,0.4,0,0,0,0,6,rodrigo sam,Juventude,exato
2026,Juventude,243435,Titi,2,0.43,0,0,0,0,0,0.0,0,0,0,0,2,titi,Juventude,exato
2026,Londrina,1470521,André Cardoso,1,0.31,0,0,0,0,0,0.0,0,0,0,0,1,andre cardoso,Londrina,exato
2026,Londrina,1016673,André Luiz,6,0.43,1,1,1,0,0,0.33,0,0,0,0,6,andre luiz,Londrina,exato
2026,Londrina,1105781,Bruno Santos,6,0.72,0,0,0,0,2,0.0,0,0,0,0,6,bruno santos,Londrina,exato
2026,Londrina,1632180,Caio Rodrigues,1,0.24,1,1,1,0,0,0.24,0,0,0,0,1,caio rodrigues,Londrina,exato
2026,Londrina,1177548,Emiliano Rodriguez,1,0.01,0,0,0,0,0,0.01,0,0,0,0,1,e rodriguez,Londrina,palavras
2026,Londrina,1047847,Gabriel Lacerda,7,0.54,1,0,0,0,0,0.14,0,0,0,0,7,gabriel lacerda,Londrina,exato
2026,Londrina,158561,Gilberto,4,0.34,0,0,0,0,1,0.01,0,0,0,0,4,gilberto,Londrina,exato
2026,Londrina,1022300,Guilherme Portuga,5,0.17,0,0,0,0,0,0.06,0,0,0,0,5,guilherme portuga,Londrina,exato
2026,Londrina,870756,Herbert,3,0.28,1,1,0,0,0,0.19,0,0,0,0,3,hebert,Londrina,parecido
2026,Londrina,992611,Heron,10,0.68,0,0,0,0,0,0.28,1,0,1,1,11,heron,Londrina,exato
2026,Londrina,1125099,Iago Teles,12,0.46,1,0,0,0,0,0.0,0,0,0,0,12,iago teles,Londrina,exato
2026,Londrina,1465464,Igor Bahia,2,0.11,1,0,0,0,0,0.08,0,0,0,0,2,,,sem casar
2026,Londrina,1473192,João Andrade,1,0.02,0,0,0,0,0,0.0,1,1,0,1,2,joao andrade,Londrina,exato
2026,Londrina,1400331,João Tavares,1,0.02,0,0,0,0,0,0.0,0,0,0,0,1,,,sem casar
2026,Londrina,1465222,João Vitor,12,0.45,0,0,0,0,1,0.0,4,2,2,2,16,joao vitor,Londrina,homonimo
2026,Londrina,1631271,Kauê Leonardo,2,0.02,0,0,0,0,0,0.0,0,0,0,0,2,kaue leonardo,Londrina,exato
2026,Londrina,931758,Kevyn,3,0.47,0,0,0,0,0,0.22,0,0,0,0,3,kevyn,Londrina,exato
2026,Londrina,796100,Lucas Marques,3,0.09,0,0,0,0,0,0.0,1,1,0,1,4,lucas marques,Londrina,exato
2026,Londrina,550248,Pablo Dyego,2,0.08,0,0,0,0,0,0.02,0,0,0,0,2,pablo dyego,Londrina,exato
2026,Londrina,341145,Paulinho Moccelin,4,0.11,0,0,0,0,0,0.0,0,0,0,0,4,paulinho moccelin,Londrina,exato
2026,Londrina,1485293,Rafael Monteiro,3,0.03,0,0,0,0,0,0.0,0,0,0,0,3,rafael monteiro,Londrina,exato
2026,Londrina,867599,Raí Nascimento,2,0.08,0,0,0,0,0,0.0,0,0,0,0,2,rai,Londrina,palavras
2026,Londrina,946791,Tarik,4,0.65,1,1,1,0,0,0.62,0,0,0,0,4,tarik,Londrina,exato
2026,Londrina,856357,Thalis Cantanhede,6,0.25,0,0,0,0,0,0.0,0,0,0,0,6,thalis,Londrina,palavras
2026,Londrina,2125637,Vitinho,2,0.04,0,0,0,0,0,0.03,1,0,1,0,3,,,sem casar
2026,Londrina,77244,Wallace Reis,6,0.26,0,0,0,0,0,0.11,0,0,0,0,6,wallace,Londrina,palavras
2026,Londrina,243501,William Pottker,3,0.14,0,0,0,0,0,0.07,0,0,0,0,3,william pottker,Londrina,exato
2026,Londrina,1592238,Yago Lincoln,14,1.85,1,1,1,0,0,1.6,0,0,0,0,14,yago lincoln,Londrina,exato
2026,Novorizontino,1467119,Carlinhos,2,0.33,0,0,0,0,0,0.33,0,0,0,0,2,carlinhos,Novorizontino,exato
2026,Novorizontino,922564,Carlão,5,0.73,2,2,1,0,0,0.61,0,0,0,0,5,carlao,Novorizontino,exato
2026,Novorizontino,293235,Christian Ortíz,4,0.17,0,0,0,0,0,0.0,0,0,0,0,4,c ortiz,Novorizontino,palavras
2026,Novorizontino,1476558,Dantas,1,0.02,0,0,0,0,0,0.02,0,0,0,0,1,,,sem casar
2026,Novorizontino,1651675,Diego Galo,8,0.27,0,0,0,0,0,0.0,1,1,0,1,9,diego galo,Novorizontino,exato
2026,Novorizontino,1047223,Diego Mathias,2,0.07,0,0,0,0,0,0.0,1,1,0,0,3,diego mathias,Novorizontino,exato
2026,Novorizontino,866775,Eduardo Brock,2,0.06,0,0,0,0,0,0.03,0,0,0,0,2,eduardo brock,Novorizontino,exato
2026,Novorizontino,1487513,Gabriel Bahia,12,1.58,0,0,0,0,0,1.47,0,0,0,0,12,gabriel bahia,Novorizontino,exato
2026,Novorizontino,1019256,Hélio Borges,1,0.01,0,0,0,0,0,0.0,0,0,0,0,1,helio borges,Novorizontino,exato
2026,Novorizontino,1631875,Jardiel,2,0.34,0,0,0,0,0,0.0,0,0,0,0,2,jardiel,Novorizontino,exato
2026,Novorizontino,1016874,Juninho,8,0.18,1,0,0,0,0,0.0,0,0,0,0,8,juninho,Novorizontino,exato
2026,Novorizontino,1101061,Leo Naldi,8,0.39,0,0,0,0,1,0.02,0,0,0,0,8,leo naldi,Novorizontino,exato
2026,Novorizontino,922570,Luís Oyama,2,0.06,0,0,0,0,0,0.0,0,0,0,0,2,luis oyama,Novorizontino,exato
2026,Novorizontino,243439,Madson,3,0.33,1,1,1,0,0,0.16,1,0,1,1,4,madson,Novorizontino,exato
2026,Novorizontino,981746,Matheus Bianqui,19,2.36,2,2,1,0,0,1.9,0,0,0,0,19,matheus bianqui,Novorizontino,exato
2026,Novorizontino,1836781,Maykon Jesus,5,0.11,0,0,0,0,0,0.0,0,0,0,0,5,maykon,Novorizontino,palavras
2026,Novorizontino,606612,Nicolas Careca,2,0.05,1,1,0,0,0,0.05,0,0,0,0,2,nicolas careca,Novorizontino,exato
2026,Novorizontino,833742,Nilson Castrillón,3,0.12,0,0,0,0,0,0.11,0,0,0,0,3,n castrillon,Novorizontino,palavras
2026,Novorizontino,1148340,Patrick,14,1.61,1,0,1,0,0,0.98,0,0,0,0,14,patrick,Novorizontino,exato
2026,Novorizontino,1647542,Reidiney,7,0.18,0,0,0,0,0,0.08,0,0,0,0,7,reidiney,Novorizontino,exato
2026,Novorizontino,850987,Robson,16,2.42,2,1,1,0,0,0.87,1,1,0,1,17,robson,Novorizontino,exato
2026,Novorizontino,1466533,Ronald Barcellos,2,0.03,0,0,0,0,0,0.0,0,0,0,0,2,ronald barcellos,Novorizontino,exato
2026,Novorizontino,1105078,Rômulo,8,0.88,0,0,0,0,4,0.13,3,1,2,3,11,romulo,Novorizontino,exato
2026,Novorizontino,795014,Sander,4,0.12,0,0,0,0,0,0.03,0,0,0,0,4,sander,Novorizontino,exato
2026,Novorizontino,1836636,Tavinho,2,0.06,0,0,0,0,0,0.0,0,0,0,0,2,tavinho,Novorizontino,exato
2026,Novorizontino,990160,Vinicius Paiva,4,0.25,0,0,0,0,0,0.0,0,0,0,0,4,vinicius paiva,Novorizontino,exato
2026,Náutico,983526,Benjamín Borasi,7,0.84,0,0,0,0,0,0.03,0,0,0,0,7,b borasi,Náutico,palavras
2026,Náutico,1148361,Betão,5,0.28,0,0,0,0,0,0.22,0,0,0,0,5,betao,Náutico,exato
2026,Náutico,1634673,Betão,1,0.03,0,0,0,0,0,0.03,0,0,0,0,1,betao,Náutico,exato
2026,Náutico,924423,Derek Freitas,13,1.02,0,0,0,0,0,0.89,0,0,0,0,13,derek,Náutico,palavras
2026,Náutico,1018871,Dodô,11,0.49,1,0,0,1,1,0.0,2,1,1,2,13,dodo,Náutico,exato
2026,Náutico,1652635,Felipe Cardoso,1,0.03,0,0,0,0,0,0.0,0,0,0,0,1,felipe cardoso,Náutico,exato
2026,Náutico,882076,Felipe Saraiva,1,0.03,0,0,0,0,0,0.0,0,0,0,0,1,felipe saraiva,Náutico,exato
2026,Náutico,1494452,Gustavo Henrique,1,0.07,0,0,0,0,0,0.07,0,0,0,0,1,gustavo henrique,Náutico,exato
2026,Náutico,329057,Igor Fernandes,13,1.29,1,1,0,0,0,1.25,0,0,0,0,13,igor fernandes,Náutico,exato
2026,Náutico,850475,Jean Carlos,19,0.86,0,0,0,0,2,0.0,2,0,2,2,21,jean carlos,Náutico,exato
2026,Náutico,1182919,Kaua Almeida da Costa,17,2.14,1,1,0,0,0,0.42,0,0,0,0,17,,,sem casar
2026,Náutico,1021850,Leonai,3,0.09,0,0,0,0,0,0.0,0,0,0,0,3,leonai,Náutico,exato
2026,Náutico,1655308,Luiz Claudio,2,0.14,1,1,1,0,0,0.14,0,0,0,0,2,luiz claudio,Náutico,exato
2026,Náutico,1111235,Luiz Felipe,5,0.24,0,0,0,0,0,0.09,0,0,0,0,5,luiz felipe,Náutico,exato
2026,Náutico,817554,Luiz Paulo,2,0.19,0,0,0,0,0,0.19,0,0,0,0,2,luiz paulo,Náutico,exato
2026,Náutico,1112488,Léo Índio,2,0.2,1,1,0,0,0,0.07,0,0,0,0,2,leo indio,Náutico,exato
2026,Náutico,870300,Mateus Silva,5,0.3,0,0,0,0,0,0.26,0,0,0,0,5,mateus silva,Náutico,exato
2026,Náutico,794878,Matheus Ribeiro,2,0.09,0,0,0,0,0,0.0,0,0,0,0,2,matheus ribeiro,Náutico,exato
2026,Náutico,34168,Paulo Sérgio,4,0.94,0,0,0,0,0,0.11,1,1,0,1,5,paulo sergio,Náutico,exato
2026,Náutico,958169,Ramon,2,0.11,0,0,0,0,0,0.0,0,0,0,0,2,ramon,Náutico,exato
2026,Náutico,1086990,Ryan,2,0.04,0,0,0,0,0,0.0,0,0,0,0,2,ryan,Náutico,exato
2026,Náutico,1857028,Samuel,3,0.16,0,0,0,0,0,0.13,0,0,0,0,3,samuel,Náutico,exato
2026,Náutico,1634078,Samuel Felix Rodrigues,1,0.12,0,0,0,0,0,0.0,0,0,0,0,1,samuel,Náutico,palavras
2026,Náutico,880215,Todinho,3,0.3,1,1,1,0,0,0.3,0,0,0,0,3,,,sem casar
2026,Náutico,243189,Victor Andrade,5,0.14,0,0,0,0,0,0.0,0,0,0,0,5,victor andrade,Náutico,exato
2026,Náutico,124807,Vinícius,12,0.91,0,0,0,0,1,0.52,0,0,0,0,12,vinicius,Náutico,exato
2026,Náutico,1836052,Vitinho,1,0.02,0,0,0,0,0,0.0,0,0,0,0,1,vitinho,Náutico,exato
2026,Náutico,871476,Wanderson,7,0.96,0,0,0,0,0,0.76,0,0,0,0,7,wanderson,Náutico,exato
2026,Náutico,958676,Wenderson,7,0.18,0,0,0,0,0,0.0,0,0,0,0,7,wenderson,Náutico,exato
2026,Náutico,857733,Yuri,1,0.1,0,0,0,0,0,0.0,0,0,0,0,1,yuri,Atlético-GO,"exato, outro clube na base"
2026,Operário-PR,364528,Aylon,7,0.51,0,0,0,0,0,0.29,0,0,0,0,7,aylon,Operário-PR,exato
2026,Operário-PR,869574,Caio Dantas,1,0.31,0,0,0,0,0,0.0,0,0,0,0,1,caio dantas,Operário-PR,exato
2026,Operário-PR,855966,Edwin Torres,3,0.5,0,0,0,0,0,0.08,0,0,0,0,3,e torres,Operário-PR,palavras
2026,Operário-PR,847089,Felipe Augusto,1,0.06,0,0,0,0,0,0.06,0,0,0,0,1,felipe augusto,Operário-PR,exato
2026,Operário-PR,358540,Gabriel Boschilia,26,0.92,5,0,2,3,4,0.0,0,0,0,0,26,boschilia,Operário-PR,palavras
2026,Operário-PR,1463925,Gabriel Feliciano,8,0.14,0,0,0,0,0,0.0,0,0,0,0,8,gabriel feliciano,Operário-PR,exato
2026,Operário-PR,352880,Hildeberto Pereira,1,0.01,0,0,0,0,0,0.0,0,0,0,0,1,hildeberto pereira,Operário-PR,exato
2026,Operário-PR,981442,Joseph,3,0.06,0,0,0,0,0,0.06,0,0,0,0,3,joseph,Operário-PR,exato
2026,Operário-PR,1098309,José Cuenú,7,0.55,0,0,0,0,0,0.14,0,0,0,0,7,j cuenu,Operário-PR,palavras
2026,Operário-PR,871209,Maguinho,2,0.01,0,0,0,0,0,0.0,0,0,0,0,2,maguinho,Operário-PR,exato
2026,Operário-PR,852556,Matheus Trindade,4,0.26,1,0,1,0,0,0.0,0,0,0,0,4,matheus trindade,Operário-PR,exato
2026,Operário-PR,880134,Maxwell,3,0.1,0,0,0,0,0,0.04,0,0,0,0,3,maxwell,Operário-PR,exato
2026,Operário-PR,1067652,Mikael Doka,5,0.11,0,0,0,0,0,0.0,0,0,0,0,5,mikael doka,Operário-PR,exato
2026,Operário-PR,926868,Miranda,4,1.41,0,0,0,0,0,0.56,0,0,0,0,4,miranda,Operário-PR,exato
2026,Operário-PR,877139,Moraes Júnior,4,0.11,0,0,0,0,0,0.04,0,0,0,0,4,moraes,Operário-PR,palavras
2026,Operário-PR,1148584,Neto Paraíba,4,0.43,0,0,0,0,0,0.0,0,0,0,0,4,neto paraiba,Operário-PR,exato
2026,Operário-PR,374486,Pablo,9,0.52,0,0,0,0,0,0.12,0,0,0,0,9,pablo,Operário-PR,exato
2026,Operário-PR,1652832,Vinicius Diniz,11,0.9,1,1,0,0,0,0.57,0,0,0,0,11,vinicius diniz,Operário-PR,exato
2026,Operário-PR,1148464,Vinícius Diniz,2,0.28,1,1,1,0,0,0.28,0,0,0,0,2,vinicius diniz,Operário-PR,exato
2026,Operário-PR,866721,William Klaus,9,2.19,0,0,0,0,0,1.77,0,0,0,0,9,klaus,Operário-PR,palavras
2026,Operário-PR,981621,Índio,2,0.06,0,0,0,0,0,0.02,1,0,0,1,3,indio,Operário-PR,exato
2026,Ponte Preta,1116646,André Lima,7,0.3,0,0,0,0,0,0.0,0,0,0,0,7,andre lima,Ponte Preta,exato
2026,Ponte Preta,1464655,Brandão,7,0.82,1,0,1,0,0,0.28,0,0,0,0,7,brandao,Ponte Preta,exato
2026,Ponte Preta,882748,Bryan Borges,6,0.22,0,0,0,0,0,0.05,0,0,0,0,6,,,sem casar
2026,Ponte Preta,1109043,Daniel Baianinho,2,0.31,0,0,0,0,0,0.3,0,0,0,0,2,baianinho,Ponte Preta,palavras
2026,Ponte Preta,551576,Danilo Barcelos,11,0.42,0,0,0,0,0,0.0,0,0,0,0,11,danilo barcelos,Ponte Preta,exato
2026,Ponte Preta,1104714,David da Hora,9,1.29,0,0,0,0,0,0.3,0,0,0,0,9,david,Ponte Preta,palavras
2026,Ponte Preta,2440888,Diego Leão,2,0.05,0,0,0,0,0,0.05,0,0,0,0,2,diego leao,Ponte Preta,exato
2026,Ponte Preta,871003,Diego Tavares,6,0.47,1,0,0,0,0,0.0,0,0,0,0,6,diego tavares,Ponte Preta,exato
2026,Ponte Preta,156028,Elvis,19,0.74,0,0,0,0,1,0.0,0,0,0,0,19,elvis,Ponte Preta,exato
2026,Ponte Preta,2440891,Gustavo Almeida,1,0.02,0,0,0,0,0,0.02,0,0,0,0,1,gustavo almeida,Ponte Preta,exato
2026,Ponte Preta,2440893,João Damião,1,0.05,0,0,0,0,0,0.05,0,0,0,0,1,joao damiao,Ponte Preta,exato
2026,Ponte Preta,2440894,Juan,2,0.07,0,0,0,0,0,0.0,0,0,0,0,2,,,sem casar
2026,Ponte Preta,2117906,Juan Rodrigues Leopoldino,1,0.16,0,0,0,0,0,0.16,0,0,0,0,1,juan rodrigues,Ponte Preta,palavras
2026,Ponte Preta,2440896,Julio de Oliveira,1,0.38,0,0,0,0,0,0.0,0,0,0,0,1,julio,Ponte Preta,palavras
2026,Ponte Preta,1521960,Justen,2,0.08,0,0,0,0,0,0.08,0,0,0,0,2,,,sem casar
2026,Ponte Preta,1389980,Kevyson,2,0.01,0,0,0,0,0,0.0,0,0,0,0,2,kevyson,Ponte Preta,exato
2026,Ponte Preta,794139,Lucas Cunha,8,0.4,0,0,0,0,0,0.32,0,0,0,0,8,lucas cunha,Ponte Preta,exato
2026,Ponte Preta,931751,Léo Gomes,4,0.12,0,0,0,0,0,0.05,0,0,0,0,4,leo gomes,Ponte Preta,exato
2026,Ponte Preta,1103059,Marcio Silva,1,0.05,0,0,0,0,0,0.05,1,1,0,0,2,marcio,Ponte Preta,palavras
2026,Ponte Preta,2148143,Matheus Souza Santos,1,0.01,0,0,0,0,0,0.0,0,0,0,0,1,matheus souza,Ponte Preta,palavras
2026,Ponte Preta,2168369,Miguel Morais,4,0.34,0,0,0,0,0,0.11,0,0,0,0,4,miguel,Ponte Preta,palavras
2026,Ponte Preta,2035942,Murilo,6,0.13,0,0,0,0,0,0.0,0,0,0,0,6,murilo,Ponte Preta,exato
2026,Ponte Preta,538130,Rodrigo de Souza,2,0.33,0,0,0,0,0,0.33,0,0,0,0,2,rodrigo souza,Ponte Preta,parecido
2026,Ponte Preta,1147005,Rodriguinho,5,0.99,0,0,0,0,0,0.28,0,0,0,0,5,rodriguinho,Ponte Preta,exato
2026,Ponte Preta,1525493,Sergio Palacios,3,0.24,0,0,0,0,0,0.02,0,0,0,0,3,sergio palacios,Ponte Preta,exato
2026,Ponte Preta,946791,Tarik,3,0.35,1,1,1,0,0,0.27,0,0,0,0,3,tarik,Londrina,"exato, outro clube na base"
2026,Ponte Preta,995699,Thalys,1,0.05,0,0,0,0,0,0.0,0,0,0,0,1,thalys,Ponte Preta,exato
2026,Ponte Preta,1105062,Weverton,1,0.4,0,0,0,0,0,0.0,0,0,0,0,1,weverton,Ponte Preta,exato
2026,Ponte Preta,243501,William Pottker,4,0.52,0,0,0,0,1,0.29,0,0,0,0,4,william pottker,Londrina,"exato, outro clube na base"
2026,Sport,2027140,Augusto Pucci,2,0.09,1,0,1,0,0,0.0,0,0,0,0,2,,,sem casar
2026,Sport,2494521,Biel Fonseca,5,0.5,0,0,0,0,0,0.05,1,1,0,0,6,biel,Sport,palavras
2026,Sport,311394,Carlos De Pena,6,0.18,0,0,0,0,0,0.0,0,0,0,0,6,c de pena,Sport,palavras
2026,Sport,1035765,Chrystian Barletta,10,0.26,0,0,0,0,7,0.1,0,0,0,0,10,chrystian barletta,Sport,exato
2026,Sport,811308,Clayson,5,0.25,0,0,0,0,0,0.0,1,1,0,1,6,clayson,Sport,exato
2026,Sport,1086482,Diego Hernández,4,0.11,0,0,0,0,0,0.0,1,1,0,1,5,diego hernandez,Sport,exato
2026,Sport,1117470,Edson Lucas,2,0.04,0,0,0,0,0,0.0,0,0,0,0,2,edson lucas,Sport,exato
2026,Sport,1467723,Fabio Matheus,5,0.12,0,0,0,0,0,0.02,0,0,0,0,5,fabio matheus,Sport,exato
2026,Sport,1048276,Felipinho,7,0.29,0,0,0,0,0,0.0,0,0,0,0,7,felipinho,Sport,exato
2026,Sport,1167540,Habraão,3,0.31,0,0,0,0,0,0.31,0,0,0,0,3,habraao,Sport,exato
2026,Sport,795020,Iury Castilho,3,0.17,0,0,0,0,0,0.1,0,0,0,0,3,iury,Sport,palavras
2026,Sport,875906,Juan Alano,3,0.08,0,0,0,0,0,0.0,0,0,0,0,3,juan alano,Sport,exato
2026,Sport,1464528,Kayky Almeida,1,0.04,0,0,0,0,0,0.04,0,0,0,0,1,kayky almeida,Sport,exato
2026,Sport,243439,Madson,3,0.62,1,1,1,0,0,0.62,0,0,0,0,3,madson,Novorizontino,"exato, outro clube na base"
2026,Sport,1634992,Marcelo Ajul,7,0.74,0,0,0,0,0,0.74,0,0,0,0,7,marcelo ajul,Sport,exato
2026,Sport,841808,Marcelo Benevenuto,10,0.56,1,1,1,0,0,0.54,0,0,0,0,10,benevenuto,Sport,palavras
2026,Sport,965796,Marlon,6,0.59,1,1,1,0,0,0.1,1,1,0,1,7,marlon,Sport,exato
2026,Sport,1106488,Pedro Martins,1,0.01,0,0,0,0,0,0.0,0,0,0,0,1,pedro martins,Sport,exato
2026,Sport,840076,Perotti,10,1.32,0,0,0,0,1,0.82,0,0,0,0,10,perotti,Sport,exato
2026,Sport,839516,Ramon Menezes,2,0.09,0,0,0,0,0,0.09,0,0,0,0,2,ramon menezes,Goiás,"exato, outro clube na base"
2026,Sport,295167,Willian Oliveira,2,0.03,0,0,0,0,0,0.01,0,0,0,0,2,willian oliveira,Sport,exato
2026,Sport,552164,Yago Felipe,6,0.42,0,0,0,0,0,0.0,0,0,0,0,6,yago felipe,Sport,exato
2026,Sport,988852,Zé Gabriel,2,0.37,0,0,0,0,0,0.0,0,0,0,0,2,ze gabriel,Sport,exato
2026,Sport,2040561,Zé Lucas,1,0.02,0,0,0,0,0,0.0,0,0,0,0,1,ze lucas,Sport,exato
2026,Sport,901700,Zé Marcos,10,0.94,0,0,0,0,0,0.38,0,0,0,0,10,ze marcos,Sport,exato
2026,Sport,842076,Zé Roberto,3,0.48,0,0,0,0,0,0.1,0,0,0,0,3,ze roberto,Sport,exato
2026,São Bernardo,826355,Augusto,8,0.53,0,0,0,0,0,0.53,0,0,0,0,8,augusto,São Bernardo,exato
2026,São Bernardo,869443,Daniel Amorim,2,0.47,0,0,0,0,0,0.13,0,0,0,0,2,daniel amorim,São Bernardo,exato
2026,São Bernardo,2026435,Daniel Davi Simão Roque,2,0.03,0,0,0,0,0,0.0,0,0,0,0,2,daniel davi,São Bernardo,palavras
2026,São Bernardo,1017251,Dudu Miraíma,18,0.56,1,0,0,1,0,0.0,1,1,0,0,19,miraima,São Bernardo,palavras
2026,São Bernardo,1128767,Fabrício Daniel,2,0.06,0,0,0,0,1,0.0,0,0,0,0,2,fabricio daniel,São Bernardo,exato
2026,São Bernardo,57869,Felipe Garcia,3,1.74,1,0,1,0,1,0.84,1,0,0,1,4,felipe garcia,São Bernardo,exato
2026,São Bernardo,888385,Foguinho,5,1.06,2,1,2,0,0,0.12,0,0,0,0,5,foguinho,São Bernardo,exato
2026,São Bernardo,980777,Helder Maciel,5,0.62,1,1,1,0,0,0.35,1,1,0,0,6,helder maciel,São Bernardo,exato
2026,São Bernardo,551348,Hyoran,6,0.25,0,0,0,0,0,0.03,0,0,0,0,6,hyoran,São Bernardo,exato
2026,São Bernardo,328519,Jemerson,7,0.99,1,1,0,0,0,0.98,0,0,0,0,7,jemerson,São Bernardo,exato
2026,São Bernardo,1048254,Lucas Lima,1,0.07,0,0,0,0,0,0.07,0,0,0,0,1,lucas lima,São Bernardo,exato
2026,São Bernardo,1893682,Lucas Rian,4,0.52,1,0,1,0,0,0.0,0,0,0,0,4,lucas rian,São Bernardo,exato
2026,São Bernardo,852518,Léo Jabá,1,0.05,0,0,0,0,0,0.0,0,0,0,0,1,l jaba,São Bernardo,parecido
2026,São Bernardo,355810,Mário Sergio,3,0.13,0,0,0,0,0,0.0,1,1,0,1,4,mario sergio,São Bernardo,exato
2026,São Bernardo,550248,Pablo Dyego,4,1.02,1,0,1,0,0,0.04,0,0,0,0,4,pablo dyego,Londrina,"exato, outro clube na base"
2026,São Bernardo,552188,Pará,3,0.08,0,0,0,0,0,0.0,0,0,0,0,3,para,São Bernardo,exato
2026,São Bernardo,896248,Pedrinho,4,0.11,0,0,0,0,0,0.0,0,0,0,0,4,pedrinho,São Bernardo,exato
2026,São Bernardo,976852,Pedro Vitor,8,0.78,0,0,0,0,0,0.34,2,2,0,1,10,pedro vitor,São Bernardo,exato
2026,São Bernardo,1048150,Rodrigo Ferreira,11,1.72,2,0,2,0,0,1.19,0,0,0,0,11,rodrigo ferreira,São Bernardo,exato
2026,São Bernardo,911123,Romisson,3,0.09,0,0,0,0,0,0.0,0,0,0,0,3,romisson,São Bernardo,exato
2026,Vila Nova,922629,Anderson,2,0.15,0,0,0,0,0,0.15,0,0,0,0,2,anderson,Vila Nova,exato
2026,Vila Nova,876286,André Luís,5,0.7,2,0,1,0,0,0.06,1,0,0,0,6,andre luis,Vila Nova,exato
2026,Vila Nova,2649997,Breno,3,0.93,1,0,1,0,0,0.02,0,0,0,0,3,breno,Vila Nova,exato
2026,Vila Nova,901455,Bruno Xavier,1,0.03,0,0,0,0,0,0.0,0,0,0,0,1,bruno xavier,Vila Nova,exato
2026,Vila Nova,953718,Caio Marcelo,2,0.14,0,0,0,0,0,0.07,0,0,0,0,2,caio marcelo,Vila Nova,exato
2026,Vila Nova,166503,Dellatorre,3,0.55,1,0,1,0,0,0.01,0,0,0,0,3,dellatorre,Vila Nova,exato
2026,Vila Nova,338839,Dodô,2,0.1,0,0,0,0,0,0.0,1,0,1,1,3,dodo,Vila Nova,exato
2026,Vila Nova,1134472,Douglas Mendes,3,0.38,1,1,0,0,0,0.38,0,0,0,0,3,douglas mendes,Vila Nova,exato
2026,Vila Nova,2510831,Dudu,1,0.1,1,1,1,0,0,0.1,0,0,0,0,1,dudu,Vila Nova,exato
2026,Vila Nova,1135930,Dudu Dos Santos,17,1.0,2,1,0,1,0,0.42,0,0,0,0,17,dudu,Vila Nova,palavras
2026,Vila Nova,981812,Elias,1,0.02,0,0,0,0,0,0.0,0,0,0,0,1,elias,Vila Nova,exato
2026,Vila Nova,1802523,Enzo,1,0.02,0,0,0,0,0,0.02,1,1,0,0,2,enzo,Vila Nova,exato
2026,Vila Nova,871162,Everton Galdino,2,0.07,0,0,0,0,0,0.0,0,0,0,0,2,everton galdino,Vila Nova,exato
2026,Vila Nova,2034257,Gustavo Puskas,1,0.02,0,0,0,0,0,0.02,0,0,0,0,1,gustavo puskas,Vila Nova,exato
2026,Vila Nova,1991456,Higor,10,0.17,0,0,0,0,0,0.0,0,0,0,0,10,higor,Vila Nova,exato
2026,Vila Nova,973845,Higor Meritão,1,0.06,0,0,0,0,0,0.06,0,0,0,0,1,higor meritao,Vila Nova,exato
2026,Vila Nova,870898,Janderson,12,0.56,2,0,1,0,0,0.0,1,1,0,0,13,janderson,Vila Nova,exato
2026,Vila Nova,789084,Jonathan Costa,1,0.02,0,0,0,0,0,0.02,0,0,0,0,1,jonathan costa,Vila Nova,exato
2026,Vila Nova,1046490,João Vieira,3,0.06,0,0,0,0,1,0.0,1,1,0,1,4,joao vieira,Vila Nova,exato
2026,Vila Nova,90812,Marquinhos Gabriel,13,0.42,0,0,0,0,1,0.06,3,1,2,2,16,marquinhos gabriel,Vila Nova,exato
2026,Vila Nova,1199453,Nathan Camargo,4,0.26,1,1,1,0,0,0.16,0,0,0,0,4,nathan camargo,Vila Nova,exato
2026,Vila Nova,1417920,Pedro Romano,5,0.23,0,0,0,0,0,0.15,0,0,0,0,5,,,sem casar
2026,Vila Nova,243963,Rafael Silva,2,0.5,2,0,2,0,0,0.0,0,0,0,0,2,rafa silva,Vila Nova,parecido
2026,Vila Nova,1634692,Ryan Lima,12,0.36,0,0,0,0,0,0.0,0,0,0,0,12,ryan lima,Vila Nova,exato
2026,Vila Nova,1650429,Tiago Pagnussat,7,0.82,0,0,0,0,0,0.6,1,1,0,0,8,tiago pagnussat,Vila Nova,exato
2026,Vila Nova,929687,Willian Formiga,4,0.18,1,1,0,0,0,0.17,0,0,0,0,4,willian formiga,Vila Nova,exato
2026,Vila Nova,868120,Willian Maranhão,1,0.03,0,0,0,0,0,0.0,0,0,0,0,1,willian maranhao,Vila Nova,exato
